"Time (s)","X (rad/s)","Y (rad/s)","Z (rad/s)"
2.027774998E-2,1.410896629E-1,3.837021589E-1,1.087834761E-1
3.031775000E-2,1.102007255E-1,3.171255291E-1,1.211322919E-1
4.035774997E-2,7.984908670E-2,2.713342309E-1,1.289792955E-1
5.039774999E-2,5.018946528E-2,2.229509950E-1,1.397749484E-1
6.043774995E-2,2.590632997E-2,1.639141738E-1,1.414802074E-1
7.047774998E-2,1.062377915E-2,9.855701029E-2,1.446182132E-1
8.051775000E-2,9.815637022E-3,5.164973065E-2,1.389962137E-1
9.055774997E-2,1.292834058E-2,2.604264021E-2,1.232848912E-1
1.005977500E-1,1.373456419E-2,6.629247684E-3,1.074475646E-1
1.106377500E-1,1.434176508E-2,-1.262940094E-2,9.884315729E-2
1.206777500E-1,8.752816357E-3,1.110287616E-3,9.520152211E-2
1.307177500E-1,4.602279980E-3,1.321675070E-2,8.305963874E-2
1.407567500E-1,5.491775461E-3,3.489887714E-2,7.710801065E-2
1.507971666E-1,9.755496867E-3,5.932778865E-2,6.978564709E-2
1.608371667E-1,1.836485416E-2,8.507049829E-2,6.060127914E-2
1.708771666E-1,2.817913704E-2,1.049118489E-1,3.880304098E-2
1.809171666E-1,3.855175525E-2,9.054911137E-2,2.901597694E-2
1.909571667E-1,4.931491986E-2,6.228391826E-2,2.603856288E-2
2.009971666E-1,5.016551167E-2,4.131423682E-2,1.411509141E-2
2.110371666E-1,5.684046075E-2,-3.403965151E-3,2.692436427E-2
2.210771666E-1,6.345597655E-2,-1.573262922E-2,3.999672458E-2
2.311171666E-1,6.481046230E-2,-1.686313935E-2,5.148879811E-2
2.411571667E-1,6.656042486E-2,-5.007012747E-3,5.611896887E-2
2.511971666E-1,7.558827102E-2,-1.598456316E-2,6.233452260E-2
2.612371666E-1,8.077717572E-2,-1.879712753E-2,6.411857903E-2
2.712771667E-1,7.531154156E-2,-1.553397439E-2,6.148484349E-2
2.813171666E-1,6.246794388E-2,-5.870942026E-3,4.213257879E-2
2.913571667E-1,4.044653103E-2,2.397374017E-3,2.085072920E-2
3.013971666E-1,3.170095384E-2,2.448168769E-2,6.618831772E-3
3.114371666E-1,1.065532491E-2,4.367642477E-2,-1.985698380E-2
3.214771667E-1,-5.601606332E-3,3.720451891E-2,-1.854601502E-2
3.315171666E-1,-1.506914478E-2,4.980339855E-2,-2.213116363E-2
3.415571667E-1,-2.287405543E-2,5.771419778E-2,-2.777886391E-2
3.515971666E-1,-2.005376667E-2,7.087234408E-2,-1.903304271E-2
3.616371666E-1,-1.568266004E-2,7.787570357E-2,-8.725543506E-3
3.716771667E-1,-1.049641892E-2,7.848023623E-2,5.763384979E-3
3.817171666E-1,-5.560813472E-3,7.084919512E-2,2.390230633E-2
3.917571667E-1,-7.129682228E-3,6.788162887E-2,3.281936795E-2
4.017971666E-1,-1.674568839E-2,6.526333094E-2,1.293551829E-2
4.118371666E-1,-3.270414844E-2,1.006615311E-1,3.781423718E-2
4.218771667E-1,-4.215161875E-2,1.116641760E-1,3.889081255E-2
4.319171666E-1,-5.235738680E-2,6.618404388E-2,2.239998616E-2
4.419571667E-1,-5.466817319E-2,3.441475332E-2,1.332689449E-2
4.519971666E-1,-5.904960632E-2,2.394853160E-2,7.110011764E-3
4.620371666E-1,-6.486123800E-2,4.430095106E-2,2.746459097E-3
4.720771667E-1,-6.801123172E-2,5.603297427E-2,1.489899587E-2
4.821161666E-1,-5.975996330E-2,6.392677873E-2,2.022888139E-2
4.921561666E-1,-6.816437095E-2,1.069823727E-1,1.539657451E-2
5.021961667E-1,-6.847495586E-2,8.223190904E-2,2.180211805E-2
5.122361666E-1,-6.876444817E-2,5.214404687E-2,1.898342930E-2
5.222761667E-1,-7.873632759E-2,3.563248739E-2,1.596579328E-2
5.323161666E-1,-7.596077770E-2,3.516776487E-2,1.735090464E-2
5.423561666E-1,-8.055932075E-2,3.686575964E-2,1.740470715E-2
5.523961667E-1,-7.634779811E-2,4.303257540E-2,1.745903492E-2
5.624361666E-1,-7.176686078E-2,3.370247409E-2,2.148905955E-2
5.724761666E-1,-6.753163785E-2,1.323821396E-2,2.416313998E-2
5.825161666E-1,-5.743463337E-2,-6.364199799E-4,2.350376546E-2
5.925561666E-1,-6.465712190E-2,-1.138067618E-2,1.876759902E-2
6.025961667E-1,-7.378196716E-2,-1.632453687E-2,1.677731797E-2
6.126361666E-1,-8.755263686E-2,-1.398361847E-2,3.102416545E-2
6.226761666E-1,-8.728770912E-2,-2.328087762E-2,4.061268270E-2
6.327161667E-1,-1.017705053E-1,-5.294183269E-2,4.879098386E-2
6.427561666E-1,-1.050115526E-1,-6.446325034E-2,6.123403087E-2
6.527961667E-1,-9.971079975E-2,-4.667333886E-2,5.766379833E-2
6.628361666E-1,-8.851353079E-2,-3.021625988E-2,5.329718068E-2
6.728761666E-1,-7.361979783E-2,-8.966633119E-3,4.196117073E-2
6.829161667E-1,-5.545922369E-2,1.510677766E-2,3.408317640E-2
6.929561666E-1,-3.993512690E-2,4.231176525E-2,3.694980219E-2
7.029961667E-1,-3.260558099E-2,5.154460669E-2,2.991010249E-2
7.130361666E-1,-1.891320385E-2,4.993419349E-2,1.469226927E-2
7.230761666E-1,-1.859549806E-2,4.931094497E-2,1.520529483E-2
7.331161667E-1,-1.556082536E-2,5.386122316E-2,1.806393266E-2
7.431561666E-1,-1.691686176E-2,5.865587294E-2,2.224502526E-2
7.531961667E-1,-2.287089080E-2,4.611478001E-2,2.202771045E-2
7.632361666E-1,-3.070880100E-2,3.192208707E-2,1.632085443E-2
7.732761666E-1,-3.134343028E-2,2.006356418E-2,2.715272829E-2
7.833161667E-1,-2.519286051E-2,1.447279006E-2,3.854360059E-2
7.933561666E-1,-2.283702977E-2,2.244885545E-3,3.591532633E-2
8.033961667E-1,-1.513946708E-2,-9.211059660E-3,3.659466654E-2
8.134361666E-1,-5.314799026E-3,-1.548892818E-2,2.641526796E-2
8.234761666E-1,6.265576929E-3,-1.847369969E-2,1.657475717E-2
8.335151667E-1,1.574003883E-2,-2.037519589E-2,1.028516982E-2
8.435551666E-1,2.057820000E-2,-1.986663789E-2,2.574830782E-3
8.535951666E-1,2.233162522E-2,-2.272128128E-2,-2.626322675E-3
8.636351667E-1,2.574611083E-2,-2.248329856E-2,-7.164689712E-3
8.736751666E-1,3.011902235E-2,-1.154463086E-2,-8.569773287E-3
8.837151667E-1,3.347218409E-2,4.801637493E-3,-7.154799532E-3
8.937551666E-1,3.758623824E-2,2.516283654E-2,-1.870288397E-3
9.037951666E-1,3.577613086E-2,4.733647779E-2,2.221585484E-3
9.138351667E-1,3.254997730E-2,6.760579348E-2,9.664587677E-3
9.238751666E-1,3.153298050E-2,8.178157359E-2,1.454509236E-2
9.339151666E-1,2.968234941E-2,8.774413168E-2,1.712702774E-2
9.439551666E-1,3.098276071E-2,8.897443116E-2,1.552709937E-2
9.539951666E-1,2.792305499E-2,8.425371349E-2,9.986393154E-3
9.640351667E-1,2.417226881E-2,7.350553572E-2,7.714083884E-3
9.740751666E-1,2.081615105E-2,6.332826614E-2,5.875171162E-3
9.841151666E-1,1.635166816E-2,5.342272669E-2,3.268235363E-3
9.941551667E-1,1.407120377E-2,4.020306095E-2,2.620820887E-3
1.004195167E0,1.549756899E-2,3.113931231E-2,5.792679265E-3
1.014235167E0,1.493191347E-2,2.790650167E-2,1.104656421E-2
1.024275167E0,9.368689731E-3,1.603730023E-2,1.752315462E-2
1.034315167E0,-3.161483211E-3,9.216945618E-3,2.352272347E-2
1.044355167E0,-2.056478336E-2,-1.510232128E-2,3.115416132E-2
1.054395167E0,-3.637890145E-2,-2.498664334E-2,3.747197986E-2
1.064435167E0,-5.084903538E-2,-4.521442577E-2,4.260139912E-2
1.074475167E0,-5.700626224E-2,-6.588640809E-2,3.835658729E-2
1.084515167E0,-5.916517228E-2,-8.271315694E-2,3.874237463E-2
1.094555167E0,-5.855158344E-2,-1.016072184E-1,2.728385478E-2
1.104595167E0,-5.537720770E-2,-1.078402549E-1,1.562783867E-2
1.114635167E0,-5.336838588E-2,-1.141985506E-1,2.913107863E-3
1.124675167E0,-3.748658299E-2,-1.122109443E-1,-3.903755220E-3
1.134715167E0,-2.408848703E-2,-1.173545793E-1,-1.576547325E-2
1.144755167E0,-1.406062860E-3,-1.073798239E-1,-2.373465151E-2
1.154795292E0,1.702700555E-2,-1.107958630E-1,-2.364064194E-2
1.164835292E0,3.017235361E-2,-1.064622477E-1,-2.104678936E-2
1.174874292E0,2.901787311E-2,-1.021710932E-1,-1.804354228E-2
1.184914292E0,2.076559700E-2,-1.183841154E-1,-7.469464093E-3
1.194954292E0,5.571199581E-3,-1.249075234E-1,9.465578012E-3
1.204994292E0,-9.796030819E-3,-1.088411361E-1,2.272722125E-2
1.215034292E0,-3.067308292E-2,-7.184582949E-2,2.852039598E-2
1.225074292E0,-4.843122512E-2,-2.404300682E-2,2.661705017E-2
1.235114292E0,-5.165178701E-2,1.402847841E-2,2.546922863E-2
1.245154292E0,-4.775476083E-2,3.454941139E-2,2.406970039E-2
1.255194292E0,-3.807709739E-2,5.031000078E-2,2.020465396E-2
1.265234292E0,-1.295217406E-2,5.942854658E-2,1.897389442E-2
1.275274292E0,2.558003739E-2,5.144172534E-2,3.063241392E-2
1.285314292E0,6.078224257E-2,6.061345711E-2,1.735299639E-2
1.295354292E0,6.824335456E-2,5.146123841E-2,-2.571710851E-3
1.305394292E0,5.490429327E-2,3.006648086E-2,-3.300920501E-2
1.315434292E0,4.302499816E-2,1.001619473E-1,-4.787683487E-2
1.325474292E0,2.320735157E-2,7.912297547E-2,-6.114337221E-2
1.335514292E0,1.088623609E-2,6.915556639E-2,-5.245640501E-2
1.345554292E0,7.518958300E-3,8.501969278E-2,-2.956337854E-2
1.355594292E0,6.522639887E-4,1.079351231E-1,5.363713484E-3
1.365634292E0,-9.274812415E-3,9.899470955E-2,2.311767451E-2
1.375674292E0,-2.321699262E-2,4.203235731E-2,3.272529691E-2
1.385714292E0,-3.652206808E-2,-8.989363909E-3,3.793584183E-2
1.395754292E0,-4.947488755E-2,-4.331058636E-2,4.365524650E-2
1.405794292E0,-6.254436076E-2,-6.456571817E-2,4.428895190E-2
1.415834292E0,-8.112896234E-2,-1.087771207E-1,3.285893053E-2
1.425874292E0,-1.008817330E-1,-1.184660643E-1,1.915246062E-2
1.435914292E0,-1.033435538E-1,-1.338913590E-1,4.547418095E-3
1.445954292E0,-1.041715071E-1,-1.597946584E-1,-7.229645271E-3
1.455994292E0,-9.660387039E-2,-1.877767593E-1,-1.241162512E-2
1.466034292E0,-8.607226610E-2,-2.049721330E-1,-2.337681875E-2
1.476074292E0,-7.283183187E-2,-1.962063313E-1,-2.750685066E-2
1.486114292E0,-5.798306316E-2,-1.852246225E-1,-3.076955676E-2
1.496154292E0,-4.296389967E-2,-1.855628490E-1,-2.330152132E-2
1.506194292E0,-2.681440674E-2,-1.671854556E-1,-2.002347261E-2
1.516234292E0,-9.064437822E-3,-1.448961347E-1,-2.262697741E-2
1.526274292E0,8.952348493E-3,-1.244406700E-1,-2.983868681E-2
1.536313292E0,3.004911169E-2,-1.001451910E-1,-3.760020435E-2
1.546353292E0,5.123763159E-2,-8.966305852E-2,-4.590339959E-2
1.556393292E0,7.275331020E-2,-8.536098897E-2,-5.599571392E-2
1.566433292E0,9.784400463E-2,-8.653338999E-2,-6.612334400E-2
1.576473292E0,1.222388297E-1,-8.212772012E-2,-7.253676653E-2
1.586513292E0,1.485777348E-1,-8.499668539E-2,-8.268337697E-2
1.596553292E0,1.686805934E-1,-8.704279363E-2,-9.192162007E-2
1.606593292E0,1.860024184E-1,-9.271161258E-2,-1.027783081E-1
1.616633292E0,1.985544264E-1,-9.879613668E-2,-1.116623431E-1
1.626673292E0,2.060800046E-1,-9.958276898E-2,-1.133492887E-1
1.636713292E0,2.096339911E-1,-8.793357015E-2,-1.152832732E-1
1.646753292E0,2.056819946E-1,-6.938089430E-2,-1.181627214E-1
1.656793292E0,1.966637373E-1,-4.871290177E-2,-1.193550155E-1
1.666833292E0,1.888680309E-1,-3.373821825E-2,-1.158245653E-1
1.676873292E0,1.836106777E-1,-2.259741910E-2,-1.122926772E-1
1.686913292E0,1.806149483E-1,-1.356706023E-2,-1.041624174E-1
1.696953292E0,1.802631468E-1,-3.153035650E-3,-9.932158887E-2
1.706993292E0,1.781856269E-1,7.234961726E-3,-9.009356797E-2
1.717033292E0,1.720840633E-1,1.075273100E-2,-7.974985242E-2
1.727073292E0,1.635963470E-1,1.401713211E-2,-7.036626339E-2
1.737113292E0,1.497692168E-1,1.871601492E-2,-5.934690312E-2
1.747153292E0,1.353781968E-1,2.114928328E-2,-5.569798127E-2
1.757193292E0,1.200527772E-1,2.672913857E-2,-5.045155436E-2
1.767233292E0,1.095940843E-1,3.510016948E-2,-4.789271578E-2
1.777273292E0,1.003606394E-1,4.919867963E-2,-4.291500151E-2
1.787313292E0,9.596940875E-2,6.355038285E-2,-4.134609550E-2
1.797353292E0,9.645676613E-2,7.686139643E-2,-3.758731112E-2
1.807393292E0,1.000733227E-1,8.450916409E-2,-3.756663948E-2
1.817433292E0,1.076734513E-1,8.494671434E-2,-3.380012885E-2
1.827473292E0,1.148274839E-1,8.110409230E-2,-3.197104111E-2
1.837513292E0,1.189601719E-1,7.734504342E-2,-2.744046971E-2
1.847553292E0,1.191772670E-1,7.996362448E-2,-2.834280953E-2
1.857593292E0,1.196198836E-1,7.834948599E-2,-2.710337564E-2
1.867633292E0,1.180622131E-1,7.078777999E-2,-2.578121424E-2
1.877673292E0,1.162786931E-1,5.201648548E-2,-3.076798469E-2
1.887713292E0,1.156266034E-1,3.168820962E-2,-3.769820556E-2
1.897753292E0,1.137314960E-1,1.220106147E-2,-5.198020861E-2
1.907793292E0,1.149826720E-1,2.348668687E-2,-6.458018720E-2
1.917833292E0,1.245663241E-1,4.289207608E-2,-6.239826232E-2
1.927873292E0,1.390632838E-1,4.722181335E-2,-5.677702278E-2
1.937913292E0,1.516728252E-1,7.728809863E-2,-4.223083705E-2
1.947952292E0,1.453018934E-1,1.257835031E-1,-1.423995942E-2
1.957992292E0,1.170657203E-1,1.806621999E-1,-4.015019163E-3
1.968032292E0,7.476823032E-2,1.816481501E-1,-4.374497570E-3
1.978072292E0,5.600306392E-2,1.188966259E-1,3.145470284E-3
1.988112292E0,4.103826359E-2,3.286409751E-2,9.467586875E-3
1.998152292E0,2.257510275E-2,-3.041420691E-2,7.146908436E-3
2.008192292E0,-1.006914536E-3,-4.282952473E-2,1.124754455E-2
2.018232292E0,-2.654503286E-2,-1.345699001E-2,1.913476177E-2
2.028272292E0,-4.784504697E-2,2.028316073E-2,2.554009110E-2
2.038312292E0,-6.096004695E-2,4.164437577E-2,3.138120100E-2
2.048352292E0,-6.636943668E-2,4.441321641E-2,3.174069896E-2
2.058392292E0,-6.219094247E-2,4.217589274E-2,2.611450292E-2
2.068432292E0,-5.751319975E-2,4.448258877E-2,1.928664930E-2
2.078472292E0,-5.151549354E-2,5.289471522E-2,9.983429685E-3
2.088512292E0,-5.003569648E-2,6.445686519E-2,1.166750910E-3
2.098552292E0,-5.063543841E-2,7.181677222E-2,-5.564655177E-3
2.108592292E0,-5.221534520E-2,7.065875083E-2,-5.001411308E-3
2.118632292E0,-5.295730382E-2,7.201403379E-2,-2.913492732E-3
2.128672292E0,-5.818588659E-2,7.625245303E-2,3.242936917E-3
2.138712292E0,-6.288050860E-2,8.371463418E-2,1.107769087E-2
2.148752292E0,-7.146551460E-2,8.526674658E-2,2.101684734E-2
2.158791792E0,-8.175943047E-2,8.025787026E-2,3.156483173E-2
2.168831792E0,-9.189742804E-2,7.249631733E-2,4.152904823E-2
2.178871792E0,-1.031897664E-1,6.994634122E-2,5.156250671E-2
2.188911792E0,-1.108076051E-1,6.770285964E-2,5.949589238E-2
2.198951792E0,-1.181643158E-1,6.463516504E-2,6.489891559E-2
2.208991792E0,-1.220801026E-1,6.030083448E-2,6.780868769E-2
2.219031792E0,-1.234737411E-1,5.434227735E-2,6.808698922E-2
2.229071792E0,-1.226198450E-1,4.607642069E-2,6.710096449E-2
2.239111792E0,-1.186780930E-1,3.691567853E-2,6.186253205E-2
2.249151792E0,-1.129570380E-1,3.066414595E-2,5.905620381E-2
2.259191792E0,-1.029480845E-1,2.708539180E-2,5.630036443E-2
2.269231792E0,-9.014230967E-2,3.114581853E-2,5.215032026E-2
2.279271792E0,-7.480356842E-2,3.664790839E-2,4.561412334E-2
2.289311792E0,-5.846861005E-2,4.295994714E-2,4.123473912E-2
2.299351792E0,-4.458874837E-2,5.362750590E-2,3.488549590E-2
2.309391792E0,-3.720486537E-2,6.138156727E-2,2.796021290E-2
2.319431792E0,-2.792315558E-2,6.900171191E-2,2.707339264E-2
2.329471792E0,-2.301153354E-2,7.180132717E-2,2.469790913E-2
2.339511792E0,-1.600715332E-2,7.770103216E-2,2.744815499E-2
2.349551792E0,-9.577522986E-3,7.404041290E-2,2.876638062E-2
2.359591792E0,-7.907986641E-3,6.703603268E-2,2.866890840E-2
2.369631792E0,-5.876724608E-3,5.694676936E-2,2.950478718E-2
2.379671792E0,-4.564053379E-3,4.320512339E-2,2.846908383E-2
2.389711792E0,-5.129404366E-3,2.671785280E-2,2.633167431E-2
2.399751792E0,-7.074917667E-4,1.274371427E-2,2.218726277E-2
2.409791792E0,-2.889491152E-4,4.002745263E-3,1.832572371E-2
2.419831792E0,1.279652701E-3,-2.238106448E-3,1.373523287E-2
2.429871792E0,3.228561953E-3,-7.588591427E-3,9.802711196E-3
2.439911792E0,8.399887942E-3,-1.111275237E-2,3.220442217E-3
2.449951792E0,1.388440188E-2,-1.226909645E-2,-4.946939647E-3
2.459991792E0,2.216470242E-2,-5.618916824E-3,-1.217396092E-2
2.470031792E0,2.756585181E-2,-1.867927145E-3,-1.623784564E-2
2.480071792E0,3.397980705E-2,1.101497561E-3,-1.666608267E-2
2.490111792E0,3.976851329E-2,1.502079424E-3,-1.479120553E-2
2.500151792E0,4.193020239E-2,2.082914812E-3,-1.305295993E-2
2.510191792E0,4.187438264E-2,2.897518920E-3,-8.659581654E-3
2.520230792E0,3.959578276E-2,6.285592914E-3,-5.163650028E-3
2.530270792E0,3.885325044E-2,6.140284240E-3,-2.728935564E-3
2.540310792E0,3.334982693E-2,1.058936119E-2,-5.355559988E-4
2.550350792E0,3.126613796E-2,1.314730570E-2,4.929109942E-3
2.560390792E0,2.726473846E-2,1.772740856E-2,5.701692775E-3
2.570430792E0,2.475584298E-2,2.125301771E-2,8.617507294E-3
2.580470792E0,2.354943193E-2,2.442351170E-2,8.193265647E-3
2.590510792E0,2.347680181E-2,2.474328130E-2,9.530797601E-3
2.600550792E0,2.124427445E-2,2.134455368E-2,1.101337932E-2
2.610590792E0,2.021322027E-2,2.010747604E-2,1.143760886E-2
2.620630792E0,1.886113361E-2,2.238953859E-2,1.151883509E-2
2.630670792E0,1.780617982E-2,2.607729845E-2,1.257842500E-2
2.640710792E0,1.791856624E-2,2.746001258E-2,1.361439470E-2
2.650750792E0,1.976428926E-2,2.574344724E-2,1.258685067E-2
2.660790792E0,2.393000573E-2,2.547340281E-2,8.078917861E-3
2.670830792E0,2.729098126E-2,2.612439543E-2,5.854570307E-3
2.680870792E0,3.187215328E-2,3.097693995E-2,2.112030052E-3
2.690910792E0,3.297359869E-2,3.202041984E-2,-5.906161387E-4
2.700950792E0,3.546179086E-2,2.744750492E-2,-4.826373886E-3
2.710990792E0,3.446894884E-2,1.935759559E-2,-6.596093532E-3
2.721030792E0,3.124279343E-2,7.668450009E-3,-6.061064079E-3
2.731070792E0,2.669970691E-2,3.112047445E-3,-4.434139002E-3
2.741110792E0,2.356010675E-2,-8.864223491E-4,2.166239079E-3
2.751150792E0,1.910007372E-2,1.060253941E-3,7.271207403E-3
2.761190792E0,1.695170067E-2,9.337537922E-4,1.109364256E-2
2.771230792E0,1.282515470E-2,8.953545475E-4,1.554695424E-2
2.781270792E0,8.258366957E-3,-1.056476263E-3,2.007566020E-2
2.791310792E0,6.967474474E-4,-1.780266408E-3,2.184164152E-2
2.801350792E0,-1.466538291E-3,-3.701737151E-3,2.417909727E-2
2.811390792E0,-6.722553167E-3,-4.777121823E-3,2.248479426E-2
2.821430792E0,-7.678893860E-3,-8.424587548E-3,1.871588826E-2
2.831470792E0,-7.308083586E-3,-1.138881501E-2,1.428604499E-2
2.841510792E0,-2.477375558E-3,-1.627678052E-2,1.118186489E-2
2.851550792E0,-1.597306691E-3,-1.706874743E-2,6.503528915E-3
2.861590792E0,-3.161115106E-3,-2.114258520E-2,5.852386355E-3
2.871630792E0,-2.898017410E-3,-1.789321192E-2,4.072890617E-3
2.881670792E0,-7.871962152E-4,-1.428915560E-2,4.113371018E-3
2.891710792E0,1.419947017E-3,-5.101651419E-3,6.660733838E-3
2.901750792E0,1.896120259E-3,-3.909087740E-3,8.291121572E-3
2.911790792E0,-6.501958705E-4,-4.593370482E-3,9.528769180E-3
2.921830792E0,-3.125337651E-3,-3.378703026E-3,8.842471987E-3
2.931870792E0,-6.538324989E-3,-2.207621001E-3,9.799389169E-3
2.941910792E0,-9.564208798E-3,-1.851024106E-3,1.006490737E-2
2.951950792E0,-1.384376269E-2,-5.900716409E-3,1.060308795E-2
2.961990792E0,-1.456308272E-2,-1.299963892E-2,9.707999416E-3
2.972030792E0,-1.641162485E-2,-2.134275064E-2,1.162869949E-2
2.982070792E0,-1.852084696E-2,-2.807149477E-2,9.137311950E-3
2.992110792E0,-1.973917149E-2,-3.369450942E-2,9.174444713E-3
3.002150792E0,-2.233761735E-2,-3.872602060E-2,9.691896848E-3
3.012190792E0,-2.260293067E-2,-3.792059049E-2,1.032418758E-2
3.022230792E0,-2.022286505E-2,-3.548992425E-2,1.095082890E-2
3.032270792E0,-1.786241122E-2,-3.046113998E-2,1.060151029E-2
3.042310792E0,-1.579473354E-2,-2.562457696E-2,9.170060977E-3
3.052350792E0,-1.622453704E-2,-1.929714903E-2,8.632513694E-3
3.062390792E0,-1.237680297E-2,-1.664197817E-2,9.755035862E-3
3.072430792E0,-1.188283972E-2,-1.281365566E-2,1.073069870E-2
3.082470792E0,-8.673729375E-3,-1.129751839E-2,9.559441358E-3
3.092510792E0,-7.620641030E-3,-8.376106620E-3,9.395219386E-3
3.102550792E0,-3.100723727E-3,-6.088717841E-3,8.612515405E-3
3.112590792E0,1.107894350E-4,-2.221203409E-3,8.670208976E-3
3.122630792E0,3.635483095E-3,3.839618526E-3,1.027822681E-2
3.132670792E0,3.771919291E-3,5.561083090E-3,1.547991764E-2
3.142710792E0,7.029231638E-3,1.864349237E-3,1.867011935E-2
3.152750625E0,1.179505885E-2,4.305143841E-3,2.133141086E-2
3.162790625E0,1.785401814E-2,9.204294533E-3,2.279162221E-2
3.172830625E0,2.010464109E-2,1.653956063E-2,2.417213470E-2
3.182870625E0,2.513535134E-2,2.064189501E-2,2.416361123E-2
3.192910625E0,2.829306386E-2,1.737520285E-2,2.451088093E-2
3.202950625E0,3.096741065E-2,1.252026111E-2,2.327703871E-2
3.212990625E0,3.103456460E-2,1.214418001E-2,2.022873983E-2
3.223030625E0,3.021084890E-2,1.334526576E-2,1.978079602E-2
3.233070625E0,2.798850834E-2,1.972445287E-2,1.478250418E-2
3.243110625E0,2.108399570E-2,2.037373185E-2,1.070120931E-2
3.253150625E0,1.702171564E-2,1.751504466E-2,1.077736169E-2
3.263190625E0,1.478039939E-2,1.448543184E-2,8.937383071E-3
3.273230625E0,1.839091256E-2,1.058748364E-2,1.151393261E-2
3.283270625E0,1.726492867E-2,1.407436095E-2,6.672038697E-3
3.293310625E0,1.722444966E-2,2.206011489E-2,1.831211033E-3
3.303350625E0,1.677517407E-2,3.488270193E-2,-5.392879248E-3
3.313390625E0,1.729042828E-2,4.906551540E-2,-9.343885817E-3
3.323430625E0,1.685553417E-2,6.043188646E-2,-1.476474945E-2
3.333470625E0,1.883918047E-2,6.689053774E-2,-1.679677702E-2
3.343510625E0,2.104374580E-2,6.655418128E-2,-1.719172299E-2
3.353550625E0,2.191977017E-2,6.624714285E-2,-1.758412085E-2
3.363590625E0,2.316985838E-2,7.157292962E-2,-1.635933295E-2
3.373630625E0,2.652620338E-2,7.310149074E-2,-1.825129427E-2
3.383670625E0,2.862770297E-2,7.726827264E-2,-2.052217163E-2
3.393710625E0,3.108931519E-2,7.487113029E-2,-2.396684512E-2
3.403750625E0,3.171223029E-2,6.786355376E-2,-2.674398944E-2
3.413790625E0,3.323227912E-2,5.427318066E-2,-3.404212371E-2
3.423830625E0,3.420113772E-2,4.269775376E-2,-4.192427918E-2
3.433870625E0,3.501056135E-2,3.496719897E-2,-4.943181947E-2
3.443910625E0,3.291465342E-2,2.966990508E-2,-5.557733029E-2
3.453950625E0,3.613788635E-2,1.755232736E-2,-5.813885480E-2
3.463990625E0,4.057710990E-2,8.376672864E-3,-6.034661457E-2
3.474030625E0,4.750740901E-2,-3.348594531E-3,-5.953857303E-2
3.484070625E0,5.162145942E-2,-6.552377250E-3,-5.461119115E-2
3.494110625E0,5.072367564E-2,-4.713221453E-3,-4.818432778E-2
3.504150625E0,5.460070819E-2,9.406694444E-4,-3.952879086E-2
3.514190625E0,5.975714326E-2,7.528215647E-3,-3.407039866E-2
3.524230625E0,5.742474645E-2,1.596990228E-2,-2.841118164E-2
3.534270625E0,5.304557830E-2,2.178089507E-2,-2.335369401E-2
3.544310625E0,4.587821290E-2,2.888327837E-2,-1.799008809E-2
3.554350625E0,3.906651959E-2,3.786036000E-2,-1.248983480E-2
3.564390625E0,3.237852454E-2,4.364767671E-2,-6.291061174E-3
3.574430625E0,2.745469287E-2,4.515616223E-2,-4.474069923E-3
3.584470625E0,2.337792888E-2,4.338116571E-2,-3.098813351E-3
3.594510625E0,2.133394219E-2,4.311291128E-2,1.979131252E-3
3.604550625E0,1.658579335E-2,4.347430170E-2,3.286210820E-3
3.614590625E0,1.010635961E-2,4.816715792E-2,4.972580820E-3
3.624630625E0,1.642301213E-3,5.249346048E-2,8.673309349E-3
3.634670625E0,-8.622661233E-3,5.879111215E-2,9.104097262E-3
3.644710625E0,-1.995201595E-2,6.543596089E-2,8.822867647E-3
3.654750625E0,-3.306679055E-2,7.015286386E-2,9.403916076E-3
3.664790625E0,-4.743187875E-2,7.083170116E-2,1.111233421E-2
3.674830625E0,-6.416703761E-2,6.839176267E-2,9.896651842E-3
3.684870625E0,-8.021231741E-2,6.046672538E-2,1.183862891E-2
3.694910625E0,-9.672783315E-2,5.526218191E-2,1.263378002E-2
3.704950625E0,-1.172597334E-1,4.376851022E-2,1.840325259E-2
3.714990625E0,-1.319165528E-1,3.561947867E-2,2.444764972E-2
3.725030625E0,-1.470534354E-1,2.666939236E-2,2.670281380E-2
3.735070625E0,-1.608025134E-1,1.999618858E-2,2.703818306E-2
3.745110625E0,-1.767689735E-1,1.734741032E-2,3.125503287E-2
3.755150625E0,-1.943404227E-1,2.017580904E-2,3.093886189E-2
3.765190625E0,-2.099963576E-1,2.628217079E-2,2.895374224E-2
3.775230625E0,-2.247489244E-1,3.596077487E-2,2.394068427E-2
3.785270625E0,-2.394847274E-1,4.293239862E-2,1.768225618E-2
3.795310625E0,-2.506478131E-1,5.035995692E-2,9.397120215E-3
3.805351625E0,-2.639931738E-1,5.434883758E-2,-2.304543275E-3
3.815391625E0,-2.724849582E-1,5.565482751E-2,-1.537362393E-2
3.825431625E0,-2.780877054E-1,6.254868209E-2,-2.948225103E-2
3.835471625E0,-2.732600272E-1,7.439377159E-2,-4.450369999E-2
3.845511625E0,-2.652044892E-1,8.890294284E-2,-5.449960753E-2
3.855551625E0,-2.537630200E-1,9.217908978E-2,-6.299712509E-2
3.865591625E0,-2.396594584E-1,8.822721988E-2,-7.021056116E-2
3.875631625E0,-2.244253904E-1,8.270581812E-2,-7.426823676E-2
3.885671625E0,-1.965988129E-1,7.643886656E-2,-7.858549058E-2
3.895711625E0,-1.591488868E-1,6.502024829E-2,-8.600772917E-2
3.905751625E0,-1.085496247E-1,4.681460932E-2,-1.031550243E-1
3.915791625E0,-5.554766953E-2,2.338404581E-2,-1.153218448E-1
3.925831625E0,9.028229397E-4,-3.725602059E-3,-1.298368722E-1
3.935871625E0,5.943416059E-2,-2.334634028E-2,-1.389399916E-1
3.945911625E0,1.153062135E-1,-3.350656480E-2,-1.434737593E-1
3.955951625E0,1.682079732E-1,-3.002840839E-2,-1.381150782E-1
3.965991625E0,2.173273116E-1,-3.627298772E-2,-1.245172471E-1
3.976031625E0,2.625363469E-1,-5.693870410E-2,-1.099214479E-1
3.986071625E0,2.966991067E-1,-6.861773878E-2,-9.428762645E-2
3.996111625E0,2.988059521E-1,-4.081607237E-2,-7.856439799E-2
4.006151625E0,2.735003233E-1,3.425896913E-2,-6.779643893E-2
4.016191625E0,2.299973220E-1,1.272447109E-1,-6.541523337E-2
4.026231625E0,1.744522899E-1,1.813731939E-1,-6.416514516E-2
4.036271625E0,1.090107784E-1,1.827454567E-1,-6.480816752E-2
4.046311625E0,4.167648405E-2,1.534682512E-1,-6.327898055E-2
4.056351625E0,-3.760377690E-2,1.165881976E-1,-7.092698663E-2
4.066391625E0,-1.219226569E-1,7.130194455E-2,-8.430004865E-2
4.076431625E0,-2.056812048E-1,4.731138796E-2,-1.153285429E-1
4.086471625E0,-2.965969741E-1,3.150445968E-2,-1.452433020E-1
4.096511625E0,-3.812124431E-1,4.109191895E-2,-1.794479340E-1
4.106551625E0,-4.403013289E-1,6.425609440E-2,-1.989230961E-1
4.116591625E0,-4.737486839E-1,7.752033323E-2,-1.990193874E-1
4.126631625E0,-4.829238057E-1,7.650886476E-2,-1.810617000E-1
4.136671625E0,-4.760505259E-1,6.723365188E-2,-1.618179977E-1
4.146711625E0,-4.559324980E-1,6.372999400E-2,-1.466694027E-1
4.156751792E0,-4.298487902E-1,6.409431249E-2,-1.353043914E-1
4.166791792E0,-3.953720331E-1,7.813955843E-2,-1.190631092E-1
4.176831792E0,-3.561561108E-1,1.026752442E-1,-9.985917062E-2
4.186871792E0,-3.181346953E-1,1.228034124E-1,-6.891243905E-2
4.196911792E0,-2.837409377E-1,1.519147307E-1,-4.195492715E-2
4.206952792E0,-2.556030154E-1,1.765585542E-1,-2.735947259E-2
4.216992792E0,-2.330660224E-1,1.929240227E-1,-1.420221943E-2
4.227032792E0,-2.187914848E-1,1.968639046E-1,2.535215579E-3
4.237072792E0,-2.090275288E-1,1.983066052E-1,1.735614613E-2
4.247112792E0,-2.012335360E-1,1.968069822E-1,2.786684409E-2
4.257152792E0,-1.915066242E-1,1.929033995E-1,3.616821021E-2
4.267192792E0,-1.864647418E-1,1.929872930E-1,3.656954691E-2
4.277232792E0,-1.847467422E-1,1.799984574E-1,4.293912277E-2
4.287272792E0,-1.909753382E-1,1.793126911E-1,4.527231678E-2
4.297312792E0,-2.077756822E-1,1.973676085E-1,4.921152070E-2
4.307352792E0,-2.270401865E-1,2.265819609E-1,4.854705930E-2
4.317392792E0,-2.413623333E-1,2.546209097E-1,5.843373761E-2
4.327432792E0,-2.513787448E-1,2.804357409E-1,6.908718497E-2
4.337472792E0,-2.559164464E-1,3.024653792E-1,8.125931025E-2
4.347512792E0,-2.553172410E-1,3.187330365E-1,8.936411142E-2
4.357552792E0,-2.597117424E-1,3.413184881E-1,9.658864141E-2
4.367592792E0,-2.626039386E-1,3.593038917E-1,1.018529087E-1
4.377632792E0,-2.662495077E-1,3.674099743E-1,1.051779464E-1
4.387672792E0,-2.665677667E-1,3.735096753E-1,1.116315871E-1
4.397712792E0,-2.554045320E-1,3.894581795E-1,1.144297495E-1
4.407752792E0,-2.494707406E-1,3.944055438E-1,9.970060736E-2
4.417792792E0,-2.433564663E-1,4.141559601E-1,8.624474704E-2
4.427832792E0,-2.375593036E-1,4.183714688E-1,6.837307662E-2
4.437872792E0,-2.302746773E-1,4.102982879E-1,5.224404857E-2
4.447912792E0,-2.205562741E-1,3.882449269E-1,4.386521131E-2
4.457952792E0,-2.141477913E-1,3.643300235E-1,4.210216179E-2
4.467992792E0,-2.180357426E-1,3.534044027E-1,5.539213493E-2
4.478032792E0,-2.298911214E-1,3.401383758E-1,8.179730922E-2
4.488073792E0,-2.332291305E-1,3.273474872E-1,1.179510504E-1
4.498113792E0,-2.159939706E-1,2.924213111E-1,1.492473632E-1
4.508153792E0,-2.065666467E-1,2.218648344E-1,1.606265157E-1
4.518193792E0,-2.239205241E-1,1.707500070E-1,1.613624245E-1
4.528233792E0,-2.728606462E-1,2.180999368E-1,1.431322843E-1
4.538273792E0,-2.654419243E-1,2.713104486E-1,9.375178814E-2
4.548313792E0,-1.083252728E-1,1.897561997E-1,-7.868581451E-3
4.558353792E0,1.126697436E-1,-1.645131409E-2,-1.405399144E-1
4.568393792E0,3.051555753E-1,-2.345783114E-1,-2.744777501E-1
4.578433792E0,4.570937455E-1,-4.157468379E-1,-4.225558043E-1
4.588473792E0,5.912030935E-1,-5.448529124E-1,-5.875772238E-1
4.598513792E0,6.908354163E-1,-6.101849675E-1,-7.246560454E-1
4.608553792E0,7.424743772E-1,-6.269538403E-1,-7.911487818E-1
4.618593792E0,7.540349364E-1,-6.412207484E-1,-7.749893665E-1
4.628633792E0,7.330353856E-1,-6.770535707E-1,-6.871002316E-1
4.638673792E0,6.903086305E-1,-7.274765372E-1,-5.570729971E-1
4.648713792E0,6.491790414E-1,-7.456217408E-1,-4.027273357E-1
4.658753792E0,6.294482350E-1,-6.833596826E-1,-2.288114727E-1
4.668793792E0,6.209236979E-1,-5.326050520E-1,-2.630177327E-2
4.678833792E0,6.184468865E-1,-3.969156444E-1,1.571145058E-1
4.688873792E0,6.387865543E-1,-2.933615744E-1,2.986497879E-1
4.698914792E0,6.639427543E-1,-2.674177885E-1,4.183146656E-1
4.708954792E0,6.898036599E-1,-3.051033914E-1,5.126702189E-1
4.718994792E0,6.992393136E-1,-3.516222239E-1,5.490072966E-1
4.729034792E0,6.815652251E-1,-3.095200360E-1,5.418481827E-1
4.739074792E0,6.381073594E-1,-1.851911396E-1,4.842853546E-1
4.749114792E0,5.801694989E-1,-2.387841977E-2,3.950039446E-1
4.759154792E0,5.175211430E-1,1.363198310E-1,2.841028869E-1
4.769194792E0,4.803282320E-1,3.228095472E-1,2.295940965E-1
4.779234792E0,4.677048922E-1,4.703638852E-1,2.005945742E-1
4.789274792E0,5.029610991E-1,5.262687206E-1,1.894902587E-1
4.799314792E0,5.758669376E-1,5.067111850E-1,2.064881921E-1
4.809354792E0,6.442785263E-1,4.281418324E-1,2.481003404E-1
4.819394792E0,7.084190845E-1,3.198330402E-1,3.154401481E-1
4.829434792E0,7.580337524E-1,2.091022730E-1,3.772601187E-1
4.839474792E0,7.827104330E-1,7.997470349E-2,4.309918582E-1
4.849514792E0,7.740226388E-1,-2.720847167E-2,4.684140682E-1
4.859554792E0,7.280941606E-1,-1.145699993E-1,4.738589823E-1
4.869594792E0,6.498728395E-1,-1.699352562E-1,4.677297175E-1
4.879635792E0,5.488370657E-1,-2.333829403E-1,4.760552943E-1
4.889675792E0,4.465824664E-1,-2.296567261E-1,4.660386145E-1
4.899715792E0,3.547357023E-1,-1.869064271E-1,4.417127371E-1
4.909755792E0,2.743263543E-1,-1.585405618E-1,3.994350731E-1
4.919795792E0,2.069370300E-1,-1.335159540E-1,3.487629592E-1
4.929835792E0,1.542439908E-1,-7.935739309E-2,3.035310209E-1
4.939875792E0,1.153319404E-1,2.049558563E-3,2.563535571E-1
4.949915792E0,9.073125571E-2,7.572591305E-2,1.961639673E-1
4.959955792E0,7.358487695E-2,9.148661792E-2,1.194371805E-1
4.969995792E0,6.732591242E-2,8.503750712E-2,4.307262972E-2
4.980035792E0,7.107267529E-2,4.389350116E-2,-7.492238656E-3
4.990075792E0,9.277797490E-2,-1.058678702E-2,-4.925885797E-2
5.000115792E0,1.291185617E-1,-6.492562592E-2,-8.211141825E-2
5.010155792E0,1.968653947E-1,-1.017678007E-1,-1.005751193E-1
5.020195792E0,2.793613076E-1,-8.587107062E-2,-9.959400445E-2
5.030235792E0,3.400765955E-1,1.095586643E-2,-1.216202080E-1
5.040275792E0,3.510945141E-1,1.235061884E-1,-1.711117029E-1
5.050316792E0,3.694854975E-1,1.948586553E-1,-2.431611270E-1
5.060356792E0,3.938616812E-1,2.547720671E-1,-3.247662485E-1
5.070396792E0,3.627495766E-1,2.825749516E-1,-3.980140984E-1
5.080436792E0,3.250296116E-1,2.063823789E-1,-4.122385681E-1
5.090476792E0,3.943258822E-1,5.998389050E-2,-3.527973592E-1
5.100516792E0,5.043870211E-1,-1.639511734E-1,-2.346678525E-1
5.110556792E0,5.726646185E-1,-4.014012814E-1,-1.014379039E-1
5.120596792E0,5.861744881E-1,-5.526528955E-1,2.354763448E-2
5.130636792E0,4.964619279E-1,-6.875095367E-1,1.027833298E-1
5.140676792E0,3.778136671E-1,-8.537884355E-1,1.472423971E-1
5.150716792E0,3.141353726E-1,-8.432117105E-1,2.301122397E-1
5.160756500E0,3.046635091E-1,-6.018607020E-1,3.473113179E-1
5.170796500E0,1.837123036E-1,-2.730119824E-1,4.434253275E-1
5.180836500E0,3.971936926E-2,-6.309970468E-2,5.037111044E-1
5.190876500E0,-3.744732216E-2,6.001503393E-2,5.374544263E-1
5.200917500E0,-8.166597039E-2,1.169243306E-1,5.338146091E-1
5.210957500E0,-1.785443127E-1,8.826259524E-2,5.459825993E-1
5.220997500E0,-2.443825603E-1,-8.852090687E-3,6.042049527E-1
5.231037500E0,-2.532021701E-1,-1.520864815E-1,6.355104446E-1
5.241077500E0,-2.846609354E-1,-3.072492182E-1,5.906086564E-1
5.251117500E0,-3.363784552E-1,-5.024077892E-1,4.602820575E-1
5.261157500E0,-4.360666871E-1,-7.286874652E-1,2.851509154E-1
5.271197500E0,-5.431750417E-1,-8.426893950E-1,1.045552939E-1
5.281237500E0,-6.246057153E-1,-8.446956873E-1,-6.508682668E-2
5.291277500E0,-6.450728774E-1,-8.351554275E-1,-2.009226829E-1
5.301317500E0,-6.077877283E-1,-8.048767447E-1,-2.930386662E-1
5.311357500E0,-5.483930707E-1,-6.975471377E-1,-3.561710119E-1
5.321397500E0,-4.822932780E-1,-4.980392158E-1,-3.954214454E-1
5.331437500E0,-4.163382351E-1,-2.454152554E-1,-4.139676988E-1
5.341477500E0,-3.754198253E-1,3.595422953E-2,-4.043518901E-1
5.351517500E0,-3.710184097E-1,2.583788037E-1,-3.734445870E-1
5.361558500E0,-4.232324064E-1,4.497736096E-1,-3.499397635E-1
5.371598500E0,-4.907387495E-1,5.130729079E-1,-3.223464787E-1
5.381638500E0,-5.778585672E-1,4.932455719E-1,-3.037362099E-1
5.391678500E0,-6.956523061E-1,4.221743047E-1,-3.023982346E-1
5.401718500E0,-8.141216636E-1,3.776530325E-1,-2.933318019E-1
5.411758500E0,-9.298543930E-1,3.290279806E-1,-3.097051680E-1
5.421798500E0,-1.030291200E0,2.876405716E-1,-3.263120353E-1
5.431838500E0,-1.109747648E0,2.783426642E-1,-3.231575191E-1
5.441878500E0,-1.157256603E0,3.155312836E-1,-3.225831687E-1
5.451918500E0,-1.173556209E0,3.460993171E-1,-3.071908951E-1
5.461958500E0,-1.155210495E0,3.595689535E-1,-2.788599432E-1
5.471998500E0,-1.107681036E0,3.856870830E-1,-2.339214683E-1
5.482038500E0,-1.046681046E0,4.329656065E-1,-1.547345966E-1
5.492078500E0,-9.659761190E-1,4.868072569E-1,-7.810319960E-2
5.502119500E0,-8.896543384E-1,5.309709311E-1,-8.079201914E-3
5.512159500E0,-8.059192300E-1,5.577396750E-1,6.376516074E-2
5.522199500E0,-7.355783582E-1,4.889088869E-1,1.305844188E-1
5.532239500E0,-6.635124087E-1,3.509685993E-1,1.789996177E-1
5.542279500E0,-5.962557197E-1,2.187915146E-1,2.150871307E-1
5.552319500E0,-5.172621012E-1,7.310408354E-2,2.597089112E-1
5.562359500E0,-4.387335181E-1,-7.056743652E-2,3.116583228E-1
5.572399500E0,-3.628001511E-1,-1.672633439E-1,3.727056980E-1
5.582439500E0,-2.931865454E-1,-2.165152133E-1,4.211755991E-1
5.592479500E0,-2.316158414E-1,-1.976941228E-1,4.682450891E-1
5.602519500E0,-2.033240199E-1,-8.213210851E-2,4.994536042E-1
5.612559500E0,-1.860443652E-1,1.477112174E-1,5.251656175E-1
5.622599500E0,-1.090112329E-1,4.337549210E-1,5.394222736E-1
5.632639500E0,2.982973494E-2,7.305110097E-1,5.443747044E-1
5.642679500E0,1.306041330E-1,9.363723993E-1,4.957498610E-1
5.652720500E0,8.220891654E-2,1.057483554E0,3.712660074E-1
5.662760500E0,-1.014844254E-1,1.008808613E0,1.759526879E-1
5.672800500E0,-3.008638322E-1,7.452718019E-1,-9.504392743E-2
5.682840500E0,-4.538233578E-1,3.682326674E-1,-3.800721169E-1
5.692880500E0,-5.237749815E-1,2.217698842E-2,-6.368895173E-1
5.702920500E0,-4.863470495E-1,-3.099835813E-1,-7.748594880E-1
5.712960500E0,-3.213362694E-1,-8.284490705E-1,-6.746159792E-1
5.723000500E0,-5.316489935E-2,-1.355798960E0,-4.723794162E-1
5.733040500E0,1.461615264E-1,-1.514960647E0,-3.081188202E-1
5.743080500E0,6.093668565E-2,-1.209448457E0,-2.743405998E-1
5.753120500E0,-1.700201035E-1,-6.639947891E-1,-2.949992716E-1
5.763160500E0,-2.577474415E-1,-2.146521807E-1,-2.597133815E-1
5.773200500E0,-1.631508917E-1,6.135569885E-2,-1.758901179E-1
5.783240500E0,-8.966444060E-3,2.139642835E-1,-1.758414060E-1
5.793280500E0,1.288289577E-1,2.575258613E-1,-2.418015152E-1
5.803321500E0,1.871446371E-1,2.587401569E-1,-3.183830082E-1
5.813361500E0,2.432696819E-1,2.961682081E-1,-4.535900950E-1
5.823401500E0,3.220468163E-1,3.190158606E-1,-6.237233877E-1
5.833441500E0,3.949793577E-1,2.853545547E-1,-7.459198833E-1
5.843481500E0,5.056664944E-1,2.560660802E-2,-8.007740378E-1
5.853521500E0,6.494790316E-1,-3.891836405E-1,-7.341896892E-1
5.863561500E0,7.293173671E-1,-7.569825649E-1,-5.371619463E-1
5.873601500E0,7.584994435E-1,-9.779384136E-1,-2.878155112E-1
5.883641500E0,7.123032212E-1,-1.025000453E0,-4.782376438E-2
5.893681500E0,6.683360338E-1,-1.002333164E0,1.835591197E-1
5.903721500E0,6.595347524E-1,-9.415122867E-1,3.720092177E-1
5.913761500E0,6.615353227E-1,-8.320608735E-1,5.206655264E-1
5.923801500E0,6.410124302E-1,-6.888852119E-1,6.314438581E-1
5.933841500E0,6.076725721E-1,-5.804064274E-1,6.596954465E-1
5.943881500E0,5.847799182E-1,-3.130464554E-1,7.199506760E-1
5.953922500E0,5.667876005E-1,-7.622431219E-2,6.768977642E-1
5.963962500E0,5.984835625E-1,7.183548808E-2,6.056743264E-1
5.974002500E0,6.536285877E-1,1.616937369E-1,5.191274881E-1
5.984042500E0,7.237534523E-1,2.434127480E-1,4.453991652E-1
5.994082500E0,7.900387645E-1,3.129204512E-1,3.338380158E-1
6.004122500E0,8.368412256E-1,3.802058995E-1,2.154301405E-1
6.014162500E0,8.897643685E-1,4.877235591E-1,1.771594584E-1
6.024202500E0,9.541683793E-1,5.131300688E-1,1.475760788E-1
6.034242500E0,1.003090143E0,5.496952534E-1,1.213253066E-1
6.044282500E0,1.032727242E0,5.900343657E-1,1.059766263E-1
6.054322500E0,1.033194900E0,6.943671703E-1,1.071742475E-1
6.064362500E0,9.953104258E-1,7.813414931E-1,1.098781526E-1
6.074402500E0,9.306414127E-1,8.218982220E-1,1.083223373E-1
6.084442500E0,8.326120377E-1,8.255785704E-1,8.169960231E-2
6.094482500E0,7.119535208E-1,7.896783352E-1,3.305190802E-2
6.104523500E0,5.683800578E-1,6.921844482E-1,-2.503615245E-2
6.114563500E0,4.187117815E-1,5.412952900E-1,-8.283127099E-2
6.124603500E0,2.865232527E-1,4.158946872E-1,-1.318815649E-1
6.134643500E0,1.828474551E-1,3.018959463E-1,-1.762205362E-1
6.144683500E0,1.141500846E-1,1.857510805E-1,-2.094660997E-1
6.154723875E0,9.778549522E-2,7.561445236E-2,-2.198409736E-1
6.164763875E0,1.220546737E-1,9.515121579E-3,-2.211764753E-1
6.174803875E0,1.580355763E-1,2.140959911E-2,-2.217447907E-1
6.184843875E0,1.780885309E-1,1.074680090E-1,-2.299249470E-1
6.194883875E0,2.038980275E-1,2.487758696E-1,-2.504930794E-1
6.204923875E0,1.992304325E-1,4.395747185E-1,-2.914035916E-1
6.214963875E0,1.496085376E-1,5.797829628E-1,-2.894136906E-1
6.225003875E0,1.164457053E-1,5.642496347E-1,-2.205833793E-1
6.235043875E0,1.499426812E-1,3.381752074E-1,-9.353035688E-2
6.245083875E0,2.305754870E-1,-4.544979706E-2,5.595669150E-2
6.255124875E0,3.348177373E-1,-4.270954430E-1,2.060396671E-1
6.265164875E0,3.635453582E-1,-7.328614593E-1,2.974333167E-1
6.275204875E0,2.902168036E-1,-1.020766497E0,3.234718442E-1
6.285244875E0,2.312762141E-1,-1.103843331E0,3.484899104E-1
6.295284875E0,2.468423843E-1,-9.132104516E-1,3.940054774E-1
6.305324875E0,2.835657597E-1,-5.915039778E-1,4.478563964E-1
6.315364875E0,1.889937222E-1,-3.639379144E-1,4.673576355E-1
6.325404875E0,9.615092725E-2,-3.584426939E-1,4.830048382E-1
6.335444875E0,5.771538615E-2,-4.247042537E-1,4.998171329E-1
6.345484875E0,-3.531694785E-2,-4.404049516E-1,5.355889797E-1
6.355524875E0,-2.168553174E-1,-3.722759485E-1,6.342343092E-1
6.365564875E0,-3.591341972E-1,-3.191989660E-1,7.313657403E-1
6.375604875E0,-4.344052374E-1,-3.160798848E-1,7.483018637E-1
6.385644875E0,-5.309902430E-1,-3.781207800E-1,7.110598683E-1
6.395684875E0,-6.480747461E-1,-4.309571087E-1,5.743867159E-1
6.405725875E0,-7.370120883E-1,-4.727250338E-1,3.724514544E-1
6.415765875E0,-7.669745088E-1,-5.012325644E-1,1.558360606E-1
6.425805875E0,-7.449930310E-1,-5.180947185E-1,-2.022463642E-2
6.435845875E0,-6.863321066E-1,-5.178742409E-1,-1.634952426E-1
6.445885875E0,-6.146074533E-1,-5.050477982E-1,-3.019941747E-1
6.455925875E0,-5.618689060E-1,-4.235489368E-1,-4.316704273E-1
6.465965875E0,-5.596588850E-1,-2.249968052E-1,-5.334824324E-1
6.476005875E0,-5.938243270E-1,-3.317224234E-2,-5.715451241E-1
6.486045875E0,-6.455008388E-1,1.286326498E-1,-5.906451941E-1
6.496085875E0,-7.224576473E-1,2.430798560E-1,-5.936269164E-1
6.506125875E0,-8.120057583E-1,2.903451025E-1,-6.021264791E-1
6.516165875E0,-9.110875726E-1,2.546773851E-1,-6.000335217E-1
6.526205875E0,-1.020817876E0,1.991966963E-1,-5.838478208E-1
6.536245875E0,-1.124884129E0,1.884894669E-1,-5.322144628E-1
6.546285875E0,-1.210768580E0,1.996853501E-1,-5.002535582E-1
6.556325875E0,-1.282824397E0,2.745422721E-1,-4.540570378E-1
6.566366875E0,-1.332175136E0,3.436058462E-1,-3.834576905E-1
6.576406875E0,-1.354313135E0,3.609118760E-1,-3.084558845E-1
6.586446875E0,-1.356718183E0,3.230244219E-1,-2.296180725E-1
6.596486875E0,-1.337648273E0,3.113059700E-1,-1.463942975E-1
6.606526875E0,-1.301066518E0,3.160142601E-1,-6.273267418E-2
6.616566875E0,-1.239512324E0,3.116413653E-1,8.777587116E-2
6.626606875E0,-1.157878995E0,3.039021492E-1,1.963853538E-1
6.636646875E0,-1.065839052E0,2.788990736E-1,2.835255861E-1
6.646686875E0,-9.453511834E-1,2.785894275E-1,3.631010056E-1
6.656726875E0,-8.245638013E-1,2.047391981E-1,4.130909443E-1
6.666766875E0,-6.929612160E-1,1.104360893E-1,4.290169179E-1
6.676806875E0,-5.653632879E-1,1.701852307E-2,4.233233333E-1
6.686846875E0,-4.180407822E-1,-5.872966722E-2,4.087828100E-1
6.696886875E0,-2.811889350E-1,-6.736603379E-2,3.923348784E-1
6.706926875E0,-2.035219967E-1,4.322158545E-2,3.739206493E-1
6.716967875E0,-1.881768703E-1,2.739062011E-1,3.605912626E-1
6.727007875E0,-1.342904270E-1,5.523148775E-1,3.565033078E-1
6.737047875E0,2.311356924E-2,7.619562745E-1,3.384036720E-1
6.747087875E0,2.256416827E-1,8.914931417E-1,2.762719989E-1
6.757127875E0,3.054654002E-1,9.465726614E-1,1.462423801E-1
6.767167875E0,1.770238280E-1,7.695271373E-1,-5.400345102E-2
6.777207875E0,-3.360384144E-4,3.509304225E-1,-3.056612611E-1
6.787247875E0,-1.191108152E-1,-7.546748221E-2,-5.536158085E-1
6.797287875E0,-1.277434528E-1,-3.805488348E-1,-7.037251592E-1
6.807327875E0,4.463491961E-2,-7.331271768E-1,-7.310780883E-1
6.817367875E0,2.763701379E-1,-9.047972560E-1,-6.720483303E-1
6.827407875E0,4.363643825E-1,-7.682842016E-1,-5.996440649E-1
6.837447875E0,4.197047055E-1,-5.731959343E-1,-5.060278177E-1
6.847487875E0,3.761114180E-1,-4.544231594E-1,-4.723722041E-1
6.857527875E0,3.607066274E-1,-2.717532218E-1,-4.891714156E-1
6.867567875E0,2.800799310E-1,-8.489433676E-2,-5.103662014E-1
6.877608875E0,2.169995010E-1,-4.501589760E-2,-4.871125519E-1
6.887648875E0,2.720883787E-1,-1.844901145E-1,-4.374319911E-1
6.897688875E0,3.722301424E-1,-3.830116987E-1,-4.526290596E-1
6.907728875E0,4.789986014E-1,-3.857819140E-1,-4.803175032E-1
6.917768875E0,5.147360563E-1,-3.101286888E-1,-4.646248221E-1
6.927808875E0,5.756375194E-1,-3.023145795E-1,-4.044386148E-1
6.937848875E0,6.703336835E-1,-3.530475199E-1,-3.276444972E-1
6.947888875E0,7.229940295E-1,-4.025366902E-1,-2.278336585E-1
6.957928875E0,7.076853514E-1,-4.000591338E-1,-1.015103459E-1
6.967968875E0,6.520454884E-1,-3.956783116E-1,5.331111327E-2
6.978008875E0,6.333103776E-1,-3.723977506E-1,2.093614340E-1
6.988048875E0,6.810618639E-1,-3.176049590E-1,3.289123476E-1
6.998088875E0,7.667030096E-1,-2.322064489E-1,3.981015384E-1
7.008128875E0,8.563154936E-1,-1.086061299E-1,4.318280518E-1
7.018168875E0,9.316605926E-1,1.315945107E-2,4.588713944E-1
7.028208875E0,9.727079272E-1,8.613570780E-2,4.758082926E-1
7.038249875E0,9.963450432E-1,9.403251112E-2,4.797731936E-1
7.048289875E0,1.021966934E0,7.189037651E-2,4.701632559E-1
7.058329875E0,1.042608380E0,-2.699146047E-2,4.469865859E-1
7.068369875E0,1.055026412E0,-1.316558868E-1,4.490834773E-1
7.078409875E0,1.040061355E0,-1.461045891E-1,4.341010749E-1
7.088449875E0,1.001850963E0,-1.359820068E-1,3.407245278E-1
7.098489875E0,9.904282093E-1,-2.678919956E-2,2.884615958E-1
7.108529875E0,1.001792312E0,5.735659227E-2,2.329028845E-1
7.118569875E0,1.041198373E0,1.768742055E-1,1.912941784E-1
7.128609875E0,1.052086234E0,2.530257702E-1,1.408468336E-1
7.138649875E0,1.025330544E0,3.027400672E-1,6.157304719E-2
7.148689875E0,1.003946781E0,3.650093973E-1,-2.726806141E-2
7.158730125E0,9.514063597E-1,4.297598898E-1,-1.035029143E-1
7.168770125E0,8.572309017E-1,4.940374196E-1,-1.796133220E-1
7.178810125E0,7.335092425E-1,5.576270223E-1,-2.474850416E-1
7.188850125E0,5.884017944E-1,5.887249112E-1,-2.826001346E-1
7.198891125E0,4.415614605E-1,5.654835105E-1,-3.273905218E-1
7.208931125E0,3.113293946E-1,4.790045917E-1,-3.652113676E-1
7.218971125E0,2.134276032E-1,3.329640329E-1,-3.847608566E-1
7.229011125E0,1.358322501E-1,1.673673689E-1,-3.770113587E-1
7.239051125E0,5.104625598E-2,-2.357940376E-2,-3.451895118E-1
7.249091125E0,-1.295179874E-2,-1.645936221E-1,-2.612262368E-1
7.259131125E0,-6.794367731E-2,-1.778899878E-1,-1.802418828E-1
7.269171125E0,-9.687966853E-2,-7.443311065E-2,-1.194811612E-1
7.279211125E0,-9.022390097E-2,1.092336550E-1,-9.087908268E-2
7.289251125E0,-8.725842088E-2,2.992953956E-1,-8.722975850E-2
7.299291125E0,-1.052845642E-1,4.446802735E-1,-8.779781312E-2
7.309331125E0,-1.021504775E-1,5.374677181E-1,-7.847800106E-2
7.319371125E0,6.686788518E-3,4.357008934E-1,-4.752913490E-2
7.329411125E0,2.084177881E-1,1.776158959E-1,-3.733809805E-3
7.339451125E0,3.654260337E-1,-1.536589712E-1,3.669403866E-2
7.349491125E0,4.395579100E-1,-3.982285857E-1,9.328801185E-2
7.359532125E0,3.474556804E-1,-6.733853221E-1,9.488724172E-2
7.369572125E0,1.546057910E-1,-9.062877893E-1,4.930351302E-2
7.379612125E0,7.819117606E-2,-7.912664413E-1,7.563658059E-2
7.389652125E0,1.912869364E-1,-5.067651868E-1,2.119744271E-1
7.399692125E0,2.559253275E-1,-3.162314296E-1,3.198063672E-1
7.409732125E0,2.122112513E-1,-3.544839025E-1,3.737523258E-1
7.419772125E0,2.431007177E-1,-4.461922050E-1,3.872758448E-1
7.429812125E0,3.096463680E-1,-4.943197072E-1,3.585880995E-1
7.439852125E0,2.523242235E-1,-5.376189947E-1,3.479413390E-1
7.449892125E0,1.149911284E-1,-5.034676790E-1,4.388169050E-1
7.459932125E0,-6.572060287E-3,-3.647604585E-1,5.371369123E-1
7.469972125E0,-1.346730888E-1,-1.634409130E-1,5.981907248E-1
7.480012125E0,-3.873183727E-1,-7.557150722E-2,5.968964696E-1
7.490052125E0,-6.701990962E-1,-8.008415997E-2,4.911726117E-1
7.500092125E0,-8.551076651E-1,-1.833972335E-1,3.174569905E-1
7.510132125E0,-9.354319572E-1,-3.355657458E-1,1.468541473E-1
7.520173125E0,-9.563934207E-1,-4.346153438E-1,9.701344185E-3
7.530213125E0,-9.348406196E-1,-4.427192807E-1,-1.150779873E-1
7.540253125E0,-8.882840276E-1,-3.961994648E-1,-2.481162101E-1
7.550293125E0,-8.525952101E-1,-3.075598180E-1,-3.623691797E-1
7.560333125E0,-8.428235054E-1,-1.900867075E-1,-4.300912321E-1
7.570373125E0,-8.473564982E-1,-4.711846262E-2,-4.442667961E-1
7.580413125E0,-8.753199577E-1,4.699738324E-2,-4.447155595E-1
7.590453125E0,-9.108010530E-1,1.592053473E-1,-4.263814688E-1
7.600493125E0,-9.755587578E-1,2.176774442E-1,-4.088717103E-1
7.610533125E0,-1.047319889E0,3.104546070E-1,-3.851643503E-1
7.620573125E0,-1.099196434E0,3.583552837E-1,-3.701334596E-1
7.630613125E0,-1.151929736E0,4.253476262E-1,-3.326092362E-1
7.640653125E0,-1.199794650E0,4.809073806E-1,-3.172722757E-1
7.650693125E0,-1.218152285E0,5.609255433E-1,-3.058488071E-1
7.660733125E0,-1.237206101E0,6.256640553E-1,-2.790805697E-1
7.670773125E0,-1.224859357E0,6.344791651E-1,-2.391871661E-1
7.680813125E0,-1.176903248E0,5.632899404E-1,-1.719790995E-1
7.690854125E0,-1.106457591E0,5.342106223E-1,-1.072908267E-1
7.700894125E0,-1.016669631E0,5.311011076E-1,-1.606424153E-2
7.710934125E0,-9.033724070E-1,5.149889588E-1,1.181780770E-1
7.720974125E0,-7.802653909E-1,4.786152244E-1,2.371334881E-1
7.731014125E0,-6.693810225E-1,3.689439893E-1,3.196465075E-1
7.741054125E0,-5.514826179E-1,2.723777890E-1,3.809918761E-1
7.751094125E0,-4.550465047E-1,1.660351157E-1,4.182838500E-1
7.761134125E0,-3.874410987E-1,8.966045827E-2,4.416951537E-1
7.771174125E0,-3.455967009E-1,7.987999916E-2,4.518482089E-1
7.781214125E0,-2.591571510E-1,1.182172671E-1,4.601804316E-1
7.791254125E0,-1.751775891E-1,2.252644002E-1,4.521470070E-1
7.801294125E0,-1.338613033E-1,4.409191906E-1,4.209608436E-1
7.811334125E0,-8.187485486E-2,7.296019197E-1,3.658539057E-1
7.821374125E0,3.731198981E-2,9.488331079E-1,3.041873574E-1
7.831414125E0,2.016468346E-1,1.011312723E0,2.194934338E-1
7.841454125E0,2.331272513E-1,8.911617398E-1,7.841566950E-2
7.851495125E0,6.437683105E-2,5.758159757E-1,-9.932839870E-2
7.861535125E0,-1.650012434E-1,1.292137206E-1,-2.768592536E-1
7.871575125E0,-3.546010852E-1,-2.564208508E-1,-4.524604082E-1
7.881615125E0,-4.063646793E-1,-5.552051663E-1,-5.538394451E-1
7.891655125E0,-2.266688347E-1,-8.527720571E-1,-4.947844744E-1
7.901695125E0,2.544757165E-2,-9.017222524E-1,-3.602644801E-1
7.911735125E0,1.921482533E-1,-6.101603508E-1,-2.284309268E-1
7.921775125E0,1.712680012E-1,-2.853902280E-1,-1.386949122E-1
7.931815125E0,1.387172490E-1,-1.504566669E-1,-1.492609978E-1
7.941855125E0,1.328391284E-1,-1.414924562E-1,-2.149768919E-1
7.951895125E0,6.016340479E-2,-1.561567932E-1,-3.148190677E-1
7.961935125E0,2.066233568E-2,-1.807750612E-1,-4.234480858E-1
7.971975125E0,1.367346495E-1,-2.272276282E-1,-5.235742927E-1
7.982015125E0,3.493070900E-1,-2.223564386E-1,-6.358312964E-1
7.992055125E0,5.637102723E-1,-1.252917051E-1,-7.513301373E-1
8.002096125E0,7.488763928E-1,-1.025699824E-2,-8.322718740E-1
8.012136125E0,9.242593646E-1,1.559657138E-2,-7.981631756E-1
8.022176125E0,1.058648586E0,-5.620437860E-2,-6.754524708E-1
8.032216125E0,1.111158729E0,-1.105222777E-1,-5.100268126E-1
8.042256125E0,1.113382816E0,-1.168041453E-1,-3.200688660E-1
8.052296125E0,1.070609331E0,-9.680422395E-2,-1.085581183E-1
8.062336125E0,1.044449449E0,-5.065457523E-2,1.025962010E-1
8.072376125E0,1.069341421E0,-2.309947088E-2,2.751415968E-1
8.082416125E0,1.120835185E0,-1.203669980E-2,3.947777152E-1
8.092456125E0,1.158690453E0,-2.703829901E-3,4.614041448E-1
8.102496125E0,1.173368216E0,6.049714051E-3,4.896512330E-1
8.112536125E0,1.172031403E0,-1.857348904E-2,5.048801899E-1
8.122576125E0,1.170001268E0,-4.499151558E-2,5.358077288E-1
8.132616125E0,1.175063252E0,-9.881571680E-2,5.478104353E-1
8.142656125E0,1.186918259E0,-1.383013427E-1,5.549218655E-1
8.152695667E0,1.184310555E0,-1.837633550E-1,5.504182577E-1
8.162736667E0,1.159159184E0,-1.928407401E-1,5.066207051E-1
8.172776667E0,1.124261618E0,-7.774371654E-2,3.986962736E-1
8.182816667E0,1.095962405E0,8.676826209E-2,3.098500371E-1
8.192856667E0,1.066714406E0,2.135694772E-1,2.582685053E-1
8.202896667E0,1.026895046E0,3.621464372E-1,2.089515775E-1
8.212936667E0,9.805970192E-1,4.931944907E-1,1.451392025E-1
8.222976667E0,9.289269447E-1,5.772846341E-1,4.779960215E-2
8.233016667E0,8.688989878E-1,5.848042369E-1,-4.937026650E-2
8.243056667E0,7.943044305E-1,5.408058763E-1,-1.567191035E-1
8.253096667E0,7.059486508E-1,4.482954144E-1,-2.467370331E-1
8.263136667E0,5.985828042E-1,3.068719804E-1,-3.192541301E-1
8.273176667E0,4.975241423E-1,1.452348977E-1,-3.469753265E-1
8.283216667E0,4.149661362E-1,2.501926199E-2,-3.658073246E-1
8.293256667E0,3.129076064E-1,-6.017178670E-2,-3.970876634E-1
8.303296667E0,2.006063759E-1,-1.650747657E-1,-3.967899382E-1
8.313336667E0,9.994587302E-2,-2.197988629E-1,-3.414433002E-1
8.323377667E0,2.398453094E-2,-1.734705120E-1,-2.621005476E-1
8.333417667E0,-1.301370747E-2,-4.510329291E-2,-1.638220996E-1
8.343457667E0,-3.744314983E-2,1.295167059E-1,-7.021810859E-2
8.353497667E0,-7.368376851E-2,3.211177588E-1,-5.804584827E-3
8.363537667E0,-1.446343660E-1,4.947468042E-1,3.205864131E-2
8.373577667E0,-1.624398082E-1,5.967999101E-1,7.640630007E-2
8.383617667E0,-3.500408307E-2,5.188475847E-1,1.225591451E-1
8.393657667E0,1.493584961E-1,2.529543638E-1,1.625741124E-1
8.403697667E0,3.037464619E-1,-6.772298366E-2,1.859209836E-1
8.413737667E0,3.429422975E-1,-4.326341152E-1,1.560127139E-1
8.423777667E0,2.552590668E-1,-7.596567273E-1,6.957795471E-2
8.433817667E0,1.686879694E-1,-7.455276251E-1,8.134992421E-2
8.443857667E0,1.367460042E-1,-4.723853171E-1,2.677562833E-1
8.453897667E0,-1.197130419E-2,-3.863536417E-1,4.210267067E-1
8.463938667E0,-1.685132384E-1,-4.752784669E-1,5.255669951E-1
8.473978667E0,-1.295681000E-1,-5.489512682E-1,6.408010721E-1
8.484018667E0,6.106101908E-3,-5.698876977E-1,6.888931990E-1
8.494058667E0,6.559386849E-2,-5.598115325E-1,6.828760505E-1
8.504098667E0,-2.228324534E-3,-5.679056644E-1,6.347087622E-1
8.514138667E0,-5.754553899E-2,-6.012976170E-1,5.716438293E-1
8.524178667E0,-1.314626485E-1,-5.675324798E-1,4.968934357E-1
8.534218667E0,-2.551783621E-1,-4.901378453E-1,4.031888545E-1
8.544258667E0,-4.250467718E-1,-3.437420130E-1,2.826999724E-1
8.554298667E0,-5.961859226E-1,-2.424166352E-1,1.471443027E-1
8.564338667E0,-7.288917899E-1,-1.535852849E-1,1.559399255E-2
8.574378667E0,-8.210611939E-1,-7.566024363E-2,-9.386947751E-2
8.584418667E0,-8.838470578E-1,1.505341753E-2,-1.867890209E-1
8.594458667E0,-9.194911122E-1,1.446766257E-1,-2.744697928E-1
8.604498667E0,-9.256118536E-1,3.006103039E-1,-3.255553544E-1
8.614539667E0,-9.189361334E-1,4.769157469E-1,-3.380535543E-1
8.624579667E0,-9.213920832E-1,6.007412672E-1,-3.182878196E-1
8.634619667E0,-9.363753796E-1,6.366444826E-1,-3.040414155E-1
8.644659667E0,-9.564220905E-1,5.762818456E-1,-2.811936438E-1
8.654699667E0,-9.954987168E-1,4.813696146E-1,-2.572370768E-1
8.664739667E0,-1.061528563E0,3.294189870E-1,-2.619242370E-1
8.674779667E0,-1.134518385E0,1.894347370E-1,-2.538566589E-1
8.684819667E0,-1.208971858E0,1.154726222E-1,-2.458498627E-1
8.694859667E0,-1.259233952E0,6.514149159E-2,-2.046122402E-1
8.704899667E0,-1.291718364E0,3.713914752E-2,-1.685549021E-1
8.714939667E0,-1.315249920E0,2.414203435E-2,-1.604540944E-1
8.724979667E0,-1.341589212E0,1.154786050E-1,-1.728843898E-1
8.735019667E0,-1.361681581E0,2.576793432E-1,-1.620787978E-1
8.745059667E0,-1.340302587E0,3.907242417E-1,-9.727183729E-2
8.755099667E0,-1.288738370E0,5.365508199E-1,8.481668308E-3
8.765140667E0,-1.231322050E0,6.215128899E-1,1.063472480E-1
8.775180667E0,-1.145932317E0,6.877760291E-1,1.988935173E-1
8.785220667E0,-1.055229545E0,7.051600814E-1,2.853434682E-1
8.795260667E0,-9.635445476E-1,6.299087405E-1,3.537138104E-1
8.805300667E0,-8.738535643E-1,4.778760672E-1,4.151118994E-1
8.815340667E0,-7.875053287E-1,2.898136973E-1,4.771013260E-1
8.825380667E0,-6.669815779E-1,1.459729075E-1,5.442314148E-1
8.835420667E0,-5.147704482E-1,8.527225256E-2,5.856694579E-1
8.845460667E0,-4.306981564E-1,1.691783369E-1,5.944783688E-1
8.855500667E0,-4.000006914E-1,3.661230206E-1,5.622951984E-1
8.865540667E0,-3.404912949E-1,4.810501337E-1,4.778333604E-1
8.875580667E0,-1.663205624E-1,4.635589421E-1,3.496339321E-1
8.885620667E0,3.321224451E-2,4.063992500E-1,1.718918979E-1
8.895660667E0,8.322606236E-2,3.215242326E-1,-7.340814173E-2
8.905700667E0,-1.707071625E-2,8.404402435E-2,-3.179308176E-1
8.915741667E0,-1.725410819E-1,-2.519720197E-1,-5.507839322E-1
8.925781667E0,-2.772360742E-1,-5.647461414E-1,-7.003196478E-1
8.935821667E0,-1.833128631E-1,-9.153560400E-1,-6.708862185E-1
8.945861667E0,5.894210935E-2,-1.131911039E0,-5.118068457E-1
8.955901667E0,2.756601870E-1,-8.802027702E-1,-3.634264469E-1
8.965941667E0,3.250690103E-1,-4.505073130E-1,-2.321731001E-1
8.975981667E0,3.442405164E-1,-2.401665449E-1,-1.956595629E-1
8.986021667E0,3.699690402E-1,-2.266251743E-1,-2.828365266E-1
8.996061667E0,2.495075315E-1,-1.918369234E-1,-4.158145785E-1
9.006101667E0,1.559924930E-1,-2.008501291E-1,-5.179089904E-1
9.016141667E0,2.873928547E-1,-2.805637419E-1,-6.059771776E-1
9.026181667E0,5.820870399E-1,-4.064356685E-1,-7.224113941E-1
9.036221667E0,8.393200636E-1,-4.249626100E-1,-8.535295725E-1
9.046261667E0,1.002107739E0,-3.912831843E-1,-8.855423927E-1
9.056302667E0,1.162331462E0,-4.676125348E-1,-8.216049671E-1
9.066342667E0,1.270345449E0,-6.248586178E-1,-6.955841780E-1
9.076382667E0,1.235220671E0,-7.260215282E-1,-5.288665295E-1
9.086422667E0,1.096460700E0,-7.214941382E-1,-3.395631313E-1
9.096462667E0,9.667457938E-1,-6.098431945E-1,-1.196460277E-1
9.106502667E0,9.233442545E-1,-4.458989501E-1,1.059804335E-1
9.116542667E0,9.703232050E-1,-2.969450057E-1,2.883655131E-1
9.126582667E0,1.038830876E0,-1.830988526E-1,4.034140706E-1
9.136622667E0,1.105989218E0,-1.234527230E-1,4.578596354E-1
9.146662667E0,1.161374450E0,-1.080394089E-1,4.660592675E-1
9.156702875E0,1.198727846E0,-1.237733662E-1,4.560396373E-1
9.166742875E0,1.232495427E0,-1.652965695E-1,4.290248156E-1
9.176782875E0,1.269480109E0,-2.147260010E-1,4.224033952E-1
9.186822875E0,1.289680719E0,-2.542286515E-1,4.182688296E-1
9.196863875E0,1.271799088E0,-1.893043071E-1,3.560248911E-1
9.206903875E0,1.218601942E0,-8.742055297E-2,2.747510672E-1
9.216943875E0,1.152805924E0,-2.933060192E-2,2.684301436E-1
9.226983875E0,1.119603515E0,3.215193376E-2,2.815459669E-1
9.237023875E0,1.094385028E0,1.345745772E-1,2.383089960E-1
9.247063875E0,1.061750293E0,2.531350255E-1,1.499762088E-1
9.257103875E0,1.044445753E0,3.458661735E-1,9.576695412E-2
9.267143875E0,1.023238301E0,4.005629718E-1,3.764851764E-2
9.277183875E0,9.854056835E-1,4.732163250E-1,-3.897808492E-2
9.287223875E0,9.259751439E-1,5.072981119E-1,-1.249459982E-1
9.297263875E0,8.434038758E-1,4.972556531E-1,-2.126131654E-1
9.307303875E0,7.357613444E-1,4.361560643E-1,-3.144697547E-1
9.317343875E0,6.309040189E-1,3.328878284E-1,-4.069901705E-1
9.327383875E0,5.285158753E-1,1.968415678E-1,-4.813640118E-1
9.337423875E0,4.331719577E-1,8.124379069E-2,-5.261653066E-1
9.347464875E0,3.568777144E-1,5.690995231E-2,-5.368736386E-1
9.357504875E0,3.022364080E-1,1.091596186E-1,-5.069497824E-1
9.367544875E0,2.726005018E-1,2.141643316E-1,-4.429790974E-1
9.377584875E0,2.361009121E-1,3.359525204E-1,-3.700536489E-1
9.387624875E0,1.725523025E-1,4.635885060E-1,-2.979499102E-1
9.397664875E0,6.089055166E-2,6.152141690E-1,-2.020253241E-1
9.407704875E0,-7.055478171E-3,7.011346817E-1,-7.450252026E-2
9.417744875E0,7.609422505E-2,5.933859944E-1,6.975346059E-2
9.427784875E0,1.856127381E-1,2.934415638E-1,2.097353190E-1
9.437824875E0,2.595917284E-1,-7.145667821E-2,3.271820843E-1
9.447864875E0,2.747144997E-1,-3.842462599E-1,4.052118957E-1
9.457904875E0,1.841324717E-1,-7.289696336E-1,3.743651211E-1
9.467944875E0,1.762685180E-2,-9.935415983E-1,2.449274957E-1
9.477984875E0,-9.186289459E-2,-8.576877117E-1,2.135957479E-1
9.488025875E0,-1.252685338E-1,-5.381914973E-1,2.882127464E-1
9.498065875E0,-1.943123788E-1,-3.042430282E-1,3.580123186E-1
9.508105875E0,-2.606833875E-1,-2.156130224E-1,4.105199873E-1
9.518145875E0,-2.554302812E-1,-1.962512136E-1,4.340938628E-1
9.528185875E0,-1.741934866E-1,-2.970374823E-1,4.435539246E-1
9.538225875E0,-1.898054630E-1,-4.574877322E-1,4.306219816E-1
9.548265875E0,-2.885719836E-1,-6.195144057E-1,4.485431910E-1
9.558305875E0,-3.104621172E-1,-6.980635524E-1,5.375980139E-1
9.568345875E0,-3.663330972E-1,-5.788213015E-1,6.054723859E-1
9.578385875E0,-4.962439537E-1,-4.296110868E-1,6.309455037E-1
9.588425875E0,-7.039334774E-1,-3.481519222E-1,5.908961296E-1
9.598465875E0,-8.822237253E-1,-3.049457967E-1,4.676916301E-1
9.608505875E0,-1.023286104E0,-3.306077421E-1,3.239602745E-1
9.618545875E0,-1.149301887E0,-4.068574905E-1,2.055679262E-1
9.628585875E0,-1.236400008E0,-4.300941229E-1,9.050790966E-2
9.638626875E0,-1.275460839E0,-3.629242182E-1,-4.774094746E-2
9.648666875E0,-1.262231588E0,-1.931391656E-1,-1.691472679E-1
9.658706875E0,-1.228761554E0,3.909417242E-2,-2.526564598E-1
9.668746875E0,-1.204831123E0,2.130984664E-1,-3.136814535E-1
9.678786875E0,-1.198262334E0,3.228225410E-1,-3.413967788E-1
9.688826875E0,-1.212163568E0,3.671402037E-1,-3.410431147E-1
9.698866875E0,-1.243305802E0,3.271137774E-1,-3.462080657E-1
9.708906875E0,-1.310225248E0,2.596247494E-1,-3.577288985E-1
9.718946875E0,-1.389741302E0,2.549772859E-1,-3.411248028E-1
9.728986875E0,-1.476256490E0,2.595967948E-1,-3.105447888E-1
9.739026875E0,-1.547535539E0,3.027233481E-1,-2.513324320E-1
9.749066875E0,-1.610395432E0,2.866711617E-1,-1.934012175E-1
9.759106875E0,-1.668550849E0,2.614603639E-1,-1.473975778E-1
9.769147875E0,-1.721447349E0,3.019883633E-1,-8.526711166E-2
9.779187875E0,-1.735536814E0,4.319345653E-1,1.128996816E-2
9.789227875E0,-1.688166976E0,5.960258245E-1,1.440831721E-1
9.799267875E0,-1.592417836E0,7.218006849E-1,2.762578130E-1
9.809307875E0,-1.475232959E0,7.347417474E-1,3.713326454E-1
9.819347875E0,-1.329260468E0,6.898147464E-1,4.316827357E-1
9.829387875E0,-1.181801200E0,6.014848948E-1,4.850444794E-1
9.839427875E0,-1.039152861E0,4.892024696E-1,5.117233992E-1
9.849467875E0,-9.066665173E-1,3.342333734E-1,5.070751309E-1
9.859507875E0,-7.987039685E-1,1.143853292E-1,4.904666841E-1
9.869547875E0,-6.997845769E-1,-8.426012099E-2,4.680348635E-1
9.879587875E0,-5.854882002E-1,-1.957335174E-1,4.394559860E-1
9.889627875E0,-4.777234495E-1,-2.119798660E-1,4.253854156E-1
9.899667875E0,-4.234024286E-1,-6.423737854E-2,4.313963652E-1
9.909707875E0,-3.980281055E-1,2.119177729E-1,4.242675900E-1
9.919748875E0,-3.110906482E-1,4.885387421E-1,4.075388610E-1
9.929788875E0,-8.988929540E-2,7.166997790E-1,3.845315278E-1
9.939828875E0,1.599522531E-1,9.285454750E-1,3.361940086E-1
9.949868875E0,1.625360399E-1,1.069005966E0,1.734248102E-1
9.959908875E0,-4.165662080E-2,8.984400630E-1,-8.470482379E-2
9.969948875E0,-2.546458542E-1,4.613242745E-1,-4.024976790E-1
9.979988875E0,-4.033158123E-1,-2.354837721E-3,-6.866551638E-1
9.990028875E0,-4.048641920E-1,-3.577710092E-1,-8.175375462E-1
1.000006887E1,-1.998127699E-1,-7.523450255E-1,-7.482611537E-1
1.001010887E1,9.915475547E-2,-9.796497822E-1,-5.829582214E-1
1.002014887E1,2.446259260E-1,-9.259474277E-1,-4.259374142E-1
1.003018887E1,2.303797603E-1,-8.387075663E-1,-3.014847040E-1
1.004022887E1,3.103327751E-1,-7.429914474E-1,-2.943948507E-1
1.005026887E1,3.089066744E-1,-5.282445550E-1,-3.885479867E-1
1.006030887E1,2.393888235E-1,-3.047531247E-1,-5.171046257E-1
1.007034987E1,3.146127462E-1,-1.707886606E-1,-6.325013041E-1
1.008038987E1,5.140928030E-1,-2.003004402E-1,-7.630305290E-1
1.009042987E1,7.681543231E-1,-2.757381797E-1,-8.982043266E-1
1.010046987E1,9.484960437E-1,-2.002778649E-1,-9.953365922E-1
1.011050987E1,1.115321875E0,-1.535995752E-1,-1.006909609E0
1.012054987E1,1.269824624E0,-2.650510967E-1,-9.113743305E-1
1.013058987E1,1.295769095E0,-4.191341400E-1,-7.310144305E-1
1.014062987E1,1.214212537E0,-4.986837506E-1,-4.807372093E-1
1.015066987E1,1.094877958E0,-4.969074130E-1,-1.893066913E-1
1.016070962E1,1.003978133E0,-4.309659004E-1,9.292428941E-2
1.017074962E1,9.613960385E-1,-3.044718504E-1,3.241391480E-1
1.018078962E1,9.463244081E-1,-1.918625683E-1,4.804830253E-1
1.019082963E1,9.497825503E-1,-1.052339301E-1,5.470082164E-1
1.020086962E1,9.502841830E-1,-7.338233758E-3,5.600020289E-1
1.021091062E1,9.658080339E-1,5.059989914E-2,5.437213182E-1
1.022095062E1,9.927667379E-1,3.685892373E-2,5.172371864E-1
1.023099062E1,1.034863353E0,4.209099337E-3,4.873078167E-1
1.024103062E1,1.098500729E0,-2.773849107E-2,4.646403193E-1
1.025107062E1,1.168404460E0,-4.727384448E-2,4.330997169E-1
1.026111062E1,1.217304945E0,-2.848320082E-2,3.919413388E-1
1.027115062E1,1.226507425E0,1.093987748E-1,2.789074779E-1
1.028119062E1,1.225334644E0,2.237311900E-1,1.838511825E-1
1.029123062E1,1.233639359E0,2.996131778E-1,1.775256395E-1
1.030127062E1,1.235570312E0,4.208529294E-1,1.944224238E-1
1.031131062E1,1.215369225E0,5.543515682E-1,1.572652012E-1
1.032135062E1,1.182084084E0,6.308250427E-1,1.183137074E-1
1.033139062E1,1.141670346E0,7.267220020E-1,5.518214777E-2
1.034143062E1,1.100638270E0,8.387902379E-1,-1.521292143E-2
1.035147162E1,1.055925131E0,9.129139781E-1,-1.005371362E-1
1.036151163E1,1.013579845E0,9.237894416E-1,-1.846927702E-1
1.037155162E1,9.634362459E-1,8.410761356E-1,-2.681338489E-1
1.038159162E1,8.910095096E-1,6.620118618E-1,-3.784118891E-1
1.039163162E1,7.938991785E-1,4.417779744E-1,-4.958293438E-1
1.040167162E1,6.940000653E-1,2.061766684E-1,-5.670560598E-1
1.041171162E1,6.033921242E-1,4.149504378E-2,-5.942120552E-1
1.042175162E1,5.303614736E-1,-3.604042530E-2,-5.795103908E-1
1.043179162E1,4.863351882E-1,-2.389827184E-2,-5.286943316E-1
1.044183162E1,4.271717370E-1,7.476453483E-2,-4.512612522E-1
1.045187162E1,3.342164755E-1,2.456294894E-1,-3.821636736E-1
1.046191162E1,2.323170006E-1,4.596315622E-1,-3.018246293E-1
1.047195162E1,1.956332922E-1,5.883591771E-1,-1.746973097E-1
1.048199162E1,2.593051493E-1,4.675769806E-1,-3.368264064E-2
1.049203262E1,3.546518981E-1,1.247898042E-1,1.005502641E-1
1.050207262E1,4.559336901E-1,-2.748841345E-1,2.355783880E-1
1.051211263E1,4.901561141E-1,-6.095598340E-1,3.331206441E-1
1.052215262E1,3.882030249E-1,-9.639618993E-1,3.193727732E-1
1.053219262E1,2.476461828E-1,-1.110304475E0,2.204821557E-1
1.054223262E1,2.315921187E-1,-8.006249666E-1,2.460080236E-1
1.055227262E1,2.033655494E-1,-4.304042757E-1,3.664260507E-1
1.056231262E1,7.312877476E-2,-2.676499188E-1,3.916446865E-1
1.057235262E1,-3.220856562E-2,-3.076370358E-1,3.962777853E-1
1.058239262E1,-4.772608355E-2,-3.735790253E-1,3.949415684E-1
1.059243262E1,-5.984826013E-2,-4.331278503E-1,4.221939743E-1
1.060247262E1,-1.197472513E-1,-3.966212273E-1,4.789615571E-1
1.061251262E1,-1.474113613E-1,-2.805247307E-1,5.585905910E-1
1.062255262E1,-1.082569733E-1,-1.908968687E-1,6.360658407E-1
1.063259362E1,-1.145750582E-1,-1.379697472E-1,6.563268900E-1
1.064263362E1,-2.395535707E-1,-1.053808108E-1,6.296152472E-1
1.065267362E1,-4.438638389E-1,-1.103822216E-1,5.558164120E-1
1.066271363E1,-6.378546953E-1,-1.870846152E-1,4.418334663E-1
1.067275362E1,-7.964454293E-1,-2.799317539E-1,3.270259500E-1
1.068279362E1,-9.318954945E-1,-3.415962160E-1,2.038872093E-1
1.069283362E1,-1.052490830E0,-3.699599504E-1,4.478383437E-2
1.070287362E1,-1.144292116E0,-3.251830935E-1,-1.251888722E-1
1.071291363E1,-1.196298838E0,-2.094700634E-1,-2.659100294E-1
1.072295362E1,-1.222042084E0,-5.238693208E-2,-3.771342933E-1
1.073299362E1,-1.231941819E0,9.901190549E-2,-4.336159229E-1
1.074303362E1,-1.225373030E0,2.254572213E-1,-4.472925067E-1
1.075307362E1,-1.240387917E0,3.112115562E-1,-4.280388951E-1
1.076311362E1,-1.279327273E0,3.472378254E-1,-3.773986399E-1
1.077315462E1,-1.360158205E0,3.923017085E-1,-3.461198211E-1
1.078319462E1,-1.438513398E0,4.272246063E-1,-3.053808212E-1
1.079323462E1,-1.533872724E0,4.683587253E-1,-2.739885449E-1
1.080327462E1,-1.613494754E0,4.749494791E-1,-2.115250826E-1
1.081331463E1,-1.683593869E0,4.209232628E-1,-1.569126993E-1
1.082335462E1,-1.751569033E0,3.818088770E-1,-1.366314888E-1
1.083339462E1,-1.792094946E0,3.810956776E-1,-1.095564738E-1
1.084343462E1,-1.783514857E0,4.098913074E-1,-3.863079473E-2
1.085347462E1,-1.722097874E0,4.510461986E-1,4.945192486E-2
1.086351463E1,-1.646211863E0,4.827178419E-1,1.501597911E-1
1.087355462E1,-1.554143786E0,5.049381852E-1,2.615020275E-1
1.088359462E1,-1.444491029E0,5.350783467E-1,3.435070813E-1
1.089363462E1,-1.326784611E0,4.772286713E-1,3.796634972E-1
1.090367462E1,-1.198950291E0,3.741071224E-1,4.142737389E-1
1.091371562E1,-1.072553992E0,2.078222781E-1,4.363574684E-1
1.092375562E1,-9.388244748E-1,3.470778465E-2,4.525827765E-1
1.093379562E1,-8.231990337E-1,-8.041214943E-2,4.632825851E-1
1.094383562E1,-6.960030198E-1,-1.272813827E-1,4.677902460E-1
1.095387562E1,-5.518221259E-1,-5.866184086E-2,4.868296981E-1
1.096391562E1,-4.405823946E-1,1.592711657E-1,5.010436177E-1
1.097395562E1,-3.432784975E-1,4.989453554E-1,5.042468309E-1
1.098399562E1,-2.015366256E-1,8.107367158E-1,4.930192232E-1
1.099403562E1,2.124744840E-2,9.804424047E-1,4.751483500E-1
1.100407562E1,2.052809149E-1,9.802252650E-1,3.967636228E-1
1.101411563E1,1.738012880E-1,8.041000366E-1,2.078813314E-1
1.102415562E1,3.876445442E-2,4.765825868E-1,-5.646173283E-2
1.103419562E1,-1.091576293E-1,4.755373672E-2,-3.523618281E-1
1.104423662E1,-2.450800091E-1,-2.852780819E-1,-6.081336737E-1
1.105427662E1,-2.401318550E-1,-6.269275546E-1,-7.346141338E-1
1.106431662E1,-5.852583423E-2,-1.027090073E0,-6.569183469E-1
1.107435662E1,1.721909940E-1,-1.065465212E0,-5.423020124E-1
1.108439662E1,2.856042981E-1,-7.518330812E-1,-4.367324412E-1
1.109443662E1,2.686434388E-1,-4.190388620E-1,-3.477391899E-1
1.110447662E1,3.418734372E-1,-3.245982230E-1,-3.293046951E-1
1.111451662E1,3.513462842E-1,-2.460783720E-1,-3.984720707E-1
1.112455662E1,2.854665518E-1,-1.091648638E-1,-5.033503175E-1
1.113459662E1,2.766786516E-1,-5.738688633E-2,-5.693229437E-1
1.114463662E1,3.864895999E-1,-1.597359329E-1,-5.940676928E-1
1.115467650E1,5.432118177E-1,-3.515482545E-1,-6.549451351E-1
1.116471650E1,6.789798737E-1,-4.030635655E-1,-7.028650045E-1
1.117475750E1,7.336974144E-1,-4.056825042E-1,-7.006630898E-1
1.118479750E1,8.067802787E-1,-4.701516032E-1,-6.687670350E-1
1.119483750E1,8.578373194E-1,-6.041563153E-1,-5.845898390E-1
1.120487750E1,8.675629497E-1,-6.654503942E-1,-4.522034824E-1
1.121491750E1,8.258815408E-1,-6.095107198E-1,-2.946753800E-1
1.122495750E1,7.736722827E-1,-5.205990672E-1,-1.201332137E-1
1.123499750E1,7.369142771E-1,-3.723896742E-1,5.083853751E-2
1.124503750E1,7.462717295E-1,-1.814227402E-1,2.030352652E-1
1.125507750E1,7.892516851E-1,4.589100135E-4,3.316880465E-1
1.126511750E1,8.363478184E-1,1.345847547E-1,4.255436957E-1
1.127515750E1,8.590952158E-1,1.811160445E-1,4.787408710E-1
1.128519750E1,8.722382188E-1,1.391215622E-1,5.197190046E-1
1.129523750E1,9.012631774E-1,5.795745924E-2,5.491264462E-1
1.130527750E1,9.501355290E-1,-6.828526407E-2,5.602210760E-1
1.131531850E1,1.004343390E0,-1.718340218E-1,5.626099110E-1
1.132535850E1,1.053798318E0,-2.300202698E-1,5.065549016E-1
1.133539850E1,1.099125266E0,-1.266802996E-1,3.779051006E-1
1.134543850E1,1.133054495E0,1.374344341E-2,2.844383419E-1
1.135547850E1,1.175450087E0,1.150903031E-1,2.566996813E-1
1.136551850E1,1.202515483E0,1.729049832E-1,2.389620990E-1
1.137555850E1,1.210229039E0,2.476242334E-1,1.888201088E-1
1.138559850E1,1.196343422E0,3.719110787E-1,9.633331746E-2
1.139563850E1,1.167095780E0,4.703191519E-1,-2.837612107E-2
1.140567850E1,1.151329041E0,5.073381066E-1,-1.179503947E-1
1.141571850E1,1.120180964E0,5.813558698E-1,-2.139291167E-1
1.142575850E1,1.057138324E0,6.322221756E-1,-3.088393211E-1
1.143579850E1,9.776058197E-1,4.817492664E-1,-3.689130247E-1
1.144583950E1,8.974133730E-1,2.512815297E-1,-4.231337309E-1
1.145587950E1,8.083364964E-1,6.139573455E-2,-4.887534678E-1
1.146591950E1,7.172265649E-1,-7.761566341E-2,-5.399862528E-1
1.147595950E1,6.293337345E-1,-2.194819897E-1,-5.471256375E-1
1.148599950E1,5.527364016E-1,-3.006619811E-1,-5.007178187E-1
1.149603950E1,4.913633764E-1,-2.644105256E-1,-4.434182942E-1
1.150607950E1,4.180538356E-1,-1.654265523E-1,-3.762041628E-1
1.151611950E1,3.247465193E-1,3.220785409E-3,-3.013408184E-1
1.152615950E1,2.121926248E-1,2.794212997E-1,-2.284618169E-1
1.153619950E1,1.078782007E-1,5.925589800E-1,-1.450657248E-1
1.154623950E1,7.496208698E-2,7.477235794E-1,-2.208450064E-2
1.155627950E1,1.175580174E-1,6.766515374E-1,1.275382936E-1
1.156631950E1,1.897987425E-1,4.270030856E-1,2.666174471E-1
1.157636050E1,2.696283162E-1,8.281295002E-2,3.665693402E-1
1.158640050E1,2.889367044E-1,-2.872482538E-1,3.941934109E-1
1.159644050E1,1.956533790E-1,-6.922069788E-1,3.016831875E-1
1.160648050E1,9.029455483E-2,-9.010161161E-1,1.837332994E-1
1.161652050E1,1.063683331E-1,-6.976507902E-1,1.805644035E-1
1.162656050E1,1.568700373E-1,-3.412919939E-1,3.007302284E-1
1.163660050E1,7.518608868E-2,-1.669420004E-1,3.918375075E-1
1.164664050E1,1.651185751E-2,-1.622127593E-1,4.348009527E-1
1.165668050E1,-6.033666432E-3,-2.429020107E-1,4.610242844E-1
1.166672050E1,-7.637923211E-2,-3.322985172E-1,5.165349841E-1
1.167676050E1,-1.913854331E-1,-3.705646694E-1,5.920222998E-1
1.168680050E1,-2.346705347E-1,-4.494792521E-1,6.681500077E-1
1.169684050E1,-2.355403304E-1,-4.866516590E-1,7.130075097E-1
1.170688150E1,-3.103030622E-1,-4.590076804E-1,7.083539963E-1
1.171692150E1,-4.753497839E-1,-4.105834067E-1,6.378452182E-1
1.172696150E1,-6.355860233E-1,-4.016950428E-1,5.080001950E-1
1.173700150E1,-7.302160859E-1,-4.082544148E-1,3.530109227E-1
1.174704150E1,-7.702859640E-1,-4.228755832E-1,2.046933472E-1
1.175708150E1,-7.937114239E-1,-3.867276907E-1,6.265312433E-2
1.176712150E1,-8.190903068E-1,-3.430173695E-1,-1.001834646E-1
1.177716150E1,-8.539623022E-1,-2.308990806E-1,-2.833213210E-1
1.178720150E1,-8.882758021E-1,-8.512902260E-2,-4.415805638E-1
1.179724150E1,-9.166717529E-1,7.693231851E-2,-5.358615518E-1
1.180728150E1,-9.501889348E-1,2.616746724E-1,-5.890253186E-1
1.181732150E1,-9.941145778E-1,3.988021612E-1,-5.948081613E-1
1.182736150E1,-1.054752231E0,4.822845459E-1,-5.870870948E-1
1.183740250E1,-1.132275701E0,5.219981074E-1,-5.647632480E-1
1.184744250E1,-1.207832813E0,5.365333557E-1,-4.990443885E-1
1.185748250E1,-1.283985138E0,4.754640162E-1,-4.251111448E-1
1.186752250E1,-1.358552814E0,4.067902565E-1,-3.723434508E-1
1.187756250E1,-1.444224596E0,3.817080557E-1,-2.974897027E-1
1.188760250E1,-1.510513186E0,4.458763003E-1,-1.934841126E-1
1.189764250E1,-1.573796272E0,4.837674797E-1,-1.053579822E-1
1.190768250E1,-1.621747851E0,5.078808069E-1,-3.395695239E-2
1.191772250E1,-1.627297640E0,5.302034020E-1,6.315308064E-2
1.192776250E1,-1.594053507E0,5.424423814E-1,1.768181175E-1
1.193780250E1,-1.531521916E0,5.426111817E-1,2.900136709E-1
1.194784250E1,-1.435953975E0,5.144742727E-1,3.811096847E-1
1.195788250E1,-1.321944594E0,4.563223124E-1,4.149805605E-1
1.196792350E1,-1.195636630E0,3.371626437E-1,4.388266504E-1
1.197796350E1,-1.063102841E0,1.820071638E-1,4.645325541E-1
1.198800350E1,-9.354721308E-1,-1.715710014E-2,4.924755991E-1
1.199804350E1,-8.210006952E-1,-1.945798248E-1,5.101445913E-1
1.200808350E1,-6.656276584E-1,-3.077791631E-1,5.098615289E-1
1.201812350E1,-5.177567005E-1,-3.143737018E-1,5.115667582E-1
1.202816350E1,-4.152275920E-1,-1.283416003E-1,4.897351265E-1
1.203820350E1,-2.924209833E-1,2.318546623E-1,4.515552521E-1
1.204824350E1,-1.266393960E-1,6.267787814E-1,4.055002332E-1
1.205828350E1,7.709269971E-2,9.534136057E-1,3.439876139E-1
1.206832350E1,1.506833285E-1,1.144134641E0,2.233574092E-1
1.207836350E1,3.028101660E-2,1.058824539E0,3.040879965E-4
1.208840350E1,-1.111360490E-1,7.293604612E-1,-2.583032250E-1
1.209844450E1,-2.367174178E-1,2.830178440E-1,-4.704530239E-1
1.210848450E1,-2.496253103E-1,-1.544384956E-1,-6.049056053E-1
1.211852450E1,-5.426487327E-2,-6.480900049E-1,-5.659656525E-1
1.212856450E1,2.219587862E-1,-1.009336710E0,-4.368214905E-1
1.213860450E1,3.991756439E-1,-9.269012809E-1,-3.118132353E-1
1.214864450E1,3.210571408E-1,-7.112073898E-1,-1.624202132E-1
1.215868450E1,2.703883648E-1,-6.041038632E-1,-1.631054431E-1
1.216872450E1,3.422603011E-1,-4.896524847E-1,-2.687172890E-1
1.217876450E1,3.007011414E-1,-3.154165149E-1,-4.151687622E-1
1.218880450E1,2.592697740E-1,-2.017100304E-1,-5.615247488E-1
1.219884450E1,4.077412784E-1,-1.222218573E-1,-7.147339582E-1
1.220888450E1,6.947121620E-1,-1.622771621E-1,-8.783806562E-1
1.221892450E1,9.489644170E-1,-2.184072882E-1,-9.748946428E-1
1.222896550E1,1.118219614E0,-3.024581075E-1,-9.873197079E-1
1.223900550E1,1.312272906E0,-4.774871767E-1,-8.892690539E-1
1.224904550E1,1.403901458E0,-6.458983421E-1,-6.812510490E-1
1.225908550E1,1.317776322E0,-6.916272640E-1,-4.070833623E-1
1.226912550E1,1.110709429E0,-6.356664300E-1,-1.433825195E-1
1.227916550E1,9.411014915E-1,-5.141969919E-1,1.132894829E-1
1.228920550E1,8.883884549E-1,-3.798857033E-1,3.247391582E-1
1.229924550E1,9.297582507E-1,-2.611164451E-1,4.833405316E-1
1.230928550E1,9.892085195E-1,-1.273315102E-1,5.687036514E-1
1.231932550E1,1.053345680E0,-9.131102823E-3,5.880821347E-1
1.232936550E1,1.104443073E0,4.129453748E-2,5.651327372E-1
1.233940550E1,1.156005025E0,5.697682500E-2,5.202973485E-1
1.234944650E1,1.202996969E0,4.751557112E-2,4.954150617E-1
1.235948650E1,1.241838098E0,2.852616832E-2,4.659679532E-1
1.236952650E1,1.248035908E0,2.184517495E-2,4.234345853E-1
1.237956650E1,1.231176257E0,2.357383259E-2,3.604729176E-1
1.238960650E1,1.224420309E0,8.861795068E-2,2.825901210E-1
1.239964650E1,1.199291825E0,1.314352006E-1,2.467820346E-1
1.240968650E1,1.155027270E0,1.651519239E-1,2.306937128E-1
1.241972650E1,1.087377906E0,2.184050232E-1,2.109525055E-1
1.242976650E1,1.026787400E0,2.909691632E-1,1.846864522E-1
1.243980650E1,1.005119920E0,3.595538139E-1,1.613563597E-1
1.244984650E1,9.648693204E-1,4.295203984E-1,1.287971139E-1
1.245988650E1,9.089612961E-1,5.205142498E-1,5.137263238E-2
1.246992650E1,8.559126258E-1,5.382668972E-1,-3.835782409E-2
1.247996750E1,7.887071967E-1,4.800882936E-1,-1.352758557E-1
1.249000750E1,7.019612789E-1,3.382336199E-1,-2.338168025E-1
1.250004750E1,6.104840636E-1,1.555985808E-1,-3.450357318E-1
1.251008750E1,5.194832087E-1,-2.450171113E-2,-4.445997775E-1
1.252012750E1,4.314851463E-1,-1.728586853E-1,-4.897419512E-1
1.253016750E1,3.505774140E-1,-2.290607989E-1,-4.922733009E-1
1.254020750E1,3.021832407E-1,-1.650450677E-1,-4.590184093E-1
1.255024750E1,3.048185706E-1,1.343231997E-3,-4.069086611E-1
1.256028750E1,2.947624624E-1,2.055682838E-1,-3.457632959E-1
1.257032750E1,2.443643212E-1,3.903105855E-1,-2.849161923E-1
1.258036750E1,1.508807093E-1,5.894532800E-1,-2.289637178E-1
1.259040750E1,5.565991625E-2,7.529934645E-1,-1.577265561E-1
1.260044750E1,9.525013715E-2,7.703421712E-1,-2.084399015E-2
1.261048850E1,2.045806795E-1,5.594446659E-1,1.328122467E-1
1.262052850E1,3.087028265E-1,2.379890829E-1,2.705685198E-1
1.263056850E1,3.634113073E-1,-8.408500254E-2,3.610054851E-1
1.264060850E1,2.774279416E-1,-4.717786610E-1,3.259478807E-1
1.265064850E1,1.262227148E-1,-8.514628410E-1,2.193126827E-1
1.266068850E1,4.787172005E-2,-7.817769647E-1,2.545250058E-1
1.267072850E1,1.431320794E-2,-5.664118528E-1,4.244895577E-1
1.268076850E1,-6.714969128E-2,-4.768971503E-1,5.427753925E-1
1.269080850E1,-1.470621228E-1,-4.571014941E-1,5.874496102E-1
1.270084850E1,-1.523628831E-1,-4.423060417E-1,6.151794791E-1
1.271088850E1,-9.995267540E-2,-4.569554329E-1,5.996518135E-1
1.272092850E1,-1.153534725E-1,-5.289191008E-1,5.426977277E-1
1.273096950E1,-1.895525903E-1,-6.357868910E-1,4.998876452E-1
1.274100950E1,-2.063147873E-1,-6.937013268E-1,5.003222227E-1
1.275104950E1,-2.121222764E-1,-5.721262097E-1,4.725605845E-1
1.276108950E1,-2.786403298E-1,-4.217297733E-1,4.271363914E-1
1.277112950E1,-4.254260361E-1,-2.995819747E-1,3.574514985E-1
1.278116950E1,-5.567821860E-1,-2.373694479E-1,2.798605561E-1
1.279120950E1,-6.299970150E-1,-2.498646677E-1,2.070334703E-1
1.280124950E1,-6.743256450E-1,-2.627285421E-1,1.264872402E-1
1.281128950E1,-7.279605865E-1,-2.591716647E-1,2.322734892E-2
1.282132950E1,-7.807763815E-1,-2.262933403E-1,-1.011318937E-1
1.283136950E1,-8.265200853E-1,-1.716212034E-1,-2.261646539E-1
1.284140950E1,-8.554888964E-1,-4.678367451E-2,-3.412446380E-1
1.285144950E1,-8.711121678E-1,1.118938625E-1,-4.239735901E-1
1.286149050E1,-8.888128996E-1,2.071602046E-1,-4.830496907E-1
1.287153050E1,-9.098001719E-1,2.711812258E-1,-5.143947601E-1
1.288157050E1,-9.616152048E-1,2.779030204E-1,-5.337511897E-1
1.289161050E1,-1.051531792E0,3.051377237E-1,-5.240090489E-1
1.290165050E1,-1.144469380E0,3.273857832E-1,-5.319913030E-1
1.291169050E1,-1.243106246E0,3.286086321E-1,-5.091217756E-1
1.292173050E1,-1.325740099E0,3.756975830E-1,-4.270561934E-1
1.293177050E1,-1.380566597E0,4.351039231E-1,-3.237854540E-1
1.294181050E1,-1.419527411E0,4.985034168E-1,-2.217643112E-1
1.295185050E1,-1.432948709E0,5.379317403E-1,-1.167777181E-1
1.296189050E1,-1.427071929E0,5.082167387E-1,-4.449873045E-2
1.297193050E1,-1.392378092E0,4.747685492E-1,5.796152726E-2
1.298197050E1,-1.337175250E0,4.691332877E-1,1.886577606E-1
1.299201150E1,-1.275426388E0,4.668284655E-1,3.097566664E-1
1.300205150E1,-1.199198723E0,4.555363953E-1,3.926198483E-1
1.301209150E1,-1.118147254E0,4.023282528E-1,4.577747285E-1
1.302213150E1,-1.015422225E0,3.457057178E-1,5.062032342E-1
1.303217150E1,-9.092139602E-1,2.754741013E-1,5.529026985E-1
1.304221150E1,-7.961473465E-1,2.087206393E-1,6.054809690E-1
1.305225150E1,-6.894108653E-1,1.327007860E-1,6.404106021E-1
1.306229150E1,-6.021372676E-1,1.408303529E-1,6.454488039E-1
1.307233150E1,-5.567875504E-1,2.452894002E-1,6.242056489E-1
1.308237150E1,-4.876851737E-1,5.044559836E-1,5.787284374E-1
1.309241150E1,-2.815573514E-1,8.133686781E-1,5.077307224E-1
1.310245150E1,4.029684514E-2,1.028456450E0,4.064485729E-1
1.311249250E1,2.202016860E-1,1.090914607E0,2.272094041E-1
1.312253250E1,1.113407165E-1,8.886831999E-1,-2.299351059E-2
1.313257250E1,-5.347269401E-2,4.818868637E-1,-3.122005463E-1
1.314261250E1,-2.030693740E-1,2.592785098E-2,-6.326286197E-1
1.315265250E1,-3.667614460E-1,-2.784281671E-1,-8.823122382E-1
1.316269287E1,-3.814072311E-1,-5.250893235E-1,-9.532181025E-1
1.317273287E1,-1.928781569E-1,-8.497806191E-1,-7.732948065E-1
1.318277287E1,2.944173478E-2,-9.668198824E-1,-5.265055299E-1
1.319281287E1,8.647231758E-2,-7.708042860E-1,-3.040933609E-1
1.320285287E1,-6.007131189E-2,-3.935485482E-1,-1.641178876E-1
1.321289287E1,-9.738706052E-2,-1.563734263E-1,-9.427569807E-2
1.322293287E1,-1.510762982E-2,-8.612935990E-2,-5.713871121E-2
1.323297287E1,4.126099870E-2,-1.098122150E-1,-2.660625987E-2
1.324301387E1,7.266685367E-2,-1.966712177E-1,-6.812734157E-2
1.325305387E1,1.985256374E-1,-2.556575835E-1,-2.028133571E-1
1.326309387E1,4.048186243E-1,-1.642895788E-1,-4.477328062E-1
1.327313387E1,5.804475546E-1,1.571983658E-2,-7.266296148E-1
1.328317387E1,6.868051291E-1,1.953108907E-1,-9.249903560E-1
1.329321387E1,8.559191823E-1,1.514087170E-1,-1.019849062E0
1.330325387E1,1.042721629E0,-1.432396919E-1,-1.011871099E0
1.331329387E1,1.132225633E0,-4.403195381E-1,-9.035586715E-1
1.332333387E1,1.122786164E0,-6.063215733E-1,-6.925370097E-1
1.333337387E1,1.034822226E0,-5.967683792E-1,-4.112901092E-1
1.334341387E1,9.397718310E-1,-4.316928983E-1,-9.510312229E-2
1.335345387E1,8.777191043E-1,-2.274967432E-1,1.960564554E-1
1.336349487E1,8.455420136E-1,-8.075737953E-2,4.297475219E-1
1.337353487E1,8.321249485E-1,2.050674520E-2,5.978765488E-1
1.338357487E1,8.462423682E-1,9.119182825E-2,7.017939091E-1
1.339361487E1,8.718339205E-1,1.260300428E-1,7.588868737E-1
1.340365488E1,8.858852983E-1,1.148727313E-1,7.733555436E-1
1.341369487E1,9.134942293E-1,1.095842794E-1,7.649898529E-1
1.342373487E1,9.582065344E-1,1.070782468E-1,7.022761703E-1
1.343377487E1,9.983873963E-1,1.112021729E-1,6.020482183E-1
1.344381487E1,1.012400270E0,1.113161594E-1,4.469817281E-1
1.345385487E1,9.997371435E-1,1.706516147E-1,2.805418670E-1
1.346389487E1,9.903202057E-1,2.796774209E-1,1.623632908E-1
1.347393487E1,1.004490852E0,3.188360631E-1,1.129507348E-1
1.348397587E1,1.028074026E0,3.700507581E-1,6.247024983E-2
1.349401587E1,1.034161925E0,4.513327479E-1,2.719575074E-3
1.350405588E1,1.042704821E0,5.245596170E-1,-4.218585044E-2
1.351409587E1,1.044660568E0,5.931760073E-1,-8.935299516E-2
1.352413587E1,1.029275775E0,6.235166192E-1,-1.514824182E-1
1.353417587E1,9.807610512E-1,6.185227633E-1,-2.290297598E-1
1.354421587E1,9.124768376E-1,4.797752798E-1,-2.598086894E-1
1.355425588E1,8.346318007E-1,2.903107107E-1,-2.666848004E-1
1.356429587E1,7.642689943E-1,1.260719746E-1,-2.698105574E-1
1.357433587E1,6.905347705E-1,-3.037698381E-2,-2.800703943E-1
1.358437587E1,6.126959324E-1,-1.444641352E-1,-2.841032147E-1
1.359441587E1,5.272255540E-1,-1.830090284E-1,-2.840048671E-1
1.360445587E1,4.481946230E-1,-1.730408072E-1,-2.866877317E-1
1.361449687E1,3.674193025E-1,-9.049441665E-2,-2.946055830E-1
1.362453687E1,2.165064812E-1,4.167187959E-2,-3.012280464E-1
1.363457687E1,1.317119505E-2,2.591049969E-1,-3.042809367E-1
1.364461687E1,-1.718135774E-1,4.955273867E-1,-2.783619761E-1
1.365465687E1,-1.908468753E-1,5.639715791E-1,-1.778486967E-1
1.366469687E1,-8.182638139E-2,4.445719719E-1,-2.645305172E-2
1.367473687E1,3.761216626E-2,1.819220781E-1,1.706603765E-1
1.368477687E1,1.623027027E-1,-1.377608478E-1,3.556147814E-1
1.369481687E1,1.893188059E-1,-4.420661032E-1,4.325690269E-1
1.370485688E1,7.452936471E-2,-7.908310294E-1,3.648073077E-1
1.371489687E1,-3.087139875E-2,-7.388518453E-1,3.326331079E-1
1.372493687E1,-4.898648709E-2,-4.871480167E-1,4.345048964E-1
1.373497787E1,-7.571518421E-2,-4.040261209E-1,5.135897398E-1
1.374501787E1,-1.532693803E-1,-4.531936646E-1,4.946547151E-1
1.375505787E1,-1.522506922E-1,-5.413928032E-1,4.950320721E-1
1.376509787E1,-2.466503531E-2,-6.249665618E-1,4.801657796E-1
1.377513787E1,1.006094515E-1,-6.564474702E-1,4.353167117E-1
1.378517787E1,4.263003916E-2,-6.772771478E-1,3.873856664E-1
1.379521787E1,-8.525745943E-3,-6.842836738E-1,4.000602961E-1
1.380525787E1,-2.025004663E-2,-6.587594151E-1,4.021639228E-1
1.381529787E1,-7.264996320E-2,-6.250109076E-1,3.888916075E-1
1.382533787E1,-2.302220017E-1,-5.420513153E-1,3.353567421E-1
1.383537787E1,-3.893051147E-1,-4.158464670E-1,2.580815852E-1
1.384541787E1,-5.033875108E-1,-3.134713471E-1,1.763675213E-1
1.385545887E1,-6.022372842E-1,-2.676414251E-1,1.034873948E-1
1.386549887E1,-6.944377422E-1,-2.628586590E-1,6.011248752E-2
1.387553887E1,-8.058673143E-1,-1.862774789E-1,-5.700781941E-3
1.388557887E1,-8.973673582E-1,-4.686419293E-2,-7.712543011E-2
1.389561887E1,-9.705423713E-1,1.295098066E-1,-1.370408088E-1
1.390565887E1,-1.021592498E0,2.956644297E-1,-1.921924800E-1
1.391569887E1,-1.060864449E0,3.508505523E-1,-2.415469587E-1
1.392573887E1,-1.093490601E0,3.018795252E-1,-2.557319999E-1
1.393577887E1,-1.133046269E0,1.756153703E-1,-2.531522214E-1
1.394581887E1,-1.188339591E0,2.321731672E-2,-2.828983963E-1
1.395585887E1,-1.258082032E0,-1.150161326E-1,-3.238233626E-1
1.396589887E1,-1.343517065E0,-1.767356843E-1,-3.401581347E-1
1.397593887E1,-1.418389678E0,-1.543697268E-1,-3.171863556E-1
1.398597987E1,-1.470402479E0,-6.932700425E-2,-2.647145987E-1
1.399601987E1,-1.508787394E0,5.522360280E-2,-2.071627975E-1
1.400605987E1,-1.526659608E0,1.886109412E-1,-1.231270134E-1
1.401609987E1,-1.526292205E0,3.263318837E-1,-4.733090103E-2
1.402613988E1,-1.509835720E0,4.620343149E-1,2.972747199E-3
1.403617987E1,-1.472304702E0,5.845525265E-1,4.850510508E-2
1.404621987E1,-1.411906600E0,7.538453937E-1,1.183896512E-1
1.405625987E1,-1.327009559E0,9.129400253E-1,2.440911084E-1
1.406629987E1,-1.218935251E0,9.642831087E-1,3.397231102E-1
1.407633987E1,-1.106049180E0,8.658979535E-1,4.101859927E-1
1.408637987E1,-9.871606231E-1,6.805925369E-1,4.556285739E-1
1.409641987E1,-8.805502653E-1,4.650476277E-1,4.692139030E-1
1.410646087E1,-7.750443220E-1,2.504141629E-1,4.819986820E-1
1.411650087E1,-6.443914771E-1,9.355081618E-2,4.977111220E-1
1.412654088E1,-5.364783406E-1,7.503119111E-2,5.243738890E-1
1.413658087E1,-4.734449387E-1,2.267510295E-1,5.393163562E-1
1.414662087E1,-3.904328644E-1,4.929379821E-1,5.440506339E-1
1.415666087E1,-2.080010176E-1,7.062706351E-1,5.315662026E-1
1.416670062E1,2.722693980E-2,7.876943946E-1,4.593111873E-1
1.417674063E1,1.322798282E-1,7.908547521E-1,2.911558151E-1
1.418678062E1,1.639183983E-2,6.181316972E-1,3.665161878E-2
1.419682062E1,-1.307832003E-1,3.150445521E-1,-2.643522322E-1
1.420686062E1,-2.781241834E-1,-7.313010097E-2,-5.749967098E-1
1.421690062E1,-3.935011327E-1,-3.778383136E-1,-7.742056847E-1
1.422694162E1,-2.940650880E-1,-7.349541187E-1,-7.697283626E-1
1.423698162E1,-5.980115756E-2,-9.020604491E-1,-6.248030066E-1
1.424702162E1,1.296457499E-1,-7.010383606E-1,-4.646106660E-1
1.425706162E1,1.286002547E-1,-4.673710763E-1,-3.285107315E-1
1.426710162E1,1.467473060E-1,-4.024943411E-1,-2.937588692E-1
1.427714163E1,2.444233596E-1,-3.846086562E-1,-3.405421674E-1
1.428718162E1,2.008164823E-1,-3.112484217E-1,-4.338548183E-1
1.429722162E1,1.465395391E-1,-2.879553437E-1,-5.091964602E-1
1.430726162E1,2.561744153E-1,-3.681010306E-1,-5.955758095E-1
1.431730162E1,4.485090077E-1,-3.872407377E-1,-7.333112955E-1
1.432734163E1,6.289117932E-1,-3.348443806E-1,-8.247908950E-1
1.433738162E1,7.344103456E-1,-2.770742476E-1,-8.187909722E-1
1.434742162E1,8.626628518E-1,-3.840017617E-1,-7.531555295E-1
1.435746262E1,9.519845843E-1,-5.944260359E-1,-6.556769013E-1
1.436750262E1,9.544264674E-1,-6.929864287E-1,-5.297535658E-1
1.437754262E1,8.959455490E-1,-6.265929937E-1,-3.538040817E-1
1.438758262E1,8.277052641E-1,-4.550556242E-1,-1.374507546E-1
1.439762262E1,7.885850072E-1,-2.312258035E-1,9.847850353E-2
1.440766262E1,7.869248390E-1,-4.558856040E-2,2.929502726E-1
1.441770262E1,8.324484825E-1,5.637727678E-2,4.119915068E-1
1.442774262E1,8.857585788E-1,7.744527608E-2,4.798065126E-1
1.443778262E1,9.219763279E-1,2.584861964E-2,5.132606030E-1
1.444782262E1,9.560376406E-1,-5.415780097E-2,5.490564108E-1
1.445786262E1,9.894068241E-1,-1.516361684E-1,5.926120281E-1
1.446790262E1,1.022319198E0,-2.660863101E-1,6.373366714E-1
1.447794362E1,1.059686661E0,-3.209548891E-1,6.463600397E-1
1.448798362E1,1.080635071E0,-2.758446634E-1,5.875808597E-1
1.449802362E1,1.072042108E0,-1.997497082E-1,4.656195641E-1
1.450806362E1,1.058283687E0,-9.013373405E-2,3.690751791E-1
1.451810362E1,1.065523386E0,2.226750925E-2,3.250206709E-1
1.452814362E1,1.090038776E0,1.605055481E-1,2.905369997E-1
1.453818362E1,1.104411602E0,3.003430665E-1,1.860126108E-1
1.454822362E1,1.118201256E0,4.184292257E-1,7.424054295E-2
1.455826362E1,1.128725529E0,4.894096851E-1,-8.455673233E-3
1.456830362E1,1.121003628E0,4.971165955E-1,-8.176770806E-2
1.457834362E1,1.078908682E0,5.301691294E-1,-1.641734391E-1
1.458838362E1,9.930010438E-1,5.399540663E-1,-2.688567042E-1
1.459842463E1,8.891155720E-1,4.778536856E-1,-3.544556797E-1
1.460846462E1,7.810103893E-1,3.708635867E-1,-3.908091486E-1
1.461850462E1,6.784953475E-1,1.999464631E-1,-4.143496156E-1
1.462854462E1,5.762158632E-1,1.061062515E-2,-4.317525625E-1
1.463858462E1,4.679849446E-1,-1.596478820E-1,-4.374706447E-1
1.464862462E1,3.572592139E-1,-2.436714172E-1,-4.059918225E-1
1.465866462E1,2.885184288E-1,-2.295369953E-1,-3.606017232E-1
1.466870462E1,2.344841957E-1,-7.924257219E-2,-3.276882470E-1
1.467874462E1,1.298225969E-1,1.279582232E-1,-2.893604040E-1
1.468878462E1,-6.521403790E-3,4.143428504E-1,-2.540381253E-1
1.469882462E1,-1.278777868E-1,7.229411602E-1,-2.157983035E-1
1.470886462E1,-1.139207035E-1,8.433959484E-1,-1.320674568E-1
1.471890462E1,2.213087492E-2,7.172896862E-1,1.425486989E-2
1.472894562E1,1.401201040E-1,3.898169994E-1,1.793535352E-1
1.473898562E1,1.994585395E-1,3.064600565E-2,2.923661172E-1
1.474902563E1,1.047445461E-1,-2.934750617E-1,3.258926570E-1
1.475906562E1,-2.030194923E-2,-3.528313637E-1,3.063387871E-1
1.476910562E1,-4.889391363E-2,-9.251270443E-2,3.877068758E-1
1.477914562E1,-9.229262918E-2,-1.932836138E-2,5.136080980E-1
1.478918562E1,-2.418475002E-1,-3.265724480E-1,5.246900916E-1
1.479922562E1,-2.500539720E-1,-5.868955255E-1,5.288443565E-1
1.480926562E1,-9.883435816E-2,-6.588197351E-1,5.325471759E-1
1.481930562E1,3.050704859E-2,-6.923609376E-1,5.264880657E-1
1.482934562E1,4.099084809E-2,-7.636401653E-1,5.227801204E-1
1.483938562E1,-1.450152975E-2,-8.166162968E-1,5.006856918E-1
1.484942662E1,-2.063825168E-2,-8.515444398E-1,4.540439248E-1
1.485946662E1,-4.976370186E-2,-9.080685377E-1,3.790712953E-1
1.486950662E1,-1.371787637E-1,-8.588588834E-1,3.151117563E-1
1.487954662E1,-2.694404423E-1,-6.744633913E-1,2.523197532E-1
1.488958662E1,-3.961110413E-1,-4.514854252E-1,1.745530367E-1
1.489962663E1,-5.065220594E-1,-2.181783020E-1,8.252376318E-2
1.490966662E1,-5.964021087E-1,-2.301733941E-2,-5.111278500E-3
1.491970662E1,-6.797763705E-1,1.087760031E-1,-7.319428027E-2
1.492974662E1,-7.693603039E-1,2.640502751E-1,-1.258548349E-1
1.493978662E1,-8.636292815E-1,4.516252279E-1,-1.569544375E-1
1.494982663E1,-9.532209635E-1,6.104207039E-1,-1.738463342E-1
1.495986662E1,-1.036770105E0,7.312340736E-1,-2.069381475E-1
1.496990762E1,-1.084811926E0,7.546989322E-1,-2.349146456E-1
1.497994762E1,-1.109633446E0,6.544009447E-1,-2.671150863E-1
1.498998762E1,-1.137454629E0,4.865237772E-1,-3.086039424E-1
1.500002762E1,-1.177216768E0,3.132880628E-1,-3.737486005E-1
1.501006762E1,-1.244431734E0,1.293081343E-1,-4.690948129E-1
1.502010762E1,-1.316104889E0,7.281783968E-3,-5.107652545E-1
1.503014762E1,-1.384007692E0,-3.760579601E-2,-5.080171227E-1
1.504018762E1,-1.447283626E0,3.881219402E-2,-4.568670988E-1
1.505022763E1,-1.512013078E0,1.861254871E-1,-4.202632606E-1
1.506026762E1,-1.544799447E0,2.763909101E-1,-3.646557331E-1
1.507030762E1,-1.547961593E0,3.787955940E-1,-2.743876278E-1
1.508034762E1,-1.525966406E0,5.130875111E-1,-1.695857048E-1
1.509038762E1,-1.468940973E0,6.784570217E-1,-1.212017424E-2
1.510042862E1,-1.376615882E0,7.470909953E-1,1.539407820E-1
1.511046862E1,-1.269595861E0,7.429614663E-1,2.910238206E-1
1.512050862E1,-1.161277175E0,6.459595561E-1,3.998829126E-1
1.513054862E1,-1.070984006E0,4.846462309E-1,4.733909667E-1
1.514058862E1,-9.964698553E-1,3.326615989E-1,5.348747373E-1
1.515062862E1,-9.305427670E-1,2.439178675E-1,5.813290477E-1
1.516066887E1,-8.313695788E-1,1.534550786E-1,6.162145734E-1
1.517070887E1,-6.948054433E-1,8.362098038E-2,6.575115919E-1
1.518074887E1,-5.576754212E-1,8.852904290E-2,6.818818450E-1
1.519078887E1,-4.633337855E-1,2.201083750E-1,6.869397163E-1
1.520082887E1,-3.430545330E-1,4.241631329E-1,6.588357687E-1
1.521086887E1,-1.521964520E-1,6.102962494E-1,6.111452579E-1
1.522090988E1,6.451509148E-2,7.029824257E-1,5.121721625E-1
1.523094987E1,1.548463106E-1,7.660985589E-1,3.162354231E-1
1.524098987E1,4.600818828E-2,7.090910673E-1,2.744807675E-2
1.525102987E1,-1.260898113E-1,4.714848995E-1,-2.902161777E-1
1.526106987E1,-2.923814654E-1,9.217973799E-2,-5.259406567E-1
1.527110988E1,-3.559103608E-1,-3.324418366E-1,-6.494559050E-1
1.528114987E1,-2.073582858E-1,-8.774634600E-1,-5.847234726E-1
1.529118987E1,4.991213977E-2,-1.125501752E0,-4.207819104E-1
1.530122987E1,2.540630400E-1,-8.575990200E-1,-2.677273452E-1
1.531126987E1,2.907052040E-1,-4.078920782E-1,-1.815149635E-1
1.532130987E1,3.460207283E-1,-1.154246107E-1,-2.068120390E-1
1.533134987E1,4.394057989E-1,2.806956181E-3,-2.976692617E-1
1.534139087E1,4.224631190E-1,7.134813070E-2,-4.580963254E-1
1.535143087E1,3.455419540E-1,6.059641764E-2,-6.092845201E-1
1.536147087E1,3.548577428E-1,-5.657381937E-2,-7.276044488E-1
1.537151088E1,4.856724739E-1,-1.831591874E-1,-8.332512379E-1
1.538155087E1,6.664474010E-1,-2.361086309E-1,-8.668013811E-1
1.539159087E1,7.999308705E-1,-3.710232973E-1,-8.065148592E-1
1.540163087E1,9.316426516E-1,-5.761162043E-1,-6.752980351E-1
1.541167087E1,1.008780360E0,-8.379212022E-1,-4.853562713E-1
1.542171088E1,1.004119992E0,-9.825990796E-1,-2.775149047E-1
1.543175087E1,9.137458801E-1,-9.327758551E-1,-7.448403537E-2
1.544179087E1,8.067815900E-1,-7.474242449E-1,1.296359003E-1
1.545183087E1,7.515135407E-1,-4.620438814E-1,3.309905827E-1
1.546187187E1,7.474990487E-1,-1.636150926E-1,4.881983995E-1
1.547191187E1,7.869623303E-1,7.435219735E-2,5.674362183E-1
1.548195187E1,8.458979726E-1,2.406710386E-1,5.760475397E-1
1.549199187E1,8.971963525E-1,3.698441982E-1,5.458307862E-1
1.550203187E1,9.356001616E-1,4.522506595E-1,4.984741211E-1
1.551207187E1,9.733585119E-1,4.526543915E-1,4.531607032E-1
1.552211187E1,1.022554755E0,3.731190860E-1,4.284790754E-1
1.553215187E1,1.078935146E0,2.761169076E-1,3.960534930E-1
1.554219187E1,1.122771502E0,2.414546609E-1,3.219736516E-1
1.555223187E1,1.146460772E0,2.989706695E-1,2.441709936E-1
1.556227187E1,1.143432856E0,3.822214603E-1,2.204283774E-1
1.557231188E1,1.117728829E0,4.004771411E-1,2.307800800E-1
1.558235187E1,1.091084599E0,3.860877454E-1,2.420026511E-1
1.559239287E1,1.073925138E0,4.174677730E-1,2.334600240E-1
1.560243287E1,1.070018888E0,4.716254175E-1,1.682623923E-1
1.561247287E1,1.066331983E0,5.380039215E-1,1.020072103E-1
1.562251287E1,1.045183778E0,5.473707914E-1,3.201701492E-2
1.563255287E1,1.027488351E0,5.140695572E-1,-5.378337950E-2
1.564259287E1,9.898968339E-1,4.302154183E-1,-1.399393827E-1
1.565263287E1,9.210048318E-1,3.033371270E-1,-2.232161611E-1
1.566267287E1,8.235786557E-1,1.395724416E-1,-2.903937697E-1
1.567271287E1,7.196586132E-1,3.274590708E-4,-3.581336737E-1
1.568275287E1,6.150379777E-1,-1.011277214E-1,-4.389617741E-1
1.569279287E1,5.109579563E-1,-2.385561615E-1,-4.807007015E-1
1.570283287E1,4.225870967E-1,-3.566656113E-1,-4.797880054E-1
1.571287387E1,3.302555680E-1,-4.134127796E-1,-4.559878707E-1
1.572291387E1,2.687076926E-1,-3.919984698E-1,-4.191267192E-1
1.573295387E1,1.775327772E-1,-3.141063452E-1,-3.534622192E-1
1.574299387E1,3.597299010E-2,-1.586712003E-1,-2.736214697E-1
1.575303387E1,-1.194624007E-1,1.229442284E-1,-1.926592439E-1
1.576307387E1,-1.891321689E-1,4.241794348E-1,-9.277096391E-2
1.577311387E1,-1.293756217E-1,5.481815338E-1,3.114325926E-2
1.578315387E1,-4.286260530E-2,4.428532422E-1,1.909518987E-1
1.579319387E1,5.355607718E-2,2.049213648E-1,3.436791599E-1
1.580323387E1,6.548213214E-2,-1.008187830E-1,3.869844377E-1
1.581327387E1,-2.636390738E-2,-4.332169592E-1,3.060765266E-1
1.582331387E1,-8.627779782E-2,-4.307938218E-1,2.357275337E-1
1.583335387E1,-4.297586530E-2,-3.237142563E-1,2.876525223E-1
1.584339488E1,-7.252678275E-2,-3.707174659E-1,3.184103668E-1
1.585343487E1,-1.329911947E-1,-4.990469813E-1,3.179429770E-1
1.586347487E1,-1.355464906E-1,-6.117375493E-1,3.541435897E-1
1.587351487E1,-1.812506095E-2,-6.503363252E-1,3.553894162E-1
1.588355487E1,4.250257835E-2,-6.516700387E-1,3.555718362E-1
1.589359488E1,5.443094298E-3,-5.785787702E-1,4.530800283E-1
1.590363487E1,-4.897153936E-3,-4.805221558E-1,5.547106266E-1
1.591367487E1,-3.561884910E-2,-3.147765994E-1,6.067330837E-1
1.592371487E1,-2.044401616E-1,-2.329267412E-1,5.753836036E-1
1.593375487E1,-4.721959829E-1,-2.331651002E-1,4.694899619E-1
1.594379487E1,-6.437786222E-1,-2.569742501E-1,3.231787384E-1
1.595383487E1,-7.325460315E-1,-3.028139174E-1,1.653720438E-1
1.596387587E1,-7.969678640E-1,-3.196336627E-1,1.710767113E-2
1.597391587E1,-8.437212706E-1,-2.449596971E-1,-1.438918710E-1
1.598395587E1,-8.749906421E-1,-9.665606916E-2,-3.060110509E-1
1.599399588E1,-9.139220715E-1,7.117953897E-2,-4.304147661E-1
1.600403587E1,-9.489680529E-1,2.404738516E-1,-5.168742537E-1
1.601407587E1,-9.785235524E-1,3.412537277E-1,-5.657621622E-1
1.602411587E1,-1.011111856E0,3.865210116E-1,-5.779145360E-1
1.603415587E1,-1.066299200E0,3.747956455E-1,-5.617352724E-1
1.604419588E1,-1.149011135E0,3.090167344E-1,-5.279503465E-1
1.605423587E1,-1.252944231E0,2.171462029E-1,-4.789705276E-1
1.606427587E1,-1.342530370E0,1.764494777E-1,-4.100991488E-1
1.607431587E1,-1.403389692E0,1.260734051E-1,-3.473105729E-1
1.608435687E1,-1.436438680E0,7.985971868E-2,-3.210402727E-1
1.609439687E1,-1.449943066E0,9.442774206E-2,-2.756131291E-1
1.610443687E1,-1.461060286E0,1.580958217E-1,-2.011047006E-1
1.611447687E1,-1.469653487E0,2.287207246E-1,-1.250711828E-1
1.612451687E1,-1.461105466E0,2.460474670E-1,-7.484072447E-2
1.613455687E1,-1.433175564E0,2.562591136E-1,4.976021592E-5
1.614459687E1,-1.376033068E0,3.118945956E-1,7.508327067E-2
1.615463687E1,-1.282887936E0,3.773516119E-1,1.706643850E-1
1.616467700E1,-1.151838899E0,4.869306087E-1,2.715790272E-1
1.617471700E1,-1.018567443E0,5.180427432E-1,3.549644649E-1
1.618475700E1,-8.903390765E-1,4.298184514E-1,3.843781948E-1
1.619479700E1,-7.659393549E-1,2.619985342E-1,4.069436789E-1
1.620483800E1,-6.564947963E-1,1.105632335E-1,4.253495932E-1
1.621487800E1,-5.453285575E-1,-2.097265562E-3,4.540150762E-1
1.622491800E1,-4.051877558E-1,-6.748227775E-2,4.983289242E-1
1.623495800E1,-2.700685561E-1,-5.409350246E-2,5.455768108E-1
1.624499800E1,-1.702034026E-1,7.429700345E-2,5.829862952E-1
1.625503800E1,-5.168980360E-2,2.778642476E-1,6.092618704E-1
1.626507800E1,1.308273971E-1,4.663857818E-1,6.087800264E-1
1.627511800E1,3.423718810E-1,6.365265846E-1,5.480898023E-1
1.628515800E1,4.045569599E-1,7.366977930E-1,3.982027471E-1
1.629519800E1,2.453497350E-1,6.849685311E-1,1.575307399E-1
1.630523800E1,8.953723311E-2,4.854543507E-1,-1.329950988E-1
1.631527900E1,-3.025228344E-2,1.813988388E-1,-4.147474170E-1
1.632531900E1,-1.003869027E-1,-1.151133180E-1,-6.180413365E-1
1.633535900E1,-8.022568654E-4,-4.781170785E-1,-6.362317801E-1
1.634539900E1,2.253603488E-1,-8.693526387E-1,-5.221166015E-1
1.635543900E1,4.380348027E-1,-9.911783934E-1,-3.697027862E-1
1.636547900E1,4.490871727E-1,-7.785286903E-1,-2.239620984E-1
1.637551900E1,3.317046165E-1,-4.557722807E-1,-1.887873262E-1
1.638555900E1,3.287227154E-1,-2.463422418E-1,-2.262342125E-1
1.639559900E1,3.429123163E-1,-1.807035804E-1,-2.734637558E-1
1.640563900E1,2.925134301E-1,-1.218419895E-1,-3.487513661E-1
1.641567900E1,2.535497844E-1,-1.507926732E-1,-4.421055615E-1
1.642572000E1,2.845374942E-1,-2.374735326E-1,-5.683073401E-1
1.643576000E1,3.362145424E-1,-2.719561458E-1,-6.896148920E-1
1.644580000E1,4.159758687E-1,-2.088344246E-1,-7.682800293E-1
1.645584000E1,5.575883389E-1,-1.771555990E-1,-7.333699465E-1
1.646588000E1,7.127860785E-1,-3.101500869E-1,-6.124035120E-1
1.647592000E1,8.250278831E-1,-5.391880274E-1,-4.481703639E-1
1.648596000E1,8.564627171E-1,-6.689547300E-1,-2.585404813E-1
1.649600000E1,8.374621272E-1,-6.676231623E-1,-9.128917009E-2
1.650604000E1,7.762763500E-1,-5.600169897E-1,5.973979831E-2
1.651608000E1,7.405897379E-1,-4.144015014E-1,2.277850062E-1
1.652612000E1,7.583889961E-1,-2.583180070E-1,3.682319522E-1
1.653616100E1,8.202749491E-1,-1.225346029E-1,4.434241652E-1
1.654620100E1,8.916593790E-1,-1.777114812E-4,4.672506750E-1
1.655624100E1,9.263340235E-1,4.449708015E-2,4.680424333E-1
1.656628100E1,9.467586875E-1,-7.614471018E-3,4.601586163E-1
1.657632100E1,9.759709239E-1,-1.236550584E-1,4.712781012E-1
1.658636100E1,1.017129421E0,-2.496864200E-1,4.990944266E-1
1.659640100E1,1.061945915E0,-3.111348450E-1,5.048567057E-1
1.660644100E1,1.082810760E0,-3.027481437E-1,3.952954412E-1
1.661648100E1,1.065401316E0,-1.521035135E-1,3.413866758E-1
1.662652100E1,1.065384626E0,-3.987521306E-2,2.993658781E-1
1.663656100E1,1.081964135E0,-4.529634491E-2,2.922999859E-1
1.664660100E1,1.124594212E0,1.663146913E-2,2.780808806E-1
1.665664200E1,1.159251094E0,2.090440542E-1,2.361491174E-1
1.666668200E1,1.166224837E0,3.853293359E-1,1.866912842E-1
1.667672200E1,1.147617817E0,5.435171723E-1,1.469089240E-1
1.668676200E1,1.118288398E0,6.803020239E-1,7.135426253E-2
1.669680200E1,1.076572180E0,7.468975782E-1,-2.743197419E-2
1.670684200E1,1.008643985E0,7.233124375E-1,-1.343505234E-1
1.671688200E1,9.094809294E-1,5.775706768E-1,-2.371884882E-1
1.672692200E1,7.827947140E-1,3.748825788E-1,-3.254399300E-1
1.673696200E1,6.411648393E-1,1.750815660E-1,-3.959953189E-1
1.674700200E1,5.073940754E-1,-9.180877358E-3,-4.469323456E-1
1.675704300E1,3.859522939E-1,-2.106644511E-1,-4.623800218E-1
1.676708300E1,2.900536358E-1,-3.656448126E-1,-4.469888508E-1
1.677712300E1,2.185962349E-1,-4.417989850E-1,-4.084997773E-1
1.678716300E1,1.776998341E-1,-4.611957967E-1,-3.563236594E-1
1.679720300E1,1.317621768E-1,-3.952005506E-1,-3.038766980E-1
1.680724300E1,3.815493360E-2,-2.622886300E-1,-2.618044913E-1
1.681728300E1,-9.113647789E-2,-5.426378176E-2,-2.148811817E-1
1.682732300E1,-2.038457543E-1,2.029036582E-1,-1.551523656E-1
1.683736300E1,-1.675623208E-1,4.126313031E-1,-5.386329070E-2
1.684740300E1,-5.273346975E-2,4.778161645E-1,1.014621183E-1
1.685744400E1,5.979999900E-2,3.644794822E-1,2.990588248E-1
1.686748400E1,1.486227512E-1,1.080718040E-1,4.354541898E-1
1.687752400E1,1.478903741E-1,-1.687536687E-1,4.795201719E-1
1.688756400E1,1.142067611E-1,-2.632597387E-1,4.910721779E-1
1.689760400E1,5.996882170E-2,-1.797235757E-1,5.433260798E-1
1.690764400E1,-6.328116357E-2,-3.006442189E-1,5.714261532E-1
1.691768400E1,-1.642937958E-1,-5.658074617E-1,5.060415864E-1
1.692772400E1,-1.172769070E-1,-6.726016402E-1,4.582070708E-1
1.693776400E1,-5.965296179E-3,-6.444248557E-1,4.218280315E-1
1.694780400E1,8.224888891E-2,-5.929647684E-1,4.053743482E-1
1.695784500E1,1.024803892E-1,-5.296390653E-1,4.263816476E-1
1.696788500E1,1.296148002E-1,-5.051834583E-1,4.759275317E-1
1.697792500E1,2.298753709E-1,-5.644265413E-1,5.060611963E-1
1.698796500E1,2.858019173E-1,-6.037453413E-1,4.627422690E-1
1.699800500E1,2.349917293E-1,-5.456157327E-1,3.777687848E-1
1.700804500E1,1.347084939E-1,-4.927994013E-1,2.637821138E-1
1.701808500E1,6.995666772E-2,-4.945043623E-1,1.310474873E-1
1.702812500E1,1.899411529E-2,-5.135211349E-1,-1.743427664E-2
1.703816500E1,-5.522658303E-2,-4.980593622E-1,-1.644181311E-1
1.704820500E1,-1.548967212E-1,-3.681629598E-1,-3.147588372E-1
1.705824600E1,-2.462522089E-1,-1.351118535E-1,-4.557361901E-1
1.706828600E1,-3.192828000E-1,1.333839148E-1,-5.553230047E-1
1.707832600E1,-3.717319071E-1,4.141846597E-1,-6.278768182E-1
1.708836600E1,-4.141562879E-1,6.212696433E-1,-6.591319442E-1
1.709840600E1,-4.536802769E-1,7.010046840E-1,-6.360484958E-1
1.710844600E1,-5.190511346E-1,6.796842813E-1,-5.827524066E-1
1.711848600E1,-5.993233323E-1,5.813210011E-1,-5.304458141E-1
1.712852600E1,-6.751655340E-1,4.524485171E-1,-4.579620957E-1
1.713856600E1,-7.469761372E-1,3.062356412E-1,-3.994849324E-1
1.714860600E1,-8.100940585E-1,1.633464545E-1,-3.430862129E-1
1.715864700E1,-8.578999639E-1,6.457486749E-2,-2.736376226E-1
1.716868700E1,-8.976494074E-1,5.606172234E-2,-1.915395111E-1
1.717872700E1,-9.271010756E-1,7.927543670E-2,-1.040962264E-1
1.718876700E1,-9.469335675E-1,1.032653674E-1,-2.653248981E-2
1.719880700E1,-9.437441826E-1,1.344776005E-1,5.342359468E-2
1.720884700E1,-9.220919013E-1,1.751859784E-1,1.011794284E-1
1.721888700E1,-8.734096289E-1,2.715532482E-1,1.516798884E-1
1.722892700E1,-7.998125553E-1,4.161661267E-1,1.956344396E-1
1.723896700E1,-7.017328739E-1,5.537801981E-1,2.413087189E-1
1.724900700E1,-5.903187394E-1,6.096393466E-1,2.709505856E-1
1.725904800E1,-4.794883430E-1,5.772153735E-1,2.928841114E-1
1.726908800E1,-3.868410587E-1,4.921220541E-1,3.099947870E-1
1.727912800E1,-3.015708923E-1,3.878832757E-1,3.384557366E-1
1.728916800E1,-2.231314480E-1,2.514671385E-1,3.834143281E-1
1.729920800E1,-1.450877786E-1,1.082433909E-1,4.304758310E-1
1.730924800E1,-6.515865028E-2,3.941689618E-3,4.759297371E-1
1.731928800E1,1.709733717E-2,-5.398366228E-2,5.258107781E-1
1.732932800E1,9.985532612E-2,-1.448692754E-2,5.570928454E-1
1.733936800E1,2.107030153E-1,1.176221073E-1,5.858891010E-1
1.734940900E1,3.701187074E-1,2.467268854E-1,5.914197564E-1
1.735944900E1,4.905726910E-1,3.014010489E-1,5.417539477E-1
1.736948900E1,4.474294186E-1,2.740124464E-1,4.054336846E-1
1.737952900E1,3.165358603E-1,1.834886670E-1,1.742001921E-1
1.738956900E1,2.147731483E-1,2.788959257E-2,-6.121969596E-2
1.739960900E1,1.863114238E-1,-1.603817791E-1,-2.351616621E-1
1.740964900E1,2.890632153E-1,-4.422470033E-1,-3.587107062E-1
1.741968900E1,4.661517143E-1,-7.242091894E-1,-4.030795097E-1
1.742972900E1,6.411185861E-1,-7.101506591E-1,-3.498405218E-1
1.743977000E1,6.863291860E-1,-5.753347874E-1,-2.145612389E-1
1.744981000E1,6.920795441E-1,-5.125377178E-1,-1.096170470E-1
1.745985000E1,7.099655867E-1,-5.071176887E-1,-5.943110585E-2
1.746989000E1,6.952690482E-1,-4.755160213E-1,-7.788986713E-2
1.747993000E1,6.848288774E-1,-4.013627172E-1,-1.357758045E-1
1.748997000E1,6.876429319E-1,-2.780383825E-1,-2.159810513E-1
1.750001000E1,7.137573361E-1,-1.563862413E-1,-3.303158581E-1
1.751005000E1,7.433270216E-1,-1.141026057E-2,-4.790924788E-1
1.752009000E1,8.432427049E-1,1.252770126E-1,-6.315813661E-1
1.753013100E1,9.956748486E-1,1.468116045E-1,-7.278698087E-1
1.754017100E1,1.160047531E0,4.034481198E-2,-7.463178039E-1
1.755021100E1,1.314996481E0,-6.270802021E-2,-6.985257268E-1
1.756025100E1,1.432738900E0,-1.525699943E-1,-5.951173306E-1
1.757029100E1,1.521113992E0,-2.166535705E-1,-4.280112088E-1
1.758033100E1,1.545539498E0,-2.227268964E-1,-2.228700370E-1
1.759037100E1,1.540666461E0,-2.146426141E-1,-3.374548629E-2
1.760041100E1,1.548226118E0,-2.352166027E-1,1.001318842E-1
1.761045100E1,1.567306042E0,-2.677197456E-1,1.650138795E-1
1.762049200E1,1.589908004E0,-2.896780372E-1,1.857164949E-1
1.763053200E1,1.606228590E0,-2.691942155E-1,1.829503775E-1
1.764057200E1,1.616330743E0,-2.373430878E-1,1.582716554E-1
1.765061200E1,1.634011030E0,-1.978619844E-1,1.274232417E-1
1.766065200E1,1.673289895E0,-1.483413130E-1,7.608176768E-2
1.767069200E1,1.718707442E0,-6.135303900E-2,8.232474327E-3
1.768073200E1,1.758070588E0,8.338124305E-2,-6.374024600E-2
1.769077200E1,1.756291866E0,2.504743636E-1,-1.663352847E-1
1.770081200E1,1.740700722E0,4.115314484E-1,-2.976605296E-1
1.771085300E1,1.737677693E0,5.400444269E-1,-3.645080924E-1
1.772089300E1,1.758568645E0,6.546764374E-1,-3.539513350E-1
1.773093300E1,1.775940418E0,7.108123899E-1,-3.497398198E-1
1.774097300E1,1.759210348E0,7.189362645E-1,-3.159402907E-1
1.775101300E1,1.718619108E0,7.415144444E-1,-2.944037914E-1
1.776105300E1,1.657178044E0,7.595317960E-1,-2.836166620E-1
1.777109300E1,1.576518774E0,7.336099744E-1,-2.525345087E-1
1.778113300E1,1.468490839E0,6.296177506E-1,-2.411085069E-1
1.779117300E1,1.317510724E0,4.450493753E-1,-2.475588322E-1
1.780121400E1,1.147806048E0,2.267442048E-1,-2.539815903E-1
1.781125400E1,9.769913554E-1,-6.415572017E-3,-2.700984478E-1
1.782129400E1,8.151627779E-1,-2.028122544E-1,-2.953257561E-1
1.783133400E1,6.738753915E-1,-3.463773727E-1,-3.265989721E-1
1.784137400E1,5.602220297E-1,-4.150592387E-1,-3.442485332E-1
1.785141400E1,4.727974832E-1,-3.991497159E-1,-3.458787799E-1
1.786145400E1,3.554034829E-1,-3.535510898E-1,-3.213800788E-1
1.787149400E1,1.979005635E-1,-3.120568395E-1,-2.822547853E-1
1.788153400E1,1.295089871E-1,-2.382369190E-1,-2.580434382E-1
1.789157500E1,1.472936124E-1,-1.192599759E-1,-2.147960961E-1
1.790161500E1,2.018508613E-1,-6.673776079E-3,-1.818341613E-1
1.791165500E1,2.769360244E-1,7.564624399E-2,-1.904546320E-1
1.792169500E1,3.608998954E-1,1.541903317E-1,-2.388069928E-1
1.793173500E1,4.808726609E-1,1.858394444E-1,-2.721709311E-1
1.794177500E1,6.027368307E-1,1.437399238E-1,-2.531479895E-1
1.795181500E1,6.789528728E-1,1.491328236E-2,-2.290157229E-1
1.796185500E1,6.810911298E-1,-2.082769275E-1,-1.824897677E-1
1.797189500E1,6.172491908E-1,-4.698388278E-1,-1.777824014E-1
1.798193600E1,5.480951071E-1,-7.014116049E-1,-1.685399115E-1
1.799197600E1,5.635061264E-1,-7.406185269E-1,-1.151664257E-1
1.800201600E1,6.872272491E-1,-5.655742884E-1,4.458036646E-2
1.801205600E1,6.897819042E-1,-3.007368147E-1,1.516489983E-1
1.802209600E1,6.317780018E-1,-2.080396414E-1,1.856828630E-1
1.803213600E1,7.071605325E-1,-1.935444921E-1,2.077672184E-1
1.804217600E1,8.816524148E-1,-1.487541199E-1,2.563765645E-1
1.805221600E1,9.183308482E-1,-4.914232343E-2,2.899961770E-1
1.806225700E1,7.275609374E-1,4.649605229E-2,3.028166294E-1
1.807229700E1,5.065430999E-1,1.021611318E-1,2.997732162E-1
1.808233700E1,2.920089662E-1,1.632282287E-1,2.327276021E-1
1.809237700E1,-9.110942483E-4,2.171123773E-1,6.649563462E-2
1.810241700E1,-2.961605787E-1,1.890082955E-1,-1.572908610E-1
1.811245700E1,-5.165120363E-1,6.912769377E-2,-3.385768533E-1
1.812249700E1,-6.154274344E-1,-5.842706561E-2,-4.552654028E-1
1.813253700E1,-6.510213614E-1,-1.508962363E-1,-5.203085542E-1
1.814257800E1,-6.651566029E-1,-1.957555860E-1,-5.529298782E-1
1.815261800E1,-6.696804166E-1,-1.860025525E-1,-5.606521964E-1
1.816265800E1,-6.648185253E-1,-1.037945002E-1,-5.448194146E-1
1.817269825E1,-6.519100666E-1,1.185131632E-2,-5.107063055E-1
1.818273825E1,-6.375939846E-1,1.229227111E-1,-4.680834115E-1
1.819277825E1,-6.397966743E-1,1.852461249E-1,-4.288519919E-1
1.820281825E1,-6.737972498E-1,1.995949745E-1,-4.039455652E-1
1.821285825E1,-7.245203853E-1,2.100239098E-1,-3.994708657E-1
1.822289825E1,-7.554213405E-1,1.789482832E-1,-4.041508436E-1
1.823293925E1,-7.506600618E-1,1.287736744E-1,-4.027906954E-1
1.824297925E1,-7.202861905E-1,6.092298776E-2,-3.868016303E-1
1.825301925E1,-6.876220703E-1,1.492938306E-2,-3.436769247E-1
1.826305925E1,-6.789452434E-1,3.032138944E-2,-2.998359799E-1
1.827309925E1,-6.956788898E-1,1.303106397E-1,-2.797627747E-1
1.828313925E1,-7.187860608E-1,2.473914474E-1,-2.437325865E-1
1.829317925E1,-7.421225309E-1,3.187787831E-1,-1.871985048E-1
1.830321925E1,-7.767257690E-1,3.061647117E-1,-1.320263296E-1
1.831326025E1,-8.046895862E-1,2.497180998E-1,-5.432036147E-2
1.832330025E1,-8.303046823E-1,2.029631138E-1,3.351281956E-2
1.833334025E1,-8.477876186E-1,1.831960082E-1,1.129712909E-1
1.834338025E1,-8.503788710E-1,1.639466882E-1,1.697123349E-1
1.835342025E1,-8.342930079E-1,1.110578850E-1,2.105762959E-1
1.836346025E1,-8.086150289E-1,4.214592651E-2,2.552431226E-1
1.837350025E1,-7.824824452E-1,-6.961371750E-2,3.031821251E-1
1.838354025E1,-7.558015585E-1,-1.904341429E-1,3.532852530E-1
1.839358125E1,-7.226790190E-1,-2.898535728E-1,4.080200195E-1
1.840362125E1,-6.769464612E-1,-3.858818412E-1,4.711132348E-1
1.841366125E1,-6.232645512E-1,-4.425999224E-1,5.262461901E-1
1.842370125E1,-5.611439347E-1,-4.368751943E-1,5.710054040E-1
1.843374125E1,-4.851868749E-1,-3.594703972E-1,5.933011770E-1
1.844378125E1,-3.863921463E-1,-2.582577765E-1,5.986597538E-1
1.845382125E1,-2.794086933E-1,-1.462600827E-1,5.711529851E-1
1.846386125E1,-1.605981737E-1,-6.738632172E-2,4.940275550E-1
1.847390125E1,-2.165080979E-2,4.518764326E-4,3.617338240E-1
1.848394225E1,1.226898581E-1,5.952265486E-2,2.217372954E-1
1.849398225E1,2.644378245E-1,1.089076400E-1,8.557573706E-2
1.850402225E1,4.029658735E-1,1.362159699E-1,-4.380249605E-2
1.851406225E1,5.268756747E-1,1.318969131E-1,-1.701749861E-1
1.852410225E1,6.127356887E-1,1.071313769E-1,-3.009641767E-1
1.853414225E1,6.700344086E-1,4.000157118E-2,-4.102013707E-1
1.854418225E1,6.955237985E-1,-4.497936741E-2,-4.903396368E-1
1.855422225E1,6.837261915E-1,-1.630835831E-1,-5.305125713E-1
1.856426325E1,6.106551886E-1,-3.191645443E-1,-4.908698201E-1
1.857430325E1,4.961837232E-1,-5.349951982E-1,-4.077426195E-1
1.858434325E1,4.232615829E-1,-5.821837783E-1,-3.085276186E-1
1.859438325E1,4.460677803E-1,-3.485679626E-1,-2.321053147E-1
1.860442325E1,5.815081596E-1,4.162400961E-3,-1.902348399E-1
1.861446325E1,7.857379913E-1,1.705143303E-1,-1.777478009E-1
1.862450325E1,9.234186411E-1,7.554093003E-2,-2.017833591E-1
1.863454325E1,9.115582705E-1,-6.348380446E-2,-2.806848884E-1
1.864458425E1,8.540177941E-1,-1.121618599E-1,-4.257068038E-1
1.865462425E1,8.701775074E-1,-6.417697668E-2,-5.930368900E-1
1.866466425E1,8.771842718E-1,5.796091631E-2,-7.487388849E-1
1.867470425E1,7.777426839E-1,1.423654258E-1,-8.631532788E-1
1.868474425E1,6.671485305E-1,1.639711112E-1,-8.917146325E-1
1.869478425E1,5.626315475E-1,1.323747933E-1,-8.467823267E-1
1.870482425E1,4.517715871E-1,5.096116289E-2,-7.458290458E-1
1.871486425E1,3.910043538E-1,-1.074004322E-1,-6.034765244E-1
1.872490525E1,3.685256839E-1,-3.197843432E-1,-4.178893268E-1
1.873494525E1,3.713342547E-1,-4.568956196E-1,-2.139215320E-1
1.874498525E1,4.000447094E-1,-4.773713350E-1,-1.619407162E-2
1.875502525E1,4.430443645E-1,-4.900019467E-1,1.568842977E-1
1.876506525E1,5.085434914E-1,-5.664799213E-1,2.838779390E-1
1.877510525E1,6.099065542E-1,-6.664192080E-1,3.390425444E-1
1.878514525E1,7.518871427E-1,-7.504664660E-1,3.356989622E-1
1.879518525E1,8.957978487E-1,-7.497404218E-1,3.244695663E-1
1.880522625E1,1.011998415E0,-6.878415942E-1,2.936781049E-1
1.881526625E1,1.138813257E0,-5.674228072E-1,2.145510316E-1
1.882530625E1,1.315178394E0,-4.723722041E-1,1.236397624E-1
1.883534625E1,1.534329295E0,-4.359669387E-1,6.708677113E-2
1.884538625E1,1.740008950E0,-3.225538135E-1,2.913059853E-2
1.885542625E1,1.888730168E0,-2.046817243E-1,8.357141051E-4
1.886546625E1,1.997580528E0,-2.364567481E-3,-2.633412182E-2
1.887550625E1,2.048458576E0,2.819134593E-1,-9.829279780E-2
1.888554725E1,2.056210041E0,5.304172635E-1,-1.511237770E-1
1.889558725E1,2.064040184E0,7.090181112E-1,-1.978046745E-1
1.890562725E1,2.068367720E0,8.574637771E-1,-2.233121693E-1
1.891566725E1,2.084542990E0,9.598923922E-1,-2.374710292E-1
1.892570725E1,2.093608856E0,1.031780958E0,-2.520710230E-1
1.893574725E1,2.074352980E0,1.080909371E0,-2.606670260E-1
1.894578725E1,2.021089077E0,1.096393824E0,-2.735575438E-1
1.895582725E1,1.929709911E0,1.042155623E0,-2.794741690E-1
1.896586825E1,1.808995962E0,8.988144994E-1,-2.777774632E-1
1.897590825E1,1.676578760E0,7.106886506E-1,-2.731775641E-1
1.898594825E1,1.560002685E0,5.239147544E-1,-2.732726634E-1
1.899598825E1,1.448566914E0,3.671748340E-1,-2.759172618E-1
1.900602825E1,1.331783056E0,2.264419347E-1,-2.820454538E-1
1.901606825E1,1.215044379E0,1.083262116E-1,-2.786795795E-1
1.902610825E1,1.123802304E0,1.020204648E-2,-2.591412961E-1
1.903614825E1,1.072466493E0,-8.235620707E-2,-2.323765606E-1
1.904618925E1,1.034399271E0,-1.805610657E-1,-2.195520997E-1
1.905622925E1,9.936955571E-1,-2.542644739E-1,-2.402564734E-1
1.906626925E1,9.250427485E-1,-2.611593902E-1,-2.741923332E-1
1.907630925E1,8.471217155E-1,-1.794946939E-1,-2.968593538E-1
1.908634925E1,7.799349427E-1,2.313190605E-3,-3.088470399E-1
1.909638925E1,7.260140777E-1,2.237467021E-1,-3.020507693E-1
1.910642925E1,6.935032606E-1,4.527540803E-1,-3.030278683E-1
1.911647025E1,6.755085588E-1,6.245210171E-1,-3.227635622E-1
1.912651025E1,6.860810518E-1,7.411917448E-1,-3.605958819E-1
1.913655025E1,7.423704267E-1,8.162211776E-1,-3.816718161E-1
1.914659025E1,8.284959793E-1,8.504199386E-1,-3.803756535E-1
1.915663025E1,9.221499562E-1,8.282724619E-1,-3.557673991E-1
1.916667000E1,9.953551888E-1,7.350386381E-1,-3.242214322E-1
1.917671000E1,1.021328807E0,5.510579348E-1,-2.939749062E-1
1.918675000E1,1.008905411E0,3.407811224E-1,-2.531071007E-1
1.919679100E1,9.665579796E-1,1.329338998E-1,-2.044258416E-1
1.920683100E1,8.883632421E-1,-3.902776167E-2,-1.506895423E-1
1.921687100E1,6.493712664E-1,-1.090554446E-1,-1.048951894E-1
1.922691100E1,3.001344502E-1,-9.061998129E-2,-2.386717685E-2
1.923695100E1,1.152719781E-1,1.421640068E-1,1.845962405E-1
1.924699100E1,2.580102384E-1,5.826492310E-1,5.136407018E-1
1.925703100E1,3.976275027E-1,8.386356831E-1,7.695860267E-1
1.926707100E1,2.995057404E-1,8.310483098E-1,8.018629551E-1
1.927711200E1,1.697087437E-1,4.782449305E-1,7.876656055E-1
1.928715200E1,2.510172548E-3,-3.245109692E-2,7.732035518E-1
1.929719200E1,-1.143746600E-1,-5.261787772E-1,7.493168712E-1
1.930723200E1,-2.012203336E-1,-9.619499445E-1,6.564516425E-1
1.931727200E1,-4.125301838E-1,-1.176413536E0,5.170671344E-1
1.932731200E1,-6.667235494E-1,-1.129716516E0,3.691982627E-1
1.933735200E1,-8.492761254E-1,-9.467531443E-1,2.018114477E-1
1.934739200E1,-9.790879488E-1,-6.882691383E-1,3.894398361E-2
1.935743300E1,-1.038552284E0,-3.809648752E-1,-1.018765494E-1
1.936747300E1,-1.018037677E0,-1.463204026E-1,-2.191192806E-1
1.937751300E1,-9.745093584E-1,-1.112679541E-1,-3.169922233E-1
1.938755300E1,-9.522227049E-1,-1.972643584E-1,-3.920379877E-1
1.939759300E1,-9.397534728E-1,-2.390232235E-1,-4.027746320E-1
1.940763300E1,-9.372332692E-1,-1.775201857E-1,-3.316994011E-1
1.941767300E1,-9.556834102E-1,-2.221688069E-2,-2.274515480E-1
1.942771400E1,-9.904994369E-1,1.835866123E-1,-1.313657612E-1
1.943775400E1,-1.044339657E0,4.287693501E-1,-6.181001291E-2
1.944779400E1,-1.095178127E0,5.994579792E-1,-3.914118558E-2
1.945783400E1,-1.140417576E0,6.588817239E-1,-8.139573783E-2
1.946787400E1,-1.176772714E0,6.098513007E-1,-1.583466977E-1
1.947791400E1,-1.192432046E0,4.959717393E-1,-2.410104275E-1
1.948795400E1,-1.178123474E0,3.343945444E-1,-2.944557965E-1
1.949799400E1,-1.127981901E0,1.540539116E-1,-3.226224780E-1
1.950803500E1,-1.040906668E0,-3.859703615E-2,-3.267048299E-1
1.951807500E1,-9.440728426E-1,-2.125366032E-1,-3.118751943E-1
1.952811500E1,-8.631300330E-1,-3.564905822E-1,-2.885243297E-1
1.953815500E1,-8.100764155E-1,-4.174189866E-1,-2.514120638E-1
1.954819500E1,-7.972442508E-1,-4.032983780E-1,-2.017510086E-1
1.955823500E1,-8.150154352E-1,-3.154050708E-1,-1.191759780E-1
1.956827500E1,-8.484109640E-1,-1.897800416E-1,-2.618345059E-2
1.957831600E1,-8.855692744E-1,-5.413638800E-2,5.244820192E-2
1.958835600E1,-9.140326381E-1,1.032937095E-1,1.475920230E-1
1.959839600E1,-9.174485803E-1,1.863939613E-1,2.535114288E-1
1.960843600E1,-9.024749398E-1,1.620295048E-1,3.382353783E-1
1.961847600E1,-8.790658712E-1,9.559550136E-2,3.917230070E-1
1.962851600E1,-8.434354067E-1,5.091972649E-3,4.364270866E-1
1.963855600E1,-8.111250997E-1,-8.423786610E-2,4.665505886E-1
1.964859600E1,-7.768475413E-1,-1.634040624E-1,4.952836931E-1
1.965863700E1,-7.560705543E-1,-2.424517870E-1,5.254343748E-1
1.966867700E1,-7.324661613E-1,-2.898371220E-1,5.555052161E-1
1.967871700E1,-7.047587633E-1,-2.933501005E-1,5.850411057E-1
1.968875700E1,-6.631138325E-1,-2.410725355E-1,6.080473661E-1
1.969879700E1,-6.043967605E-1,-1.407717913E-1,6.322768331E-1
1.970883700E1,-5.534003973E-1,-1.108650025E-2,6.237767935E-1
1.971887700E1,-4.802888632E-1,6.632149965E-2,5.841411352E-1
1.972891800E1,-3.848933578E-1,9.721683711E-2,5.290731192E-1
1.973895800E1,-2.910194099E-1,1.202682927E-1,4.515886009E-1
1.974899800E1,-2.187516391E-1,1.268702745E-1,3.443705440E-1
1.975903800E1,-1.665403098E-1,1.134491116E-1,2.293980122E-1
1.976907800E1,-1.566639841E-1,9.821157157E-2,9.774596989E-2
1.977911800E1,-1.960000545E-1,8.336325735E-2,-7.408678532E-2
1.978915800E1,-2.480017245E-1,8.047266304E-2,-2.907003462E-1
1.979919800E1,-2.997763455E-1,-1.740683243E-2,-4.551415741E-1
1.980923900E1,-3.548057675E-1,-2.418631166E-1,-5.285542607E-1
1.981927900E1,-4.133580029E-1,-5.251381397E-1,-4.925037026E-1
1.982931900E1,-3.481523693E-1,-6.011330485E-1,-4.093334675E-1
1.983935900E1,-1.049666554E-1,-5.318176746E-1,-3.539505303E-1
1.984939900E1,1.913230568E-1,-4.147030413E-1,-4.135352969E-1
1.985943900E1,3.683215678E-1,-2.582475245E-1,-6.160411835E-1
1.986947900E1,4.019793868E-1,-1.570292860E-1,-9.187014103E-1
1.987952000E1,3.991465867E-1,-1.573642045E-1,-1.184291840E0
1.988956000E1,3.423344195E-1,-1.360946149E-1,-1.336868405E0
1.989960000E1,2.747243941E-1,-9.249035269E-2,-1.390833139E0
1.990964000E1,2.056393623E-1,-1.379782110E-1,-1.316482425E0
1.991968000E1,1.394464672E-1,-1.966742426E-1,-1.141785622E0
1.992972000E1,3.042064607E-2,-1.901891679E-1,-8.769737482E-1
1.993976000E1,-9.833990782E-2,-2.398382276E-1,-5.399383307E-1
1.994980000E1,-2.128566206E-1,-3.342992365E-1,-2.159328014E-1
1.995984100E1,-2.857487202E-1,-4.457441866E-1,2.746517025E-2
1.996988100E1,-3.259097338E-1,-4.674995542E-1,2.115553766E-1
1.997992100E1,-3.020099699E-1,-3.928736746E-1,3.583900332E-1
1.998996100E1,-2.081753612E-1,-3.192740381E-1,4.746021032E-1
2.000000100E1,-8.599983156E-2,-2.726419866E-1,5.509946942E-1
2.001004100E1,6.728612632E-2,-2.275224477E-1,5.969837904E-1
2.002008100E1,2.297347039E-1,-2.125523239E-1,6.113134623E-1
2.003012200E1,3.798674941E-1,-2.079485208E-1,5.303445458E-1
2.004016200E1,5.150651932E-1,-1.389842033E-1,4.175289571E-1
2.005020200E1,6.482647657E-1,-8.866244555E-2,2.952267528E-1
2.006024200E1,7.923181057E-1,-5.884527788E-2,2.107966840E-1
2.007028200E1,9.295478463E-1,-5.429633334E-2,1.688060910E-1
2.008032200E1,1.052761316E0,-4.347366840E-2,1.388168484E-1
2.009036200E1,1.165804148E0,-3.828077018E-2,1.006910428E-1
2.010040300E1,1.250262856E0,-4.556204379E-2,4.378080741E-2
2.011044300E1,1.296539307E0,5.613209307E-2,-5.117492285E-3
2.012048300E1,1.321450949E0,1.364734322E-1,-6.421312690E-2
2.013052300E1,1.317388058E0,2.335991859E-1,-1.185978055E-1
2.014056300E1,1.299948096E0,3.315372169E-1,-1.557828635E-1
2.015060300E1,1.322396517E0,4.086120129E-1,-2.018914968E-1
2.016064300E1,1.367886424E0,4.878517687E-1,-2.354687154E-1
2.017068337E1,1.426032066E0,6.118085980E-1,-2.593756616E-1
2.018072437E1,1.463967443E0,7.689825892E-1,-2.488842607E-1
2.019076437E1,1.460256577E0,9.269714355E-1,-2.260146290E-1
2.020080437E1,1.421075940E0,1.012797236E0,-2.030605674E-1
2.021084437E1,1.357431889E0,1.011669636E0,-2.104236782E-1
2.022088437E1,1.285795093E0,9.421878457E-1,-2.166424990E-1
2.023092437E1,1.223338604E0,8.037380576E-1,-2.298211455E-1
2.024096437E1,1.172126174E0,5.980339646E-1,-2.353573143E-1
2.025100538E1,1.127284408E0,3.607505560E-1,-2.379246056E-1
2.026104537E1,1.093703508E0,1.192834452E-1,-2.379409373E-1
2.027108537E1,1.075109005E0,-1.135277003E-1,-2.503496706E-1
2.028112537E1,1.044085622E0,-3.146797419E-1,-2.771154344E-1
2.029116537E1,1.004983544E0,-4.475429952E-1,-2.887097895E-1
2.030120537E1,9.659213424E-1,-4.687286913E-1,-2.783567309E-1
2.031124537E1,9.554471374E-1,-3.743159175E-1,-2.176412344E-1
2.032128637E1,9.566919208E-1,-1.555302441E-1,-1.339615881E-1
2.033132637E1,9.411803484E-1,1.045881584E-1,-6.797352433E-2
2.034136637E1,9.211664200E-1,3.190867007E-1,-2.663122490E-2
2.035140638E1,8.970645666E-1,4.166859388E-1,-5.495572696E-4
2.036144637E1,8.939446211E-1,4.330413640E-1,1.087665907E-3
2.037148637E1,9.384337664E-1,3.834826052E-1,-1.115994528E-2
2.038152637E1,1.006066918E0,2.995454967E-1,-4.112071171E-2
2.039156637E1,1.061415672E0,1.721356213E-1,-8.509056270E-2
2.040160737E1,1.082273006E0,-1.982945250E-3,-1.212101206E-1
2.041164737E1,1.075053453E0,-1.756625921E-1,-1.405673176E-1
2.042168737E1,1.040971279E0,-2.926703095E-1,-1.388923377E-1
2.043172737E1,9.896999002E-1,-3.434690237E-1,-1.245821118E-1
2.044176737E1,9.364789724E-1,-3.472426236E-1,-8.804786205E-2
2.045180737E1,8.821960092E-1,-3.208046257E-1,-2.840583958E-2
2.046184737E1,8.012863398E-1,-2.869420946E-1,2.793731540E-2
2.047188838E1,6.181921959E-1,-2.685428560E-1,3.859102353E-2
2.048192837E1,4.332795441E-1,-1.496449560E-1,3.025350161E-2
2.049196837E1,4.059898555E-1,2.211757153E-1,1.344603300E-1
2.050200837E1,5.239712000E-1,5.891215801E-1,3.354513347E-1
2.051204837E1,4.502029717E-1,6.773356199E-1,4.100525975E-1
2.052208838E1,1.837762445E-1,4.586550295E-1,3.190944493E-1
2.053212837E1,2.750062384E-2,3.493093699E-2,2.591823637E-1
2.054216937E1,2.318819612E-2,-3.496057689E-1,2.872038484E-1
2.055220937E1,-3.415232524E-2,-6.310161352E-1,3.497518897E-1
2.056224937E1,-2.217185348E-1,-7.968048453E-1,4.134483337E-1
2.057228937E1,-4.197610319E-1,-8.268405199E-1,4.464965761E-1
2.058232937E1,-6.141754985E-1,-7.889362574E-1,4.187692404E-1
2.059236937E1,-8.368519545E-1,-7.450944781E-1,3.371095359E-1
2.060240937E1,-1.094321966E0,-7.005593777E-1,2.614930868E-1
2.061245037E1,-1.300163984E0,-6.515718699E-1,2.268592417E-1
2.062249037E1,-1.392755389E0,-5.926457047E-1,1.907811612E-1
2.063253037E1,-1.419906020E0,-5.365957618E-1,1.537214071E-1
2.064257037E1,-1.408752322E0,-4.943827689E-1,1.197945774E-1
2.065261037E1,-1.371055841E0,-4.315114021E-1,9.793028980E-2
2.066265037E1,-1.330399990E0,-3.211895525E-1,8.371889591E-2
2.067269037E1,-1.283917189E0,-1.051363423E-1,1.112690270E-1
2.068273037E1,-1.251658320E0,1.520304680E-1,1.270021498E-1
2.069277137E1,-1.225215435E0,3.578488827E-1,1.118192002E-1
2.070281137E1,-1.192185402E0,4.492437541E-1,7.037273049E-2
2.071285137E1,-1.160039902E0,4.455520809E-1,1.596834511E-2
2.072289137E1,-1.136852980E0,4.342767000E-1,-2.979035676E-2
2.073293137E1,-1.123875737E0,4.192500710E-1,-7.271146029E-2
2.074297138E1,-1.099795103E0,3.636305332E-1,-1.278272271E-1
2.075301137E1,-1.055160284E0,2.637580037E-1,-1.668574512E-1
2.076305237E1,-1.004729867E0,1.712082624E-1,-1.751410663E-1
2.077309237E1,-9.517365098E-1,1.145742908E-1,-1.583663523E-1
2.078313237E1,-8.984687328E-1,9.004592896E-2,-1.429457068E-1
2.079317237E1,-8.376216292E-1,5.685574934E-2,-1.183282509E-1
2.080321237E1,-7.642768621E-1,1.841853932E-2,-7.159288973E-2
2.081325237E1,-7.051131129E-1,-6.404650956E-2,1.614522189E-2
2.082329237E1,-6.681342721E-1,-1.317482889E-1,1.108988002E-1
2.083333337E1,-6.500256062E-1,-1.684304029E-1,1.822587252E-1
2.084337337E1,-6.333484054E-1,-1.063433290E-1,2.638945282E-1
2.085341337E1,-6.168951392E-1,-8.659626544E-2,3.203162551E-1
2.086345338E1,-5.929388404E-1,1.140353922E-2,3.527393937E-1
2.087349337E1,-5.731180310E-1,6.780663133E-2,3.787054718E-1
2.088353337E1,-5.387310982E-1,1.661378890E-2,4.026425183E-1
2.089357337E1,-5.002734065E-1,-9.069243073E-2,4.025410414E-1
2.090361437E1,-4.697959423E-1,-1.503401548E-1,4.020287395E-1
2.091365437E1,-4.395925105E-1,-1.798296124E-1,4.190439582E-1
2.092369437E1,-4.137081504E-1,-2.031924576E-1,4.428802729E-1
2.093373437E1,-3.856253922E-1,-2.290834337E-1,4.550943375E-1
2.094377437E1,-3.441475332E-1,-2.723321319E-1,4.719690084E-1
2.095381437E1,-2.826303840E-1,-3.010489941E-1,4.844760001E-1
2.096385438E1,-2.232413143E-1,-3.068577349E-1,4.827125967E-1
2.097389537E1,-1.612759382E-1,-2.799827158E-1,4.566884339E-1
2.098393537E1,-7.537307590E-2,-2.241470367E-1,4.027694762E-1
2.099397537E1,4.939869046E-3,-1.621321440E-1,3.245071769E-1
2.100401537E1,7.902746648E-2,-1.086126491E-1,2.037566751E-1
2.101405537E1,1.475756317E-1,-8.136424422E-2,6.147408485E-2
2.102409537E1,2.026985288E-1,-5.629305914E-2,-8.276956528E-2
2.103413537E1,2.470004857E-1,-1.126726158E-2,-2.458226681E-1
2.104417637E1,2.901269495E-1,2.639413252E-2,-4.110788107E-1
2.105421637E1,3.262788355E-1,7.445246726E-2,-5.594506860E-1
2.106425637E1,3.564966321E-1,7.464490831E-2,-6.361634135E-1
2.107429637E1,3.401557207E-1,-4.084759951E-2,-6.277078986E-1
2.108433638E1,2.530855238E-1,-4.069547951E-1,-5.420166254E-1
2.109437637E1,1.517857909E-1,-7.168263793E-1,-4.108631313E-1
2.110441637E1,7.443779707E-2,-6.920797825E-1,-2.545382380E-1
2.111445637E1,9.315396100E-2,-3.711549938E-1,-1.594927162E-1
2.112449737E1,1.997176707E-1,-7.507645339E-2,-1.534769088E-1
2.113453737E1,3.432410061E-1,8.539205790E-2,-2.404512316E-1
2.114457737E1,4.650763571E-1,1.518188715E-1,-4.443554580E-1
2.115461737E1,5.214620829E-1,6.605362892E-2,-7.701271772E-1
2.116465737E1,5.943162441E-1,4.708422720E-2,-1.103249550E0
2.117469700E1,6.401007771E-1,1.806915551E-1,-1.327737808E0
2.118473700E1,6.542043686E-1,2.774005532E-1,-1.414054632E0
2.119477800E1,6.850395203E-1,1.309325695E-1,-1.352235794E0
2.120481800E1,6.973741055E-1,-1.605903208E-1,-1.203061938E0
2.121485800E1,6.557635665E-1,-4.758121967E-1,-1.024062395E0
2.122489800E1,5.752793550E-1,-6.695393920E-1,-8.206130862E-1
2.123493800E1,4.916625023E-1,-6.992749572E-1,-5.672479272E-1
2.124497800E1,4.391723573E-1,-5.741283298E-1,-2.831651866E-1
2.125501800E1,4.178678691E-1,-3.477095366E-1,1.485318225E-2
2.126505900E1,4.237596095E-1,-1.341798306E-1,2.586787641E-1
2.127509900E1,4.877079725E-1,6.118673086E-2,4.210277200E-1
2.128513900E1,6.143074036E-1,1.946398616E-1,4.956146181E-1
2.129517900E1,7.850592136E-1,2.768985033E-1,4.872813225E-1
2.130521900E1,9.495999217E-1,3.145304322E-1,4.176989496E-1
2.131525900E1,1.082502246E0,3.548395038E-1,2.907745838E-1
2.132529900E1,1.181009531E0,3.860769868E-1,1.417411715E-1
2.133534000E1,1.259632707E0,3.668345809E-1,-1.140360953E-3
2.134538000E1,1.319634914E0,2.988300622E-1,-1.051271111E-1
2.135542000E1,1.347733617E0,2.243097574E-1,-1.522213966E-1
2.136546000E1,1.367628932E0,2.167975903E-1,-1.587224603E-1
2.137550000E1,1.380786061E0,2.182018757E-1,-1.553341150E-1
2.138554000E1,1.374158621E0,2.552275062E-1,-1.489367932E-1
2.139558000E1,1.354179263E0,3.500898480E-1,-1.657144427E-1
2.140562100E1,1.322088838E0,4.228530824E-1,-1.611126959E-1
2.141566100E1,1.308148503E0,4.330007732E-1,-1.334592253E-1
2.142570100E1,1.308031082E0,4.261960685E-1,-1.024770215E-1
2.143574100E1,1.307248950E0,4.188095331E-1,-6.728973985E-2
2.144578100E1,1.290189505E0,4.357764423E-1,-3.320250288E-2
2.145582100E1,1.246559501E0,4.895898700E-1,-1.075365394E-2
2.146586100E1,1.156796932E0,5.467439890E-1,1.133057941E-2
2.147590200E1,1.047082186E0,6.048719883E-1,1.145015564E-2
2.148594200E1,9.132688046E-1,5.885503292E-1,-1.671941392E-2
2.149598200E1,7.750489116E-1,4.755497575E-1,-5.923997611E-2
2.150602200E1,6.296977997E-1,3.162196577E-1,-9.502822906E-2
2.151606200E1,5.121933222E-1,1.667414606E-1,-1.349223852E-1
2.152610200E1,4.095606506E-1,6.285589188E-2,-1.849262416E-1
2.153614200E1,3.150115311E-1,1.243106462E-2,-2.509518564E-1
2.154618300E1,2.461864054E-1,-3.328396007E-2,-2.980772853E-1
2.155622300E1,1.952726245E-1,-5.424676463E-2,-3.205863237E-1
2.156626300E1,1.644683331E-1,-3.873468563E-2,-3.093533218E-1
2.157630300E1,1.603276581E-1,5.401469022E-2,-2.752273083E-1
2.158634300E1,1.545200199E-1,1.867772341E-1,-2.266831100E-1
2.159638300E1,1.581408530E-1,3.523262441E-1,-1.732505113E-1
2.160642300E1,1.460060775E-1,4.934454858E-1,-1.258742809E-1
2.161646400E1,1.373902261E-1,5.835095644E-1,-9.165958315E-2
2.162650400E1,1.795041114E-1,6.384177804E-1,-7.258914411E-2
2.163654400E1,2.820534110E-1,6.502930522E-1,-7.656071335E-2
2.164658400E1,4.071046412E-1,5.889526010E-1,-1.196929738E-1
2.165662400E1,5.246504545E-1,4.836620688E-1,-2.026299387E-1
2.166666400E1,6.193186045E-1,3.371420503E-1,-2.855301797E-1
2.167670400E1,6.755176783E-1,1.898343414E-1,-3.425146341E-1
2.168674500E1,6.633413434E-1,8.398395777E-2,-3.435059488E-1
2.169678500E1,6.182066202E-1,3.773736954E-2,-2.984210253E-1
2.170682500E1,5.105243921E-1,2.056062594E-2,-2.225756794E-1
2.171686500E1,3.622065485E-1,2.450796217E-2,-1.354706138E-1
2.172690500E1,1.925968528E-1,2.428665012E-2,-2.223438397E-2
2.173694500E1,-1.121278927E-1,-5.577116832E-2,2.369156107E-2
2.174698500E1,-3.827372193E-1,-9.458502382E-2,1.118600518E-1
2.175702600E1,-2.807157636E-1,2.436649352E-1,3.342704773E-1
2.176706600E1,1.714105532E-2,6.331686378E-1,5.984523892E-1
2.177710600E1,-1.020572409E-1,6.004170775E-1,6.475935578E-1
2.178714600E1,-4.580816925E-1,2.229758650E-1,6.127907634E-1
2.179718600E1,-7.085706592E-1,-1.424444616E-1,6.709776521E-1
2.180722600E1,-8.513106704E-1,-2.373536527E-1,7.421476841E-1
2.181726600E1,-9.608443975E-1,-3.948878944E-1,7.937650681E-1
2.182730700E1,-1.115777016E0,-6.696968675E-1,8.101829886E-1
2.183734700E1,-1.325148344E0,-8.971207142E-1,7.721892595E-1
2.184738700E1,-1.489140749E0,-9.468315244E-1,6.559481621E-1
2.185742700E1,-1.579314828E0,-8.816453218E-1,5.136163235E-1
2.186746700E1,-1.620983839E0,-7.467889190E-1,3.657675087E-1
2.187750700E1,-1.605474949E0,-6.245223880E-1,2.363474816E-1
2.188754700E1,-1.539659858E0,-5.765130520E-1,1.255826652E-1
2.189758800E1,-1.466867447E0,-6.024655104E-1,3.470256180E-2
2.190762800E1,-1.414751887E0,-6.025146246E-1,-2.978994139E-2
2.191766800E1,-1.365482092E0,-5.130614638E-1,-4.680114985E-2
2.192770800E1,-1.311116934E0,-3.180174232E-1,-1.531324256E-2
2.193774800E1,-1.242218614E0,-6.698492914E-2,6.295625865E-2
2.194778800E1,-1.162276030E0,1.446325928E-1,1.296906769E-1
2.195782800E1,-1.127399921E0,2.580941617E-1,1.468121409E-1
2.196786900E1,-1.113553524E0,2.863663435E-1,1.120458469E-1
2.197790900E1,-1.098291516E0,2.562484145E-1,5.334045738E-2
2.198794900E1,-1.065695524E0,2.047960609E-1,-1.801782846E-2
2.199798900E1,-1.013580561E0,1.387898773E-1,-7.825826854E-2
2.200802900E1,-9.336714745E-1,6.679013371E-2,-1.355975568E-1
2.201806900E1,-8.254120946E-1,-2.701012418E-2,-1.739215106E-1
2.202810900E1,-7.088842988E-1,-1.064997017E-1,-1.955370307E-1
2.203815000E1,-6.052929163E-1,-1.676139235E-1,-2.036226541E-1
2.204819000E1,-5.251243114E-1,-2.634727955E-1,-1.865909398E-1
2.205823000E1,-4.763786197E-1,-3.823725581E-1,-1.202089936E-1
2.206827000E1,-4.643363655E-1,-4.086056054E-1,-6.261000782E-2
2.207831000E1,-4.968698323E-1,-3.402949870E-1,-4.697440192E-3
2.208835000E1,-5.622917414E-1,-2.360551506E-1,6.396470964E-2
2.209839100E1,-6.144611835E-1,-1.304890364E-1,1.498162448E-1
2.210843100E1,-6.497135162E-1,-4.605583102E-2,2.439278066E-1
2.211847100E1,-6.681926847E-1,8.275567740E-2,3.358875513E-1
2.212851100E1,-6.597614288E-1,2.417735010E-1,4.039357901E-1
2.213855100E1,-6.438298821E-1,3.431265056E-1,4.573449492E-1
2.214859100E1,-6.204970479E-1,2.743118107E-1,5.011259913E-1
2.215863100E1,-6.125839949E-1,1.468867660E-1,5.199263096E-1
2.216867200E1,-6.267995834E-1,4.454136267E-2,5.241059065E-1
2.217871175E1,-6.263225675E-1,2.151487395E-2,5.372129083E-1
2.218875175E1,-6.223250628E-1,9.699953720E-3,5.587276816E-1
2.219879175E1,-6.193393469E-1,-4.790305626E-3,5.838999152E-1
2.220883175E1,-6.189430952E-1,-1.653176919E-2,6.019757986E-1
2.221887175E1,-6.232369542E-1,-1.180465985E-2,6.157011986E-1
2.222891175E1,-6.473410726E-1,4.157600924E-2,6.020725369E-1
2.223895275E1,-6.857312918E-1,1.223872378E-1,5.762713552E-1
2.224899275E1,-6.811760068E-1,2.492728680E-1,5.574316978E-1
2.225903275E1,-6.536399722E-1,4.054776430E-1,5.286730528E-1
2.226907275E1,-6.385656595E-1,5.204767585E-1,4.900557995E-1
2.227911275E1,-6.325245500E-1,4.986824989E-1,4.421354234E-1
2.228915275E1,-6.271435618E-1,3.234462738E-1,4.037150145E-1
2.229919275E1,-6.757060289E-1,2.240632176E-1,2.481363267E-1
2.230923375E1,-7.757911086E-1,2.274478823E-1,-5.787941068E-2
2.231927375E1,-8.529558778E-1,2.783414125E-1,-4.185755551E-1
2.232931375E1,-8.955456614E-1,2.681458890E-1,-7.405938506E-1
2.233935375E1,-9.241629243E-1,5.473559722E-2,-9.332495928E-1
2.234939375E1,-9.822457433E-1,-4.381179512E-1,-9.479899406E-1
2.235943375E1,-9.698671103E-1,-9.239760041E-1,-8.298606873E-1
2.236947375E1,-7.711039186E-1,-9.589148760E-1,-6.794271469E-1
2.237951475E1,-4.457301497E-1,-5.789331794E-1,-5.782949328E-1
2.238955475E1,-1.891678274E-1,-1.802081168E-1,-5.338662863E-1
2.239959475E1,-4.360211641E-2,-4.351899028E-2,-5.541441441E-1
2.240963475E1,-3.408754477E-3,-7.010471821E-2,-6.328040361E-1
2.241967475E1,-4.568963125E-2,-1.487915367E-1,-7.550279498E-1
2.242971475E1,-1.127958894E-1,-1.739591658E-1,-8.482690454E-1
2.243975575E1,-2.380941510E-1,-1.285248399E-1,-8.804450631E-1
2.244979575E1,-3.278014362E-1,-4.606949538E-2,-8.386428952E-1
2.245983575E1,-3.655666411E-1,4.000307247E-2,-7.238049507E-1
2.246987575E1,-3.745623231E-1,1.766489819E-2,-6.105627418E-1
2.247991575E1,-3.541230857E-1,-1.787914336E-1,-5.313142538E-1
2.248995575E1,-3.016316891E-1,-4.137698114E-1,-4.695486426E-1
2.249999575E1,-2.349234819E-1,-5.239179134E-1,-3.638901114E-1
2.251003675E1,-2.002529651E-1,-4.655712843E-1,-1.790500134E-1
2.252007675E1,-2.121687382E-1,-2.912718952E-1,4.231911898E-2
2.253011675E1,-2.514571548E-1,-3.123738337E-3,2.259502858E-1
2.254015675E1,-2.673040330E-1,2.761792541E-1,3.460127711E-1
2.255019675E1,-2.463198900E-1,4.204623997E-1,4.146147072E-1
2.256023675E1,-1.675670147E-1,4.685305953E-1,4.518134892E-1
2.257027675E1,-1.412062813E-2,4.811317623E-1,4.788866937E-1
2.258031775E1,2.028841227E-1,5.276369452E-1,5.171147585E-1
2.259035775E1,4.415908754E-1,5.446131825E-1,5.253829360E-1
2.260039775E1,6.800844073E-1,4.572137892E-1,5.148555040E-1
2.261043775E1,9.207140803E-1,3.387390077E-1,4.311241806E-1
2.262047775E1,1.133187652E0,2.471158952E-1,3.286699951E-1
2.263051775E1,1.311005712E0,2.373014539E-1,2.365271449E-1
2.264055775E1,1.435874462E0,2.206303328E-1,1.741745621E-1
2.265059875E1,1.496969938E0,2.027520835E-1,1.038409099E-1
2.266063875E1,1.511137724E0,2.540538907E-1,-5.668005440E-3
2.267067875E1,1.480603814E0,3.361179531E-1,-1.402844638E-1
2.268071875E1,1.431935549E0,4.123341441E-1,-2.577535808E-1
2.269075875E1,1.389977694E0,4.347503483E-1,-3.315068781E-1
2.270079875E1,1.360662103E0,4.405339360E-1,-3.655900359E-1
2.271083975E1,1.327134848E0,4.320713878E-1,-3.780153096E-1
2.272087975E1,1.282693386E0,3.611293137E-1,-3.642369211E-1
2.273091975E1,1.238008738E0,2.496344000E-1,-3.269528449E-1
2.274095975E1,1.199894428E0,1.364774853E-1,-2.902792692E-1
2.275099975E1,1.179730296E0,2.122089826E-2,-2.625301182E-1
2.276103975E1,1.173423648E0,-7.169892639E-2,-2.668071687E-1
2.277107975E1,1.160908103E0,-1.327347010E-1,-2.932261825E-1
2.278112075E1,1.131412268E0,-1.880173981E-1,-3.250930309E-1
2.279116075E1,1.074626684E0,-2.286297530E-1,-3.558815718E-1
2.280120075E1,9.926333427E-1,-2.308292687E-1,-3.954716027E-1
2.281124075E1,9.185700417E-1,-2.153785527E-1,-4.047680199E-1
2.282128075E1,8.976945877E-1,-1.498171240E-1,-3.969652355E-1
2.283132075E1,8.924297690E-1,-6.695255637E-2,-3.455809057E-1
2.284136075E1,8.813579082E-1,2.522849664E-2,-2.801704705E-1
2.285140175E1,9.104532599E-1,1.285177916E-1,-1.956698895E-1
2.286144175E1,9.781590700E-1,2.029480785E-1,-9.483383596E-2
2.287148175E1,1.091587305E0,2.756382823E-1,-2.089382894E-2
2.288152175E1,1.239342690E0,3.044505119E-1,9.151392616E-3
2.289156175E1,1.368731380E0,2.839081585E-1,1.059330814E-2
2.290160175E1,1.443028450E0,2.898922861E-1,-1.727507450E-2
2.291164275E1,1.457751513E0,2.568308711E-1,-5.164708197E-2
2.292168275E1,1.388687491E0,1.562246233E-1,-7.407195866E-2
2.293172275E1,1.242480397E0,8.301599883E-3,-9.310483187E-2
2.294176275E1,1.061788917E0,-1.616879702E-1,-7.921671122E-2
2.295180275E1,8.677936196E-1,-2.943488359E-1,-5.528762192E-2
2.296184275E1,5.795437098E-1,-3.687075078E-1,-7.050332427E-2
2.297188275E1,2.763790786E-1,-3.388169408E-1,-6.805276871E-2
2.298192375E1,2.717947364E-1,9.313020110E-2,8.421053737E-2
2.299196375E1,5.359488130E-1,5.474604964E-1,3.155670464E-1
2.300200375E1,5.867941380E-1,7.093518972E-1,4.613485038E-1
2.301204375E1,4.479162395E-1,5.107804537E-1,4.671911895E-1
2.302208375E1,3.832256794E-1,1.073362976E-1,4.222378433E-1
2.303212375E1,3.499076366E-1,-2.194969356E-1,4.100272655E-1
2.304216475E1,1.551176459E-1,-4.051086009E-1,4.332468212E-1
2.305220475E1,-1.916475296E-1,-6.161334515E-1,4.885715842E-1
2.306224475E1,-5.310543180E-1,-7.844689488E-1,5.694869161E-1
2.307228475E1,-7.825582027E-1,-7.947672009E-1,6.006244421E-1
2.308232475E1,-9.792459607E-1,-7.316066027E-1,5.534161925E-1
2.309236475E1,-1.114880562E0,-6.248084903E-1,4.431013763E-1
2.310240475E1,-1.148268104E0,-5.509851575E-1,3.215661347E-1
2.311244575E1,-1.101146817E0,-4.998620450E-1,1.947189718E-1
2.312248575E1,-1.029605031E0,-5.226882696E-1,6.686273217E-2
2.313252575E1,-9.537576437E-1,-6.391560435E-1,-3.537788615E-2
2.314256575E1,-8.589235544E-1,-6.913537383E-1,-9.053647518E-2
2.315260575E1,-7.893314958E-1,-6.210176945E-1,-1.042909324E-1
2.316264575E1,-7.682227492E-1,-4.090724289E-1,-6.427640468E-2
2.317268762E1,-7.915182114E-1,-1.307688653E-1,3.107375931E-3
2.318272762E1,-8.250465989E-1,1.444027871E-1,8.036035299E-2
2.319276762E1,-8.683335781E-1,3.748930395E-1,1.333771646E-1
2.320280762E1,-9.067672491E-1,5.585650802E-1,1.578939706E-1
2.321284762E1,-9.361756444E-1,6.879784465E-1,1.659689546E-1
2.322288762E1,-9.530435801E-1,7.379979491E-1,1.668912023E-1
2.323292762E1,-9.509637356E-1,6.979971528E-1,1.534026861E-1
2.324296862E1,-9.329610467E-1,6.055122614E-1,1.107660085E-1
2.325300863E1,-9.009135962E-1,4.720831513E-1,7.414695621E-2
2.326304862E1,-8.756455183E-1,3.476075232E-1,4.234801605E-2
2.327308862E1,-8.487653732E-1,2.283672392E-1,3.547429293E-2
2.328312862E1,-8.310572505E-1,1.052660719E-1,2.354492806E-2
2.329316862E1,-8.226081729E-1,6.109153852E-2,1.421206445E-2
2.330320962E1,-8.322557211E-1,2.019541115E-1,2.252086252E-2
2.331324962E1,-8.609250784E-1,3.552524447E-1,7.419772446E-2
2.332328962E1,-8.847435713E-1,4.159061909E-1,1.553698182E-1
2.333332962E1,-8.869438171E-1,3.824793100E-1,2.546588778E-1
2.334336962E1,-8.805109262E-1,3.195834458E-1,3.592039347E-1
2.335340962E1,-8.598307967E-1,2.441184968E-1,4.518959820E-1
2.336344962E1,-8.321155906E-1,1.453091055E-1,5.090985298E-1
2.337349063E1,-8.014284968E-1,5.520697683E-2,5.416495204E-1
2.338353062E1,-7.553012371E-1,-5.834005307E-3,5.672102571E-1
2.339357062E1,-7.129377723E-1,-4.184481129E-2,5.836540461E-1
2.340361062E1,-6.703476906E-1,-5.321731046E-2,5.865869522E-1
2.341365062E1,-6.319247484E-1,-6.259189546E-2,5.756608248E-1
2.342369063E1,-5.963542461E-1,-5.567274243E-2,5.461077690E-1
2.343373162E1,-5.764785409E-1,-2.564978786E-2,5.132051110E-1
2.344377162E1,-5.680624247E-1,1.038815826E-3,4.763658643E-1
2.345381162E1,-5.510347486E-1,3.283079714E-2,4.248116612E-1
2.346385162E1,-5.124686956E-1,7.175395638E-2,3.681763411E-1
2.347389162E1,-4.577244818E-1,1.118475497E-1,3.178519309E-1
2.348393162E1,-4.027781487E-1,1.903093308E-1,2.701017261E-1
2.349397162E1,-3.413586318E-1,3.117195964E-1,2.371757478E-1
2.350401262E1,-2.947514653E-1,4.045701921E-1,2.127769291E-1
2.351405262E1,-3.087022603E-1,3.870037794E-1,1.828235239E-1
2.352409262E1,-3.429907262E-1,3.016052544E-1,1.406403929E-1
2.353413262E1,-3.719432354E-1,1.621697992E-1,6.325314194E-2
2.354417262E1,-3.993050754E-1,4.913870711E-3,-5.707407370E-2
2.355421262E1,-4.094431400E-1,-1.888186932E-1,-1.952839494E-1
2.356425362E1,-3.934066594E-1,-3.940011561E-1,-3.236067891E-1
2.357429362E1,-3.566047847E-1,-6.593711376E-1,-3.831200302E-1
2.358433362E1,-3.212193847E-1,-1.065419555E0,-3.646736443E-1
2.359437362E1,-2.909267247E-1,-1.281605124E0,-3.427276909E-1
2.360441362E1,-2.619035840E-1,-1.079634428E0,-3.375760615E-1
2.361445362E1,-2.213224173E-1,-5.944277644E-1,-3.667048514E-1
2.362449462E1,-9.959091246E-2,-1.897007674E-1,-4.208967090E-1
2.363453462E1,6.116848066E-2,-7.089379244E-3,-5.156480670E-1
2.364457462E1,1.396156251E-1,1.115565747E-1,-6.493624449E-1
2.365461462E1,1.916132420E-1,1.644372940E-1,-7.892240882E-1
2.366465462E1,3.083640933E-1,1.096219867E-1,-9.460246563E-1
2.367469462E1,3.917929828E-1,6.473988295E-2,-1.098494768E0
2.368473462E1,4.465792477E-1,8.109009266E-2,-1.174685597E0
2.369477562E1,5.418677926E-1,7.410636544E-2,-1.139837027E0
2.370481562E1,6.363783479E-1,-2.420981601E-2,-1.044368863E0
2.371485563E1,6.749184132E-1,-3.601170182E-1,-8.998294473E-1
2.372489562E1,6.193829775E-1,-7.987734675E-1,-7.038298845E-1
2.373493562E1,4.995548129E-1,-1.109380841E0,-4.236159921E-1
2.374497562E1,3.897651732E-1,-1.119959474E0,-1.010584235E-1
2.375501562E1,3.871171176E-1,-9.760372639E-1,1.661396623E-1
2.376505662E1,4.419263005E-1,-9.288079739E-1,3.278886080E-1
2.377509662E1,5.344635844E-1,-8.956894875E-1,4.464986920E-1
2.378513662E1,6.749836802E-1,-8.111420870E-1,5.324149132E-1
2.379517662E1,8.273844719E-1,-6.951041818E-1,5.509129763E-1
2.380521662E1,9.654704332E-1,-5.565593243E-1,5.164521933E-1
2.381525662E1,1.089736462E0,-3.739915192E-1,4.391883910E-1
2.382529762E1,1.188530087E0,-2.002500892E-1,3.112013936E-1
2.383533763E1,1.260623693E0,-1.075027138E-2,1.696873158E-1
2.384537762E1,1.319750071E0,1.728355289E-1,2.939278260E-2
2.385541762E1,1.381056070E0,3.321074843E-1,-7.611142099E-2
2.386545762E1,1.449332595E0,5.268519521E-1,-1.936199367E-1
2.387549762E1,1.515413642E0,6.754531264E-1,-3.017372489E-1
2.388553762E1,1.569736719E0,7.053588033E-1,-3.468171060E-1
2.389557862E1,1.574368477E0,6.993853450E-1,-3.649660945E-1
2.390561862E1,1.535557985E0,7.059497833E-1,-3.789820671E-1
2.391565862E1,1.487888098E0,7.106906176E-1,-3.807499111E-1
2.392569862E1,1.450333238E0,7.080698013E-1,-3.557007611E-1
2.393573862E1,1.394245744E0,7.240790725E-1,-3.171743751E-1
2.394577862E1,1.323691726E0,6.996917129E-1,-2.448165417E-1
2.395581963E1,1.248231173E0,5.804908276E-1,-1.376744509E-1
2.396585962E1,1.198210359E0,4.346678555E-1,-4.141423106E-2
2.397589962E1,1.132526636E0,3.476010561E-1,-4.684654623E-2
2.398593962E1,1.024995923E0,2.180433422E-1,-1.107301861E-1
2.399597962E1,9.204241037E-1,-2.925375476E-3,-1.426328421E-1
2.400601962E1,8.053116202E-1,-1.971571743E-1,-1.580205858E-1
2.401606062E1,7.017301321E-1,-2.675722837E-1,-1.746508926E-1
2.402610062E1,6.247144341E-1,-1.893174350E-1,-2.019957006E-1
2.403614062E1,5.786927938E-1,-3.521494567E-2,-2.234836221E-1
2.404618062E1,5.278879404E-1,1.277332306E-1,-2.437023520E-1
2.405622063E1,4.809109569E-1,2.682461441E-1,-2.313424051E-1
2.406626062E1,4.262362421E-1,3.963785470E-1,-2.001823485E-1
2.407630062E1,3.438161314E-1,5.131003261E-1,-1.739879847E-1
2.408634162E1,3.093630672E-1,6.080428362E-1,-1.552473158E-1
2.409638162E1,3.451239765E-1,6.509262919E-1,-1.538242251E-1
2.410642162E1,4.360389709E-1,6.084834933E-1,-1.775503308E-1
2.411646162E1,5.585250854E-1,5.208997130E-1,-2.286918014E-1
2.412650162E1,6.732649803E-1,3.947851658E-1,-2.901836336E-1
2.413654162E1,7.385985851E-1,2.167445570E-1,-3.679076433E-1
2.414658162E1,7.379690409E-1,3.098241054E-2,-4.390915334E-1
2.415662262E1,6.950168014E-1,-1.301087737E-1,-4.764106274E-1
2.416666262E1,6.474386454E-1,-2.334005535E-1,-4.702222645E-1
2.417670187E1,4.952088892E-1,-2.872481048E-1,-4.602255523E-1
2.418674187E1,2.508010268E-1,-3.456488252E-1,-3.708293438E-1
2.419678187E1,2.092802227E-1,-9.174940735E-2,-1.563112289E-1
2.420682187E1,4.403771162E-1,4.019961059E-1,1.238115057E-1
2.421686287E1,4.981823266E-1,6.312242150E-1,3.065227568E-1
2.422690288E1,2.515608072E-1,4.911265075E-1,3.700455427E-1
2.423694287E1,1.027728543E-1,1.409321576E-1,4.608533978E-1
2.424698287E1,9.025946259E-2,-1.153350398E-1,6.357405186E-1
2.425702287E1,-4.763711616E-2,-3.057378232E-1,7.906007171E-1
2.426706287E1,-3.370010257E-1,-5.353305340E-1,8.490312696E-1
2.427710287E1,-7.336333394E-1,-7.440370917E-1,7.975347638E-1
2.428714387E1,-1.130486965E0,-8.531593084E-1,6.582961679E-1
2.429718387E1,-1.509188175E0,-8.417087197E-1,5.029794574E-1
2.430722387E1,-1.813892365E0,-8.159785867E-1,3.469256461E-1
2.431726387E1,-1.972804308E0,-7.620655894E-1,2.183416337E-1
2.432730387E1,-2.039211035E0,-6.842027307E-1,1.047612727E-1
2.433734387E1,-2.047068834E0,-6.174847484E-1,1.554543246E-2
2.434738487E1,-2.017482281E0,-5.282041430E-1,-3.050275333E-2
2.435742487E1,-1.997733474E0,-3.701317608E-1,-2.576762438E-2
2.436746487E1,-1.971719384E0,-1.244285181E-1,3.869951516E-2
2.437750487E1,-1.958482027E0,1.469001472E-1,1.565133035E-1
2.438754487E1,-1.950006008E0,3.896842897E-1,2.951883674E-1
2.439758487E1,-1.937312365E0,5.456196666E-1,3.865437508E-1
2.440762487E1,-1.915772796E0,6.325356364E-1,4.117282033E-1
2.441766587E1,-1.884443998E0,6.640101671E-1,3.846772313E-1
2.442770587E1,-1.828218579E0,7.156523466E-1,3.421374857E-1
2.443774587E1,-1.751641393E0,7.930052876E-1,2.806138694E-1
2.444778588E1,-1.660733819E0,8.237743378E-1,1.814659983E-1
2.445782587E1,-1.547874928E0,8.187637925E-1,7.137663662E-2
2.446786587E1,-1.414673924E0,7.440791726E-1,-5.376183987E-2
2.447790587E1,-1.264327765E0,6.194784641E-1,-1.644169092E-1
2.448794687E1,-1.119699955E0,4.681209326E-1,-2.091841251E-1
2.449798687E1,-9.733875394E-1,3.271649778E-1,-2.002141923E-1
2.450802687E1,-8.140825629E-1,2.157433927E-1,-1.306766570E-1
2.451806687E1,-6.568050981E-1,1.356654912E-1,-2.803589590E-2
2.452810687E1,-5.232276320E-1,8.502282202E-2,1.009644344E-1
2.453814687E1,-4.094810188E-1,1.063389480E-1,2.369771749E-1
2.454818787E1,-3.365242481E-1,1.196883097E-1,3.512403667E-1
2.455822787E1,-2.911555171E-1,1.029990837E-1,4.346695244E-1
2.456826788E1,-2.705311775E-1,7.046697289E-2,4.882720113E-1
2.457830787E1,-2.635778487E-1,5.790230259E-2,5.059815049E-1
2.458834787E1,-2.604672909E-1,6.926228106E-2,4.990115166E-1
2.459838787E1,-2.559764683E-1,1.071440279E-1,4.738784432E-1
2.460842787E1,-2.419171035E-1,1.294179112E-1,4.325190187E-1
2.461846887E1,-1.989928931E-1,1.322244257E-1,3.965402246E-1
2.462850887E1,-1.488687396E-1,1.442736387E-1,3.792946637E-1
2.463854887E1,-9.914755076E-2,1.459932625E-1,3.770389259E-1
2.464858887E1,-4.603186995E-2,1.239388362E-1,3.799912930E-1
2.465862887E1,4.960748367E-3,7.692266256E-2,3.766156733E-1
2.466866887E1,5.340018496E-2,2.012473065E-3,3.504391909E-1
2.467870887E1,9.775152057E-2,-8.030427992E-2,2.990377545E-1
2.468874988E1,1.445507258E-1,-1.371007115E-1,2.291761190E-1
2.469878987E1,1.778478920E-1,-1.674509048E-1,1.547200233E-1
2.470882987E1,1.933632046E-1,-1.549657434E-1,6.824371964E-2
2.471886987E1,1.757985950E-1,-6.775892526E-2,-2.057323605E-2
2.472890987E1,1.229167432E-1,8.715395629E-2,-9.043221176E-2
2.473894987E1,3.293389827E-2,2.354815602E-1,-1.506188065E-1
2.474899087E1,-6.185492873E-2,3.022755086E-1,-2.017349899E-1
2.475903087E1,-1.262203753E-1,2.316515893E-1,-2.691642642E-1
2.476907087E1,-1.218501404E-1,2.527046576E-2,-3.270917535E-1
2.477911087E1,-5.678325146E-2,-2.720143795E-1,-3.290446997E-1
2.478915088E1,-1.425949112E-2,-7.128035426E-1,-2.324270904E-1
2.479919087E1,-8.600360714E-3,-9.981480241E-1,-1.257885396E-1
2.480923087E1,-4.220971838E-2,-9.063787460E-1,-8.800440282E-2
2.481927187E1,-3.558691218E-2,-5.984066725E-1,-1.508911550E-1
2.482931187E1,1.150521263E-1,-4.055051208E-1,-2.915438712E-1
2.483935187E1,3.121244609E-1,-3.379570544E-1,-5.049383640E-1
2.484939187E1,4.066661298E-1,-3.144525290E-1,-7.770923972E-1
2.485943187E1,4.368759096E-1,-2.573260069E-1,-1.004616499E0
2.486947187E1,4.838367701E-1,-2.000355422E-1,-1.094680309E0
2.487951187E1,5.180465579E-1,-1.477212906E-1,-1.113417864E0
2.488955287E1,5.086477399E-1,-1.141928956E-1,-1.129854560E0
2.489959287E1,4.676288068E-1,-1.263466030E-1,-1.092844844E0
2.490963288E1,4.187739193E-1,-1.140619740E-1,-9.700710773E-1
2.491967287E1,3.824457824E-1,-1.231691167E-1,-7.756327391E-1
2.492971287E1,3.442573845E-1,-2.464582920E-1,-5.096164942E-1
2.493975287E1,2.964384854E-1,-4.075130522E-1,-1.941106468E-1
2.494979287E1,2.207831442E-1,-4.711652696E-1,1.368555576E-1
2.495983387E1,2.288977653E-1,-4.420430958E-1,3.875277936E-1
2.496987387E1,2.803931832E-1,-4.213793874E-1,5.628748536E-1
2.497991387E1,3.737303019E-1,-4.551183879E-1,6.291813850E-1
2.498995387E1,4.981268048E-1,-4.720073342E-1,5.988389254E-1
2.499999387E1,6.192793846E-1,-4.414568841E-1,5.043421984E-1
2.501003387E1,7.213485241E-1,-3.728554547E-1,3.933744133E-1
2.502007387E1,8.267790675E-1,-2.548987567E-1,2.748677433E-1
2.503011488E1,9.634703398E-1,-1.782034487E-1,1.943673193E-1
2.504015487E1,1.130528212E0,-9.213042259E-2,1.046117097E-1
2.505019487E1,1.286231756E0,1.174564101E-2,-3.256265074E-2
2.506023487E1,1.418961048E0,1.855335683E-1,-1.416541487E-1
2.507027487E1,1.575764537E0,3.175805509E-1,-1.652982235E-1
2.508031487E1,1.736554623E0,4.297374785E-1,-1.463296860E-1
2.509035587E1,1.869582176E0,5.816082358E-1,-1.558054835E-1
2.510039587E1,1.971812844E0,6.661764383E-1,-1.683686376E-1
2.511043587E1,2.035426855E0,6.940855384E-1,-1.511654109E-1
2.512047587E1,2.044655561E0,7.593163848E-1,-1.174896285E-1
2.513051588E1,2.006927013E0,8.319280148E-1,-6.701819599E-2
2.514055587E1,1.913320422E0,8.703162670E-1,-2.950164489E-2
2.515059587E1,1.782116175E0,8.473571539E-1,-9.102630429E-3
2.516063687E1,1.616693377E0,8.635989428E-1,-2.885949239E-2
2.517067737E1,1.426589727E0,7.853147984E-1,-3.353706747E-2
2.518071737E1,1.225777149E0,5.452438593E-1,2.607032284E-2
2.519075737E1,1.024672985E0,2.936992347E-1,1.905182749E-2
2.520079738E1,8.470205069E-1,2.455937117E-2,-2.619621344E-2
2.521083737E1,6.852046847E-1,-1.737944633E-1,-5.298947915E-2
2.522087737E1,5.537857413E-1,-2.596684992E-1,-8.312547207E-2
2.523091837E1,4.556136727E-1,-2.822521031E-1,-1.126857623E-1
2.524095837E1,3.898274004E-1,-2.712584734E-1,-1.355237514E-1
2.525099837E1,3.697759509E-1,-2.017939091E-1,-1.604493409E-1
2.526103837E1,3.743779659E-1,-9.697425365E-2,-1.759404987E-1
2.527107837E1,3.954955041E-1,5.512419716E-2,-1.987645924E-1
2.528111837E1,4.244366884E-1,2.370451838E-1,-2.148609906E-1
2.529115837E1,4.853181541E-1,4.030458629E-1,-2.321592867E-1
2.530119937E1,5.411528945E-1,5.148540139E-1,-2.460275292E-1
2.531123937E1,5.862018466E-1,5.662434101E-1,-2.645684481E-1
2.532127937E1,6.074743271E-1,5.237651467E-1,-3.008168638E-1
2.533131937E1,6.301130652E-1,3.736136854E-1,-3.293219805E-1
2.534135937E1,7.446790934E-1,1.308111250E-1,-2.800766528E-1
2.535139937E1,8.669189811E-1,-1.125796959E-1,-1.794030368E-1
2.536143937E1,9.216591120E-1,-3.619625270E-1,-7.689351588E-2
2.537148038E1,8.613888621E-1,-6.457790732E-1,-2.015513554E-2
2.538152037E1,7.089492679E-1,-8.265624642E-1,-4.388698842E-3
2.539156037E1,5.704095364E-1,-6.159993410E-1,8.327909559E-2
2.540160037E1,4.219055474E-1,-2.383495718E-1,3.002814949E-1
2.541164037E1,1.150435954E-1,-1.645499170E-1,4.827511907E-1
2.542168038E1,-5.845859274E-2,-2.952000797E-1,5.783247948E-1
2.543172037E1,-7.946148515E-3,-4.087668359E-1,6.525250077E-1
2.544176137E1,1.042024940E-1,-4.488532841E-1,6.603272557E-1
2.545180137E1,1.821977496E-1,-4.933142066E-1,6.124675870E-1
2.546184137E1,1.673347652E-1,-6.102948785E-1,5.325818658E-1
2.547188137E1,1.180452481E-1,-7.561498284E-1,4.086708426E-1
2.548192137E1,8.153811097E-2,-8.506136537E-1,2.573245764E-1
2.549196137E1,3.222249448E-2,-8.562403321E-1,9.515456110E-2
2.550200137E1,-8.254137635E-2,-7.237025499E-1,-6.087658182E-2
2.551204237E1,-1.998312473E-1,-5.660681725E-1,-1.883442551E-1
2.552208237E1,-3.076765239E-1,-4.456969798E-1,-2.848521769E-1
2.553212237E1,-3.924334943E-1,-3.393431008E-1,-3.492034674E-1
2.554216238E1,-4.429453611E-1,-2.550480366E-1,-3.545691073E-1
2.555220237E1,-4.707985520E-1,-1.869944334E-1,-3.023522496E-1
2.556224237E1,-4.982873201E-1,-1.033121496E-1,-2.067610472E-1
2.557228337E1,-5.213375092E-1,1.595192216E-2,-8.224868774E-2
2.558232337E1,-5.263335705E-1,1.305044889E-1,4.029517248E-2
2.559236337E1,-5.336756706E-1,2.232200503E-1,1.214147955E-1
2.560240337E1,-5.437233448E-1,2.769904137E-1,1.456070691E-1
2.561244337E1,-5.575033426E-1,2.594699860E-1,1.212263554E-1
2.562248337E1,-5.730645657E-1,1.995103955E-1,5.002848059E-2
2.563252337E1,-6.037891507E-1,1.690787226E-1,-3.731894121E-2
2.564256437E1,-6.743291616E-1,1.470526457E-1,-1.611216366E-1
2.565260437E1,-7.677062750E-1,1.260839850E-1,-2.585635185E-1
2.566264437E1,-8.697894216E-1,8.377265930E-2,-3.223198056E-1
2.567268437E1,-9.700006843E-1,2.039901540E-2,-3.668875396E-1
2.568272437E1,-1.040318966E0,9.245494008E-2,-3.673666120E-1
2.569276437E1,-1.060642719E0,2.548907399E-1,-3.059692979E-1
2.570280437E1,-1.030332446E0,4.004038870E-1,-2.178715467E-1
2.571284537E1,-9.473128319E-1,4.686476588E-1,-1.198057085E-1
2.572288537E1,-8.528370857E-1,4.520581961E-1,-2.838344499E-2
2.573292537E1,-7.467785478E-1,4.062286615E-1,6.560030580E-2
2.574296537E1,-6.358023882E-1,3.412535489E-1,1.581350714E-1
2.575300537E1,-5.179409981E-1,2.567517161E-1,2.695998251E-1
2.576304538E1,-4.052229822E-1,2.276841700E-1,3.527662754E-1
2.577308537E1,-3.007114828E-1,1.402264833E-1,3.940652311E-1
2.578312637E1,-2.024358064E-1,-4.535519052E-3,4.175634384E-1
2.579316637E1,-1.167440787E-1,-1.086496711E-1,4.478355646E-1
2.580320637E1,-3.948251158E-2,-1.587493569E-1,4.807631373E-1
2.581324637E1,1.884790882E-2,-1.809867620E-1,5.105812550E-1
2.582328637E1,5.550074205E-2,-1.883856654E-1,5.211107135E-1
2.583332637E1,8.320746571E-2,-1.479202658E-1,5.251131654E-1
2.584336637E1,9.126371145E-2,-2.770536207E-2,5.166852474E-1
2.585340737E1,7.779157907E-2,1.500859410E-1,5.013537407E-1
2.586344737E1,6.483636051E-2,2.907445133E-1,4.665960371E-1
2.587348737E1,7.587835938E-2,3.605022728E-1,4.300862253E-1
2.588352738E1,1.121390164E-1,3.958424628E-1,3.847460449E-1
2.589356737E1,1.641348451E-1,4.459857941E-1,3.173462451E-1
2.590360737E1,1.794268191E-1,4.900599420E-1,2.437068671E-1
2.591364737E1,1.043416411E-1,4.564066529E-1,1.556790173E-1
2.592368837E1,-3.351227567E-2,3.181355000E-1,5.569250509E-2
2.593372837E1,-1.617291123E-1,1.011310294E-1,-4.461013153E-2
2.594376837E1,-2.513634264E-1,-1.535293311E-1,-1.253794134E-1
2.595380837E1,-2.609707713E-1,-3.763765395E-1,-1.719873995E-1
2.596384837E1,-1.740108281E-1,-5.365910530E-1,-1.671605706E-1
2.597388837E1,-5.252427422E-3,-7.217641473E-1,-1.100855693E-1
2.598392838E1,1.497536749E-1,-9.277579188E-1,-1.709213853E-2
2.599396937E1,1.523539871E-1,-8.714123368E-1,5.002351478E-2
2.600400937E1,-1.110552400E-1,-5.309131742E-1,7.302715629E-2
2.601404937E1,-3.283883631E-1,-2.365017533E-1,4.599713162E-2
2.602408937E1,-2.382551730E-1,-5.653529242E-2,-2.846398856E-4
2.603412937E1,-1.234966367E-1,8.973430097E-2,-8.674336225E-2
2.604416937E1,-9.068401903E-2,2.509644926E-1,-2.098020017E-1
2.605420937E1,-8.767757565E-2,2.990931571E-1,-3.457675874E-1
2.606425037E1,1.689681597E-2,1.667159349E-1,-4.821579456E-1
2.607429037E1,1.388879716E-1,-2.376399934E-2,-6.088756323E-1
2.608433037E1,2.429725677E-1,-1.520453840E-1,-6.451272964E-1
2.609437037E1,4.074254334E-1,-3.378304243E-1,-5.921756625E-1
2.610441038E1,6.303080916E-1,-5.625090003E-1,-4.903023839E-1
2.611445037E1,8.397824764E-1,-7.372264862E-1,-3.513572812E-1
2.612449037E1,9.679875970E-1,-8.207994103E-1,-1.798420101E-1
2.613453137E1,1.005071878E0,-8.155963421E-1,-2.614033781E-2
2.614457137E1,9.796920419E-1,-7.051860690E-1,1.148596853E-1
2.615461137E1,9.733598232E-1,-5.606960058E-1,2.330164313E-1
2.616465137E1,1.014652014E0,-4.536085129E-1,2.949949801E-1
2.617469162E1,1.071134090E0,-4.269182980E-1,2.957883477E-1
2.618473162E1,1.139036179E0,2.873832360E-2,5.940159559E-1
2.619477262E1,1.094593406E0,4.724965990E-1,3.682294488E-1
2.620481262E1,1.137866855E0,5.508354306E-1,7.058428973E-2
2.621485262E1,1.215706468E0,3.435554802E-1,-6.920529902E-2
2.622489263E1,1.285671115E0,-4.921453074E-3,-1.531461626E-1
2.623493262E1,1.354476810E0,-2.635474205E-1,-1.999200732E-1
2.624497262E1,1.447052240E0,-3.703926504E-1,-2.209715545E-1
2.625501262E1,1.599458814E0,-3.309632242E-1,-1.992007494E-1
2.626505362E1,1.781880498E0,-2.406162620E-1,-1.723385006E-1
2.627509362E1,1.945886731E0,-1.286927015E-1,-1.461925507E-1
2.628513362E1,2.064491272E0,5.508470535E-2,-1.600789279E-1
2.629517362E1,2.124746323E0,2.257056981E-1,-1.761100888E-1
2.630521362E1,2.127543211E0,3.557262719E-1,-1.678721160E-1
2.631525362E1,2.094282389E0,4.489731491E-1,-1.733859181E-1
2.632529362E1,2.031096458E0,4.925250709E-1,-2.059816718E-1
2.633533462E1,1.947573066E0,4.854482412E-1,-2.367257327E-1
2.634537463E1,1.860975266E0,4.764308631E-1,-2.561564445E-1
2.635541462E1,1.767788053E0,4.524557590E-1,-2.763802409E-1
2.636545462E1,1.668720365E0,3.834416866E-1,-2.742488086E-1
2.637549462E1,1.534699678E0,3.006306887E-1,-2.824611962E-1
2.638553462E1,1.391527772E0,2.393032014E-1,-3.007417321E-1
2.639557462E1,1.258545399E0,1.958417445E-1,-3.357689679E-1
2.640561562E1,1.145424366E0,1.359222531E-1,-3.541279435E-1
2.641565562E1,1.059774160E0,5.711373314E-2,-3.460346162E-1
2.642569562E1,1.004832149E0,-2.520043403E-2,-3.268374205E-1
2.643573562E1,9.691074491E-1,-8.778924495E-2,-3.062109649E-1
2.644577562E1,9.384343028E-1,-1.265565008E-1,-2.914471030E-1
2.645581562E1,9.179874063E-1,-1.492341161E-1,-2.781541944E-1
2.646585663E1,9.123421907E-1,-1.205061451E-1,-2.730179131E-1
2.647589662E1,9.520230293E-1,-5.536442250E-2,-2.808034122E-1
2.648593662E1,1.029938102E0,1.409157831E-2,-2.782853246E-1
2.649597662E1,1.116898298E0,7.372215390E-2,-2.758895457E-1
2.650601662E1,1.194254994E0,1.331012845E-1,-2.980310321E-1
2.651605662E1,1.266801357E0,1.591299474E-1,-3.563111126E-1
2.652609662E1,1.371272922E0,1.438182592E-1,-4.283310771E-1
2.653613762E1,1.516231418E0,8.164064586E-2,-4.881704450E-1
2.654617762E1,1.652159691E0,2.381706238E-2,-4.938822091E-1
2.655621762E1,1.744101405E0,-1.912161522E-2,-4.320302904E-1
2.656625763E1,1.783248186E0,-8.561275899E-2,-3.455316126E-1
2.657629762E1,1.759533525E0,-2.552471757E-1,-3.023038805E-1
2.658633762E1,1.695953250E0,-4.877016544E-1,-2.855715454E-1
2.659637762E1,1.659991026E0,-5.387573242E-1,-1.700430512E-1
2.660641862E1,1.644340754E0,-3.043822050E-1,1.480637342E-1
2.661645862E1,1.471783161E0,-1.114119440E-1,4.945870638E-1
2.662649862E1,1.346625924E0,-8.404651284E-2,7.319868207E-1
2.663653862E1,1.357835650E0,-1.137271747E-1,9.166643023E-1
2.664657862E1,1.402960420E0,-9.023706615E-2,1.024562836E0
2.665661862E1,1.418071508E0,-6.452717632E-2,1.038841724E0
2.666665862E1,1.389920950E0,-1.048636436E-1,9.562638402E-1
2.667669962E1,1.395860076E0,-2.064784169E-1,7.635812163E-1
2.668673963E1,1.464826584E0,-3.007872403E-1,4.592345357E-1
2.669677962E1,1.518544078E0,-3.486780822E-1,1.078719571E-1
2.670681962E1,1.547031164E0,-3.332852721E-1,-2.368202060E-1
2.671685962E1,1.573817253E0,-2.837829590E-1,-5.412688255E-1
2.672689962E1,1.592928648E0,-2.792694271E-1,-7.621117234E-1
2.673693962E1,1.604360223E0,-3.418821990E-1,-8.861385584E-1
2.674698062E1,1.609580874E0,-3.694855273E-1,-9.341077805E-1
2.675702062E1,1.613841057E0,-3.325722516E-1,-9.285753369E-1
2.676706062E1,1.608853817E0,-1.964685172E-1,-8.884291649E-1
2.677710062E1,1.600207329E0,4.289214313E-2,-8.333110213E-1
2.678714062E1,1.554963827E0,3.187378943E-1,-7.928758264E-1
2.679718062E1,1.462772369E0,5.401892662E-1,-7.685619593E-1
2.680722163E1,1.346677303E0,6.720045209E-1,-7.462205887E-1
2.681726162E1,1.247957110E0,6.891896129E-1,-7.281422615E-1
2.682730162E1,1.176266193E0,5.720823407E-1,-6.957788467E-1
2.683734162E1,1.124120712E0,4.187130332E-1,-6.734090447E-1
2.684738162E1,1.085293531E0,2.813121080E-1,-6.643377542E-1
2.685742162E1,1.047081709E0,1.514244080E-1,-6.580891609E-1
2.686746162E1,9.917554259E-1,3.344218433E-2,-6.392598152E-1
2.687750262E1,9.229339957E-1,-8.013377897E-3,-6.165728569E-1
2.688754262E1,8.710283041E-1,2.455428476E-3,-6.025750041E-1
2.689758262E1,8.400538564E-1,5.522809550E-2,-5.905489922E-1
2.690762263E1,8.413848281E-1,1.122251451E-1,-5.623543859E-1
2.691766262E1,8.699781299E-1,1.812303215E-1,-5.253660083E-1
2.692770262E1,8.944656253E-1,2.473765463E-1,-4.978869259E-1
2.693774262E1,9.121186733E-1,3.538896441E-1,-4.837846756E-1
2.694778362E1,9.296513796E-1,4.771912098E-1,-4.893729389E-1
2.695782362E1,9.413751364E-1,5.768110156E-1,-4.843707085E-1
2.696786362E1,9.431481957E-1,6.519166827E-1,-4.743550420E-1
2.697790362E1,9.151440263E-1,7.337129712E-1,-4.744881988E-1
2.698794362E1,8.591144085E-1,7.660081983E-1,-4.653518796E-1
2.699798362E1,7.834657431E-1,7.332627773E-1,-4.559248388E-1
2.700802362E1,6.927544475E-1,6.574281454E-1,-4.269040823E-1
2.701806462E1,5.993890762E-1,5.650108457E-1,-3.727779686E-1
2.702810463E1,4.976871312E-1,4.054704010E-1,-2.940801084E-1
2.703814462E1,3.956789970E-1,1.859910637E-1,-1.813849956E-1
2.704818462E1,2.940770686E-1,-4.308991507E-2,-5.732102692E-2
2.705822462E1,2.028555274E-1,-2.490593046E-1,7.599335909E-2
2.706826462E1,1.442408711E-1,-4.253362715E-1,1.946989596E-1
2.707830462E1,1.182271093E-1,-5.577033162E-1,2.819187939E-1
2.708834562E1,1.303011477E-1,-6.146245003E-1,3.572750986E-1
2.709838562E1,1.516634375E-1,-5.752970576E-1,4.010744989E-1
2.710842562E1,1.639621854E-1,-3.741892874E-1,4.195371270E-1
2.711846562E1,2.154323012E-1,-6.527138501E-2,4.086314738E-1
2.712850562E1,2.477506399E-1,2.149160206E-1,3.363008499E-1
2.713854562E1,2.244093716E-1,4.341056347E-1,2.197132260E-1
2.714858562E1,1.762123406E-1,5.659691095E-1,9.546186775E-2
2.715862662E1,1.373051554E-1,4.700212479E-1,-5.363334715E-2
2.716866662E1,1.311591119E-1,2.022542208E-1,-2.355438173E-1
2.717870637E1,1.820800900E-1,-3.440305591E-2,-4.085118771E-1
2.718874637E1,2.876092792E-1,-2.619560361E-1,-4.910787344E-1
2.719878637E1,3.915849626E-1,-5.799116492E-1,-4.983219802E-1
2.720882637E1,4.648056626E-1,-7.949827909E-1,-4.275260866E-1
2.721886637E1,5.010784268E-1,-7.937697172E-1,-3.122255802E-1
2.722890737E1,5.733395219E-1,-6.142281294E-1,-2.575551271E-1
2.723894737E1,6.383047104E-1,-3.822281957E-1,-2.944979668E-1
2.724898738E1,6.305176020E-1,-1.359267533E-1,-3.920879662E-1
2.725902737E1,6.425164938E-1,5.991438776E-2,-4.945331216E-1
2.726906737E1,7.599565387E-1,7.739061862E-2,-5.642920136E-1
2.727910737E1,9.561361670E-1,-5.047066882E-2,-6.184780002E-1
2.728914837E1,1.154074788E0,-1.899218559E-1,-6.706177592E-1
2.729918837E1,1.352765799E0,-2.921062708E-1,-6.832470298E-1
2.730922837E1,1.479474545E0,-4.626084864E-1,-6.523700953E-1
2.731926837E1,1.511589050E0,-6.363443136E-1,-5.852125883E-1
2.732930837E1,1.496097684E0,-7.042409778E-1,-4.509242475E-1
2.733934837E1,1.449926138E0,-6.932586432E-1,-2.815991342E-1
2.734938837E1,1.399042726E0,-6.433579326E-1,-9.742131084E-2
2.735942937E1,1.352136254E0,-5.683898926E-1,8.769342303E-2
2.736946938E1,1.323591948E0,-4.896608889E-1,2.341954708E-1
2.737950937E1,1.344970703E0,-4.165014625E-1,3.196224868E-1
2.738954937E1,1.406551719E0,-3.552094996E-1,3.489159942E-1
2.739958937E1,1.469168425E0,-3.133144975E-1,3.283380270E-1
2.740962937E1,1.503295541E0,-2.980797887E-1,2.756125927E-1
2.741966937E1,1.515554905E0,-2.885832191E-1,2.227416486E-1
2.742971037E1,1.507375121E0,-2.967444360E-1,1.723024994E-1
2.743975037E1,1.500579476E0,-2.963505685E-1,1.423352808E-1
2.744979037E1,1.508816242E0,-2.780925930E-1,1.268810332E-1
2.745983037E1,1.527701020E0,-2.169043422E-1,1.360537559E-1
2.746987038E1,1.549677014E0,-1.340783685E-1,1.750839949E-1
2.747991037E1,1.563888669E0,-4.136600718E-2,2.007171810E-1
2.748995037E1,1.562455654E0,1.287546568E-2,1.614410430E-1
2.749999137E1,1.565276504E0,1.022982895E-1,1.012570634E-1
2.751003137E1,1.573585749E0,2.096365094E-1,8.504217863E-2
2.752007137E1,1.574551582E0,2.798558176E-1,8.756632358E-2
2.753011137E1,1.552459955E0,3.034885824E-1,9.289355576E-2
2.754015137E1,1.521364570E0,3.005252779E-1,8.555441350E-2
2.755019137E1,1.475374699E0,2.496003211E-1,7.036657631E-2
2.756023137E1,1.402724504E0,1.894914359E-1,4.558293149E-2
2.757027237E1,1.303863287E0,1.837931126E-1,-2.022217587E-2
2.758031237E1,1.171378136E0,1.354780495E-1,-8.476442099E-2
2.759035238E1,1.027847648E0,5.490893871E-2,-1.547664404E-1
2.760039237E1,8.850218058E-1,-1.865475997E-2,-2.242142111E-1
2.761043237E1,7.514474988E-1,-7.823632658E-2,-2.857004702E-1
2.762047237E1,6.300984025E-1,-1.532341391E-1,-3.298474252E-1
2.763051237E1,5.232176781E-1,-2.487951219E-1,-3.664947450E-1
2.764055337E1,4.299218357E-1,-3.456604183E-1,-3.933479190E-1
2.765059337E1,3.629316688E-1,-4.172232151E-1,-4.011066556E-1
2.766063337E1,2.991058230E-1,-4.372054636E-1,-4.106636643E-1
2.767067337E1,2.433603257E-1,-4.057532251E-1,-3.956927955E-1
2.768071337E1,1.911258847E-1,-3.305111825E-1,-3.685644865E-1
2.769075337E1,1.760792583E-1,-2.236447781E-1,-3.359701931E-1
2.770079337E1,1.969579160E-1,-9.205372632E-2,-2.978473008E-1
2.771083438E1,2.307201177E-1,4.251344502E-2,-2.645759284E-1
2.772087437E1,2.497044653E-1,1.942129582E-1,-2.442765236E-1
2.773091437E1,2.554872930E-1,3.646616638E-1,-2.107055485E-1
2.774095437E1,2.691490352E-1,4.783304334E-1,-1.798597574E-1
2.775099437E1,3.361403346E-1,4.465041757E-1,-1.361587197E-1
2.776103437E1,4.303094447E-1,3.316047788E-1,-6.069271639E-2
2.777107437E1,4.771367908E-1,1.502713412E-1,3.030687012E-2
2.778111537E1,4.758456647E-1,-2.318753488E-2,1.109316796E-1
2.779115537E1,3.893185556E-1,-3.040236831E-1,1.234694719E-1
2.780119537E1,2.660435140E-1,-5.905970931E-1,1.024904251E-1
2.781123538E1,1.459022164E-1,-6.225573421E-1,1.570222229E-1
2.782127537E1,4.336012155E-2,-4.741646647E-1,3.375903964E-1
2.783131537E1,-6.305002421E-2,-3.744382560E-1,4.543287158E-1
2.784135537E1,-1.017444208E-1,-4.163966179E-1,4.817688465E-1
2.785139637E1,-5.178884417E-2,-4.611456096E-1,4.681624472E-1
2.786143637E1,1.834124327E-2,-4.650194645E-1,4.382290244E-1
2.787147637E1,3.338329494E-2,-4.907499850E-1,3.879457712E-1
2.788151637E1,-5.919636227E-3,-5.738446712E-1,3.422137201E-1
2.789155637E1,-2.847127058E-2,-6.509416699E-1,3.204829693E-1
2.790159637E1,-1.092769764E-2,-6.612576842E-1,2.909849882E-1
2.791163637E1,-2.395104803E-2,-5.983733535E-1,2.488958985E-1
2.792167737E1,-1.324290484E-1,-4.773643613E-1,1.941732615E-1
2.793171738E1,-2.546198666E-1,-3.087105751E-1,1.027047783E-1
2.794175737E1,-3.426152468E-1,-2.467846423E-1,-1.674621599E-3
2.795179737E1,-3.984994590E-1,-2.493933588E-1,-1.110542715E-1
2.796183737E1,-4.289132953E-1,-2.444563955E-1,-1.999239624E-1
2.797187737E1,-4.399338365E-1,-2.292527556E-1,-2.673718333E-1
2.798191837E1,-4.604012966E-1,-1.770177782E-1,-3.271246552E-1
2.799195837E1,-4.840688705E-1,-8.209981769E-2,-3.693500459E-1
2.800199837E1,-4.987681806E-1,1.628347859E-2,-3.992645442E-1
2.801203837E1,-4.998457134E-1,1.141471937E-1,-4.295036793E-1
2.802207837E1,-5.125378966E-1,1.427953988E-1,-4.378952682E-1
2.803211837E1,-5.518963933E-1,1.028046384E-1,-4.534628987E-1
2.804215837E1,-6.008985639E-1,6.446976215E-2,-4.726869166E-1
2.805219837E1,-6.489001513E-1,4.048807174E-2,-4.743584096E-1
2.806223937E1,-6.953104734E-1,5.410108715E-2,-4.715674222E-1
2.807227937E1,-7.278492451E-1,6.256046891E-2,-4.672098160E-1
2.808231937E1,-7.657175660E-1,1.554118395E-1,-4.680793583E-1
2.809235937E1,-8.183364272E-1,2.630896270E-1,-4.314891398E-1
2.810239937E1,-8.594774604E-1,3.856938481E-1,-3.907334507E-1
2.811243937E1,-8.780052066E-1,4.656726420E-1,-3.389739692E-1
2.812248037E1,-8.658417463E-1,5.320466161E-1,-2.471686900E-1
2.813252037E1,-8.109712601E-1,5.779612660E-1,-1.238977611E-1
2.814256037E1,-7.219415307E-1,5.772147775E-1,-1.300613116E-2
2.815260038E1,-6.117067337E-1,5.433704853E-1,7.070802897E-2
2.816264037E1,-4.934658110E-1,5.181737542E-1,1.252261400E-1
2.817268012E1,-3.821635842E-1,4.708303213E-1,1.580560058E-1
2.818272012E1,-2.832386196E-1,4.025383294E-1,1.643069834E-1
2.819276012E1,-2.003371865E-1,3.541505337E-1,1.569351703E-1
2.820280112E1,-1.437194496E-1,3.280201256E-1,1.462271363E-1
2.821284112E1,-9.627844393E-2,2.656942308E-1,1.574835032E-1
2.822288112E1,-5.290753767E-2,1.535215974E-1,1.848789006E-1
2.823292112E1,-7.641582750E-3,3.541052714E-2,2.184589058E-1
2.824296112E1,2.583887987E-2,-2.997593582E-2,2.573684752E-1
2.825300112E1,4.557368159E-2,-6.835156120E-3,2.984205484E-1
2.826304112E1,5.357354879E-2,1.254198253E-1,3.402769268E-1
2.827308213E1,8.326025307E-2,3.337330818E-1,3.888269365E-1
2.828312212E1,1.652584374E-1,5.338459611E-1,4.257942736E-1
2.829316212E1,2.725488245E-1,6.175910830E-1,4.120478332E-1
2.830320212E1,3.094418347E-1,5.746097565E-1,3.262716830E-1
2.831324212E1,2.239222378E-1,4.400947988E-1,1.653586924E-1
2.832328212E1,7.704917341E-2,3.093303740E-1,-6.569927931E-2
2.833332212E1,-5.980429798E-2,1.930885017E-1,-2.871430218E-1
2.834336312E1,-1.421742737E-1,6.253074855E-2,-4.580273926E-1
2.835340312E1,-8.904256672E-2,-1.823842973E-1,-5.237776637E-1
2.836344312E1,8.282773197E-2,-5.337529778E-1,-4.641912878E-1
2.837348313E1,3.087071180E-1,-6.696001291E-1,-3.390395343E-1
2.838352312E1,3.523624539E-1,-5.166034102E-1,-2.161967158E-1
2.839356312E1,2.079636306E-1,-2.697072029E-1,-1.900165379E-1
2.840360412E1,1.543158442E-1,-1.643352658E-1,-1.992904544E-1
2.841364412E1,1.052031144E-1,-1.419043243E-1,-1.857010275E-1
2.842368412E1,5.920286477E-2,-8.885895461E-2,-1.926774383E-1
2.843372412E1,4.970642179E-2,-6.558795273E-2,-2.277362198E-1
2.844376412E1,9.963509440E-2,-1.293453574E-1,-2.594043911E-1
2.845380412E1,1.686013490E-1,-2.228051126E-1,-3.072378337E-1
2.846384412E1,2.026115060E-1,-2.581218481E-1,-3.893049955E-1
2.847388512E1,2.614769340E-1,-2.418105453E-1,-4.437793791E-1
2.848392512E1,3.145174980E-1,-2.750646472E-1,-4.473626614E-1
2.849396513E1,3.814075887E-1,-3.260350227E-1,-4.150301218E-1
2.850400512E1,4.284691215E-1,-3.458377421E-1,-3.471608162E-1
2.851404512E1,4.312630594E-1,-3.459263146E-1,-2.503345311E-1
2.852408512E1,4.040964246E-1,-3.345119953E-1,-1.241275817E-1
2.853412512E1,3.834754229E-1,-2.842599750E-1,2.046037465E-2
2.854416612E1,4.108700156E-1,-1.620249003E-1,1.657709628E-1
2.855420612E1,4.709504545E-1,2.157838270E-2,2.834499180E-1
2.856424612E1,5.590502024E-1,1.979225129E-1,3.603177965E-1
2.857428612E1,6.356446743E-1,3.479673266E-1,4.099673927E-1
2.858432612E1,6.918067336E-1,4.312086999E-1,4.423663616E-1
2.859436612E1,7.449957728E-1,4.452361763E-1,4.602573216E-1
2.860440612E1,7.879664302E-1,4.163469970E-1,4.603401423E-1
2.861444713E1,8.305265903E-1,3.758745193E-1,4.084267914E-1
2.862448712E1,8.859363198E-1,3.563048244E-1,3.363294303E-1
2.863452712E1,9.570134282E-1,3.688611090E-1,3.051949441E-1
2.864456712E1,1.013235688E0,4.201147258E-1,2.722705603E-1
2.865460712E1,1.060298443E0,4.767040312E-1,2.548919320E-1
2.866464712E1,1.094379663E0,4.810132980E-1,2.404789031E-1
2.867468712E1,1.122433186E0,4.922614098E-1,2.066812664E-1
2.868472812E1,1.139299989E0,5.578433275E-1,1.490765661E-1
2.869476812E1,1.141342640E0,6.358922720E-1,5.889119208E-2
2.870480812E1,1.129218578E0,6.958080530E-1,-5.521886796E-2
2.871484813E1,1.102440357E0,7.248423100E-1,-1.466310322E-1
2.872488812E1,1.057676911E0,6.932167411E-1,-2.174703181E-1
2.873492812E1,9.902285933E-1,6.209276319E-1,-2.706826925E-1
2.874496812E1,8.916671276E-1,5.408264399E-1,-3.342110515E-1
2.875500912E1,7.634757161E-1,3.686571419E-1,-3.818530440E-1
2.876504912E1,6.317951679E-1,1.590051353E-1,-4.100002646E-1
2.877508912E1,5.087714195E-1,-1.558177266E-2,-4.435115755E-1
2.878512912E1,3.976531029E-1,-1.704342067E-1,-4.661551118E-1
2.879516912E1,2.922866344E-1,-3.352163136E-1,-4.575225115E-1
2.880520912E1,1.935187578E-1,-4.955748320E-1,-4.283821881E-1
2.881524912E1,1.041688100E-1,-6.208118796E-1,-3.729897141E-1
2.882528912E1,6.750853360E-2,-6.114998460E-1,-3.240096569E-1
2.883533013E1,5.791289359E-2,-4.933599532E-1,-2.978924811E-1
2.884537012E1,2.627720125E-2,-2.718627155E-1,-2.787044048E-1
2.885541012E1,-1.737680100E-2,5.367890000E-2,-2.780133188E-1
2.886545012E1,-4.739861563E-2,4.209429324E-1,-2.801307738E-1
2.887549012E1,1.655420661E-2,6.959277391E-1,-2.386127114E-1
2.888553013E1,1.407339573E-1,7.883974910E-1,-1.471272707E-1
2.889557112E1,2.282759398E-1,6.059703231E-1,-4.344720766E-2
2.890561112E1,2.529498339E-1,2.598350048E-1,4.547201097E-2
2.891565112E1,1.546085477E-1,-1.308517307E-1,6.445553899E-2
2.892569112E1,2.517039888E-2,-4.905819297E-1,2.095014229E-2
2.893573112E1,-1.725956239E-2,-5.317721367E-1,8.534898609E-2
2.894577112E1,5.283696949E-2,-4.533961415E-1,2.520562112E-1
2.895581112E1,8.819440752E-2,-5.001620054E-1,3.017092347E-1
2.896585212E1,1.289556772E-1,-6.215464473E-1,2.956590652E-1
2.897589212E1,1.922374517E-1,-7.105792761E-1,2.602369785E-1
2.898593212E1,2.707087994E-1,-7.212548256E-1,1.989299357E-1
2.899597212E1,2.999117076E-1,-7.013683319E-1,1.446950883E-1
2.900601212E1,1.768358350E-1,-6.605138183E-1,1.637542695E-1
2.901605212E1,5.218630284E-2,-5.411335230E-1,2.608698010E-1
2.902609212E1,-5.775138363E-2,-3.461784124E-1,3.539360762E-1
2.903613212E1,-2.207627743E-1,-9.693624079E-2,4.093860090E-1
2.904617312E1,-4.732230008E-1,8.595874906E-2,4.045619667E-1
2.905621313E1,-7.431159616E-1,1.174148992E-1,3.598610759E-1
2.906625312E1,-9.211099148E-1,7.253424078E-2,3.118014038E-1
2.907629312E1,-1.018479109E0,2.357426658E-2,2.631567717E-1
2.908633312E1,-1.074583054E0,-2.250774205E-2,1.778690368E-1
2.909637312E1,-1.103004456E0,-7.454750687E-2,6.991373748E-2
2.910641412E1,-1.109211802E0,-9.547782689E-2,-3.817837685E-2
2.911645412E1,-1.084010720E0,-9.622997791E-2,-1.226843223E-1
2.912649412E1,-1.046744585E0,-8.712463081E-2,-1.823633760E-1
2.913653412E1,-1.019198298E0,-8.540053666E-2,-2.257169634E-1
2.914657412E1,-1.020775676E0,-1.060586795E-1,-2.593734860E-1
2.915661412E1,-1.042244792E0,-1.140239686E-1,-2.909489870E-1
2.916665412E1,-1.085894227E0,-9.872330725E-2,-3.127522767E-1
2.917669437E1,-1.131441712E0,-4.366838932E-2,-3.052887022E-1
2.918673537E1,-1.167475104E0,1.048566028E-2,-2.826739550E-1
2.919677537E1,-1.186698318E0,7.196313888E-2,-2.610024214E-1
2.920681537E1,-1.190697074E0,1.278698146E-1,-2.394694388E-1
2.921685537E1,-1.192332029E0,1.923980415E-1,-2.354857177E-1
2.922689538E1,-1.188954830E0,2.978349924E-1,-2.076120079E-1
2.923693537E1,-1.173462868E0,4.115146399E-1,-1.541969329E-1
2.924697537E1,-1.141944289E0,4.425231814E-1,-8.993858099E-2
2.925701637E1,-1.100328684E0,3.841080368E-1,-5.077217147E-2
2.926705637E1,-1.041349292E0,3.212536871E-1,-7.602331694E-3
2.927709637E1,-9.601510167E-1,2.726620734E-1,8.122108132E-2
2.928713637E1,-8.678125739E-1,2.209144682E-1,1.739001423E-1
2.929717637E1,-7.824395895E-1,1.308197230E-1,2.546895444E-1
2.930721637E1,-7.032462358E-1,8.871967345E-2,3.164698184E-1
2.931725637E1,-6.298065186E-1,5.631283671E-2,3.506201208E-1
2.932729737E1,-5.517804623E-1,-1.421645284E-2,3.827234507E-1
2.933733737E1,-4.651599526E-1,-7.925543934E-2,4.140352309E-1
2.934737738E1,-3.852334321E-1,-1.229544431E-1,4.347213209E-1
2.935741737E1,-2.673897445E-1,-1.364936680E-1,4.464297891E-1
2.936745737E1,-1.862783879E-1,-7.925674319E-2,4.515113533E-1
2.937749737E1,-1.425035298E-1,9.777882695E-2,4.467975199E-1
2.938753737E1,-1.075753719E-1,3.250040114E-1,4.422789514E-1
2.939757837E1,-4.006723315E-2,5.258322358E-1,4.342564642E-1
2.940761837E1,6.774977595E-2,6.609583497E-1,3.886913657E-1
2.941765837E1,1.126552224E-1,6.967144608E-1,2.710227966E-1
2.942769837E1,3.944412246E-2,5.923446417E-1,8.421963453E-2
2.943773837E1,-8.015017956E-2,3.704165816E-1,-1.281526387E-1
2.944777838E1,-1.983367354E-1,8.596512675E-2,-3.162090778E-1
2.945781837E1,-2.616244853E-1,-2.200123817E-1,-4.311935604E-1
2.946785937E1,-1.739321798E-1,-5.959822536E-1,-4.144358933E-1
2.947789937E1,3.830596805E-2,-9.875987172E-1,-2.961190939E-1
2.948793937E1,2.583379447E-1,-1.083006263E0,-1.610259861E-1
2.949797937E1,3.050278425E-1,-8.138420582E-1,-7.608369738E-2
2.950801937E1,2.031451464E-1,-4.225234985E-1,-8.020014316E-2
2.951805937E1,1.864907295E-1,-1.445714831E-1,-1.434153169E-1
2.952809937E1,2.156480849E-1,2.292883396E-2,-2.608394027E-1
2.953814037E1,2.230955213E-1,1.542962790E-1,-3.964342475E-1
2.954818037E1,2.612229586E-1,1.944988221E-1,-4.906560779E-1
2.955822037E1,3.469142914E-1,9.229847044E-2,-5.717785358E-1
2.956826038E1,4.144978821E-1,2.234281972E-2,-6.870753169E-1
2.957830037E1,4.726486206E-1,2.893935144E-2,-7.390181422E-1
2.958834037E1,5.262841582E-1,-5.360133201E-2,-6.983830929E-1
2.959838037E1,5.959550142E-1,-2.565564811E-1,-5.573849678E-1
2.960842137E1,6.425286531E-1,-5.461342335E-1,-3.580042124E-1
2.961846137E1,6.611330509E-1,-7.709630728E-1,-1.598558128E-1
2.962850137E1,6.552692652E-1,-8.342187405E-1,3.364254907E-2
2.963854137E1,6.150247455E-1,-7.348842025E-1,2.308627367E-1
2.964858137E1,5.784509778E-1,-5.856353641E-1,4.161761403E-1
2.965862137E1,5.622116923E-1,-4.686343670E-1,5.431991220E-1
2.966866137E1,5.890424848E-1,-3.603888452E-1,6.073700786E-1
2.967870237E1,6.279963851E-1,-2.731618881E-1,6.026783586E-1
2.968874238E1,6.494268775E-1,-2.234571725E-1,5.493142009E-1
2.969878237E1,6.703441143E-1,-2.187243998E-1,4.924101233E-1
2.970882237E1,6.839576364E-1,-2.270121574E-1,4.625166655E-1
2.971886237E1,7.048860192E-1,-2.001797259E-1,4.396084845E-1
2.972890237E1,7.409532070E-1,-2.072914392E-1,3.766867816E-1
2.973894237E1,7.813153863E-1,-1.307699233E-1,2.993060648E-1
2.974898337E1,8.161337972E-1,-3.107395396E-2,2.361729145E-1
2.975902337E1,8.690230846E-1,-6.150115281E-3,2.526569664E-1
2.976906337E1,9.315588474E-1,1.789583266E-2,2.776429951E-1
2.977910337E1,9.997818470E-1,1.351238787E-1,2.548203170E-1
2.978914337E1,1.066102386E0,3.217747211E-1,1.982585043E-1
2.979918337E1,1.115978479E0,4.908554852E-1,1.359700412E-1
2.980922337E1,1.153102160E0,6.668277979E-1,4.776853323E-2
2.981926437E1,1.165590644E0,8.007433414E-1,-5.497771129E-2
2.982930437E1,1.144279480E0,8.109523058E-1,-1.478605121E-1
2.983934437E1,1.082337499E0,7.702665329E-1,-2.442904711E-1
2.984938437E1,9.769293070E-1,6.662368178E-1,-3.451089859E-1
2.985942437E1,8.366878629E-1,5.024047494E-1,-4.221332371E-1
2.986946437E1,6.926273704E-1,2.988510430E-1,-4.748403728E-1
2.987950437E1,5.676689148E-1,8.788042516E-2,-5.049867630E-1
2.988954537E1,4.682898819E-1,-9.309069067E-2,-5.047721267E-1
2.989958537E1,3.627939522E-1,-2.485199124E-1,-4.870721698E-1
2.990962538E1,2.560227811E-1,-3.556711078E-1,-4.308677316E-1
2.991966537E1,1.783452928E-1,-3.572699130E-1,-3.689755499E-1
2.992970537E1,1.361067593E-1,-2.155591100E-1,-3.081103563E-1
2.993974537E1,6.584648043E-2,5.170580372E-2,-2.649851739E-1
2.994978537E1,-3.585751355E-2,3.378528655E-1,-2.348099798E-1
2.995982538E1,-1.412113309E-1,5.971912742E-1,-1.907733381E-1
2.996986637E1,-1.682120562E-1,7.318454981E-1,-1.211947948E-1
2.997990637E1,-8.762749285E-2,6.682620049E-1,-4.063125327E-2
2.998994637E1,3.538471460E-2,3.763782382E-1,7.771749794E-2
2.999998637E1,1.399787515E-1,2.795352787E-2,1.818986535E-1
3.001002637E1,1.162750199E-1,-3.098348975E-1,2.102253586E-1
3.002006637E1,-3.866390884E-2,-6.836105585E-1,1.264975965E-1
3.003010738E1,-1.075417772E-1,-7.567194104E-1,8.660797030E-2
3.004014737E1,-2.112999931E-2,-5.779151320E-1,2.240187228E-1
3.005018737E1,2.930973843E-2,-4.160124958E-1,3.299733996E-1
3.006022737E1,3.047598340E-2,-4.372421801E-1,3.350831568E-1
3.007026737E1,4.080531746E-2,-5.860071182E-1,3.270795643E-1
3.008030737E1,1.092129126E-1,-6.901240349E-1,2.913866043E-1
3.009034737E1,1.810878962E-1,-7.451180816E-1,2.513521016E-1
3.010038837E1,1.204477474E-1,-8.000351191E-1,2.388874739E-1
3.011042837E1,1.476419065E-2,-7.768150568E-1,2.742603719E-1
3.012046837E1,-1.027305424E-1,-6.187105775E-1,3.153944910E-1
3.013050837E1,-2.055304348E-1,-3.149360418E-1,3.328640461E-1
3.014054837E1,-3.845004439E-1,-1.856512763E-2,3.293710649E-1
3.015058837E1,-6.092669368E-1,1.596549451E-1,3.044065833E-1
3.016062837E1,-7.965449691E-1,2.352114916E-1,2.708398402E-1
3.017066937E1,-9.166458249E-1,2.575255632E-1,2.332064360E-1
3.018070917E1,-1.000726104E0,2.485878170E-1,1.939231455E-1
3.019074917E1,-1.088447928E0,2.125163674E-1,1.218846291E-1
3.020078917E1,-1.153045297E0,1.678314507E-1,3.605361283E-2
3.021082917E1,-1.176900864E0,1.194697842E-1,-4.437811300E-2
3.022086917E1,-1.164632559E0,6.456853449E-2,-1.007141024E-1
3.023090917E1,-1.137717605E0,-1.966192760E-2,-1.459827870E-1
3.024095017E1,-1.103220224E0,-1.301133037E-1,-1.784342825E-1
3.025099017E1,-1.074707866E0,-2.432068288E-1,-2.260079235E-1
3.026103017E1,-1.053501368E0,-3.046563864E-1,-2.688288689E-1
3.027107017E1,-1.044988394E0,-3.041658103E-1,-3.241570890E-1
3.028111017E1,-1.045526862E0,-2.628594935E-1,-3.538832068E-1
3.029115017E1,-1.049617171E0,-2.281502187E-1,-3.739269674E-1
3.030119017E1,-1.056426644E0,-9.072020650E-2,-3.775134981E-1
3.031123017E1,-1.076241851E0,1.799882501E-1,-3.104748130E-1
3.032127117E1,-1.091001153E0,3.780591488E-1,-2.437731177E-1
3.033131117E1,-1.095475793E0,4.416098893E-1,-1.911341399E-1
3.034135117E1,-1.080288529E0,4.695437551E-1,-1.278059632E-1
3.035139117E1,-1.035248637E0,4.929987490E-1,-9.435985982E-2
3.036143117E1,-9.628085494E-1,5.049528480E-1,-4.122098163E-2
3.037147117E1,-8.511244059E-1,5.151823163E-1,7.301131636E-2
3.038151117E1,-7.105840445E-1,4.515938759E-1,1.812612563E-1
3.039155217E1,-5.772497058E-1,3.367218673E-1,2.714689076E-1
3.040159217E1,-4.637530744E-1,2.711264491E-1,3.332436383E-1
3.041163217E1,-3.761590421E-1,2.030608505E-1,3.613021672E-1
3.042167217E1,-3.121685088E-1,1.156505048E-1,3.605838418E-1
3.043171217E1,-2.710029483E-1,3.269756958E-2,3.606307209E-1
3.044175217E1,-1.997499913E-1,-9.367788211E-3,3.752593100E-1
3.045179217E1,-8.665325493E-2,3.777841339E-3,3.827747703E-1
3.046183317E1,-1.306513697E-2,1.172603518E-1,3.901819885E-1
3.047187317E1,-6.409580819E-4,3.296298683E-1,3.868948221E-1
3.048191317E1,8.903791197E-3,5.489748120E-1,3.812084198E-1
3.049195317E1,9.019652009E-2,6.467546225E-1,3.478422165E-1
3.050199317E1,2.288431525E-1,6.358075142E-1,2.493383735E-1
3.051203317E1,3.046367466E-1,5.523512363E-1,8.541655540E-2
3.052207317E1,2.272587866E-1,3.375029862E-1,-1.248169094E-1
3.053211417E1,8.660286665E-2,4.441757128E-2,-3.797141910E-1
3.054215417E1,-4.450125620E-2,-2.285800725E-1,-6.249448657E-1
3.055219417E1,-1.097534969E-1,-4.462676644E-1,-7.671707273E-1
3.056223417E1,1.938337646E-2,-7.032036185E-1,-7.417845726E-1
3.057227417E1,2.478096336E-1,-9.235898256E-1,-6.007209420E-1
3.058231417E1,4.600901902E-1,-8.929560184E-1,-4.463811517E-1
3.059235417E1,4.594062865E-1,-6.425887346E-1,-3.250110447E-1
3.060239517E1,3.140625358E-1,-4.363746345E-1,-2.938414514E-1
3.061243517E1,2.796691358E-1,-3.207851946E-1,-3.082645833E-1
3.062247517E1,1.652282327E-1,-1.765500903E-1,-3.623479009E-1
3.063251517E1,3.661139682E-2,-2.291178703E-2,-4.182737470E-1
3.064255517E1,6.549704075E-2,3.647427307E-3,-4.480279088E-1
3.065259517E1,1.826977134E-1,-8.862018585E-2,-4.775594473E-1
3.066263617E1,3.265001476E-1,-1.351571381E-1,-5.433897972E-1
3.067267617E1,4.475378692E-1,-1.534408033E-1,-5.587959290E-1
3.068271617E1,5.157008171E-1,-1.950482726E-1,-5.146664977E-1
3.069275617E1,5.502859354E-1,-2.943581045E-1,-4.114636779E-1
3.070279617E1,5.540040731E-1,-4.049811661E-1,-2.928240895E-1
3.071283617E1,5.001520514E-1,-4.271825850E-1,-1.791268289E-1
3.072287617E1,3.850802183E-1,-3.483600020E-1,-2.894832008E-2
3.073291717E1,2.875624299E-1,-2.074388266E-1,1.602256000E-1
3.074295717E1,2.474821061E-1,-7.687944919E-2,3.326298296E-1
3.075299717E1,2.791154087E-1,3.421031684E-2,4.482938647E-1
3.076303717E1,3.415721357E-1,8.327741921E-2,5.140028000E-1
3.077307717E1,3.981952071E-1,8.453496546E-2,5.361493826E-1
3.078311717E1,4.451317787E-1,5.063909292E-2,5.371167064E-1
3.079315717E1,4.947003722E-1,1.657379977E-2,5.216556787E-1
3.080319817E1,5.574297309E-1,-2.660303935E-2,5.374616981E-1
3.081323817E1,6.301889420E-1,-4.103231058E-2,5.515223742E-1
3.082327817E1,6.771600246E-1,8.469759487E-3,4.720279574E-1
3.083331817E1,6.526538730E-1,3.236204386E-2,4.093983769E-1
3.084335817E1,6.327593923E-1,1.607377380E-1,4.257380366E-1
3.085339817E1,6.902852654E-1,2.328534722E-1,3.616741002E-1
3.086343817E1,7.742308378E-1,2.253969759E-1,3.100175858E-1
3.087347917E1,8.622504473E-1,2.501502633E-1,2.658213675E-1
3.088351917E1,9.333541989E-1,3.520388007E-1,2.048155218E-1
3.089355917E1,9.819462299E-1,5.066837668E-1,1.506875753E-1
3.090359917E1,1.034396887E0,6.441670656E-1,7.005514950E-2
3.091363917E1,1.094170690E0,6.858455539E-1,6.377369631E-3
3.092367917E1,1.129905939E0,7.246567607E-1,-5.402959883E-2
3.093371917E1,1.124834776E0,6.591059566E-1,-1.405738145E-1
3.094376017E1,1.070632696E0,5.081435442E-1,-2.253553420E-1
3.095380017E1,9.864482880E-1,3.191565275E-1,-2.851038873E-1
3.096384017E1,8.855447173E-1,9.113507718E-2,-3.534260392E-1
3.097388017E1,7.715563178E-1,-8.207505196E-2,-4.161506593E-1
3.098392017E1,6.505993009E-1,-2.066813856E-1,-4.649693966E-1
3.099396017E1,5.354271531E-1,-3.164470494E-1,-4.764833152E-1
3.100400017E1,4.331423044E-1,-3.644254804E-1,-4.541878402E-1
3.101404117E1,3.578760624E-1,-3.183962107E-1,-4.086381793E-1
3.102408117E1,2.875532210E-1,-1.694396734E-1,-3.693888783E-1
3.103412117E1,1.944338977E-1,4.176284745E-2,-3.425891995E-1
3.104416117E1,7.569896430E-2,2.922114730E-1,-3.082433641E-1
3.105420117E1,-3.004637174E-2,5.527138710E-1,-2.601408362E-1
3.106424117E1,-4.304984584E-2,7.144195437E-1,-1.564152986E-1
3.107428217E1,1.884308085E-2,6.824440360E-1,4.011121579E-3
3.108432217E1,1.005998701E-1,4.571036696E-1,1.666491330E-1
3.109436217E1,1.740935445E-1,1.764560342E-1,2.869790196E-1
3.110440217E1,1.565559655E-1,-1.620266438E-1,3.026695848E-1
3.111444217E1,4.540921003E-2,-6.296127439E-1,2.100120783E-1
3.112448217E1,-5.841518939E-2,-8.667504787E-1,1.571235657E-1
3.113452217E1,-5.065766722E-2,-6.603464484E-1,2.314526588E-1
3.114456317E1,-1.629031729E-3,-3.607076406E-1,3.441995084E-1
3.115460317E1,-5.819782149E-3,-2.692027688E-1,3.859954178E-1
3.116464317E1,3.432593495E-2,-3.138649166E-1,3.977348506E-1
3.117468317E1,1.146641821E-1,-3.871175647E-1,3.760207593E-1
3.118472312E1,2.038977444E-1,-4.799154699E-1,3.350832164E-1
3.119476312E1,2.091050148E-1,-5.744760633E-1,3.200771213E-1
3.120480412E1,1.646845937E-1,-6.256822348E-1,3.382076025E-1
3.121484412E1,1.579638422E-1,-5.613767505E-1,3.473771214E-1
3.122488412E1,1.175990254E-1,-4.153761566E-1,3.322211504E-1
3.123492412E1,-1.871141046E-2,-2.562975585E-1,2.796777785E-1
3.124496412E1,-2.128020227E-1,-7.758504152E-2,1.912248284E-1
3.125500412E1,-3.826776147E-1,1.968691498E-2,1.023402214E-1
3.126504412E1,-4.974184334E-1,5.263440683E-2,2.975882962E-2
3.127508513E1,-5.644347072E-1,7.888704538E-2,-1.891123876E-2
3.128512512E1,-6.098718643E-1,1.281147450E-1,-7.182537019E-2
3.129516512E1,-6.541612744E-1,1.918255389E-1,-1.348823607E-1
3.130520512E1,-7.023724318E-1,2.825911641E-1,-1.839871109E-1
3.131524512E1,-7.589504719E-1,3.999210000E-1,-2.173011154E-1
3.132528512E1,-8.130542040E-1,4.872870743E-1,-2.292087078E-1
3.133532612E1,-8.678013682E-1,4.734152257E-1,-2.294662297E-1
3.134536612E1,-9.366026521E-1,4.185000062E-1,-2.389065027E-1
3.135540612E1,-1.008496284E0,3.466894627E-1,-2.322368920E-1
3.136544612E1,-1.081148744E0,3.000170588E-1,-2.357970923E-1
3.137548612E1,-1.152234912E0,2.545185387E-1,-2.410491109E-1
3.138552612E1,-1.210657358E0,2.497259080E-1,-2.234181017E-1
3.139556612E1,-1.260867000E0,2.550333142E-1,-2.010083944E-1
3.140560712E1,-1.298017502E0,2.728756666E-1,-1.923320889E-1
3.141564712E1,-1.336287737E0,3.127189577E-1,-1.800490469E-1
3.142568712E1,-1.365045428E0,3.560981154E-1,-1.575980633E-1
3.143572712E1,-1.365139961E0,3.947565556E-1,-1.388166398E-1
3.144576712E1,-1.344134092E0,4.450967610E-1,-1.155004948E-1
3.145580712E1,-1.312053680E0,4.647269249E-1,-7.636880130E-2
3.146584812E1,-1.248070955E0,5.067982078E-1,-2.565233223E-2
3.147588812E1,-1.169625401E0,5.196335912E-1,4.144095257E-2
3.148592812E1,-1.073840261E0,5.076373816E-1,1.298117936E-1
3.149596813E1,-9.727323651E-1,4.882074594E-1,2.307328135E-1
3.150600812E1,-8.702695966E-1,4.075719416E-1,3.219440579E-1
3.151604812E1,-7.728708982E-1,2.655333281E-1,3.853310049E-1
3.152608912E1,-6.718325615E-1,1.082625091E-1,4.407670200E-1
3.153612912E1,-5.593635440E-1,-7.140951604E-2,4.795934856E-1
3.154616912E1,-4.338232875E-1,-2.363588661E-1,4.986855388E-1
3.155620912E1,-3.327156007E-1,-3.143383265E-1,5.006256700E-1
3.156624912E1,-2.776940167E-1,-2.633425593E-1,4.830580652E-1
3.157628912E1,-2.515926659E-1,-1.025728360E-1,4.399958253E-1
3.158632912E1,-2.107116580E-1,1.440243125E-1,4.012326300E-1
3.159637012E1,-1.178174168E-1,3.942951560E-1,3.769211769E-1
3.160641012E1,-9.150259197E-3,5.857862830E-1,3.143390119E-1
3.161645013E1,5.241163820E-2,7.103212476E-1,1.907648742E-1
3.162649012E1,3.979828581E-2,6.931025982E-1,2.061048057E-3
3.163653012E1,-3.410816193E-2,5.298015475E-1,-2.060040087E-1
3.164657012E1,-1.360416561E-1,2.509663403E-1,-4.111424088E-1
3.165661112E1,-2.067549825E-1,-6.339986622E-2,-5.414535403E-1
3.166665112E1,-1.476823688E-1,-4.312142134E-1,-5.621509552E-1
3.167669112E1,2.625187486E-2,-8.711982369E-1,-4.692394137E-1
3.168673112E1,2.052579671E-1,-1.055122018E0,-3.579822183E-1
3.169677112E1,2.014605701E-1,-8.001559973E-1,-2.929667234E-1
3.170681112E1,5.391806737E-2,-4.595597982E-1,-2.751653790E-1
3.171685212E1,4.376210272E-2,-3.293711543E-1,-3.007676899E-1
3.172689212E1,3.633389995E-2,-2.626783848E-1,-3.869979382E-1
3.173693213E1,-2.825973928E-2,-1.715090722E-1,-5.032683611E-1
3.174697212E1,-1.237862632E-1,-1.362607181E-1,-5.749655366E-1
3.175701212E1,-1.008782759E-1,-1.913729757E-1,-5.927623510E-1
3.176705212E1,-4.870131984E-2,-2.408220917E-1,-5.896115303E-1
3.177709312E1,-2.184708137E-4,-2.616722584E-1,-5.560881495E-1
3.178713312E1,6.503482163E-2,-2.920678556E-1,-4.836513400E-1
3.179717312E1,1.810796559E-1,-3.939087391E-1,-3.956362605E-1
3.180721312E1,2.889387012E-1,-5.009696484E-1,-2.965267301E-1
3.181725312E1,3.351258934E-1,-5.432955027E-1,-1.765609086E-1
3.182729312E1,3.245699406E-1,-5.508913398E-1,-2.023284696E-2
3.183733412E1,2.923083901E-1,-5.141908526E-1,1.468605399E-1
3.184737412E1,2.871406674E-1,-3.996114731E-1,3.044220507E-1
3.185741412E1,3.244701922E-1,-2.164317966E-1,4.240312874E-1
3.186745412E1,3.893439472E-1,-5.325135961E-2,4.881753325E-1
3.187749412E1,4.764104187E-1,4.544166476E-2,5.149694085E-1
3.188753412E1,5.655221939E-1,7.389754057E-2,5.225833654E-1
3.189757512E1,6.614111662E-1,4.135078192E-2,5.244867206E-1
3.190761512E1,7.757270932E-1,-3.758664429E-2,5.106031299E-1
3.191765512E1,9.105754495E-1,-1.412648261E-1,4.823046625E-1
3.192769512E1,1.047595501E0,-2.002300322E-1,4.635695219E-1
3.193773512E1,1.158465862E0,-2.156484127E-1,4.400178492E-1
3.194777512E1,1.237631917E0,-1.444215924E-1,4.091480076E-1
3.195781612E1,1.315918684E0,-7.158014178E-2,3.297634423E-1
3.196785612E1,1.402047276E0,1.037292834E-2,2.856442928E-1
3.197789612E1,1.470776558E0,8.888717741E-2,2.476455420E-1
3.198793612E1,1.526167631E0,1.900398582E-1,2.048027962E-1
3.199797612E1,1.526196718E0,3.138986826E-1,1.258211583E-1
3.200801612E1,1.488525867E0,4.095487595E-1,3.577698395E-2
3.201805712E1,1.446351767E0,4.999282062E-1,-4.764440656E-2
3.202809713E1,1.381077647E0,5.815952420E-1,-1.534977257E-1
3.203813712E1,1.283397675E0,5.922473669E-1,-2.382123470E-1
3.204817712E1,1.163517952E0,4.941203296E-1,-3.219296634E-1
3.205821712E1,1.032428145E0,3.257763088E-1,-3.816260397E-1
3.206825712E1,8.969369531E-1,1.613298059E-1,-4.184700549E-1
3.207829812E1,7.561470270E-1,3.918525577E-2,-4.413180947E-1
3.208833812E1,6.355292797E-1,-5.750837922E-2,-4.491405189E-1
3.209837812E1,5.279352069E-1,-1.258818358E-1,-4.324874878E-1
3.210841812E1,4.116215110E-1,-1.925711334E-1,-3.976165652E-1
3.211845812E1,2.966113091E-1,-2.301525921E-1,-3.509838283E-1
3.212849812E1,2.165125310E-1,-2.172573358E-1,-3.153008819E-1
3.213853912E1,1.431163400E-1,-1.549865007E-1,-2.682676017E-1
3.214857913E1,4.882234707E-2,-4.412588477E-2,-2.223378271E-1
3.215861912E1,-5.015829206E-2,1.645698100E-1,-1.823733598E-1
3.216865912E1,-1.034471020E-1,4.725511074E-1,-1.205435768E-1
3.217869887E1,-6.092574075E-2,6.838164926E-1,-2.497338317E-2
3.218873887E1,5.855480954E-2,7.061095834E-1,9.923718125E-2
3.219877987E1,1.691553593E-1,5.310898423E-1,2.145890892E-1
3.220881987E1,2.559248805E-1,2.381229699E-1,3.030653894E-1
3.221885987E1,2.708457708E-1,-1.159456372E-1,3.240369856E-1
3.222889987E1,1.442798972E-1,-6.080770493E-1,2.092289478E-1
3.223893987E1,-4.306682199E-2,-9.555615187E-1,9.628082812E-2
3.224897988E1,-1.168763712E-1,-8.335983157E-1,1.564794779E-1
3.225902087E1,-3.314260021E-2,-5.059666634E-1,3.615138233E-1
3.226906087E1,2.755100280E-2,-3.213533163E-1,4.821775854E-1
3.227910087E1,6.277317554E-2,-3.211418688E-1,4.978870451E-1
3.228914087E1,1.570992768E-1,-2.979492545E-1,4.708962142E-1
3.229918087E1,2.554181218E-1,-2.787918150E-1,4.126270711E-1
3.230922087E1,2.661736310E-1,-3.878317773E-1,3.528148830E-1
3.231926188E1,2.179722637E-1,-5.418277383E-1,3.191128373E-1
3.232930187E1,2.243709564E-1,-5.898466706E-1,2.986448705E-1
3.233934187E1,2.286866158E-1,-5.261784792E-1,2.832605839E-1
3.234938187E1,1.529668570E-1,-4.190737307E-1,2.528287768E-1
3.235942187E1,7.845879532E-3,-3.229032457E-1,2.102009058E-1
3.236946287E1,-1.413480490E-1,-2.424247414E-1,1.509871632E-1
3.237950287E1,-2.653642595E-1,-1.790279299E-1,5.371920019E-2
3.238954287E1,-3.788675070E-1,-1.564777195E-1,-5.254478008E-2
3.239958287E1,-4.940281808E-1,-2.248253524E-1,-1.309945732E-1
3.240962287E1,-5.897344351E-1,-3.307892680E-1,-1.927416325E-1
3.241966287E1,-6.528037190E-1,-3.769871294E-1,-2.395227253E-1
3.242970387E1,-6.888623238E-1,-3.113296628E-1,-2.605810463E-1
3.243974388E1,-6.963298321E-1,-1.593654305E-1,-2.665039003E-1
3.244978387E1,-6.976017356E-1,1.734634489E-2,-2.622720003E-1
3.245982387E1,-7.171810269E-1,1.359675378E-1,-2.717235684E-1
3.246986387E1,-7.460008264E-1,1.777795851E-1,-2.919229567E-1
3.247990387E1,-7.888641357E-1,1.606988609E-1,-3.131233156E-1
3.248994487E1,-8.607760668E-1,1.409042329E-1,-3.509576321E-1
3.249998487E1,-9.318872690E-1,1.048658043E-1,-3.586869240E-1
3.251002487E1,-1.040352225E0,7.615787536E-2,-3.418684006E-1
3.252006487E1,-1.165714979E0,6.248813868E-2,-3.243402839E-1
3.253010487E1,-1.268910050E0,1.090704724E-1,-2.887409329E-1
3.254014587E1,-1.352796912E0,1.330541074E-1,-2.555997670E-1
3.255018587E1,-1.395626187E0,2.114391923E-1,-2.346662730E-1
3.256022588E1,-1.385945797E0,3.132907450E-1,-2.062506080E-1
3.257026587E1,-1.333289027E0,3.783100545E-1,-1.694096327E-1
3.258030587E1,-1.255763054E0,4.497253597E-1,-1.015232503E-1
3.259034587E1,-1.158429861E0,5.346163511E-1,-2.185666375E-2
3.260038687E1,-1.042718649E0,5.678770542E-1,9.022060782E-2
3.261042687E1,-9.259954691E-1,5.558950901E-1,1.938672066E-1
3.262046687E1,-8.197678328E-1,4.835404754E-1,2.793813050E-1
3.263050687E1,-7.206103802E-1,3.490393162E-1,3.539563119E-1
3.264054687E1,-6.368518472E-1,2.231708765E-1,3.922528327E-1
3.265058687E1,-5.576802492E-1,1.002728418E-1,4.085511863E-1
3.266062787E1,-4.730497897E-1,-1.067090314E-3,4.170469344E-1
3.267066787E1,-3.636447787E-1,-5.630189180E-2,4.280756712E-1
3.268070787E1,-2.773447633E-1,-2.897998877E-2,4.340848029E-1
3.269074787E1,-2.519438267E-1,9.310643375E-2,4.291463196E-1
3.270078787E1,-2.444986850E-1,3.072562516E-1,4.293383360E-1
3.271082787E1,-1.887385249E-1,5.058998466E-1,4.215155840E-1
3.272086887E1,-7.062440366E-2,6.181773543E-1,3.891685605E-1
3.273090888E1,5.017788336E-2,7.275975943E-1,3.166824281E-1
3.274094887E1,5.792794749E-2,8.003050685E-1,1.965283006E-1
3.275098887E1,-7.624489069E-2,6.884631515E-1,2.618435211E-2
3.276102887E1,-2.368353605E-1,4.411494732E-1,-1.735170335E-1
3.277106987E1,-3.752920330E-1,1.675380915E-1,-3.611220121E-1
3.278110987E1,-4.419871867E-1,-1.137503013E-1,-4.768784344E-1
3.279114987E1,-3.595545292E-1,-4.382776320E-1,-4.706965685E-1
3.280118987E1,-1.576432586E-1,-8.310360909E-1,-3.520649970E-1
3.281122987E1,5.982203037E-2,-1.008731127E0,-2.187639028E-1
3.282126987E1,2.734797448E-2,-8.381369114E-1,-1.335203797E-1
3.283131087E1,-1.760890037E-1,-5.172492266E-1,-1.386104077E-1
3.284135087E1,-1.753438413E-1,-2.932132483E-1,-1.623538285E-1
3.285139088E1,-1.205676273E-1,-1.110082045E-1,-2.390462756E-1
3.286143087E1,-7.475992292E-2,4.590951279E-2,-3.590400815E-1
3.287147087E1,-2.644789964E-2,6.050792709E-2,-4.978956878E-1
3.288151087E1,8.872503042E-2,2.248517983E-2,-6.236291528E-1
3.289155187E1,1.891549528E-1,2.748031728E-2,-7.340460420E-1
3.290159187E1,2.737697065E-1,5.685551837E-2,-7.863401175E-1
3.291163187E1,3.575237095E-1,1.313672122E-2,-7.533327937E-1
3.292167187E1,4.777835608E-1,-1.856677085E-1,-6.463823915E-1
3.293171187E1,5.783782005E-1,-4.385170341E-1,-4.916538596E-1
3.294175287E1,6.163809299E-1,-5.970190763E-1,-2.962712944E-1
3.295179287E1,5.874595046E-1,-6.286666393E-1,-8.237399161E-2
3.296183287E1,5.394757390E-1,-5.814768076E-1,1.226281598E-1
3.297187288E1,5.345278382E-1,-4.668163657E-1,3.083662093E-1
3.298191287E1,5.765256286E-1,-3.209137619E-1,4.549585879E-1
3.299195287E1,6.436515450E-1,-2.039529383E-1,5.305299163E-1
3.300199387E1,7.095572948E-1,-1.365371495E-1,5.355353355E-1
3.301203387E1,7.546999454E-1,-9.276443720E-2,5.110609531E-1
3.302207387E1,7.732227445E-1,-8.548442274E-2,4.733668268E-1
3.303211387E1,7.985858917E-1,-7.266708463E-2,4.282149971E-1
3.304215387E1,8.389727473E-1,-6.411514431E-2,3.740859926E-1
3.305219487E1,8.920836449E-1,-8.762656152E-2,3.152458072E-1
3.306223487E1,9.481620789E-1,-4.457815737E-2,2.164403945E-1
3.307227487E1,9.893928766E-1,6.871769577E-2,1.630677879E-1
3.308231487E1,1.022486687E0,1.685862243E-1,1.799623519E-1
3.309235487E1,1.065376282E0,2.986271381E-1,1.764580905E-1
3.310239487E1,1.107483268E0,4.242439270E-1,1.731491089E-1
3.311243587E1,1.133968353E0,5.554313064E-1,1.549551487E-1
3.312247587E1,1.137089491E0,6.854311228E-1,1.115661338E-1
3.313251587E1,1.131358385E0,8.350143433E-1,6.382377446E-2
3.314255587E1,1.112112880E0,9.202629328E-1,4.049125127E-3
3.315259587E1,1.077063799E0,9.090270400E-1,-6.373018771E-2
3.316263688E1,1.008895993E0,8.204439282E-1,-1.264000088E-1
3.317267687E1,9.125285745E-1,7.055537701E-1,-1.888536960E-1
3.318271742E1,8.047968149E-1,5.328426957E-1,-2.422189116E-1
3.319275742E1,6.971710920E-1,3.064689338E-1,-2.766818106E-1
3.320279742E1,6.113624573E-1,9.527786076E-2,-2.922152281E-1
3.321283742E1,5.346778035E-1,-5.925054476E-2,-3.084436357E-1
3.322287842E1,4.563151002E-1,-1.812140048E-1,-3.054736853E-1
3.323291842E1,3.883576095E-1,-2.438099235E-1,-2.908466160E-1
3.324295842E1,3.259613514E-1,-2.494635433E-1,-2.660645843E-1
3.325299842E1,3.032992184E-1,-2.202233970E-1,-2.463720590E-1
3.326303842E1,2.725040019E-1,-1.557456106E-1,-2.395549119E-1
3.327307942E1,2.168229073E-1,-2.630731277E-2,-2.438539416E-1
3.328311942E1,1.335200220E-1,1.823071539E-1,-2.412096858E-1
3.329315942E1,1.044276059E-1,4.239114523E-1,-1.962897927E-1
3.330319942E1,1.910719424E-1,5.199780464E-1,-1.107954010E-1
3.331323942E1,3.193631172E-1,3.917492330E-1,1.356089860E-2
3.332327942E1,4.139122665E-1,1.090395227E-1,1.296606064E-1
3.333332042E1,4.368575811E-1,-2.105563134E-1,2.000394315E-1
3.334336042E1,3.418290615E-1,-6.382123232E-1,1.454041451E-1
3.335340042E1,2.275066972E-1,-9.034675956E-1,6.879127771E-2
3.336344042E1,1.921087652E-1,-7.391987443E-1,1.348118484E-1
3.337348042E1,1.759586632E-1,-4.916948974E-1,2.860516310E-1
3.338352142E1,9.245444834E-2,-3.670339286E-1,3.583610058E-1
3.339356142E1,5.763639882E-2,-3.884477615E-1,4.051640928E-1
3.340360142E1,5.492397025E-2,-3.844309151E-1,4.457781017E-1
3.341364142E1,9.409682453E-2,-3.212769330E-1,4.525019825E-1
3.342368142E1,6.560952961E-2,-2.537207901E-1,4.395515621E-1
3.343372142E1,-3.963442519E-2,-2.230694145E-1,4.567255080E-1
3.344376242E1,-1.331899464E-1,-1.854690462E-1,5.108137727E-1
3.345380242E1,-2.262109965E-1,-6.391370296E-2,5.249629617E-1
3.346384242E1,-3.681763709E-1,4.469880089E-2,4.888795614E-1
3.347388242E1,-5.836217999E-1,5.319071561E-2,3.835521936E-1
3.348392242E1,-7.683168054E-1,-4.960737657E-3,2.362021506E-1
3.349396342E1,-8.692308664E-1,-6.163771823E-2,7.033899426E-2
3.350400342E1,-8.940145373E-1,-1.159164011E-1,-7.856446505E-2
3.351404342E1,-9.016679525E-1,-1.504414678E-1,-2.140731812E-1
3.352408342E1,-9.105612636E-1,-1.516159326E-1,-3.430010676E-1
3.353412342E1,-9.335832596E-1,-1.297236830E-1,-4.275841117E-1
3.354416342E1,-9.732246995E-1,-9.064391255E-2,-4.383171797E-1
3.355420442E1,-9.982179403E-1,-2.497485653E-2,-4.010705352E-1
3.356424442E1,-1.009373188E0,5.347147956E-2,-3.493351638E-1
3.357428442E1,-1.028197408E0,1.167511195E-1,-3.112277389E-1
3.358432442E1,-1.069684148E0,1.443214864E-1,-2.957992256E-1
3.359436442E1,-1.130490541E0,1.366332918E-1,-2.916091084E-1
3.360440542E1,-1.208230853E0,1.475384086E-1,-2.998372018E-1
3.361444542E1,-1.284427285E0,2.086682171E-1,-2.903530300E-1
3.362448542E1,-1.325607657E0,2.831139863E-1,-2.669284046E-1
3.363452542E1,-1.348084331E0,3.549208343E-1,-2.447344810E-1
3.364456542E1,-1.373714924E0,4.435447156E-1,-2.376539409E-1
3.365460642E1,-1.389078498E0,5.459187627E-1,-2.412020862E-1
3.366464642E1,-1.397077918E0,5.982115269E-1,-2.120974660E-1
3.367468642E1,-1.396821737E0,5.942419171E-1,-1.983873099E-1
3.368472642E1,-1.374572039E0,5.721898675E-1,-1.577160507E-1
3.369476642E1,-1.324793458E0,5.826362967E-1,-7.860304415E-2
3.370480642E1,-1.264425993E0,6.287670732E-1,2.673589438E-2
3.371484742E1,-1.165354133E0,5.287209153E-1,1.504431814E-1
3.372488742E1,-1.058011413E0,4.142243862E-1,2.579965293E-1
3.373492742E1,-9.628383517E-1,2.764816284E-1,3.623145223E-1
3.374496742E1,-8.491477370E-1,1.294261217E-1,4.547879994E-1
3.375500742E1,-7.356476188E-1,-1.279519219E-2,5.252648592E-1
3.376504842E1,-6.391229033E-1,-1.506145895E-1,5.638223290E-1
3.377508842E1,-5.060552955E-1,-2.479868829E-1,5.808915496E-1
3.378512842E1,-3.408420682E-1,-2.734754682E-1,5.934515595E-1
3.379516842E1,-2.058983147E-1,-1.959636062E-1,5.864194036E-1
3.380520842E1,-8.010602742E-2,1.574224606E-2,5.696841478E-1
3.381524842E1,5.876292661E-2,2.498593628E-1,5.313512087E-1
3.382528942E1,2.019467056E-1,4.639458358E-1,4.581193030E-1
3.383532942E1,2.986980975E-1,6.610331535E-1,3.316409290E-1
3.384536942E1,2.472088039E-1,7.123280168E-1,1.380368471E-1
3.385540942E1,9.938897938E-2,5.798987150E-1,-1.126866415E-1
3.386544942E1,-4.674346000E-2,3.724957705E-1,-3.401181996E-1
3.387549042E1,-1.618467718E-1,8.061275631E-2,-5.322961211E-1
3.388553042E1,-1.114562973E-1,-3.333250582E-1,-5.613075495E-1
3.389557042E1,8.044716716E-2,-8.222905993E-1,-4.325643182E-1
3.390561042E1,2.821291387E-1,-9.897823930E-1,-2.735381722E-1
3.391565042E1,3.145010471E-1,-7.571989894E-1,-1.178534776E-1
3.392569142E1,2.358216792E-1,-4.678215086E-1,-4.027532786E-2
3.393573142E1,2.607528865E-1,-3.562348187E-1,-5.086858571E-2
3.394577142E1,2.882020772E-1,-2.824045122E-1,-1.376841664E-1
3.395581142E1,2.290430814E-1,-1.940441877E-1,-2.891925871E-1
3.396585142E1,1.951780468E-1,-1.273647547E-1,-4.364046752E-1
3.397589142E1,2.574550211E-1,-7.822164148E-2,-5.796495080E-1
3.398593242E1,3.110189140E-1,-7.548006251E-3,-7.272823453E-1
3.399597242E1,3.663165271E-1,5.259556696E-2,-7.855742574E-1
3.400601242E1,4.598640501E-1,-8.383629844E-3,-7.445600033E-1
3.401605242E1,5.970678329E-1,-3.118615150E-1,-6.385965347E-1
3.402609242E1,6.825281382E-1,-6.458482742E-1,-4.940657020E-1
3.403613342E1,6.977245212E-1,-8.444903493E-1,-3.193973899E-1
3.404617342E1,6.676726341E-1,-8.539850712E-1,-1.305454522E-1
3.405621342E1,6.226149201E-1,-7.390035987E-1,9.044308215E-2
3.406625342E1,5.981825590E-1,-5.881972909E-1,2.929461002E-1
3.407629342E1,6.340239048E-1,-4.283913076E-1,4.402660429E-1
3.408633442E1,7.089871168E-1,-2.553393841E-1,5.366405249E-1
3.409637442E1,7.901145220E-1,-1.072338820E-1,5.985563993E-1
3.410641442E1,8.568730354E-1,-1.425813511E-2,6.215496063E-1
3.411645442E1,9.142219424E-1,-8.954078890E-3,6.150367260E-1
3.412649442E1,9.733332396E-1,-7.582472265E-2,6.116017699E-1
3.413653442E1,1.042619348E0,-1.023297384E-1,5.681767464E-1
3.414657542E1,1.100703120E0,-1.045265794E-1,4.643736482E-1
3.415661542E1,1.147172213E0,-7.618997991E-2,3.390984833E-1
3.416665542E1,1.181516886E0,-5.460157059E-3,2.720425129E-1
3.417669513E1,1.191767454E0,8.428586274E-2,2.559275627E-1
3.418673512E1,1.194592714E0,1.703778654E-1,2.059546858E-1
3.419677612E1,1.230959535E0,2.681623101E-1,1.412749439E-1
3.420681612E1,1.272033453E0,3.420352042E-1,7.912103087E-2
3.421685612E1,1.279261827E0,4.331263900E-1,3.130728379E-2
3.422689612E1,1.250158548E0,5.583159328E-1,-4.054559767E-2
3.423693612E1,1.204992652E0,6.683140397E-1,-1.096130461E-1
3.424697713E1,1.156807065E0,6.799834967E-1,-1.824763417E-1
3.425701712E1,1.064044833E0,5.946946740E-1,-2.406120002E-1
3.426705712E1,9.327108264E-1,4.518858194E-1,-2.876663208E-1
3.427709712E1,8.018625975E-1,2.920193374E-1,-3.396550715E-1
3.428713712E1,6.791387796E-1,1.190893501E-1,-3.689019084E-1
3.429717812E1,5.860003233E-1,-3.851374239E-2,-3.690508902E-1
3.430721812E1,5.072975159E-1,-1.445874572E-1,-3.609207869E-1
3.431725812E1,4.293289483E-1,-2.261768132E-1,-3.315887749E-1
3.432729812E1,3.542390168E-1,-2.459481210E-1,-2.725310326E-1
3.433733812E1,2.871914506E-1,-1.555646211E-1,-2.449303865E-1
3.434737812E1,2.465721071E-1,4.212288558E-2,-2.308358699E-1
3.435741912E1,1.556464881E-1,3.104386032E-1,-2.393280268E-1
3.436745913E1,2.803234011E-2,5.799880624E-1,-2.635105848E-1
3.437749912E1,-7.028344274E-2,7.982847691E-1,-2.552129626E-1
3.438753912E1,-5.804435536E-2,8.322206140E-1,-1.658543050E-1
3.439757912E1,6.062527373E-2,6.733677983E-1,-3.663211316E-2
3.440762012E1,1.816648841E-1,3.488692939E-1,1.235748678E-1
3.441766012E1,2.873179615E-1,-5.363209546E-2,2.861118615E-1
3.442770012E1,2.915800810E-1,-4.319210649E-1,3.455698788E-1
3.443774012E1,1.578440964E-1,-8.741154671E-1,2.820497155E-1
3.444778012E1,-5.118448287E-3,-9.408558607E-1,2.627476454E-1
3.445782112E1,-1.059135273E-1,-7.529318929E-1,3.653238714E-1
3.446786112E1,-1.560472697E-1,-6.050574780E-1,4.465937018E-1
3.447790112E1,-2.160607725E-1,-5.541993976E-1,4.251412153E-1
3.448794113E1,-2.118678838E-1,-5.557962060E-1,4.046671093E-1
3.449798112E1,-1.655251831E-1,-5.437118411E-1,3.928505778E-1
3.450802212E1,-1.154684201E-1,-5.256071091E-1,3.492013812E-1
3.451806212E1,-1.421172321E-1,-5.310999751E-1,2.983833253E-1
3.452810212E1,-1.945862919E-1,-5.403842926E-1,3.166611195E-1
3.453814212E1,-1.939480603E-1,-5.173961520E-1,3.710652590E-1
3.454818212E1,-2.027846873E-1,-4.578060806E-1,4.049026072E-1
3.455822313E1,-2.818376720E-1,-3.919291198E-1,4.076811075E-1
3.456826312E1,-4.401889443E-1,-3.093436956E-1,3.379086852E-1
3.457830312E1,-5.753832459E-1,-2.580617070E-1,2.228892744E-1
3.458834312E1,-6.654763818E-1,-2.726869881E-1,1.123281419E-1
3.459838312E1,-7.207157016E-1,-3.166857660E-1,2.432999201E-2
3.460842312E1,-7.623649240E-1,-3.521801233E-1,-4.987259954E-2
3.461846412E1,-7.978589535E-1,-3.435908854E-1,-1.376794130E-1
3.462850412E1,-8.250392079E-1,-2.773474157E-1,-2.341100872E-1
3.463854412E1,-8.350395560E-1,-1.726232022E-1,-3.170381784E-1
3.464858412E1,-8.401728272E-1,-3.920841590E-2,-3.816645741E-1
3.465862413E1,-8.496570587E-1,4.428686574E-2,-4.164309204E-1
3.466866512E1,-8.816671968E-1,9.470450133E-2,-4.342650473E-1
3.467870512E1,-9.323072433E-1,1.147297472E-1,-4.341259301E-1
3.468874512E1,-1.013555288E0,7.722631842E-2,-4.193451107E-1
3.469878512E1,-1.111935496E0,4.646310583E-2,-4.164004922E-1
3.470882512E1,-1.222702980E0,7.537677884E-2,-3.927159309E-1
3.471886612E1,-1.324540019E0,1.610204428E-1,-3.522914052E-1
3.472890612E1,-1.412056804E0,2.336906493E-1,-2.987706363E-1
3.473894612E1,-1.468954444E0,2.503546476E-1,-2.424898595E-1
3.474898612E1,-1.504271984E0,2.644693851E-1,-1.869445741E-1
3.475902612E1,-1.529131413E0,3.297917545E-1,-1.149389073E-1
3.476906612E1,-1.538293958E0,3.704438508E-1,-5.528170243E-2
3.477910712E1,-1.511441112E0,4.632659256E-1,1.013085525E-2
3.478914712E1,-1.438425660E0,5.054389834E-1,1.162434444E-1
3.479918712E1,-1.324290037E0,5.282028913E-1,2.302512079E-1
3.480922712E1,-1.186752439E0,5.108465552E-1,3.238269389E-1
3.481926712E1,-1.041431069E0,4.240814745E-1,3.868797421E-1
3.482930812E1,-8.979189396E-1,3.196932971E-1,4.197591543E-1
3.483934812E1,-7.692564726E-1,2.308152020E-1,4.314753711E-1
3.484938813E1,-6.408148408E-1,1.399654597E-1,4.488226473E-1
3.485942812E1,-5.033055544E-1,1.223110873E-2,4.705501199E-1
3.486946812E1,-3.674830496E-1,-1.119864509E-1,4.834952056E-1
3.487950912E1,-2.140724063E-1,-1.909120828E-1,5.080814362E-1
3.488954912E1,-1.076141447E-1,-1.710318476E-1,5.429621935E-1
3.489958912E1,-5.547082052E-2,-1.826912165E-2,5.629989505E-1
3.490962912E1,-4.594858270E-3,2.219171077E-1,5.769253969E-1
3.491966912E1,1.112254336E-1,4.177121222E-1,5.678243637E-1
3.492971012E1,2.521055937E-1,5.257219076E-1,4.990456104E-1
3.493975012E1,2.689945400E-1,6.202354431E-1,3.294000626E-1
3.494979012E1,1.450270265E-1,6.351071000E-1,1.195136532E-1
3.495983012E1,1.787043922E-2,5.213573575E-1,-1.376268417E-1
3.496987013E1,-8.928397298E-2,2.824981809E-1,-3.805747628E-1
3.497991112E1,-1.387110949E-1,-2.374986932E-2,-5.416065454E-1
3.498995112E1,-4.229107872E-2,-4.169429839E-1,-5.765687823E-1
3.499999112E1,1.363734454E-1,-7.840574384E-1,-5.046590567E-1
3.501003112E1,2.976781726E-1,-8.461061716E-1,-3.897710741E-1
3.502007112E1,2.908990979E-1,-6.581764817E-1,-2.758013308E-1
3.503011212E1,2.072161585E-1,-4.212281704E-1,-2.666019797E-1
3.504015213E1,2.225211263E-1,-2.850890160E-1,-2.900153697E-1
3.505019212E1,2.331647128E-1,-2.330988050E-1,-3.646863997E-1
3.506023212E1,2.166145593E-1,-1.726533175E-1,-4.742775559E-1
3.507027212E1,2.351946384E-1,-1.204859912E-1,-5.710113049E-1
3.508031212E1,3.397350907E-1,-1.499512792E-1,-6.610180736E-1
3.509035312E1,3.896563351E-1,-1.491573900E-1,-7.355641723E-1
3.510039312E1,4.189645052E-1,-9.293962270E-2,-7.515046000E-1
3.511043312E1,4.918786585E-1,-9.628269076E-2,-6.745541692E-1
3.512047312E1,5.964462757E-1,-1.973563284E-1,-5.497145057E-1
3.513051312E1,6.840615869E-1,-3.572466671E-1,-3.854690790E-1
3.514055412E1,7.334269285E-1,-5.203029513E-1,-2.109244764E-1
3.515059412E1,7.461525798E-1,-6.190188527E-1,-5.689444393E-2
3.516063413E1,7.305923700E-1,-5.990704298E-1,9.801551700E-2
3.517067412E1,7.328744531E-1,-5.303097367E-1,2.457120419E-1
3.518071400E1,7.684499621E-1,-4.607559741E-1,3.635191023E-1
3.519075500E1,8.328145742E-1,-3.913859427E-1,4.226173162E-1
3.520079500E1,8.998614550E-1,-3.364947438E-1,4.396902919E-1
3.521083500E1,9.410206079E-1,-3.107047081E-1,4.281790257E-1
3.522087500E1,9.719572663E-1,-3.350973129E-1,4.008989036E-1
3.523091500E1,9.940335751E-1,-3.917938769E-1,3.698658943E-1
3.524095600E1,1.047256827E0,-3.856992424E-1,3.548352718E-1
3.525099600E1,1.116428494E0,-3.290258348E-1,3.096289039E-1
3.526103600E1,1.181658030E0,-2.441291064E-1,2.200450152E-1
3.527107600E1,1.208581328E0,-1.426474899E-1,1.562178284E-1
3.528111600E1,1.255574465E0,-1.808185363E-3,1.508647352E-1
3.529115700E1,1.324635625E0,1.342662871E-1,1.936106086E-1
3.530119700E1,1.390400648E0,2.092373818E-1,1.922258139E-1
3.531123700E1,1.444128871E0,2.915583551E-1,1.741884947E-1
3.532127700E1,1.445584774E0,4.054330289E-1,1.305134147E-1
3.533131700E1,1.444526196E0,4.656079412E-1,5.882911012E-2
3.534135800E1,1.450232744E0,5.576224923E-1,2.189613879E-3
3.535139800E1,1.421244025E0,6.556001902E-1,-5.717251077E-2
3.536143800E1,1.361550570E0,7.084303498E-1,-1.146975532E-1
3.537147800E1,1.271961808E0,6.506402493E-1,-1.504339725E-1
3.538151800E1,1.144410729E0,5.733256936E-1,-1.895062029E-1
3.539155900E1,1.004372597E0,4.501606226E-1,-2.495181262E-1
3.540159900E1,8.599994779E-1,2.720335126E-1,-3.114153147E-1
3.541163900E1,7.144358754E-1,8.623968065E-2,-3.675928414E-1
3.542167900E1,5.891310573E-1,-6.517526507E-2,-4.111332893E-1
3.543171900E1,4.859458804E-1,-1.942517608E-1,-4.218807518E-1
3.544175900E1,4.003430307E-1,-3.043653071E-1,-4.055381715E-1
3.545180000E1,3.287002742E-1,-3.567544818E-1,-3.755893409E-1
3.546184000E1,2.646337748E-1,-3.096405268E-1,-3.557076752E-1
3.547188000E1,2.213856578E-1,-1.969483495E-1,-3.513518274E-1
3.548192000E1,1.755691320E-1,-4.395454377E-2,-3.405646980E-1
3.549196000E1,1.008610576E-1,1.527675688E-1,-3.229939640E-1
3.550200100E1,-1.698658615E-2,3.199710548E-1,-2.795776129E-1
3.551204100E1,-1.155698821E-1,4.638688266E-1,-2.118451893E-1
3.552208100E1,-9.896898270E-2,5.392120481E-1,-1.008787155E-1
3.553212100E1,-1.573054865E-2,5.384450555E-1,5.393217131E-2
3.554216100E1,5.908022448E-2,4.197898507E-1,2.058755457E-1
3.555220200E1,1.263277084E-1,2.290010154E-1,3.308811486E-1
3.556224200E1,1.282343119E-1,-7.360846549E-2,3.731261194E-1
3.557228200E1,6.152824312E-2,-4.274341762E-1,3.760060668E-1
3.558232200E1,-1.983626001E-2,-4.824727476E-1,4.067704678E-1
3.559236200E1,-1.228404045E-1,-3.609788120E-1,4.932448864E-1
3.560240300E1,-2.509024739E-1,-4.052973688E-1,5.600879788E-1
3.561244300E1,-3.099631369E-1,-5.797799230E-1,5.597998500E-1
3.562248300E1,-2.452981919E-1,-6.049690843E-1,5.753115416E-1
3.563252300E1,-1.043450683E-1,-5.920906067E-1,5.633845925E-1
3.564256300E1,5.980371498E-3,-6.528006196E-1,5.383403301E-1
3.565260400E1,2.426403575E-2,-6.606665254E-1,5.210249424E-1
3.566264400E1,6.170217693E-2,-6.544941068E-1,5.412393808E-1
3.567268400E1,1.709490418E-1,-6.056283116E-1,5.625771880E-1
3.568272400E1,2.397684902E-1,-4.411394000E-1,5.243007541E-1
3.569276400E1,1.765066832E-1,-2.920132875E-1,4.324606061E-1
3.570280500E1,4.426733777E-2,-2.266574353E-1,3.114556372E-1
3.571284500E1,-7.254450023E-2,-2.070653588E-1,1.675463915E-1
3.572288500E1,-1.581230462E-1,-2.241735011E-1,2.096015215E-2
3.573292500E1,-2.165151238E-1,-2.216877937E-1,-1.155502200E-1
3.574296500E1,-2.761443257E-1,-1.489145160E-1,-2.361389548E-1
3.575300600E1,-3.368899822E-1,-4.090522975E-2,-3.493459523E-1
3.576304600E1,-3.872529268E-1,9.011679143E-2,-4.458728135E-1
3.577308600E1,-4.283963740E-1,2.150051892E-1,-4.990124404E-1
3.578312600E1,-4.682870507E-1,3.163859248E-1,-5.252920389E-1
3.579316600E1,-5.284132957E-1,3.410928547E-1,-5.215457678E-1
3.580320700E1,-6.156668663E-1,2.993230522E-1,-4.857304990E-1
3.581324700E1,-7.272592187E-1,2.427223623E-1,-4.393901825E-1
3.582328700E1,-8.595705032E-1,2.226469368E-1,-3.881014585E-1
3.583332700E1,-9.821448922E-1,1.979232132E-1,-3.285180330E-1
3.584336700E1,-1.087149143E0,2.228845656E-1,-2.626655996E-1
3.585340700E1,-1.164397597E0,2.725029886E-1,-1.984839439E-1
3.586344800E1,-1.213374853E0,3.290400505E-1,-1.729652733E-1
3.587348800E1,-1.239545822E0,3.789639175E-1,-1.441277713E-1
3.588352800E1,-1.253225803E0,4.430729449E-1,-7.817144692E-2
3.589356800E1,-1.229652286E0,5.198521614E-1,-1.502523944E-2
3.590360800E1,-1.183077693E0,6.244770885E-1,7.230615616E-2
3.591364900E1,-1.118943453E0,7.077935934E-1,1.557054371E-1
3.592368900E1,-1.030549407E0,7.303120494E-1,2.162811011E-1
3.593372900E1,-9.177256823E-1,7.009631991E-1,2.849318087E-1
3.594376900E1,-7.872258425E-1,6.297320127E-1,3.432272375E-1
3.595380900E1,-6.573032737E-1,5.015359521E-1,3.844385743E-1
3.596385000E1,-5.285041332E-1,3.645093441E-1,4.194613099E-1
3.597389000E1,-3.967368305E-1,2.416436076E-1,4.661846161E-1
3.598393000E1,-2.604732215E-1,7.969681919E-2,5.048558116E-1
3.599397000E1,-1.143924445E-1,-1.065851673E-1,5.362417102E-1
3.600401000E1,4.493789747E-2,-2.620343864E-1,5.723559856E-1
3.601405100E1,1.982249171E-1,-3.513304293E-1,6.115590334E-1
3.602409100E1,3.109306395E-1,-3.199331462E-1,6.535723209E-1
3.603413100E1,3.504221439E-1,-1.589813083E-1,6.850079894E-1
3.604417100E1,3.340791762E-1,9.608150274E-2,7.000321150E-1
3.605421100E1,2.987688482E-1,3.595403135E-1,7.024073601E-1
3.606425200E1,3.008908629E-1,5.829479694E-1,6.847658753E-1
3.607429200E1,3.329265416E-1,7.433307171E-1,6.514459848E-1
3.608433200E1,2.952997983E-1,8.308472633E-1,5.667597055E-1
3.609437200E1,1.580133140E-1,8.241451383E-1,3.766738772E-1
3.610441200E1,1.211093646E-2,6.946692467E-1,1.719967574E-1
3.611445300E1,-8.343396336E-2,4.352664948E-1,4.616818856E-3
3.612449300E1,-1.122666597E-1,7.400405407E-2,-1.188304350E-1
3.613453300E1,-7.430170476E-2,-3.212319613E-1,-1.895538718E-1
3.614457300E1,1.608283818E-2,-7.120268345E-1,-1.927598566E-1
3.615461300E1,1.128416061E-1,-9.769812226E-1,-1.585907042E-1
3.616465400E1,1.557408422E-1,-9.804953337E-1,-1.310189664E-1
3.617469400E1,7.825723290E-2,-7.568712831E-1,-9.084091336E-2
3.618473387E1,2.635487914E-2,-4.727049470E-1,-6.025408953E-2
3.619477388E1,1.533311903E-1,-2.779788673E-1,-4.909038544E-2
3.620481387E1,3.515980244E-1,-1.394446492E-1,-9.832160920E-2
3.621485487E1,4.949333668E-1,-1.215806417E-2,-2.147566080E-1
3.622489487E1,5.859996080E-1,1.241846308E-1,-3.818439245E-1
3.623493487E1,6.503444910E-1,2.707000375E-1,-5.393685699E-1
3.624497487E1,7.594680786E-1,3.616208732E-1,-6.605687141E-1
3.625501487E1,9.154731631E-1,3.686169982E-1,-7.383042574E-1
3.626505588E1,1.137844801E0,2.496184409E-1,-7.587600350E-1
3.627509587E1,1.424343705E0,1.050466299E-2,-7.338832021E-1
3.628513587E1,1.692350268E0,-3.169031143E-1,-6.617721319E-1
3.629517587E1,1.886939764E0,-6.780673862E-1,-5.647294521E-1
3.630521587E1,1.991266251E0,-9.284862280E-1,-4.327675402E-1
3.631525687E1,2.035387278E0,-9.629417062E-1,-2.801313996E-1
3.632529687E1,2.044022560E0,-8.134358525E-1,-1.204585955E-1
3.633533687E1,2.021718740E0,-6.359441280E-1,4.529680125E-3
3.634537687E1,1.992495656E0,-5.074189305E-1,9.053781629E-2
3.635541687E1,1.969830871E0,-4.315995872E-1,1.061825603E-1
3.636545787E1,1.983719826E0,-3.652140498E-1,6.650187820E-2
3.637549787E1,2.015555382E0,-3.334777057E-1,2.071484691E-3
3.638553788E1,2.081816912E0,-3.167960346E-1,-5.472989380E-2
3.639557787E1,2.153392553E0,-2.726102173E-1,-1.342771947E-1
3.640561787E1,2.250025749E0,-1.806790233E-1,-2.286861539E-1
3.641565887E1,2.386155367E0,-7.875610888E-2,-2.929394543E-1
3.642569887E1,2.523691654E0,-2.399151679E-3,-3.138600886E-1
3.643573887E1,2.636433840E0,1.605921537E-1,-3.259175420E-1
3.644577887E1,2.700063944E0,3.594984114E-1,-3.240499496E-1
3.645581887E1,2.743521214E0,5.422455668E-1,-3.371473551E-1
3.646585987E1,2.796436787E0,7.004291415E-1,-3.302191794E-1
3.647589987E1,2.819099188E0,7.833956480E-1,-3.063516617E-1
3.648593987E1,2.833988190E0,7.961020470E-1,-2.773891389E-1
3.649597987E1,2.807846785E0,7.617517710E-1,-2.642887831E-1
3.650601987E1,2.749108553E0,6.860355139E-1,-2.671341896E-1
3.651606087E1,2.672254562E0,6.067090034E-1,-2.853451669E-1
3.652610087E1,2.571080208E0,4.886228442E-1,-3.168106675E-1
3.653614087E1,2.440687418E0,3.254605532E-1,-3.554107845E-1
3.654618087E1,2.291359425E0,1.681582481E-1,-4.024482965E-1
3.655622087E1,2.121455431E0,2.845175192E-2,-4.306538403E-1
3.656626187E1,1.944846630E0,-4.376096278E-2,-4.415751398E-1
3.657630188E1,1.769141674E0,-6.707347184E-2,-4.532640278E-1
3.658634187E1,1.605333328E0,-1.024964452E-1,-4.580529332E-1
3.659638187E1,1.467685342E0,-9.951770306E-2,-4.253445268E-1
3.660642187E1,1.361839294E0,-8.535104990E-2,-3.861062527E-1
3.661646287E1,1.288986087E0,-9.572299570E-2,-3.510894179E-1
3.662650287E1,1.226021051E0,-1.237643287E-1,-3.172250688E-1
3.663654287E1,1.169341087E0,-1.532481909E-1,-2.993621826E-1
3.664658287E1,1.083873510E0,-1.841890216E-1,-2.960868180E-1
3.665662287E1,9.802228212E-1,-2.211017609E-1,-2.948745489E-1
3.666666387E1,9.211473465E-1,-2.063668221E-1,-2.862502933E-1
3.667670387E1,8.926621675E-1,-1.530612558E-1,-2.678454518E-1
3.668674387E1,8.842658997E-1,-8.807672560E-2,-2.569283843E-1
3.669678387E1,8.630655408E-1,-5.179408565E-2,-2.463486940E-1
3.670682387E1,8.565282822E-1,-6.829019636E-2,-2.498726398E-1
3.671686487E1,9.012563229E-1,-1.533036232E-1,-2.637317479E-1
3.672690487E1,9.875732660E-1,-2.560523748E-1,-2.585862279E-1
3.673694487E1,1.070679069E0,-3.168630004E-1,-2.344252169E-1
3.674698488E1,1.124827623E0,-3.839593530E-1,-2.126172632E-1
3.675702487E1,1.132256746E0,-4.808526337E-1,-2.145637721E-1
3.676706587E1,1.101566792E0,-6.708865762E-1,-2.635719776E-1
3.677710587E1,1.050724387E0,-8.379468918E-1,-3.177800775E-1
3.678714587E1,1.044968128E0,-7.624570131E-1,-2.873821557E-1
3.679718587E1,1.024033546E0,-5.060681105E-1,-1.131800041E-1
3.680722587E1,9.235203266E-1,-3.543064594E-1,1.011793464E-1
3.681726687E1,8.827283978E-1,-3.588128090E-1,2.847968340E-1
3.682730687E1,9.395896196E-1,-4.157664776E-1,4.240568578E-1
3.683734687E1,1.013973832E0,-4.139214456E-1,5.380223393E-1
3.684738687E1,1.044099808E0,-3.536990881E-1,6.301106811E-1
3.685742687E1,1.082755804E0,-3.228788674E-1,6.938249469E-1
3.686746787E1,1.147656560E0,-3.965017796E-1,6.809843183E-1
3.687750787E1,1.234739184E0,-5.585052967E-1,5.859169364E-1
3.688754787E1,1.231010675E0,-6.727550030E-1,3.900507987E-1
3.689758787E1,1.125712752E0,-6.270413399E-1,1.287672669E-1
3.690762787E1,1.002717137E0,-5.443499684E-1,-1.388664842E-1
3.691766887E1,8.975766301E-1,-5.200257301E-1,-3.815734088E-1
3.692770887E1,7.926797867E-1,-5.234213471E-1,-5.760064125E-1
3.693774888E1,6.540750265E-1,-4.462418854E-1,-7.290076613E-1
3.694778887E1,5.231008530E-1,-3.071430624E-1,-8.478752971E-1
3.695782887E1,4.560032785E-1,-1.061700061E-1,-9.075769782E-1
3.696786987E1,4.549843073E-1,1.382765621E-1,-9.021564126E-1
3.697790987E1,4.829842448E-1,3.263713419E-1,-8.290505409E-1
3.698794987E1,5.155161619E-1,4.154772758E-1,-7.367962003E-1
3.699798987E1,5.519378185E-1,4.142791033E-1,-6.436105967E-1
3.700802987E1,5.555229783E-1,3.073858619E-1,-5.716747642E-1
3.701807087E1,5.279286504E-1,1.443087757E-1,-5.536183119E-1
3.702811087E1,4.792863727E-1,-6.096784770E-2,-5.485984087E-1
3.703815087E1,4.228734374E-1,-1.432680488E-1,-5.686501265E-1
3.704819087E1,3.356627524E-1,-1.657358557E-1,-5.765207410E-1
3.705823088E1,2.407559603E-1,-1.485446244E-1,-5.787863135E-1
3.706827187E1,1.310416460E-1,-1.311239898E-1,-5.722656250E-1
3.707831187E1,3.998524323E-2,-7.950100303E-2,-5.586763024E-1
3.708835187E1,-1.450707950E-2,6.080595404E-2,-5.305679440E-1
3.709839187E1,-3.502913192E-2,2.506877482E-1,-4.661202133E-1
3.710843187E1,-2.472500131E-2,3.579687476E-1,-3.633750081E-1
3.711847287E1,8.298938628E-4,4.041876495E-1,-2.506159544E-1
3.712851288E1,4.567192867E-2,4.039787650E-1,-1.583299041E-1
3.713855287E1,9.497316182E-2,3.911980093E-1,-9.549580514E-2
3.714859287E1,1.443529278E-1,3.219202757E-1,-6.217182800E-2
3.715863287E1,1.931846440E-1,2.185185105E-1,-4.540563002E-2
3.716867387E1,2.253234386E-1,9.765365720E-2,-2.734410763E-2
3.717871375E1,2.252986729E-1,-3.708711639E-2,-2.620374225E-2
3.718875375E1,2.064328939E-1,-1.808933914E-1,-1.086380612E-2
3.719879375E1,1.693957895E-1,-2.838757038E-1,-1.543008257E-3
3.720883375E1,1.109186113E-1,-3.481568396E-1,2.016217075E-2
3.721887475E1,6.822147965E-2,-3.735340834E-1,5.394303426E-2
3.722891475E1,5.309520289E-2,-3.627127707E-1,1.128738746E-1
3.723895475E1,6.319470704E-2,-2.969111204E-1,1.997206211E-1
3.724899475E1,7.193893194E-2,-1.787294447E-1,2.841657996E-1
3.725903475E1,4.095491022E-2,1.470432151E-3,3.611260951E-1
3.726907575E1,3.923805058E-2,2.238426358E-1,4.149112105E-1
3.727911575E1,1.263891906E-1,4.627859890E-1,4.354422987E-1
3.728915575E1,2.647538781E-1,6.879777312E-1,4.046868682E-1
3.729919575E1,3.186272383E-1,7.780396938E-1,3.092604578E-1
3.730923575E1,3.042691052E-1,7.010919452E-1,1.305247694E-1
3.731927675E1,3.061202765E-1,5.174020529E-1,-1.369687170E-1
3.732931675E1,3.629900217E-1,2.434335053E-1,-4.472231269E-1
3.733935675E1,4.833686352E-1,3.382062539E-2,-7.217454910E-1
3.734939675E1,6.188827157E-1,8.769545704E-2,-9.851647615E-1
3.735943675E1,6.784608364E-1,1.959263086E-1,-1.139530897E0
3.736947775E1,6.375967860E-1,-1.303213835E-1,-1.060441852E0
3.737951775E1,7.408427596E-1,-4.966703355E-1,-9.347135425E-1
3.738955775E1,9.224126339E-1,-5.430974364E-1,-8.303498626E-1
3.739959775E1,9.966602325E-1,-3.327996135E-1,-7.741720676E-1
3.740963775E1,1.023336291E0,-1.066944897E-1,-7.710786462E-1
3.741967875E1,1.129273415E0,-4.980084300E-2,-7.992079854E-1
3.742971875E1,1.255983829E0,-6.743843853E-2,-8.755014539E-1
3.743975875E1,1.389815331E0,-6.795695424E-2,-1.016595244E0
3.744979875E1,1.497804403E0,-2.452783659E-2,-1.138555646E0
3.745983875E1,1.571194768E0,7.271615416E-2,-1.156488895E0
3.746987975E1,1.668354273E0,4.958558083E-2,-1.094521046E0
3.747991975E1,1.732862711E0,-1.252639890E-1,-9.774703383E-1
3.748995975E1,1.698599339E0,-3.052164018E-1,-8.038448095E-1
3.749999975E1,1.577231646E0,-4.373283684E-1,-5.684626102E-1
3.751004075E1,1.448336482E0,-4.864795208E-1,-2.872143388E-1
3.752008075E1,1.348032475E0,-4.336453378E-1,-8.264986798E-3
3.753012075E1,1.277388453E0,-2.950043082E-1,2.233918607E-1
3.754016075E1,1.247377038E0,-1.313610375E-1,3.606660962E-1
3.755020075E1,1.236662626E0,1.036973391E-2,4.048434198E-1
3.756024175E1,1.255148411E0,1.050807983E-1,3.847578466E-1
3.757028175E1,1.272828817E0,1.215825304E-1,3.302706480E-1
3.758032175E1,1.288494587E0,1.070416719E-1,2.637864351E-1
3.759036175E1,1.322526455E0,1.118851602E-1,1.951133311E-1
3.760040175E1,1.375254393E0,1.591104567E-1,1.231347546E-1
3.761044275E1,1.449116111E0,2.184077501E-1,4.766654223E-2
3.762048275E1,1.531921268E0,2.469829321E-1,-5.306129344E-3
3.763052275E1,1.623054028E0,2.838006616E-1,-3.146190941E-2
3.764056275E1,1.717387795E0,3.913862705E-1,-2.897664532E-2
3.765060275E1,1.803369761E0,5.015622377E-1,-2.263938077E-2
3.766064375E1,1.869272351E0,5.918543339E-1,2.932823962E-3
3.767068375E1,1.924645782E0,6.770673394E-1,6.966781616E-2
3.768072375E1,1.976466060E0,7.331545353E-1,1.449758857E-1
3.769076375E1,1.996390462E0,7.516257167E-1,1.724312156E-1
3.770080375E1,2.004313469E0,7.290032506E-1,1.551004201E-1
3.771084475E1,1.996358871E0,6.476580501E-1,1.070788279E-1
3.772088475E1,1.965344429E0,5.201874375E-1,2.343239821E-2
3.773092475E1,1.912538528E0,4.023960531E-1,-4.831364378E-2
3.774096475E1,1.827429414E0,2.691296041E-1,-1.142111644E-1
3.775100475E1,1.698012710E0,1.529033780E-1,-1.906366497E-1
3.776104575E1,1.550458193E0,5.078819394E-2,-2.787230909E-1
3.777108575E1,1.412188053E0,-4.518715292E-2,-3.358874917E-1
3.778112575E1,1.305562854E0,-7.973634452E-2,-3.574292958E-1
3.779116575E1,1.201228738E0,-1.085133255E-1,-3.606137335E-1
3.780120675E1,1.110214114E0,-1.385521889E-1,-3.621863127E-1
3.781124675E1,1.016843677E0,-1.798920780E-1,-3.665907383E-1
3.782128675E1,9.215525985E-1,-2.278516144E-1,-3.702403307E-1
3.783132675E1,8.370538950E-1,-2.627240717E-1,-3.869120181E-1
3.784136675E1,7.566011548E-1,-2.789539099E-1,-4.150629640E-1
3.785140775E1,6.774474382E-1,-2.746440768E-1,-4.610935152E-1
3.786144775E1,6.002805233E-1,-2.505099773E-1,-5.086584091E-1
3.787148775E1,5.265207291E-1,-2.106637955E-1,-5.577257872E-1
3.788152775E1,4.509063661E-1,-1.447145939E-1,-5.933815241E-1
3.789156775E1,3.948754668E-1,-2.828133106E-2,-6.053883433E-1
3.790160875E1,3.826875091E-1,1.507017463E-1,-5.966870189E-1
3.791164875E1,4.035638571E-1,3.385038972E-1,-5.661562085E-1
3.792168875E1,4.490583539E-1,4.704273045E-1,-5.086793303E-1
3.793172875E1,5.436468720E-1,5.997443199E-1,-4.088202119E-1
3.794176875E1,6.712093353E-1,7.102146149E-1,-2.745851874E-1
3.795180975E1,7.536243796E-1,7.595116496E-1,-1.375301182E-1
3.796184975E1,7.468866110E-1,7.042191029E-1,-9.533712873E-4
3.797188975E1,6.782478690E-1,4.600193501E-1,9.369207174E-2
3.798192975E1,6.254640222E-1,-8.649062365E-3,6.179432943E-2
3.799196975E1,5.713240504E-1,-4.246219695E-1,-5.105748773E-2
3.800201075E1,3.894301355E-1,-5.269312859E-1,-6.607132405E-2
3.801205075E1,4.383381456E-3,-4.790530503E-1,1.435256600E-1
3.802209075E1,-3.586688638E-1,-4.555748999E-1,4.398206770E-1
3.803213075E1,-5.378916860E-1,-4.943490326E-1,6.913211942E-1
3.804217175E1,-5.659393072E-1,-5.870417356E-1,9.110605121E-1
3.805221175E1,-5.134159923E-1,-6.999308467E-1,1.075686336E0
3.806225175E1,-4.096496403E-1,-8.489075303E-1,1.172934890E0
3.807229175E1,-2.921659052E-1,-9.555053711E-1,1.188585520E0
3.808233175E1,-1.497480422E-1,-9.607145190E-1,1.143936276E0
3.809237275E1,1.065867022E-2,-8.525345325E-1,1.029279828E0
3.810241275E1,1.812075078E-1,-6.496882439E-1,8.645747304E-1
3.811245275E1,3.327679634E-1,-4.845117927E-1,7.090790868E-1
3.812249275E1,4.144876003E-1,-4.047623575E-1,5.552330613E-1
3.813253275E1,4.199124277E-1,-4.272724688E-1,4.113781750E-1
3.814257375E1,3.766097128E-1,-4.562138319E-1,2.833959758E-1
3.815261375E1,3.501581550E-1,-3.867079914E-1,1.721370965E-1
3.816265375E1,3.622888625E-1,-2.792499959E-1,6.406976283E-2
3.817269375E1,3.726585507E-1,-1.479867101E-1,-4.877007753E-2
3.818273454E1,3.057005405E-1,1.313667558E-2,-1.679622531E-1
3.819277554E1,1.940436214E-1,1.492159665E-1,-2.737232745E-1
3.820281554E1,7.097761333E-2,3.122738600E-1,-3.573449254E-1
3.821285554E1,-8.621122688E-2,4.437056780E-1,-3.793922067E-1
3.822289554E1,-2.616424561E-1,5.218758583E-1,-3.587649763E-1
3.823293554E1,-4.562646449E-1,5.571067333E-1,-3.223776221E-1
3.824297654E1,-6.670157909E-1,4.764294922E-1,-2.672472596E-1
3.825301654E1,-8.950278759E-1,2.888468504E-1,-1.782817543E-1
3.826305654E1,-1.113011837E0,9.134178609E-2,-8.095200360E-2
3.827309654E1,-1.297855973E0,-8.776326664E-3,-8.679616265E-3
3.828313754E1,-1.420123816E0,-4.972349480E-2,5.630897358E-2
3.829317754E1,-1.490222216E0,8.429025300E-3,8.965015411E-2
3.830321754E1,-1.532857537E0,1.666968167E-1,1.363903731E-1
3.831325754E1,-1.521708369E0,2.782722414E-1,1.921543479E-1
3.832329754E1,-1.493430376E0,3.268570900E-1,2.676342130E-1
3.833333854E1,-1.452082634E0,3.316598535E-1,3.586388826E-1
3.834337854E1,-1.400898099E0,3.429434001E-1,4.343978465E-1
3.835341854E1,-1.326696157E0,3.722495437E-1,4.298415482E-1
3.836345854E1,-1.226657748E0,3.655964434E-1,3.263559043E-1
3.837349854E1,-1.103301048E0,3.965197802E-1,1.811528355E-1
3.838353954E1,-9.801627994E-1,4.270409346E-1,-1.892912574E-2
3.839357954E1,-8.794084191E-1,4.576686323E-1,-2.245112807E-1
3.840361954E1,-7.739245892E-1,4.717607498E-1,-3.556748927E-1
3.841365954E1,-6.661233902E-1,4.246084988E-1,-3.980251253E-1
3.842369954E1,-5.569287539E-1,3.749029934E-1,-3.539026678E-1
3.843374054E1,-4.357919693E-1,3.357894421E-1,-2.425343692E-1
3.844378054E1,-3.286047876E-1,3.433381617E-1,-9.710234404E-2
3.845382054E1,-2.639953494E-1,3.880155385E-1,3.018805571E-2
3.846386054E1,-2.183644921E-1,4.653862417E-1,1.458454132E-1
3.847390054E1,-2.101325840E-1,4.276855290E-1,1.869824529E-1
3.848394154E1,-2.044233084E-1,3.599927723E-1,1.942145228E-1
3.849398154E1,-1.708158553E-1,3.133614063E-1,2.251345366E-1
3.850402154E1,-1.037254930E-1,2.777043581E-1,2.168257385E-1
3.851406154E1,-5.553618819E-2,3.219064474E-1,2.100162506E-1
3.852410254E1,-1.107243448E-1,4.178487062E-1,2.132067233E-1
3.853414254E1,-3.102047443E-1,5.259308815E-1,2.356748134E-1
3.854418254E1,-6.091347337E-1,5.984463096E-1,2.500334978E-1
3.855422254E1,-8.991214037E-1,6.271459460E-1,2.882405818E-1
3.856426254E1,-1.064889550E0,5.748124719E-1,3.521279395E-1
3.857430354E1,-9.785091877E-1,4.756763279E-1,4.519585669E-1
3.858434354E1,-6.333539486E-1,2.876933813E-1,5.916682482E-1
3.859438354E1,-1.294706464E-1,7.610947639E-2,6.474201679E-1
3.860442354E1,2.014311105E-1,-4.555543885E-3,4.823918343E-1
3.861446354E1,1.199304461E-1,-5.931671336E-2,1.812417805E-1
3.862450454E1,-4.419457912E-2,-1.807326227E-1,-1.058456451E-1
3.863454454E1,6.298711151E-2,-4.001832306E-1,-3.730810285E-1
3.864458454E1,1.910699755E-1,-6.733077168E-1,-6.447668076E-1
3.865462454E1,1.455283165E-1,-8.285671473E-1,-8.758242726E-1
3.866466454E1,1.288420111E-1,-8.140004277E-1,-1.039446473E0
3.867470554E1,3.196345568E-1,-6.891356111E-1,-1.116063595E0
3.868474554E1,6.510282159E-1,-5.191926360E-1,-1.078589201E0
3.869478554E1,1.069446921E0,-4.304694533E-1,-9.888532162E-1
3.870482554E1,1.471576571E0,-4.907346666E-1,-8.462840915E-1
3.871486554E1,1.772944212E0,-6.204693317E-1,-6.497147083E-1
3.872490654E1,1.921527267E0,-6.776607037E-1,-4.087319374E-1
3.873494654E1,1.914145231E0,-6.036531925E-1,-1.505298465E-1
3.874498654E1,1.830265164E0,-4.403041899E-1,1.013218388E-1
3.875502654E1,1.755616546E0,-1.945764124E-1,2.561468184E-1
3.876506754E1,1.694622159E0,1.026981398E-1,3.315038681E-1
3.877510754E1,1.663486481E0,4.295975268E-1,3.004513383E-1
3.878514754E1,1.644690394E0,6.723015308E-1,2.070590854E-1
3.879518754E1,1.634325027E0,7.553591132E-1,1.300375313E-1
3.880522754E1,1.647630095E0,6.950137615E-1,8.309824765E-2
3.881526854E1,1.671557665E0,5.517176390E-1,7.002150267E-2
3.882530854E1,1.693033695E0,3.949962258E-1,7.671561837E-2
3.883534854E1,1.699095845E0,2.400162071E-1,8.077031374E-2
3.884538854E1,1.676828027E0,9.069143981E-2,8.759253472E-2
3.885542854E1,1.627525091E0,-2.245795727E-2,9.771431983E-2
3.886546954E1,1.559476614E0,-1.177743599E-1,9.845041484E-2
3.887550954E1,1.477338552E0,-2.114402056E-1,8.679171652E-2
3.888554954E1,1.390626073E0,-2.158274949E-1,8.339511603E-2
3.889558954E1,1.292385221E0,-1.906614006E-1,6.831119210E-2
3.890562954E1,1.193090320E0,-1.512386203E-1,3.138300031E-2
3.891567054E1,1.095547557E0,-7.558725029E-2,-1.652858406E-2
3.892571054E1,9.839100242E-1,-1.315023936E-2,-9.564816952E-2
3.893575054E1,8.667135835E-1,3.327136487E-2,-2.161943316E-1
3.894579054E1,7.478018403E-1,9.101242572E-2,-3.259900808E-1
3.895583054E1,6.321154833E-1,1.537290365E-1,-4.167439044E-1
3.896587154E1,5.226502419E-1,2.309103608E-1,-4.938583970E-1
3.897591154E1,4.279402196E-1,2.461517900E-1,-5.285499096E-1
3.898595154E1,3.292743564E-1,2.353049964E-1,-5.481784940E-1
3.899599154E1,2.221444696E-1,2.295831889E-1,-5.517572761E-1
3.900603154E1,1.333482862E-1,1.747543067E-1,-5.370278358E-1
3.901607254E1,6.754552573E-2,1.019357517E-1,-5.220550299E-1
3.902611254E1,2.087442949E-2,4.580377415E-2,-5.160019398E-1
3.903615254E1,-1.193329878E-2,-3.752097720E-3,-5.126636624E-1
3.904619254E1,-3.653345257E-2,-7.083206624E-2,-5.134860277E-1
3.905623254E1,-3.928192705E-2,-1.690862924E-1,-5.186905861E-1
3.906627354E1,-3.892852738E-2,-2.947504520E-1,-5.147501826E-1
3.907631354E1,-3.785357252E-2,-3.613040149E-1,-4.870022833E-1
3.908635354E1,-4.960317537E-2,-3.143453002E-1,-4.221324623E-1
3.909639354E1,-5.055180937E-2,-1.651057303E-1,-3.176401854E-1
3.910643454E1,-2.502940595E-2,-7.506775670E-3,-2.006829530E-1
3.911647454E1,-1.776985824E-2,3.705263138E-2,-1.064274609E-1
3.912651454E1,-6.336983293E-2,5.460084416E-3,-1.609809883E-2
3.913655454E1,-1.142437309E-1,-1.073621139E-1,8.947042376E-2
3.914659454E1,-1.481926590E-1,-1.782458872E-1,2.075762898E-1
3.915663554E1,-1.539897919E-1,-1.449495852E-1,3.212100863E-1
3.916667554E1,-1.293294579E-1,-7.046683133E-2,4.160489738E-1
3.917671554E1,-4.146135598E-2,-3.675577790E-2,4.482756555E-1
3.918675462E1,1.215643138E-1,-1.385148913E-1,3.678556383E-1
3.919679462E1,3.812162876E-1,-3.638919890E-1,2.700756788E-1
3.920683562E1,5.525307655E-1,-3.650427163E-1,2.309573293E-1
3.921687562E1,4.137418270E-1,-6.726202369E-2,2.911627293E-1
3.922691562E1,1.860010922E-1,2.306216061E-1,4.319653809E-1
3.923695562E1,4.860728979E-2,2.052156627E-1,5.602157116E-1
3.924699562E1,-3.737765923E-2,-2.069204487E-2,6.936352849E-1
3.925703663E1,-6.837215275E-2,-2.046617121E-1,8.267353773E-1
3.926707662E1,-1.551584452E-1,-3.694067001E-1,9.743410349E-1
3.927711662E1,-2.717672884E-1,-5.189694762E-1,1.136487961E0
3.928715662E1,-3.574960232E-1,-6.164086461E-1,1.261031866E0
3.929719662E1,-3.258438408E-1,-6.393044591E-1,1.304857135E0
3.930723762E1,-2.740770280E-1,-6.347744465E-1,1.243377566E0
3.931727762E1,-2.668093443E-1,-6.686003804E-1,1.080882192E0
3.932731762E1,-2.361864448E-1,-7.958419323E-1,8.595098257E-1
3.933735762E1,-2.058181018E-1,-9.019591808E-1,6.052078009E-1
3.934739762E1,-1.902282238E-1,-9.542303681E-1,3.741139174E-1
3.935743862E1,-1.794919074E-1,-9.852416515E-1,1.565344036E-1
3.936747862E1,-1.648144275E-1,-9.323731661E-1,-9.355294704E-2
3.937751862E1,-1.713490635E-1,-7.670386434E-1,-3.493180275E-1
3.938755862E1,-2.363927811E-1,-5.165622234E-1,-5.453575850E-1
3.939759862E1,-3.495078087E-1,-2.694152296E-1,-6.122629046E-1
3.940763962E1,-4.883453250E-1,-4.496187717E-2,-5.703852177E-1
3.941767962E1,-6.492536068E-1,1.902005225E-1,-4.986454844E-1
3.942771963E1,-8.207046986E-1,4.041059017E-1,-3.789297342E-1
3.943775962E1,-9.684321284E-1,4.800547361E-1,-2.391095459E-1
3.944779962E1,-1.066374421E0,4.218369722E-1,-1.126341671E-1
3.945784062E1,-1.143935084E0,2.446807772E-1,-3.441798734E-3
3.946788062E1,-1.201367736E0,4.093674943E-5,9.777936339E-2
3.947792062E1,-1.243928909E0,-1.671921611E-1,1.848235726E-1
3.948796062E1,-1.273048997E0,-2.507006526E-1,2.607012987E-1
3.949800062E1,-1.288751602E0,-2.309667468E-1,2.871396840E-1
3.950804162E1,-1.305084705E0,-9.706406295E-2,2.452177852E-1
3.951808162E1,-1.311503410E0,1.163515300E-1,1.755908579E-1
3.952812162E1,-1.295256972E0,3.503672183E-1,1.029206365E-1
3.953816162E1,-1.252083063E0,5.387524962E-1,5.736575648E-2
3.954820163E1,-1.203582883E0,6.548159719E-1,4.510376230E-2
3.955824262E1,-1.154089451E0,7.203956246E-1,1.949620619E-2
3.956828262E1,-1.095744967E0,7.756493092E-1,-2.003389224E-2
3.957832262E1,-1.039728999E0,7.834406495E-1,-1.041266173E-1
3.958836262E1,-9.581318498E-1,7.580146194E-1,-2.158899009E-1
3.959840262E1,-8.555896878E-1,6.769123077E-1,-3.345598280E-1
3.960844362E1,-7.449369431E-1,5.718133450E-1,-4.022887945E-1
3.961848363E1,-6.464259624E-1,4.065797329E-1,-4.038191438E-1
3.962852362E1,-5.823812485E-1,2.733438909E-1,-3.557243347E-1
3.963856362E1,-5.487357974E-1,1.942930669E-1,-2.792609930E-1
3.964860362E1,-5.285535455E-1,1.312019825E-1,-1.696258485E-1
3.965864462E1,-5.251455903E-1,8.787006885E-2,-4.408242926E-2
3.966868462E1,-5.457978249E-1,1.254075915E-1,6.290101260E-2
3.967872462E1,-5.672048330E-1,2.260867953E-1,1.746097207E-1
3.968876462E1,-5.632132888E-1,3.930222690E-1,2.509838343E-1
3.969880462E1,-5.224991441E-1,6.702155471E-1,3.328354955E-1
3.970884562E1,-4.222351313E-1,8.679920435E-1,3.863381147E-1
3.971888562E1,-3.496131301E-1,9.849743247E-1,3.477933705E-1
3.972892562E1,-2.911253273E-1,1.081599236E0,2.603157163E-1
3.973896563E1,-2.361336648E-1,1.080929875E0,1.699334681E-1
3.974900562E1,-1.712896824E-1,8.689666986E-1,7.760114223E-2
3.975904662E1,-1.293763220E-1,4.502540231E-1,-1.970403083E-2
3.976908662E1,-2.180976719E-1,-3.343485668E-2,-1.001394838E-1
3.977912662E1,-4.376136363E-1,-3.760776222E-1,-1.677974463E-1
3.978916662E1,-6.630885601E-1,-5.052846074E-1,-2.163881510E-1
3.979920662E1,-8.191542029E-1,-4.722229838E-1,-2.086208463E-1
3.980924763E1,-8.617171645E-1,-3.602665961E-1,-1.355423778E-1
3.981928762E1,-8.017982244E-1,-2.253387570E-1,-1.885399921E-3
3.982932762E1,-6.302472353E-1,-1.014519557E-1,2.129326314E-1
3.983936762E1,-4.179354906E-1,3.241947666E-2,4.438982904E-1
3.984940762E1,-4.153772593E-1,3.699328005E-1,5.055767894E-1
3.985944862E1,-7.120345831E-1,6.406981349E-1,3.268383443E-1
3.986948862E1,-1.024915814E0,6.943448186E-1,1.494837999E-1
3.987952862E1,-1.092571139E0,5.312302709E-1,1.183434427E-1
3.988956862E1,-9.112005234E-1,1.983553767E-1,1.765183210E-1
3.989960862E1,-6.217460632E-1,-1.582325697E-1,1.799250245E-1
3.990964962E1,-3.605832160E-1,-5.306564569E-1,4.506149143E-2
3.991968962E1,-1.584998965E-1,-8.111813068E-1,-1.951468885E-1
3.992972963E1,4.872509278E-3,-1.011626959E0,-4.362154305E-1
3.993976962E1,1.299476326E-1,-1.172518849E0,-6.829329133E-1
3.994980962E1,1.654853970E-1,-1.117847919E0,-9.288446903E-1
3.995985062E1,1.823938489E-1,-7.074047327E-1,-1.052495480E0
3.996989062E1,2.254257351E-1,-2.606541216E-1,-9.797502160E-1
3.997993062E1,3.739951253E-1,-1.128143370E-1,-7.452048063E-1
3.998997062E1,1.346310228E-1,-8.914307356E-1,-6.702847481E-1
4.000001062E1,5.559145808E-1,-9.307261109E-1,-6.070973873E-1
4.001005162E1,1.409783363E0,-5.374629498E-1,-3.099586964E-1
4.002009162E1,1.456060052E0,-4.935149848E-1,-7.995075732E-2
4.003013162E1,1.435366511E0,-4.538642466E-1,-1.859232783E-2
4.004017162E1,1.308930755E0,-2.193395346E-1,3.558667749E-2
4.005021162E1,1.050192118E0,3.400378674E-2,1.093064398E-1
4.006025262E1,8.153187037E-1,2.191868871E-1,1.958999932E-1
4.007029262E1,6.599043012E-1,2.906717062E-1,2.109974623E-1
4.008033262E1,5.666655898E-1,2.924513519E-1,2.167878598E-1
4.009037262E1,5.577203035E-1,2.937890589E-1,1.848365963E-1
4.010041262E1,6.411142349E-1,3.043811023E-1,1.502124518E-1
4.011045362E1,7.684857845E-1,3.303810060E-1,9.988856316E-2
4.012049362E1,9.077514410E-1,3.360926509E-1,2.430328727E-2
4.013053362E1,1.041107297E0,3.444826901E-1,-5.196565017E-2
4.014057362E1,1.139270544E0,3.862732351E-1,-1.154308617E-1
4.015061362E1,1.175370932E0,4.114710093E-1,-1.578978896E-1
4.016065462E1,1.140976310E0,3.766439259E-1,-1.779407263E-1
4.017069462E1,1.046430588E0,3.441685438E-1,-1.830899417E-1
4.018073462E1,9.322590232E-1,2.969243526E-1,-1.863659024E-1
4.019077450E1,8.207569718E-1,2.476289570E-1,-1.972497106E-1
4.020081450E1,7.154797316E-1,1.637747139E-1,-2.135002613E-1
4.021085550E1,5.999145508E-1,1.976135932E-2,-2.390029579E-1
4.022089550E1,4.999789000E-1,-7.937089354E-2,-2.213791460E-1
4.023093550E1,4.224678576E-1,-1.313909590E-1,-2.010275275E-1
4.024097550E1,3.734680414E-1,-1.066688746E-1,-1.973941475E-1
4.025101550E1,3.513704538E-1,-1.100253407E-2,-1.990293413E-1
4.026105650E1,3.613541722E-1,1.252403408E-1,-2.039762139E-1
4.027109650E1,4.027021527E-1,2.410601526E-1,-1.950242668E-1
4.028113650E1,4.718673527E-1,3.369935155E-1,-1.866083443E-1
4.029117650E1,5.682644844E-1,4.263324440E-1,-1.980921626E-1
4.030121650E1,6.700345874E-1,4.636386633E-1,-2.354476154E-1
4.031125750E1,7.558171153E-1,4.649369717E-1,-2.721318901E-1
4.032129750E1,8.225963116E-1,4.586093724E-1,-2.974093556E-1
4.033133750E1,8.485040665E-1,4.886476994E-1,-2.976639569E-1
4.034137750E1,8.079068661E-1,4.931074381E-1,-2.638607025E-1
4.035141750E1,7.029791474E-1,5.108131766E-1,-2.191960365E-1
4.036145850E1,5.715593696E-1,5.352700949E-1,-1.666231453E-1
4.037149850E1,4.761183560E-1,5.469827056E-1,-6.914371997E-2
4.038153850E1,4.231690764E-1,4.970230460E-1,6.182581931E-2
4.039157850E1,3.815212250E-1,3.477827013E-1,1.927188635E-1
4.040161850E1,3.243695796E-1,1.011078879E-1,3.085501492E-1
4.041165950E1,2.797581851E-1,-1.639514714E-1,3.610671461E-1
4.042169950E1,2.374543399E-1,-4.262017608E-1,3.338680565E-1
4.043173950E1,1.844656914E-1,-6.287971735E-1,2.135706395E-1
4.044177950E1,1.043637395E-1,-7.613544464E-1,2.277171612E-2
4.045181950E1,-1.754326001E-2,-6.878815889E-1,-5.333183706E-2
4.046186050E1,-1.755876243E-1,-4.177983403E-1,7.146615535E-2
4.047190050E1,-3.538143635E-1,-1.397526115E-1,3.627224863E-1
4.048194050E1,-5.347709656E-1,-5.014174059E-2,6.141581535E-1
4.049198050E1,-6.244553328E-1,-1.318949312E-1,8.241665363E-1
4.050202050E1,-5.781183243E-1,-2.028146237E-1,9.787095189E-1
4.051206150E1,-5.100119710E-1,-1.772112548E-1,1.045597434E0
4.052210150E1,-5.407173038E-1,-1.785027534E-1,1.043792486E0
4.053214150E1,-6.489273906E-1,-2.750069201E-1,1.085325003E0
4.054218150E1,-7.309147120E-1,-3.578092754E-1,1.169230461E0
4.055222150E1,-7.411151528E-1,-4.487991035E-1,1.186183691E0
4.056226250E1,-7.243212461E-1,-6.338816881E-1,1.104601979E0
4.057230250E1,-7.381129861E-1,-8.356608748E-1,9.313391447E-1
4.058234250E1,-7.566403151E-1,-9.702654481E-1,7.122005224E-1
4.059238250E1,-7.675310373E-1,-9.811913371E-1,4.627137780E-1
4.060242250E1,-7.618176937E-1,-9.140816331E-1,2.222900689E-1
4.061246350E1,-7.682556510E-1,-8.083152771E-1,1.025584992E-2
4.062250350E1,-7.929035425E-1,-7.170625925E-1,-1.409355104E-1
4.063254350E1,-8.036829233E-1,-5.857578516E-1,-2.271199226E-1
4.064258350E1,-8.017311096E-1,-3.697490394E-1,-2.631344795E-1
4.065262350E1,-8.348227143E-1,-1.165130511E-1,-2.480966598E-1
4.066266450E1,-8.869610429E-1,1.098736748E-1,-1.830526143E-1
4.067270450E1,-9.214755893E-1,3.429274261E-1,-9.210059047E-2
4.068274450E1,-9.425065517E-1,5.397607684E-1,5.540872458E-3
4.069278450E1,-9.593544602E-1,6.646619439E-1,8.580721170E-2
4.070282450E1,-9.841099977E-1,6.951343417E-1,1.143014655E-1
4.071286450E1,-1.051115990E0,6.621055603E-1,1.081314534E-1
4.072290550E1,-1.201364517E0,6.210516095E-1,7.171561569E-2
4.073294550E1,-1.380395889E0,6.249275804E-1,-9.253265336E-3
4.074298550E1,-1.543802500E0,5.804173350E-1,-9.149030596E-2
4.075302550E1,-1.655189991E0,5.101362467E-1,-1.683741808E-1
4.076306550E1,-1.708422184E0,4.518123269E-1,-2.188640982E-1
4.077310650E1,-1.710621953E0,4.148319364E-1,-2.350811511E-1
4.078314650E1,-1.670704842E0,3.899261951E-1,-2.263855487E-1
4.079318650E1,-1.600159883E0,3.649652004E-1,-1.969315112E-1
4.080322650E1,-1.502657056E0,3.332801759E-1,-1.648720354E-1
4.081326650E1,-1.366870761E0,2.959613204E-1,-1.083001047E-1
4.082330750E1,-1.215616345E0,2.073231786E-1,-8.792814612E-2
4.083334750E1,-1.069806457E0,9.345947206E-2,-9.939730912E-2
4.084338750E1,-9.308072925E-1,-3.392454609E-2,-1.393048167E-1
4.085342750E1,-8.118300438E-1,-1.374765038E-1,-1.990893185E-1
4.086346750E1,-6.962387562E-1,-1.944772005E-1,-2.225959748E-1
4.087350850E1,-5.844792724E-1,-1.745985448E-1,-1.888535023E-1
4.088354850E1,-4.684116840E-1,-5.241270363E-2,-1.104258001E-1
4.089358850E1,-3.723480105E-1,8.625037223E-2,-8.082384244E-3
4.090362850E1,-2.987401783E-1,2.563073337E-1,1.073384434E-1
4.091366850E1,-2.488418669E-1,4.555765092E-1,2.004308254E-1
4.092370950E1,-1.647485346E-1,6.338891983E-1,2.587535679E-1
4.093374950E1,2.380806580E-2,6.838544011E-1,2.580142915E-1
4.094378950E1,1.697770506E-1,6.072198749E-1,2.040359229E-1
4.095382950E1,2.380578369E-1,4.633013308E-1,9.023053199E-2
4.096386950E1,2.673384547E-1,3.100570738E-1,-4.905854538E-2
4.097391050E1,2.895199358E-1,2.156639844E-1,-2.265909910E-1
4.098395050E1,2.609481215E-1,1.459809840E-1,-3.827770948E-1
4.099399050E1,9.785268456E-2,3.472637385E-2,-5.017048120E-1
4.100403050E1,-1.406840086E-1,-7.549535483E-2,-5.860262513E-1
4.101407050E1,-3.315793872E-1,-1.418453455E-1,-6.637892127E-1
4.102411150E1,-4.158782065E-1,-1.553924233E-1,-6.115894914E-1
4.103415150E1,-2.664551735E-1,-1.482048184E-1,-4.146516621E-1
4.104419150E1,3.098473884E-2,-7.713685185E-2,-1.681201011E-1
4.105423150E1,2.872546017E-1,2.235548049E-1,-2.427905053E-2
4.106427150E1,2.849980891E-1,5.634335876E-1,-5.791508034E-2
4.107431250E1,2.204137743E-1,4.813184738E-1,-1.874653548E-1
4.108435250E1,2.978262305E-1,1.834762841E-1,-3.453685641E-1
4.109439250E1,3.475272059E-1,-8.638741821E-2,-5.452675819E-1
4.110443250E1,3.351621628E-1,-3.937487900E-1,-7.389737964E-1
4.111447250E1,2.777574658E-1,-7.275108099E-1,-8.845754862E-1
4.112451350E1,2.197230011E-1,-9.776893854E-1,-9.635585546E-1
4.113455350E1,1.675793678E-1,-1.073578596E0,-9.677450657E-1
4.114459350E1,1.238211915E-1,-1.029837370E0,-9.362666607E-1
4.115463350E1,1.433392316E-1,-8.506374955E-1,-8.342385888E-1
4.116467350E1,2.926565111E-1,-5.452082753E-1,-6.420503259E-1
4.117471450E1,4.998906553E-1,-3.306541741E-1,-4.197392166E-1
4.118475512E1,6.285004020E-1,-2.354824990E-1,-2.120282203E-1
4.119479512E1,6.707946062E-1,-1.312085539E-1,-4.225483630E-3
4.120483512E1,6.805229187E-1,5.770561285E-3,1.810147166E-1
4.121487512E1,7.210266590E-1,2.077529430E-1,2.715560794E-1
4.122491512E1,7.670835853E-1,4.315777719E-1,2.767801285E-1
4.123495612E1,7.570663691E-1,6.564103961E-1,1.992776096E-1
4.124499612E1,6.747141480E-1,8.435553312E-1,9.151484817E-2
4.125503612E1,5.811149478E-1,8.417331576E-1,1.553965919E-2
4.126507612E1,5.050675273E-1,6.379624605E-1,4.156855494E-2
4.127511612E1,4.509129822E-1,3.926193118E-1,1.361251622E-1
4.128515712E1,4.430090487E-1,1.625688374E-1,2.292441428E-1
4.129519713E1,4.955537617E-1,-3.731604293E-2,3.177612424E-1
4.130523712E1,5.893669128E-1,-1.878629029E-1,3.952525258E-1
4.131527712E1,7.006388307E-1,-2.766249776E-1,4.562431574E-1
4.132531712E1,8.100544214E-1,-3.233989775E-1,4.769293368E-1
4.133535812E1,9.066104889E-1,-3.156512976E-1,4.629485309E-1
4.134539812E1,9.887365103E-1,-2.678215802E-1,4.163438678E-1
4.135543812E1,1.045156360E0,-1.961154342E-1,3.386610746E-1
4.136547812E1,1.074293613E0,-1.501533389E-1,2.141927332E-1
4.137551812E1,1.071877122E0,-1.080583334E-1,2.954086475E-2
4.138555912E1,1.039541841E0,-3.152729943E-2,-1.601588577E-1
4.139559912E1,9.887782335E-1,1.392170191E-1,-3.539309800E-1
4.140563912E1,9.250848293E-1,2.611906826E-1,-4.878273606E-1
4.141567912E1,8.495309949E-1,3.129886389E-1,-5.748693347E-1
4.142571912E1,7.754179239E-1,3.366860151E-1,-6.062371135E-1
4.143576012E1,7.010065317E-1,3.318132162E-1,-5.968223214E-1
4.144580012E1,6.228102446E-1,3.217189014E-1,-5.664123297E-1
4.145584012E1,5.325348973E-1,3.062595129E-1,-4.806617498E-1
4.146588013E1,4.478821456E-1,2.798088491E-1,-3.427998424E-1
4.147592012E1,3.806040287E-1,2.002695352E-1,-2.254380733E-1
4.148596112E1,3.308591247E-1,7.281681895E-2,-1.411852688E-1
4.149600112E1,2.927798927E-1,-5.686954409E-2,-6.955609471E-2
4.150604112E1,2.602085769E-1,-1.338405609E-1,-2.621920221E-2
4.151608112E1,2.604232430E-1,-1.763406247E-1,-1.663022302E-2
4.152612112E1,2.699803710E-1,-1.727613956E-1,-3.726110980E-2
4.153616212E1,2.508884370E-1,-6.237896904E-2,-8.043122292E-2
4.154620212E1,1.824120581E-1,1.309699714E-1,-1.271337569E-1
4.155624212E1,9.951823205E-2,3.433163166E-1,-1.541240960E-1
4.156628212E1,4.679218680E-2,4.596875608E-1,-1.356493682E-1
4.157632212E1,-7.591960952E-3,4.100758135E-1,-1.071253195E-1
4.158636213E1,-5.316554382E-2,2.380302995E-1,-7.014549524E-2
4.159640312E1,-7.078475505E-2,1.700658165E-2,1.601309329E-2
4.160644312E1,-9.673558921E-2,-1.074836403E-1,1.397629678E-1
4.161648312E1,-1.446511745E-1,-1.392399669E-1,2.669414282E-1
4.162652312E1,-2.144131958E-1,-2.727132440E-1,3.425407410E-1
4.163656312E1,-1.892340630E-1,-5.908398032E-1,3.288949728E-1
4.164660412E1,-2.106876969E-1,-6.900315285E-1,4.294686317E-1
4.165664413E1,-4.881102443E-1,-6.064823270E-1,7.207079530E-1
4.166668412E1,-6.585662365E-1,-4.292995334E-1,9.900512099E-1
4.167672412E1,-7.050687075E-1,-2.700728774E-1,1.154166341E0
4.168676412E1,-7.263123393E-1,-2.107219547E-1,1.225168705E0
4.169680512E1,-6.714856029E-1,-1.122156382E-1,1.243352294E0
4.170684512E1,-6.094210148E-1,-1.462136805E-1,1.178484201E0
4.171688512E1,-5.969278812E-1,-2.976415455E-1,1.076392412E0
4.172692512E1,-5.907487869E-1,-4.075714648E-1,1.004360199E0
4.173696512E1,-5.650320053E-1,-4.814616740E-1,9.324541092E-1
4.174700612E1,-5.344550014E-1,-6.231846213E-1,8.230507374E-1
4.175704612E1,-5.273496509E-1,-8.463891745E-1,6.439816952E-1
4.176708612E1,-5.347459316E-1,-9.942575693E-1,4.548603892E-1
4.177712613E1,-5.321972966E-1,-1.013404131E0,3.271895349E-1
4.178716612E1,-4.797123671E-1,-9.606712461E-1,2.580730319E-1
4.179720712E1,-4.048959315E-1,-9.152824283E-1,1.774692833E-1
4.180724712E1,-3.495854437E-1,-8.752421737E-1,7.950103283E-2
4.181728712E1,-3.357617557E-1,-8.497221470E-1,-1.340818242E-3
4.182732712E1,-3.640156090E-1,-7.181605697E-1,-5.385421589E-2
4.183736712E1,-4.408379495E-1,-5.127536058E-1,-6.726696342E-2
4.184740813E1,-5.567452908E-1,-2.384219021E-1,-5.646331236E-2
4.185744812E1,-6.686540246E-1,4.373973235E-2,-2.467795461E-2
4.186748812E1,-7.509270310E-1,3.076610267E-1,7.443080656E-3
4.187752812E1,-8.071839213E-1,5.143324137E-1,5.110640451E-2
4.188756812E1,-8.509154916E-1,6.009248495E-1,1.031863764E-1
4.189760912E1,-9.005240202E-1,5.562889576E-1,1.517158300E-1
4.190764912E1,-9.705960155E-1,4.462414086E-1,1.728574485E-1
4.191768912E1,-1.071242452E0,3.821276724E-1,1.723407954E-1
4.192772912E1,-1.177679181E0,4.128438830E-1,1.650385708E-1
4.193776912E1,-1.281844020E0,4.597421587E-1,1.357198358E-1
4.194780912E1,-1.355007410E0,5.371207595E-1,1.010322645E-1
4.195785012E1,-1.400164723E0,6.606485248E-1,4.371597618E-2
4.196789013E1,-1.394946814E0,7.491382957E-1,2.244016156E-3
4.197793012E1,-1.338047862E0,7.818222046E-1,-9.077081457E-3
4.198797012E1,-1.235706210E0,7.861849666E-1,1.708269119E-3
4.199801012E1,-1.110256672E0,7.457485795E-1,2.390145510E-2
4.200805112E1,-9.686319828E-1,6.426430345E-1,2.936618030E-2
4.201809112E1,-8.211905956E-1,4.484029710E-1,1.596648619E-2
4.202813112E1,-6.793018579E-1,2.016302198E-1,1.932154223E-2
4.203817112E1,-5.413104296E-1,-2.029338107E-2,2.576118335E-3
4.204821112E1,-4.121210873E-1,-1.972963214E-1,-4.148977809E-3
4.205825212E1,-2.856867015E-1,-3.312613070E-1,-2.425797284E-2
4.206829212E1,-1.601476967E-1,-4.072299302E-1,-4.174847528E-2
4.207833212E1,-4.676121846E-2,-3.923255503E-1,-5.268580839E-2
4.208837212E1,5.038716644E-2,-3.089792430E-1,-4.758692160E-2
4.209841212E1,1.398712397E-1,-1.544914097E-1,-1.001238450E-2
4.210845312E1,2.438775450E-1,4.788174480E-2,5.874796212E-2
4.211849312E1,2.823479772E-1,2.610142529E-1,1.295505017E-1
4.212853312E1,2.500467598E-1,5.245954394E-1,1.801139116E-1
4.213857312E1,1.653790325E-1,8.590293527E-1,1.880144477E-1
4.214861312E1,8.954983950E-2,1.150589824E0,1.729656905E-1
4.215865412E1,2.740071528E-2,1.356558442E0,1.420085728E-1
4.216869412E1,-9.335877746E-2,1.451807857E0,9.276673198E-2
4.217873412E1,-3.328533769E-1,1.421823621E0,2.520819008E-2
4.218877400E1,-6.028361917E-1,1.211387038E0,-7.159806043E-2
4.219881400E1,-7.718744278E-1,8.212405443E-1,-1.690055728E-1
4.220885500E1,-8.324248791E-1,2.640294135E-1,-2.510835826E-1
4.221889500E1,-8.024454117E-1,-3.765204847E-1,-2.708602250E-1
4.222893500E1,-6.692389846E-1,-9.209319353E-1,-1.960425228E-1
4.223897500E1,-2.813079953E-1,-1.283696055E0,2.234946750E-2
4.224901500E1,6.049234793E-2,-1.190419316E0,1.669062823E-1
4.225905600E1,-1.885877699E-1,-6.755133867E-1,4.517238960E-2
4.226909600E1,-8.263977170E-1,-3.583418727E-1,-1.019272208E-1
4.227913600E1,-9.880603552E-1,-2.118195593E-1,-2.260286659E-1
4.228917600E1,-6.243584156E-1,-2.936187088E-1,-2.057392299E-1
4.229921600E1,-3.246617317E-1,-4.756681323E-1,-1.259301603E-1
4.230925700E1,-1.932086796E-1,-5.151413083E-1,-1.563129872E-1
4.231929700E1,-1.318858005E-2,-4.317031801E-1,-2.421799451E-1
4.232933700E1,2.342611998E-1,-3.261688352E-1,-3.794959188E-1
4.233937700E1,4.171399474E-1,-1.487360001E-1,-5.583594441E-1
4.234941700E1,6.297212243E-1,2.017658763E-2,-7.032158971E-1
4.235945800E1,9.812084436E-1,6.112535298E-2,-7.705848217E-1
4.236949800E1,1.402324438E0,-9.730994701E-2,-7.597637773E-1
4.237953800E1,1.704806805E0,-3.323924839E-1,-7.068566680E-1
4.238957800E1,1.857912540E0,-4.376876056E-1,-6.027761698E-1
4.239961800E1,1.891361833E0,-3.404689133E-1,-4.469069541E-1
4.240965900E1,1.820078492E0,-1.869762242E-1,-2.510272861E-1
4.241969900E1,1.747346520E0,-4.643348977E-2,-3.765161708E-2
4.242973900E1,1.701473117E0,8.133234829E-2,1.560955942E-1
4.243977900E1,1.678226352E0,1.999636590E-1,2.641797364E-1
4.244981900E1,1.641983151E0,3.407639563E-1,2.957224250E-1
4.245986000E1,1.609476089E0,4.520590603E-1,2.938252091E-1
4.246990000E1,1.574028611E0,4.688377678E-1,2.742706835E-1
4.247994000E1,1.561916232E0,4.255923331E-1,2.431356013E-1
4.248998000E1,1.587330341E0,3.706048727E-1,1.916927844E-1
4.250002000E1,1.636109591E0,3.327459097E-1,1.456864029E-1
4.251006100E1,1.682379723E0,2.844472528E-1,9.036868811E-2
4.252010100E1,1.717757940E0,2.138372511E-1,5.720966682E-2
4.253014100E1,1.716765881E0,1.581206322E-1,4.743732885E-2
4.254018100E1,1.686785698E0,1.021636128E-1,2.664310299E-2
4.255022100E1,1.663218260E0,1.633670740E-2,1.798354904E-3
4.256026200E1,1.636312842E0,-4.925535247E-2,-1.830318570E-2
4.257030200E1,1.598162413E0,-8.252152801E-2,-6.176033989E-2
4.258034200E1,1.540734887E0,-7.415440679E-2,-1.335013658E-1
4.259038200E1,1.457781076E0,-6.084088609E-2,-2.196358442E-1
4.260042200E1,1.348417282E0,3.541667387E-2,-3.288533986E-1
4.261046300E1,1.213090420E0,1.643247008E-1,-4.272586405E-1
4.262050300E1,1.066249847E0,2.702423632E-1,-4.906584024E-1
4.263054300E1,9.130274057E-1,3.655291200E-1,-5.221880674E-1
4.264058300E1,7.693299055E-1,4.263040721E-1,-5.078820586E-1
4.265062300E1,6.430513859E-1,5.083747506E-1,-4.976220727E-1
4.266066400E1,5.283111930E-1,5.755900145E-1,-4.820103347E-1
4.267070400E1,4.207953811E-1,6.276468039E-1,-4.589614570E-1
4.268074400E1,2.956723571E-1,6.398164034E-1,-4.466198385E-1
4.269078400E1,1.564788073E-1,6.158018112E-1,-4.309366941E-1
4.270082400E1,4.517758265E-2,5.848037004E-1,-4.121339619E-1
4.271086500E1,-1.989573799E-2,5.512225628E-1,-3.873988092E-1
4.272090500E1,-5.588489771E-2,4.806080461E-1,-3.627099693E-1
4.273094500E1,-8.603183925E-2,4.146045446E-1,-3.420406282E-1
4.274098500E1,-1.323186457E-1,3.863675892E-1,-3.027030826E-1
4.275102500E1,-1.798850745E-1,3.995294273E-1,-2.227770537E-1
4.276106600E1,-1.919095069E-1,4.284425676E-1,-1.195108667E-1
4.277110600E1,-1.200635210E-1,3.883656263E-1,-2.549640648E-2
4.278114600E1,-4.117509350E-2,2.237388790E-1,4.023680091E-2
4.279118600E1,-9.585577063E-3,-4.841423407E-2,8.926999569E-2
4.280122600E1,-5.092774518E-5,-3.602166176E-1,1.033525243E-1
4.281126700E1,-4.003178328E-2,-6.148086190E-1,8.587338030E-2
4.282130700E1,-1.132604554E-1,-7.703614831E-1,9.010381252E-2
4.283134700E1,-1.645619273E-1,-8.481736183E-1,1.460658610E-1
4.284138700E1,-1.477776170E-1,-8.863101006E-1,2.085654587E-1
4.285142700E1,-6.752994657E-2,-9.462558627E-1,2.078731358E-1
4.286146800E1,1.069814041E-1,-9.271652699E-1,1.585780233E-1
4.287150800E1,3.209479153E-1,-5.728199482E-1,1.670683920E-1
4.288154800E1,5.156526566E-1,-1.070937887E-1,3.258279562E-1
4.289158800E1,5.218243599E-1,2.087538093E-1,4.525013268E-1
4.290162800E1,3.812027872E-1,2.071463317E-1,4.487039149E-1
4.291166900E1,2.778234780E-1,4.898778722E-2,4.891728759E-1
4.292170900E1,1.796380728E-1,-6.288974732E-2,5.469434857E-1
4.293174900E1,-3.540856391E-2,-9.749601781E-2,6.251270175E-1
4.294178900E1,-2.735521495E-1,-1.113620326E-1,7.913892269E-1
4.295182900E1,-4.333447516E-1,-1.676452756E-1,9.388543367E-1
4.296187000E1,-4.883057475E-1,-3.072295487E-1,9.928627014E-1
4.297191000E1,-5.659081340E-1,-5.417351127E-1,9.627978802E-1
4.298195000E1,-6.957305670E-1,-8.332300782E-1,8.476608992E-1
4.299199000E1,-7.756158113E-1,-1.087301970E0,6.599125266E-1
4.300203000E1,-8.087325096E-1,-1.233050704E0,4.212507010E-1
4.301207100E1,-8.331779242E-1,-1.229596496E0,1.812569946E-1
4.302211100E1,-8.582488894E-1,-1.070057511E0,-1.491251215E-2
4.303215100E1,-8.665001988E-1,-7.726813555E-1,-1.763063222E-1
4.304219100E1,-8.835300207E-1,-4.335877001E-1,-3.248111010E-1
4.305223100E1,-9.447422624E-1,-7.767388225E-2,-4.387237132E-1
4.306227200E1,-1.037006974E0,2.564950287E-1,-5.026736856E-1
4.307231200E1,-1.140834451E0,5.756019354E-1,-4.998176992E-1
4.308235200E1,-1.243324041E0,8.108053803E-1,-4.352101982E-1
4.309239200E1,-1.339995265E0,9.176976681E-1,-3.208987713E-1
4.310243200E1,-1.439661384E0,8.635393977E-1,-1.922140121E-1
4.311247300E1,-1.521726370E0,6.679942012E-1,-7.827978581E-2
4.312251300E1,-1.597819567E0,4.005643427E-1,1.316836756E-2
4.313255300E1,-1.671248555E0,1.947975904E-1,7.044097036E-2
4.314259300E1,-1.751403332E0,6.579140574E-2,5.934624001E-2
4.315263300E1,-1.802117109E0,-8.499601856E-3,2.054131776E-2
4.316267400E1,-1.819647074E0,-5.129820108E-2,-2.179708332E-2
4.317271400E1,-1.801927567E0,-3.315564990E-2,-6.423247606E-2
4.318275400E1,-1.752200484E0,4.660495743E-2,-9.445615858E-2
4.319279400E1,-1.689779043E0,1.675411314E-1,-1.393803358E-1
4.320283400E1,-1.618349314E0,3.093648553E-1,-1.522577852E-1
4.321287500E1,-1.521374464E0,3.856315613E-1,-1.454568207E-1
4.322291500E1,-1.402073026E0,4.079928100E-1,-1.529163420E-1
4.323295500E1,-1.273329020E0,3.530120552E-1,-1.530597806E-1
4.324299500E1,-1.134344578E0,2.432184368E-1,-1.350794435E-1
4.325303600E1,-1.000783086E0,1.634882689E-1,-1.155633479E-1
4.326307600E1,-8.906429410E-1,1.054193676E-1,-1.044156253E-1
4.327311600E1,-7.796392441E-1,4.491332918E-2,-9.241189063E-2
4.328315600E1,-6.760042310E-1,-1.829093881E-2,-9.105820954E-2
4.329319600E1,-5.813541412E-1,-9.733172506E-2,-7.874158025E-2
4.330323700E1,-4.851631522E-1,-1.718954444E-1,-5.567035079E-2
4.331327700E1,-4.157895148E-1,-2.248345017E-1,-2.111087553E-2
4.332331700E1,-3.815069199E-1,-2.626476586E-1,3.079812974E-2
4.333335700E1,-3.864378631E-1,-2.818817496E-1,1.049107015E-1
4.334339700E1,-3.534437120E-1,-2.512484789E-1,1.878950596E-1
4.335343800E1,-3.175592124E-1,-1.820594370E-1,3.009613156E-1
4.336347800E1,-3.392176330E-1,2.192112431E-2,4.045321941E-1
4.337351800E1,-3.454732299E-1,2.893017530E-1,4.687816203E-1
4.338355800E1,-3.028740883E-1,5.269915462E-1,4.804292321E-1
4.339359800E1,-2.587061524E-1,6.844236255E-1,4.782279134E-1
4.340363900E1,-3.956466913E-1,7.393528819E-1,4.051728845E-1
4.341367900E1,-7.023290396E-1,6.991515160E-1,2.852880657E-1
4.342371900E1,-9.596223235E-1,6.008582711E-1,9.497005492E-2
4.343375900E1,-1.070651770E0,3.279398978E-1,-9.412582964E-2
4.344379900E1,-1.048133135E0,-7.562039047E-2,-2.116391063E-1
4.345384000E1,-8.732294440E-1,-5.344965458E-1,-2.630262077E-1
4.346388000E1,-5.832892656E-1,-1.033814430E0,-2.056811750E-1
4.347392000E1,-3.571577966E-1,-1.168752432E0,-1.103687212E-1
4.348396000E1,-4.310634434E-1,-8.001503348E-1,-9.484648705E-2
4.349400000E1,-5.776582360E-1,-2.267073095E-1,-1.678222120E-1
4.350404100E1,-5.713273883E-1,1.252078563E-1,-2.337628752E-1
4.351408100E1,-4.877250791E-1,2.497640699E-1,-2.919615805E-1
4.352412100E1,-3.969858587E-1,2.550696135E-1,-3.329069018E-1
4.353416100E1,-2.997441590E-1,1.050627455E-1,-3.691234887E-1
4.354420100E1,-1.774778962E-1,-1.371962279E-1,-4.439271390E-1
4.355424200E1,-1.051849648E-1,-3.323737979E-1,-5.260698199E-1
4.356428200E1,-1.307574362E-1,-4.499813914E-1,-5.553672314E-1
4.357432200E1,-1.048224866E-1,-5.383104086E-1,-5.339496136E-1
4.358436200E1,1.710262522E-2,-6.038364172E-1,-4.520539641E-1
4.359440200E1,1.795245260E-1,-6.029783487E-1,-3.301196098E-1
4.360444300E1,3.157718182E-1,-6.110450625E-1,-1.771644205E-1
4.361448300E1,3.963407874E-1,-6.355243325E-1,-1.267923880E-2
4.362452300E1,4.504170716E-1,-6.459045410E-1,1.601322144E-1
4.363456300E1,5.204028487E-1,-6.041499376E-1,3.230580986E-1
4.364460300E1,5.949593782E-1,-4.957710207E-1,4.664259255E-1
4.365464400E1,6.137269735E-1,-3.194326758E-1,5.672211647E-1
4.366468400E1,5.827812552E-1,-1.044292822E-1,6.146277785E-1
4.367472400E1,5.252392888E-1,8.763282001E-2,5.937973261E-1
4.368476400E1,4.465069473E-1,1.963270903E-1,5.619030595E-1
4.369480400E1,3.612530231E-1,1.971844286E-1,5.310137868E-1
4.370484500E1,3.184536397E-1,1.244066283E-1,5.201528668E-1
4.371488500E1,3.179649115E-1,4.597462714E-2,5.042001009E-1
4.372492500E1,3.614822924E-1,6.020555273E-3,4.684058130E-1
4.373496500E1,4.388850927E-1,3.589602560E-2,4.365170300E-1
4.374500600E1,5.479815006E-1,1.387270689E-1,4.301587343E-1
4.375504600E1,6.575454473E-1,2.831257284E-1,4.428426325E-1
4.376508600E1,7.494439483E-1,4.025613368E-1,4.411011934E-1
4.377512600E1,8.210502267E-1,4.781613350E-1,4.006730020E-1
4.378516600E1,8.639998436E-1,5.229163170E-1,3.405897021E-1
4.379520700E1,8.659678698E-1,5.852447152E-1,2.360291332E-1
4.380524700E1,8.355737329E-1,6.385744810E-1,1.192231551E-1
4.381528700E1,7.724273801E-1,6.153199673E-1,1.705671474E-2
4.382532700E1,6.782425642E-1,5.596010685E-1,-5.591123551E-2
4.383536700E1,5.583107471E-1,4.381990433E-1,-1.202117503E-1
4.384540800E1,4.075053036E-1,3.055501878E-1,-1.888693720E-1
4.385544800E1,2.595196068E-1,1.863189787E-1,-2.312747240E-1
4.386548800E1,1.257088035E-1,1.029215530E-1,-2.487112284E-1
4.387552800E1,1.449835207E-2,5.140862986E-2,-2.455698699E-1
4.388556800E1,-7.032625377E-2,1.486393716E-2,-2.277716994E-1
4.389560900E1,-1.369009018E-1,-3.157423064E-2,-2.098818570E-1
4.390564900E1,-1.889521182E-1,-8.483026177E-2,-1.964699030E-1
4.391568900E1,-2.337116450E-1,-1.264683604E-1,-1.929165274E-1
4.392572900E1,-2.622610033E-1,-1.455014497E-1,-1.840697676E-1
4.393576900E1,-2.891706228E-1,-1.011353061E-1,-1.922733486E-1
4.394581000E1,-3.070990145E-1,2.058845758E-2,-2.440901995E-1
4.395585000E1,-3.165677488E-1,2.079942822E-1,-3.096250594E-1
4.396589000E1,-3.729066551E-1,4.206391871E-1,-3.516899645E-1
4.397593000E1,-4.428706169E-1,6.421260834E-1,-3.648638725E-1
4.398597100E1,-4.338145256E-1,7.419855595E-1,-3.285766840E-1
4.399601100E1,-2.933755815E-1,6.470249295E-1,-2.711378932E-1
4.400605100E1,-1.364887506E-1,3.608166277E-1,-1.736637950E-1
4.401609100E1,-1.362222433E-2,-7.001359016E-2,-5.056130141E-2
4.402613100E1,3.523905575E-2,-4.509635866E-1,3.874354437E-2
4.403617200E1,-6.149942800E-2,-7.170434594E-1,5.370599777E-2
4.404621200E1,-2.673924267E-1,-8.681917191E-1,1.297919750E-1
4.405625200E1,-3.743444085E-1,-7.756295800E-1,3.285259008E-1
4.406629200E1,-2.830491066E-1,-5.624741912E-1,5.319538116E-1
4.407633200E1,-1.479874700E-1,-3.977637291E-1,5.914450288E-1
4.408637300E1,-1.584225297E-1,-4.157699049E-1,5.530244112E-1
4.409641300E1,-1.444923729E-1,-5.135777593E-1,4.681357443E-1
4.410645300E1,-3.419382125E-2,-5.712512136E-1,3.819830120E-1
4.411649300E1,8.504071832E-2,-5.655360222E-1,3.133375943E-1
4.412653300E1,8.671664447E-2,-5.005234480E-1,2.858010232E-1
4.413657400E1,2.373586781E-2,-3.956526518E-1,3.459183872E-1
4.414661400E1,-1.990533900E-3,-2.893413901E-1,4.251471758E-1
4.415665400E1,-5.616774783E-2,-2.363579720E-1,4.500742555E-1
4.416669400E1,-1.882304400E-1,-2.403231412E-1,3.781771660E-1
4.417673400E1,-3.980055153E-1,-2.995132208E-1,2.400853634E-1
4.418677500E1,-5.899456143E-1,-3.664107621E-1,7.702586800E-2
4.419681562E1,-7.392238975E-1,-3.696704805E-1,-8.180881292E-2
4.420685562E1,-8.540684581E-1,-3.654802740E-1,-2.029331177E-1
4.421689562E1,-9.481076002E-1,-3.748994470E-1,-2.742971778E-1
4.422693662E1,-1.050462723E0,-3.265351355E-1,-3.199768066E-1
4.423697662E1,-1.131661892E0,-2.022166401E-1,-3.296810985E-1
4.424701662E1,-1.196491241E0,8.756586351E-3,-3.024220467E-1
4.425705662E1,-1.235556364E0,1.968433261E-1,-2.661560774E-1
4.426709663E1,-1.251257896E0,2.869886458E-1,-2.238765508E-1
4.427713762E1,-1.263859987E0,2.357114255E-1,-1.927844286E-1
4.428717762E1,-1.291338921E0,1.720557511E-1,-1.604786962E-1
4.429721762E1,-1.339962959E0,8.318301290E-2,-1.473550498E-1
4.430725762E1,-1.411470652E0,2.351728268E-2,-1.524571329E-1
4.431729762E1,-1.493003607E0,3.944331780E-3,-1.735376269E-1
4.432733862E1,-1.543715239E0,4.981914535E-2,-1.832062304E-1
4.433737863E1,-1.568613768E0,1.722544432E-1,-1.805794835E-1
4.434741862E1,-1.572662473E0,2.795111239E-1,-1.512306482E-1
4.435745862E1,-1.551792026E0,3.759597838E-1,-1.272410154E-1
4.436749962E1,-1.512093544E0,4.584149718E-1,-1.033649817E-1
4.437753962E1,-1.463244081E0,5.075082779E-1,-7.352907956E-2
4.438757962E1,-1.409230828E0,5.564169884E-1,-1.739337109E-2
4.439761962E1,-1.349961519E0,5.976305008E-1,6.587162614E-2
4.440765962E1,-1.285684228E0,5.798760056E-1,1.491108537E-1
4.441770062E1,-1.213812232E0,5.142695904E-1,2.310006171E-1
4.442774062E1,-1.131068826E0,4.263820648E-1,2.893230319E-1
4.443778062E1,-1.023471713E0,3.231121302E-1,3.317238092E-1
4.444782062E1,-9.186654091E-1,1.985361427E-1,3.506591618E-1
4.445786062E1,-8.219136000E-1,5.834702402E-2,3.611821234E-1
4.446790162E1,-7.429026961E-1,-4.660096392E-2,3.778047860E-1
4.447794162E1,-6.854968071E-1,-1.149847209E-1,3.877958655E-1
4.448798162E1,-6.275706291E-1,-1.500201970E-1,3.815078735E-1
4.449802162E1,-5.181618929E-1,-1.619069427E-1,3.923107088E-1
4.450806262E1,-4.488978386E-1,-1.262813061E-1,4.126759171E-1
4.451810262E1,-4.107079804E-1,3.562283516E-2,4.299560785E-1
4.452814263E1,-3.772480190E-1,2.604503632E-1,4.230278432E-1
4.453818262E1,-3.233181834E-1,4.763639569E-1,3.785638213E-1
4.454822262E1,-2.434483767E-1,6.221722960E-1,2.901101112E-1
4.455826362E1,-2.284393758E-1,6.777286530E-1,1.235174686E-1
4.456830362E1,-3.393930793E-1,6.931707263E-1,-1.033082232E-1
4.457834362E1,-4.848241508E-1,6.336703300E-1,-4.050245285E-1
4.458838362E1,-5.823097229E-1,4.670754969E-1,-6.670284271E-1
4.459842362E1,-5.412385464E-1,1.308763027E-1,-7.707702518E-1
4.460846462E1,-4.413470924E-1,-4.121768475E-1,-7.244967222E-1
4.461850462E1,-3.302107155E-1,-7.798067331E-1,-6.511328220E-1
4.462854462E1,-2.219452262E-1,-8.326654434E-1,-6.175098419E-1
4.463858462E1,-1.342107654E-1,-7.766223550E-1,-6.048393250E-1
4.464862562E1,-5.480914190E-2,-6.886525154E-1,-6.469865441E-1
4.465866562E1,-2.855225839E-2,-5.509278774E-1,-7.021268010E-1
4.466870562E1,-6.124442071E-2,-3.842031062E-1,-7.460415363E-1
4.467874562E1,-1.149552763E-1,-2.704475224E-1,-7.091029286E-1
4.468878562E1,-1.191785187E-1,-1.875196099E-1,-6.101710200E-1
4.469882662E1,-8.495677263E-2,-1.202937961E-1,-5.242055655E-1
4.470886662E1,-1.132227629E-1,-1.875065640E-2,-4.850863814E-1
4.471890662E1,-1.886490583E-1,9.425442666E-2,-4.456195831E-1
4.472894662E1,-2.561359704E-1,1.495989114E-1,-3.782253861E-1
4.473898762E1,-3.091326356E-1,1.687895507E-1,-2.914022803E-1
4.474902762E1,-3.641743064E-1,8.658470213E-2,-1.569959968E-1
4.475906762E1,-4.230574071E-1,-8.269498497E-2,2.445579274E-3
4.476910762E1,-4.483462572E-1,-2.518807948E-1,1.610152423E-1
4.477914762E1,-4.126466513E-1,-3.230207860E-1,3.111549020E-1
4.478918862E1,-3.342767656E-1,-2.869986296E-1,4.400215447E-1
4.479922862E1,-2.394561172E-1,-1.352458000E-1,5.432313681E-1
4.480926862E1,-1.653954685E-1,2.358401660E-3,6.161676049E-1
4.481930862E1,-1.159449071E-1,9.144759178E-2,6.725056171E-1
4.482934962E1,-1.082038954E-1,1.384941936E-1,7.005095482E-1
4.483938962E1,-1.224784330E-1,1.270144582E-1,7.049585581E-1
4.484942962E1,-1.310426295E-1,1.141785458E-1,6.867534518E-1
4.485946962E1,-1.198517680E-1,9.508679807E-2,6.440529227E-1
4.486950962E1,-1.006666198E-1,7.447633147E-2,5.951964259E-1
4.487955062E1,-8.005797863E-2,6.877971441E-2,5.773218274E-1
4.488959062E1,-6.375410408E-2,3.988547623E-2,5.903177857E-1
4.489963062E1,-5.290349573E-2,1.458066888E-2,5.731720924E-1
4.490967062E1,-3.962710500E-2,4.021066427E-2,5.241461992E-1
4.491971162E1,-9.685427882E-3,9.839731455E-2,4.694688320E-1
4.492975162E1,1.583671011E-2,2.118519694E-1,4.015702009E-1
4.493979162E1,1.795188710E-2,3.470061421E-1,3.255763650E-1
4.494983162E1,2.246115170E-2,4.886935055E-1,2.505513728E-1
4.495987163E1,2.167066187E-2,6.197202802E-1,1.537246257E-1
4.496991262E1,7.837670855E-3,7.223904729E-1,3.768830746E-2
4.497995262E1,-2.721878141E-2,7.331281304E-1,-8.626347035E-2
4.498999262E1,-8.590552956E-2,6.563542485E-1,-1.941521168E-1
4.500003262E1,-1.600966156E-1,5.133706927E-1,-2.796331346E-1
4.501007362E1,-2.450322807E-1,3.141217530E-1,-3.557979465E-1
4.502011362E1,-3.212578595E-1,1.190121397E-1,-4.165861607E-1
4.503015363E1,-3.841795623E-1,-6.206497177E-2,-4.594457448E-1
4.504019362E1,-4.275941551E-1,-2.267695665E-1,-4.742281139E-1
4.505023362E1,-4.519183934E-1,-3.564559221E-1,-4.668809772E-1
4.506027462E1,-4.417326152E-1,-4.283644855E-1,-4.586791694E-1
4.507031462E1,-4.225479960E-1,-4.587833881E-1,-4.602195621E-1
4.508035462E1,-3.857383728E-1,-4.499160647E-1,-4.670725167E-1
4.509039462E1,-2.825411558E-1,-3.840712905E-1,-4.964674413E-1
4.510043562E1,-2.153050900E-1,-2.486571819E-1,-5.410389304E-1
4.511047562E1,-1.952645481E-1,-9.318078309E-2,-5.885508060E-1
4.512051562E1,-1.800016612E-1,9.336780757E-2,-5.539157987E-1
4.513055562E1,-1.965790391E-1,2.876209021E-1,-3.779402673E-1
4.514059662E1,-3.015778661E-1,3.005561829E-1,-1.300980151E-1
4.515063662E1,-4.635521173E-1,1.030337960E-1,1.049621776E-1
4.516067662E1,-6.565980911E-1,-2.246579975E-1,2.776443362E-1
4.517071662E1,-8.064424396E-1,-6.240131259E-1,3.606020808E-1
4.518075662E1,-8.378139734E-1,-8.021456003E-1,4.298229516E-1
4.519079762E1,-7.270072699E-1,-6.850857735E-1,5.105831027E-1
4.520083762E1,-6.166907549E-1,-5.163074136E-1,5.158811808E-1
4.521087762E1,-5.881075859E-1,-3.955367804E-1,3.788692653E-1
4.522091763E1,-5.011096001E-1,-3.292389214E-1,2.295931727E-1
4.523095862E1,-4.534366131E-1,-3.179377913E-1,9.249204397E-2
4.524099862E1,-5.756775737E-1,-3.323761523E-1,-2.152158879E-2
4.525103862E1,-8.827168941E-1,-3.886178434E-1,1.473149098E-2
4.526107862E1,-1.256123424E0,-2.579646707E-1,2.089794874E-1
4.527111962E1,-1.650595188E0,-9.321860969E-2,4.373274446E-1
4.528115962E1,-2.003404856E0,-6.694079190E-2,6.277589798E-1
4.529119963E1,-2.322674751E0,-1.192226335E-1,7.243031263E-1
4.530123962E1,-2.604847908E0,-3.064377010E-1,7.717005610E-1
4.531127962E1,-2.812057495E0,-5.215529203E-1,7.810658813E-1
4.532132062E1,-2.948668957E0,-6.896252632E-1,7.690464854E-1
4.533136062E1,-3.031850815E0,-7.651170492E-1,7.314237356E-1
4.534140062E1,-3.101087093E0,-7.350814939E-1,6.706076264E-1
4.535144062E1,-3.156049967E0,-6.175756454E-1,5.930473208E-1
4.536148162E1,-3.211094141E0,-4.050498009E-1,5.023892522E-1
4.537152162E1,-3.278702736E0,-1.701805592E-1,4.263397455E-1
4.538156162E1,-3.363289118E0,5.688692257E-2,3.778535128E-1
4.539160162E1,-3.457075357E0,1.995711029E-1,3.675348461E-1
4.540164162E1,-3.575438261E0,2.686258256E-1,3.674903214E-1
4.541168262E1,-3.711819887E0,2.738264501E-1,3.781978488E-1
4.542172262E1,-3.860446453E0,2.205078453E-1,3.854621351E-1
4.543176262E1,-3.983906746E0,2.047593445E-1,3.818550408E-1
4.544180262E1,-4.055910110E0,2.246962041E-1,3.717097342E-1
4.545184362E1,-4.084653854E0,2.178590745E-1,3.515788913E-1
4.546188362E1,-4.042279243E0,1.920228451E-1,3.526470959E-1
4.547192362E1,-3.930518389E0,1.312830746E-1,3.508907557E-1
4.548196363E1,-3.755865097E0,4.612348229E-2,3.516485393E-1
4.549200462E1,-3.534368038E0,-4.307643324E-2,3.566872478E-1
4.550204462E1,-3.290232897E0,-1.299850196E-1,3.813292384E-1
4.551208462E1,-3.024947166E0,-1.662024111E-1,4.164880216E-1
4.552212462E1,-2.742906570E0,-1.913783550E-1,4.434805512E-1
4.553216462E1,-2.449217081E0,-1.780923754E-1,4.604869783E-1
4.554220562E1,-2.156601906E0,-1.424988657E-1,4.684075713E-1
4.555224563E1,-1.871045232E0,-1.159183830E-1,4.707085490E-1
4.556228562E1,-1.580763698E0,-5.482334644E-2,4.558062851E-1
4.557232562E1,-1.292964458E0,-4.093735665E-2,4.756199419E-1
4.558236662E1,-9.979529977E-1,-1.941391453E-2,4.937296808E-1
4.559240662E1,-7.093491554E-1,-1.729776524E-2,4.968136251E-1
4.560244662E1,-4.426372647E-1,-3.650284186E-2,4.885836244E-1
4.561248662E1,-2.099379748E-1,-8.004765958E-2,4.843478799E-1
4.562252662E1,-6.971554365E-3,-1.056545600E-1,4.790213406E-1
4.563256762E1,1.852223873E-1,-9.951117635E-2,4.614815116E-1
4.564260762E1,3.717995286E-1,-8.762980998E-2,4.244581163E-1
4.565264762E1,4.946887195E-1,-3.492665291E-2,3.625244200E-1
4.566268762E1,5.241552591E-1,1.066056415E-1,2.592820227E-1
4.567272862E1,4.417003393E-1,2.843117416E-1,9.984390438E-2
4.568276862E1,3.042936325E-1,4.541528225E-1,-7.291319221E-2
4.569280862E1,1.899551004E-1,5.969169140E-1,-2.359745502E-1
4.570284862E1,7.837317884E-2,6.438423991E-1,-3.558280468E-1
4.571288962E1,-6.850574166E-2,5.146157146E-1,-4.136436582E-1
4.572292962E1,-2.283844948E-1,2.131281346E-1,-3.958761096E-1
4.573296962E1,-3.769244254E-1,-1.571380794E-1,-3.076306880E-1
4.574300963E1,-4.401389062E-1,-4.476595819E-1,-1.569673270E-1
4.575305062E1,-3.632444143E-1,-6.607006788E-1,1.400202885E-2
4.576309062E1,-2.016466558E-1,-8.998577595E-1,1.719236374E-1
4.577313062E1,-5.546948314E-2,-1.036466956E0,3.043064475E-1
4.578317062E1,-4.273582622E-2,-9.013073444E-1,3.282312751E-1
4.579321062E1,-9.707656503E-2,-6.158044934E-1,1.383694559E-1
4.580325162E1,-7.788518909E-3,-2.864061296E-1,-1.467663795E-1
4.581329163E1,6.786682457E-2,-2.888405137E-2,-4.348652959E-1
4.582333162E1,1.057393402E-1,1.436156929E-1,-6.335910559E-1
4.583337162E1,4.885794967E-2,1.589126140E-1,-6.713653803E-1
4.584341262E1,-5.463826656E-2,1.174093336E-1,-6.310473084E-1
4.585345262E1,-1.317181438E-1,6.012527272E-2,-5.792919993E-1
4.586349262E1,-2.063592970E-1,4.303753376E-2,-5.410683155E-1
4.587353262E1,-2.633152604E-1,6.227700785E-2,-4.630185068E-1
4.588357363E1,-2.576668859E-1,-2.018671855E-2,-3.300627470E-1
4.589361362E1,-1.312399805E-1,-2.660912871E-1,-2.025929689E-1
4.590365362E1,8.338657767E-2,-5.034984946E-1,-2.356169000E-2
4.591369362E1,3.042328060E-1,-6.728104353E-1,1.426967978E-1
4.592373362E1,4.784574807E-1,-7.068160772E-1,2.969682515E-1
4.593377462E1,6.037216783E-1,-6.416789293E-1,4.433643520E-1
4.594381462E1,6.754384637E-1,-5.507038832E-1,5.864412785E-1
4.595385462E1,7.031422853E-1,-4.930365682E-1,6.733247638E-1
4.596389462E1,6.953316331E-1,-4.477366209E-1,7.210001349E-1
4.597393562E1,6.649841070E-1,-3.691310287E-1,7.319662571E-1
4.598397562E1,6.212136745E-1,-3.127971292E-1,7.147751451E-1
4.599401562E1,5.807930231E-1,-2.355704904E-1,6.571424603E-1
4.600405563E1,5.709699392E-1,-1.319074780E-1,5.876706839E-1
4.601409662E1,6.047918797E-1,1.546314219E-3,5.269218087E-1
4.602413662E1,6.552877426E-1,6.077039242E-2,5.020550489E-1
4.603417662E1,7.059133649E-1,2.204190195E-2,5.057227612E-1
4.604421662E1,7.697294354E-1,-1.679346710E-2,4.970509410E-1
4.605425762E1,8.477699161E-1,-5.511517171E-3,4.764042497E-1
4.606429762E1,9.445520639E-1,5.015017837E-2,4.359355867E-1
4.607433763E1,1.032988191E0,1.600093096E-1,3.931364417E-1
4.608437762E1,1.067620158E0,3.197022974E-1,3.600250185E-1
4.609441762E1,1.052701354E0,5.107716322E-1,3.287094533E-1
4.610445862E1,9.968844652E-1,6.626299024E-1,2.636022568E-1
4.611449862E1,9.029835463E-1,7.483214140E-1,1.702523679E-1
4.612453862E1,7.698183656E-1,7.521762252E-1,3.140280768E-2
4.613457862E1,6.065764427E-1,6.619983912E-1,-1.205228046E-1
4.614461963E1,4.253568649E-1,4.898788035E-1,-2.583246827E-1
4.615465962E1,2.424102128E-1,2.639130652E-1,-3.556051552E-1
4.616469962E1,9.501461685E-2,4.623118415E-2,-4.187602699E-1
4.617473962E1,-3.548705019E-3,-1.148091033E-1,-4.498082101E-1
4.618478062E1,-4.828241840E-2,-2.085265219E-1,-4.418171942E-1
4.619481975E1,-4.293585569E-2,-2.366329879E-1,-4.119940698E-1
4.620485975E1,-1.863085479E-2,-2.215931863E-1,-3.652528524E-1
4.621489975E1,-3.109125234E-2,-1.768749803E-1,-3.098444343E-1
4.622494075E1,-6.354305148E-2,-1.013748944E-1,-2.696383297E-1
4.623498075E1,-7.629773021E-2,-3.944868222E-4,-2.528707981E-1
4.624502075E1,-1.426724941E-1,1.930047274E-1,-2.456348985E-1
4.625506075E1,-2.775882483E-1,4.365755916E-1,-2.472437024E-1
4.626510175E1,-3.882329464E-1,5.710652471E-1,-2.078366280E-1
4.627514175E1,-3.509795964E-1,5.389898419E-1,-1.114903763E-1
4.628518175E1,-2.903087735E-1,3.748646080E-1,1.478365436E-2
4.629522175E1,-2.504766583E-1,1.216440499E-1,1.579168439E-1
4.630526175E1,-2.462738156E-1,-1.590499282E-1,2.888185084E-1
4.631530275E1,-3.188862205E-1,-4.669345319E-1,3.384446502E-1
4.632534275E1,-3.511473835E-1,-5.110038519E-1,4.069992006E-1
4.633538275E1,-2.679603398E-1,-4.044971168E-1,5.340633988E-1
4.634542275E1,-1.789615303E-1,-4.326168001E-1,5.613405704E-1
4.635546375E1,-1.971453279E-1,-4.283834398E-1,4.801285267E-1
4.636550375E1,-2.109597623E-1,-4.150209129E-1,4.144633412E-1
4.637554375E1,-1.995675564E-1,-4.104786515E-1,3.475226462E-1
4.638558375E1,-1.749100983E-1,-4.181069434E-1,2.550085187E-1
4.639562475E1,-1.786033809E-1,-4.854415059E-1,1.810493320E-1
4.640566475E1,-2.522454262E-1,-5.191371441E-1,1.541349888E-1
4.641570475E1,-2.571845055E-1,-4.418538213E-1,2.536629140E-1
4.642574475E1,-2.792570293E-1,-2.893628776E-1,3.692142665E-1
4.643578575E1,-3.493426442E-1,-1.745225638E-1,4.327597022E-1
4.644582575E1,-4.746469557E-1,-8.901051432E-2,4.160581827E-1
4.645586575E1,-6.201191545E-1,-7.959996909E-2,3.551756740E-1
4.646590575E1,-7.401129603E-1,-1.284430772E-1,2.469505817E-1
4.647594675E1,-8.324652314E-1,-2.253677696E-1,1.387583315E-1
4.648598675E1,-8.995237350E-1,-3.194968104E-1,5.632170290E-2
4.649602675E1,-9.777261615E-1,-3.185796142E-1,-4.292739183E-2
4.650606675E1,-1.050691009E0,-1.841847003E-1,-1.472839117E-1
4.651610675E1,-1.106973171E0,3.399503976E-2,-2.283462733E-1
4.652614775E1,-1.159619331E0,2.666190267E-1,-2.792524993E-1
4.653618775E1,-1.196302533E0,4.518251121E-1,-3.196126819E-1
4.654622775E1,-1.240686536E0,5.767562389E-1,-3.354822397E-1
4.655626775E1,-1.274009824E0,5.889934301E-1,-3.348310888E-1
4.656630875E1,-1.310436606E0,5.430084467E-1,-3.260521293E-1
4.657634875E1,-1.346196532E0,4.832141101E-1,-2.897817492E-1
4.658638875E1,-1.379823565E0,4.353209138E-1,-2.565525174E-1
4.659642875E1,-1.402248502E0,4.152342677E-1,-2.251985818E-1
4.660646975E1,-1.429474592E0,4.480840862E-1,-1.951411664E-1
4.661650975E1,-1.443895102E0,5.314687490E-1,-1.528456360E-1
4.662654975E1,-1.449100852E0,5.728484392E-1,-1.237594858E-1
4.663658975E1,-1.439838290E0,5.844204426E-1,-1.101035997E-1
4.664663075E1,-1.400523782E0,5.502395034E-1,-7.587532699E-2
4.665667075E1,-1.343341231E0,5.009071231E-1,-1.860857569E-2
4.666671075E1,-1.268971086E0,4.325770140E-1,4.820951819E-2
4.667675075E1,-1.178393006E0,3.609840870E-1,1.148484647E-1
4.668679175E1,-1.052952290E0,2.942979038E-1,1.865460128E-1
4.669683175E1,-9.196606874E-1,2.450342178E-1,2.579658628E-1
4.670687175E1,-7.836548686E-1,1.539517194E-1,3.138031065E-1
4.671691175E1,-6.632136703E-1,2.946466021E-2,3.549223244E-1
4.672695275E1,-5.489745140E-1,-1.167899519E-1,3.838219047E-1
4.673699275E1,-4.425207675E-1,-2.313508838E-1,3.881807029E-1
4.674703275E1,-3.465454578E-1,-2.700336277E-1,3.884856105E-1
4.675707275E1,-2.225758582E-1,-2.359603643E-1,3.840149343E-1
4.676711375E1,-8.966059238E-2,-1.484681070E-1,4.219043851E-1
4.677715375E1,-2.310606465E-2,2.773141675E-2,4.456653595E-1
4.678719375E1,3.467465937E-2,2.889714241E-1,4.584489763E-1
4.679723375E1,1.263888627E-1,5.138535500E-1,4.524230361E-1
4.680727375E1,2.499161065E-1,6.525793076E-1,4.134063125E-1
4.681731475E1,2.802471220E-1,7.026661634E-1,3.025133610E-1
4.682735475E1,1.487027109E-1,6.282660365E-1,1.213329956E-1
4.683739475E1,-3.994118888E-4,4.423102736E-1,-1.332774609E-1
4.684743475E1,-1.613361239E-1,1.733426154E-1,-3.866450787E-1
4.685747575E1,-2.192742527E-1,-1.854395121E-1,-5.220806599E-1
4.686751575E1,-8.425307274E-2,-6.247835755E-1,-4.800903499E-1
4.687755575E1,1.322685778E-1,-7.825662494E-1,-3.490724266E-1
4.688759575E1,2.987428904E-1,-6.174905896E-1,-2.103068829E-1
4.689763675E1,3.346071541E-1,-4.255608618E-1,-1.064100489E-1
4.690767675E1,4.055177271E-1,-3.012684286E-1,-5.097893998E-2
4.691771675E1,4.194212854E-1,-2.198473513E-1,-5.626345053E-2
4.692775675E1,3.593086600E-1,-1.421376467E-1,-1.092251167E-1
4.693779775E1,2.702198029E-1,-9.385480732E-2,-1.774933785E-1
4.694783775E1,2.240786701E-1,-1.110508367E-1,-2.857860327E-1
4.695787775E1,2.613994181E-1,-9.421885759E-2,-4.370863438E-1
4.696791775E1,3.661555648E-1,-7.943150401E-2,-5.521677136E-1
4.697795875E1,5.084583759E-1,-1.303282529E-1,-5.801244974E-1
4.698799875E1,6.656537056E-1,-3.088353574E-1,-5.378679037E-1
4.699803875E1,8.181202412E-1,-5.289565325E-1,-3.781917095E-1
4.700807875E1,9.180355668E-1,-6.825116277E-1,-1.876104623E-1
4.701811975E1,9.558524489E-1,-7.128618360E-1,-3.444221616E-2
4.702815975E1,9.453723431E-1,-6.488545537E-1,9.133737534E-2
4.703819975E1,9.284498096E-1,-4.946942329E-1,2.254128903E-1
4.704823975E1,9.110050797E-1,-2.989934981E-1,3.449232876E-1
4.705828075E1,8.984383941E-1,-1.254914999E-1,4.192542434E-1
4.706832075E1,9.033330679E-1,2.542738058E-2,4.385699034E-1
4.707836075E1,9.170914888E-1,1.586168557E-1,4.092210531E-1
4.708840075E1,9.085914493E-1,2.168044001E-1,3.410747945E-1
4.709844175E1,8.901056051E-1,1.876776665E-1,2.696983516E-1
4.710848175E1,8.917266726E-1,1.152284369E-1,2.047614157E-1
4.711852175E1,9.226875305E-1,5.972070247E-2,1.404404789E-1
4.712856175E1,9.630987644E-1,1.394754834E-2,8.766257763E-2
4.713860275E1,9.987555742E-1,3.393670544E-2,7.387459278E-2
4.714864275E1,1.029698372E0,9.744278342E-2,1.032994017E-1
4.715868275E1,1.065497994E0,1.533425301E-1,1.410531700E-1
4.716872275E1,1.111976266E0,2.254994810E-1,1.702432930E-1
4.717876375E1,1.145641565E0,3.163388371E-1,1.890361458E-1
4.718880388E1,1.158706069E0,4.311558604E-1,1.676301062E-1
4.719884387E1,1.155965090E0,5.686415434E-1,1.223129481E-1
4.720888387E1,1.130957246E0,6.670606136E-1,7.928745449E-2
4.721892387E1,1.074734926E0,7.241281271E-1,1.810452156E-2
4.722896487E1,9.838250875E-1,7.498744726E-1,-6.057253480E-2
4.723900487E1,8.607769608E-1,6.836901307E-1,-1.755880713E-1
4.724904487E1,7.217246294E-1,5.057483315E-1,-2.820858359E-1
4.725908487E1,6.019532084E-1,2.640171945E-1,-3.478997350E-1
4.726912587E1,5.133998394E-1,5.662277713E-2,-3.946148455E-1
4.727916587E1,4.572902024E-1,-9.471721202E-2,-4.319614172E-1
4.728920587E1,3.785905838E-1,-2.625043690E-1,-4.415410757E-1
4.729924587E1,2.708196044E-1,-3.970967829E-1,-4.122284949E-1
4.730928687E1,2.017168999E-1,-4.131678343E-1,-3.849384487E-1
4.731932687E1,1.672561318E-1,-2.807804942E-1,-3.503139019E-1
4.732936687E1,1.078556553E-1,-8.533408493E-2,-3.037742674E-1
4.733940687E1,1.177759003E-2,1.776882112E-1,-2.532530427E-1
4.734944787E1,-6.969486177E-2,4.820164144E-1,-1.974798739E-1
4.735948787E1,-2.076620236E-2,6.514770985E-1,-1.370612830E-1
4.736952787E1,8.743721247E-2,5.555421710E-1,-5.366420373E-2
4.737956788E1,2.022181302E-1,2.377991080E-1,6.226399541E-2
4.738960887E1,2.984633446E-1,-1.426651627E-1,1.322065145E-1
4.739964887E1,2.993965447E-1,-4.926306009E-1,1.180291697E-1
4.740968887E1,1.613819748E-1,-9.503978491E-1,2.989460528E-2
4.741972887E1,1.604076847E-2,-1.230944037E0,-4.714904353E-2
4.742976987E1,-2.463811077E-2,-1.157549143E0,-5.023485795E-2
4.743980987E1,7.825364918E-2,-8.842760921E-1,2.862773463E-2
4.744984988E1,1.530951560E-1,-6.067449450E-1,1.039653718E-1
4.745988987E1,1.488982886E-1,-4.631350338E-1,1.529347748E-1
4.746993087E1,2.164410204E-1,-4.078578055E-1,1.959076226E-1
4.747997087E1,2.908729017E-1,-3.953990042E-1,2.197383940E-1
4.749001087E1,2.614041269E-1,-3.961846530E-1,2.274783552E-1
4.750005087E1,1.389359981E-1,-3.729493618E-1,3.229976594E-1
4.751009187E1,1.693245023E-2,-3.067840934E-1,4.711143672E-1
4.752013188E1,-1.278764009E-1,-1.706193537E-1,5.682704449E-1
4.753017187E1,-3.124305308E-1,-6.041488796E-2,5.967945457E-1
4.754021187E1,-5.707305074E-1,-1.789290011E-1,5.611709952E-1
4.755025287E1,-7.713353634E-1,-3.722260594E-1,4.434206784E-1
4.756029287E1,-8.636405468E-1,-5.040426850E-1,2.917967737E-1
4.757033287E1,-9.051087499E-1,-5.754320025E-1,1.445496380E-1
4.758037287E1,-9.234121442E-1,-5.759678483E-1,-4.807097837E-3
4.759041387E1,-9.147253036E-1,-5.385195613E-1,-1.588583440E-1
4.760045387E1,-9.097915292E-1,-4.570129514E-1,-2.849502563E-1
4.761049387E1,-9.280360937E-1,-3.592719734E-1,-3.588728309E-1
4.762053387E1,-9.781402946E-1,-2.714526355E-1,-3.859718144E-1
4.763057487E1,-1.027675152E0,-2.468276322E-1,-3.879298270E-1
4.764061487E1,-1.074881554E0,-2.282049507E-1,-3.724837601E-1
4.765065487E1,-1.132978797E0,-2.171334624E-1,-3.364484906E-1
4.766069487E1,-1.207727075E0,-1.862437278E-1,-2.902445197E-1
4.767073587E1,-1.304000735E0,-1.635462642E-1,-2.734089196E-1
4.768077587E1,-1.405941725E0,-1.821649633E-2,-2.281676531E-1
4.769081587E1,-1.479504824E0,1.021680981E-1,-1.783051938E-1
4.770085587E1,-1.529526114E0,1.428990215E-1,-1.694813520E-1
4.771089687E1,-1.572838783E0,1.888469309E-1,-1.606706381E-1
4.772093687E1,-1.611496687E0,2.516136467E-1,-1.318256706E-1
4.773097687E1,-1.633157492E0,3.386631906E-1,-9.231083840E-2
4.774101687E1,-1.615067363E0,3.885681629E-1,-3.316096589E-2
4.775105787E1,-1.558355093E0,4.827055931E-1,4.331729561E-2
4.776109787E1,-1.468891025E0,5.289700031E-1,1.345619857E-1
4.777113787E1,-1.340285063E0,4.814359844E-1,2.419504970E-1
4.778117788E1,-1.181591868E0,3.958920538E-1,3.472353816E-1
4.779121887E1,-1.008957982E0,2.832069099E-1,4.200773537E-1
4.780125887E1,-8.305415511E-1,1.684231013E-1,4.768120050E-1
4.781129887E1,-6.680564880E-1,7.724785060E-2,5.021049380E-1
4.782133887E1,-5.263398290E-1,-8.357602172E-3,5.149962306E-1
4.783137987E1,-4.219062924E-1,-7.000587136E-2,5.140010715E-1
4.784141987E1,-3.327907920E-1,-9.587395191E-2,4.981941879E-1
4.785145988E1,-1.961432546E-1,-6.597950310E-2,4.919029176E-1
4.786149987E1,-5.846634507E-2,2.263531461E-2,5.076709390E-1
4.787154087E1,5.563904345E-2,1.773467362E-1,5.154919624E-1
4.788158087E1,1.874740422E-1,3.423841596E-1,5.114974380E-1
4.789162087E1,3.485814333E-1,4.577608109E-1,4.835174978E-1
4.790166087E1,4.708064198E-1,5.824528933E-1,4.001714587E-1
4.791170187E1,3.841748238E-1,6.537241340E-1,2.495112121E-1
4.792174187E1,1.757625192E-1,5.795021057E-1,4.652800038E-2
4.793178187E1,1.764983172E-3,3.992888629E-1,-1.881470084E-1
4.794182187E1,-1.732209474E-1,1.840314120E-1,-3.663620353E-1
4.795186187E1,-1.966207772E-1,-5.302327499E-2,-4.640164077E-1
4.796190287E1,-1.135185733E-2,-3.933348060E-1,-4.433878362E-1
4.797194287E1,2.400451154E-1,-6.424601674E-1,-3.498136699E-1
4.798198287E1,3.708862066E-1,-6.925805807E-1,-2.254352421E-1
4.799202387E1,2.310608625E-1,-6.250662804E-1,-1.231102943E-1
4.800206387E1,1.036557779E-1,-5.299818516E-1,-9.340566397E-2
4.801210387E1,1.160442457E-1,-4.050683677E-1,-7.161381096E-2
4.802214387E1,7.286161929E-2,-2.948883176E-1,-9.078856558E-2
4.803218487E1,1.523144357E-2,-2.481877208E-1,-1.532832980E-1
4.804222487E1,-5.524168722E-3,-2.914422452E-1,-2.620808780E-1
4.805226487E1,6.525872275E-3,-2.658205032E-1,-4.451868534E-1
4.806230487E1,4.527007043E-2,-8.655807376E-2,-6.424690485E-1
4.807234487E1,1.557735205E-1,9.760991484E-2,-7.314764261E-1
4.808238587E1,3.453770280E-1,5.966519192E-2,-7.155799866E-1
4.809242587E1,5.664900541E-1,-1.457461566E-1,-6.568866968E-1
4.810246587E1,7.155218720E-1,-3.626028299E-1,-5.343208313E-1
4.811250588E1,7.912234068E-1,-4.589728415E-1,-3.511728346E-1
4.812254687E1,8.405613899E-1,-4.724231362E-1,-1.241144091E-1
4.813258687E1,8.734672070E-1,-4.463229179E-1,1.130393744E-1
4.814262687E1,9.203619957E-1,-4.041277766E-1,3.124526143E-1
4.815266687E1,9.695356488E-1,-3.932929933E-1,4.284762442E-1
4.816270787E1,1.012048960E0,-3.774842024E-1,4.730831087E-1
4.817274787E1,1.065105319E0,-3.359182179E-1,4.941898286E-1
4.818278787E1,1.104745150E0,-3.249571919E-1,4.928268194E-1
4.819282842E1,1.136856675E0,-3.500987589E-1,4.951427877E-1
4.820286942E1,1.189735293E0,-3.139790893E-1,4.987340569E-1
4.821290942E1,1.239499688E0,-1.874087155E-1,4.241115749E-1
4.822294942E1,1.272413969E0,2.130827680E-2,3.223053217E-1
4.823298942E1,1.290650606E0,2.049373686E-1,2.745161653E-1
4.824303042E1,1.313092589E0,3.272446394E-1,2.742538452E-1
4.825307042E1,1.323379040E0,4.051172435E-1,2.743189037E-1
4.826311042E1,1.322512388E0,4.608745277E-1,2.546333373E-1
4.827315042E1,1.307060361E0,5.988882780E-1,1.895442754E-1
4.828319142E1,1.272653103E0,7.509582043E-1,1.026354730E-1
4.829323142E1,1.230862379E0,9.060396552E-1,4.764022678E-2
4.830327142E1,1.170192719E0,1.031451583E0,-3.032805398E-3
4.831331142E1,1.097450733E0,1.096181989E0,-6.682848185E-2
4.832335242E1,1.013397813E0,1.102627039E0,-1.534568518E-1
4.833339242E1,9.078921080E-1,1.014466166E0,-2.499931455E-1
4.834343242E1,7.713403702E-1,8.378141522E-1,-3.366271257E-1
4.835347242E1,6.211877465E-1,6.000229120E-1,-4.037601054E-1
4.836351342E1,4.868616164E-1,3.792966306E-1,-4.477227628E-1
4.837355342E1,3.744066954E-1,1.637034416E-1,-4.604435861E-1
4.838359342E1,2.701423168E-1,-3.754632175E-2,-4.422139823E-1
4.839363342E1,1.501568407E-1,-2.049933076E-1,-4.027264416E-1
4.840367442E1,1.948831975E-2,-2.898168266E-1,-3.568489552E-1
4.841371442E1,-6.010661274E-2,-2.758784592E-1,-3.061591387E-1
4.842375442E1,-1.187872365E-1,-1.554532349E-1,-2.461179048E-1
4.843379442E1,-1.997113526E-1,1.899359375E-2,-1.866638958E-1
4.844383542E1,-3.129921257E-1,2.282842249E-1,-1.486917436E-1
4.845387542E1,-4.128538668E-1,4.489035606E-1,-1.022998318E-1
4.846391542E1,-4.009327590E-1,5.197090507E-1,-1.453668810E-2
4.847395542E1,-3.124499023E-1,3.791947961E-1,9.726361185E-2
4.848399642E1,-2.125709653E-1,1.091585010E-1,2.141968757E-1
4.849403642E1,-1.404646784E-1,-1.871378720E-1,2.970124185E-1
4.850407642E1,-1.897696406E-1,-5.605769753E-1,2.752264142E-1
4.851411642E1,-3.110181093E-1,-8.577573895E-1,2.247272879E-1
4.852415742E1,-3.704188764E-1,-7.365974188E-1,2.511288226E-1
4.853419742E1,-2.984478772E-1,-4.377611279E-1,3.230304420E-1
4.854423742E1,-2.835557461E-1,-2.942382991E-1,3.118211925E-1
4.855427742E1,-2.961015105E-1,-3.474066257E-1,2.886409461E-1
4.856431842E1,-2.323744744E-1,-4.241144359E-1,2.901477516E-1
4.857435842E1,-1.334063560E-1,-4.364464879E-1,2.741498947E-1
4.858439842E1,-1.004028469E-1,-4.115468860E-1,2.840089798E-1
4.859443842E1,-1.456585675E-1,-3.842421472E-1,3.708821833E-1
4.860447942E1,-1.650309265E-1,-3.428963125E-1,5.243743062E-1
4.861451942E1,-2.115441263E-1,-2.649218738E-1,6.000941992E-1
4.862455942E1,-3.189640939E-1,-1.769654006E-1,5.929102898E-1
4.863459942E1,-5.377951860E-1,-2.031932771E-1,5.227777958E-1
4.864464042E1,-7.429632545E-1,-2.713102698E-1,4.050639570E-1
4.865468042E1,-8.684437275E-1,-3.038051128E-1,2.622230053E-1
4.866472042E1,-9.355170727E-1,-3.107599616E-1,1.198482811E-1
4.867476042E1,-9.796716571E-1,-2.818026841E-1,-1.042583305E-2
4.868480142E1,-1.013531327E0,-2.367414385E-1,-1.222604886E-1
4.869484142E1,-1.029370666E0,-1.318611801E-1,-2.117944509E-1
4.870488142E1,-1.045621991E0,3.044177312E-3,-2.560223639E-1
4.871492142E1,-1.071644306E0,1.381994784E-1,-2.717858851E-1
4.872496242E1,-1.087624669E0,2.220922410E-1,-2.685445547E-1
4.873500242E1,-1.107689261E0,2.674610615E-1,-2.407217175E-1
4.874504242E1,-1.135154963E0,2.882587612E-1,-2.074567080E-1
4.875508242E1,-1.181688190E0,2.527967691E-1,-1.860495955E-1
4.876512342E1,-1.245846868E0,1.937387586E-1,-1.771226674E-1
4.877516342E1,-1.303947330E0,1.596183479E-1,-1.711330414E-1
4.878520342E1,-1.350261092E0,1.744540185E-1,-1.746691912E-1
4.879524342E1,-1.374929309E0,2.268521041E-1,-1.692186743E-1
4.880528442E1,-1.392905116E0,3.050606251E-1,-1.678708494E-1
4.881532442E1,-1.399132848E0,4.007048011E-1,-1.629794240E-1
4.882536442E1,-1.389203548E0,4.969482422E-1,-1.471594572E-1
4.883540442E1,-1.358662605E0,5.357408524E-1,-1.225171238E-1
4.884544542E1,-1.305975795E0,5.087246895E-1,-8.479451388E-2
4.885548542E1,-1.237231851E0,4.547277093E-1,-1.491716504E-2
4.886552542E1,-1.155821204E0,3.267313838E-1,6.474250555E-2
4.887556542E1,-1.057622671E0,1.732197106E-1,1.628119051E-1
4.888560642E1,-9.492890239E-1,4.190136492E-2,2.495766282E-1
4.889564642E1,-8.233377337E-1,-9.616808593E-2,3.150344491E-1
4.890568642E1,-7.072358727E-1,-2.105303407E-1,3.567107916E-1
4.891572642E1,-5.980519056E-1,-2.541694641E-1,3.856112659E-1
4.892576742E1,-5.023258924E-1,-2.641429901E-1,3.997100294E-1
4.893580742E1,-4.022087753E-1,-2.504390180E-1,4.053972960E-1
4.894584742E1,-2.922460735E-1,-2.306328118E-1,3.976703882E-1
4.895588742E1,-1.960736364E-1,-1.486464888E-1,3.887491524E-1
4.896592842E1,-1.295111179E-1,2.426084876E-2,3.745337427E-1
4.897596842E1,-1.097642109E-1,2.508884668E-1,3.490123153E-1
4.898600842E1,-1.012096033E-1,5.207093358E-1,3.236552775E-1
4.899604842E1,-6.944245845E-2,7.437189221E-1,3.080619574E-1
4.900608942E1,-1.132802200E-2,8.547064066E-1,2.680724561E-1
4.901612942E1,3.424003720E-2,8.472784162E-1,1.703009903E-1
4.902616942E1,-4.899769556E-4,6.696192026E-1,2.208115067E-3
4.903620942E1,-8.923119307E-2,3.873926103E-1,-2.045623809E-1
4.904625042E1,-1.753943115E-1,1.027898863E-1,-3.750531673E-1
4.905629042E1,-2.230999470E-1,-1.883823425E-1,-4.862818420E-1
4.906633042E1,-1.889640689E-1,-6.028096080E-1,-5.137299895E-1
4.907637142E1,-9.880823642E-2,-1.040654302E0,-4.594165981E-1
4.908641142E1,3.056360781E-2,-1.243281245E0,-3.644605279E-1
4.909645142E1,9.368504584E-2,-9.726409316E-1,-2.514077425E-1
4.910649142E1,7.061754912E-2,-4.813681543E-1,-1.840715706E-1
4.911653242E1,1.054601818E-1,-1.262596697E-1,-1.778981835E-1
4.912657242E1,2.092510164E-1,4.804261401E-2,-2.514805198E-1
4.913661242E1,3.016252518E-1,1.578457505E-1,-3.650951684E-1
4.914665242E1,3.690253198E-1,1.877333373E-1,-4.743023217E-1
4.915669342E1,4.292384386E-1,1.686265469E-1,-5.880548954E-1
4.916673342E1,4.515011311E-1,9.789512306E-2,-7.004743814E-1
4.917677342E1,3.794715106E-1,2.305044979E-2,-7.781156301E-1
4.918681342E1,3.129854202E-1,-1.506475657E-1,-7.705735564E-1
4.919685437E1,3.049383759E-1,-2.998475134E-1,-7.061437368E-1
4.920689437E1,3.451291919E-1,-4.432973564E-1,-6.061270833E-1
4.921693437E1,4.328560233E-1,-6.170666814E-1,-4.490419030E-1
4.922697437E1,5.525336862E-1,-7.370258570E-1,-2.314120978E-1
4.923701537E1,6.719240546E-1,-7.749828100E-1,-1.778778806E-2
4.924705537E1,7.599079609E-1,-7.325088382E-1,1.668568850E-1
4.925709537E1,7.977932096E-1,-6.258152127E-1,3.164536655E-1
4.926713537E1,7.950387001E-1,-4.974165261E-1,4.335208833E-1
4.927717637E1,7.668302059E-1,-3.509335518E-1,5.079769492E-1
4.928721637E1,7.314647436E-1,-2.592246532E-1,5.309104919E-1
4.929725637E1,6.888551712E-1,-2.499365956E-1,5.191343427E-1
4.930729637E1,6.498087049E-1,-1.994854212E-1,5.132487416E-1
4.931733737E1,6.266033649E-1,-9.055859596E-2,4.905902147E-1
4.932737737E1,6.454567313E-1,-1.986551657E-2,3.957912624E-1
4.933741737E1,7.024272680E-1,-1.101130713E-2,2.927997410E-1
4.934745737E1,7.887698412E-1,-2.329646796E-2,1.758147925E-1
4.935749838E1,8.934572935E-1,2.842084132E-2,9.115556628E-2
4.936753837E1,9.771212935E-1,8.982161433E-2,5.909536406E-2
4.937757837E1,1.044388413E0,1.469211131E-1,6.015052274E-2
4.938761837E1,1.102317214E0,1.592973471E-1,5.573952571E-2
4.939765937E1,1.157769203E0,2.123873532E-1,2.581774630E-2
4.940769937E1,1.201292396E0,2.793120444E-1,-2.396658808E-2
4.941773937E1,1.225963712E0,3.293103874E-1,-8.291272819E-2
4.942777937E1,1.222731471E0,3.709361255E-1,-1.420008093E-1
4.943782037E1,1.175046086E0,4.069354534E-1,-2.001339793E-1
4.944786037E1,1.090255618E0,3.969832361E-1,-2.328389287E-1
4.945790037E1,9.694604874E-1,3.255296946E-1,-2.653199732E-1
4.946794037E1,8.256556392E-1,2.138127387E-1,-3.009866476E-1
4.947798137E1,6.682553887E-1,9.179621935E-2,-3.341739178E-1
4.948802137E1,5.263925195E-1,-3.424453363E-2,-3.492487371E-1
4.949806137E1,4.148015082E-1,-1.294037402E-1,-3.515675366E-1
4.950810137E1,3.323340714E-1,-2.237142622E-1,-3.590272963E-1
4.951814237E1,2.712635100E-1,-3.254335225E-1,-3.736943007E-1
4.952818237E1,2.368613333E-1,-4.260615706E-1,-3.988268375E-1
4.953822237E1,2.189842761E-1,-5.154367685E-1,-4.269931316E-1
4.954826237E1,2.085947543E-1,-5.333611965E-1,-4.498134851E-1
4.955830337E1,2.020423114E-1,-4.639196992E-1,-4.731041789E-1
4.956834337E1,2.034825534E-1,-3.405729830E-1,-4.730072320E-1
4.957838337E1,2.262237668E-1,-1.519312859E-1,-4.450223744E-1
4.958842337E1,2.339575887E-1,6.030216068E-2,-4.135334194E-1
4.959846437E1,2.324356288E-1,2.710971534E-1,-3.670268953E-1
4.960850437E1,2.365387529E-1,4.740777016E-1,-2.894836366E-1
4.961854438E1,2.750050426E-1,5.906577706E-1,-1.543837190E-1
4.962858437E1,3.467410207E-1,5.425352454E-1,-1.194641087E-2
4.963862537E1,3.987069726E-1,3.353959024E-1,9.056753665E-2
4.964866537E1,4.317125678E-1,9.187751263E-2,1.865084469E-1
4.965870537E1,4.343752563E-1,-1.559198946E-1,2.742446661E-1
4.966874537E1,4.256595373E-1,-4.419780076E-1,2.858246267E-1
4.967878637E1,4.117499888E-1,-7.271538973E-1,2.597376704E-1
4.968882638E1,4.207924902E-1,-9.015771151E-1,2.431000769E-1
4.969886637E1,4.359529614E-1,-8.193539381E-1,2.461071461E-1
4.970890637E1,4.212786853E-1,-5.966889262E-1,2.519370615E-1
4.971894737E1,3.462060392E-1,-4.224032462E-1,2.744616568E-1
4.972898737E1,3.072154820E-1,-3.158765435E-1,3.170098960E-1
4.973902737E1,3.047144115E-1,-2.046805173E-1,3.482567966E-1
4.974906737E1,2.448361665E-1,-6.465151161E-2,3.779057562E-1
4.975910838E1,1.254903078E-1,1.469828486E-1,4.514195621E-1
4.976914837E1,9.196729399E-3,3.736202717E-1,5.796257257E-1
4.977918837E1,-5.271444470E-2,5.223590732E-1,7.097139955E-1
4.978922837E1,-8.813741058E-2,5.177131891E-1,7.994483709E-1
4.979926937E1,-1.637392044E-1,3.323088884E-1,8.229251504E-1
4.980930937E1,-2.541854680E-1,3.205959871E-2,7.457233071E-1
4.981934937E1,-3.373488784E-1,-3.035282195E-1,5.665305257E-1
4.982938937E1,-3.790633082E-1,-5.769246221E-1,3.195540309E-1
4.983943037E1,-3.710897863E-1,-6.958600879E-1,5.718418956E-2
4.984947037E1,-3.121566772E-1,-6.758392453E-1,-1.740708649E-1
4.985951037E1,-2.142955512E-1,-6.023528576E-1,-3.521455228E-1
4.986955037E1,-1.194228232E-1,-4.889115095E-1,-4.772706926E-1
4.987959137E1,-4.376442730E-2,-3.295070827E-1,-5.505570769E-1
4.988963137E1,-1.949336845E-3,-1.022257134E-1,-5.660569072E-1
4.989967137E1,1.752367057E-2,1.606800109E-1,-5.172081590E-1
4.990971137E1,2.524747746E-3,3.796278238E-1,-3.969850838E-1
4.991975237E1,-9.743098170E-2,4.454703927E-1,-2.756116092E-1
4.992979237E1,-2.252411395E-1,3.966413736E-1,-1.815916449E-1
4.993983237E1,-3.422136009E-1,3.154317141E-1,-1.098832712E-1
4.994987238E1,-4.386599660E-1,2.410997003E-1,-6.780692190E-2
4.995991337E1,-5.164451003E-1,1.595601588E-1,-4.630642757E-2
4.996995337E1,-5.791881084E-1,1.432501674E-1,-6.315331906E-2
4.997999337E1,-6.466758251E-1,1.515765339E-1,-9.642472118E-2
4.999003337E1,-7.148181200E-1,1.366828084E-1,-1.368975788E-1
5.000007437E1,-7.757825255E-1,1.270609349E-1,-1.817812622E-1
5.001011437E1,-8.202322721E-1,1.454071850E-1,-2.126017511E-1
5.002015438E1,-8.393228650E-1,1.805515885E-1,-2.266706079E-1
5.003019437E1,-8.416334391E-1,1.954106987E-1,-2.120282799E-1
5.004023537E1,-8.257821798E-1,1.959305555E-1,-1.742764711E-1
5.005027537E1,-7.897456288E-1,1.858792454E-1,-1.191666126E-1
5.006031537E1,-7.375208735E-1,1.584948897E-1,-5.242405459E-2
5.007035537E1,-6.655622721E-1,1.833967716E-1,1.923974231E-2
5.008039637E1,-5.911281705E-1,1.982779354E-1,7.492528856E-2
5.009043638E1,-5.089635253E-1,1.902607530E-1,1.156234443E-1
5.010047637E1,-4.237003028E-1,1.737277657E-1,1.473986804E-1
5.011051637E1,-3.418448567E-1,1.515116841E-1,1.679199338E-1
5.012055737E1,-2.488880306E-1,1.276203245E-1,1.844168007E-1
5.013059737E1,-1.646980643E-1,1.140786856E-1,2.065881491E-1
5.014063737E1,-1.101603806E-1,1.142076030E-1,2.195826918E-1
5.015067737E1,-1.033038050E-1,1.313213259E-1,2.211984247E-1
5.016071838E1,-1.553739905E-1,1.705755293E-1,2.113848478E-1
5.017075837E1,-1.427639276E-1,1.991275400E-1,1.992501616E-1
5.018079837E1,-5.987781286E-2,1.500363648E-1,1.600407064E-1
5.019083754E1,7.393564284E-2,5.593330413E-2,8.400799334E-2
5.020087854E1,2.162969410E-1,-4.930018261E-2,-1.079734415E-2
5.021091854E1,3.137342930E-1,-1.519562453E-1,-1.061217263E-1
5.022095854E1,3.730812073E-1,-2.413788885E-1,-1.770274192E-1
5.023099854E1,4.072298408E-1,-3.158981204E-1,-2.204856724E-1
5.024103954E1,4.160881341E-1,-3.797447383E-1,-2.295020670E-1
5.025107954E1,4.048373401E-1,-3.775460422E-1,-2.096772343E-1
5.026111954E1,3.745484054E-1,-3.274415433E-1,-1.669739783E-1
5.027115954E1,3.312933445E-1,-2.431277037E-1,-1.034988761E-1
5.028120054E1,2.963414490E-1,-1.387556940E-1,-3.226064518E-2
5.029124054E1,2.730552852E-1,1.488659251E-2,9.710238315E-3
5.030128054E1,2.507561147E-1,1.925723702E-1,3.058072180E-2
5.031132054E1,2.208219171E-1,3.430891633E-1,6.317062676E-2
5.032136154E1,1.794535369E-1,4.141518772E-1,1.022149548E-1
5.033140154E1,1.274723709E-1,4.331807196E-1,1.377303451E-1
5.034144154E1,8.677253872E-2,4.441955388E-1,1.733132899E-1
5.035148154E1,5.497093499E-2,4.427699447E-1,2.157478333E-1
5.036152254E1,2.837777324E-2,3.985342681E-1,2.609873116E-1
5.037156254E1,1.352718845E-2,3.279983103E-1,3.012668192E-1
5.038160254E1,-3.548901761E-3,2.724528015E-1,3.248449266E-1
5.039164354E1,-2.219582349E-2,2.254056633E-1,3.191226125E-1
5.040168354E1,-5.003449321E-2,1.601359397E-1,2.814751565E-1
5.041172354E1,-7.947520912E-2,5.786975473E-2,2.298404723E-1
5.042176354E1,-1.019895524E-1,-4.030594602E-2,1.660807580E-1
5.043180454E1,-1.076280028E-1,-1.076218635E-1,9.528621286E-2
5.044184454E1,-9.161325544E-2,-1.422626823E-1,3.025173582E-2
5.045188454E1,-5.374150723E-2,-1.538093537E-1,-1.781432703E-2
5.046192454E1,-1.976407133E-2,-1.521385461E-1,-3.964239731E-2
5.047196554E1,3.836328164E-3,-1.460915655E-1,-3.797312826E-2
5.048200554E1,2.073831111E-2,-1.190572977E-1,-2.921203524E-2
5.049204554E1,2.190424316E-2,-7.168099284E-2,-1.987579092E-2
5.050208554E1,1.256814972E-2,-2.511847392E-2,1.123906858E-2
5.051212654E1,-8.871896192E-3,9.295959957E-3,3.971279040E-2
5.052216654E1,-5.459171534E-2,3.982830048E-2,8.531409502E-2
5.053220654E1,-1.485714614E-1,2.584217861E-2,1.528808922E-1
5.054224654E1,-3.379257321E-1,4.009356201E-1,2.599802613E-1
5.055228754E1,-4.282020926E-1,9.043015838E-1,2.956322730E-1
5.056232754E1,-3.894261420E-1,8.700522184E-1,3.422098160E-1
5.057236754E1,-3.008725643E-1,3.934345245E-1,2.646755874E-1
5.058240754E1,-2.338272184E-1,6.848072261E-2,1.568515748E-1
5.059244854E1,-1.475913972E-1,4.030634090E-2,9.228536487E-2
5.060248854E1,-5.239554495E-2,6.374720484E-2,5.335865542E-2
5.061252854E1,4.455283657E-2,3.205878288E-2,-7.072455483E-4
5.062256854E1,1.147595048E-1,-3.708522068E-3,-5.778820068E-2
5.063260954E1,1.629786938E-1,-1.037894189E-2,-1.131167114E-1
5.064264954E1,1.985433251E-1,2.509469539E-2,-1.391254067E-1
5.065268954E1,2.223727554E-1,7.148349285E-2,-1.357189566E-1
5.066272954E1,2.349145710E-1,9.160360694E-2,-1.102423519E-1
5.067277054E1,2.257026881E-1,8.178319782E-2,-7.286488265E-2
5.068281054E1,1.979242712E-1,6.543327123E-2,-4.139963910E-2
5.069285054E1,1.525394768E-1,5.790451914E-2,-1.323537994E-2
5.070289054E1,9.482084960E-2,6.553026289E-2,1.133618783E-2
5.071293154E1,3.292765096E-2,8.246077597E-2,3.943599761E-2
5.072297154E1,-2.657487988E-2,9.190729260E-2,5.973115191E-2
5.073301154E1,-8.255665004E-2,8.906729519E-2,6.302521378E-2
5.074305154E1,-1.331946105E-1,8.830336481E-2,5.944015458E-2
5.075309254E1,-1.710959226E-1,9.179583192E-2,5.379558355E-2
5.076313254E1,-1.950779706E-1,8.786041290E-2,4.969254136E-2
5.077317254E1,-2.097597122E-1,7.744266093E-2,4.719316214E-2
5.078321254E1,-2.204371542E-1,6.187148392E-2,4.481362924E-2
5.079325354E1,-2.291928232E-1,4.331484437E-2,4.745761305E-2
5.080329354E1,-2.423494160E-1,2.852324583E-2,5.072531477E-2
5.081333354E1,-2.565195858E-1,2.175641805E-2,5.055087432E-2
5.082337354E1,-2.739332020E-1,2.446245775E-2,5.290617421E-2
5.083341454E1,-2.884745896E-1,3.624720871E-2,5.419487879E-2
5.084345454E1,-3.036631942E-1,5.582818761E-2,5.756831169E-2
5.085349454E1,-3.105365634E-1,6.982815266E-2,6.418386102E-2
5.086353454E1,-3.123558760E-1,7.133206725E-2,6.806694716E-2
5.087357554E1,-3.100778162E-1,6.315349787E-2,7.172533125E-2
5.088361554E1,-3.013477027E-1,5.327054113E-2,7.343808562E-2
5.089365554E1,-2.954754531E-1,4.556468502E-2,7.527380437E-2
5.090369554E1,-2.853136361E-1,4.402437806E-2,7.709459960E-2
5.091373654E1,-2.784821093E-1,4.667155817E-2,7.550576329E-2
5.092377654E1,-2.667208314E-1,4.670134559E-2,7.484530658E-2
5.093381654E1,-2.549387217E-1,4.650506750E-2,7.106521726E-2
5.094385654E1,-2.377380580E-1,4.627781734E-2,6.935110688E-2
5.095389754E1,-2.216775864E-1,4.893512279E-2,6.510043144E-2
5.096393754E1,-1.998070925E-1,5.289362743E-2,5.940278620E-2
5.097397754E1,-1.783438772E-1,5.810410157E-2,5.059411377E-2
5.098401754E1,-1.552394032E-1,5.969196558E-2,3.924442455E-2
5.099405854E1,-1.349048316E-1,6.029676646E-2,3.058009967E-2
5.100409854E1,-1.130596474E-1,5.923747644E-2,2.335716411E-2
5.101413854E1,-9.291230142E-2,5.274602398E-2,2.018400654E-2
5.102417854E1,-7.244311273E-2,4.587714374E-2,1.528725028E-2
5.103421954E1,-4.884324223E-2,4.041686282E-2,1.333994791E-2
5.104425954E1,-3.187950328E-2,3.967683390E-2,1.047287695E-2
5.105429954E1,-1.872322150E-2,4.547639936E-2,7.907986641E-3
5.106433954E1,-7.708387449E-3,5.259582773E-2,8.192412555E-3
5.107438054E1,1.656086184E-3,6.285805255E-2,7.597195916E-3
5.108442054E1,1.360414550E-2,7.265383005E-2,4.568115808E-3
5.109446054E1,2.751330100E-2,7.998764515E-2,3.996335436E-3
5.110450054E1,3.590098023E-2,8.811362088E-2,1.532379887E-3
5.111454154E1,4.365770146E-2,9.702322632E-2,-8.034786442E-4
5.112458154E1,5.082236975E-2,1.088817418E-1,-2.309674863E-3
5.113462154E1,6.084464490E-2,1.175708398E-1,-3.976547625E-3
5.114466154E1,7.301315665E-2,1.277795285E-1,-8.308711462E-3
5.115470254E1,8.596597612E-2,1.249137074E-1,-1.347364578E-2
5.116474254E1,9.680736810E-2,1.162818596E-1,-2.343076095E-2
5.117478254E1,1.050945967E-1,1.030592620E-1,-3.373186663E-2
5.118482354E1,1.084014103E-1,8.732670546E-2,-4.347903654E-2
5.119486379E1,1.150404066E-1,6.983958930E-2,-5.096518248E-2
5.120490379E1,1.234863847E-1,4.989404976E-2,-5.605235323E-2
5.121494379E1,1.329701692E-1,3.063540161E-2,-5.488722026E-2
5.122498479E1,1.400363743E-1,1.503920183E-2,-5.642457679E-2
5.123502479E1,1.469283700E-1,3.919438459E-3,-5.459338427E-2
5.124506479E1,1.518443078E-1,4.759714939E-4,-5.247670412E-2
5.125510479E1,1.543620527E-1,2.192112384E-3,-4.940341786E-2
5.126514579E1,1.583855003E-1,9.385971352E-3,-5.073100328E-2
5.127518579E1,1.613522619E-1,2.037044428E-2,-5.171664059E-2
5.128522579E1,1.604063511E-1,2.826572210E-2,-5.352963135E-2
5.129526579E1,1.600425541E-1,3.436995298E-2,-5.399248749E-2
5.130530679E1,1.612019241E-1,3.616186976E-2,-5.744882673E-2
5.131534679E1,1.629438996E-1,3.683644906E-2,-5.976737663E-2
5.132538679E1,1.616404504E-1,3.529826552E-2,-5.817755684E-2
5.133542679E1,1.588388085E-1,3.294643015E-2,-5.730856583E-2
5.134546779E1,1.543567330E-1,2.539330721E-2,-5.645573512E-2
5.135550779E1,1.484077573E-1,1.940571889E-2,-5.520031974E-2
5.136554779E1,1.432173699E-1,1.592762023E-2,-5.220603198E-2
5.137558779E1,1.342204213E-1,1.943473704E-2,-5.004248023E-2
5.138562879E1,1.236681789E-1,2.812037058E-2,-4.311187193E-2
5.139566879E1,1.129577458E-1,3.767126426E-2,-3.826225549E-2
5.140570879E1,1.022228375E-1,4.718161374E-2,-3.255430609E-2
5.141574879E1,9.019440413E-2,5.281792954E-2,-3.107891604E-2
5.142578979E1,7.860299945E-2,5.893680826E-2,-2.581597492E-2
5.143582979E1,6.680652499E-2,6.226496026E-2,-2.272564359E-2
5.144586979E1,5.639203638E-2,6.357151270E-2,-2.107466199E-2
5.145590979E1,4.970616847E-2,6.678594649E-2,-2.032658085E-2
5.146595079E1,3.909832984E-2,7.261208445E-2,-1.900441013E-2
5.147599079E1,2.978125960E-2,7.951313257E-2,-1.804380678E-2
5.148603079E1,1.581296138E-2,8.263209462E-2,-1.633734256E-2
5.149607079E1,2.791702282E-3,8.109731972E-2,-1.213993505E-2
5.150611179E1,-6.932483055E-3,7.778026909E-2,-6.610939279E-3
5.151615179E1,-1.182337850E-2,6.590230018E-2,-6.269788370E-3
5.152619179E1,-1.137532853E-2,5.112868547E-2,-7.266615983E-3
5.153623179E1,-9.077553637E-3,3.778518364E-2,-5.943290889E-3
5.154627279E1,-6.967966445E-3,2.613433264E-2,-4.044102971E-3
5.155631279E1,-8.128572255E-3,1.431895141E-2,-2.207054291E-3
5.156635279E1,-1.135838404E-2,7.350265048E-3,1.255944953E-3
5.157639279E1,-1.184654143E-2,2.671623603E-3,2.774212975E-3
5.158643379E1,-1.240310725E-2,-2.440011594E-4,2.736309078E-3
5.159647379E1,-1.309259888E-2,-2.230186714E-3,7.029856788E-4
5.160651379E1,-1.151211839E-2,-3.140732879E-3,2.624985063E-3
5.161655379E1,-9.530194104E-3,-5.795638077E-3,6.097711157E-4
5.162659479E1,-6.482446566E-3,-8.147539571E-3,5.141641013E-4
5.163663479E1,-4.482944496E-3,-7.169360295E-3,7.500883657E-5
5.164667479E1,1.173102879E-3,-1.030662842E-2,-2.184682526E-3
5.165671479E1,4.657050129E-3,-1.200066507E-2,-4.681662656E-3
5.166675579E1,7.704116404E-3,-1.027561352E-2,-4.611444660E-3
5.167679579E1,7.379743271E-3,-4.518392496E-3,-1.687560114E-3
5.168683579E1,7.923897356E-3,-1.337577123E-4,1.235613949E-3
5.169687579E1,7.182206959E-3,1.513673807E-3,3.572804155E-3
5.170691679E1,8.754581213E-3,-2.161417156E-3,5.094091408E-3
5.171695679E1,7.268271409E-3,-2.176597249E-3,4.454400390E-3
5.172699679E1,6.921146996E-3,1.040559728E-4,4.453156609E-3
5.173703679E1,1.969798002E-3,2.630064264E-3,4.934389610E-3
5.174707779E1,-2.212350955E-3,4.043743946E-3,4.179915879E-3
5.175711779E1,-5.910416134E-3,2.063417574E-3,6.776498165E-3
5.176715779E1,-9.481012821E-3,-1.654297579E-3,8.062982932E-3
5.177719879E1,-1.364832744E-2,-5.572606809E-3,1.004996803E-2
5.178723879E1,-1.776828989E-2,-7.493414916E-3,8.819855750E-3
5.179727879E1,-2.218301222E-2,-6.346125156E-3,1.048779301E-2
5.180731879E1,-2.545899525E-2,-6.770835258E-3,1.153654791E-2
5.181735979E1,-3.389375657E-2,-7.229165174E-3,1.174800284E-2
5.182739979E1,-4.030206054E-2,-5.261417478E-3,1.552560460E-2
5.183743979E1,-4.676715285E-2,-3.983899020E-3,1.694134250E-2
5.184747979E1,-5.128214136E-2,-3.542203922E-4,2.120666951E-2
5.185752079E1,-5.665853247E-2,1.843952807E-3,2.239044569E-2
5.186756079E1,-5.999375880E-2,3.788934089E-3,2.250752598E-2
5.187760079E1,-6.023424119E-2,3.718093969E-3,2.198314853E-2
5.188764079E1,-6.564075500E-2,2.433449961E-3,1.951679774E-2
5.189768179E1,-7.101820409E-2,3.363691969E-3,1.886671968E-2
5.190772179E1,-7.496523112E-2,5.521371961E-3,1.856234483E-2
5.191776179E1,-7.955678552E-2,7.194370031E-3,1.866354421E-2
5.192780179E1,-7.588968426E-2,3.598647658E-3,1.868935488E-2
5.193784279E1,-7.381188869E-2,-4.415336996E-3,1.778494567E-2
5.194788279E1,-7.060794532E-2,-1.548009086E-2,1.504827663E-2
5.195792279E1,-6.926757842E-2,-2.490288764E-2,1.502111182E-2
5.196796279E1,-6.903481483E-2,-3.118011169E-2,1.526374184E-2
5.197800279E1,-6.800524145E-2,-3.417909518E-2,1.751784049E-2
5.198804379E1,-6.583966315E-2,-3.564156219E-2,1.743020862E-2
5.199808379E1,-5.800890177E-2,-3.153390437E-2,2.112933993E-2
5.200812379E1,-5.096158758E-2,-2.927628718E-2,2.105310559E-2
5.201816479E1,-4.593992978E-2,-2.553374693E-2,2.150424570E-2
5.202820479E1,-4.173145071E-2,-2.322630771E-2,2.045369893E-2
5.203824479E1,-3.886242583E-2,-2.482553758E-2,2.053279430E-2
5.204828479E1,-3.491127118E-2,-2.878711559E-2,2.158438414E-2
5.205832579E1,-2.739263512E-2,-3.219410032E-2,1.762266643E-2
5.206836579E1,-2.277569100E-2,-3.135095164E-2,1.543427072E-2
5.207840579E1,-1.757560298E-2,-2.677910589E-2,1.165151689E-2
5.208844579E1,-8.888522163E-3,-2.359468862E-2,9.554977529E-3
5.209848679E1,-3.023175988E-3,-2.371026948E-2,5.611901172E-3
5.210852679E1,2.904549707E-3,-2.351458929E-2,2.021335764E-3
5.211856679E1,1.240750775E-2,-2.221416682E-2,-4.498082213E-3
5.212860679E1,2.296626754E-2,-2.789203823E-2,-1.161208749E-2
5.213864679E1,3.225909919E-2,-3.894175962E-2,-1.330692321E-2
5.214868779E1,3.547373042E-2,-5.330457166E-2,-1.166171953E-2
5.215872779E1,3.676243499E-2,-5.987938121E-2,-7.775369100E-3
5.216876779E1,3.425829113E-2,-6.380536407E-2,-5.564664491E-3
5.217880779E1,3.623196110E-2,-7.153066248E-2,-4.551065154E-3
5.218884879E1,3.874834627E-2,-7.287860662E-2,-4.721700214E-3
5.219888842E1,4.443046451E-2,-6.766493618E-2,-2.304881345E-3
5.220892842E1,4.851751029E-2,-5.920274928E-2,2.751359716E-6
5.221896942E1,5.533946678E-2,-5.265244097E-2,-2.046284731E-3
5.222900942E1,5.919435620E-2,-4.767312855E-2,-3.503208980E-3
5.223904942E1,6.139705703E-2,-4.043066129E-2,-4.820674658E-3
5.224908942E1,5.979836360E-2,-4.394603521E-2,-6.053984631E-3
5.225912942E1,6.151024252E-2,-4.996797442E-2,-6.727497559E-3
5.226917042E1,6.429665536E-2,-5.583270267E-2,-5.964064039E-3
5.227921042E1,6.398453563E-2,-5.589182302E-2,-8.123886772E-3
5.228925042E1,6.372497231E-2,-4.927388579E-2,-6.433665752E-3
5.229929042E1,6.429301947E-2,-4.134139419E-2,-4.299941007E-3
5.230933142E1,6.136061624E-2,-3.404859453E-2,-3.063168842E-3
5.231937142E1,5.772806704E-2,-3.654424101E-2,-2.034389647E-3
5.232941142E1,5.167445913E-2,-3.944981471E-2,6.053340621E-4
5.233945142E1,4.865043983E-2,-5.171313882E-2,-1.086039585E-3
5.234949242E1,4.742104188E-2,-6.379757077E-2,-1.943039708E-3
5.235953242E1,4.743862152E-2,-7.487551868E-2,-2.724943915E-3
5.236957242E1,4.760556296E-2,-7.949119806E-2,-5.038295873E-3
5.237961242E1,4.520445690E-2,-8.252134174E-2,-7.960050367E-3
5.238965342E1,3.884101287E-2,-8.345249295E-2,-7.584242616E-3
5.239969342E1,3.473841399E-2,-7.999357581E-2,-6.585823838E-3
5.240973342E1,2.970150672E-2,-7.299239933E-2,-2.626855159E-3
5.241977342E1,2.701411210E-2,-6.313337386E-2,1.431802171E-3
5.242981442E1,2.349455655E-2,-5.230636895E-2,3.837985452E-3
5.243985442E1,2.280666120E-2,-4.019457847E-2,1.109430008E-2
5.244989442E1,2.370905876E-2,-3.039833531E-2,1.568442397E-2
5.245993442E1,2.180436440E-2,-2.291671745E-2,1.956784353E-2
5.246997542E1,1.780318655E-2,-2.098173462E-2,2.373880334E-2
5.248001542E1,1.597945392E-2,-1.881924830E-2,2.598038502E-2
5.249005542E1,1.285900176E-2,-2.022000588E-2,2.707787603E-2
5.250009542E1,1.036974508E-2,-2.681532316E-2,2.813302167E-2
5.251013642E1,5.793546792E-3,-3.417336196E-2,2.586594783E-2
5.252017642E1,4.834010266E-3,-4.136762023E-2,2.538125403E-2
5.253021642E1,1.289422391E-3,-4.716886580E-2,2.710646391E-2
5.254025642E1,-4.840908106E-3,-4.836409166E-2,2.583400533E-2
5.255029742E1,-1.228240971E-2,-4.801660404E-2,2.508795261E-2
5.256033742E1,-1.919384673E-2,-4.947841540E-2,2.551086247E-2
5.257037742E1,-2.764389664E-2,-4.470577091E-2,2.498249710E-2
5.258041742E1,-3.516439348E-2,-4.704162851E-2,2.189669386E-2
5.259045842E1,-3.692931682E-2,-4.174067453E-2,2.449691854E-2
5.260049842E1,-4.260291532E-2,-3.626308590E-2,2.517495863E-2
5.261053842E1,-4.487469792E-2,-2.972381748E-2,2.776673622E-2
5.262057842E1,-5.037412792E-2,-4.387931898E-2,3.028928302E-2
5.263061942E1,-5.507917702E-2,-7.225030661E-2,3.829172999E-2
5.264065942E1,-5.807816237E-2,-8.444731683E-2,4.036366940E-2
5.265069942E1,-7.059139758E-2,-8.025843650E-2,3.881637752E-2
5.266073942E1,-7.388546318E-2,-6.595034152E-2,4.074078053E-2
5.267078042E1,-7.002799958E-2,-1.600636169E-3,4.435832053E-2
5.268082042E1,-7.103919983E-2,3.983948007E-2,4.819273949E-2
5.269086042E1,-8.440975100E-2,-4.662491381E-2,4.618623480E-2
5.270090042E1,-8.780767769E-2,-8.265854418E-2,3.987614065E-2
5.271094142E1,-9.179124236E-2,-7.870914787E-2,2.968644351E-2
5.272098142E1,-9.124156833E-2,-6.689856201E-2,1.294714492E-2
5.273102142E1,-8.497487009E-2,-3.649504855E-2,3.453684505E-3
5.274106142E1,-8.515197039E-2,-1.698526368E-2,3.784982022E-3
5.275110142E1,-8.702731133E-2,-1.584921964E-2,9.087506682E-3
5.276114242E1,-8.931683004E-2,-8.848036639E-3,1.687645353E-2
5.277118242E1,-8.389574289E-2,-1.365511306E-2,1.459217630E-2
5.278122242E1,-7.112135738E-2,-2.712378278E-2,1.404489670E-2
5.279126242E1,-6.318972260E-2,-5.769700557E-2,1.772672310E-2
5.280130342E1,-6.206666678E-2,-8.445831388E-2,2.411724441E-2
5.281134342E1,-6.921041012E-2,-9.497425705E-2,3.536508977E-2
5.282138342E1,-8.059409261E-2,-1.061081365E-1,3.908898681E-2
5.283142342E1,-8.509493619E-2,-1.091830283E-1,3.771986440E-2
5.284146442E1,-8.566351980E-2,-1.019858345E-1,3.281432018E-2
5.285150442E1,-9.005443752E-2,-6.417214125E-2,8.350516669E-3
5.286154442E1,-8.417710662E-2,9.982825071E-2,-2.799950168E-2
5.287158442E1,-7.782022655E-2,1.558112800E-1,-2.068725601E-2
5.288162542E1,-5.592104793E-2,9.228929877E-2,-6.702730432E-3
5.289166542E1,-6.383854896E-2,-6.083321571E-2,-4.689358175E-3
5.290170542E1,-6.015565991E-2,-1.900527179E-1,-4.437955562E-3
5.291174542E1,-5.295303464E-2,-2.233789861E-1,1.724583795E-3
5.292178642E1,-4.707064480E-2,-1.694816649E-1,4.115569871E-3
5.293182642E1,-4.356039688E-2,-4.943588376E-2,5.061888136E-3
5.294186642E1,-4.599425942E-2,3.570431098E-2,2.958950354E-4
5.295190642E1,-5.507291108E-2,2.408247814E-2,-2.830486745E-3
5.296194742E1,-6.019523367E-2,-5.092971399E-2,8.691946045E-3
5.297198742E1,-6.102659181E-2,-9.837891906E-2,2.221546881E-2
5.298202742E1,-6.340400130E-2,-1.301240772E-1,3.269128129E-2
5.299206742E1,-6.058174744E-2,-1.349674910E-1,4.219008610E-2
5.300210842E1,-5.789728463E-2,-1.127420887E-1,4.813372716E-2
5.301214842E1,-5.353945121E-2,-8.306361735E-2,5.242921785E-2
5.302218842E1,-5.219428986E-2,-8.533103019E-2,6.690376252E-2
5.303222842E1,-5.804558471E-2,-1.116805449E-1,8.085696399E-2
5.304226942E1,-6.288055331E-2,-1.090815663E-1,8.269241452E-2
5.305230942E1,-6.623985618E-2,-1.231746897E-1,7.981397212E-2
5.306234942E1,-6.829927862E-2,-1.317359507E-1,7.047133893E-2
5.307238942E1,-7.137119025E-2,-1.472506523E-1,6.712143868E-2
5.308242942E1,-7.878409326E-2,-1.486661285E-1,5.912209675E-2
5.309247042E1,-9.491413832E-2,-1.448631436E-1,4.753380641E-2
5.310251042E1,-1.086374074E-1,-1.421666890E-1,3.618741035E-2
5.311255042E1,-1.250625104E-1,-1.220913827E-1,2.928876318E-2
5.312259042E1,-1.291597784E-1,-1.335192770E-1,3.162914887E-2
5.313263142E1,-1.319737732E-1,-1.357302964E-1,2.723801881E-2
5.314267142E1,-1.236220971E-1,-1.435663849E-1,2.959651314E-2
5.315271142E1,-1.101194099E-1,-1.545098424E-1,3.446788713E-2
5.316275142E1,-9.775941819E-2,-1.667968631E-1,3.970659152E-2
5.317279242E1,-8.630656451E-2,-1.505920738E-1,4.429114610E-2
5.318283242E1,-7.067647576E-2,-1.035542488E-1,3.667956591E-2
5.319287350E1,-5.612326413E-2,-7.593093812E-2,3.502954170E-2
5.320291350E1,-4.778730124E-2,-5.780759454E-2,3.446681798E-2
5.321295450E1,-4.178905487E-2,-4.615646228E-2,3.286723420E-2
5.322299450E1,-3.921537474E-2,-5.230357125E-2,3.208053485E-2
5.323303450E1,-3.250790387E-2,-7.069668919E-2,3.566053137E-2
5.324307450E1,-2.151490748E-2,-8.354377747E-2,3.461230919E-2
5.325311550E1,-1.134811155E-2,-7.420687377E-2,2.713212371E-2
5.326315550E1,-2.906423761E-3,-5.925615504E-2,2.126038447E-2
5.327319550E1,4.532939754E-3,-3.659837693E-2,9.849972092E-3
5.328323550E1,7.919948548E-3,-1.859034784E-2,-1.639170689E-3
5.329327650E1,1.633370854E-2,-1.289437711E-2,-1.331509277E-2
5.330331650E1,2.534744330E-2,-2.272676677E-2,-2.086941712E-2
5.331335650E1,3.481007367E-2,-1.200229116E-2,-2.814773284E-2
5.332339650E1,4.190579802E-2,1.010540780E-2,-3.081755340E-2
5.333343650E1,4.792060703E-2,1.986822672E-2,-2.988474444E-2
5.334347750E1,4.643909261E-2,-1.484740898E-2,2.047622576E-3
5.335351750E1,3.835670277E-2,-6.302132457E-2,4.356860742E-2
5.336355750E1,3.178828210E-2,-7.561967522E-2,6.527071446E-2
5.337359750E1,2.802738920E-2,-4.178149626E-2,7.078401744E-2
5.338363850E1,4.527135566E-2,6.216919981E-3,7.092969120E-2
5.339367850E1,5.462139845E-2,1.640964672E-2,5.830068514E-2
5.340371850E1,5.505149812E-2,-6.824835204E-3,4.767440632E-2
5.341375850E1,4.177687317E-2,2.326113172E-3,3.450153768E-2
5.342379950E1,2.298774011E-2,3.929159045E-2,8.084575646E-3
5.343383950E1,-1.531802304E-2,3.246304765E-2,-4.005659744E-2
5.344387950E1,-3.628775477E-2,7.008579373E-2,-1.058928668E-1
5.345391950E1,-6.622698158E-2,7.942436635E-2,-8.695939928E-2
5.346396050E1,-9.224286675E-2,2.555261180E-2,-4.657415673E-2
5.347400050E1,-1.294797212E-1,-1.620635390E-2,-1.325765438E-2
5.348404050E1,-1.366918385E-1,2.325636707E-2,1.936745364E-3
5.349408050E1,-1.367670447E-1,8.414614946E-2,1.303299516E-2
5.350412150E1,-1.332798898E-1,1.048168018E-1,3.215742111E-2
5.351416150E1,-1.230777055E-1,8.054894209E-2,5.134081468E-2
5.352420150E1,-1.190283746E-1,2.118148841E-2,7.188763469E-2
5.353424150E1,-1.217912659E-1,-3.783555329E-2,7.871062309E-2
5.354428250E1,-1.237193868E-1,-7.934091985E-2,7.351320237E-2
5.355432250E1,-1.165689975E-1,-1.111088991E-1,6.226160377E-2
5.356436250E1,-9.580033273E-2,-1.366874874E-1,5.501247942E-2
5.357440250E1,-7.714023441E-2,-1.157997251E-1,5.541197211E-2
5.358444250E1,-8.002416790E-2,-5.260344967E-2,5.672251433E-2
5.359448350E1,-8.802904189E-2,1.470675040E-2,5.422312766E-2
5.360452350E1,-9.487389773E-2,6.476538628E-2,6.032815576E-2
5.361456350E1,-9.288324416E-2,9.187304229E-2,6.539615989E-2
5.362460350E1,-9.333384782E-2,9.765449911E-2,6.484062225E-2
5.363464450E1,-9.020421654E-2,1.087993011E-1,6.707011908E-2
5.364468450E1,-8.883561939E-2,1.208988428E-1,6.075762585E-2
5.365472450E1,-1.006521136E-1,1.031306908E-1,5.276193470E-2
5.366476450E1,-9.708747268E-2,1.078135967E-1,5.521950126E-2
5.367480550E1,-1.015483439E-1,1.055825949E-1,5.707972869E-2
5.368484550E1,-9.710565954E-2,8.844408393E-2,5.794924870E-2
5.369488550E1,-9.756004065E-2,3.831480443E-2,5.617896840E-2
5.370492550E1,-8.002232760E-2,1.244485751E-2,4.647867009E-2
5.371496650E1,-7.306428254E-2,-1.203172281E-2,3.033831529E-2
5.372500650E1,-7.069033384E-2,-2.409178205E-2,-6.445089821E-3
5.373504650E1,-6.855162233E-2,-6.837946922E-2,-5.540076271E-2
5.374508650E1,-1.537589282E-1,-1.532532275E-3,-8.929587901E-2
5.375512750E1,-2.451884896E-1,2.302638739E-1,-1.664639860E-1
5.376516750E1,-4.849220440E-2,2.705827951E-1,-2.006704211E-1
5.377520750E1,-2.304613777E-2,3.563254774E-1,-1.654896885E-1
5.378524750E1,4.345699027E-2,3.287271261E-1,-7.867649198E-2
5.379528750E1,1.198687032E-1,1.454177499E-1,9.183700895E-4
5.380532850E1,2.159526348E-1,-5.550229922E-2,2.757634595E-2
5.381536850E1,3.265366256E-1,-3.247494698E-1,9.833876044E-2
5.382540850E1,3.617870212E-1,-6.102179885E-1,1.676968038E-1
5.383544850E1,4.735368192E-1,-9.272672534E-1,2.591302991E-1
5.384548950E1,4.293310046E-1,-1.041854620E0,2.080420703E-1
5.385552950E1,3.306569755E-1,-9.341349006E-1,1.709117442E-1
5.386556950E1,2.854293287E-1,-8.343723416E-1,1.448055804E-1
5.387560950E1,2.297459096E-1,-7.732971311E-1,7.637611032E-2
5.388565050E1,1.501381695E-1,-6.801989079E-1,2.240449190E-2
5.389569050E1,5.765428394E-2,-5.664144754E-1,1.147195417E-2
5.390573050E1,4.917238280E-2,-5.342929959E-1,3.583614901E-2
5.391577050E1,1.063273698E-1,-6.179336905E-1,6.533695012E-2
5.392581150E1,1.729354262E-1,-7.032725811E-1,9.258721024E-2
5.393585150E1,2.092669308E-1,-7.540767789E-1,9.470710903E-2
5.394589150E1,1.964946836E-1,-6.902645230E-1,8.122193068E-2
5.395593150E1,2.070976198E-1,-6.417023540E-1,6.165992469E-2
5.396597250E1,2.510983944E-1,-6.771114469E-1,5.265364423E-2
5.397601250E1,2.892315686E-1,-6.864151955E-1,5.557079613E-2
5.398605250E1,2.907919288E-1,-6.722767353E-1,6.002280116E-2
5.399609250E1,2.575286031E-1,-6.610029936E-1,4.846094176E-2
5.400613250E1,3.084732592E-1,-6.643931866E-1,5.954661593E-2
5.401617350E1,3.344036043E-1,-7.287153006E-1,6.427284330E-2
5.402621350E1,3.010203540E-1,-8.989549279E-1,3.498100489E-2
5.403625350E1,3.372887075E-1,-1.058179379E0,4.448838532E-2
5.404629350E1,3.672258258E-1,-1.167353511E0,9.561841935E-2
5.405633450E1,5.117619038E-1,-1.007670164E0,1.791549623E-1
5.406637450E1,1.049724221E0,7.273323089E-2,4.169776440E-1
5.407641450E1,8.734348416E-1,7.249377966E-1,1.707254291E0
5.408645450E1,2.223590314E-1,-1.757124305E0,5.984452963E-1
5.409649550E1,1.161146984E-1,-2.887136936E0,-1.973652393E-1
5.410653550E1,2.473818138E-2,-2.753082275E0,1.678351015E-1
5.411657550E1,3.433820307E-1,-1.955746531E0,1.754669547E-1
5.412661550E1,4.297105372E-1,-1.617012739E0,1.537906826E-1
5.413665650E1,3.227067292E-1,-1.796342254E0,2.088776082E-1
5.414669650E1,3.404969275E-1,-1.928380966E0,1.464592367E-1
5.415673650E1,3.974921703E-1,-1.814725280E0,1.844937354E-1
5.416677650E1,4.378758073E-1,-1.647788286E0,2.140537649E-1
5.417681750E1,4.759024382E-1,-1.593551159E0,1.788178831E-1
5.418685750E1,4.715473652E-1,-1.488404393E0,1.412297636E-1
5.419689675E1,4.285524786E-1,-1.333584189E0,1.262087375E-1
5.420693675E1,4.096088707E-1,-1.266245961E0,8.732446283E-2
5.421697675E1,4.037846625E-1,-1.186110973E0,7.891293615E-2
5.422701775E1,3.661853671E-1,-1.021422386E0,7.256768644E-2
5.423705775E1,3.385019302E-1,-7.500551343E-1,6.789208949E-2
5.424709775E1,2.690368593E-1,-4.663134217E-1,5.139140785E-2
5.425713775E1,2.021332234E-1,-2.985005677E-1,4.276968166E-2
5.426717875E1,1.595213115E-1,-2.302647978E-1,3.500257060E-2
5.427721875E1,1.268806607E-1,-2.417826205E-1,2.451713663E-3
5.428725875E1,9.737283736E-2,-2.582635880E-1,-1.491023228E-2
5.429729875E1,7.645311952E-2,-2.138770819E-1,-3.355528042E-2
5.430733975E1,8.464953303E-2,-1.322461367E-1,-3.628661856E-2
5.431737975E1,1.115619987E-1,-1.099874452E-1,-2.735755779E-2
5.432741975E1,1.152496785E-1,-8.454893529E-2,-3.434595838E-2
5.433745975E1,8.779372275E-2,1.397411898E-2,-1.358007267E-2
5.434750075E1,6.919819862E-2,6.605356932E-2,-3.977246583E-3
5.435754075E1,5.270609260E-2,9.880697727E-2,-1.904209028E-3
5.436758075E1,6.117973849E-2,1.147156358E-1,-1.900746836E-3
5.437762075E1,6.508070976E-2,1.241305023E-1,-1.140130218E-2
5.438766075E1,5.949020386E-2,8.924575895E-2,-1.976709068E-2
5.439770175E1,4.758577794E-2,6.558351219E-2,-3.843995929E-2
5.440774175E1,2.804669738E-2,7.153701037E-2,-5.987920612E-2
5.441778175E1,3.531320766E-2,1.382232904E-1,-6.924125552E-2
5.442782175E1,3.657874465E-2,1.406438351E-1,-7.158616930E-2
5.443786275E1,2.904325165E-2,1.469241679E-1,-9.002965689E-2
5.444790275E1,3.691955283E-2,1.625279039E-1,-9.642071277E-2
5.445794275E1,4.692364484E-2,1.541317403E-1,-1.043655276E-1
5.446798275E1,5.360764638E-2,1.402606666E-1,-1.106764227E-1
5.447802375E1,3.996378556E-2,1.599366367E-1,-1.235807166E-1
5.448806375E1,2.841845155E-2,1.893640310E-1,-1.251003146E-1
5.449810375E1,1.574602723E-2,2.384637445E-1,-1.377773732E-1
5.450814375E1,5.392721854E-3,3.151252270E-1,-1.502172649E-1
5.451818475E1,7.865050808E-3,3.487943411E-1,-1.475715190E-1
5.452822475E1,9.023260325E-3,3.235912323E-1,-1.350719780E-1
5.453826475E1,8.355682716E-3,2.809787393E-1,-1.313674897E-1
5.454830475E1,8.440105245E-3,2.392208725E-1,-1.253061295E-1
5.455834475E1,8.434976451E-3,1.792580783E-1,-1.215250939E-1
5.456838575E1,2.059656754E-2,1.880073696E-1,-1.141444072E-1
5.457842575E1,3.562664241E-2,2.279309332E-1,-1.105192676E-1
5.458846575E1,3.226893023E-2,2.548789382E-1,-1.005201638E-1
5.459850575E1,3.871902451E-2,2.182887048E-1,-8.897876740E-2
5.460854675E1,4.891173914E-2,1.168856472E-1,-7.171482593E-2
5.461858675E1,4.690019786E-2,6.986261159E-2,-6.649076194E-2
5.462862675E1,3.695968166E-2,7.390209287E-2,-6.056256220E-2
5.463866675E1,2.874569036E-2,1.153500155E-1,-5.057005584E-2
5.464870775E1,1.690367796E-2,1.164621487E-1,-4.380429536E-2
5.465874775E1,7.723190822E-3,5.256344751E-2,-3.574011847E-2
5.466878775E1,3.707410302E-3,1.917832531E-2,-3.294060379E-2
5.467882775E1,1.138001680E-3,1.835414395E-2,-2.997526340E-2
5.468886875E1,2.464788500E-3,2.803020738E-2,-2.481645532E-2
5.469890875E1,6.237467751E-3,3.165139584E-3,-1.015247591E-2
5.470894875E1,5.516188685E-4,8.241124451E-3,-2.867132891E-3
5.471898875E1,-9.446375072E-3,2.127896436E-2,-2.892085351E-3
5.472902875E1,-1.798260584E-2,2.316581458E-2,-4.984796979E-3
5.473906975E1,-1.971732080E-2,3.196156397E-2,-8.517618291E-3
5.474910975E1,-2.270485647E-2,3.297596052E-2,-1.499735564E-2
5.475914975E1,-2.146797627E-2,2.905712277E-2,-1.592202857E-2
5.476918975E1,-1.732782274E-2,2.772128023E-2,-1.144445688E-2
5.477923075E1,-1.568780467E-2,1.727270335E-2,-1.052425336E-2
5.478927075E1,-1.562521979E-2,1.957074367E-2,-1.278740726E-2
5.479931075E1,-1.835834235E-2,1.515289675E-2,-2.100060880E-2
5.480935075E1,-1.315452531E-2,-8.816618472E-3,-2.700736746E-2
5.481939175E1,-7.172541693E-3,-2.618342452E-2,-3.127499670E-2
5.482943175E1,-3.802311374E-3,-2.772592753E-2,-3.343109041E-2
5.483947175E1,-8.587641641E-4,-1.037976332E-2,-4.166912660E-2
5.484951175E1,1.861388562E-3,1.790567115E-2,-4.720264301E-2
5.485955175E1,-3.342004027E-3,4.586912319E-2,-5.502912402E-2
5.486959275E1,-2.831579745E-2,3.005394153E-2,-4.433013871E-2
5.487963275E1,-9.455060214E-2,-2.039260566E-1,-4.607728496E-2
5.488967275E1,-9.031830728E-2,-2.710350454E-1,-1.979614794E-2
5.489971275E1,-1.860801429E-1,-5.399308801E-1,-2.206193656E-2
5.490975375E1,-1.887185425E-1,-5.429945588E-1,-3.778364137E-2
5.491979375E1,-2.126523703E-1,-5.296462178E-1,-5.781256780E-2
5.492983375E1,-2.025461942E-1,-4.316218793E-1,-5.819046870E-2
5.493987375E1,-2.115654498E-1,-3.889550865E-1,-4.931407794E-2
5.494991475E1,-1.640818268E-1,-2.261270434E-1,-3.213375807E-2
5.495995475E1,-1.136570051E-1,-3.350625560E-2,-2.072974853E-2
5.496999475E1,-6.320848316E-2,1.362106055E-1,-1.119935978E-2
5.498003475E1,-1.807438210E-2,2.555080950E-1,-7.063363679E-3
5.499007575E1,3.669778630E-2,3.689691424E-1,1.044630073E-3
5.500011575E1,8.626251668E-2,4.745562375E-1,5.661554635E-3
5.501015575E1,1.535587162E-1,5.594524741E-1,2.529331297E-2
5.502019575E1,1.965075284E-1,5.756180882E-1,4.458924755E-2
5.503023575E1,2.346218824E-1,5.219010711E-1,4.731073231E-2
5.504027675E1,1.683051884E-1,1.503939927E-1,-7.326063234E-3