"Time (s)","X (rad/s)","Y (rad/s)","Z (rad/s)"
3.781375010E-3,-1.799412519E-1,6.634669751E-2,8.612924069E-2
1.382237498E-2,-1.923736930E-1,1.902329475E-1,6.600639224E-2
2.386237500E-2,-1.887722611E-1,2.870069146E-1,5.644734576E-2
3.390337501E-2,-1.379628778E-1,3.242482841E-1,7.756408304E-2
4.394337500E-2,-6.571416557E-2,2.784820795E-1,1.111796424E-1
5.398437500E-2,1.280050608E-3,1.628865153E-1,1.355523616E-1
6.402437499E-2,4.023559764E-2,5.749813095E-2,1.458912194E-1
7.406537500E-2,4.137889296E-2,2.180671133E-2,1.402839422E-1
8.410537499E-2,2.084888518E-2,1.878850162E-2,1.241552830E-1
9.414537498E-2,-7.227757946E-3,2.371535078E-2,1.077816412E-1
1.041863750E-1,-4.671546444E-2,3.755026311E-2,8.988089859E-2
1.142263750E-1,-8.149261773E-2,6.137383729E-2,7.993105799E-2
1.242673750E-1,-9.779787809E-2,7.282478362E-2,7.939834148E-2
1.343073750E-1,-1.095829010E-1,8.612380922E-2,8.048997074E-2
1.443483750E-1,-1.201269180E-1,9.532561153E-2,8.258830011E-2
1.543883750E-1,-1.143334806E-1,9.094072133E-2,8.024578542E-2
1.644293750E-1,-9.753282368E-2,9.178964794E-2,7.990921289E-2
1.744693750E-1,-7.326103747E-2,1.062322259E-1,7.604656368E-2
1.845103750E-1,-5.673407763E-2,1.268453449E-1,6.756552309E-2
1.945503750E-1,-4.640660435E-2,1.246826053E-1,6.656870246E-2
2.045913750E-1,-4.060881585E-2,1.010774225E-1,6.517580152E-2
2.146313750E-1,-4.146795720E-2,8.168640733E-2,6.991250068E-2
2.246723750E-1,-4.874356091E-2,8.082145452E-2,7.145056874E-2
2.347123750E-1,-5.706726760E-2,9.306560457E-2,6.972004473E-2
2.447533750E-1,-5.807106569E-2,1.277034283E-1,6.938185543E-2
2.547933750E-1,-5.714881048E-2,2.091317028E-1,6.371172518E-2
2.648343750E-1,-5.569186434E-2,3.195135593E-1,5.421261117E-2
2.748743750E-1,-5.991217867E-2,4.456771016E-1,4.167764261E-2
2.849153750E-1,-6.325192004E-2,5.820244551E-1,3.306016326E-2
2.949553750E-1,-5.202003568E-2,7.236180902E-1,2.304907329E-2
3.049953750E-1,-4.379779473E-2,7.675769925E-1,3.719551861E-2
3.150363750E-1,-2.198011428E-2,6.984304190E-1,5.375798419E-2
3.250770833E-1,-4.997834098E-3,6.900610924E-1,6.145969778E-2
3.351180833E-1,1.548498403E-4,7.810232639E-1,6.747978181E-2
3.451580833E-1,7.166846190E-4,9.196344614E-1,6.568827480E-2
3.551990833E-1,3.498889040E-3,1.078733563E0,6.637962908E-2
3.652390833E-1,8.991466835E-3,1.228976369E0,4.821428284E-2
3.752800833E-1,2.879245905E-3,1.384543538E0,5.954179913E-3
3.853200833E-1,-1.641340740E-2,1.613970995E0,-2.956879139E-2
3.953610833E-1,-1.111717895E-2,1.918735743E0,-6.506872922E-2
4.054010833E-1,2.044407465E-2,2.200819969E0,-6.243309379E-2
4.154420833E-1,4.877851158E-2,2.406728029E0,-6.320700794E-2
4.254820833E-1,7.733548991E-3,2.586022615E0,-8.626181632E-2
4.355230833E-1,-8.547522128E-2,2.580458641E0,-1.028876677E-1
4.455630833E-1,-1.882539690E-1,2.341054440E0,-1.060238779E-1
4.556040833E-1,-2.245797515E-1,1.987665772E0,-9.949008375E-2
4.656440833E-1,-2.307028919E-1,1.700304270E0,-9.045957029E-2
4.756850833E-1,-2.005087733E-1,1.545386076E0,-8.184291422E-2
4.857250833E-1,-1.575678885E-1,1.428349495E0,-5.206954852E-2
4.957650833E-1,-1.015821323E-1,1.294796824E0,9.511523880E-3
5.058060833E-1,-5.029627308E-2,1.189360619E0,5.174656957E-2
5.158460833E-1,-4.258136079E-2,1.161983371E0,6.848906726E-2
5.258870833E-1,-5.622737482E-2,1.126345277E0,7.111239433E-2
5.359270833E-1,-8.253487945E-2,1.099633455E0,5.579948425E-2
5.459680833E-1,-1.232385933E-1,1.080361247E0,4.197138920E-2
5.560080833E-1,-1.487351656E-1,1.033517361E0,1.937233657E-2
5.660490833E-1,-1.302514523E-1,8.783578277E-1,1.236806065E-2
5.760890833E-1,-7.507874072E-2,6.907259226E-1,3.614449874E-2
5.861300833E-1,-3.906940296E-2,5.012794733E-1,2.535247803E-2
5.961700833E-1,-3.721451014E-2,3.738858104E-1,3.650819510E-2
6.062110833E-1,-5.652722344E-2,3.274884820E-1,3.752312437E-2
6.162510833E-1,-1.005383581E-1,3.279348314E-1,2.211247571E-2
6.262920833E-1,-1.322561204E-1,3.370295167E-1,2.858465351E-2
6.363320833E-1,-1.532628685E-1,3.639913797E-1,1.850086078E-2
6.463730833E-1,-1.256344169E-1,4.528901279E-1,-3.481815755E-2
6.564130833E-1,-1.286097020E-1,4.300268888E-1,-3.909779247E-3
6.664540833E-1,-1.173445284E-1,4.086142778E-1,2.165763266E-2
6.764940833E-1,-1.027587205E-1,4.338745177E-1,1.468192320E-2
6.865340833E-1,-8.098535985E-2,4.614996016E-1,6.082785781E-3
6.965750833E-1,-6.183749810E-2,4.273051322E-1,2.624671441E-3
7.066150833E-1,-5.291192234E-2,3.887258768E-1,-1.127282158E-2
7.166560833E-1,-3.828584030E-2,3.398448825E-1,-8.811664302E-4
7.266960833E-1,-4.199210554E-2,3.060249686E-1,2.452934394E-3
7.367370833E-1,-5.770795420E-2,2.691021264E-1,1.349972654E-2
7.467770833E-1,-9.066814929E-2,2.102137953E-1,3.406421095E-2
7.568180833E-1,-1.241888255E-1,1.915852427E-1,5.403925106E-2
7.668580833E-1,-1.228527948E-1,1.885929108E-1,5.633495748E-2
7.768990833E-1,-1.078099310E-1,1.940374821E-1,5.643455684E-2
7.869390833E-1,-9.851384908E-2,1.902798265E-1,6.640006602E-2
7.969800833E-1,-9.104741365E-2,1.995390952E-1,7.598984241E-2
8.070200833E-1,-8.423390985E-2,1.818700284E-1,7.219146192E-2
8.170610833E-1,-7.257538289E-2,1.911519468E-1,5.595842749E-2
8.271010833E-1,-4.539579153E-2,1.395009458E-1,6.601125747E-2
8.371420833E-1,-2.948100492E-2,1.790448874E-1,8.786143363E-2
8.471820833E-1,-3.897916153E-2,2.143576592E-1,8.081323653E-2
8.572220833E-1,-7.948743552E-2,1.302923262E-1,9.917014092E-2
8.672630833E-1,-8.721584827E-2,1.442832500E-1,1.272046417E-1
8.773030833E-1,-1.220537201E-1,2.272633463E-1,1.519278288E-1
8.873440833E-1,-1.159594953E-1,1.977103502E-1,1.204331368E-1
8.973840833E-1,-7.880147547E-2,2.749167085E-1,8.433026075E-2
9.074250833E-1,-9.689064324E-2,2.768903971E-1,8.922561258E-2
9.174650833E-1,-1.048034281E-1,2.243701965E-1,9.133563936E-2
9.275060833E-1,-7.717392594E-2,1.519868672E-1,5.381262675E-2
9.375460833E-1,-4.857743531E-2,1.122277305E-1,1.508600451E-2
9.475870833E-1,-3.275212646E-2,1.118372381E-1,1.428630576E-2
9.576270833E-1,-3.379741311E-2,1.252435893E-1,1.986189932E-2
9.676680833E-1,-3.176103905E-2,9.322521836E-2,3.208399191E-2
9.777080833E-1,-2.547571249E-2,9.095673263E-2,2.742745355E-2
9.877490833E-1,-2.453921176E-2,1.114503592E-1,2.194440225E-3
9.977890833E-1,-2.965940535E-2,5.005890131E-2,-1.228889450E-2
1.007829083E0,-3.294952214E-2,4.520603269E-2,-1.742289960E-2
1.017870083E0,-2.289449237E-2,6.755181402E-2,2.697814256E-3
1.027910083E0,-9.587792680E-3,7.262747735E-2,8.002600633E-3
1.037951083E0,6.556290202E-3,5.676755309E-2,2.772783488E-2
1.047991083E0,2.431479655E-2,-6.211836822E-3,1.826135069E-2
1.058032083E0,2.273607440E-2,-6.192490458E-2,-1.363665983E-2
1.068072083E0,1.479017548E-2,-2.954052575E-2,-2.238753438E-2
1.078113083E0,8.508311585E-3,-1.060464978E-2,-1.249415893E-2
1.088153083E0,2.417238429E-3,7.459875196E-3,1.002990408E-3
1.098194083E0,7.975038607E-4,3.564277664E-2,-1.600782154E-3
1.108234083E0,2.523589646E-3,4.793971777E-2,-7.057799026E-3
1.118275083E0,4.416298121E-3,3.995236382E-2,-9.572089650E-3
1.128315083E0,6.053376943E-3,2.868954279E-2,-7.007756270E-3
1.138356083E0,7.015843410E-3,1.735619456E-2,-2.414868446E-3
1.148396083E0,7.992932573E-3,-3.550847992E-3,3.224801039E-4
1.158436083E0,1.447559893E-2,-3.835007083E-3,2.355803736E-3
1.168477083E0,1.768136211E-2,2.288324758E-2,3.716786858E-3
1.178517083E0,1.948725060E-2,8.610302582E-3,1.458159997E-3
1.188558083E0,2.601635829E-2,-9.590689093E-3,-1.167788287E-3
1.198598083E0,2.802384831E-2,-1.867499948E-2,-3.149979282E-3
1.208639083E0,2.673905529E-2,-2.933590673E-2,-3.513707314E-3
1.218679083E0,2.809833363E-2,-1.523633301E-2,-1.978052314E-4
1.228720083E0,2.634517476E-2,-1.467840001E-2,8.483034559E-3
1.238760083E0,2.696355991E-2,5.213548429E-3,1.372546796E-2
1.248801083E0,2.255696990E-2,7.098376006E-2,2.511602826E-2
1.258841083E0,1.726793125E-2,7.066471875E-2,3.615909070E-2
1.268882083E0,1.794814318E-2,6.227176636E-2,4.575562850E-2
1.278922083E0,2.044618875E-2,7.283705473E-2,4.600649700E-2
1.288963083E0,2.513713948E-2,5.395109951E-2,4.403452203E-2
1.299003083E0,3.017291240E-2,2.245256118E-2,3.969170526E-2
1.309043083E0,3.480288386E-2,3.648385778E-2,2.816869318E-2
1.319083458E0,4.026129842E-2,5.927012861E-2,1.803909242E-2
1.329123458E0,4.472452402E-2,4.604402184E-2,9.826146066E-3
1.339164458E0,4.621962085E-2,2.959740534E-2,2.983153798E-3
1.349204458E0,5.053551868E-2,2.882066555E-2,8.133325726E-3
1.359245458E0,5.447939411E-2,1.166538149E-2,4.880274646E-3
1.369285458E0,5.724193156E-2,1.790863276E-2,1.155585703E-2
1.379326458E0,5.036591366E-2,5.229589995E-3,1.640094630E-2
1.389366458E0,3.694273159E-2,3.238232434E-2,2.463041618E-2
1.399407458E0,1.836585440E-2,4.175158963E-2,2.504453808E-2
1.409447458E0,4.249767866E-3,2.824936248E-2,2.616093494E-2
1.419488458E0,-3.742661327E-3,1.944244839E-2,1.900583133E-2
1.429528458E0,-4.507888108E-3,6.691914983E-3,1.286438666E-2
1.439568458E0,-8.375329897E-3,-6.113096140E-3,1.286119036E-2
1.449609458E0,-1.353492215E-2,-2.000536770E-2,1.209019404E-2
1.459649458E0,-1.941358298E-2,-2.441822551E-2,1.015620679E-2
1.469690458E0,-2.413675003E-2,-2.582097054E-2,1.275655255E-2
1.479730458E0,-3.458965570E-2,-2.068852633E-2,1.659416780E-2
1.489771458E0,-4.267102480E-2,-1.573643088E-2,2.027612552E-2
1.499811458E0,-4.619891569E-2,-9.120874107E-3,2.306924947E-2
1.509852458E0,-4.884392023E-2,-4.894113168E-3,2.519281954E-2
1.519892458E0,-4.547102749E-2,-9.347451851E-3,2.590894327E-2
1.529933458E0,-3.522061184E-2,-2.070709318E-2,2.371663786E-2
1.539973458E0,-2.067788690E-2,-2.930883877E-2,1.830562763E-2
1.550014458E0,-5.431155208E-3,-3.017229959E-2,1.171067078E-2
1.560054458E0,6.221239455E-3,-2.762392163E-2,9.144981392E-3
1.570094458E0,1.375675295E-2,-2.010450326E-2,3.872037167E-3
1.580135458E0,1.774297282E-2,-1.448896062E-2,4.796420224E-3
1.590175458E0,1.851281710E-2,-1.406187937E-2,1.517536817E-3
1.600216458E0,1.624486968E-2,-1.899085753E-2,5.566606764E-3
1.610256458E0,1.607084833E-2,-2.352990583E-2,7.614126895E-3
1.620297458E0,1.774517819E-2,-2.434456721E-2,1.600468159E-2
1.630337458E0,2.132273652E-2,-2.262543142E-2,2.052903362E-2
1.640378458E0,2.254512720E-2,-5.174535792E-3,1.743949950E-2
1.650418458E0,2.255304903E-2,-1.450055838E-2,1.700039022E-2
1.660459458E0,2.219964750E-2,-7.100433577E-3,1.008362882E-2
1.670499458E0,2.004454285E-2,-1.523062820E-3,4.211887717E-3
1.680540458E0,1.687405072E-2,1.169393072E-3,-9.266816778E-4
1.690580458E0,7.212734316E-3,7.082219236E-5,-7.813229226E-3
1.700620458E0,1.204909175E-3,-9.743458591E-3,-1.262209937E-2
1.710661458E0,-2.995162271E-3,-2.518153749E-2,-1.435714867E-2
1.720701458E0,-1.149857882E-3,-3.970775008E-2,-1.196749415E-2
1.730742458E0,1.090484904E-3,-4.016574845E-2,-7.588923909E-3
1.740782458E0,4.887619987E-3,-2.561876737E-2,9.216519538E-5
1.750823458E0,5.262184888E-3,-7.558660582E-3,6.283982191E-3
1.760863458E0,5.057387985E-3,5.577648059E-3,1.288782246E-2
1.770904458E0,3.659486305E-3,1.081789657E-2,1.508853212E-2
1.780944458E0,2.405137289E-3,1.031509135E-2,1.233801898E-2
1.790985458E0,1.858490519E-3,1.034743246E-2,1.137335133E-2
1.801025458E0,4.764531739E-3,5.997957662E-3,1.059890445E-2
1.811066458E0,4.606139380E-3,-1.593082910E-3,9.627522901E-3
1.821106458E0,3.388808575E-3,-4.227481782E-3,7.932952605E-3
1.831146458E0,1.866330858E-4,-1.585176215E-4,8.191751316E-3
1.841187458E0,-3.365224926E-3,4.969399422E-3,7.748335600E-3
1.851227458E0,-2.481222386E-3,8.518843912E-3,9.019315243E-3
1.861268458E0,-9.613560978E-4,1.085150614E-2,7.196114864E-3
1.871308458E0,1.002801582E-4,4.696524702E-3,4.328618757E-3
1.881349458E0,1.395641710E-3,-9.507178329E-3,1.433762605E-3
1.891389458E0,1.818418037E-3,-2.275433950E-2,2.570759971E-3
1.901430458E0,-2.276458312E-3,-2.747559175E-2,2.404046012E-3
1.911470458E0,-5.175900646E-3,-3.301934153E-2,6.919076201E-3
1.921511458E0,-7.500307634E-3,-3.464440256E-2,1.390268281E-2
1.931551458E0,-1.070623752E-2,-2.699724399E-2,1.907455362E-2
1.941591458E0,-8.960535750E-3,-1.799842156E-2,1.829850860E-2
1.951632458E0,-4.974823445E-3,-8.685184643E-3,1.792524941E-2
1.961672458E0,-3.970811609E-3,-3.414522856E-3,1.558486279E-2
1.971713458E0,-4.061009735E-3,1.654545777E-3,1.687324233E-2
1.981753458E0,-5.323347636E-3,2.160013886E-3,1.284840703E-2
1.991794458E0,-7.713568397E-3,-5.409172736E-3,1.163642667E-2
2.001834458E0,-9.570590220E-3,-1.162951812E-2,9.467814118E-3
2.011875458E0,-8.386781439E-3,-1.490179356E-2,6.956430152E-3
2.021915458E0,-5.919096991E-3,-1.615481079E-2,4.321498796E-3
2.031956458E0,1.135874772E-3,-1.681532897E-2,3.009498119E-3
2.041996458E0,3.853897098E-3,-1.469438802E-2,1.448353170E-3
2.052036458E0,5.437844433E-3,-6.333243102E-3,3.038595431E-3
2.062077458E0,6.179534830E-3,6.192934699E-3,2.834863495E-3
2.072117458E0,4.818235990E-3,1.023658179E-2,4.182748031E-3
2.082158458E0,3.842720063E-3,6.624004804E-3,7.088523358E-3
2.092198458E0,3.536888864E-3,-2.220333554E-4,6.913090125E-3
2.102239458E0,-1.132697798E-3,-6.279393099E-3,7.003104314E-3
2.112279458E0,-3.031257307E-3,-6.862571463E-3,8.092731237E-3
2.122320458E0,-4.147920758E-3,-7.271366194E-3,9.960938245E-3
2.132360458E0,-4.983994178E-3,-8.643997833E-3,9.040307254E-3
2.142401458E0,-6.880963687E-3,-5.897998344E-4,9.686389938E-3
2.152441458E0,-7.971737534E-3,7.321099751E-3,7.608602289E-3
2.162482458E0,-1.007350441E-2,1.158375572E-2,8.404887281E-3
2.172522458E0,-1.064934768E-2,9.524167515E-3,7.934617810E-3
2.182562458E0,-1.136227511E-2,3.275326453E-3,6.791322492E-3
2.192603458E0,-1.251609623E-2,-1.458515134E-2,8.562906645E-3
2.202643458E0,-1.293527894E-2,-2.466228604E-2,6.472857669E-3
2.212684458E0,-1.070796791E-2,-2.416517027E-2,8.312894031E-3
2.222724458E0,-1.081582531E-2,-1.290292852E-2,7.435382344E-3
2.232765458E0,-1.424096804E-2,7.515719626E-4,8.634372614E-3
2.242805458E0,-1.786313392E-2,8.347973228E-3,1.022214908E-2
2.252846458E0,-1.752753183E-2,-2.228745725E-4,1.059855800E-2
2.262886458E0,-1.355010085E-2,-2.204266377E-3,6.478381343E-3
2.272927458E0,-1.168352552E-2,-2.418008819E-2,9.066730738E-3
2.282967458E0,-8.114622906E-3,-4.330318421E-2,1.204840560E-2
2.293007458E0,-4.593775608E-3,-5.227559432E-2,1.281228010E-2
2.303048458E0,-2.844611416E-3,-5.181247368E-2,1.670235954E-2
2.313088458E0,-8.460843004E-3,-3.904670849E-2,1.433273777E-2
2.323129458E0,-1.245158911E-2,-2.529574186E-2,1.320994925E-2
2.333169208E0,-1.354818139E-2,-1.417599339E-2,1.037246455E-2
2.343210208E0,-6.718770601E-3,-6.073858589E-3,9.268051013E-3
2.353250208E0,-2.976454562E-3,1.579271164E-3,6.864653900E-3
2.363291208E0,-1.063506119E-3,2.078347374E-3,3.745559603E-3
2.373331208E0,-2.899864689E-3,-8.409130387E-4,2.701006597E-3
2.383372208E0,-6.951065268E-3,-3.100871574E-3,3.046152182E-3
2.393412208E0,-8.383137174E-3,-1.000265032E-2,3.883998841E-3
2.403452208E0,-1.099383365E-2,-1.718333364E-2,5.881103221E-3
2.413493208E0,-8.260539733E-3,-2.199826390E-2,3.232393181E-3
2.423533208E0,-9.734332561E-3,-2.080410346E-2,3.817489836E-3
2.433574208E0,-1.440977119E-2,-1.926727220E-2,6.684157997E-3
2.443614208E0,-1.539381035E-2,-2.016528882E-2,6.952604279E-3
2.453655208E0,-1.655839197E-2,-1.744223200E-2,7.006740198E-3
2.463695208E0,-1.869531162E-2,-1.525577717E-2,9.118626826E-3
2.473736208E0,-1.905064471E-2,-1.490840223E-2,6.807849277E-3
2.483776208E0,-1.926103421E-2,-1.355152112E-2,5.953773391E-3
2.493816208E0,-1.877946965E-2,-1.227876171E-2,7.848747075E-3
2.503857208E0,-1.508966088E-2,-7.014757022E-3,4.619398154E-3
2.513897208E0,-8.626026101E-3,-2.996194176E-3,2.724863589E-3
2.523938208E0,-4.283742048E-3,-2.564495895E-3,3.575796727E-4
2.533978208E0,-3.669385333E-4,5.232349504E-4,-1.205625711E-3
2.544019208E0,1.417911961E-3,4.704664461E-3,-1.289248932E-3
2.554059208E0,-5.649959203E-4,9.012803202E-4,2.461405704E-3
2.564100208E0,-1.925338758E-3,-6.228268147E-3,3.622810356E-3
2.574140208E0,-1.070620958E-3,-1.251528878E-2,4.097445402E-3
2.584181208E0,2.239688300E-3,-1.602640003E-2,3.082248615E-3
2.594221208E0,3.542823019E-3,-1.557546947E-2,3.520836821E-3
2.604261208E0,6.492007524E-3,-1.036925614E-2,6.248446181E-3
2.614302208E0,8.816737682E-3,-9.012660943E-3,6.468164269E-3
2.624342208E0,1.129454188E-2,-1.004143991E-2,6.814907771E-3
2.634383208E0,9.083420970E-3,-8.699623868E-3,6.404448301E-3
2.644423208E0,7.614687085E-3,-8.080172352E-3,6.608979311E-3
2.654464208E0,4.166482016E-3,-1.325817499E-2,3.232361050E-3
2.664504208E0,1.283343765E-3,-1.876319386E-2,-6.816867972E-4
2.674545208E0,-1.805328531E-3,-2.501445636E-2,-7.315714611E-4
2.684585208E0,-5.454392172E-3,-2.386716753E-2,-1.234908937E-3
2.694625208E0,-1.039397530E-2,-1.811934076E-2,-4.432711285E-4
2.704666208E0,-1.145710796E-2,-1.119165868E-2,1.796180964E-3
2.714706208E0,-7.634297945E-3,-5.648652092E-3,5.775537342E-3
2.724747208E0,-1.782800537E-3,8.137740660E-4,5.932930391E-3
2.734787208E0,1.506427769E-3,6.870863959E-3,7.763481699E-3
2.744828208E0,2.657446079E-3,3.847377142E-3,6.023905240E-3
2.754868208E0,-3.023858881E-3,-6.924202666E-3,3.858477809E-3
2.764909208E0,-6.732842885E-3,-1.960324496E-2,1.705311937E-3
2.774949208E0,-1.418684795E-2,-2.933897264E-2,5.391714629E-3
2.784990208E0,-1.780768298E-2,-2.804707177E-2,9.278066456E-3
2.795030208E0,-2.110496722E-2,-1.757275686E-2,1.379253902E-2
2.805070208E0,-1.773154177E-2,-4.340572748E-3,1.541547105E-2
2.815111208E0,-1.674043573E-2,2.889762167E-3,1.294276398E-2
2.825151208E0,-1.187377609E-2,1.357872970E-4,6.353304721E-3
2.835192208E0,-4.429234192E-3,-5.090511404E-3,4.923093133E-3
2.845232208E0,-4.778374918E-3,-1.075958274E-2,1.921710675E-3
2.855273208E0,-5.692138802E-3,-1.468316745E-2,4.525505472E-3
2.865313208E0,-7.143561263E-3,-1.982706413E-2,4.016841762E-3
2.875354208E0,-1.138224825E-2,-2.216052637E-2,5.509543233E-3
2.885394208E0,-1.130581647E-2,-1.753994077E-2,6.741787773E-3
2.895435208E0,-7.465487346E-3,-1.413955819E-2,7.244026754E-3
2.905475208E0,-5.026032217E-3,-1.280345023E-2,8.392382413E-3
2.915515208E0,-1.301269513E-4,-6.848147139E-3,8.704803884E-3
2.925556208E0,2.161256736E-3,3.003151156E-3,8.323173039E-3
2.935596208E0,-1.648510341E-3,1.087509654E-2,6.691352930E-3
2.945637208E0,-6.002900191E-4,1.000717282E-2,4.927807953E-3
2.955677208E0,-5.041178316E-3,1.648142468E-3,4.540363327E-3
2.965718208E0,-1.025111973E-2,-1.271002367E-2,2.400779631E-3
2.975758208E0,-1.168378629E-2,-2.039501444E-2,2.500747796E-3
2.985799208E0,-1.337116584E-2,-2.173032239E-2,3.124460112E-3
2.995839208E0,-1.741567440E-2,-1.439123508E-2,7.156996988E-3
3.005879208E0,-2.016778477E-2,-7.252631709E-3,7.800416090E-3
3.015920208E0,-1.742628403E-2,-2.769462764E-3,7.048178930E-3
3.025960208E0,-1.315004565E-2,-7.208153140E-3,2.650234848E-3
3.036001208E0,-8.908223361E-3,-1.058834884E-2,-1.099857036E-3
3.046041208E0,-5.329466891E-3,-1.564808935E-2,-4.303382011E-4
3.056082208E0,-4.137909971E-3,-1.477073319E-2,3.136527957E-3
3.066122208E0,-3.935775720E-3,-6.833180320E-3,3.138125874E-3
3.076163208E0,-9.003505111E-3,1.313147321E-2,1.710937824E-3
3.086203208E0,-1.685130782E-2,3.060207516E-2,-8.442097344E-3
3.096243208E0,-1.555905864E-2,3.796119615E-2,-1.325368602E-2
3.106284208E0,-1.032781042E-2,3.081566840E-2,-1.699995622E-2
3.116324208E0,5.988278426E-3,1.998730749E-2,-2.072302997E-2
3.126365208E0,1.433276106E-2,1.729618199E-2,-1.471787039E-2
3.136405208E0,1.308055129E-2,2.374747768E-2,-2.965478692E-3
3.146446208E0,3.655091394E-3,4.120583087E-2,1.224117074E-2
3.156486208E0,-8.116155863E-3,6.087891385E-2,2.839635499E-2
3.166527208E0,-1.478843950E-2,7.928481698E-2,3.151838109E-2
3.176567208E0,-3.587176558E-3,1.085074693E-1,2.829315327E-2
3.186607208E0,1.433642954E-2,1.004761755E-1,1.906157099E-2
3.196648208E0,4.341571033E-2,1.021343917E-1,5.836026743E-3
3.206688208E0,7.638298720E-2,1.180734113E-1,-7.955152541E-3
3.216729208E0,1.017262042E-1,1.429904103E-1,-1.464166958E-2
3.226769208E0,1.098288670E-1,1.893501878E-1,1.896826434E-3
3.236810208E0,9.793678671E-2,1.612740755E-1,3.378285468E-2
3.246850208E0,7.180200517E-2,1.269457787E-1,6.679517031E-2
3.256891208E0,4.447224364E-2,8.700202405E-2,8.920788765E-2
3.266931208E0,3.120544180E-2,7.231309265E-2,9.836570174E-2
3.276971208E0,4.247444123E-2,4.452445358E-2,9.471444041E-2
3.287012208E0,6.363858283E-2,4.359447584E-2,7.579348236E-2
3.297052208E0,8.470549434E-2,5.740147457E-2,5.256234482E-2
3.307093208E0,1.008594334E-1,7.004376501E-2,3.051030450E-2
3.317133208E0,1.097694933E-1,8.170925826E-2,1.456401311E-2
3.327175083E0,1.138736904E-1,9.242315590E-2,8.613446727E-3
3.337215083E0,1.162687391E-1,9.227125347E-2,2.520569414E-2
3.347256083E0,1.102816910E-1,7.526244223E-2,4.562574625E-2
3.357296083E0,9.761919826E-2,3.515289724E-2,4.911871627E-2
3.367337083E0,8.346556872E-2,-3.518334124E-4,4.086611420E-2
3.377377083E0,7.610945404E-2,-1.410617214E-2,2.180186845E-2
3.387417083E0,7.386174798E-2,-2.312390134E-2,7.189370692E-3
3.397458083E0,6.240143627E-2,-4.025505111E-2,-2.795396838E-3
3.407498083E0,4.932984337E-2,-5.997469276E-2,-1.314945868E-3
3.417539083E0,3.234819695E-2,-5.929931626E-2,1.069648657E-3
3.427579083E0,1.280592009E-2,-2.697599865E-2,1.778049394E-3
3.437620083E0,-1.052760612E-2,3.381454200E-2,-3.875192022E-3
3.447660083E0,-3.048134036E-2,9.882949293E-2,-5.778286606E-3
3.457700083E0,-5.796292424E-2,1.485536844E-1,-6.380190607E-3
3.467741083E0,-9.713882953E-2,1.756561399E-1,-6.516544614E-3
3.477781083E0,-1.427553147E-1,1.923695505E-1,8.010338061E-3
3.487822083E0,-1.840614825E-1,2.226121426E-1,3.243818134E-2
3.497862083E0,-2.026670873E-1,2.697889805E-1,4.590696096E-2
3.507903083E0,-2.108802646E-1,3.192513287E-1,6.185956299E-2
3.517943083E0,-2.205165029E-1,3.543433845E-1,9.631264955E-2
3.527984083E0,-2.345036864E-1,3.644306660E-1,1.275001317E-1
3.538024083E0,-2.560886145E-1,3.409487009E-1,1.489536315E-1
3.548065083E0,-2.811090350E-1,2.949726880E-1,1.497104913E-1
3.558105083E0,-2.816955447E-1,2.217169106E-1,1.505658180E-1
3.568145083E0,-2.636555433E-1,1.495031714E-1,1.480688453E-1
3.578186083E0,-2.264241129E-1,9.252426028E-2,1.407342553E-1
3.588226083E0,-1.688186079E-1,5.908906832E-2,1.400136054E-1
3.598267083E0,-1.049037278E-1,7.119493186E-2,1.526319087E-1
3.608307083E0,-4.400096089E-2,1.346426010E-1,1.812142879E-1
3.618348083E0,1.098236907E-2,2.016401142E-1,2.056768984E-1
3.628388083E0,5.397963524E-2,2.472116053E-1,2.306261957E-1
3.638429083E0,7.347137481E-2,2.594478726E-1,2.539830208E-1
3.648469083E0,5.713980272E-2,2.430249602E-1,2.813216746E-1
3.658509083E0,1.340222731E-2,1.968830973E-1,3.062967956E-1
3.668550083E0,-3.591125831E-2,1.514415741E-1,3.378869295E-1
3.678590083E0,-7.929741591E-2,1.360922903E-1,3.719528019E-1
3.688631083E0,-1.107765138E-1,1.505985260E-1,3.966549635E-1
3.698671083E0,-1.339891702E-1,1.705907583E-1,3.991048038E-1
3.708712083E0,-1.503726691E-1,1.675086766E-1,3.778791428E-1
3.718752083E0,-1.558455080E-1,1.569343954E-1,3.506425023E-1
3.728792083E0,-1.473196745E-1,1.402832419E-1,3.229999542E-1
3.738833083E0,-1.330244541E-1,1.320806146E-1,2.834606767E-1
3.748873083E0,-1.126968190E-1,1.413848996E-1,2.346105874E-1
3.758914083E0,-8.843630552E-2,1.742685437E-1,2.108669579E-1
3.768954083E0,-6.530701369E-2,2.112414688E-1,2.003269643E-1
3.778995083E0,-5.865845084E-2,2.283676267E-1,1.933756024E-1
3.789035083E0,-6.027258933E-2,2.278142124E-1,1.934672147E-1
3.799076083E0,-6.863610446E-2,2.046609968E-1,1.980612427E-1
3.809116083E0,-7.930313051E-2,1.643202305E-1,2.152237147E-1
3.819156083E0,-8.345545083E-2,1.166586578E-1,2.314778715E-1
3.829197083E0,-8.409967273E-2,7.515995204E-2,2.433049679E-1
3.839237083E0,-9.332007170E-2,5.430287123E-2,2.404583097E-1
3.849278083E0,-1.100092977E-1,5.240217224E-2,2.214100510E-1
3.859318083E0,-1.152408123E-1,7.417964190E-2,1.926822662E-1
3.869359083E0,-9.658430517E-2,1.207977459E-1,1.578031182E-1
3.879399083E0,-5.074048415E-2,1.793597341E-1,1.053088233E-1
3.889440083E0,9.381175041E-3,2.508794665E-1,4.203823954E-2
3.899480083E0,7.800184935E-2,3.255043030E-1,-2.949484065E-2
3.909520083E0,1.471159458E-1,3.807092607E-1,-8.177775145E-2
3.919561083E0,2.071353942E-1,4.076331258E-1,-1.009383053E-1
3.929601083E0,2.669262886E-1,3.947868347E-1,-9.170246124E-2
3.939642083E0,3.061763644E-1,3.157663643E-1,-8.234617114E-2
3.949682083E0,3.319134414E-1,2.321489751E-1,-5.945736542E-2
3.959723083E0,3.582997620E-1,1.795122325E-1,-2.468954027E-2
3.969763083E0,3.702680171E-1,1.576926857E-1,1.047297381E-2
3.979803083E0,3.685817420E-1,1.386511475E-1,2.864954807E-2
3.989844083E0,3.730995357E-1,1.211421937E-1,4.903258756E-2
3.999884083E0,4.005452394E-1,1.057850718E-1,5.654019490E-2
4.009925083E0,4.430154860E-1,7.887702435E-2,4.212769866E-2
4.019965083E0,4.812510610E-1,4.935285449E-2,1.180224214E-2
4.030006083E0,5.017385483E-1,1.750304550E-2,-2.522794716E-2
4.040046083E0,5.045512915E-1,3.631700296E-3,-3.351208195E-2
4.050087083E0,4.819796979E-1,9.440382710E-4,-2.686909214E-2
4.060127083E0,4.538458288E-1,-1.116654184E-2,-1.419206522E-2
4.070167083E0,4.275327325E-1,-1.569631323E-2,1.802898757E-2
4.080208083E0,3.633908331E-1,-1.074062381E-2,5.499054492E-2
4.090248083E0,2.536712587E-1,1.634505577E-2,9.552651644E-2
4.100289083E0,1.443510652E-1,8.155462146E-2,1.259440035E-1
4.110329083E0,4.648362100E-2,1.855598539E-1,1.542150527E-1
4.120370083E0,-5.954131857E-2,2.778416574E-1,1.954475939E-1
4.130410083E0,-1.678499430E-1,2.716436684E-1,2.380254120E-1
4.140450083E0,-2.413552552E-1,1.615554839E-1,2.590546310E-1
4.150491083E0,-2.329966575E-1,-2.226414345E-2,2.417379469E-1
4.160531083E0,-1.596132219E-1,-2.109723240E-1,1.959675252E-1
4.170572083E0,-7.076456398E-2,-3.505398035E-1,1.143818349E-1
4.180612083E0,4.032499343E-2,-4.645410776E-1,4.672166333E-2
4.190653083E0,1.492256373E-1,-5.371828079E-1,5.376088433E-3
4.200693083E0,2.676554024E-1,-5.853794217E-1,-4.018132016E-2
4.210734083E0,3.783036172E-1,-6.089947820E-1,-9.231510013E-2
4.220774083E0,4.594520628E-1,-6.007373929E-1,-1.360411644E-1
4.230814083E0,4.974042475E-1,-5.397147536E-1,-1.673119962E-1
4.240855083E0,5.281958580E-1,-3.980127275E-1,-1.739079356E-1
4.250895083E0,5.520186424E-1,-1.894890666E-1,-1.663919687E-1
4.260936083E0,5.412980318E-1,4.968115687E-2,-1.604742557E-1
4.270976083E0,4.947050214E-1,2.759649158E-1,-1.481707245E-1
4.281017083E0,4.218484163E-1,4.462010860E-1,-1.409941912E-1
4.291057083E0,3.287869096E-1,5.174025297E-1,-1.429281831E-1
4.301097083E0,2.074588239E-1,4.673983157E-1,-1.541327089E-1
4.311138083E0,5.492839590E-2,3.415642083E-1,-1.983236074E-1
4.321178083E0,-9.247431159E-2,2.185199261E-1,-2.856886685E-1
4.331218458E0,-1.993842423E-1,1.213158816E-1,-4.059825838E-1
4.341258458E0,-2.363508344E-1,3.587548807E-2,-5.100165009E-1
4.351299458E0,-2.248337269E-1,-5.931866914E-2,-5.414479375E-1
4.361339458E0,-2.045857757E-1,-1.603692323E-1,-5.650737286E-1
4.371379458E0,-1.872288883E-1,-2.720885575E-1,-6.264343262E-1
4.381420458E0,-1.593802571E-1,-3.466152847E-1,-6.652705073E-1
4.391460458E0,-1.304175854E-1,-3.843890429E-1,-6.706753969E-1
4.401501458E0,-1.126067266E-1,-3.544562459E-1,-6.527509093E-1
4.411541458E0,-1.131867617E-1,-2.943423092E-1,-6.273547411E-1
4.421582458E0,-1.171643659E-1,-2.131837755E-1,-5.923966765E-1
4.431622458E0,-1.043537632E-1,-1.378434747E-1,-5.554338694E-1
4.441662458E0,-8.046050370E-2,-5.381169170E-2,-5.057800412E-1
4.451703458E0,-5.139822513E-2,3.957444429E-2,-4.538739026E-1
4.461743458E0,-2.515107207E-2,1.173641607E-1,-4.040521085E-1
4.471784458E0,-1.368323341E-2,2.021725327E-1,-3.713431656E-1
4.481824458E0,-1.892435923E-2,2.473949790E-1,-3.564122617E-1
4.491865458E0,-2.809761837E-2,2.801340222E-1,-3.525213897E-1
4.501905458E0,-3.904610500E-2,2.531723678E-1,-3.356454670E-1
4.511946458E0,-5.488365889E-2,2.064352334E-1,-3.074708283E-1
4.521986458E0,-7.395596802E-2,1.136396453E-1,-2.755233943E-1
4.532026458E0,-8.590690047E-2,1.410373207E-2,-2.378468663E-1
4.542067458E0,-9.260547161E-2,-7.095136493E-2,-1.940055192E-1
4.552107458E0,-1.027846038E-1,-1.224755421E-1,-1.568096876E-1
4.562148458E0,-1.084140167E-1,-1.546067446E-1,-1.158093810E-1
4.572188458E0,-1.123160794E-1,-1.878696233E-1,-6.517335773E-2
4.582229458E0,-1.200603470E-1,-2.227957547E-1,-8.646800183E-3
4.592269458E0,-1.246343181E-1,-2.592605650E-1,4.663323238E-2
4.602309458E0,-1.347966641E-1,-2.701026797E-1,7.996974140E-2
4.612350458E0,-1.417027712E-1,-2.350493371E-1,8.643162996E-2
4.622390458E0,-1.618685871E-1,-1.650382876E-1,7.264274359E-2
4.632431458E0,-1.989416629E-1,-8.000861108E-2,4.903408512E-2
4.642471458E0,-2.368876785E-1,1.220786944E-4,1.571219973E-2
4.652512458E0,-2.609245777E-1,6.292980164E-2,-1.633707806E-2
4.662552458E0,-2.757585645E-1,1.089761332E-1,-4.669610411E-2
4.672592458E0,-2.795551717E-1,1.327871829E-1,-6.078502536E-2
4.682633458E0,-2.662648261E-1,1.623125225E-1,-7.080785185E-2
4.692673458E0,-2.426167578E-1,1.580211073E-1,-6.387031823E-2
4.702714458E0,-2.395647913E-1,1.785494983E-1,-6.371518224E-2
4.712754458E0,-2.820400596E-1,2.145594358E-1,-7.517103851E-2
4.722795458E0,-3.669866025E-1,2.488915175E-1,-7.959073782E-2
4.732835458E0,-4.774867296E-1,2.685746849E-1,-8.435672522E-2
4.742875458E0,-5.828099847E-1,2.348000407E-1,-9.879623353E-2
4.752916458E0,-6.591897011E-1,1.039938256E-1,-1.272339970E-1
4.762956458E0,-6.912830472E-1,-7.019358873E-2,-1.677372903E-1
4.772997458E0,-6.874707341E-1,-2.329691947E-1,-2.089856565E-1
4.783037458E0,-6.494705081E-1,-3.235281110E-1,-2.388449609E-1
4.793078458E0,-5.810757279E-1,-2.475063056E-1,-2.730700374E-1
4.803118458E0,-5.281817913E-1,-8.702240884E-2,-3.532857001E-1
4.813158458E0,-5.159629583E-1,4.683259502E-2,-4.729212821E-1
4.823199458E0,-4.818801582E-1,1.069071144E-1,-5.699362159E-1
4.833239458E0,-4.044772387E-1,1.825260930E-2,-6.082918644E-1
4.843280458E0,-2.797953188E-1,-2.285051346E-1,-5.756995082E-1
4.853320458E0,-1.635746807E-1,-5.578782558E-1,-4.790121317E-1
4.863361458E0,-1.003062874E-1,-8.745726347E-1,-3.555814922E-1
4.873401458E0,-1.266529560E-1,-1.061563849E0,-2.391211987E-1
4.883441458E0,-2.305222750E-1,-1.022842050E0,-1.383493394E-1
4.893482458E0,-3.493583798E-1,-8.072757125E-1,-8.365999907E-2
4.903522458E0,-4.467291832E-1,-5.311100483E-1,-7.481376827E-2
4.913563458E0,-4.997023940E-1,-2.604843676E-1,-7.520098984E-2
4.923603458E0,-4.726876318E-1,-6.308209896E-2,-3.610866517E-2
4.933644458E0,-3.755911887E-1,6.235678121E-2,2.581728622E-2
4.943684458E0,-2.122856230E-1,1.363200545E-1,8.601019531E-2
4.953724458E0,-4.532512650E-2,1.777402014E-1,1.529175937E-1
4.963765458E0,7.721226662E-2,1.726523936E-1,2.053753287E-1
4.973805458E0,1.444040835E-1,1.232971027E-1,2.409301251E-1
4.983846458E0,1.668873280E-1,2.137317788E-4,2.699098289E-1
4.993886458E0,1.990665644E-1,-9.788167477E-2,2.723801732E-1
5.003927458E0,2.432537675E-1,-1.577091664E-1,2.870703042E-1
5.013967458E0,2.890020609E-1,-1.771813929E-1,3.592028320E-1
5.024007458E0,3.447752297E-1,-1.557987779E-1,4.682277739E-1
5.034048458E0,3.886476159E-1,-1.144920886E-1,5.732138157E-1
5.044088458E0,4.057131112E-1,-7.526180893E-2,6.440161467E-1
5.054129458E0,4.249592423E-1,-7.743760943E-2,6.674402356E-1
5.064169458E0,4.569324553E-1,-8.508124948E-2,6.870579720E-1
5.074210458E0,4.906728268E-1,-6.918510795E-2,7.118519545E-1
5.084250458E0,5.239201188E-1,-3.650562838E-2,7.135777473E-1
5.094290458E0,5.446504354E-1,1.788970456E-2,6.849248409E-1
5.104331458E0,5.531855822E-1,9.735946357E-2,6.438490152E-1
5.114371458E0,5.432378650E-1,1.852775961E-1,5.915527940E-1
5.124412458E0,5.133739710E-1,3.046326339E-1,5.416951180E-1
5.134452458E0,4.724336565E-1,3.960512280E-1,4.911608398E-1
5.144492458E0,4.369922578E-1,4.356648326E-1,4.457636774E-1
5.154533458E0,4.159391820E-1,4.089735746E-1,4.057933688E-1
5.164573458E0,4.012248516E-1,3.333274424E-1,3.678050339E-1
5.174614458E0,3.887708485E-1,2.442801297E-1,3.377273083E-1
5.184654458E0,3.682062626E-1,1.813430935E-1,3.124708831E-1
5.194695458E0,3.303182721E-1,1.329225600E-1,2.820871472E-1
5.204735458E0,2.856392264E-1,1.274929047E-1,2.460886687E-1
5.214775458E0,2.410403490E-1,1.250787526E-1,2.061657608E-1
5.224816458E0,2.008050680E-1,1.204938069E-1,1.658923477E-1
5.234856458E0,1.725667864E-1,9.732829779E-2,1.276829094E-1
5.244897458E0,1.713364124E-1,5.286000669E-2,9.230387211E-2
5.254937458E0,1.970545650E-1,6.484785117E-3,5.373730510E-2
5.264978458E0,2.388094664E-1,-3.077017516E-2,1.466074027E-2
5.275018458E0,2.787187994E-1,-5.437377095E-2,-7.507412694E-3
5.285058458E0,3.112873435E-1,-6.748840958E-2,-1.460522879E-2
5.295099458E0,3.434631228E-1,-6.080333889E-2,-3.619422670E-3
5.305139458E0,3.697437644E-1,-1.487754937E-2,2.147004940E-2
5.315180458E0,3.893440962E-1,7.760231942E-2,5.138640106E-2
5.325220333E0,4.203326106E-1,1.618214250E-1,8.684946597E-2
5.335261333E0,4.656388462E-1,1.979722381E-1,1.271404326E-1
5.345301333E0,5.019898415E-1,1.648191810E-1,1.446158737E-1
5.355341333E0,5.112965703E-1,1.278342605E-1,1.268967837E-1
5.365382333E0,4.776130021E-1,1.338120997E-1,1.150269136E-1
5.375422333E0,4.312841296E-1,1.659087837E-1,1.356831789E-1
5.385463333E0,3.816826642E-1,1.779128760E-1,1.781185418E-1
5.395503333E0,3.283395469E-1,1.770372391E-1,2.251366526E-1
5.405543333E0,2.766299844E-1,1.160375774E-1,2.630262673E-1
5.415584333E0,2.362772375E-1,3.083867719E-3,2.838234305E-1
5.425624333E0,2.216391563E-1,-1.110087261E-1,2.675509751E-1
5.435665333E0,2.357605696E-1,-1.349808872E-1,2.224620730E-1
5.445705333E0,2.395337671E-1,-4.084252566E-2,1.686708629E-1
5.455746333E0,2.322063446E-1,1.207066923E-1,9.832559526E-2
5.465786333E0,1.988438815E-1,2.220480740E-1,2.723969147E-2
5.475826333E0,1.170331687E-1,2.201428413E-1,3.085359931E-2
5.485867333E0,9.570406750E-3,1.623999774E-1,1.105617136E-1
5.495907333E0,-7.693865150E-2,9.937680513E-2,2.317022532E-1
5.505948333E0,-1.439801157E-1,3.887153417E-2,3.290131390E-1
5.515988333E0,-2.023936212E-1,1.616888121E-2,4.100760520E-1
5.526029333E0,-2.279783040E-1,-2.758610621E-2,4.435330331E-1
5.536069333E0,-1.963002682E-1,-1.615186185E-1,4.384706318E-1
5.546109333E0,-1.298677474E-1,-3.757453561E-1,4.041553140E-1
5.556150333E0,-4.964055121E-2,-5.884056687E-1,3.849573731E-1
5.566190333E0,2.432942204E-2,-6.945208311E-1,3.340380490E-1
5.576231333E0,7.701206952E-2,-6.313259006E-1,2.022893429E-1
5.586271333E0,1.244900897E-1,-4.023229778E-1,2.467502467E-2
5.596312333E0,1.351267397E-1,-7.718987018E-2,-1.557197869E-1
5.606352333E0,1.080550477E-1,2.471480072E-1,-3.221691549E-1
5.616392333E0,5.914742500E-2,4.689621329E-1,-4.534744322E-1
5.626433333E0,-1.517174300E-2,5.226765871E-1,-5.175951123E-1
5.636473333E0,-1.251682788E-1,4.006479084E-1,-5.345757008E-1
5.646514333E0,-2.761609554E-1,1.874423623E-1,-5.370265841E-1
5.656554333E0,-4.279206693E-1,-2.996798232E-2,-5.279212594E-1
5.666594333E0,-5.289818645E-1,-1.524547487E-1,-5.114867091E-1
5.676635333E0,-5.803739429E-1,-1.701993942E-1,-4.892122746E-1
5.686675333E0,-6.124209166E-1,-1.227850541E-1,-4.702702761E-1
5.696716333E0,-6.328356862E-1,-7.778668404E-2,-4.712694883E-1
5.706756333E0,-6.348133683E-1,-6.336190552E-2,-4.947324395E-1
5.716797333E0,-6.145235300E-1,-5.105383694E-2,-5.226839185E-1
5.726837333E0,-5.650653839E-1,-8.540395647E-3,-5.402951837E-1
5.736877333E0,-4.893570542E-1,3.426831961E-2,-5.508263707E-1
5.746918333E0,-3.955675960E-1,9.192356467E-2,-5.631284714E-1
5.756958333E0,-3.101621568E-1,1.639061421E-1,-5.615809560E-1
5.766999333E0,-2.406659275E-1,2.490760684E-1,-5.345290303E-1
5.777039333E0,-1.856732517E-1,3.391039371E-1,-4.948285222E-1
5.787080333E0,-1.344036162E-1,4.440146387E-1,-4.414661229E-1
5.797120333E0,-8.473300189E-2,5.088844895E-1,-3.518648744E-1
5.807160333E0,-4.895450175E-2,5.376287699E-1,-2.537279129E-1
5.817201333E0,-2.593013830E-2,5.336167216E-1,-1.591156572E-1
5.827241333E0,-2.093617991E-2,4.714899361E-1,-8.688380569E-2
5.837282333E0,-1.299642865E-2,3.439745009E-1,-4.392998666E-2
5.847322333E0,1.442598645E-2,2.023008317E-1,-1.658801921E-2
5.857362333E0,4.203711078E-2,8.920089900E-2,8.056073450E-3
5.867403333E0,7.630492747E-2,1.946178079E-2,2.536028624E-2
5.877443333E0,1.098514348E-1,-1.634708419E-2,5.290536210E-2
5.887484333E0,1.196635887E-1,-3.835518286E-2,8.612723649E-2
5.897524333E0,8.785798401E-2,-5.049520358E-2,1.114448383E-1
5.907565333E0,1.741995476E-2,-5.508356541E-2,1.183752343E-1
5.917605333E0,-7.556778193E-2,-3.875252977E-2,1.169174165E-1
5.927645333E0,-1.684243828E-1,-1.749458723E-2,9.286808968E-2
5.937686333E0,-2.361789197E-1,-3.487957874E-3,5.041703209E-2
5.947726333E0,-2.698600888E-1,9.084226564E-3,-8.991803043E-4
5.957767333E0,-2.808975875E-1,3.620186448E-2,-4.718279094E-2
5.967807333E0,-2.918078601E-1,6.171666458E-2,-9.716921300E-2
5.977847333E0,-3.233897686E-1,8.166347444E-2,-1.426373571E-1
5.987888333E0,-3.841718733E-1,8.274551481E-2,-1.760195494E-1
5.997928333E0,-4.597744942E-1,3.850534931E-2,-2.096624672E-1
6.007969333E0,-5.287469625E-1,-6.276763976E-2,-2.489473969E-1
6.018009333E0,-5.442952514E-1,-1.682498604E-1,-2.921244204E-1
6.028050333E0,-4.907647967E-1,-2.540267110E-1,-3.438366950E-1
6.038090333E0,-3.698056042E-1,-3.123619258E-1,-3.713327646E-1
6.048130333E0,-2.372461706E-1,-3.391884267E-1,-3.536882699E-1
6.058171333E0,-1.335613281E-1,-3.412398398E-1,-3.083327711E-1
6.068211333E0,-5.947852135E-2,-3.048841059E-1,-2.909020185E-1
6.078252333E0,-5.096238572E-3,-2.767662108E-1,-3.382027149E-1
6.088292333E0,9.371709079E-2,-3.036070466E-1,-4.072371423E-1
6.098332333E0,1.995750815E-1,-3.781049848E-1,-4.464500546E-1
6.108373333E0,2.114010751E-1,-4.888015389E-1,-3.938210607E-1
6.118413333E0,1.326482147E-1,-6.489275694E-1,-2.947972715E-1
6.128454333E0,3.931953013E-2,-8.092010021E-1,-2.361429632E-1
6.138494333E0,-2.734418213E-2,-8.571254015E-1,-1.932253242E-1
6.148535333E0,-6.842866540E-2,-7.360301018E-1,-1.258828342E-1
6.158575333E0,-8.521643281E-2,-4.613835812E-1,-4.014182836E-2
6.168615333E0,-7.817980647E-2,-1.651986092E-1,4.001864418E-2
6.178656333E0,-4.606048390E-2,3.725142404E-2,1.140457317E-1
6.188696333E0,1.166375540E-2,1.188123226E-1,1.987919360E-1
6.198737333E0,7.809524238E-2,1.197518855E-1,2.742720544E-1
6.208777333E0,1.352237761E-1,6.083264574E-2,2.956963778E-1
6.218818333E0,1.795590073E-1,-2.212828584E-2,2.677113414E-1
6.228858333E0,2.253717780E-1,-9.178438038E-2,2.096039653E-1
6.238898333E0,2.638179660E-1,-1.684740931E-1,1.765581369E-1
6.248939333E0,3.035907447E-1,-2.220392227E-1,2.037917376E-1
6.258979333E0,3.526075482E-1,-2.306449562E-1,2.668402195E-1
6.269020333E0,4.059913456E-1,-1.909530461E-1,3.428304791E-1
6.279060333E0,4.453321099E-1,-1.057188362E-1,4.117203355E-1
6.289100333E0,4.536594450E-1,-2.333809249E-2,4.638036489E-1
6.299141333E0,4.498564601E-1,2.522758022E-2,4.891028702E-1
6.309181333E0,4.304072559E-1,7.228893042E-2,5.161753297E-1
6.319222333E0,3.935805261E-1,1.253524125E-1,5.504177213E-1
6.329262833E0,3.467010558E-1,1.850163639E-1,5.649870038E-1
6.339302833E0,2.994568348E-1,2.698234022E-1,5.463805795E-1
6.349343833E0,2.602106035E-1,3.541904092E-1,5.079538822E-1
6.359383833E0,2.335456759E-1,4.362155199E-1,4.537071288E-1
6.369424833E0,2.325107604E-1,5.101610422E-1,3.892264068E-1
6.379464833E0,2.475997061E-1,5.608758926E-1,3.247251809E-1
6.389505833E0,2.646710277E-1,5.759130120E-1,2.736409605E-1
6.399545833E0,2.703265250E-1,4.934176207E-1,2.252811790E-1
6.409585833E0,2.602313757E-1,3.288283944E-1,1.765627414E-1
6.419626833E0,2.391263545E-1,1.690536439E-1,1.385482401E-1
6.429666833E0,2.208704650E-1,7.464618981E-2,1.138282046E-1
6.439707833E0,2.029830813E-1,5.956923962E-2,9.936697036E-2
6.449747833E0,1.960513741E-1,7.557281107E-2,7.396268845E-2
6.459787833E0,2.006394714E-1,8.188476413E-2,4.304285720E-2
6.469828833E0,2.249588370E-1,5.521785840E-2,1.628756896E-2
6.479868833E0,2.550421655E-1,1.003759727E-2,-6.717616227E-3
6.489909833E0,2.884800732E-1,-5.535791814E-2,-2.197582275E-2
6.499949833E0,3.233139515E-1,-1.322705448E-1,-1.554988138E-2
6.509990833E0,3.497541547E-1,-1.796761155E-1,1.628884347E-4
6.520030833E0,3.685981333E-1,-1.450121403E-1,4.525100440E-2
6.530070833E0,3.778043985E-1,-5.901019275E-2,1.103356034E-1
6.540111833E0,3.991312683E-1,1.174706779E-2,1.851310134E-1
6.550151833E0,4.348831177E-1,-1.270506624E-2,2.376383096E-1
6.560192833E0,4.637909532E-1,-1.193920970E-1,2.379000932E-1
6.570232833E0,4.594508708E-1,-1.979193985E-1,2.135134786E-1
6.580272833E0,4.259746671E-1,-2.047663778E-1,1.788114309E-1
6.590313833E0,3.730437458E-1,-1.568067521E-1,1.607664227E-1
6.600353833E0,3.248136342E-1,-8.596479148E-2,1.721306592E-1
6.610394833E0,2.763321698E-1,4.149924964E-3,1.952440739E-1
6.620434833E0,2.405669689E-1,1.069090590E-1,2.044247836E-1
6.630475833E0,2.377238870E-1,1.891305447E-1,2.007799298E-1
6.640515833E0,2.506276965E-1,2.261378318E-1,2.057941258E-1
6.650555833E0,2.762517631E-1,2.529174984E-1,2.080658525E-1
6.660596833E0,2.945138514E-1,3.550271094E-1,1.997559816E-1
6.670636833E0,2.810865641E-1,4.470110834E-1,2.079698145E-1
6.680677833E0,1.623343378E-1,4.359650910E-1,2.939853668E-1
6.690717833E0,-5.200186744E-2,3.010592759E-1,4.411637485E-1
6.700757833E0,-2.559613883E-1,6.664174050E-2,5.887857080E-1
6.710798833E0,-3.720008433E-1,-3.401291668E-1,6.456183195E-1
6.720838833E0,-3.547515571E-1,-8.434951305E-1,6.407369971E-1
6.730879833E0,-2.220087200E-1,-1.205509067E0,6.129594445E-1
6.740919833E0,-3.155568242E-2,-1.342471242E0,5.185991526E-1
6.750959833E0,1.550494730E-1,-1.306056857E0,3.909332454E-1
6.761000833E0,3.141531050E-1,-1.140980482E0,2.451531440E-1
6.771040833E0,4.163189232E-1,-8.504246473E-1,8.281562477E-2
6.781081833E0,4.435867369E-1,-4.830618203E-1,-4.202670231E-2
6.791121833E0,3.784760535E-1,-1.107573360E-1,-1.493695974E-1
6.801162833E0,2.491422892E-1,2.168053538E-1,-2.643760741E-1
6.811202833E0,1.381721497E-1,4.978836775E-1,-3.631926775E-1
6.821242833E0,9.073086828E-2,6.969866753E-1,-4.323920012E-1
6.831283833E0,6.907549500E-2,7.564256191E-1,-4.943603873E-1
6.841323833E0,4.041215777E-2,6.884375215E-1,-5.455953479E-1
6.851364833E0,-1.657108776E-2,5.317109227E-1,-5.909392834E-1
6.861404833E0,-1.056562215E-1,3.483591676E-1,-6.167003512E-1
6.871444833E0,-2.090466022E-1,2.054212987E-1,-6.126576066E-1
6.881485833E0,-3.062413037E-1,9.962269664E-2,-5.982461572E-1
6.891525833E0,-3.988503516E-1,2.286544442E-2,-5.741656423E-1
6.901566833E0,-4.560265541E-1,-4.334473237E-2,-5.493678451E-1
6.911606833E0,-4.593842030E-1,-7.903689146E-2,-5.339886546E-1
6.921646833E0,-4.099966586E-1,-8.868739009E-2,-5.347367525E-1
6.931687833E0,-3.299933374E-1,-4.814695194E-2,-5.509611964E-1
6.941727833E0,-2.557827532E-1,2.132053860E-2,-5.669508576E-1
6.951768833E0,-1.985393614E-1,1.296298653E-1,-5.791451931E-1
6.961808833E0,-1.800397187E-1,2.503086329E-1,-5.698800087E-1
6.971849833E0,-2.058315277E-1,3.592162430E-1,-5.310668945E-1
6.981889833E0,-2.478980124E-1,4.496987462E-1,-4.745924771E-1
6.991929833E0,-2.854072452E-1,5.179197788E-1,-4.046453834E-1
7.001970833E0,-3.164306879E-1,5.456454158E-1,-3.337357938E-1
7.012010833E0,-3.350570798E-1,5.324077606E-1,-2.556139529E-1
7.022051833E0,-3.405929804E-1,4.684280157E-1,-2.057806253E-1
7.032091833E0,-3.327768147E-1,3.829337060E-1,-1.656331122E-1
7.042131833E0,-3.092720211E-1,2.873850763E-1,-1.220243797E-1
7.052172833E0,-2.716474831E-1,1.963041276E-1,-8.732187748E-2
7.062212833E0,-2.330513746E-1,1.128238738E-1,-6.119013950E-2
7.072253833E0,-2.029051334E-1,4.649604112E-2,-3.509358689E-2
7.082293833E0,-1.969785243E-1,1.546755154E-2,-2.813145285E-3
7.092333833E0,-2.213554531E-1,2.305506170E-2,3.290460259E-2
7.102374833E0,-2.606016397E-1,2.669054270E-2,7.563235611E-2
7.112414833E0,-3.082115650E-1,4.205150995E-3,1.047580466E-1
7.122455833E0,-3.540078104E-1,-3.901209682E-2,1.005087048E-1
7.132495833E0,-4.035516679E-1,-6.094706431E-2,6.686527282E-2
7.142536833E0,-4.324722588E-1,-6.011828780E-2,2.245039865E-2
7.152576833E0,-4.392405152E-1,-2.189899981E-2,-3.091184236E-2
7.162616833E0,-4.353171587E-1,1.968546025E-2,-7.902903855E-2
7.172657833E0,-4.214965701E-1,3.720054775E-2,-1.057708412E-1
7.182697833E0,-4.034805298E-1,2.238138579E-2,-1.296575367E-1
7.192738833E0,-3.923586905E-1,-1.903705299E-2,-1.597790718E-1
7.202778833E0,-3.855801225E-1,-2.922337875E-2,-2.030850053E-1
7.212818833E0,-3.804670572E-1,1.804885082E-2,-2.593653500E-1
7.222859833E0,-4.121525586E-1,7.649272680E-2,-3.270035088E-1
7.232899833E0,-4.562800825E-1,1.060686111E-1,-3.791815042E-1
7.242940833E0,-4.620349109E-1,9.483193606E-2,-4.093881249E-1
7.252980833E0,-4.113094509E-1,7.255118340E-2,-4.054314494E-1
7.263020833E0,-2.999134362E-1,1.037200242E-1,-4.169045985E-1
7.273061833E0,-1.528657973E-1,2.001154125E-1,-4.517662227E-1
7.283101833E0,-1.125992741E-2,2.590562403E-1,-5.665948391E-1
7.293142833E0,1.052553207E-1,1.591557413E-1,-7.536739111E-1
7.303182833E0,1.532934159E-1,-1.573801339E-1,-8.318920135E-1
7.313222833E0,1.021513790E-1,-7.027884722E-1,-7.397683859E-1
7.323263833E0,2.163363434E-2,-1.282075286E0,-5.629518032E-1
7.333303875E0,-7.811523974E-2,-1.667643547E0,-3.059277534E-1
7.343344875E0,-2.660143077E-1,-1.727753162E0,-6.799268723E-2
7.353384875E0,-5.150819421E-1,-1.490648270E0,4.326646402E-2
7.363425875E0,-7.572591901E-1,-1.023544192E0,3.852044418E-2
7.373465875E0,-9.325715899E-1,-4.781011641E-1,1.041430160E-1
7.383505875E0,-9.734687209E-1,1.771126129E-2,1.854386777E-1
7.393546875E0,-8.832888603E-1,4.010284245E-1,1.614080667E-1
7.403586875E0,-6.677432060E-1,6.679921746E-1,1.541269869E-1
7.413627875E0,-3.614502549E-1,8.241449594E-1,1.758232862E-1
7.423667875E0,-6.172133237E-2,8.760595322E-1,1.808388233E-1
7.433707875E0,1.415473223E-1,8.259082437E-1,1.618510187E-1
7.443748875E0,2.369755805E-1,7.173439860E-1,1.155181527E-1
7.453788875E0,2.621701062E-1,5.048858523E-1,7.789289206E-2
7.463829875E0,2.496633977E-1,1.711105704E-1,1.400489509E-1
7.473869875E0,2.712480724E-1,-1.431376934E-1,2.696407437E-1
7.483909875E0,3.368529081E-1,-3.716201186E-1,4.093970358E-1
7.493950875E0,4.174323678E-1,-4.856111407E-1,4.909217656E-1
7.503990875E0,4.661048353E-1,-4.805878997E-1,5.352327824E-1
7.514031875E0,4.604038000E-1,-3.715675175E-1,5.872210264E-1
7.524071875E0,4.017551541E-1,-2.458711118E-1,6.332849264E-1
7.534111875E0,3.186965585E-1,-1.276153475E-1,6.550411582E-1
7.544152875E0,2.488437146E-1,-4.081920907E-2,6.459536552E-1
7.554192875E0,1.950528622E-1,2.796160989E-2,6.293109059E-1
7.564233875E0,1.715773642E-1,1.184680760E-1,5.901864171E-1
7.574273875E0,1.682181358E-1,2.652238607E-1,5.301107764E-1
7.584313875E0,1.746675074E-1,4.304354489E-1,4.575401843E-1
7.594354875E0,1.878250539E-1,5.643539429E-1,3.841102123E-1
7.604394875E0,2.111676484E-1,6.352680326E-1,3.036422729E-1
7.614435875E0,2.424903810E-1,6.481742859E-1,2.372695357E-1
7.624475875E0,2.657070458E-1,5.803073645E-1,1.910690218E-1
7.634516875E0,2.869388163E-1,4.680668712E-1,1.653248966E-1
7.644556875E0,3.066797554E-1,3.756040633E-1,1.581700444E-1
7.654596875E0,3.213209212E-1,3.199992776E-1,1.433798224E-1
7.664637875E0,3.228210807E-1,2.754581869E-1,1.198361516E-1
7.674677875E0,3.056056499E-1,2.071262896E-1,9.535888582E-2
7.684718875E0,2.771995664E-1,1.370686442E-1,8.164466918E-2
7.694758875E0,2.532792687E-1,5.804868042E-2,7.107992470E-2
7.704798875E0,2.559357882E-1,-1.943279430E-2,6.097509712E-2
7.714839875E0,2.937415838E-1,-6.921420991E-2,6.032964215E-2
7.724879875E0,3.623190522E-1,-1.018949226E-1,6.076613441E-2
7.734920875E0,4.297341406E-1,-1.188311279E-1,5.845351517E-2
7.744960875E0,4.684540927E-1,-1.368388981E-1,6.991363317E-2
7.755000875E0,4.860853553E-1,-1.618340015E-1,9.462402761E-2
7.765041875E0,4.984298944E-1,-1.531904489E-1,1.431116611E-1
7.775081875E0,5.152179003E-1,-1.321649849E-1,1.778186411E-1
7.785122875E0,5.306117535E-1,-8.847822994E-2,1.717658192E-1
7.795162875E0,5.307579637E-1,-1.017176174E-2,1.564546525E-1
7.805202875E0,5.000439882E-1,1.078076065E-1,1.474110931E-1
7.815243875E0,4.445745647E-1,2.240221500E-1,1.773341149E-1
7.825283875E0,3.856183290E-1,2.902983725E-1,2.283445597E-1
7.835324875E0,3.521679044E-1,2.763496041E-1,2.526413798E-1
7.845364875E0,3.523862958E-1,1.931250095E-1,2.469337285E-1
7.855404875E0,3.545747697E-1,4.587215930E-2,2.169592530E-1
7.865445875E0,3.272813559E-1,-1.305321753E-1,1.664369553E-1
7.875485875E0,2.824553847E-1,-2.476745099E-1,1.118927076E-1
7.885526875E0,2.460014969E-1,-2.415140867E-1,6.295738369E-2
7.895566875E0,2.030667216E-1,-9.982664883E-2,4.550785199E-2
7.905606875E0,1.504445225E-1,8.332027495E-2,4.356933758E-2
7.915647875E0,7.656380534E-2,1.749009341E-1,5.681089684E-2
7.925687875E0,-1.839945838E-2,1.587350219E-1,1.216767132E-1
7.935728875E0,-1.117919534E-1,1.207763851E-1,2.221323401E-1
7.945768875E0,-1.494296044E-1,8.186600357E-2,3.013502061E-1
7.955808875E0,-1.442185491E-1,5.713876709E-2,3.645251393E-1
7.965849875E0,-1.494466066E-1,-5.454861745E-2,4.022525549E-1
7.975889875E0,-1.593499780E-1,-2.665666342E-1,4.514306784E-1
7.985930875E0,-1.602208316E-1,-5.299471617E-1,4.998320341E-1
7.995970875E0,-1.540088356E-1,-7.438284755E-1,5.097544789E-1
8.006010875E0,-1.329956949E-1,-8.517940640E-1,4.585245848E-1
8.016051875E0,-6.890399009E-2,-8.135917187E-1,3.530294299E-1
8.026091875E0,4.914408550E-2,-6.534515619E-1,2.162270993E-1
8.036132875E0,1.563480347E-1,-4.106661379E-1,5.786369368E-2
8.046172875E0,2.115809321E-1,-1.473173201E-1,-1.012372822E-1
8.056212875E0,2.241449505E-1,8.600728214E-2,-2.492000163E-1
8.066253875E0,1.927438974E-1,2.411044538E-1,-3.629236519E-1
8.076293875E0,1.132327765E-1,2.722072005E-1,-4.362825155E-1
8.086334875E0,7.713806350E-3,1.977611780E-1,-4.900131226E-1
8.096374875E0,-1.049376428E-1,1.138689443E-1,-5.082805157E-1
8.106415875E0,-1.953903139E-1,2.360803075E-2,-5.071103573E-1
8.116455875E0,-2.494818717E-1,-2.624858916E-2,-5.235686302E-1
8.126495875E0,-2.885198295E-1,-2.270578593E-2,-4.993258417E-1
8.136536875E0,-3.254556358E-1,3.049022518E-2,-4.504602253E-1
8.146576875E0,-3.535035253E-1,7.353729755E-2,-4.418238699E-1
8.156617875E0,-3.594390750E-1,9.332357347E-2,-4.594033360E-1
8.166657875E0,-3.381087482E-1,8.649842441E-2,-4.684527516E-1
8.176697875E0,-2.943271995E-1,6.723817438E-2,-4.805963635E-1
8.186738875E0,-2.309727371E-1,2.866734751E-2,-5.048420429E-1
8.196778875E0,-1.579293013E-1,-1.804674417E-2,-5.257644057E-1
8.206819875E0,-9.660869092E-2,1.436365955E-2,-5.359600186E-1
8.216859875E0,-5.448948964E-2,1.087845489E-1,-5.331166983E-1
8.226899875E0,-3.365238756E-2,2.164494842E-1,-5.100811720E-1
8.236940875E0,-3.187154979E-2,3.149767518E-1,-4.558605254E-1
8.246980875E0,-5.068092421E-2,3.822567165E-1,-3.727437854E-1
8.257021875E0,-6.837049127E-2,3.898738921E-1,-2.661055028E-1
8.267061875E0,-8.530020714E-2,3.549257815E-1,-1.582842171E-1
8.277101875E0,-8.846856654E-2,2.882796228E-1,-6.689865142E-2
8.287142875E0,-7.557221502E-2,1.888473183E-1,2.994409995E-3
8.297182875E0,-5.802588910E-2,8.349180967E-2,5.004843697E-2
8.307223875E0,-3.889293969E-2,1.668694802E-2,7.826782018E-2
8.317263875E0,-2.131290548E-2,-7.411288098E-3,9.924567491E-2
8.327304083E0,-1.698979549E-2,-9.619581513E-3,1.157484874E-1
8.337345083E0,-3.963381425E-2,7.559603546E-3,1.196512058E-1
8.347385083E0,-8.820588142E-2,4.294689000E-2,1.080044061E-1
8.357426083E0,-1.438742727E-1,8.115490526E-2,1.045068949E-1
8.367466083E0,-1.950381249E-1,1.023195758E-1,1.137171760E-1
8.377506083E0,-2.398250252E-1,1.348578185E-1,1.188458875E-1
8.387547083E0,-2.724760175E-1,2.005317807E-1,1.065599918E-1
8.397587083E0,-2.986794412E-1,2.830449343E-1,7.825261354E-2
8.407628083E0,-3.148157895E-1,3.242735863E-1,4.958954826E-2
8.417668083E0,-3.178808093E-1,2.970941663E-1,2.420307323E-2
8.427708083E0,-3.249283135E-1,2.212396115E-1,-1.537203230E-2
8.437749083E0,-3.605765998E-1,1.391670704E-1,-7.880386710E-2
8.447789083E0,-4.265356362E-1,7.311373949E-2,-1.339203864E-1
8.457830083E0,-5.167856812E-1,-3.677072003E-3,-1.724163294E-1
8.467870083E0,-5.904279947E-1,-8.807824552E-2,-2.050725520E-1
8.477910083E0,-6.240524054E-1,-1.560521722E-1,-2.364662290E-1
8.487951083E0,-6.423680186E-1,-2.190849185E-1,-2.570194602E-1
8.497991083E0,-6.386735439E-1,-2.422962487E-1,-2.680521905E-1
8.508032083E0,-6.113950610E-1,-1.690113842E-1,-2.784046829E-1
8.518072083E0,-5.732703805E-1,-4.967040196E-2,-3.230082095E-1
8.528112083E0,-5.009173751E-1,2.113239840E-2,-4.197126329E-1
8.538153083E0,-3.753385544E-1,-2.049635351E-2,-5.410795808E-1
8.548193083E0,-2.166831344E-1,-1.903809905E-1,-6.113985181E-1
8.558234083E0,-1.037253961E-1,-4.594836831E-1,-5.787630677E-1
8.568274083E0,-8.005469292E-2,-8.147379756E-1,-5.098178387E-1
8.578314083E0,-1.070954949E-1,-1.069345713E0,-4.649669528E-1
8.588355083E0,-1.169675663E-1,-1.111331582E0,-4.267961085E-1
8.598395083E0,-1.089908481E-1,-8.782190681E-1,-3.780519068E-1
8.608436083E0,-1.122454926E-1,-4.506751895E-1,-2.965839207E-1
8.618476083E0,-1.290728152E-1,-6.626252830E-2,-1.745024323E-1
8.628516083E0,-1.730613112E-1,1.649009287E-1,-5.500905216E-2
8.638557083E0,-1.977037489E-1,2.908575833E-1,4.926619306E-2
8.648597083E0,-1.538345665E-1,3.546133935E-1,1.418914646E-1
8.658638083E0,-6.245053932E-2,3.746451437E-1,2.370073050E-1
8.668678083E0,2.566520311E-2,3.297064304E-1,3.145804107E-1
8.678718083E0,1.032119542E-1,2.048198581E-1,3.545982540E-1
8.688759083E0,1.732008904E-1,8.483432978E-2,3.368799686E-1
8.698799083E0,2.119295299E-1,-6.333485991E-2,3.220525980E-1
8.708840083E0,2.489876747E-1,-2.089509219E-1,3.526709676E-1
8.718880083E0,3.041595519E-1,-3.460516632E-1,4.203446805E-1
8.728920083E0,3.663430512E-1,-4.359948635E-1,4.687585533E-1
8.738961083E0,4.180881083E-1,-3.988988101E-1,5.188138485E-1
8.749001083E0,4.468377233E-1,-3.081284463E-1,5.557423234E-1
8.759042083E0,4.659881592E-1,-2.188423723E-1,6.227086782E-1
8.769082083E0,4.526835382E-1,-1.456097066E-1,7.381873727E-1
8.779122083E0,4.125693738E-1,-1.073667705E-1,8.239014745E-1
8.789163083E0,3.767565191E-1,-6.144188717E-2,8.462895751E-1
8.799203083E0,3.716419637E-1,1.678639650E-2,8.024036288E-1
8.809244083E0,3.958570063E-1,1.040107831E-1,7.156218290E-1
8.819284083E0,4.233088791E-1,1.976317614E-1,6.207854748E-1
8.829324083E0,4.461414814E-1,2.782829106E-1,5.280444026E-1
8.839365083E0,4.699574709E-1,3.368580341E-1,4.448976219E-1
8.849405083E0,4.973960221E-1,3.678412437E-1,3.666622043E-1
8.859446083E0,5.111774206E-1,3.757836521E-1,2.856234014E-1
8.869486083E0,5.103507638E-1,3.300222754E-1,2.082896978E-1
8.879526083E0,4.993028641E-1,2.322153896E-1,1.486304104E-1
8.889567083E0,4.767195284E-1,1.098029390E-1,1.088984460E-1
8.899607083E0,4.545649290E-1,1.821632031E-4,8.386595547E-2
8.909648083E0,4.423447549E-1,-1.024350300E-1,6.298304349E-2
8.919688083E0,4.499753118E-1,-2.119874954E-1,3.778974712E-2
8.929728083E0,4.740777314E-1,-3.019331098E-1,2.934459969E-2
8.939769083E0,4.998579919E-1,-3.496004343E-1,2.588858828E-2
8.949809083E0,5.094535947E-1,-3.501842022E-1,3.439418972E-2
8.959850083E0,4.898394644E-1,-3.091878295E-1,5.107567832E-2
8.969890083E0,4.587166905E-1,-2.369801998E-1,7.413146645E-2
8.979930083E0,4.218596816E-1,-1.455734819E-1,7.987947017E-2
8.989971083E0,3.786120713E-1,-5.149305239E-2,6.069777906E-2
9.000011083E0,3.107716143E-1,7.336034626E-2,2.210266702E-2
9.010052083E0,2.168816179E-1,2.294335812E-1,-2.115321578E-3
9.020092083E0,1.499558538E-1,3.647227287E-1,1.399114262E-3
9.030132083E0,1.555471718E-1,4.513787925E-1,8.383787237E-3
9.040173083E0,2.099275291E-1,4.761334360E-1,8.496984839E-3
9.050213083E0,2.455334663E-1,4.101429582E-1,3.442497109E-4
9.060254083E0,2.481260449E-1,2.563668489E-1,-7.477602921E-4
9.070294083E0,2.333159298E-1,4.525914788E-2,-2.622302622E-2
9.080334083E0,1.929060817E-1,-1.459543705E-1,-5.198505893E-2
9.090375083E0,1.425361186E-1,-1.924755275E-1,-4.582277313E-2
9.100415083E0,1.394848228E-1,-9.086459875E-2,2.485959558E-3
9.110456083E0,2.076308578E-1,6.655035540E-3,7.392472029E-2
9.120496083E0,2.492837906E-1,9.751708247E-3,1.767094135E-1
9.130536083E0,2.248759270E-1,-7.285927981E-2,2.537461221E-1
9.140577083E0,1.943741888E-1,-1.094405726E-1,2.695549428E-1
9.150617083E0,2.098855078E-1,-1.285173297E-1,2.597233355E-1
9.160658083E0,2.204649895E-1,-1.580286622E-1,3.169883192E-1
9.170698083E0,1.987375915E-1,-1.999180466E-1,4.235845506E-1
9.180738083E0,1.768264771E-1,-2.320763022E-1,5.103526711E-1
9.190779083E0,1.866098642E-1,-2.545917332E-1,5.299708843E-1
9.200819083E0,1.698182523E-1,-2.642035186E-1,4.699562192E-1
9.210860083E0,1.368208826E-1,-2.480682135E-1,3.419127464E-1
9.220900083E0,1.352784336E-1,-2.089833468E-1,1.734113246E-1
9.230940083E0,1.813495308E-1,-1.859661788E-1,-8.733891882E-4
9.240981083E0,2.324324697E-1,-1.383677125E-1,-1.615363359E-1
9.251021083E0,2.351494133E-1,-6.424288452E-2,-2.795492709E-1
9.261062083E0,1.817114949E-1,1.162098628E-2,-3.664631248E-1
9.271102083E0,8.151885122E-2,6.858173758E-2,-4.382299781E-1
9.281142083E0,-4.579258710E-2,9.709460288E-2,-4.979830086E-1
9.291183083E0,-1.711486429E-1,9.410201013E-2,-5.588244796E-1
9.301223083E0,-2.763152122E-1,7.663103938E-2,-6.111176014E-1
9.311264083E0,-3.443877399E-1,5.942302197E-2,-6.325483322E-1
9.321304083E0,-3.796485066E-1,4.719075188E-2,-6.319314241E-1
9.331344083E0,-4.008733630E-1,6.177182496E-2,-5.702496767E-1
9.341385083E0,-4.151290357E-1,9.965576977E-2,-5.059939623E-1
9.351425083E0,-4.114134014E-1,1.300211251E-1,-4.960723519E-1
9.361466083E0,-3.735980093E-1,1.588546336E-1,-5.139372945E-1
9.371506083E0,-3.089423180E-1,1.885499358E-1,-5.336825252E-1
9.381546083E0,-2.316850126E-1,2.250298858E-1,-5.349652171E-1
9.391587083E0,-1.679880470E-1,2.908714712E-1,-5.265957117E-1
9.401627083E0,-1.379304379E-1,3.765884340E-1,-5.004809499E-1
9.411668083E0,-1.444306821E-1,4.591586888E-1,-4.579468369E-1
9.421708083E0,-1.708569825E-1,5.090048909E-1,-3.973695934E-1
9.431748083E0,-2.035880387E-1,5.046184063E-1,-3.270253837E-1
9.441789083E0,-2.358806431E-1,4.705903828E-1,-2.569831014E-1
9.451829083E0,-2.531842887E-1,4.191303849E-1,-1.941367537E-1
9.461870083E0,-2.626931965E-1,3.595030904E-1,-1.377751678E-1
9.471910083E0,-2.590263188E-1,2.928886414E-1,-8.982228488E-2
9.481950083E0,-2.475003749E-1,2.148081362E-1,-5.959822237E-2
9.491991083E0,-2.257647067E-1,1.385250837E-1,-4.042053223E-2
9.502031083E0,-1.919463575E-1,8.342555165E-2,-1.612821408E-2
9.512072083E0,-1.602709740E-1,3.702130541E-2,1.882151328E-2
9.522112083E0,-1.625043452E-1,-6.974439137E-3,3.421488032E-2
9.532152083E0,-2.059551626E-1,-2.372865193E-2,3.884451836E-2
9.542193083E0,-2.702339888E-1,-2.080215514E-2,3.748202696E-2
9.552233083E0,-3.180358708E-1,1.342028962E-3,2.237710916E-2
9.562274083E0,-3.531445563E-1,4.312862828E-2,-6.240044255E-3
9.572314083E0,-3.907108307E-1,7.555181533E-2,-3.251239657E-2
9.582354083E0,-4.006987810E-1,1.035530344E-1,-5.129883438E-2
9.592395083E0,-3.554285169E-1,1.404215693E-1,-5.106660724E-2
9.602435083E0,-2.886457443E-1,1.681057811E-1,-4.887537286E-2
9.612476083E0,-2.584383190E-1,1.738329083E-1,-8.675164729E-2
9.622516083E0,-2.859838307E-1,1.527442783E-1,-1.393033117E-1
9.632556083E0,-3.461241424E-1,1.056241766E-1,-1.881677806E-1
9.642597083E0,-4.115644693E-1,3.793706000E-2,-2.270849198E-1
9.652637083E0,-4.412880242E-1,-4.851847142E-2,-2.570268512E-1
9.662678083E0,-3.865820765E-1,-1.496934891E-1,-2.643280625E-1
9.672718083E0,-2.686567605E-1,-2.529282868E-1,-2.506074607E-1
9.682758083E0,-1.506444812E-1,-3.082337081E-1,-2.206359208E-1
9.692799083E0,-8.720957488E-2,-2.629035115E-1,-2.323868573E-1
9.702839083E0,-7.471168041E-2,-1.477945596E-1,-3.193148077E-1
9.712880083E0,-8.565513790E-2,-1.176936626E-1,-4.276884198E-1
9.722920083E0,-9.697221965E-2,-3.035850823E-1,-4.402956963E-1
9.732960083E0,-1.349725872E-1,-6.449639797E-1,-3.328981400E-1
9.743001083E0,-2.124262899E-1,-9.580706954E-1,-2.077364177E-1
9.753041083E0,-3.120093346E-1,-1.144019008E0,-1.499873549E-1
9.763082083E0,-3.855769336E-1,-1.082444191E0,-1.196402982E-1
9.773122083E0,-4.022906721E-1,-7.440744638E-1,-1.104047224E-1
9.783162083E0,-4.039219022E-1,-2.778070867E-1,-7.329206169E-2
9.793203083E0,-4.149458110E-1,1.036904603E-1,-1.385910064E-2
9.803243083E0,-4.197327793E-1,3.015336692E-1,2.494498156E-2
9.813284083E0,-3.801834881E-1,3.414797485E-1,7.242409140E-2
9.823324083E0,-2.981600761E-1,3.085865080E-1,1.226988584E-1
9.833364083E0,-2.175059468E-1,2.498741895E-1,1.605980396E-1
9.843405083E0,-1.396595836E-1,2.067403048E-1,1.519956142E-1
9.853445083E0,-6.758459657E-2,1.683172733E-1,1.272029132E-1
9.863486083E0,-1.133704837E-2,6.989359856E-2,1.494014412E-1
9.873526083E0,3.253293782E-2,-1.832627691E-2,2.221371680E-1
9.883566083E0,7.108340412E-2,-1.014391556E-1,3.168503940E-1
9.893607083E0,1.170801893E-1,-1.875266284E-1,3.890862465E-1
9.903647083E0,1.833433658E-1,-2.473412305E-1,4.357802570E-1
9.913688083E0,2.264128029E-1,-2.335859984E-1,4.807378650E-1
9.923728083E0,2.290886939E-1,-1.499702632E-1,5.123344660E-1
9.933768083E0,2.345479131E-1,-3.070245869E-2,5.265005827E-1
9.943809083E0,2.470011562E-1,7.730651647E-2,5.290383101E-1
9.953849083E0,2.534278929E-1,1.560449898E-1,5.295587182E-1
9.963890083E0,2.550525069E-1,2.133545280E-1,5.231167078E-1
9.973930083E0,2.613881528E-1,2.623588145E-1,4.836348295E-1
9.983970083E0,2.777228951E-1,3.041998744E-1,4.289642870E-1
9.994011083E0,3.179928064E-1,3.649074137E-1,3.651354909E-1
1.000405108E1,3.835546076E-1,4.443971217E-1,2.840375602E-1
1.001409208E1,4.374870658E-1,5.123151541E-1,2.124523073E-1
1.002413208E1,4.483068883E-1,5.165507197E-1,1.558723003E-1
1.003417208E1,4.070726335E-1,4.577350914E-1,1.134609282E-1
1.004421308E1,3.282333016E-1,3.188144863E-1,8.704685420E-2
1.005425308E1,2.639722824E-1,1.504539847E-1,7.751566172E-2
1.006429408E1,2.305431664E-1,3.338294849E-2,8.009735495E-2
1.007433408E1,2.289790958E-1,-2.258178033E-2,7.295369357E-2
1.008437408E1,2.409329563E-1,-4.532618821E-2,5.391195416E-2
1.009441508E1,2.668247521E-1,-7.846896350E-2,3.482454643E-2
1.010445508E1,2.865022719E-1,-1.452746838E-1,1.407216117E-2
1.011449608E1,3.045712709E-1,-2.102507502E-1,2.286139131E-2
1.012453608E1,3.385775685E-1,-2.609864771E-1,5.712063611E-2
1.013457608E1,3.982398212E-1,-2.650307417E-1,9.722837061E-2
1.014461708E1,4.715626538E-1,-2.133540809E-1,1.176641881E-1
1.015465708E1,5.294033289E-1,-1.225844920E-1,1.027342454E-1
1.016469808E1,5.349577665E-1,-2.428184450E-2,5.942769349E-2
1.017473808E1,4.736424983E-1,4.201781377E-2,2.992280014E-2
1.018477808E1,3.868952990E-1,5.836889148E-2,2.728257701E-2
1.019481908E1,3.288541138E-1,5.951378495E-2,3.672428429E-2
1.020485908E1,2.994222641E-1,8.603445441E-2,5.584332347E-2
1.021490008E1,2.834433019E-1,1.310549229E-1,7.224946469E-2
1.022494008E1,2.842959464E-1,1.501301378E-1,8.598489314E-2
1.023498008E1,2.771128714E-1,1.302411258E-1,1.022485495E-1
1.024502108E1,2.583874762E-1,5.256010219E-2,8.887811750E-2
1.025506108E1,2.366744727E-1,4.840515554E-3,9.205073863E-2
1.026510208E1,2.140863389E-1,1.852122694E-2,9.192489833E-2
1.027514208E1,2.027687132E-1,1.363035142E-1,1.081845611E-1
1.028518208E1,1.822815537E-1,2.376193404E-1,1.503258795E-1
1.029522308E1,6.922425330E-2,1.856461465E-1,2.650974691E-1
1.030526308E1,-1.272333413E-1,2.191031910E-2,4.026668966E-1
1.031530408E1,-2.966149151E-1,-1.558157355E-1,4.419458508E-1
1.032534408E1,-3.677416146E-1,-4.018477201E-1,4.520974457E-1
1.033538383E1,-3.863653839E-1,-6.662817597E-1,5.104992390E-1
1.034542483E1,-3.736940026E-1,-8.251366019E-1,5.546892881E-1
1.035546483E1,-3.253222108E-1,-8.487598896E-1,5.360317230E-1
1.036550583E1,-2.433900088E-1,-7.030344009E-1,4.888768494E-1
1.037554583E1,-1.999703646E-1,-4.712626934E-1,3.968281448E-1
1.038558583E1,-2.013170868E-1,-2.534155846E-1,2.455950677E-1
1.039562683E1,-2.048841268E-1,-8.797414601E-2,7.945270091E-2
1.040566683E1,-1.993925273E-1,1.109990850E-2,-1.005107537E-1
1.041570783E1,-1.798632890E-1,5.213735253E-2,-2.670398057E-1
1.042574783E1,-1.461148411E-1,4.509904981E-2,-4.034437835E-1
1.043578783E1,-1.184318140E-1,-1.057107002E-4,-4.887011647E-1
1.044582883E1,-1.221877262E-1,-7.567535341E-2,-5.258016586E-1
1.045586883E1,-1.784957349E-1,-1.331021637E-1,-5.463258028E-1
1.046590983E1,-2.760973573E-1,-1.450600177E-1,-5.617568493E-1
1.047594983E1,-3.850033283E-1,-1.405342519E-1,-5.856112838E-1
1.048598983E1,-4.804372787E-1,-1.214679703E-1,-6.114874482E-1
1.049603083E1,-5.545088649E-1,-8.305294067E-2,-6.179906130E-1
1.050607083E1,-6.038938761E-1,-8.543302119E-2,-6.401107311E-1
1.051611183E1,-6.104545593E-1,-9.365206957E-2,-6.531719565E-1
1.052615183E1,-5.798050761E-1,-7.496344298E-2,-6.533293724E-1
1.053619183E1,-5.256507993E-1,-9.144215845E-3,-6.508289576E-1
1.054623283E1,-4.556174278E-1,7.313611358E-2,-6.580332518E-1
1.055627283E1,-3.848822713E-1,1.313264519E-1,-6.553698182E-1
1.056631383E1,-3.305463791E-1,1.872046739E-1,-6.309732199E-1
1.057635383E1,-2.993597090E-1,2.586295903E-1,-5.854062438E-1
1.058639383E1,-2.956299186E-1,3.314093053E-1,-5.373295546E-1
1.059643483E1,-3.105113804E-1,4.053288102E-1,-4.559867978E-1
1.060647483E1,-3.334632218E-1,4.409137070E-1,-3.631018996E-1
1.061651583E1,-3.458788693E-1,4.280943274E-1,-2.790381610E-1
1.062655583E1,-3.336962163E-1,3.720720112E-1,-2.088271379E-1
1.063659583E1,-2.977960110E-1,3.044857681E-1,-1.528152674E-1
1.064663683E1,-2.442283183E-1,2.166213244E-1,-9.382416308E-2
1.065667683E1,-1.998757720E-1,1.109143347E-1,-3.861843050E-2
1.066671783E1,-1.740066558E-1,2.202542499E-2,8.137388155E-3
1.067675783E1,-1.600490361E-1,-3.004975989E-2,5.010135099E-2
1.068679783E1,-1.652158350E-1,-6.120927632E-2,8.955901116E-2
1.069683883E1,-2.015858293E-1,-1.041618064E-1,1.119087934E-1
1.070687883E1,-2.485882938E-1,-1.376626194E-1,1.045341268E-1
1.071691983E1,-2.796111703E-1,-1.572962403E-1,7.701302320E-2
1.072695983E1,-2.858485281E-1,-1.538750380E-1,4.255437106E-2
1.073699983E1,-2.787314951E-1,-1.307028830E-1,-5.942854565E-3
1.074704083E1,-2.550634742E-1,-9.544810653E-2,-4.897049442E-2
1.075708083E1,-2.224629074E-1,-4.006740078E-2,-8.443181217E-2
1.076712183E1,-1.957361847E-1,3.912882879E-2,-9.919906408E-2
1.077716183E1,-2.004635483E-1,1.176771671E-1,-8.414234966E-2
1.078720183E1,-2.356064171E-1,1.747039109E-1,-5.160408467E-2
1.079724283E1,-2.723428607E-1,1.998100579E-1,-3.322694078E-2
1.080728283E1,-3.076051176E-1,1.878082752E-1,-3.409719840E-2
1.081732383E1,-3.596302271E-1,1.436354965E-1,-5.124103278E-2
1.082736383E1,-4.208271205E-1,4.327270761E-2,-7.482698560E-2
1.083740483E1,-4.633769989E-1,-1.225538105E-1,-8.828633279E-2
1.084744483E1,-4.604441524E-1,-2.886595428E-1,-9.795009345E-2
1.085748483E1,-4.544160962E-1,-4.148486257E-1,-6.613543630E-2
1.086752583E1,-4.410846531E-1,-4.009556770E-1,-3.989993036E-2
1.087756583E1,-4.496664107E-1,-2.394690514E-1,-6.067152321E-2
1.088760683E1,-4.646883905E-1,-1.075143646E-2,-1.328681558E-1
1.089764683E1,-4.636873007E-1,2.023136914E-1,-2.348339260E-1
1.090768683E1,-4.209219515E-1,2.778870463E-1,-3.593206108E-1
1.091772783E1,-3.458431661E-1,1.417712569E-1,-4.850985110E-1
1.092776783E1,-2.953757346E-1,-1.497868299E-1,-5.447757244E-1
1.093780883E1,-2.723665535E-1,-4.827930033E-1,-5.669284463E-1
1.094784883E1,-1.966963112E-1,-6.826424599E-1,-6.565896273E-1
1.095788883E1,-9.572781622E-2,-6.782528758E-1,-7.128049731E-1
1.096792983E1,-1.051725298E-1,-5.213724375E-1,-6.069871187E-1
1.097796983E1,-1.997397840E-1,-3.144464493E-1,-3.997277021E-1
1.098801083E1,-3.244456649E-1,-2.048071772E-1,-1.974542737E-1
1.099805083E1,-4.430463612E-1,-1.621273607E-1,-1.058559027E-2
1.100809083E1,-4.972615540E-1,-1.219323799E-1,1.374907643E-1
1.101813183E1,-4.405572414E-1,-7.512785494E-2,2.481027544E-1
1.102817183E1,-2.921239138E-1,-4.887207597E-2,3.639307618E-1
1.103821283E1,-1.152263805E-1,-2.940143645E-2,4.338344634E-1
1.104825283E1,5.390114710E-2,-1.831785776E-2,4.497655034E-1
1.105829283E1,1.902826875E-1,-2.682905272E-2,4.430290461E-1
1.106833383E1,3.066898882E-1,-5.617659539E-2,4.551097155E-1
1.107837383E1,4.080087841E-1,-8.135891706E-2,4.902701080E-1
1.108841483E1,5.084227324E-1,-1.144855544E-1,5.315050483E-1
1.109845483E1,5.936191082E-1,-1.247496381E-1,5.914815664E-1
1.110849483E1,6.486976743E-1,-8.866049349E-2,6.648162603E-1
1.111853583E1,6.733337641E-1,-3.369445354E-2,7.324078083E-1
1.112857583E1,6.769707203E-1,4.664608091E-2,7.725257277E-1
1.113861683E1,6.667851806E-1,1.449039280E-1,8.076147437E-1
1.114865683E1,6.500284076E-1,2.275134474E-1,8.228157759E-1
1.115869683E1,6.424682736E-1,2.842981517E-1,7.691972852E-1
1.116873783E1,6.461793184E-1,3.242662549E-1,6.652191281E-1
1.117877783E1,6.414117217E-1,3.625630438E-1,5.397903323E-1
1.118881883E1,6.425930262E-1,4.215861261E-1,4.331121445E-1
1.119885883E1,6.291230321E-1,4.985975623E-1,3.418251276E-1
1.120889883E1,5.923432708E-1,5.615133047E-1,2.465303540E-1
1.121893983E1,5.455145240E-1,5.687775612E-1,1.436891854E-1
1.122897983E1,4.947730005E-1,5.024455190E-1,6.886012107E-2
1.123902083E1,4.509746432E-1,3.785238862E-1,2.595366910E-2
1.124906083E1,4.230976701E-1,2.415973991E-1,7.270980626E-3
1.125910083E1,4.143084288E-1,1.524675339E-1,6.503457204E-3
1.126914183E1,4.164869189E-1,1.193374842E-1,9.289370850E-3
1.127918183E1,4.233765304E-1,1.117445454E-1,2.839994151E-3
1.128922283E1,4.463289380E-1,9.523039311E-2,7.254596800E-3
1.129926283E1,4.937156439E-1,6.198295206E-2,6.434876006E-3
1.130930283E1,5.367226005E-1,1.254414208E-2,-1.616647094E-2
1.131934383E1,5.618910789E-1,-4.306985065E-2,-2.584519796E-2
1.132938383E1,5.889706016E-1,-6.963248551E-2,1.025911793E-2
1.133942421E1,6.064974070E-1,-5.249797180E-2,6.131298468E-2
1.134946421E1,5.869472027E-1,1.525544189E-2,8.586691320E-2
1.135950521E1,5.147326589E-1,1.288033128E-1,7.470028102E-2
1.136954521E1,4.008747041E-1,2.603949606E-1,1.153478771E-1
1.137958521E1,2.872551978E-1,3.199967444E-1,2.037714869E-1
1.138962621E1,2.005988508E-1,3.399106562E-1,3.094101846E-1
1.139966621E1,1.524321288E-1,3.268920779E-1,3.846623302E-1
1.140970721E1,1.343682855E-1,3.052426875E-1,3.867654800E-1
1.141974721E1,1.379081607E-1,2.774547338E-1,3.096951842E-1
1.142978721E1,1.287105232E-1,1.876882613E-1,2.315012664E-1
1.143982821E1,8.732634038E-2,7.547836006E-2,1.890432984E-1
1.144986821E1,4.141828045E-2,4.430798441E-2,1.671664715E-1
1.145990921E1,2.362304181E-2,4.129089043E-2,1.677406430E-1
1.146994921E1,3.101100214E-3,-1.683307812E-3,2.335471660E-1
1.147998921E1,-6.696000695E-2,-1.494093835E-1,3.623560071E-1
1.149003021E1,-1.640896201E-1,-3.330686986E-1,4.604132473E-1
1.150007021E1,-2.050567567E-1,-5.491000414E-1,4.638532698E-1
1.151011121E1,-1.436876208E-1,-7.476008534E-1,4.464683831E-1
1.152015121E1,1.782758161E-3,-8.543715477E-1,4.499033391E-1
1.153019121E1,1.987688839E-1,-8.620457053E-1,4.013653100E-1
1.154023221E1,3.705145121E-1,-7.292436957E-1,3.242907524E-1
1.155027221E1,4.313226938E-1,-4.625954330E-1,2.340073884E-1
1.156031321E1,3.717951775E-1,-1.541126966E-1,1.170647889E-1
1.157035321E1,2.602789700E-1,1.046351865E-1,-6.185211241E-3
1.158039321E1,1.522774100E-1,2.529245019E-1,-1.340382546E-1
1.159043421E1,7.767517120E-2,2.981945276E-1,-2.564281225E-1
1.160047421E1,5.815606192E-2,2.896729410E-1,-3.396849334E-1
1.161051521E1,8.429861814E-2,2.592628002E-1,-3.862985969E-1
1.162055521E1,8.278167993E-2,1.965639889E-1,-4.004442394E-1
1.163059521E1,5.742783658E-3,1.002824605E-1,-3.991801441E-1
1.164063621E1,-1.102354825E-1,8.904876187E-3,-3.932162523E-1
1.165067621E1,-2.138800174E-1,-4.171159863E-2,-3.831401169E-1
1.166071721E1,-2.971517444E-1,-5.617815629E-2,-3.852570653E-1
1.167075721E1,-3.604113162E-1,-8.669473231E-2,-4.106289148E-1
1.168079721E1,-3.871531785E-1,-1.304757595E-1,-4.633576274E-1
1.169083821E1,-3.769982755E-1,-1.502941996E-1,-5.168994069E-1
1.170087821E1,-3.276626766E-1,-1.267681122E-1,-5.580564141E-1
1.171091921E1,-2.600728571E-1,-7.489542663E-2,-5.812663436E-1
1.172095921E1,-1.851269901E-1,1.063918322E-2,-5.887759328E-1
1.173099921E1,-1.128693223E-1,1.146583706E-1,-5.783141255E-1
1.174104021E1,-5.604918674E-2,2.067217082E-1,-5.504143238E-1
1.175108021E1,-3.039493039E-2,2.808621526E-1,-5.134273767E-1
1.176112121E1,-2.730299905E-2,3.338579834E-1,-4.674036801E-1
1.177116121E1,-3.923372179E-2,3.863889575E-1,-4.048501551E-1
1.178120121E1,-5.734561384E-2,4.347154796E-1,-3.406373262E-1
1.179124221E1,-7.566772401E-2,4.547226727E-1,-2.796483934E-1
1.180128221E1,-7.803420722E-2,4.311195910E-1,-2.141034603E-1
1.181132321E1,-6.919117272E-2,3.721652627E-1,-1.500553638E-1
1.182136321E1,-4.939669371E-2,2.878741026E-1,-9.009642899E-2
1.183140321E1,-3.282059729E-2,2.051217258E-1,-5.029098690E-2
1.184144421E1,-1.459045988E-2,1.401555091E-1,-2.278000116E-2
1.185148421E1,4.352845252E-3,9.383260459E-2,-3.899373347E-3
1.186152521E1,2.154328488E-2,6.426938623E-2,1.919449493E-2
1.187156521E1,1.661058515E-2,5.473399162E-2,2.647011355E-2
1.188160521E1,-2.317837253E-2,5.873965099E-2,2.037360519E-2
1.189164621E1,-1.019183695E-1,5.666079000E-2,8.339265361E-3
1.190168621E1,-1.986318678E-1,4.337667674E-2,4.779151175E-3
1.191172721E1,-2.862560153E-1,1.569492929E-2,1.607774943E-2
1.192176721E1,-3.466495574E-1,-1.306508109E-2,3.804270178E-2
1.193180721E1,-3.794745207E-1,-1.117408555E-2,4.300944507E-2
1.194184821E1,-3.812055588E-1,2.635518089E-2,3.145665303E-2
1.195188821E1,-3.598987162E-1,6.047678739E-2,-8.756008931E-3
1.196192921E1,-3.344436884E-1,4.848190770E-2,-6.751812994E-2
1.197196921E1,-3.335234523E-1,2.772293054E-2,-1.392782480E-1
1.198201021E1,-3.561145067E-1,2.334283106E-2,-2.201861441E-1
1.199205021E1,-3.942593336E-1,4.648281634E-2,-2.932845056E-1
1.200209021E1,-4.122157097E-1,9.688206762E-2,-3.172114193E-1
1.201213121E1,-4.038711190E-1,1.068752706E-1,-2.900507152E-1
1.202217121E1,-3.738828599E-1,1.386756916E-2,-2.409143299E-1
1.203221221E1,-3.288705647E-1,-1.464259177E-1,-1.821567565E-1
1.204225221E1,-2.859585285E-1,-2.570757270E-1,-1.399227530E-1
1.205229221E1,-2.439358532E-1,-2.353943437E-1,-1.708447933E-1
1.206233321E1,-1.743919253E-1,-1.413189769E-1,-2.948588729E-1
1.207237321E1,-4.059547186E-2,-7.105731964E-2,-4.508143067E-1
1.208241421E1,1.073425934E-1,-1.823183298E-1,-5.442648530E-1
1.209245421E1,2.090307623E-1,-5.102729201E-1,-5.230978727E-1
1.210249421E1,2.294265777E-1,-9.208236933E-1,-4.726056755E-1
1.211253521E1,1.541218758E-1,-1.245898962E0,-4.031079113E-1
1.212257521E1,1.918616332E-2,-1.371079326E0,-3.027091324E-1
1.213261621E1,-9.404689819E-2,-1.206218719E0,-2.000581324E-1
1.214265621E1,-1.806448996E-1,-8.480394483E-1,-1.244576424E-1
1.215269621E1,-2.490543276E-1,-4.106634557E-1,-6.313969940E-2
1.216273721E1,-3.011622727E-1,-8.759726584E-2,8.224768564E-3
1.217277721E1,-2.984640002E-1,1.153599471E-1,9.568472207E-2
1.218281821E1,-2.496389002E-1,2.465720326E-1,1.876958609E-1
1.219285821E1,-1.759370863E-1,3.080876470E-1,2.692871690E-1
1.220289821E1,-1.027616709E-1,3.089555502E-1,3.002128601E-1
1.221293921E1,-2.156474441E-2,3.205820322E-1,2.852990031E-1
1.222297921E1,5.726109445E-2,2.990791202E-1,3.044322133E-1
1.223302021E1,1.360836923E-1,2.601927221E-1,3.314618766E-1
1.224306021E1,2.067839503E-1,1.559235603E-1,3.612807393E-1
1.225310021E1,2.756461799E-1,-3.439833596E-2,4.090542197E-1
1.226314121E1,3.616002500E-1,-2.327985018E-1,4.516064823E-1
1.227318121E1,4.338597059E-1,-3.435109258E-1,5.039589405E-1
1.228322221E1,4.703194499E-1,-3.110816181E-1,5.526742339E-1
1.229326221E1,4.792773724E-1,-2.434064597E-1,5.915798545E-1
1.230330221E1,4.804704785E-1,-1.557224244E-1,6.380935311E-1
1.231334321E1,4.639818668E-1,-6.700041890E-2,6.922948956E-1
1.232338321E1,4.383228421E-1,1.557754353E-2,7.080541253E-1
1.233342433E1,4.242852628E-1,8.766116202E-2,6.478992105E-1
1.234346433E1,4.225984216E-1,1.199192330E-1,5.789329410E-1
1.235350433E1,4.135803580E-1,1.647449136E-1,5.050479770E-1
1.236354533E1,3.938756287E-1,2.841658592E-1,4.250370264E-1
1.237358533E1,3.609763086E-1,4.014955163E-1,3.464111984E-1
1.238362633E1,3.182778358E-1,4.811123312E-1,2.745838761E-1
1.239366633E1,2.713764012E-1,4.745129943E-1,2.072012275E-1
1.240370633E1,2.391169965E-1,3.867930174E-1,1.587987989E-1
1.241374733E1,2.254839838E-1,2.713136375E-1,1.259784251E-1
1.242378733E1,2.278070599E-1,1.242648140E-1,8.845634013E-2
1.243382833E1,2.409699559E-1,2.791132405E-2,6.061621755E-2
1.244386833E1,2.411031127E-1,1.835110970E-2,2.566249482E-2
1.245390833E1,2.145617306E-1,2.416404150E-2,-2.153935283E-2
1.246394933E1,2.074785233E-1,-8.661549538E-3,-5.673063174E-2
1.247398933E1,2.481232435E-1,-7.524003834E-2,-6.505811960E-2
1.248403033E1,3.164692819E-1,-1.486074626E-1,-3.348900378E-2
1.249407033E1,3.772871792E-1,-2.179208100E-1,2.348462306E-2
1.250411033E1,4.183549881E-1,-2.489562184E-1,8.276019245E-2
1.251415133E1,4.243678153E-1,-1.969711185E-1,1.138727441E-1
1.252419133E1,3.907430172E-1,-6.440109760E-2,1.198962778E-1
1.253423233E1,3.401830494E-1,1.048973948E-1,1.440048814E-1
1.254427233E1,2.669509053E-1,2.390394807E-1,1.776286215E-1
1.255431233E1,2.043845654E-1,3.229885995E-1,2.165563852E-1
1.256435333E1,2.136100233E-1,3.254112899E-1,2.283137143E-1
1.257439333E1,2.906006575E-1,3.118791878E-1,2.159724832E-1
1.258443433E1,3.832677603E-1,2.893885076E-1,1.706087291E-1
1.259447433E1,4.305462241E-1,2.219495028E-1,1.192692965E-1
1.260451433E1,4.257980883E-1,1.229369044E-1,9.068185836E-2
1.261455533E1,4.242517054E-1,7.182295900E-3,5.615684763E-2
1.262459533E1,4.136629701E-1,-2.056943998E-2,3.301557526E-2
1.263463633E1,3.975047469E-1,3.261830658E-2,2.099593729E-2
1.264467633E1,3.602319360E-1,1.276129931E-1,6.315430999E-2
1.265471633E1,2.518507242E-1,1.246873438E-1,1.808280200E-1
1.266475733E1,9.020617604E-2,9.015040845E-2,3.105109036E-1
1.267479733E1,-4.051404819E-2,4.819427058E-2,4.088802338E-1
1.268483833E1,-9.834192693E-2,-9.842392802E-2,4.370082915E-1
1.269487833E1,-1.294453889E-1,-3.201779425E-1,4.332502484E-1
1.270491833E1,-1.706202626E-1,-5.229576826E-1,4.548761845E-1
1.271495933E1,-1.719892919E-1,-6.296094656E-1,4.612976611E-1
1.272499933E1,-1.507452577E-1,-5.953500271E-1,4.443935156E-1
1.273504033E1,-1.299564689E-1,-4.436242878E-1,3.889281750E-1
1.274508033E1,-1.100954115E-1,-2.415380478E-1,2.853551805E-1
1.275512033E1,-7.265832275E-2,-5.178936571E-2,1.379124969E-1
1.276516133E1,-2.524899691E-2,6.750587374E-2,-2.779977396E-2
1.277520133E1,3.072458319E-3,1.346616298E-1,-1.858538985E-1
1.278524233E1,-2.192344749E-3,1.744441986E-1,-3.166057765E-1
1.279528233E1,-4.175951332E-2,2.134506702E-1,-4.340780377E-1
1.280532233E1,-1.082503870E-1,2.466307133E-1,-5.165281892E-1
1.281536333E1,-1.943346858E-1,2.452050894E-1,-5.619131327E-1
1.282540333E1,-2.778109312E-1,2.013566643E-1,-5.826884508E-1
1.283544433E1,-3.387593031E-1,1.176880822E-1,-6.114103198E-1
1.284548433E1,-3.851720691E-1,6.070974469E-2,-6.148064137E-1
1.285552433E1,-4.370646477E-1,1.912050135E-2,-5.788854957E-1
1.286556533E1,-5.025570989E-1,1.956365258E-2,-5.310535431E-1
1.287560533E1,-5.747455955E-1,4.571801797E-2,-5.030245185E-1
1.288564633E1,-6.065341830E-1,6.498146057E-2,-5.286113620E-1
1.289568633E1,-5.624914169E-1,6.678340584E-2,-5.601841807E-1
1.290572633E1,-4.675329328E-1,9.127543122E-2,-5.640931726E-1
1.291576733E1,-3.654861152E-1,1.406229883E-1,-5.496707559E-1
1.292580733E1,-2.775349617E-1,1.956657469E-1,-5.437465310E-1
1.293584833E1,-2.254970074E-1,2.606262863E-1,-5.363286734E-1
1.294588833E1,-2.099779695E-1,3.261008859E-1,-5.194226503E-1
1.295592833E1,-2.190111130E-1,4.035494030E-1,-4.748540819E-1
1.296596933E1,-2.449412495E-1,4.730667174E-1,-4.051452875E-1
1.297600933E1,-2.746545672E-1,5.153358579E-1,-3.170084059E-1
1.298605033E1,-2.933209240E-1,4.970851839E-1,-2.168112397E-1
1.299609033E1,-2.909938097E-1,4.260891378E-1,-1.302095205E-1
1.300613033E1,-2.705258131E-1,3.213155866E-1,-6.758131087E-2
1.301617133E1,-2.498862594E-1,2.078899741E-1,-2.375728078E-2
1.302621133E1,-2.240698487E-1,1.103660837E-1,7.285324857E-3
1.303625233E1,-1.964881271E-1,3.652563691E-2,3.678919747E-2
1.304629233E1,-1.671981514E-1,-4.388238862E-2,7.552275062E-2
1.305633233E1,-1.699542701E-1,-1.445356011E-1,9.338058531E-2
1.306637333E1,-2.023361772E-1,-2.075918019E-1,7.884585112E-2
1.307641333E1,-2.509543002E-1,-1.951717734E-1,5.589152128E-2
1.308645433E1,-2.950815260E-1,-1.318820119E-1,3.442297876E-2
1.309649433E1,-3.219530284E-1,-4.921740294E-2,1.629934274E-2
1.310653433E1,-3.349433839E-1,3.091285191E-2,-8.847288787E-3
1.311657533E1,-3.236333132E-1,8.689751476E-2,-4.636505619E-2
1.312661533E1,-2.961396575E-1,1.156585887E-1,-8.442401886E-2
1.313665633E1,-2.845158279E-1,1.311266571E-1,-1.214650720E-1
1.314669633E1,-2.899811864E-1,1.282307357E-1,-1.498442590E-1
1.315673633E1,-3.130488098E-1,1.270836592E-1,-1.578074247E-1
1.316677733E1,-3.495232165E-1,1.169039905E-1,-1.572396457E-1
1.317681733E1,-3.973205686E-1,8.025357127E-2,-1.684582084E-1
1.318685833E1,-4.269775152E-1,1.087183040E-2,-1.821567118E-1
1.319689833E1,-4.301892519E-1,-9.563389421E-2,-2.036186159E-1
1.320693833E1,-4.269599020E-1,-1.975714415E-1,-2.209699154E-1
1.321697933E1,-4.212965965E-1,-2.538977563E-1,-2.417587340E-1
1.322701933E1,-4.121624827E-1,-2.379914671E-1,-2.681584060E-1
1.323706033E1,-3.809264898E-1,-1.236864105E-1,-3.465600014E-1
1.324710033E1,-3.036119938E-1,1.631296589E-3,-4.598450363E-1
1.325714033E1,-1.779018193E-1,-6.452876329E-2,-5.406752825E-1
1.326718133E1,-6.190489978E-2,-3.301657736E-1,-5.136252642E-1
1.327722133E1,-4.725646973E-2,-6.850017309E-1,-4.096415937E-1
1.328726233E1,-9.610736370E-2,-9.835245013E-1,-3.287744224E-1
1.329730233E1,-1.455021501E-1,-1.057202339E0,-2.868012488E-1
1.330734233E1,-1.884943694E-1,-8.761092424E-1,-2.811723948E-1
1.331738333E1,-2.207896858E-1,-4.961396754E-1,-2.737779915E-1
1.332742333E1,-2.414518297E-1,-1.276239455E-1,-2.327916920E-1
1.333746396E1,-2.535123527E-1,9.346555918E-2,-1.555297226E-1
1.334750496E1,-2.419209331E-1,1.641192287E-1,-5.736561120E-2
1.335754496E1,-1.699391454E-1,2.068039477E-1,5.277127028E-2
1.336758596E1,-5.445808545E-2,2.628898621E-1,1.440433860E-1
1.337762596E1,5.536513031E-2,3.028692305E-1,2.190532982E-1
1.338766596E1,1.503688693E-1,3.137791157E-1,2.377415001E-1
1.339770696E1,2.530671358E-1,2.735231519E-1,2.231839448E-1
1.340774696E1,3.598082364E-1,1.621569395E-1,2.230214924E-1
1.341778796E1,4.566112459E-1,4.745028540E-2,2.748788297E-1
1.342782796E1,5.385551453E-1,-7.486896962E-2,3.551632762E-1
1.343786796E1,6.004178524E-1,-2.038162351E-1,4.445064962E-1
1.344790896E1,6.422004700E-1,-2.714035213E-1,5.219326019E-1
1.345794896E1,6.559228897E-1,-2.491215169E-1,5.793843865E-1
1.346798996E1,6.412611008E-1,-1.225289404E-1,6.208916306E-1
1.347802996E1,6.263434887E-1,1.904032193E-2,6.622330546E-1
1.348806996E1,6.017431021E-1,1.416607797E-1,7.296360731E-1
1.349811096E1,5.647232533E-1,2.237953395E-1,7.666288614E-1
1.350815096E1,5.324992537E-1,2.581143975E-1,7.236369252E-1
1.351819196E1,4.989621043E-1,2.602470815E-1,6.653605700E-1
1.352823196E1,4.862451255E-1,2.503023148E-1,5.971803665E-1
1.353827196E1,5.017938614E-1,2.793676853E-1,5.104664564E-1
1.354831296E1,5.206735730E-1,3.276601136E-1,4.128818512E-1
1.355835296E1,5.133237243E-1,3.428890705E-1,3.196192384E-1
1.356839396E1,4.805679619E-1,3.188905418E-1,2.386740744E-1
1.357843396E1,4.318810403E-1,2.689598501E-1,1.877857596E-1
1.358847396E1,3.818823099E-1,1.941891909E-1,1.702595055E-1
1.359851496E1,3.462615609E-1,9.173833579E-2,1.571533829E-1
1.360855496E1,3.301885724E-1,-1.374787744E-2,1.378414780E-1
1.361859596E1,3.330229819E-1,-9.934101999E-2,1.020886600E-1
1.362863596E1,3.673338294E-1,-1.694471389E-1,5.595232546E-2
1.363867596E1,4.209595621E-1,-2.292917818E-1,1.329266350E-3
1.364871696E1,4.663235843E-1,-2.839968204E-1,-5.223329738E-2
1.365875696E1,4.646948278E-1,-3.041884303E-1,-8.967655897E-2
1.366879696E1,4.272997677E-1,-2.743913829E-1,-7.893282920E-2
1.367883796E1,3.983484507E-1,-1.891228259E-1,-1.172285900E-2
1.368887796E1,4.040018320E-1,-9.695376456E-2,5.787965283E-2
1.369891896E1,4.101917148E-1,-2.517731674E-2,6.698158383E-2
1.370895896E1,3.749953806E-1,4.943433776E-2,3.977393359E-2
1.371899896E1,2.811022699E-1,1.160999686E-1,3.680006415E-2
1.372903996E1,1.578570455E-1,1.697349697E-1,7.841062546E-2
1.373907996E1,7.021880150E-2,1.540647298E-1,1.185784191E-1
1.374912096E1,3.907606751E-2,1.231262460E-1,1.410214007E-1
1.375916096E1,1.630789414E-2,9.944562614E-2,1.528747380E-1
1.376920096E1,2.547341632E-3,4.383962601E-2,1.835578084E-1
1.377924196E1,-1.414866187E-2,-5.982158706E-3,2.150096744E-1
1.378928196E1,-1.314331777E-2,-9.420298971E-3,2.274109572E-1
1.379932296E1,9.024973959E-3,9.080676734E-2,2.393825799E-1
1.380936296E1,3.826168925E-2,2.175516635E-1,2.550358474E-1
1.381940296E1,2.766729891E-2,2.268299460E-1,2.943848968E-1
1.382944396E1,-7.538531721E-2,1.002696082E-1,4.087492824E-1
1.383948396E1,-2.234959304E-1,-8.292321861E-2,5.245502591E-1
1.384952496E1,-3.382970691E-1,-4.237947762E-1,5.417106152E-1
1.385956496E1,-3.740903139E-1,-8.611691594E-1,5.480515361E-1
1.386960496E1,-3.403547108E-1,-1.153901100E0,5.661780834E-1
1.387964596E1,-2.463028282E-1,-1.204064965E0,5.240240097E-1
1.388968596E1,-1.161709353E-1,-1.036334515E0,4.240630269E-1
1.389972696E1,1.133706607E-2,-7.407582402E-1,2.658393979E-1
1.390976696E1,9.905626625E-2,-4.183813035E-1,1.011681482E-1
1.391980696E1,1.395862252E-1,-1.237686947E-1,-4.864309728E-2
1.392984796E1,1.270477921E-1,9.786222875E-2,-1.932380944E-1
1.393988796E1,5.537160486E-2,2.209005207E-1,-3.264191151E-1
1.394992796E1,-4.582159221E-2,2.932058871E-1,-4.339103997E-1
1.395996896E1,-1.303992867E-1,3.569665551E-1,-5.228962898E-1
1.397000896E1,-1.876889318E-1,3.844343722E-1,-5.910966396E-1
1.398004996E1,-2.515710294E-1,3.570654988E-1,-6.452704668E-1
1.399008996E1,-3.234236538E-1,2.811318338E-1,-6.790175438E-1
1.400012996E1,-3.918100297E-1,1.732403338E-1,-6.951001287E-1
1.401017096E1,-4.496403039E-1,9.016169608E-2,-6.465911865E-1
1.402021096E1,-5.040439367E-1,6.687197834E-3,-5.693715811E-1
1.403025196E1,-5.821427107E-1,-7.239457220E-2,-5.056858063E-1
1.404029196E1,-6.355564594E-1,-1.683452278E-1,-5.094562173E-1
1.405033196E1,-6.238521338E-1,-2.269030809E-1,-5.462091565E-1
1.406037296E1,-5.559233427E-1,-2.040602863E-1,-5.733703971E-1
1.407041296E1,-4.699245095E-1,-1.098645478E-1,-5.780141354E-1
1.408045296E1,-3.860611022E-1,5.559679121E-2,-5.721415877E-1
1.409049396E1,-3.013965487E-1,2.166474611E-1,-5.683183074E-1
1.410053396E1,-2.289693654E-1,3.665300608E-1,-5.522488952E-1
1.411057496E1,-1.892818809E-1,4.752938449E-1,-5.114774704E-1
1.412061496E1,-1.815588325E-1,5.373575687E-1,-4.450153112E-1
1.413065496E1,-1.968448311E-1,5.728843808E-1,-3.656091690E-1
1.414069596E1,-2.128552347E-1,5.704374909E-1,-2.906451821E-1
1.415073596E1,-2.064015865E-1,5.255571008E-1,-2.012583166E-1
1.416077696E1,-1.838867962E-1,4.329357445E-1,-1.032535359E-1
1.417081696E1,-1.578967422E-1,3.297582269E-1,-2.645889111E-2
1.418085696E1,-1.163368970E-1,2.371221632E-1,3.272832185E-2
1.419089796E1,-6.874167919E-2,1.531566978E-1,8.713003993E-2
1.420093796E1,-3.284822777E-2,7.746028155E-2,1.234608069E-1
1.421097896E1,-9.451556951E-3,2.541278861E-2,1.318244636E-1
1.422101896E1,1.139551168E-3,1.618216373E-2,1.146385595E-1
1.423105896E1,1.176103670E-2,2.484223060E-2,7.490020245E-2
1.424109996E1,2.564647421E-2,3.742609173E-2,2.347403765E-2
1.425113996E1,2.507575974E-2,3.938564658E-2,-2.857052162E-2
1.426117996E1,1.482977183E-3,3.501901403E-2,-6.605473161E-2
1.427122096E1,-3.424545750E-2,5.186031014E-2,-9.334120899E-2
1.428126096E1,-6.525866687E-2,9.221690148E-2,-1.082578897E-1
1.429130196E1,-1.048260480E-1,1.178940386E-1,-9.470613301E-2
1.430134196E1,-1.583934128E-1,8.960109204E-2,-7.397595048E-2
1.431138196E1,-2.216397524E-1,3.277269751E-2,-5.908781290E-2
1.432142296E1,-3.112526536E-1,-2.399014123E-2,-4.108489305E-2
1.433146288E1,-4.152815640E-1,-7.528874278E-2,-2.060758322E-2
1.434150388E1,-5.057993531E-1,-1.025482640E-1,-9.370956570E-3
1.435154388E1,-5.616988540E-1,-8.241582662E-2,-6.405260414E-3
1.436158387E1,-6.347263455E-1,-4.193610325E-2,-5.736636231E-4
1.437162487E1,-6.986877918E-1,-2.612358704E-2,-1.975694671E-2
1.438166487E1,-7.213827372E-1,-7.377122529E-3,-7.706052810E-2
1.439170587E1,-6.930049062E-1,4.104580358E-2,-1.752984226E-1
1.440174587E1,-6.235321760E-1,6.734547764E-2,-2.853856087E-1
1.441178588E1,-4.948098958E-1,2.548271418E-2,-3.954380751E-1
1.442182687E1,-3.401159942E-1,-1.211132854E-1,-4.931800663E-1
1.443186688E1,-2.467652559E-1,-4.053343534E-1,-5.047355294E-1
1.444190687E1,-2.316933572E-1,-7.473038435E-1,-4.661244750E-1
1.445194788E1,-1.995346248E-1,-8.838158846E-1,-4.644799531E-1
1.446198787E1,-1.141887233E-1,-7.106909156E-1,-4.541026354E-1
1.447202887E1,-4.299364239E-2,-3.175856769E-1,-3.822888732E-1
1.448206887E1,-2.503520064E-2,5.487703532E-2,-2.484242618E-1
1.449210887E1,-5.946747586E-2,2.236884236E-1,-1.011122987E-1
1.450214987E1,-9.581570327E-2,2.536922097E-1,4.127683118E-2
1.451218988E1,-6.830045581E-2,2.564853430E-1,1.653902680E-1
1.452223088E1,1.501848456E-2,2.629719377E-1,2.629640698E-1
1.453227088E1,1.053499803E-1,2.513867021E-1,3.564125001E-1
1.454231087E1,1.890080124E-1,2.235407829E-1,3.938115835E-1
1.455235187E1,2.840255797E-1,1.671890914E-1,3.730389476E-1
1.456239187E1,3.836446106E-1,6.830927730E-2,3.433757126E-1
1.457243187E1,4.796987176E-1,-6.884644181E-2,3.282992840E-1
1.458247287E1,5.680639148E-1,-1.820623279E-1,3.698686063E-1
1.459251288E1,6.365566850E-1,-2.490695715E-1,4.463250339E-1
1.460255387E1,6.839334965E-1,-2.416763902E-1,5.370003581E-1
1.461259388E1,6.946610212E-1,-1.904704571E-1,6.064108610E-1
1.462263387E1,6.812589765E-1,-1.368487626E-1,6.443312764E-1
1.463267487E1,6.568244696E-1,-6.793387979E-2,6.875189543E-1
1.464271487E1,6.134295464E-1,1.414468139E-2,7.516488433E-1
1.465275587E1,5.715094805E-1,6.571812928E-2,7.687758803E-1
1.466279587E1,5.255387425E-1,1.266215891E-1,7.183175683E-1
1.467283587E1,4.672946632E-1,1.913065761E-1,6.424728632E-1
1.468287687E1,4.085096419E-1,2.592174709E-1,5.458685756E-1
1.469291688E1,3.800068796E-1,3.391740620E-1,4.298692346E-1
1.470295688E1,3.607193530E-1,4.009827971E-1,3.064000905E-1
1.471299788E1,3.525820673E-1,4.422751069E-1,2.000923008E-1
1.472303787E1,3.464720547E-1,4.561081827E-1,1.170362607E-1
1.473307887E1,3.402181566E-1,4.130898714E-1,4.812777042E-2
1.474311887E1,3.278809190E-1,3.129091263E-1,-5.223258864E-3
1.475315887E1,3.097333312E-1,1.984672248E-1,-3.155127168E-2
1.476319987E1,2.940796018E-1,9.320007265E-2,-5.120849609E-2
1.477323988E1,2.828466594E-1,-7.247966249E-3,-6.770624220E-2
1.478328088E1,2.883718312E-1,-9.368963540E-2,-8.204958588E-2
1.479332088E1,3.086632490E-1,-1.525425762E-1,-8.445229381E-2
1.480336087E1,3.339238167E-1,-1.743050218E-1,-5.006099120E-2
1.481340187E1,3.584147692E-1,-1.838750988E-1,8.518430404E-3
1.482344187E1,3.581155837E-1,-1.870393455E-1,4.775283858E-2
1.483348187E1,3.291273415E-1,-1.643729210E-1,5.858258530E-2
1.484352287E1,2.589918673E-1,-7.257998735E-2,2.428136952E-2
1.485356288E1,1.394806355E-1,8.473906666E-2,1.172243524E-2
1.486360387E1,3.801942244E-2,1.718094051E-1,5.339350179E-2
1.487364388E1,9.451430291E-3,2.063207775E-1,1.295013279E-1
1.488368387E1,6.749817729E-2,2.190584093E-1,2.236745656E-1
1.489372488E1,1.567526907E-1,1.917857677E-1,2.397491485E-1
1.490376487E1,2.008105516E-1,1.112690866E-1,2.058145553E-1
1.491380587E1,1.990512758E-1,-1.911501586E-2,1.657331884E-1
1.492384587E1,1.777947247E-1,-1.634223908E-1,1.455525458E-1
1.493388587E1,1.579134315E-1,-2.171961516E-1,1.232341900E-1
1.494392687E1,1.718364209E-1,-1.650488228E-1,9.718954563E-2
1.495396688E1,1.961830407E-1,-1.434782743E-1,1.120728850E-1
1.496400688E1,1.537596881E-1,-2.038198709E-1,1.894756556E-1
1.497404788E1,6.879100949E-2,-2.971154749E-1,2.524983287E-1
1.498408787E1,2.230254747E-2,-3.695631027E-1,2.788614929E-1
1.499412887E1,3.298230935E-3,-4.435707331E-1,2.833018005E-1
1.500416887E1,-6.820975244E-2,-4.267156720E-1,3.660343587E-1
1.501420887E1,-1.557025760E-1,-3.465281725E-1,4.363809526E-1
1.502424987E1,-1.941857040E-1,-2.352959216E-1,4.656836689E-1
1.503428988E1,-1.930338889E-1,-1.037706584E-1,4.619514942E-1
1.504432988E1,-1.872786582E-1,-2.354293689E-2,3.925518394E-1
1.505437088E1,-1.770619750E-1,-2.662581205E-2,2.594824731E-1
1.506441087E1,-1.321889013E-1,-7.100520283E-2,7.967775315E-2
1.507445187E1,-5.715433881E-2,-1.082859933E-1,-1.213429719E-1
1.508449187E1,1.163311675E-2,-1.237704158E-1,-3.116008639E-1
1.509453187E1,4.727473482E-2,-1.294408143E-1,-4.286787510E-1
1.510457287E1,3.093354404E-2,-1.546297371E-1,-4.827201366E-1
1.511461287E1,-2.682615817E-2,-1.844217181E-1,-5.052802563E-1
1.512465387E1,-1.174946576E-1,-1.764854044E-1,-5.196486712E-1
1.513469388E1,-2.075864673E-1,-1.176252812E-1,-5.285031796E-1
1.514473388E1,-2.691250145E-1,-4.256387055E-2,-5.594077706E-1
1.515477488E1,-2.853116989E-1,1.413349621E-2,-5.864050388E-1
1.516481487E1,-2.811582685E-1,3.877588362E-2,-5.545959473E-1
1.517485487E1,-2.891528010E-1,4.862079024E-2,-5.275403261E-1
1.518489587E1,-2.969595194E-1,6.947620958E-2,-5.484009385E-1
1.519493587E1,-2.755607367E-1,1.143752411E-1,-5.913771391E-1
1.520497687E1,-2.348707467E-1,1.714429557E-1,-6.282304525E-1
1.521501688E1,-1.791885644E-1,2.214022577E-1,-6.310176849E-1
1.522505688E1,-1.198820546E-1,3.232277334E-1,-6.040798426E-1
1.523509788E1,-8.124970645E-2,4.234659374E-1,-5.485260487E-1
1.524513787E1,-7.120563090E-2,4.929659069E-1,-4.941220284E-1
1.525517887E1,-6.516584754E-2,5.016294122E-1,-4.347977340E-1
1.526521887E1,-7.507039607E-2,4.887659550E-1,-3.544972837E-1
1.527525887E1,-9.502839297E-2,4.598970413E-1,-2.785130441E-1
1.528529987E1,-1.157949045E-1,4.121069610E-1,-2.029181719E-1
1.529533988E1,-1.268150657E-1,3.510425389E-1,-1.260867715E-1
1.530537988E1,-1.221132502E-1,2.924658358E-1,-4.919879138E-2
1.531542088E1,-1.111165211E-1,2.246204764E-1,8.558249101E-3
1.532546087E1,-1.029765978E-1,1.580103338E-1,4.897306859E-2
1.533550208E1,-9.680046141E-2,1.036496311E-1,7.155001909E-2
1.534554208E1,-1.125578731E-1,6.616771966E-2,8.743111044E-2
1.535558208E1,-1.707258224E-1,3.837869689E-2,9.917032719E-2
1.536562308E1,-2.557069361E-1,1.760125160E-2,1.026190743E-1
1.537566308E1,-3.284173608E-1,-1.184239052E-2,1.044750363E-1
1.538570308E1,-3.503649235E-1,-4.836973175E-2,9.386468679E-2
1.539574408E1,-3.384206295E-1,-8.259880543E-2,6.408601999E-2
1.540578408E1,-3.222610950E-1,-8.917937428E-2,1.724872924E-2
1.541582508E1,-3.193912506E-1,-4.762393981E-2,-3.553406149E-2
1.542586508E1,-3.336191475E-1,2.778251097E-2,-6.749881804E-2
1.543590508E1,-3.627298772E-1,1.015589982E-1,-9.611261636E-2
1.544594608E1,-3.972433507E-1,1.484902352E-1,-1.342975646E-1
1.545598608E1,-4.254933596E-1,1.549646407E-1,-1.728830338E-1
1.546602708E1,-4.425182045E-1,1.332199275E-1,-2.166048139E-1
1.547606708E1,-4.530012012E-1,9.685207158E-2,-2.234920114E-1
1.548610708E1,-4.585557282E-1,4.781156406E-2,-1.910244972E-1
1.549614808E1,-4.566419721E-1,-1.673094556E-2,-1.453049481E-1
1.550618808E1,-4.546007812E-1,-1.101767495E-1,-1.022488922E-1
1.551622808E1,-4.432426691E-1,-1.901522726E-1,-9.047479182E-2
1.552626908E1,-4.443613291E-1,-2.255483866E-1,-1.284930706E-1
1.553630908E1,-4.288473725E-1,-2.369467169E-1,-1.939897835E-1
1.554635008E1,-3.581675291E-1,-2.712589204E-1,-2.553023100E-1
1.555639008E1,-2.270545065E-1,-3.581046164E-1,-2.874677181E-1
1.556643008E1,-7.334727049E-2,-4.623680711E-1,-2.899437845E-1
1.557647108E1,3.738217428E-2,-5.590642095E-1,-2.870774269E-1
1.558651108E1,5.435578525E-2,-6.424869895E-1,-2.906816006E-1
1.559655108E1,-4.968522117E-3,-6.635302305E-1,-3.069095612E-1
1.560659208E1,-3.789651021E-2,-5.601415038E-1,-3.284718990E-1
1.561663208E1,-2.925535291E-2,-3.755921721E-1,-3.192472458E-1
1.562667308E1,-1.787537895E-2,-1.608901620E-1,-2.573468685E-1
1.563671308E1,-1.304280758E-2,-2.119350247E-2,-1.644491553E-1
1.564675308E1,-1.632742118E-3,1.803443208E-2,-6.696681678E-2
1.565679408E1,6.992703769E-3,2.023420483E-2,4.910093173E-2
1.566683408E1,1.010628068E-3,4.090812057E-2,1.555957198E-1
1.567687408E1,-2.557863668E-2,6.882683933E-2,2.324604094E-1
1.568691508E1,-4.525602609E-2,8.125101030E-2,2.615498900E-1
1.569695508E1,-2.533477917E-2,8.791716397E-2,2.556917369E-1
1.570699608E1,9.810415097E-3,4.584476352E-2,2.552673817E-1
1.571703608E1,7.903183252E-2,-1.124968100E-2,2.835959494E-1
1.572707608E1,1.811059862E-1,-1.293992847E-1,3.366683722E-1
1.573711708E1,2.877762318E-1,-2.714821100E-1,4.124640524E-1
1.574715708E1,3.444528282E-1,-3.211729527E-1,4.827275872E-1
1.575719808E1,3.415835500E-1,-2.736437917E-1,5.260177851E-1
1.576723808E1,3.229358196E-1,-1.439066827E-1,5.555274487E-1
1.577727808E1,3.189687729E-1,-4.196194001E-3,5.910721421E-1
1.578731908E1,3.124701381E-1,8.605621010E-2,6.303383112E-1
1.579735908E1,2.978309989E-1,1.568502188E-1,6.595265865E-1
1.580739908E1,2.801710963E-1,1.929984093E-1,6.427092552E-1
1.581744008E1,2.670654058E-1,2.014462352E-1,5.883751512E-1
1.582748008E1,2.671916485E-1,2.198940068E-1,5.276154876E-1
1.583752108E1,2.937300503E-1,2.809030414E-1,4.496773183E-1
1.584756108E1,3.261994421E-1,3.729071915E-1,3.450449705E-1
1.585760108E1,3.345873356E-1,4.715866446E-1,2.310201377E-1
1.586764208E1,3.229067624E-1,4.988868237E-1,1.153819337E-1
1.587768208E1,3.044281602E-1,4.777575731E-1,4.344968498E-2
1.588772308E1,3.069011569E-1,3.670037985E-1,-1.289640833E-2
1.589776308E1,3.156946599E-1,2.390288115E-1,-3.400462121E-2
1.590780308E1,3.411869407E-1,7.049577683E-2,-4.582132027E-2
1.591784408E1,3.797076941E-1,-8.919348568E-2,-4.754278809E-2
1.592788408E1,4.195102155E-1,-2.407564968E-1,-5.241689458E-2
1.593792408E1,4.531227648E-1,-3.447310925E-1,-3.969231248E-2
1.594796508E1,4.738649428E-1,-3.618314862E-1,3.629399464E-3
1.595800508E1,4.750268757E-1,-3.135198951E-1,6.279498339E-2
1.596804608E1,4.647717178E-1,-2.281336784E-1,1.244745106E-1
1.597808608E1,4.500167370E-1,-1.677497029E-1,1.485175341E-1
1.598812608E1,4.477154613E-1,-1.116451994E-1,1.421740353E-1
1.599816708E1,4.463827908E-1,-3.829082474E-2,1.385667771E-1
1.600820708E1,4.289294183E-1,3.484191746E-2,1.329921633E-1
1.601824708E1,3.844991028E-1,9.622164816E-2,1.510103196E-1
1.602828808E1,3.599923849E-1,1.215087399E-1,1.850452870E-1
1.603832808E1,3.713531494E-1,1.117748842E-1,2.164580673E-1
1.604836908E1,3.894941211E-1,1.038031355E-1,2.386243194E-1
1.605840908E1,4.017598629E-1,6.325598061E-2,2.294020653E-1
1.606844908E1,3.999690711E-1,2.109595388E-2,2.442683876E-1
1.607849008E1,3.869438171E-1,-2.461081371E-2,2.327291667E-1
1.608853008E1,3.630411625E-1,2.008448541E-2,2.052616030E-1
1.609857108E1,3.563140333E-1,1.101146713E-1,1.993247271E-1
1.610861108E1,3.390531838E-1,4.234658927E-2,2.330784947E-1
1.611865108E1,2.168425769E-1,-1.170329452E-1,3.409247994E-1
1.612869208E1,4.317924008E-2,-2.785323262E-1,4.071685076E-1
1.613873208E1,-6.472698599E-2,-3.997775316E-1,4.054230750E-1
1.614877208E1,-8.761520684E-2,-5.102128983E-1,4.109517634E-1
1.615881308E1,-4.823957011E-2,-5.039147735E-1,4.629465342E-1
1.616885308E1,9.104271978E-2,-4.847446382E-1,4.273471236E-1
1.617889408E1,2.386249751E-1,-4.339501560E-1,3.686092198E-1
1.618893408E1,2.415635884E-1,-3.490518928E-1,3.036539257E-1
1.619897408E1,1.339457780E-1,-2.246572524E-1,1.775183380E-1
1.620901508E1,2.991231903E-2,-1.119669080E-1,2.749767900E-2
1.621905508E1,-1.352037769E-2,-7.659719884E-2,-1.141766310E-1
1.622909508E1,1.695728744E-3,-9.373385459E-2,-2.316817641E-1
1.623913608E1,6.374205649E-2,-9.326460958E-2,-3.128751516E-1
1.624917608E1,1.214677617E-1,-6.878317147E-2,-3.817476034E-1
1.625921708E1,1.164112166E-1,-2.446710505E-2,-4.467535019E-1
1.626925708E1,5.092447251E-2,4.038875550E-2,-4.870356023E-1
1.627929708E1,-4.232637957E-2,1.208615005E-1,-5.186219811E-1
1.628933808E1,-1.245096773E-1,1.888958663E-1,-5.383520126E-1
1.629937808E1,-1.841037571E-1,2.005229592E-1,-5.582396984E-1
1.630941808E1,-2.196489722E-1,1.637724042E-1,-5.658563375E-1
1.631945908E1,-2.564734221E-1,1.214251742E-1,-5.654639006E-1
1.632949908E1,-2.815404236E-1,9.350991994E-2,-5.661683083E-1
1.633953987E1,-2.833802104E-1,1.011874899E-1,-5.620358586E-1
1.634957988E1,-2.615021169E-1,1.678338498E-1,-5.494894981E-1
1.635961988E1,-2.289045006E-1,2.651388347E-1,-5.386528373E-1
1.636966088E1,-1.776513606E-1,3.232023120E-1,-5.258746743E-1
1.637970087E1,-1.304681450E-1,3.256934285E-1,-5.014524460E-1
1.638974187E1,-1.104564592E-1,3.147857189E-1,-4.597271085E-1
1.639978187E1,-1.166903898E-1,3.149702847E-1,-4.122551978E-1
1.640982187E1,-1.345458031E-1,3.332266510E-1,-3.676057458E-1
1.641986287E1,-1.762418598E-1,3.463925123E-1,-3.215117455E-1
1.642990288E1,-2.245804816E-1,3.384840488E-1,-2.779486179E-1
1.643994288E1,-2.594921291E-1,3.220097423E-1,-2.374824136E-1
1.644998388E1,-2.584737837E-1,2.964539826E-1,-2.058650851E-1
1.646002387E1,-2.325239480E-1,2.668963671E-1,-1.719641089E-1
1.647006488E1,-1.967623830E-1,2.187216878E-1,-1.351330280E-1
1.648010487E1,-1.603037119E-1,1.553315222E-1,-9.572064877E-2
1.649014487E1,-1.313903779E-1,9.863713384E-2,-5.505933613E-2
1.650018587E1,-1.262443513E-1,6.835486740E-2,-2.096474543E-2
1.651022587E1,-1.520450115E-1,5.665272847E-2,1.141873281E-2
1.652026588E1,-2.070733756E-1,5.506281927E-2,3.837604821E-2
1.653030688E1,-2.781218588E-1,7.072758675E-2,5.572793633E-2
1.654034688E1,-3.421634138E-1,9.564065933E-2,6.962963939E-2
1.655038788E1,-3.896048367E-1,1.117914543E-1,8.059193194E-2
1.656042787E1,-4.212663472E-1,1.202312782E-1,8.202764392E-2
1.657046787E1,-4.391815066E-1,1.363929808E-1,7.680483162E-2
1.658050887E1,-4.311448932E-1,1.479942501E-1,7.633957267E-2
1.659054887E1,-4.086267054E-1,1.357228756E-1,7.046712935E-2
1.660058987E1,-3.869485855E-1,1.002242789E-1,3.616668284E-2
1.661062988E1,-3.855331838E-1,7.006765902E-2,-2.519172430E-2
1.662066988E1,-4.095168114E-1,5.163192004E-2,-1.123391390E-1
1.663071088E1,-4.543313384E-1,1.971708238E-2,-1.912847310E-1
1.664075087E1,-4.923604727E-1,-5.819635838E-2,-2.260051668E-1
1.665079087E1,-4.973972738E-1,-1.879450381E-1,-2.272384763E-1
1.666083187E1,-4.510271549E-1,-2.966347635E-1,-2.251569480E-1
1.667087187E1,-4.083479345E-1,-3.570688665E-1,-2.080805749E-1
1.668091287E1,-3.854879141E-1,-3.528909087E-1,-1.744288653E-1
1.669095287E1,-3.717197776E-1,-2.810375690E-1,-1.636983901E-1
1.670099288E1,-3.581104875E-1,-1.457114518E-1,-1.949620396E-1
1.671103388E1,-3.255427778E-1,5.257020518E-2,-2.490297556E-1
1.672107388E1,-2.774785757E-1,2.341202796E-1,-2.938906848E-1
1.673111488E1,-2.240760326E-1,2.267908603E-1,-3.478883207E-1
1.674115487E1,-1.633626223E-1,-1.717600971E-2,-3.764597774E-1
1.675119487E1,-1.601743400E-1,-4.046910703E-1,-3.460452557E-1
1.676123587E1,-1.727521867E-1,-7.401567101E-1,-3.409322500E-1
1.677127587E1,-1.128159016E-1,-8.565937281E-1,-3.631303310E-1
1.678131588E1,-3.432482108E-2,-7.461042404E-1,-3.590256274E-1
1.679135688E1,-3.464617953E-2,-5.041696429E-1,-2.899126410E-1
1.680139688E1,-1.182720959E-1,-3.052959442E-1,-1.922380179E-1
1.681143788E1,-2.419141978E-1,-1.879671812E-1,-1.037958637E-1
1.682147787E1,-3.460784256E-1,-1.209625974E-1,-6.054928061E-3
1.683151787E1,-3.869532049E-1,-6.236501411E-2,9.144517034E-2
1.684155887E1,-3.203944266E-1,2.374403924E-2,1.821729392E-1
1.685159887E1,-1.809718162E-1,1.082572713E-1,2.823944688E-1
1.686163888E1,-2.645575628E-2,1.531232893E-1,3.349862993E-1
1.687167988E1,1.168730408E-1,1.180816814E-1,3.444994688E-1
1.688171988E1,2.452083677E-1,5.923594162E-2,3.828947842E-1
1.689176088E1,3.366833329E-1,3.267165273E-2,4.429221153E-1
1.690180087E1,3.809791505E-1,2.568875439E-3,4.897825420E-1
1.691184087E1,3.845801353E-1,-4.816263169E-2,5.142513514E-1
1.692188187E1,3.523505628E-1,-9.458632022E-2,5.399867892E-1
1.693192187E1,3.036616445E-1,-1.083699390E-1,5.786698461E-1
1.694196287E1,2.584214509E-1,-8.092126995E-2,5.935811400E-1
1.695200287E1,2.352947444E-1,-1.652124338E-2,5.980510712E-1
1.696204288E1,2.282232493E-1,5.901985243E-2,6.156678796E-1
1.697208388E1,2.261409611E-1,1.550931334E-1,6.256631017E-1
1.698212388E1,2.265263200E-1,2.258155048E-1,5.973135233E-1
1.699216488E1,2.177392244E-1,2.622430325E-1,5.188000202E-1
1.700220487E1,1.999392062E-1,2.804716229E-1,4.127898514E-1
1.701224487E1,1.998430192E-1,2.774761021E-1,3.085075319E-1
1.702228587E1,1.973668039E-1,3.072268069E-1,2.343033254E-1
1.703232587E1,1.761426479E-1,3.340783119E-1,1.866648942E-1
1.704236588E1,1.560448408E-1,3.537414968E-1,1.356959790E-1
1.705240688E1,1.399979740E-1,3.437770605E-1,9.313452989E-2
1.706244688E1,1.394863725E-1,2.859308124E-1,5.731128901E-2
1.707248788E1,1.563573629E-1,1.805859208E-1,3.596532717E-2
1.708252787E1,1.837405115E-1,6.782501191E-2,1.673118025E-2
1.709256787E1,2.133951932E-1,-1.523657888E-2,-4.339419305E-3
1.710260887E1,2.568422854E-1,-7.274035364E-2,-1.695561223E-2
1.711264887E1,3.243373036E-1,-1.280964017E-1,-2.449827269E-2
1.712268888E1,3.931616247E-1,-1.864113659E-1,-3.112821281E-2
1.713272987E1,4.383783937E-1,-2.343353331E-1,-3.744591027E-2
1.714276988E1,4.459170103E-1,-2.310772240E-1,-1.695474982E-2
1.715281088E1,4.395235479E-1,-1.828370988E-1,3.048840910E-2
1.716285088E1,4.336640537E-1,-1.337526441E-1,5.788008496E-2
1.717289087E1,4.477330744E-1,-1.002676934E-1,3.790220991E-2
1.718293187E1,4.784265459E-1,-3.588737175E-2,1.094063278E-2
1.719297187E1,4.742048383E-1,6.735597551E-2,1.579665951E-2
1.720301287E1,4.230021238E-1,1.513432860E-1,5.450677127E-2
1.721305287E1,3.462069333E-1,1.996507943E-1,1.262273043E-1
1.722309288E1,2.934385240E-1,1.754360050E-1,1.971243769E-1
1.723313388E1,2.781316638E-1,9.932253510E-2,2.210967392E-1
1.724317388E1,2.794443369E-1,1.082275901E-2,2.106153369E-1
1.725321387E1,3.014468849E-1,-5.485510081E-2,1.833896786E-1
1.726325487E1,3.473398089E-1,-1.093985066E-1,1.629315317E-1
1.727329487E1,3.831653893E-1,-1.028339788E-1,1.348575950E-1
1.728333587E1,4.064187706E-1,-2.012311853E-2,1.290068924E-1
1.729337587E1,4.313743114E-1,9.518419951E-2,1.531655639E-1
1.730341588E1,3.979292810E-1,9.365128726E-2,2.514021099E-1
1.731345688E1,2.543435991E-1,-8.476865478E-4,3.962889016E-1
1.732349688E1,1.049887165E-1,-1.155042276E-1,4.596827924E-1
1.733353788E1,2.823584899E-2,-2.278807759E-1,4.801632762E-1
1.734357746E1,-4.685083404E-3,-3.976557255E-1,5.160105228E-1
1.735361746E1,-3.012785874E-2,-5.810332894E-1,5.801186562E-1
1.736365846E1,-4.662774131E-2,-7.461463213E-1,6.079774499E-1
1.737369846E1,-7.510972023E-2,-7.834319472E-1,5.737516880E-1
1.738373946E1,-9.155473858E-2,-6.757339835E-1,4.775178432E-1
1.739377946E1,-4.891462997E-2,-4.982448518E-1,3.479360342E-1
1.740381946E1,4.259451106E-2,-3.225100338E-1,1.931717545E-1
1.741386046E1,1.101253852E-1,-1.959071904E-1,1.486684661E-2
1.742390046E1,1.171766371E-1,-7.274025679E-2,-1.679274589E-1
1.743394046E1,7.430648059E-2,5.276867375E-2,-3.300112188E-1
1.744398146E1,1.321143750E-2,1.357485056E-1,-4.612667263E-1
1.745402146E1,-6.017908826E-2,1.543282121E-1,-5.525228977E-1
1.746406246E1,-1.704360843E-1,8.600535244E-2,-6.061352491E-1
1.747410246E1,-2.925938070E-1,-3.780039260E-3,-6.220289469E-1
1.748414246E1,-3.894327283E-1,-7.693814486E-2,-6.024443507E-1
1.749418346E1,-4.593944848E-1,-9.596423805E-2,-5.740746260E-1
1.750422346E1,-5.130736828E-1,-8.486125618E-2,-5.577422380E-1
1.751426446E1,-5.602928996E-1,-6.593108177E-2,-5.650962591E-1
1.752430446E1,-5.852363110E-1,-5.652027205E-2,-5.867272615E-1
1.753434446E1,-5.605953932E-1,-2.946313843E-2,-6.017774343E-1
1.754438546E1,-4.984138012E-1,2.858365141E-2,-6.076302528E-1
1.755442546E1,-4.096237719E-1,8.150209486E-2,-6.131857634E-1
1.756446646E1,-3.204345107E-1,1.451577842E-1,-6.258256435E-1
1.757450646E1,-2.578393817E-1,2.139031291E-1,-6.219958663E-1
1.758454646E1,-2.291912436E-1,2.729185224E-1,-6.055105925E-1
1.759458746E1,-2.064766884E-1,3.382998407E-1,-5.719287992E-1
1.760462746E1,-2.133897245E-1,4.389135540E-1,-5.080563426E-1
1.761466746E1,-2.382801026E-1,5.281122327E-1,-4.272077084E-1
1.762470846E1,-2.629098296E-1,5.736379027E-1,-3.310332596E-1
1.763474846E1,-2.834987938E-1,5.629675984E-1,-2.371164262E-1
1.764478946E1,-2.791788876E-1,4.953776896E-1,-1.524622589E-1
1.765482946E1,-2.528596818E-1,3.756063879E-1,-7.864184678E-2
1.766486946E1,-2.183581293E-1,2.363563478E-1,-2.857814357E-2
1.767491046E1,-1.812680662E-1,1.094367430E-1,-1.714947866E-3
1.768495046E1,-1.607257724E-1,2.223685943E-2,1.306506339E-2
1.769499146E1,-1.563559175E-1,-3.550276905E-2,2.727508359E-2
1.770503146E1,-1.687960774E-1,-7.299262285E-2,5.076762661E-2
1.771507146E1,-2.103577554E-1,-8.049660176E-2,4.941507056E-2
1.772511246E1,-2.734672427E-1,-6.573789567E-2,2.866265550E-2
1.773515246E1,-3.331995308E-1,-7.086714357E-2,1.129511837E-2
1.774519246E1,-3.589187562E-1,-1.051729172E-1,-3.231893294E-3
1.775523346E1,-3.578340411E-1,-1.375653744E-1,-2.704759687E-2
1.776527346E1,-3.221032023E-1,-1.087819263E-1,-6.097121164E-2
1.777531446E1,-2.670644522E-1,-3.358347341E-2,-8.039019257E-2
1.778535446E1,-2.348343581E-1,5.477754772E-2,-9.808076918E-2
1.779539446E1,-2.427534312E-1,1.619025171E-1,-1.197752059E-1
1.780543546E1,-2.603728771E-1,2.730231881E-1,-1.367219687E-1
1.781547546E1,-2.813709676E-1,3.315774202E-1,-1.405244917E-1
1.782551646E1,-3.036861122E-1,3.179950118E-1,-1.228757277E-1
1.783555646E1,-3.137391806E-1,2.225993127E-1,-1.227956414E-1
1.784559646E1,-3.069198728E-1,6.861054897E-2,-1.506946534E-1
1.785563746E1,-3.048225343E-1,-1.355081946E-1,-1.488965303E-1
1.786567746E1,-2.967749834E-1,-2.872524559E-1,-1.371565163E-1
1.787571846E1,-2.806037068E-1,-2.776044309E-1,-1.670929939E-1
1.788575846E1,-2.706746459E-1,-1.838593185E-1,-2.472741157E-1
1.789579846E1,-2.626259327E-1,-9.885255247E-2,-3.557492495E-1
1.790583946E1,-2.272966802E-1,-1.205895394E-1,-4.160898328E-1
1.791587946E1,-1.773191243E-1,-2.658270597E-1,-4.233921468E-1
1.792592046E1,-1.469734609E-1,-4.855434299E-1,-4.005156159E-1
1.793596046E1,-1.716106534E-1,-7.280706167E-1,-3.615430295E-1
1.794600046E1,-2.444145530E-1,-8.806809187E-1,-3.324426711E-1
1.795604146E1,-2.890826166E-1,-8.222228885E-1,-3.329678774E-1
1.796608146E1,-3.009917438E-1,-5.295111537E-1,-3.613201380E-1
1.797612146E1,-3.102667034E-1,-1.035529673E-1,-3.409533799E-1
1.798616246E1,-3.077912927E-1,2.333827168E-1,-2.543319464E-1
1.799620246E1,-2.739490569E-1,3.805948496E-1,-1.611152142E-1
1.800624346E1,-1.978479177E-1,3.979498744E-1,-4.595853761E-2
1.801628346E1,-9.400606155E-2,3.671055138E-1,7.628619671E-2
1.802632346E1,1.854711398E-2,3.297951818E-1,2.240650207E-1
1.803636446E1,1.021810323E-1,2.821941674E-1,3.348225653E-1
1.804640446E1,1.586581618E-1,1.677352041E-1,3.853560388E-1
1.805644546E1,2.018700540E-1,4.092321265E-3,3.849109113E-1
1.806648546E1,2.559434175E-1,-1.693127602E-1,3.778095841E-1
1.807652546E1,3.546983302E-1,-2.807516754E-1,4.181088507E-1
1.808656646E1,4.841793478E-1,-3.518186510E-1,4.838135540E-1
1.809660646E1,5.853377581E-1,-3.694500625E-1,5.590733886E-1
1.810664746E1,6.163119078E-1,-3.093020320E-1,6.169499755E-1
1.811668746E1,6.005554795E-1,-2.270888537E-1,6.604545712E-1
1.812672746E1,5.723608732E-1,-1.079195887E-1,6.796751022E-1
1.813676846E1,5.369703174E-1,3.708111122E-2,7.099336982E-1
1.814680846E1,4.867119491E-1,1.666026264E-1,7.482107282E-1
1.815684846E1,4.391502440E-1,2.400048226E-1,7.515410781E-1
1.816688946E1,3.949420452E-1,2.895758450E-1,6.832759976E-1
1.817692946E1,3.714700639E-1,3.534405828E-1,5.706012249E-1
1.818697046E1,3.787016273E-1,4.189721942E-1,4.603000283E-1
1.819701046E1,4.152835011E-1,4.992834628E-1,3.534800112E-1
1.820705046E1,4.496974051E-1,5.880106688E-1,2.575955391E-1
1.821709146E1,4.597287774E-1,6.129955053E-1,1.610422283E-1
1.822713146E1,4.451477230E-1,5.616537333E-1,8.364438266E-2
1.823717246E1,4.210048020E-1,4.662056267E-1,4.282812029E-2
1.824721246E1,4.071108103E-1,3.183812797E-1,1.340631582E-2
1.825725246E1,4.232094288E-1,1.443806142E-1,1.183581352E-2
1.826729346E1,4.619387090E-1,-2.606195584E-2,6.317743566E-3
1.827733346E1,4.922400415E-1,-1.645361185E-1,-1.145227253E-2
1.828737446E1,4.992470741E-1,-2.627809346E-1,-2.793191373E-2
1.829741446E1,4.795820713E-1,-3.282767236E-1,-4.422514141E-2
1.830745446E1,4.583036602E-1,-3.359253109E-1,-1.313060615E-2
1.831749546E1,4.417340159E-1,-2.704455853E-1,7.485476881E-2
1.832753546E1,4.376029372E-1,-1.615007520E-1,1.658206284E-1
1.833757646E1,4.225139022E-1,-4.915869236E-2,2.113098502E-1
1.834761637E1,3.683127165E-1,7.614064217E-2,2.014907748E-1
1.835765638E1,2.766103148E-1,1.978283972E-1,1.872955561E-1
1.836769737E1,1.642582119E-1,2.729468644E-1,2.079646140E-1
1.837773738E1,7.752715051E-2,2.877848148E-1,2.382927686E-1
1.838777838E1,4.611144587E-2,2.503594160E-1,2.534280419E-1
1.839781838E1,7.873534411E-2,1.836405098E-1,2.300632447E-1
1.840785837E1,1.302488595E-1,5.643275380E-2,1.854547709E-1
1.841789937E1,1.500595212E-1,-9.934420139E-2,1.386711895E-1
1.842793937E1,1.501822919E-1,-2.313544303E-1,8.652809262E-2
1.843798037E1,1.815308630E-1,-2.686378360E-1,4.554140195E-2
1.844802037E1,2.306685746E-1,-2.072655708E-1,1.552012004E-2
1.845806038E1,2.581614554E-1,-1.366962343E-1,-1.946210675E-2
1.846810138E1,2.289876044E-1,-1.165771037E-1,-8.901607245E-3
1.847814138E1,1.073799580E-1,-1.374008060E-1,3.497129679E-2
1.848818137E1,-3.589570895E-2,-1.187818348E-1,8.238675445E-2
1.849822237E1,-1.044806167E-1,-8.626691252E-2,1.440678090E-1
1.850826237E1,-1.079738885E-1,-8.474917710E-2,2.311883271E-1
1.851830337E1,-1.350046098E-1,-6.793271005E-2,3.481037319E-1
1.852834337E1,-1.851918846E-1,-8.808458596E-2,4.530418813E-1
1.853838338E1,-2.396965623E-1,-1.510351598E-1,5.339162350E-1
1.854842438E1,-3.023985326E-1,-2.316722125E-1,5.893784761E-1
1.855846438E1,-3.432671428E-1,-3.093295693E-1,5.549500585E-1
1.856850538E1,-3.345463574E-1,-3.487834930E-1,4.321610332E-1
1.857854537E1,-2.419702411E-1,-3.608169556E-1,2.535749972E-1
1.858858537E1,-9.356665611E-2,-3.346327543E-1,5.247515440E-2
1.859862637E1,5.115251616E-2,-2.525914907E-1,-1.297791153E-1
1.860866637E1,1.390040666E-1,-1.793228835E-1,-2.607645690E-1
1.861870737E1,1.277921647E-1,-1.314791888E-1,-3.517107069E-1
1.862874737E1,4.113556817E-2,-9.217918664E-2,-4.202468991E-1
1.863878738E1,-6.816793978E-2,-6.395633519E-2,-4.763778746E-1
1.864882838E1,-1.627458483E-1,-3.175232932E-2,-5.363870859E-1
1.865886838E1,-2.285179347E-1,1.711827703E-2,-6.022390723E-1
1.866890938E1,-2.731399536E-1,6.869556010E-2,-6.042716503E-1
1.867894937E1,-3.166974485E-1,1.121945605E-1,-5.672801137E-1
1.868898937E1,-3.656838834E-1,1.571561694E-1,-5.450890660E-1
1.869903037E1,-3.910992444E-1,1.869478375E-1,-5.592798591E-1
1.870907037E1,-3.703545332E-1,1.931657940E-1,-5.763254762E-1
1.871911137E1,-3.024731874E-1,1.788211018E-1,-5.913723111E-1
1.872915138E1,-2.226582170E-1,1.784706265E-1,-5.882345438E-1
1.873919138E1,-1.493053436E-1,2.058202624E-1,-5.697272420E-1
1.874923238E1,-1.132054031E-1,2.715415061E-1,-5.509564877E-1
1.875927237E1,-1.092716008E-1,3.483974040E-1,-5.236672163E-1
1.876931337E1,-1.225463971E-1,3.961952925E-1,-4.780931175E-1
1.877935337E1,-1.349009573E-1,4.200890660E-1,-4.168856144E-1
1.878939337E1,-1.349313110E-1,4.387314618E-1,-3.239876330E-1
1.879943437E1,-1.246004999E-1,4.343543351E-1,-2.272575349E-1
1.880947437E1,-1.107203662E-1,4.070550799E-1,-1.503939182E-1
1.881951537E1,-9.528837353E-2,3.566428423E-1,-8.664174378E-2
1.882955538E1,-8.605679125E-2,2.770337462E-1,-4.489269853E-2
1.883959538E1,-8.204167336E-2,1.922834367E-1,-3.135458007E-2
1.884963638E1,-7.942698151E-2,1.289630532E-1,-1.617749222E-2
1.885967637E1,-7.568955421E-2,7.406325638E-2,2.281840518E-2
1.886971737E1,-9.056357294E-2,5.183545500E-2,4.053881392E-2
1.887975737E1,-1.421285868E-1,9.145316482E-2,2.097341232E-2
1.888979737E1,-2.314142585E-1,1.412220597E-1,-3.501569852E-3
1.889983837E1,-3.341694772E-1,1.484265924E-1,-1.608164608E-2
1.890987838E1,-4.304123819E-1,1.069574505E-1,-1.882709935E-2
1.891991938E1,-5.108045936E-1,4.959372804E-2,-1.835496724E-2
1.892995938E1,-5.416903496E-1,1.774258539E-2,-2.642860636E-2
1.893999937E1,-5.213631988E-1,1.312981546E-2,-4.356378689E-2
1.895004037E1,-4.740383029E-1,2.662431821E-2,-8.203554899E-2
1.896008037E1,-4.439305961E-1,4.650283977E-2,-1.424205303E-1
1.897012137E1,-4.445827901E-1,7.629907876E-2,-1.936056912E-1
1.898016137E1,-4.639334083E-1,9.780225903E-2,-2.451526076E-1
1.899020138E1,-5.157563686E-1,8.609473705E-2,-2.819755971E-1
1.900024237E1,-5.671988130E-1,4.583604634E-2,-2.933953702E-1
1.901028238E1,-5.769124031E-1,-3.763381392E-2,-2.832945287E-1
1.902032338E1,-5.516232848E-1,-1.927352399E-1,-2.502910495E-1
1.903036338E1,-5.005342960E-1,-3.365725875E-1,-2.078040391E-1
1.904040337E1,-4.306404591E-1,-3.618289530E-1,-2.225628495E-1
1.905044437E1,-3.451178372E-1,-2.584668696E-1,-3.195208311E-1
1.906048437E1,-2.511439323E-1,-1.519108564E-1,-4.320092797E-1
1.907052537E1,-1.575242430E-1,-1.696208864E-1,-4.970101118E-1
1.908056537E1,-8.799940348E-2,-3.574980497E-1,-4.810734391E-1
1.909060538E1,-8.740685135E-2,-6.530039907E-1,-4.148464799E-1
1.910064638E1,-1.345979124E-1,-9.348459840E-1,-3.739888668E-1
1.911068638E1,-1.682536155E-1,-1.036315560E0,-3.638153076E-1
1.912072738E1,-1.758037806E-1,-8.939015269E-1,-3.358668387E-1
1.913076737E1,-1.894508749E-1,-5.724984407E-1,-2.764557004E-1
1.914080737E1,-2.282398939E-1,-2.372940332E-1,-1.746153384E-1
1.915084837E1,-2.765879929E-1,-3.501549736E-2,-6.689766049E-2
1.916088837E1,-3.138788640E-1,3.145322204E-2,5.682399496E-2
1.917092937E1,-3.115334213E-1,3.059834987E-2,1.792590916E-1
1.918096937E1,-2.502836287E-1,2.614943311E-2,2.747604549E-1
1.919100938E1,-1.570234448E-1,1.111988351E-2,3.370698988E-1
1.920105038E1,-5.541012064E-2,-1.279552281E-2,3.508400917E-1
1.921109037E1,4.803531244E-2,-4.062262923E-2,3.352736533E-1
1.922113138E1,1.545666158E-1,-7.921054959E-2,3.379936218E-1
1.923117137E1,2.624089420E-1,-9.910116345E-2,3.835288882E-1
1.924121137E1,3.634088337E-1,-1.576998681E-1,4.529834390E-1
1.925125237E1,4.417134821E-1,-2.306784838E-1,5.173235536E-1
1.926129237E1,4.809497893E-1,-2.555736899E-1,5.637950897E-1
1.927133337E1,4.884960949E-1,-2.062495649E-1,6.034644842E-1
1.928137338E1,4.881886542E-1,-1.108025685E-1,6.366285086E-1
1.929141338E1,4.868845046E-1,-3.821385279E-2,6.833504438E-1
1.930145438E1,4.809257090E-1,1.816515997E-2,7.319769263E-1
1.931149437E1,4.681246877E-1,8.120272309E-2,7.477928996E-1
1.932153537E1,4.481106400E-1,1.147379354E-1,7.080306411E-1
1.933157537E1,4.322227538E-1,1.320426315E-1,6.293390393E-1
1.934161546E1,4.242883623E-1,1.777982861E-1,5.288537145E-1
1.935165646E1,4.216161370E-1,2.501529157E-1,4.266788960E-1
1.936169646E1,4.209346473E-1,3.503460884E-1,3.364163935E-1
1.937173746E1,4.055500925E-1,4.404429495E-1,2.650532424E-1
1.938177746E1,3.659271598E-1,4.866291583E-1,2.074781805E-1
1.939181746E1,3.251541853E-1,4.642364979E-1,1.294544786E-1
1.940185846E1,3.140026629E-1,3.780610263E-1,6.446926296E-2
1.941189846E1,3.413874209E-1,2.474625260E-1,2.354073711E-2
1.942193946E1,3.802423775E-1,1.250853837E-1,-7.478164043E-4
1.943197946E1,4.111395776E-1,3.759228811E-2,-2.097851969E-2
1.944201946E1,4.352703691E-1,-2.035330795E-2,-4.417727143E-2
1.945206046E1,4.583024681E-1,-5.700239912E-2,-3.975535929E-2
1.946210046E1,5.094891191E-1,-8.170427382E-2,-1.785585284E-2
1.947214146E1,5.880800486E-1,-1.047936082E-1,-3.324315418E-3
1.948218146E1,6.804975867E-1,-1.347136348E-1,1.646815985E-2
1.949222146E1,7.624545097E-1,-1.965977848E-1,3.793776408E-2
1.950226246E1,7.962033749E-1,-2.652939558E-1,3.573657200E-2
1.951230246E1,7.222822905E-1,-2.460723519E-1,6.218361203E-3
1.952234346E1,5.628182292E-1,-9.103547037E-2,9.050798602E-3
1.953238346E1,4.027292132E-1,5.999798700E-2,8.953765035E-2
1.954242346E1,3.028816879E-1,1.530993432E-1,1.827020943E-1
1.955246446E1,2.888662815E-1,2.081844360E-1,2.762805223E-1
1.956250446E1,3.186336756E-1,2.336863279E-1,3.103740811E-1
1.957254546E1,3.342283368E-1,2.624074817E-1,2.695845664E-1
1.958258546E1,3.440653384E-1,2.332093418E-1,2.180825919E-1
1.959262546E1,3.486014903E-1,1.243883222E-1,1.964750290E-1
1.960266646E1,3.125596941E-1,3.539720550E-2,1.725587249E-1
1.961270646E1,2.813775539E-1,3.085837886E-2,1.462456286E-1
1.962274746E1,2.579533458E-1,9.390567243E-2,1.522809416E-1
1.963278746E1,1.906163990E-1,7.340066135E-2,2.207079381E-1
1.964282746E1,7.546445727E-2,-1.407990139E-2,3.656281233E-1
1.965286846E1,-7.294342853E-3,-2.023582011E-1,4.631778598E-1
1.966290846E1,-4.906709865E-2,-4.840067029E-1,4.866433442E-1
1.967294946E1,-7.886441052E-2,-7.221438885E-1,5.001559854E-1
1.968298946E1,-1.039357856E-1,-8.013063073E-1,5.319631100E-1
1.969302946E1,-9.476279467E-2,-7.390570045E-1,5.627218485E-1
1.970307046E1,-3.436314315E-2,-5.490127802E-1,5.339824557E-1
1.971311046E1,4.480970651E-2,-2.993307710E-1,4.542668760E-1
1.972315146E1,8.854089677E-2,-1.041450202E-1,3.331045210E-1
1.973319146E1,1.021571010E-1,7.635838352E-3,1.857174486E-1
1.974323146E1,1.082861573E-1,7.052557915E-2,1.994977705E-2
1.975327246E1,1.134960949E-1,1.398591101E-1,-1.458197385E-1
1.976331246E1,1.069295630E-1,1.862573922E-1,-2.916511297E-1
1.977335346E1,8.605224639E-2,2.040044367E-1,-4.094169140E-1
1.978339346E1,4.273785278E-2,1.749047041E-1,-4.999491274E-1
1.979343346E1,-3.156247735E-2,1.116410568E-1,-5.598337650E-1
1.980347446E1,-1.305694729E-1,3.094099276E-2,-5.876816511E-1
1.981351446E1,-2.471069992E-1,-3.093222715E-2,-5.949576497E-1
1.982355546E1,-3.666673601E-1,-6.188144907E-2,-5.954135060E-1
1.983359546E1,-4.608279467E-1,-8.286742866E-2,-5.831426978E-1
1.984363646E1,-5.219557285E-1,-9.574340284E-2,-5.658164024E-1
1.985367646E1,-5.479963422E-1,-1.147178933E-1,-5.538989902E-1
1.986371646E1,-5.361858010E-1,-1.231188104E-1,-5.683197379E-1
1.987375746E1,-4.948687255E-1,-8.084006608E-2,-6.009362936E-1
1.988379746E1,-4.432592988E-1,1.828375971E-3,-6.294285059E-1
1.989383846E1,-3.896285594E-1,1.257724315E-1,-6.400939226E-1
1.990387846E1,-3.325992227E-1,2.531145811E-1,-6.055665016E-1
1.991391846E1,-2.802257836E-1,3.635739684E-1,-5.535001159E-1
1.992395946E1,-2.416414618E-1,4.616278410E-1,-4.899165630E-1
1.993399946E1,-2.139674872E-1,5.327278376E-1,-4.157435298E-1
1.994404046E1,-2.012550533E-1,5.866555572E-1,-3.403916955E-1
1.995408046E1,-2.034593374E-1,5.972325802E-1,-2.554799914E-1
1.996412046E1,-2.190267742E-1,5.573391914E-1,-1.700290740E-1
1.997416146E1,-2.490557730E-1,4.769067168E-1,-9.793704003E-2
1.998420146E1,-2.763265669E-1,3.553837240E-1,-4.125390947E-2
1.999424246E1,-2.864484191E-1,2.182509005E-1,-3.448738251E-3
2.000428246E1,-2.789143622E-1,1.011136994E-1,4.188825935E-2
2.001432246E1,-2.759721279E-1,3.748997673E-2,8.371000737E-2
2.002436346E1,-3.015239537E-1,3.644435853E-2,1.092181131E-1
2.003440346E1,-3.464927673E-1,6.051800400E-2,1.233392581E-1
2.004444446E1,-3.968707025E-1,7.870451361E-2,1.294867545E-1
2.005448446E1,-4.427590966E-1,8.812677860E-2,1.302745193E-1
2.006452446E1,-4.789049029E-1,8.894310892E-2,1.139114052E-1
2.007456546E1,-5.178557038E-1,1.007654145E-1,8.172310889E-2
2.008460546E1,-5.591939688E-1,1.329739988E-1,3.419011831E-2
2.009464646E1,-5.784614086E-1,1.730082333E-1,-2.592195570E-2
2.010468646E1,-5.726122856E-1,2.044384927E-1,-7.533184439E-2
2.011472746E1,-5.483125448E-1,2.165193856E-1,-1.139138564E-1
2.012476746E1,-5.244666934E-1,2.059291005E-1,-1.630457938E-1
2.013480746E1,-5.214602351E-1,1.686299294E-1,-2.356022894E-1
2.014484846E1,-5.215727687E-1,1.163740978E-1,-3.056054413E-1
2.015488846E1,-5.095347166E-1,7.393635809E-2,-3.524499238E-1
2.016492946E1,-5.074671507E-1,3.152172640E-2,-3.617675900E-1
2.017496946E1,-4.930663705E-1,-1.906688139E-2,-3.505873680E-1
2.018500946E1,-4.512075782E-1,-2.740640938E-2,-3.446273506E-1
2.019505046E1,-4.073671699E-1,1.144085452E-2,-3.704413772E-1
2.020509046E1,-3.537088335E-1,4.978311807E-2,-4.409213364E-1
2.021513146E1,-2.736400962E-1,-1.737514324E-2,-5.250537992E-1
2.022517146E1,-1.777568012E-1,-2.343297005E-1,-5.495896339E-1
2.023521146E1,-1.088850647E-1,-5.142012835E-1,-4.888300896E-1
2.024525246E1,-1.251737177E-1,-7.777642608E-1,-4.232658744E-1
2.025529246E1,-2.307222486E-1,-9.593383074E-1,-3.664316237E-1
2.026533346E1,-3.868288696E-1,-1.022047997E0,-2.938739061E-1
2.027537346E1,-5.197927952E-1,-9.021557570E-1,-2.392005324E-1
2.028541346E1,-5.754638910E-1,-5.928601027E-1,-1.980286688E-1
2.029545446E1,-5.598441958E-1,-1.899755001E-1,-1.451273710E-1
2.030549446E1,-5.005120039E-1,1.406751126E-1,-6.650478393E-2
2.031553546E1,-3.986804783E-1,3.213913739E-1,2.149325050E-2
2.032557546E1,-2.442607433E-1,3.824931681E-1,1.024113744E-1
2.033561546E1,-7.403335720E-2,3.649935424E-1,1.564836502E-1
2.034565612E1,6.316483021E-2,2.942566872E-1,1.848417521E-1
2.035569612E1,1.429464817E-1,1.783961058E-1,1.927846223E-1
2.036573712E1,1.955802739E-1,7.297559083E-2,1.930857450E-1
2.037577713E1,2.497239411E-1,-5.410992354E-2,1.934442073E-1
2.038581812E1,3.255368769E-1,-1.969591677E-1,2.428603917E-1
2.039585813E1,4.141839147E-1,-3.254087567E-1,3.460086286E-1
2.040589812E1,5.084302425E-1,-4.304794073E-1,4.322661757E-1
2.041593912E1,5.837886333E-1,-4.546182752E-1,4.989621043E-1
2.042597912E1,6.329388022E-1,-3.764958382E-1,5.324876308E-1
2.043602012E1,6.352573633E-1,-2.361629307E-1,5.671443939E-1
2.044606012E1,6.066634655E-1,-8.779928088E-2,6.187414527E-1
2.045610012E1,5.626190305E-1,7.769316435E-3,6.484671235E-1
2.046614112E1,5.061519742E-1,7.670731843E-2,6.662377715E-1
2.047618113E1,4.527145922E-1,1.358409524E-1,6.580597162E-1
2.048622213E1,4.134951532E-1,1.969265044E-1,6.032912135E-1
2.049626213E1,3.945835233E-1,2.524299622E-1,5.275027156E-1
2.050630212E1,3.919968605E-1,3.253167570E-1,4.626642466E-1
2.051634312E1,4.004225731E-1,4.130340815E-1,3.964737952E-1
2.052638312E1,3.935812116E-1,4.921767712E-1,3.323411345E-1
2.053642412E1,3.589678407E-1,5.113276243E-1,2.711259723E-1
2.054646412E1,3.120118380E-1,4.413768351E-1,2.199579477E-1
2.055650413E1,2.818949521E-1,3.335728645E-1,1.847517639E-1
2.056654513E1,2.748280168E-1,2.266500443E-1,1.620203555E-1
2.057658513E1,2.852050066E-1,1.314633340E-1,1.266293377E-1
2.058662613E1,3.044035137E-1,6.188694015E-2,8.877620101E-2
2.059666612E1,3.135810196E-1,3.023340553E-2,5.337692797E-2
2.060670712E1,3.196460307E-1,4.461616278E-3,1.688555628E-2
2.061674712E1,3.483969867E-1,-4.216293804E-3,1.058638282E-2
2.062678712E1,4.065260589E-1,-1.141753606E-2,1.068479102E-2
2.063682812E1,4.517039061E-1,-6.619955599E-2,-8.451885544E-3
2.064686812E1,4.820068777E-1,-1.463659257E-1,-7.423067931E-3
2.065690912E1,5.342498422E-1,-1.791166812E-1,2.799883857E-2
2.066694913E1,6.085916162E-1,-1.939086169E-1,5.984548107E-2
2.067698913E1,6.911874413E-1,-2.089996785E-1,7.667080313E-2
2.068703013E1,7.561736107E-1,-1.961873770E-1,7.315541804E-2
2.069707012E1,7.631044984E-1,-9.019835293E-2,6.724239886E-2
2.070711112E1,6.839529872E-1,5.760969222E-2,9.454686940E-2
2.071715112E1,5.707923174E-1,1.411480010E-1,1.534954011E-1
2.072719112E1,4.941915274E-1,1.503366977E-1,2.145799547E-1
2.073723212E1,4.915619195E-1,1.138013229E-1,2.827275693E-1
2.074727213E1,5.316923261E-1,7.902720571E-2,2.900507450E-1
2.075731313E1,5.740019679E-1,5.787078291E-2,2.403644025E-1
2.076735313E1,6.099390984E-1,7.997551933E-3,1.711142510E-1
2.077739413E1,6.214532852E-1,-7.748121396E-3,1.349293441E-1
2.078743412E1,5.908927917E-1,5.545599386E-2,9.763506800E-2
2.079747412E1,5.100738406E-1,1.641800851E-1,9.311435372E-2
2.080751512E1,3.378269970E-1,2.554836869E-1,1.692609191E-1
2.081755512E1,7.836161554E-2,2.695731223E-1,3.343340158E-1
2.082759612E1,-1.308054477E-1,2.076943070E-1,5.012127757E-1
2.083763612E1,-2.313890457E-1,8.122086525E-3,5.985534191E-1
2.084767613E1,-2.384986877E-1,-3.408842385E-1,6.181201339E-1
2.085771713E1,-1.721300483E-1,-6.220437288E-1,6.071425676E-1
2.086775713E1,-4.378576577E-2,-7.885566354E-1,5.676972270E-1
2.087779813E1,1.241630241E-1,-8.861404657E-1,5.061352849E-1
2.088783812E1,2.311907113E-1,-9.188928604E-1,4.335444272E-1
2.089787812E1,2.462889701E-1,-8.679135442E-1,3.426376879E-1
2.090791912E1,2.198974937E-1,-7.379357815E-1,2.324381173E-1
2.091795912E1,2.291586399E-1,-5.664350986E-1,1.167325526E-1
2.092800012E1,2.691899836E-1,-3.570651710E-1,4.699897254E-4
2.093804013E1,3.168666959E-1,-1.343396753E-1,-1.032923609E-1
2.094808113E1,3.623087406E-1,4.502949119E-2,-1.965670437E-1
2.095812113E1,3.898839056E-1,1.750737727E-1,-2.766259015E-1
2.096816112E1,3.772243857E-1,2.388559580E-1,-3.543481827E-1
2.097820212E1,3.085515797E-1,2.267244607E-1,-4.474349916E-1
2.098824212E1,2.218068540E-1,1.511427164E-1,-5.284771323E-1
2.099828312E1,1.276497245E-1,5.921040475E-2,-5.458251834E-1
2.100832312E1,3.332641348E-2,-5.020455644E-2,-5.501761436E-1
2.101836312E1,-2.637260221E-2,-1.321604103E-1,-5.533437133E-1
2.102840412E1,-5.148091912E-2,-1.611573845E-1,-5.510315299E-1
2.103844413E1,-6.108560786E-2,-1.350791901E-1,-5.384784937E-1
2.104848513E1,-5.329435319E-2,-9.630995244E-2,-5.239183903E-1
2.105852513E1,-3.129584342E-2,-7.037848979E-2,-5.119027495E-1
2.106856613E1,-2.999213990E-3,-6.305634230E-2,-4.906409979E-1
2.107860612E1,1.886480488E-2,-6.071409211E-2,-4.594263434E-1
2.108864612E1,3.435018286E-2,-2.745151520E-2,-4.167065322E-1
2.109868712E1,5.070492253E-2,2.740667202E-2,-3.770797849E-1
2.110872712E1,6.256687641E-2,1.087545753E-1,-3.364156783E-1
2.111876812E1,7.007432729E-2,2.159297615E-1,-2.915536463E-1
2.112880813E1,7.058036327E-2,3.247363567E-1,-2.572441697E-1
2.113884813E1,7.118622959E-2,4.204466343E-1,-2.197785676E-1
2.114888913E1,7.649704814E-2,4.983176291E-1,-1.735834777E-1
2.115892912E1,8.862295002E-2,5.367297530E-1,-1.295952499E-1
2.116897012E1,9.289269894E-2,5.173932314E-1,-8.387204260E-2
2.117901012E1,9.406396002E-2,4.409919381E-1,-3.443205729E-2
2.118905012E1,9.982277453E-2,3.125348985E-1,2.380781248E-2
2.119909112E1,1.066814810E-1,1.609491110E-1,9.859150648E-2
2.120913112E1,9.967829287E-2,2.022178099E-2,1.814751327E-1
2.121917212E1,7.169992477E-2,-6.625238806E-2,2.427209169E-1
2.122921213E1,3.743861988E-2,-8.199752867E-2,2.807420790E-1
2.123925313E1,6.840470247E-3,-5.565077439E-2,3.102220893E-1
2.124929313E1,-1.099081058E-2,-3.028869629E-2,3.194081783E-1
2.125933312E1,-2.962947637E-2,-2.531977184E-2,2.993886471E-1
2.126937412E1,-6.396886706E-2,-4.829490185E-2,2.661613524E-1
2.127941412E1,-8.323124796E-2,-8.536397666E-2,2.400719523E-1
2.128945512E1,-7.146029174E-2,-1.096458882E-1,2.365134209E-1
2.129949512E1,-3.662773967E-2,-1.037318036E-1,2.224535346E-1
2.130953513E1,-7.688233163E-3,-7.037704438E-2,1.839921623E-1
2.131957613E1,-6.551200524E-3,-2.204652689E-2,1.471367329E-1
2.132961613E1,-2.575889789E-2,3.075270727E-2,1.174317971E-1
2.133965721E1,-2.699487098E-2,5.371315405E-2,8.532260358E-2
2.134969721E1,-2.368894219E-2,4.836697131E-2,4.719550535E-2
2.135973721E1,-3.015936166E-2,2.688671462E-2,3.619267140E-3
2.136977821E1,-1.323377527E-2,2.329937182E-2,-4.072681442E-2
2.137981821E1,2.263847180E-2,4.705610126E-2,-8.630096167E-2
2.138985921E1,7.666807622E-2,1.279460639E-1,-1.429929733E-1
2.139989921E1,1.546172053E-1,2.588785291E-1,-2.893358171E-1
2.140994021E1,2.319895327E-1,3.229102492E-1,-5.425091386E-1
2.141998021E1,3.080890775E-1,1.619631648E-1,-7.702131271E-1
2.143002021E1,3.701757491E-1,-3.020172119E-1,-7.900200486E-1
2.144006121E1,3.569883108E-1,-9.414695501E-1,-6.615054607E-1
2.145010121E1,3.138486743E-1,-1.429021001E0,-5.113196373E-1
2.146014221E1,2.945484817E-1,-1.546807289E0,-2.977031767E-1
2.147018221E1,2.865116298E-1,-1.307496548E0,-1.005993113E-1
2.148022221E1,2.982138097E-1,-8.660709858E-1,4.187873751E-2
2.149026321E1,3.070801497E-1,-3.775099218E-1,1.429277807E-1
2.150030321E1,3.331567645E-1,3.530895337E-3,2.114607692E-1
2.151034421E1,4.186432064E-1,2.329479456E-1,2.584764361E-1
2.152038421E1,5.542806387E-1,3.631983697E-1,3.257897198E-1
2.153042521E1,7.059273720E-1,3.689708710E-1,4.184965193E-1
2.154046521E1,8.401176929E-1,2.632788122E-1,5.104312301E-1
2.155050521E1,9.492191672E-1,9.749414027E-2,5.394130945E-1
2.156054621E1,1.069344282E0,-1.123245955E-1,5.296014547E-1
2.157058621E1,1.255753160E0,-2.629198134E-1,5.700352192E-1
2.158062721E1,1.461853266E0,-3.380427957E-1,6.514784098E-1
2.159066721E1,1.630905032E0,-3.612105548E-1,7.389815450E-1
2.160070721E1,1.747013807E0,-3.347773254E-1,8.081888556E-1
2.161074821E1,1.810897708E0,-2.520703673E-1,8.454943895E-1
2.162078821E1,1.838970423E0,-1.368540227E-1,8.523342013E-1
2.163082921E1,1.848563075E0,-4.936766997E-2,8.456431627E-1
2.164086921E1,1.832164168E0,-3.795549273E-2,8.511348963E-1
2.165090921E1,1.792679310E0,-8.467347175E-2,8.391193151E-1
2.166095021E1,1.763435721E0,-9.733227640E-2,7.838451862E-1
2.167099021E1,1.765231490E0,-4.568474740E-2,6.890291572E-1
2.168103121E1,1.787957549E0,4.651655257E-2,5.871283412E-1
2.169107121E1,1.807453275E0,1.770868301E-1,5.203035474E-1
2.170111221E1,1.810021639E0,3.177112937E-1,4.612360299E-1
2.171115221E1,1.792060375E0,4.075048268E-1,3.858727515E-1
2.172119221E1,1.756528735E0,4.088361561E-1,3.192399442E-1
2.173123321E1,1.700945258E0,3.161004782E-1,2.876287997E-1
2.174127321E1,1.629436255E0,1.487564743E-1,2.831573486E-1
2.175131421E1,1.555932522E0,-1.386119146E-2,3.046946824E-1
2.176135421E1,1.498315573E0,-1.180917174E-1,3.264958262E-1
2.177139421E1,1.438891649E0,-1.589695364E-1,3.349484801E-1
2.178143521E1,1.374973178E0,-1.787371188E-1,3.254572451E-1
2.179147521E1,1.326795459E0,-1.942119598E-1,3.053798378E-1
2.180151621E1,1.308819413E0,-2.017281950E-1,2.812601030E-1
2.181155621E1,1.304020405E0,-1.784710288E-1,2.587081492E-1
2.182159721E1,1.288138390E0,-1.115718856E-1,2.677943110E-1
2.183163721E1,1.282498479E0,-5.793239921E-2,2.809098065E-1
2.184167721E1,1.282049417E0,-9.117265046E-2,2.615491450E-1
2.185171821E1,1.225518823E0,-1.939364225E-1,1.994632483E-1
2.186175821E1,1.148650646E0,-2.445290238E-1,1.523894817E-1
2.187179921E1,1.116329789E0,-1.576247066E-1,1.719567180E-1
2.188183921E1,1.126807928E0,4.752759822E-3,1.835475862E-1
2.189187921E1,1.135510564E0,1.370881200E-1,1.628169864E-1
2.190192021E1,1.141945601E0,2.113325149E-1,1.284262538E-1
2.191196021E1,1.141992807E0,2.682083845E-1,1.213323772E-1
2.192200121E1,1.151578069E0,2.872577310E-1,1.192084998E-1
2.193204121E1,1.161476731E0,2.326492965E-1,1.047705859E-1
2.194208121E1,1.152056813E0,1.419093013E-1,1.075306907E-1
2.195212221E1,1.133907318E0,3.873953968E-2,1.212096661E-1
2.196216221E1,1.128448844E0,-7.277100533E-2,1.401098520E-1
2.197220321E1,1.141122222E0,-1.532433778E-1,1.435816288E-1
2.198224321E1,1.158045769E0,-1.530154198E-1,1.537538469E-1
2.199228421E1,1.157347083E0,-4.558972269E-2,1.421258599E-1
2.200232421E1,1.161350846E0,1.118473038E-1,1.035563722E-1
2.201236421E1,1.176262021E0,2.365075797E-1,5.804650486E-2
2.202240521E1,1.167711139E0,2.499387115E-1,2.942338400E-2
2.203244521E1,1.101563692E0,1.752771884E-1,3.300259262E-2
2.204248621E1,1.043579221E0,3.181590512E-2,-5.111576756E-4
2.205252621E1,1.025614500E0,-1.101180688E-1,-5.436092615E-3
2.206256621E1,1.060223103E0,-1.527827084E-1,4.342199489E-2
2.207260721E1,1.141849399E0,-1.375017613E-1,1.258726120E-1
2.208264721E1,1.270856619E0,-2.068800330E-1,1.804080307E-1
2.209268821E1,1.386678219E0,-3.664003909E-1,2.344727665E-1
2.210272821E1,1.449862242E0,-5.414590240E-1,2.606599033E-1
2.211276921E1,1.494557142E0,-6.782682538E-1,2.411803901E-1
2.212280921E1,1.532764554E0,-7.075973749E-1,1.902540922E-1
2.213284921E1,1.575182676E0,-5.712027550E-1,1.151048020E-1
2.214289021E1,1.628840327E0,-2.889617383E-1,3.399476781E-2
2.215293021E1,1.678628683E0,4.168329388E-2,-4.295705259E-2
2.216297121E1,1.667939305E0,3.077376187E-1,-1.127941906E-1
2.217301121E1,1.569679976E0,4.542707801E-1,-1.883114576E-1
2.218305121E1,1.410672188E0,5.224266648E-1,-2.413496524E-1
2.219309221E1,1.237203717E0,5.149255991E-1,-2.723720074E-1
2.220313221E1,1.098312497E0,4.239084125E-1,-2.722301185E-1
2.221317321E1,1.006089449E0,2.843915522E-1,-2.460072190E-1
2.222321321E1,9.395266175E-1,1.048976779E-1,-2.534057498E-1
2.223325321E1,8.986669779E-1,-1.148399636E-1,-2.807775438E-1
2.224329421E1,8.956142068E-1,-3.213840723E-1,-3.148713410E-1
2.225333421E1,9.018496871E-1,-4.484411478E-1,-3.505816460E-1
2.226337521E1,8.994477987E-1,-4.916807711E-1,-3.846586347E-1
2.227341521E1,8.808879256E-1,-4.625099301E-1,-4.035999775E-1
2.228345621E1,8.441048861E-1,-3.870540559E-1,-3.914887309E-1
2.229349621E1,8.130160570E-1,-2.954970598E-1,-3.538180888E-1
2.230353621E1,8.046119213E-1,-2.072503120E-1,-3.115148246E-1
2.231357721E1,8.147714734E-1,-1.313937008E-1,-2.916260064E-1
2.232361721E1,8.321267366E-1,-3.551110625E-2,-2.707431018E-1
2.233365821E1,8.340905905E-1,8.370620012E-2,-2.502780259E-1
2.234369883E1,8.214744329E-1,2.247019410E-1,-2.480622828E-1
2.235373883E1,7.904253006E-1,3.545598090E-1,-2.526512742E-1
2.236377983E1,7.452144027E-1,4.449727833E-1,-2.564428151E-1
2.237381983E1,6.973494291E-1,4.796511233E-1,-2.447174639E-1
2.238386083E1,6.605483294E-1,4.436531663E-1,-2.113246322E-1
2.239390083E1,6.246355772E-1,3.531860709E-1,-1.804829538E-1
2.240394083E1,5.915527344E-1,2.385247499E-1,-1.473785341E-1
2.241398183E1,5.807972550E-1,1.330969930E-1,-1.065341532E-1
2.242402183E1,5.964190960E-1,6.780187041E-2,-5.989421159E-2
2.243406283E1,6.281436086E-1,3.434068337E-2,-1.980518736E-2
2.244410283E1,6.469604969E-1,1.653478667E-2,2.199232578E-2
2.245414383E1,6.358116865E-1,-9.625497274E-3,6.542249769E-2
2.246418383E1,6.035730243E-1,-4.198503494E-2,1.047118455E-1
2.247422383E1,5.594635606E-1,-6.045304611E-2,1.332957000E-1
2.248426483E1,4.885769188E-1,-4.532629251E-2,1.405546665E-1
2.249430483E1,3.898232281E-1,1.191095635E-2,1.183153838E-1
2.250434583E1,2.980344594E-1,7.388643920E-2,8.961316198E-2
2.251438583E1,2.197165489E-1,1.108902171E-1,6.943608075E-2
2.252442583E1,1.668384224E-1,1.107304320E-1,6.678649783E-2
2.253446683E1,1.642614305E-1,8.367302269E-2,7.898757607E-2
2.254450683E1,1.919521838E-1,5.611729622E-2,9.019894898E-2
2.255454783E1,2.191778719E-1,4.375755787E-2,9.093136340E-2
2.256458783E1,2.084298730E-1,3.583465517E-2,7.861344516E-2
2.257462783E1,1.528255641E-1,1.557583734E-2,5.052848905E-2
2.258466883E1,7.097598165E-2,-1.945272088E-2,4.375207797E-2
2.259470883E1,-1.154794358E-2,-7.520290464E-2,4.165964201E-2
2.260474983E1,-6.679148972E-2,-1.301146299E-1,5.787083507E-2
2.261478983E1,-7.983176410E-2,-1.678247601E-1,8.739840984E-2
2.262483083E1,-8.238147944E-2,-2.130923718E-1,1.036668643E-1
2.263487083E1,-7.678092271E-2,-2.276521027E-1,8.327707648E-2
2.264491083E1,-7.730370015E-2,-1.753979474E-1,4.243990034E-2
2.265495183E1,-6.771872938E-2,-9.076140821E-2,-6.023368798E-3
2.266499183E1,-2.422105148E-2,-4.380482063E-2,-7.098984718E-2
2.267503283E1,8.582447469E-2,-3.167742491E-2,-1.405092627E-1
2.268507283E1,2.230568975E-1,-8.686611056E-2,-2.224169075E-1
2.269511283E1,3.473452628E-1,-2.231852412E-1,-2.410972416E-1
2.270515383E1,4.168175459E-1,-4.271535575E-1,-2.259494513E-1
2.271519383E1,4.239516258E-1,-6.609543562E-1,-1.840884238E-1
2.272523483E1,4.054519832E-1,-7.918724418E-1,-1.428467035E-1
2.273527483E1,3.636610806E-1,-7.672334909E-1,-1.169037744E-1
2.274531483E1,3.240079582E-1,-6.071870923E-1,-4.565303028E-2
2.275535583E1,2.891126573E-1,-4.142439365E-1,8.952071518E-2
2.276539583E1,2.524896562E-1,-2.532811463E-1,2.273848355E-1
2.277543683E1,2.414845228E-1,-1.180433556E-1,3.395990729E-1
2.278547683E1,2.525614202E-1,-1.485891268E-2,4.368862212E-1
2.279551683E1,2.565166056E-1,4.563345015E-2,5.090106726E-1
2.280555783E1,2.624951303E-1,8.977747709E-2,5.368981957E-1
2.281559783E1,2.758623362E-1,7.861590385E-2,5.393856168E-1
2.282563883E1,3.075560927E-1,3.371154144E-2,5.347692966E-1
2.283567883E1,3.521296382E-1,-5.527969077E-2,5.490221381E-1
2.284571983E1,4.120259881E-1,-1.588119417E-1,5.620762110E-1
2.285575983E1,4.868128300E-1,-2.193962485E-1,5.649951696E-1
2.286579983E1,5.708196163E-1,-2.415209860E-1,5.891071558E-1
2.287584083E1,6.486288309E-1,-2.110126764E-1,6.267085075E-1
2.288588083E1,7.021080256E-1,-1.315916181E-1,6.701012254E-1
2.289592183E1,7.270798683E-1,-5.292534828E-2,7.022472620E-1
2.290596183E1,7.320277691E-1,-1.826990023E-2,7.008597255E-1
2.291600183E1,7.204518914E-1,1.038620155E-2,6.902205944E-1
2.292604283E1,6.964688301E-1,3.607319295E-2,6.554564834E-1
2.293608283E1,6.896700859E-1,5.440201238E-2,5.893520117E-1
2.294612383E1,6.991962194E-1,9.644613415E-2,5.369468927E-1
2.295616383E1,7.267446518E-1,1.743735969E-1,4.976723790E-1
2.296620383E1,7.295119166E-1,2.796440721E-1,4.517230093E-1
2.297624483E1,6.961737871E-1,3.640494049E-1,3.922790587E-1
2.298628483E1,6.332904100E-1,3.903028369E-1,3.337310553E-1
2.299632583E1,5.636032820E-1,3.331397772E-1,2.789049447E-1
2.300636583E1,4.885846674E-1,2.311047614E-1,2.420502454E-1
2.301640683E1,4.263283312E-1,1.071475223E-1,2.167352438E-1
2.302644683E1,3.914175034E-1,3.096219851E-3,1.897685975E-1
2.303648683E1,3.744814694E-1,-6.310676038E-2,1.548678279E-1
2.304652783E1,3.628160357E-1,-1.167079359E-1,1.130687147E-1
2.305656783E1,3.593042493E-1,-1.540577114E-1,6.585986167E-2
2.306660883E1,3.626166880E-1,-1.772373319E-1,2.562509663E-2
2.307664883E1,3.685156107E-1,-1.946371943E-1,-1.224253979E-2
2.308668883E1,3.670953512E-1,-1.907750815E-1,-3.064365126E-2
2.309672983E1,3.543879986E-1,-1.507011801E-1,-1.569847576E-2
2.310676983E1,3.307740092E-1,-7.076054066E-2,2.673074044E-2
2.311681083E1,3.204594553E-1,1.753016375E-2,9.250995517E-2
2.312685083E1,3.272870183E-1,1.039465442E-1,1.478142291E-1
2.313689083E1,3.479416668E-1,1.538317204E-1,1.711580306E-1
2.314693183E1,3.736835122E-1,1.354577690E-1,1.371116489E-1
2.315697183E1,3.906730413E-1,7.577046752E-2,6.785379350E-2
2.316701283E1,3.865454197E-1,1.540087070E-2,9.748147801E-3
2.317705283E1,3.539083898E-1,-2.449908666E-2,-3.435702994E-3
2.318709283E1,3.230093122E-1,-6.466807425E-2,9.260118008E-3
2.319713383E1,3.197934031E-1,-1.005157828E-1,2.547872812E-2
2.320717383E1,3.371739984E-1,-1.534080207E-1,5.564089119E-2
2.321721483E1,3.655607700E-1,-2.228950560E-1,8.331929892E-2
2.322725483E1,3.942739069E-1,-2.919654548E-1,8.777476847E-2
2.323729583E1,4.213001132E-1,-3.195121884E-1,8.354586363E-2
2.324733583E1,4.193943739E-1,-2.508937120E-1,6.415804476E-2
2.325737583E1,3.951526284E-1,-6.314656883E-2,5.010562018E-2
2.326741683E1,3.532573879E-1,5.072300881E-2,4.976367205E-2
2.327745683E1,2.527227700E-1,-1.673902012E-2,9.954282641E-2
2.328749783E1,1.091424450E-1,-6.046146154E-2,2.019738555E-1
2.329753783E1,1.681062393E-2,-5.848556384E-2,2.871458828E-1
2.330757783E1,-9.360260330E-3,-1.093663201E-1,3.597418070E-1
2.331761883E1,-3.413784504E-2,-2.275037020E-1,4.422380328E-1
2.332765883E1,-8.423936367E-2,-2.974359095E-1,5.576480031E-1
2.333769983E1,-1.148056164E-1,-3.494770825E-1,6.600040793E-1
2.334773921E1,-9.812890738E-2,-4.011738300E-1,6.866226792E-1
2.335777921E1,-4.969354346E-2,-4.155668318E-1,6.090002060E-1
2.336782021E1,4.787109420E-2,-3.842621744E-1,4.402093291E-1
2.337786021E1,1.701942980E-1,-3.426177800E-1,2.206897736E-1
2.338790121E1,2.692945302E-1,-3.015374541E-1,-2.337908931E-2
2.339794121E1,3.298006952E-1,-2.435796708E-1,-2.340785116E-1
2.340798121E1,3.309924304E-1,-1.942360848E-1,-3.812541068E-1
2.341802221E1,2.699593902E-1,-1.948596388E-1,-4.845539629E-1
2.342806221E1,1.737764031E-1,-2.187732309E-1,-5.472083092E-1
2.343810321E1,5.247914046E-2,-2.086406946E-1,-5.796288848E-1
2.344814321E1,-7.970099896E-2,-1.648724526E-1,-5.925918221E-1
2.345818421E1,-2.097106129E-1,-1.451857835E-1,-5.840931535E-1
2.346822421E1,-3.100481629E-1,-1.211193204E-1,-5.746272206E-1
2.347826421E1,-3.736902177E-1,-8.094654977E-2,-5.750327110E-1
2.348830521E1,-4.057088792E-1,-3.102027066E-2,-5.822570324E-1
2.349834521E1,-4.223091006E-1,7.331277244E-3,-5.812672377E-1
2.350838621E1,-4.196688235E-1,2.533850633E-2,-5.842808485E-1
2.351842621E1,-3.998218775E-1,3.971046954E-2,-5.956431031E-1
2.352846621E1,-3.684743643E-1,7.571160793E-2,-6.055236459E-1
2.353850721E1,-3.338708580E-1,1.417938471E-1,-5.888434649E-1
2.354854721E1,-3.059944808E-1,2.398738116E-1,-5.378401875E-1
2.355858821E1,-3.009125292E-1,3.077645898E-1,-5.052144527E-1
2.356862821E1,-3.026422560E-1,3.903484046E-1,-4.756895602E-1
2.357866821E1,-2.855225205E-1,4.847314954E-1,-4.320535958E-1
2.358870921E1,-2.503764927E-1,5.463871360E-1,-3.696115017E-1
2.359874921E1,-1.905633509E-1,5.521454811E-1,-2.829077244E-1
2.360879021E1,-1.257137805E-1,5.085026622E-1,-1.991853863E-1
2.361883021E1,-7.435068488E-2,4.335378706E-1,-1.328004003E-1
2.362887021E1,-5.392583832E-2,3.407877088E-1,-7.757176459E-2
2.363891121E1,-6.566009670E-2,2.346385717E-1,-4.522017762E-2
2.364895121E1,-9.321742505E-2,1.396960914E-1,-4.155034199E-2
2.365899221E1,-1.096218303E-1,7.377746701E-2,-3.977260366E-2
2.366903221E1,-1.172272861E-1,3.039483167E-2,-2.528021485E-2
2.367907321E1,-1.136884391E-1,1.203953009E-2,-2.116995165E-3
2.368911321E1,-1.122415438E-1,3.678162768E-2,1.289497688E-2
2.369915321E1,-1.298317313E-1,9.035553038E-2,2.005249821E-2
2.370919421E1,-1.807377934E-1,1.577947587E-1,3.209664673E-2
2.371923421E1,-2.533259392E-1,2.107728124E-1,4.426673055E-2
2.372927521E1,-3.295844793E-1,2.193412781E-1,5.639689416E-2
2.373931521E1,-3.784769773E-1,1.839205325E-1,5.610265210E-2
2.374935521E1,-3.898630440E-1,1.555669159E-1,5.219393224E-2
2.375939621E1,-3.675227761E-1,1.607471406E-1,3.405082598E-2
2.376943621E1,-3.238695562E-1,1.988159716E-1,4.158971831E-3
2.377947721E1,-2.841526568E-1,2.431768179E-1,-1.381128281E-2
2.378951721E1,-2.801896036E-1,2.628778219E-1,-3.845830634E-2
2.379955721E1,-3.035489917E-1,2.678163648E-1,-7.585148513E-2
2.380959821E1,-3.608812690E-1,2.374675423E-1,-1.062788963E-1
2.381963821E1,-4.247221947E-1,1.715035439E-1,-1.150998771E-1
2.382967921E1,-4.495295584E-1,9.366387129E-2,-1.087437123E-1
2.383971921E1,-4.169965982E-1,3.446852043E-2,-1.119171605E-1
2.384975921E1,-3.702165484E-1,-2.550666966E-2,-1.234811395E-1
2.385980021E1,-3.370458186E-1,-7.240088284E-2,-1.574956924E-1
2.386984021E1,-3.288414180E-1,-6.999365985E-2,-2.090113610E-1
2.387988121E1,-3.388733864E-1,-1.747603295E-3,-2.894350290E-1
2.388992121E1,-3.647419810E-1,8.219656348E-2,-4.033496380E-1
2.389996121E1,-3.721987605E-1,8.230373263E-2,-5.440101027E-1
2.391000221E1,-3.088767827E-1,-8.577448130E-2,-6.409468055E-1
2.392004221E1,-2.060508728E-1,-3.749378026E-1,-6.308119297E-1
2.393008321E1,-1.269970536E-1,-6.966269016E-1,-5.759811401E-1
2.394012321E1,-1.023587957E-1,-9.383985996E-1,-5.304846764E-1
2.395016421E1,-1.272207350E-1,-9.999900460E-1,-4.665406048E-1
2.396020421E1,-1.877326518E-1,-8.900862932E-1,-3.446955979E-1
2.397024421E1,-2.433754057E-1,-6.088269353E-1,-2.156289518E-1
2.398028521E1,-2.796673775E-1,-2.693636119E-1,-9.716344625E-2
2.399032521E1,-2.999809086E-1,1.725511439E-2,2.158078738E-2
2.400036621E1,-2.864458263E-1,2.198083848E-1,1.308784783E-1
2.401040621E1,-2.099811584E-1,3.360404372E-1,2.124790549E-1
2.402044621E1,-8.373902738E-2,3.388948143E-1,2.809117734E-1
2.403048721E1,5.094821751E-2,2.295608819E-1,3.215697110E-1
2.404052721E1,1.758726239E-1,9.325103462E-2,3.062639534E-1
2.405056821E1,2.827460766E-1,-1.988537237E-2,2.450045943E-1
2.406060821E1,3.529413044E-1,-1.421153247E-1,2.272529602E-1
2.407064821E1,4.177218974E-1,-2.379715443E-1,2.645302713E-1
2.408068921E1,4.749603570E-1,-3.532310724E-1,3.458414376E-1
2.409072921E1,5.300904512E-1,-4.676828086E-1,4.354754388E-1
2.410077021E1,5.717942715E-1,-4.986271560E-1,5.130515695E-1
2.411081021E1,6.036355495E-1,-4.356987774E-1,5.888746977E-1
2.412085021E1,6.263506413E-1,-3.072430789E-1,6.626167893E-1
2.413089121E1,6.170551181E-1,-1.554402262E-1,7.264308929E-1
2.414093121E1,5.861492753E-1,-2.399463952E-2,7.643195987E-1
2.415097221E1,5.561327934E-1,5.081462115E-2,7.505758405E-1
2.416101221E1,5.413825512E-1,8.877387643E-2,7.051180005E-1
2.417105221E1,5.315719843E-1,1.503509581E-1,6.365842223E-1
2.418109321E1,5.217269659E-1,2.460521907E-1,5.480177402E-1
2.419113321E1,5.095339417E-1,3.743419945E-1,4.720638692E-1
2.420117421E1,4.987027943E-1,4.932094216E-1,4.230203331E-1
2.421121421E1,4.805770516E-1,5.846934915E-1,3.880365193E-1
2.422125421E1,4.509152174E-1,6.165975928E-1,3.346014023E-1
2.423129521E1,4.182928205E-1,5.721119046E-1,2.655738890E-1
2.424133521E1,3.869975805E-1,4.437873363E-1,2.024971247E-1
2.425137621E1,3.543179035E-1,2.875303328E-1,1.481744945E-1
2.426141621E1,3.213940263E-1,1.861121058E-1,1.117910817E-1
2.427145721E1,3.072622418E-1,1.494472921E-1,8.003687859E-2
2.428149721E1,3.044246733E-1,1.394163817E-1,5.925368890E-2
2.429153721E1,3.103078604E-1,1.108308211E-1,4.373038933E-2
2.430157821E1,3.466095030E-1,4.280425236E-2,2.775376663E-2
2.431161821E1,4.148775339E-1,-5.871251971E-2,1.801938005E-2
2.432165921E1,5.054054856E-1,-1.652947813E-1,2.666495927E-2
2.433169921E1,5.862241387E-1,-2.579789162E-1,5.509500206E-2
2.434173921E1,6.067328453E-1,-2.977947593E-1,8.972051740E-2
2.435178083E1,5.815483928E-1,-2.634365261E-1,1.164083257E-1
2.436182083E1,5.594649315E-1,-1.631543338E-1,1.289547533E-1
2.437186183E1,5.477563143E-1,-4.454912618E-2,1.334245950E-1
2.438190183E1,5.110129714E-1,6.669951975E-2,1.401592195E-1
2.439194183E1,4.427049756E-1,1.470108777E-1,1.569579095E-1
2.440198283E1,3.969070613E-1,1.734174937E-1,1.829702258E-1
2.441202283E1,4.099813402E-1,1.714760512E-1,2.020933330E-1
2.442206383E1,4.645690024E-1,1.286878437E-1,1.943530738E-1
2.443210383E1,4.912892878E-1,4.265869036E-2,1.679329276E-1
2.444214383E1,4.890348315E-1,-5.930858850E-2,1.385371536E-1
2.445218483E1,4.976112843E-1,-1.497844309E-1,1.099563614E-1
2.446222483E1,4.520190954E-1,-1.258522421E-1,7.218803465E-2
2.447226583E1,3.661715686E-1,5.446124822E-3,4.667735100E-2
2.448230583E1,2.650708556E-1,1.160314977E-1,1.112517715E-1
2.449234583E1,1.265534759E-1,4.658850655E-2,2.364799827E-1
2.450238683E1,-7.684113830E-2,-1.149950102E-1,3.283992410E-1
2.451242683E1,-2.445457131E-1,-2.609740496E-1,3.473377824E-1
2.452246783E1,-2.904937267E-1,-4.168595374E-1,2.884573936E-1
2.453250783E1,-2.485071272E-1,-5.586984158E-1,2.265935093E-1
2.454254783E1,-1.657608747E-1,-6.217920184E-1,2.380132675E-1
2.455258883E1,-4.025248066E-2,-6.517858505E-1,2.587044239E-1
2.456262883E1,6.587989628E-2,-6.435253620E-1,2.759226859E-1
2.457266983E1,1.184019595E-1,-6.111488342E-1,2.721764147E-1
2.458270983E1,1.567028463E-1,-5.172913671E-1,2.172306627E-1
2.459274983E1,2.248542011E-1,-3.762490451E-1,1.503869146E-1
2.460279083E1,3.073705137E-1,-2.107577771E-1,8.205735683E-2
2.461283083E1,3.805046380E-1,-7.131305337E-2,-1.549592707E-4
2.462287183E1,4.338180721E-1,2.811874077E-2,-8.710912615E-2
2.463291183E1,4.504274130E-1,9.321784973E-2,-1.738309711E-1
2.464295183E1,4.169905782E-1,1.375520229E-1,-2.402721494E-1
2.465299283E1,3.228752911E-1,1.628203690E-1,-2.890003026E-1
2.466303283E1,1.833227128E-1,1.512531936E-1,-3.166931868E-1
2.467307383E1,4.502342269E-2,9.337816387E-2,-3.426027894E-1
2.468311383E1,-6.694760174E-2,1.879649982E-2,-3.667168915E-1
2.469315483E1,-1.624933034E-1,-3.986308351E-2,-3.954907656E-1
2.470319483E1,-2.422264367E-1,-5.617515370E-2,-4.260484278E-1
2.471323483E1,-2.916951776E-1,-4.578936100E-2,-4.655407071E-1
2.472327583E1,-3.001213670E-1,-2.197111025E-2,-5.056789517E-1
2.473331583E1,-2.629367113E-1,-1.432331093E-2,-5.442090034E-1
2.474335683E1,-1.977431774E-1,-2.390579879E-2,-5.789588094E-1
2.475339683E1,-1.320549846E-1,-3.095491976E-2,-5.986928344E-1
2.476343683E1,-7.810445875E-2,-9.366858751E-3,-6.044785380E-1
2.477347783E1,-4.206922278E-2,4.836674407E-2,-6.066175699E-1
2.478351783E1,-3.135210276E-2,1.338570416E-1,-5.895415545E-1
2.479355883E1,-4.963230714E-2,2.426695377E-1,-5.634346008E-1
2.480359883E1,-6.899515539E-2,3.318423927E-1,-5.057457089E-1
2.481363883E1,-8.554270118E-2,3.823015690E-1,-4.142759740E-1
2.482367983E1,-9.915640950E-2,3.707070649E-1,-3.173832893E-1
2.483371983E1,-1.112895086E-1,3.401643336E-1,-2.373060435E-1
2.484376083E1,-1.275341660E-1,2.973341048E-1,-1.760047823E-1
2.485380083E1,-1.391237080E-1,2.530875504E-1,-1.183926240E-1
2.486384083E1,-1.462893635E-1,2.057999969E-1,-7.025443763E-2
2.487388183E1,-1.419257820E-1,1.411091536E-1,-3.282477707E-2
2.488392183E1,-1.175216064E-1,7.263762504E-2,-3.256247845E-3
2.489396283E1,-9.604348242E-2,3.215358034E-2,8.162321523E-3
2.490400283E1,-1.063277647E-1,2.059759572E-2,1.403230429E-2
2.491404283E1,-1.472837180E-1,1.715359651E-2,2.340689674E-2
2.492408383E1,-2.135588378E-1,6.366981193E-3,3.135002404E-2
2.493412383E1,-2.846599221E-1,-4.112025723E-3,3.839435056E-2
2.494416483E1,-3.561994731E-1,-1.424118876E-2,4.665033147E-2
2.495420483E1,-4.179094434E-1,-2.739320882E-2,6.738304347E-2
2.496424483E1,-4.540550113E-1,-3.985366598E-2,8.463518322E-2
2.497428583E1,-4.517071545E-1,-3.981185704E-2,7.729764283E-2
2.498432583E1,-4.241048992E-1,-3.128520027E-2,4.713709280E-2
2.499436683E1,-4.006389678E-1,-1.191336475E-2,-2.754299436E-3
2.500440683E1,-4.130783677E-1,3.411462903E-2,-7.454112172E-2
2.501444683E1,-4.501546323E-1,1.138238385E-1,-1.439428180E-1
2.502448783E1,-4.769051969E-1,1.852339357E-1,-1.939788610E-1
2.503452783E1,-4.987393618E-1,2.245451212E-1,-2.203691900E-1
2.504456883E1,-5.299900770E-1,1.611669511E-1,-2.287260145E-1
2.505460883E1,-5.198359489E-1,1.830700971E-2,-2.131739408E-1
2.506464883E1,-4.668428898E-1,-1.138759032E-1,-2.097178102E-1
2.507468983E1,-3.774312437E-1,-1.537852287E-1,-2.533965707E-1
2.508472983E1,-2.851473391E-1,-1.153287068E-1,-3.545157611E-1
2.509477083E1,-2.130249441E-1,-8.462645859E-2,-5.126798749E-1
2.510481083E1,-1.366899610E-1,-1.659714282E-1,-6.222850084E-1
2.511485083E1,-7.094664127E-2,-4.064381123E-1,-5.749651790E-1
2.512489183E1,-6.332697719E-2,-7.405880690E-1,-4.585210383E-1
2.513493183E1,-8.641365170E-2,-1.015462518E0,-3.834206760E-1
2.514497283E1,-1.612533927E-1,-1.162578106E0,-2.875564098E-1
2.515501283E1,-2.958285213E-1,-1.141279817E0,-1.617590636E-1
2.516505383E1,-4.282437861E-1,-9.126486182E-1,-5.236520618E-2
2.517509383E1,-5.152764320E-1,-5.228031278E-1,3.064392880E-2
2.518513383E1,-5.703597069E-1,-1.390043199E-1,8.696381748E-2
2.519517483E1,-5.923199058E-1,1.549918801E-1,1.279365420E-1
2.520521483E1,-5.761698484E-1,3.588790894E-1,1.572187990E-1
2.521525583E1,-5.145277977E-1,4.490329325E-1,1.881514192E-1
2.522529583E1,-4.395292699E-1,4.266645312E-1,2.153352499E-1
2.523533583E1,-3.566551507E-1,3.827458024E-1,2.136268318E-1
2.524537683E1,-2.805501223E-1,2.812984884E-1,2.073415518E-1
2.525541683E1,-2.106700987E-1,1.793425530E-1,2.249074876E-1
2.526545783E1,-1.472512931E-1,5.570971966E-2,2.522675395E-1
2.527549783E1,-1.097627655E-1,-1.084962636E-1,2.810922563E-1
2.528553783E1,-8.534295112E-2,-2.836481035E-1,2.933711708E-1
2.529557883E1,-5.479329824E-2,-4.073114693E-1,3.095512092E-1
2.530561883E1,-3.791961074E-2,-4.441257119E-1,3.348393142E-1
2.531565983E1,-3.545778617E-2,-3.916054964E-1,3.679898083E-1
2.532569983E1,-3.598768637E-2,-2.980927825E-1,4.010404050E-1
2.533573983E1,-3.921250626E-2,-1.742006689E-1,4.506519139E-1
2.534578100E1,-4.049238935E-2,-6.684362888E-2,4.951423705E-1
2.535582100E1,-2.549346723E-2,3.081661649E-2,5.125959516E-1
2.536586200E1,3.425584408E-3,1.155272946E-1,4.912016690E-1
2.537590200E1,3.196854517E-2,2.262881696E-1,4.379301965E-1
2.538594200E1,5.137494951E-2,3.839989007E-1,3.824206293E-1
2.539598300E1,5.193554610E-2,5.645340681E-1,3.199977279E-1
2.540602300E1,3.335150704E-2,7.095532417E-1,2.498756200E-1
2.541606400E1,-8.561853319E-3,7.834799290E-1,1.753798127E-1
2.542610400E1,-5.918058380E-2,7.535770535E-1,1.119951308E-1
2.543614400E1,-9.849257022E-2,6.189484000E-1,5.872259289E-2
2.544618500E1,-1.136153862E-1,4.280371368E-1,1.194140315E-2
2.545622500E1,-1.045148373E-1,2.392339557E-1,-1.828148030E-2
2.546626600E1,-8.366568387E-2,8.952658623E-2,-5.842240900E-2
2.547630600E1,-6.920258701E-2,-2.528521419E-2,-1.032961383E-1
2.548634600E1,-6.232548133E-2,-1.254635900E-1,-1.363727450E-1
2.549638700E1,-5.088161305E-2,-2.152797580E-1,-1.654675156E-1
2.550642700E1,-3.269339353E-2,-2.917586565E-1,-1.912902594E-1
2.551646800E1,-3.065633960E-2,-3.254657686E-1,-2.065600306E-1
2.552650800E1,-6.359444559E-2,-3.252228200E-1,-2.065854073E-1
2.553654800E1,-1.146861240E-1,-2.825959921E-1,-1.788200885E-1
2.554658900E1,-1.318190396E-1,-2.032199502E-1,-1.554268748E-1
2.555662900E1,-9.057333320E-2,-1.089022309E-1,-1.474664211E-1
2.556667000E1,-8.518452756E-3,-1.764333108E-3,-1.660282314E-1
2.557671000E1,4.469496757E-2,9.972767532E-2,-2.344485670E-1
2.558675000E1,1.413854398E-2,1.930025816E-1,-2.888368070E-1
2.559679100E1,-1.068049222E-1,2.560246885E-1,-3.015091717E-1
2.560683100E1,-2.582637370E-1,2.661649585E-1,-2.684420347E-1
2.561687200E1,-4.060622454E-1,2.409512252E-1,-2.204428017E-1
2.562691200E1,-5.206289887E-1,2.192689925E-1,-1.791421175E-1
2.563695200E1,-5.660955310E-1,2.410469949E-1,-1.328491867E-1
2.564699300E1,-5.642184615E-1,3.397725821E-1,-8.707015961E-2
2.565703300E1,-5.184568167E-1,4.509800673E-1,-6.333127618E-2
2.566707400E1,-4.488024414E-1,4.333690405E-1,-5.724140257E-2
2.567711400E1,-4.742023349E-1,3.303662241E-1,1.410335302E-2
2.568715400E1,-6.179091334E-1,2.150314152E-1,1.542957276E-1
2.569719500E1,-7.739956379E-1,1.421817094E-1,2.914384007E-1
2.570723500E1,-9.159010649E-1,7.564049959E-2,3.563884795E-1
2.571727600E1,-1.053830743E0,-5.909547955E-2,3.116931915E-1
2.572731600E1,-1.086291194E0,-2.909332812E-1,1.939794719E-1
2.573735600E1,-1.016709805E0,-5.214110017E-1,1.098171845E-1
2.574739700E1,-9.275472164E-1,-6.562930346E-1,8.057332039E-2
2.575743700E1,-8.514891863E-1,-6.760582328E-1,2.272174135E-2
2.576747800E1,-8.228328824E-1,-5.835090280E-1,-8.264310658E-2
2.577751800E1,-8.353952765E-1,-4.247516394E-1,-1.715892255E-1
2.578755800E1,-8.903033733E-1,-2.180155218E-1,-2.164599895E-1
2.579759900E1,-9.753642082E-1,9.547868744E-3,-2.545964420E-1
2.580763900E1,-1.075993180E0,2.218292356E-1,-3.127608895E-1
2.581768000E1,-1.143128633E0,3.919136226E-1,-3.615193665E-1
2.582772000E1,-1.183959603E0,4.854463637E-1,-4.042609930E-1
2.583776000E1,-1.238306522E0,4.774608910E-1,-4.442890882E-1
2.584780100E1,-1.293482780E0,3.589044511E-1,-4.840610325E-1
2.585784100E1,-1.318913102E0,1.898674816E-1,-5.173582435E-1
2.586788200E1,-1.328333616E0,4.634535313E-2,-5.388471484E-1
2.587792200E1,-1.350823760E0,-2.288112044E-2,-5.639250278E-1
2.588796200E1,-1.403903246E0,-4.310585931E-2,-6.116812229E-1
2.589800300E1,-1.462446451E0,-3.887382895E-2,-6.508589983E-1
2.590804300E1,-1.489465594E0,-1.706599258E-3,-6.757785082E-1
2.591808400E1,-1.485353112E0,5.655617639E-2,-6.616496444E-1
2.592812400E1,-1.468337893E0,1.164798066E-1,-6.198464632E-1
2.593816400E1,-1.457618713E0,1.761932075E-1,-5.731886625E-1
2.594820500E1,-1.459275246E0,2.307345867E-1,-5.302252769E-1
2.595824500E1,-1.483831167E0,2.953122556E-1,-5.032919049E-1
2.596828600E1,-1.528579950E0,3.496594727E-1,-5.018164515E-1
2.597832600E1,-1.581435800E0,3.930117488E-1,-5.171802640E-1
2.598836600E1,-1.639228582E0,4.418833554E-1,-5.233222246E-1
2.599840700E1,-1.689379930E0,4.901776612E-1,-5.207078457E-1
2.600844700E1,-1.718404770E0,5.099043846E-1,-5.144132376E-1
2.601848800E1,-1.733828783E0,5.005431175E-1,-4.945417941E-1
2.602852800E1,-1.747338295E0,4.561214149E-1,-4.612920284E-1
2.603856800E1,-1.769148231E0,3.917810619E-1,-4.385409057E-1
2.604860900E1,-1.793972254E0,3.267339468E-1,-4.232039154E-1
2.605864900E1,-1.822456360E0,2.705234289E-1,-4.197042584E-1
2.606869000E1,-1.841887832E0,2.350173295E-1,-4.162091315E-1
2.607873000E1,-1.831110597E0,2.241833359E-1,-4.031849504E-1
2.608877100E1,-1.778674603E0,2.372427732E-1,-3.734802902E-1
2.609881100E1,-1.710342526E0,2.994659245E-1,-3.409124911E-1
2.610885100E1,-1.670949697E0,3.820410073E-1,-2.957316339E-1
2.611889200E1,-1.671325445E0,4.711714089E-1,-2.643595934E-1
2.612893200E1,-1.704334259E0,5.186234713E-1,-2.316724956E-1
2.613897300E1,-1.749507546E0,4.924070537E-1,-1.932025999E-1
2.614901300E1,-1.780307651E0,4.170610607E-1,-1.416123062E-1
2.615905300E1,-1.772867322E0,3.587418199E-1,-8.781804889E-2
2.616909400E1,-1.748881102E0,3.471457958E-1,-5.398630723E-2
2.617913400E1,-1.737671018E0,3.612552285E-1,-4.674916714E-2
2.618917500E1,-1.736262083E0,3.578252792E-1,-4.651036486E-2
2.619921500E1,-1.724073529E0,3.272037208E-1,-5.341007933E-2
2.620925500E1,-1.692657828E0,3.021835983E-1,-7.028453797E-2
2.621929600E1,-1.638538718E0,2.751210928E-1,-9.728766233E-2
2.622933600E1,-1.564646006E0,2.301301509E-1,-1.436836720E-1
2.623937700E1,-1.479314566E0,1.703781337E-1,-1.826212108E-1
2.624941700E1,-1.396847963E0,1.131298169E-1,-2.083843946E-1
2.625945700E1,-1.323016047E0,2.775873058E-2,-2.291277647E-1
2.626949800E1,-1.228239298E0,-8.658766747E-2,-2.449440658E-1
2.627953800E1,-1.106006861E0,-1.786147952E-1,-2.333790213E-1
2.628957900E1,-9.688207507E-1,-2.452699840E-1,-2.206566185E-1
2.629961900E1,-8.473054767E-1,-3.097933233E-1,-1.922950149E-1
2.630965900E1,-7.542933226E-1,-3.794058859E-1,-1.625252217E-1
2.631970000E1,-6.863433123E-1,-4.070676267E-1,-1.322884858E-1
2.632974000E1,-6.437671185E-1,-3.419046998E-1,-6.944920868E-2
2.633978100E1,-6.148287058E-1,-2.284865230E-1,1.797544211E-2
2.634982075E1,-5.879148841E-1,-1.088797003E-1,9.301127493E-2
2.635986075E1,-5.638614893E-1,1.809475757E-2,1.384922117E-1
2.636990175E1,-5.261814594E-1,1.758244634E-1,1.415529847E-1
2.637994175E1,-4.764350653E-1,3.949652612E-1,9.331355989E-2
2.638998275E1,-4.099504650E-1,6.213000417E-1,6.106303539E-3
2.640002275E1,-3.236544430E-1,7.079928517E-1,-1.131745502E-1
2.641006275E1,-2.563669682E-1,6.001105905E-1,-2.685134113E-1
2.642010375E1,-2.258641720E-1,1.513432115E-1,-4.411879778E-1
2.643014375E1,-2.095473111E-1,-5.423157811E-1,-5.306275487E-1
2.644018475E1,-2.618099749E-1,-1.067435145E0,-4.810064733E-1
2.645022475E1,-3.511483669E-1,-1.323349118E0,-3.325604200E-1
2.646026475E1,-4.078705013E-1,-1.316608191E0,-1.522687078E-1
2.647030575E1,-3.928303719E-1,-1.059707403E0,4.381804168E-2
2.648034575E1,-3.310980499E-1,-7.176491618E-1,2.059981674E-1
2.649038675E1,-2.485507280E-1,-3.835468292E-1,3.018349409E-1
2.650042675E1,-1.633316875E-1,-9.596033394E-2,3.605989218E-1
2.651046675E1,-5.795680732E-2,1.263997108E-1,3.624041677E-1
2.652050775E1,3.680325672E-2,2.622627318E-1,3.218269050E-1
2.653054775E1,9.128542244E-2,3.719851077E-1,2.926918864E-1
2.654058875E1,1.092114225E-1,4.546490908E-1,2.506768107E-1
2.655062875E1,1.028970405E-1,4.224988818E-1,1.796817482E-1
2.656066975E1,9.189099818E-2,2.776530385E-1,1.320087761E-1
2.657070975E1,6.539957970E-2,1.690194011E-1,1.947579831E-1
2.658074975E1,6.614024751E-3,1.192321330E-1,3.121442497E-1
2.659079075E1,-8.189001679E-2,8.682141453E-2,4.035907090E-1
2.660083075E1,-1.786762178E-1,4.143289477E-2,4.773418903E-1
2.661087175E1,-2.702237964E-1,-1.856777584E-3,5.132366419E-1
2.662091175E1,-3.322876990E-1,1.203293819E-2,4.848907888E-1
2.663095175E1,-3.576548100E-1,5.301401764E-2,4.062107503E-1
2.664099275E1,-3.568071425E-1,6.787099689E-2,3.081400990E-1
2.665103275E1,-3.235146701E-1,2.192496881E-2,2.238740772E-1
2.666107375E1,-2.571755946E-1,-2.232078835E-2,1.638062149E-1
2.667111375E1,-1.821125299E-1,-3.320773691E-2,1.266869456E-1
2.668115375E1,-1.145625114E-1,-9.117580950E-3,1.093313843E-1
2.669119475E1,-2.294775099E-2,5.471156538E-2,9.269587696E-2
2.670123475E1,1.104068458E-1,8.627508581E-2,5.429628864E-2
2.671127575E1,2.548275888E-1,6.349066645E-2,2.075355500E-2
2.672131575E1,3.462395072E-1,-5.156534538E-2,-2.050120570E-2
2.673135575E1,3.550307155E-1,-1.667937785E-1,-4.126473516E-2
2.674139675E1,3.043598235E-1,-2.174540162E-1,-4.942679033E-2
2.675143675E1,2.364854813E-1,-2.118105590E-1,-3.887669742E-2
2.676147775E1,1.831378341E-1,-1.794574112E-1,-2.145323157E-2
2.677151775E1,1.690105945E-1,-1.141258627E-1,-5.841268692E-3
2.678155775E1,1.962536722E-1,-4.494333267E-2,1.895622164E-2
2.679159875E1,2.488066852E-1,-9.946621023E-3,2.621183917E-2
2.680163875E1,2.993108630E-1,-8.966044523E-3,-5.873660091E-3
2.681167975E1,3.454002440E-1,-2.729833592E-3,-5.072735995E-2
2.682171975E1,4.060694277E-1,1.905562356E-2,-9.462610632E-2
2.683175975E1,4.877586663E-1,4.400997236E-2,-1.428952217E-1
2.684180075E1,5.741769075E-1,6.131226569E-2,-1.756624877E-1
2.685184075E1,6.330712438E-1,5.871004239E-2,-2.089303285E-1
2.686188175E1,6.693797112E-1,-5.422873423E-3,-2.078051418E-1
2.687192175E1,6.884798408E-1,-1.149097458E-1,-1.656952202E-1
2.688196175E1,7.015396953E-1,-2.444160730E-1,-1.017654985E-1
2.689200275E1,7.284044027E-1,-3.534322679E-1,-2.293784544E-2
2.690204275E1,7.659994364E-1,-3.769653141E-1,7.647395879E-2
2.691208375E1,8.185948730E-1,-3.105283976E-1,1.591115296E-1
2.692212375E1,9.033774137E-1,-2.309643328E-1,1.791848391E-1
2.693216375E1,9.511269927E-1,-1.403836757E-1,1.705316007E-1
2.694220475E1,9.484372139E-1,-4.731390998E-2,1.374071985E-1
2.695224475E1,9.327585697E-1,3.088325448E-2,7.714617997E-2
2.696228575E1,8.701324463E-1,1.064392626E-1,2.457485162E-2
2.697232575E1,7.778800130E-1,2.421636432E-1,1.104411855E-2
2.698236675E1,7.007708549E-1,4.723324180E-1,5.135665461E-2
2.699240675E1,6.896458864E-1,6.988820434E-1,1.247754022E-1
2.700244675E1,6.969765425E-1,7.553977370E-1,1.737714410E-1
2.701248775E1,6.501806974E-1,6.079363227E-1,1.227919236E-1
2.702252775E1,5.818929672E-1,2.911123633E-1,2.469572052E-2
2.703256875E1,5.342333317E-1,-9.405106306E-2,1.627347246E-2
2.704260875E1,5.501369238E-1,-3.834927678E-1,1.162987500E-1
2.705264875E1,6.150981188E-1,-5.438745022E-1,1.663357913E-1
2.706268975E1,7.019544840E-1,-6.196422577E-1,1.524809599E-1
2.707272975E1,7.774441242E-1,-6.379078031E-1,1.047470197E-1
2.708277075E1,8.124540448E-1,-5.784814954E-1,5.219033360E-2
2.709281075E1,8.056966066E-1,-4.362814724E-1,3.777241334E-3
2.710285075E1,7.667278647E-1,-2.421285063E-1,-3.952096403E-2
2.711289175E1,7.225677371E-1,-2.895595133E-2,-8.403097838E-2
2.712293175E1,6.822285652E-1,1.652792990E-1,-1.338552684E-1
2.713297275E1,6.420083046E-1,2.748238146E-1,-2.065155506E-1
2.714301275E1,6.016241312E-1,2.870173454E-1,-2.900080383E-1
2.715305275E1,5.461058021E-1,2.350003421E-1,-3.671012819E-1
2.716309375E1,4.745994508E-1,1.811978221E-1,-4.058260620E-1
2.717313375E1,3.988507986E-1,1.269679815E-1,-4.066720903E-1
2.718317475E1,3.391824067E-1,7.407574356E-2,-4.032512605E-1
2.719321475E1,2.850213945E-1,-8.474520873E-4,-3.675680757E-1
2.720325475E1,2.422017604E-1,-6.063675135E-2,-3.230107129E-1
2.721329575E1,2.044508606E-1,-8.851616085E-2,-2.700453401E-1
2.722333575E1,1.599718183E-1,-7.995703071E-2,-1.950403452E-1
2.723337675E1,1.186914742E-1,-5.453060567E-2,-1.297412217E-1
2.724341675E1,8.927925676E-2,-4.420845956E-2,-8.690854162E-2
2.725345775E1,6.349863112E-2,-3.585986793E-2,-7.277999818E-2
2.726349775E1,3.605848178E-2,1.583190169E-4,-8.465263993E-2
2.727353775E1,1.398845389E-2,5.197559297E-2,-9.053961188E-2
2.728357875E1,-9.712081403E-3,1.123816818E-1,-1.034511477E-1
2.729361875E1,-3.752859309E-2,1.750503480E-1,-1.249496266E-1
2.730365975E1,-7.634043694E-2,2.208423316E-1,-1.311912835E-1
2.731369975E1,-1.341297776E-1,2.298092991E-1,-1.264055371E-1
2.732373975E1,-2.115779668E-1,2.273951471E-1,-1.185952872E-1
2.733378075E1,-2.915314436E-1,2.196895480E-1,-1.000444591E-1
2.734382075E1,-3.618112206E-1,1.944451779E-1,-6.307525188E-2
2.735386137E1,-4.289880395E-1,1.465259194E-1,-1.178748533E-2
2.736390138E1,-4.924977720E-1,8.193494380E-2,3.864825889E-2
2.737394138E1,-5.245268345E-1,3.534879535E-2,6.762893498E-2
2.738398238E1,-5.310486555E-1,2.072084881E-2,7.127267122E-2
2.739402237E1,-5.392485261E-1,1.976552047E-2,5.849469453E-2
2.740406337E1,-5.769117475E-1,3.273244947E-2,4.628170654E-2
2.741410337E1,-6.425312161E-1,4.457569122E-2,3.821483999E-2
2.742414337E1,-7.147598863E-1,6.861444563E-2,1.131132431E-2
2.743418437E1,-7.682381272E-1,8.075186610E-2,-1.462048665E-2
2.744422438E1,-7.941155434E-1,4.463727027E-2,-2.998319641E-2
2.745426538E1,-7.984772325E-1,-3.149330616E-2,-3.225833923E-2
2.746430538E1,-7.881351113E-1,-1.405385733E-1,-3.198456764E-2
2.747434537E1,-7.682001591E-1,-2.518079877E-1,-3.741880134E-2
2.748438637E1,-7.680667639E-1,-3.306639194E-1,-4.862032458E-2
2.749442637E1,-7.833799720E-1,-3.555116653E-1,-6.684831530E-2
2.750446737E1,-7.897332311E-1,-3.548000753E-1,-8.116226643E-2
2.751450737E1,-7.718962431E-1,-3.374941349E-1,-9.021417052E-2
2.752454737E1,-7.213814259E-1,-3.128407001E-1,-9.520146996E-2
2.753458837E1,-6.657045484E-1,-2.558255494E-1,-7.925757021E-2
2.754462838E1,-6.217290759E-1,-1.635906994E-1,-7.126782089E-2
2.755466938E1,-5.938460827E-1,-2.681956440E-2,-9.852895886E-2
2.756470938E1,-5.443943739E-1,1.438611001E-1,-1.406468600E-1
2.757475038E1,-4.432073534E-1,2.887259126E-1,-2.173147202E-1
2.758479037E1,-2.602700293E-1,3.722005486E-1,-3.483739495E-1
2.759483037E1,-3.283715621E-2,4.005932510E-1,-4.542003572E-1
2.760487137E1,1.351201534E-1,2.630135417E-1,-5.181502700E-1
2.761491137E1,1.984771043E-1,-9.569626302E-2,-6.082226038E-1
2.762495237E1,1.564865112E-1,-5.761142969E-1,-6.114596725E-1
2.763499238E1,1.186768524E-3,-9.041708708E-1,-4.825358093E-1
2.764503238E1,-1.868585050E-1,-9.781877995E-1,-3.308738470E-1
2.765507338E1,-3.610605896E-1,-9.028846622E-1,-1.937645078E-1
2.766511337E1,-4.790186584E-1,-7.853889465E-1,-1.864621975E-2
2.767515437E1,-5.210249424E-1,-6.588643193E-1,1.861419380E-1
2.768519437E1,-4.629259408E-1,-5.867165923E-1,3.051125109E-1
2.769523437E1,-2.767292559E-1,-5.180218816E-1,3.605079055E-1
2.770527537E1,-3.730253875E-2,-4.422805607E-1,4.169698656E-1
2.771531537E1,1.630758941E-1,-3.093290031E-1,4.188859463E-1
2.772535637E1,3.112102449E-1,-1.035734490E-1,3.850451708E-1
2.773539638E1,4.074056149E-1,1.661112309E-1,3.585923314E-1
2.774543638E1,4.379781783E-1,4.190865159E-1,3.726508915E-1
2.775547738E1,4.129762948E-1,5.717126131E-1,4.365933239E-1
2.776551737E1,3.792726696E-1,5.847223997E-1,4.923572540E-1
2.777555837E1,3.637908697E-1,4.977588952E-1,5.344306827E-1
2.778559837E1,3.544192016E-1,3.302388787E-1,5.748156309E-1
2.779563837E1,3.519106507E-1,8.058088273E-2,5.635430813E-1
2.780567937E1,3.597150445E-1,-1.114468798E-1,5.349255204E-1
2.781571938E1,3.450309932E-1,-2.007831037E-1,5.072780252E-1
2.782576038E1,2.977654934E-1,-2.465705574E-1,4.758404791E-1
2.783580038E1,2.319078147E-1,-2.639077902E-1,4.464180470E-1
2.784584138E1,1.480688453E-1,-2.206934690E-1,4.223279059E-1
2.785588137E1,5.286182836E-2,-1.375406832E-1,4.099041522E-1
2.786592137E1,-3.007380478E-2,-5.690708756E-2,4.018086791E-1
2.787596237E1,-7.825145125E-2,-1.591731049E-2,3.793020248E-1
2.788600237E1,-9.328048676E-2,-1.630696468E-3,3.454631269E-1
2.789604337E1,-8.660631627E-2,1.370655652E-2,3.062755167E-1
2.790608337E1,-7.481357455E-2,4.621443152E-2,2.591500878E-1
2.791612338E1,-6.747218221E-2,7.560290396E-2,2.084261179E-1
2.792616438E1,-4.577008635E-2,7.135808468E-2,1.595922709E-1
2.793620438E1,-1.757661812E-2,2.366646007E-2,1.064257696E-1
2.794624538E1,1.812525210E-3,-5.909126997E-2,5.892322585E-2
2.795628537E1,9.190589190E-3,-1.609148383E-1,1.690105163E-2
2.796632537E1,7.902951911E-3,-2.442092001E-1,-1.527446043E-2
2.797636637E1,6.862436887E-3,-2.680869401E-1,-3.245690092E-2
2.798640637E1,2.021153271E-2,-2.260622531E-1,-6.179934368E-2
2.799644737E1,5.390896648E-2,-1.585169733E-1,-1.087336540E-1
2.800648738E1,8.973300457E-2,-6.010758877E-2,-1.512717903E-1
2.801652738E1,1.157383993E-1,6.715705991E-2,-1.603846848E-1
2.802656838E1,1.332864910E-1,1.776609421E-1,-1.336281747E-1
2.803660837E1,1.554973572E-1,2.357588708E-1,-1.170857251E-1
2.804664937E1,1.730949879E-1,2.153238952E-1,-1.404861212E-1
2.805668937E1,1.687996238E-1,1.540186554E-1,-1.931585371E-1
2.806673037E1,1.817596257E-1,1.256227046E-1,-2.324180603E-1
2.807677037E1,2.261181176E-1,1.561364681E-1,-2.363533229E-1
2.808681037E1,2.604449391E-1,2.287427634E-1,-2.238271534E-1
2.809685137E1,2.777405083E-1,3.100424409E-1,-2.064218819E-1
2.810689138E1,3.178341091E-1,3.516223729E-1,-1.811237037E-1
2.811693238E1,3.618052304E-1,3.492212892E-1,-1.499784142E-1
2.812697238E1,3.814468384E-1,2.987333536E-1,-1.189741492E-1
2.813701237E1,3.763123751E-1,2.183043808E-1,-8.387786150E-2
2.814705337E1,3.607102334E-1,1.658464968E-1,-3.725816682E-2
2.815709337E1,3.594049811E-1,1.567196101E-1,1.495338511E-2
2.816713437E1,3.576387763E-1,1.490060240E-1,4.421060532E-2
2.817717437E1,3.130916059E-1,6.954900175E-2,3.470124304E-2
2.818721438E1,2.363222241E-1,-2.929848619E-2,7.488531992E-3
2.819725538E1,1.462621838E-1,-2.538262121E-2,1.060745027E-2
2.820729538E1,5.377939716E-2,7.263448834E-2,1.758653112E-2
2.821733638E1,3.962717950E-3,2.675475776E-1,5.240396783E-2
2.822737637E1,1.637624390E-2,4.408195019E-1,1.001182199E-1
2.823741637E1,3.643442690E-2,4.807826877E-1,6.581215560E-2
2.824745737E1,-1.101165172E-2,3.576634228E-1,-2.543972805E-2
2.825749737E1,-9.764119238E-2,8.996772766E-2,-1.169528291E-1
2.826753837E1,-1.088773310E-1,-1.893033236E-1,-1.231673136E-1
2.827757837E1,-8.957736194E-3,-3.747154772E-1,-7.769285887E-2
2.828761838E1,1.130217016E-1,-4.631254971E-1,-7.001630217E-2
2.829765938E1,2.090497762E-1,-5.032711029E-1,-9.632850438E-2
2.830769938E1,2.796099484E-1,-4.962406158E-1,-1.353169233E-1
2.831774038E1,3.078942299E-1,-3.998242617E-1,-1.633619368E-1
2.832778037E1,2.708259523E-1,-1.975204051E-1,-1.861301064E-1
2.833782137E1,1.808260530E-1,5.111896992E-2,-2.107261568E-1
2.834786183E1,7.515395433E-2,2.611811161E-1,-2.354605347E-1
2.835790183E1,-4.625023901E-2,3.845222294E-1,-2.565479577E-1
2.836794283E1,-1.527503133E-1,4.235615134E-1,-2.963813841E-1
2.837798283E1,-2.532486916E-1,3.952910304E-1,-3.382956982E-1
2.838802383E1,-3.667888343E-1,3.301194906E-1,-3.571420908E-1
2.839806383E1,-4.856459200E-1,2.616409063E-1,-3.494330645E-1
2.840810383E1,-5.703269839E-1,1.638863683E-1,-3.229750991E-1
2.841814483E1,-6.021892428E-1,4.036309570E-2,-2.961383164E-1
2.842818483E1,-5.937983990E-1,-6.898656487E-2,-2.748671174E-1
2.843822583E1,-5.650156140E-1,-1.568318307E-1,-2.789419293E-1
2.844826583E1,-5.417641401E-1,-2.113382071E-1,-2.920172513E-1
2.845830583E1,-5.418265462E-1,-2.011215836E-1,-2.863461673E-1
2.846834683E1,-5.455573797E-1,-1.388638020E-1,-2.744423747E-1
2.847838683E1,-5.182509422E-1,-6.262819469E-2,-2.736150026E-1
2.848842783E1,-4.633370936E-1,4.737259820E-3,-2.771610022E-1
2.849846783E1,-3.958355486E-1,7.302900404E-2,-2.771245241E-1
2.850850883E1,-3.297204375E-1,1.373675168E-1,-2.573764026E-1
2.851854883E1,-2.705684602E-1,2.136710733E-1,-2.254437506E-1
2.852858883E1,-2.322679758E-1,2.808123231E-1,-1.854409426E-1
2.853862983E1,-2.381481081E-1,3.291309178E-1,-1.553676426E-1
2.854866983E1,-2.855635881E-1,3.683808744E-1,-1.370394975E-1
2.855871083E1,-3.530381918E-1,4.052039981E-1,-1.098309457E-1
2.856875083E1,-4.219059348E-1,4.413060546E-1,-5.648649484E-2
2.857879083E1,-4.623563290E-1,4.577442110E-1,3.219142091E-3
2.858883183E1,-4.545407593E-1,4.589727223E-1,5.314036459E-2
2.859887183E1,-4.064908922E-1,4.325883389E-1,8.559587598E-2
2.860891283E1,-3.585276306E-1,3.762036264E-1,8.565659076E-2
2.861895283E1,-3.376340270E-1,3.042972684E-1,4.752891883E-2
2.862899283E1,-3.552044928E-1,2.392937690E-1,1.302660443E-2
2.863903383E1,-4.056785107E-1,1.865001470E-1,-1.242209785E-2
2.864907383E1,-4.577544928E-1,1.492885947E-1,-1.277762931E-2
2.865911483E1,-4.957785308E-1,1.221408397E-1,-2.974809147E-3
2.866915483E1,-5.116554499E-1,1.058889031E-1,1.106084883E-2
2.867919483E1,-5.016589761E-1,9.542607516E-2,2.316355146E-2
2.868923583E1,-4.745333493E-1,8.674044162E-2,2.528236061E-2
2.869927583E1,-4.458457232E-1,9.538497776E-2,8.465914056E-3
2.870931683E1,-4.224338830E-1,1.255673915E-1,-1.715156622E-2
2.871935683E1,-4.137643576E-1,1.582755595E-1,-4.669937864E-2
2.872939683E1,-4.179726839E-1,1.672874391E-1,-7.814358175E-2
2.873943783E1,-4.116877615E-1,1.525699049E-1,-1.069590822E-1
2.874947783E1,-3.833112419E-1,1.362718940E-1,-1.403223574E-1
2.875951883E1,-3.406632245E-1,9.962264448E-2,-1.576971561E-1
2.876955883E1,-3.055148423E-1,5.581151694E-2,-1.452785730E-1
2.877959983E1,-2.881940305E-1,3.800198436E-2,-9.963990003E-2
2.878963983E1,-2.633605897E-1,7.518213242E-4,-6.025467068E-2
2.879967983E1,-2.329033613E-1,-8.057438582E-2,-3.291334584E-2
2.880972083E1,-2.102377266E-1,-1.655718386E-1,-3.253730759E-2
2.881976083E1,-1.893309355E-1,-1.802134216E-1,-5.173425004E-2
2.882980183E1,-1.536837220E-1,-1.019481793E-1,-6.429265440E-2
2.883984183E1,-9.482922405E-2,-1.568741165E-3,-6.252150238E-2
2.884988183E1,-3.551157564E-2,5.636726320E-2,-6.092573702E-2
2.885992283E1,3.119747341E-2,4.505346343E-2,-8.412177116E-2
2.886996283E1,1.338695288E-1,9.622504935E-3,-1.349093169E-1
2.888000383E1,2.598606050E-1,5.643375916E-4,-2.310164422E-1
2.889004383E1,3.716891110E-1,-1.097674966E-1,-2.598510385E-1
2.890008383E1,4.146014154E-1,-3.734670877E-1,-2.342302203E-1
2.891012483E1,3.707660437E-1,-6.870846748E-1,-2.099102288E-1
2.892016483E1,2.865587473E-1,-8.754139543E-1,-1.399046630E-1
2.893020583E1,1.646778733E-1,-9.019103050E-1,-3.638413548E-2
2.894024583E1,-2.044264693E-3,-8.416709304E-1,9.301246703E-2
2.895028683E1,-1.081216112E-1,-7.391638160E-1,2.024177611E-1
2.896032683E1,-6.419053674E-2,-6.414490938E-1,2.315311134E-1
2.897036683E1,6.801144779E-2,-4.985865057E-1,2.630901039E-1
2.898040783E1,2.276916355E-1,-2.865701616E-1,2.690567672E-1
2.899044783E1,3.833270669E-1,-4.848916084E-2,2.680045664E-1
2.900048883E1,4.782488048E-1,1.440059841E-1,2.659740150E-1
2.901052883E1,5.166435838E-1,2.337015122E-1,2.474506795E-1
2.902056883E1,5.222528577E-1,2.558608949E-1,2.311879098E-1
2.903060983E1,5.001856089E-1,2.614870667E-1,2.416123301E-1
2.904064983E1,4.605118036E-1,2.274179459E-1,2.732040286E-1
2.905069083E1,4.154284596E-1,1.245416328E-1,3.213590384E-1
2.906073083E1,3.819752038E-1,2.903296147E-3,3.764393032E-1
2.907077083E1,3.435292840E-1,-1.176175252E-1,4.288322031E-1
2.908081183E1,3.097501099E-1,-2.314378917E-1,4.477588534E-1
2.909085183E1,3.010314703E-1,-3.013560176E-1,4.387997091E-1
2.910089283E1,3.030713499E-1,-3.146212399E-1,4.206228554E-1
2.911093283E1,2.941146195E-1,-2.818704844E-1,3.945252299E-1
2.912097283E1,2.456490099E-1,-2.328258753E-1,3.401019871E-1
2.913101383E1,1.798079461E-1,-1.981608421E-1,2.601943612E-1
2.914105383E1,1.327551007E-1,-1.407794803E-1,2.186471075E-1
2.915109483E1,1.130133495E-1,-8.690212667E-2,2.300196141E-1
2.916113483E1,1.249473840E-1,-4.597934708E-2,2.636090517E-1
2.917117583E1,1.521880627E-1,-7.067100145E-3,3.024384677E-1
2.918121583E1,1.870738864E-1,1.920961961E-2,3.462365568E-1
2.919125583E1,2.417962551E-1,2.933202870E-2,3.991932273E-1
2.920129683E1,3.206339180E-1,2.786663920E-2,4.392457902E-1
2.921133683E1,3.977007568E-1,3.594613820E-2,4.291044772E-1
2.922137783E1,4.477224648E-1,6.669234484E-2,3.707327247E-1
2.923141783E1,4.750033617E-1,6.084803119E-2,2.901015282E-1
2.924145783E1,5.061836243E-1,-2.087489888E-2,2.129746377E-1
2.925149883E1,5.669245124E-1,-1.321963519E-1,1.480885893E-1
2.926153883E1,6.460955143E-1,-2.120514661E-1,8.419681340E-2
2.927157983E1,7.247629166E-1,-2.425864637E-1,1.497673243E-2
2.928161983E1,7.589993477E-1,-2.277278006E-1,-2.008853853E-2
2.929165983E1,7.331051230E-1,-1.892682910E-1,-1.780834049E-2
2.930170083E1,7.000305653E-1,-1.609697044E-1,9.499594569E-3
2.931174083E1,6.807729602E-1,-1.221687719E-1,4.615694284E-2
2.932178183E1,6.894613504E-1,-7.352394611E-2,7.485540211E-2
2.933182183E1,7.050855756E-1,-6.477812678E-2,7.705996931E-2
2.934186183E1,6.787790656E-1,-1.199653223E-1,5.141682178E-2
2.935190321E1,5.984317660E-1,-1.928920001E-1,1.299859397E-2
2.936194321E1,5.126183033E-1,-2.280786335E-1,-2.410058118E-2
2.937198421E1,4.482465088E-1,-1.934495568E-1,-5.543773249E-2
2.938202421E1,4.040964246E-1,-9.516233951E-2,-7.302527875E-2
2.939206521E1,3.734777868E-1,5.027741194E-2,-7.450865954E-2
2.940210521E1,3.543804586E-1,2.112791836E-1,-7.673874497E-2
2.941214521E1,3.573972881E-1,3.089942932E-1,-1.165271699E-1
2.942218621E1,3.697938323E-1,3.545649052E-1,-1.839298308E-1
2.943222621E1,3.764988780E-1,3.947813213E-1,-2.380242199E-1
2.944226721E1,3.702659607E-1,4.422941506E-1,-2.686421573E-1
2.945230721E1,3.507734835E-1,5.257315040E-1,-2.374187112E-1
2.946234721E1,3.662177324E-1,6.154072285E-1,-1.698803008E-1
2.947238821E1,4.246242940E-1,6.087455750E-1,-1.159275845E-1
2.948242821E1,4.457756281E-1,4.353515506E-1,-6.766190380E-2
2.949246921E1,3.975745440E-1,1.235489026E-1,-3.205810860E-2
2.950250921E1,3.501820266E-1,-2.023430765E-1,3.825732693E-2
2.951254921E1,3.613995314E-1,-4.607376158E-1,1.460053623E-1
2.952259021E1,3.970326185E-1,-6.123952866E-1,2.175461203E-1
2.953263021E1,4.435444772E-1,-6.204780340E-1,2.282349914E-1
2.954267121E1,5.057059526E-1,-4.661180377E-1,1.684156805E-1
2.955271121E1,5.776914358E-1,-2.283041477E-1,1.022329330E-1
2.956275121E1,6.182854772E-1,-1.801913790E-2,4.012336582E-2
2.957279221E1,5.954762697E-1,1.168678403E-1,-5.548250396E-3
2.958283221E1,4.971373975E-1,1.812355965E-1,-4.470254853E-2
2.959287321E1,3.228803575E-1,1.911952794E-1,-1.018641070E-1
2.960291321E1,1.090584621E-1,1.840151846E-1,-1.782426834E-1
2.961295321E1,-7.745948434E-2,1.714040488E-1,-2.499743849E-1
2.962299421E1,-2.010169029E-1,1.492424458E-1,-3.132309616E-1
2.963303421E1,-2.678566277E-1,7.203474641E-2,-3.929409683E-1
2.964307521E1,-3.092783988E-1,-2.092864551E-2,-4.488887787E-1
2.965311521E1,-3.373582363E-1,-7.586752623E-2,-4.603592753E-1
2.966315621E1,-3.656042218E-1,-8.292175829E-2,-4.517982900E-1
2.967319621E1,-4.015321434E-1,-6.735451519E-2,-4.319606721E-1
2.968323621E1,-4.472259283E-1,-4.123114794E-2,-4.148659706E-1
2.969327721E1,-4.827780426E-1,-2.015968412E-2,-3.886093199E-1
2.970331721E1,-4.980978668E-1,5.186151713E-3,-3.477170169E-1
2.971335821E1,-4.837695360E-1,4.073988274E-2,-3.069069982E-1
2.972339821E1,-4.466625452E-1,1.013112590E-1,-2.829003930E-1
2.973343821E1,-4.090621769E-1,1.795775592E-1,-2.638188601E-1
2.974347921E1,-3.910538554E-1,2.608590424E-1,-2.358770967E-1
2.975351921E1,-3.918676972E-1,3.264788091E-1,-2.048938721E-1
2.976356021E1,-4.091319442E-1,3.611236513E-1,-1.786016822E-1
2.977360021E1,-4.324231446E-1,3.646374345E-1,-1.581557840E-1
2.978364021E1,-4.430307150E-1,3.062730730E-1,-1.294037998E-1
2.979368121E1,-4.353597462E-1,2.103904933E-1,-9.783763438E-2
2.980372121E1,-4.371873736E-1,1.170625687E-1,-6.083944812E-2
2.981376221E1,-4.452264011E-1,2.893617004E-2,-4.325219989E-2
2.982380221E1,-4.377228320E-1,-3.876585141E-2,-4.425320029E-2
2.983384221E1,-4.237111509E-1,-7.787836343E-2,-4.498264194E-2
2.984388321E1,-4.116317034E-1,-9.996572882E-2,-4.371531308E-2
2.985392321E1,-4.158006310E-1,-1.231035367E-1,-3.777593374E-2
2.986396421E1,-4.431495667E-1,-1.406342238E-1,-2.235374786E-2
2.987400421E1,-4.812524915E-1,-1.461970359E-1,2.872779034E-3
2.988404521E1,-5.155368447E-1,-1.398524344E-1,2.516084537E-2
2.989408521E1,-5.366160274E-1,-1.171202138E-1,4.717054218E-2
2.990412521E1,-5.591438413E-1,-9.844521433E-2,5.100570247E-2
2.991416621E1,-5.807202458E-1,-9.308613837E-2,3.761346266E-2
2.992420621E1,-5.986037850E-1,-9.257890284E-2,3.207426518E-2
2.993424721E1,-6.206310391E-1,-1.042366177E-1,4.487980530E-2
2.994428721E1,-6.286136508E-1,-1.207675114E-1,6.127322465E-2
2.995432721E1,-6.157769561E-1,-1.521824151E-1,6.403572112E-2
2.996436821E1,-6.084551215E-1,-1.848705411E-1,5.560438707E-2
2.997440821E1,-5.940666199E-1,-1.787785590E-1,4.503616691E-2
2.998444921E1,-5.738569498E-1,-1.574760377E-1,2.177239768E-2
2.999448921E1,-5.302932262E-1,-1.019557863E-1,-1.073068287E-2
3.000452921E1,-4.847410917E-1,-1.142675430E-2,-3.552367911E-2
3.001457021E1,-4.491964281E-1,6.989073753E-2,-6.178377569E-2
3.002461021E1,-4.280832112E-1,1.241994053E-1,-9.429761767E-2
3.003465121E1,-4.138057232E-1,1.771917939E-1,-1.495861709E-1
3.004469121E1,-3.586499691E-1,2.065019459E-1,-2.274297327E-1
3.005473121E1,-2.336284220E-1,2.168129086E-1,-3.440335989E-1
3.006477221E1,-5.866728723E-2,2.027525902E-1,-4.914442003E-1
3.007481221E1,3.983265534E-2,2.078066207E-2,-5.782589912E-1
3.008485321E1,4.278676957E-2,-4.003920555E-1,-6.177561283E-1
3.009489321E1,3.193492070E-2,-7.918692827E-1,-6.142532825E-1
3.010493421E1,-4.348023981E-2,-9.959424734E-1,-4.870926440E-1
3.011497421E1,-1.941701472E-1,-1.085320473E0,-3.165225089E-1
3.012501421E1,-3.399268389E-1,-1.111286163E0,-1.535548866E-1
3.013505521E1,-4.423301816E-1,-1.016154289E0,6.954022101E-4
3.014509521E1,-4.486153126E-1,-8.351885676E-1,1.555067301E-1
3.015513621E1,-3.316008151E-1,-6.548662186E-1,2.644084394E-1
3.016517621E1,-1.297163367E-1,-4.696030915E-1,3.174210191E-1
3.017521621E1,8.723515272E-2,-2.318392843E-1,3.683939278E-1
3.018525721E1,2.488842160E-1,3.921176866E-2,4.195302129E-1
3.019529721E1,3.537874520E-1,2.879941463E-1,4.534903169E-1
3.020533821E1,4.248643219E-1,4.349321425E-1,4.874453247E-1
3.021537821E1,4.656476974E-1,4.637033343E-1,5.106654167E-1
3.022541821E1,4.815498292E-1,4.382633269E-1,5.263826847E-1
3.023545921E1,4.657724500E-1,3.707391620E-1,5.746711493E-1
3.024549921E1,4.145433307E-1,2.605432272E-1,5.948018432E-1
3.025554021E1,3.694243133E-1,5.909480900E-2,5.408715010E-1
3.026558021E1,3.423888683E-1,-1.140394062E-1,4.970906377E-1
3.027562021E1,3.078157306E-1,-1.918114424E-1,4.701570272E-1
3.028566121E1,2.633095682E-1,-1.655343920E-1,4.449301958E-1
3.029570121E1,2.237363458E-1,-1.047991440E-1,4.236720502E-1
3.030574221E1,2.017539591E-1,-2.775624394E-2,4.052595496E-1
3.031578221E1,1.913782805E-1,2.871262282E-2,3.961848319E-1
3.032582321E1,1.821368486E-1,5.100248381E-2,3.864358068E-1
3.033586321E1,1.681142449E-1,6.604241580E-2,3.673715591E-1
3.034590321E1,1.566879600E-1,1.112717912E-1,3.313829303E-1
3.035594346E1,1.562954038E-1,1.822359860E-1,2.784797847E-1
3.036598346E1,1.698472500E-1,2.206890434E-1,2.232072800E-1
3.037602446E1,1.950567365E-1,1.751242131E-1,1.729305238E-1
3.038606446E1,2.283369601E-1,5.738103017E-2,1.073022187E-1
3.039610446E1,2.542279661E-1,-9.324122965E-2,1.170326304E-2
3.040614546E1,2.722203135E-1,-2.404263914E-1,-8.070564270E-2
3.041618546E1,2.834295630E-1,-3.246443272E-1,-1.383284628E-1
3.042622646E1,2.933209240E-1,-3.445482850E-1,-1.756825596E-1
3.043626646E1,2.880638540E-1,-3.110169768E-1,-1.998387575E-1
3.044630646E1,2.649397254E-1,-2.414918542E-1,-2.104877383E-1
3.045634746E1,2.435343117E-1,-1.510852575E-1,-2.054578364E-1
3.046638746E1,2.230944484E-1,-3.988342360E-2,-1.946734339E-1
3.047642846E1,2.036483139E-1,7.699659467E-2,-1.820961237E-1
3.048646846E1,1.828739643E-1,1.636314094E-1,-1.785349250E-1
3.049650946E1,1.611865163E-1,2.134109586E-1,-1.741905063E-1
3.050654946E1,1.522388905E-1,2.208571434E-1,-1.429556310E-1
3.051658946E1,1.779644936E-1,2.051625997E-1,-1.168526560E-1
3.052663046E1,2.412187755E-1,2.025750726E-1,-1.022405326E-1
3.053667046E1,3.268183768E-1,2.256367207E-1,-8.577926457E-2
3.054671146E1,4.224789739E-1,2.431474775E-1,-9.307692945E-2
3.055675146E1,5.120850205E-1,2.243892401E-1,-1.166565567E-1
3.056679146E1,5.879818201E-1,1.804714799E-1,-1.393394470E-1
3.057683246E1,6.455218196E-1,1.207096055E-1,-1.666403115E-1
3.058687246E1,7.053143978E-1,5.908396095E-2,-1.960830837E-1
3.059691346E1,7.613763213E-1,1.351913810E-2,-1.968127787E-1
3.060695346E1,7.870730758E-1,5.049499124E-2,-1.341903657E-1
3.061699346E1,8.089533448E-1,1.767719686E-1,-3.070338443E-2
3.062703446E1,8.307811022E-1,3.282981515E-1,6.093483418E-2
3.063707446E1,8.476306796E-1,4.475238919E-1,1.121788397E-1
3.064711546E1,7.920977473E-1,5.305836797E-1,1.412466317E-1
3.065715546E1,6.478177905E-1,6.527585983E-1,2.058336139E-1
3.066719646E1,5.051836967E-1,8.693709373E-1,2.909151912E-1
3.067723646E1,4.456205070E-1,1.070054412E0,3.629435897E-1
3.068727646E1,4.040114284E-1,9.339905381E-1,2.714257240E-1
3.069731746E1,2.911117971E-1,3.847441971E-1,2.717630751E-2
3.070735746E1,1.859181374E-1,-2.621082067E-1,-3.219668940E-2
3.071739846E1,1.828741431E-1,-6.520624161E-1,6.528671831E-2
3.072743846E1,2.382993251E-1,-7.000009418E-1,1.285191029E-1
3.073747846E1,3.238179386E-1,-5.585833192E-1,1.253299713E-1
3.074751946E1,4.194990098E-1,-3.897597194E-1,9.017191827E-2
3.075755946E1,4.889683723E-1,-2.264147252E-1,7.135269046E-2
3.076760046E1,4.972974658E-1,-5.043801293E-2,5.954475328E-2
3.077764046E1,4.268174469E-1,1.323366016E-1,3.394111991E-2
3.078768046E1,2.964728475E-1,3.161701858E-1,-3.180359676E-2
3.079772146E1,1.283048987E-1,4.781106114E-1,-1.378096640E-1
3.080776146E1,-3.505910188E-2,5.374636054E-1,-2.598321736E-1
3.081780246E1,-1.437642723E-1,4.365454912E-1,-3.700862229E-1
3.082784246E1,-2.293620110E-1,2.335067838E-1,-4.443633854E-1
3.083788246E1,-3.302699924E-1,8.343259245E-2,-4.549678266E-1
3.084792346E1,-4.238182306E-1,5.663396325E-3,-4.267224073E-1
3.085796346E1,-4.706555307E-1,-6.237237900E-2,-3.856817484E-1
3.086800446E1,-4.702187479E-1,-1.348040849E-1,-3.445890546E-1
3.087804446E1,-4.522759616E-1,-1.754921228E-1,-3.069780469E-1
3.088808546E1,-4.465347230E-1,-1.860587448E-1,-2.748797536E-1
3.089812546E1,-4.526778162E-1,-1.541415602E-1,-2.502396703E-1
3.090816546E1,-4.586673975E-1,-1.081581414E-1,-2.383415252E-1
3.091820646E1,-4.576016068E-1,-4.978378117E-2,-2.459299266E-1
3.092824646E1,-4.544316530E-1,1.767855883E-2,-2.718046606E-1
3.093828746E1,-4.529594779E-1,1.053532884E-1,-2.841814160E-1
3.094832746E1,-4.477787614E-1,2.075030357E-1,-2.855027914E-1
3.095836746E1,-4.477697015E-1,3.050431609E-1,-2.767777443E-1
3.096840846E1,-4.580606520E-1,3.782491386E-1,-2.701531649E-1
3.097844846E1,-4.782583416E-1,4.091442227E-1,-2.640177608E-1
3.098848946E1,-5.203126669E-1,4.085139036E-1,-2.342880219E-1
3.099852946E1,-5.839545131E-1,3.896163702E-1,-1.987127215E-1
3.100856946E1,-6.524579525E-1,3.508250415E-1,-1.773680151E-1
3.101861046E1,-6.966024637E-1,3.029557765E-1,-1.668471992E-1
3.102865046E1,-7.093996406E-1,2.527865469E-1,-1.581161022E-1
3.103869146E1,-6.975288987E-1,1.778749973E-1,-1.536481231E-1
3.104873146E1,-6.869481206E-1,9.425456822E-2,-1.625808924E-1
3.105877146E1,-6.774579883E-1,2.796902321E-2,-1.715307236E-1
3.106881246E1,-6.707025766E-1,-1.361831464E-2,-1.693220288E-1
3.107885246E1,-6.673736572E-1,-3.446234390E-2,-1.533758193E-1
3.108889346E1,-6.609243155E-1,-3.345461190E-2,-1.321599633E-1
3.109893346E1,-6.484591365E-1,-3.385221958E-2,-1.020132452E-1
3.110897446E1,-6.339159012E-1,-4.618015140E-2,-6.531143188E-2
3.111901446E1,-6.106140018E-1,-6.547554582E-2,-3.086956590E-2
3.112905446E1,-5.699766278E-1,-8.261433244E-2,6.175318267E-3
3.113909546E1,-5.254325867E-1,-8.304203302E-2,4.370671511E-2
3.114913546E1,-4.845179319E-1,-6.581596285E-2,7.462093234E-2
3.115917646E1,-4.577664733E-1,-4.885775223E-2,8.651008457E-2
3.116921646E1,-4.449426532E-1,-4.224225134E-2,7.749706507E-2
3.117925646E1,-4.497544467E-1,-4.141161218E-2,5.991487950E-2
3.118929746E1,-4.673136473E-1,-3.715778887E-2,6.439041346E-2
3.119933746E1,-4.803647399E-1,-1.424688287E-2,8.285064995E-2
3.120937846E1,-4.683828950E-1,-1.401747763E-2,1.089405566E-1
3.121941846E1,-4.225368500E-1,-8.909225464E-2,1.313369572E-1
3.122945846E1,-3.672930300E-1,-2.268898040E-1,1.192991883E-1
3.123949946E1,-3.238241076E-1,-3.226418793E-1,7.446514070E-2
3.124953946E1,-2.983878553E-1,-3.322404325E-1,1.892044768E-2
3.125958046E1,-2.951766253E-1,-2.486270517E-1,-2.022721991E-2
3.126962046E1,-3.089357018E-1,-9.559840709E-2,-3.623236343E-2
3.127966046E1,-2.974146008E-1,6.424931437E-2,-6.224292517E-2
3.128970146E1,-2.436767966E-1,1.854501963E-1,-8.331543952E-2
3.129974146E1,-2.032888830E-1,1.639819145E-1,-1.014925838E-1
3.130978246E1,-1.814643294E-1,5.241550133E-2,-1.572479755E-1
3.131982246E1,-1.470552236E-1,-7.420076430E-2,-2.390312552E-1
3.132986246E1,-5.942514539E-2,-1.941514015E-1,-3.172842860E-1
3.133990346E1,4.922623560E-2,-3.574993014E-1,-3.932525814E-1
3.134994425E1,1.164515987E-1,-5.525513887E-1,-4.947827756E-1
3.135998525E1,1.398927569E-1,-7.711910605E-1,-5.289671421E-1
3.137002525E1,8.559513092E-2,-9.857314825E-1,-4.345059693E-1
3.138006625E1,-3.284523264E-2,-1.073119760E0,-2.964948416E-1
3.139010625E1,-1.556621790E-1,-1.074172735E0,-1.439193189E-1
3.140014625E1,-2.425009310E-1,-1.017040253E0,-3.785375971E-3
3.141018725E1,-2.565100789E-1,-8.840092421E-1,1.635022312E-1
3.142022725E1,-1.941028833E-1,-6.710655093E-1,2.915560603E-1
3.143026825E1,-6.046517938E-2,-4.005294740E-1,3.423951268E-1
3.144030825E1,1.164840311E-1,-1.019966006E-1,3.797395825E-1
3.145034825E1,2.904707491E-1,2.080361545E-1,4.028948247E-1
3.146038925E1,4.090424180E-1,4.792079926E-1,4.085303247E-1
3.147042925E1,4.743838310E-1,6.486583948E-1,3.914244473E-1
3.148047025E1,4.958521128E-1,6.821737885E-1,3.767070174E-1
3.149051025E1,4.825081825E-1,6.362414956E-1,3.680711389E-1
3.150055025E1,4.493550062E-1,5.171784759E-1,3.935024738E-1
3.151059125E1,3.999637663E-1,2.816306949E-1,4.182357788E-1
3.152063125E1,3.727567494E-1,1.758035645E-2,4.369827509E-1
3.153067225E1,3.512568176E-1,-1.654009372E-1,4.189032316E-1
3.154071225E1,3.237895072E-1,-2.530024052E-1,3.851979971E-1
3.155075225E1,2.887425721E-1,-2.842800319E-1,3.511208594E-1
3.156079325E1,2.406600118E-1,-2.860430479E-1,3.213829398E-1
3.157083325E1,1.721895039E-1,-2.707996964E-1,2.944910228E-1
3.158087425E1,1.072523296E-1,-2.420676351E-1,2.796934545E-1
3.159091425E1,6.256727874E-2,-2.065543830E-1,2.916130424E-1
3.160095525E1,4.784852266E-2,-1.460870355E-1,3.082404733E-1
3.161099525E1,6.792835891E-2,-5.655470118E-2,3.080526590E-1
3.162103525E1,1.074624583E-1,4.810672998E-2,2.736840248E-1
3.163107625E1,1.440192163E-1,1.273673475E-1,2.172578573E-1
3.164111625E1,1.763449311E-1,1.664987653E-1,1.809235513E-1
3.165115725E1,2.135005444E-1,1.874441952E-1,1.408319473E-1
3.166119725E1,2.582781315E-1,1.848566681E-1,9.501252323E-2
3.167123725E1,2.996301353E-1,1.101718470E-1,6.068541110E-2
3.168127825E1,3.370400965E-1,-2.335132472E-2,2.077634633E-2
3.169131825E1,3.725291491E-1,-1.572444588E-1,-3.362007067E-2
3.170135925E1,3.858428299E-1,-2.418251187E-1,-7.678245008E-2
3.171139925E1,3.923057616E-1,-2.531826496E-1,-1.005679220E-1
3.172143925E1,4.050612152E-1,-1.951513141E-1,-1.151383445E-1
3.173148025E1,4.269128442E-1,-1.101588085E-1,-1.333331168E-1
3.174152025E1,4.381604493E-1,-1.894181408E-2,-1.233246922E-1
3.175156125E1,4.409366548E-1,5.910887569E-2,-8.993697912E-2
3.176160125E1,4.531387389E-1,1.019769832E-1,-4.554661363E-2
3.177164125E1,4.889299572E-1,1.087852418E-1,3.186471295E-3
3.178168225E1,5.354514122E-1,8.671828359E-2,2.513890900E-2
3.179172225E1,5.631704926E-1,3.681497276E-2,2.195651084E-2
3.180176325E1,5.560998321E-1,-2.667878196E-2,5.015344825E-3
3.181180325E1,5.281120539E-1,-9.172601253E-2,-1.729259640E-2
3.182184325E1,5.136241913E-1,-1.527286470E-1,-4.801455513E-2
3.183188425E1,5.164865255E-1,-1.825150400E-1,-8.383034915E-2
3.184192425E1,5.226360559E-1,-1.338218153E-1,-1.210986227E-1
3.185196525E1,5.186501741E-1,-5.958357453E-2,-1.630760729E-1
3.186200525E1,5.228989720E-1,5.244895443E-2,-1.725353599E-1
3.187204525E1,5.483999848E-1,1.822325587E-1,-1.297838688E-1
3.188208625E1,5.579261184E-1,3.109540641E-1,-7.310328633E-2
3.189212625E1,5.396233797E-1,3.705877662E-1,-3.426722810E-2
3.190216725E1,4.672783315E-1,4.386203587E-1,2.855906263E-3
3.191220725E1,3.862370849E-1,6.231411099E-1,5.719567835E-2
3.192224725E1,3.886624277E-1,8.557349443E-1,1.520252675E-1
3.193228825E1,4.734133482E-1,8.953060508E-1,2.322763801E-1
3.194232825E1,4.676803648E-1,6.344004273E-1,1.867195368E-1
3.195236925E1,3.352073133E-1,2.148316801E-1,1.312000602E-1
3.196240925E1,1.974420100E-1,-1.722886115E-1,1.511484683E-1
3.197245025E1,1.086125597E-1,-3.462950587E-1,2.225448638E-1
3.198249025E1,7.795638591E-2,-3.180618286E-1,2.233289033E-1
3.199253025E1,1.375428587E-1,-2.199153900E-1,1.744091064E-1
3.200257125E1,2.513277531E-1,-1.566075236E-1,1.271877885E-1
3.201261125E1,3.475697339E-1,-1.132855266E-1,1.044597700E-1
3.202265225E1,3.538332283E-1,-7.236738503E-2,7.826305181E-2
3.203269225E1,2.162718028E-1,-1.600249484E-2,2.268027887E-2
3.204273225E1,-3.083944321E-2,4.981912673E-2,-8.039817214E-2
3.205277325E1,-2.793181539E-1,1.113104597E-1,-2.335747182E-1
3.206281325E1,-4.516052306E-1,1.576598436E-1,-3.902897835E-1
3.207285425E1,-5.466756225E-1,1.464541554E-1,-5.098255277E-1
3.208289425E1,-6.025815010E-1,1.010507271E-1,-5.583792329E-1
3.209293425E1,-6.301900148E-1,8.877158165E-2,-5.559942126E-1
3.210297525E1,-6.522939801E-1,5.965657160E-2,-5.073131919E-1
3.211301525E1,-6.647971272E-1,1.156410202E-2,-4.601475298E-1
3.212305625E1,-6.679263711E-1,-3.959681839E-2,-4.309952557E-1
3.213309625E1,-6.735290885E-1,-6.907188147E-2,-4.108371139E-1
3.214313625E1,-6.729085445E-1,-5.982485786E-2,-4.040303528E-1
3.215317725E1,-6.467452049E-1,-1.515699364E-2,-4.026081860E-1
3.216321725E1,-6.097746491E-1,2.653798833E-2,-3.920591176E-1
3.217325825E1,-5.782492757E-1,4.793696478E-2,-3.858975172E-1
3.218329825E1,-5.543562174E-1,6.868006289E-2,-3.857028484E-1
3.219333825E1,-5.323319435E-1,1.137967184E-1,-3.742743433E-1
3.220337925E1,-5.130701065E-1,1.916678101E-1,-3.430104256E-1
3.221341925E1,-5.030460358E-1,2.936173975E-1,-2.917526960E-1
3.222346025E1,-5.191048980E-1,3.855814338E-1,-2.397797704E-1
3.223350025E1,-5.535615087E-1,4.393520355E-1,-1.814879030E-1
3.224354025E1,-5.994065404E-1,4.306781292E-1,-1.305472255E-1
3.225358125E1,-6.374734640E-1,3.980790973E-1,-7.121026516E-2
3.226362125E1,-6.624669433E-1,3.589665890E-1,-7.293866482E-3
3.227366225E1,-6.736831069E-1,3.240945041E-1,4.894943908E-2
3.228370225E1,-6.662837863E-1,2.833619714E-1,7.529450208E-2
3.229374225E1,-6.469433904E-1,2.160073966E-1,8.585631102E-2
3.230378325E1,-6.136142015E-1,1.451404244E-1,8.642516285E-2
3.231382325E1,-5.707281232E-1,8.562485874E-2,8.731421083E-2
3.232386425E1,-5.332169533E-1,3.989757970E-2,9.442459047E-2
3.233390425E1,-5.160428882E-1,-1.555059338E-3,9.753866494E-2
3.234394525E1,-5.064456463E-1,-3.453857824E-2,8.522208035E-2
3.235398462E1,-4.921705723E-1,-5.368708074E-2,7.911200076E-2
3.236402462E1,-4.713917971E-1,-7.862625271E-2,9.237720817E-2
3.237406562E1,-4.539665282E-1,-9.432404488E-2,1.156322211E-1
3.238410563E1,-4.385170043E-1,-8.408365399E-2,1.349750161E-1
3.239414662E1,-4.076721370E-1,-4.897839203E-2,1.500850767E-1
3.240418663E1,-3.717349172E-1,-1.195485890E-2,1.554430872E-1
3.241422662E1,-3.408784568E-1,3.232488036E-2,1.422106326E-1
3.242426762E1,-3.265179098E-1,7.791820168E-2,1.147393361E-1
3.243430762E1,-3.071407080E-1,1.112144217E-1,9.632221609E-2
3.244434862E1,-2.647543848E-1,1.232255474E-1,8.267644793E-2
3.245438862E1,-1.966460496E-1,1.034450158E-1,5.319666862E-2
3.246442862E1,-1.283037364E-1,4.705391079E-2,1.520667691E-2
3.247446962E1,-9.013191611E-2,-4.926126450E-2,-2.874831669E-3
3.248450963E1,-7.558625937E-2,-1.856020540E-1,1.146176364E-2
3.249455063E1,-9.351018071E-2,-3.423230350E-1,4.497168958E-2
3.250459063E1,-1.371537894E-1,-4.205912054E-1,9.577441216E-2
3.251463062E1,-2.162904739E-1,-3.307632506E-1,1.562232524E-1
3.252467162E1,-3.308055997E-1,8.231998654E-4,2.195750624E-1
3.253471162E1,-3.081606030E-1,3.996748030E-1,2.608022988E-1
3.254475262E1,-1.299013793E-1,5.773113966E-1,1.866218448E-1
3.255479262E1,2.238623425E-2,2.980700135E-1,-2.731831186E-2
3.256483263E1,9.006354958E-2,-2.272515595E-1,-2.200214565E-1
3.257487363E1,1.328428239E-1,-5.928189158E-1,-3.377313614E-1
3.258491363E1,1.796276420E-1,-6.248924136E-1,-4.878207445E-1
3.259495463E1,1.944715381E-1,-5.387409329E-1,-5.936066508E-1
3.260499462E1,7.778940350E-2,-4.718388915E-1,-6.048553586E-1
3.261503462E1,-8.562728763E-2,-3.695076406E-1,-5.406704545E-1
3.262507562E1,-1.737608761E-1,-2.009268552E-1,-4.073869586E-1
3.263511562E1,-2.272865623E-1,-7.888776064E-2,-2.776960135E-1
3.264515662E1,-3.219656646E-1,-1.418206543E-1,-1.657132953E-1
3.265519662E1,-3.700278401E-1,-3.494327962E-1,-8.852284402E-2
3.266523663E1,-3.555002809E-1,-5.265727043E-1,-3.177673742E-2
3.267527763E1,-3.017129302E-1,-5.746357441E-1,3.659405559E-2
3.268531763E1,-2.940390408E-1,-5.020294785E-1,9.809336066E-2
3.269535863E1,-3.675566018E-1,-3.831338286E-1,1.343766302E-1
3.270539862E1,-4.526595175E-1,-2.313088924E-1,1.354733258E-1
3.271543862E1,-4.889244437E-1,-1.565767080E-2,1.217694506E-1
3.272547962E1,-4.639133811E-1,1.913168281E-1,1.270741969E-1
3.273551962E1,-3.931236863E-1,3.162825108E-1,1.321338117E-1
3.274556062E1,-3.075171709E-1,3.523076177E-1,1.460219324E-1
3.275560063E1,-2.208757102E-1,3.325937688E-1,1.668405235E-1
3.276564163E1,-1.532284915E-1,2.640581131E-1,2.004674524E-1
3.277568163E1,-1.486702710E-1,1.757130921E-1,2.506165206E-1
3.278572162E1,-1.940806210E-1,9.551252425E-2,3.086382747E-1
3.279576262E1,-2.635054886E-1,3.329976648E-2,3.728315234E-1
3.280580262E1,-3.348702192E-1,-1.312312577E-2,4.233492911E-1
3.281584362E1,-3.862301409E-1,-5.449709669E-2,4.543258846E-1
3.282588362E1,-4.017233551E-1,-1.038231030E-1,4.543181360E-1
3.283592362E1,-3.954833746E-1,-1.631577313E-1,4.442913830E-1
3.284596462E1,-3.927112818E-1,-1.935814172E-1,4.278530180E-1
3.285600463E1,-3.907483518E-1,-1.864394844E-1,3.903573453E-1
3.286604563E1,-3.853762150E-1,-1.414176822E-1,3.451153040E-1
3.287608563E1,-3.803528845E-1,-8.420343697E-2,3.104881942E-1
3.288612562E1,-3.895919323E-1,-4.205758125E-2,2.524445951E-1
3.289616662E1,-4.072165787E-1,-9.070449509E-3,1.803350300E-1
3.290620662E1,-4.303927422E-1,7.265114225E-3,1.001427248E-1
3.291624762E1,-4.445314407E-1,2.192714810E-2,3.108722530E-2
3.292628762E1,-4.188370109E-1,2.823377959E-2,-4.892879631E-3
3.293632763E1,-3.595341146E-1,3.552089259E-2,-8.915936574E-3
3.294636863E1,-3.173147738E-1,1.740447059E-2,-4.724601656E-2
3.295640863E1,-3.072408438E-1,-1.093103271E-2,-1.177154928E-1
3.296644963E1,-2.970129848E-1,-2.266944759E-2,-1.508060694E-1
3.297648962E1,-2.726669014E-1,-3.610019386E-2,-1.453418136E-1
3.298652962E1,-2.341493219E-1,-7.882821560E-2,-1.479985714E-1
3.299657062E1,-1.793073565E-1,-1.668652892E-1,-1.668891907E-1
3.300661062E1,-8.147160709E-2,-2.779100537E-1,-1.820705384E-1
3.301665162E1,6.348086149E-2,-3.678745925E-1,-1.969218254E-1
3.302669162E1,2.413677722E-1,-4.059223831E-1,-2.032439113E-1
3.303673163E1,4.389582574E-1,-3.734025061E-1,-2.010612786E-1
3.304677263E1,6.105702519E-1,-2.797167599E-1,-1.869246811E-1
3.305681263E1,7.474984527E-1,-2.218995094E-1,-2.004888058E-1
3.306685363E1,8.799630404E-1,-2.242542803E-1,-2.196963131E-1
3.307689362E1,1.017836094E0,-2.573898733E-1,-2.113285661E-1
3.308693462E1,1.146552801E0,-2.748908401E-1,-1.921522021E-1
3.309697462E1,1.270807266E0,-2.612942755E-1,-1.827735901E-1
3.310701462E1,1.426732063E0,-2.483446598E-1,-1.715917736E-1
3.311705562E1,1.618771791E0,-2.429820597E-1,-1.350677311E-1
3.312709563E1,1.829520345E0,-2.016023844E-1,-6.746098399E-2
3.313713663E1,1.986063480E0,-7.546234876E-2,3.055104427E-2
3.314717663E1,2.028093338E0,1.725905836E-1,1.688482016E-1
3.315721662E1,2.005465508E0,5.074442625E-1,3.422588706E-1
3.316725762E1,1.968744874E0,7.482182384E-1,4.703313410E-1
3.317729762E1,1.917098045E0,7.697004080E-1,5.323441625E-1
3.318733862E1,1.796613216E0,6.115142107E-1,5.412777066E-1
3.319737862E1,1.645201683E0,3.232470155E-1,4.520145059E-1
3.320741863E1,1.565054417E0,-7.829456776E-2,3.138838112E-1
3.321745962E1,1.596346259E0,-4.639324844E-1,2.165769637E-1
3.322749963E1,1.689919114E0,-6.580703259E-1,1.719421148E-1
3.323754063E1,1.790317535E0,-6.659338474E-1,1.545582265E-1
3.324758063E1,1.870241404E0,-5.279645324E-1,1.760467440E-1
3.325762062E1,1.913242102E0,-2.927590013E-1,2.127364576E-1
3.326766162E1,1.893883348E0,-4.084685445E-2,2.624121308E-1
3.327770162E1,1.843997002E0,1.593184620E-1,3.090928197E-1
3.328774262E1,1.788335323E0,2.849176526E-1,3.350032270E-1
3.329778262E1,1.730611444E0,3.297234774E-1,3.159701228E-1
3.330782362E1,1.673366547E0,3.135431707E-1,2.303729057E-1
3.331786363E1,1.616373897E0,2.625563443E-1,8.192173392E-2
3.332790363E1,1.548780799E0,1.964329779E-1,-6.183383241E-2
3.333794463E1,1.473528624E0,1.145296916E-1,-1.304850876E-1
3.334798462E1,1.385194302E0,2.301574871E-2,-1.200414971E-1
3.335802496E1,1.286936164E0,-6.050493196E-2,-7.951494306E-2
3.336806596E1,1.192938209E0,-1.310182363E-1,-4.005274922E-2
3.337810596E1,1.133619070E0,-1.803501546E-1,-8.478536271E-3
3.338814696E1,1.113016129E0,-1.932457089E-1,1.611948386E-2
3.339818696E1,1.127369046E0,-1.886001974E-1,1.679002866E-2
3.340822796E1,1.165797710E0,-1.762572378E-1,-4.269184079E-3
3.341826796E1,1.190206528E0,-1.714236736E-1,-4.005603492E-2
3.342830796E1,1.180115581E0,-1.633481830E-1,-8.548397571E-2
3.343834896E1,1.141305447E0,-1.248386875E-1,-1.306266040E-1
3.344838896E1,1.098704457E0,-6.948275864E-2,-1.696954519E-1
3.345842996E1,1.064900279E0,4.175045528E-3,-1.906918734E-1
3.346846996E1,1.041007519E0,8.497002721E-2,-2.032279074E-1
3.347850996E1,1.017317891E0,1.715958863E-1,-2.069024295E-1
3.348855096E1,9.934508801E-1,2.671327889E-1,-1.960260868E-1
3.349859096E1,9.612519741E-1,3.478567302E-1,-1.747732759E-1
3.350863196E1,9.213024378E-1,4.020352960E-1,-1.437828839E-1
3.351867196E1,8.936998248E-1,4.457173944E-1,-1.063268334E-1
3.352871196E1,8.798106313E-1,4.507768750E-1,-7.871118933E-2
3.353875296E1,8.613715768E-1,4.257623255E-1,-5.704524368E-2
3.354879296E1,8.318858743E-1,4.072565734E-1,-5.121345446E-2
3.355883396E1,7.952358723E-1,4.143033326E-1,-4.519905895E-2
3.356887396E1,7.482686639E-1,4.471728802E-1,-3.572166711E-2
3.357891396E1,7.017466426E-1,4.671287537E-1,-1.940432377E-2
3.358895496E1,6.826078296E-1,4.671074450E-1,1.120205410E-2
3.359899496E1,6.828197241E-1,4.266474247E-1,4.095412418E-2
3.360903596E1,6.867009997E-1,3.457834721E-1,7.099618018E-2
3.361907596E1,6.997323036E-1,2.466320097E-1,9.877342731E-2
3.362911696E1,7.199182510E-1,1.572347581E-1,1.224233657E-1
3.363915696E1,7.416766286E-1,9.907452017E-2,1.231274083E-1
3.364919696E1,7.450948358E-1,7.592073083E-2,1.198637038E-1
3.365923796E1,7.243825197E-1,7.353106141E-2,1.259046495E-1
3.366927796E1,7.071289420E-1,9.009725600E-2,1.324906498E-1
3.367931896E1,7.045412064E-1,1.157087237E-1,1.393460929E-1
3.368935896E1,7.139331102E-1,1.511205137E-1,1.450601667E-1
3.369939896E1,7.083637118E-1,1.805378944E-1,1.550126672E-1
3.370943996E1,6.914315820E-1,1.742432415E-1,1.598689407E-1
3.371947996E1,6.739802957E-1,1.302781850E-1,1.492206156E-1
3.372952096E1,6.468980908E-1,5.796084180E-2,1.191886663E-1
3.373956096E1,6.177169681E-1,-2.101637423E-2,8.780374378E-2
3.374960096E1,5.875361562E-1,-9.208655357E-2,5.689004064E-2
3.375964196E1,5.558246970E-1,-1.499479860E-1,2.994892374E-2
3.376968196E1,5.285563469E-1,-2.013597786E-1,1.947311312E-2
3.377972296E1,5.145390034E-1,-2.365505248E-1,1.594884321E-2
3.378976296E1,4.964998066E-1,-2.519326806E-1,2.101364173E-2
3.379980296E1,4.609472454E-1,-2.801443338E-1,3.013449907E-2
3.380984396E1,4.061356783E-1,-3.234531879E-1,3.028283641E-2
3.381988396E1,3.345103860E-1,-3.847521842E-1,1.853607595E-2
3.382992496E1,2.411647439E-1,-4.120163023E-1,2.022080123E-3
3.383996496E1,1.667510718E-1,-3.537504375E-1,-5.029634573E-3
3.385000596E1,1.483174711E-1,-2.242749929E-1,7.222237997E-3
3.386004596E1,2.133400887E-1,-1.797658019E-2,-1.311148982E-2
3.387008596E1,3.714191914E-1,2.696626484E-1,-9.726045281E-2
3.388012696E1,5.812084079E-1,5.225765109E-1,-1.911160201E-1
3.389016696E1,7.565488219E-1,5.237832069E-1,-1.799336672E-1
3.390020796E1,8.248999715E-1,1.781948358E-1,2.733575925E-2
3.391024796E1,7.221232653E-1,-3.730345070E-1,3.009974062E-1
3.392028796E1,5.384331942E-1,-8.423134089E-1,4.901316762E-1
3.393032896E1,4.231028855E-1,-1.111634970E0,6.183455586E-1
3.394036896E1,3.374123275E-1,-1.206100941E0,7.026872635E-1
3.395040996E1,2.709257007E-1,-1.176238060E0,7.562650442E-1
3.396044996E1,2.380082756E-1,-1.052929044E0,7.767102122E-1
3.397048996E1,2.432919890E-1,-8.497720957E-1,7.435948849E-1
3.398053096E1,2.611267269E-1,-6.042103767E-1,6.560694575E-1
3.399057096E1,2.787984014E-1,-3.463404477E-1,5.836181641E-1
3.400061196E1,2.830998302E-1,-9.297396243E-2,5.474240780E-1
3.401065196E1,2.802396119E-1,1.648160368E-1,5.272277594E-1
3.402069196E1,2.947043777E-1,4.023348987E-1,5.206696391E-1
3.403073296E1,3.433177173E-1,5.488880873E-1,5.136490464E-1
3.404077296E1,4.045745134E-1,5.854215622E-1,5.091387630E-1
3.405081396E1,4.597650766E-1,4.973686635E-1,5.002387762E-1
3.406085396E1,4.677543342E-1,3.589791656E-1,4.997411370E-1
3.407089496E1,4.306048453E-1,2.200335264E-1,5.161222816E-1
3.408093496E1,3.804159760E-1,2.308077551E-2,5.398529172E-1
3.409097496E1,3.119505942E-1,-1.729885787E-1,5.630656481E-1
3.410101596E1,2.472626418E-1,-3.180682957E-1,5.829694271E-1
3.411105596E1,2.047282308E-1,-3.886551261E-1,6.101539135E-1
3.412109696E1,1.908612549E-1,-4.285816848E-1,6.248349547E-1
3.413113696E1,1.968035698E-1,-4.627681375E-1,6.114938259E-1
3.414117696E1,1.961583793E-1,-4.594770670E-1,5.693717003E-1
3.415121796E1,1.869228035E-1,-3.819271624E-1,5.109952092E-1
3.416125796E1,1.835193634E-1,-2.648706436E-1,4.686660469E-1
3.417129896E1,1.984426528E-1,-1.357033402E-1,4.609090686E-1
3.418133896E1,2.193758488E-1,-2.114156261E-3,4.609473050E-1
3.419137896E1,2.395077497E-1,1.317533702E-1,4.504835010E-1
3.420141996E1,2.646896243E-1,2.566809058E-1,4.324399829E-1
3.421145996E1,2.926275134E-1,3.646161556E-1,4.032624066E-1
3.422150096E1,3.153505921E-1,4.302878380E-1,3.768652976E-1
3.423154096E1,3.230274320E-1,4.289368391E-1,3.448562324E-1
3.424158196E1,3.213291466E-1,3.657891452E-1,3.041688502E-1
3.425162196E1,3.127327263E-1,2.822492421E-1,2.593052387E-1
3.426166196E1,2.957808077E-1,2.049260587E-1,2.203818709E-1
3.427170296E1,2.950178087E-1,1.186990216E-1,1.757145375E-1
3.428174296E1,3.258363605E-1,1.365251094E-2,1.300545335E-1
3.429178396E1,3.675175011E-1,-8.067212254E-2,7.834446430E-2
3.430182396E1,4.132432938E-1,-1.419350654E-1,2.372804657E-2
3.431186396E1,4.391177595E-1,-1.599859744E-1,-2.697134949E-2
3.432190496E1,4.474521279E-1,-1.376551539E-1,-5.349150300E-2
3.433194496E1,4.575180709E-1,-9.615591168E-2,-3.710027784E-2
3.434198596E1,4.759756923E-1,-6.064734235E-2,-1.487857313E-3
3.435202596E1,5.106231570E-1,-9.944221005E-3,2.895340510E-2
3.436206588E1,5.521323085E-1,6.793311238E-2,4.099194705E-2
3.437210688E1,5.785066485E-1,1.653185189E-1,3.833171725E-2
3.438214687E1,5.806660056E-1,2.556968331E-1,4.585560411E-3
3.439218787E1,5.620198846E-1,3.308722973E-1,-2.291797101E-2
3.440222787E1,5.412307978E-1,3.726998270E-1,-2.780330367E-2
3.441226787E1,5.266984701E-1,3.978200853E-1,-7.844241336E-3
3.442230887E1,5.176274776E-1,4.018847048E-1,1.986263506E-2
3.443234888E1,5.130603909E-1,3.506723642E-1,4.906952009E-2
3.444238988E1,4.930688143E-1,2.581824660E-1,7.312571257E-2
3.445242988E1,4.694063663E-1,1.891160309E-1,7.944619656E-2
3.446247088E1,4.641631544E-1,2.331469357E-1,1.129009575E-1
3.447251087E1,4.923154414E-1,3.275804818E-1,1.393762380E-1
3.448255087E1,4.542904496E-1,3.771904111E-1,1.676138937E-1
3.449259187E1,3.090331256E-1,3.426638544E-1,2.003590614E-1
3.450263187E1,1.321600527E-1,2.432979494E-1,2.366549075E-1
3.451267287E1,1.233938336E-2,1.257769167E-1,2.779157758E-1
3.452271287E1,-4.642358050E-3,-8.825607598E-2,2.975559831E-1
3.453275288E1,6.523579359E-2,-3.570409119E-1,2.939040065E-1
3.454279388E1,1.856799275E-1,-6.117511392E-1,2.519474924E-1
3.455283388E1,3.078598976E-1,-8.208643794E-1,1.955800802E-1
3.456287488E1,3.932664692E-1,-9.228202105E-1,1.253342479E-1
3.457291487E1,4.471222460E-1,-9.127146006E-1,4.526711255E-2
3.458295587E1,4.956153929E-1,-8.144106269E-1,-2.869081683E-3
3.459299587E1,5.358523130E-1,-6.642360091E-1,-3.969607130E-2
3.460303587E1,5.615514517E-1,-4.832782745E-1,-8.398931473E-2
3.461307687E1,5.823134184E-1,-2.656647265E-1,-1.316801459E-1
3.462311688E1,5.736931562E-1,-4.862750880E-3,-1.609307677E-1
3.463315788E1,5.319422483E-1,2.379080802E-1,-2.038345635E-1
3.464319788E1,4.902235866E-1,4.240896106E-1,-2.494045645E-1
3.465323787E1,4.499408901E-1,4.995944798E-1,-2.856395245E-1
3.466327887E1,3.930523396E-1,4.660357833E-1,-3.031533360E-1
3.467331887E1,3.381206691E-1,3.387148380E-1,-3.172520995E-1
3.468335987E1,2.750472128E-1,1.663658917E-1,-3.507815897E-1
3.469339987E1,2.046417594E-1,7.517121267E-3,-3.791351914E-1
3.470343987E1,1.521645337E-1,-9.809773415E-2,-3.944213688E-1
3.471348087E1,1.404279917E-1,-1.704678088E-1,-3.839897811E-1
3.472352088E1,1.555202901E-1,-2.267718613E-1,-3.584888875E-1
3.473356188E1,1.787888557E-1,-2.617884278E-1,-3.376853466E-1
3.474360188E1,1.915597618E-1,-2.684908807E-1,-3.318933845E-1
3.475364187E1,1.928010583E-1,-2.428124100E-1,-3.318435848E-1
3.476368287E1,1.823619008E-1,-1.784961075E-1,-3.340858817E-1
3.477372287E1,1.661051661E-1,-7.425199449E-2,-3.376204371E-1
3.478376387E1,1.647582650E-1,6.237749383E-2,-3.481571972E-1
3.479380387E1,1.793124527E-1,2.132879198E-1,-3.588820100E-1
3.480384487E1,2.057954073E-1,3.462728560E-1,-3.589518666E-1
3.481388488E1,2.331743091E-1,4.308998585E-1,-3.428346813E-1
3.482392488E1,2.426393777E-1,4.645301998E-1,-3.097677827E-1
3.483396588E1,2.360203564E-1,4.617719650E-1,-2.738396227E-1
3.484400587E1,2.125330567E-1,4.343139231E-1,-2.361173630E-1
3.485404687E1,1.807431728E-1,3.703615665E-1,-2.043059021E-1
3.486408687E1,1.502164602E-1,3.011385500E-1,-1.691600531E-1
3.487412687E1,1.240205467E-1,2.370466590E-1,-1.298185140E-1
3.488416787E1,1.027934253E-1,1.863710135E-1,-7.690930367E-2
3.489420787E1,8.464051783E-2,1.296872348E-1,-2.800833434E-2
3.490424887E1,7.196485996E-2,5.271473899E-2,9.662522003E-3
3.491428888E1,5.164228007E-2,-2.863790654E-2,5.604706332E-2
3.492432988E1,1.007017959E-2,-9.492621571E-2,1.075862199E-1
3.493436988E1,-4.650761187E-2,-1.329665333E-1,1.569993049E-1
3.494440987E1,-1.101579443E-1,-1.579682678E-1,2.027699947E-1
3.495445087E1,-1.576839089E-1,-1.789715439E-1,2.269784063E-1
3.496449087E1,-1.758582741E-1,-1.894412786E-1,2.289149910E-1
3.497453187E1,-1.750784963E-1,-1.873727888E-1,2.139706612E-1
3.498457187E1,-1.675629318E-1,-1.648949683E-1,1.930834055E-1
3.499461188E1,-1.549893469E-1,-1.468664408E-1,1.776245832E-1
3.500465288E1,-1.371442676E-1,-1.339706182E-1,1.818682998E-1
3.501469288E1,-1.358883232E-1,-1.399190575E-1,1.986592710E-1
3.502473388E1,-1.511920393E-1,-1.662391275E-1,1.987177879E-1
3.503477387E1,-1.727189124E-1,-1.769319922E-1,1.494706124E-1
3.504481387E1,-1.705854535E-1,-1.734330654E-1,1.142568290E-1
3.505485487E1,-1.424195915E-1,-1.830177903E-1,1.008153260E-1
3.506489487E1,-1.349501014E-1,-1.985004395E-1,6.807422638E-2
3.507493587E1,-1.392553747E-1,-2.059985697E-1,4.732473940E-2
3.508497587E1,-1.422985047E-1,-1.975988597E-1,2.598214522E-2
3.509501687E1,-1.542329341E-1,-1.975064427E-1,-7.692460902E-3
3.510505688E1,-1.295410097E-1,-1.486823410E-1,-1.172287613E-1
3.511509688E1,-4.911248386E-2,-1.547954232E-2,-2.761667371E-1
3.512513788E1,1.556686684E-2,1.579675972E-1,-4.424400032E-1
3.513517787E1,5.874389783E-2,1.890091449E-1,-5.557113886E-1
3.514521887E1,1.551975012E-1,-1.473285723E-3,-5.735800266E-1
3.515525887E1,2.885006666E-1,-3.274284899E-1,-5.038400888E-1
3.516529887E1,3.962431550E-1,-6.794170737E-1,-3.590845168E-1
3.517533987E1,4.172163308E-1,-9.398465157E-1,-2.049160004E-1
3.518537988E1,3.721256554E-1,-1.021529675E0,-8.514916897E-2
3.519542088E1,3.239743710E-1,-9.368440509E-1,2.676751092E-2
3.520546088E1,2.883994877E-1,-7.648471594E-1,1.459729373E-1
3.521550087E1,2.659676671E-1,-5.618663430E-1,2.759469151E-1
3.522554187E1,2.746420205E-1,-3.313987851E-1,3.928909004E-1
3.523558187E1,3.205155134E-1,-7.233446836E-2,4.643999636E-1
3.524562287E1,4.067848921E-1,1.859429032E-1,4.768120050E-1
3.525566287E1,5.324892402E-1,4.132396877E-1,4.531290531E-1
3.526570387E1,6.499277949E-1,5.898663402E-1,4.142996073E-1
3.527574387E1,7.084845901E-1,6.780300140E-1,3.440784514E-1
3.528578388E1,7.545311451E-1,6.367608905E-1,2.899862230E-1
3.529582488E1,8.367317319E-1,4.820706248E-1,2.829815745E-1
3.530586488E1,9.480621219E-1,2.529576123E-1,3.025591671E-1
3.531590588E1,1.023549199E0,2.864435129E-2,3.313828409E-1
3.532594587E1,1.059806705E0,-1.816021502E-1,3.795353770E-1
3.533598587E1,1.072489738E0,-2.966786921E-1,4.617607296E-1
3.534602687E1,1.078335166E0,-3.343397975E-1,5.435113311E-1
3.535606696E1,1.085271716E0,-3.066477180E-1,5.854356289E-1
3.536610796E1,1.097457647E0,-2.260744423E-1,6.095533967E-1
3.537614796E1,1.119459629E0,-1.546047926E-1,6.294205785E-1
3.538618896E1,1.156733751E0,-9.778614342E-2,6.398384571E-1
3.539622896E1,1.210581303E0,-4.260890186E-2,6.415714025E-1
3.540626896E1,1.273564219E0,1.525609940E-2,6.317923665E-1
3.541630996E1,1.327628851E0,7.632052153E-2,6.047948599E-1
3.542634996E1,1.368357778E0,1.771419942E-1,5.727232695E-1
3.543639096E1,1.389201999E0,2.853113413E-1,5.491441488E-1
3.544643096E1,1.394804358E0,3.612383306E-1,5.294538736E-1
3.545647096E1,1.400233507E0,3.971214890E-1,5.080750585E-1
3.546651196E1,1.420484900E0,3.906168342E-1,4.880088866E-1
3.547655196E1,1.451260567E0,3.631676435E-1,4.732309878E-1
3.548659296E1,1.468019009E0,3.028396368E-1,4.378136694E-1
3.549663296E1,1.465805173E0,2.269573808E-1,3.931332827E-1
3.550667296E1,1.463276267E0,1.412851512E-1,3.162981570E-1
3.551671396E1,1.467016697E0,7.916824520E-2,2.388023138E-1
3.552675396E1,1.464580894E0,5.329734460E-2,1.905696243E-1
3.553679496E1,1.451106906E0,6.435212493E-2,1.654964983E-1
3.554683496E1,1.441492915E0,7.544033974E-2,1.504135877E-1
3.555687596E1,1.434864879E0,6.303613633E-2,1.408882588E-1
3.556691596E1,1.430718541E0,-4.113860428E-3,1.179240942E-1
3.557695596E1,1.421711802E0,-7.910981029E-2,9.841696918E-2
3.558699696E1,1.425039411E0,-1.095862314E-1,1.072470471E-1
3.559703696E1,1.452308297E0,-8.903674781E-2,1.142618135E-1
3.560707796E1,1.462817550E0,-3.815918416E-2,1.118626297E-1
3.561711796E1,1.438702583E0,2.917112038E-2,1.051061898E-1
3.562715796E1,1.402473450E0,1.242076755E-1,1.800142676E-1
3.563719896E1,1.393099427E0,1.549296379E-1,2.742374539E-1
3.564723896E1,1.399563432E0,5.824879184E-2,3.181280792E-1
3.565727996E1,1.384868979E0,-9.132418782E-2,3.334726691E-1
3.566731996E1,1.384582877E0,-2.348535508E-1,3.244929016E-1
3.567736096E1,1.421389103E0,-2.905223966E-1,3.312008679E-1
3.568740096E1,1.492900491E0,-2.177539319E-1,3.250136077E-1
3.569744096E1,1.581942677E0,-6.964861602E-2,2.915672362E-1
3.570748196E1,1.675348878E0,2.932638861E-3,2.484684736E-1
3.571752196E1,1.696775079E0,1.468410343E-2,3.283505440E-1
3.572756296E1,1.630305052E0,2.486291900E-2,4.422954619E-1
3.573760296E1,1.551157713E0,4.287600890E-2,4.996176064E-1
3.574764296E1,1.485886216E0,4.535738006E-2,5.396611691E-1
3.575768396E1,1.469784021E0,3.556653112E-2,5.356589556E-1
3.576772396E1,1.536550641E0,4.630365968E-2,5.077179670E-1
3.577776496E1,1.718274117E0,-4.550748691E-2,4.449464977E-1
3.578780496E1,1.928387523E0,-2.649037540E-1,3.776316941E-1
3.579784496E1,2.060484648E0,-5.111377835E-1,3.011017442E-1
3.580788596E1,2.068208933E0,-6.272180080E-1,2.321401089E-1
3.581792596E1,1.964849353E0,-5.814084411E-1,1.532593966E-1
3.582796696E1,1.788878322E0,-3.781876862E-1,5.347197503E-2
3.583800696E1,1.577369809E0,-7.217852026E-2,-5.227363110E-2
3.584804796E1,1.362771273E0,1.933001876E-1,-1.382803023E-1
3.585808796E1,1.201594591E0,3.344306648E-1,-2.260498405E-1
3.586812796E1,1.125404119E0,3.289044201E-1,-3.041851223E-1
3.587816896E1,1.090873480E0,2.908667624E-1,-3.195132315E-1
3.588820896E1,1.083321452E0,2.307223380E-1,-3.203628957E-1
3.589824996E1,1.095721960E0,1.687138230E-1,-3.030084074E-1
3.590828996E1,1.113335729E0,1.277535707E-1,-2.936433852E-1
3.591832996E1,1.128049612E0,1.429897696E-1,-3.033239841E-1
3.592837096E1,1.138341546E0,1.902492642E-1,-3.042442203E-1
3.593841096E1,1.119970083E0,2.249816805E-1,-2.760852873E-1
3.594845196E1,1.063336372E0,2.279189825E-1,-2.396411151E-1
3.595849196E1,9.898685217E-1,1.941940486E-1,-1.845256686E-1
3.596853196E1,9.337665439E-1,1.261950284E-1,-1.231625527E-1
3.597857296E1,8.979384899E-1,5.834168568E-2,-7.610981911E-2
3.598861296E1,8.861657977E-1,1.654799655E-2,-6.052544340E-2
3.599865396E1,9.059157968E-1,2.787415497E-2,-8.097852021E-2
3.600869396E1,9.305336475E-1,9.755912423E-2,-1.171794459E-1
3.601873396E1,9.606987238E-1,2.017315924E-1,-1.543742120E-1
3.602877496E1,9.989734888E-1,2.925256789E-1,-1.877165288E-1
3.603881496E1,1.019091606E0,3.341423869E-1,-2.036619335E-1
3.604885596E1,1.002789855E0,3.162534833E-1,-1.914501637E-1
3.605889596E1,9.563816190E-1,2.386934459E-1,-1.444001049E-1
3.606893696E1,9.098828435E-1,1.239897683E-1,-9.592375904E-2
3.607897696E1,8.871101737E-1,2.027615160E-2,-5.224445090E-2
3.608901696E1,8.948444724E-1,-4.200437665E-2,-2.445305930E-3
3.609905796E1,9.070239067E-1,-3.906318173E-2,2.383583225E-2
3.610909796E1,9.176968336E-1,5.885602906E-3,3.462971747E-2
3.611913896E1,9.171988368E-1,5.785905570E-2,4.198989645E-2
3.612917896E1,8.755327463E-1,7.927651703E-2,5.852394551E-2
3.613921896E1,8.093158603E-1,7.128597796E-2,7.930618525E-2
3.614925996E1,7.480175495E-1,1.282777451E-2,1.101543978E-1
3.615929996E1,6.965586543E-1,-5.927438289E-2,1.375346184E-1
3.616934096E1,6.476639509E-1,-1.242125332E-1,1.599778086E-1
3.617938096E1,5.916600823E-1,-1.564964354E-1,1.787973046E-1
3.618942096E1,5.109940171E-1,-1.701079607E-1,1.837209612E-1
3.619946196E1,4.159620106E-1,-1.847566813E-1,1.606657207E-1
3.620950196E1,3.311989307E-1,-1.973799467E-1,1.119474322E-1
3.621954296E1,2.541787028E-1,-2.321848124E-1,5.886690691E-2
3.622958296E1,2.030271441E-1,-2.788283229E-1,1.169072464E-2
3.623962296E1,1.644547135E-1,-2.970635295E-1,-2.785508521E-2
3.624966396E1,1.372960210E-1,-2.503260970E-1,-5.754384771E-2
3.625970396E1,1.171287075E-1,-1.239170358E-1,-6.430587918E-2
3.626974496E1,8.025062829E-2,-1.248101937E-3,-4.210885987E-2
3.627978496E1,3.168815002E-2,1.471461914E-2,-4.858158063E-3
3.628982596E1,6.301575340E-3,-5.757443607E-2,2.355576679E-2
3.629986596E1,-3.521227743E-3,-1.486814469E-1,5.206331238E-2
3.630990596E1,8.672406897E-3,-2.036887705E-1,7.485193014E-2
3.631994696E1,6.009005755E-2,-1.494593471E-1,6.281843781E-2
3.632998696E1,1.506202668E-1,1.187350485E-3,-1.240109187E-2
3.634002796E1,2.560745180E-1,1.197432950E-1,-1.305444986E-1
3.635006796E1,3.654042482E-1,1.024236903E-1,-2.232903093E-1
3.636010725E1,4.641174972E-1,-9.358868748E-2,-2.263449579E-1
3.637014825E1,4.988206327E-1,-4.577032924E-1,-1.194246486E-1
3.638018825E1,4.643745124E-1,-8.231278658E-1,1.935693994E-2
3.639022925E1,3.903054297E-1,-1.041284561E0,1.589311659E-1
3.640026925E1,2.977919877E-1,-1.100203514E0,2.879559994E-1
3.641030925E1,2.089965791E-1,-1.013282537E0,3.967190981E-1
3.642035025E1,1.266436577E-1,-8.537232280E-1,4.826374948E-1
3.643039025E1,5.780833215E-2,-6.720328927E-1,5.285165906E-1
3.644043125E1,3.214531019E-2,-4.731765091E-1,5.094726086E-1
3.645047125E1,6.122494861E-2,-2.469767034E-1,4.784712493E-1
3.646051125E1,1.099829078E-1,1.463440154E-2,4.611050487E-1
3.647055225E1,1.719252765E-1,2.731178701E-1,4.409545660E-1
3.648059225E1,2.509615123E-1,4.575183392E-1,4.288632870E-1
3.649063325E1,3.280612528E-1,5.357997417E-1,4.176049232E-1
3.650067325E1,3.887211382E-1,4.877254367E-1,4.203642309E-1
3.651071325E1,4.417642355E-1,3.191949427E-1,4.528138638E-1
3.652075425E1,4.998581707E-1,9.583481401E-2,4.928390384E-1
3.653079425E1,5.457493663E-1,-8.133856952E-2,5.422981381E-1
3.654083525E1,5.715101361E-1,-1.810627580E-1,5.857976675E-1
3.655087525E1,5.947335958E-1,-2.346157432E-1,6.361629367E-1
3.656091525E1,6.108630300E-1,-2.518474460E-1,6.828542352E-1
3.657095625E1,5.968337655E-1,-2.517372668E-1,7.062637210E-1
3.658099625E1,5.731667876E-1,-2.557000518E-1,6.895350814E-1
3.659103725E1,5.411319137E-1,-2.398560047E-1,6.405537724E-1
3.660107725E1,5.088645220E-1,-2.013115287E-1,5.937673450E-1
3.661111725E1,5.036928058E-1,-1.248426288E-1,5.528275967E-1
3.662115825E1,5.208845735E-1,-2.288830467E-2,5.211730003E-1
3.663119825E1,5.364056230E-1,8.652180433E-2,4.925589561E-1
3.664123925E1,5.408315063E-1,1.793894321E-1,4.581703842E-1
3.665127925E1,5.339576602E-1,2.575569451E-1,4.254885912E-1
3.666131925E1,5.202344656E-1,3.197079301E-1,4.024716318E-1
3.667136025E1,4.871538281E-1,3.692857325E-1,3.966591060E-1
3.668140025E1,4.504970014E-1,4.058099389E-1,3.974229097E-1
3.669144125E1,4.191347361E-1,4.334105253E-1,4.036789834E-1
3.670148125E1,3.933998048E-1,4.362377226E-1,4.090348482E-1
3.671152125E1,3.704406917E-1,3.818085790E-1,3.958677948E-1
3.672156225E1,3.434578180E-1,2.804532051E-1,3.693648279E-1
3.673160225E1,3.101117909E-1,1.729223132E-1,3.299418092E-1
3.674164325E1,2.808617651E-1,7.929808646E-2,2.843562067E-1
3.675168325E1,2.677470446E-1,1.775030605E-2,2.232887149E-1
3.676172325E1,2.715857327E-1,-1.387419924E-2,1.583850831E-1
3.677176425E1,2.939037681E-1,-3.046638891E-2,1.034044176E-1
3.678180425E1,3.320881426E-1,-4.174274579E-2,5.098648369E-2
3.679184525E1,3.960102201E-1,-4.264603183E-2,6.295150612E-3
3.680188525E1,4.637892544E-1,-7.431314886E-2,-2.476183511E-2
3.681192625E1,4.954226315E-1,-1.335721761E-1,-4.351213202E-2
3.682196625E1,4.783912003E-1,-1.600072384E-1,-2.807804756E-2
3.683200625E1,4.275827408E-1,-1.274399757E-1,4.555326421E-3
3.684204725E1,3.840387464E-1,-5.945505574E-2,4.012157395E-2
3.685208725E1,3.550993502E-1,-1.654908992E-2,5.449552089E-2
3.686212825E1,3.359043598E-1,-3.078021109E-4,5.799571425E-2
3.687216825E1,3.195022643E-1,4.702248424E-2,6.651380658E-2
3.688220825E1,3.095292449E-1,1.048471704E-1,7.637070119E-2
3.689224925E1,3.149976730E-1,1.232172921E-1,6.407160312E-2
3.690228925E1,3.381085992E-1,1.498366594E-1,5.487810448E-2
3.691233025E1,3.605797291E-1,1.795044690E-1,5.470358580E-2
3.692237025E1,3.943853676E-1,1.736601740E-1,7.467196137E-2
3.693241025E1,4.034364522E-1,1.317026019E-1,1.140643358E-1
3.694245125E1,3.578071892E-1,1.071370691E-1,1.454952210E-1
3.695249125E1,3.039570749E-1,1.677347273E-1,1.519975811E-1
3.696253225E1,2.833444774E-1,2.811358571E-1,1.853462160E-1
3.697257225E1,2.471404225E-1,2.798339427E-1,2.901722193E-1
3.698261225E1,1.171565875E-1,1.066712216E-1,4.619008303E-1
3.699265325E1,-7.547710836E-2,-1.732947528E-1,5.646584034E-1
3.700269325E1,-1.785100251E-1,-4.633918107E-1,5.291227698E-1
3.701273425E1,-1.206904501E-1,-7.525340319E-1,4.329798818E-1
3.702277425E1,2.726572007E-2,-9.548141360E-1,3.250693977E-1
3.703281425E1,1.981825680E-1,-1.041733623E0,2.211460918E-1
3.704285525E1,3.700749576E-1,-1.029668450E0,1.030034721E-1
3.705289525E1,5.207870603E-1,-9.056135416E-1,-1.965976693E-2
3.706293625E1,6.145747900E-1,-6.808485985E-1,-1.114322990E-1
3.707297625E1,6.392997503E-1,-4.125340879E-1,-1.786199510E-1
3.708301625E1,6.025649309E-1,-1.831317693E-1,-2.398524135E-1
3.709305725E1,5.271164179E-1,-1.957055181E-2,-2.960645258E-1
3.710309725E1,4.369588196E-1,1.114023775E-1,-3.496678174E-1
3.711313825E1,3.492234349E-1,2.380019128E-1,-3.984638751E-1
3.712317825E1,2.750788927E-1,3.289677799E-1,-4.408433139E-1
3.713321825E1,2.129740715E-1,3.472168446E-1,-4.666928053E-1
3.714325925E1,1.492094845E-1,2.858940959E-1,-4.765416980E-1
3.715329925E1,7.805807143E-2,1.513634324E-1,-4.868521094E-1
3.716334025E1,-2.723985538E-2,3.743687272E-2,-4.494011402E-1
3.717338025E1,-1.730690300E-1,-5.680638552E-2,-4.016252160E-1
3.718342025E1,-3.087349832E-1,-1.263873279E-1,-3.891299069E-1
3.719346125E1,-4.001677036E-1,-1.907795370E-1,-4.280172586E-1
3.720350125E1,-4.314659834E-1,-2.224104255E-1,-4.830767810E-1
3.721354225E1,-4.126169384E-1,-2.126137316E-1,-5.118668675E-1
3.722358225E1,-3.482280970E-1,-1.616767794E-1,-5.058891177E-1
3.723362225E1,-2.535582185E-1,-1.020907164E-1,-4.849558175E-1
3.724366325E1,-1.521181613E-1,-3.617108986E-2,-4.680223763E-1
3.725370325E1,-5.594161898E-2,4.124097899E-2,-4.689855874E-1
3.726374425E1,1.468061935E-2,1.395086944E-1,-4.549057186E-1
3.727378425E1,5.126860365E-2,2.411032617E-1,-4.285464883E-1
3.728382425E1,4.799131677E-2,3.425942063E-1,-3.872507215E-1
3.729386525E1,3.137972951E-2,4.433419704E-1,-3.337685168E-1
3.730390525E1,8.778014220E-3,5.302542448E-1,-2.675426304E-1
3.731394625E1,-8.331412449E-3,5.602068305E-1,-1.957486272E-1
3.732398625E1,-3.764357418E-3,5.113109350E-1,-1.448742598E-1
3.733402625E1,1.649050228E-2,4.262283146E-1,-1.084692106E-1
3.734406725E1,3.651401028E-2,3.342384696E-1,-9.543862939E-2
3.735410800E1,4.871557653E-2,2.602728307E-1,-9.038516879E-2
3.736414900E1,5.219872296E-2,1.928266734E-1,-9.041925520E-2
3.737418900E1,5.933748186E-2,1.300616562E-1,-7.767397165E-2
3.738422900E1,6.773789227E-2,8.323316276E-2,-4.620499164E-2
3.739427000E1,5.762404948E-2,4.806985334E-2,-1.607319107E-3
3.740431000E1,1.168079115E-2,2.423589304E-2,4.901244864E-2
3.741435100E1,-6.814405322E-2,1.673426107E-2,1.019024476E-1
3.742439100E1,-1.600532085E-1,1.182632148E-2,1.406951100E-1
3.743443100E1,-2.379851639E-1,1.902403869E-2,1.440897882E-1
3.744447200E1,-2.941248417E-1,5.410266295E-2,1.031668559E-1
3.745451200E1,-3.367593288E-1,8.526761085E-2,5.361804739E-2
3.746455300E1,-3.555988073E-1,6.887106597E-2,9.260166436E-3
3.747459300E1,-3.578942418E-1,1.658682153E-2,-3.615962341E-2
3.748463300E1,-3.253136575E-1,-4.427279904E-2,-8.953203261E-2
3.749467400E1,-2.753655314E-1,-8.866204321E-2,-1.416246593E-1
3.750471400E1,-2.652737498E-1,-1.102618799E-1,-1.813345253E-1
3.751475500E1,-3.164259195E-1,-9.089910984E-2,-1.858401746E-1
3.752479500E1,-4.175783694E-1,-4.501150921E-2,-1.656275690E-1
3.753483500E1,-5.256156921E-1,-8.851645514E-3,-1.423617899E-1
3.754487600E1,-5.967910290E-1,-2.430497436E-3,-1.247420385E-1
3.755491600E1,-5.934435725E-1,-1.842729561E-2,-1.278444529E-1
3.756495700E1,-5.340031385E-1,-5.230483413E-2,-1.383911073E-1
3.757499700E1,-4.835861027E-1,-7.593140006E-2,-1.805953681E-1
3.758503700E1,-4.179889858E-1,-1.061793119E-1,-2.509792447E-1
3.759507800E1,-3.014359772E-1,-1.685610414E-1,-3.563367128E-1
3.760511800E1,-1.376763582E-1,-3.172112107E-1,-4.353007674E-1
3.761515900E1,2.421856672E-2,-5.428918600E-1,-4.388146996E-1
3.762519900E1,1.079842970E-1,-7.706041336E-1,-3.485788107E-1
3.763523900E1,1.227567047E-1,-8.987801075E-1,-2.721720934E-1
3.764528000E1,1.207737178E-1,-9.019332528E-1,-2.350436300E-1
3.765532000E1,1.198280305E-1,-7.699201107E-1,-2.187967449E-1
3.766536100E1,1.191513166E-1,-5.536269546E-1,-1.890130192E-1
3.767540100E1,1.058819667E-1,-3.010355532E-1,-1.417458355E-1
3.768544100E1,9.764879942E-2,-5.992574245E-2,-7.418570668E-2
3.769548200E1,1.097498387E-1,1.342221051E-1,3.524722904E-2
3.770552200E1,1.440207213E-1,2.846182585E-1,1.707760245E-1
3.771556300E1,1.583773047E-1,3.750086725E-1,2.965910733E-1
3.772560300E1,1.336184293E-1,4.193452299E-1,3.613775373E-1
3.773564300E1,1.070416719E-1,3.993341923E-1,3.868750334E-1
3.774568400E1,1.045915633E-1,2.753421962E-1,4.088977575E-1
3.775572400E1,1.286409646E-1,1.261846870E-1,4.305418134E-1
3.776576500E1,1.761887819E-1,-2.362398803E-2,4.405070841E-1
3.777580500E1,2.308800668E-1,-1.623625755E-1,4.442830384E-1
3.778584600E1,2.913556397E-1,-2.488045394E-1,4.645363986E-1
3.779588600E1,3.303837180E-1,-2.456172109E-1,5.110458732E-1
3.780592600E1,3.387926221E-1,-1.837985814E-1,5.529360771E-1
3.781596700E1,3.238110542E-1,-8.615021408E-2,5.797798634E-1
3.782600700E1,2.887539864E-1,2.891459130E-2,6.090690494E-1
3.783604800E1,2.459627837E-1,1.528500766E-1,6.346545219E-1
3.784608800E1,2.040978968E-1,2.482397109E-1,6.209051013E-1
3.785612800E1,1.891051531E-1,3.185532689E-1,5.639041066E-1
3.786616900E1,2.079438269E-1,3.446181417E-1,4.921828210E-1
3.787620900E1,2.426826954E-1,3.634281754E-1,4.390866756E-1
3.788625000E1,2.835611403E-1,3.729537725E-1,3.704900146E-1
3.789629000E1,3.160445690E-1,4.290426075E-1,3.013744354E-1
3.790633000E1,3.356182575E-1,4.857596755E-1,2.274347097E-1
3.791637100E1,3.450675011E-1,4.990485013E-1,1.683394015E-1
3.792641100E1,3.402229249E-1,4.144862294E-1,1.223151684E-1
3.793645200E1,3.277809024E-1,2.908774018E-1,1.083445102E-1
3.794649200E1,3.227456808E-1,1.567960083E-1,9.364066273E-2
3.795653200E1,3.188187778E-1,5.425947532E-2,7.377363741E-2
3.796657300E1,3.158714473E-1,-1.161407959E-2,4.507221654E-2
3.797661300E1,3.212795258E-1,-3.166358545E-2,2.549892850E-2
3.798665400E1,3.335867822E-1,-3.544047847E-2,-1.520171063E-3
3.799669400E1,3.515637517E-1,-4.347641394E-2,-3.100647777E-2
3.800673400E1,3.604470193E-1,-4.771004245E-2,-4.528182000E-2
3.801677500E1,3.425743878E-1,-5.721949041E-2,-4.472701252E-2
3.802681500E1,3.206083775E-1,-5.451904610E-2,-1.721655577E-2
3.803685600E1,3.130989969E-1,-1.186660957E-2,8.799239993E-3
3.804689600E1,3.084943891E-1,5.943180621E-2,1.828648522E-2
3.805693600E1,3.003871739E-1,1.023479551E-1,2.570007369E-2
3.806697700E1,2.723531425E-1,7.130108774E-2,2.204754762E-2
3.807701700E1,2.085749954E-1,3.648830205E-2,2.849769592E-2
3.808705800E1,1.489710510E-1,2.714358736E-3,5.561373383E-2
3.809709800E1,1.241940856E-1,-2.073088288E-2,6.073404849E-2
3.810713800E1,1.344121099E-1,-3.281853395E-3,5.450038612E-2
3.811717900E1,1.488325000E-1,1.297540776E-2,5.247936025E-2
3.812721900E1,1.693628132E-1,6.914053112E-3,6.537278742E-2
3.813726000E1,2.050563991E-1,3.634248860E-4,9.596530348E-2
3.814730000E1,2.872801721E-1,-1.437930204E-2,1.075420603E-1
3.815734000E1,3.825666606E-1,3.088654950E-2,1.090438589E-1
3.816738100E1,4.566198587E-1,1.450940818E-1,1.212475225E-1
3.817742100E1,4.833721519E-1,2.729876935E-1,1.793090701E-1
3.818746200E1,4.327451885E-1,2.606197000E-1,2.766968608E-1
3.819750200E1,2.822628617E-1,9.660105407E-2,3.669762611E-1
3.820754200E1,7.084063441E-2,-7.313551754E-2,4.146172702E-1
3.821758300E1,-9.203773737E-2,-2.417964786E-1,3.961169124E-1
3.822762300E1,-1.730955690E-1,-4.675688744E-1,3.534805179E-1
3.823766400E1,-1.672678292E-1,-7.211961150E-1,3.156610131E-1
3.824770400E1,-9.996201843E-2,-9.008383155E-1,3.014924526E-1
3.825774400E1,-1.522272825E-2,-9.756159782E-1,2.760216296E-1
3.826778500E1,4.054200277E-2,-9.395647645E-1,2.264378220E-1
3.827782500E1,8.662103117E-2,-7.762627006E-1,1.583362967E-1
3.828786600E1,1.758238673E-1,-5.033236146E-1,5.238297209E-2
3.829790600E1,2.783730626E-1,-2.155248225E-1,-3.827032447E-2
3.830794600E1,3.342770636E-1,6.139135920E-3,-1.096520945E-1
3.831798700E1,3.345228136E-1,1.468372345E-1,-1.806404740E-1
3.832802700E1,2.924294174E-1,2.400286943E-1,-2.429480553E-1
3.833806800E1,2.005266845E-1,2.995704412E-1,-2.995492816E-1
3.834810800E1,9.331686795E-2,2.905156910E-1,-3.475583494E-1
3.835814746E1,-7.550572976E-3,1.930911839E-1,-3.759855330E-1
3.836818846E1,-9.366068989E-2,4.701040313E-2,-3.851449490E-1
3.837822846E1,-1.665578038E-1,-1.010616198E-1,-3.892198503E-1
3.838826946E1,-2.234229892E-1,-2.206700444E-1,-3.868885934E-1
3.839830946E1,-2.625553608E-1,-2.752754986E-1,-3.833717108E-1
3.840834946E1,-2.894122601E-1,-2.860362530E-1,-3.942696154E-1
3.841839046E1,-3.069390059E-1,-2.392304242E-1,-4.261547327E-1
3.842843046E1,-3.057440519E-1,-1.667754054E-1,-4.724133015E-1
3.843847146E1,-2.770461738E-1,-1.051843464E-1,-5.170443058E-1
3.844851146E1,-2.302799970E-1,-7.010012865E-2,-5.333641171E-1
3.845855146E1,-1.911325008E-1,-1.060059667E-2,-5.189451575E-1
3.846859246E1,-1.695835441E-1,5.631665140E-2,-4.946949482E-1
3.847863246E1,-1.645953655E-1,1.148490533E-1,-4.733679593E-1
3.848867346E1,-1.869757622E-1,1.687032282E-1,-4.565245211E-1
3.849871346E1,-2.350026667E-1,2.258315980E-1,-4.330058992E-1
3.850875446E1,-2.885050476E-1,2.636258602E-1,-3.923700750E-1
3.851879446E1,-3.271276653E-1,3.165539503E-1,-3.273265660E-1
3.852883446E1,-3.570032716E-1,3.588675857E-1,-2.569088638E-1
3.853887546E1,-3.681242466E-1,3.755339682E-1,-2.015893161E-1
3.854891546E1,-3.654863834E-1,3.503705561E-1,-1.547767967E-1
3.855895646E1,-3.544271886E-1,2.957414687E-1,-1.140773892E-1
3.856899646E1,-3.341424167E-1,2.132338136E-1,-7.528205961E-2
3.857903646E1,-3.107248247E-1,1.179460436E-1,-4.724930227E-2
3.858907746E1,-2.937980294E-1,1.912465505E-2,-2.456795797E-2
3.859911746E1,-2.908534408E-1,-6.151410937E-2,-2.808698919E-3
3.860915846E1,-3.106500506E-1,-9.460708499E-2,-5.727090174E-4
3.861919846E1,-3.363395929E-1,-8.457134664E-2,-1.510749757E-2
3.862923846E1,-3.607748747E-1,-7.229416817E-2,-3.200019524E-2
3.863927946E1,-3.750914633E-1,-7.097302377E-2,-4.613190144E-2
3.864931946E1,-3.769431412E-1,-6.749866158E-2,-5.338794738E-2
3.865936046E1,-3.651369810E-1,-5.517892540E-2,-4.882815108E-2
3.866940046E1,-3.309736848E-1,-1.109055895E-2,-3.939603269E-2
3.867944046E1,-2.958889902E-1,5.412226170E-2,-3.545530513E-2
3.868948146E1,-2.832525373E-1,1.133280545E-1,-5.172029510E-2
3.869952146E1,-2.847494483E-1,1.528310031E-1,-8.684691042E-2
3.870956246E1,-3.018914163E-1,1.785262376E-1,-1.217550933E-1
3.871960246E1,-3.410212100E-1,1.685143411E-1,-1.465809345E-1
3.872964246E1,-3.808325529E-1,1.095088124E-1,-1.697757393E-1
3.873968346E1,-3.990626335E-1,2.226722613E-2,-1.859122664E-1
3.874972346E1,-3.915573061E-1,-8.303602785E-2,-1.775930822E-1
3.875976446E1,-3.676950037E-1,-1.600259840E-1,-1.742795110E-1
3.876980446E1,-3.613595963E-1,-1.673020124E-1,-1.951392442E-1
3.877984446E1,-3.634627163E-1,-1.209940016E-1,-2.714848816E-1
3.878988546E1,-3.619457781E-1,-9.134689718E-2,-3.419550359E-1
3.879992546E1,-3.391749263E-1,-1.766710132E-1,-3.423151076E-1
3.880996646E1,-2.832456231E-1,-3.094996214E-1,-3.072346151E-1
3.882000646E1,-2.437644750E-1,-4.072382152E-1,-2.853763700E-1
3.883004646E1,-2.589980066E-1,-4.977284372E-1,-2.698016465E-1
3.884008746E1,-3.266732395E-1,-5.664629936E-1,-2.628422976E-1
3.885012746E1,-4.018811584E-1,-5.617896914E-1,-2.686170936E-1
3.886016846E1,-4.215348363E-1,-4.333643913E-1,-2.641148269E-1
3.887020846E1,-3.844668567E-1,-2.174616456E-1,-2.304356843E-1
3.888024846E1,-3.388929367E-1,-2.131833136E-2,-1.647473574E-1
3.889028946E1,-3.154126406E-1,9.424049407E-2,-9.018392116E-2
3.890032946E1,-2.811250687E-1,1.262871027E-1,-1.640472189E-2
3.891037046E1,-2.291654646E-1,1.048292071E-1,5.569503456E-2
3.892041046E1,-1.778561026E-1,5.003084615E-2,1.304116845E-1
3.893045046E1,-1.335237920E-1,-1.474388875E-2,1.964948326E-1
3.894049146E1,-8.330253512E-2,-6.230246648E-2,2.115332335E-1
3.895053146E1,-2.973251604E-2,-1.239461154E-1,2.033693045E-1
3.896057246E1,2.926694788E-2,-1.916901767E-1,2.269351929E-1
3.897061246E1,1.113642156E-1,-2.168197632E-1,3.152871430E-1
3.898065246E1,1.942755133E-1,-2.321073562E-1,4.241176546E-1
3.899069346E1,2.650785744E-1,-2.358445823E-1,5.115665793E-1
3.900073346E1,3.216496408E-1,-1.985153258E-1,5.798777342E-1
3.901077346E1,3.506698310E-1,-1.314651817E-1,6.448801756E-1
3.902081446E1,3.714094162E-1,-5.453987792E-2,7.013596296E-1
3.903085446E1,3.966955841E-1,3.489466384E-2,7.421930432E-1
3.904089546E1,4.212876260E-1,1.263445765E-1,7.772672176E-1
3.905093546E1,4.227230847E-1,2.365658879E-1,7.759404182E-1
3.906097546E1,4.174567759E-1,3.195553124E-1,7.032083869E-1
3.907101646E1,4.148196876E-1,3.552725613E-1,6.051172614E-1
3.908105646E1,4.257390499E-1,4.024883509E-1,5.016137958E-1
3.909109746E1,4.380465746E-1,4.509213865E-1,3.998653591E-1
3.910113746E1,4.335174263E-1,4.716320932E-1,2.941318154E-1
3.911117746E1,4.009243250E-1,4.419279695E-1,2.103312165E-1
3.912121846E1,3.423155546E-1,3.874478638E-1,1.422271580E-1
3.913125846E1,2.811472714E-1,3.008964658E-1,1.099930480E-1
3.914129946E1,2.291569561E-1,1.990377456E-1,1.037555635E-1
3.915133946E1,1.946445107E-1,1.033040285E-1,1.060674563E-1
3.916137946E1,1.703462750E-1,3.198190778E-2,9.289524704E-2
3.917142046E1,1.548520029E-1,-1.358451322E-2,7.740949839E-2
3.918146046E1,1.494564265E-1,-3.582233563E-2,6.010655314E-2
3.919150146E1,1.599127948E-1,-4.698177800E-2,3.007009253E-2
3.920154146E1,1.821706891E-1,-5.080778152E-2,-1.695306785E-2
3.921158146E1,2.166508883E-1,-8.000881225E-2,-6.175649539E-2
3.922162246E1,2.743197978E-1,-1.321947873E-1,-9.756508470E-2
3.923166246E1,3.562814891E-1,-1.885807216E-1,-8.967841417E-2
3.924170346E1,4.390427768E-1,-2.232659906E-1,-6.171180680E-2
3.925174346E1,4.951523840E-1,-2.072976679E-1,-3.145163879E-2
3.926178346E1,5.084984899E-1,-1.317061484E-1,2.435525181E-3
3.927182446E1,4.566406310E-1,-1.076374669E-2,5.327553302E-2
3.928186446E1,3.780978620E-1,7.572235167E-2,1.384464949E-1
3.929190546E1,3.088913858E-1,1.046362966E-1,2.350420058E-1
3.930194546E1,2.940579653E-1,7.376845926E-2,3.046630919E-1
3.931198546E1,3.492053449E-1,5.786006153E-2,3.436898589E-1
3.932202646E1,4.404051900E-1,6.716604531E-2,3.533962071E-1
3.933206646E1,5.331790447E-1,9.670689702E-2,3.244215548E-1
3.934210746E1,5.797601938E-1,1.577588022E-1,2.924139202E-1
3.935214746E1,5.765495300E-1,2.327752560E-1,2.693855762E-1
3.936218733E1,5.476359129E-1,2.971848547E-1,2.443452924E-1
3.937222833E1,4.880114198E-1,2.343550473E-1,2.141450495E-1
3.938226833E1,3.507064879E-1,3.060553223E-2,2.365229726E-1
3.939230933E1,1.528078020E-1,-1.111622527E-1,3.372399807E-1
3.940234933E1,-1.802863553E-2,-2.335905880E-1,4.193034172E-1
3.941238933E1,-9.713623673E-2,-4.122476876E-1,4.483323991E-1
3.942243033E1,-8.281106502E-2,-6.466794610E-1,4.462915957E-1
3.943247033E1,-1.642404497E-2,-8.438998461E-1,4.383745492E-1
3.944251133E1,7.273363322E-2,-9.702429175E-1,4.049127996E-1
3.945255133E1,1.417215019E-1,-9.836732745E-1,3.455248475E-1
3.946259133E1,1.641565412E-1,-8.444735408E-1,2.911074162E-1
3.947263233E1,1.376761943E-1,-6.078923941E-1,2.496569008E-1
3.948267233E1,9.545413405E-2,-3.227662444E-1,1.844422370E-1
3.949271333E1,5.463505909E-2,-7.202561200E-2,7.734348625E-2
3.950275333E1,2.860670723E-2,1.315078586E-1,-5.099480599E-2
3.951279333E1,2.433899231E-2,2.824853957E-1,-1.694061458E-1
3.952283433E1,4.727342352E-2,3.652577698E-1,-2.663889229E-1
3.953287433E1,6.128564477E-2,3.710882366E-1,-3.579486609E-1
3.954291533E1,3.636495769E-2,3.131193221E-1,-4.337530732E-1
3.955295533E1,-2.371062711E-2,1.888415515E-1,-4.757218361E-1
3.956299533E1,-9.739305824E-2,3.492656350E-2,-5.033621192E-1
3.957303633E1,-1.751741320E-1,-1.049708873E-1,-5.430374146E-1
3.958307633E1,-2.370103002E-1,-1.826967895E-1,-6.009094715E-1
3.959311733E1,-2.949383259E-1,-1.866696924E-1,-6.163036227E-1
3.960315733E1,-3.441734016E-1,-1.683140546E-1,-6.127490401E-1
3.961319733E1,-3.617595732E-1,-1.575801820E-1,-6.029501557E-1
3.962323833E1,-3.238777816E-1,-1.261045486E-1,-6.034507155E-1
3.963327833E1,-2.583459020E-1,-6.421535462E-2,-6.022211313E-1
3.964331933E1,-1.990742534E-1,1.363395900E-2,-5.879628658E-1
3.965335933E1,-1.645101607E-1,8.017836511E-2,-5.601432323E-1
3.966339933E1,-1.669200063E-1,1.494855285E-1,-5.369756222E-1
3.967344033E1,-1.834270805E-1,2.213727534E-1,-5.158807039E-1
3.968348033E1,-1.975979507E-1,3.029372394E-1,-4.810847640E-1
3.969352033E1,-2.077560425E-1,3.741898537E-1,-4.127832055E-1
3.970356133E1,-2.144517452E-1,4.245612919E-1,-3.304711878E-1
3.971360133E1,-2.091227621E-1,4.497622550E-1,-2.591882050E-1
3.972364233E1,-1.887781769E-1,4.394714534E-1,-1.896542460E-1
3.973368233E1,-1.593071073E-1,3.908908665E-1,-1.315573752E-1
3.974372233E1,-1.386689395E-1,3.066039979E-1,-8.202750981E-2
3.975376333E1,-1.322725564E-1,2.045729756E-1,-4.786048830E-2
3.976380333E1,-1.262492239E-1,8.320244402E-2,-2.043089271E-2
3.977384433E1,-1.244734302E-1,-3.960150480E-2,9.072137997E-3
3.978388433E1,-1.363347620E-1,-1.061521024E-1,2.449777536E-2
3.979392433E1,-1.629607677E-1,-1.034433991E-1,3.241002560E-2
3.980396533E1,-2.086759955E-1,-8.572763950E-2,4.865541309E-2
3.981400533E1,-2.730225027E-1,-7.887160033E-2,6.549990177E-2
3.982404633E1,-3.380151391E-1,-9.187558293E-2,7.441179454E-2
3.983408633E1,-3.809380829E-1,-1.194619387E-1,7.869042456E-2
3.984412633E1,-4.028124511E-1,-1.248406619E-1,7.392866910E-2
3.985416733E1,-3.855719268E-1,-7.894028723E-2,5.935106054E-2
3.986420733E1,-3.336926699E-1,-5.451754667E-3,2.909352072E-2
3.987424833E1,-2.851482928E-1,6.556729227E-2,-2.453135885E-2
3.988428833E1,-2.764945924E-1,1.583590209E-1,-9.407224506E-2
3.989432833E1,-3.143506348E-1,3.048102558E-1,-1.561630517E-1
3.990436933E1,-3.696376979E-1,4.267268181E-1,-2.035697699E-1
3.991440933E1,-4.198414981E-1,4.635197222E-1,-2.278354317E-1
3.992445033E1,-4.524132907E-1,4.049209356E-1,-2.322736084E-1
3.993449033E1,-4.298893213E-1,2.744880915E-1,-2.431539446E-1
3.994453033E1,-3.938524127E-1,8.361192048E-2,-2.267313302E-1
3.995457133E1,-3.757309318E-1,-1.073548421E-1,-1.962916702E-1
3.996461133E1,-3.890958130E-1,-2.162311077E-1,-1.923388541E-1
3.997465233E1,-4.157173038E-1,-2.031912059E-1,-2.435903251E-1
3.998469233E1,-4.269134104E-1,-1.524602175E-1,-3.253991902E-1
3.999473233E1,-3.968796134E-1,-1.198165193E-1,-3.918213546E-1
4.000477333E1,-3.316996396E-1,-1.910538971E-1,-3.967673182E-1
4.001481333E1,-2.586385012E-1,-3.004719913E-1,-3.846211731E-1
4.002485433E1,-2.363586575E-1,-4.607982337E-1,-3.565468490E-1
4.003489433E1,-2.807615399E-1,-6.457986832E-1,-3.097383380E-1
4.004493433E1,-3.272568285E-1,-7.433623075E-1,-2.791292071E-1
4.005497533E1,-3.388452828E-1,-6.806680560E-1,-2.693402469E-1
4.006501533E1,-3.280345500E-1,-4.401025772E-1,-2.407615185E-1
4.007505633E1,-3.338024318E-1,-1.381800175E-1,-1.691765487E-1
4.008509633E1,-3.648291230E-1,9.996105731E-2,-8.604581654E-2
4.009513633E1,-3.989655077E-1,2.031822503E-1,1.680173539E-2
4.010517733E1,-4.171297252E-1,2.080268711E-1,1.260314733E-1
4.011521733E1,-3.980436325E-1,1.942844242E-1,2.171472758E-1
4.012525733E1,-3.448017240E-1,1.838863790E-1,2.901836634E-1
4.013529833E1,-2.900729775E-1,1.458782703E-1,3.371969759E-1
4.014533833E1,-2.216587961E-1,1.103024334E-1,3.354778290E-1
4.015537933E1,-1.433227062E-1,4.477722198E-2,3.151320517E-1
4.016541933E1,-4.551870376E-2,-4.262937605E-2,3.213404417E-1
4.017545933E1,5.646651611E-2,-1.053500175E-1,3.784114718E-1
4.018550033E1,1.287987530E-1,-1.649534702E-1,4.449887276E-1
4.019554033E1,1.847219467E-1,-1.938322634E-1,4.843193591E-1
4.020558133E1,2.209319025E-1,-1.623046547E-1,5.034497976E-1
4.021562133E1,2.487451583E-1,-7.801985741E-2,5.256631970E-1
4.022566133E1,2.669812143E-1,1.126283407E-2,5.652021766E-1
4.023570233E1,2.753448784E-1,7.171819359E-2,6.167463064E-1
4.024574233E1,2.745171487E-1,1.045752093E-1,6.451241970E-1
4.025578333E1,2.746971846E-1,1.257159114E-1,6.228319407E-1
4.026582333E1,2.802012563E-1,1.589474827E-1,5.710693598E-1
4.027586333E1,2.798846066E-1,2.126868665E-1,4.947207868E-1
4.028590433E1,2.655229270E-1,2.889642715E-1,4.111606479E-1
4.029594433E1,2.505967021E-1,3.531062305E-1,3.191132843E-1
4.030598533E1,2.406073362E-1,3.978843689E-1,2.338313609E-1
4.031602533E1,2.319406122E-1,4.110366404E-1,1.657007784E-1
4.032606533E1,2.267129272E-1,3.752902746E-1,1.015626118E-1
4.033610633E1,2.264412791E-1,2.936257720E-1,4.577391595E-2
4.034614633E1,2.276424319E-1,1.952937245E-1,-2.641985193E-3
4.035618733E1,2.297657728E-1,1.059001833E-1,-3.303664178E-2
4.036622725E1,2.472910136E-1,4.944121093E-2,-5.130368471E-2
4.037626725E1,2.926438749E-1,9.188330732E-3,-5.259771645E-2
4.038630825E1,3.520517349E-1,-3.407843411E-2,-5.160673708E-2
4.039634825E1,4.089962542E-1,-6.313192844E-2,-4.829509556E-2
4.040638925E1,4.459836781E-1,-7.291649282E-2,-3.879751638E-2
4.041642925E1,4.598848522E-1,-7.427150756E-2,-1.106335875E-2
4.042646925E1,4.591529667E-1,-5.342253298E-2,3.889637440E-2
4.043651025E1,4.730921984E-1,-2.471898310E-2,7.917322218E-2
4.044655025E1,5.034052730E-1,9.433615953E-3,1.045339108E-1
4.045659125E1,5.394878983E-1,1.696104184E-2,1.039320379E-1
4.046663125E1,5.463303924E-1,3.088112362E-2,9.154909104E-2
4.047667125E1,4.941447079E-1,5.806720629E-2,1.023396850E-1
4.048671225E1,4.364677966E-1,8.217892796E-2,1.257271916E-1
4.049675225E1,4.101302028E-1,1.095895097E-1,1.359161735E-1
4.050679225E1,3.887809217E-1,1.594089419E-1,1.617350280E-1
4.051683325E1,3.559542596E-1,2.129102498E-1,2.022656798E-1
4.052687325E1,3.437952697E-1,2.262156606E-1,2.145038545E-1
4.053691425E1,3.366148472E-1,2.579256594E-1,2.164378464E-1
4.054695425E1,3.102479279E-1,2.931891680E-1,2.058832198E-1
4.055699425E1,2.528959513E-1,3.546804786E-1,1.786454618E-1
4.056703525E1,1.743374914E-1,3.908206522E-1,1.664593816E-1
4.057707525E1,4.770632088E-2,3.481211066E-1,2.123432457E-1
4.058711625E1,-1.470699310E-1,2.061066329E-1,3.210187852E-1
4.059715625E1,-3.349676728E-1,4.567673802E-2,4.283814728E-1
4.060719625E1,-4.312374890E-1,-2.043187767E-1,4.617368579E-1
4.061723725E1,-4.317069948E-1,-5.368139148E-1,4.331374466E-1
4.062727725E1,-3.619162142E-1,-8.037694693E-1,3.994860053E-1
4.063731825E1,-2.270534635E-1,-9.779250026E-1,3.772020042E-1
4.064735825E1,-6.553378701E-2,-1.099800944E0,3.312792778E-1
4.065739825E1,9.225957096E-2,-1.124659538E0,2.416026443E-1
4.066743925E1,2.492808849E-1,-9.863731861E-1,1.328355521E-1
4.067747925E1,3.523747921E-1,-6.966457367E-1,4.154824093E-2
4.068752025E1,3.777135313E-1,-3.237621486E-1,-3.993947059E-2
4.069756025E1,3.518670201E-1,2.987688780E-2,-1.268400103E-1
4.070760025E1,3.054958880E-1,2.833551168E-1,-2.077137530E-1
4.071764125E1,2.690670490E-1,4.354322553E-1,-2.710520029E-1
4.072768125E1,2.509095669E-1,4.771083891E-1,-3.154038191E-1
4.073772225E1,2.269855738E-1,4.033646584E-1,-3.584857583E-1
4.074776225E1,1.770448834E-1,2.621117234E-1,-3.720050454E-1
4.075780225E1,1.075454354E-1,1.320043206E-1,-3.649639189E-1
4.076784325E1,1.947628334E-2,2.197550237E-2,-3.456398547E-1
4.077788325E1,-7.037796825E-2,-6.994989514E-2,-3.321733177E-1
4.078792425E1,-1.439674646E-1,-1.544914693E-1,-3.338053524E-1
4.079796425E1,-1.969787478E-1,-2.169476599E-1,-3.619946241E-1
4.080800425E1,-2.261457592E-1,-2.442071289E-1,-4.072238505E-1
4.081804525E1,-2.319035232E-1,-2.255175859E-1,-4.566097558E-1
4.082808525E1,-2.153925896E-1,-1.642507613E-1,-4.962413013E-1
4.083812525E1,-1.928673089E-1,-7.446017116E-2,-5.293731093E-1
4.084816625E1,-1.780263931E-1,1.889001764E-2,-5.620524883E-1
4.085820625E1,-1.776740551E-1,1.355199665E-1,-5.744537711E-1
4.086824725E1,-1.874167770E-1,2.490602285E-1,-5.639633536E-1
4.087828725E1,-2.064133734E-1,3.206404150E-1,-5.387637615E-1
4.088832725E1,-2.156094909E-1,3.557815850E-1,-5.057030320E-1
4.089836825E1,-2.125521749E-1,3.942999542E-1,-4.587158263E-1
4.090840825E1,-2.087928653E-1,4.166070819E-1,-4.003567696E-1
4.091844925E1,-2.133801579E-1,3.975423276E-1,-3.324637413E-1
4.092848925E1,-2.193875909E-1,3.410534263E-1,-2.584835887E-1
4.093852925E1,-2.179460227E-1,2.659890354E-1,-1.933085620E-1
4.094857025E1,-2.087684870E-1,1.892184615E-1,-1.469621211E-1
4.095861025E1,-1.978902817E-1,1.221515387E-1,-1.196167842E-1
4.096865125E1,-1.806200892E-1,7.638180256E-2,-9.359562397E-2
4.097869125E1,-1.504837573E-1,6.085637212E-2,-5.762723461E-2
4.098873125E1,-1.173554957E-1,5.106052756E-2,-4.229329526E-3
4.099877225E1,-9.324482828E-2,3.146179393E-2,4.869034141E-2
4.100881225E1,-8.722682297E-2,2.778059989E-2,9.474861622E-2
4.101885325E1,-8.985242993E-2,4.845711589E-2,1.404940039E-1
4.102889325E1,-1.262507886E-1,7.793118060E-2,1.594479084E-1
4.103893325E1,-1.942929476E-1,1.146556363E-1,1.476250738E-1
4.104897425E1,-2.775729001E-1,1.405421048E-1,1.240544990E-1
4.105901425E1,-3.381113708E-1,1.687849164E-1,9.338553995E-2
4.106905525E1,-3.385717869E-1,1.994688660E-1,5.472041294E-2
4.107909525E1,-2.860673070E-1,2.048239410E-1,9.871447459E-3
4.108913525E1,-2.351641655E-1,1.807684600E-1,-6.213896722E-2
4.109917625E1,-2.243863493E-1,1.428303868E-1,-1.514464766E-1
4.110921625E1,-2.508099973E-1,8.604183793E-2,-2.432806343E-1
4.111925725E1,-2.825221419E-1,2.074698731E-2,-2.834320366E-1
4.112929725E1,-3.000480533E-1,-4.184774682E-2,-2.860457003E-1
4.113933725E1,-2.813081741E-1,-7.661797106E-2,-2.851703167E-1
4.114937825E1,-2.675526738E-1,-1.264159232E-1,-2.935250700E-1
4.115941825E1,-2.856715024E-1,-2.263822109E-1,-2.729603946E-1
4.116945825E1,-3.355796337E-1,-3.151483238E-1,-2.298812568E-1
4.117949925E1,-3.522345126E-1,-3.094875216E-1,-2.295430452E-1
4.118953925E1,-3.433704674E-1,-2.444728017E-1,-2.689675391E-1
4.119958025E1,-3.254982829E-1,-1.940761954E-1,-3.219900131E-1
4.120962025E1,-2.901335061E-1,-2.622672617E-1,-3.343483210E-1
4.121966025E1,-2.691206336E-1,-4.383549392E-1,-3.077555895E-1
4.122970125E1,-3.050573468E-1,-6.604158878E-1,-2.600212395E-1
4.123974125E1,-3.811816871E-1,-8.750589490E-1,-2.270925492E-1
4.124978225E1,-4.528902471E-1,-9.859634638E-1,-2.277616560E-1
4.125982225E1,-4.658018053E-1,-8.791432977E-1,-2.291369140E-1
4.126986225E1,-4.723563194E-1,-5.985477567E-1,-2.249825597E-1
4.127990325E1,-4.819133282E-1,-2.628498971E-1,-1.962843388E-1
4.128994325E1,-4.899022579E-1,-2.381520905E-2,-1.702030748E-1
4.129998425E1,-4.925129414E-1,1.353296936E-1,-1.299600452E-1
4.131002425E1,-4.605375528E-1,2.219926864E-1,-6.934791058E-2
4.132006425E1,-3.794570863E-1,2.609637976E-1,3.335617250E-3
4.133010525E1,-2.621242702E-1,2.710200548E-1,8.738361299E-2
4.134014525E1,-1.504387408E-1,2.569593787E-1,1.579392701E-1
4.135018625E1,-4.187872261E-2,1.903075725E-1,1.983459592E-1
4.136022683E1,3.600329533E-2,1.982504874E-2,2.681545913E-1
4.137026683E1,9.944759309E-2,-1.411202103E-1,3.445469439E-1
4.138030783E1,1.460867226E-1,-2.497143149E-1,4.403608143E-1
4.139034783E1,1.883014739E-1,-3.013616204E-1,5.214278698E-1
4.140038883E1,2.388032675E-1,-3.344268799E-1,5.556406975E-1
4.141042883E1,2.532031536E-1,-2.905248702E-1,5.673019290E-1
4.142046883E1,2.447875589E-1,-1.760720611E-1,5.900940299E-1
4.143050983E1,2.451400310E-1,-7.441122085E-2,6.302880049E-1
4.144054983E1,2.445368171E-1,-7.249761373E-3,6.751260757E-1
4.145058983E1,2.489859164E-1,5.660570413E-2,6.900939345E-1
4.146063083E1,2.670932710E-1,1.243711710E-1,6.513609290E-1
4.147067083E1,2.915040553E-1,1.726318002E-1,5.802209973E-1
4.148071183E1,3.006371260E-1,2.146378309E-1,5.194079876E-1
4.149075183E1,2.904599905E-1,2.775418758E-1,4.573934078E-1
4.150079183E1,2.716189325E-1,3.661931753E-1,3.812877238E-1
4.151083283E1,2.535741329E-1,4.507625401E-1,3.011161685E-1
4.152087283E1,2.310025245E-1,4.939100146E-1,2.170292884E-1
4.153091383E1,2.070702612E-1,4.756144881E-1,1.397471577E-1
4.154095383E1,2.038052231E-1,3.961100578E-1,8.185748756E-2
4.155099383E1,2.286688685E-1,2.904620171E-1,5.433100089E-2
4.156103483E1,2.603359818E-1,1.863934100E-1,3.938613832E-2
4.157107483E1,2.992637455E-1,1.199146882E-1,1.623364724E-2
4.158111583E1,3.435116410E-1,8.372392505E-2,-1.166536100E-2
4.159115583E1,3.944272399E-1,4.065560549E-2,-3.943039849E-2
4.160119583E1,4.425630867E-1,1.523871906E-4,-7.281950861E-2
4.161123683E1,4.783284664E-1,-3.209924325E-2,-9.735557437E-2
4.162127683E1,5.143862963E-1,-5.218720064E-2,-9.755291790E-2
4.163131683E1,5.576803684E-1,-4.098450392E-2,-7.386601716E-2
4.164135783E1,5.925446153E-1,-1.172461826E-2,-4.925334454E-2
4.165139783E1,6.245688796E-1,8.278920315E-3,-3.050165065E-2
4.166143883E1,6.481200457E-1,-1.748147188E-3,-1.678450778E-2
4.167147883E1,6.145500541E-1,3.625457361E-2,9.839938954E-3
4.168151883E1,5.372150540E-1,7.429196686E-2,7.897533476E-2
4.169155983E1,4.727570117E-1,9.679391235E-2,1.660745144E-1
4.170159983E1,4.371470809E-1,8.517000824E-2,2.393146306E-1
4.171164083E1,4.288226068E-1,4.717620090E-2,2.849816978E-1
4.172168083E1,4.371122122E-1,-7.308612112E-3,2.947001159E-1
4.173172083E1,4.405836165E-1,-5.870815739E-2,2.758861184E-1
4.174176183E1,4.416049421E-1,-7.919958234E-2,2.403683215E-1
4.175180183E1,4.552013874E-1,-3.155627474E-2,2.024080753E-1
4.176184283E1,4.691917598E-1,5.475970358E-2,1.709295064E-1
4.177188283E1,4.874393642E-1,9.599991888E-2,1.546300948E-1
4.178192283E1,4.662563205E-1,7.581529021E-2,1.636773795E-1
4.179196383E1,3.499821723E-1,-6.360039115E-2,1.514912844E-1
4.180200383E1,1.337992847E-1,-1.590702832E-1,1.599983275E-1
4.181204483E1,-2.736935578E-2,-2.105553150E-1,1.452425569E-1
4.182208483E1,-4.676874727E-2,-3.204415441E-1,1.604078561E-1
4.183212483E1,-4.794015549E-3,-4.479649961E-1,2.110824287E-1
4.184216583E1,2.329674177E-2,-5.066163540E-1,2.848357558E-1
4.185220583E1,4.363196343E-2,-5.078265071E-1,3.642990589E-1
4.186224583E1,7.525140792E-2,-4.641967416E-1,3.947446048E-1
4.187228683E1,9.724530578E-2,-3.668610752E-1,3.724389672E-1
4.188232683E1,8.371271938E-2,-2.156350911E-1,3.144845665E-1
4.189236783E1,3.846771270E-2,-8.205993474E-2,2.232374847E-1
4.190240783E1,6.550793536E-3,-4.788048100E-3,9.751791507E-2
4.191244783E1,-7.886451669E-3,1.922924444E-2,-4.230257869E-2
4.192248883E1,-5.184142850E-3,2.921316959E-2,-1.855225861E-1
4.193252883E1,2.470302861E-4,4.284354299E-2,-2.974819839E-1
4.194256983E1,-2.231021039E-2,6.168141216E-2,-3.888126910E-1
4.195260983E1,-9.960038215E-2,8.171531558E-2,-4.396578074E-1
4.196264983E1,-2.096525878E-1,6.755474955E-2,-4.701246321E-1
4.197269083E1,-3.308872879E-1,3.243091330E-2,-4.887935519E-1
4.198273083E1,-4.353982508E-1,-1.856808737E-2,-5.173314810E-1
4.199277083E1,-4.964604974E-1,-5.960890278E-2,-5.355730653E-1
4.200281183E1,-5.115217566E-1,-6.358873844E-2,-5.331357718E-1
4.201285183E1,-4.970882237E-1,-3.033181652E-2,-5.100080967E-1
4.202289283E1,-4.602255523E-1,3.020547563E-3,-4.889448583E-1
4.203293283E1,-3.975423276E-1,4.509684816E-2,-4.790635407E-1
4.204297283E1,-3.322162926E-1,9.516960382E-2,-4.840894639E-1
4.205301383E1,-2.749254107E-1,1.308304965E-1,-4.982198775E-1
4.206305383E1,-2.299866974E-1,1.749172658E-1,-5.144901872E-1
4.207309483E1,-1.965749264E-1,2.196062207E-1,-5.155764222E-1
4.208313483E1,-1.719646603E-1,2.567282915E-1,-5.052707791E-1
4.209317483E1,-1.488806754E-1,2.738085985E-1,-4.817727208E-1
4.210321583E1,-1.315509528E-1,2.885481119E-1,-4.371919334E-1
4.211325583E1,-1.259865910E-1,3.108116090E-1,-3.857775927E-1
4.212329583E1,-1.318740398E-1,3.269658089E-1,-3.427374661E-1
4.213333683E1,-1.390048116E-1,3.332781196E-1,-2.979624271E-1
4.214337683E1,-1.482443810E-1,3.307401240E-1,-2.399401367E-1
4.215341783E1,-1.415428519E-1,3.164069653E-1,-1.822979897E-1
4.216345783E1,-1.118123829E-1,2.945046127E-1,-1.309501082E-1
4.217349783E1,-8.305504918E-2,2.724831402E-1,-8.387807757E-2
4.218353883E1,-6.857437640E-2,2.620217204E-1,-3.970129788E-2
4.219357883E1,-7.226628810E-2,2.557408512E-1,1.018262189E-2
4.220361983E1,-9.621928632E-2,2.438343912E-1,6.076963246E-2
4.221365983E1,-1.416571289E-1,2.313118279E-1,9.584975243E-2
4.222369983E1,-1.949637532E-1,2.255815119E-1,1.086065620E-1
4.223374083E1,-2.381838113E-1,2.341792583E-1,1.188869625E-1
4.224378083E1,-2.650023699E-1,2.320804298E-1,1.316312551E-1
4.225382183E1,-2.818148136E-1,2.051399350E-1,1.175890192E-1
4.226386183E1,-2.965146899E-1,1.589615196E-1,6.932082027E-2
4.227390183E1,-2.940577865E-1,9.682049602E-2,1.932991110E-2
4.228394283E1,-2.573538423E-1,4.744096100E-2,-1.760653593E-2
4.229398283E1,-1.750521511E-1,1.075979881E-2,-3.265973553E-2
4.230402283E1,-8.838143945E-2,-2.052488551E-2,-4.618539661E-2
4.231406383E1,-6.206945702E-2,-3.412835672E-2,-7.631278038E-2
4.232410383E1,-8.522485197E-2,1.025854982E-2,-1.056088805E-1
4.233414483E1,-1.281830519E-1,8.303021640E-2,-1.155695915E-1
4.234418483E1,-1.986923814E-1,1.177855358E-1,-1.208839342E-1
4.235422483E1,-2.758461237E-1,1.107915863E-1,-1.346729249E-1
4.236426558E1,-3.341206014E-1,5.972201750E-2,-1.477266699E-1
4.237430558E1,-3.620009124E-1,-2.571874112E-2,-1.468951255E-1
4.238434558E1,-3.781359494E-1,-9.618385136E-2,-1.327398866E-1
4.239438658E1,-3.918338716E-1,-9.283151478E-2,-1.423282474E-1
4.240442658E1,-3.875759840E-1,-6.644757837E-2,-2.449366450E-1
4.241446758E1,-3.503840864E-1,-4.267380014E-2,-3.943547904E-1
4.242450758E1,-3.036991358E-1,-1.194735095E-1,-4.949871302E-1
4.243454758E1,-2.574132383E-1,-3.430179060E-1,-5.142158866E-1
4.244458858E1,-2.530355155E-1,-6.830223799E-1,-4.797740281E-1
4.245462858E1,-3.047690988E-1,-1.025910378E0,-4.256030321E-1
4.246466958E1,-3.851358294E-1,-1.241037250E0,-3.447486758E-1
4.247470958E1,-4.435093403E-1,-1.193912268E0,-2.649334967E-1
4.248474958E1,-4.784832895E-1,-8.773130178E-1,-2.041846663E-1
4.249479058E1,-5.155404210E-1,-4.070224762E-1,-1.531771272E-1
4.250483058E1,-5.333953500E-1,1.576313563E-2,-1.171988770E-1
4.251487158E1,-5.268518925E-1,2.978799045E-1,-9.339597076E-2
4.252491158E1,-4.723143578E-1,4.422325492E-1,-5.909392983E-2
4.253495158E1,-3.664600849E-1,4.996713400E-1,-3.605370643E-3
4.254499258E1,-2.375721335E-1,4.973615706E-1,8.062376082E-2
4.255503258E1,-1.319033056E-1,4.295780957E-1,1.633285284E-1
4.256507258E1,-7.671115547E-2,2.538893521E-1,2.125613242E-1
4.257511358E1,-2.994727157E-2,2.213480696E-2,2.112440616E-1
4.258515358E1,2.228131332E-2,-1.987919807E-1,2.301977724E-1
4.259519458E1,8.201678842E-2,-3.477821648E-1,2.968038619E-1
4.260523458E1,1.468833983E-1,-3.842858374E-1,3.910810947E-1
4.261527458E1,2.058791816E-1,-3.643341959E-1,4.688163102E-1
4.262531558E1,2.391977161E-1,-3.291266561E-1,5.126402378E-1
4.263535558E1,2.537877858E-1,-2.520641685E-1,5.428597927E-1
4.264539558E1,2.759194672E-1,-1.431853324E-1,5.835430622E-1
4.265543658E1,3.041833341E-1,-3.878899664E-2,6.265857220E-1
4.266547658E1,3.295409083E-1,3.806557134E-2,6.546072364E-1
4.267551758E1,3.571780622E-1,9.738519043E-2,6.418225169E-1
4.268555758E1,3.800772429E-1,1.948081553E-1,5.885635018E-1
4.269559758E1,4.052911997E-1,2.986234725E-1,5.265501142E-1
4.270563858E1,4.301286340E-1,3.611907363E-1,4.617516994E-1
4.271567858E1,4.422811270E-1,3.855111599E-1,3.772593141E-1
4.272571958E1,4.388315380E-1,4.072585404E-1,2.817479670E-1
4.273575958E1,4.355845749E-1,4.109800458E-1,1.881786436E-1
4.274579958E1,4.275966883E-1,3.848674893E-1,1.170360222E-1
4.275584058E1,4.072771370E-1,3.427585065E-1,7.108339667E-2
4.276588058E1,3.901152015E-1,2.756876051E-1,4.873974249E-2
4.277592058E1,3.822123110E-1,2.061007619E-1,3.956619650E-2
4.278596158E1,3.823348284E-1,1.243153363E-1,4.266824573E-2
4.279600158E1,3.930601180E-1,5.548993871E-2,3.767896816E-2
4.280604258E1,4.130412638E-1,-1.038787980E-2,2.826762572E-2
4.281608258E1,4.454620183E-1,-7.714267820E-2,1.468619145E-2
4.282612258E1,4.822040498E-1,-1.496168673E-1,2.447304130E-2
4.283616358E1,5.136516094E-1,-2.332921624E-1,3.278644010E-2
4.284620358E1,5.359547734E-1,-3.083445728E-1,3.561391681E-2
4.285624458E1,5.551180840E-1,-3.368807733E-1,4.162146896E-2
4.286628458E1,5.735410452E-1,-3.062736094E-1,5.332739651E-2
4.287632458E1,5.804204941E-1,-2.343196273E-1,6.616090983E-2
4.288636558E1,5.839387774E-1,-1.588291228E-1,9.109502286E-2
4.289640558E1,5.632094741E-1,-6.412988901E-2,1.507958025E-1
4.290644558E1,5.289465785E-1,1.294226386E-2,2.246354073E-1
4.291648658E1,4.994837642E-1,6.524733454E-2,2.824130654E-1
4.292652658E1,4.670984149E-1,8.229076862E-2,3.184546828E-1
4.293656758E1,4.235168397E-1,7.667949051E-2,3.497798443E-1
4.294660758E1,3.718589842E-1,8.014798909E-2,3.647678494E-1
4.295664758E1,3.165994585E-1,8.086341619E-2,3.283028007E-1
4.296668858E1,2.992545366E-1,1.024427488E-1,2.293599695E-1
4.297672858E1,3.109127581E-1,1.519112885E-1,1.330132037E-1
4.298676858E1,3.272073269E-1,2.407812327E-1,6.984809786E-2
4.299680958E1,3.090714812E-1,2.826753855E-1,4.664448276E-2
4.300684958E1,2.173160166E-1,2.075039148E-1,6.074485555E-2
4.301689058E1,5.558115989E-2,7.139657438E-2,9.439736605E-2
4.302693058E1,-1.272562891E-1,-4.341176897E-2,1.753308326E-1
4.303697058E1,-2.339273393E-1,-1.577822417E-1,2.449166924E-1
4.304701158E1,-2.751666605E-1,-2.848435044E-1,2.747534215E-1
4.305705158E1,-2.911887765E-1,-3.854873478E-1,2.885601819E-1
4.306709258E1,-2.628825605E-1,-4.543100893E-1,3.153582215E-1
4.307713258E1,-1.837023944E-1,-5.151667595E-1,3.512716889E-1
4.308717258E1,-9.306756407E-2,-6.042804122E-1,3.459640145E-1
4.309721358E1,-2.981583215E-2,-6.552481651E-1,3.268207908E-1
4.310725358E1,-6.610377692E-3,-6.349951029E-1,2.770508528E-1
4.311729358E1,-8.000307716E-3,-4.853290617E-1,2.053743899E-1
4.312733458E1,-2.141411789E-2,-2.491479516E-1,1.117083654E-1
4.313737458E1,-3.031236678E-2,1.870528050E-2,1.162352273E-4
4.314741558E1,-3.775909916E-2,2.621789277E-1,-1.097002774E-1
4.315745558E1,-4.562762752E-2,4.161179662E-1,-2.023121417E-1
4.316749558E1,-5.854901671E-2,4.458571970E-1,-2.652956247E-1
4.317753658E1,-8.390855789E-2,3.645946383E-1,-3.071013391E-1
4.318757658E1,-1.367371529E-1,2.297438681E-1,-3.415128291E-1
4.319761758E1,-2.065123320E-1,7.774236053E-2,-3.736492693E-1
4.320765758E1,-2.806741595E-1,-5.318529159E-2,-4.060697854E-1
4.321769758E1,-3.329727054E-1,-1.253238916E-1,-4.632407129E-1
4.322773858E1,-3.760837018E-1,-1.190414950E-1,-4.919099212E-1
4.323777858E1,-4.045472741E-1,-9.165924788E-2,-5.165407062E-1
4.324781858E1,-4.019975662E-1,-7.867872715E-2,-5.493082404E-1
4.325785958E1,-3.651105165E-1,-7.314558327E-2,-5.620496869E-1
4.326789958E1,-3.132068515E-1,-6.981237233E-2,-5.467000604E-1
4.327794058E1,-2.681756914E-1,-4.576510191E-2,-5.337967873E-1
4.328798058E1,-2.254077047E-1,1.112268213E-2,-5.216516852E-1
4.329802058E1,-1.916994452E-1,7.848867774E-2,-5.211963058E-1
4.330806158E1,-1.691967994E-1,1.593702137E-1,-5.186253190E-1
4.331810158E1,-1.455831379E-1,2.643054128E-1,-4.986607730E-1
4.332814258E1,-1.272840202E-1,3.560191095E-1,-4.623653591E-1
4.333818258E1,-1.140200347E-1,4.085828662E-1,-4.152600765E-1
4.334822258E1,-9.988850355E-2,4.118191302E-1,-3.487204611E-1
4.335826400E1,-9.507824481E-2,3.615392447E-1,-2.757739723E-1
4.336830400E1,-9.792383015E-2,3.067425787E-1,-2.012653798E-1
4.337834400E1,-9.367639571E-2,2.588166595E-1,-1.247811168E-1
4.338838500E1,-8.090068400E-2,2.156486660E-1,-6.205700710E-2
4.339842500E1,-5.705330893E-2,1.707331836E-1,-8.281043731E-3
4.340846600E1,-2.899903804E-2,1.103824973E-1,4.177945852E-2
4.341850600E1,-4.826711491E-3,2.649882436E-2,9.556765854E-2
4.342854600E1,2.017346211E-3,-6.427928060E-2,1.335680336E-1
4.343858700E1,-1.165974885E-2,-1.184649765E-1,1.318712831E-1
4.344862700E1,-5.289107561E-2,-1.307514757E-1,1.135846898E-1
4.345866800E1,-1.178435311E-1,-1.176596284E-1,9.412834793E-2
4.346870800E1,-1.877339482E-1,-1.009016857E-1,8.015394211E-2
4.347874800E1,-2.382789850E-1,-8.307891339E-2,7.340274751E-2
4.348878900E1,-2.390536964E-1,-4.721305892E-2,6.513842940E-2
4.349882900E1,-1.805209070E-1,1.391617954E-2,5.598555878E-2
4.350886900E1,-1.078437716E-1,6.394605339E-2,3.662570938E-2
4.351891000E1,-7.583012432E-2,8.054026961E-2,-6.403811276E-3
4.352895000E1,-1.115114242E-1,9.130609781E-2,-6.967332959E-2
4.353899100E1,-2.024602145E-1,1.361110210E-1,-1.289133728E-1
4.354903100E1,-3.166091442E-1,1.780712605E-1,-1.648732275E-1
4.355907100E1,-4.182996452E-1,1.726349890E-1,-1.768096089E-1
4.356911200E1,-4.725655317E-1,9.761507064E-2,-1.722313613E-1
4.357915200E1,-4.447389543E-1,-3.004051745E-2,-1.665545851E-1
4.358919300E1,-3.879832625E-1,-1.529981345E-1,-1.452096105E-1
4.359923300E1,-3.853410482E-1,-2.461972535E-1,-1.101852357E-1
4.360927300E1,-4.222974479E-1,-2.829142511E-1,-1.288260221E-1
4.361931400E1,-4.472365677E-1,-2.606035769E-1,-1.939187646E-1
4.362935400E1,-4.466395080E-1,-1.974674761E-1,-2.769023478E-1
4.363939500E1,-4.156596661E-1,-1.003420427E-1,-3.535988927E-1
4.364943500E1,-3.784726262E-1,-1.958328299E-2,-4.192982912E-1
4.365947500E1,-3.330062032E-1,-4.188545421E-2,-4.598040879E-1
4.366951600E1,-2.914941609E-1,-2.094323635E-1,-4.322028160E-1
4.367955600E1,-2.947714031E-1,-4.921589792E-1,-3.708111048E-1
4.368959600E1,-2.739548087E-1,-6.986309290E-1,-3.572106361E-1
4.369963700E1,-1.731954217E-1,-6.716908216E-1,-3.413768113E-1
4.370967700E1,-7.594662905E-2,-4.261865020E-1,-2.954037488E-1
4.371971800E1,-4.651414976E-2,-5.770552903E-2,-2.271153629E-1
4.372975800E1,-9.282652289E-2,1.968982518E-1,-1.475486308E-1
4.373979800E1,-1.760831624E-1,2.708677649E-1,-6.755029410E-2
4.374983900E1,-2.480524182E-1,2.406246513E-1,1.362285763E-2
4.375987900E1,-2.678702474E-1,2.230523676E-1,9.280510992E-2
4.376992000E1,-2.278618366E-1,2.419837117E-1,1.622827351E-1
4.377996000E1,-1.464530230E-1,2.253577113E-1,2.279809266E-1
4.379000000E1,-2.951335721E-2,1.439909488E-1,2.621543407E-1
4.380004100E1,6.695009768E-2,2.411455475E-2,2.911907732E-1
4.381008100E1,1.248389632E-1,-9.293137491E-2,3.407695293E-1
4.382012200E1,1.705416143E-1,-1.744578779E-1,4.142770767E-1
4.383016200E1,2.180564106E-1,-2.225886583E-1,4.944757819E-1
4.384020200E1,2.629160881E-1,-2.511799932E-1,5.492630005E-1
4.385024300E1,2.869452536E-1,-2.399912328E-1,5.852659941E-1
4.386028300E1,3.025159836E-1,-1.843345910E-1,6.136708260E-1
4.387032300E1,3.202537000E-1,-1.243524626E-1,6.547562480E-1
4.388036400E1,3.153375387E-1,-7.642020285E-2,7.170849442E-1
4.389040400E1,3.053038120E-1,-2.316576988E-2,7.507358193E-1
4.390044500E1,3.141259849E-1,8.318644762E-2,7.054597139E-1
4.391048500E1,3.384822011E-1,2.017866075E-1,6.158915162E-1
4.392052500E1,3.585084677E-1,2.898215950E-1,5.292044282E-1
4.393056600E1,3.627839088E-1,3.459477127E-1,4.427142441E-1
4.394060600E1,3.481187820E-1,3.880103528E-1,3.580376506E-1
4.395064700E1,3.242555261E-1,4.292086661E-1,2.701613307E-1
4.396068700E1,2.965250611E-1,4.696060121E-1,1.893457174E-1
4.397072700E1,2.745790184E-1,4.707836509E-1,1.094610021E-1
4.398076800E1,2.592025995E-1,4.146180153E-1,4.768293351E-2
4.399080800E1,2.491174489E-1,3.116761744E-1,1.487209927E-3
4.400084800E1,2.486095428E-1,1.736586690E-1,-2.472346649E-2
4.401088900E1,2.545984685E-1,4.130701348E-2,-3.207991272E-2
4.402092900E1,2.755551338E-1,-4.562224075E-2,-3.363986686E-2
4.403097000E1,3.076225221E-1,-8.210062236E-2,-3.415438905E-2
4.404101000E1,3.352431953E-1,-1.134102866E-1,-2.941421047E-2
4.405105000E1,3.454407156E-1,-1.465149820E-1,-2.198638767E-2
4.406109100E1,3.340874314E-1,-1.479866952E-1,2.294644713E-2
4.407113100E1,3.076960146E-1,-1.129634604E-1,9.072522819E-2
4.408117200E1,2.922502458E-1,-1.049739271E-1,1.427800357E-1
4.409121200E1,2.892867029E-1,-1.092389822E-1,1.644373983E-1
4.410125200E1,2.912857533E-1,-1.233639568E-1,1.429651976E-1
4.411129300E1,2.533836365E-1,-7.288239896E-2,1.176326796E-1
4.412133300E1,1.835206300E-1,3.500560299E-2,1.276087761E-1
4.413137400E1,1.386029571E-1,1.476179063E-1,1.429648399E-1
4.414141400E1,1.539252698E-1,2.484913021E-1,1.579534560E-1
4.415145400E1,2.133526504E-1,2.826652825E-1,1.606741399E-1
4.416149500E1,2.894761264E-1,2.425251901E-1,1.280548424E-1
4.417153500E1,3.691430092E-1,1.564419717E-1,8.952448517E-2
4.418157500E1,4.288029671E-1,5.741018802E-2,4.453058541E-2
4.419161600E1,4.726918638E-1,-2.361276187E-2,1.110445336E-2
4.420165600E1,4.956555665E-1,-3.533589421E-3,-4.530224251E-4
4.421169700E1,5.027621984E-1,1.143877208E-1,9.963932447E-3
4.422173700E1,5.097985268E-1,1.462702304E-1,3.545717895E-2
4.423177700E1,4.662404060E-1,9.142296761E-2,7.646400481E-2
4.424181800E1,3.588356674E-1,-7.002356462E-3,1.373959184E-1
4.425185800E1,2.567662895E-1,-1.094546914E-1,1.883384734E-1
4.426189900E1,1.677595675E-1,-1.890151352E-1,2.258915007E-1
4.427193900E1,8.616802841E-2,-2.811014056E-1,3.132085800E-1
4.428197900E1,-1.748448005E-3,-3.656207025E-1,4.347268641E-1
4.429202000E1,-8.293837309E-2,-4.796577692E-1,4.950479865E-1
4.430206000E1,-1.457641125E-1,-5.337923765E-1,5.205138326E-1
4.431210100E1,-1.775662452E-1,-5.089535713E-1,4.860986471E-1
4.432214100E1,-1.622533798E-1,-3.892324865E-1,3.885637224E-1
4.433218100E1,-9.921476245E-2,-2.510799468E-1,2.540546358E-1
4.434222200E1,-3.307832405E-2,-1.121432111E-1,9.596020728E-2
4.435226200E1,1.245560683E-2,1.192068122E-2,-7.307168841E-2
4.436230262E1,7.648333907E-3,9.438467026E-2,-2.239493579E-1
4.437234262E1,-4.421388358E-2,1.180495024E-1,-3.281377554E-1
4.438238262E1,-1.260729730E-1,6.573716551E-2,-3.877112865E-1
4.439242362E1,-2.082144469E-1,-1.797717251E-2,-4.059432745E-1
4.440246363E1,-2.834801376E-1,-8.642948419E-2,-3.849242926E-1
4.441250462E1,-3.457815945E-1,-1.179594472E-1,-3.599598408E-1
4.442254463E1,-3.784023225E-1,-1.084104627E-1,-3.356195986E-1
4.443258462E1,-3.878650665E-1,-8.015326411E-2,-3.245557547E-1
4.444262563E1,-3.873755932E-1,-5.246661603E-2,-3.416511416E-1
4.445266562E1,-3.813781738E-1,-2.503525466E-2,-3.787420392E-1
4.446270562E1,-3.753323555E-1,2.066816948E-2,-4.163409173E-1
4.447274662E1,-3.570840955E-1,9.157802910E-2,-4.588218033E-1
4.448278662E1,-3.204821050E-1,1.756489575E-1,-5.102913976E-1
4.449282762E1,-2.638755441E-1,2.516438365E-1,-5.593766570E-1
4.450286763E1,-1.958655566E-1,3.188215494E-1,-5.740260482E-1
4.451290763E1,-1.380877346E-1,3.765999079E-1,-5.607935786E-1
4.452294863E1,-9.904682636E-2,4.304143488E-1,-5.329194069E-1
4.453298862E1,-8.365961164E-2,4.773440361E-1,-4.803933203E-1
4.454302962E1,-8.568852395E-2,5.123142600E-1,-4.120142162E-1
4.455306962E1,-1.057264209E-1,5.158552527E-1,-3.246090114E-1
4.456310962E1,-1.224072948E-1,4.783277214E-1,-2.291448563E-1
4.457315062E1,-1.261466444E-1,4.101995230E-1,-1.423974335E-1
4.458319063E1,-1.243119761E-1,3.268031776E-1,-8.020729572E-2
4.459323162E1,-1.257492900E-1,2.430946827E-1,-4.558913037E-2
4.460327163E1,-1.237995401E-1,1.784946471E-1,-3.654386103E-2
4.461331162E1,-1.068650335E-1,1.301734596E-1,-2.282858081E-2
4.462335262E1,-8.358019590E-2,9.340308607E-2,4.402893595E-3
4.463339262E1,-7.427644730E-2,5.896655098E-2,4.307385534E-2
4.464343262E1,-9.435962886E-2,3.519952297E-2,7.888140529E-2
4.465347362E1,-1.405329853E-1,2.273752913E-2,1.108241528E-1
4.466351362E1,-1.813698709E-1,2.467835136E-2,1.276856661E-1
4.467355462E1,-1.969815940E-1,4.450159147E-2,1.014740467E-1
4.468359463E1,-1.966493428E-1,7.125388831E-2,4.998375848E-2
4.469363463E1,-1.919328868E-1,8.317259699E-2,-2.244558185E-3
4.470367563E1,-1.808724254E-1,1.058949605E-1,-4.844405875E-2
4.471371562E1,-1.536439955E-1,1.249360293E-1,-7.507699728E-2
4.472375662E1,-1.162286103E-1,8.958399296E-2,-9.002710879E-2
4.473379662E1,-1.045234799E-1,3.194466978E-2,-1.242250279E-1
4.474383662E1,-1.348192990E-1,1.188275777E-2,-1.376553625E-1
4.475387762E1,-2.047493756E-1,3.233317286E-2,-1.235845536E-1
4.476391763E1,-3.118018806E-1,3.769636154E-2,-1.325504482E-1
4.477395863E1,-4.056220949E-1,-8.283909410E-3,-1.501206607E-1
4.478399863E1,-4.320801497E-1,-8.626250923E-2,-1.424260736E-1
4.479403862E1,-4.428747296E-1,-1.984188855E-1,-1.320349574E-1
4.480407962E1,-4.562294781E-1,-2.786819935E-1,-1.678515226E-1
4.481411962E1,-4.776650071E-1,-2.935565710E-1,-2.651623487E-1
4.482416062E1,-5.292319655E-1,-2.575849891E-1,-3.896410763E-1
4.483420062E1,-5.788338780E-1,-2.259287834E-1,-4.844834208E-1
4.484424063E1,-5.520050526E-1,-2.737692297E-1,-5.230354667E-1
4.485428162E1,-4.524430335E-1,-3.993748128E-1,-5.243108273E-1
4.486432163E1,-3.356180191E-1,-5.780617595E-1,-5.345981121E-1
4.487436263E1,-2.531420588E-1,-7.421947718E-1,-5.429905653E-1
4.488440263E1,-2.186676562E-1,-8.161571622E-1,-5.320652127E-1
4.489444262E1,-2.004873157E-1,-7.859159112E-1,-5.111356974E-1
4.490448362E1,-1.611163765E-1,-6.042531133E-1,-4.862710238E-1
4.491452362E1,-1.341241747E-1,-3.320372999E-1,-4.261744022E-1
4.492456362E1,-1.445326954E-1,-1.142799035E-1,-3.212165236E-1
4.493460462E1,-1.848305762E-1,8.480179822E-4,-1.882464886E-1
4.494464463E1,-2.187989801E-1,4.434196278E-2,-3.541098163E-2
4.495468563E1,-2.119003236E-1,1.001964435E-1,9.319200367E-2
4.496472563E1,-1.701075137E-1,1.380864978E-1,2.026526779E-1
4.497476562E1,-9.981604666E-2,1.259656549E-1,2.799330950E-1
4.498480662E1,-7.546143141E-3,7.736472040E-2,3.165353537E-1
4.499484662E1,6.968818605E-2,6.688737776E-4,3.346251547E-1
4.500488762E1,1.666114628E-1,-7.847562432E-2,3.656801581E-1
4.501492762E1,2.857298553E-1,-1.959399432E-1,4.266178310E-1
4.502496763E1,3.882961273E-1,-3.664177656E-1,4.840189517E-1
4.503500862E1,4.563806355E-1,-4.852709174E-1,5.110558867E-1
4.504504863E1,4.942995012E-1,-4.692138135E-1,5.310527086E-1
4.505508963E1,5.080177188E-1,-3.535045385E-1,5.688677430E-1
4.506512962E1,5.028992891E-1,-2.260245085E-1,6.311390996E-1
4.507516962E1,4.916767478E-1,-1.250891089E-1,7.086463571E-1
4.508521062E1,4.745872915E-1,-7.034777105E-2,7.372699976E-1
4.509525062E1,4.511086047E-1,2.621658146E-2,7.193533182E-1
4.510529162E1,4.370277524E-1,1.091967970E-1,6.441968679E-1
4.511533162E1,4.275910854E-1,1.532795727E-1,5.545839071E-1
4.512537163E1,4.338922799E-1,2.016440630E-1,4.629555345E-1
4.513541263E1,4.446964562E-1,2.742972374E-1,3.888477683E-1
4.514545263E1,4.331259131E-1,3.521155417E-1,3.231103718E-1
4.515549262E1,3.966723084E-1,4.072783887E-1,2.609498203E-1
4.516553362E1,3.507601619E-1,4.422374964E-1,1.933744997E-1
4.517557362E1,3.064952493E-1,4.247980416E-1,1.311587989E-1
4.518561462E1,2.751935422E-1,3.478605449E-1,7.966484129E-2
4.519565462E1,2.691252530E-1,2.127288431E-1,1.863876730E-2
4.520569463E1,2.865692079E-1,8.482583612E-2,-2.152927965E-2
4.521573563E1,3.002645075E-1,2.578142099E-2,-4.068353027E-2
4.522577563E1,3.149649501E-1,9.525917470E-3,-5.518607795E-2
4.523581663E1,3.419355750E-1,9.839105420E-3,-7.225321233E-2
4.524585662E1,3.850161135E-1,-9.119464085E-3,-8.645433933E-2
4.525589662E1,4.254207909E-1,-5.698099732E-2,-8.467934281E-2
4.526593762E1,4.574965537E-1,-1.256442517E-1,-7.777515799E-2
4.527597762E1,4.904989898E-1,-1.655868739E-1,-4.780288041E-2
4.528601862E1,5.333535075E-1,-1.548920423E-1,-8.625657298E-3
4.529605862E1,5.620866418E-1,-1.046754867E-1,1.450070087E-2
4.530609863E1,5.597493649E-1,-2.955794707E-2,3.707876801E-2
4.531613963E1,5.140135288E-1,8.240880072E-2,7.400322706E-2
4.532617963E1,4.454763532E-1,1.871038973E-1,1.488125920E-1
4.533622063E1,4.151322842E-1,2.647917569E-1,2.189956754E-1
4.534626062E1,4.272861481E-1,2.769405544E-1,2.670739889E-1
4.535630062E1,4.592944384E-1,2.442665249E-1,2.703073323E-1
4.536634158E1,4.953631461E-1,1.528107971E-1,2.415086180E-1
4.537638158E1,5.151534081E-1,4.479804263E-2,1.975856274E-1
4.538642158E1,5.235327482E-1,-2.984684519E-2,1.595603377E-1
4.539646258E1,5.188685060E-1,-2.340492420E-2,1.464653015E-1
4.540650258E1,4.894174039E-1,7.249742746E-2,1.443990916E-1
4.541654358E1,4.295972288E-1,1.484441161E-1,1.306995302E-1
4.542658358E1,2.883759439E-1,1.720194370E-1,1.772888452E-1
4.543662358E1,4.756546021E-2,1.470821202E-1,3.036798239E-1
4.544666458E1,-2.026610523E-1,1.482601315E-1,4.383884370E-1
4.545670458E1,-3.790573776E-1,6.879541278E-2,5.320118070E-1
4.546674558E1,-5.002280474E-1,-1.988120675E-1,5.477821827E-1
4.547678558E1,-5.619534850E-1,-5.341213346E-1,4.798079133E-1
4.548682558E1,-5.432868004E-1,-7.946650386E-1,4.300159812E-1
4.549686658E1,-4.550480247E-1,-9.334138632E-1,3.794225752E-1
4.550690658E1,-3.565229475E-1,-9.496963620E-1,3.039344251E-1
4.551694758E1,-2.440222353E-1,-8.431584835E-1,2.155470550E-1
4.552698758E1,-1.077983901E-1,-6.180381775E-1,1.091479212E-1
4.553702758E1,4.008322209E-2,-3.304348886E-1,8.095338941E-3
4.554706858E1,1.341671795E-1,-3.249125928E-2,-9.521257132E-2
4.555710858E1,1.539446115E-1,2.097083181E-1,-1.965493262E-1
4.556714958E1,1.233690530E-1,3.741565645E-1,-2.822347581E-1
4.557718958E1,7.966258377E-2,4.273718596E-1,-3.554010987E-1
4.558722958E1,3.871924430E-2,3.914226592E-1,-4.125735164E-1
4.559727058E1,1.213051192E-2,2.911810279E-1,-4.225121439E-1
4.560731058E1,-2.626107633E-2,1.709436178E-1,-3.971574008E-1
4.561735058E1,-9.734457731E-2,6.966201216E-2,-3.857191205E-1
4.562739158E1,-1.763505042E-1,-4.425374325E-3,-3.859804869E-1
4.563743158E1,-2.462270558E-1,-3.017468192E-2,-3.940235078E-1
4.564747258E1,-3.095436394E-1,-3.460745513E-2,-4.138583541E-1
4.565751258E1,-3.682157397E-1,-4.089384526E-2,-4.482578635E-1
4.566755258E1,-4.145744741E-1,-4.449902102E-2,-4.826712310E-1
4.567759358E1,-4.311643541E-1,-2.087385207E-2,-5.192117095E-1
4.568763358E1,-4.115317464E-1,3.128618374E-2,-5.591444373E-1
4.569767458E1,-3.694838881E-1,9.584174305E-2,-5.940129757E-1
4.570771458E1,-3.155605793E-1,1.664356440E-1,-6.037150621E-1
4.571775458E1,-2.735894322E-1,2.576496899E-1,-6.003131270E-1
4.572779558E1,-2.411712110E-1,3.585832417E-1,-5.776507854E-1
4.573783558E1,-2.217240185E-1,4.732387066E-1,-5.354058743E-1
4.574787658E1,-2.225176245E-1,5.602567792E-1,-4.657717645E-1
4.575791658E1,-2.568766475E-1,5.825543404E-1,-3.802707195E-1
4.576795658E1,-2.995191514E-1,5.458075404E-1,-2.827453911E-1
4.577799758E1,-3.382194340E-1,4.695976973E-1,-1.833519489E-1
4.578803758E1,-3.543314338E-1,3.755559325E-1,-9.268574417E-2
4.579807858E1,-3.468857706E-1,2.766005993E-1,-2.739435993E-2
4.580811858E1,-3.184621930E-1,1.912900060E-1,1.104641426E-2
4.581815858E1,-2.873519659E-1,1.318458468E-1,3.578212112E-2
4.582819958E1,-2.513228655E-1,9.448454529E-2,5.341185257E-2
4.583823958E1,-2.384699285E-1,6.260757148E-2,7.242576033E-2
4.584827958E1,-2.495557070E-1,3.649606556E-2,7.521934807E-2
4.585832058E1,-2.770501971E-1,2.048061602E-2,6.193843111E-2
4.586836058E1,-3.170548677E-1,1.562375575E-2,4.864247143E-2
4.587840158E1,-3.611046076E-1,1.630712301E-2,3.246003762E-2
4.588844158E1,-4.038667381E-1,2.033877745E-2,7.932711393E-3
4.589848158E1,-4.462029934E-1,2.943507023E-2,-1.896255091E-2
4.590852258E1,-4.953598380E-1,5.401349068E-2,-3.880965710E-2
4.591856258E1,-5.322073102E-1,1.009064317E-1,-5.316356570E-2
4.592860358E1,-5.606156588E-1,1.470376104E-1,-7.697723061E-2
4.593864358E1,-5.631805658E-1,1.842816472E-1,-1.010173187E-1
4.594868358E1,-5.569397807E-1,1.859715581E-1,-1.212747544E-1
4.595872458E1,-5.528592467E-1,1.592307687E-1,-1.436266601E-1
4.596876458E1,-5.544890165E-1,1.205578372E-1,-1.786367744E-1
4.597880558E1,-5.449855328E-1,8.700733632E-2,-2.104455680E-1
4.598884558E1,-5.336154103E-1,2.820777707E-2,-2.365393490E-1
4.599888558E1,-5.055044293E-1,-6.402175128E-2,-2.371550649E-1
4.600892658E1,-4.252791107E-1,-1.433402300E-1,-2.248427123E-1
4.601896658E1,-3.110795617E-1,-1.652524471E-1,-2.315621376E-1
4.602900758E1,-1.716382504E-1,-1.015849486E-1,-2.981660962E-1
4.603904758E1,-2.314626053E-2,-3.169480711E-2,-4.220422208E-1
4.604908758E1,9.524048120E-2,-2.067838237E-2,-5.565866828E-1
4.605912858E1,1.407563090E-1,-1.512563676E-1,-6.064990759E-1
4.606916858E1,7.244542241E-2,-4.738961756E-1,-5.319806337E-1
4.607920858E1,-4.829670861E-2,-8.272489309E-1,-4.169747233E-1
4.608924958E1,-1.432418376E-1,-1.057646871E0,-3.251601458E-1
4.609928958E1,-2.022590935E-1,-1.086060762E0,-2.119872421E-1
4.610933058E1,-2.438438833E-1,-8.910375237E-1,-1.051856652E-1
4.611937058E1,-2.685438991E-1,-5.157003999E-1,-1.708456501E-2
4.612941058E1,-2.927999496E-1,-1.528542042E-1,8.377786726E-2
4.613945158E1,-3.161564171E-1,1.271167248E-1,1.744638234E-1
4.614949158E1,-3.086561263E-1,2.991861701E-1,2.481169850E-1
4.615953258E1,-2.265322208E-1,4.011034966E-1,2.929622531E-1
4.616957258E1,-1.023292840E-1,4.041413069E-1,3.235459626E-1
4.617961258E1,1.594862528E-2,2.871297300E-1,3.134251535E-1
4.618965358E1,1.304635853E-1,1.229346991E-1,2.521164715E-1
4.619969358E1,2.224214822E-1,-8.205253631E-2,2.014247775E-1
4.620973458E1,2.767727375E-1,-2.479106933E-1,1.987383962E-1
4.621977458E1,2.960127294E-1,-3.691156805E-1,2.501515150E-1
4.622981458E1,2.920041978E-1,-4.487362206E-1,3.268857896E-1
4.623985558E1,2.921376228E-1,-4.457073808E-1,4.151919484E-1
4.624989558E1,2.975009382E-1,-3.682335317E-1,5.063169599E-1
4.625993658E1,2.945472300E-1,-2.669822574E-1,5.851795673E-1
4.626997658E1,2.706800699E-1,-1.732331365E-1,6.620751023E-1
4.628001658E1,2.300008088E-1,-1.037632525E-1,6.938077211E-1
4.629005758E1,2.074165493E-1,-8.904416114E-2,6.743907928E-1
4.630009758E1,2.128134370E-1,-6.064554676E-2,6.157607436E-1
4.631013858E1,2.451226562E-1,5.310241878E-2,5.418214202E-1
4.632017858E1,2.912462056E-1,2.173419595E-1,4.580293298E-1
4.633021858E1,3.165686429E-1,3.852266669E-1,3.763885200E-1
4.634025958E1,3.185715973E-1,5.091482997E-1,3.042224348E-1
4.635029958E1,3.161559403E-1,5.627437234E-1,2.332821935E-1
4.636033933E1,3.057150245E-1,5.594320893E-1,1.545961648E-1
4.637038033E1,2.875238359E-1,5.048765540E-1,7.931882888E-2
4.638042033E1,2.658451498E-1,4.004582465E-1,2.146085165E-2
4.639046133E1,2.500883937E-1,2.592118084E-1,1.330247847E-3
4.640050133E1,2.468979061E-1,1.290929615E-1,1.092375349E-2
4.641054133E1,2.465072274E-1,2.467599511E-2,2.431039885E-2
4.642058233E1,2.417324483E-1,-3.646698594E-2,3.211372718E-2
4.643062233E1,2.463586330E-1,-4.317010939E-2,4.404508322E-2
4.644066333E1,2.729036808E-1,-2.548964880E-2,5.263111368E-2
4.645070333E1,3.086799383E-1,-7.465259172E-3,4.580655321E-2
4.646074333E1,3.582754731E-1,2.389501315E-3,2.010438591E-2
4.647078433E1,4.237116277E-1,2.540712804E-2,-2.387290820E-3
4.648082433E1,4.875936806E-1,3.721744940E-2,-1.044308674E-2
4.649086533E1,5.287761092E-1,3.382311761E-2,-2.288065851E-2
4.650090533E1,5.691051483E-1,3.781066835E-2,-1.067565754E-2
4.651094533E1,6.084745526E-1,4.715446755E-2,1.847789437E-2
4.652098633E1,6.523914337E-1,6.137974188E-2,3.520334139E-2
4.653102633E1,6.885643005E-1,7.246349007E-2,3.205764666E-2
4.654106633E1,7.109830379E-1,7.825107127E-2,1.847658865E-2
4.655110733E1,7.219050527E-1,1.167175099E-1,1.559234038E-2
4.656114733E1,7.401570082E-1,1.653393805E-1,3.710322455E-2
4.657118833E1,7.607237101E-1,1.837099642E-1,6.526660919E-2
4.658122833E1,7.626965642E-1,1.483900547E-1,7.897789031E-2
4.659126833E1,7.380461097E-1,7.722406089E-2,9.138100594E-2
4.660130933E1,6.914975643E-1,-1.008554921E-2,1.143529043E-1
4.661134933E1,6.381698251E-1,-9.068047255E-2,1.306642592E-1
4.662139033E1,5.665376782E-1,-1.252858490E-1,1.285558343E-1
4.663143033E1,5.128101707E-1,-9.886175394E-2,1.230639443E-1
4.664147033E1,4.814322293E-1,-2.482374758E-2,1.276099682E-1
4.665151133E1,4.441064298E-1,8.683583140E-2,1.364729702E-1
4.666155133E1,3.675621152E-1,1.657306403E-1,1.431279480E-1
4.667159233E1,2.050804496E-1,2.327316105E-1,1.925535798E-1
4.668163233E1,4.540707450E-4,2.803169787E-1,2.922846973E-1
4.669167233E1,-1.796167940E-1,2.585679293E-1,4.172269702E-1
4.670171333E1,-3.547997773E-1,1.568215787E-1,5.393638015E-1
4.671175333E1,-5.321227908E-1,-2.969781496E-2,6.158692837E-1
4.672179433E1,-6.505974531E-1,-2.725610733E-1,6.518621445E-1
4.673183433E1,-6.472527981E-1,-5.115144253E-1,6.891735196E-1
4.674187433E1,-5.605562925E-1,-6.982067823E-1,6.904379725E-1
4.675191533E1,-4.302579165E-1,-8.148533106E-1,6.109467745E-1
4.676195533E1,-2.711188495E-1,-8.232411742E-1,4.689879715E-1
4.677199533E1,-9.374307096E-2,-7.362964749E-1,2.864937186E-1
4.678203633E1,6.933053583E-2,-5.743712187E-1,9.693149477E-2
4.679207633E1,1.737353504E-1,-3.562138677E-1,-5.930797383E-2
4.680211733E1,2.055822313E-1,-1.337528378E-1,-1.880848557E-1
4.681215733E1,1.862235367E-1,5.486075208E-2,-2.922243774E-1
4.682219733E1,1.239551082E-1,1.895538568E-1,-3.642799258E-1
4.683223833E1,5.101928115E-2,2.428310812E-1,-4.207620621E-1
4.684227833E1,-3.734247759E-3,2.462433875E-1,-4.318258762E-1
4.685231933E1,-7.498580217E-2,1.986630261E-1,-4.161002934E-1
4.686235933E1,-1.782935411E-1,1.376348287E-1,-3.950741291E-1
4.687239933E1,-2.994919121E-1,6.867397577E-2,-3.988615274E-1
4.688244033E1,-4.141756296E-1,2.423939854E-2,-4.213732183E-1
4.689248033E1,-4.974819720E-1,2.388306521E-2,-4.524108469E-1
4.690252133E1,-5.445060134E-1,4.696947336E-2,-4.919020832E-1
4.691256133E1,-5.531585813E-1,5.863456056E-2,-5.302277207E-1
4.692260133E1,-5.208038092E-1,4.765674472E-2,-5.516043901E-1
4.693264233E1,-4.689510465E-1,4.043797776E-2,-5.640722513E-1
4.694268233E1,-4.122852683E-1,5.885633826E-2,-5.835831761E-1
4.695272233E1,-3.552000523E-1,1.078524888E-1,-5.859758258E-1
4.696276333E1,-3.018316627E-1,2.030522376E-1,-5.817033052E-1
4.697280333E1,-2.625646889E-1,3.026875257E-1,-5.695890784E-1
4.698284433E1,-2.306664139E-1,3.855440617E-1,-5.337804556E-1
4.699288433E1,-2.133839428E-1,4.211160243E-1,-4.878229499E-1
4.700292433E1,-2.124081552E-1,4.115920365E-1,-4.274072647E-1
4.701296533E1,-2.156042606E-1,3.817353845E-1,-3.534570038E-1
4.702300533E1,-2.184368074E-1,3.331635892E-1,-2.856539786E-1
4.703304633E1,-2.156773508E-1,2.732342184E-1,-2.166195810E-1
4.704308633E1,-2.037940621E-1,2.052186579E-1,-1.525481790E-1
4.705312633E1,-1.848585308E-1,1.316843629E-1,-9.954404831E-2
4.706316733E1,-1.585795134E-1,7.266499102E-2,-7.012569904E-2
4.707320733E1,-1.320502013E-1,3.110246919E-2,-4.393789917E-2
4.708324833E1,-1.291361749E-1,-3.966568038E-3,-1.600506715E-2
4.709328833E1,-1.536133289E-1,-3.453465551E-2,-1.760091400E-4
4.710332833E1,-2.091828436E-1,-4.598864540E-2,1.011471171E-2
4.711336933E1,-2.790493369E-1,-5.188193917E-2,2.420471795E-2
4.712340933E1,-3.306592703E-1,-6.580867618E-2,3.932854161E-2
4.713344933E1,-3.521052897E-1,-7.433176041E-2,3.230891004E-2
4.714349033E1,-3.586883545E-1,-6.865869462E-2,-4.074131604E-3
4.715353033E1,-3.708044291E-1,-6.436280161E-2,-4.454989359E-2
4.716357133E1,-3.751664460E-1,-6.439795345E-2,-7.170587778E-2
4.717361133E1,-3.563168943E-1,-5.711080506E-2,-8.332522213E-2
4.718365133E1,-3.412103951E-1,-5.002226681E-2,-8.706670254E-2
4.719369233E1,-3.559921086E-1,-6.182368472E-2,-1.032144502E-1
4.720373233E1,-4.218028188E-1,-6.991916150E-2,-1.265541315E-1
4.721377333E1,-5.060442686E-1,-7.879212499E-2,-1.308297813E-1
4.722381333E1,-5.761789083E-1,-1.065965891E-1,-1.269817799E-1
4.723385333E1,-6.259285212E-1,-1.461794227E-1,-1.171457320E-1
4.724389433E1,-6.160647273E-1,-1.876184791E-1,-9.992519766E-2
4.725393433E1,-5.438539982E-1,-2.170066237E-1,-8.010242879E-2
4.726397533E1,-4.547565877E-1,-1.816409081E-1,-1.064019427E-1
4.727401533E1,-3.641582429E-1,-8.904582262E-2,-2.405974418E-1
4.728405533E1,-3.009246588E-1,2.651192620E-2,-4.375842810E-1
4.729409633E1,-2.690111399E-1,3.768298775E-2,-6.114746332E-1
4.730413633E1,-2.435228378E-1,-1.635942012E-1,-6.772946715E-1
4.731417633E1,-2.209046781E-1,-5.702502728E-1,-6.074905992E-1
4.732421733E1,-2.018252611E-1,-1.019002557E0,-5.282264352E-1
4.733425733E1,-1.776168942E-1,-1.266049266E0,-4.698354006E-1
4.734429833E1,-1.886173487E-1,-1.236425519E0,-3.640216291E-1
4.735433833E1,-2.169390321E-1,-9.742951393E-1,-2.622758150E-1
4.736437833E1,-2.402848303E-1,-5.571740866E-1,-1.873536259E-1
4.737441958E1,-2.966495454E-1,-1.918300539E-1,-1.047945842E-1
4.738445958E1,-3.802224696E-1,3.835627809E-2,-1.919898577E-2
4.739450058E1,-4.197717309E-1,1.575498879E-1,5.612132326E-2
4.740454058E1,-3.813066185E-1,1.768186688E-1,1.473889202E-1
4.741458058E1,-2.867442071E-1,1.236632913E-1,1.992344260E-1
4.742462158E1,-1.792118996E-1,3.315336630E-2,2.170858681E-1
4.743466158E1,-6.087016687E-2,-7.090378553E-2,2.421370745E-1
4.744470258E1,5.827592686E-2,-1.113300398E-1,2.985942066E-1
4.745474258E1,1.516506076E-1,-1.202682406E-1,3.663716614E-1
4.746478258E1,2.336370796E-1,-1.721303761E-1,4.388778210E-1
4.747482358E1,3.107181489E-1,-2.529706955E-1,4.976485372E-1
4.748486358E1,3.756044805E-1,-3.142601550E-1,5.308679938E-1
4.749490358E1,4.200176299E-1,-3.286693394E-1,5.570046306E-1
4.750494458E1,4.415266514E-1,-2.648333609E-1,5.813722610E-1
4.751498458E1,4.413886964E-1,-1.727961898E-1,6.095162630E-1
4.752502558E1,4.139139354E-1,-1.120249778E-1,6.251317263E-1
4.753506558E1,3.786571920E-1,-2.356099337E-2,6.263839006E-1
4.754510558E1,3.647288680E-1,6.606343389E-2,5.871121287E-1
4.755514658E1,3.806235790E-1,1.581318527E-1,5.104084611E-1
4.756518658E1,4.143368006E-1,2.446057498E-1,4.263862967E-1
4.757522758E1,4.548730850E-1,3.420771956E-1,3.501847088E-1
4.758526758E1,4.828551710E-1,4.172403812E-1,2.847604454E-1
4.759530758E1,4.933066964E-1,4.497006834E-1,2.241116166E-1
4.760534858E1,4.892488420E-1,4.294747710E-1,1.768096238E-1
4.761538858E1,4.793603122E-1,3.472630382E-1,1.446672380E-1
4.762542958E1,4.751890004E-1,2.215397358E-1,1.289924085E-1
4.763546958E1,4.772006273E-1,1.072284505E-1,1.280779392E-1
4.764550958E1,4.744562507E-1,3.839106113E-2,1.232304499E-1
4.765555058E1,4.720322192E-1,1.526859123E-2,1.073987633E-1
4.766559058E1,4.765920639E-1,1.196014602E-2,8.871562779E-2
4.767563058E1,4.812592864E-1,1.681125537E-2,7.261160761E-2
4.768567158E1,4.847301841E-1,9.014852345E-3,5.531065166E-2
4.769571158E1,4.967514277E-1,2.040108852E-2,5.301394686E-2
4.770575258E1,5.292715430E-1,4.881728441E-2,7.096099108E-2
4.771579258E1,5.783272386E-1,6.542742252E-2,9.748447686E-2
4.772583258E1,6.234340072E-1,3.528682888E-2,1.006909236E-1
4.773587358E1,6.514974833E-1,-1.413509622E-2,8.528207242E-2
4.774591358E1,6.637914181E-1,-4.801263660E-2,5.057576299E-2
4.775595458E1,7.061536908E-1,-4.413576797E-2,3.363623098E-2
4.776599458E1,7.699132562E-1,-5.064506456E-2,1.387530752E-2
4.777603458E1,8.390781283E-1,-6.663127989E-2,-1.880325004E-2
4.778607558E1,8.788375258E-1,-4.399654269E-2,-2.038623206E-2
4.779611558E1,8.656821251E-1,4.768650979E-2,3.999584168E-2
4.780615558E1,8.301243782E-1,1.752487421E-1,1.070635542E-1
4.781619658E1,8.009235263E-1,2.589469254E-1,1.582366526E-1
4.782623658E1,7.948991656E-1,2.805238366E-1,2.054126859E-1
4.783627758E1,8.143280149E-1,2.982506454E-1,2.433832288E-1
4.784631758E1,8.487821221E-1,3.318655789E-1,2.467581332E-1
4.785635758E1,8.905794024E-1,3.603864312E-1,2.266849428E-1
4.786639858E1,9.495298266E-1,3.605957627E-1,1.956239492E-1
4.787643858E1,1.027037024E0,3.558105826E-1,1.649912745E-1
4.788647958E1,1.081652045E0,3.550198972E-1,1.272130013E-1
4.789651958E1,1.063395262E0,3.181249201E-1,1.340183765E-1
4.790655958E1,9.719846249E-1,2.293588370E-1,2.066060156E-1
4.791660058E1,8.598132730E-1,1.163701788E-1,2.921881378E-1
4.792664058E1,7.910448313E-1,-8.344589733E-3,3.931099772E-1
4.793668058E1,7.764294147E-1,-1.288853884E-1,4.787412584E-1
4.794672158E1,7.591987848E-1,-1.711787730E-1,5.581580400E-1
4.795676158E1,7.726240158E-1,-2.550223470E-1,5.911150575E-1
4.796680258E1,8.255810142E-1,-4.215213060E-1,5.527495742E-1
4.797684258E1,9.250867963E-1,-6.159717441E-1,4.734021425E-1
4.798688258E1,1.045113087E0,-7.746822834E-1,3.747581244E-1
4.799692358E1,1.147000790E0,-8.645864725E-1,2.907591164E-1
4.800696358E1,1.226899028E0,-8.556308150E-1,2.195629776E-1
4.801700458E1,1.278517723E0,-7.408874035E-1,1.411373317E-1
4.802704458E1,1.291427970E0,-5.268118978E-1,5.384076759E-2
4.803708458E1,1.279637098E0,-2.694801092E-1,-8.824487217E-3
4.804712558E1,1.273511887E0,-1.421132684E-2,-4.439846054E-2
4.805716558E1,1.287124157E0,1.920714378E-1,-5.895777792E-2
4.806720558E1,1.302031517E0,3.063330352E-1,-7.425017655E-2
4.807724658E1,1.284533501E0,3.397610784E-1,-7.421755791E-2
4.808728658E1,1.238459706E0,3.153518736E-1,-6.936687976E-2
4.809732758E1,1.189661026E0,2.580234408E-1,-4.822072014E-2
4.810736758E1,1.152729630E0,1.745242923E-1,-4.313248396E-2
4.811740758E1,1.121166468E0,9.661255032E-2,-7.728278637E-2
4.812744858E1,1.095902920E0,3.550552204E-2,-1.558276564E-1
4.813748858E1,1.070705771E0,-1.466663554E-3,-2.366569638E-1
4.814752958E1,1.047506690E0,3.221817315E-4,-3.059124649E-1
4.815756958E1,1.026787043E0,3.078341857E-2,-3.531194031E-1
4.816760958E1,1.013390183E0,5.093848705E-2,-3.578720689E-1
4.817765058E1,1.015253782E0,4.374746978E-2,-3.290402591E-1
4.818769058E1,1.031044960E0,2.969130501E-2,-2.973814011E-1
4.819773058E1,1.058951855E0,1.758261025E-2,-2.728445530E-1
4.820777158E1,1.089183569E0,2.820915543E-2,-2.469588816E-1
4.821781158E1,1.113674760E0,7.735428959E-2,-2.250101864E-1
4.822785258E1,1.127555609E0,1.706261933E-1,-1.973346174E-1
4.823789258E1,1.141219974E0,2.709302306E-1,-1.748007387E-1
4.824793258E1,1.176490664E0,3.372866213E-1,-1.599759907E-1
4.825797358E1,1.209409237E0,3.561966121E-1,-1.340223700E-1
4.826801358E1,1.227051973E0,3.206322193E-1,-9.539589286E-2
4.827805458E1,1.223729134E0,2.526024282E-1,-5.747536942E-2
4.828809458E1,1.206058264E0,1.977309138E-1,-3.568325564E-2
4.829813458E1,1.191378355E0,1.649825573E-1,-1.809252426E-2
4.830817558E1,1.194154382E0,1.464243233E-1,-2.730079461E-3
4.831821558E1,1.210759044E0,1.260231733E-1,2.767900378E-2
4.832825558E1,1.223857641E0,9.337016195E-2,7.195831835E-2
4.833829658E1,1.223749280E0,6.148609519E-2,1.095806062E-1
4.834833658E1,1.201920986E0,3.208532929E-2,1.468225271E-1
4.835837758E1,1.164070010E0,5.053292029E-3,1.808430105E-1
4.836841725E1,1.149075150E0,3.019435797E-3,2.227039039E-1
4.837845725E1,1.141815186E0,2.406848036E-2,2.606593668E-1
4.838849825E1,1.127974987E0,7.373936474E-2,2.645992637E-1
4.839853825E1,1.095870972E0,1.270889789E-1,2.482634634E-1
4.840857925E1,1.041104674E0,1.394753307E-1,2.366185337E-1
4.841861925E1,9.606348872E-1,1.013683230E-1,2.436065674E-1
4.842865925E1,8.826516867E-1,4.204028100E-2,2.691758275E-1
4.843870025E1,8.328046203E-1,-1.675470360E-2,3.110817671E-1
4.844874025E1,8.066774011E-1,-5.564617738E-2,3.348866999E-1
4.845878025E1,7.973093987E-1,-5.527082086E-2,3.241308033E-1
4.846882125E1,7.914257050E-1,-1.302563120E-2,3.101848960E-1
4.847886125E1,7.873309255E-1,5.136556551E-2,3.024803102E-1
4.848890225E1,7.820839882E-1,1.050303876E-1,2.856371403E-1
4.849894225E1,7.673883438E-1,1.202506721E-1,2.676036954E-1
4.850898225E1,7.495683432E-1,9.056468308E-2,2.641868591E-1
4.851902325E1,7.208691835E-1,5.239119008E-2,2.779552042E-1
4.852906325E1,6.733879447E-1,1.373514161E-2,3.066739440E-1
4.853910425E1,6.238803267E-1,-3.935444355E-2,3.354752362E-1
4.854914425E1,5.754890442E-1,-9.266426414E-2,3.554316163E-1
4.855918425E1,5.586270690E-1,-1.310124546E-1,3.809300065E-1
4.856922525E1,6.038699150E-1,-1.612877995E-1,3.713940382E-1
4.857926525E1,6.704259515E-1,-1.707594991E-1,3.050211668E-1
4.858930525E1,7.024054527E-1,-1.257323623E-1,2.077590674E-1
4.859934625E1,6.543919444E-1,-1.127892435E-1,1.653752476E-1
4.860938625E1,5.800279379E-1,-2.060739100E-1,2.061186880E-1
4.861942725E1,5.573384762E-1,-3.981605768E-1,2.708917558E-1
4.862946725E1,5.748157501E-1,-5.806723237E-1,2.916513681E-1
4.863950725E1,6.447649002E-1,-6.396884322E-1,2.978989184E-1
4.864954825E1,7.664023638E-1,-5.192916989E-1,3.307447433E-1
4.865958825E1,8.856784105E-1,-2.741785049E-1,3.907645643E-1
4.866962925E1,9.740148783E-1,-2.299446613E-2,4.398207963E-1
4.867966925E1,1.051646352E0,1.608568430E-1,4.659067094E-1
4.868970925E1,1.119696021E0,2.766526639E-1,4.957375824E-1
4.869975025E1,1.139886260E0,3.320757151E-1,5.281574130E-1
4.870979025E1,1.113828063E0,2.856450975E-1,5.244686604E-1
4.871983125E1,1.090160131E0,1.349938363E-1,5.436995029E-1
4.872987125E1,1.101257801E0,-6.037300080E-2,5.478415489E-1
4.873991125E1,1.155382872E0,-2.273764312E-1,5.358058810E-1
4.874995225E1,1.220780015E0,-3.128883839E-1,5.325136781E-1
4.875999225E1,1.282605052E0,-3.322996199E-1,5.609540343E-1
4.877003225E1,1.330973148E0,-2.935234606E-1,6.111013889E-1
4.878007325E1,1.356274724E0,-2.248520702E-1,6.708427668E-1
4.879011325E1,1.350963116E0,-1.554133296E-1,7.146840096E-1
4.880015425E1,1.333104253E0,-1.045462191E-1,7.415391803E-1
4.881019425E1,1.321339488E0,-7.219839841E-2,7.544368505E-1
4.882023425E1,1.314992547E0,-2.896086313E-2,7.503508925E-1
4.883027525E1,1.312014341E0,2.310873009E-2,7.189109325E-1
4.884031525E1,1.319198489E0,9.574298561E-2,6.699712276E-1
4.885035625E1,1.337911725E0,1.992403567E-1,6.044114232E-1
4.886039625E1,1.346534133E0,2.969502211E-1,5.277416110E-1
4.887043625E1,1.334870458E0,3.635018170E-1,4.530034959E-1
4.888047725E1,1.296289444E0,3.918153346E-1,4.003878534E-1
4.889051725E1,1.234638095E0,3.666979969E-1,3.653260171E-1
4.890055825E1,1.143515706E0,3.054690063E-1,3.529255986E-1
4.891059825E1,1.036912084E0,2.230798453E-1,3.427011967E-1
4.892063825E1,9.349094629E-1,1.156103835E-1,3.241401911E-1
4.893067925E1,8.319620490E-1,4.648445640E-3,2.959346771E-1
4.894071925E1,7.266406417E-1,-8.678623289E-2,2.587879598E-1
4.895076025E1,6.349461079E-1,-1.488749087E-1,2.048525810E-1
4.896080025E1,5.655689836E-1,-1.763717681E-1,1.473731250E-1
4.897084025E1,5.200982094E-1,-1.718340069E-1,8.851699531E-2
4.898088125E1,5.110836029E-1,-1.373660564E-1,4.426152259E-2
4.899092125E1,5.425310135E-1,-6.760294735E-2,3.036515228E-2
4.900096125E1,6.022526026E-1,-1.176834665E-2,2.655260637E-2
4.901100225E1,6.364707947E-1,-1.793542877E-2,1.482673455E-3
4.902104225E1,6.497075558E-1,-5.037555099E-2,-1.694576629E-2
4.903108325E1,6.739745140E-1,-5.622145534E-2,1.753657684E-2
4.904112325E1,6.898195148E-1,-6.708103418E-2,3.949369490E-2
4.905116325E1,6.819261312E-1,-1.022544652E-1,3.650083393E-2
4.906120425E1,6.577568650E-1,-1.140514538E-1,3.153219447E-2
4.907124425E1,6.216313243E-1,-7.119826227E-2,4.469513521E-2
4.908128525E1,5.865746140E-1,9.536994621E-3,5.563392118E-2
4.909132525E1,5.659193993E-1,5.807683244E-2,6.189607829E-2
4.910136525E1,5.652181506E-1,9.744852036E-2,8.073636144E-2
4.911140625E1,6.106495857E-1,1.056936681E-1,7.459191233E-2
4.912144625E1,6.763456464E-1,8.753321320E-2,6.123379245E-2
4.913148725E1,7.067517638E-1,6.943356991E-2,5.043068156E-2
4.914152725E1,6.877965331E-1,1.291391999E-1,6.470920146E-2
4.915156725E1,6.333391666E-1,2.647931576E-1,1.063743532E-1
4.916160825E1,5.372430682E-1,3.832132816E-1,1.811718345E-1
4.917164825E1,3.642987311E-1,3.415116370E-1,2.865611017E-1
4.918168925E1,1.250865310E-1,1.900586337E-1,3.765073121E-1
4.919172925E1,-5.913977697E-2,7.392350584E-2,4.721156061E-1
4.920176925E1,-7.473574579E-2,-1.345256865E-1,5.649118423E-1
4.921181025E1,6.824138016E-2,-5.044558644E-1,5.645728111E-1
4.922185025E1,2.618694305E-1,-8.692735434E-1,4.751850069E-1
4.923189125E1,4.698505700E-1,-1.110404730E0,3.315111995E-1
4.924193125E1,6.594495177E-1,-1.214513421E0,1.678027064E-1
4.925197125E1,8.116171956E-1,-1.143894672E0,3.781461716E-2
4.926201225E1,9.365878701E-1,-9.428501725E-1,-3.625252843E-2
4.927205225E1,1.016347170E0,-6.876277328E-1,-7.828679681E-2
4.928209325E1,1.036957979E0,-4.122827351E-1,-9.533668309E-2
4.929213325E1,9.785668254E-1,-1.536482424E-1,-1.348177791E-1
4.930217325E1,8.624768257E-1,7.725337893E-2,-1.875985116E-1
4.931221425E1,7.395508885E-1,2.707820833E-1,-2.434002608E-1
4.932225425E1,6.344983578E-1,4.192586243E-1,-2.991386354E-1
4.933229525E1,5.550833941E-1,5.144575834E-1,-3.340936899E-1
4.934233525E1,4.840428233E-1,5.129474998E-1,-3.407437503E-1
4.935237525E1,3.985191286E-1,4.000664651E-1,-3.476871252E-1
4.936241625E1,3.010355830E-1,2.257790267E-1,-3.400182128E-1
4.937245646E1,1.899897456E-1,6.606871635E-2,-3.384608030E-1
4.938249746E1,8.329331875E-2,-6.678269058E-2,-3.645833135E-1
4.939253746E1,4.975879565E-3,-2.052324414E-1,-3.843128085E-1
4.940257746E1,-4.133950174E-2,-3.216311932E-1,-4.059814513E-1
4.941261846E1,-5.550964922E-2,-3.953759670E-1,-4.385271370E-1
4.942265846E1,-4.323630780E-2,-4.111730754E-1,-4.591852427E-1
4.943269946E1,-3.432963043E-2,-3.909450471E-1,-4.917343855E-1
4.944273946E1,-3.460621834E-2,-3.174954951E-1,-5.017560720E-1
4.945277946E1,-3.636736795E-2,-2.187729180E-1,-4.890256226E-1
4.946282046E1,-2.858143859E-2,-1.062767357E-1,-4.755180180E-1
4.947286046E1,-8.662588894E-3,3.372527892E-3,-4.590197504E-1
4.948290146E1,3.866371512E-2,1.131314114E-1,-4.356113672E-1
4.949294146E1,9.273627400E-2,2.163590044E-1,-4.065616131E-1
4.950298146E1,1.386909783E-1,3.027066588E-1,-3.776793778E-1
4.951302246E1,1.629313678E-1,3.452021480E-1,-3.399325311E-1
4.952306246E1,1.749289185E-1,3.250190616E-1,-3.088735342E-1
4.953310346E1,1.732380688E-1,2.807991505E-1,-2.880657315E-1
4.954314346E1,1.549552828E-1,2.268520147E-1,-2.694255114E-1
4.955318346E1,1.418219060E-1,1.689442396E-1,-2.521306872E-1
4.956322446E1,1.417402029E-1,1.016308367E-1,-2.273440212E-1
4.957326446E1,1.469453424E-1,2.234932408E-2,-1.998727173E-1
4.958330546E1,1.489406377E-1,-6.627067924E-2,-1.628451943E-1
4.959334546E1,1.507899314E-1,-1.574362665E-1,-1.183728054E-1
4.960338546E1,1.334864199E-1,-2.284880728E-1,-7.003450394E-2
4.961342646E1,8.132043481E-2,-2.661587596E-1,-3.140961751E-2
4.962346646E1,1.149522886E-2,-2.652935386E-1,-8.631313685E-4
4.963350746E1,-6.343200803E-2,-2.608852088E-1,3.946298361E-2
4.964354746E1,-1.184431687E-1,-2.260378599E-1,7.562796772E-2
4.965358746E1,-1.486530006E-1,-1.578430980E-1,1.005005613E-1
4.966362846E1,-1.782352626E-1,-6.314769387E-2,1.005726606E-1
4.967366846E1,-2.166044861E-1,2.254644223E-2,6.183245406E-2
4.968370946E1,-2.454234213E-1,9.061688930E-2,2.287012059E-3
4.969374946E1,-2.427970171E-1,1.468726993E-1,-6.606914103E-2
4.970378946E1,-2.146441340E-1,2.004408091E-1,-1.318363547E-1
4.971383046E1,-1.929324418E-1,2.626708746E-1,-1.965713948E-1
4.972387046E1,-1.902972460E-1,3.389307559E-1,-2.452790141E-1
4.973391146E1,-2.118542045E-1,3.700548708E-1,-2.691079080E-1
4.974395146E1,-2.694258392E-1,3.128278553E-1,-2.560768425E-1
4.975399146E1,-3.171552718E-1,1.956487745E-1,-2.351121604E-1
4.976403246E1,-3.300796747E-1,4.511225596E-2,-2.073957920E-1
4.977407246E1,-2.973121405E-1,-1.076080501E-1,-1.806517988E-1
4.978411346E1,-2.289893627E-1,-1.818194985E-1,-1.861678213E-1
4.979415346E1,-1.342817694E-1,-1.976991296E-1,-2.830235362E-1
4.980419446E1,-4.039147124E-2,-2.072322071E-1,-4.400564730E-1
4.981423446E1,2.113953233E-2,-2.859096825E-1,-5.515086651E-1
4.982427446E1,5.542402714E-2,-5.432702899E-1,-5.034790039E-1
4.983431546E1,8.851806074E-2,-8.963750601E-1,-3.682497740E-1
4.984435546E1,9.431229532E-2,-1.134193897E0,-2.585279346E-1
4.985439646E1,2.743899077E-2,-1.180418134E0,-1.382736862E-1
4.986443646E1,-9.083663672E-2,-1.072036386E0,-1.073485613E-2
4.987447646E1,-2.084378451E-1,-8.894795775E-1,1.005807519E-1
4.988451746E1,-3.122763336E-1,-6.652662158E-1,1.508913040E-1
4.989455746E1,-3.864001036E-1,-4.420469999E-1,1.466875076E-1
4.990459846E1,-4.132066965E-1,-1.992777139E-1,1.551782042E-1
4.991463846E1,-3.779594898E-1,5.499743670E-2,1.901428550E-1
4.992467846E1,-2.751929462E-1,2.867976427E-1,2.249452025E-1
4.993471946E1,-1.562942564E-1,4.690782428E-1,2.643429339E-1
4.994475946E1,-6.704466045E-2,6.114610434E-1,2.924385369E-1
4.995480046E1,-9.722510353E-3,6.276655793E-1,3.044278026E-1
4.996484046E1,3.558782488E-2,5.268514752E-1,3.316161335E-1
4.997488046E1,7.858669013E-2,3.766387999E-1,3.822108507E-1
4.998492146E1,1.097161919E-1,2.123179883E-1,4.204579592E-1
4.999496146E1,1.454030871E-1,1.601611078E-2,4.471678436E-1
5.000500246E1,2.031186521E-1,-1.784562916E-1,4.746134281E-1
5.001504246E1,2.662859261E-1,-3.252657056E-1,5.087119937E-1
5.002508346E1,3.176451623E-1,-3.445673883E-1,5.442048907E-1
5.003512346E1,3.430056274E-1,-3.169264495E-1,5.589734316E-1
5.004516346E1,3.435367346E-1,-2.412642539E-1,5.736181736E-1
5.005520446E1,3.295980096E-1,-1.615917981E-1,5.792592764E-1
5.006524446E1,3.383482099E-1,-1.115242764E-1,5.596430302E-1
5.007528546E1,3.635009825E-1,-8.004517853E-2,5.312060714E-1
5.008532546E1,3.974976242E-1,-4.585428908E-2,4.847139120E-1
5.009536546E1,4.361278415E-1,3.608718142E-2,4.166957140E-1
5.010540646E1,4.712008536E-1,1.646487266E-1,3.486097455E-1
5.011544646E1,4.799410999E-1,2.995077372E-1,2.872845829E-1
5.012548746E1,4.610414207E-1,3.998163939E-1,2.348489314E-1
5.013552746E1,4.229635596E-1,4.457021356E-1,1.898148805E-1
5.014556746E1,3.861382008E-1,4.190045297E-1,1.665144861E-1
5.015560846E1,3.595252335E-1,3.235637546E-1,1.631692946E-1
5.016564846E1,3.534458876E-1,1.767362207E-1,1.413083971E-1
5.017568946E1,3.571042717E-1,3.989554942E-2,1.234622970E-1
5.018572946E1,3.604008555E-1,-6.155580282E-2,9.471833706E-2
5.019576946E1,3.636091650E-1,-1.251241267E-1,5.085846409E-2
5.020581046E1,3.736751676E-1,-1.597364396E-1,1.285420265E-2
5.021585046E1,4.001416564E-1,-1.725584865E-1,-1.441763248E-2
5.022589146E1,4.459876120E-1,-1.447856426E-1,-3.779057041E-2
5.023593146E1,5.160063505E-1,-8.438675106E-2,-4.869328812E-2
5.024597246E1,6.020742059E-1,-2.757887542E-2,-4.804364219E-2
5.025601246E1,6.845477819E-1,-2.788700163E-2,-3.646980971E-2
5.026605246E1,7.427795529E-1,-7.600472122E-2,-2.867238969E-2
5.027609346E1,7.596903443E-1,-1.449851245E-1,-4.690732062E-2
5.028613346E1,7.276006937E-1,-1.284189373E-1,-6.667043269E-2
5.029617446E1,6.346119046E-1,2.681565657E-2,-4.564077780E-2
5.030621446E1,5.384749770E-1,2.078645378E-1,-1.146059576E-2
5.031625446E1,4.745109677E-1,3.503324687E-1,2.337008715E-2
5.032629546E1,4.585805237E-1,4.580103457E-1,9.997054935E-2
5.033633546E1,4.663050175E-1,5.094445348E-1,1.852534860E-1
5.034637646E1,4.367381632E-1,4.413439929E-1,2.349926382E-1
5.035641646E1,3.607158363E-1,3.208791018E-1,2.526174486E-1
5.036645696E1,2.734431028E-1,2.423123121E-1,2.397403419E-1
5.037649796E1,1.629775763E-1,1.620986909E-1,1.870369166E-1
5.038653796E1,-2.143437508E-3,1.139134914E-1,1.722609997E-1
5.039657896E1,-1.838714182E-1,9.702345729E-2,2.537678778E-1
5.040661896E1,-3.304787576E-1,7.039738446E-2,3.816970885E-1
5.041665996E1,-3.951863945E-1,-1.334644109E-1,4.645573497E-1
5.042669996E1,-4.143650234E-1,-4.386600852E-1,4.907850325E-1
5.043673996E1,-3.941620290E-1,-6.994821429E-1,4.847998321E-1
5.044678096E1,-2.983369827E-1,-8.797690272E-1,4.494739473E-1
5.045682096E1,-1.298020482E-1,-9.330785871E-1,3.791356087E-1
5.046686196E1,3.701955453E-2,-8.038021326E-1,3.191325366E-1
5.047690196E1,1.483175904E-1,-5.273665190E-1,2.688014507E-1
5.048694196E1,1.860218495E-1,-2.401828021E-1,2.009078860E-1
5.049698296E1,1.614456624E-1,-3.857831657E-2,7.970343530E-2
5.050702296E1,1.085741296E-1,7.249671221E-2,-6.050452217E-2
5.051706396E1,6.823496521E-2,1.475246102E-1,-1.918135434E-1
5.052710396E1,7.342383265E-2,2.201147228E-1,-2.751483619E-1
5.053714496E1,1.260425746E-1,2.825495899E-1,-3.055001497E-1
5.054718496E1,1.891314238E-1,2.953864634E-1,-3.249138594E-1
5.055722496E1,2.137291729E-1,2.605935931E-1,-3.446255326E-1
5.056726596E1,1.862815320E-1,1.865218133E-1,-3.872478008E-1
5.057730596E1,9.538065642E-2,9.836533666E-2,-4.356344938E-1
5.058734696E1,-4.331716150E-2,-8.160800673E-3,-4.686717689E-1
5.059738696E1,-1.760879904E-1,-1.014039293E-1,-4.834025204E-1
5.060742696E1,-2.679476440E-1,-1.617352366E-1,-4.840123057E-1
5.061746796E1,-3.175146878E-1,-1.976764649E-1,-4.803821743E-1
5.062750796E1,-3.269992173E-1,-1.880957931E-1,-4.884025753E-1
5.063754896E1,-2.928902507E-1,-1.331246942E-1,-4.990368187E-1
5.064758896E1,-2.264137119E-1,-1.893488131E-2,-5.051005483E-1
5.065762996E1,-1.565741748E-1,1.099368110E-1,-5.150842071E-1
5.066766996E1,-1.126866639E-1,1.870799512E-1,-5.209687948E-1
5.067770996E1,-9.717721492E-2,2.353279144E-1,-4.971675575E-1
5.068775096E1,-9.974893928E-2,2.808485329E-1,-4.494932890E-1
5.069779096E1,-1.176331341E-1,3.394668400E-1,-3.870802522E-1
5.070783196E1,-1.189095154E-1,4.234727323E-1,-3.193008602E-1
5.071787196E1,-1.053042188E-1,4.715766311E-1,-2.524123490E-1
5.072791296E1,-6.392161548E-2,4.716471732E-1,-1.934120208E-1
5.073795296E1,-1.115188003E-2,4.287891984E-1,-1.449267715E-1
5.074799296E1,4.276493937E-2,3.608701527E-1,-1.128843203E-1
5.075803396E1,9.570299089E-2,2.735786736E-1,-8.391605318E-2
5.076807396E1,1.504298002E-1,1.752527654E-1,-5.474682897E-2
5.077811496E1,1.952830255E-1,7.572164387E-2,-1.645643264E-2
5.078815496E1,2.333687842E-1,-9.199004620E-3,4.288778454E-2
5.079819496E1,2.406879514E-1,-6.922612339E-2,9.825915843E-2
5.080823596E1,2.242019325E-1,-9.707368165E-2,1.528905779E-1
5.081827596E1,1.871573627E-1,-1.032154635E-1,2.117139399E-1
5.082831696E1,1.466067880E-1,-1.049203575E-1,2.667340040E-1
5.083835696E1,1.220487133E-1,-1.000691429E-1,2.998118103E-1
5.084839796E1,1.189034805E-1,-6.637377292E-2,2.962617278E-1
5.085843796E1,1.106202453E-1,-2.378236689E-2,2.681975961E-1
5.086847796E1,8.431470394E-2,3.505240427E-3,2.331182361E-1
5.087851896E1,4.459844902E-2,3.130800091E-3,2.034945637E-1
5.088855896E1,2.425999846E-4,-1.000349224E-2,1.835795045E-1
5.089859996E1,-3.445945308E-2,-2.602826431E-2,1.598187834E-1
5.090863996E1,-5.172280222E-2,-3.497451171E-2,1.350493580E-1
5.091868096E1,-7.531494647E-2,-4.147475213E-2,1.085868627E-1
5.092872096E1,-1.148504466E-1,-6.186067313E-2,8.069442213E-2
5.093876096E1,-1.473322362E-1,-9.899152815E-2,6.114628538E-2
5.094880196E1,-1.751705259E-1,-1.442647278E-1,3.270825371E-2
5.095884196E1,-1.983687878E-1,-1.566713303E-1,-2.915404737E-2
5.096888296E1,-2.292279005E-1,-1.484597474E-1,-8.488548547E-2
5.097892296E1,-2.568664551E-1,-1.883791983E-1,-1.029441133E-1
5.098896296E1,-2.583947182E-1,-2.968490124E-1,-7.731818408E-2
5.099900396E1,-2.271635681E-1,-3.672161102E-1,-5.526907369E-2
5.100904396E1,-1.387693137E-1,-2.941462398E-1,-9.866378456E-2
5.101908496E1,3.482378321E-3,-8.980431408E-2,-2.079679072E-1
5.102912496E1,1.738311797E-1,1.053281575E-1,-3.672231734E-1
5.103916596E1,3.911429942E-1,1.501763165E-1,-5.437516570E-1
5.104920596E1,6.392053962E-1,-6.988646835E-2,-6.452506185E-1
5.105924596E1,8.076628447E-1,-4.792800844E-1,-5.732387304E-1
5.106928696E1,8.562483788E-1,-8.827733994E-1,-4.482804835E-1
5.107932696E1,8.228038549E-1,-1.141229153E0,-2.830230892E-1
5.108936796E1,7.562457323E-1,-1.164480925E0,-1.297286600E-1
5.109940796E1,6.895063519E-1,-9.847255945E-1,1.329106651E-2
5.110944896E1,6.167013049E-1,-6.803845763E-1,1.675675064E-1
5.111948896E1,5.498746037E-1,-3.800273836E-1,3.199485242E-1
5.112952896E1,5.118674636E-1,-1.186784580E-1,4.263648689E-1
5.113956996E1,5.292751789E-1,1.222164482E-1,4.903992414E-1
5.114960996E1,5.984302163E-1,2.531261742E-1,5.125043392E-1
5.115965096E1,6.941484809E-1,2.433936298E-1,4.985760450E-1
5.116969096E1,7.929224968E-1,1.798012257E-1,4.662869275E-1
5.117973096E1,8.707848191E-1,1.138515100E-1,4.518451393E-1
5.118977196E1,9.199680090E-1,5.855506659E-2,4.403675795E-1
5.119981196E1,9.389326572E-1,8.855422959E-3,4.224647582E-1
5.120985296E1,9.460563660E-1,-2.824741416E-2,4.160006642E-1
5.121989296E1,9.575151801E-1,-6.162560731E-2,4.385736287E-1
5.122993396E1,9.824940562E-1,-7.709426433E-2,4.783129394E-1
5.123997396E1,1.012649298E0,-5.730004609E-2,5.063698888E-1
5.125001396E1,1.055719018E0,-1.415108098E-3,4.900608063E-1
5.126005496E1,1.104048133E0,7.966456562E-2,4.717526436E-1
5.127009496E1,1.139284015E0,1.654061973E-1,4.794550836E-1
5.128013596E1,1.164185643E0,2.562080026E-1,4.802841246E-1
5.129017596E1,1.178215861E0,3.079934120E-1,4.708636701E-1
5.130021696E1,1.183272719E0,3.349379301E-1,4.580866098E-1
5.131025696E1,1.173732996E0,3.884659111E-1,4.556161761E-1
5.132029696E1,1.166315794E0,4.179582894E-1,4.330402911E-1
5.133033796E1,1.164275408E0,4.173286855E-1,4.217098951E-1
5.134037796E1,1.163221598E0,3.818889260E-1,4.006941020E-1
5.135041896E1,1.168962598E0,3.256841302E-1,3.691958487E-1
5.136045896E1,1.188769579E0,2.552064955E-1,3.366248608E-1
5.137049987E1,1.213983417E0,1.959677786E-1,3.153694570E-1
5.138053987E1,1.220451713E0,1.667297333E-1,3.128311932E-1
5.139057988E1,1.217923045E0,1.443912983E-1,3.003700078E-1
5.140062088E1,1.207242489E0,1.599351168E-1,3.043490350E-1
5.141066088E1,1.196106672E0,1.871612370E-1,3.055882156E-1
5.142070188E1,1.196285725E0,2.209333181E-1,2.849566936E-1
5.143074187E1,1.222906113E0,2.386428118E-1,2.667998075E-1
5.144078287E1,1.271723986E0,2.368001640E-1,2.512051165E-1
5.145082287E1,1.334834576E0,2.054679394E-1,2.139301151E-1
5.146086287E1,1.381761909E0,1.569499373E-1,1.641721427E-1
5.147090387E1,1.404918909E0,1.106507033E-1,1.102387011E-1
5.148094388E1,1.408347964E0,1.006518602E-1,7.755558938E-2
5.149098488E1,1.408705354E0,6.757924706E-2,7.069847733E-2
5.150102488E1,1.405513883E0,1.743484847E-2,7.405725121E-2
5.151106588E1,1.407171130E0,-2.274739556E-2,8.353216946E-2
5.152110587E1,1.420325041E0,-4.741678759E-2,9.051151574E-2
5.153114587E1,1.428704262E0,-6.723012775E-2,7.955385000E-2
5.154118687E1,1.423392534E0,-6.406948715E-2,6.291335076E-2
5.155122687E1,1.405348063E0,-2.685095556E-2,4.119843617E-2
5.156126787E1,1.374347329E0,3.511787206E-2,2.170596272E-2
5.157130787E1,1.327320933E0,7.469569892E-2,1.186278183E-2
5.158134887E1,1.269412637E0,1.043878123E-1,6.684503169E-4
5.159138888E1,1.199948549E0,1.057564616E-1,-3.840260208E-3
5.160142888E1,1.109618664E0,6.754782051E-2,2.017095918E-3
5.161146988E1,1.020646691E0,1.366781630E-2,7.733412087E-3
5.162150987E1,9.718148112E-1,-2.069468424E-2,-6.048712879E-3
5.163155087E1,9.574008584E-1,-1.010937523E-2,-1.582616940E-2
5.164159087E1,9.456544518E-1,3.432706743E-2,-5.812151823E-3
5.165163187E1,9.157763720E-1,9.814609587E-2,2.171964943E-2
5.166167187E1,8.669039011E-1,1.326515973E-1,7.639461011E-2
5.167171188E1,7.910682559E-1,1.200923175E-1,1.824133098E-1
5.168175287E1,7.016667128E-1,4.980670288E-2,2.612847090E-1
5.169179288E1,6.478559375E-1,-1.000535265E-1,3.375969231E-1
5.170183388E1,6.427522302E-1,-1.726299971E-1,4.051751792E-1
5.171187387E1,6.761986017E-1,-2.225221843E-1,4.203810096E-1
5.172191488E1,7.977884412E-1,-3.420041203E-1,3.875812590E-1
5.173195487E1,9.811902642E-1,-4.799208343E-1,3.457289934E-1
5.174199487E1,1.151978493E0,-6.150589585E-1,2.610774934E-1
5.175203587E1,1.241565585E0,-6.849316955E-1,1.648782045E-1
5.176207587E1,1.213474512E0,-6.842259169E-1,6.659875810E-2
5.177211687E1,1.084338903E0,-5.319893956E-1,1.641148143E-2
5.178215688E1,9.270787239E-1,-2.834368050E-1,8.462212048E-3
5.179219788E1,7.676981091E-1,-2.290701959E-3,8.432789706E-3
5.180223788E1,6.312715411E-1,2.781002223E-1,-2.333579212E-2
5.181227787E1,5.454092622E-1,4.993368089E-1,-5.826428160E-2
5.182231887E1,5.055087209E-1,5.905202627E-1,-8.587380499E-2
5.183235887E1,4.821920097E-1,5.179838538E-1,-1.340331435E-1
5.184239987E1,4.746088982E-1,3.332904577E-1,-1.899139881E-1
5.185243987E1,4.640965462E-1,1.246621460E-1,-2.590851486E-1
5.186248087E1,4.316025376E-1,-2.621578053E-2,-3.460213840E-1
5.187252087E1,4.389030337E-1,-8.989968896E-2,-4.069727361E-1
5.188256088E1,4.744138718E-1,-1.008285061E-1,-4.635870159E-1
5.189260188E1,5.386180282E-1,-1.019903943E-1,-5.242660046E-1
5.190264187E1,6.310324073E-1,-1.210820675E-1,-5.861802101E-1
5.191268288E1,7.340047359E-1,-1.360404640E-1,-6.128863692E-1
5.192272287E1,8.111661077E-1,-1.090424061E-1,-6.034585238E-1
5.193276387E1,8.570610881E-1,-2.104249410E-2,-5.655781031E-1
5.194280387E1,8.774281144E-1,1.263477653E-1,-4.992461503E-1
5.195284387E1,8.751747608E-1,2.758265138E-1,-4.394677579E-1
5.196288487E1,8.449302912E-1,3.947169483E-1,-3.818305731E-1
5.197292488E1,7.809031010E-1,4.433673024E-1,-3.262597024E-1
5.198296588E1,6.860793829E-1,4.689006209E-1,-2.619278729E-1
5.199300588E1,5.872261524E-1,4.985580742E-1,-2.085463107E-1
5.200304688E1,5.019096732E-1,4.924620986E-1,-1.690417826E-1
5.201308687E1,4.194082916E-1,4.090121090E-1,-1.264987886E-1
5.202312687E1,3.472787142E-1,2.302697897E-1,-8.859562129E-2
5.203316787E1,3.066090941E-1,-1.524633542E-2,-6.027666852E-2
5.204320787E1,2.968369126E-1,-2.500588596E-1,-2.979759127E-2
5.205324887E1,2.860384583E-1,-3.747591972E-1,1.791887172E-2
5.206328887E1,2.634063959E-1,-3.744824827E-1,5.985806510E-2
5.207332987E1,2.471509874E-1,-3.128191233E-1,9.857030958E-2
5.208336988E1,2.446172386E-1,-2.374933213E-1,1.463658065E-1
5.209340988E1,2.426151186E-1,-1.426626742E-1,2.022781819E-1
5.210345088E1,2.256092429E-1,-2.579224855E-2,2.611801028E-1
5.211349087E1,1.755527407E-1,1.000696495E-1,2.962363660E-1
5.212353187E1,1.149261519E-1,2.029049546E-1,3.013533652E-1
5.213357187E1,4.542918503E-2,2.567380965E-1,2.897759974E-1
5.214361287E1,-3.118223697E-2,2.429162860E-1,2.610713840E-1
5.215365287E1,-9.388566762E-2,1.866731495E-1,2.394497842E-1
5.216369288E1,-1.417274922E-1,1.203814745E-1,2.306821197E-1
5.217373388E1,-1.843920201E-1,5.313490331E-2,2.082593143E-1
5.218377388E1,-2.095312029E-1,-1.074580662E-2,1.765586436E-1
5.219381488E1,-2.377950698E-1,-7.201150805E-2,1.306354702E-1
5.220385487E1,-2.877199948E-1,-1.268627644E-1,7.990998775E-2
5.221389588E1,-3.670111597E-1,-1.626482010E-1,4.531994462E-2
5.222393587E1,-4.614028931E-1,-1.915922314E-1,3.342946246E-2
5.223397587E1,-5.703219771E-1,-2.305874079E-1,3.008640930E-2
5.224401687E1,-6.750606298E-1,-2.707929015E-1,2.489564195E-2
5.225405687E1,-7.295491099E-1,-2.636795938E-1,7.396916393E-3
5.226409787E1,-7.583477497E-1,-1.800208986E-1,-3.251481429E-2
5.227413788E1,-7.661281228E-1,-9.012300521E-3,-9.450042993E-2
5.228417888E1,-7.170692682E-1,1.715231240E-1,-1.710607260E-1
5.229421888E1,-6.176971793E-1,2.856329679E-1,-2.588822842E-1
5.230425887E1,-5.502888560E-1,2.947314084E-1,-2.943587601E-1
5.231429987E1,-5.391125083E-1,2.019397616E-1,-2.635319531E-1
5.232433987E1,-5.708342195E-1,1.668175496E-2,-1.835010350E-1
5.233438087E1,-6.570730209E-1,-1.845203191E-1,-6.228602305E-2
5.234442087E1,-8.051735759E-1,-3.391442597E-1,7.415224612E-2
5.235446187E1,-9.536486268E-1,-4.284105003E-1,1.896941513E-1
5.236450188E1,-1.052996278E0,-4.630102813E-1,2.639902234E-1
5.237454146E1,-1.057220817E0,-4.127370119E-1,2.857788801E-1
5.238458246E1,-9.621282816E-1,-3.009622693E-1,2.820720375E-1
5.239462246E1,-7.983260751E-1,-1.558391303E-1,2.615745068E-1
5.240466346E1,-6.233848929E-1,-2.247716766E-3,2.338123620E-1
5.241470346E1,-5.187194943E-1,1.384175718E-1,2.120527625E-1
5.242474446E1,-4.989114702E-1,2.271343917E-1,2.033500969E-1
5.243478446E1,-5.309034586E-1,2.664045095E-1,2.120700479E-1
5.244482446E1,-5.689954162E-1,2.803623974E-1,2.357226461E-1
5.245486546E1,-5.631805658E-1,2.804806232E-1,2.727103233E-1
5.246490546E1,-4.872794449E-1,2.754256725E-1,3.202157915E-1
5.247494646E1,-3.785939813E-1,2.420874089E-1,3.837753236E-1
5.248498646E1,-2.677358985E-1,1.734614819E-1,4.392668009E-1
5.249502746E1,-1.828864813E-1,8.985015005E-2,4.756120145E-1
5.250506746E1,-1.365980804E-1,1.597459987E-2,4.941220284E-1
5.251510746E1,-1.104219556E-1,-8.196502179E-2,4.876509011E-1
5.252514846E1,-9.362407029E-2,-1.577713788E-1,4.275569320E-1
5.253518846E1,-7.621864229E-2,-2.178774923E-1,3.677577674E-1
5.254522946E1,-6.718200445E-2,-2.373001873E-1,3.366022408E-1
5.255526946E1,-6.725819409E-2,-1.970441937E-1,3.199328184E-1
5.256531046E1,-7.777608931E-2,-1.172436476E-1,3.210923672E-1
5.257535046E1,-9.774380922E-2,-3.135756403E-2,3.163158000E-1
5.258539046E1,-1.125211567E-1,7.348096371E-2,3.049928546E-1
5.259543146E1,-1.026218906E-1,1.924698353E-1,2.795310020E-1
5.260547146E1,-5.721073598E-2,2.779594362E-1,2.716485858E-1
5.261551246E1,1.356564648E-2,2.914006114E-1,2.799736559E-1
5.262555246E1,9.243143350E-2,2.831432223E-1,2.985446751E-1
5.263559346E1,1.478014886E-1,2.457148880E-1,3.056233525E-1
5.264563346E1,1.699949354E-1,2.090852410E-1,2.940439284E-1
5.265567346E1,1.769204587E-1,1.890728772E-1,2.858581841E-1
5.266571446E1,1.778467000E-1,1.839673370E-1,2.675814331E-1
5.267575446E1,1.954028606E-1,1.847777665E-1,2.277563810E-1
5.268579546E1,2.489894032E-1,1.479313374E-1,1.614678949E-1
5.269583546E1,3.146813512E-1,7.253059745E-2,1.063461676E-1
5.270587646E1,3.732083142E-1,-2.717735618E-2,6.520032883E-2
5.271591646E1,4.371621013E-1,-1.277603060E-1,2.572582476E-2
5.272595646E1,5.091210008E-1,-2.060226351E-1,-1.097674249E-4
5.273599746E1,5.608866215E-1,-2.366214991E-1,-1.049257116E-3
5.274603746E1,5.875120759E-1,-2.032629997E-1,2.155219205E-2
5.275607846E1,5.933446884E-1,-1.195120290E-1,3.966420144E-2
5.276611846E1,5.866414905E-1,-3.252466023E-2,5.219650269E-2
5.277615946E1,5.664170384E-1,3.259408846E-2,5.009668693E-2
5.278619946E1,5.431452990E-1,7.674051076E-2,5.274067074E-2
5.279623946E1,5.271787047E-1,1.083782911E-1,7.377743721E-2
5.280628046E1,5.319569707E-1,1.286886185E-1,9.458871186E-2
5.281632046E1,5.511626601E-1,1.247738823E-1,9.130167216E-2
5.282636146E1,5.730040669E-1,8.360647410E-2,6.532306969E-2
5.283640146E1,5.806379318E-1,-1.698839478E-3,2.114271559E-2
5.284644246E1,5.443334579E-1,-1.222667992E-1,-1.877354085E-2
5.285648246E1,4.945741296E-1,-2.283386290E-1,-6.176638603E-2
5.286652246E1,4.746992290E-1,-2.751690149E-1,-9.555497766E-2
5.287656346E1,4.712712467E-1,-2.026043981E-1,-9.500334412E-2
5.288660346E1,4.645614326E-1,5.367433652E-3,-4.048843682E-2
5.289664446E1,4.378363490E-1,2.423079759E-1,1.717646979E-2
5.290668446E1,3.757370114E-1,3.835284710E-1,9.168319404E-2
5.291672546E1,2.958854735E-1,3.628420234E-1,1.799748987E-1
5.292676546E1,2.252997309E-1,1.469363868E-1,2.341425270E-1
5.293680546E1,1.639074683E-1,-2.041093558E-1,2.741341591E-1
5.294684646E1,1.305146217E-1,-4.467246532E-1,3.041570485E-1
5.295688646E1,1.288241446E-1,-5.080791116E-1,3.406516314E-1
5.296692746E1,1.979483515E-1,-5.906429887E-1,3.540305495E-1
5.297696746E1,2.875424325E-1,-6.972384453E-1,3.265986443E-1
5.298700846E1,3.343906403E-1,-7.631543279E-1,2.569340765E-1
5.299704846E1,3.512152433E-1,-7.356657386E-1,1.901831031E-1
5.300708846E1,3.484042883E-1,-6.258084774E-1,1.247215346E-1
5.301712946E1,3.077208400E-1,-4.910633564E-1,4.845496640E-2
5.302716946E1,2.010684162E-1,-3.350426257E-1,-3.798671812E-2
5.303721046E1,4.575815052E-2,-1.473769993E-1,-9.237060696E-2
5.304725046E1,-9.612495452E-2,5.881266296E-2,-1.236102805E-1
5.305729146E1,-1.813141853E-1,2.427516580E-1,-1.345561296E-1
5.306733146E1,-1.966665089E-1,3.434958458E-1,-1.721783280E-1
5.307737146E1,-1.336922646E-1,3.171775043E-1,-2.671882212E-1
5.308741246E1,-7.016921043E-2,2.694765627E-1,-3.647307456E-1
5.309745246E1,-3.845126927E-2,1.881104559E-1,-4.353950620E-1
5.310749346E1,-5.246988311E-2,6.554593891E-2,-4.906173050E-1
5.311753346E1,-9.977238625E-2,-8.564269543E-2,-5.531753302E-1
5.312757346E1,-1.461169869E-1,-2.152803242E-1,-5.964551568E-1
5.313761446E1,-1.657361239E-1,-3.184670806E-1,-6.035830975E-1
5.314765446E1,-1.507020444E-1,-4.003369212E-1,-5.833917856E-1
5.315769546E1,-1.289396882E-1,-4.202499688E-1,-5.621787906E-1
5.316773546E1,-1.092354953E-1,-3.562366366E-1,-5.629029274E-1
5.317777646E1,-9.816320986E-2,-2.309878469E-1,-5.622074008E-1
5.318781646E1,-6.579142809E-2,-9.255726635E-2,-5.487715006E-1
5.319785646E1,-1.372773293E-2,1.604164205E-2,-5.193185806E-1
5.320789746E1,3.068393841E-2,9.676151723E-2,-4.881460667E-1
5.321793746E1,4.239122942E-2,1.541752219E-1,-4.538639784E-1
5.322797846E1,1.914369874E-2,1.676239222E-1,-3.998912871E-1
5.323801846E1,-2.328567393E-2,1.409117877E-1,-3.291097581E-1
5.324805946E1,-7.221433520E-2,1.084308103E-1,-2.427508831E-1
5.325809946E1,-1.191240028E-1,8.203114569E-2,-1.474430263E-1
5.326813946E1,-1.651000082E-1,4.836159945E-2,-4.759232327E-2
5.327818046E1,-2.072761655E-1,-1.765677519E-2,3.985466808E-2
5.328822046E1,-2.402200103E-1,-1.027258635E-1,1.047455221E-1
5.329826146E1,-2.394250035E-1,-1.841413081E-1,1.583642364E-1
5.330830146E1,-2.242580354E-1,-2.346260548E-1,1.968972534E-1
5.331834246E1,-2.068730146E-1,-2.427644134E-1,2.137308717E-1
5.332838246E1,-1.838755459E-1,-2.255049944E-1,2.065448761E-1
5.333842246E1,-1.670185626E-1,-1.921290904E-1,1.800867766E-1
5.334846346E1,-1.657900363E-1,-1.381683797E-1,1.503206193E-1
5.335850346E1,-1.704893261E-1,-6.246072799E-2,1.211382896E-1
5.336854458E1,-1.849561483E-1,2.809341066E-2,1.145509630E-1
5.337858458E1,-2.160555273E-1,9.401213378E-2,1.302749664E-1
5.338862458E1,-2.489202768E-1,1.276576966E-1,1.424839497E-1
5.339866558E1,-2.804277539E-1,1.279131621E-1,1.386565417E-1
5.340870558E1,-3.061184883E-1,9.531287849E-2,1.388706565E-1
5.341874658E1,-3.273272514E-1,4.658522084E-2,1.470447779E-1
5.342878658E1,-3.489664793E-1,1.264696196E-2,1.442870796E-1
5.343882758E1,-3.864246607E-1,-1.657371968E-2,1.245238930E-1
5.344886758E1,-4.528891444E-1,-4.554545134E-2,8.867721260E-2
5.345890758E1,-5.687647462E-1,-8.977292478E-2,8.465430140E-2
5.346894858E1,-6.985219717E-1,-1.486242563E-1,1.025590003E-1
5.347898858E1,-8.001925349E-1,-1.780752689E-1,9.882614017E-2
5.348902958E1,-8.300923705E-1,-1.075078920E-1,3.840008378E-2
5.349906958E1,-8.117377758E-1,8.007916063E-2,-9.839697927E-2
5.350911058E1,-8.073108196E-1,3.086292446E-1,-2.779137194E-1
5.351915058E1,-7.915348411E-1,4.746581018E-1,-4.229481220E-1
5.352919058E1,-6.924663186E-1,4.876950681E-1,-5.042368770E-1
5.353923158E1,-5.494092703E-1,2.793625593E-1,-4.769652784E-1
5.354927158E1,-4.365794361E-1,-6.516927481E-2,-3.382023573E-1
5.355931258E1,-3.955383301E-1,-3.409526944E-1,-1.739397049E-1
5.356935258E1,-4.189131856E-1,-4.163427949E-1,-5.750364065E-2
5.357939358E1,-4.281700552E-1,-3.791483045E-1,-2.473078296E-2
5.358943358E1,-4.010340273E-1,-3.171203434E-1,-5.392888188E-2
5.359947358E1,-2.879249454E-1,-2.654060125E-1,-6.722599268E-2
5.360951458E1,-1.130442023E-1,-2.281582355E-1,-2.375387773E-2
5.361955458E1,2.987585217E-2,-1.867921650E-1,5.585711449E-2
5.362959558E1,3.861847520E-2,-1.852102578E-1,9.004490823E-2
5.363963558E1,-6.183351949E-2,-2.174925506E-1,6.874079257E-2
5.364967558E1,-1.864801049E-1,-2.723677754E-1,4.641178623E-2
5.365971658E1,-2.810516059E-1,-3.181405365E-1,4.620924592E-2
5.366975658E1,-2.840143740E-1,-3.094138801E-1,7.894482464E-2
5.367979758E1,-1.702891290E-1,-2.180108577E-1,1.445676237E-1
5.368983758E1,1.017705817E-2,-8.182025701E-2,2.201776952E-1
5.369987858E1,1.766494066E-1,3.913290054E-2,3.012214303E-1
5.370991858E1,2.911352515E-1,5.393847823E-2,3.870109022E-1
5.371995858E1,3.363510668E-1,1.103113289E-3,4.659941792E-1
5.372999958E1,3.263248205E-1,-8.327834308E-2,5.067306757E-1
5.374003958E1,2.882689536E-1,-1.339861900E-1,5.072593689E-1
5.375008058E1,2.465249747E-1,-1.084123924E-1,4.854350090E-1
5.376012058E1,2.176802605E-1,-4.025214538E-2,4.655000567E-1
5.377016158E1,2.049175948E-1,1.070051827E-2,4.536433816E-1
5.378020158E1,2.016325593E-1,2.267158590E-2,4.532764256E-1
5.379024158E1,2.159814090E-1,5.874064192E-2,4.540271759E-1
5.380028258E1,2.624091208E-1,1.102064997E-1,4.494700730E-1
5.381032258E1,3.149431646E-1,1.705507934E-1,4.435024559E-1
5.382036358E1,3.431509435E-1,1.907310039E-1,4.386741221E-1
5.383040358E1,3.470644355E-1,2.088695168E-1,4.413450062E-1
5.384044358E1,3.284436464E-1,2.361906320E-1,4.410079718E-1
5.385048458E1,3.071101308E-1,2.695304453E-1,4.234566987E-1
5.386052458E1,2.874078453E-1,3.013845086E-1,3.896523714E-1
5.387056558E1,2.670756578E-1,3.492513597E-1,3.460580111E-1
5.388060558E1,2.637380064E-1,3.935684264E-1,2.826073766E-1
5.389064658E1,2.961902320E-1,4.272302389E-1,2.084077150E-1
5.390068658E1,3.508076966E-1,4.330137670E-1,1.414883137E-1
5.391072658E1,3.964881003E-1,4.234021604E-1,8.247239888E-2
5.392076758E1,4.297608733E-1,4.144405723E-1,3.792754933E-2
5.393080758E1,4.470844567E-1,4.075706601E-1,8.571523242E-3
5.394084858E1,4.486574233E-1,4.029910266E-1,-1.421212498E-2
5.395088858E1,4.511386752E-1,3.829544485E-1,-3.113944456E-2
5.396092858E1,4.705842435E-1,3.472163081E-1,-5.183112994E-2
5.397096958E1,5.009232759E-1,3.300080299E-1,-6.370750070E-2
5.398100958E1,5.462172031E-1,2.983565032E-1,-5.257264897E-2
5.399105058E1,5.908243656E-1,2.446565479E-1,-4.063156992E-2
5.400109058E1,6.027624011E-1,1.787814647E-1,-4.706414044E-2
5.401113158E1,5.935132504E-1,1.059440002E-1,-8.783367276E-2
5.402117158E1,5.903933048E-1,3.966201842E-2,-1.286885440E-1
5.403121158E1,6.013708711E-1,-3.798107849E-3,-1.472233534E-1
5.404125258E1,6.452615261E-1,-3.465216607E-2,-1.429369450E-1
5.405129258E1,7.022097707E-1,-7.127649337E-2,-1.215738654E-1
5.406133358E1,7.312974334E-1,-9.331068397E-2,-9.531035274E-2
5.407137358E1,7.065976858E-1,-9.077429026E-2,-8.588729054E-2
5.408141458E1,6.315622330E-1,-8.748949319E-2,-7.856314629E-2
5.409145458E1,5.174719095E-1,-9.826091677E-2,-7.613754272E-2
5.410149458E1,3.652911186E-1,-1.219008863E-1,-8.298251778E-2
5.411153558E1,2.149234563E-1,-1.294613481E-1,-8.799938112E-2
5.412157558E1,1.151904389E-1,-1.005792543E-1,-1.044123024E-1
5.413161658E1,1.091812849E-1,-2.190361917E-2,-1.208179072E-1
5.414165658E1,1.595491469E-1,1.151404679E-1,-1.171965525E-1
5.415169658E1,1.819612384E-1,2.899559438E-1,-6.602098793E-2
5.416173758E1,1.322149187E-1,4.012897313E-1,5.203838460E-3
5.417177758E1,1.157265902E-2,3.560106754E-1,6.601445377E-2
5.418181858E1,-2.094489336E-1,3.244487345E-1,1.568567455E-1
5.419185858E1,-4.664452970E-1,2.138444483E-1,2.480409890E-1
5.420189858E1,-6.067252159E-1,-5.687209964E-2,3.208062947E-1
5.421193958E1,-5.162003636E-1,-3.857122958E-1,2.994887531E-1
5.422197958E1,-2.608865201E-1,-6.804131269E-1,1.804872155E-1
5.423202058E1,4.487898201E-2,-9.009053111E-1,4.133731872E-2
5.424206058E1,2.985851467E-1,-1.010306120E0,-9.112546593E-2
5.425210158E1,4.457447827E-1,-9.891690016E-1,-1.900499016E-1
5.426214158E1,4.499412179E-1,-8.226634264E-1,-2.492500097E-1
5.427218158E1,3.481525481E-1,-5.489346385E-1,-2.679589987E-1
5.428222258E1,2.097481042E-1,-2.240191698E-1,-2.467973977E-1
5.429226258E1,6.806287169E-2,8.463320881E-2,-2.421634942E-1
5.430230358E1,-7.102504373E-2,3.117745817E-1,-2.594124973E-1
5.431234358E1,-1.759165823E-1,4.430439174E-1,-2.966046035E-1
5.432238458E1,-2.076234967E-1,4.963013530E-1,-3.503699005E-1
5.433242458E1,-1.707698703E-1,4.928043485E-1,-3.726384640E-1
5.434246458E1,-1.393557638E-1,4.019995332E-1,-3.654742837E-1
5.435250558E1,-1.562407464E-1,2.382260263E-1,-3.861108422E-1
5.436254558E1,-2.195904702E-1,4.797597229E-2,-4.447027743E-1
5.437258712E1,-3.047642112E-1,-1.067353114E-1,-5.156813264E-1
5.438262712E1,-3.742144406E-1,-2.120340317E-1,-5.545526743E-1
5.439266713E1,-3.998290002E-1,-2.675489783E-1,-5.593836308E-1
5.440270813E1,-3.787732124E-1,-3.170194030E-1,-5.736458302E-1
5.441274813E1,-3.249177039E-1,-3.586890996E-1,-5.949881673E-1
5.442278913E1,-2.680423856E-1,-3.521741033E-1,-5.891094208E-1
5.443282912E1,-2.151490599E-1,-2.849500477E-1,-5.693413019E-1
5.444286912E1,-1.689874828E-1,-1.688955128E-1,-5.484364629E-1
5.445291012E1,-1.577926278E-1,-1.967886835E-2,-5.166404843E-1
5.446295012E1,-1.733024269E-1,1.566732675E-1,-4.605329335E-1
5.447299112E1,-2.364004403E-1,3.127150536E-1,-4.141257405E-1
5.448303112E1,-3.484118581E-1,4.068223238E-1,-3.813304305E-1
5.449307212E1,-4.897988141E-1,4.247872233E-1,-3.630811274E-1
5.450311213E1,-6.315931082E-1,3.884105086E-1,-3.296290934E-1
5.451315213E1,-7.428386807E-1,3.185395300E-1,-2.612934411E-1
5.452319313E1,-8.106989861E-1,2.182601988E-1,-1.928017288E-1
5.453323312E1,-8.388025165E-1,9.829198569E-2,-1.487860680E-1
5.454327412E1,-8.277530670E-1,-2.092955448E-2,-1.336872578E-1
5.455331412E1,-7.891081572E-1,-1.519245803E-1,-1.182198748E-1
5.456335412E1,-7.385911345E-1,-2.381137311E-1,-1.031316593E-1
5.457339512E1,-6.998754740E-1,-2.772531509E-1,-9.458504617E-2
5.458343513E1,-6.665189266E-1,-3.097805083E-1,-8.643732965E-2
5.459347613E1,-6.219775677E-1,-3.663026392E-1,-5.754815787E-2
5.460351613E1,-5.749680996E-1,-4.031023383E-1,-2.181354212E-3
5.461355713E1,-5.431411862E-1,-3.877121806E-1,4.426896945E-2
5.462359712E1,-5.102211833E-1,-3.071117699E-1,8.801504970E-2
5.463363712E1,-4.700886607E-1,-1.856822819E-1,1.272982657E-1
5.464367812E1,-4.347431660E-1,-6.971200556E-2,1.527700722E-1
5.465371812E1,-3.974167109E-1,4.350673407E-3,1.572395712E-1
5.466375912E1,-3.554948270E-1,1.821988449E-2,1.456761211E-1
5.467379912E1,-3.255904317E-1,6.323542912E-3,1.466508359E-1
5.468383913E1,-3.249518871E-1,-1.817684993E-2,1.571675688E-1
5.469388013E1,-3.502918482E-1,-5.801986903E-2,1.673541516E-1
5.470392013E1,-3.842183650E-1,-8.965433389E-2,1.662378758E-1
5.471396113E1,-4.106577039E-1,-1.239443943E-1,1.530989110E-1
5.472400112E1,-4.383704662E-1,-1.439913362E-1,1.349073350E-1
5.473404212E1,-4.931511581E-1,-1.374330372E-1,1.065278947E-1
5.474408212E1,-5.775402188E-1,-1.089338064E-1,8.841154724E-2
5.475412212E1,-6.905083060E-1,-8.588574827E-2,8.414543420E-2
5.476416312E1,-7.802727222E-1,-6.868832558E-2,9.762681276E-2
5.477420313E1,-7.916731834E-1,3.287596395E-3,6.006798521E-2
5.478424413E1,-7.364546657E-1,2.049549818E-1,-6.033563986E-2
5.479428413E1,-6.105108261E-1,4.385626912E-1,-2.417022437E-1
5.480432412E1,-3.861109912E-1,5.348360538E-1,-4.686708450E-1
5.481436512E1,-1.548079699E-1,4.434965849E-1,-6.711807847E-1
5.482440512E1,-2.121582069E-2,1.919610500E-1,-7.081171274E-1
5.483444612E1,-2.547208406E-2,-1.410874724E-1,-6.097303629E-1
5.484448612E1,-1.592731178E-1,-4.436599016E-1,-5.141019225E-1
5.485452712E1,-3.686910570E-1,-6.852443218E-1,-4.368537366E-1
5.486456712E1,-5.263584256E-1,-7.830338478E-1,-3.563994169E-1
5.487460713E1,-5.656245947E-1,-7.156678438E-1,-2.657962739E-1
5.488464813E1,-4.984544814E-1,-5.680528879E-1,-1.649937928E-1
5.489468813E1,-3.633541763E-1,-4.277468920E-1,-8.400386572E-2
5.490472913E1,-2.069766074E-1,-2.711383104E-1,-4.043814540E-2
5.491476912E1,-1.165090352E-1,-1.177932248E-1,-4.386297241E-2
5.492480912E1,-1.390741915E-1,-1.444297563E-2,-6.192883477E-2
5.493485012E1,-2.352324277E-1,3.832436353E-2,-7.658953965E-2
5.494489012E1,-3.222097754E-1,8.900569379E-2,-6.112661585E-2
5.495493112E1,-3.351671100E-1,1.461411566E-1,7.961640134E-3
5.496497113E1,-2.589740157E-1,2.223917246E-1,1.239545047E-1
5.497501212E1,-9.789110720E-2,2.948081195E-1,2.499441355E-1
5.498505213E1,1.035904884E-1,3.239508271E-1,3.824144900E-1
5.499509212E1,2.820675373E-1,2.810560763E-1,4.956822097E-1
5.500513312E1,3.816136420E-1,1.696850061E-1,5.494654775E-1
5.501517312E1,4.097906649E-1,2.011680603E-2,5.398365855E-1
5.502521412E1,3.891268373E-1,-1.005393118E-1,4.964829087E-1
5.503525412E1,3.373376727E-1,-1.607414037E-1,4.229272008E-1
5.504529412E1,2.698533535E-1,-1.524927318E-1,3.445155025E-1
5.505533512E1,2.202639431E-1,-1.105729789E-1,2.954912484E-1
5.506537513E1,2.087818384E-1,-6.957489997E-2,2.720050514E-1
5.507541613E1,2.386851311E-1,-4.000948742E-3,2.774181962E-1
5.508545613E1,3.026579320E-1,7.588233799E-2,3.123327792E-1
5.509549612E1,3.872622848E-1,1.232285500E-1,3.623282909E-1
5.510553712E1,4.610383213E-1,1.453750134E-1,3.882322013E-1
5.511557712E1,4.929153025E-1,1.874281913E-1,3.877048790E-1
5.512561812E1,4.686259627E-1,2.068111002E-1,3.757005334E-1
5.513565812E1,4.237764776E-1,2.084199190E-1,3.578467071E-1
5.514569912E1,3.906323910E-1,2.023553103E-1,3.525083959E-1
5.515573913E1,3.860594928E-1,2.173936516E-1,3.483557105E-1
5.516577913E1,4.065319896E-1,2.580496967E-1,3.097677231E-1
5.517582013E1,4.347689748E-1,3.124564588E-1,2.724954486E-1
5.518586012E1,4.511355460E-1,3.587366045E-1,2.459388673E-1
5.519590113E1,4.446012080E-1,3.663271666E-1,2.134365886E-1
5.520594112E1,4.190282822E-1,3.275620639E-1,1.758188754E-1
5.521598212E1,3.910925388E-1,2.582889795E-1,1.456457824E-1
5.522602212E1,3.716894090E-1,1.835903674E-1,1.208613887E-1
5.523606212E1,3.548308015E-1,1.475775093E-1,1.209647208E-1
5.524610312E1,3.290960491E-1,1.332931519E-1,1.256695390E-1
5.525614313E1,2.969431579E-1,9.817592055E-2,1.287726462E-1
5.526618413E1,2.667387724E-1,3.252420947E-2,1.311868727E-1
5.527622413E1,2.395484298E-1,-3.528013825E-2,1.283263713E-1
5.528626412E1,2.239925861E-1,-8.041363209E-2,1.123550162E-1
5.529630512E1,2.250783592E-1,-1.051506698E-1,8.970323950E-2
5.530634512E1,2.375091612E-1,-1.167715937E-1,5.052602291E-2
5.531638612E1,2.676537335E-1,-1.339513808E-1,6.984408014E-3
5.532642612E1,3.115260303E-1,-1.584769636E-1,-2.643768303E-2
5.533646712E1,3.681088984E-1,-1.871837080E-1,-4.111942276E-2
5.534650713E1,4.114956856E-1,-2.033540457E-1,-3.933201730E-2
5.535654713E1,4.400905967E-1,-1.956758797E-1,-2.714006789E-2
5.536658813E1,4.652616084E-1,-1.307876408E-1,-1.016740501E-2
5.537662825E1,4.673782885E-1,-4.229880124E-2,1.574914716E-2
5.538666925E1,4.670338333E-1,4.790253192E-2,4.560161382E-2
5.539670925E1,4.726392627E-1,1.326230168E-1,4.950314388E-2
5.540674925E1,4.715446532E-1,2.156714499E-1,2.311884239E-2
5.541679025E1,4.580290914E-1,3.044945300E-1,-1.699395664E-2
5.542683025E1,4.510267377E-1,3.998578489E-1,-4.953611270E-2
5.543687125E1,4.502967596E-1,5.143370628E-1,-5.519080535E-2
5.544691125E1,4.103501439E-1,6.081337333E-1,-3.282530233E-2
5.545695225E1,3.199014664E-1,5.075762272E-1,2.952435613E-2
5.546699225E1,1.649047881E-1,1.845149100E-1,1.552177817E-1
5.547703225E1,-5.764812231E-2,-2.464340776E-1,3.507491946E-1
5.548707325E1,-2.664300799E-1,-5.554563999E-1,5.729341507E-1
5.549711325E1,-3.158290386E-1,-7.665705085E-1,6.643623114E-1
5.550715425E1,-1.828396320E-1,-9.590114951E-1,6.035018563E-1
5.551719425E1,3.899094649E-3,-1.041126132E0,4.621995687E-1
5.552723425E1,1.543556154E-1,-9.987806678E-1,2.843627930E-1
5.553727525E1,2.469204366E-1,-8.419092298E-1,1.145212948E-1
5.554731525E1,2.747697234E-1,-6.544196010E-1,-2.490841597E-2
5.555735625E1,2.649866045E-1,-5.285162330E-1,-1.159714833E-1
5.556739625E1,1.993259341E-1,-4.397819340E-1,-1.649288386E-1
5.557743725E1,9.759823978E-2,-3.431722820E-1,-2.196738422E-1
5.558747725E1,1.953916810E-2,-2.181549817E-1,-2.707443833E-1
5.559751725E1,-1.181529276E-2,-8.271060139E-2,-2.758209109E-1
5.560755825E1,-5.943776108E-3,5.724323541E-2,-2.367716283E-1
5.561759825E1,1.638203487E-2,1.758617461E-1,-2.015942037E-1
5.562763925E1,2.976430766E-2,2.495340258E-1,-1.723250747E-1
5.563767925E1,2.765854634E-2,2.832746804E-1,-1.547162533E-1
5.564772025E1,-2.175085945E-3,2.757652402E-1,-1.510690153E-1
5.565776025E1,-6.855037808E-2,2.435790747E-1,-1.576203853E-1
5.566780025E1,-1.499575227E-1,2.013590336E-1,-1.851082593E-1
5.567784125E1,-2.104166001E-1,1.596965492E-1,-2.240194380E-1
5.568788125E1,-2.456778139E-1,1.636522561E-1,-2.452049404E-1
5.569792225E1,-2.723762989E-1,1.580753177E-1,-2.532985806E-1
5.570796225E1,-2.577138841E-1,8.712726086E-2,-2.732279301E-1
5.571800225E1,-2.052839845E-1,-1.455648988E-2,-2.968786657E-1
5.572804325E1,-1.784707159E-1,-1.006056666E-1,-3.141381145E-1
5.573808325E1,-1.705334187E-1,-1.142391860E-1,-3.598139882E-1
5.574812425E1,-1.551903784E-1,-4.442308843E-2,-4.026055336E-1
5.575816425E1,-1.449180394E-1,4.460904747E-2,-4.352066219E-1
5.576820525E1,-1.543873698E-1,1.046338230E-1,-4.839388132E-1
5.577824525E1,-1.728012711E-1,1.335895807E-1,-5.398643613E-1
5.578828525E1,-1.873871535E-1,1.445867866E-1,-5.722487569E-1
5.579832625E1,-2.040327042E-1,1.509967446E-1,-5.685064793E-1
5.580836625E1,-2.431784570E-1,1.307210922E-1,-5.498250723E-1
5.581840725E1,-2.928504050E-1,1.003874242E-1,-5.142795444E-1
5.582844725E1,-3.412826657E-1,5.399723351E-2,-4.599000514E-1
5.583848825E1,-3.890827000E-1,1.435607765E-2,-3.962291777E-1
5.584852825E1,-4.347614944E-1,-2.466487885E-2,-3.296545744E-1
5.585856825E1,-4.677993357E-1,-8.293857425E-2,-2.617287934E-1
5.586860925E1,-4.862893820E-1,-1.744789183E-1,-1.843546480E-1
5.587864925E1,-5.125017762E-1,-2.507166862E-1,-9.683944285E-2
5.588869025E1,-5.419383049E-1,-2.751455605E-1,-3.607871011E-2
5.589873025E1,-5.746043921E-1,-2.652961314E-1,-1.428393368E-2
5.590877025E1,-5.826668739E-1,-2.521730959E-1,-2.026468143E-2
5.591881125E1,-5.585746169E-1,-2.461863011E-1,-3.424761072E-2
5.592885125E1,-5.138688087E-1,-2.497115582E-1,-5.518774316E-2
5.593889225E1,-4.657273293E-1,-2.427330166E-1,-7.587970048E-2
5.594893225E1,-4.142729938E-1,-2.217952013E-1,-8.597359806E-2
5.595897325E1,-3.603210747E-1,-1.924130768E-1,-8.209417015E-2
5.596901325E1,-3.078638315E-1,-1.636504680E-1,-9.075884521E-2
5.597905325E1,-2.511837780E-1,-1.413057595E-1,-1.084374338E-1
5.598909425E1,-1.893863529E-1,-1.110897809E-1,-1.208195910E-1
5.599913425E1,-1.523455083E-1,-5.055373535E-2,-1.039439365E-1
5.600917525E1,-1.523940116E-1,3.535717726E-2,-5.656933784E-2
5.601921525E1,-1.754463315E-1,1.436423659E-1,-4.165874561E-4
5.602925625E1,-2.214012295E-1,2.752089202E-1,4.017046839E-2
5.603929625E1,-2.945140600E-1,4.182611406E-1,8.125265688E-2
5.604933625E1,-3.758648932E-1,5.267638564E-1,1.434725225E-1
5.605937725E1,-4.158716798E-1,5.804992318E-1,1.737667769E-1
5.606941725E1,-4.080023766E-1,6.424883008E-1,1.328148395E-1
5.607945825E1,-3.692781627E-1,7.336536646E-1,4.668856971E-3
5.608949825E1,-2.898494899E-1,7.620854378E-1,-1.927068383E-1
5.609953825E1,-1.431743205E-1,6.367552280E-1,-3.982850611E-1
5.610957925E1,1.566918381E-2,4.100145698E-1,-5.603895187E-1
5.611961925E1,1.077064276E-1,1.571284980E-1,-5.847516060E-1
5.612966025E1,5.220246315E-2,-7.109912485E-2,-4.457916319E-1
5.613970025E1,-1.586328149E-1,-2.844486833E-1,-2.326151580E-1
5.614974125E1,-3.925428689E-1,-4.956748188E-1,-3.931527957E-2
5.615978125E1,-5.607286692E-1,-6.541832089E-1,1.248219982E-1
5.616982125E1,-6.633797884E-1,-7.208973765E-1,2.509706318E-1
5.617986225E1,-6.952407956E-1,-6.724706888E-1,3.452065587E-1
5.618990225E1,-6.655043960E-1,-5.073009729E-1,4.041496515E-1
5.619994325E1,-5.972374678E-1,-2.685903609E-1,4.004063010E-1
5.620998325E1,-5.163305998E-1,1.207678579E-2,3.337789178E-1
5.622002425E1,-4.746710658E-1,3.302459717E-1,2.373450696E-1
5.623006425E1,-4.813413024E-1,5.897338986E-1,1.617242694E-1
5.624010425E1,-5.047947168E-1,7.262683511E-1,1.117849275E-1
5.625014525E1,-5.311040878E-1,7.236487865E-1,8.741687983E-2
5.626018525E1,-5.227039456E-1,6.702356339E-1,8.084606379E-2
5.627022625E1,-4.525899589E-1,6.025136709E-1,1.032133400E-1
5.628026625E1,-3.139924109E-1,5.023044944E-1,1.278150976E-1
5.629030625E1,-1.500909030E-1,3.598989546E-1,1.651554406E-1
5.630034725E1,-1.324808970E-2,1.420656741E-1,2.108470351E-1
5.631038725E1,5.352735892E-2,-1.360905319E-1,2.527902722E-1
5.632042825E1,5.972826481E-2,-3.722884357E-1,2.806006074E-1
5.633046825E1,4.691635445E-2,-5.015714169E-1,2.848660648E-1
5.634050925E1,2.050472051E-2,-5.110751390E-1,2.899734676E-1
5.635054925E1,-7.918924093E-3,-4.289863706E-1,2.908098400E-1
5.636058925E1,-1.881151833E-2,-3.047733307E-1,2.814663947E-1
5.637063025E1,5.141862202E-3,-1.495492309E-1,2.837466896E-1
5.638066958E1,6.337720156E-2,-1.319352444E-2,3.086152673E-1
5.639071058E1,1.434735805E-1,1.279461831E-1,3.263869584E-1
5.640075058E1,2.121216208E-1,2.766655982E-1,3.344376981E-1
5.641079158E1,2.458763719E-1,3.959024251E-1,3.304302096E-1
5.642083158E1,2.696176469E-1,4.644268751E-1,3.343743384E-1
5.643087158E1,2.951554954E-1,4.984387159E-1,3.467112780E-1
5.644091258E1,3.307947218E-1,5.308597684E-1,3.480284810E-1
5.645095258E1,3.846685886E-1,5.540084839E-1,3.383262157E-1
5.646099358E1,4.266730249E-1,5.482358336E-1,3.151716292E-1
5.647103358E1,4.456799328E-1,4.969334304E-1,2.648469806E-1
5.648107358E1,4.562545419E-1,3.852953017E-1,1.996629089E-1
5.649111458E1,4.672500491E-1,2.303020507E-1,1.357939839E-1
5.650115458E1,4.776597917E-1,6.188934296E-2,9.618826210E-2
5.651119558E1,4.746257067E-1,-9.274645895E-2,7.599600405E-2
5.652123558E1,4.605961740E-1,-2.090895772E-1,6.304585189E-2
5.653127658E1,4.445245266E-1,-2.794760168E-1,6.170163676E-2
5.654131658E1,4.178982377E-1,-3.127149343E-1,5.220533535E-2
5.655135658E1,3.876958489E-1,-3.075292408E-1,3.720481321E-2
5.656139758E1,3.759457171E-1,-2.651423514E-1,1.085709594E-2
5.657143758E1,3.792163134E-1,-1.999991983E-1,-1.603482291E-2
5.658147858E1,3.771981597E-1,-1.272027642E-1,-2.329007350E-2
5.659151858E1,3.651516438E-1,-6.888938695E-2,-5.893239751E-3
5.660155958E1,3.558577299E-1,-2.944690548E-2,1.732126810E-2
5.661159958E1,3.467411399E-1,7.918674499E-3,4.190015420E-2
5.662163958E1,3.337076306E-1,4.866557568E-2,7.585518807E-2
5.663168058E1,3.477697968E-1,8.545082062E-2,9.225432575E-2
5.664172058E1,3.819395006E-1,9.411834180E-2,7.533073425E-2
5.665176158E1,4.082325101E-1,5.443052202E-2,5.249511451E-2
5.666180158E1,4.148661792E-1,-3.750552610E-2,2.104744688E-2
5.667184258E1,4.158813953E-1,-1.258939207E-1,-1.298096683E-2
5.668188258E1,4.113952816E-1,-1.437810361E-1,-3.596244752E-2
5.669192258E1,4.057821035E-1,-6.410981715E-2,-2.688917704E-2
5.670196358E1,3.749842644E-1,4.192633927E-2,9.264832363E-3
5.671200358E1,2.847617865E-1,1.064378023E-1,9.512002766E-2
5.672204458E1,1.400112659E-1,1.808462590E-1,2.147167325E-1
5.673208458E1,8.473428898E-5,2.620579600E-1,3.414126635E-1
5.674212458E1,-7.400627434E-2,2.913633883E-1,4.555964768E-1
5.675216558E1,-1.069021150E-1,1.429481357E-1,5.360992551E-1
5.676220558E1,-1.142966524E-1,-1.977159679E-1,5.689643025E-1
5.677224658E1,-5.080616847E-2,-6.027579904E-1,5.344653726E-1
5.678228658E1,9.433291852E-2,-9.488325715E-1,4.396885037E-1
5.679232758E1,2.498987168E-1,-1.068287134E0,3.554774225E-1
5.680236758E1,3.515846133E-1,-9.773662686E-1,2.673906982E-1
5.681240758E1,4.030839503E-1,-8.195767999E-1,1.539313793E-1
5.682244858E1,4.248092175E-1,-6.512285471E-1,7.934342325E-2
5.683248858E1,3.779888749E-1,-4.716841280E-1,2.926489711E-2
5.684252958E1,2.635456324E-1,-2.845864296E-1,-5.589500815E-2
5.685256958E1,1.498205811E-1,-9.450538456E-2,-1.660439670E-1
5.686261058E1,5.163276941E-2,1.294329017E-1,-1.966966838E-1
5.687265058E1,-2.854889259E-2,3.072348237E-1,-1.983085573E-1
5.688269058E1,-7.838489115E-2,4.095561206E-1,-2.238874286E-1
5.689273158E1,-9.097956866E-2,4.232240021E-1,-2.729284465E-1
5.690277158E1,-8.183667064E-2,3.921891153E-1,-3.402347863E-1
5.691281258E1,-1.160119027E-1,3.227261007E-1,-4.041004777E-1
5.692285258E1,-2.090246677E-1,1.939020604E-1,-4.520008862E-1
5.693289258E1,-3.183763325E-1,4.767488316E-2,-4.898671210E-1
5.694293358E1,-4.086913168E-1,-5.750346929E-2,-5.248013735E-1
5.695297358E1,-4.515316486E-1,-1.251992583E-1,-5.500077009E-1
5.696301458E1,-4.621422291E-1,-2.141238004E-1,-5.683153272E-1
5.697305458E1,-4.299314618E-1,-2.984539866E-1,-5.854111910E-1
5.698309558E1,-3.752482533E-1,-3.312556148E-1,-5.816156268E-1
5.699313558E1,-3.196965754E-1,-2.918826938E-1,-5.633922815E-1
5.700317558E1,-2.767986357E-1,-1.817388684E-1,-5.460388660E-1
5.701321658E1,-2.482742667E-1,-4.407805204E-2,-5.261661410E-1
5.702325658E1,-2.255575061E-1,7.354764640E-2,-4.984375238E-1
5.703329758E1,-1.973629147E-1,1.511828303E-1,-4.688351452E-1
5.704333758E1,-1.575233489E-1,1.903776377E-1,-4.261513352E-1
5.705337858E1,-1.128794476E-1,1.935009956E-1,-3.837732375E-1
5.706341858E1,-7.442207634E-2,1.778224409E-1,-3.465851247E-1
5.707345858E1,-5.333345756E-2,1.681036651E-1,-2.740682364E-1
5.708349958E1,-5.780464038E-2,1.456257850E-1,-1.686408967E-1
5.709353958E1,-8.307949454E-2,9.477835894E-2,-6.291386485E-2
5.710358058E1,-1.053933203E-1,5.573238013E-4,3.174579889E-2
5.711362058E1,-1.103578508E-1,-1.256011277E-1,1.111280322E-1
5.712366058E1,-9.411310405E-2,-2.314713746E-1,1.673247218E-1
5.713370158E1,-6.255870312E-2,-2.673611045E-1,2.094120234E-1
5.714374158E1,-2.145414799E-2,-2.385246605E-1,2.353006154E-1
5.715378258E1,7.701220922E-3,-1.621190608E-1,2.464353740E-1
5.716382258E1,7.848493755E-3,-5.184580758E-2,2.372618467E-1
5.717386358E1,-6.394212600E-3,5.069826171E-2,2.275642604E-1
5.718390358E1,-2.589707263E-2,1.220073327E-1,2.252574265E-1
5.719394358E1,-3.728179261E-2,1.370825917E-1,2.095563412E-1
5.720398458E1,-5.141412467E-2,1.060498282E-1,1.778660566E-1
5.721402458E1,-7.789900154E-2,4.679396376E-2,1.596652269E-1
5.722406558E1,-9.720119089E-2,-3.381146491E-2,1.538731903E-1
5.723410558E1,-1.055818573E-1,-1.136626676E-1,1.413296759E-1
5.724414658E1,-1.237424910E-1,-1.803636700E-1,1.261691004E-1
5.725418658E1,-1.512174904E-1,-2.332741320E-1,1.123796403E-1
5.726422658E1,-1.913156360E-1,-2.592154443E-1,8.884502202E-2
5.727426758E1,-2.515267134E-1,-2.562853396E-1,6.339488178E-2
5.728430758E1,-3.311944008E-1,-2.247910500E-1,4.553971812E-2
5.729434858E1,-4.265502095E-1,-1.879598051E-1,5.229349434E-2
5.730438858E1,-5.076053739E-1,-1.533618867E-1,7.445046306E-2
5.731442858E1,-5.329793096E-1,-5.604060367E-2,7.182092965E-2
5.732446958E1,-4.265636206E-1,1.082143858E-1,-1.034930814E-2
5.733450958E1,-2.430897504E-1,3.352205455E-1,-1.728857309E-1
5.734455058E1,-8.468600363E-2,6.217566729E-1,-3.707703352E-1
5.735459058E1,6.330545992E-2,7.988643050E-1,-5.575779676E-1
5.736463158E1,2.790092528E-1,6.314089894E-1,-6.384041309E-1
5.737467171E1,4.970848262E-1,1.810697317E-1,-5.818163157E-1
5.738471171E1,5.746830106E-1,-3.594928384E-1,-4.196492434E-1
5.739475271E1,5.019310713E-1,-7.394209504E-1,-2.913963795E-1
5.740479271E1,3.697088957E-1,-8.434437513E-1,-2.108101994E-1
5.741483371E1,2.101920098E-1,-7.841911316E-1,-1.245544329E-1
5.742487371E1,5.935749039E-2,-6.516823769E-1,-5.403152108E-2
5.743491371E1,-1.721722074E-2,-4.370632470E-1,-3.372181673E-3
5.744495471E1,1.753916219E-2,-1.636213511E-1,4.188291728E-2
5.745499471E1,1.351963580E-1,1.266575158E-1,4.820255563E-2
5.746503571E1,2.261742055E-1,3.492272198E-1,3.761835396E-2
5.747507571E1,2.478936762E-1,4.294774830E-1,2.654995024E-2
5.748511671E1,2.277002633E-1,3.690972328E-1,6.591689773E-3
5.749515671E1,1.890170723E-1,2.646207213E-1,-2.121864632E-2
5.750519671E1,1.733701974E-1,1.713400334E-1,-4.581906274E-2
5.751523771E1,2.192884237E-1,9.366389364E-2,-3.399516270E-2
5.752527771E1,3.225857615E-1,3.833804652E-2,1.445333101E-2
5.753531871E1,4.457085133E-1,-3.198521957E-2,1.133651212E-1
5.754535871E1,5.377053022E-1,-1.063646525E-1,2.511336505E-1
5.755539971E1,5.548017621E-1,-1.804966033E-1,3.817202449E-1
5.756543971E1,5.074893832E-1,-2.197326869E-1,4.686458409E-1
5.757547971E1,4.364245534E-1,-2.170531452E-1,5.071699023E-1
5.758552071E1,3.701749742E-1,-1.858978868E-1,5.177514553E-1
5.759556071E1,3.207502961E-1,-1.153218150E-1,4.982444048E-1
5.760560171E1,2.956963181E-1,-1.395898126E-2,4.588386714E-1
5.761564171E1,2.914616466E-1,7.151528448E-2,4.118461013E-1
5.762568171E1,3.075146377E-1,1.113236845E-1,3.611256778E-1
5.763572271E1,3.367913067E-1,1.167064607E-1,3.093351722E-1
5.764576271E1,3.611254096E-1,1.206170470E-1,2.548849881E-1
5.765580371E1,3.705191612E-1,1.338350028E-1,2.121090293E-1
5.766584371E1,3.715223968E-1,1.491108984E-1,1.736918688E-1
5.767588471E1,3.585357070E-1,1.380074769E-1,1.450460106E-1
5.768592471E1,3.415519297E-1,1.149122864E-1,1.286180317E-1
5.769596471E1,3.325876296E-1,7.988725603E-2,1.101401299E-1
5.770600571E1,3.309585750E-1,5.254324898E-2,9.757933021E-2
5.771604571E1,3.206619322E-1,5.285472795E-2,1.001593098E-1
5.772608671E1,3.018674552E-1,6.773327291E-2,9.759281576E-2
5.773612671E1,2.781119347E-1,7.201658934E-2,8.025372773E-2
5.774616771E1,2.503274083E-1,7.327200472E-2,5.756359547E-2
5.775620771E1,2.218821198E-1,7.830017060E-2,1.638142951E-2
5.776624771E1,1.940643340E-1,9.339070320E-2,-2.264267020E-2
5.777628871E1,1.678837389E-1,1.309735328E-1,-4.748216644E-2
5.778632871E1,1.578247100E-1,1.658353806E-1,-8.206331730E-2
5.779636971E1,1.761461049E-1,1.831914186E-1,-1.125115827E-1
5.780640971E1,2.165292203E-1,2.068935484E-1,-1.282615215E-1
5.781644971E1,2.431581318E-1,2.469688654E-1,-1.317921877E-1
5.782649071E1,2.424835414E-1,2.846411467E-1,-1.350154132E-1
5.783653071E1,2.246438265E-1,2.709890604E-1,-1.392763555E-1
5.784657171E1,1.918632388E-1,2.157050073E-1,-1.353639066E-1
5.785661171E1,1.541719586E-1,1.604560167E-1,-1.192027181E-1
5.786665271E1,1.196145192E-1,1.230828166E-1,-1.006346196E-1
5.787669271E1,8.518064767E-2,6.708212942E-2,-9.075829387E-2
5.788673271E1,3.404688835E-2,-3.717529774E-2,-8.418934047E-2
5.789677371E1,-2.730567940E-2,-1.526688039E-1,-8.459880203E-2
5.790681371E1,-6.979614496E-2,-2.319745719E-1,-9.460030496E-2
5.791685471E1,-8.717191964E-2,-2.786803842E-1,-1.137991771E-1
5.792689471E1,-8.150710911E-2,-2.802103758E-1,-1.195774376E-1
5.793693471E1,-5.634934083E-2,-2.142420560E-1,-1.166165099E-1
5.794697571E1,6.847471930E-3,-9.100642055E-2,-1.054714397E-1
5.795701571E1,9.863700718E-2,6.614991277E-2,-9.703758359E-2
5.796705671E1,1.473853588E-1,2.325673848E-1,-8.221310377E-2
5.797709671E1,1.163737848E-1,3.592491746E-1,-4.884434398E-3
5.798713771E1,1.279279776E-2,4.097687900E-1,1.545140147E-1
5.799717771E1,-1.612072587E-1,3.922988474E-1,3.435589373E-1
5.800721771E1,-3.520160615E-1,3.444213271E-1,5.473482609E-1
5.801725871E1,-4.866817892E-1,2.416683733E-1,7.226409912E-1
5.802729871E1,-5.118734241E-1,2.920031548E-2,7.894573212E-1
5.803733971E1,-4.369598031E-1,-2.125686854E-1,7.118570805E-1
5.804737971E1,-3.160155416E-1,-3.465770781E-1,5.561857224E-1
5.805742071E1,-1.827101111E-1,-3.526030183E-1,3.401986361E-1
5.806746071E1,-4.304994643E-2,-3.727751374E-1,1.077507585E-1
5.807750071E1,8.601660281E-2,-4.764257073E-1,-1.342012286E-1
5.808754171E1,1.472988725E-1,-5.789840221E-1,-3.400681019E-1
5.809758171E1,1.260409951E-1,-5.929353833E-1,-4.698013663E-1
5.810762271E1,6.141620129E-2,-5.175141692E-1,-5.254614353E-1
5.811766271E1,1.105324738E-2,-4.170464575E-1,-5.236606002E-1
5.812770271E1,-3.028216539E-3,-3.361662626E-1,-5.054392815E-1
5.813774371E1,-6.950125098E-3,-2.501448393E-1,-4.754980803E-1
5.814778371E1,-8.318763971E-2,-1.239852905E-1,-4.356108308E-1
5.815782471E1,-2.524187267E-1,2.376533300E-2,-3.979589641E-1
5.816786471E1,-4.460150898E-1,1.701454371E-1,-3.730325699E-1
5.817790571E1,-6.102536917E-1,3.083426952E-1,-3.574648798E-1
5.818794571E1,-7.390148640E-1,3.931947351E-1,-3.415839076E-1
5.819798571E1,-8.119915128E-1,3.667362928E-1,-3.421055377E-1
5.820802671E1,-8.239831924E-1,2.371188849E-1,-3.640513122E-1
5.821806671E1,-8.182162642E-1,1.038339213E-1,-3.914840817E-1
5.822810771E1,-8.004034162E-1,2.038802765E-2,-4.357178509E-1
5.823814771E1,-7.707774043E-1,-1.995758899E-2,-4.785733819E-1
5.824818871E1,-7.526207566E-1,-6.199612468E-2,-5.406985879E-1
5.825822871E1,-7.390500903E-1,-1.139479503E-1,-6.106823683E-1
5.826826871E1,-7.404309511E-1,-1.795141697E-1,-6.606333852E-1
5.827830971E1,-7.670801878E-1,-2.071628422E-1,-6.740465760E-1
5.828834971E1,-7.889357209E-1,-1.867379993E-1,-6.645414829E-1
5.829839071E1,-7.963733673E-1,-1.271504611E-1,-6.251762509E-1
5.830843071E1,-7.939312458E-1,-5.213241652E-2,-5.727394223E-1
5.831847071E1,-7.935523391E-1,4.157255217E-2,-5.092753172E-1
5.832851171E1,-8.222119808E-1,1.456587315E-1,-4.758483768E-1
5.833855171E1,-8.868870139E-1,2.394010574E-1,-4.746461213E-1
5.834859271E1,-9.644033909E-1,3.129306734E-1,-4.829543829E-1
5.835863271E1,-1.062524676E0,3.684287369E-1,-4.524460733E-1
5.836867371E1,-1.149875522E0,3.990803957E-1,-4.072530568E-1
5.837871337E1,-1.196392894E0,3.908030987E-1,-3.551332355E-1
5.838875338E1,-1.194145679E0,3.507014811E-1,-2.948656082E-1
5.839879437E1,-1.156315088E0,2.575972080E-1,-2.429686636E-1
5.840883438E1,-1.098271728E0,1.339618266E-1,-2.072215825E-1
5.841887538E1,-1.058814287E0,3.599292412E-2,-1.914536357E-1
5.842891537E1,-1.048813581E0,1.878224500E-2,-1.887625158E-1
5.843895537E1,-1.068534017E0,5.630543455E-2,-1.685424298E-1
5.844899637E1,-1.106318712E0,1.477019191E-1,-1.775931865E-1
5.845903637E1,-1.156365752E0,2.335954159E-1,-1.667530090E-1
5.846907737E1,-1.209531665E0,2.275969088E-1,-1.430412829E-1
5.847911737E1,-1.240092993E0,1.524369121E-1,-1.158934906E-1
5.848915837E1,-1.253125906E0,8.742703497E-2,-1.028724983E-1
5.849919838E1,-1.225066423E0,4.607553408E-2,-8.406117558E-2
5.850923838E1,-1.142288446E0,1.996696927E-2,-6.425657868E-2
5.851927938E1,-1.064948916E0,2.207033522E-2,-1.023074463E-1
5.852931937E1,-1.025583506E0,3.708390519E-2,-1.661197245E-1
5.853936037E1,-1.017426729E0,3.381769359E-2,-2.131600231E-1
5.854940037E1,-1.042190433E0,3.095202381E-3,-2.503422797E-1
5.855944137E1,-1.098835349E0,-2.154345438E-2,-2.672908008E-1
5.856948137E1,-1.156356931E0,-2.879630774E-2,-2.523845732E-1
5.857952138E1,-1.189435601E0,-5.291735008E-2,-1.910822242E-1
5.858956237E1,-1.199720263E0,-1.180809140E-1,-1.226810589E-1
5.859960238E1,-1.210226059E0,-1.951309443E-1,-7.901198417E-2
5.860964338E1,-1.262684464E0,-2.847700417E-1,-2.242300659E-2
5.861968338E1,-1.313854337E0,-3.410193324E-1,1.560081495E-3
5.862972337E1,-1.322675824E0,-2.990385890E-1,-3.000050597E-2
5.863976437E1,-1.296147943E0,-2.132556736E-1,-1.007446200E-1
5.864980437E1,-1.256568909E0,-1.349875033E-1,-1.925935894E-1
5.865984537E1,-1.198642612E0,-1.578191668E-2,-2.974848151E-1
5.866988537E1,-1.152683854E0,1.177495047E-1,-3.731390834E-1
5.867992538E1,-1.138010502E0,1.798623651E-1,-3.829613924E-1
5.868996638E1,-1.129914045E0,5.567490682E-2,-3.298720717E-1
5.870000638E1,-1.082759976E0,-2.057410777E-1,-2.344460189E-1
5.871004738E1,-1.032977223E0,-4.988946617E-1,-9.150299430E-2
5.872008737E1,-1.050305009E0,-6.748650074E-1,2.802112140E-2
5.873012837E1,-1.124545693E0,-7.038846612E-1,1.273650080E-1
5.874016837E1,-1.249508858E0,-6.502866745E-1,1.993319988E-1
5.875020837E1,-1.404060364E0,-5.558866858E-1,2.156827450E-1
5.876024937E1,-1.550971389E0,-4.345250428E-1,1.832600981E-1
5.877028938E1,-1.622626305E0,-2.534095943E-1,1.409693658E-1
5.878033037E1,-1.578812122E0,-1.398582011E-2,1.245040596E-1
5.879037038E1,-1.459669828E0,2.412643135E-1,1.382550299E-1
5.880041138E1,-1.300575614E0,4.754210114E-1,1.332755387E-1
5.881045138E1,-1.132142425E0,6.415655017E-1,1.193117946E-1
5.882049137E1,-9.900130033E-1,6.942613125E-1,9.946180880E-2
5.883053237E1,-8.871564269E-1,6.317638159E-1,7.929582149E-2
5.884057237E1,-8.065355420E-1,4.780844152E-1,7.965023816E-2
5.885061337E1,-7.342157960E-1,3.233805895E-1,9.730166942E-2
5.886065337E1,-6.714455485E-1,2.091844082E-1,1.533227116E-1
5.887069338E1,-6.098378301E-1,8.937731385E-2,2.409316599E-1
5.888073438E1,-5.664089918E-1,1.142814755E-2,3.454877734E-1
5.889077438E1,-5.388857126E-1,-2.047732100E-2,4.169047177E-1
5.890081538E1,-5.105341673E-1,-6.256651878E-2,4.497831464E-1
5.891085537E1,-4.899194539E-1,-1.018904895E-1,4.520127475E-1
5.892089637E1,-4.873473942E-1,-1.050280631E-1,4.762285948E-1
5.893093637E1,-4.894877672E-1,-7.738232613E-2,5.215540528E-1
5.894097637E1,-4.674041867E-1,-1.897466742E-2,5.224968195E-1
5.895101737E1,-4.239933193E-1,9.510023892E-2,4.847798347E-1
5.896105738E1,-3.805561960E-1,2.289294600E-1,4.054098129E-1
5.897109837E1,-3.583409190E-1,3.324420154E-1,3.079727292E-1
5.898113838E1,-3.617232144E-1,3.688841164E-1,2.221180499E-1
5.899117837E1,-3.771378398E-1,3.757356405E-1,1.737808883E-1
5.900121938E1,-3.827751279E-1,3.447877765E-1,1.584128141E-1
5.901125937E1,-3.885504603E-1,3.171790540E-1,1.682686359E-1
5.902130037E1,-3.700593114E-1,2.939092219E-1,1.874122173E-1
5.903134037E1,-3.270423412E-1,2.740484178E-1,1.991117448E-1
5.904138137E1,-2.776097357E-1,2.435208112E-1,2.027961910E-1
5.905142137E1,-2.343027145E-1,1.854782701E-1,1.937390566E-1
5.906146138E1,-1.988093406E-1,1.085526571E-1,1.628462076E-1
5.907150238E1,-1.498572528E-1,2.120044082E-2,1.137090102E-1
5.908154238E1,-7.040694356E-2,-6.780153513E-2,6.006722152E-2
5.909158338E1,2.909168601E-2,-1.615173817E-1,4.310748540E-3
5.910162337E1,1.313263178E-1,-2.504410744E-1,-4.135759547E-2
5.911166337E1,2.115071863E-1,-3.215448260E-1,-5.726279318E-2
5.912170437E1,2.640305459E-1,-3.608373106E-1,-5.191754550E-2
5.913174437E1,3.128902316E-1,-3.631481230E-1,-4.344949126E-2
5.914178537E1,3.521038890E-1,-2.971644402E-1,-6.271196157E-2
5.915182537E1,3.620207012E-1,-1.621658653E-1,-8.947832882E-2
5.916186637E1,3.469555080E-1,-1.281477883E-2,-8.142405003E-2
5.917190638E1,3.300031722E-1,1.063307896E-1,-2.996911108E-2
5.918194637E1,3.259685636E-1,1.922442615E-1,4.005893320E-2
5.919198738E1,3.424423635E-1,2.635937929E-1,9.100573510E-2
5.920202737E1,3.613334000E-1,3.080344498E-1,6.430241466E-2
5.921206837E1,3.790807128E-1,3.242389858E-1,3.639861941E-3
5.922210837E1,3.884501755E-1,3.547542095E-1,-1.047912240E-2
5.923214837E1,4.157627523E-1,3.694759011E-1,-2.353979833E-2
5.924218937E1,4.510854185E-1,3.664042354E-1,-2.392121218E-2
5.925222938E1,4.383613765E-1,2.978797853E-1,2.612660639E-3
5.926227038E1,3.347135782E-1,1.537503749E-1,6.278862804E-2
5.927231038E1,1.319405138E-1,1.140743420E-1,1.830372661E-1
5.928235037E1,-6.880858541E-2,1.213471144E-1,3.628103733E-1
5.929239137E1,-1.638607830E-1,-4.150838405E-2,5.052493215E-1
5.930243137E1,-1.449491084E-1,-4.528317451E-1,5.300859809E-1
5.931247237E1,-6.024434417E-2,-8.701953888E-1,4.834950864E-1
5.932251237E1,7.141052186E-2,-1.160963655E0,3.786904216E-1
5.933255337E1,2.326100618E-1,-1.287729383E0,2.582247257E-1
5.934259337E1,3.544878662E-1,-1.293270588E0,1.430567950E-1
5.935263338E1,4.117170572E-1,-1.169745445E0,4.005319253E-2
5.936267438E1,4.142403007E-1,-9.100648165E-1,-4.539612308E-2
5.937271438E1,3.826853037E-1,-5.911999941E-1,-1.054831594E-1
5.938275521E1,3.486693501E-1,-2.538085580E-1,-1.579289734E-1
5.939279521E1,3.067338765E-1,2.997176722E-2,-2.250944227E-1
5.940283521E1,2.470768392E-1,2.210690826E-1,-2.710958123E-1
5.941287621E1,1.737032831E-1,3.265089691E-1,-3.057392836E-1
5.942291621E1,1.054607853E-1,3.374922574E-1,-3.444034159E-1
5.943295721E1,3.474693373E-2,2.515741587E-1,-3.868699074E-1
5.944299721E1,-2.158283070E-2,1.090449765E-1,-4.261324108E-1
5.945303821E1,-7.206277549E-2,-5.550988764E-2,-4.365469813E-1
5.946307821E1,-1.549006253E-1,-1.927688867E-1,-4.307197332E-1
5.947311821E1,-2.557875514E-1,-3.181454539E-1,-4.437026381E-1
5.948315921E1,-3.465236425E-1,-3.922541440E-1,-4.667923748E-1
5.949319921E1,-4.055563211E-1,-4.056993723E-1,-4.886388183E-1
5.950324021E1,-4.144674540E-1,-3.902647793E-1,-5.054773092E-1
5.951328021E1,-3.906968534E-1,-3.819077909E-1,-5.027968287E-1
5.952332021E1,-3.474925160E-1,-3.775378168E-1,-4.928752184E-1
5.953336121E1,-2.998775840E-1,-3.689270318E-1,-4.931615293E-1
5.954340121E1,-2.436814606E-1,-3.353080451E-1,-5.002921224E-1
5.955344221E1,-1.912992150E-1,-2.633885741E-1,-5.017320514E-1
5.956348221E1,-1.564323008E-1,-1.251542121E-1,-4.970176220E-1
5.957352321E1,-1.363057196E-1,5.717697740E-2,-4.844637513E-1
5.958356321E1,-1.209271699E-1,2.314002365E-1,-4.647087753E-1
5.959360321E1,-1.100055426E-1,3.694444001E-1,-4.442519546E-1
5.960364421E1,-1.026872844E-1,4.543828666E-1,-4.172597229E-1
5.961368421E1,-8.288614452E-2,5.059807897E-1,-3.733021021E-1
5.962372521E1,-5.720920488E-2,5.199057460E-1,-3.206961751E-1
5.963376521E1,-3.391480446E-2,4.729726315E-1,-2.698162198E-1
5.964380521E1,-2.082815766E-2,4.019661844E-1,-2.258818448E-1
5.965384621E1,-1.981935278E-2,3.308179677E-1,-1.984659284E-1
5.966388621E1,-2.747153491E-2,2.616123557E-1,-1.795350611E-1
5.967392721E1,-4.127230123E-2,1.910670996E-1,-1.587956995E-1
5.968396721E1,-5.255877599E-2,1.281648278E-1,-1.267501563E-1
5.969400821E1,-5.740732700E-2,8.029956371E-2,-8.491109312E-2
5.970404821E1,-7.126448303E-2,5.534983426E-2,-4.009943083E-2
5.971408821E1,-1.103785932E-1,3.867524862E-2,-4.920938518E-3
5.972412921E1,-1.712582707E-1,4.705173522E-2,1.943384670E-2
5.973416921E1,-2.547177672E-1,6.153853238E-2,4.043792933E-2
5.974421021E1,-3.459846079E-1,7.297522575E-2,5.115663260E-2
5.975425021E1,-4.230117500E-1,1.024449691E-1,5.151802301E-2
5.976429021E1,-4.807195365E-1,1.385222673E-1,4.574018717E-2
5.977433121E1,-5.149052143E-1,1.482358873E-1,3.186378628E-2
5.978437121E1,-5.176538825E-1,1.370828301E-1,1.819218323E-2
5.979441221E1,-4.935926497E-1,1.054125130E-1,7.637907285E-3
5.980445221E1,-4.755175114E-1,5.021074042E-2,-4.925298505E-3
5.981449221E1,-4.834010005E-1,-1.614106819E-3,-4.012030363E-2
5.982453321E1,-5.235852599E-1,2.577597741E-3,-9.693574905E-2
5.983457321E1,-5.704755187E-1,6.319913268E-2,-1.640439481E-1
5.984461421E1,-5.973095298E-1,9.260863066E-2,-2.073779702E-1
5.985465421E1,-5.981281996E-1,6.617036462E-2,-2.177453935E-1
5.986469521E1,-5.491217971E-1,2.619504184E-2,-2.082843781E-1
5.987473521E1,-4.660604000E-1,-4.068705067E-2,-1.890701950E-1
5.988477521E1,-4.013493061E-1,-1.070160046E-1,-1.678532213E-1
5.989481621E1,-3.833423257E-1,-1.361573786E-1,-1.604773253E-1
5.990485621E1,-4.263132513E-1,-1.456566602E-1,-1.911269873E-1
5.991489721E1,-4.913090169E-1,-1.722645760E-1,-2.614778280E-1
5.992493721E1,-5.031754375E-1,-1.664240956E-1,-2.964803278E-1
5.993497721E1,-4.314226508E-1,-1.204435676E-1,-2.835056782E-1
5.994501821E1,-3.056433797E-1,-5.406443402E-2,-2.690962851E-1
5.995505821E1,-1.485901028E-1,2.224498615E-2,-2.679982781E-1
5.996509921E1,-3.233534470E-2,7.260554470E-3,-2.891873419E-1
5.997513921E1,-4.543543234E-2,-1.617516428E-1,-3.049239516E-1
5.998518021E1,-1.664919406E-1,-4.080148637E-1,-2.864494324E-1
5.999522021E1,-2.961314321E-1,-6.199641228E-1,-2.271381766E-1
6.000526021E1,-3.893454373E-1,-6.910173297E-1,-1.519874036E-1
6.001530121E1,-4.269370139E-1,-6.081439853E-1,-7.035858184E-2
6.002534121E1,-4.159319401E-1,-4.250340760E-1,1.605827920E-2
6.003538221E1,-3.903855681E-1,-2.215869427E-1,1.054970846E-1
6.004542221E1,-3.525857329E-1,-1.622843370E-2,1.841168106E-1
6.005546221E1,-2.780968547E-1,1.680042595E-1,2.404413372E-1
6.006550321E1,-1.753161848E-1,2.803973854E-1,2.737510800E-1
6.007554321E1,-5.916347727E-2,3.174707294E-1,2.897614837E-1
6.008558421E1,4.653856158E-2,2.857453823E-1,2.963275909E-1
6.009562421E1,1.384844780E-1,1.792093366E-1,3.094117045E-1
6.010566521E1,2.212496996E-1,4.933556169E-2,3.333455026E-1
6.011570521E1,2.855687737E-1,-5.414262787E-2,3.707360327E-1
6.012574521E1,3.475281000E-1,-8.885042369E-2,4.399658740E-1
6.013578621E1,4.039373100E-1,-5.669328570E-2,5.158779621E-1
6.014582621E1,4.508685172E-1,-3.424322233E-2,5.623198152E-1
6.015586721E1,4.804581106E-1,-1.660057530E-2,5.634633899E-1
6.016590721E1,4.874210060E-1,2.361566387E-2,5.593193173E-1
6.017594721E1,4.863056540E-1,4.947016388E-2,5.509641767E-1
6.018598821E1,4.829407930E-1,7.439911366E-2,5.518458486E-1
6.019602821E1,4.770032763E-1,8.782863617E-2,5.491653681E-1
6.020606921E1,4.727907777E-1,9.542257339E-2,5.383632779E-1
6.021610921E1,4.656433761E-1,1.108201742E-1,4.960744083E-1
6.022614921E1,4.500785470E-1,1.897383779E-1,4.514881670E-1
6.023619021E1,4.374412894E-1,2.961415052E-1,3.902157545E-1
6.024623021E1,4.303955436E-1,4.009382725E-1,3.330198824E-1
6.025627121E1,4.141462743E-1,4.645082057E-1,2.802370787E-1
6.026631121E1,3.928358257E-1,4.803522527E-1,2.444202900E-1
6.027635221E1,3.709497154E-1,4.544277191E-1,2.168584317E-1
6.028639221E1,3.512141407E-1,4.181133807E-1,1.992766261E-1
6.029643221E1,3.450798392E-1,3.702917993E-1,1.786501706E-1
6.030647321E1,3.413767815E-1,3.019332588E-1,1.501814574E-1
6.031651321E1,3.325723708E-1,2.254808247E-1,1.154937893E-1
6.032655421E1,3.212564290E-1,1.541079432E-1,8.140595257E-2
6.033659421E1,3.251878023E-1,9.793628007E-2,6.003461406E-2
6.034663421E1,3.512646556E-1,5.651901290E-2,4.836717993E-2
6.035667521E1,3.876053691E-1,5.321605131E-3,3.441701084E-2
6.036671521E1,4.139570594E-1,-5.948194489E-2,8.369566873E-3
6.037675696E1,4.143376350E-1,-1.039562076E-1,-9.781281697E-4
6.038679696E1,3.823441863E-1,-1.168980375E-1,3.795350436E-3
6.039683796E1,3.313992620E-1,-1.051084846E-1,4.135764018E-2
6.040687796E1,3.032330275E-1,-7.430525869E-2,8.553049713E-2
6.041691796E1,3.074485362E-1,-3.930199891E-2,9.436739981E-2
6.042695896E1,3.231054246E-1,-1.358703431E-2,4.930341616E-2
6.043699896E1,2.817574739E-1,4.458810668E-3,6.764478050E-3
6.044703996E1,1.697162688E-1,-1.480656117E-2,1.424804144E-2
6.045707996E1,3.925705701E-2,-6.507478654E-2,7.325170189E-2
6.046711996E1,-5.991111975E-3,-1.077812389E-1,1.259990782E-1
6.047716096E1,2.984938398E-2,-1.180571616E-1,1.630752236E-1
6.048720096E1,6.880815327E-2,-1.133957133E-1,1.739972830E-1
6.049724196E1,1.117178053E-1,-1.093287989E-1,1.492027193E-1
6.050728196E1,1.661574692E-1,-9.604053944E-2,9.772616625E-2
6.051732296E1,2.271371931E-1,-4.676726460E-2,2.264872752E-2
6.052736296E1,3.072444499E-1,2.684697509E-2,-2.349328250E-2
6.053740296E1,3.643921614E-1,8.353316039E-2,7.882217877E-3
6.054744396E1,3.174650073E-1,4.727652296E-2,1.123864278E-1
6.055748396E1,1.771201640E-1,-1.099554449E-1,1.899440736E-1
6.056752496E1,6.510361284E-2,-2.926091254E-1,2.113361955E-1
6.057756496E1,1.707542874E-2,-4.540161192E-1,2.605187595E-1
6.058760496E1,2.227605693E-2,-5.342179537E-1,3.651984334E-1
6.059764596E1,7.744210213E-2,-5.490919948E-1,4.942141771E-1
6.060768596E1,1.758831143E-1,-5.609557033E-1,5.650233030E-1
6.061772696E1,2.376681864E-1,-5.232767463E-1,5.716660023E-1
6.062776696E1,2.336095423E-1,-4.510480464E-1,5.348633528E-1
6.063780696E1,1.834717989E-1,-3.404855728E-1,4.422969520E-1
6.064784796E1,1.260614395E-1,-2.199955583E-1,2.993172109E-1
6.065788796E1,7.202643156E-2,-1.031032950E-1,1.422165483E-1
6.066792896E1,4.858471826E-2,1.595417038E-2,-2.727553062E-2
6.067796896E1,7.700438052E-2,1.266023964E-1,-1.857480109E-1
6.068800996E1,1.281594336E-1,1.931856126E-1,-2.545998991E-1
6.069804996E1,1.436542273E-1,1.980482787E-1,-3.010880351E-1
6.070808996E1,1.080094427E-1,1.385140121E-1,-3.288114369E-1
6.071813096E1,3.305105120E-2,3.787528723E-2,-3.346791863E-1
6.072817096E1,-6.244917214E-2,-5.691050366E-2,-3.421199918E-1
6.073821196E1,-1.606385857E-1,-1.086203009E-1,-3.473850489E-1
6.074825196E1,-2.354801744E-1,-1.239989921E-1,-3.443507552E-1
6.075829196E1,-2.826396823E-1,-1.162491888E-1,-3.390114009E-1
6.076833296E1,-2.863104939E-1,-9.008055180E-2,-3.388765454E-1
6.077837296E1,-2.565816343E-1,-4.614371806E-2,-3.540933132E-1
6.078841396E1,-2.022882253E-1,7.050053217E-3,-3.805769980E-1
6.079845396E1,-1.445998847E-1,6.923699379E-2,-4.133304358E-1
6.080849496E1,-9.937294573E-2,1.546690166E-1,-4.400783479E-1
6.081853496E1,-7.208193839E-2,2.467755079E-1,-4.541741908E-1
6.082857496E1,-6.147180498E-2,3.284216821E-1,-4.495416582E-1
6.083861596E1,-7.328797877E-2,3.981107473E-1,-4.223465025E-1
6.084865596E1,-9.176848829E-2,4.499868453E-1,-3.765036464E-1
6.085869696E1,-1.088452116E-1,4.609441459E-1,-3.104889691E-1
6.086873696E1,-1.255414188E-1,4.349678457E-1,-2.348931134E-1
6.087877696E1,-1.476355344E-1,3.835209012E-1,-1.613877267E-1
6.088881796E1,-1.630748212E-1,3.281594217E-1,-1.014159322E-1
6.089885796E1,-1.716222167E-1,2.788810730E-1,-6.164615229E-2
6.090889896E1,-1.727879643E-1,2.229872495E-1,-4.858677834E-2
6.091893896E1,-1.556428075E-1,1.560540199E-1,-4.143006727E-2
6.092897996E1,-1.237584502E-1,7.737477124E-2,-2.200173214E-2
6.093901996E1,-7.934384793E-2,-9.168112651E-3,3.385115415E-3
6.094905996E1,-4.284194112E-2,-7.614348829E-2,1.364491414E-2
6.095910096E1,-3.110911883E-2,-8.573352545E-2,7.386751473E-3
6.096914096E1,-5.508017167E-2,-5.164309219E-2,-3.497488331E-3
6.097918196E1,-1.017171815E-1,-1.416602172E-2,-1.603564993E-2
6.098922196E1,-1.683695167E-1,-4.030710086E-3,-3.086317703E-2
6.099926196E1,-2.295673639E-1,-2.969692461E-2,-3.822175786E-2
6.100930296E1,-2.797972858E-1,-7.975146919E-2,-2.876712009E-2
6.101934296E1,-3.161188066E-1,-1.123054177E-1,-1.124565024E-2
6.102938396E1,-3.338091373E-1,-9.256015718E-2,-3.198889317E-3
6.103942396E1,-3.176767826E-1,-1.178541314E-2,-2.662139200E-2
6.104946496E1,-3.021778762E-1,6.254512817E-2,-8.645868301E-2
6.105950496E1,-3.228964806E-1,7.057908177E-2,-1.520209312E-1
6.106954496E1,-3.941358626E-1,4.146528989E-2,-2.333745807E-1
6.107958596E1,-4.678777158E-1,-7.631680928E-3,-3.153900802E-1
6.108962596E1,-5.358823538E-1,-8.390136808E-2,-3.558098078E-1
6.109966696E1,-5.958657861E-1,-1.607934833E-1,-3.630879521E-1
6.110970696E1,-6.267222762E-1,-1.862005740E-1,-3.499083519E-1
6.111974696E1,-6.099598408E-1,-1.387174726E-1,-3.322246969E-1
6.112978796E1,-5.449422002E-1,-4.052406922E-2,-3.238867223E-1
6.113982796E1,-4.439226687E-1,6.483564526E-2,-3.296077251E-1
6.114986896E1,-3.137999177E-1,1.092252806E-1,-4.018877447E-1
6.115990896E1,-1.954855323E-1,2.123337053E-2,-5.174055696E-1
6.116994996E1,-1.279243827E-1,-2.698867917E-1,-5.389750004E-1
6.117998996E1,-1.271131933E-1,-6.397993565E-1,-4.320946038E-1
6.119002996E1,-1.464112699E-1,-8.609967828E-1,-3.640825450E-1
6.120007096E1,-2.122576535E-1,-9.343966842E-1,-2.779202163E-1
6.121011096E1,-3.484006524E-1,-8.866968155E-1,-1.996372044E-1
6.122015196E1,-5.154376030E-1,-7.653080821E-1,-1.159745380E-1
6.123019196E1,-6.503692865E-1,-5.900769234E-1,-4.316359386E-2
6.124023296E1,-7.244635224E-1,-3.477196991E-1,2.162606455E-3
6.125027296E1,-7.232628465E-1,-6.886919588E-2,4.371770099E-2
6.126031296E1,-6.547389030E-1,1.910049766E-1,8.679778874E-2
6.127035396E1,-5.381849408E-1,3.931880593E-1,1.337142289E-1
6.128039396E1,-4.165189564E-1,5.266672969E-1,1.735697687E-1
6.129043496E1,-3.350512981E-1,5.703279972E-1,1.891791075E-1
6.130047496E1,-3.076838553E-1,5.298649669E-1,1.954218298E-1
6.131051496E1,-3.163148761E-1,4.372572005E-1,2.118845284E-1
6.132055596E1,-3.363165259E-1,3.019888699E-1,2.327331007E-1
6.133059596E1,-3.500845432E-1,1.239216626E-1,2.306925952E-1
6.134063696E1,-3.499553800E-1,-3.287168592E-2,2.290001512E-1
6.135067696E1,-3.339341581E-1,-9.509924799E-2,2.445885837E-1
6.136071796E1,-3.205709457E-1,-1.128564104E-1,2.730327249E-1
6.137075796E1,-3.139719963E-1,-8.294565976E-2,2.908783555E-1
6.138079750E1,-3.132106066E-1,-4.369199276E-2,2.735443711E-1
6.139083850E1,-3.305216432E-1,-1.442635618E-2,2.592864633E-1
6.140087850E1,-3.569564521E-1,-7.765898481E-4,2.528575957E-1
6.141091950E1,-3.796139956E-1,1.954225078E-2,2.283922881E-1
6.142095950E1,-4.083396494E-1,7.473146915E-2,1.919136494E-1
6.143099950E1,-4.361230135E-1,1.832843721E-1,1.496465951E-1
6.144104050E1,-4.558341503E-1,3.124887049E-1,1.125247851E-1
6.145108050E1,-4.685330689E-1,4.215025306E-1,7.228490710E-2
6.146112150E1,-4.775308371E-1,4.991278350E-1,2.062810585E-2
6.147116150E1,-4.898247421E-1,5.504018068E-1,-3.139435872E-2
6.148120250E1,-5.270086527E-1,5.300559998E-1,-8.378618956E-2
6.149124250E1,-5.776249766E-1,4.615747929E-1,-1.270641088E-1
6.150128250E1,-6.093421578E-1,3.833345771E-1,-1.515116692E-1
6.151132350E1,-6.051154733E-1,3.181605041E-1,-1.680462807E-1
6.152136350E1,-5.804556608E-1,2.483052313E-1,-1.868444681E-1
6.153140450E1,-5.556874871E-1,1.948394030E-1,-1.987569481E-1
6.154144450E1,-5.381737351E-1,1.672344059E-1,-2.096676528E-1
6.155148550E1,-5.311612487E-1,1.500481218E-1,-2.363508493E-1
6.156152550E1,-5.248271823E-1,1.311023980E-1,-2.802037895E-1
6.157156550E1,-5.278505683E-1,8.051452041E-2,-3.160355985E-1
6.158160650E1,-5.510291457E-1,-7.002274506E-3,-3.305431604E-1
6.159164650E1,-5.779895186E-1,-8.399148285E-2,-3.245275617E-1
6.160168750E1,-5.984132886E-1,-9.819518775E-2,-3.048942089E-1
6.161172750E1,-5.986238122E-1,-6.248886138E-2,-2.867029905E-1
6.162176750E1,-5.865091085E-1,-4.694005009E-3,-3.002691567E-1
6.163180850E1,-5.915868878E-1,5.718880519E-2,-3.335761428E-1
6.164184850E1,-6.455353498E-1,1.201584488E-1,-3.648664355E-1
6.165188950E1,-7.482178211E-1,1.656896025E-1,-3.894311190E-1
6.166192950E1,-8.515487313E-1,1.742063910E-1,-3.809311092E-1
6.167197050E1,-8.961831927E-1,1.473995000E-1,-3.476591110E-1
6.168201050E1,-8.891314268E-1,1.480208188E-1,-2.817607820E-1
6.169205050E1,-8.718280792E-1,2.278657556E-1,-1.825379282E-1
6.170209150E1,-8.332436681E-1,3.351360261E-1,-9.334228188E-2
6.171213150E1,-7.563406229E-1,4.166269600E-1,-5.875828210E-4
6.172217250E1,-7.131244540E-1,4.198041260E-1,1.167638153E-1
6.173221250E1,-7.697833180E-1,2.974636257E-1,2.398381531E-1
6.174225350E1,-8.938387036E-1,3.346738964E-2,3.615382314E-1
6.175229350E1,-1.033855081E0,-2.845149040E-1,3.974235952E-1
6.176233350E1,-1.141831875E0,-5.784306526E-1,3.083520234E-1
6.177237450E1,-1.173887968E0,-7.460992932E-1,2.117713988E-1
6.178241450E1,-1.117068648E0,-8.498158455E-1,1.078343391E-1
6.179245550E1,-1.016389012E0,-8.653266430E-1,-4.983986262E-3
6.180249550E1,-9.413095117E-1,-8.101863861E-1,-1.373814344E-1
6.181253650E1,-9.256079793E-1,-6.914016008E-1,-2.733249068E-1
6.182257650E1,-9.584828615E-1,-4.924754500E-1,-3.966473639E-1
6.183261650E1,-1.030082464E0,-2.457978576E-1,-5.113285780E-1
6.184265750E1,-1.127217293E0,2.965688892E-2,-5.968176723E-1
6.185269750E1,-1.231971025E0,2.991844714E-1,-6.626361012E-1
6.186273850E1,-1.322692394E0,5.005585551E-1,-7.088339329E-1
6.187277850E1,-1.377173424E0,5.959813595E-1,-7.322206497E-1
6.188281850E1,-1.384689212E0,5.757783651E-1,-7.258258462E-1
6.189285950E1,-1.370794892E0,4.792758226E-1,-6.973659992E-1
6.190289950E1,-1.368956327E0,3.221016526E-1,-6.628724933E-1
6.191294050E1,-1.374722362E0,1.701669693E-1,-6.590510011E-1
6.192298050E1,-1.378421783E0,7.020469010E-2,-6.610358953E-1
6.193302150E1,-1.382009983E0,-4.432529211E-2,-6.529765129E-1
6.194306150E1,-1.402545691E0,-1.125813127E-1,-6.067243218E-1
6.195310150E1,-1.438554764E0,-9.893468767E-2,-5.678729415E-1
6.196314250E1,-1.462695003E0,-5.873693526E-2,-5.680418015E-1
6.197318250E1,-1.462039113E0,-2.886352502E-2,-5.792646408E-1
6.198322350E1,-1.457627058E0,-7.708706893E-3,-5.834330320E-1
6.199326350E1,-1.459982514E0,3.706362098E-2,-5.922256708E-1
6.200330450E1,-1.469350100E0,9.174416959E-2,-6.032493114E-1
6.201334450E1,-1.473421216E0,1.837544292E-1,-6.065648794E-1
6.202338450E1,-1.469659686E0,2.937584221E-1,-6.084325314E-1
6.203342550E1,-1.471110940E0,3.989093900E-1,-5.999127030E-1
6.204346550E1,-1.467648506E0,4.660887122E-1,-5.939608216E-1
6.205350650E1,-1.465441704E0,5.021686554E-1,-5.746059418E-1
6.206354650E1,-1.478711367E0,5.017966032E-1,-5.511925220E-1
6.207358750E1,-1.489177465E0,4.519794881E-1,-5.398743153E-1
6.208362750E1,-1.484269261E0,3.697935343E-1,-5.324707627E-1
6.209366750E1,-1.464951396E0,2.678981721E-1,-5.003569126E-1
6.210370850E1,-1.440369368E0,1.634854674E-1,-4.596137404E-1
6.211374850E1,-1.394891381E0,1.027799919E-1,-4.257701337E-1
6.212378950E1,-1.326838493E0,9.947580844E-2,-4.050736427E-1
6.213382950E1,-1.260125875E0,1.418479830E-1,-3.875398338E-1
6.214386950E1,-1.227014303E0,2.068853080E-1,-3.700884283E-1
6.215391050E1,-1.242239952E0,2.462725490E-1,-3.239661157E-1
6.216395050E1,-1.260000944E0,2.576501071E-1,-2.724408805E-1
6.217399150E1,-1.279979229E0,2.543841004E-1,-2.414041013E-1
6.218403150E1,-1.294015169E0,2.324673682E-1,-2.191949338E-1
6.219407250E1,-1.274033666E0,1.807203293E-1,-2.366679609E-1
6.220411250E1,-1.234771729E0,1.463501155E-1,-3.028075695E-1
6.221415250E1,-1.210218906E0,1.167909354E-1,-3.770844340E-1
6.222419350E1,-1.213910103E0,4.117340595E-2,-4.120472372E-1
6.223423350E1,-1.234045982E0,-9.239956737E-2,-4.100573063E-1
6.224427450E1,-1.247927189E0,-2.704308033E-1,-3.890244663E-1
6.225431450E1,-1.240182281E0,-4.226725399E-1,-3.554666936E-1
6.226435550E1,-1.185356617E0,-4.805547297E-1,-3.136601150E-1
6.227439550E1,-1.086849451E0,-3.918843269E-1,-2.636425495E-1
6.228443550E1,-9.731876254E-1,-1.301928163E-1,-2.006734163E-1
6.229447650E1,-8.356446028E-1,2.458488494E-1,-1.708676070E-1
6.230451650E1,-6.981743574E-1,5.074706078E-1,-1.855301708E-1
6.231455750E1,-5.996853709E-1,4.564736784E-1,-1.949985325E-1
6.232459750E1,-5.573783517E-1,5.525567010E-2,-9.671429545E-2
6.233463750E1,-5.912226439E-1,-4.999195933E-1,6.083323807E-2
6.234467850E1,-6.905633211E-1,-9.628674984E-1,1.688609123E-1
6.235471850E1,-8.455497026E-1,-1.192790747E0,2.298733890E-1
6.236475950E1,-1.016931653E0,-1.180265903E0,2.527016401E-1
6.237479950E1,-1.198240161E0,-9.974574447E-1,2.395332307E-1
6.238484062E1,-1.378906608E0,-7.422115207E-1,2.383246869E-1
6.239488062E1,-1.514619470E0,-4.268432856E-1,2.462054193E-1
6.240492063E1,-1.573281646E0,-7.898917049E-2,2.513077557E-1
6.241496163E1,-1.501755476E0,2.108281106E-1,2.539065480E-1
6.242500163E1,-1.318960905E0,3.753944337E-1,2.524588406E-1
6.243504263E1,-1.095293403E0,4.226497710E-1,2.359216362E-1
6.244508262E1,-8.903666139E-1,4.277606308E-1,2.036148310E-1
6.245512362E1,-7.607477903E-1,4.459682405E-1,1.613686830E-1
6.246516362E1,-7.075343728E-1,4.474963844E-1,1.454712003E-1
6.247520362E1,-6.950353980E-1,3.905294538E-1,1.737447977E-1
6.248524462E1,-6.794213057E-1,3.250945210E-1,2.269611508E-1
6.249528463E1,-6.366124749E-1,2.540141344E-1,2.755865455E-1
6.250532563E1,-5.811095238E-1,1.344805509E-1,3.176035285E-1
6.251536563E1,-5.338730812E-1,-9.399547242E-3,3.514161110E-1
6.252540562E1,-5.008030534E-1,-1.105927378E-1,3.863748908E-1
6.253544662E1,-4.937012792E-1,-1.574010551E-1,4.217343926E-1
6.254548662E1,-5.140733719E-1,-1.570979804E-1,4.240907729E-1
6.255552762E1,-5.363056064E-1,-1.065176204E-1,3.837452829E-1
6.256556762E1,-5.491553545E-1,-1.726284809E-2,3.195260763E-1
6.257560862E1,-5.512185097E-1,9.884959459E-2,2.587529719E-1
6.258564862E1,-5.487180352E-1,2.137306333E-1,2.137687206E-1
6.259568863E1,-5.399493575E-1,2.883541286E-1,1.815242767E-1
6.260572963E1,-5.248972178E-1,3.149809241E-1,1.667573154E-1
6.261576963E1,-5.071783662E-1,2.963668108E-1,1.670540124E-1
6.262581063E1,-4.971984923E-1,2.427603155E-1,1.753955632E-1
6.263585062E1,-5.016124845E-1,1.707628816E-1,1.952445060E-1
6.264589162E1,-5.244599581E-1,1.053386107E-1,2.151761353E-1
6.265593162E1,-5.502778292E-1,4.505081102E-2,2.269801199E-1
6.266597162E1,-5.714521408E-1,-2.587815514E-3,2.419055402E-1
6.267601262E1,-5.887237191E-1,-2.108213305E-2,2.543545961E-1
6.268605263E1,-6.137188077E-1,-4.676530138E-3,2.441677451E-1
6.269609362E1,-6.310477853E-1,1.153274253E-2,2.122093141E-1
6.270613363E1,-6.336787343E-1,7.587802596E-3,1.512884498E-1
6.271617362E1,-6.124753952E-1,-9.804924950E-3,6.037887186E-2
6.272621462E1,-5.590619445E-1,-2.672931366E-2,-3.327305242E-2
6.273625462E1,-4.803864360E-1,-4.848505929E-2,-1.179917157E-1
6.274629562E1,-4.051135182E-1,-7.494116575E-2,-1.909380853E-1
6.275633562E1,-3.472065032E-1,-1.085959524E-1,-2.404682636E-1
6.276637662E1,-2.657009959E-1,-1.058134809E-1,-2.430331558E-1
6.277641662E1,-1.507119536E-1,-7.280032150E-3,-2.314822972E-1
6.278645663E1,-4.195885733E-2,1.637074202E-1,-2.418515831E-1
6.279649763E1,1.236104779E-2,3.464217484E-1,-2.845051289E-1
6.280653763E1,-2.657490037E-2,4.643449187E-1,-2.898591459E-1
6.281657863E1,-1.344801486E-1,4.168466032E-1,-2.596623003E-1
6.282661862E1,-2.054174393E-1,2.187713534E-1,-2.138996273E-1
6.283665862E1,-1.901795268E-1,-2.309628204E-2,-1.909767985E-1
6.284669962E1,-1.382952780E-1,-1.703469902E-1,-1.856118441E-1
6.285673962E1,-7.548916340E-2,-2.174963951E-1,-1.706962883E-1
6.286678062E1,1.178928465E-2,-2.274374366E-1,-1.356576085E-1
6.287682063E1,1.038809195E-1,-2.304850370E-1,-9.414069355E-2
6.288686162E1,2.243644595E-1,-2.279771417E-1,-7.631322742E-2
6.289690163E1,3.366861641E-1,-2.531809509E-1,-7.485046983E-2
6.290694162E1,3.537842035E-1,-2.556163967E-1,-5.243437365E-2
6.291698262E1,2.838671803E-1,-1.931406707E-1,2.080109343E-2
6.292702262E1,2.322050780E-1,-9.913242608E-2,1.256204545E-1
6.293706362E1,2.174896151E-1,-3.593917191E-2,2.587673962E-1
6.294710362E1,1.994272619E-1,-5.941147357E-2,4.110112488E-1
6.295714462E1,1.505203247E-1,-1.682031453E-1,5.272527933E-1
6.296718462E1,9.406795353E-2,-3.804437518E-1,5.863260031E-1
6.297722463E1,2.531919070E-2,-5.379163027E-1,6.148722768E-1
6.298726563E1,-5.354952440E-2,-6.084264517E-1,5.820395350E-1
6.299730563E1,-1.093677506E-1,-6.525352001E-1,5.190210342E-1
6.300734663E1,-1.165295243E-1,-6.954656243E-1,3.945976198E-1
6.301738662E1,-9.343735874E-2,-7.208943367E-1,2.376005799E-1
6.302742662E1,-7.409535348E-2,-6.928954720E-1,6.745308638E-2
6.303746762E1,-6.887868792E-2,-5.850005150E-1,-8.519721776E-2
6.304750762E1,-9.229160100E-2,-4.364246428E-1,-2.073364407E-1
6.305754862E1,-1.350384802E-1,-2.942580879E-1,-3.171922863E-1
6.306758863E1,-1.987047940E-1,-1.890128702E-1,-4.272639155E-1
6.307762863E1,-2.801030874E-1,-1.075231805E-1,-5.497179031E-1
6.308766963E1,-3.419358432E-1,-4.685850069E-2,-6.661875248E-1
6.309770962E1,-3.740985096E-1,1.205552556E-2,-7.453275323E-1
6.310775063E1,-4.219296873E-1,7.980208099E-2,-7.520341277E-1
6.311779062E1,-4.855647385E-1,1.339608729E-1,-7.468037009E-1
6.312783162E1,-5.321724415E-1,1.761448085E-1,-7.476026416E-1
6.313787162E1,-5.656985641E-1,2.098276317E-1,-7.174260616E-1
6.314791162E1,-5.945299268E-1,2.400494218E-1,-6.575549841E-1
6.315795262E1,-5.953473449E-1,2.740073502E-1,-5.920665264E-1
6.316799263E1,-5.650879741E-1,2.927424312E-1,-5.151192546E-1
6.317803363E1,-5.173243880E-1,3.280691504E-1,-4.336651862E-1
6.318807363E1,-4.853134453E-1,3.275748491E-1,-3.669727147E-1
6.319811362E1,-4.755834043E-1,2.814885676E-1,-3.241692781E-1
6.320815462E1,-4.641413987E-1,2.643788457E-1,-2.944872677E-1
6.321819462E1,-4.365929663E-1,2.866651714E-1,-2.794918716E-1
6.322823562E1,-4.119315445E-1,3.301404715E-1,-2.707394063E-1
6.323827562E1,-3.860663772E-1,3.502687514E-1,-2.630265653E-1
6.324831662E1,-3.616305292E-1,3.268270791E-1,-2.524370253E-1
6.325835663E1,-3.512349129E-1,2.512142956E-1,-2.380625606E-1
6.326839663E1,-3.539670408E-1,1.555314511E-1,-2.350308299E-1
6.327843763E1,-3.607088327E-1,7.278715819E-2,-2.400595695E-1
6.328847762E1,-3.607477248E-1,2.618157864E-2,-2.430739999E-1
6.329851863E1,-3.566674888E-1,2.746699378E-3,-2.195898145E-1
6.330855862E1,-3.488582969E-1,-9.818360209E-3,-1.670182198E-1
6.331859862E1,-3.528239131E-1,-2.042231523E-2,-1.028840393E-1
6.332863962E1,-3.690660000E-1,-3.108001873E-2,-4.210538417E-2
6.333867962E1,-3.911123872E-1,-3.637700900E-2,2.692830749E-3
6.334872062E1,-4.068130553E-1,-3.209624067E-2,3.249946237E-2
6.335876063E1,-4.086788297E-1,-5.784988403E-3,5.643218756E-2
6.336880163E1,-3.991902471E-1,3.134879842E-2,5.115726590E-2
6.337884163E1,-3.755292892E-1,6.892263144E-2,3.299395368E-2
6.338888183E1,-3.382506371E-1,9.594438970E-2,1.129451767E-2
6.339892283E1,-2.993460596E-1,1.320041865E-1,-2.794639021E-2
6.340896283E1,-2.604266107E-1,1.790236235E-1,-6.498564035E-2
6.341900383E1,-2.312559187E-1,2.097380757E-1,-6.617555767E-2
6.342904383E1,-2.364211231E-1,1.979479939E-1,-4.380234331E-2
6.343908383E1,-2.806242406E-1,1.669345945E-1,-2.155044675E-2
6.344912483E1,-3.549285531E-1,1.562422663E-1,-1.155320555E-2
6.345916483E1,-4.477551579E-1,1.567949504E-1,-1.481943671E-2
6.346920583E1,-5.216070414E-1,1.134109944E-1,-4.735288024E-2
6.347924583E1,-5.441063046E-1,2.245345339E-2,-1.004332229E-1
6.348928683E1,-5.388305783E-1,-1.022530645E-1,-1.604518145E-1
6.349932683E1,-5.205079317E-1,-1.965045035E-1,-2.115739286E-1
6.350936683E1,-4.906350076E-1,-1.976893395E-1,-2.643692195E-1
6.351940783E1,-4.841755629E-1,-7.962337136E-2,-3.517569602E-1
6.352944783E1,-5.124948621E-1,7.056079805E-2,-4.928323328E-1
6.353948883E1,-5.344811082E-1,1.445498616E-1,-5.944761038E-1
6.354952883E1,-4.741043448E-1,4.732716456E-2,-6.190466881E-1
6.355956883E1,-3.259358108E-1,-1.866282225E-1,-5.861961246E-1
6.356960983E1,-1.759420335E-1,-4.707566202E-1,-5.108012557E-1
6.357964983E1,-9.949260950E-2,-7.536156178E-1,-4.215887785E-1
6.358969083E1,-1.491877288E-1,-9.417453408E-1,-3.224115968E-1
6.359973083E1,-2.768216133E-1,-9.526734352E-1,-2.294637859E-1
6.360977183E1,-3.835184872E-1,-7.794353962E-1,-1.684001684E-1
6.361981183E1,-4.632683098E-1,-5.092425346E-1,-1.280939877E-1
6.362985183E1,-5.180172920E-1,-2.229279578E-1,-6.859417260E-2
6.363989283E1,-5.349330306E-1,1.262436714E-2,1.635677181E-2
6.364993283E1,-4.848709404E-1,1.663302928E-1,9.292718023E-2
6.365997383E1,-3.554344475E-1,2.648579478E-1,1.419361681E-1
6.367001383E1,-1.971372068E-1,3.166228533E-1,1.820143461E-1
6.368005383E1,-6.888524443E-2,3.264738321E-1,2.104386538E-1
6.369009483E1,1.830665022E-2,2.854643464E-1,1.857649982E-1
6.370013483E1,8.844172210E-2,1.745434850E-1,1.579697728E-1
6.371017583E1,1.573667228E-1,1.211942174E-2,1.728443205E-1
6.372021583E1,2.364539504E-1,-8.607637882E-2,2.326621711E-1
6.373025583E1,3.023658693E-1,-1.561121941E-1,3.265063763E-1
6.374029683E1,3.666028678E-1,-2.360426486E-1,4.446945488E-1
6.375033683E1,4.364991486E-1,-2.822527587E-1,5.466172099E-1
6.376037783E1,4.725797772E-1,-2.236001343E-1,6.263762116E-1
6.377041783E1,4.937077165E-1,-1.181863695E-1,6.674890518E-1
6.378045883E1,5.182694793E-1,3.943350166E-4,6.801170111E-1
6.379049883E1,5.172688961E-1,7.149301469E-2,6.853796840E-1
6.380053883E1,4.858172238E-1,9.971576184E-2,6.840798855E-1
6.381057983E1,4.359082580E-1,9.378862381E-2,6.618624926E-1
6.382061983E1,3.786367476E-1,1.129431501E-1,6.224725842E-1
6.383066083E1,3.460788131E-1,1.893628240E-1,5.556461215E-1
6.384070083E1,3.482753932E-1,3.103805482E-1,4.472854733E-1
6.385074083E1,3.716733754E-1,4.208375514E-1,3.398530185E-1
6.386078183E1,3.955864310E-1,4.690636098E-1,2.375068069E-1
6.387082183E1,4.068617225E-1,4.539051652E-1,1.597923040E-1
6.388086283E1,4.028385282E-1,3.921887279E-1,1.030957252E-1
6.389090283E1,3.824975789E-1,3.215193450E-1,6.301168352E-2
6.390094383E1,3.572146297E-1,2.651366293E-1,3.073495068E-2
6.391098383E1,3.187181056E-1,2.399279326E-1,1.802075468E-2
6.392102383E1,2.959205806E-1,1.996361464E-1,3.100708127E-3
6.393106483E1,3.012788892E-1,1.208630502E-1,-6.766038015E-3
6.394110483E1,3.337765038E-1,1.178605668E-2,-1.322203130E-2
6.395114583E1,3.710125685E-1,-9.278909117E-2,-1.158072427E-2
6.396118583E1,3.910946250E-1,-1.508536637E-1,1.605944522E-2
6.397122583E1,3.795689940E-1,-1.676744521E-1,5.605772510E-2
6.398126683E1,3.610017002E-1,-1.586282849E-1,1.007502377E-1
6.399130683E1,3.677669466E-1,-1.422162950E-1,1.282204688E-1
6.400134783E1,3.954574466E-1,-1.268777549E-1,1.210581362E-1
6.401138783E1,4.085583389E-1,-1.156698540E-1,9.419935942E-2
6.402142783E1,3.729453385E-1,-8.042147011E-2,8.332668245E-2
6.403146883E1,3.213253021E-1,-4.419581592E-2,1.192162409E-1
6.404150883E1,2.969844937E-1,-8.118189871E-3,1.801706851E-1
6.405154983E1,3.216041028E-1,7.013399899E-2,2.343772054E-1
6.406158983E1,3.559262455E-1,1.596287191E-1,2.771800160E-1
6.407163083E1,3.905590475E-1,1.992504299E-1,2.925888002E-1
6.408167083E1,4.196238220E-1,2.060024589E-1,2.908515632E-1
6.409171083E1,4.025063813E-1,2.420153320E-1,2.727468610E-1
6.410175183E1,3.475690186E-1,3.351026475E-1,2.454927415E-1
6.411179183E1,2.465915531E-1,4.051398039E-1,2.547072768E-1
6.412183283E1,7.859964669E-2,3.548187315E-1,3.293091953E-1
6.413187283E1,-8.976300061E-2,1.679087728E-1,3.768500984E-1
6.414191283E1,-1.919101775E-1,-9.654778987E-4,4.236371815E-1
6.415195383E1,-2.040997446E-1,-2.281762660E-1,4.220845401E-1
6.416199383E1,-1.674780548E-1,-4.845905602E-1,3.376648724E-1
6.417203483E1,-1.022881344E-1,-6.722480655E-1,2.679475844E-1
6.418207483E1,-2.022685017E-3,-7.663020492E-1,2.214880139E-1
6.419211583E1,1.108378172E-1,-8.150137067E-1,1.837310493E-1
6.420215583E1,2.123349905E-1,-8.335571885E-1,1.466628611E-1
6.421219583E1,2.859226763E-1,-7.856572866E-1,1.021135077E-1
6.422223683E1,3.314073980E-1,-6.389886737E-1,6.497981399E-2
6.423227683E1,3.558831811E-1,-4.089517295E-1,2.624573931E-2
6.424231783E1,3.701404035E-1,-1.373358220E-1,-3.299149126E-2
6.425235783E1,3.775080442E-1,1.060613766E-1,-9.441011399E-2
6.426239783E1,3.689230978E-1,3.028731942E-1,-1.496875137E-1
6.427243883E1,3.375100493E-1,4.261488020E-1,-2.090070248E-1
6.428247883E1,2.809376121E-1,4.435339570E-1,-2.716220915E-1
6.429251983E1,1.919731200E-1,3.708658516E-1,-3.265886605E-1
6.430255983E1,7.452038676E-2,2.168041468E-1,-3.692452312E-1
6.431260083E1,-3.197836131E-2,5.734551698E-2,-3.969607651E-1
6.432264083E1,-1.313889623E-1,-8.355680853E-2,-4.080761969E-1
6.433268083E1,-2.022950947E-1,-1.815736592E-1,-4.191687703E-1
6.434272183E1,-2.497439384E-1,-2.043432146E-1,-4.319578707E-1
6.435276183E1,-2.814315557E-1,-1.819215268E-1,-4.712669253E-1
6.436280283E1,-2.778999507E-1,-1.605240852E-1,-5.314298868E-1
6.437284283E1,-2.547434866E-1,-1.154697984E-1,-5.639652014E-1
6.438288246E1,-2.257049978E-1,-6.624100357E-2,-5.549628735E-1
6.439292346E1,-1.996435672E-1,-3.094745986E-2,-5.320197344E-1
6.440296346E1,-1.828565001E-1,1.828204095E-2,-5.179983974E-1
6.441300446E1,-1.651621908E-1,6.494461745E-2,-5.022974610E-1
6.442304446E1,-1.392984390E-1,1.156435758E-1,-4.733757675E-1
6.443308546E1,-1.084955111E-1,1.948688924E-1,-4.316032827E-1
6.444312546E1,-8.115736395E-2,2.666877806E-1,-3.929213881E-1
6.445316546E1,-6.793077290E-2,3.278291523E-1,-3.518474698E-1
6.446320646E1,-5.696136877E-2,3.695947826E-1,-2.958946526E-1
6.447324646E1,-4.772818834E-2,3.790093362E-1,-2.394066006E-1
6.448328746E1,-5.034526065E-2,3.719193339E-1,-1.898281276E-1
6.449332746E1,-6.520703435E-2,3.321676552E-1,-1.569900215E-1
6.450336746E1,-7.756613195E-2,2.742546201E-1,-1.259446740E-1
6.451340846E1,-8.018907905E-2,2.083418965E-1,-9.119068831E-2
6.452344846E1,-7.967468351E-2,1.226669326E-1,-5.828179792E-2
6.453348946E1,-7.894524187E-2,3.480578586E-2,-2.401730232E-2
6.454352946E1,-9.156942368E-2,-3.240489215E-2,6.552186329E-3
6.455356946E1,-1.343190223E-1,-4.845150188E-2,1.884453930E-2
6.456361046E1,-2.051454782E-1,-2.781839110E-2,2.829114534E-2
6.457365046E1,-3.008331060E-1,-7.315513678E-3,3.688783199E-2
6.458369146E1,-3.926481605E-1,-9.821027517E-3,4.335141927E-2
6.459373146E1,-4.486832023E-1,-2.367079630E-2,5.091000348E-2
6.460377246E1,-4.738497138E-1,-5.478497967E-2,5.973233655E-2
6.461381246E1,-4.574869871E-1,-6.631753594E-2,4.551398754E-2
6.462385246E1,-3.811508715E-1,-3.706584871E-2,9.637182578E-3
6.463389346E1,-2.776226103E-1,-2.755277557E-3,-4.673687741E-2
6.464393346E1,-1.962385774E-1,5.145001039E-2,-1.355078816E-1
6.465397446E1,-1.602835059E-1,1.900779307E-1,-2.734718621E-1
6.466401446E1,-1.717438400E-1,3.274992108E-1,-3.876725137E-1
6.467405546E1,-2.122744918E-1,3.073856831E-1,-4.172008634E-1
6.468409546E1,-2.161968648E-1,1.993725747E-1,-3.726377487E-1
6.469413546E1,-1.776337475E-1,8.128002286E-2,-3.086627424E-1
6.470417646E1,-1.187951863E-1,-1.283776481E-3,-2.789553106E-1
6.471421646E1,-3.915282711E-2,-7.367062569E-2,-2.993468642E-1
6.472425746E1,4.787869006E-2,-1.919552535E-1,-3.838790357E-1
6.473429746E1,1.232357621E-1,-3.448204100E-1,-5.573581457E-1
6.474433746E1,1.781385243E-1,-5.163857341E-1,-6.520360708E-1
6.475437846E1,1.810967624E-1,-8.066673875E-1,-5.867012739E-1
6.476441846E1,1.596230865E-1,-1.112877131E0,-4.766594768E-1
6.477445946E1,9.596315771E-2,-1.315349221E0,-3.269346952E-1
6.478449946E1,-4.476404935E-2,-1.310285449E0,-1.432330906E-1
6.479454046E1,-2.084347308E-1,-1.064425349E0,8.973769844E-3
6.480458046E1,-3.335181177E-1,-6.747102737E-1,9.589616954E-2
6.481462046E1,-3.933486938E-1,-2.276839912E-1,1.054944694E-1
6.482466146E1,-3.889841139E-1,1.653394997E-1,9.665481746E-2
6.483470146E1,-3.325112760E-1,4.570525885E-1,1.040890291E-1
6.484474246E1,-2.196293622E-1,6.615343094E-1,1.355592906E-1
6.485478246E1,-7.528416812E-2,7.480239272E-1,1.995201707E-1
6.486482246E1,3.217295557E-2,7.183874846E-1,2.635301948E-1
6.487486346E1,5.464577302E-2,6.077009439E-1,3.119262457E-1
6.488490346E1,2.862121910E-2,4.787646830E-1,3.182344139E-1
6.489494446E1,-3.170266747E-3,2.934459746E-1,2.936326861E-1
6.490498446E1,5.304606631E-3,3.828154504E-2,2.934811413E-1
6.491502546E1,5.628736317E-2,-2.035308182E-1,3.456314504E-1
6.492506546E1,1.158436313E-1,-4.059416950E-1,4.198172688E-1
6.493510546E1,1.801462620E-1,-5.149798989E-1,4.696786702E-1
6.494514646E1,2.328203917E-1,-4.923270941E-1,4.949317276E-1
6.495518646E1,2.491836548E-1,-3.806485236E-1,5.143535733E-1
6.496522746E1,2.430311590E-1,-2.429215908E-1,5.359790325E-1
6.497526746E1,2.190030664E-1,-1.312073171E-1,5.747847557E-1
6.498530746E1,1.855300069E-1,-5.902865529E-2,5.930736065E-1
6.499534846E1,1.514074653E-1,2.207551524E-2,5.685527921E-1
6.500538846E1,1.328893006E-1,1.165961549E-1,5.215786099E-1
6.501542946E1,1.385471821E-1,2.053894103E-1,4.738720655E-1
6.502546946E1,1.574168354E-1,3.172165453E-1,4.183976054E-1
6.503551046E1,1.741726547E-1,4.370505214E-1,3.459969163E-1
6.504555046E1,1.935070008E-1,5.104958415E-1,2.576968074E-1
6.505559046E1,2.061133385E-1,5.110295415E-1,1.585904807E-1
6.506563146E1,2.105295807E-1,4.562449455E-1,8.874991536E-2
6.507567146E1,1.973764896E-1,3.698887527E-1,4.832685739E-2
6.508571246E1,1.803921908E-1,2.870099843E-1,4.844322428E-2
6.509575246E1,1.778054684E-1,2.132010013E-1,4.433183745E-2
6.510579346E1,1.872813255E-1,1.424789280E-1,3.055302799E-2
6.511583346E1,2.180911601E-1,4.189186543E-2,8.972901851E-3
6.512587346E1,2.509657443E-1,-8.948244154E-2,-5.889947060E-3
6.513591446E1,2.668320537E-1,-2.151860446E-1,-1.861666143E-2
6.514595446E1,2.427135110E-1,-3.051425815E-1,-4.219166189E-2
6.515599546E1,2.040601224E-1,-3.367747962E-1,-4.864263535E-2
6.516603546E1,2.013769448E-1,-3.062795997E-1,-7.377757691E-3
6.517607546E1,2.556803823E-1,-2.361996025E-1,5.776396021E-2
6.518611646E1,3.456315100E-1,-1.371207982E-1,1.037366837E-1
6.519615646E1,4.078941047E-1,-8.725007065E-3,1.161515415E-1
6.520619746E1,4.079928100E-1,1.004578844E-1,1.308715641E-1
6.521623746E1,3.614026606E-1,1.175101027E-1,1.581154168E-1
6.522627846E1,2.879754007E-1,8.316852152E-2,2.110573053E-1
6.523631846E1,2.432870418E-1,6.602787971E-2,2.927894592E-1
6.524635846E1,2.425097823E-1,1.457993537E-1,3.709739447E-1
6.525639946E1,2.579576969E-1,1.701726019E-1,3.824404478E-1
6.526643946E1,2.683089375E-1,1.036365703E-1,3.551250398E-1
6.527648046E1,2.833701968E-1,2.151826955E-2,2.953133583E-1
6.528652046E1,3.402105570E-1,-1.998688467E-2,2.091298848E-1
6.529656146E1,4.286980927E-1,-9.994703345E-3,1.130411699E-1
6.530660146E1,5.092208385E-1,1.085310429E-2,4.928085208E-2
6.531664146E1,5.255993009E-1,9.881050326E-3,6.165469810E-2
6.532668246E1,4.497120380E-1,-7.398866583E-3,1.268660277E-1
6.533672246E1,3.180855513E-1,1.941543631E-2,2.048851997E-1
6.534676346E1,2.010366768E-1,-7.382462732E-3,2.466555685E-1
6.535680346E1,9.181431681E-2,-1.251045763E-1,2.777383626E-1
6.536684346E1,-8.990803733E-3,-2.864657044E-1,3.067159355E-1
6.537688446E1,-9.271951765E-2,-4.499502182E-1,4.027660191E-1
6.538692496E1,-1.155819446E-1,-6.178120971E-1,5.092967153E-1
6.539696596E1,-1.160724983E-1,-7.361800075E-1,5.681514740E-1
6.540700596E1,-1.337311119E-1,-7.464885712E-1,5.827347040E-1
6.541704696E1,-1.659372598E-1,-6.151883602E-1,5.181197524E-1
6.542708696E1,-1.642986685E-1,-3.929913342E-1,3.966928720E-1
6.543712696E1,-1.336733848E-1,-1.614457518E-1,2.201870531E-1
6.544716796E1,-7.651767880E-2,5.288050324E-2,3.995868936E-2
6.545720796E1,4.802747630E-3,2.033578902E-1,-1.269605160E-1
6.546724896E1,7.085368782E-2,2.547897696E-1,-2.658102810E-1
6.547728896E1,6.024311855E-2,2.045527101E-1,-3.936172426E-1
6.548732996E1,-3.029046208E-2,1.050383598E-1,-5.135531425E-1
6.549736996E1,-1.660203338E-1,3.746411204E-2,-5.894396305E-1
6.550740996E1,-2.876035273E-1,2.188004320E-3,-6.157234311E-1
6.551745096E1,-3.885535896E-1,2.581929788E-2,-6.117862463E-1
6.552749096E1,-4.545296729E-1,4.695987329E-2,-6.030245423E-1
6.553753196E1,-4.963229299E-1,5.352403224E-2,-6.008253098E-1
6.554757196E1,-5.185996890E-1,5.931470916E-2,-6.070846915E-1
6.555761296E1,-5.088046193E-1,7.779385149E-2,-6.029527783E-1
6.556765296E1,-4.748139977E-1,7.760592550E-2,-6.071372628E-1
6.557769296E1,-4.312907457E-1,6.257957220E-2,-6.304843426E-1
6.558773396E1,-3.852046430E-1,9.284800291E-2,-6.625579000E-1
6.559777396E1,-3.474293053E-1,2.056581825E-1,-6.685116887E-1
6.560781496E1,-3.293733597E-1,3.483112752E-1,-6.521858573E-1
6.561785496E1,-3.315928280E-1,4.795502424E-1,-6.097022891E-1
6.562789496E1,-3.518900573E-1,5.759884715E-1,-5.455983281E-1
6.563793596E1,-3.783349693E-1,6.506973505E-1,-4.521471858E-1
6.564797596E1,-4.098986983E-1,6.779718399E-1,-3.409765959E-1
6.565801696E1,-4.366341829E-1,6.164836884E-1,-2.380385250E-1
6.566805696E1,-4.452441037E-1,5.063995123E-1,-1.553711295E-1
6.567809796E1,-4.369116127E-1,3.944479525E-1,-8.746610582E-2
6.568813796E1,-4.114113152E-1,2.977202535E-1,-4.569851980E-2
6.569817796E1,-3.692268431E-1,2.222683579E-1,-2.541934885E-2
6.570821896E1,-3.255682290E-1,1.667762995E-1,-2.924649045E-2
6.571825896E1,-2.797293663E-1,1.285104007E-1,-3.598508611E-2
6.572829996E1,-2.465780973E-1,1.079652756E-1,-3.328928351E-2
6.573833996E1,-2.360271811E-1,1.024852842E-1,-2.437062562E-2
6.574838096E1,-2.332324386E-1,1.053787619E-1,-9.522989392E-3
6.575842096E1,-2.329677194E-1,1.052756980E-1,1.208722964E-2
6.576846096E1,-2.434164733E-1,9.982659668E-2,4.160378501E-2
6.577850196E1,-2.782471776E-1,8.872627467E-2,6.567636877E-2
6.578854196E1,-3.208363652E-1,8.750926703E-2,8.514031768E-2
6.579858296E1,-3.406921029E-1,1.194746569E-1,9.612132609E-2
6.580862296E1,-2.943605483E-1,1.751795709E-1,9.079126269E-2
6.581866396E1,-2.003472447E-1,2.260009348E-1,4.788560793E-2
6.582870396E1,-1.172408089E-1,2.339494824E-1,-3.243019059E-2
6.583874396E1,-8.830823004E-2,2.019209713E-1,-1.135809720E-1
6.584878496E1,-1.360188276E-1,1.460068822E-1,-1.805803329E-1
6.585882496E1,-2.214277387E-1,8.461595327E-2,-2.292906195E-1
6.586886596E1,-3.243094087E-1,1.817951351E-2,-2.382645309E-1
6.587890596E1,-3.995202780E-1,-3.660463914E-2,-2.341994643E-1
6.588894696E1,-4.327371120E-1,-7.089085132E-2,-2.286172360E-1
6.589898696E1,-4.485176802E-1,-1.176700741E-1,-2.073817104E-1
6.590902696E1,-4.539522231E-1,-1.412752271E-1,-1.883365810E-1
6.591906796E1,-4.335556030E-1,-1.006111428E-1,-2.049387246E-1
6.592910796E1,-3.806805909E-1,1.505479682E-3,-2.932034135E-1
6.593914896E1,-3.401241004E-1,1.094718874E-1,-4.499003291E-1
6.594918896E1,-2.739977241E-1,1.075851843E-1,-5.955021977E-1
6.595922896E1,-1.746754050E-1,-7.480086386E-2,-6.410046816E-1
6.596926996E1,-1.037798822E-1,-4.421830177E-1,-6.103710532E-1
6.597930996E1,-8.918895572E-2,-8.513463140E-1,-5.874007344E-1
6.598935096E1,-1.429693401E-1,-1.117537379E0,-4.955700040E-1
6.599939096E1,-1.806333661E-1,-1.078060269E0,-3.634231687E-1
6.600943196E1,-1.972973198E-1,-7.732651234E-1,-2.422088385E-1
6.601947196E1,-2.272813171E-1,-3.861464560E-1,-1.253211051E-1
6.602951196E1,-2.789124846E-1,-8.033756167E-2,-2.056131139E-2
6.603955296E1,-3.275258243E-1,8.678618073E-2,6.487449259E-2
6.604959296E1,-3.418651819E-1,1.680321842E-1,1.387700886E-1
6.605963396E1,-2.696271837E-1,2.293709069E-1,2.030952722E-1
6.606967396E1,-1.457397789E-1,2.706417143E-1,2.746201456E-1
6.607971496E1,-3.186701611E-2,2.716984451E-1,3.353090584E-1
6.608975496E1,5.830574036E-2,2.405801117E-1,3.301638365E-1
6.609979496E1,1.313927323E-1,1.435638219E-1,2.905234694E-1
6.610983596E1,1.955237389E-1,2.531359531E-2,3.016330302E-1
6.611987596E1,2.485728562E-1,-1.123366728E-1,3.596915305E-1
6.612991696E1,2.769690454E-1,-2.691911459E-1,4.277101457E-1
6.613995696E1,2.996130884E-1,-3.785485327E-1,4.802814722E-1
6.614999796E1,3.075256944E-1,-3.896782994E-1,5.225694776E-1
6.616003796E1,3.167769909E-1,-3.042819202E-1,5.615667105E-1
6.617007796E1,3.404236734E-1,-1.948243082E-1,6.145926714E-1
6.618011896E1,3.434101343E-1,-1.123707145E-1,6.818622947E-1
6.619015896E1,3.351260722E-1,-1.833506301E-2,7.183391452E-1
6.620019996E1,3.344323039E-1,7.626254857E-2,6.949757934E-1
6.621023996E1,3.478421867E-1,1.494348645E-1,6.561442614E-1
6.622028096E1,3.676936328E-1,1.837688684E-1,6.074880362E-1
6.623032096E1,3.987000585E-1,2.135744691E-1,5.374733806E-1
6.624036096E1,4.291847348E-1,2.632307112E-1,4.597775042E-1
6.625040196E1,4.564688206E-1,2.903756201E-1,3.824355602E-1
6.626044196E1,4.645011723E-1,2.938646376E-1,2.999422848E-1
6.627048296E1,4.418765306E-1,2.589721978E-1,2.100225389E-1
6.628052296E1,3.988121450E-1,2.125053704E-1,1.486875415E-1
6.629056396E1,3.571854234E-1,1.532722563E-1,1.107595339E-1
6.630060396E1,3.157692850E-1,8.450225741E-2,7.981493324E-2
6.631064396E1,2.791192234E-1,2.521377616E-2,4.460059851E-2
6.632068496E1,2.580485642E-1,-3.507752717E-2,1.792211831E-2
6.633072496E1,2.510161102E-1,-1.043845788E-1,-3.868009662E-4
6.634076596E1,2.510379255E-1,-1.831702143E-1,-2.214509249E-2
6.635080596E1,2.692302763E-1,-2.226766497E-1,-2.771538310E-2
6.636084696E1,2.886532545E-1,-1.752199233E-1,-1.756154746E-2
6.637088696E1,2.923773825E-1,-4.572451487E-2,1.394327451E-2
6.638092696E1,2.864100337E-1,6.864520907E-2,5.221609399E-2
6.639096796E1,2.974871695E-1,5.775894225E-2,5.394409224E-2
6.640100796E1,3.280866146E-1,-4.644895345E-2,1.472132187E-2
6.641104896E1,3.483963907E-1,-1.016685888E-1,-3.706115112E-2
6.642108896E1,3.255957365E-1,-5.354792625E-2,-4.831433669E-2
6.643112996E1,3.021863103E-1,2.215977572E-2,-2.420675382E-2
6.644116996E1,3.166741729E-1,6.599780917E-2,1.376246661E-2
6.645120996E1,3.851504028E-1,9.315789491E-2,6.843864173E-2
6.646125096E1,4.543518424E-1,7.062568516E-2,1.127190217E-1
6.647129096E1,5.045502186E-1,-1.245896053E-2,1.321053803E-1
6.648133196E1,5.252280831E-1,-6.276394427E-2,1.470230818E-1
6.649137196E1,5.036190748E-1,-1.820777543E-2,1.581676751E-1
6.650141296E1,4.731977880E-1,1.189143956E-1,1.637312770E-1
6.651145296E1,4.322833717E-1,2.289877385E-1,1.976447701E-1
6.652149296E1,3.273204863E-1,1.758355796E-1,2.768434584E-1
6.653153396E1,1.242748871E-1,1.809286326E-2,4.061057568E-1
6.654157396E1,-5.732180923E-2,-1.549993008E-1,4.998002946E-1
6.655161496E1,-1.599566191E-1,-4.072238505E-1,5.159789920E-1
6.656165496E1,-2.177426964E-1,-6.784383655E-1,5.280804038E-1
6.657169596E1,-2.279254943E-1,-8.232927918E-1,5.786364675E-1
6.658173596E1,-1.449456513E-1,-8.804565072E-1,5.536869168E-1
6.659177696E1,-2.003693394E-2,-8.227855563E-1,4.927146435E-1
6.660181696E1,5.985470116E-2,-6.803069711E-1,4.150046706E-1
6.661185696E1,8.808026463E-2,-4.823544323E-1,3.099237382E-1
6.662189796E1,1.012232304E-1,-3.082175255E-1,1.742101163E-1
6.663193796E1,1.043774262E-1,-1.780193895E-1,4.864263162E-2
6.664197896E1,8.828900754E-2,-8.697123080E-2,-8.298356831E-2
6.665201896E1,5.070317164E-2,-9.165017866E-3,-2.179457247E-1
6.666205996E1,7.594848983E-3,6.752017140E-2,-3.297721148E-1
6.667209996E1,-3.604100272E-2,1.150173843E-1,-4.061237872E-1
6.668213996E1,-8.131580800E-2,1.086806580E-1,-4.466560185E-1
6.669218096E1,-1.335533112E-1,7.021198422E-2,-4.652148485E-1
6.670222096E1,-1.908690780E-1,2.526554465E-2,-4.870721996E-1
6.671226196E1,-2.373053133E-1,-8.485233411E-5,-5.005821586E-1
6.672230196E1,-2.925240695E-1,-3.065074980E-2,-4.635996222E-1
6.673234296E1,-3.655362427E-1,-5.579631776E-2,-4.340116382E-1
6.674238296E1,-4.379494488E-1,-7.826966792E-2,-4.567268193E-1
6.675242296E1,-4.665363431E-1,-7.281967252E-2,-5.050131679E-1
6.676246396E1,-4.497171640E-1,1.656963024E-3,-5.465344787E-1
6.677250396E1,-4.139118195E-1,1.169602796E-1,-5.672838092E-1
6.678254496E1,-3.678494990E-1,2.117315233E-1,-5.658478141E-1
6.679258496E1,-3.081803024E-1,2.705425918E-1,-5.596343875E-1
6.680262596E1,-2.481848449E-1,3.495553732E-1,-5.487197042E-1
6.681266596E1,-1.808670908E-1,3.834753931E-1,-5.375455022E-1
6.682270596E1,-1.230850220E-1,3.899596334E-1,-5.091615319E-1
6.683274696E1,-9.778854996E-2,4.030504227E-1,-4.723961651E-1
6.684278696E1,-9.244598448E-2,4.267190099E-1,-4.323464632E-1
6.685282796E1,-9.237179160E-2,4.289569259E-1,-3.761876523E-1
6.686286796E1,-1.045352444E-1,3.991718888E-1,-3.072122931E-1
6.687290896E1,-1.210664436E-1,3.657743633E-1,-2.245575488E-1
6.688294896E1,-1.254127175E-1,3.319173157E-1,-1.589266062E-1
6.689298896E1,-1.115894318E-1,2.910235822E-1,-1.156008095E-1
6.690302996E1,-7.699683309E-2,2.600954771E-1,-9.347447008E-2
6.691306996E1,-4.259591922E-2,2.207726985E-1,-8.319617063E-2
6.692311096E1,-2.014360949E-2,1.880555004E-1,-8.452881128E-2
6.693315096E1,-1.015375461E-2,1.586316526E-1,-8.294343948E-2
6.694319196E1,-1.578793675E-2,1.222645938E-1,-6.463607401E-2
6.695323196E1,-4.584000260E-2,7.842167467E-2,-2.593654953E-2
6.696327196E1,-1.016686484E-1,4.068681225E-2,2.520226873E-2
6.697331296E1,-1.662664860E-1,1.791450009E-2,8.095404506E-2
6.698335296E1,-2.237851769E-1,7.816059515E-3,1.370399594E-1
6.699339396E1,-2.677136064E-1,1.884920895E-2,1.586578190E-1
6.700343396E1,-3.211610913E-1,5.125561729E-2,1.301148534E-1
6.701347496E1,-3.745130002E-1,6.649470329E-2,8.726153523E-2
6.702351496E1,-4.227431118E-1,5.422152579E-2,5.911618471E-2
6.703355596E1,-4.564542770E-1,2.461345494E-2,4.789645970E-2
6.704359596E1,-4.649814367E-1,-6.691470277E-3,4.174003005E-2
6.705363596E1,-4.535237253E-1,-1.230880152E-2,2.659912780E-2
6.706367696E1,-4.471582472E-1,-8.119648322E-3,2.556374762E-3
6.707371696E1,-4.537879825E-1,-5.534812342E-3,-3.364828974E-2
6.708375796E1,-4.442911446E-1,-1.063955948E-2,-9.357287735E-2
6.709379796E1,-4.210825861E-1,-2.684482746E-2,-1.514286995E-1
6.710383896E1,-4.019893110E-1,-8.939076215E-2,-1.908994168E-1
6.711387896E1,-3.548844755E-1,-1.714058965E-1,-1.980358362E-1
6.712391896E1,-2.889856100E-1,-2.438846231E-1,-1.859863549E-1
6.713395996E1,-2.163608819E-1,-2.653397620E-1,-2.173005044E-1
6.714399996E1,-1.621253341E-1,-2.059840113E-1,-3.248155415E-1
6.715404096E1,-1.337948143E-1,-1.353138238E-1,-4.616674483E-1
6.716408096E1,-1.278735548E-1,-1.972395033E-1,-5.274131894E-1
6.717412196E1,-1.221229732E-1,-4.327226281E-1,-4.940179288E-1
6.718416196E1,-1.109305099E-1,-7.462120652E-1,-4.010645449E-1
6.719420196E1,-1.326822191E-1,-9.870451689E-1,-3.233174980E-1
6.720424296E1,-1.948822141E-1,-1.087273479E0,-2.437694073E-1
6.721428296E1,-2.570473552E-1,-9.638403654E-1,-1.762920618E-1
6.722432396E1,-3.015706241E-1,-6.474301815E-1,-1.312273890E-1
6.723436396E1,-3.326581120E-1,-2.508569360E-1,-1.076859236E-1
6.724440496E1,-3.429783881E-1,8.306325227E-2,-5.636014789E-2
6.725444496E1,-3.226784468E-1,3.292130232E-1,3.809052520E-3
6.726448596E1,-2.442938983E-1,4.513892829E-1,6.943067163E-2
6.727452596E1,-1.292145401E-1,4.729989171E-1,1.472814530E-1
6.728456596E1,-2.191711776E-2,4.481822550E-1,1.982173473E-1
6.729460696E1,6.737176329E-2,3.721621633E-1,1.953501701E-1
6.730464696E1,1.531460583E-1,2.088166326E-1,1.952899843E-1
6.731468796E1,2.322583199E-1,2.271400020E-2,2.175066471E-1
6.732472796E1,2.973310649E-1,-1.393305659E-1,2.615201771E-1
6.733476896E1,3.585336506E-1,-2.935508192E-1,3.154819906E-1
6.734480896E1,4.330816567E-1,-3.939735591E-1,3.794332743E-1
6.735484896E1,5.010193586E-1,-4.086363912E-1,4.484265149E-1
6.736488996E1,5.417888761E-1,-3.592824340E-1,4.738967121E-1
6.737492996E1,5.454035997E-1,-2.794217467E-1,5.037268996E-1
6.738497058E1,5.146922469E-1,-1.943819523E-1,5.514183044E-1
6.739501058E1,4.707751870E-1,-8.873482794E-2,5.913077593E-1
6.740505158E1,4.265603125E-1,5.071559921E-3,6.008687615E-1
6.741509158E1,4.050511122E-1,8.230388165E-2,5.533451438E-1
6.742513158E1,4.064684510E-1,1.497050226E-1,4.795033932E-1
6.743517258E1,4.097605050E-1,2.584692538E-1,4.105116427E-1
6.744521258E1,4.137179554E-1,4.059532583E-1,3.278761506E-1
6.745525358E1,4.128019512E-1,5.497618914E-1,2.438063473E-1
6.746529358E1,3.975931704E-1,6.368712187E-1,1.611458212E-1
6.747533458E1,3.714034855E-1,6.613765955E-1,9.706901014E-2
6.748537458E1,3.490228057E-1,6.172839999E-1,4.667401314E-2
6.749541558E1,3.299255669E-1,5.230280757E-1,1.877287403E-2
6.750545558E1,3.140969276E-1,3.995871246E-1,4.249134567E-3
6.751549558E1,3.064218760E-1,2.838428915E-1,-1.422662009E-2
6.752553658E1,3.059244156E-1,1.758394688E-1,-5.077877268E-2
6.753557658E1,3.265074492E-1,9.121831506E-2,-6.883047521E-2
6.754561758E1,3.593732417E-1,1.569400169E-2,-6.897508353E-2
6.755565758E1,3.757873476E-1,-6.686894596E-2,-7.386050373E-2
6.756569858E1,3.643069863E-1,-1.272894144E-1,-7.537850738E-2
6.757573858E1,3.325365484E-1,-1.558125913E-1,-5.925603211E-2
6.758577858E1,3.154483736E-1,-1.362575293E-1,-4.068942741E-3
6.759581958E1,3.404775560E-1,-1.143703610E-1,5.914880335E-2
6.760585958E1,4.030117691E-1,-1.280038953E-1,9.364605695E-2
6.761590058E1,4.649686217E-1,-1.671061665E-1,8.694090694E-2
6.762594058E1,4.757629335E-1,-1.698700041E-1,6.848386675E-2
6.763598158E1,4.186494052E-1,-1.214448363E-1,8.382547647E-2
6.764602158E1,3.531809151E-1,-7.666351646E-2,1.224032268E-1
6.765606258E1,3.097752035E-1,-8.227085695E-3,1.712709963E-1
6.766610258E1,3.167484105E-1,6.952603161E-2,2.237925231E-1
6.767614258E1,3.587746620E-1,1.423635930E-1,2.682269812E-1
6.768618358E1,3.977857232E-1,1.815781146E-1,2.757818401E-1
6.769622358E1,4.276656210E-1,2.128027529E-1,2.269129455E-1
6.770626458E1,4.436728060E-1,2.571806312E-1,1.617688388E-1
6.771630458E1,4.049834609E-1,3.246942163E-1,1.487503648E-1
6.772634558E1,2.551542819E-1,3.267073035E-1,2.028442323E-1
6.773638558E1,3.203853220E-2,2.426736206E-1,2.939082980E-1
6.774642558E1,-1.626289487E-1,8.542594314E-2,3.874347806E-1
6.775646658E1,-2.676461041E-1,-1.843217909E-1,4.875674546E-1
6.776650658E1,-2.756267786E-1,-5.642246008E-1,5.297207236E-1
6.777654758E1,-2.132752538E-1,-8.780637980E-1,5.133109093E-1
6.778658758E1,-9.978117794E-2,-1.059756875E0,4.969577789E-1
6.779662858E1,3.326448798E-2,-1.099598527E0,4.388388097E-1
6.780666858E1,1.812478304E-1,-1.033464074E0,3.392831981E-1
6.781670858E1,3.207404613E-1,-8.681104779E-1,2.169053406E-1
6.782674958E1,4.255237877E-1,-6.285440922E-1,9.799659252E-2
6.783678958E1,4.734904766E-1,-3.485738039E-1,2.128499560E-3
6.784683058E1,4.427227080E-1,-3.650270775E-2,-9.082327783E-2
6.785687058E1,3.479741216E-1,2.601717710E-1,-1.906774491E-1
6.786691158E1,2.469314039E-1,4.883916378E-1,-2.805194855E-1
6.787695158E1,1.850124747E-1,5.959215760E-1,-3.282498419E-1
6.788699258E1,1.633926630E-1,5.487623215E-1,-3.555080891E-1
6.789703258E1,1.709339470E-1,3.884249330E-1,-3.446275294E-1
6.790707258E1,1.459316611E-1,1.704957783E-1,-2.890092731E-1
6.791711358E1,6.064360589E-2,-5.830501392E-2,-2.421814054E-1
6.792715358E1,-5.491841212E-2,-2.031484842E-1,-2.093677968E-1
6.793719458E1,-1.632132381E-1,-2.443361431E-1,-2.023789734E-1
6.794723458E1,-2.420832813E-1,-2.216606587E-1,-2.368815541E-1
6.795727558E1,-2.724433243E-1,-1.910576671E-1,-2.958700657E-1
6.796731558E1,-2.566052377E-1,-1.583013088E-1,-3.659415543E-1
6.797735558E1,-2.180803567E-1,-1.217418239E-1,-4.268944263E-1
6.798739658E1,-1.828741729E-1,-9.737203270E-2,-4.669009745E-1
6.799743658E1,-1.623976976E-1,-4.295465350E-2,-4.790177941E-1
6.800747758E1,-1.613172591E-1,3.689357266E-2,-4.672657847E-1
6.801751758E1,-1.626785547E-1,1.134174913E-1,-4.452782869E-1
6.802755858E1,-1.672200561E-1,1.796148717E-1,-4.145659208E-1
6.803759858E1,-1.795603335E-1,2.621835172E-1,-3.731931746E-1
6.804763958E1,-1.860512644E-1,3.597444296E-1,-3.178350925E-1
6.805767958E1,-1.891297400E-1,4.457184672E-1,-2.517554760E-1
6.806771958E1,-2.012018561E-1,4.839502573E-1,-1.808256358E-1
6.807776058E1,-2.122009695E-1,4.486173093E-1,-1.226507351E-1
6.808780058E1,-2.189808488E-1,3.750176728E-1,-7.547869533E-2
6.809784158E1,-2.183221877E-1,2.824289799E-1,-3.646222502E-2
6.810788158E1,-2.231917828E-1,1.824882627E-1,-1.166286971E-2
6.811792258E1,-2.276007384E-1,1.060430184E-1,1.512272563E-2
6.812796258E1,-2.300662845E-1,6.906688958E-2,5.548585951E-2
6.813800258E1,-2.389154732E-1,6.137813255E-2,1.065139174E-1
6.814804358E1,-2.591168880E-1,5.128448829E-2,1.559504271E-1
6.815808358E1,-2.857747376E-1,2.374037914E-2,1.936075985E-1
6.816812458E1,-3.009659350E-1,-2.376269177E-2,2.100030929E-1
6.817816458E1,-3.129101098E-1,-8.750943840E-2,2.308128029E-1
6.818820558E1,-3.343733251E-1,-1.648700088E-1,2.647076547E-1
6.819824558E1,-3.478910327E-1,-2.183091789E-1,2.989667654E-1
6.820828658E1,-3.349909484E-1,-2.072061896E-1,3.329255283E-1
6.821832658E1,-2.788600922E-1,-1.145615131E-1,3.594267964E-1
6.822836658E1,-1.958078295E-1,8.287974633E-3,3.845057786E-1
6.823840758E1,-1.133406088E-1,1.131506935E-1,3.691241145E-1
6.824844758E1,-7.421424985E-2,1.851844043E-1,2.872796059E-1
6.825848858E1,-1.104208604E-1,2.208086401E-1,1.942426860E-1
6.826852858E1,-1.989419460E-1,2.332629263E-1,1.028166339E-1
6.827856958E1,-3.188911676E-1,2.033686340E-1,4.171821475E-2
6.828860958E1,-4.483695328E-1,1.166989729E-1,2.898128587E-4
6.829864958E1,-5.678154826E-1,-1.875083148E-2,-4.592496902E-2
6.830869058E1,-6.723189950E-1,-1.743319035E-1,-9.836633503E-2
6.831873058E1,-7.603568435E-1,-2.858894467E-1,-1.383356303E-1
6.832877158E1,-8.266301155E-1,-3.209451735E-1,-1.622303128E-1
6.833881158E1,-8.678219318E-1,-2.518294752E-1,-2.030867785E-1
6.834885258E1,-9.058795571E-1,-1.173049361E-1,-2.799266875E-1
6.835889258E1,-8.973326087E-1,-2.794924658E-3,-3.818032742E-1
6.836893358E1,-8.327535987E-1,7.322740555E-2,-4.896975160E-1
6.837897358E1,-7.257915139E-1,8.187953383E-2,-5.894536376E-1
6.838901313E1,-5.540599823E-1,5.234289914E-3,-6.797193885E-1
6.839905413E1,-3.496470749E-1,-1.346757412E-1,-7.097401619E-1
6.840909413E1,-2.268585712E-1,-3.594470620E-1,-6.331377625E-1
6.841913513E1,-2.399505079E-1,-6.004237533E-1,-4.943166077E-1
6.842917512E1,-3.148604333E-1,-7.418327928E-1,-3.424567580E-1
6.843921612E1,-3.929568529E-1,-7.806625366E-1,-1.908924133E-1
6.844925612E1,-4.503349066E-1,-7.328130007E-1,-3.879342973E-2
6.845929612E1,-4.824278653E-1,-6.138371229E-1,1.054626927E-1
6.846933712E1,-4.944722950E-1,-4.312265515E-1,2.299958169E-1
6.847937712E1,-4.713576734E-1,-2.005384266E-1,3.048333228E-1
6.848941812E1,-4.020587504E-1,5.989236385E-2,3.199523687E-1
6.849945813E1,-3.083123267E-1,2.908908427E-1,2.808446586E-1
6.850949913E1,-2.252765447E-1,4.561314881E-1,2.167623490E-1
6.851953913E1,-1.687773466E-1,5.224547982E-1,1.520581543E-1
6.852958013E1,-1.371746808E-1,5.280431509E-1,8.828397840E-2
6.853962012E1,-1.128519475E-1,4.907830656E-1,3.715113550E-2
6.854966012E1,-8.464135230E-2,4.023988545E-1,5.539414939E-3
6.855970112E1,-6.208520755E-2,2.350184321E-1,-9.442443028E-3
6.856974112E1,-4.746205732E-2,4.969513975E-3,3.946865443E-3
6.857978212E1,-5.613176897E-2,-1.985770613E-1,4.160839319E-2
6.858982213E1,-7.827382535E-2,-3.377509117E-1,8.724938333E-2
6.859986312E1,-1.048207060E-1,-3.893275559E-1,1.581319273E-1
6.860990313E1,-1.271236241E-1,-3.782224357E-1,2.554313242E-1
6.861994413E1,-1.431988627E-1,-3.493680954E-1,3.120247126E-1
6.862998413E1,-1.526070088E-1,-3.362347186E-1,3.176884651E-1
6.864002412E1,-1.414827257E-1,-3.055261970E-1,3.057665825E-1
6.865006512E1,-1.014998928E-1,-2.164277434E-1,2.783147097E-1
6.866010512E1,-5.026094243E-2,-6.758992374E-2,2.468698770E-1
6.867014612E1,-7.334248163E-3,1.202865019E-1,2.162768096E-1
6.868018612E1,1.917294599E-2,3.121683896E-1,1.958310455E-1
6.869022712E1,2.990362048E-2,4.643528759E-1,1.876159906E-1
6.870026713E1,2.549476735E-2,5.511757135E-1,1.951901615E-1
6.871030713E1,2.692887932E-2,5.543821454E-1,2.096532583E-1
6.872034813E1,3.547045961E-2,4.769405127E-1,2.109764218E-1
6.873038812E1,6.035743281E-2,3.274021447E-1,2.051544785E-1
6.874042912E1,9.425965697E-2,1.486167014E-1,1.898014247E-1
6.875046912E1,1.153108850E-1,-1.714457572E-2,1.658737212E-1
6.876051012E1,1.120687649E-1,-1.576584429E-1,1.341653168E-1
6.877055012E1,1.075946540E-1,-2.609246373E-1,9.702140838E-2
6.878059112E1,1.132272184E-1,-3.117717505E-1,5.630714819E-2
6.879063112E1,1.182853580E-1,-3.008818328E-1,2.317050099E-2
6.880067113E1,1.061563045E-1,-2.758797407E-1,-1.934876293E-2
6.881071213E1,6.896606088E-2,-2.772411406E-1,-7.038451731E-2
6.882075213E1,3.550536558E-2,-2.620692551E-1,-1.206129715E-1
6.883079313E1,2.829976380E-3,-2.005819380E-1,-1.774059385E-1
6.884083312E1,-7.354061119E-3,-1.171093062E-1,-2.384965271E-1
6.885087412E1,-1.217438281E-2,-4.859070107E-2,-3.037234545E-1
6.886091412E1,-2.058481984E-2,1.598249190E-2,-3.350253999E-1
6.887095512E1,-5.482831504E-3,1.090615690E-1,-3.212840259E-1
6.888099512E1,3.702329099E-2,2.394894958E-1,-2.810866237E-1
6.889103513E1,7.945037633E-2,3.280026019E-1,-2.465440929E-1
6.890107613E1,9.354311973E-2,3.384047151E-1,-2.004667968E-1
6.891111613E1,7.078108191E-2,2.824551463E-1,-1.301156729E-1
6.892115713E1,1.390010305E-2,1.906688064E-1,-6.843519211E-2
6.893119712E1,-1.218103152E-2,8.229040354E-2,-1.766229048E-2
6.894123813E1,1.084330492E-2,-1.686524227E-2,3.034861758E-2
6.895127812E1,5.931922793E-2,-1.020525768E-1,6.304398179E-2
6.896131812E1,1.154643074E-1,-1.406591088E-1,8.034095168E-2
6.897135912E1,1.622557938E-1,-1.123166829E-1,8.455327153E-2
6.898139912E1,1.874237955E-1,-5.047386512E-2,7.232944667E-2
6.899144012E1,1.814330220E-1,-2.028906904E-2,4.906646907E-2
6.900148013E1,1.533128321E-1,-3.465155885E-2,2.509011701E-2
6.901152113E1,1.174629554E-1,-5.752864480E-2,1.190986671E-2
6.902156113E1,8.939476311E-2,-4.511022568E-2,-6.988148671E-3
6.903160213E1,6.414879858E-2,2.508856915E-2,-2.757145464E-2
6.904164212E1,4.086969420E-2,1.241240278E-1,-5.292242393E-2
6.905168212E1,3.820333630E-2,2.457718998E-1,-7.814841717E-2
6.906172312E1,4.485002905E-2,3.656027913E-1,-9.137832373E-2
6.907176312E1,4.050561413E-2,4.482470751E-1,-1.026983559E-1
6.908180412E1,2.949710749E-2,4.548831284E-1,-1.170590520E-1
6.909184413E1,2.611968666E-2,3.647604287E-1,-1.138752475E-1
6.910188512E1,3.263967857E-2,2.267510146E-1,-9.629756212E-2
6.911192513E1,4.059081152E-2,9.296951443E-2,-7.406789064E-2
6.912196613E1,5.228107050E-2,-2.120191231E-3,-5.380233005E-2
6.913200613E1,6.712872535E-2,-4.623385519E-2,-3.342195973E-2
6.914204612E1,8.559400588E-2,-3.884236142E-2,-1.378566399E-2
6.915208712E1,1.054795608E-1,-6.006995682E-4,6.305755116E-3
6.916212712E1,1.251365244E-1,3.336186334E-2,1.486384124E-2
6.917216812E1,1.385490149E-1,4.781670123E-2,6.626417395E-3
6.918220812E1,1.416633427E-1,4.890282452E-2,-1.295112539E-2
6.919224912E1,1.381490380E-1,3.827494755E-2,-2.986166440E-2
6.920228913E1,1.392640471E-1,2.286218852E-2,-3.640052676E-2
6.921233013E1,1.413753927E-1,2.935950458E-2,-3.426999971E-2
6.922237013E1,1.552663147E-1,6.965120137E-2,-1.469647698E-2
6.923241012E1,1.732618213E-1,1.051620543E-1,5.169906188E-3
6.924245112E1,1.786763817E-1,1.146805286E-1,1.858432218E-2
6.925249112E1,1.649832129E-1,1.059120670E-1,1.622316241E-2
6.926253212E1,1.431123018E-1,8.680510521E-2,7.238839753E-3
6.927257212E1,1.281482577E-1,6.343986839E-2,-4.537658766E-3
6.928261312E1,1.251721978E-1,3.823187575E-2,-2.330696955E-2
6.929265312E1,1.320841759E-1,1.386821549E-2,-3.069378063E-2
6.930269412E1,1.329049170E-1,-3.530698130E-3,-3.302002698E-2
6.931273413E1,1.226126030E-1,-1.438467670E-2,-2.323557436E-2
6.932277413E1,1.037805453E-1,-5.417072680E-3,-1.520930603E-2
6.933281513E1,8.616772294E-2,1.984620467E-2,-1.235945709E-2
6.934285512E1,8.090281487E-2,5.219904706E-2,-9.707189165E-3
6.935289612E1,7.758079469E-2,8.073135465E-2,-1.037697401E-2
6.936293612E1,8.127152920E-2,1.078728959E-1,-1.413220726E-2
6.937297712E1,8.208885044E-2,1.221903116E-1,-1.303178910E-2
6.938301712E1,6.997248530E-2,1.015592813E-1,-1.274253614E-2
6.939305812E1,4.829595238E-2,4.660122469E-2,-1.077792235E-2
6.940309812E1,3.445342556E-2,-9.027091786E-3,-1.009006146E-2
6.941313813E1,3.784149885E-2,-3.586190194E-2,-3.647342324E-3
6.942317913E1,4.980299994E-2,-2.947032079E-2,3.552302253E-3
6.943321912E1,6.233876571E-2,-1.242369507E-2,1.667715982E-2
6.944326013E1,6.137257069E-2,-4.096429329E-4,2.572338469E-2
6.945330012E1,5.040114745E-2,4.543303978E-3,2.880492806E-2
6.946334112E1,3.535269946E-2,6.279206369E-3,2.416503057E-2
6.947338112E1,2.260521241E-2,5.134313367E-3,1.209798083E-2
6.948342212E1,1.353724953E-2,-5.080924369E-3,2.789368387E-3
6.949346212E1,1.004744321E-2,-1.454659831E-2,-3.945499659E-3
6.950350213E1,1.211748458E-2,-2.111816406E-2,-1.116424147E-2
6.951354313E1,1.833463460E-2,-1.626189053E-2,-1.086383685E-2
6.952358313E1,2.331561223E-2,-2.695048461E-3,-5.879243370E-3
6.953362413E1,2.271746472E-2,6.848655641E-3,-8.858161746E-4
6.954366412E1,1.249240711E-2,8.880157024E-3,4.348171875E-3
6.955370512E1,1.286357990E-3,5.329631269E-3,2.206457546E-3
6.956374512E1,-1.155475434E-2,8.410066366E-3,-1.475439989E-3
6.957378612E1,-1.981801167E-2,7.500863634E-3,-3.099701833E-3
6.958382612E1,-2.669171430E-2,9.223388508E-3,-3.941205330E-3
6.959386612E1,-2.749865130E-2,1.331799850E-2,-4.408057779E-3
6.960390712E1,-2.603363059E-2,1.279665995E-2,1.373654231E-3
6.961394713E1,-2.718944103E-2,8.531074971E-3,3.336137626E-3
6.962398813E1,-3.357098624E-2,-6.636139005E-5,7.313484792E-3
6.963402813E1,-4.180814326E-2,-6.817474961E-3,9.144674055E-3
6.964406913E1,-4.404244944E-2,-4.477614537E-3,6.515813060E-3
6.965410912E1,-4.118487611E-2,3.608275205E-3,1.718128333E-3
6.966414912E1,-3.377175331E-2,1.664678752E-2,-6.264663767E-3
6.967419012E1,-2.691677585E-2,3.469929099E-2,-1.371938363E-2
6.968423012E1,-2.232030034E-2,5.058639124E-2,-1.942036301E-2
6.969427112E1,-2.168300375E-2,5.264368281E-2,-2.206408232E-2
6.970431113E1,-2.312872186E-2,4.565590620E-2,-2.243016846E-2
6.971435212E1,-2.158515342E-2,3.259896114E-2,-2.312871441E-2
6.972439213E1,-1.803257316E-2,2.009360306E-2,-1.962354779E-2
6.973443313E1,-1.480695233E-2,7.894726470E-3,-1.367670856E-2
6.974447312E1,-1.311235689E-2,4.495517351E-5,-7.360372692E-3
6.975451312E1,-1.294564269E-2,7.807865040E-4,-1.991173718E-3
6.976455412E1,-1.358987764E-2,5.224695429E-3,3.453403246E-3
6.977459412E1,-1.339546777E-2,1.760386676E-2,2.640606603E-3
6.978463512E1,-1.376854815E-2,3.675681725E-2,-1.408593962E-4
6.979467512E1,-1.499706320E-2,4.824569449E-2,-3.927341662E-3
6.980471612E1,-1.341722161E-2,4.618092254E-2,-3.385914490E-3
6.981475613E1,-1.038867421E-2,3.877254203E-2,-6.392889656E-3
6.982479713E1,-5.210207775E-3,3.392579779E-2,-5.277525168E-3
6.983483713E1,-2.221875126E-3,3.152069822E-2,-6.631476339E-3
6.984487712E1,-2.044998808E-3,2.956540883E-2,-6.831640378E-3
6.985491812E1,-3.869530512E-3,2.627747133E-2,-2.287488198E-3
6.986495812E1,-4.618102685E-3,2.432484180E-2,-2.985130763E-3
6.987499912E1,-4.470599815E-4,2.149869874E-2,1.532922033E-3
6.988503912E1,-1.097687287E-3,1.356290188E-2,2.874633763E-3
6.989508012E1,-2.868955722E-3,6.047727540E-3,3.315120703E-3
6.990512012E1,-2.948753303E-3,1.112183370E-2,5.099279340E-3
6.991516112E1,-1.278418349E-3,2.035874128E-2,2.943450585E-3
6.992520113E1,4.077933729E-3,2.415370941E-2,-2.261028159E-3
6.993524113E1,1.266955771E-2,2.356222086E-2,-2.566226292E-3
6.994528213E1,2.023515850E-2,2.184933797E-2,-3.972836770E-3
6.995532212E1,2.567439899E-2,1.991029084E-2,-3.132875310E-3
6.996536312E1,2.787658945E-2,1.502102520E-2,-4.319820553E-3
6.997540312E1,2.897407673E-2,7.317032665E-3,-4.211696330E-3
6.998544412E1,2.850621939E-2,1.093070838E-3,-2.330875956E-3
6.999548412E1,2.320200205E-2,-3.455608152E-3,1.196480705E-3
7.000552512E1,1.828766987E-2,-6.706795655E-3,-4.903655499E-4
7.001556513E1,1.451956294E-2,-2.844679169E-3,1.136293286E-3
7.002560513E1,1.543035544E-2,5.789501593E-3,-2.300111111E-3
7.003564613E1,1.285081822E-2,1.199866179E-2,-2.982146572E-3
7.004568612E1,1.122978516E-2,9.465412237E-3,-5.470891949E-3
7.005572712E1,5.738880020E-3,1.845309511E-3,-5.358506460E-3
7.006576712E1,2.809977159E-4,-1.154320035E-2,-2.539284527E-3
7.007580812E1,-1.633316511E-3,-1.813340746E-2,6.251048762E-4
7.008584812E1,-1.880732598E-3,-1.388279069E-2,4.172840621E-3
7.009588912E1,-2.397652017E-3,-6.961234845E-3,6.375807337E-3
7.010592912E1,-1.357979141E-3,-3.735355567E-4,6.820970681E-3
7.011596913E1,-4.121807870E-3,3.178588813E-3,1.639790600E-3
7.012601013E1,-7.430003956E-3,2.423474565E-3,2.482997952E-4
7.013605013E1,-6.581787020E-3,2.205076162E-4,5.111498293E-3
7.014609113E1,-6.478782278E-3,-6.213268265E-3,9.427587502E-3
7.015613112E1,-4.235867411E-3,-1.311458368E-2,1.455097646E-2
7.016617212E1,-4.578205757E-3,-1.788498461E-2,1.695691980E-2
7.017621212E1,6.032402162E-4,-1.077301428E-2,1.568632387E-2
7.018625312E1,3.261839971E-3,2.249361482E-3,1.457394287E-2
7.019629312E1,5.616873503E-3,8.151992224E-3,1.081382576E-2
7.020633313E1,6.406161934E-3,4.858637229E-3,6.976217963E-3
7.021637412E1,5.217859522E-3,8.527940139E-3,9.462884627E-4
7.022641413E1,1.010378124E-3,1.421877649E-2,-7.209737087E-4
7.023645513E1,-8.706431836E-3,1.595036499E-2,1.512619550E-3
7.024649513E1,-1.720341109E-2,1.256160717E-2,5.114745814E-3
7.025653613E1,-2.547279187E-2,1.232937910E-2,8.563273586E-3
7.026657612E1,-3.125573322E-2,9.268968366E-3,9.377231821E-3
7.027661712E1,-3.616287559E-2,3.249691566E-3,8.804120123E-3
7.028665712E1,-3.809420392E-2,-3.163254354E-3,9.915329516E-3
7.029669712E1,-3.749446198E-2,-7.924720645E-3,1.121921279E-2
7.030673812E1,-3.651590645E-2,-8.577025495E-3,1.066613849E-2
7.031677813E1,-3.174085915E-2,-7.855308242E-3,4.171487410E-3
7.032681913E1,-3.105323389E-2,7.765289629E-4,1.435621874E-3
7.033685913E1,-3.265831992E-2,6.848802790E-3,2.550953766E-3
7.034690013E1,-2.927778848E-2,6.938277744E-3,2.107857261E-3
7.035694012E1,-2.751344256E-2,-2.883726731E-3,8.481067605E-3
7.036698012E1,-2.340703085E-2,-1.996869594E-2,1.365793310E-2
7.037702112E1,-1.884290576E-2,-3.942841291E-2,1.464436762E-2
7.038706112E1,-1.567146368E-2,-4.391313344E-2,1.368490607E-2
7.039710275E1,-1.386237890E-2,-4.656164721E-2,1.328330114E-2
7.040714275E1,-1.524235029E-2,-5.101889744E-2,1.422224008E-2
7.041718375E1,-2.057479694E-2,-5.386102572E-2,1.347335894E-2
7.042722375E1,-2.116622031E-2,-4.734902829E-2,1.333394274E-2
7.043726475E1,-2.246850729E-2,-3.115647659E-2,1.134802401E-2
7.044730475E1,-2.136505209E-2,-1.699427702E-2,1.087448280E-2
7.045734475E1,-2.026729845E-2,-8.687610738E-3,9.979394265E-3
7.046738575E1,-1.987195760E-2,-1.344267372E-2,9.737632237E-3
7.047742575E1,-1.790334843E-2,-2.566951513E-2,8.285677060E-3
7.048746675E1,-1.750889234E-2,-3.246722743E-2,1.282327715E-2
7.049750675E1,-1.723831519E-2,-2.984667756E-2,1.263738889E-2
7.050754775E1,-1.636078767E-2,-2.272421308E-2,1.039925683E-2
7.051758775E1,-1.338816620E-2,-1.567881927E-2,7.600806653E-3
7.052762875E1,-8.728716522E-3,-1.481180172E-2,3.216988407E-3
7.053766875E1,-6.006167736E-3,-2.495445125E-2,1.969031291E-3
7.054770875E1,-2.658315934E-3,-3.980855271E-2,2.532162238E-3
7.055774975E1,1.933968160E-4,-4.636152834E-2,2.126562642E-3
7.056778975E1,-5.702511407E-5,-4.174441099E-2,3.482431872E-3
7.057783075E1,1.190399518E-3,-2.819744311E-2,6.489140447E-3
7.058787075E1,6.227318663E-4,-2.115662023E-2,4.468790721E-3
7.059791175E1,-5.551842041E-4,-2.491354197E-2,5.344438367E-3
7.060795175E1,5.933018401E-4,-1.550838817E-2,6.927773822E-3
7.061799275E1,1.466019661E-3,-8.571919054E-3,5.991406739E-3
7.062803275E1,2.192656975E-3,-4.157984629E-3,9.482305031E-4
7.063807275E1,7.212449331E-3,-8.127159439E-3,-5.468680756E-4
7.064811375E1,1.062713005E-2,-1.541559491E-2,-5.871708971E-3
7.065815375E1,9.053466842E-3,-2.274274826E-2,-1.040760428E-2
7.066819475E1,6.163302809E-3,-2.698421478E-2,-1.089410018E-2
7.067823475E1,3.017044626E-3,-2.372743562E-2,-1.095774956E-2
7.068827575E1,3.751903772E-3,-2.017365396E-2,-1.372150425E-2
7.069831575E1,1.817117445E-3,-1.083980501E-2,-9.909189306E-3
7.070835575E1,7.745150942E-4,3.706542309E-3,-4.866110161E-3
7.071839675E1,-1.706752228E-3,1.743273996E-2,1.759834588E-3
7.072843675E1,-3.942974843E-3,2.141198516E-2,6.396376062E-3
7.073847775E1,-3.255612683E-3,1.502705738E-2,8.398540318E-3
7.074851775E1,-1.791618299E-3,3.655874170E-3,6.449640263E-3
7.075855875E1,-1.418509521E-3,-2.632647986E-3,2.902842592E-3
7.076859875E1,3.254065989E-3,1.501754508E-3,2.204924356E-3
7.077863975E1,6.926565431E-3,7.627025247E-3,3.894966096E-3
7.078867975E1,8.351491764E-3,1.987523586E-2,2.372883027E-3
7.079871975E1,8.138438687E-3,3.010363504E-2,4.506341182E-3
7.080876075E1,8.893377148E-3,2.719316818E-2,3.014215967E-3
7.081880075E1,7.751679979E-3,1.368375123E-2,2.400011290E-4
7.082884175E1,8.442237973E-3,-5.331485532E-3,-9.208709234E-4
7.083888175E1,9.148774669E-3,-1.697668992E-2,-9.099518647E-4
7.084892275E1,1.009816583E-2,-2.347602881E-2,-1.084505930E-3
7.085896275E1,1.134585682E-2,-1.971111819E-2,-2.079462633E-3
7.086900275E1,1.186384168E-2,-1.527695637E-2,2.709764522E-5
7.087904375E1,9.113595821E-3,-5.397426896E-3,1.281446428E-3
7.088908375E1,6.889441051E-3,1.069867611E-2,3.444922157E-3
7.089912475E1,9.714256041E-3,2.790455893E-2,4.410317633E-3
7.090916475E1,1.527890563E-2,3.672878072E-2,7.347727078E-4
7.091920575E1,1.691648364E-2,3.516817093E-2,-1.187230693E-3
7.092924575E1,1.666862331E-2,2.374974452E-2,-4.362133332E-3
7.093928675E1,1.599191502E-2,5.475932732E-3,-5.791984499E-3
7.094932675E1,1.030659862E-2,-1.349456236E-2,-6.509440020E-3
7.095936675E1,4.907106981E-3,-2.430470102E-2,-4.784819204E-3
7.096940775E1,-7.051415741E-5,-3.055241518E-2,-6.289165001E-3
7.097944775E1,-3.807461821E-3,-2.777979895E-2,-3.186848480E-3
7.098948875E1,-2.687978791E-3,-1.792573929E-2,-2.224178985E-3
7.099952875E1,-2.660814906E-3,-1.220393833E-2,6.911834935E-4
7.100956975E1,-1.344921533E-3,-9.834361263E-3,-7.225716254E-4
7.101960975E1,-2.211780287E-3,-1.589491591E-2,-2.730861306E-3
7.102964975E1,-3.191857366E-3,-2.164782584E-2,-2.283429028E-3
7.103969075E1,-2.703167265E-3,-2.062730305E-2,-1.612046268E-3
7.104973075E1,6.549595855E-4,-1.752281375E-2,-2.074217191E-4
7.105977175E1,8.954430232E-4,-1.325962506E-2,3.648916027E-4
7.106981175E1,-6.764405407E-5,-1.052342542E-2,-1.095297164E-3
7.107985275E1,-3.867708379E-3,-8.760146797E-3,2.368942834E-3
7.108989275E1,-4.961760715E-3,-1.263494138E-2,1.079323236E-3
7.109993375E1,-4.571340978E-3,-2.177331224E-2,2.054839162E-3
7.110997375E1,-5.232904106E-3,-2.577039972E-2,6.079649320E-4
7.112001375E1,-2.519143047E-3,-1.995512098E-2,2.287307288E-4
7.113005475E1,-1.396878390E-3,-5.155615509E-3,-2.292089630E-3
7.114009475E1,1.669218880E-3,7.872035727E-3,-6.738769822E-3
7.115013575E1,2.308389405E-3,1.414689422E-2,-1.042063814E-2
7.116017575E1,-4.828698002E-4,1.027172804E-2,-1.270802785E-2
7.117021675E1,-2.017902210E-3,1.741334796E-3,-8.548003621E-3
7.118025675E1,-4.593179096E-3,-3.102422459E-3,-3.003835212E-3
7.119029675E1,-3.006467596E-3,-9.062310681E-3,6.028275471E-3
7.120033775E1,4.701158032E-4,-1.551056188E-2,6.485613994E-3
7.121037775E1,4.168493673E-3,-1.909098774E-2,1.330138999E-3
7.122041875E1,8.592803031E-3,-9.756075218E-3,-3.311408218E-4
7.123045875E1,6.802745163E-3,6.149078719E-3,-2.870805096E-3
7.124049975E1,6.740427110E-3,2.432488650E-2,-1.289686421E-3
7.125053975E1,7.262783125E-3,3.272253647E-2,-1.042215968E-3
7.126057975E1,9.018072858E-3,3.338060156E-2,-1.623584074E-3
7.127062075E1,1.249043271E-2,2.833358198E-2,-4.482447403E-4
7.128066075E1,1.136444788E-2,1.437409036E-2,1.036201254E-3
7.129070175E1,1.124094520E-2,2.556744264E-3,4.335282370E-3
7.130074175E1,9.780202061E-3,2.415064024E-3,4.278823268E-3
7.131078275E1,2.979570068E-3,-1.283426071E-3,1.032498758E-2
7.132082275E1,-1.280726865E-4,-7.052537985E-4,8.486607112E-3
7.133086375E1,4.017285537E-3,1.221005619E-2,2.382450271E-3
7.134090375E1,6.654347293E-3,1.338104811E-2,-1.095638028E-3
7.135094375E1,1.198717114E-2,8.845852688E-3,-8.531918749E-3
7.136098475E1,1.877423748E-2,5.111834966E-3,-9.734602645E-3
7.137102475E1,2.561740391E-2,-9.796336293E-3,-1.446045656E-2
7.138106575E1,2.044474520E-2,-1.827450842E-2,-1.188145112E-2
7.139110533E1,1.050737500E-2,1.311771106E-2,-1.017673034E-2
7.140114633E1,5.193569697E-3,4.746050388E-2,7.134682965E-4
7.141118633E1,4.622659180E-4,3.759206086E-2,-1.371296356E-3
7.142122633E1,-1.198215177E-3,1.094074175E-2,-2.369981725E-3
7.143126733E1,5.408305675E-3,-2.387205372E-3,2.665779088E-3
7.144130733E1,1.001770422E-2,-1.821969822E-2,7.396085653E-3
7.145134833E1,1.290341280E-2,-3.182185441E-2,7.788826711E-3
7.146138833E1,1.659375429E-2,-2.565637045E-2,1.918934286E-4
7.147142933E1,1.898129471E-2,-2.328125574E-2,3.847071668E-3
7.148146933E1,1.942631043E-2,-2.567224018E-2,8.249165257E-4
7.149151033E1,1.289233752E-2,-2.111151628E-2,7.078626193E-3
7.150155033E1,5.529495887E-3,-5.536552519E-3,9.848846123E-3
7.151159033E1,8.604014292E-3,1.674640807E-3,1.033973042E-2
7.152163133E1,1.660814509E-2,8.862512186E-3,1.463700645E-2
7.153167133E1,2.014120482E-2,4.835182801E-3,6.018016953E-3
7.154171233E1,2.120274119E-2,-6.286177784E-3,-7.517385529E-4
7.155175233E1,1.814570650E-2,-3.792021424E-2,5.529188551E-3
7.156179333E1,-2.193121472E-3,-8.616390824E-2,1.902715489E-2
7.157183333E1,-4.905009642E-3,-1.033902466E-1,1.028518844E-2
7.158187333E1,-9.562345222E-3,-1.213375553E-1,8.459858596E-3
7.159191433E1,-1.502338983E-2,-1.259163767E-1,5.994549021E-3
7.160195433E1,-7.361209951E-3,-1.040188074E-1,3.061609576E-3
7.161199533E1,4.350928590E-3,-1.002696753E-1,-1.609692723E-2
7.162203533E1,5.839635618E-3,-8.523400128E-2,-2.017555758E-2
7.163207633E1,6.327767856E-3,-8.586719632E-2,-3.563676029E-3
7.164211633E1,6.696082652E-3,-1.006075293E-1,8.189120330E-3
7.165215633E1,-7.917891443E-2,-2.551476955E-1,-4.366769269E-2
7.166219733E1,-6.001587585E-2,-2.337116599E-1,-4.068575427E-2
7.167223733E1,3.087007627E-2,-1.168009341E-1,1.036442071E-2
7.168227833E1,4.817769304E-2,-1.262453049E-1,4.146694764E-2
7.169231833E1,3.386121616E-2,-1.864864230E-1,1.569851115E-2
7.170235933E1,2.534789033E-2,-2.258205116E-1,-4.648949578E-2
7.171239933E1,6.219719537E-3,-2.485877126E-1,-1.091925427E-1
7.172243933E1,-2.673103847E-2,-2.037645727E-1,-7.594191283E-2
7.173248033E1,-2.530230582E-2,-1.618022770E-1,6.030479912E-3
7.174252033E1,-4.053212330E-2,-1.631418467E-1,6.783632934E-2
7.175256133E1,-5.553823709E-2,-2.446423024E-1,9.730207175E-2
7.176260133E1,-5.578564480E-2,-3.858063221E-1,8.450239152E-2
7.177264233E1,-6.701914966E-2,-3.931179643E-1,5.190544203E-2
7.178268233E1,-5.062126741E-2,-3.454090357E-1,5.058424920E-2
7.179272333E1,-4.530005157E-2,-3.046332896E-1,1.802696660E-2
7.180276333E1,-9.463617206E-2,-3.884829283E-1,-2.967477590E-2
7.181280333E1,-5.917032808E-2,-4.313105345E-1,-7.415622473E-2
7.182284433E1,1.784440130E-2,-4.787139595E-1,3.936391324E-2
7.183288433E1,3.700554371E-2,-4.375233352E-1,6.813992560E-2
7.184292533E1,5.512303114E-2,-4.304427803E-1,6.716707349E-2
7.185296533E1,4.457519948E-2,-3.711345494E-1,1.183767337E-2
7.186300633E1,1.365030743E-2,-3.376373053E-1,2.723271027E-3
7.187304633E1,-5.731184036E-2,-4.112892449E-1,-1.911765337E-2
7.188308633E1,-1.867571771E-1,-5.744922161E-1,-5.832470953E-2
7.189312733E1,-2.319224179E-1,-6.802378297E-1,-1.941249892E-2
7.190316733E1,-1.976147890E-1,-7.409682870E-1,1.742940396E-2
7.191320833E1,-1.336140484E-1,-6.975226998E-1,3.295178711E-2
7.192324833E1,-5.118308216E-2,-7.327027917E-1,1.049676612E-1
7.193328933E1,-1.501358673E-2,-8.570929170E-1,1.558562517E-1
7.194332933E1,-2.203515964E-3,-1.053185463E0,2.075671256E-1
7.195336933E1,2.073471993E-2,-1.236337781E0,2.114125192E-1
7.196341033E1,3.758187965E-2,-1.302878499E0,1.526570618E-1
7.197345033E1,4.934959114E-2,-1.326931357E0,1.727458239E-1
7.198349133E1,1.594262943E-2,-1.377087951E0,2.418668270E-1
7.199353133E1,-1.022373661E-1,-1.578690886E0,2.075766474E-1
7.200357233E1,-1.713988632E-1,-1.940757751E0,1.044681147E-1
7.201361233E1,-1.985147446E-1,-2.193731785E0,1.336410176E-2
7.202365233E1,-1.848178357E-1,-2.254448414E0,-5.500483513E-2
7.203369333E1,-1.344426721E-1,-2.189808369E0,-7.791353762E-2
7.204373333E1,-8.202712983E-2,-2.137629032E0,-1.678680256E-2
7.205377433E1,-5.737306178E-2,-2.117986202E0,5.225637555E-2
7.206381433E1,-5.349808373E-3,-1.906763077E0,7.974791527E-2
7.207385533E1,5.567060784E-2,-1.487501383E0,8.590265363E-2
7.208389533E1,7.768776268E-2,-1.136468172E0,3.993010148E-2
7.209393533E1,5.967158452E-2,-1.078726649E0,-5.456837267E-2
7.210397633E1,3.775696456E-2,-1.258102536E0,-1.164613068E-1
7.211401633E1,1.143508125E-2,-1.416238904E0,-1.188086197E-1
7.212405733E1,1.495817769E-2,-1.343934417E0,-8.248629421E-2
7.213409733E1,2.193762735E-2,-1.021674514E0,-5.446135253E-2
7.214413833E1,5.518973805E-3,-7.641476393E-1,-9.556724690E-3
7.215417833E1,-1.711180434E-2,-6.170873046E-1,1.702483930E-2
7.216421833E1,-3.718910739E-2,-5.510864258E-1,4.696888849E-2
7.217425933E1,-3.148657829E-2,-4.266563356E-1,6.768605113E-2
7.218429933E1,2.461796813E-2,-3.463809490E-1,7.755599171E-2
7.219434033E1,8.809794486E-2,-3.629974127E-1,7.885346562E-2
7.220438033E1,1.267497391E-1,-4.409784973E-1,6.644660234E-2
7.221442133E1,1.370999068E-1,-4.192544222E-1,4.412274808E-2
7.222446133E1,1.593634039E-1,-3.731196821E-1,3.462830931E-2
7.223450133E1,1.725378782E-1,-3.003205955E-1,2.870794013E-2
7.224454233E1,1.619161367E-1,-2.347008437E-1,6.695050281E-3
7.225458233E1,1.430819780E-1,-2.136533260E-1,1.116905827E-3
7.226462333E1,1.253288239E-1,-2.297212481E-1,-5.966836121E-3
7.227466333E1,9.650141001E-2,-1.513170898E-1,-1.587991044E-2
7.228470433E1,7.056808472E-2,-2.490535565E-2,-3.161812946E-2
7.229474433E1,4.280441254E-2,6.287701428E-2,-5.695201084E-2
7.230478433E1,3.586856183E-4,7.527589798E-2,-5.569553375E-2
7.231482533E1,-2.472095378E-2,3.182513639E-2,-4.199376330E-2
7.232486533E1,-2.626159228E-2,7.156542502E-3,-3.224845603E-2
7.233490633E1,1.576647162E-2,-5.678876117E-2,-1.004952658E-2
7.234494633E1,5.519483611E-2,-5.367046595E-2,-8.280122653E-3
7.235498733E1,8.027459681E-2,-3.406928480E-2,-1.501124073E-2
7.236502733E1,9.406923503E-2,-5.057289451E-2,-1.803712361E-2
7.237506833E1,7.604374737E-2,3.380711377E-2,2.126765903E-4
7.238510833E1,4.674524814E-2,1.486759037E-1,-1.611862518E-2
7.239514875E1,2.296584100E-2,2.058955133E-1,-3.395791724E-2
7.240518975E1,-7.870635018E-3,1.779019684E-1,-6.478613615E-2
7.241522975E1,-4.351085424E-2,1.294147521E-1,-7.305210084E-2
7.242527075E1,-3.728198633E-2,7.585991919E-2,-6.115043163E-2
7.243531075E1,-6.086498033E-3,2.895297483E-2,-4.437945411E-2
7.244535175E1,2.176723816E-2,2.294435166E-2,-3.330123797E-2
7.245539175E1,3.579244763E-2,2.471204475E-2,-2.997477725E-2
7.246543175E1,2.982510440E-2,3.203680366E-2,-3.317562863E-2
7.247547275E1,1.259694248E-2,4.861371219E-2,-4.097488523E-2
7.248551275E1,5.142487586E-3,7.786400616E-2,-4.200766236E-2
7.249555375E1,2.088425681E-3,1.263458431E-1,-4.208279401E-2
7.250559375E1,1.914064586E-2,8.432835340E-2,-2.584230714E-2
7.251563475E1,4.744758084E-2,4.512060061E-2,-1.013387367E-2
7.252567475E1,6.491099298E-2,7.911664993E-2,-1.140872855E-2
7.253571475E1,7.410303503E-2,7.705242932E-2,-1.308391336E-2
7.254575575E1,6.784034520E-2,5.625313893E-2,-6.179135293E-3
7.255579575E1,4.103632644E-2,8.653962612E-2,-1.388322562E-5
7.256583675E1,2.497399971E-2,1.104132682E-1,-4.171609879E-3
7.257587675E1,2.804350853E-2,1.038312092E-1,-7.868845016E-3
7.258591775E1,3.881226853E-2,3.478663042E-2,-1.006142516E-2
7.259595775E1,3.400250524E-2,-8.345721290E-3,-1.485226303E-2
7.260599775E1,2.575469390E-2,-5.576436967E-2,-6.191129796E-3
7.261603875E1,3.105354123E-2,-9.221497923E-2,2.515839972E-2
7.262607875E1,1.832602732E-2,-3.406725824E-2,1.649273932E-2
7.263611975E1,-1.642369665E-2,4.812348261E-2,2.885585185E-3
7.264615975E1,-3.117567487E-2,8.852053434E-2,-2.487202175E-2
7.265620075E1,-4.375965893E-2,1.331012100E-1,-4.758371413E-2
7.266624075E1,-5.627198890E-2,1.333904266E-1,-7.802337408E-2
7.267628075E1,-6.623701751E-2,1.380611062E-1,-1.054250747E-1
7.268632175E1,-4.172661528E-2,6.417036057E-2,-1.180074438E-1
7.269636175E1,-7.476245984E-3,-5.935175344E-2,-9.620995820E-2
7.270640275E1,-2.686539106E-2,-5.557459220E-2,-6.496761739E-2
7.271644275E1,-6.744600832E-2,-8.506357670E-3,-1.094345469E-2
7.272648375E1,-1.119058877E-1,8.959491551E-2,2.585876919E-2
7.273652375E1,-1.073795035E-1,1.234963685E-1,3.283553943E-2
7.274656375E1,-6.804195046E-2,9.514329582E-2,9.672161192E-3
7.275660475E1,-1.690875180E-2,3.297616169E-2,-1.098183542E-2
7.276664475E1,9.784643538E-3,-5.677103251E-2,-1.566500403E-2
7.277668575E1,-1.219553128E-2,-3.028137423E-2,-2.450148016E-2
7.278672575E1,-6.313674152E-2,6.756529957E-2,-2.231928520E-2
7.279676675E1,-9.151266515E-2,4.941703007E-2,-3.634605929E-2
7.280680675E1,-8.651550859E-2,-7.126408163E-3,-4.074640200E-2
7.281684675E1,-5.142123997E-2,-8.672340214E-2,-3.895005584E-2
7.282688775E1,-3.670761595E-3,-1.400145888E-1,-2.660790086E-2
7.283692775E1,4.555695504E-2,-1.888107210E-1,-1.893931814E-2
7.284696875E1,1.102821529E-1,-2.460098267E-1,-1.782531850E-2
7.285700875E1,1.522634923E-1,-2.579792440E-1,-3.018189594E-2
7.286704975E1,1.016096324E-1,-1.957733929E-1,-8.437801898E-2
7.287708975E1,3.600203246E-2,-1.438594460E-1,-6.154721230E-2