"Time (s)","X (m/s^2)","Y (m/s^2)","Z (m/s^2)"
3.215000033E-4,-9.396260376E0,-1.860630798E-1,4.790039062E-1
1.036150000E-2,-9.076974335E0,-1.270557861E0,-2.606080627E-1
2.040250000E-2,-9.679172058E0,-1.286873932E0,1.365161133E-1
3.044249999E-2,-1.015697845E1,-1.118474121E0,6.159690857E-1
4.048249999E-2,-1.042102936E1,-7.503895569E-1,3.671864319E-1
5.052349999E-2,-1.064945435E1,-4.085005188E-1,2.439926147E-1
6.056349998E-2,-1.096140564E1,-1.692979431E-1,1.027613068E0
7.060350000E-2,-9.404942322E0,6.691085815E-2,1.138233032E0
8.064450001E-2,-8.830437012E0,1.287322998E-2,6.948550415E-1
9.068450000E-2,-9.484576721E0,-1.389111328E-1,4.951702881E-1
1.007245000E-1,-9.970765686E0,-2.095642090E-1,1.615141296E-1
1.107655000E-1,-1.016775604E1,-1.074765015E-1,-1.616638184E-1
1.208055000E-1,-1.021730301E1,-1.751358032E-1,-2.833607483E-1
1.308455000E-1,-1.035322037E1,-5.731581116E-1,-3.674858093E-1
1.408855000E-1,-1.029918274E1,-6.430627441E-1,-3.779640198E-1
1.509265000E-1,-1.021161484E1,-4.791535950E-1,-3.908372498E-1
1.609665000E-1,-1.022538620E1,-4.170327759E-1,-2.986289978E-1
1.710065000E-1,-1.032822235E1,-3.767665100E-1,-1.528321838E-1
1.810470000E-1,-1.032223480E1,-4.379891968E-1,-1.493893433E-1
1.910870000E-1,-1.011701157E1,-4.971162415E-1,-8.068222046E-2
2.011270000E-1,-9.880503387E0,-5.709127808E-1,4.790039063E-2
2.111680000E-1,-9.649533691E0,-6.147715759E-1,4.161346436E-2
2.212080000E-1,-9.501940613E0,-5.959107971E-1,1.092727661E-2
2.312480000E-1,-9.425898743E0,-6.036946106E-1,1.047821045E-2
2.412880000E-1,-9.457183685E0,-6.069877625E-1,1.293310547E-1
2.513290000E-1,-9.525591431E0,-5.709127808E-1,1.613644409E-1
2.613690000E-1,-9.522148590E0,-5.002597046E-1,1.158590698E-1
2.714090000E-1,-9.529633026E0,-4.546046448E-1,9.310638428E-2
2.814500000E-1,-9.568103027E0,-4.311035156E-1,4.999603271E-2
2.914900000E-1,-9.607770538E0,-4.394860840E-1,5.613327026E-2
3.015300000E-1,-9.645192719E0,-4.484674072E-1,1.691482544E-2
3.115710000E-1,-9.707612915E0,-4.571493530E-1,-7.005432129E-2
3.216110000E-1,-9.823322296E0,-4.590953064E-1,-7.634124756E-2
3.316510000E-1,-9.930200043E0,-4.658312988E-1,-6.556365967E-2
3.416920000E-1,-9.981543274E0,-4.739144897E-1,-5.418731689E-2
3.517320000E-1,-9.970466309E0,-4.809498596E-1,-7.708969116E-2
3.617720000E-1,-9.871971130E0,-4.689747620E-1,-1.181044006E-1
3.718130000E-1,-9.803563385E0,-4.333488464E-1,-1.573228455E-1
3.818530000E-1,-9.700278168E0,-4.095483398E-1,-2.300715637E-1
3.918930000E-1,-9.651928711E0,-3.855981445E-1,-2.742297363E-1
4.019330000E-1,-9.665999451E0,-3.606001282E-1,-2.402503967E-1
4.119740000E-1,-9.675429840E0,-3.097059631E-1,-2.026785278E-1
4.220140000E-1,-9.739795990E0,-2.894979858E-1,-1.353186035E-1
4.320540000E-1,-9.761051788E0,-3.019221497E-1,-8.472381592E-2
4.420950000E-1,-9.759105835E0,-3.249742126E-1,-7.888595581E-2
4.521350000E-1,-9.731712799E0,-3.459306335E-1,-1.495390320E-1
4.621750000E-1,-9.741741943E0,-3.423381042E-1,-2.254312134E-1
4.722160000E-1,-9.739346924E0,-3.367996216E-1,-2.644999695E-1
4.822560000E-1,-9.764794006E0,-3.335064697E-1,-3.381468201E-1
4.922960000E-1,-9.788444824E0,-3.266207886E-1,-4.468208313E-1
5.023360000E-1,-9.791887665E0,-3.382965088E-1,-4.944218445E-1
5.123770000E-1,-9.841434631E0,-3.520678711E-1,-5.209167480E-1
5.224170000E-1,-9.884245605E0,-4.405339050E-1,-4.620890808E-1
5.324570000E-1,-9.829010468E0,-5.833369446E-1,-4.626878357E-1
5.424980000E-1,-9.768685913E0,-6.724017334E-1,-5.162763977E-1
5.525380000E-1,-9.768685913E0,-7.189549255E-1,-5.028044128E-1
5.625780000E-1,-9.752070465E0,-7.135661316E-1,-5.083428955E-1
5.726190000E-1,-9.661359100E0,-6.589297485E-1,-5.261558533E-1
5.826590000E-1,-9.571545868E0,-5.945635986E-1,-5.117857361E-1
5.926990000E-1,-9.495054932E0,-5.529501343E-1,-4.884342957E-1
6.027390000E-1,-9.477691040E0,-5.129832458E-1,-4.315525818E-1
6.127800000E-1,-9.469308472E0,-5.108876038E-1,-3.739224243E-1
6.228200000E-1,-9.519753571E0,-5.486091614E-1,-3.655398560E-1
6.328600000E-1,-9.652527466E0,-6.122268677E-1,-4.245172119E-1
6.429010000E-1,-9.865085449E0,-6.291416931E-1,-5.816903687E-1
6.529410000E-1,-1.007045837E1,-6.405180359E-1,-7.087760925E-1
6.629810000E-1,-1.017838394E1,-6.433621216E-1,-7.933502197E-1
6.730220000E-1,-1.013003448E1,-6.514453125E-1,-7.893086243E-1
6.830620000E-1,-1.002151016E1,-5.484594727E-1,-7.327262878E-1
6.931020000E-1,-9.838590546E0,-3.668870544E-1,-6.562353516E-1
7.031430000E-1,-9.700128479E0,-1.778302002E-1,-5.442681885E-1
7.131830000E-1,-9.640402679E0,-5.269042969E-2,-3.900888062E-1
7.232230000E-1,-9.690398712E0,-5.239105225E-3,-3.073109436E-1
7.332630000E-1,-9.749076691E0,-7.125183105E-2,-2.610571289E-1
7.433040000E-1,-9.746232605E0,-1.763333130E-1,-2.821632385E-1
7.533440000E-1,-9.734556885E0,-3.144960022E-1,-3.342549133E-1
7.633840000E-1,-9.699080658E0,-4.649331665E-1,-3.882925415E-1
7.734250000E-1,-9.655970306E0,-5.992039490E-1,-4.661306763E-1
7.834650000E-1,-9.646988983E0,-6.899153137E-1,-4.806504822E-1
7.935050000E-1,-9.657317505E0,-7.453001404E-1,-4.460723877E-1
8.035460000E-1,-9.664652252E0,-7.415579224E-1,-4.055067444E-1
8.135860000E-1,-9.680369568E0,-6.770420837E-1,-3.571572876E-1
8.236260000E-1,-9.703571320E0,-5.882766724E-1,-3.116519165E-1
8.336670000E-1,-9.723629608E0,-4.790039062E-1,-2.969824219E-1
8.437070000E-1,-9.740095367E0,-3.601510620E-1,-3.219804382E-1
8.537470000E-1,-9.751621399E0,-2.486329651E-1,-3.414399719E-1
8.637870000E-1,-9.782307587E0,-1.933978271E-1,-3.492237854E-1
8.738280000E-1,-9.773176575E0,-1.475930786E-1,-3.477268982E-1
8.838680000E-1,-9.760303345E0,-1.743873596E-1,-3.586541748E-1
8.939080000E-1,-9.741741943E0,-2.270777893E-1,-3.324586487E-1
9.039490000E-1,-9.705367584E0,-2.911445618E-1,-3.384461975E-1
9.139890000E-1,-9.686057739E0,-3.216810608E-1,-3.662882996E-1
9.240290000E-1,-9.680519257E0,-3.528163147E-1,-3.927832031E-1
9.340700000E-1,-9.688153381E0,-3.716770935E-1,-3.858975220E-1
9.441100000E-1,-9.683662720E0,-4.158352661E-1,-3.622467041E-1
9.541500000E-1,-9.660610657E0,-4.363426208E-1,-3.625460815E-1
9.641900000E-1,-9.639504547E0,-4.050576782E-1,-4.004173279E-1
9.742310000E-1,-9.655371552E0,-3.565585327E-1,-4.056564331E-1
9.842710000E-1,-9.677525482E0,-3.543132019E-1,-3.923341370E-1
9.943110000E-1,-9.690548401E0,-3.517684937E-1,-3.511697388E-1
1.004352000E0,-9.685908051E0,-3.469784546E-1,-3.053649902E-1
1.014392000E0,-9.714049530E0,-3.594026184E-1,-3.143463135E-1
1.024432000E0,-9.753417664E0,-3.869453430E-1,-3.778143311E-1
1.034473000E0,-9.810000000E0,-4.171824646E-1,-4.478686523E-1
1.044513000E0,-9.842332764E0,-4.340972900E-1,-4.815486145E-1
1.054553000E0,-9.829160156E0,-4.444258118E-1,-4.858895874E-1
1.064593000E0,-9.781559143E0,-4.739144897E-1,-4.833448792E-1
1.074634000E0,-9.745633850E0,-4.565505981E-1,-5.075944519E-1
1.084674000E0,-9.708960114E0,-4.418811035E-1,-5.046006775E-1
1.094714000E0,-9.693242798E0,-4.330494690E-1,-4.834945679E-1
1.104755000E0,-9.714947662E0,-3.956272888E-1,-4.870870972E-1
1.114795000E0,-9.756710815E0,-3.608995056E-1,-4.653822327E-1
1.124835000E0,-9.817783813E0,-3.462300110E-1,-4.349954224E-1
1.134876000E0,-9.848470001E0,-3.611988831E-1,-4.167333984E-1
1.144916000E0,-9.814939728E0,-3.858975220E-1,-3.835025024E-1
1.154956000E0,-9.790839844E0,-3.983216858E-1,-3.866459656E-1
1.164996000E0,-9.742490387E0,-4.083508301E-1,-3.734733582E-1
1.175037000E0,-9.720785522E0,-4.108955383E-1,-3.863465881E-1
1.185076958E0,-9.739496613E0,-4.215234375E-1,-3.914360046E-1
1.195116958E0,-9.735604706E0,-4.192781067E-1,-4.257147217E-1
1.205157958E0,-9.754315796E0,-4.650828552E-1,-4.572990417E-1
1.215197958E0,-9.742789764E0,-4.625381470E-1,-4.933740234E-1
1.225237958E0,-9.700278168E0,-4.080514526E-1,-5.441184998E-1
1.235278958E0,-9.683812408E0,-3.700305176E-1,-5.508544922E-1
1.245318958E0,-9.713600464E0,-3.290158081E-1,-5.393284607E-1
1.255358958E0,-9.763297119E0,-2.953358459E-1,-5.147795105E-1
1.265398958E0,-9.821076965E0,-2.565664673E-1,-4.999603271E-1
1.275439958E0,-9.865085449E0,-2.628533936E-1,-4.671784973E-1
1.285479958E0,-9.853260040E0,-2.721340942E-1,-4.378395081E-1
1.295519958E0,-9.822573853E0,-3.083587646E-1,-4.222718811E-1
1.305560958E0,-9.791288910E0,-3.272195435E-1,-4.025129700E-1
1.315600958E0,-9.727671204E0,-3.546125793E-1,-4.044589233E-1
1.325640958E0,-9.683213654E0,-3.520678711E-1,-4.245172119E-1
1.335681958E0,-9.665849762E0,-3.556604004E-1,-4.436773682E-1
1.345721958E0,-9.669591980E0,-3.782633972E-1,-4.288581848E-1
1.355761958E0,-9.668244781E0,-3.664379883E-1,-4.020639038E-1
1.365801958E0,-9.691147156E0,-3.742218018E-1,-3.977229309E-1
1.375842958E0,-9.675729218E0,-3.631448364E-1,-3.815565491E-1
1.385882958E0,-9.673783264E0,-3.525169373E-1,-3.779640198E-1
1.395922958E0,-9.673633575E0,-3.487747192E-1,-3.915856934E-1
1.405963958E0,-9.701325989E0,-3.616479492E-1,-3.993695068E-1
1.416003958E0,-9.733808441E0,-3.803590393E-1,-3.722758484E-1
1.426043958E0,-9.753118286E0,-3.996688843E-1,-3.942800903E-1
1.436084958E0,-9.780511322E0,-4.022135925E-1,-4.062551880E-1
1.446124958E0,-9.802964630E0,-4.236190796E-1,-4.034111023E-1
1.456164958E0,-9.810898132E0,-4.225712585E-1,-4.279600525E-1
1.466205958E0,-9.800270233E0,-4.254153442E-1,-4.525090027E-1
1.476245958E0,-9.766590271E0,-4.327500916E-1,-4.587959290E-1
1.486285958E0,-9.736502838E0,-4.180805969E-1,-4.462220764E-1
1.496325958E0,-9.711205444E0,-4.179309082E-1,-4.276606750E-1
1.506366958E0,-9.687105560E0,-4.120930481E-1,-3.987707520E-1
1.516406958E0,-9.684710541E0,-3.941304016E-1,-3.691323853E-1
1.526446958E0,-9.690249023E0,-3.701802063E-1,-3.571572876E-1
1.536487958E0,-9.706415405E0,-3.730242920E-1,-3.240760803E-1
1.546527958E0,-9.731413422E0,-3.796105957E-1,-3.378474426E-1
1.556567958E0,-9.774972839E0,-3.788621521E-1,-3.620970154E-1
1.566607958E0,-9.799521790E0,-3.799099731E-1,-4.290078735E-1
1.576648958E0,-9.778265991E0,-3.685336304E-1,-4.328997803E-1
1.586688958E0,-9.741741943E0,-3.625460815E-1,-4.255650330E-1
1.596728958E0,-9.700128479E0,-3.604504395E-1,-4.082011414E-1
1.606769958E0,-9.661957855E0,-3.393443298E-1,-3.823049927E-1
1.616809958E0,-9.641450500E0,-3.029699707E-1,-3.628454590E-1
1.626849958E0,-9.672585754E0,-2.775228882E-1,-3.923341370E-1
1.636890958E0,-9.736203461E0,-3.002755737E-1,-4.372407532E-1
1.646930958E0,-9.793534241E0,-3.719764709E-1,-4.454736328E-1
1.656970958E0,-9.801467743E0,-3.911366272E-1,-4.921765137E-1
1.667011958E0,-9.788145447E0,-3.969744873E-1,-5.201683044E-1
1.677051958E0,-9.756261749E0,-4.123924255E-1,-4.918771362E-1
1.687091958E0,-9.720635834E0,-4.472698975E-1,-4.611909485E-1
1.697131958E0,-9.705966339E0,-4.809498596E-1,-4.288581848E-1
1.707172958E0,-9.710307312E0,-5.080435181E-1,-4.195774841E-1
1.717212958E0,-9.727970581E0,-4.932243347E-1,-4.083508301E-1
1.727252958E0,-9.739346924E0,-4.778063965E-1,-4.201762390E-1
1.737293958E0,-9.785900116E0,-4.555027771E-1,-4.007167053E-1
1.747333958E0,-9.822124786E0,-4.393363953E-1,-4.111949158E-1
1.757373958E0,-9.839937744E0,-4.463717651E-1,-4.180805969E-1
1.767414958E0,-9.806407471E0,-4.405339050E-1,-4.376898193E-1
1.777454958E0,-9.737850037E0,-4.736151123E-1,-4.806504822E-1
1.787494958E0,-9.677226105E0,-5.014572144E-1,-4.662803650E-1
1.797534958E0,-9.673783264E0,-5.162763977E-1,-4.540058899E-1
1.807575958E0,-9.688602448E0,-5.147795105E-1,-4.456233215E-1
1.817615958E0,-9.711504822E0,-4.954696655E-1,-4.221221924E-1
1.827655958E0,-9.774074707E0,-4.876858521E-1,-4.067042542E-1
1.837696958E0,-9.823322296E0,-4.728666687E-1,-3.857478333E-1
1.847736958E0,-9.840087433E0,-4.601431274E-1,-3.731739807E-1
1.857776958E0,-9.841734009E0,-4.430786133E-1,-4.099974060E-1
1.867816958E0,-9.833650818E0,-4.631369019E-1,-4.460723877E-1
1.877857958E0,-9.829459534E0,-4.429289246E-1,-4.507127380E-1
1.887897958E0,-9.801767120E0,-4.336482239E-1,-4.257147217E-1
1.897937958E0,-9.765692139E0,-4.037104797E-1,-4.017645264E-1
1.907978958E0,-9.721084900E0,-3.784130859E-1,-3.308120728E-1
1.918018958E0,-9.669591980E0,-3.463796997E-1,-2.908451843E-1
1.928058958E0,-9.632768555E0,-3.513194275E-1,-2.821632385E-1
1.938099958E0,-9.627080383E0,-3.523672485E-1,-2.636018372E-1
1.948139958E0,-9.609117737E0,-3.606001282E-1,-2.618055725E-1
1.958179958E0,-9.572743378E0,-3.273692322E-1,-2.260299683E-1
1.968219958E0,-9.560618591E0,-3.016227722E-1,-2.375559998E-1
1.978260958E0,-9.570048981E0,-2.992277527E-1,-2.377056885E-1
1.988300958E0,-9.609566803E0,-2.760260010E-1,-2.722837830E-1
1.998340958E0,-9.653575287E0,-2.603086853E-1,-3.141966248E-1
2.008381958E0,-9.706415405E0,-2.597099304E-1,-3.601510620E-1
2.018421958E0,-9.778864746E0,-2.968327332E-1,-3.718267822E-1
2.028461958E0,-9.837842102E0,-3.520678711E-1,-3.700305176E-1
2.038502958E0,-9.857301636E0,-3.960763550E-1,-4.089495850E-1
2.048542958E0,-9.841434631E0,-4.213737488E-1,-4.403842163E-1
2.058582958E0,-9.839488678E0,-4.421804810E-1,-4.601431274E-1
2.068622958E0,-9.864337006E0,-4.731660461E-1,-4.620890808E-1
2.078663958E0,-9.833950195E0,-5.122348022E-1,-4.418811035E-1
2.088703958E0,-9.802665253E0,-5.201683044E-1,-4.186793518E-1
2.098743958E0,-9.777367859E0,-5.252577209E-1,-4.038601685E-1
2.108784958E0,-9.727371826E0,-5.038522339E-1,-3.513194275E-1
2.118824958E0,-9.699380035E0,-4.637356567E-1,-2.888992310E-1
2.128864958E0,-9.692793732E0,-4.408332825E-1,-2.577639771E-1
2.138905958E0,-9.679770813E0,-4.055067444E-1,-2.408491516E-1
2.148945958E0,-9.657317505E0,-4.062551880E-1,-2.128573608E-1
2.158985958E0,-9.632020111E0,-3.998185730E-1,-2.161505127E-1
2.169025958E0,-9.637408905E0,-4.025129700E-1,-2.344125366E-1
2.179067208E0,-9.666298828E0,-4.007167053E-1,-2.471360779E-1
2.189107208E0,-9.719438324E0,-4.035607910E-1,-2.643502808E-1
2.199147208E0,-9.792336731E0,-3.986210632E-1,-3.019221497E-1
2.209188208E0,-9.839338989E0,-4.061054993E-1,-3.231779480E-1
2.219228208E0,-9.812095642E0,-4.278103638E-1,-3.498225403E-1
2.229268208E0,-9.794731750E0,-4.742138672E-1,-3.317102051E-1
2.239308208E0,-9.771829376E0,-5.090913391E-1,-3.041674805E-1
2.249349208E0,-9.745783539E0,-5.191204834E-1,-2.841091919E-1
2.259389208E0,-9.735005951E0,-5.179229736E-1,-2.460882568E-1
2.269429208E0,-9.729018402E0,-5.004093933E-1,-2.140548706E-1
2.279470208E0,-9.703122253E0,-4.903802490E-1,-2.155517578E-1
2.289510208E0,-9.669142914E0,-4.695735168E-1,-2.225871277E-1
2.299550208E0,-9.663155365E0,-4.393363953E-1,-2.414479065E-1
2.309591208E0,-9.642797699E0,-4.146377563E-1,-2.662962341E-1
2.319631208E0,-9.653575287E0,-3.905378723E-1,-2.448907471E-1
2.329671208E0,-9.622140656E0,-3.402424622E-1,-3.005749512E-1
2.339711208E0,-9.621541901E0,-2.977308655E-1,-3.903881836E-1
2.349752208E0,-9.704619141E0,-3.344046021E-1,-3.580554199E-1
2.359792208E0,-9.786498871E0,-4.397854614E-1,-3.134481812E-1
2.369832208E0,-9.844428406E0,-5.171745300E-1,-3.631448364E-1
2.379873208E0,-9.855655060E0,-5.321434021E-1,-4.405339050E-1
2.389913208E0,-9.812993774E0,-5.063969421E-1,-4.975653076E-1
2.399953208E0,-9.742939453E0,-4.809498596E-1,-4.861889648E-1
2.409994208E0,-9.672436066E0,-4.731660461E-1,-4.436773682E-1
2.420034208E0,-9.655970306E0,-4.837939453E-1,-4.001179504E-1
2.430074208E0,-9.712253265E0,-5.057981873E-1,-3.426374817E-1
2.440114208E0,-9.744136963E0,-5.279521179E-1,-3.261717224E-1
2.450155208E0,-9.761500854E0,-5.351371765E-1,-3.353027344E-1
2.460195208E0,-9.719588013E0,-5.129832458E-1,-3.556604004E-1
2.470235208E0,-9.649533691E0,-4.942721558E-1,-3.637435913E-1
2.480276208E0,-9.633217621E0,-4.867877197E-1,-3.662882996E-1
2.490316208E0,-9.624385986E0,-4.725672913E-1,-3.363505554E-1
2.500356208E0,-9.671837311E0,-4.616400146E-1,-3.192860413E-1
2.510397208E0,-9.718091125E0,-4.569996643E-1,-3.215313721E-1
2.520437208E0,-9.739646301E0,-4.442761230E-1,-3.451821899E-1
2.530477208E0,-9.757309570E0,-4.438270569E-1,-3.818559265E-1
2.540517208E0,-9.744436340E0,-4.129911804E-1,-4.393363953E-1
2.550558208E0,-9.730814667E0,-3.878434753E-1,-4.831951904E-1
2.560598208E0,-9.729766846E0,-3.948788452E-1,-4.565505981E-1
2.570638208E0,-9.741592255E0,-4.007167053E-1,-4.200265503E-1
2.580679208E0,-9.716594238E0,-4.070036316E-1,-3.914360046E-1
2.590719208E0,-9.712552643E0,-4.183799744E-1,-3.682342529E-1
2.600759208E0,-9.694889374E0,-4.299060059E-1,-4.038601685E-1
2.610799208E0,-9.691296844E0,-4.059558105E-1,-4.047583008E-1
2.620840208E0,-9.678722992E0,-3.776646423E-1,-4.122427368E-1
2.630880208E0,-9.666897583E0,-3.707789612E-1,-4.031117249E-1
2.640920208E0,-9.658814392E0,-3.604504395E-1,-4.052073669E-1
2.650961208E0,-9.660460968E0,-3.356021118E-1,-4.143383789E-1
2.661001208E0,-9.669591980E0,-3.192860413E-1,-4.038601685E-1
2.671041208E0,-9.683812408E0,-2.999761963E-1,-4.074526978E-1
2.681082208E0,-9.690398712E0,-2.802172852E-1,-4.029620361E-1
2.691122208E0,-9.706864471E0,-2.942880249E-1,-3.826043701E-1
2.701162208E0,-9.696535950E0,-3.369493103E-1,-3.674858093E-1
2.711202208E0,-9.686506805E0,-3.852987671E-1,-3.778143311E-1
2.721243208E0,-9.679770813E0,-4.414320374E-1,-4.128414917E-1
2.731283208E0,-9.685458984E0,-4.945715332E-1,-4.893324280E-1
2.741323208E0,-9.686806183E0,-5.123844910E-1,-5.542973328E-1
2.751364208E0,-9.712552643E0,-4.953199768E-1,-6.301895142E-1
2.761404208E0,-9.732610931E0,-4.146377563E-1,-6.674620056E-1
2.771444208E0,-9.745783539E0,-3.336561584E-1,-6.932084656E-1
2.781484208E0,-9.765841827E0,-3.007246399E-1,-6.659651184E-1
2.791525208E0,-9.781858521E0,-3.381468201E-1,-6.258485413E-1
2.801565208E0,-9.781559143E0,-4.261637878E-1,-6.218069458E-1
2.811605208E0,-9.778715057E0,-4.902305603E-1,-6.557862854E-1
2.821646208E0,-9.753417664E0,-5.252577209E-1,-7.008425903E-1
2.831686208E0,-9.760453033E0,-5.474116516E-1,-6.897656250E-1
2.841726208E0,-9.769883423E0,-5.809419250E-1,-6.843768311E-1
2.851767208E0,-9.768087158E0,-5.761518860E-1,-7.095245361E-1
2.861807208E0,-9.753567352E0,-5.872288513E-1,-7.370672607E-1
2.871847208E0,-9.753267975E0,-5.586383057E-1,-7.433541870E-1
2.881887208E0,-9.747430115E0,-4.963677979E-1,-7.536827087E-1
2.891928208E0,-9.734856262E0,-4.186793518E-1,-7.780819702E-1
2.901968208E0,-9.717791748E0,-3.348536682E-1,-7.656578064E-1
2.912008208E0,-9.690698090E0,-2.553689575E-1,-7.626640320E-1
2.922049208E0,-9.675878906E0,-2.402503967E-1,-7.837701416E-1
2.932089208E0,-9.701775055E0,-2.606080627E-1,-7.951464844E-1
2.942129208E0,-9.719588013E0,-2.960842896E-1,-8.042774963E-1
2.952169208E0,-9.779164124E0,-3.285667419E-1,-8.288264465E-1
2.962210208E0,-9.805958405E0,-3.388952637E-1,-8.523275757E-1
2.972250208E0,-9.834998016E0,-3.802093506E-1,-8.306227112E-1
2.982290208E0,-9.836494904E0,-3.833528137E-1,-7.744894409E-1
2.992331208E0,-9.805060272E0,-3.969744873E-1,-7.427554321E-1
3.002371208E0,-9.778715057E0,-4.203259277E-1,-6.842271423E-1
3.012411208E0,-9.740245056E0,-4.496649170E-1,-6.301895142E-1
3.022452208E0,-9.668993225E0,-4.465214539E-1,-5.936654663E-1
3.032492208E0,-9.619146881E0,-4.456233215E-1,-5.587879944E-1
3.042532208E0,-9.586065674E0,-4.478686523E-1,-5.733078003E-1
3.052572208E0,-9.579629059E0,-4.511618042E-1,-6.512956238E-1
3.062613208E0,-9.592651978E0,-4.423301697E-1,-6.885681152E-1
3.072653208E0,-9.614356842E0,-4.168830872E-1,-7.234455872E-1
3.082693208E0,-9.639803925E0,-4.092489624E-1,-7.183561707E-1
3.092734208E0,-9.647438049E0,-4.070036316E-1,-7.225474548E-1
3.102774208E0,-9.662107544E0,-3.855981445E-1,-7.406597900E-1
3.112814208E0,-9.661658478E0,-3.782633972E-1,-7.532336426E-1
3.122854208E0,-9.693991241E0,-3.462300110E-1,-7.402107239E-1
3.132895208E0,-9.761051788E0,-3.628454590E-1,-7.162605286E-1
3.142935208E0,-9.876012726E0,-4.186793518E-1,-7.165599060E-1
3.152975208E0,-9.971364441E0,-4.733157349E-1,-7.192543030E-1
3.163016208E0,-1.000025436E1,-5.167254639E-1,-7.360194397E-1
3.173056208E0,-9.912237396E0,-5.777984619E-1,-7.394622803E-1
3.183096083E0,-9.782457275E0,-6.557862854E-1,-7.005432129E-1
3.193137083E0,-9.628577271E0,-7.478448486E-1,-6.571334839E-1
3.203177083E0,-9.527687073E0,-8.147557068E-1,-6.015989685E-1
3.213217083E0,-9.478888550E0,-8.631051636E-1,-6.080355835E-1
3.223257083E0,-9.518855438E0,-8.764274597E-1,-6.303392029E-1
3.233298083E0,-9.604926453E0,-8.225395203E-1,-6.435118103E-1
3.243338083E0,-9.702224121E0,-7.295828247E-1,-6.632707214E-1
3.253378083E0,-9.787995758E0,-6.280938721E-1,-6.885681152E-1
3.263419083E0,-9.793234863E0,-5.760021973E-1,-7.204518127E-1
3.273459083E0,-9.738299103E0,-5.614823914E-1,-7.505392456E-1
3.283499083E0,-9.633067932E0,-6.240522766E-1,-7.598199463E-1
3.293539083E0,-9.519154816E0,-6.752458191E-1,-7.689509583E-1
3.303580083E0,-9.425599365E0,-7.056326294E-1,-7.957452393E-1
3.313620083E0,-9.399553528E0,-7.442523193E-1,-8.050259399E-1
3.323660083E0,-9.425299988E0,-7.655081177E-1,-8.060737610E-1
3.333701083E0,-9.541458435E0,-7.719447327E-1,-8.331674194E-1
3.343741083E0,-9.696535950E0,-7.200027466E-1,-8.509803772E-1
3.353781083E0,-9.839189301E0,-6.394702148E-1,-9.015751648E-1
3.363822083E0,-9.940528564E0,-5.370831299E-1,-9.586065674E-1
3.373862083E0,-1.001672012E1,-4.129911804E-1,-1.001118164E0
3.383902083E0,-1.004561005E1,-3.173400879E-1,-1.034947815E0
3.393942083E0,-1.006911118E1,-2.465373230E-1,-1.014440460E0
3.403983083E0,-9.992470551E0,-2.227368164E-1,-9.903405762E-1
3.414023083E0,-9.831555176E0,-1.929487610E-1,-9.554631042E-1
3.424063083E0,-9.686057739E0,-2.269281006E-1,-9.280700684E-1
3.434104083E0,-9.592951355E0,-2.930905151E-1,-8.104147339E-1
3.444144083E0,-9.539213104E0,-3.430865479E-1,-7.185058594E-1
3.454184083E0,-9.523346100E0,-3.872447205E-1,-6.724017334E-1
3.464224083E0,-9.545200653E0,-4.305047607E-1,-6.575825500E-1
3.474265083E0,-9.617649994E0,-4.607418823E-1,-6.322851562E-1
3.484305083E0,-9.662855988E0,-4.414320374E-1,-6.604266357E-1
3.494345083E0,-9.693542175E0,-3.844006348E-1,-7.065307617E-1
3.504386083E0,-9.724976807E0,-2.872526550E-1,-7.418572998E-1
3.514426083E0,-9.724677429E0,-2.161505127E-1,-7.785310364E-1
3.524466083E0,-9.694440308E0,-1.215472412E-1,-8.330177307E-1
3.534506083E0,-9.673483887E0,-5.912704468E-2,-8.846603394E-1
3.544547083E0,-9.704170074E0,-6.062393188E-2,-8.617579651E-1
3.554587083E0,-9.762698364E0,-1.002914429E-1,-8.789721680E-1
3.564627083E0,-9.879605255E0,-1.339714050E-1,-9.186396790E-1
3.574668083E0,-9.967472534E0,-1.368154907E-1,-9.571096802E-1
3.584708083E0,-9.985285492E0,-1.419049072E-1,-1.022972717E0
3.594748083E0,-9.942923584E0,-1.082249451E-1,-1.099313965E0
3.604788083E0,-9.866282959E0,-6.227050781E-2,-1.158740387E0
3.614829083E0,-9.786199493E0,-5.508544922E-2,-1.183588715E0
3.624869083E0,-9.711953888E0,-7.200027466E-2,-1.130748596E0
3.634909083E0,-9.665849762E0,-1.158590698E-1,-1.064885559E0
3.644950083E0,-9.603429565E0,-1.573228455E-1,-1.028511200E0
3.654990083E0,-9.556576996E0,-1.748364258E-1,-1.015039215E0
3.665030083E0,-9.505233765E0,-1.718426514E-1,-1.038540344E0
3.675071083E0,-9.443262634E0,-1.508862305E-1,-1.042282562E0
3.685111083E0,-9.383387146E0,-1.478924561E-1,-1.013991394E0
3.695151083E0,-9.377399597E0,-1.695973206E-1,-9.416917419E-1
3.705191083E0,-9.405690765E0,-1.733395386E-1,-8.452922058E-1
3.715232083E0,-9.435329132E0,-1.890568542E-1,-7.861651611E-1
3.725272083E0,-9.472601624E0,-2.058219910E-1,-7.451504517E-1
3.735312083E0,-9.464368744E0,-2.496807861E-1,-7.171586609E-1
3.745353083E0,-9.465715942E0,-2.894979858E-1,-6.719526672E-1
3.755393083E0,-9.476044464E0,-3.700305176E-1,-5.583389282E-1
3.765433083E0,-9.532327423E0,-4.755610657E-1,-4.251159668E-1
3.775473083E0,-9.648485870E0,-6.026467896E-1,-3.311114502E-1
3.785514083E0,-9.817484436E0,-7.291337585E-1,-3.579057312E-1
3.795554083E0,-1.002884491E1,-8.330177307E-1,-5.382806396E-1
3.805594083E0,-1.022089554E1,-8.500822449E-1,-8.189469910E-1
3.815635083E0,-1.039752823E1,-8.050259399E-1,-1.035097504E0
3.825675083E0,-1.044857208E1,-6.457571411E-1,-1.212029572E0
3.835715083E0,-1.027867538E1,-4.851411438E-1,-1.238225098E0
3.845755083E0,-9.980196075E0,-2.432441711E-1,-1.249451752E0
3.855796083E0,-9.625733185E0,3.607498169E-2,-1.293011169E0
3.865836083E0,-9.317524109E0,2.871029663E-1,-1.404229889E0
3.875876083E0,-9.055119781E0,5.146298218E-1,-1.413809967E0
3.885917083E0,-8.821904755E0,7.634124756E-1,-1.352287903E0
3.895957083E0,-8.658294983E0,1.023870850E0,-1.240171051E0
3.905997083E0,-8.604257355E0,1.213077393E0,-1.034498749E0
3.916038083E0,-8.674461365E0,1.353335724E0,-7.946974182E-1
3.926078083E0,-8.816216583E0,1.378633118E0,-5.098397827E-1
3.936118083E0,-9.085057526E0,1.247805176E0,-1.963916016E-1
3.946158083E0,-9.405391388E0,9.330097961E-1,7.005432129E-2
3.956199083E0,-9.665400696E0,5.240602112E-1,1.324745178E-1
3.966239083E0,-9.914632416E0,9.789642334E-2,-1.182540894E-2
3.976279083E0,-1.031190628E1,-4.507127380E-1,-1.844165039E-1
3.986320083E0,-1.069885162E1,-9.223818970E-1,-3.222798157E-1
3.996360083E0,-1.094284424E1,-1.250349884E0,-3.806584167E-1
4.006400083E0,-1.110016708E1,-1.536405029E0,-3.721261597E-1
4.016440083E0,-1.107906097E1,-1.603615265E0,-5.105882263E-1
4.026481083E0,-1.095931000E1,-1.486708374E0,-7.547305298E-1
4.036521083E0,-1.076860657E1,-1.225052490E0,-1.047222290E0
4.046561083E0,-1.049198181E1,-9.232800293E-1,-1.219514008E0
4.056602083E0,-1.019095779E1,-5.804928589E-1,-1.329984283E0
4.066642083E0,-9.874216461E0,-2.377056885E-1,-1.376537476E0
4.076682083E0,-9.570647736E0,1.329235840E-1,-1.369502106E0
4.086722083E0,-9.355844421E0,5.607339478E-1,-1.236129456E0
4.096763083E0,-9.161099396E0,9.590556335E-1,-1.040635986E0
4.106803083E0,-9.001231842E0,1.279988251E0,-8.295748901E-1
4.116843083E0,-8.892108765E0,1.448238373E0,-5.641767883E-1
4.126884083E0,-8.884175262E0,1.494043121E0,-3.031196594E-1
4.136924083E0,-8.932524719E0,1.448388062E0,-8.427474976E-2
4.146964083E0,-8.994645538E0,1.335522766E0,1.131646729E-1
4.157005083E0,-9.038654022E0,1.175655212E0,2.266287231E-1
4.167045083E0,-9.049880676E0,9.232800293E-1,2.824626160E-1
4.177085083E0,-9.093589783E0,6.968009949E-1,3.236270142E-1
4.187125458E0,-9.166188812E0,4.508624268E-1,4.093986511E-1
4.197166458E0,-9.212742004E0,2.022294617E-1,5.063969421E-1
4.207206458E0,-9.262887726E0,1.392105103E-2,5.557942200E-1
4.217246458E0,-9.226513367E0,-9.654922485E-2,5.426216125E-1
4.227287458E0,-9.159452820E0,-1.378633118E-1,5.257067871E-1
4.237327458E0,-9.158105621E0,4.191284180E-3,4.504133606E-1
4.247367458E0,-9.185199280E0,3.354524231E-1,3.068618774E-1
4.257407458E0,-9.266929321E0,7.370672607E-1,2.001338196E-1
4.267448458E0,-9.217831421E0,8.490344238E-1,1.845661926E-1
4.277488458E0,-9.187145233E0,7.276368713E-1,2.127076721E-1
4.287528458E0,-9.321266327E0,6.863227844E-1,2.547702026E-1
4.297569458E0,-9.471703491E0,5.845344543E-1,1.999841309E-1
4.307609458E0,-9.668993225E0,5.072950745E-1,1.008901978E-1
4.317649458E0,-9.933642883E0,4.149371338E-1,1.811233521E-2
4.327689458E0,-1.017269577E1,3.173400879E-1,-7.155120850E-2
4.337730458E0,-1.032612671E1,2.450404358E-1,-1.312770081E-1
4.347770458E0,-1.037208115E1,2.188449097E-1,-1.043330383E-1
4.357810458E0,-1.031025970E1,2.697390747E-1,-2.829116821E-2
4.367851458E0,-1.020398071E1,3.990701294E-1,7.873626709E-2
4.377891458E0,-1.019649628E1,6.273454285E-1,2.350112915E-1
4.387931458E0,-1.021700363E1,8.643026733E-1,3.388952637E-1
4.397971458E0,-1.040905426E1,1.063837738E0,4.403842163E-1
4.408012458E0,-1.067579956E1,1.214574280E0,4.522096252E-1
4.418052458E0,-1.097143478E1,1.324745178E0,4.704716492E-1
4.428092458E0,-1.129790588E1,1.368154907E0,5.613327026E-1
4.438133458E0,-1.165386566E1,1.396895142E0,6.560856628E-1
4.448173458E0,-1.195548843E1,1.403481445E0,7.848179626E-1
4.458213458E0,-1.220576797E1,1.371597748E0,9.732760620E-1
4.468254458E0,-1.234782257E1,1.336570587E0,1.160087585E0
4.478294458E0,-1.230366440E1,1.276545410E0,1.243464203E0
4.488334458E0,-1.216984268E1,1.300345917E0,1.132544861E0
4.498374458E0,-1.207329346E1,1.349743195E0,6.162684631E-1
4.508415458E0,-1.213197144E1,1.398541718E0,-3.772155762E-2
4.518455458E0,-1.225621307E1,1.605710907E0,-9.131011963E-1
4.528495458E0,-1.214873657E1,2.191742249E0,-2.284399567E0
4.538536458E0,-1.187899750E1,2.740800476E0,-3.696712646E0
4.548576458E0,-1.166224823E1,2.858755188E0,-4.820725250E0
4.558616458E0,-1.145328278E1,2.702031097E0,-5.553750916E0
4.568656458E0,-1.113624207E1,2.441872101E0,-5.741011505E0
4.578697458E0,-1.073567505E1,2.110760651E0,-5.624703369E0
4.588737458E0,-9.900561676E0,1.602567444E0,-5.193899231E0
4.598777458E0,-8.747359772E0,9.503736877E-1,-4.549489288E0
4.608818458E0,-7.661667480E0,4.210743713E-1,-3.966751099E0
4.618858458E0,-6.847061462E0,-3.379971313E-1,-3.530857544E0
4.628898458E0,-6.524781647E0,-1.281485138E0,-3.176394653E0
4.638938458E0,-6.768175507E0,-2.150278473E0,-2.663411407E0
4.648979458E0,-7.679031372E0,-2.420167236E0,-2.289039917E0
4.659019458E0,-8.354875946E0,-2.421364746E0,-2.137405243E0
4.669059458E0,-9.186247101E0,-2.459535370E0,-1.838027802E0
4.679100458E0,-1.079704742E1,-2.004631348E0,-1.731748810E0
4.689140458E0,-1.078791641E1,-1.204245758E0,-1.564995575E0
4.699180458E0,-1.056338333E1,-4.990621948E-1,-1.314716034E0
4.709220458E0,-1.035696259E1,1.487905884E-1,-1.184935913E0
4.719261458E0,-9.914183350E0,8.452922058E-1,-1.087937622E0
4.729301458E0,-9.441616058E0,1.604812775E0,-1.140777740E0
4.739341458E0,-8.859626312E0,2.134710846E0,-1.317260742E0
4.749382458E0,-8.538544006E0,2.466720428E0,-1.561552734E0
4.759422458E0,-8.276139679E0,2.517913971E0,-1.619781647E0
4.769462458E0,-7.889044647E0,2.276466064E0,-1.493594055E0
4.779503458E0,-7.661667480E0,1.758243713E0,-1.226549377E0
4.789543458E0,-7.607180786E0,1.098715210E0,-9.638456726E-1
4.799583458E0,-7.610174561E0,2.628533936E-1,-6.367758179E-1
4.809623458E0,-7.848778381E0,-6.090834045E-1,-2.556683350E-1
4.819664458E0,-8.022267609E0,-1.481768646E0,1.757345581E-1
4.829704458E0,-8.071215820E0,-2.186054077E0,3.682342529E-1
4.839744458E0,-7.939040680E0,-2.793490906E0,3.606001282E-1
4.849785458E0,-7.923622742E0,-3.245101776E0,2.591111755E-1
4.859825458E0,-8.019124146E0,-3.543281708E0,7.918533325E-2
4.869865458E0,-8.131390686E0,-3.662134552E0,1.871109009E-2
4.879905458E0,-8.143216095E0,-3.613934784E0,3.891906738E-3
4.889946458E0,-8.031099243E0,-3.377127228E0,7.604187012E-2
4.899986458E0,-7.765850830E0,-2.985092468E0,2.155517578E-1
4.910026458E0,-7.500901794E0,-2.445913696E0,3.854484558E-1
4.920067458E0,-7.371121674E0,-1.837578735E0,5.140310669E-1
4.930107458E0,-7.218738556E0,-1.217568054E0,4.993615723E-1
4.940147458E0,-7.157964935E0,-6.798861694E-1,4.049079895E-1
4.950187458E0,-7.293133850E0,-3.611988831E-1,4.245172119E-1
4.960228458E0,-7.632777557E0,-1.630110168E-1,4.240681458E-1
4.970268458E0,-8.075257416E0,-2.469863892E-2,4.586462402E-1
4.980308458E0,-8.654403076E0,8.068222046E-2,3.811074829E-1
4.990349458E0,-9.382788391E0,1.673519897E-1,8.547225952E-2
5.000389458E0,-1.027119095E1,2.980302429E-1,-3.278182983E-1
5.010429458E0,-1.124057510E1,4.673281860E-1,-7.770341492E-1
5.020469458E0,-1.215696945E1,5.032534790E-1,-1.157393188E0
5.030510458E0,-1.301378769E1,2.562670898E-1,-1.340612183E0
5.040550458E0,-1.400158356E1,-2.294728088E-1,-1.205742645E0
5.050590458E0,-1.517424500E1,-8.186476135E-1,-6.902146912E-1
5.060631458E0,-1.625993729E1,-1.363813934E0,-1.203497314E-1
5.070671458E0,-1.666753967E1,-1.579814758E0,2.809657288E-1
5.080711458E0,-1.586101685E1,-1.630559235E0,4.870870972E-1
5.090752458E0,-1.445334412E1,-1.823058929E0,4.502636719E-1
5.100792458E0,-1.297456924E1,-1.959275665E0,-2.305206299E-2
5.110832458E0,-1.149175278E1,-1.834884338E0,-9.842033386E-1
5.120872458E0,-1.046473846E1,-1.747017059E0,-1.999392242E0
5.130913458E0,-9.617350616E0,-1.791923676E0,-2.922821960E0
5.140953458E0,-8.961863708E0,-1.971550140E0,-3.695964203E0
5.150993458E0,-8.729097748E0,-2.328258362E0,-4.503534851E0
5.161034458E0,-8.859027557E0,-2.588567047E0,-5.037025452E0
5.171074458E0,-9.442663879E0,-2.630479889E0,-5.394482117E0
5.181114458E0,-1.016341507E1,-2.597698059E0,-5.707032166E0
5.191153750E0,-1.037073395E1,-2.354902954E0,-5.618117065E0
5.201194750E0,-1.047147446E1,-1.654659119E0,-5.535189514E0
5.211234750E0,-1.046369064E1,-5.029541016E-1,-5.592669983E0
5.221274750E0,-1.043629761E1,5.906716919E-1,-5.302273865E0
5.231315750E0,-1.074121353E1,1.180445251E0,-4.452341309E0
5.241355750E0,-1.120973923E1,1.305585022E0,-3.291205902E0
5.251395750E0,-1.143157791E1,1.127605133E0,-2.205513611E0
5.261435750E0,-1.123219254E1,7.598199463E-1,-1.321152649E0
5.271476750E0,-1.073328003E1,7.289840698E-2,-7.572752380E-1
5.281516750E0,-1.014650024E1,-7.101232910E-1,-5.077441406E-1
5.291556750E0,-9.574240265E0,-1.482068024E0,-3.779640198E-1
5.301597750E0,-8.871152344E0,-2.237996063E0,-3.370989990E-1
5.311637750E0,-8.395291901E0,-2.915038147E0,-4.713697815E-1
5.321677750E0,-8.004903717E0,-3.355422363E0,-7.685018921E-1
5.331717750E0,-7.498357086E0,-3.475173340E0,-1.126257935E0
5.341758750E0,-6.764283600E0,-3.296744385E0,-1.457519073E0
5.351798750E0,-5.984105988E0,-2.897374878E0,-1.727856903E0
5.361838750E0,-5.435496826E0,-2.260149994E0,-1.994003448E0
5.371879750E0,-4.916226654E0,-1.348096619E0,-2.103725281E0
5.381919750E0,-4.569547577E0,-2.558180237E-1,-1.979483643E0
5.391959750E0,-4.564308472E0,8.807684326E-1,-1.815873871E0
5.401999750E0,-4.724026337E0,1.944456482E0,-1.413660278E0
5.412040750E0,-5.051844635E0,2.919828186E0,-8.252339172E-1
5.422080750E0,-5.548362122E0,3.628903656E0,-3.138972473E-1
5.432120750E0,-6.159690857E0,3.915407867E0,4.041595459E-3
5.442161750E0,-6.833439789E0,3.845952301E0,5.119354248E-2
5.452201750E0,-7.537276154E0,3.652404785E0,-2.739303589E-2
5.462241750E0,-8.191415863E0,3.379971313E0,-1.733395386E-1
5.472281750E0,-8.629105682E0,3.106789398E0,-4.236190796E-1
5.482322750E0,-8.855135651E0,2.810705109E0,-6.393205261E-1
5.492362750E0,-8.923842773E0,2.450254669E0,-7.682025146E-1
5.502402750E0,-8.876541138E0,2.003284149E0,-7.280859375E-1
5.512443750E0,-8.677904205E0,1.440753937E0,-6.349795532E-1
5.522483750E0,-8.557105408E0,7.801776123E-1,-5.956114197E-1
5.532523750E0,-8.742569733E0,2.859054565E-2,-2.721340942E-1
5.542563750E0,-9.203311615E0,-6.623725891E-1,2.832110596E-1
5.552604750E0,-9.791887665E0,-1.136885834E0,8.258326721E-1
5.562644750E0,-1.041683807E1,-1.289418640E0,1.178648987E0
5.572684750E0,-1.097368011E1,-1.180145874E0,1.085542603E0
5.582725750E0,-1.162901733E1,-8.897497559E-1,6.756948853E-1
5.592765750E0,-1.273401947E1,-6.511459351E-1,7.710466003E-1
5.602805750E0,-1.413330963E1,-4.643344116E-1,9.671388245E-1
5.612845750E0,-1.528217056E1,-3.399430847E-1,1.164877625E0
5.622886750E0,-1.593391525E1,-4.014651489E-1,1.685794373E0
5.632926750E0,-1.606743759E1,-6.298901367E-1,2.312541046E0
5.642966750E0,-1.551478683E1,-9.181906128E-1,2.730771332E0
5.653007750E0,-1.389515488E1,-1.102607117E0,2.177072754E0
5.663047750E0,-1.190534271E1,-1.028810577E0,-1.079255676E-1
5.673087750E0,-1.096260315E1,-8.819659424E-1,-3.084186401E0
5.683128750E0,-1.135373978E1,-2.435435486E-1,-4.988675995E0
5.693168750E0,-1.234363129E1,1.291364594E0,-6.777306519E0
5.703208750E0,-1.344623840E1,3.119063873E0,-9.022637329E0
5.713248750E0,-1.427252014E1,4.018094330E0,-9.665550385E0
5.723289750E0,-1.336375992E1,3.908971252E0,-8.891210632E0
5.733329750E0,-1.143038040E1,3.250640259E0,-8.666527863E0
5.743369750E0,-9.999655609E0,2.389630737E0,-8.131540375E0
5.753410750E0,-9.242080994E0,9.542655945E-1,-6.941065979E0
5.763450750E0,-9.128317566E0,-1.021475830E0,-5.691614227E0
5.773490750E0,-9.827962646E0,-2.289788361E0,-4.801714783E0
5.783530750E0,-1.093146790E1,-2.480791168E0,-3.946543121E0
5.793571750E0,-1.143816422E1,-2.256108398E0,-2.905158691E0
5.803611750E0,-1.127021347E1,-1.995500336E0,-1.983824615E0
5.813651750E0,-1.041489212E1,-1.826950836E0,-1.403780823E0
5.823692750E0,-9.852511597E0,-1.026565247E0,-8.557704163E-1
5.833732750E0,-9.382638702E0,2.627037048E-1,-4.113446045E-1
5.843772750E0,-8.820108490E0,1.666185150E0,-1.992356873E-1
5.853812750E0,-8.048612823E0,2.690355377E0,-9.280700684E-3
5.863853750E0,-7.259304199E0,3.160827026E0,2.031275940E-1
5.873893750E0,-6.594386902E0,3.238365784E0,9.535171509E-2
5.883933750E0,-5.919590149E0,2.938389587E0,-1.594184875E-1
5.893974750E0,-5.353916473E0,2.387385406E0,-5.548960876E-1
5.904014750E0,-5.037025452E0,1.546434174E0,-8.527766418E-1
5.914054750E0,-4.763693848E0,5.284011841E-1,-1.003662872E0
5.924094750E0,-4.465214539E0,-4.595443726E-1,-1.133892059E0
5.934135750E0,-4.158352661E0,-1.330583038E0,-1.011596375E0
5.944175750E0,-3.885769501E0,-2.102228394E0,-6.418652344E-1
5.954215750E0,-4.164789276E0,-2.686613159E0,-1.366658020E-1
5.964256750E0,-4.759652252E0,-3.052751770E0,3.950285339E-1
5.974296750E0,-5.484445038E0,-3.308420105E0,6.590794373E-1
5.984336750E0,-6.256389771E0,-3.421135712E0,6.524931335E-1
5.994376750E0,-7.084318085E0,-3.391048279E0,6.942562866E-1
6.004417750E0,-7.806266785E0,-3.220253448E0,7.508386230E-1
6.014457750E0,-8.328830109E0,-2.912942505E0,7.833210754E-1
6.024497750E0,-8.597671051E0,-2.581831055E0,7.685018921E-1
6.034538750E0,-8.811276855E0,-2.229613495E0,7.162605286E-1
6.044578750E0,-8.978928223E0,-1.983375549E0,5.929170227E-1
6.054618750E0,-9.222771149E0,-1.719025269E0,4.420307922E-1
6.064658750E0,-9.572144623E0,-1.378483429E0,2.821632385E-1
6.074699750E0,-9.905800781E0,-1.060843964E0,1.339714050E-1
6.084739750E0,-1.016087036E1,-8.102650452E-1,1.002914429E-2
6.094779750E0,-1.052566177E1,-5.891748047E-1,-1.538800049E-1
6.104820750E0,-1.107172623E1,-3.743714905E-1,-3.701802063E-1
6.114860750E0,-1.186402863E1,-6.481521606E-2,-5.427713013E-1
6.124900750E0,-1.288849823E1,2.570155334E-1,-4.572990417E-1
6.134940750E0,-1.398481842E1,4.739144897E-1,-8.367599487E-2
6.144981750E0,-1.491019409E1,2.107617188E-1,5.773493958E-1
6.155021750E0,-1.561747330E1,-5.755531311E-1,1.537901917E0
6.165061750E0,-1.598451004E1,-1.427281952E0,2.333647156E0
6.175102750E0,-1.554831711E1,-1.788031769E0,2.520159302E0
6.185143333E0,-1.411190414E1,-2.070943451E0,1.930834808E0
6.195183333E0,-1.209305237E1,-2.050585785E0,3.128494263E-2
6.205223333E0,-1.022104523E1,-1.427281952E0,-2.694247284E0
6.215264333E0,-8.993448029E0,-1.195863190E0,-4.492906952E0
6.225304333E0,-8.313262482E0,-1.655856628E0,-5.206922150E0
6.235344333E0,-8.110434265E0,-2.359393616E0,-5.886958008E0
6.245385333E0,-8.328081665E0,-2.721640320E0,-6.373895416E0
6.255425333E0,-9.474098511E0,-2.979553986E0,-6.470145264E0
6.265465333E0,-1.184935913E1,-3.432212677E0,-6.439159698E0
6.275505333E0,-1.356898315E1,-3.297792206E0,-6.815626831E0
6.285546333E0,-1.485750366E1,-2.283351746E0,-7.286098480E0
6.295586333E0,-1.537857010E1,-6.152206421E-1,-7.791597290E0
6.305626333E0,-1.535461990E1,9.732760620E-1,-7.951764221E0
6.315667333E0,-1.514789978E1,1.948198700E0,-6.798712006E0
6.325707333E0,-1.455827591E1,2.223476257E0,-5.079836426E0
6.335747333E0,-1.369232666E1,2.148781586E0,-3.474724274E0
6.345787333E0,-1.260468842E1,1.813029785E0,-2.209106140E0
6.355828333E0,-1.105062012E1,1.003213806E0,-1.260678406E0
6.365868333E0,-9.403445435E0,-2.001338196E-1,-5.617817688E-1
6.375908333E0,-7.939938812E0,-1.607656860E0,2.538720703E-1
6.385949333E0,-6.791526947E0,-2.856809235E0,8.496331787E-1
6.395989333E0,-5.894592133E0,-3.730242920E0,1.062340851E0
6.406029333E0,-5.052892456E0,-4.228107605E0,1.016386414E0
6.416069333E0,-4.196373596E0,-4.237537994E0,8.153544617E-1
6.426110333E0,-3.553011475E0,-3.917054443E0,4.698728943E-1
6.436150333E0,-3.155887299E0,-3.401526489E0,1.160087585E-1
6.446190333E0,-2.758763123E0,-2.726729736E0,-3.432362366E-1
6.456231333E0,-2.438578949E0,-1.861828308E0,-8.093669128E-1
6.466271333E0,-2.449655914E0,-8.240364075E-1,-1.195713501E0
6.476311333E0,-2.718796234E0,3.233276367E-1,-1.300794983E0
6.486351333E0,-3.078647919E0,1.402134247E0,-1.088686066E0
6.496392333E0,-3.796704712E0,2.377505951E0,-6.791377258E-1
6.506432333E0,-4.838238831E0,3.093766479E0,-1.745370483E-1
6.516472333E0,-6.075715485E0,3.555705872E0,2.640509033E-1
6.526513333E0,-7.281158752E0,3.816463623E0,4.079017639E-1
6.536553333E0,-8.206983490E0,3.816164246E0,2.921923828E-1
6.546593333E0,-8.900790710E0,3.544030151E0,1.077758789E-2
6.556633333E0,-9.298962708E0,2.990930328E0,-2.092648315E-1
6.566674333E0,-9.138047333E0,2.122735748E0,-3.595523071E-1
6.576714333E0,-8.920998688E0,1.218915253E0,-5.288502502E-1
6.586754333E0,-8.790919189E0,5.408253479E-1,-6.900650024E-1
6.596795333E0,-8.884624329E0,9.056167603E-2,-5.074447632E-1
6.606835333E0,-9.386231232E0,-3.076103210E-1,-4.221221924E-2
6.616875333E0,-1.010054581E1,-5.954617310E-1,2.113604736E-1
6.626915333E0,-1.091859467E1,-7.289840698E-1,8.966354370E-2
6.636956333E0,-1.159653488E1,-6.872209167E-1,-3.746708679E-1
6.646996333E0,-1.247700394E1,-6.045927429E-1,-6.917115784E-1
6.657036333E0,-1.402523438E1,-5.825885010E-1,-4.090992737E-1
6.667077333E0,-1.579515381E1,-4.863386536E-1,3.495231628E-1
6.677117333E0,-1.693548248E1,-3.318598938E-1,1.030008087E0
6.687157333E0,-1.711915054E1,-1.615141296E-1,1.281185760E0
6.697197333E0,-1.638552612E1,-1.356179810E-1,1.055904236E0
6.707238333E0,-1.486364090E1,-2.733316040E-1,4.430786133E-2
6.717278333E0,-1.393362488E1,-4.954696655E-1,-1.382674713E0
6.727318333E0,-1.420171738E1,-1.058898010E0,-2.274819489E0
6.737359333E0,-1.447983902E1,-1.110839996E0,-3.604803772E0
6.747399333E0,-1.523831177E1,2.894979858E-1,-5.987997894E0
6.757439333E0,-1.554532333E1,2.454146576E0,-7.947572937E0
6.767479333E0,-1.403137161E1,3.797602844E0,-8.761729889E0
6.777520333E0,-1.179921341E1,4.213138733E0,-8.359216919E0
6.787560333E0,-9.555229797E0,4.063150635E0,-7.670199738E0
6.797600333E0,-7.413184204E0,3.339555359E0,-7.088060303E0
6.807641333E0,-6.218368835E0,2.104922791E0,-6.509363708E0
6.817681333E0,-6.656956787E0,3.363505554E-1,-5.226681061E0
6.827721333E0,-8.247848511E0,-1.343306580E0,-3.838318176E0
6.837761333E0,-9.732760620E0,-2.074086914E0,-3.170706482E0
6.847802333E0,-1.082399139E1,-2.189047852E0,-3.062631226E0
6.857842333E0,-1.150193161E1,-2.050136719E0,-3.348686371E0
6.867882333E0,-1.171359146E1,-1.894011383E0,-3.275937653E0
6.877923333E0,-1.169428162E1,-1.545086975E0,-2.764002228E0
6.887963333E0,-1.139161102E1,-9.078620911E-1,-2.046244812E0
6.898003333E0,-1.072474777E1,3.891906738E-2,-1.403780823E0
6.908043333E0,-9.723180542E0,1.089883575E0,-1.066831512E0
6.918084333E0,-8.537196808E0,2.025737457E0,-8.605604553E-1
6.928124333E0,-7.544760590E0,2.593207397E0,-7.277865601E-1
6.938164333E0,-6.537654877E0,2.799478455E0,-7.189549255E-1
6.948205333E0,-5.617069244E0,2.612517242E0,-6.509962463E-1
6.958245333E0,-4.848118286E0,2.143392792E0,-8.059240723E-1
6.968285333E0,-4.189487915E0,1.497485962E0,-1.033001862E0
6.978326333E0,-3.658392334E0,6.450086975E-1,-1.154549103E0
6.988366333E0,-3.446732483E0,-2.820135498E-1,-1.065334625E0
6.998406333E0,-3.365152130E0,-1.201850739E0,-8.111631775E-1
7.008446333E0,-3.290756836E0,-2.144440613E0,-4.529580688E-1
7.018487333E0,-3.589535522E0,-3.166964264E0,-2.050735474E-2
7.028527333E0,-4.289629669E0,-4.017345886E0,2.631527710E-1
7.038567333E0,-5.068310394E0,-4.472848663E0,3.851490784E-1
7.048607333E0,-5.904621277E0,-4.530029755E0,4.507127380E-1
7.058648333E0,-6.645879822E0,-4.242926788E0,5.727090454E-1
7.068688333E0,-7.177574158E0,-3.851341095E0,7.952961731E-1
7.078728333E0,-7.552993469E0,-3.436703339E0,8.961863708E-1
7.088769333E0,-7.903115387E0,-2.929557953E0,9.270222473E-1
7.098809333E0,-8.092172241E0,-2.368225250E0,1.008602600E0
7.108849333E0,-8.332871704E0,-1.720073090E0,1.114282837E0
7.118890333E0,-8.557255096E0,-1.087787933E0,1.119521942E0
7.128930333E0,-8.721763000E0,-4.941224670E-1,9.535171509E-1
7.138970333E0,-9.046437836E0,-1.002914429E-2,6.457571411E-1
7.149010333E0,-9.476343842E0,3.124003601E-1,1.350192261E-1
7.159051333E0,-1.011341904E1,4.569996643E-1,-5.694158936E-1
7.169091333E0,-1.098715210E1,5.403762817E-1,-1.361867981E0
7.179131333E0,-1.238060440E1,6.849755859E-1,-1.885628815E0
7.189171333E0,-1.419138885E1,6.848258972E-1,-1.847607880E0
7.199212333E0,-1.604453522E1,3.251239014E-1,-1.298998718E0
7.209252333E0,-1.760638733E1,-6.632707214E-1,-5.370831299E-1
7.219292333E0,-1.874821289E1,-1.914668427E0,1.212478638E-2
7.229333333E0,-1.876123581E1,-2.431543579E0,4.186793518E-1
7.239373333E0,-1.694521225E1,-2.568808136E0,8.125103760E-1
7.249413333E0,-1.408735519E1,-2.563419342E0,5.858816528E-1
7.259454333E0,-1.119117783E1,-2.028132477E0,-7.075785828E-1
7.269494333E0,-8.994795227E0,-1.207688599E0,-2.740351410E0
7.279534333E0,-7.792495422E0,-9.683363342E-1,-4.031865692E0
7.289574333E0,-6.998696136E0,-1.400787048E0,-4.462370453E0
7.299615333E0,-6.768774261E0,-2.042801971E0,-5.132526855E0
7.309655333E0,-7.126380615E0,-2.222278748E0,-5.723348236E0
7.319695333E0,-8.055498505E0,-1.778152313E0,-6.010002136E0
7.329735333E0,-1.061352905E1,-1.506916351E0,-5.881269836E0
7.339776333E0,-1.287876846E1,-9.135502625E-1,-6.319708099E0
7.349816333E0,-1.373259293E1,1.688488770E-1,-7.009473724E0
7.359856333E0,-1.471934097E1,1.191522217E0,-7.601941681E0
7.369897333E0,-1.598840195E1,2.028282166E0,-8.084089050E0
7.379937333E0,-1.693638062E1,2.639610901E0,-7.723638611E0
7.389977333E0,-1.692365707E1,2.664159851E0,-6.170019379E0
7.400018333E0,-1.601804031E1,2.210453339E0,-4.047583008E0
7.410058333E0,-1.426368851E1,1.473835144E0,-2.280357971E0
7.420098333E0,-1.198961746E1,2.339634705E-1,-1.159189453E0
7.430138333E0,-9.823621674E0,-1.496138763E0,-4.126918030E-1
7.440179333E0,-7.936046906E0,-3.130140839E0,4.387376404E-1
7.450219333E0,-6.633156281E0,-4.495451660E0,1.174607391E0
7.460259333E0,-5.526657257E0,-5.190007324E0,1.538949738E0
7.470300333E0,-4.485871582E0,-5.275479584E0,1.551074524E0
7.480340333E0,-3.635789337E0,-4.971162415E0,1.233135681E0
7.490380333E0,-2.851570129E0,-4.400099945E0,6.233038330E-1
7.500420333E0,-2.160457306E0,-3.556154938E0,2.514770508E-2
7.510461333E0,-1.645378418E0,-2.449356537E0,-4.179309082E-1
7.520501333E0,-1.329984283E0,-1.247056732E0,-6.893165588E-1
7.530541333E0,-1.190624084E0,-5.239105225E-3,-9.376501465E-1
7.540581333E0,-1.291514282E0,1.143921204E0,-9.695338440E-1
7.550622333E0,-1.770218811E0,2.126328278E0,-7.343728638E-1
7.560662333E0,-2.446811829E0,2.890489197E0,-4.278103638E-1
7.570702333E0,-3.526516571E0,3.317401428E0,-1.929487610E-1
7.580743333E0,-4.957540741E0,3.393742676E0,-4.954696655E-2
7.590783333E0,-6.406377869E0,3.265908508E0,4.715194702E-2
7.600823333E0,-7.625143433E0,3.025957489E0,9.789642334E-2
7.610863333E0,-8.499924316E0,2.737956390E0,2.260299683E-2
7.620904333E0,-9.118438110E0,2.378853149E0,-1.592687988E-1
7.630944333E0,-9.267977142E0,1.821112976E0,-4.821473694E-1
7.640984333E0,-9.303153992E0,9.993218994E-1,-5.745053101E-1
7.651025333E0,-9.727970581E0,1.877096558E-1,-3.635939026E-1
7.661065333E0,-1.047312103E1,-4.644841003E-1,-1.734892273E-1
7.671105333E0,-1.150672165E1,-9.883946228E-1,-9.789642334E-2
7.681145333E0,-1.289403671E1,-1.460512848E0,-8.367599487E-2
7.691186333E0,-1.427895676E1,-1.818568268E0,-3.812571716E-1
7.701226333E0,-1.548095718E1,-1.995650024E0,-6.541397095E-1
7.711266333E0,-1.676393921E1,-2.075134735E0,-5.794450378E-1
7.721307333E0,-1.790845917E1,-1.666933594E0,-3.498225403E-1
7.731347333E0,-1.816936661E1,-8.026309204E-1,-8.906478882E-2
7.741387333E0,-1.745310608E1,3.966751099E-2,3.097059631E-1
7.751427333E0,-1.600232300E1,7.298822021E-1,5.656736755E-1
7.761468333E0,-1.403960449E1,1.629511414E0,-2.805166626E-1
7.771508333E0,-1.246128662E1,1.994602203E0,-1.774559784E0
7.781548333E0,-1.134730316E1,1.735341339E0,-3.755091248E0
7.791589333E0,-1.135703293E1,2.173779602E0,-6.283633118E0
7.801629333E0,-1.286843994E1,3.207679596E0,-8.009843445E0
7.811669333E0,-1.327379700E1,3.520828400E0,-8.996591492E0
7.821709333E0,-1.293669800E1,3.231480103E0,-8.939859467E0
7.831750333E0,-1.203527252E1,2.794987793E0,-8.591833191E0
7.841790333E0,-1.058164536E1,2.272723846E0,-8.272996216E0
7.851830333E0,-9.763446808E0,6.975494385E-1,-7.396119690E0
7.861871333E0,-9.924212494E0,-1.289718018E0,-6.319109344E0
7.871911333E0,-1.072190369E1,-2.414179688E0,-5.789959717E0
7.881951333E0,-1.170775360E1,-2.704875183E0,-5.265300751E0
7.891991333E0,-1.226040436E1,-2.692600708E0,-4.763843536E0
7.902032333E0,-1.221355179E1,-2.604883118E0,-4.094884644E0
7.912072333E0,-1.163066391E1,-2.408341827E0,-3.183729401E0
7.922112333E0,-1.063987427E1,-2.005679169E0,-2.192191315E0
7.932153333E0,-9.535919952E0,-9.539662170E-1,-1.372196503E0
7.942193333E0,-8.375532990E0,4.378395081E-1,-7.887098694E-1
7.952233333E0,-7.275021515E0,1.904339905E0,-4.330494690E-1
7.962274333E0,-6.318959656E0,3.074007568E0,-1.529818726E-1
7.972314333E0,-5.345384216E0,3.732937317E0,7.783813477E-2
7.982354333E0,-4.455634460E0,3.854185181E0,8.247848511E-2
7.992394333E0,-3.830384674E0,3.476071472E0,-7.409591675E-2
8.002435333E0,-3.251987457E0,2.634671173E0,-3.457809448E-1
8.012475333E0,-2.794089661E0,1.579066315E0,-6.789880371E-1
8.022515333E0,-2.476749573E0,4.953199768E-1,-9.348060608E-1
8.032555333E0,-2.092648315E0,-5.499563599E-1,-1.001417542E0
8.042596333E0,-2.073637848E0,-1.489103394E0,-6.683601379E-1
8.052636333E0,-2.643652496E0,-2.446811829E0,-5.089416504E-3
8.062676333E0,-3.142115936E0,-3.406466217E0,6.029461670E-1
8.072717333E0,-3.796405334E0,-4.060456238E0,7.789801025E-1
8.082757333E0,-4.701123962E0,-4.352798309E0,6.424639893E-1
8.092797333E0,-5.841901703E0,-4.572691040E0,6.584806824E-1
8.102837333E0,-7.111561432E0,-4.506229248E0,7.902067566E-1
8.112878333E0,-8.229287109E0,-4.053869934E0,8.705895996E-1
8.122918333E0,-9.108109589E0,-3.389850769E0,8.421487427E-1
8.132958333E0,-9.571096802E0,-2.636766815E0,7.054829407E-1
8.142999333E0,-9.759405212E0,-1.829196167E0,4.908293152E-1
8.153039333E0,-9.977351990E0,-1.053658905E0,2.600093079E-1
8.163079333E0,-1.031549881E1,-3.863465881E-1,1.710942078E-1
8.173119333E0,-1.079899338E1,2.242337036E-1,1.454974365E-1
8.183160333E0,-1.141406433E1,7.009922791E-1,1.604663086E-1
8.193200208E0,-1.211266159E1,8.761280823E-1,2.350112915E-2
8.203240208E0,-1.321047867E1,9.554631042E-1,-2.080673218E-1
8.213281208E0,-1.440993439E1,7.942483521E-1,-3.107537842E-1
8.223321208E0,-1.538545578E1,8.532257080E-3,-2.297721863E-1
8.233361208E0,-1.574830124E1,-1.584754486E0,1.589694214E-1
8.243401208E0,-1.648881134E1,-2.929857330E0,1.013542328E0
8.253442208E0,-1.667652100E1,-3.418291626E0,1.633702698E0
8.263482208E0,-1.499476822E1,-3.716172180E0,1.018931122E0
8.273522208E0,-1.215173035E1,-3.673061829E0,-9.800120544E-1
8.283563208E0,-9.762099609E0,-3.131637726E0,-3.643573151E0
8.293603208E0,-8.416847076E0,-2.789748688E0,-5.667664032E0
8.303643208E0,-8.367150421E0,-3.114423523E0,-6.468348999E0
8.313683208E0,-9.950707397E0,-3.440894623E0,-7.154372406E0
8.323724208E0,-1.243898300E1,-2.553988953E0,-7.738757172E0
8.333764208E0,-1.374022705E1,-1.352886658E0,-7.716453552E0
8.343804208E0,-1.387809036E1,-1.328188019E0,-7.238198090E0
8.353845208E0,-1.404529266E1,-1.257235565E0,-7.586224365E0
8.363885208E0,-1.413495621E1,-4.046086121E-1,-8.327183533E0
8.373925208E0,-1.427686111E1,1.065184937E0,-8.548722839E0
8.383965208E0,-1.467518280E1,2.114203491E0,-7.692802734E0
8.394006208E0,-1.483834351E1,2.579136658E0,-6.175707550E0
8.404046208E0,-1.432565964E1,2.538870392E0,-4.434528351E0
8.414086208E0,-1.346435074E1,2.235900421E0,-2.830913086E0
8.424127208E0,-1.240545273E1,1.731898499E0,-1.493594055E0
8.434167208E0,-1.109208389E1,9.806108093E-1,-6.469546509E-1
8.444207208E0,-9.682465210E0,-1.317260742E-1,-2.348616028E-1
8.454247208E0,-8.362210693E0,-1.366508331E0,1.856140137E-1
8.464288208E0,-7.077133026E0,-2.343825989E0,5.031037903E-1
8.474328208E0,-6.004463654E0,-3.157683563E0,5.769003296E-1
8.484368208E0,-5.122797089E0,-3.741170197E0,6.460565186E-1
8.494409208E0,-4.107009430E0,-4.007017365E0,7.237449646E-1
8.504449208E0,-3.184477844E0,-4.055366821E0,4.370910645E-1
8.514489208E0,-2.452200623E0,-3.925886078E0,-7.319778442E-2
8.524529208E0,-1.780247955E0,-3.551664276E0,-5.037025452E-1
8.534570208E0,-1.223705292E0,-2.978356476E0,-7.737409973E-1
8.544610208E0,-8.822653198E-1,-2.148931274E0,-9.529183960E-1
8.554650208E0,-6.480024719E-1,-9.999206543E-1,-9.693841553E-1
8.564691208E0,-7.286846924E-1,3.496728516E-1,-8.866062927E-1
8.574731208E0,-1.271455994E0,1.613644409E0,-5.604345703E-1
8.584771208E0,-2.171384583E0,2.573897552E0,-3.359014893E-1
8.594811208E0,-3.348087616E0,3.301235046E0,-2.384541321E-1
8.604852208E0,-5.029840393E0,3.980821838E0,9.774673462E-2
8.614892208E0,-7.165898438E0,4.611310730E0,5.194198608E-1
8.624932208E0,-8.998088379E0,4.843178558E0,7.424560547E-1
8.634973208E0,-9.570198669E0,4.514013062E0,6.870712280E-1
8.645013208E0,-9.819729767E0,3.574866028E0,3.330574036E-1
8.655053208E0,-1.041579025E1,2.423909454E0,-3.936813354E-2
8.665093208E0,-1.094134735E1,1.277593231E0,-3.095562744E-1
8.675134208E0,-1.147289200E1,3.261717224E-1,-3.787124634E-1
8.685174208E0,-1.209335175E1,-4.423301697E-1,-1.884580994E-1
8.695214208E0,-1.265169067E1,-1.056802368E0,7.858657837E-2
8.705255208E0,-1.298893936E1,-1.503473511E0,1.038839722E-1
8.715295208E0,-1.331032104E1,-1.758393402E0,-1.501377869E-1
8.725335208E0,-1.413330963E1,-2.076032867E0,-2.630030823E-1
8.735375208E0,-1.568363571E1,-2.318977661E0,1.724414062E-1
8.745416208E0,-1.716315903E1,-2.020797729E0,6.542893982E-1
8.755456208E0,-1.737646545E1,-1.401086426E0,7.993377686E-1
8.765496208E0,-1.653177200E1,-9.924362183E-1,9.111552429E-1
8.775537208E0,-1.486154526E1,-7.125183105E-1,7.225474548E-1
8.785577208E0,-1.268177811E1,-6.990463257E-2,-9.253756714E-1
8.795617208E0,-1.140987305E1,4.924758911E-2,-3.251837769E0
8.805657208E0,-1.177705948E1,-6.122268677E-2,-5.137167206E0
8.815698208E0,-1.404379578E1,1.093027039E0,-7.443571014E0
8.825738208E0,-1.483759506E1,2.878364410E0,-9.551188202E0
8.835778208E0,-1.393452301E1,3.266357574E0,-1.001267853E1
8.845819208E0,-1.306034088E1,2.957849121E0,-9.430688782E0
8.855859208E0,-1.156554932E1,2.860102386E0,-9.039103088E0
8.865899208E0,-9.548793182E0,2.553539886E0,-8.589587860E0
8.875939208E0,-9.017098846E0,8.393046570E-1,-7.564519501E0
8.885980208E0,-1.020772293E1,-1.260977783E0,-6.099066925E0
8.896020208E0,-1.152558243E1,-2.122136993E0,-5.031786346E0
8.906060208E0,-1.220591766E1,-1.986818390E0,-4.444856873E0
8.916101208E0,-1.213646210E1,-1.403631134E0,-4.289330292E0
8.926141208E0,-1.183903061E1,-1.101858673E0,-3.886967010E0
8.936181208E0,-1.120524857E1,-9.157955933E-1,-3.199746094E0
8.946221208E0,-1.004231689E1,-5.408253479E-1,-2.615211639E0
8.956262208E0,-9.135802002E0,1.854643250E-1,-2.116598511E0
8.966302208E0,-8.403075714E0,1.135538635E0,-1.747316437E0
8.976342208E0,-7.498207397E0,2.015408936E0,-1.437610474E0
8.986383208E0,-6.390510864E0,2.624791718E0,-1.141376495E0
8.996423208E0,-5.389991455E0,2.853216705E0,-7.656578064E-1
9.006463208E0,-4.252207489E0,2.665956116E0,-3.983216858E-1
9.016503208E0,-3.452270966E0,2.339634705E0,-2.079176331E-1
9.026544208E0,-2.961890717E0,1.861229553E0,-2.555186462E-1
9.036584208E0,-2.510728912E0,1.284179535E0,-5.983058167E-1
9.046624208E0,-2.214644623E0,6.691085815E-1,-9.279203796E-1
9.056664208E0,-2.096390533E0,-6.047424316E-2,-1.088835754E0
9.066705208E0,-2.143841858E0,-8.601113892E-1,-9.195378113E-1
9.076745208E0,-2.724783783E0,-1.641636200E0,-4.607418823E-1
9.086785208E0,-3.470982056E0,-2.327659607E0,-4.191284180E-3
9.096826208E0,-4.050576782E0,-3.013233948E0,4.899311829E-1
9.106866208E0,-4.979994049E0,-3.446133728E0,9.635462952E-1
9.116906208E0,-5.824238434E0,-3.851640472E0,1.381926270E0
9.126946208E0,-6.573280792E0,-4.049229584E0,1.578617249E0
9.136987208E0,-7.212002563E0,-4.160897369E0,1.672172699E0
9.147027208E0,-7.765401764E0,-4.277355194E0,1.789977722E0
9.157067208E0,-8.189170532E0,-4.201762390E0,1.657503204E0
9.167108208E0,-8.611442413E0,-3.766766968E0,1.272204437E0
9.177148208E0,-9.138197021E0,-3.055595856E0,7.664062500E-1
9.187187583E0,-9.803114319E0,-2.236050110E0,3.480262756E-1
9.197228583E0,-1.060619431E1,-1.412762146E0,1.490899658E-1
9.207268583E0,-1.146780258E1,-7.153623962E-1,-1.646575928E-3
9.217308583E0,-1.252685028E1,-9.250762939E-2,-2.731819153E-1
9.227348583E0,-1.388303009E1,2.712359619E-1,-6.191125488E-1
9.237389583E0,-1.556583069E1,4.882846069E-1,-6.352789307E-1
9.247429583E0,-1.691662170E1,4.080514526E-1,-4.495152283E-1
9.257469583E0,-1.739083557E1,-4.861889648E-1,-2.034269714E-1
9.267509583E0,-1.730566269E1,-1.882934418E0,3.333567810E-1
9.277550583E0,-1.681558182E1,-2.680026855E0,1.211430817E0
9.287590583E0,-1.510374161E1,-2.922821960E0,1.204395447E0
9.297630583E0,-1.231743576E1,-2.576891327E0,-4.698728943E-1
9.307671583E0,-9.638456726E0,-1.693727875E0,-3.600462799E0
9.317711583E0,-7.778873749E0,-1.273102570E0,-6.177204437E0
9.327751583E0,-6.807244263E0,-1.896107025E0,-6.778953094E0
9.337791583E0,-6.912625122E0,-2.747536469E0,-7.598648529E0
9.347832583E0,-8.599916382E0,-2.900518341E0,-8.287665710E0
9.357872583E0,-1.262205231E1,-2.910846863E0,-8.180787964E0
9.367912583E0,-1.511436951E1,-2.856360168E0,-7.754324799E0
9.377953583E0,-1.556523193E1,-2.138303375E0,-8.081244965E0
9.387993583E0,-1.592673019E1,-5.120851135E-1,-9.299112396E0
9.398033583E0,-1.618090164E1,1.642234955E0,-1.006132736E1
9.408073583E0,-1.684132828E1,3.339854736E0,-9.659712524E0
9.418114583E0,-1.715013611E1,3.985911255E0,-8.066126404E0
9.428154583E0,-1.626517639E1,3.833827515E0,-5.936654663E0
9.438194583E0,-1.466844681E1,3.175496521E0,-3.908522186E0
9.448235583E0,-1.293115952E1,2.494263153E0,-2.283950500E0
9.458275583E0,-1.102337677E1,1.564995575E0,-9.870474243E-1
9.468315583E0,-9.073531494E0,2.574645996E-2,7.185058594E-2
9.478355583E0,-7.238796844E0,-1.643582153E0,8.872050476E-1
9.488396583E0,-5.928721161E0,-3.257675629E0,1.459764404E0
9.498436583E0,-5.000501404E0,-4.483326874E0,1.752854919E0
9.508476583E0,-4.161795502E0,-5.078788605E0,1.889221344E0
9.518517583E0,-3.215313721E0,-5.083878021E0,1.665736084E0
9.528557583E0,-2.344125366E0,-4.860542450E0,1.203796692E0
9.538597583E0,-1.570983124E0,-4.372856598E0,6.010002136E-1
9.548637583E0,-7.839198303E-1,-3.582200775E0,-2.049238586E-1
9.558678583E0,-7.933502197E-2,-2.597997437E0,-8.213420105E-1
9.568718583E0,2.454895020E-1,-1.518891449E0,-1.179397430E0
9.578758583E0,4.385879517E-2,-4.031117249E-1,-1.292861481E0
9.588799583E0,-6.008505249E-1,7.637118530E-1,-1.194366302E0
9.598839583E0,-1.772613831E0,1.874851227E0,-9.232800293E-1
9.608879583E0,-3.605701904E0,2.693498840E0,-5.337899780E-1
9.618919583E0,-5.574707336E0,3.350183258E0,-2.755769348E-1
9.628960583E0,-6.927743683E0,3.854334869E0,-8.891510010E-2
9.639000583E0,-7.690707092E0,4.187691650E0,5.209167480E-2
9.649040583E0,-8.407566376E0,4.285737762E0,2.290237427E-1
9.659081583E0,-9.072783051E0,4.246369629E0,2.987786865E-1
9.669121583E0,-9.350305939E0,4.018842773E0,6.735992432E-3
9.679161583E0,-9.311686249E0,3.232976990E0,-3.453318787E-1
9.689201583E0,-9.512568512E0,2.001038818E0,-3.474275208E-1
9.699242583E0,-1.004126907E1,8.695417786E-1,-2.935395813E-1
9.709282583E0,-1.069226532E1,-1.062789917E-1,-3.080593872E-1
9.719322583E0,-1.142154877E1,-1.042432251E0,-1.859133911E-1
9.729363583E0,-1.229797623E1,-1.906136169E0,1.188528442E-1
9.739403583E0,-1.363828903E1,-2.793640594E0,3.079096985E-1
9.749443583E0,-1.521002060E1,-3.400179291E0,4.890330505E-1
9.759483583E0,-1.669253769E1,-3.479813690E0,8.656498718E-1
9.769524583E0,-1.769320679E1,-2.897973633E0,1.018781433E0
9.779564583E0,-1.795127014E1,-1.723815308E0,9.119036865E-1
9.789604583E0,-1.724743378E1,-2.454895020E-2,-7.948471069E-2
9.799645583E0,-1.549293228E1,2.223476257E0,-2.160606995E0
9.809685583E0,-1.378678024E1,2.813698883E0,-4.428391113E0
9.819725583E0,-1.318682785E1,2.603236542E0,-6.772516479E0
9.829765583E0,-1.449929855E1,3.531605988E0,-8.935219116E0
9.839806583E0,-1.545251633E1,4.337679749E0,-1.007824219E1
9.849846583E0,-1.473939926E1,3.931125183E0,-1.016326538E1
9.859886583E0,-1.317305649E1,3.238515472E0,-9.922416229E0
9.869927583E0,-1.136960678E1,2.903212738E0,-9.692045288E0
9.879967583E0,-9.378297729E0,2.121687927E0,-9.158704376E0
9.890007583E0,-8.114775238E0,5.388793945E-3,-7.989036713E0
9.900047583E0,-8.815767517E0,-2.533631287E0,-6.059848480E0
9.910088583E0,-1.017688705E1,-3.952979736E0,-4.790188751E0
9.920128583E0,-1.137499557E1,-4.045786743E0,-4.152814178E0
9.930168583E0,-1.207703568E1,-3.501518555E0,-3.968846741E0
9.940209583E0,-1.216131042E1,-2.785557404E0,-3.782484283E0
9.950249583E0,-1.179771652E1,-2.189347229E0,-3.066223755E0
9.960289583E0,-1.099733093E1,-1.641785889E0,-2.191891937E0
9.970329583E0,-1.002225861E1,-1.015039215E0,-1.495839386E0
9.980370583E0,-9.380842438E0,-3.517684937E-2,-1.101259918E0
9.990410583E0,-8.773854675E0,1.229543152E0,-9.171427917E-1
1.000045058E1,-7.900271301E0,2.381397858E0,-8.152047729E-1
1.001049158E1,-6.805447998E0,3.336711273E0,-7.442523193E-1
1.002053158E1,-5.668262787E0,3.853586426E0,-6.330335999E-1
1.003057158E1,-4.546794891E0,3.817062378E0,-5.001100159E-1
1.004061158E1,-3.552712097E0,3.268303528E0,-6.478527832E-1
1.005065258E1,-2.887345734E0,2.296224976E0,-9.571096802E-1
1.006069258E1,-2.577789459E0,1.116977234E0,-1.329984283E0
1.007073258E1,-2.211052094E0,-1.076261902E-1,-1.519190826E0
1.008077358E1,-1.980082397E0,-1.171763306E0,-1.395997009E0
1.009081358E1,-1.937570801E0,-2.038311310E0,-1.006357269E0
1.010085358E1,-2.437531128E0,-2.836152191E0,-2.435435486E-1
1.011089358E1,-3.154091034E0,-3.433859253E0,5.236111450E-1
1.012093458E1,-3.874393158E0,-3.824397125E0,9.836045837E-1
1.013097458E1,-4.665647736E0,-4.029919739E0,1.266216888E0
1.014101458E1,-5.545667725E0,-3.962410126E0,1.332828369E0
1.015105458E1,-6.502478027E0,-3.824247437E0,1.191372528E0
1.016109558E1,-7.546556854E0,-3.797153778E0,1.093326416E0
1.017113558E1,-8.498427429E0,-3.762725372E0,1.098415833E0
1.018117558E1,-9.169781342E0,-3.504662018E0,1.097817078E0
1.019121762E1,-9.297316132E0,-2.942431183E0,1.023870850E0
1.020125762E1,-9.068891144E0,-2.297572174E0,7.884104919E-1
1.021129763E1,-9.033863983E0,-1.592238922E0,4.372407532E-1
1.022133863E1,-9.271419983E0,-9.045689392E-1,7.589218140E-2
1.023137863E1,-9.914782104E0,-2.574645996E-1,-2.568658447E-1
1.024141862E1,-1.095751373E1,2.682421875E-1,-7.734416199E-1
1.025145862E1,-1.254271729E1,8.924441528E-1,-1.208137665E0
1.026149962E1,-1.468775665E1,1.523980865E0,-1.019380188E0
1.027153962E1,-1.663026718E1,1.740281067E0,-3.353027344E-1
1.028157963E1,-1.775293259E1,8.201445007E-1,3.104544067E-1
1.029161963E1,-1.820289688E1,-9.228309631E-1,7.759863281E-1
1.030166063E1,-1.806787766E1,-1.830393677E0,5.836363220E-1
1.031170062E1,-1.615934647E1,-2.518213348E0,-9.294172668E-1
1.032174062E1,-1.311377975E1,-2.787054291E0,-3.369792480E0
1.033178162E1,-1.073253159E1,-2.711162109E0,-5.549110565E0
1.034182162E1,-9.889634399E0,-3.009491730E0,-6.775510254E0
1.035186163E1,-1.035516632E1,-3.772006073E0,-7.133715363E0
1.036190163E1,-1.169742508E1,-3.675007782E0,-7.645800476E0
1.037194263E1,-1.291753784E1,-2.216141510E0,-7.808212738E0
1.038198262E1,-1.320853271E1,-1.098266144E0,-7.244185638E0
1.039202262E1,-1.242790604E1,-7.147636414E-1,-7.174281006E0
1.040206362E1,-1.159039764E1,-1.818717957E-1,-8.146359558E0
1.041210362E1,-1.157572815E1,1.179547119E0,-9.109007721E0
1.042214363E1,-1.250514542E1,2.831362152E0,-9.397008820E0
1.043218363E1,-1.388422760E1,3.236270142E0,-8.383316803E0
1.044222463E1,-1.508622803E1,2.822380829E0,-6.587351532E0
1.045226462E1,-1.535461990E1,1.983076172E0,-4.786147156E0
1.046230462E1,-1.462294144E1,1.136436768E0,-3.133583679E0
1.047234562E1,-1.336705307E1,6.611750793E-1,-1.702858887E0
1.048238562E1,-1.203093155E1,9.819580078E-2,-5.993536377E-1
1.049242563E1,-1.056428146E1,-8.707392883E-1,2.544708252E-2
1.050246563E1,-9.146878967E0,-2.170187073E0,3.122506714E-1
1.051250663E1,-7.953560486E0,-3.387306061E0,3.664379883E-1
1.052254662E1,-6.871610413E0,-4.248614960E0,3.430865479E-1
1.053258662E1,-5.708978119E0,-4.746629333E0,1.841171265E-1
1.054262762E1,-4.348307648E0,-4.771477661E0,-4.939727783E-2
1.055266762E1,-2.927911377E0,-4.440366211E0,-2.558180237E-1
1.056270763E1,-1.907633057E0,-3.979624329E0,-5.093907166E-1
1.057274763E1,-1.187929688E0,-3.410807190E0,-7.963439941E-1
1.058278863E1,-5.454656982E-1,-2.617606659E0,-1.164278870E0
1.059282862E1,-5.703140259E-2,-1.558409271E0,-1.465153198E0
1.060286862E1,1.748364258E-1,-3.384461975E-1,-1.437909851E0
1.061290962E1,7.873626709E-2,9.806108093E-1,-9.190887451E-1
1.062294962E1,-4.201762390E-1,2.182012482E0,-1.992356873E-1
1.063298962E1,-1.473386078E0,3.048261108E0,5.002597046E-1
1.064302963E1,-3.384312286E0,3.669918365E0,9.907896423E-1
1.065307063E1,-5.546416168E0,4.119134216E0,1.258582764E0
1.066311062E1,-7.218289490E0,4.403692474E0,1.163081360E0
1.067315062E1,-7.853867798E0,4.452790375E0,8.916957092E-1
1.068319162E1,-8.449928284E0,4.154610443E0,6.319857788E-1
1.069323162E1,-9.261540527E0,3.580105133E0,2.219883728E-1
1.070327162E1,-9.862540741E0,2.693648529E0,-2.207908630E-1
1.071331163E1,-1.031460068E1,1.509311371E0,-4.959187317E-1
1.072335263E1,-1.100257004E1,3.495231628E-1,-6.155200195E-1
1.073339262E1,-1.190609116E1,-6.149212646E-1,-6.659651184E-1
1.074343262E1,-1.289508453E1,-1.394500122E0,-6.236032104E-1
1.075347362E1,-1.366687958E1,-2.139500885E0,-6.899153137E-1
1.076351362E1,-1.435589676E1,-2.827170868E0,-7.026388550E-1
1.077355362E1,-1.526091476E1,-3.300037537E0,-4.013154602E-1
1.078359363E1,-1.626008698E1,-3.207978973E0,3.321592712E-1
1.079363463E1,-1.686767349E1,-2.252964935E0,1.021924896E0
1.080367462E1,-1.648836227E1,-7.732919312E-1,1.536105652E0
1.081371462E1,-1.582718719E1,4.314028931E-1,2.064506836E0
1.082375562E1,-1.472368195E1,1.534908142E0,1.594184875E0
1.083379562E1,-1.282652710E1,2.852468262E0,-2.375559998E-1
1.084383562E1,-1.133158585E1,2.992427216E0,-2.509531403E0
1.085387563E1,-1.098400864E1,2.671195221E0,-5.196294250E0
1.086391663E1,-1.255214767E1,3.343297577E0,-7.823181610E0
1.087395663E1,-1.386282211E1,4.351002045E0,-9.213939514E0
1.088399662E1,-1.358829300E1,4.431085510E0,-9.566606140E0
1.089403762E1,-1.294148804E1,3.546874237E0,-9.300010529E0
1.090407762E1,-1.208661575E1,2.444716187E0,-8.845106506E0
1.091411762E1,-1.088581284E1,1.279539185E0,-8.240663452E0
1.092415763E1,-9.848769379E0,-5.688171387E-1,-7.362589417E0
1.093419863E1,-9.697284393E0,-2.668800201E0,-6.085894318E0
1.094423863E1,-1.031370255E1,-4.071233826E0,-5.172493744E0
1.095427862E1,-1.167257675E1,-4.467908936E0,-4.396208038E0
1.096431962E1,-1.259495865E1,-4.135599976E0,-3.884422302E0
1.097435962E1,-1.249376907E1,-3.514391785E0,-3.630550232E0
1.098439962E1,-1.178978302E1,-2.878214722E0,-3.109483795E0
1.099443963E1,-1.069705536E1,-2.274819489E0,-2.354902954E0
1.100448063E1,-9.425449677E0,-1.694626007E0,-1.686093750E0
1.101452063E1,-8.583899689E0,-7.720944214E-1,-1.299896851E0
1.102456062E1,-8.082741852E0,4.806504822E-1,-1.106948090E0
1.103460062E1,-7.530390472E0,1.704355774E0,-9.446855164E-1
1.104464162E1,-6.821913757E0,2.746039581E0,-9.011260986E-1
1.105468162E1,-6.043382721E0,3.319646759E0,-8.524772644E-1
1.106472163E1,-5.275778961E0,3.450025635E0,-8.077203369E-1
1.107476263E1,-4.287683716E0,3.203338623E0,-9.165440369E-1
1.108480263E1,-3.588936768E0,2.743943939E0,-1.279239807E0
1.109484262E1,-3.058889008E0,2.078128510E0,-1.624871063E0
1.110488262E1,-2.456092529E0,1.348994751E0,-1.897603912E0
1.111492362E1,-1.999541931E0,5.156776428E-1,-1.806293793E0
1.112496362E1,-2.093696136E0,-4.230203247E-1,-1.239272919E0
1.113500363E1,-2.631827087E0,-1.421294403E0,-3.989204407E-1
1.114504463E1,-3.245101776E0,-2.380200348E0,4.367916870E-1
1.115508463E1,-3.971092072E0,-3.152594147E0,9.439370728E-1
1.116512462E1,-4.817731476E0,-3.695814514E0,1.238075409E0
1.117516462E1,-5.686674500E0,-4.021686859E0,1.442849579E0
1.118520562E1,-6.577322388E0,-4.082460480E0,1.559157715E0
1.119524463E1,-7.480394440E0,-3.988755341E0,1.475930786E0
1.120528463E1,-8.340954895E0,-3.850293274E0,1.348246307E0
1.121532563E1,-9.117989044E0,-3.518583069E0,1.155596924E0
1.122536562E1,-9.643246765E0,-2.878963165E0,8.044271851E-1
1.123540562E1,-1.003992188E1,-2.114053802E0,4.117936707E-1
1.124544562E1,-1.037836807E1,-1.345701599E0,7.439529419E-2
1.125548662E1,-1.075932587E1,-7.265890503E-1,-2.724334717E-1
1.126552663E1,-1.152513336E1,-2.028282166E-1,-6.518943787E-1
1.127556663E1,-1.288580383E1,4.203259277E-1,-9.454339600E-1
1.128560763E1,-1.427716049E1,8.705895996E-1,-9.753717041E-1
1.129564762E1,-1.554981400E1,9.725276184E-1,-4.361929321E-1
1.130568762E1,-1.639226212E1,4.311035156E-1,2.833607483E-1
1.131572762E1,-1.636037842E1,-1.328188019E0,9.439370728E-1
1.132576862E1,-1.673220520E1,-2.619253235E0,1.665885773E0
1.133580863E1,-1.611668518E1,-3.253484344E0,1.895208893E0
1.134584863E1,-1.375594437E1,-3.478616180E0,8.452922058E-1
1.135588963E1,-1.073492661E1,-2.915936279E0,-1.496737518E0
1.136592962E1,-8.502768402E0,-2.162253571E0,-4.180955658E0
1.137596962E1,-7.436984711E0,-2.173180847E0,-5.612728271E0
1.138600962E1,-7.561525726E0,-2.965932312E0,-6.492598572E0
1.139605062E1,-9.240135040E0,-3.466042328E0,-7.104226685E0
1.140609063E1,-1.196566727E1,-2.671494598E0,-7.774233398E0
1.141613063E1,-1.334145630E1,-2.305056610E0,-7.835905151E0
1.142617163E1,-1.436757248E1,-2.209704895E0,-7.488477631E0
1.143621162E1,-1.554487427E1,-1.598525848E0,-8.102351074E0
1.144625162E1,-1.637968826E1,-4.526586914E-1,-8.838071136E0
1.145629162E1,-1.720941284E1,8.864566040E-1,-8.965306549E0
1.146633262E1,-1.766012558E1,1.998194733E0,-8.149802399E0
1.147637263E1,-1.694940353E1,2.638263702E0,-6.350693665E0
1.148641263E1,-1.535926025E1,2.583777008E0,-4.273762665E0
1.149645363E1,-1.339250015E1,2.173629913E0,-2.449955292E0
1.150649362E1,-1.163680115E1,1.527274017E0,-1.062939606E0
1.151653362E1,-9.911638641E0,4.787045288E-1,-2.556683350E-1
1.152657362E1,-8.020920410E0,-8.494834900E-1,2.285746765E-1
1.153661462E1,-6.525979156E0,-2.222727814E0,7.168592834E-1
1.154665462E1,-5.527256012E0,-3.307222595E0,1.078357544E0
1.155669463E1,-4.789440308E0,-4.063150635E0,1.362017670E0
1.156673563E1,-4.074826355E0,-4.257596283E0,1.467099152E0
1.157677562E1,-3.181035004E0,-4.074077911E0,1.344354401E0
1.158681562E1,-2.361040192E0,-3.666026459E0,8.611592102E-1
1.159685562E1,-1.811532898E0,-3.170556793E0,1.588197327E-1
1.160689662E1,-1.423988800E0,-2.559976501E0,-5.677693176E-1
1.161693662E1,-1.171314240E0,-1.789678345E0,-1.115031281E0
1.162697663E1,-1.154399414E0,-8.653504944E-1,-1.429976349E0
1.163701662E1,-1.648072815E0,1.710942078E-1,-1.445094910E0
1.164705762E1,-2.359243927E0,1.247805176E0,-1.051114197E0
1.165709762E1,-2.993475037E0,2.099384308E0,-6.289920044E-1
1.166713762E1,-4.200864258E0,2.697690125E0,-3.354524231E-1
1.167717862E1,-5.712870026E0,3.181035004E0,-5.792953491E-2
1.168721862E1,-6.722071381E0,3.697161713E0,9.026229858E-2
1.169725863E1,-7.418872375E0,3.987857208E0,3.143463135E-2
1.170729862E1,-8.212372284E0,4.107458496E0,-1.710942078E-1
1.171733963E1,-8.924441528E0,4.131408691E0,-4.083508301E-1
1.172737962E1,-9.303603058E0,3.849694519E0,-6.529421997E-1
1.173741962E1,-9.450747070E0,3.030448151E0,-7.858657837E-1
1.174746062E1,-9.753417664E0,1.934577026E0,-4.788542175E-1
1.175750062E1,-1.035726196E1,1.007405090E0,-4.251159668E-2
1.176754063E1,-1.095975906E1,2.281256104E-1,3.031196594E-1
1.177758062E1,-1.157108780E1,-5.307962036E-1,6.493496704E-1
1.178762163E1,-1.224423798E1,-1.302890625E0,6.792874146E-1
1.179766162E1,-1.297786240E1,-1.922901306E0,1.546284485E-1
1.180770162E1,-1.405592056E1,-2.476599884E0,-7.664062500E-2
1.181774262E1,-1.546853302E1,-2.678979034E0,3.391946411E-1
1.182778262E1,-1.634136795E1,-2.204765167E0,8.128097534E-1
1.183782263E1,-1.635588776E1,-1.357976074E0,1.237476654E0
1.184786262E1,-1.570489151E1,-4.721182251E-1,1.160536652E0
1.185790363E1,-1.423869049E1,7.664062500E-1,-2.213896179E-1
1.186794362E1,-1.293924271E1,1.678459625E0,-2.125280457E0
1.187798362E1,-1.233584747E1,1.272054749E0,-3.859723663E0
1.188802462E1,-1.298160461E1,1.552571411E0,-6.277645569E0
1.189806462E1,-1.442774734E1,3.115770721E0,-8.670569458E0
1.190810463E1,-1.467248840E1,4.054618378E0,-9.959688721E0
1.191814463E1,-1.416579208E1,3.833677826E0,-9.892927551E0
1.192818563E1,-1.299687286E1,3.215613098E0,-9.281598816E0
1.193822562E1,-1.137709122E1,2.485281830E0,-8.731792145E0
1.194826562E1,-1.013647110E1,8.328680420E-1,-7.843389587E0
1.195830662E1,-9.966574402E0,-1.322799225E0,-6.537056122E0
1.196834662E1,-1.026640091E1,-2.776276703E0,-5.526806946E0
1.197838663E1,-1.105765549E1,-3.150199127E0,-4.963079224E0
1.198842663E1,-1.193857361E1,-2.943329315E0,-4.610412598E0
1.199846763E1,-1.218451218E1,-2.601140900E0,-4.279450836E0
1.200850762E1,-1.169368286E1,-2.340083771E0,-3.585942993E0
1.201854762E1,-1.074151291E1,-2.102078705E0,-2.595303040E0
1.202858862E1,-9.743687897E0,-1.619781647E0,-1.652563477E0
1.203862862E1,-9.102571106E0,-6.183641052E-1,-1.044976959E0
1.204866863E1,-8.505163422E0,6.090834045E-1,-8.355624390E-1
1.205870863E1,-7.880961456E0,1.646875305E0,-8.005352783E-1
1.206874963E1,-7.091203766E0,2.398761749E0,-6.646179199E-1
1.207878962E1,-6.095474396E0,2.790497131E0,-5.930667114E-1
1.208882962E1,-5.227130127E0,2.665207672E0,-5.855822754E-1
1.209887062E1,-4.302203522E0,2.184407501E0,-6.438111877E-1
1.210891062E1,-3.464096375E0,1.574575653E0,-8.750802612E-1
1.211895063E1,-3.000510406E0,8.361611938E-1,-1.116378479E0
1.212899063E1,-2.758912811E0,2.116598511E-1,-1.296154633E0
1.213903163E1,-2.467019806E0,-4.492158508E-1,-1.126108246E0
1.214907162E1,-2.344424744E0,-1.092727661E0,-8.187973022E-1
1.215911162E1,-2.752476196E0,-1.861977997E0,-2.293231201E-1
1.216915162E1,-3.439846802E0,-2.664758606E0,4.055067444E-1
1.217919262E1,-4.155358887E0,-3.482957153E0,8.909472656E-1
1.218923321E1,-5.050198059E0,-4.036805420E0,1.171463928E0
1.219927321E1,-6.066883850E0,-4.299209747E0,1.298399963E0
1.220931421E1,-7.041207733E0,-4.333039398E0,1.351090393E0
1.221935421E1,-7.985593872E0,-4.214186554E0,1.365610199E0
1.222939421E1,-8.759783936E0,-3.937711487E0,1.383722534E0
1.223943421E1,-9.315877533E0,-3.500171356E0,1.379830627E0
1.224947521E1,-9.646539917E0,-2.756368103E0,1.290765839E0
1.225951521E1,-9.687404938E0,-1.842817841E0,9.729766846E-1
1.226955521E1,-9.669292603E0,-1.017583923E0,6.795867920E-1
1.227959621E1,-9.989476776E0,-2.032772827E-1,4.719685364E-1
1.228963621E1,-1.046503784E1,4.200265503E-1,2.698887634E-1
1.229967621E1,-1.113878677E1,8.680448914E-1,-9.310638428E-2
1.230971621E1,-1.225157272E1,1.292562103E0,-5.516029358E-1
1.231975721E1,-1.365864670E1,1.593286743E0,-7.336244202E-1
1.232979721E1,-1.501632339E1,1.531764679E0,-4.834945679E-1
1.233983721E1,-1.559876221E1,5.165757751E-1,-4.056564331E-2
1.234987821E1,-1.574830124E1,-1.548978882E0,5.504054260E-1
1.235991821E1,-1.639705215E1,-2.851270752E0,1.562450867E0
1.236995821E1,-1.577778992E1,-3.411405945E0,1.929038544E0
1.237999821E1,-1.341944412E1,-3.911066895E0,1.202449493E0
1.239003921E1,-1.078791641E1,-3.524121552E0,-1.008602600E0
1.240007921E1,-8.847052460E0,-2.748883667E0,-3.642076263E0
1.241011921E1,-7.840246124E0,-2.621947632E0,-4.712350616E0
1.242016021E1,-7.876770172E0,-2.954256592E0,-5.568570099E0
1.243020021E1,-8.850345612E0,-3.303630066E0,-6.341263275E0
1.244024021E1,-1.096619568E1,-2.810106354E0,-6.891668701E0
1.245028021E1,-1.293520111E1,-1.873204651E0,-7.285200348E0
1.246032121E1,-1.356404343E1,-1.698966980E0,-7.142097931E0
1.247036121E1,-1.449510727E1,-1.425485687E0,-7.504644012E0
1.248040121E1,-1.533276535E1,-6.499484253E-1,-8.288713531E0
1.249044221E1,-1.621323441E1,4.349954224E-1,-8.721313934E0
1.250048221E1,-1.711944992E1,1.445094910E0,-8.316705322E0
1.251052221E1,-1.703337891E1,2.094743958E0,-6.727909241E0
1.252056221E1,-1.602522537E1,2.273322601E0,-4.771777039E0
1.253060321E1,-1.462847992E1,2.033371582E0,-3.177292786E0
1.254064321E1,-1.285302200E1,1.563648376E0,-2.023492126E0
1.255068321E1,-1.084719315E1,6.843768311E-1,-1.284927979E0
1.256072421E1,-8.946445770E0,-5.258564758E-1,-5.399272156E-1
1.257076421E1,-7.350614319E0,-1.710792389E0,2.019300842E-1
1.258080421E1,-6.279591522E0,-2.879412231E0,8.363108826E-1
1.259084421E1,-5.389542389E0,-3.600313110E0,1.220711517E0
1.260088521E1,-4.544250183E0,-4.043541412E0,1.345252533E0
1.261092521E1,-3.555855560E0,-4.175716553E0,1.259031830E0
1.262096521E1,-2.574196930E0,-4.033661957E0,8.307723999E-1
1.263100621E1,-1.798809357E0,-3.727997589E0,1.260379028E-1
1.264104621E1,-1.219813385E0,-3.248394928E0,-6.134243774E-1
1.265108621E1,-8.165519714E-1,-2.639461212E0,-1.192869415E0
1.266112621E1,-5.533992004E-1,-1.723665619E0,-1.567240906E0
1.267116721E1,-5.625302124E-1,-5.719606018E-1,-1.530267792E0
1.268120721E1,-9.630972290E-1,6.345304871E-1,-1.075363770E0
1.269124721E1,-1.779798889E0,1.798509979E0,-6.686595154E-1
1.270128821E1,-3.151696014E0,2.846780090E0,-1.649569702E-1
1.271132821E1,-5.137616272E0,3.818559265E0,3.520678711E-1
1.272136821E1,-6.923253021E0,4.705015869E0,6.264472961E-1
1.273140821E1,-8.350385284E0,5.532195740E0,7.213499451E-1
1.274144921E1,-9.037456512E0,6.122418365E0,6.426136780E-1
1.275148921E1,-9.549391937E0,6.325096893E0,4.676275635E-1
1.276152921E1,-9.914482727E0,5.889502716E0,1.137634277E-1
1.277156921E1,-9.854158173E0,4.342769165E0,-1.573228455E-1
1.278161021E1,-1.023781036E1,2.512824554E0,-5.822891235E-2
1.279165021E1,-1.095287338E1,9.048683167E-1,1.261875916E-1
1.280169021E1,-1.154638916E1,-4.788542175E-1,1.366658020E-1
1.281173121E1,-1.206910217E1,-1.699266357E0,2.802172852E-1
1.282177121E1,-1.269255569E1,-2.863844604E0,5.023553467E-1
1.283181121E1,-1.333906128E1,-3.806733856E0,4.537065125E-1
1.284185121E1,-1.425800034E1,-4.464765472E0,5.107379150E-1
1.285189221E1,-1.563558563E1,-4.600533142E0,1.149908752E0
1.286193221E1,-1.642175079E1,-3.750301208E0,1.706152039E0
1.287197221E1,-1.617356689E1,-2.349514160E0,1.941313019E0
1.288201321E1,-1.527543457E1,-9.981243896E-1,2.070045319E0
1.289205321E1,-1.377974487E1,3.606001282E-1,1.240919495E0
1.290209321E1,-1.247415985E1,1.671873322E0,-5.999523926E-1
1.291213321E1,-1.169622757E1,1.671573944E0,-2.452350311E0
1.292217421E1,-1.242042160E1,1.725012817E0,-4.653672638E0
1.293221421E1,-1.405397461E1,2.767744446E0,-6.862928467E0
1.294225421E1,-1.400772079E1,4.069886627E0,-8.662935333E0
1.295229521E1,-1.315254913E1,4.502786407E0,-9.343120880E0
1.296233521E1,-1.216639984E1,4.068240051E0,-8.971144409E0
1.297237521E1,-1.074899734E1,3.438798981E0,-8.740923157E0
1.298241521E1,-9.561367035E0,2.292931824E0,-8.276888123E0
1.299245621E1,-9.382638702E0,1.463955688E-1,-7.116201782E0
1.300249621E1,-9.844877472E0,-1.806293793E0,-5.844745789E0
1.301253621E1,-1.071217392E1,-2.619402924E0,-5.207820282E0
1.302257721E1,-1.183498901E1,-2.583028564E0,-4.841531982E0
1.303261721E1,-1.239662109E1,-2.169738007E0,-4.633314972E0
1.304265721E1,-1.237192245E1,-1.761536865E0,-4.075724487E0
1.305269721E1,-1.191866501E1,-1.565145264E0,-3.149899750E0
1.306273821E1,-1.132155670E1,-1.162931671E0,-2.268831940E0
1.307277821E1,-1.072504715E1,-2.755769348E-1,-1.581461334E0
1.308281821E1,-9.901010742E0,9.120533752E-1,-1.136436768E0
1.309285921E1,-8.783135376E0,2.059417419E0,-9.119036865E-1
1.310289921E1,-7.532336426E0,2.858006744E0,-6.007008362E-1
1.311293921E1,-6.570736084E0,3.137625275E0,-2.155517578E-1
1.312297921E1,-5.635480957E0,2.888842621E0,-1.916015625E-1
1.313302021E1,-4.654121704E0,2.298021240E0,-3.956272888E-1
1.314306021E1,-3.787723389E0,1.643881531E0,-8.053253174E-1
1.315310021E1,-3.173700256E0,9.148974609E-1,-1.242865448E0
1.316314121E1,-2.649490356E0,1.652563477E-1,-1.409618683E0
1.317318121E1,-2.202220459E0,-5.060975647E-1,-1.328637085E0
1.318322121E1,-1.915267181E0,-1.221609650E0,-8.210426331E-1
1.319326133E1,-2.205663300E0,-2.028731232E0,6.795867920E-2
1.320330233E1,-2.822680206E0,-2.857707367E0,1.004561005E0
1.321334233E1,-3.412004700E0,-3.574267273E0,1.576521606E0
1.322338233E1,-4.254901886E0,-4.028871918E0,1.809736633E0
1.323342333E1,-5.384602661E0,-4.272116089E0,1.872905273E0
1.324346333E1,-6.608008575E0,-4.260440369E0,1.868713989E0
1.325350333E1,-7.498806152E0,-4.006268921E0,1.783690796E0
1.326354333E1,-8.149652710E0,-3.695964203E0,1.676214294E0
1.327358433E1,-8.649163971E0,-3.366199951E0,1.568887482E0
1.328362433E1,-9.170978851E0,-2.897225189E0,1.407073975E0
1.329366433E1,-9.556576996E0,-2.191442871E0,1.198258209E0
1.330370533E1,-9.874216461E0,-1.495540009E0,1.023870850E0
1.331374533E1,-1.033346146E1,-7.972421265E-1,7.306306458E-1
1.332378533E1,-1.100915634E1,-4.984634399E-2,2.480342102E-1
1.333382533E1,-1.171987839E1,5.026547241E-1,-4.707710266E-1
1.334386633E1,-1.276934601E1,8.831634521E-1,-1.194815369E0
1.335390633E1,-1.419902298E1,9.318122864E-1,-1.560355225E0
1.336394633E1,-1.558454178E1,8.017327881E-1,-1.277144165E0
1.337398733E1,-1.621607849E1,1.896556091E-1,-6.023474121E-1
1.338402733E1,-1.647144745E1,-1.378932495E0,2.595602417E-1
1.339406733E1,-1.708951218E1,-2.682272186E0,1.258133698E0
1.340410733E1,-1.677830933E1,-3.218157806E0,1.817819824E0
1.341414833E1,-1.486798187E1,-3.376229095E0,1.625320129E0
1.342418833E1,-1.185594543E1,-2.681224365E0,2.294728088E-1
1.343422833E1,-9.151369629E0,-1.336420898E0,-2.194286957E0
1.344426933E1,-7.364535370E0,-7.158114624E-1,-3.886068878E0
1.345430933E1,-6.433920593E0,-1.214424591E0,-4.647236023E0
1.346434933E1,-6.413862305E0,-2.076182556E0,-5.522615662E0
1.347438933E1,-7.349716187E0,-2.493365021E0,-5.834417267E0
1.348443033E1,-9.557624817E0,-2.473456421E0,-5.850883026E0
1.349447033E1,-1.357841354E1,-2.881208496E0,-6.090684357E0
1.350451033E1,-1.541150162E1,-2.949466553E0,-6.831344147E0
1.351455133E1,-1.575668381E1,-1.776505737E0,-8.271050262E0
1.352459133E1,-1.649704422E1,-3.767665100E-1,-9.349407806E0
1.353463133E1,-1.705149124E1,6.893165588E-1,-9.501192169E0
1.354467233E1,-1.740819946E1,1.358425140E0,-8.252189484E0
1.355471233E1,-1.709520035E1,1.674118652E0,-6.267017670E0
1.356475233E1,-1.595157852E1,1.758543091E0,-4.243076477E0
1.357479233E1,-1.408061920E1,1.704954529E0,-2.596949615E0
1.358483333E1,-1.193183762E1,1.085692291E0,-1.605860596E0
1.359487333E1,-9.945617981E0,-8.622070312E-2,-8.746311951E-1
1.360491333E1,-8.147407379E0,-1.272803192E0,-1.579216003E-1
1.361495333E1,-6.610702972E0,-2.404300232E0,5.604345703E-1
1.362499433E1,-5.576952667E0,-3.394042053E0,1.149160309E0
1.363503433E1,-4.541555786E0,-3.907624054E0,1.557062073E0
1.364507433E1,-3.205434265E0,-3.961511993E0,1.672023010E0
1.365511533E1,-2.006277924E0,-3.931424561E0,1.492845612E0
1.366515533E1,-1.194965057E0,-3.868704987E0,9.753717041E-1
1.367519533E1,-6.703060913E-1,-3.604803772E0,2.745291138E-1
1.368523633E1,-2.972817993E-1,-3.090173950E0,-4.908293152E-1
1.369527633E1,-2.800675964E-1,-2.308050385E0,-1.045126648E0
1.370531633E1,-4.828958130E-1,-1.382824402E0,-1.248254242E0
1.371535633E1,-8.723858643E-1,-2.441423035E-1,-1.374292145E0
1.372539733E1,-1.482517090E0,1.000070343E0,-1.279539185E0
1.373543733E1,-2.476450195E0,2.025887146E0,-9.407936096E-1
1.374547733E1,-4.018693085E0,2.935246124E0,-4.219725037E-1
1.375551833E1,-5.989943848E0,3.871698761E0,1.405577087E-1
1.376555833E1,-7.817343750E0,4.698878632E0,5.291496277E-1
1.377559833E1,-9.031768341E0,5.343587952E0,5.634283447E-1
1.378563833E1,-9.703870697E0,5.823789368E0,3.644920349E-1
1.379567933E1,-1.054497162E1,5.981561279E0,-6.286926270E-2
1.380571933E1,-1.124686203E1,5.573809204E0,-5.716612244E-1
1.381575933E1,-1.149190247E1,4.155209198E0,-8.430468750E-1
1.382580033E1,-1.225860809E1,2.493514709E0,-8.952882385E-1
1.383584033E1,-1.304776703E1,8.249345398E-1,-7.487429810E-1
1.384588033E1,-1.342558136E1,-7.131170654E-1,-4.930746460E-1
1.385592033E1,-1.340282867E1,-1.805096283E0,-5.029541016E-1
1.386596133E1,-1.313847839E1,-2.654430084E0,-4.257147217E-1
1.387600133E1,-1.321556808E1,-3.547323303E0,1.974394226E-1
1.388604133E1,-1.390593246E1,-3.990252228E0,1.318607941E0
1.389608233E1,-1.483041000E1,-3.693120117E0,2.227817230E0
1.390612233E1,-1.520044052E1,-2.775079193E0,2.853665771E0
1.391616233E1,-1.507006165E1,-1.631906433E0,3.154839478E0
1.392620233E1,-1.418824539E1,-1.820214844E-1,2.199226685E0
1.393624333E1,-1.274853928E1,1.044078827E0,-1.733395386E-1
1.394628333E1,-1.185489761E1,8.665480042E-1,-2.570305023E0
1.395632333E1,-1.288655228E1,1.048419800E0,-4.770579529E0
1.396636433E1,-1.466021393E1,2.736609192E0,-7.314090271E0
1.397640433E1,-1.479972382E1,4.485871582E0,-9.450896759E0
1.398644433E1,-1.421743469E1,4.697531433E0,-1.004261627E1
1.399648533E1,-1.311482758E1,3.704496460E0,-9.425898743E0
1.400652533E1,-1.146211441E1,2.661615143E0,-9.119785309E0
1.401656533E1,-9.690997467E0,1.339714050E0,-8.604706421E0
1.402660533E1,-9.052126007E0,-1.003363495E0,-7.320377197E0
1.403664633E1,-9.636061707E0,-3.222199402E0,-5.702691193E0
1.404668633E1,-1.090841583E1,-4.142635345E0,-4.854405212E0
1.405672633E1,-1.231728607E1,-4.025878143E0,-4.507426758E0
1.406676733E1,-1.290361679E1,-3.418441315E0,-4.497696991E0
1.407680733E1,-1.278760803E1,-2.657274170E0,-4.054917755E0
1.408684733E1,-1.186402863E1,-2.195185089E0,-3.082689514E0
1.409688733E1,-1.075019485E1,-1.562450867E0,-2.109263763E0
1.410692833E1,-9.876312103E0,-3.631448364E-1,-1.393152924E0
1.411696833E1,-8.922345886E0,1.088386688E0,-8.906478882E-1
1.412700833E1,-7.777676239E0,2.375559998E0,-6.424639893E-1
1.413704933E1,-6.527925110E0,3.318149872E0,-3.820056152E-1
1.414708933E1,-5.666167145E0,3.769611053E0,-1.811233521E-1
1.415712933E1,-4.960983582E0,3.623664551E0,-1.305285645E-1
1.416716933E1,-4.324806519E0,3.083737335E0,-1.871109009E-1
1.417721033E1,-3.620670776E0,2.280956726E0,-5.676196289E-1
1.418725033E1,-3.155887299E0,1.365759888E0,-1.024619293E0
1.419729025E1,-2.753074951E0,3.502716064E-1,-1.247505798E0
1.420733125E1,-2.226619720E0,-4.584965515E-1,-1.266216888E0
1.421737125E1,-1.871707764E0,-1.265618134E0,-9.018745422E-1
1.422741125E1,-2.093247070E0,-2.181413727E0,-1.474433899E-1
1.423745125E1,-2.625989227E0,-3.101550293E0,6.273454285E-1
1.424749225E1,-3.262465668E0,-3.778891754E0,1.136885834E0
1.425753225E1,-4.213737488E0,-4.076622620E0,1.375339966E0
1.426757225E1,-5.377866669E0,-4.116290131E0,1.419797516E0
1.427761325E1,-6.587052155E0,-3.999981995E0,1.411414948E0
1.428765325E1,-7.736960907E0,-3.780089264E0,1.338666229E0
1.429769325E1,-8.688831482E0,-3.504811707E0,1.205143890E0
1.430773425E1,-9.406738586E0,-3.078198853E0,1.015637970E0
1.431777425E1,-9.829758911E0,-2.359243927E0,8.111631775E-1
1.432781425E1,-9.929451599E0,-1.423090668E0,5.179229736E-1
1.433785425E1,-1.002884491E1,-6.908134460E-1,2.188449097E-1
1.434789525E1,-1.057311310E1,-2.245330811E-2,1.269360352E-1
1.435793525E1,-1.133053802E1,5.343887329E-1,1.454974365E-1
1.436797525E1,-1.196087723E1,8.000862122E-1,-1.736389160E-2
1.437801625E1,-1.272548721E1,1.108444977E0,-4.532574463E-1
1.438805625E1,-1.400457733E1,1.457968140E0,-7.515870667E-1
1.439809625E1,-1.548619629E1,1.545086975E0,-5.394781494E-1
1.440813625E1,-1.601354965E1,5.051994324E-1,-8.936416626E-2
1.441817725E1,-1.600052673E1,-1.517394562E0,2.942880249E-1
1.442821725E1,-1.665825897E1,-2.838996277E0,9.283694458E-1
1.443825725E1,-1.652294037E1,-3.260819092E0,1.507215729E0
1.444829825E1,-1.468895416E1,-3.394042053E0,8.879534912E-1
1.445833825E1,-1.200039505E1,-2.945275269E0,-1.413360901E0
1.446837825E1,-9.604178009E0,-1.843865662E0,-4.705165558E0
1.447841925E1,-8.068671112E0,-1.583257599E0,-6.689289551E0
1.448845925E1,-7.486082611E0,-2.508333893E0,-6.979535980E0
1.449849925E1,-7.890840912E0,-3.604354706E0,-7.284451904E0
1.450853925E1,-9.790390778E0,-3.367247772E0,-7.863298187E0
1.451858025E1,-1.255648865E1,-2.788551178E0,-7.874225464E0
1.452862025E1,-1.332484085E1,-3.082539825E0,-6.981631622E0
1.453866025E1,-1.368559067E1,-2.862347717E0,-7.349267120E0
1.454870125E1,-1.415800827E1,-1.499880981E0,-8.531059570E0
1.455874125E1,-1.470541992E1,8.150550842E-1,-9.398356018E0
1.456878125E1,-1.539773026E1,2.584974518E0,-9.015601959E0
1.457882225E1,-1.590906693E1,3.303031311E0,-7.355104980E0
1.458886225E1,-1.553259979E1,3.260669403E0,-5.306614838E0
1.459890225E1,-1.426114380E1,2.713557129E0,-3.377725983E0
1.460894225E1,-1.273222321E1,2.015109558E0,-1.707798615E0
1.461898325E1,-1.127425507E1,1.414558411E0,-3.236270142E-1
1.462902325E1,-9.646090851E0,5.051994324E-1,5.788462830E-1
1.463906325E1,-7.842491455E0,-9.816586304E-1,1.180894318E0
1.464910425E1,-6.553671570E0,-2.683170319E0,1.605860596E0
1.465914425E1,-5.829627228E0,-4.211791534E0,1.832639008E0
1.466918425E1,-5.123994598E0,-5.151387634E0,1.795665894E0
1.467922525E1,-4.313579865E0,-5.461842041E0,1.506616974E0
1.468926525E1,-3.435805206E0,-5.299280090E0,9.445358276E-1
1.469930525E1,-2.714455261E0,-4.829706573E0,2.080673218E-1
1.470934525E1,-2.305805054E0,-4.139641571E0,-6.979985046E-1
1.471938625E1,-2.221530304E0,-3.132984924E0,-1.486708374E0
1.472942625E1,-2.100282440E0,-1.781744843E0,-1.937271423E0
1.473946625E1,-2.112706604E0,-3.745211792E-1,-1.984573059E0
1.474950725E1,-2.420167236E0,8.713380432E-1,-1.669029236E0
1.475954725E1,-3.050506439E0,1.961520996E0,-1.057850189E0
1.476958725E1,-3.991000671E0,2.908751221E0,-3.013233948E-1
1.477962825E1,-5.184917908E0,3.736978912E0,3.348536682E-1
1.478966825E1,-6.438560944E0,4.409230957E0,7.258406067E-1
1.479970825E1,-7.253166962E0,4.916975098E0,7.973918152E-1
1.480974825E1,-7.695347443E0,5.168003082E0,6.129753113E-1
1.481978925E1,-8.064030762E0,5.000501404E0,2.146536255E-1
1.482982925E1,-8.413703613E0,4.398453369E0,-2.100132751E-1
1.483986925E1,-8.688681793E0,3.425626373E0,-3.966751099E-1
1.484991025E1,-8.933123474E0,2.295775909E0,-2.890489197E-1
1.485995025E1,-9.273216248E0,1.240620117E0,-1.392105103E-2
1.486999025E1,-9.746831360E0,1.981878662E-1,2.504292297E-1
1.488003125E1,-1.043405228E1,-9.107061768E-1,9.190887451E-2
1.489007125E1,-1.150851791E1,-1.880240021E0,-3.722758484E-1
1.490011125E1,-1.312605423E1,-2.568658447E0,-5.974076843E-1
1.491015125E1,-1.493818588E1,-3.000510406E0,-2.724334717E-1
1.492019225E1,-1.669807617E1,-2.919528809E0,5.087919617E-1
1.493023225E1,-1.770922348E1,-2.122286682E0,1.323996735E0
1.494027225E1,-1.751537659E1,-1.254391479E0,1.794767761E0
1.495031325E1,-1.649913986E1,-5.384303284E-1,1.642534332E0
1.496035325E1,-1.473610611E1,1.666035461E-1,7.508386230E-1
1.497039325E1,-1.301842804E1,5.998027039E-1,-5.391787720E-1
1.498043425E1,-1.207494003E1,3.872447205E-1,-1.855840759E0
1.499047425E1,-1.199785034E1,5.390290833E-1,-3.884122925E0
1.500051425E1,-1.321496933E1,1.833537140E0,-6.285728760E0
1.501055425E1,-1.360670471E1,3.409609680E0,-8.040379944E0
1.502059525E1,-1.304552170E1,3.823948059E0,-8.695118408E0
1.503063525E1,-1.178753769E1,3.217259674E0,-8.444090424E0
1.504067525E1,-1.026191025E1,2.269580383E0,-8.114625549E0
1.505071625E1,-9.326505432E0,1.180894318E0,-7.370971985E0
1.506075625E1,-9.205856323E0,-3.987707520E-1,-6.090684357E0
1.507079625E1,-9.646390228E0,-2.160457306E0,-4.850962372E0
1.508083725E1,-1.049572403E1,-3.290906525E0,-4.338278503E0
1.509087725E1,-1.184426971E1,-3.654799805E0,-4.204756165E0
1.510091725E1,-1.281814453E1,-3.609593811E0,-4.194876709E0
1.511095725E1,-1.295960037E1,-3.313659210E0,-3.937561798E0
1.512099825E1,-1.232551895E1,-2.922223206E0,-3.270848236E0
1.513103825E1,-1.120405106E1,-2.407294006E0,-2.534679108E0
1.514107825E1,-1.033256332E1,-1.409768372E0,-1.821562042E0
1.515111925E1,-9.713899841E0,2.185455322E-2,-1.278191986E0
1.516115925E1,-8.955127716E0,1.438957672E0,-1.003812561E0
1.517119925E1,-8.174800415E0,2.697690125E0,-7.988887024E-1
1.518124025E1,-7.373367004E0,3.498375092E0,-5.981561279E-1
1.519128025E1,-6.580316162E0,3.669469299E0,-5.077441406E-1
1.520131958E1,-5.768404541E0,3.460204468E0,-5.599855042E-1
1.521136058E1,-4.810995483E0,2.959795074E0,-7.596702576E-1
1.522140058E1,-3.991000671E0,2.163301392E0,-1.079405365E0
1.523144058E1,-3.443439331E0,1.305585022E0,-1.355131989E0
1.524148058E1,-2.878963165E0,4.116439819E-1,-1.338366852E0
1.525152158E1,-2.377655640E0,-3.971241760E-1,-1.086590424E0
1.526156158E1,-2.330952759E0,-1.172511749E0,-5.683680725E-1
1.527160158E1,-2.768043823E0,-1.890269165E0,1.649569702E-1
1.528164258E1,-3.491040344E0,-2.468965759E0,8.298742676E-1
1.529168258E1,-4.382436676E0,-2.953358459E0,1.236428833E0
1.530172258E1,-5.425317993E0,-3.401376801E0,1.449136505E0
1.531176358E1,-6.636449432E0,-3.747457123E0,1.409169617E0
1.532180358E1,-7.690108337E0,-3.877386932E0,1.167721710E0
1.533184358E1,-8.420738983E0,-3.832630005E0,9.690847778E-1
1.534188358E1,-8.946745148E0,-3.613934784E0,8.205935669E-1
1.535192458E1,-9.292226715E0,-3.232527924E0,6.831793213E-1
1.536196458E1,-9.447453918E0,-2.678679657E0,5.571414185E-1
1.537200458E1,-9.569300537E0,-2.085912323E0,4.957690430E-1
1.538204558E1,-9.796228638E0,-1.457219696E0,5.712121582E-1
1.539208558E1,-1.013482452E1,-9.072633362E-1,6.930587769E-1
1.540212558E1,-1.068942123E1,-5.676196289E-1,6.149212646E-1
1.541216658E1,-1.153845566E1,-3.971241760E-1,2.333647156E-1
1.542220658E1,-1.263417709E1,-3.022215271E-1,-1.627116394E-1
1.543224658E1,-1.380010254E1,-3.275189209E-1,-4.498146057E-1
1.544228658E1,-1.457788513E1,-7.521858215E-1,-4.233197021E-1
1.545232758E1,-1.530537231E1,-1.256187744E0,1.272354126E-2
1.546236758E1,-1.588227264E1,-1.751507721E0,9.873468018E-1
1.547240758E1,-1.579470474E1,-1.933229828E0,1.711241455E0
1.548244858E1,-1.469314545E1,-1.902693329E0,1.390608215E0
1.549248858E1,-1.273701324E1,-1.735041962E0,-1.842668152E-1
1.550252858E1,-1.065214874E1,-1.328487396E0,-2.473007355E0
1.551256958E1,-9.260941772E0,-1.045875092E0,-4.085603943E0
1.552260958E1,-8.982520752E0,-1.395697632E0,-5.056634674E0
1.553264958E1,-9.399403839E0,-2.269879761E0,-6.462810516E0
1.554269058E1,-1.035337006E1,-2.936443634E0,-7.163204041E0
1.555273058E1,-1.205922272E1,-3.040028229E0,-7.214397583E0
1.556277058E1,-1.287592438E1,-2.731519775E0,-7.078779602E0
1.557281058E1,-1.326586349E1,-2.447560272E0,-6.559659119E0
1.558285158E1,-1.402358780E1,-1.520238647E0,-6.605014801E0
1.559289158E1,-1.432595901E1,-2.944377136E-1,-6.697672119E0
1.560293158E1,-1.449795135E1,9.000782776E-1,-6.235882416E0
1.561297258E1,-1.463656311E1,1.689686279E0,-5.268593903E0
1.562301258E1,-1.452145248E1,2.032473450E0,-3.999233551E0
1.563305258E1,-1.388078476E1,1.996997223E0,-2.871778107E0
1.564309358E1,-1.287876846E1,1.584604797E0,-1.927990723E0
1.565313358E1,-1.156075928E1,8.797206116E-1,-1.137035522E0
1.566317358E1,-1.001851639E1,-1.609153748E-1,-6.176156616E-1
1.567321458E1,-8.538843384E0,-1.254241791E0,-2.272274780E-1
1.568325458E1,-7.331603851E0,-2.293231201E0,1.254391479E-1
1.569329458E1,-6.478228455E0,-3.126847687E0,3.532653809E-1
1.570333458E1,-5.816454620E0,-3.607348480E0,4.641847229E-1
1.571337558E1,-5.033732300E0,-3.734733582E0,4.257147217E-1
1.572341558E1,-4.169429626E0,-3.553310852E0,3.393443298E-1
1.573345558E1,-3.412902832E0,-3.233875122E0,1.543290710E-1
1.574349658E1,-2.820883942E0,-2.809657288E0,-1.347198486E-1
1.575353658E1,-2.418820038E0,-2.298619995E0,-4.140390015E-1
1.576357658E1,-2.111658783E0,-1.546284485E0,-6.686595154E-1
1.577361758E1,-2.106120300E0,-5.465135193E-1,-8.788224792E-1
1.578365758E1,-2.791544952E0,7.375163269E-1,-8.096662903E-1
1.579369758E1,-3.784430237E0,1.873504028E0,-3.402424622E-1
1.580373758E1,-4.931644592E0,2.815046082E0,1.187031555E-1
1.581377858E1,-6.031707001E0,3.571123810E0,5.298980713E-1
1.582381858E1,-7.072193298E0,4.202510834E0,7.957452393E-1
1.583385858E1,-8.140821075E0,4.665348358E0,8.050259399E-1
1.584389958E1,-9.097631378E0,5.013674011E0,6.023474121E-1
1.585393958E1,-9.865983582E0,5.004393311E0,2.838098145E-1
1.586397958E1,-9.924362183E0,4.355343018E0,-3.757186890E-2
1.587402058E1,-9.625733185E0,3.188968506E0,-2.474354553E-1
1.588406058E1,-9.447753296E0,2.016157379E0,-2.285746765E-1
1.589410058E1,-9.406139832E0,1.021176453E0,1.692979431E-1
1.590414158E1,-9.406738586E0,2.680924988E-1,8.101153564E-1
1.591418158E1,-9.350006561E0,-2.917433167E-1,1.194366302E0
1.592422158E1,-9.275461578E0,-8.637039185E-1,1.079854431E0
1.593426158E1,-9.300758972E0,-1.439107361E0,5.310955811E-1
1.594430258E1,-9.884694672E0,-1.953437805E0,6.182144165E-2
1.595434258E1,-1.141256744E1,-2.453847198E0,1.535806274E-1
1.596438258E1,-1.381432297E1,-2.746189270E0,7.776329041E-1
1.597442358E1,-1.585472992E1,-2.329755249E0,1.102906494E0
1.598446358E1,-1.661919022E1,-1.671723633E0,1.108444977E0
1.599450358E1,-1.622984985E1,-1.182690582E0,6.891668701E-1
1.600454458E1,-1.526630356E1,-4.200265503E-1,-6.945556641E-1
1.601458458E1,-1.453687042E1,-2.528242493E-1,-2.428100739E0
1.602462458E1,-1.444436279E1,-7.932005310E-1,-3.901037750E0
1.603466558E1,-1.515568359E1,-7.090754700E-1,-5.532046051E0
1.604470558E1,-1.585143677E1,5.041516113E-1,-7.648345184E0
1.605474558E1,-1.522663605E1,1.789528656E0,-9.137598267E0
1.606478558E1,-1.370011047E1,2.278861084E0,-9.273216248E0
1.607482658E1,-1.135478760E1,2.337838440E0,-8.512198792E0
1.608486658E1,-9.435329132E0,2.445464630E0,-7.541317749E0
1.609490658E1,-7.633076935E0,1.946701813E0,-6.506519623E0
1.610494758E1,-6.565197601E0,3.216810608E-1,-5.333109741E0
1.611498758E1,-7.252268829E0,-1.881287842E0,-3.743714905E0
1.612502758E1,-8.573571167E0,-3.546874237E0,-2.656226349E0
1.613506858E1,-1.026116180E1,-3.929777985E0,-2.776875458E0
1.614510858E1,-1.177526321E1,-2.760709076E0,-3.348536682E0
1.615514858E1,-1.193363388E1,-1.382225647E0,-3.723506927E0
1.616518958E1,-1.161060562E1,-3.323089600E-1,-3.364104309E0
1.617522958E1,-1.112411728E1,1.522334290E-1,-2.722388763E0
1.618526958E1,-1.095152618E1,9.415420532E-1,-2.222578125E0
1.619530971E1,-1.076681030E1,2.193538513E0,-1.971101074E0
1.620535071E1,-1.009650421E1,3.374133453E0,-1.814227295E0
1.621539071E1,-9.072783051E0,4.285288696E0,-1.658101959E0
1.622543071E1,-8.285270691E0,4.679269409E0,-1.214723969E0
1.623547171E1,-7.286397858E0,4.363725586E0,-8.087681580E-1
1.624551171E1,-6.104006653E0,3.297343140E0,-8.336164856E-1
1.625555171E1,-5.114264832E0,1.984573059E0,-7.705975342E-1
1.626559271E1,-4.410727844E0,5.969586182E-1,-8.807684326E-1
1.627563271E1,-3.959416351E0,-7.463479614E-1,-1.014440460E0
1.628567271E1,-3.722459106E0,-1.873054962E0,-7.988887024E-1
1.629571371E1,-3.752097473E0,-2.825973358E0,-2.966830444E-1
1.630575371E1,-3.951632538E0,-3.621718597E0,3.382965088E-1
1.631579371E1,-4.429139557E0,-4.019740906E0,9.681866455E-1
1.632583371E1,-5.022505646E0,-4.200415192E0,1.424437866E0
1.633587471E1,-5.709427185E0,-4.296964417E0,1.605710907E0
1.634591471E1,-6.625222778E0,-4.381388855E0,1.613494720E0
1.635595471E1,-7.543413391E0,-4.371210022E0,1.341660004E0
1.636599571E1,-8.236621857E0,-4.191284180E0,9.259744263E-1
1.637603571E1,-8.622220001E0,-3.879033508E0,4.790039062E-1
1.638607571E1,-8.722960510E0,-3.391946411E0,1.517843628E-1
1.639611671E1,-8.612639923E0,-2.816692657E0,-1.826202393E-2
1.640615671E1,-8.551566925E0,-2.169288940E0,-3.637435913E-2
1.641619671E1,-8.530161438E0,-1.494192810E0,2.514770508E-2
1.642623671E1,-8.559799805E0,-9.283694458E-1,9.879455566E-2
1.643627771E1,-8.722062378E0,-5.140310669E-1,1.969903564E-1
1.644631771E1,-9.040599976E0,-1.276844788E-1,2.415975952E-1
1.645635771E1,-9.292975159E0,1.660047913E-1,1.323248291E-1
1.646639871E1,-9.519603882E0,3.375480652E-1,-2.624043274E-1
1.647643871E1,-9.762249298E0,5.210664368E-1,-9.475296021E-1
1.648647871E1,-1.005548950E1,5.906716919E-1,-1.564097443E0
1.649651971E1,-1.061008621E1,4.421804810E-1,-1.709594879E0
1.650655971E1,-1.153037247E1,-1.511856079E-1,-1.156644745E0
1.651659971E1,-1.319625824E1,-7.017407227E-1,-1.227447510E-1
1.652664071E1,-1.494312561E1,-1.139580231E0,6.858737183E-1
1.653668071E1,-1.558020081E1,-1.501976624E0,1.164278870E0
1.654672071E1,-1.523022858E1,-1.716330872E0,1.021625519E0
1.655676171E1,-1.417013306E1,-1.997895355E0,2.130070496E-1
1.656680171E1,-1.293056076E1,-2.021995239E0,-9.256750488E-1
1.657684171E1,-1.214499435E1,-1.811383209E0,-2.297871552E0
1.658688171E1,-1.214200058E1,-1.742676086E0,-3.015928345E0
1.659692271E1,-1.232492020E1,-1.680255890E0,-3.436403961E0
1.660696271E1,-1.237012619E1,-2.228415985E0,-4.546794891E0
1.661700271E1,-1.259989838E1,-2.969375153E0,-6.028713226E0
1.662704371E1,-1.291963348E1,-2.667902069E0,-6.720424805E0
1.663708371E1,-1.240006393E1,-1.603465576E0,-6.632258148E0
1.664712371E1,-1.119057907E1,-6.414161682E-1,-6.341562653E0
1.665716471E1,-9.810598755E0,3.529660034E-1,-6.374045105E0
1.666720471E1,-8.788075104E0,1.136885834E0,-5.981710968E0
1.667724471E1,-8.954379272E0,1.835483093E0,-5.464386749E0
1.668728571E1,-9.903256073E0,2.285148010E0,-4.836442566E0
1.669732571E1,-1.085961731E1,1.830842743E0,-3.988605652E0
1.670736571E1,-1.200473602E1,1.301094360E0,-3.051554260E0
1.671740571E1,-1.271785309E1,8.291258240E-1,-2.291434937E0
1.672744671E1,-1.291589127E1,4.267625427E-1,-1.805096283E0
1.673748671E1,-1.259944931E1,-1.130149841E-1,-1.584904175E0
1.674752671E1,-1.180340469E1,-8.942404175E-1,-1.512005768E0
1.675756771E1,-1.073208252E1,-1.700763245E0,-1.454824677E0
1.676760771E1,-9.772128754E0,-2.513273621E0,-1.384470978E0
1.677764771E1,-9.218130798E0,-3.238814850E0,-1.309925995E0
1.678768871E1,-8.597820740E0,-3.547023926E0,-1.329834595E0
1.679772871E1,-7.962691498E0,-3.593577118E0,-1.313368835E0
1.680776871E1,-7.295828247E0,-3.443289642E0,-1.159488831E0
1.681780971E1,-6.529721375E0,-3.006348267E0,-9.889933777E-1
1.682784971E1,-5.818699951E0,-2.329156494E0,-9.681866455E-1
1.683788971E1,-5.317691803E0,-1.602866821E0,-9.502239990E-1
1.684793071E1,-4.936734009E0,-8.060737610E-1,-9.616003418E-1
1.685797071E1,-4.584965515E0,-7.484436035E-4,-8.428971863E-1
1.686801071E1,-4.596042480E0,7.469467163E-1,-6.607260132E-1
1.687805071E1,-4.740342407E0,1.442250824E0,-5.023553467E-1
1.688809171E1,-5.181026001E0,1.955832825E0,-3.444337463E-1
1.689813171E1,-5.918692017E0,2.284549255E0,-2.183958435E-1
1.690817171E1,-6.771917725E0,2.482288055E0,-2.653981018E-1
1.691821271E1,-7.520960083E0,2.585872650E0,-5.213658142E-1
1.692825271E1,-8.071964264E0,2.529739380E0,-8.512797546E-1
1.693829271E1,-8.463999023E0,2.277813263E0,-1.148262177E0
1.694833371E1,-8.794960785E0,1.887874146E0,-1.376238098E0
1.695837371E1,-8.942553864E0,1.367556152E0,-1.498533783E0
1.696841371E1,-8.852740631E0,8.041278076E-1,-1.500479736E0
1.697845471E1,-8.616980896E0,2.350112915E-1,-1.326990509E0
1.698849471E1,-8.372838593E0,-3.234773254E-1,-1.020877075E0
1.699853471E1,-8.319848785E0,-9.509724426E-1,-6.623725891E-1
1.700857571E1,-8.391849060E0,-1.523831177E0,-2.983296204E-1
1.701861571E1,-8.457712097E0,-2.059267731E0,6.286926270E-3
1.702865571E1,-8.623417511E0,-2.532284088E0,6.810836792E-2
1.703869571E1,-8.878636780E0,-2.773432617E0,7.529342651E-2
1.704873671E1,-9.126670990E0,-2.855312347E0,-1.692979431E-1
1.705877671E1,-9.416767731E0,-2.680625610E0,-5.908213806E-1
1.706881671E1,-1.006566833E1,-2.222727814E0,-7.455995178E-1
1.707885771E1,-1.081950073E1,-1.824855194E0,-5.556445312E-1
1.708889771E1,-1.153261780E1,-1.546434174E0,-3.996688843E-1
1.709893771E1,-1.217403397E1,-1.344504089E0,-3.960763550E-1
1.710897871E1,-1.272458908E1,-1.118174744E0,-6.599775696E-1
1.711901871E1,-1.310210403E1,-7.550299072E-1,-9.632469177E-1
1.712905871E1,-1.315180069E1,-3.396437073E-1,-1.112037506E0
1.713909971E1,-1.287802002E1,9.430389404E-2,-1.049617310E0
1.714913971E1,-1.243643829E1,4.508624268E-1,-7.851173401E-1
1.715917971E1,-1.192704758E1,6.794371033E-1,-2.682421875E-1
1.716922071E1,-1.149489624E1,8.283773804E-1,3.363505554E-1
1.717926071E1,-1.104927292E1,9.544152832E-1,9.226812744E-1
1.718930071E1,-1.059945831E1,1.130898285E0,1.349743195E0
1.719934121E1,-1.006042923E1,1.328487396E0,1.471440125E0
1.720938221E1,-9.302704926E0,1.524878998E0,1.083596649E0
1.721942221E1,-8.438102875E0,1.552421722E0,-1.173559570E-1
1.722946221E1,-7.735763397E0,1.173559570E0,-1.916614380E0
1.723950321E1,-7.605384521E0,5.478607178E-1,-3.228336639E0
1.724954321E1,-8.228239288E0,-2.023791504E-1,-3.539389801E0
1.725958321E1,-9.056466980E0,-8.158035278E-1,-3.795058136E0
1.726962421E1,-9.795480194E0,-8.900491333E-1,-4.700225830E0
1.727966421E1,-1.028211823E1,-1.392105103E-1,-6.289171600E0
1.728970421E1,-1.063238983E1,-7.185058594E-1,-6.821315002E0
1.729974521E1,-1.156105865E1,-3.125201111E0,-6.102360077E0
1.730978521E1,-1.337693253E1,-5.354066162E0,-5.517975311E0
1.731982521E1,-1.485929993E1,-6.768325195E0,-5.741759949E0
1.732986621E1,-1.578452591E1,-7.772437134E0,-7.233408051E0
1.733990621E1,-1.692769867E1,-8.099956055E0,-8.566236420E0
1.734994621E1,-1.745580048E1,-6.941215668E0,-7.891888733E0
1.735998621E1,-1.541823761E1,-6.030808868E0,-6.515500946E0
1.737002721E1,-1.297980835E1,-4.760550385E0,-4.916675720E0
1.738006721E1,-1.050036438E1,-3.052302704E0,-3.433559875E0
1.739010721E1,-8.746611328E0,-1.209335175E0,-2.668051758E0
1.740014821E1,-8.069120178E0,7.592211914E-1,-2.122136993E0
1.741018821E1,-7.873626709E0,2.305355988E0,-1.549577637E0
1.742022821E1,-7.562274170E0,3.213667145E0,-1.163680115E0
1.743026921E1,-7.173831940E0,3.526815948E0,-1.019829254E0
1.744030921E1,-6.896758118E0,3.363355865E0,-9.927355957E-1
1.745034921E1,-6.562353516E0,2.955454102E0,-9.406439209E-1
1.746039021E1,-6.381978607E0,2.267484741E0,-9.136999512E-1
1.747043021E1,-6.169869690E0,1.381177826E0,-8.698411560E-1
1.748047021E1,-6.008205872E0,5.203179932E-1,-8.156538391E-1
1.749051121E1,-5.895190887E0,-3.832031250E-1,-7.743397522E-1
1.750055121E1,-5.821244659E0,-1.232087860E0,-7.426057434E-1
1.751059121E1,-5.875431976E0,-2.099384308E0,-7.583230591E-1
1.752063221E1,-6.113137665E0,-2.797831879E0,-8.520281982E-1
1.753067221E1,-6.493496704E0,-3.195105743E0,-1.123264160E0
1.754071221E1,-7.114405518E0,-3.531755676E0,-1.413360901E0
1.755075321E1,-7.985144806E0,-3.728746033E0,-1.547931061E0
1.756079321E1,-8.926387482E0,-3.742667084E0,-1.690135345E0
1.757083321E1,-9.565558319E0,-3.450774078E0,-1.925146637E0
1.758087321E1,-9.891280975E0,-3.021167450E0,-2.125879211E0
1.759091421E1,-9.940528564E0,-2.578687592E0,-2.145787811E0
1.760095421E1,-1.002914429E1,-2.129022675E0,-2.043101349E0
1.761099421E1,-1.024394760E1,-1.630259857E0,-1.910776520E0
1.762103521E1,-1.050904633E1,-1.120120697E0,-1.815275116E0
1.763107521E1,-1.082009949E1,-5.734574890E-1,-1.755100250E0
1.764111521E1,-1.100167191E1,3.502716064E-2,-1.619931335E0
1.765115621E1,-1.092667786E1,5.840853882E-1,-1.381028137E0
1.766119621E1,-1.058074722E1,1.032552795E0,-1.240470428E0
1.767123621E1,-1.000504440E1,1.382525024E0,-1.156944122E0
1.768127721E1,-9.267827454E0,1.505718842E0,-1.027463379E0
1.769131721E1,-8.534801788E0,1.525028687E0,-8.824150085E-1
1.770135721E1,-7.885901184E0,1.498384094E0,-7.463479614E-1
1.771139821E1,-7.564070435E0,1.360670471E0,-6.228547668E-1
1.772143821E1,-7.541317749E0,1.103505249E0,-4.721182251E-1
1.773147821E1,-7.671846313E0,7.822732544E-1,-3.071612549E-1
1.774151921E1,-7.953111420E0,4.966671753E-1,-2.076182556E-1
1.775155921E1,-8.304879913E0,4.041595459E-1,-3.745211792E-1
1.776159921E1,-8.891809387E0,4.909790039E-1,-7.583230591E-1
1.777164021E1,-9.573491821E0,5.511538696E-1,-1.180145874E0
1.778168021E1,-1.024514511E1,5.556445312E-1,-1.475182343E0
1.779172021E1,-1.088386688E1,4.276606750E-1,-1.546284485E0
1.780176021E1,-1.142080032E1,1.116677856E-1,-1.450932770E0
1.781180121E1,-1.183453995E1,-3.670367432E-1,-1.250649261E0
1.782184121E1,-1.193543015E1,-8.657995605E-1,-8.997789001E-1
1.783188121E1,-1.192360474E1,-1.389710083E0,-5.580395508E-1
1.784192221E1,-1.196192505E1,-1.923799438E0,-2.338137817E-1
1.785196221E1,-1.197434921E1,-2.545606384E0,1.353186035E-1
1.786200221E1,-1.196387100E1,-3.227887573E0,5.141807556E-1
1.787204321E1,-1.202913528E1,-3.949536896E0,8.466394043E-1
1.788208321E1,-1.205877365E1,-4.558769989E0,9.569599915E-1
1.789212321E1,-1.182316360E1,-5.100194092E0,6.746470642E-1
1.790216421E1,-1.136810989E1,-5.497917023E0,-1.622625732E-1
1.791220421E1,-1.078731766E1,-5.678441620E0,-1.462608490E0
1.792224421E1,-1.019649628E1,-5.513784027E0,-2.736160126E0
1.793228521E1,-9.636510773E0,-4.996010742E0,-3.578009491E0
1.794232521E1,-8.991352386E0,-4.290527802E0,-3.968247986E0
1.795236521E1,-8.271349640E0,-3.472478943E0,-4.330045624E0
1.796240621E1,-7.597451019E0,-2.667902069E0,-4.884342957E0
1.797244621E1,-7.067253571E0,-1.930834808E0,-5.144352264E0
1.798248621E1,-6.734196167E0,-1.058748322E0,-5.074297943E0
1.799252721E1,-6.797514496E0,8.771759033E-2,-4.814288635E0
1.800256721E1,-7.373965759E0,1.264270935E0,-4.355792084E0
1.801260721E1,-8.275989990E0,2.268682251E0,-3.804039459E0
1.802264821E1,-9.434580688E0,2.816093903E0,-3.410807190E0
1.803268821E1,-1.017763550E1,2.962040405E0,-3.152893524E0
1.804272821E1,-1.063927551E1,2.617756348E0,-2.885250092E0
1.805276821E1,-1.113279922E1,1.913620605E0,-2.745440826E0
1.806280921E1,-1.154968231E1,9.701325989E-1,-2.636467438E0
1.807284921E1,-1.160910873E1,-1.945953369E-2,-2.484234009E0
1.808288921E1,-1.143038040E1,-1.049168243E0,-2.370171204E0
1.809293021E1,-1.109911926E1,-1.958527222E0,-2.352507935E0
1.810297021E1,-1.059047699E1,-2.697540436E0,-2.345173187E0
1.811301021E1,-9.966873779E0,-3.190315704E0,-2.343227234E0
1.812305121E1,-9.396709442E0,-3.449875946E0,-2.262994080E0
1.813309121E1,-8.540789337E0,-3.477268982E0,-2.129920807E0
1.814313121E1,-7.538773041E0,-3.257975006E0,-2.065105591E0
1.815317221E1,-6.665788422E0,-2.918031921E0,-1.967508545E0
1.816321221E1,-6.232738953E0,-2.548300781E0,-1.703158264E0
1.817325221E1,-6.156397705E0,-1.994153137E0,-1.490300903E0
1.818329321E1,-6.582112427E0,-1.071920929E0,-1.279389496E0
1.819333321E1,-7.512427826E0,4.522096252E-1,-1.009949799E0
1.820337321E1,-8.015980682E0,1.600621490E0,-8.842112732E-1
1.821341421E1,-8.437055054E0,2.340383148E0,-1.014290771E0
1.822345421E1,-8.959468689E0,2.952310638E0,-1.097068634E0
1.823349421E1,-9.304501190E0,3.374582520E0,-1.109492798E0
1.824353521E1,-9.285939789E0,3.570525055E0,-1.142124939E0
1.825357521E1,-8.957971802E0,3.474125519E0,-1.144070892E0
1.826361521E1,-8.505612488E0,3.175945587E0,-1.018631744E0
1.827365621E1,-8.081544342E0,2.811453552E0,-8.400531006E-1
1.828369621E1,-7.764204254E0,2.457589417E0,-6.493496704E-1
1.829373621E1,-7.569908295E0,2.125280457E0,-3.836521912E-1
1.830377721E1,-7.560627594E0,1.781894531E0,-7.259902954E-2
1.831381721E1,-7.666158142E0,1.515448608E0,1.109193420E-1
1.832385721E1,-7.642657013E0,1.252894592E0,-1.898052979E-1
1.833389821E1,-7.866591339E0,9.093589783E-1,-3.579057312E-1
1.834393821E1,-8.784931641E0,5.436694336E-1,-4.122427368E-1
1.835397821E1,-1.020338196E1,3.902384949E-1,-5.423222351E-1
1.836401821E1,-1.116468292E1,9.071136475E-2,-5.547463989E-1
1.837405921E1,-1.164892593E1,-5.962101746E-1,-6.080355835E-1
1.838409921E1,-1.226609253E1,-1.250948639E0,-7.917036438E-1
1.839413921E1,-1.316826645E1,-1.614243164E0,-8.292755127E-1
1.840418021E1,-1.428150146E1,-1.519939270E0,-6.198609924E-1
1.841422021E1,-1.497246460E1,-1.257534943E0,-4.146377563E-1
1.842426021E1,-1.500389923E1,-1.019529877E0,-2.598596191E-1
1.843430121E1,-1.446307388E1,-1.019978943E0,-1.841171265E-2
1.844434121E1,-1.338875793E1,-9.183403015E-1,-1.924996948E-1
1.845438121E1,-1.237925720E1,-5.107379150E-1,-1.275347900E0
1.846442221E1,-1.189935516E1,-3.915856934E-1,-2.404749298E0
1.847446221E1,-1.198527649E1,-4.692741394E-1,-3.666475525E0
1.848450221E1,-1.269375320E1,1.453477478E-1,-5.547164612E0
1.849454321E1,-1.375250153E1,1.591191101E0,-6.995702362E0
1.850458321E1,-1.369038071E1,2.620301056E0,-7.512876892E0
1.851462321E1,-1.233914062E1,2.947520599E0,-7.291786652E0
1.852466421E1,-1.023331970E1,2.943928070E0,-6.625971222E0
1.853470421E1,-8.047714691E0,2.773881683E0,-6.057303772E0
1.854474421E1,-6.396498413E0,2.060315552E0,-5.685327301E0
1.855478521E1,-5.920338593E0,8.901988220E-1,-5.201982422E0
1.856482521E1,-6.603966980E0,-4.569996643E-1,-4.403991852E0
1.857486521E1,-8.058941345E0,-1.245559845E0,-3.589535522E0
1.858490621E1,-9.615105286E0,-1.221609650E0,-3.302881622E0
1.859494621E1,-1.061712158E1,-9.855505371E-1,-3.463198242E0
1.860498621E1,-1.133936966E1,-8.072712708E-1,-3.465144196E0
1.861502721E1,-1.184516785E1,-6.658154297E-1,-3.088377686E0
1.862506721E1,-1.170251450E1,-4.303550720E-1,-2.781066742E0
1.863510721E1,-1.103849533E1,-1.047821045E-2,-2.608775024E0
1.864514821E1,-1.028092072E1,5.019062805E-1,-2.489473114E0
1.865518821E1,-9.550739136E0,9.714797974E-1,-2.377356262E0
1.866522821E1,-8.769813080E0,1.400188293E0,-2.223176880E0
1.867526921E1,-7.986492004E0,1.731898499E0,-1.990859985E0
1.868530921E1,-7.045848083E0,1.707648926E0,-1.666933594E0
1.869534921E1,-6.218668213E0,1.387015686E0,-1.265318756E0
1.870539021E1,-5.486540680E0,8.244854736E-1,-1.016386414E0
1.871543021E1,-4.948559418E0,1.715432739E-1,-9.286688232E-1
1.872547021E1,-4.682712250E0,-3.764671326E-1,-8.695417786E-1
1.873551121E1,-4.634063416E0,-8.900491333E-1,-8.843609619E-1
1.874555121E1,-4.722080383E0,-1.421893158E0,-8.074209595E-1
1.875559121E1,-5.076393585E0,-1.894610138E0,-6.366261292E-1
1.876563221E1,-5.676196289E0,-2.186203766E0,-5.433700562E-1
1.877567221E1,-6.479126587E0,-2.226769409E0,-5.301974487E-1
1.878571221E1,-7.367978210E0,-2.089504852E0,-5.393284607E-1
1.879575221E1,-8.055348816E0,-1.809586945E0,-5.068460083E-1
1.880579321E1,-8.480015717E0,-1.554816742E0,-4.760101318E-1
1.881583321E1,-8.775351563E0,-1.386865997E0,-4.716691589E-1
1.882587321E1,-8.885372772E0,-1.285526733E0,-5.667214966E-1
1.883591421E1,-8.925788727E0,-1.170715485E0,-6.310876465E-1
1.884595421E1,-8.885672150E0,-9.771679688E-1,-6.364764404E-1
1.885599421E1,-8.688981171E0,-8.397537231E-1,-5.554948425E-1
1.886603521E1,-8.582402802E0,-6.649172974E-1,-3.659889221E-1
1.887607521E1,-8.592282257E0,-4.532574463E-1,-2.189945984E-1
1.888611521E1,-8.659043427E0,-3.647914124E-1,-2.213896179E-1
1.889615621E1,-8.911568298E0,-3.326083374E-1,-4.480183411E-1
1.890619621E1,-9.437125397E0,-4.689747620E-1,-6.857240295E-1
1.891623621E1,-1.026400589E1,-6.033952332E-1,-8.660989380E-1
1.892627721E1,-1.143217667E1,-6.101312256E-1,-8.631051636E-1
1.893631721E1,-1.282473083E1,-5.586383057E-1,-6.077362061E-1
1.894635721E1,-1.386506744E1,-8.434959412E-1,-1.950444031E-1
1.895639821E1,-1.462428864E1,-1.787582703E0,9.175918579E-2
1.896643821E1,-1.541030411E1,-2.663710785E0,3.579057312E-1
1.897647821E1,-1.574410995E1,-3.063679047E0,7.472460938E-1
1.898651921E1,-1.512260239E1,-2.959495697E0,8.205935669E-1
1.899655921E1,-1.379306717E1,-2.816093903E0,6.831793213E-1
1.900659921E1,-1.219364319E1,-2.788401489E0,3.610491943E-1
1.901664021E1,-1.051937485E1,-2.594704285E0,-4.222718811E-1
1.902668021E1,-9.224866791E0,-1.957479401E0,-1.664239197E0
1.903672021E1,-8.292904816E0,-1.450184326E0,-2.895129547E0
1.904676121E1,-7.545509033E0,-1.444645844E0,-3.668421478E0
1.905680121E1,-7.130272522E0,-1.965861969E0,-4.235142975E0
1.906684121E1,-7.100933533E0,-2.397564240E0,-4.871469727E0
1.907688221E1,-7.328011322E0,-2.093247070E0,-5.537135468E0
1.908692221E1,-8.248297577E0,-1.482666779E0,-6.084547119E0
1.909696221E1,-1.035681290E1,-9.571096802E-1,-6.322552185E0
1.910700321E1,-1.219618790E1,2.574645996E-1,-6.809339905E0
1.911704321E1,-1.331376389E1,1.594633942E0,-7.114106140E0
1.912708321E1,-1.431458267E1,2.583627319E0,-7.160509644E0
1.913712421E1,-1.532213745E1,3.015479279E0,-7.085066528E0
1.914716421E1,-1.625829071E1,3.170257416E0,-6.897356873E0
1.915720421E1,-1.635977966E1,2.874921570E0,-6.221961365E0
1.916724521E1,-1.564995575E1,2.160157928E0,-4.894671478E0
1.917728521E1,-1.415995422E1,1.566342773E0,-3.407514038E0
1.918732521E1,-1.203587128E1,1.003064117E0,-1.967957611E0
1.919736571E1,-9.768536224E0,-2.200424194E-2,-8.798703003E-1
1.920740571E1,-7.703430634E0,-1.411564636E0,-8.681945801E-2
1.921744571E1,-6.340814209E0,-2.821782074E0,4.454736328E-1
1.922748671E1,-5.523663483E0,-3.842210083E0,8.006849670E-1
1.923752671E1,-4.829556885E0,-4.388274536E0,1.012943573E0
1.924756671E1,-4.343667297E0,-4.474794617E0,9.241781616E-1
1.925760771E1,-4.046385498E0,-4.130660248E0,5.674699402E-1
1.926764771E1,-3.638184357E0,-3.401676178E0,-2.844085693E-3
1.927768771E1,-3.207080841E0,-2.585872650E0,-3.818559265E-1
1.928772771E1,-3.393892365E0,-1.845212860E0,-6.481521606E-1
1.929776871E1,-3.786974945E0,-8.286767578E-1,-9.345066833E-1
1.930780871E1,-4.117787018E0,4.102967834E-1,-1.185983734E0
1.931784871E1,-4.431384888E0,1.370400238E0,-1.253792725E0
1.932788971E1,-5.089865570E0,2.096989288E0,-1.190923462E0
1.933792971E1,-6.162834320E0,2.666704559E0,-1.075064392E0
1.934796971E1,-7.361242218E0,3.143463135E0,-8.693920898E-1
1.935801071E1,-8.445287933E0,3.535946960E0,-8.198451233E-1
1.936805071E1,-9.308991852E0,3.795058136E0,-9.416917419E-1
1.937809071E1,-9.896370392E0,3.785178680E0,-1.145867157E0
1.938813171E1,-1.017419266E1,3.458857269E0,-1.447340240E0
1.939817171E1,-1.001552261E1,2.829116821E0,-1.561702423E0
1.940821171E1,-9.565258942E0,2.151475983E0,-1.414259033E0
1.941825271E1,-8.868607635E0,1.633553009E0,-1.232387238E0
1.942829271E1,-8.137677612E0,1.082848206E0,-9.234297180E-1
1.943833271E1,-7.743397522E0,3.688330078E-1,-4.430786133E-1
1.944837371E1,-7.762557678E0,-3.290158081E-1,9.834548950E-2
1.945841371E1,-8.069269867E0,-8.753796387E-1,5.828878784E-1
1.946845371E1,-8.576265564E0,-1.277144165E0,9.394464111E-1
1.947849471E1,-9.407187653E0,-1.508113861E0,1.002315674E0
1.948853471E1,-1.042986099E1,-1.600471802E0,9.484277344E-1
1.949857471E1,-1.158560760E1,-1.560205536E0,7.473957825E-1
1.950861571E1,-1.288445663E1,-1.286574554E0,4.215234375E-1
1.951865571E1,-1.411235321E1,-7.806266785E-1,2.164498901E-1
1.952869571E1,-1.492022324E1,-4.076023865E-1,1.776805115E-1
1.953873671E1,-1.526720169E1,-3.035687256E-1,3.876937866E-2
1.954877671E1,-1.503862701E1,-4.869374084E-1,-2.387535095E-1
1.955881671E1,-1.436787186E1,-7.699987793E-1,-7.306306458E-1
1.956885771E1,-1.377300888E1,-9.472302246E-1,-1.987866211E0
1.957889771E1,-1.358544891E1,-9.219328308E-1,-3.087030487E0
1.958893771E1,-1.395473099E1,-4.330494690E-1,-4.130061493E0
1.959897771E1,-1.495884293E1,1.175954590E0,-6.023324432E0
1.960901871E1,-1.523007889E1,3.216511230E0,-7.935298462E0
1.961905871E1,-1.437835007E1,4.467010803E0,-9.128916321E0
1.962909871E1,-1.286050644E1,4.626728668E0,-8.720266113E0
1.963913971E1,-1.078926361E1,4.173620911E0,-7.804769897E0
1.964917971E1,-8.655151520E0,3.593427429E0,-7.163802795E0
1.965921971E1,-6.957082672E0,2.238744507E0,-6.452631683E0
1.966926071E1,-6.442153473E0,1.833686829E-1,-5.222040710E0
1.967930071E1,-6.839427338E0,-1.632954254E0,-3.877835999E0
1.968934071E1,-7.829169159E0,-2.489772491E0,-3.088677063E0
1.969938171E1,-9.299711151E0,-2.379002838E0,-2.711311798E0
1.970942171E1,-1.027583130E1,-1.827399902E0,-2.582878876E0
1.971946171E1,-1.079570023E1,-1.097368011E0,-2.498155060E0
1.972950271E1,-1.101035385E1,-4.400848389E-1,-2.431543579E0
1.973954271E1,-1.109103607E1,9.250762939E-2,-2.331252136E0
1.974958271E1,-1.113728989E1,9.491761780E-1,-2.268981628E0
1.975962371E1,-1.081725540E1,2.034269714E0,-2.245630188E0
1.976966371E1,-1.006252487E1,2.941832428E0,-2.286644897E0
1.977970371E1,-9.134754181E0,3.428171082E0,-2.404749298E0
1.978974371E1,-8.135132904E0,3.404819641E0,-2.517764282E0
1.979978471E1,-7.073989563E0,2.913840637E0,-2.624192963E0
1.980982471E1,-6.191574554E0,2.074236603E0,-2.837649078E0
1.981986471E1,-5.578150177E0,9.616003418E-1,-2.916984100E0
1.982990571E1,-5.098397827E0,-1.492396545E-1,-2.719993744E0
1.983994571E1,-4.937332764E0,-1.239871674E0,-2.261197815E0
1.984998571E1,-5.117707672E0,-2.297721863E0,-1.512604523E0
1.986002671E1,-5.476661224E0,-3.074157257E0,-6.616241455E-1
1.987006671E1,-5.977819061E0,-3.409459991E0,-1.207987976E-1
1.988010671E1,-6.308032379E0,-3.441792755E0,-7.229965210E-2
1.989014771E1,-6.430777130E0,-3.313359833E0,-3.076103210E-1
1.990018771E1,-6.675667877E0,-3.059487762E0,-5.914201355E-1
1.991022771E1,-6.951244812E0,-2.658621368E0,-7.415579224E-1
1.992026871E1,-7.100484467E0,-2.236050110E0,-7.306306458E-1
1.993030871E1,-7.214846649E0,-1.921105042E0,-6.713539124E-1
1.994034871E1,-7.364086304E0,-1.696422272E0,-5.659730530E-1
1.995038971E1,-7.619305573E0,-1.563348999E0,-4.466711426E-1
1.996042971E1,-7.848778381E0,-1.419348450E0,-3.634442139E-1
1.997046971E1,-8.088280334E0,-1.334325256E0,-2.465373230E-1
1.998050971E1,-8.320896606E0,-1.478026428E0,-9.819580078E-2
1.999055071E1,-8.721912689E0,-1.627715149E0,7.858657837E-2
2.000059071E1,-9.123228149E0,-1.682650909E0,1.175056458E-1
2.001063071E1,-9.394314423E0,-1.905238037E0,-1.222956848E-1
2.002067171E1,-9.715696106E0,-2.170486450E0,-6.227050781E-1
2.003071171E1,-1.005698639E1,-2.229613495E0,-1.385967865E0
2.004075171E1,-1.046189438E1,-2.010020142E0,-2.134710846E0
2.005079271E1,-1.109417953E1,-1.723216553E0,-2.502945099E0
2.006083271E1,-1.182166672E1,-1.850451965E0,-2.436483307E0
2.007087271E1,-1.268552032E1,-2.370171204E0,-2.028132477E0
2.008091371E1,-1.385219421E1,-2.896925812E0,-1.392404480E0
2.009095371E1,-1.499327133E1,-3.096909943E0,-7.958949280E-1
2.010099371E1,-1.541823761E1,-2.936293945E0,-3.475772095E-1
2.011103471E1,-1.499985764E1,-2.666704559E0,8.128097534E-2
2.012107471E1,-1.413585434E1,-2.509681091E0,2.833607483E-1
2.013111471E1,-1.291469376E1,-2.255958710E0,-4.300556946E-1
2.014115471E1,-1.146136597E1,-1.873953094E0,-2.145189056E0
2.015119571E1,-1.021191422E1,-1.583407288E0,-3.696263580E0
2.016123571E1,-9.100924530E0,-1.422791290E0,-4.670288086E0
2.017127571E1,-8.456963654E0,-1.765877838E0,-5.465883636E0
2.018131671E1,-8.642278290E0,-1.980830841E0,-5.982459412E0
2.019135671E1,-9.771679688E0,-9.804611206E-1,-5.844596100E0
2.020139750E1,-1.089239914E1,4.212240601E-1,-5.266797638E0
2.021143850E1,-1.099029556E1,1.479074249E0,-4.645439758E0
2.022147850E1,-1.108235413E1,2.532284088E0,-4.355043640E0
2.023151850E1,-1.157483002E1,3.558400269E0,-4.199517059E0
2.024155950E1,-1.229004272E1,4.410578156E0,-3.960015106E0
2.025159950E1,-1.290077271E1,4.449197845E0,-3.780388641E0
2.026163950E1,-1.329400497E1,3.850592651E0,-3.555855560E0
2.027167950E1,-1.325373871E1,3.075654144E0,-3.209775238E0
2.028172050E1,-1.254705826E1,2.243684235E0,-2.901416473E0
2.029176050E1,-1.165715881E1,1.314865723E0,-2.386636963E0
2.030180050E1,-1.056038956E1,1.821711731E-1,-1.723964996E0
2.031184150E1,-9.283694458E0,-9.569599915E-1,-1.240320740E0
2.032188150E1,-7.995772705E0,-1.935924225E0,-1.006357269E0
2.033192150E1,-6.903943176E0,-2.608775024E0,-9.592053223E-1
2.034196250E1,-6.227948914E0,-3.000061340E0,-1.073417816E0
2.035200250E1,-5.761967926E0,-3.201542358E0,-1.190025330E0
2.036204250E1,-5.415737915E0,-3.223247223E0,-1.283730469E0
2.037208350E1,-5.302872620E0,-3.097209320E0,-1.274599457E0
2.038212350E1,-5.345982971E0,-2.808609467E0,-1.341809692E0
2.039216350E1,-5.265899506E0,-2.315235443E0,-1.560205536E0
2.040220350E1,-5.399721222E0,-1.582509155E0,-1.772613831E0
2.041224450E1,-5.868097229E0,-5.852828979E-1,-1.801653442E0
2.042228450E1,-6.421496429E0,7.429051208E-1,-1.728156281E0
2.043232450E1,-6.407725067E0,1.701811066E0,-1.562450867E0
2.044236550E1,-6.282285919E0,2.225422211E0,-1.328637085E0
2.045240550E1,-6.564598846E0,2.546205139E0,-1.112187195E0
2.046244550E1,-7.032974854E0,2.635269928E0,-8.622070313E-1
2.047248650E1,-7.608827362E0,2.395318909E0,-6.315367126E-1
2.048252650E1,-8.149652710E0,1.900148621E0,-5.602848816E-1
2.049256650E1,-8.654253387E0,1.109343109E0,-6.486012268E-1
2.050260650E1,-8.982969818E0,2.177970886E-1,-8.258326721E-1
2.051264750E1,-8.998387756E0,-5.281018066E-1,-1.109941864E0
2.052268750E1,-8.703800354E0,-1.106499023E0,-1.374441833E0
2.053272750E1,-8.166717224E0,-1.139580231E0,-1.548230438E0
2.054276850E1,-7.934400330E0,-8.602610779E-1,-1.539847870E0
2.055280850E1,-7.895780640E0,-5.849835205E-1,-1.195563812E0
2.056284850E1,-7.878566437E0,-3.510200500E-1,-5.589376831E-1
2.057288950E1,-7.734865265E0,-2.417472839E-1,-9.879455566E-3
2.058292950E1,-7.630831604E0,-2.538720703E-1,4.378395081E-1
2.059296950E1,-7.701484680E0,-3.177891541E-1,7.375163269E-1
2.060300950E1,-8.020022278E0,-4.339476013E-1,8.280780029E-1
2.061305050E1,-8.846304016E0,-7.021897888E-1,8.184979248E-1
2.062309050E1,-1.031998947E1,-1.241667938E0,8.657995605E-1
2.063313050E1,-1.222807159E1,-1.893562317E0,7.375163269E-1
2.064317150E1,-1.400397858E1,-2.568957825E0,4.900808716E-1
2.065321150E1,-1.532827469E1,-3.375480652E0,1.646575928E-2
2.066325150E1,-1.585517899E1,-3.847898254E0,-3.908372498E-1
2.067329250E1,-1.552152283E1,-4.124073944E0,-7.923023987E-1
2.068333250E1,-1.395562912E1,-3.991749115E0,-1.856439514E0
2.069337250E1,-1.267339554E1,-3.265908508E0,-4.117936707E0
2.070341250E1,-1.317994217E1,-1.783990173E0,-6.015839996E0
2.071345350E1,-1.482008148E1,6.945556641E-1,-6.914122009E0
2.072349350E1,-1.525896881E1,3.709436188E0,-7.920928345E0
2.073353350E1,-1.410397064E1,5.740712128E0,-9.067843323E0
2.074357450E1,-1.231025070E1,6.659351807E0,-9.168733521E0
2.075361450E1,-9.836644592E0,7.028933258E0,-8.354726257E0
2.076365450E1,-7.431296539E0,6.789580994E0,-7.244485016E0
2.077369550E1,-5.965993652E0,6.048322449E0,-5.540278931E0
2.078373550E1,-5.874384155E0,4.668641510E0,-3.629801788E0
2.079377550E1,-6.922504578E0,3.080294495E0,-2.362537079E0
2.080381550E1,-8.386310577E0,1.913321228E0,-1.806293793E0
2.081385650E1,-1.002600082E1,1.134790192E0,-1.543889465E0
2.082389650E1,-1.167497177E1,6.462062073E-1,-1.664388885E0
2.083393650E1,-1.292666885E1,5.921685791E-1,-2.185754700E0
2.084397750E1,-1.340956467E1,8.719367981E-1,-2.892435150E0
2.085401750E1,-1.302815781E1,1.102457428E0,-3.580853577E0
2.086405750E1,-1.234033813E1,1.111588440E0,-4.105961609E0
2.087409850E1,-1.154144943E1,8.096662903E-1,-4.229305115E0
2.088413850E1,-1.054482193E1,4.052073669E-1,-3.854783936E0
2.089417850E1,-9.226513367E0,-5.478607178E-2,-3.214714966E0
2.090421850E1,-7.926167450E0,-7.949967957E-1,-2.311193848E0
2.091425950E1,-6.753955078E0,-1.720222778E0,-1.413660278E0
2.092429950E1,-5.688021698E0,-2.517614594E0,-8.324189758E-1
2.093433950E1,-4.882846069E0,-2.894231415E0,-4.195774841E-1
2.094438050E1,-4.329596558E0,-3.053200836E0,-1.258882141E-1
2.095442050E1,-3.985312500E0,-2.973117371E0,9.445358276E-2
2.096446050E1,-4.246968384E0,-2.669249268E0,2.493814087E-1
2.097450050E1,-4.973557434E0,-2.311642914E0,4.839436340E-1
2.098454150E1,-5.716462555E0,-1.934277649E0,6.725514221E-1
2.099458150E1,-6.262077942E0,-1.582658844E0,5.554948425E-1
2.100462150E1,-6.934928741E0,-1.210382996E0,2.944377136E-1
2.101466250E1,-7.634573822E0,-7.936495972E-1,7.334747314E-3
2.102470250E1,-7.850574646E0,-4.197271729E-1,-2.306703186E-1
2.103474250E1,-7.715256042E0,-1.643582153E-1,-4.995112610E-1
2.104478350E1,-7.508984985E0,-2.185455322E-2,-6.634204102E-1
2.105482350E1,-7.281308441E0,3.981719971E-2,-7.183561707E-1
2.106486350E1,-7.172933807E0,-2.035766602E-2,-8.297245789E-1
2.107490350E1,-7.316934357E0,-2.481838989E-1,-8.225395203E-1
2.108494450E1,-7.483238525E0,-7.209008789E-1,-8.672964478E-1
2.109498450E1,-7.943531342E0,-1.151405640E0,-9.219328308E-1
2.110502450E1,-8.648415527E0,-1.317410431E0,-8.006849670E-1
2.111506550E1,-9.289682007E0,-1.406475220E0,-6.361770630E-1
2.112510550E1,-9.923913116E0,-1.313219147E0,-5.616320801E-1
2.113514550E1,-1.045096710E1,-8.476872253E-1,-6.623725891E-1
2.114518550E1,-1.068148773E1,-3.079096985E-1,-9.925859070E-1
2.115522650E1,-1.077294754E1,-3.109034729E-1,-1.527124329E0
2.116526650E1,-1.127260849E1,-1.088686066E0,-1.803898773E0
2.117530650E1,-1.257040970E1,-2.255809021E0,-1.259181519E0
2.118534750E1,-1.429557220E1,-3.564088440E0,-3.333567810E-1
2.119538750E1,-1.611309265E1,-4.366270294E0,3.294648743E-1
2.120542750E1,-1.673265427E1,-4.706512756E0,6.014492798E-1
2.121546750E1,-1.632714752E1,-4.733606415E0,4.797523499E-1
2.122550850E1,-1.478640152E1,-4.400698700E0,-3.207829285E-1
2.123554850E1,-1.284419037E1,-3.566782837E0,-1.505569153E0
2.124558850E1,-1.116947296E1,-2.880310364E0,-2.493814087E0
2.125562950E1,-9.865983582E0,-3.051105194E0,-3.242557068E0
2.126566950E1,-9.374256134E0,-3.581901398E0,-3.564537506E0
2.127570950E1,-9.481433258E0,-3.473377075E0,-3.815565491E0
2.128575050E1,-1.018107834E1,-2.369422760E0,-4.531676331E0
2.129579050E1,-1.135373978E1,-8.545729065E-1,-4.970264282E0
2.130583050E1,-1.217283646E1,4.593946838E-1,-5.441484375E0
2.131587050E1,-1.253149063E1,1.705253906E0,-6.163732452E0
2.132591150E1,-1.236084549E1,3.169958038E0,-6.591393127E0
2.133595150E1,-1.246727417E1,4.822820892E0,-6.699318695E0
2.134599150E1,-1.299747162E1,6.462361450E0,-6.310427399E0
2.135603250E1,-1.358305389E1,7.606881409E0,-5.455854492E0
2.136607250E1,-1.323607544E1,7.046147461E0,-4.384232941E0
2.137611250E1,-1.272488846E1,5.380112000E0,-3.224295044E0
2.138615250E1,-1.186687271E1,3.787573700E0,-2.160457306E0
2.139619350E1,-1.037058426E1,2.510728912E0,-1.332678680E0
2.140623350E1,-8.706045685E0,1.268312531E0,-6.155200195E-1
2.141627350E1,-7.308551788E0,-5.047503662E-1,-3.046165466E-1
2.142631450E1,-6.569837952E0,-2.282154236E0,-3.347039795E-1
2.143635450E1,-6.374943237E0,-3.692221985E0,-6.911128235E-1
2.144639450E1,-6.432872772E0,-4.513264618E0,-1.303788757E0
2.145643450E1,-6.582112427E0,-4.770280151E0,-1.846260681E0
2.146647550E1,-6.705156555E0,-4.689597931E0,-2.198178864E0
2.147651550E1,-6.631360016E0,-4.346810760E0,-2.321073303E0
2.148655550E1,-6.354286194E0,-3.713028717E0,-2.327659607E0
2.149659650E1,-6.136339417E0,-2.762954407E0,-2.385888519E0
2.150663650E1,-5.933810577E0,-1.539847870E0,-2.583926697E0
2.151667650E1,-5.733976135E0,-7.556286621E-1,-2.433938599E0
2.152671650E1,-6.081104279E0,5.673202515E-2,-2.098935242E0
2.153675750E1,-6.451434174E0,8.493338013E-1,-1.883084106E0
2.154679750E1,-6.608607330E0,1.453028412E0,-1.591939545E0
2.155683750E1,-6.874155121E0,2.038760376E0,-1.151555328E0
2.156687850E1,-7.140002289E0,2.659369812E0,-8.165519714E-1
2.157691850E1,-7.356152802E0,3.054398346E0,-6.271957397E-1
2.158695850E1,-7.597900085E0,3.011437683E0,-6.351292419E-1
2.159699850E1,-7.756719818E0,2.445314941E0,-7.737409973E-1
2.160703950E1,-7.837851105E0,1.498982849E0,-8.593629456E-1
2.161707950E1,-7.814050598E0,4.555027771E-1,-7.596702576E-1
2.162711950E1,-7.635022888E0,-5.123844910E-1,-6.682104492E-1
2.163716050E1,-7.383545837E0,-1.196761322E0,-6.111790466E-1
2.164720050E1,-7.120093689E0,-1.504671021E0,-4.308041382E-1
2.165724050E1,-7.066355438E0,-1.490899658E0,-2.532733154E-1
2.166728050E1,-7.359445953E0,-1.043330383E0,-2.203417969E-1
2.167732150E1,-8.269253998E0,3.191363525E-1,-5.538482666E-2
2.168736150E1,-8.401878204E0,1.347497864E0,7.065307617E-2
2.169740150E1,-8.248596954E0,1.561103668E0,1.116677856E-1
2.170744250E1,-8.401279449E0,1.501377869E0,3.652404785E-1
2.171748250E1,-8.608748016E0,1.386716309E0,4.412823486E-1
2.172752250E1,-9.030720520E0,1.208437042E0,3.802093506E-1
2.173756250E1,-9.710906067E0,7.999365234E-1,3.143463135E-1
2.174760350E1,-1.069226532E1,2.514770508E-2,3.689826965E-1
2.175764350E1,-1.192779602E1,-9.289682007E-1,5.825885010E-1
2.176768350E1,-1.300091446E1,-1.790875854E0,6.747967529E-1
2.177772450E1,-1.377211075E1,-2.618804169E0,5.794450378E-1
2.178776450E1,-1.410067749E1,-3.545377350E0,4.547543335E-1
2.179780450E1,-1.411145508E1,-4.528682556E0,6.463558960E-1
2.180784450E1,-1.370984024E1,-5.151986389E0,1.020128632E0
2.181788550E1,-1.257175690E1,-5.426665192E0,-2.354603577E-1
2.182792550E1,-1.132634674E1,-5.427263947E0,-3.510649567E0
2.183796550E1,-1.271590714E1,-4.754113770E0,-5.049150238E0
2.184800650E1,-1.620994125E1,-1.970801697E0,-5.166057129E0
2.185804650E1,-1.671484131E1,2.155218201E0,-7.037315826E0
2.186808650E1,-1.532079025E1,5.073100433E0,-8.704548798E0
2.187812650E1,-1.422042847E1,6.639143829E0,-9.467961273E0
2.188816750E1,-1.216595078E1,7.226971436E0,-9.044641571E0
2.189820750E1,-9.382489014E0,7.229665833E0,-8.485404510E0
2.190824750E1,-7.127129059E0,6.599476318E0,-8.067922668E0
2.191828850E1,-6.051765289E0,5.138215027E0,-6.484365692E0
2.192832850E1,-5.891748047E0,3.480711823E0,-4.236789551E0
2.193836850E1,-6.450835419E0,2.232158203E0,-2.362088013E0
2.194840850E1,-7.273374939E0,1.409918060E0,-1.180894318E0
2.195844950E1,-8.557255096E0,8.428971863E-1,-7.120692444E-1
2.196848950E1,-1.009321106E1,5.078938293E-1,-1.027912445E0
2.197852950E1,-1.102652023E1,3.936813354E-1,-1.855840759E0
2.198856950E1,-1.155177795E1,4.052073669E-1,-2.731819153E0
2.199861050E1,-1.170760391E1,4.043092346E-1,-3.502566376E0
2.200865050E1,-1.149190247E1,4.369413757E-1,-4.163591766E0
2.201869050E1,-1.127156067E1,3.338058472E-1,-4.480782166E0
2.202873150E1,-1.089389603E1,4.505630493E-2,-4.348906403E0
2.203877150E1,-1.029349457E1,-3.894900513E-1,-3.772754517E0
2.204881150E1,-9.496102753E0,-9.584568787E-1,-2.982996826E0
2.205885150E1,-8.546327820E0,-1.345402222E0,-2.354453888E0
2.206889250E1,-7.588469696E0,-1.565893707E0,-1.926643524E0
2.207893250E1,-6.716532898E0,-1.515448608E0,-1.631756744E0
2.208897250E1,-5.850733337E0,-1.323847046E0,-1.354832611E0
2.209901350E1,-5.098397827E0,-1.071471863E0,-1.043330383E0
2.210905350E1,-4.547543335E0,-8.643026733E-1,-7.137158203E-1
2.211909350E1,-4.326153717E0,-7.029382324E-1,-3.956272888E-1
2.212913350E1,-4.433480530E0,-5.411247253E-1,5.837860107E-2
2.213917450E1,-4.853058014E0,-4.376898193E-1,6.312373352E-1
2.214921450E1,-5.418132935E0,-3.121009827E-1,9.837542725E-1
2.215925450E1,-6.043831787E0,-3.215313721E-1,1.069974976E0
2.216929550E1,-6.723568268E0,-4.546046448E-1,8.187973022E-1
2.217933550E1,-7.347470856E0,-8.388555908E-1,4.305047607E-1
2.218937550E1,-7.436385956E0,-1.407672729E0,1.437011719E-2
2.219941562E1,-7.543862457E0,-2.092199249E0,-2.142045593E-1
2.220945662E1,-7.983647919E0,-2.279908905E0,-3.403921509E-1
2.221949662E1,-8.166717224E0,-2.084565125E0,-3.998185730E-1
2.222953663E1,-8.095615082E0,-1.776056671E0,-3.544628906E-1
2.223957662E1,-8.114775238E0,-1.538800049E0,-1.800755310E-1
2.224961762E1,-8.309969330E0,-1.539099426E0,-1.058299255E-1
2.225965762E1,-8.696914673E0,-1.784139862E0,-1.547781372E-1
2.226969762E1,-9.172026672E0,-2.116299133E0,-3.180885315E-1
2.227973862E1,-9.726922760E0,-2.217937775E0,-6.087840271E-1
2.228977862E1,-1.025008484E1,-2.056872711E0,-9.446855164E-1
2.229981863E1,-1.054631882E1,-1.609303436E0,-1.553170166E0
2.230985862E1,-1.098535583E1,-1.126108246E0,-2.473456421E0
2.231989962E1,-1.207538910E1,-6.836283875E-1,-2.927013245E0
2.232993962E1,-1.336840027E1,-7.822732544E-1,-2.385738831E0
2.233997962E1,-1.409468994E1,-2.101629639E0,-1.117575989E0
2.235002062E1,-1.510987885E1,-3.093616791E0,-2.769241333E-2
2.236006062E1,-1.570788528E1,-3.393143921E0,5.830375671E-1
2.237010063E1,-1.538485703E1,-3.333418121E0,2.969824219E-1
2.238014062E1,-1.390069336E1,-3.087629242E0,-1.172661438E0
2.239018162E1,-1.217672836E1,-2.885998535E0,-3.144960022E0
2.240022162E1,-1.145971939E1,-2.910098419E0,-4.553680573E0
2.241026162E1,-1.157348282E1,-3.850892029E0,-4.833149414E0
2.242030162E1,-1.182436111E1,-5.024301910E0,-4.842879181E0
2.243034262E1,-1.242266693E1,-4.271217957E0,-5.648952942E0
2.244038263E1,-1.364831818E1,-2.140399017E0,-6.574178925E0
2.245042262E1,-1.407313477E1,-1.856140137E-1,-6.795119476E0
2.246046363E1,-1.308234512E1,1.012494507E0,-7.083569641E0
2.247050362E1,-1.174278076E1,1.794468384E0,-7.173382874E0
2.248054362E1,-1.124596390E1,2.857707367E0,-6.758296051E0
2.249058362E1,-1.144909149E1,4.400549011E0,-6.130651245E0
2.250062462E1,-1.171299271E1,5.940396881E0,-5.217999115E0
2.251066463E1,-1.160012741E1,6.660848694E0,-4.058360596E0
2.252070462E1,-1.116079102E1,5.686674500E0,-2.772384796E0
2.253074563E1,-1.092847412E1,4.380939789E0,-1.583407288E0
2.254078562E1,-1.008108627E1,3.185974731E0,-8.111631775E-1
2.255082562E1,-8.986113281E0,2.194586334E0,-4.083508301E-1
2.256086562E1,-7.837701416E0,9.286688232E-1,-3.276686096E-1
2.257090662E1,-6.916217651E0,-4.276606750E-1,-5.041516113E-1
2.258094663E1,-6.263874207E0,-1.505419464E0,-8.851094055E-1
2.259098663E1,-5.822591858E0,-2.302960968E0,-1.288221130E0
2.260102662E1,-5.639672241E0,-2.758763123E0,-1.627116394E0
2.261106762E1,-5.649402008E0,-2.900518341E0,-1.791324921E0
2.262110762E1,-5.625152435E0,-2.938539276E0,-1.798809357E0
2.263114762E1,-5.588778076E0,-3.025209045E0,-1.712139587E0
2.264118862E1,-5.650150452E0,-3.083288269E0,-1.557211761E0
2.265122863E1,-5.736520844E0,-2.756667480E0,-1.453926544E0
2.266126863E1,-5.622308350E0,-2.311792603E0,-1.450334015E0
2.267130862E1,-5.523214417E0,-1.676064606E0,-1.500330048E0
2.268134962E1,-5.494623871E0,-9.348060608E-1,-1.509760437E0
2.269138962E1,-5.532345428E0,-2.362088013E-1,-1.512903900E0
2.270142962E1,-5.700595551E0,4.068539429E-1,-1.479223938E0
2.271147062E1,-6.100713501E0,9.720785522E-1,-1.383273468E0
2.272151063E1,-6.760990448E0,1.436113586E0,-1.265169067E0
2.273155063E1,-7.650889893E0,1.755998383E0,-1.234183502E0
2.274159062E1,-8.727750549E0,1.878144379E0,-1.277443542E0
2.275163162E1,-9.711205444E0,1.829196167E0,-1.375489655E0
2.276167162E1,-1.048898804E1,1.552272034E0,-1.598076782E0
2.277171162E1,-1.107786346E1,1.232536926E0,-1.762285309E0
2.278175262E1,-1.132963989E1,5.954617310E-1,-1.775308228E0
2.279179263E1,-1.106843307E1,-1.999841309E-1,-1.845362549E0
2.280183263E1,-1.058808197E1,-8.563691711E-1,-1.763033752E0
2.281187262E1,-9.810149689E0,-1.124311981E0,-1.477128296E0
2.282191362E1,-8.951834564E0,-1.025367737E0,-1.163680115E0
2.283195362E1,-8.133336639E0,-6.110293579E-1,-6.824308777E-1
2.284199362E1,-7.502099304E0,-1.803749084E-1,-6.152206421E-2
2.285203363E1,-6.854545898E0,1.417552185E-1,4.465214539E-1
2.286207463E1,-6.305787048E0,3.125500488E-1,7.364685059E-1
2.287211463E1,-6.107748871E0,3.112028503E-1,8.831634521E-1
2.288215462E1,-6.468199310E0,2.170486450E-1,8.930429077E-1
2.289219562E1,-7.456743622E0,9.026229858E-2,7.701484680E-1
2.290223562E1,-9.042396240E0,-8.547225952E-2,3.951782227E-1
2.291227562E1,-1.074884766E1,-3.564088440E-1,-2.963836670E-2
2.292231563E1,-1.206910217E1,-8.358618164E-1,-3.911366272E-1
2.293235662E1,-1.294328430E1,-1.424886932E0,-7.036866760E-1
2.294239663E1,-1.336076614E1,-1.961071930E0,-1.007704468E0
2.295243662E1,-1.339773926E1,-2.491269379E0,-1.242865448E0
2.296247762E1,-1.286200333E1,-2.857108612E0,-2.018702087E0
2.297251762E1,-1.213301926E1,-2.912643127E0,-3.659739532E0
2.298255762E1,-1.299268158E1,-2.466271362E0,-4.762196960E0
2.299259763E1,-1.587284225E1,-7.866142273E-1,-4.820425873E0
2.300263862E1,-1.793121185E1,8.610095215E-1,-5.408702545E0
2.301267863E1,-1.841276047E1,2.305505676E0,-7.516918488E0
2.302271862E1,-1.854972565E1,3.871249695E0,-9.942624207E0
2.303275962E1,-1.718920486E1,5.325325928E0,-1.082114731E1
2.304279962E1,-1.344908249E1,5.769302673E0,-1.014515305E1
2.305283962E1,-9.319320374E0,5.208269348E0,-9.186546478E0
2.306287963E1,-6.108647003E0,4.005520477E0,-7.727829895E0
2.307292062E1,-4.084705811E0,2.783162384E0,-5.625152435E0
2.308296063E1,-3.296894073E0,1.647024994E0,-3.246299286E0
2.309300062E1,-3.585942993E0,8.497828674E-1,-1.241368561E0
2.310304062E1,-5.075345764E0,6.382727051E-1,-1.237925720E-1
2.311308162E1,-7.619455261E0,6.542893982E-1,2.977308655E-1
2.312312162E1,-1.019769379E1,7.547305298E-1,-1.960922241E-1
2.313316162E1,-1.181343384E1,9.349557495E-1,-1.404678955E0
2.314320262E1,-1.257639725E1,1.125808868E0,-2.692750397E0
2.315324263E1,-1.315913544E1,1.356928253E0,-3.982468414E0
2.316328262E1,-1.294403275E1,1.589993591E0,-5.093757477E0
2.317332262E1,-1.217747681E1,1.868564301E0,-5.580844574E0
2.318336362E1,-1.106334366E1,1.826202393E0,-5.464237061E0
2.319340362E1,-9.811496887E0,1.516197052E0,-4.956941986E0
2.320344321E1,-8.536448364E0,9.521699524E-1,-4.122726746E0
2.321348421E1,-7.375462646E0,3.345542908E-1,-3.061882782E0
2.322352421E1,-6.375092926E0,-4.288581848E-1,-2.114353180E0
2.323356421E1,-5.564528503E0,-1.151255951E0,-1.462907867E0
2.324360421E1,-4.932991791E0,-1.625619507E0,-1.080602875E0
2.325364521E1,-4.344266052E0,-1.806293793E0,-8.005352783E-1
2.326368521E1,-4.067940674E0,-1.935624847E0,-5.345384216E-1
2.327372521E1,-4.248165894E0,-2.035167847E0,-2.155517578E-1
2.328376621E1,-4.622238007E0,-1.967658234E0,1.621128845E-1
2.329380621E1,-5.059778137E0,-1.847607880E0,5.601351929E-1
2.330384621E1,-5.818550262E0,-1.724713440E0,8.890013123E-1
2.331388621E1,-6.617289276E0,-1.660347290E0,1.008602600E0
2.332392721E1,-7.203470306E0,-1.751208344E0,9.559121704E-1
2.333396721E1,-7.538323975E0,-2.079026642E0,7.613168335E-1
2.334400721E1,-7.709118805E0,-2.615660706E0,5.686674500E-1
2.335404821E1,-7.967481537E0,-3.097209320E0,4.511618042E-1
2.336408821E1,-8.330925751E0,-3.259172516E0,2.546205139E-1
2.337412821E1,-8.667725372E0,-3.093766479E0,-4.670288086E-2
2.338416821E1,-8.881331177E0,-2.731370087E0,-3.785627747E-1
2.339420921E1,-8.947643280E0,-2.272125092E0,-5.147795105E-1
2.340424921E1,-8.925938416E0,-1.869312744E0,-5.031037903E-1
2.341428921E1,-8.921447754E0,-1.522034912E0,-3.947291565E-1
2.342433021E1,-9.109905853E0,-1.174607391E0,-3.909869385E-1
2.343437021E1,-9.455986176E0,-8.607101440E-1,-5.095404053E-1
2.344441021E1,-9.796827393E0,-4.430786133E-1,-7.932005310E-1
2.345445021E1,-9.866432648E0,6.436614990E-3,-1.487905884E0
2.346449121E1,-9.833950195E0,2.984793091E-1,-2.297422485E0
2.347453121E1,-1.021565643E1,2.784210205E-2,-2.703677673E0
2.348457121E1,-1.085348007E1,-1.237626343E0,-2.289039917E0
2.349461121E1,-1.236698273E1,-2.732417908E0,-1.418001251E0
2.350465221E1,-1.463850906E1,-3.513493652E0,-6.502478027E-1
2.351469221E1,-1.543215866E1,-3.854334869E0,-3.469784546E-1
2.352473221E1,-1.560295349E1,-3.717369690E0,-7.358697510E-1
2.353477321E1,-1.514460663E1,-3.204386444E0,-1.685045929E0
2.354481321E1,-1.413211212E1,-3.006647644E0,-3.060685272E0
2.355485321E1,-1.332528992E1,-3.512296143E0,-4.193679199E0
2.356489421E1,-1.295750473E1,-4.381837921E0,-4.442761230E0
2.357493421E1,-1.262280075E1,-4.384382629E0,-4.390669556E0
2.358497421E1,-1.238299942E1,-3.346890106E0,-4.736600189E0
2.359501421E1,-1.212523544E1,-2.188149719E0,-5.071603546E0
2.360505521E1,-1.177750854E1,-1.296154633E0,-5.175038452E0
2.361509521E1,-1.153231842E1,-1.763333130E-1,-5.468877411E0
2.362513521E1,-1.135957764E1,1.350042572E0,-5.675896912E0
2.363517621E1,-1.138277939E1,3.089126129E0,-5.368436279E0
2.364521621E1,-1.156899216E1,4.918471985E0,-4.707410889E0
2.365525621E1,-1.159653488E1,6.548133087E0,-3.833977203E0
2.366529621E1,-1.086276077E1,6.875801697E0,-2.963387604E0
2.367533721E1,-1.007210495E1,5.506299591E0,-2.173929291E0
2.368537721E1,-9.975555725E0,4.034859467E0,-1.185684357E0
2.369541721E1,-9.494156799E0,2.630330200E0,-4.993615723E-1
2.370545821E1,-8.496331787E0,1.189127197E0,-1.570234680E-1
2.371549821E1,-7.506889343E0,-4.189787292E-1,-7.918533325E-2
2.372553821E1,-6.752907257E0,-1.918859711E0,-3.080593872E-1
2.373557821E1,-6.320306854E0,-3.018473053E0,-8.348139954E-1
2.374561921E1,-6.123017120E0,-3.592529297E0,-1.309925995E0
2.375565921E1,-5.952222290E0,-3.746259613E0,-1.598525848E0
2.376569921E1,-5.680537262E0,-3.712280273E0,-1.719923401E0
2.377574021E1,-5.426665192E0,-3.669768677E0,-1.615141296E0
2.378578021E1,-5.260510712E0,-3.572920074E0,-1.547781372E0
2.379582021E1,-5.178630981E0,-3.277135162E0,-1.636546783E0
2.380586021E1,-5.234764252E0,-2.764151917E0,-1.924398193E0
2.381590121E1,-5.726342010E0,-1.945055237E0,-2.278561707E0
2.382594121E1,-6.542145538E0,-6.978488159E-1,-2.552641754E0
2.383598121E1,-7.025640106E0,4.287084961E-1,-2.724484406E0
2.384602221E1,-7.477400665E0,1.247655487E0,-2.647843781E0
2.385606221E1,-8.028853912E0,1.920955353E0,-2.429897003E0
2.386610221E1,-8.571026459E0,2.546354828E0,-2.249222717E0
2.387614221E1,-8.981472931E0,3.082988892E0,-2.200873260E0
2.388618321E1,-9.332343292E0,3.175646210E0,-2.198927307E0
2.389622321E1,-9.924661560E0,2.858006744E0,-2.119891663E0
2.390626321E1,-1.065993256E1,2.214944000E0,-2.021695862E0
2.391630421E1,-1.105466171E1,1.307680664E0,-1.885179749E0
2.392634421E1,-1.106199646E1,3.345542908E-1,-1.703307953E0
2.393638421E1,-1.066352509E1,-4.002676392E-1,-1.388362885E0
2.394642421E1,-9.634115753E0,-8.972341919E-1,-1.026864624E0
2.395646521E1,-8.530311127E0,-1.443598022E0,-7.888595581E-1
2.396650521E1,-7.842341766E0,-1.748513947E0,-6.399192810E-1
2.397654521E1,-7.369026031E0,-1.717528381E0,-6.662644958E-1
2.398658621E1,-7.060966644E0,-1.528172150E0,-5.469625854E-1
2.399662621E1,-6.962172089E0,-1.256786499E0,-3.869453430E-1
2.400666621E1,-7.191644897E0,-6.827302551E-1,-4.215234375E-1
2.401670621E1,-7.776478729E0,1.679507446E-1,-4.436773682E-1
2.402674721E1,-8.524323578E0,7.095245361E-1,-5.813909912E-1
2.403678721E1,-9.656419373E0,9.578581238E-1,-9.512718201E-1
2.404682721E1,-1.093236603E1,9.247769165E-1,-1.407672729E0
2.405686821E1,-1.195728470E1,6.896159363E-1,-1.936073914E0
2.406690821E1,-1.282667679E1,4.405339050E-1,-2.440674591E0
2.407694821E1,-1.354937393E1,3.059637451E-1,-2.605781250E0
2.408698821E1,-1.391057281E1,1.793270874E-1,-2.333048401E0
2.409702921E1,-1.377450577E1,-9.879455566E-3,-1.768572235E0
2.410706921E1,-1.327619202E1,-2.121089172E-1,-1.050216064E0
2.411710921E1,-1.256651779E1,-3.275189209E-1,-2.140548706E-1
2.412715021E1,-1.165581161E1,-3.879931641E-1,6.417155457E-1
2.413719021E1,-1.068058960E1,-5.116360474E-1,1.293909302E0
2.414723021E1,-9.874515839E0,-3.888912964E-1,1.179397430E0
2.415727021E1,-9.363478546E0,-2.808160400E-1,4.230203247E-1
2.416731121E1,-9.458830261E0,-3.118016052E-1,-6.225553894E-1
2.417735121E1,-1.025472519E1,3.622467041E-1,-2.374063110E0
2.418739121E1,-1.137948624E1,1.736688538E0,-5.035229187E0
2.419743221E1,-1.190399551E1,2.758912811E0,-7.743846588E0
2.420747246E1,-1.202703964E1,2.924468536E0,-9.555379486E0
2.421751246E1,-1.184771255E1,2.254611511E0,-9.710906067E0
2.422755346E1,-1.141151962E1,1.235530701E0,-8.975036316E0
2.423759346E1,-1.068014053E1,3.758683777E-1,-7.933651886E0
2.424763346E1,-9.630523224E0,-3.370989990E-1,-7.118447113E0
2.425767346E1,-8.483907623E0,-1.374591522E0,-6.424939270E0
2.426771446E1,-8.369246063E0,-2.270179138E0,-5.678291931E0
2.427775446E1,-9.428144073E0,-2.430495758E0,-4.831053772E0
2.428779446E1,-1.065424438E1,-2.027384033E0,-3.974684601E0
2.429783546E1,-1.157542877E1,-1.157842255E0,-3.197051697E0
2.430787546E1,-1.171763306E1,-3.332070923E-1,-2.339934082E0
2.431791546E1,-1.153905441E1,7.737409973E-1,-1.504371643E0
2.432795546E1,-1.106499023E1,2.279310150E0,-8.152047729E-1
2.433799646E1,-1.018916153E1,3.828588409E0,-4.245172119E-1
2.434803646E1,-9.001381531E0,4.931045837E0,-2.688409424E-1
2.435807646E1,-7.737260284E0,5.451064453E0,-3.448828125E-1
2.436811746E1,-6.640491028E0,5.254822540E0,-7.214996338E-1
2.437815746E1,-5.840404816E0,4.342918854E0,-1.052611084E0
2.438819746E1,-5.440286865E0,2.622247009E0,-1.166224823E0
2.439823746E1,-4.906047821E0,4.674778748E-1,-1.252595215E0
2.440827846E1,-5.001848602E0,-1.428479462E0,-1.157842255E0
2.441831846E1,-5.269791412E0,-2.828967133E0,-1.026864624E0
2.442835846E1,-5.329217834E0,-3.766317902E0,-8.467890930E-1
2.443839946E1,-5.284760284E0,-4.359683990E0,-4.827461243E-1
2.444843946E1,-5.472020874E0,-4.849016418E0,-9.535171509E-2
2.445847946E1,-6.094576263E0,-5.110372925E0,2.112107849E-1
2.446851946E1,-6.988816681E0,-4.935835876E0,2.610571289E-1
2.447856046E1,-7.750133514E0,-4.420008545E0,1.709445190E-1
2.448860046E1,-8.331374817E0,-3.514541473E0,1.736389160E-2
2.449864046E1,-8.599317627E0,-2.707719269E0,-1.835183716E-1
2.450868146E1,-8.741372223E0,-1.988015900E0,-2.978805542E-1
2.451872146E1,-8.751850433E0,-1.295106812E0,-3.888912964E-1
2.452876146E1,-8.625064087E0,-7.686515808E-1,-3.917353821E-1
2.453880246E1,-8.329728241E0,-5.375321960E-1,-3.826043701E-1
2.454884246E1,-8.056097260E0,-4.556524658E-1,-2.766247559E-1
2.455888246E1,-8.097111969E0,-5.044509888E-1,-2.312690735E-1
2.456892246E1,-8.496182098E0,-4.580474854E-1,-2.646496582E-1
2.457896346E1,-8.891210632E0,-5.014572144E-1,-3.347039795E-1
2.458900346E1,-9.430688782E0,-5.523513794E-1,-4.294569397E-1
2.459904346E1,-9.888436890E0,-5.843847656E-1,-6.339317322E-1
2.460908446E1,-1.036280045E1,-4.781057739E-1,-1.058448944E0
2.461912446E1,-1.091634933E1,-2.188449097E-1,-1.671424255E0
2.462916446E1,-1.164323776E1,-1.496887207E-3,-2.138752441E0
2.463920446E1,-1.253343658E1,-1.715432739E-1,-2.224823456E0
2.464924546E1,-1.339863739E1,-1.166524200E0,-1.949845276E0
2.465928546E1,-1.446157700E1,-2.028132477E0,-1.323697357E0
2.466932546E1,-1.540596313E1,-2.158810730E0,-3.778143311E-1
2.467936646E1,-1.523636581E1,-1.568887482E0,2.372566223E-1
2.468940646E1,-1.407418259E1,-1.173110504E0,2.924917603E-1
2.469944646E1,-1.245874191E1,-1.042132874E0,-5.183720398E-1
2.470948746E1,-1.079510147E1,-7.372169495E-1,-2.007176056E0
2.471952746E1,-9.812993774E0,-6.652166748E-1,-3.348985748E0
2.472956746E1,-9.451495514E0,-1.266216888E0,-4.222419434E0
2.473960746E1,-9.372908936E0,-2.410886536E0,-5.177882538E0
2.474964846E1,-9.621990967E0,-3.051404572E0,-6.694229279E0
2.475968846E1,-1.012374756E1,-3.057242432E0,-7.677235107E0
2.476972846E1,-1.093071945E1,-2.639311523E0,-7.629933472E0
2.477976946E1,-1.126063339E1,-2.087558899E0,-7.316934357E0
2.478980946E1,-1.140014328E1,-1.371747437E0,-6.535259857E0
2.479984946E1,-1.174068512E1,-1.471440125E-1,-5.856271820E0
2.480988946E1,-1.180011154E1,1.068927155E0,-5.832621002E0
2.481993046E1,-1.189696014E1,1.958527222E0,-5.793252869E0
2.482997046E1,-1.237162308E1,2.394570465E0,-5.207820282E0
2.484001046E1,-1.274764114E1,2.372117157E0,-4.160747681E0
2.485005146E1,-1.273342072E1,1.999242554E0,-2.900368652E0
2.486009146E1,-1.223765167E1,1.352587280E0,-1.768422546E0
2.487013146E1,-1.126707001E1,2.408491516E-1,-1.006357269E0
2.488017146E1,-9.966125336E0,-1.258133698E0,-6.491999817E-1
2.489021246E1,-8.862769775E0,-2.713407440E0,-4.629872131E-1
2.490025246E1,-8.258775787E0,-3.920796661E0,-4.149371338E-1
2.491029246E1,-7.821834412E0,-4.548291779E0,-6.569837952E-1
2.492033346E1,-7.318281555E0,-4.626429291E0,-1.031654663E0
2.493037346E1,-6.688840485E0,-4.301604767E0,-1.393601990E0
2.494041346E1,-5.849984894E0,-3.643423462E0,-1.642234955E0
2.495045446E1,-5.097499695E0,-2.791245575E0,-1.882784729E0
2.496049446E1,-4.627477112E0,-1.780547333E0,-2.064357147E0
2.497053446E1,-4.220922546E0,-6.827302551E-1,-2.038910065E0
2.498057446E1,-3.985013123E0,3.523672485E-1,-1.894610138E0
2.499061546E1,-3.916006622E0,1.317111053E0,-1.657802582E0
2.500065546E1,-4.042643280E0,2.128723297E0,-1.309327240E0
2.501069546E1,-4.505181427E0,2.788401489E0,-8.237370300E-1
2.502073646E1,-5.218448181E0,3.220702515E0,-3.617976379E-1
2.503077646E1,-6.068979492E0,3.465144196E0,-8.846603394E-2
2.504081646E1,-7.050039368E0,3.608246613E0,-1.601669312E-2
2.505085746E1,-7.980803833E0,3.722758484E0,-2.110610962E-1
2.506089746E1,-8.623118134E0,3.747906189E0,-6.219566345E-1
2.507093746E1,-8.979526978E0,3.601959686E0,-1.084794159E0
2.508097746E1,-9.128018188E0,3.204087067E0,-1.448537750E0
2.509101846E1,-9.040300598E0,2.576591949E0,-1.585652618E0
2.510105846E1,-8.954678650E0,1.922302551E0,-1.528172150E0
2.511109846E1,-8.919950867E0,1.309776306E0,-1.385369110E0
2.512113946E1,-8.866961060E0,5.490582275E-1,-1.078357544E0
2.513117946E1,-9.048533478E0,-1.598675537E-1,-6.023474121E-1
2.514121946E1,-9.324858856E0,-8.607101440E-1,-2.215393066E-1
2.515125946E1,-9.777667236E0,-1.499132538E0,-3.278182983E-2
2.516130046E1,-1.026056305E1,-1.944007416E0,-1.407073975E-2
2.517134046E1,-1.059377014E1,-2.213147736E0,-1.465452576E-1
2.518138046E1,-1.098520615E1,-2.364333344E0,-3.209326172E-1
2.519142146E1,-1.192689789E1,-2.251318359E0,-2.728825378E-1
2.520146071E1,-1.334594696E1,-1.476529541E0,3.667373657E-2
2.521150071E1,-1.413720154E1,-7.300318909E-1,4.336482239E-1
2.522154171E1,-1.427820831E1,-3.784130859E-1,8.666976929E-1
2.523158171E1,-1.414857788E1,-1.748364258E-1,1.034349060E0
2.524162171E1,-1.394215714E1,2.333647156E-1,6.222560120E-1
2.525166171E1,-1.369981110E1,6.292913818E-1,-4.683760071E-1
2.526170271E1,-1.353485413E1,5.674699402E-1,-1.645528107E0
2.527174271E1,-1.373528732E1,7.918533325E-1,-3.183879089E0
2.528178271E1,-1.399305130E1,1.636995850E0,-5.468727722E0
2.529182371E1,-1.395039001E1,2.966531067E0,-7.828420715E0
2.530186371E1,-1.317530182E1,3.442541199E0,-9.199719086E0
2.531190371E1,-1.205862396E1,2.836152191E0,-8.964857483E0
2.532194371E1,-1.061951660E1,1.977537689E0,-8.140222321E0
2.533198471E1,-9.336235199E0,1.170565796E0,-7.409591675E0
2.534202471E1,-7.913892975E0,1.740879822E-1,-6.810537415E0
2.535206471E1,-6.952891388E0,-1.246757355E0,-6.108048248E0
2.536210571E1,-6.848109283E0,-2.841391296E0,-4.988675995E0
2.537214571E1,-7.660170593E0,-3.932322693E0,-4.087100830E0
2.538218571E1,-9.882449341E0,-3.531156921E0,-3.656147003E0
2.539222671E1,-1.137903717E1,-2.448009338E0,-3.521277466E0
2.540226671E1,-1.161749130E1,-1.601070557E0,-3.353177032E0
2.541230671E1,-1.147334106E1,-9.731263733E-1,-2.787353668E0
2.542234671E1,-1.134595596E1,-2.007325745E-1,-2.075284424E0
2.543238771E1,-1.117351456E1,1.008153534E0,-1.488804016E0
2.544242771E1,-1.062909668E1,2.224973145E0,-1.246757355E0
2.545246771E1,-9.642648010E0,3.221750336E0,-1.216370544E0
2.546250871E1,-8.727451172E0,3.677552490E0,-1.217717743E0
2.547254871E1,-7.929909668E0,3.632645874E0,-1.374591522E0
2.548258871E1,-7.231162720E0,3.138373718E0,-1.364712067E0
2.549262971E1,-6.495292969E0,2.140099640E0,-1.249152374E0
2.550266971E1,-5.808670807E0,1.099763031E0,-1.324894867E0
2.551270971E1,-5.179678802E0,1.571731567E-2,-1.409169617E0
2.552274971E1,-4.569547577E0,-9.753717041E-1,-1.410516815E0
2.553279071E1,-4.174818420E0,-1.897005157E0,-1.237776031E0
2.554283071E1,-4.307891693E0,-2.748434601E0,-6.453080750E-1
2.555287071E1,-4.795577545E0,-3.474275208E0,1.100212097E-1
2.556291171E1,-5.292244720E0,-3.939507751E0,7.388635254E-1
2.557295171E1,-5.789660339E0,-4.069736938E0,1.066681824E0
2.558299171E1,-6.544390869E0,-3.872896271E0,1.087488556E0
2.559303271E1,-7.341333618E0,-3.422482910E0,1.024170227E0
2.560307271E1,-7.939190369E0,-2.867437134E0,8.785231018E-1
2.561311271E1,-8.372988281E0,-2.329156494E0,6.770420837E-1
2.562315271E1,-8.667725372E0,-1.847458191E0,4.626878357E-1
2.563319371E1,-8.774603119E0,-1.462758179E0,2.903961182E-1
2.564323371E1,-8.769214325E0,-1.289718018E0,8.756790161E-2
2.565327371E1,-8.890911255E0,-1.124461670E0,-5.388793945E-2
2.566331471E1,-9.075028381E0,-9.557624817E-1,-1.041833496E-1
2.567335471E1,-9.354946289E0,-7.957452393E-1,-2.200424194E-1
2.568339471E1,-9.609417114E0,-6.497987366E-1,-2.583627319E-1
2.569343571E1,-9.865534515E0,-5.646258545E-1,-1.757345581E-1
2.570347571E1,-9.971214752E0,-5.617817688E-1,-2.213896179E-1
2.571351571E1,-1.012719040E1,-6.005511475E-1,-4.700225830E-1
2.572355571E1,-1.051099228E1,-5.099894714E-1,-9.282197571E-1
2.573359671E1,-1.105226669E1,-3.676354980E-1,-1.340462494E0
2.574363671E1,-1.166943329E1,-4.595443726E-1,-1.517244873E0
2.575367671E1,-1.233884125E1,-1.033001862E0,-1.301992493E0
2.576371771E1,-1.351763992E1,-1.554966431E0,-6.234535217E-1
2.577375771E1,-1.476035568E1,-1.597927094E0,1.474433899E-1
2.578379771E1,-1.473700424E1,-1.284179535E0,4.864883423E-1
2.579383871E1,-1.382150803E1,-1.219663696E0,5.243595886E-1
2.580387871E1,-1.258028915E1,-1.264869690E0,-2.553689575E-1
2.581391871E1,-1.141541153E1,-1.050066376E0,-1.880689087E0
2.582395871E1,-1.087533463E1,-9.180409241E-1,-3.289110260E0
2.583399971E1,-1.079450272E1,-1.203497314E0,-4.181105347E0
2.584403971E1,-1.075528427E1,-2.271825714E0,-5.226381683E0
2.585407971E1,-1.105825424E1,-3.190914459E0,-6.509064331E0
2.586412071E1,-1.158755356E1,-3.265160065E0,-7.496560822E0
2.587416071E1,-1.211191315E1,-2.623743896E0,-7.917036438E0
2.588420071E1,-1.196671509E1,-1.614542542E0,-7.990982666E0
2.589424171E1,-1.120000946E1,-4.375401306E-1,-7.429200897E0
2.590428171E1,-1.053120026E1,7.710466003E-1,-6.511159973E0
2.591432171E1,-1.028301636E1,2.069296875E0,-5.813161469E0
2.592436171E1,-1.028301636E1,2.960393829E0,-5.152884521E0
2.593440271E1,-1.037956558E1,2.814297638E0,-4.478686523E0
2.594444271E1,-1.090826614E1,2.351011047E0,-3.639232178E0
2.595448271E1,-1.130568970E1,1.708547058E0,-2.753374329E0
2.596452371E1,-1.133787277E1,9.101074219E-1,-1.924098816E0
2.597456371E1,-1.084330124E1,-1.667532349E-1,-1.323248291E0
2.598460371E1,-9.981094208E0,-1.640738068E0,-1.053509216E0
2.599464471E1,-9.077872467E0,-3.158282318E0,-1.043180695E0
2.600468471E1,-8.451574860E0,-4.401596832E0,-1.099164276E0
2.601472471E1,-8.066276093E0,-5.228327637E0,-1.077160034E0
2.602476471E1,-7.864196320E0,-5.567971344E0,-1.034498749E0
2.603480571E1,-7.502847748E0,-5.385949860E0,-9.380992126E-1
2.604484571E1,-6.887627106E0,-4.707111511E0,-1.021475830E0
2.605488571E1,-5.895490265E0,-3.622017975E0,-1.297801208E0
2.606492671E1,-5.159919891E0,-2.415377197E0,-1.546434174E0
2.607496671E1,-4.953199768E0,-1.172212372E0,-1.736838226E0
2.608500671E1,-4.623734894E0,1.930984497E-2,-1.885030060E0
2.609504771E1,-4.562961273E0,8.756790161E-1,-1.917512512E0
2.610508771E1,-4.922663269E0,1.564546509E0,-1.824256439E0
2.611512771E1,-5.411696320E0,2.179767151E0,-1.673519897E0
2.612516771E1,-6.039790192E0,2.749781799E0,-1.531016235E0
2.613520871E1,-6.763984222E0,3.226540375E0,-1.340761871E0
2.614524871E1,-7.547754364E0,3.598666534E0,-1.163979492E0
2.615528871E1,-8.283773804E0,3.634142761E0,-1.052311707E0
2.616532971E1,-8.833430786E0,3.344644775E0,-1.226549377E0
2.617536971E1,-9.337283020E0,2.908451843E0,-1.397643585E0
2.618540971E1,-9.680369568E0,2.120939484E0,-1.466051331E0
2.619545071E1,-9.825717316E0,1.183738403E0,-1.522483978E0
2.620549087E1,-9.828561401E0,2.329156494E-1,-1.436862030E0
2.621553087E1,-9.650132446E0,-5.643264771E-1,-1.268312531E0
2.622557087E1,-9.466763763E0,-1.148112488E0,-1.091081085E0
2.623561187E1,-9.367819519E0,-1.606908417E0,-9.544152832E-1
2.624565187E1,-9.405092010E0,-2.111658783E0,-7.450007629E-1
2.625569188E1,-9.576485596E0,-2.659669189E0,-4.942721558E-1
2.626573288E1,-9.624984741E0,-3.085832977E0,-2.415975952E-1
2.627577288E1,-9.416767731E0,-3.384911041E0,-2.417472839E-1
2.628581287E1,-9.114546204E0,-3.567082214E0,-5.403762817E-1
2.629585387E1,-9.031319275E0,-3.680097198E0,-9.163943481E-1
2.630589387E1,-9.613608398E0,-3.480113068E0,-1.296004944E0
2.631593387E1,-1.088626190E1,-2.561473389E0,-1.690883789E0
2.632597388E1,-1.182226547E1,-1.536105652E0,-2.108365631E0
2.633601488E1,-1.280033157E1,-6.147715759E-1,-2.327210541E0
2.634605488E1,-1.356359436E1,3.014730835E-1,-2.144739990E0
2.635609487E1,-1.376866791E1,9.943821716E-1,-1.689536591E0
2.636613587E1,-1.351853806E1,1.271306305E0,-1.335672455E0
2.637617587E1,-1.277248947E1,8.696914673E-1,-1.089733887E0
2.638621587E1,-1.196641571E1,3.739224243E-1,-1.041683807E0
2.639625687E1,-1.094733490E1,-6.227050781E-2,-1.453776855E0
2.640629688E1,-9.844278717E0,-4.839436340E-1,-2.776576080E0
2.641633688E1,-9.259594574E0,-9.413923645E-1,-4.670437775E0
2.642637687E1,-9.728719025E0,-1.670077057E0,-5.999074860E0
2.643641787E1,-1.109462860E1,-2.247576141E0,-6.737788696E0
2.644645787E1,-1.208347229E1,-1.875300293E0,-7.207661591E0
2.645649787E1,-1.193782516E1,-1.311722260E0,-7.225923615E0
2.646653887E1,-1.095466965E1,-1.506766663E0,-7.028783569E0
2.647657888E1,-9.592651978E0,-2.506837006E0,-6.361171875E0
2.648661888E1,-8.639434204E0,-3.869603119E0,-5.290149078E0
2.649665988E1,-8.369395752E0,-4.953199768E0,-4.194727020E0
2.650669987E1,-8.503666534E0,-5.104984131E0,-3.576512604E0
2.651673987E1,-8.753197632E0,-4.518952789E0,-3.680097198E0
2.652678087E1,-9.068741455E0,-3.811074829E0,-4.087250519E0
2.653682087E1,-9.633966064E0,-3.016826477E0,-4.415966949E0
2.654686088E1,-1.033989807E1,-1.934427338E0,-4.409230957E0
2.655690088E1,-1.063673080E1,-7.934999084E-1,-4.005370789E0
2.656694188E1,-1.059317139E1,8.143066406E-2,-3.397335205E0
2.657698187E1,-1.041713745E1,5.403762817E-1,-2.812800751E0
2.658702187E1,-9.934241638E0,4.403842163E-1,-2.476899261E0
2.659706287E1,-9.286987610E0,-1.052311707E-1,-2.543061676E0
2.660710287E1,-8.695268097E0,-7.547305298E-1,-2.847977600E0
2.661714288E1,-8.325836334E0,-1.291813660E0,-3.085084534E0
2.662718387E1,-8.253686371E0,-1.801204376E0,-3.090623016E0
2.663722388E1,-8.204887848E0,-2.220781860E0,-2.983745270E0
2.664726387E1,-7.998467102E0,-2.512974243E0,-2.868934021E0
2.665730387E1,-7.621401215E0,-2.721939697E0,-2.795436859E0
2.666734487E1,-7.162605286E0,-2.739004211E0,-2.709515533E0
2.667738487E1,-6.793173523E0,-2.590962067E0,-2.653981018E0
2.668742487E1,-6.590195618E0,-2.363734589E0,-2.604284363E0
2.669746587E1,-6.541696472E0,-2.083666992E0,-2.448009338E0
2.670750588E1,-6.590345306E0,-1.671723633E0,-2.312541046E0
2.671754587E1,-6.878047028E0,-1.201701050E0,-2.170636139E0
2.672758688E1,-7.433092804E0,-7.993377686E-1,-2.089953918E0
2.673762687E1,-8.166268158E0,-4.098477173E-1,-2.066003723E0
2.674766687E1,-8.710686035E0,-6.631210327E-2,-2.246827698E0
2.675770787E1,-9.037007446E0,2.353106689E-1,-2.515219574E0
2.676774787E1,-9.058562622E0,4.670288086E-1,-2.752027130E0
2.677778788E1,-8.868457947E0,5.203179932E-1,-2.773731995E0
2.678782787E1,-8.612939301E0,4.572990417E-1,-2.644550629E0
2.679786888E1,-8.526568909E0,4.299060059E-1,-2.374512177E0
2.680790887E1,-8.735234985E0,4.767585754E-1,-1.975741425E0
2.681794887E1,-8.963510284E0,4.526586914E-1,-1.551822968E0
2.682798987E1,-9.151669006E0,4.249662781E-1,-1.274898834E0
2.683802987E1,-9.267677765E0,1.978884888E-1,-1.106049957E0
2.684806988E1,-9.284442902E0,-2.293231201E-1,-1.024768982E0
2.685811088E1,-9.418563995E0,-5.207670593E-1,-1.040486298E0
2.686815088E1,-9.499545593E0,-7.915539551E-1,-1.136287079E0
2.687819087E1,-9.688452759E0,-9.029223633E-1,-1.205143890E0
2.688823087E1,-1.013078293E1,-8.153544617E-1,-1.166673889E0
2.689827187E1,-1.066621948E1,-4.965174866E-1,-1.060095520E0
2.690831187E1,-1.106843307E1,-1.498384094E-1,-9.433383179E-1
2.691835188E1,-1.121752304E1,1.207987976E-1,-8.617579651E-1
2.692839288E1,-1.103056183E1,3.415896606E-1,-7.852670288E-1
2.693843288E1,-1.066008224E1,5.495072937E-1,-5.728587341E-1
2.694847287E1,-1.014964371E1,5.825885010E-1,-3.875440979E-1
2.695851387E1,-9.544901276E0,3.046165466E-1,-7.014413452E-1
2.696855387E1,-9.392518158E0,-5.983058167E-1,-1.637893982E0
2.697859387E1,-1.031894165E1,-1.656605072E0,-2.984194336E0
2.698863487E1,-1.169158722E1,-2.423759766E0,-4.442761230E0
2.699867488E1,-1.263776962E1,-2.655328217E0,-5.494474182E0
2.700871488E1,-1.260349091E1,-2.643203430E0,-5.795348511E0
2.701875487E1,-1.185310135E1,-2.709066467E0,-5.505850525E0
2.702879587E1,-1.082743423E1,-2.512525177E0,-5.090464325E0
2.703883587E1,-9.583071899E0,-2.190694427E0,-4.672982483E0
2.704887587E1,-8.563841400E0,-1.956431580E0,-4.209695892E0
2.705891687E1,-8.221503296E0,-1.624272308E0,-3.779640198E0
2.706895688E1,-8.539591827E0,-1.194515991E0,-3.406765594E0
2.707899688E1,-9.124425659E0,-8.436456299E-1,-3.022065582E0
2.708903788E1,-9.596992950E0,-5.963598633E-1,-2.704725494E0
2.709907787E1,-9.975855103E0,-4.712200928E-1,-2.393223267E0
2.710911787E1,-1.017898270E1,-5.209167480E-1,-2.181114349E0
2.711915787E1,-1.030472122E1,-8.083190918E-1,-2.162702637E0
2.712919887E1,-1.038016434E1,-1.074166260E0,-2.384092255E0
2.713923887E1,-1.031639694E1,-1.153800659E0,-2.686762848E0
2.714927888E1,-1.038061340E1,-1.072070618E0,-2.936293945E0
2.715931988E1,-1.027702881E1,-8.095166016E-1,-3.110681305E0
2.716935987E1,-9.888287201E0,-4.077520752E-1,-3.254681854E0
2.717939987E1,-9.221873016E0,-2.993774414E-3,-3.330424347E0
2.718944087E1,-8.503666534E0,3.246748352E-1,-3.328478394E0
2.719948087E1,-8.076903992E0,4.815486145E-1,-3.169808350E0
2.720952071E1,-7.736062775E0,6.620732117E-1,-3.003953247E0
2.721956171E1,-7.539072418E0,7.280859375E-1,-2.794987793E0
2.722960171E1,-7.574249268E0,7.146139526E-1,-2.517165527E0
2.723964171E1,-7.707472229E0,6.798861694E-1,-2.250420227E0
2.724968171E1,-7.789052582E0,5.992039490E-1,-2.048639832E0
2.725972271E1,-7.954907684E0,4.361929321E-1,-1.816173248E0
2.726976271E1,-8.310119019E0,3.197351074E-1,-1.609453125E0
2.727980271E1,-8.576415253E0,1.544787598E-1,-1.519041138E0
2.728984371E1,-8.900191956E0,9.819580078E-2,-1.564995575E0
2.729988371E1,-9.097182312E0,1.724414062E-1,-1.572030945E0
2.730992371E1,-9.004225616E0,2.987786865E-1,-1.533261566E0
2.731996471E1,-8.665330353E0,5.186714172E-1,-1.474583588E0
2.733000471E1,-8.133636017E0,8.292755127E-1,-1.403032379E0
2.734004471E1,-7.517367554E0,1.106499023E0,-1.276994476E0
2.735008571E1,-7.018604736E0,1.289268951E0,-1.114582214E0
2.736012571E1,-6.642586670E0,1.252595215E0,-8.717871094E-1
2.737016571E1,-6.510710907E0,1.206042023E0,-6.218069458E-1
2.738020571E1,-6.511609039E0,1.238524475E0,-4.755610657E-1
2.739024671E1,-6.603218536E0,1.274300079E0,-4.333488464E-1
2.740028671E1,-6.884333954E0,1.287472687E0,-3.397933960E-1
2.741032671E1,-7.457042999E0,1.490001526E0,-5.909710693E-1
2.742036771E1,-7.933651886E0,1.644779663E0,-1.047970734E0
2.743040771E1,-8.737779694E0,1.688638458E0,-1.301992493E0
2.744044771E1,-9.836794281E0,1.691033478E0,-1.429227905E0
2.745048871E1,-1.072654404E1,1.435514832E0,-1.432071991E0
2.746052871E1,-1.133547775E1,9.196875000E-1,-1.350341949E0
2.747056871E1,-1.197404984E1,2.670446777E-1,-1.160536652E0
2.748060871E1,-1.283955002E1,-2.706372070E-1,-8.866062927E-1
2.749064971E1,-1.375923752E1,-6.060896301E-1,-6.478527832E-1
2.750068971E1,-1.447774338E1,-8.884025574E-1,-3.354524231E-1
2.751072971E1,-1.492022324E1,-1.178798676E0,1.062789917E-2
2.752077071E1,-1.503293884E1,-1.462458801E0,3.083587646E-1
2.753081071E1,-1.470092926E1,-1.415306854E0,4.733157349E-1
2.754085071E1,-1.402613251E1,-5.072950745E-1,-1.749861145E-1
2.755089171E1,-1.306303528E1,6.982978821E-1,-1.738335114E0
2.756093171E1,-1.240635086E1,1.354233856E0,-3.356170807E0
2.757097171E1,-1.249511627E1,1.628463593E0,-4.978347473E0
2.758101271E1,-1.290705963E1,1.703158264E0,-6.085445251E0
2.759105271E1,-1.297801208E1,1.814227295E0,-6.508615265E0
2.760109271E1,-1.235111572E1,2.187101898E0,-6.746171265E0
2.761113371E1,-1.069840256E1,2.469863892E0,-6.634204102E0
2.762117371E1,-8.392597504E0,2.333198090E0,-6.454128571E0
2.763121371E1,-6.571334839E0,1.788480835E0,-6.109245758E0
2.764125371E1,-5.799988861E0,1.042881317E0,-5.509742432E0
2.765129471E1,-6.089636536E0,3.001258850E-1,-4.583169250E0
2.766133471E1,-7.085066528E0,-3.793112183E-1,-3.581452332E0
2.767137471E1,-8.330476685E0,-7.710466003E-1,-3.041525116E0
2.768141571E1,-9.347162476E0,-9.113049316E-1,-2.880010986E0
2.769145571E1,-1.020413040E1,-9.632469177E-1,-2.881058807E0
2.770149571E1,-1.101843704E1,-1.016835480E0,-2.819387054E0
2.771153671E1,-1.169757477E1,-6.978488159E-1,-2.645149384E0
2.772157671E1,-1.191058182E1,-1.504371643E-1,-2.451901245E0
2.773161671E1,-1.154279663E1,5.011578369E-1,-2.456391907E0
2.774165671E1,-1.084015778E1,1.171314240E0,-2.528541870E0
2.775169771E1,-9.739346924E0,1.512305145E0,-2.572101288E0
2.776173771E1,-8.704698486E0,1.716330872E0,-2.491269379E0
2.777177771E1,-7.591313782E0,1.721569977E0,-2.372566223E0
2.778181871E1,-6.569538574E0,1.642684021E0,-2.264940033E0
2.779185871E1,-5.849386139E0,1.338516541E0,-2.045945435E0
2.780189871E1,-5.239703979E0,8.726852417E-1,-1.876497803E0
2.781193971E1,-4.900659027E0,2.784210205E-1,-1.743723907E0
2.782197971E1,-4.725373535E0,-4.331991577E-1,-1.528471527E0
2.783201971E1,-4.697830811E0,-1.155297546E0,-1.250050507E0
2.784206071E1,-5.160069580E0,-1.796713715E0,-7.644602966E-1
2.785210071E1,-5.755830688E0,-2.392774200E0,-1.534309387E-1
2.786214071E1,-6.229894867E0,-2.658471680E0,2.348616028E-1
2.787218071E1,-6.700516205E0,-2.713706818E0,4.852908325E-1
2.788222171E1,-6.986870728E0,-2.658621368E0,6.592291260E-1
2.789226171E1,-7.119944000E0,-2.649789734E0,6.755451965E-1
2.790230171E1,-7.297474823E0,-2.692451019E0,5.956114197E-1
2.791234271E1,-7.530689850E0,-2.740800476E0,4.977149963E-1
2.792238271E1,-7.694449310E0,-2.647245026E0,4.417314148E-1
2.793242271E1,-7.727231140E0,-2.376607819E0,2.826123047E-1
2.794246371E1,-7.889793091E0,-1.982627106E0,1.648072815E-1
2.795250371E1,-8.247549133E0,-1.494641876E0,-4.565505981E-2
2.796254371E1,-8.683742065E0,-1.006207581E0,-2.570155334E-1
2.797258371E1,-9.260193329E0,-6.382727051E-1,-6.084846497E-1
2.798262471E1,-1.011252090E1,-3.718267822E-1,-1.178798676E0
2.799266471E1,-1.100212097E1,-2.251318359E-1,-1.697170715E0
2.800270471E1,-1.183409088E1,-5.613327026E-2,-2.170187073E0
2.801274571E1,-1.285436920E1,2.929408264E-1,-2.372416534E0
2.802278571E1,-1.382809433E1,6.307882690E-1,-2.071093140E0
2.803282571E1,-1.479089218E1,8.415499878E-1,-1.328487396E0
2.804286671E1,-1.532782562E1,5.791456604E-1,-3.381468201E-1
2.805290671E1,-1.519894363E1,-3.951782227E-2,5.574407959E-1
2.806294671E1,-1.457159821E1,-4.766088867E-1,9.836045837E-1
2.807298771E1,-1.306393341E1,-8.023315430E-1,4.523593140E-1
2.808302771E1,-1.065648972E1,-1.165925446E0,-1.421444092E0
2.809306771E1,-8.657546539E0,-1.350042572E0,-3.895050201E0
2.810310871E1,-8.162975006E0,-2.017654266E0,-5.939498749E0
2.811314871E1,-9.282946014E0,-3.309318237E0,-7.037615204E0
2.812318871E1,-1.057146652E1,-3.969146118E0,-7.683222656E0
2.813322871E1,-1.166928360E1,-3.699706421E0,-8.220006409E0
2.814326971E1,-1.290661057E1,-3.557352448E0,-8.271499329E0
2.815330971E1,-1.346794327E1,-3.659889221E0,-7.905061340E0
2.816334971E1,-1.357646759E1,-2.743045807E0,-8.089178467E0
2.817339071E1,-1.338396790E1,-6.477030945E-1,-8.832233276E0
2.818343071E1,-1.312620392E1,1.705253906E0,-8.986712036E0
2.819347071E1,-1.325778030E1,2.849773865E0,-7.919880524E0
2.820351250E1,-1.351584366E1,2.793490906E0,-6.246809692E0
2.821355250E1,-1.321002960E1,2.333647156E0,-4.706512756E0
2.822359250E1,-1.241488312E1,1.768721924E0,-3.313359833E0
2.823363250E1,-1.147423920E1,1.196911011E0,-2.055076447E0
2.824367350E1,-1.043285477E1,5.816903687E-1,-1.090033264E0
2.825371350E1,-9.017547913E0,-4.953199768E-1,-4.619393921E-1
2.826375350E1,-7.807913361E0,-1.950144653E0,-3.218307495E-2
2.827379450E1,-6.916067963E0,-3.250490570E0,1.347198486E-1
2.828383450E1,-6.245312805E0,-4.179907837E0,4.056564331E-2
2.829387450E1,-5.741610260E0,-4.607568512E0,-1.920506287E-1
2.830391550E1,-5.177882538E0,-4.640799408E0,-4.323010254E-1
2.831395550E1,-4.575535126E0,-4.378395081E0,-6.454577637E-1
2.832399550E1,-3.982019348E0,-3.860023041E0,-9.617500305E-1
2.833403650E1,-3.503165131E0,-3.090623016E0,-1.551074524E0
2.834407650E1,-2.674638062E0,-2.077529755E0,-2.046244812E0
2.835411650E1,-2.237696686E0,-1.053808594E0,-2.327809296E0
2.836415650E1,-2.849773865E0,2.168989563E-1,-2.327210541E0
2.837419750E1,-3.759432220E0,1.574425964E0,-2.036065979E0
2.838423750E1,-4.562063141E0,2.583178253E0,-1.622925110E0
2.839427750E1,-5.174739075E0,3.164718933E0,-1.172511749E0
2.840431850E1,-5.851781158E0,3.434008942E0,-7.705975342E-1
2.841435850E1,-6.565047913E0,3.586691437E0,-5.013075256E-1
2.842439850E1,-7.240144043E0,3.736829224E0,-4.191284180E-1
2.843443950E1,-7.907905426E0,3.837719421E0,-4.625381470E-1
2.844447950E1,-8.407566376E0,3.615731049E0,-4.834945679E-1
2.845451950E1,-8.752000122E0,3.074606323E0,-5.541476440E-1
2.846456050E1,-8.933572540E0,2.260748749E0,-6.005511475E-1
2.847460050E1,-9.089398499E0,1.261426849E0,-6.915618896E-1
2.848464050E1,-9.318272552E0,3.213816833E-1,-7.952961731E-1
2.849468150E1,-9.731712799E0,-3.936813354E-1,-6.999444580E-1
2.850472150E1,-1.024379791E1,-8.559201050E-1,-4.496649170E-1
2.851476150E1,-1.065274750E1,-1.131347351E0,-3.162922668E-1
2.852480150E1,-1.105406296E1,-1.348545685E0,-5.833369446E-1
2.853484250E1,-1.148217270E1,-1.557062073E0,-1.061442719E0
2.854488250E1,-1.247490829E1,-1.819316711E0,-1.280137939E0
2.855492250E1,-1.405876465E1,-1.842368774E0,-1.132993927E0
2.856496350E1,-1.567749847E1,-1.524130554E0,-5.869294739E-1
2.857500350E1,-1.658281586E1,-9.675878906E-1,4.460723877E-2
2.858504350E1,-1.644929352E1,-4.622387695E-1,2.323168945E-1
2.859508450E1,-1.524504776E1,1.181044006E-1,-6.191125488E-1
2.860512450E1,-1.358275452E1,1.063688049E0,-2.511477356E0
2.861516450E1,-1.197644485E1,1.115630035E0,-4.585115204E0
2.862520550E1,-1.162273041E1,9.967771912E-1,-6.665039978E0
2.863524550E1,-1.275497589E1,2.233355713E0,-8.991651764E0
2.864528550E1,-1.318458252E1,3.513343964E0,-1.032058823E1
2.865532550E1,-1.298834061E1,3.769311676E0,-1.031490005E1
2.866536650E1,-1.225247086E1,3.686084747E0,-9.760153656E0
2.867540650E1,-1.068822372E1,3.287763062E0,-9.317823486E0
2.868544650E1,-9.084458771E0,2.271975403E0,-8.929081879E0
2.869548750E1,-8.444689178E0,5.135820007E-1,-8.510851593E0
2.870552750E1,-9.104816437E0,-1.278341675E0,-7.611970825E0
2.871556750E1,-1.039258850E1,-2.216291199E0,-6.400090942E0
2.872560850E1,-1.136556519E1,-2.417921906E0,-5.335804138E0
2.873564850E1,-1.199156342E1,-2.328557739E0,-4.381538544E0
2.874568850E1,-1.219334381E1,-2.296524353E0,-3.600313110E0
2.875572950E1,-1.182091827E1,-2.231709137E0,-2.845881958E0
2.876576950E1,-1.100017502E1,-2.006427612E0,-1.954036560E0
2.877580950E1,-1.012195129E1,-1.175655212E0,-1.251846771E0
2.878584950E1,-9.040899353E0,7.469467163E-2,-8.655001831E-1
2.879589050E1,-7.806416473E0,1.177601166E0,-6.170169067E-1
2.880593050E1,-6.564598846E0,1.992356873E0,-5.200186157E-1
2.881597050E1,-5.612728271E0,2.359992371E0,-5.412744141E-1
2.882601150E1,-4.761298828E0,2.338586884E0,-6.231541443E-1
2.883605150E1,-3.997886353E0,2.031425629E0,-7.714956665E-1
2.884609150E1,-3.388204193E0,1.454076233E0,-1.090781708E0
2.885613250E1,-3.069217529E0,7.289840698E-1,-1.342707825E0
2.886617250E1,-3.007096710E0,-9.565109253E-2,-1.451830902E0
2.887621250E1,-2.974614258E0,-8.349636841E-1,-1.369801483E0
2.888625350E1,-3.112776947E0,-1.483564911E0,-1.127455444E0
2.889629350E1,-3.862567749E0,-2.033670959E0,-8.183482361E-1
2.890633350E1,-4.843477936E0,-2.484084320E0,-4.483177185E-1
2.891637350E1,-5.579497375E0,-2.763852539E0,-2.189945984E-1
2.892641450E1,-6.270909576E0,-2.827619934E0,-5.957611084E-2
2.893645450E1,-6.955286407E0,-2.742297363E0,1.513352966E-1
2.894649450E1,-7.572453003E0,-2.528990936E0,3.177891541E-1
2.895653550E1,-8.143066406E0,-2.376458130E0,3.863465881E-1
2.896657550E1,-8.576864319E0,-2.288740540E0,3.218307495E-1
2.897661550E1,-8.884774017E0,-2.170785828E0,8.637039185E-2
2.898665650E1,-9.139095154E0,-2.008523254E0,-2.305206299E-1
2.899669650E1,-9.406588898E0,-1.676214294E0,-4.575984192E-1
2.900673650E1,-9.711804199E0,-1.149908752E0,-4.399351501E-1
2.901677750E1,-1.000788849E1,-6.035449219E-1,-2.990780640E-1
2.902681750E1,-1.037537430E1,-1.823208618E-1,-2.688409424E-1
2.903685750E1,-1.074854828E1,-3.891906738E-2,-4.559518433E-1
2.904689750E1,-1.125374771E1,-4.610412598E-2,-1.001567230E0
2.905693850E1,-1.192450287E1,-5.448669434E-2,-1.511407013E0
2.906697850E1,-1.273207352E1,-1.167572021E-1,-1.606309662E0
2.907701850E1,-1.330119003E1,-5.616320801E-1,-1.212628326E0
2.908705950E1,-1.373199417E1,-1.648372192E0,-3.987707520E-1
2.909709950E1,-1.465886673E1,-2.268233185E0,7.068301392E-1
2.910713950E1,-1.484507950E1,-2.192939758E0,1.392105103E0
2.911718050E1,-1.389605301E1,-1.914668427E0,1.219963074E0
2.912722050E1,-1.180355438E1,-1.655706940E0,-9.580078125E-3
2.913726050E1,-9.288484497E0,-1.063837738E0,-2.580932922E0
2.914730150E1,-7.702981567E0,-5.593867493E-1,-4.860542450E0
2.915734150E1,-7.109914856E0,-8.387059021E-1,-6.026168518E0
2.916738150E1,-7.499404907E0,-1.985770569E0,-6.927893372E0
2.917742250E1,-9.100924530E0,-2.837948456E0,-7.935448151E0
2.918746250E1,-1.210353058E1,-2.896776123E0,-8.815168762E0
2.919750250E1,-1.356913284E1,-2.729274445E0,-9.188791809E0
2.920754200E1,-1.390997406E1,-2.396516418E0,-9.076974335E0
2.921758300E1,-1.443702805E1,-1.304537201E0,-9.369017029E0
2.922762300E1,-1.485915024E1,6.924600220E-1,-9.893975372E0
2.923766300E1,-1.556044189E1,2.704575806E0,-9.910441132E0
2.924770400E1,-1.611114670E1,3.654350739E0,-8.878487091E0
2.925774400E1,-1.607462265E1,3.723806305E0,-6.959777069E0
2.926778400E1,-1.494552063E1,3.386557617E0,-4.921465759E0
2.927782500E1,-1.334639603E1,2.843337250E0,-3.160827026E0
2.928786500E1,-1.166404449E1,2.036065979E0,-1.888772278E0
2.929790500E1,-9.980345764E0,5.020559692E-1,-1.008153534E0
2.930794600E1,-8.476572876E0,-1.389111328E0,-3.219804382E-1
2.931798600E1,-7.450157318E0,-3.148402863E0,2.580633545E-1
2.932802600E1,-6.712042236E0,-4.497996368E0,6.005511475E-1
2.933806700E1,-6.155948639E0,-5.298082581E0,6.418652344E-1
2.934810700E1,-5.607638855E0,-5.511838074E0,4.947212219E-1
2.935814700E1,-5.056934052E0,-5.283263397E0,1.496887207E-1
2.936818700E1,-4.339476013E0,-4.708458710E0,-2.342628479E-1
2.937822800E1,-3.705394592E0,-3.948489075E0,-5.146298218E-1
2.938826800E1,-3.225642242E0,-3.046165466E0,-7.987390137E-1
2.939830800E1,-2.890339508E0,-1.973047028E0,-1.164727936E0
2.940834900E1,-2.761158142E0,-7.590715027E-1,-1.567989349E0
2.941838900E1,-2.571951599E0,3.183879089E-1,-1.642983398E0
2.942842900E1,-2.769091644E0,1.152752838E0,-1.414259033E0
2.943847000E1,-3.439697113E0,1.886077881E0,-1.057101746E0
2.944851000E1,-4.332440643E0,2.558180237E0,-6.589297485E-1
2.945855000E1,-5.262456665E0,3.001109161E0,-2.878514099E-1
2.946859100E1,-6.052513733E0,3.194357300E0,-5.149291992E-2
2.947863100E1,-6.811734924E0,3.351829834E0,-5.403762817E-2
2.948867100E1,-7.424859924E0,3.504961395E0,-1.053808594E-1
2.949871100E1,-7.970774689E0,3.510200500E0,-1.884580994E-1
2.950875200E1,-8.340805206E0,3.350632324E0,-3.670367432E-1
2.951879200E1,-8.348888397E0,2.984344025E0,-5.614823914E-1
2.952883200E1,-8.265212402E0,2.422113190E0,-7.438032532E-1
2.953887300E1,-8.478518829E0,1.826352081E0,-8.425978088E-1
2.954891300E1,-9.028026123E0,1.137334900E0,-6.381230164E-1
2.955895300E1,-9.664951630E0,3.106040955E-1,-4.507127380E-1
2.956899400E1,-1.052176987E1,-4.686753845E-1,-5.007087708E-1
2.957903400E1,-1.156599838E1,-1.138831787E0,-5.963598633E-1
2.958907400E1,-1.267534149E1,-1.760189667E0,-6.770420837E-1
2.959911500E1,-1.396446075E1,-2.115101624E0,-7.390132141E-1
2.960915500E1,-1.542018356E1,-2.257605286E0,-6.828799438E-1
2.961919500E1,-1.693697937E1,-2.061962128E0,-4.556524658E-1
2.962923600E1,-1.785951096E1,-1.632954254E0,9.654922485E-2
2.963927600E1,-1.773347305E1,-1.319506073E0,6.465055847E-1
2.964931600E1,-1.646261581E1,-1.054407349E0,6.179150391E-1
2.965935600E1,-1.384231476E1,-6.503974915E-1,-9.569599915E-1
2.966939700E1,-1.138262970E1,-3.529660034E-1,-3.375929718E0
2.967943700E1,-1.037657181E1,-6.481521606E-2,-5.646707611E0
2.968947700E1,-1.119462067E1,8.646020508E-1,-7.620652771E0
2.969951800E1,-1.303130127E1,2.365381165E0,-9.296118622E0
2.970955800E1,-1.336211334E1,3.562292175E0,-1.055859329E1
2.971959800E1,-1.304222855E1,3.892056427E0,-1.023825943E1
2.972963900E1,-1.183633621E1,3.593128052E0,-9.444011078E0
2.973967900E1,-9.780810699E0,3.088976440E0,-9.133856049E0
2.974971900E1,-8.323890381E0,1.791025543E0,-8.752598877E0
2.975976000E1,-8.447832642E0,-4.047583008E-1,-7.931855621E0
2.976980000E1,-9.673034821E0,-2.165696411E0,-6.564898224E0
2.977984000E1,-1.099074463E1,-2.485581207E0,-5.396128693E0
2.978988000E1,-1.194216614E1,-2.165097656E0,-4.641098785E0
2.979992100E1,-1.220322327E1,-1.861079865E0,-4.303251343E0
2.980996100E1,-1.197749268E1,-1.759441223E0,-3.895499268E0
2.982000100E1,-1.162362854E1,-1.553619232E0,-3.066822510E0
2.983004200E1,-1.114357681E1,-8.039781189E-1,-2.195185089E0
2.984008200E1,-1.026535309E1,4.165837097E-1,-1.594334564E0
2.985012200E1,-9.121431885E0,1.674567719E0,-1.103654938E0
2.986016300E1,-7.840545502E0,2.635120239E0,-6.366261292E-1
2.987020300E1,-6.591842194E0,3.133883057E0,-3.869453430E-1
2.988024300E1,-5.628146210E0,3.211272125E0,-3.793112183E-1
2.989028400E1,-4.739444275E0,2.840792542E0,-3.933819580E-1
2.990032400E1,-3.853586426E0,2.253563690E0,-7.194039917E-1
2.991036400E1,-3.141816559E0,1.517394562E0,-1.033899994E0
2.992040500E1,-2.777923279E0,6.122268677E-1,-1.266665955E0
2.993044500E1,-2.507735138E0,-4.007167053E-1,-1.217418365E0
2.994048500E1,-2.007774811E0,-1.198407898E0,-1.015188904E0
2.995052500E1,-1.871857452E0,-2.007176056E0,-3.995191956E-1
2.996056600E1,-2.471360779E0,-2.939287720E0,4.989125061E-1
2.997060600E1,-3.354973297E0,-3.694018250E0,1.091081085E0
2.998064600E1,-4.204756165E0,-4.174369354E0,1.229243774E0
2.999068700E1,-5.453908539E0,-4.355043640E0,1.117426300E0
3.000072700E1,-6.811285858E0,-4.146976318E0,9.798623657E-1
3.001076700E1,-7.915539551E0,-3.687282257E0,9.547146606E-1
3.002080800E1,-8.749006348E0,-3.204835510E0,9.355545044E-1
3.003084800E1,-9.257049866E0,-2.826572113E0,7.235952759E-1
3.004088800E1,-9.605076141E0,-2.486179962E0,4.055067444E-1
3.005092900E1,-9.823172607E0,-2.055824890E0,-4.939727783E-2
3.006096900E1,-9.792187042E0,-1.605860596E0,-5.269042969E-1
3.007100900E1,-9.801916809E0,-1.116528168E0,-8.566685486E-1
3.008105000E1,-9.996811523E0,-7.551795959E-1,-8.963360596E-1
3.009109000E1,-1.040665924E1,-5.343887329E-1,-7.137158203E-1
3.010113000E1,-1.067954178E1,-4.099974060E-1,-6.559359741E-1
3.011117000E1,-1.099792969E1,-3.317102051E-1,-9.386979675E-1
3.012121100E1,-1.174607391E1,-2.160008240E-1,-1.453627167E0
3.013125100E1,-1.290047333E1,-9.729766846E-3,-1.690734100E0
3.014129100E1,-1.411998734E1,1.225950623E-1,-1.363065491E0
3.015133200E1,-1.494312561E1,-2.168989563E-1,-5.189707947E-1
3.016137200E1,-1.527588364E1,-1.306782532E0,5.147795105E-1
3.017141200E1,-1.539563461E1,-2.116598511E0,1.199755096E0
3.018145300E1,-1.427955551E1,-2.662513275E0,7.370672607E-1
3.019149300E1,-1.223001755E1,-3.045566711E0,-1.058898010E0
3.020153300E1,-1.018047958E1,-3.082839203E0,-3.369493103E0
3.021157433E1,-9.050329742E0,-3.080893250E0,-5.499264221E0
3.022161433E1,-9.589957581E0,-3.401376801E0,-6.734794922E0
3.023165433E1,-1.148486710E1,-3.809428253E0,-7.442523193E0
3.024169533E1,-1.301648209E1,-3.553310852E0,-8.482111359E0
3.025173533E1,-1.402942566E1,-2.539768524E0,-9.304501190E0
3.026177533E1,-1.409229492E1,-1.974543915E0,-9.368867340E0
3.027181533E1,-1.321721466E1,-1.270408173E0,-9.568701782E0
3.028185633E1,-1.253149063E1,1.161584473E-1,-9.784852295E0
3.029189633E1,-1.255199799E1,1.905537415E0,-9.595496063E0
3.030193633E1,-1.296618668E1,3.024909668E0,-8.706943817E0
3.031197733E1,-1.352961502E1,3.212769012E0,-7.158563690E0
3.032201733E1,-1.376941635E1,3.062331848E0,-5.406008148E0
3.033205733E1,-1.323412949E1,2.674188995E0,-3.713627472E0
3.034209833E1,-1.226998444E1,2.155367889E0,-2.340083771E0
3.035213833E1,-1.112726074E1,1.542691956E0,-1.262324982E0
3.036217833E1,-1.001597168E1,3.694317627E-1,-5.962101746E-1
3.037221933E1,-8.775800629E0,-1.247655487E0,-3.204835510E-1
3.038225933E1,-7.808811493E0,-2.870730286E0,-2.032772827E-1
3.039229933E1,-7.247927856E0,-4.218976593E0,-1.139131165E-1
3.040234033E1,-6.767726440E0,-4.982838135E0,-1.115180969E-1
3.041238033E1,-6.261179810E0,-5.236111450E0,-2.417472839E-1
3.042242033E1,-5.609884186E0,-5.057682495E0,-4.073030090E-1
3.043246033E1,-4.776567078E0,-4.513264618E0,-6.385720825E-1
3.044250133E1,-3.952081604E0,-3.698957977E0,-8.870553589E-1
3.045254133E1,-3.247945862E0,-2.596350861E0,-1.234931946E0
3.046258133E1,-2.816093903E0,-1.330283661E0,-1.562750244E0
3.047262233E1,-2.780917053E0,2.718347168E-1,-1.786834259E0
3.048266233E1,-2.465373230E0,1.721569977E0,-1.647923126E0
3.049270233E1,-2.332150269E0,2.671494598E0,-1.085991669E0
3.050274333E1,-2.889141998E0,3.203638000E0,-4.061054993E-1
3.051278333E1,-3.505859528E0,3.651207275E0,5.777984619E-2
3.052282333E1,-3.992347870E0,4.052672424E0,2.793191528E-1
3.053286433E1,-4.546645203E0,4.225862274E0,3.558100891E-1
3.054290433E1,-5.231022034E0,4.087100830E0,4.330494690E-1
3.055294433E1,-6.057004395E0,3.900139618E0,3.683839417E-1
3.056298433E1,-6.944808197E0,3.591631165E0,2.607577515E-1
3.057302533E1,-7.681576080E0,3.033591614E0,1.528321838E-1
3.058306533E1,-8.432414703E0,2.247875519E0,7.484436035E-4
3.059310533E1,-9.171427917E0,1.409019928E0,-1.103205872E-1
3.060314633E1,-1.002944366E1,7.250921631E-1,-3.592529297E-3
3.061318633E1,-1.102083206E1,2.674937439E-1,1.610650635E-1
3.062322633E1,-1.195743439E1,-1.293310547E-1,9.116043091E-2
3.063326733E1,-1.281006134E1,-7.294331360E-1,-2.612068176E-1
3.064330733E1,-1.373229355E1,-1.410816193E0,-7.664062500E-1
3.065334733E1,-1.443612991E1,-2.067799988E0,-1.602866821E0
3.066338833E1,-1.484747452E1,-2.558778992E0,-2.327509918E0
3.067342833E1,-1.533950134E1,-2.807411957E0,-2.065704346E0
3.068346833E1,-1.576596451E1,-2.572101288E0,-1.335522766E0
3.069350933E1,-1.561268326E1,-1.801952820E0,-4.719685364E-1
3.070354933E1,-1.494836472E1,-7.979905701E-1,3.037184143E-1
3.071358933E1,-1.354593109E1,7.574249268E-2,3.224295044E-1
3.072362933E1,-1.191507248E1,1.102607117E0,-1.040935364E0
3.073367033E1,-1.082848206E1,1.414857788E0,-2.680775299E0
3.074371033E1,-1.067535049E1,1.268611908E0,-4.230502625E0
3.075375033E1,-1.179217804E1,1.898052979E0,-6.684200134E0
3.076379133E1,-1.325598404E1,3.166066132E0,-8.994645538E0
3.077383133E1,-1.396326324E1,3.646417236E0,-9.961335297E0
3.078387133E1,-1.353051315E1,3.372786255E0,-9.938881989E0
3.079391233E1,-1.222028778E1,2.858755188E0,-9.379794617E0
3.080395233E1,-1.080468155E1,2.189945984E0,-8.626710663E0
3.081399233E1,-9.405092010E0,7.622149658E-1,-8.191266174E0
3.082403333E1,-9.137598267E0,-1.274150391E0,-7.579188995E0
3.083407333E1,-1.020892044E1,-2.737956390E0,-6.569388885E0
3.084411333E1,-1.145043869E1,-3.222199402E0,-5.553900604E0
3.085415333E1,-1.210203369E1,-2.981350250E0,-4.777465210E0
3.086419433E1,-1.224543549E1,-2.457140350E0,-4.211492157E0
3.087423433E1,-1.197779205E1,-2.074386292E0,-3.617527313E0
3.088427433E1,-1.117650833E1,-1.834435272E0,-2.722089386E0
3.089431533E1,-1.021086639E1,-1.143322449E0,-1.823957062E0
3.090435533E1,-9.314979401E0,1.342707825E-1,-1.123713226E0
3.091439533E1,-8.503067780E0,1.622326355E0,-6.671626282E-1
3.092443633E1,-7.644902344E0,3.040028229E0,-5.722599792E-1
3.093447633E1,-6.744674377E0,3.971391449E0,-5.721102905E-1
3.094451633E1,-5.785469055E0,4.186194763E0,-6.822811890E-1
3.095455733E1,-4.840783539E0,3.779191132E0,-8.366102600E-1
3.096459733E1,-3.976181488E0,3.065625000E0,-1.128353577E0
3.097463733E1,-3.449576569E0,1.928439789E0,-1.430724792E0
3.098467833E1,-3.236569519E0,6.259982300E-1,-1.736838226E0
3.099471833E1,-3.129242706E0,-5.159770203E-1,-2.076781311E0
3.100475833E1,-2.962788849E0,-1.601519623E0,-2.083517303E0
3.101479833E1,-3.106040955E0,-2.592309265E0,-1.685644684E0
3.102483933E1,-3.567680969E0,-3.375929718E0,-1.044228516E0
3.103487933E1,-4.286635895E0,-3.933370514E0,-3.734733582E-1
3.104491933E1,-4.942422180E0,-4.142335968E0,1.431024170E-1
3.105496033E1,-5.494474182E0,-4.107308807E0,5.261558533E-1
3.106500033E1,-6.063890076E0,-3.910019073E0,7.755372620E-1
3.107504033E1,-6.743476868E0,-3.546425171E0,9.136999512E-1
3.108508133E1,-7.429649963E0,-3.130589905E0,9.442364502E-1
3.109512133E1,-7.973768463E0,-2.851570129E0,8.104147339E-1
3.110516133E1,-8.468489685E0,-2.566562805E0,5.441184998E-1
3.111520233E1,-8.849597168E0,-2.118694153E0,1.538800049E-1
3.112524233E1,-9.173074493E0,-1.556313629E0,-1.814227295E-1
3.113528233E1,-9.654174042E0,-9.767189026E-1,-4.397854614E-1
3.114532233E1,-1.015308655E1,-4.872367859E-1,-5.041516113E-1
3.115536333E1,-1.057850189E1,-2.453398132E-1,-5.339396667E-1
3.116540333E1,-1.105436234E1,-1.904040527E-1,-8.249345398E-1
3.117544333E1,-1.192734695E1,-1.637594604E-1,-1.409169617E0
3.118548433E1,-1.309372147E1,5.703140259E-2,-1.789977722E0
3.119552433E1,-1.436113586E1,3.225791931E-1,-1.644929352E0
3.120556433E1,-1.528890656E1,2.880010986E-1,-1.006207581E0
3.121560496E1,-1.578512466E1,-3.561094666E-1,-1.199006653E-1
3.122564496E1,-1.598615662E1,-1.312171326E0,6.939569092E-1
3.123568496E1,-1.550505707E1,-1.701212311E0,8.427474976E-1
3.124572596E1,-1.375908783E1,-1.835483093E0,-8.262817383E-2
3.125576596E1,-1.126302841E1,-1.802102509E0,-2.022743683E0
3.126580596E1,-9.225016479E0,-1.582060089E0,-3.998634796E0
3.127584596E1,-8.790021057E0,-1.731150055E0,-5.270689545E0
3.128588696E1,-9.810299377E0,-2.843486938E0,-6.029611359E0
3.129592696E1,-1.111199249E1,-3.725003815E0,-7.011419678E0
3.130596696E1,-1.239976456E1,-3.142565002E0,-7.841443634E0
3.131600796E1,-1.305330551E1,-2.458487549E0,-8.427175598E0
3.132604796E1,-1.266531235E1,-2.158211975E0,-8.766819305E0
3.133608796E1,-1.239482483E1,-1.455124054E0,-9.149423676E0
3.134612896E1,-1.259076736E1,-1.468446350E-1,-9.227860565E0
3.135616896E1,-1.290601181E1,1.363514557E0,-8.856632538E0
3.136620896E1,-1.350746109E1,2.060016174E0,-7.932005310E0
3.137624996E1,-1.406310562E1,2.220332794E0,-6.621929626E0
3.138628996E1,-1.407508072E1,2.218237152E0,-5.111420746E0
3.139632996E1,-1.343965210E1,2.023791504E0,-3.695664825E0
3.140637096E1,-1.247430954E1,1.750609589E0,-2.389331360E0
3.141641096E1,-1.131841324E1,1.233435059E0,-1.354383545E0
3.142645096E1,-1.004561005E1,2.077679443E-1,-7.668553162E-1
3.143649096E1,-8.824748840E0,-1.199755096E0,-4.418811035E-1
3.144653196E1,-7.972421265E0,-2.565365295E0,-2.656974792E-1
3.145657196E1,-7.295828247E0,-3.541186066E0,-2.480342102E-1
3.146661196E1,-6.677613831E0,-4.113895111E0,-3.516188049E-1
3.147665296E1,-5.911806335E0,-4.241130524E0,-4.284091187E-1
3.148669296E1,-4.914280701E0,-4.013603668E0,-4.581971741E-1
3.149673296E1,-3.942651215E0,-3.626808014E0,-5.269042969E-1
3.150677396E1,-3.204087067E0,-3.187172241E0,-6.427633667E-1
3.151681396E1,-2.581681366E0,-2.553090820E0,-8.604107666E-1
3.152685396E1,-2.145039368E0,-1.815724182E0,-1.130299530E0
3.153689496E1,-1.942660217E0,-9.291178894E-1,-1.292113037E0
3.154693496E1,-2.219135284E0,1.796264648E-1,-1.157542877E0
3.155697496E1,-2.630330200E0,1.384171600E0,-6.770420837E-1
3.156701496E1,-3.049907684E0,2.235750732E0,-4.819976807E-2
3.157705596E1,-3.979474640E0,2.823278961E0,3.691323853E-1
3.158709596E1,-5.063520355E0,3.331322479E0,7.065307617E-1
3.159713596E1,-5.851481781E0,3.669169922E0,8.786727905E-1
3.160717696E1,-6.503675537E0,3.730542297E0,7.568261719E-1
3.161721696E1,-7.169790344E0,3.524420929E0,4.264631653E-1
3.162725696E1,-7.964637451E0,3.344495087E0,-1.362167358E-2
3.163729796E1,-8.619675293E0,3.011287994E0,-6.872209167E-1
3.164733796E1,-9.199419708E0,2.541415100E0,-1.465003510E0
3.165737796E1,-9.858199768E0,2.036215668E0,-1.939816132E0
3.166741896E1,-1.061412781E1,1.555415497E0,-1.832639008E0
3.167745896E1,-1.139310791E1,1.015188904E0,-1.291514282E0
3.168749896E1,-1.203512283E1,5.313949585E-1,-9.324110413E-1
3.169753896E1,-1.248448837E1,4.700225830E-2,-8.223898315E-1
3.170757996E1,-1.272249344E1,-3.655398560E-1,-1.017733612E0
3.171761996E1,-1.296558792E1,-7.432044983E-1,-1.142723694E0
3.172765996E1,-1.356404343E1,-1.069376221E0,-7.367678833E-1
3.173770096E1,-1.438897797E1,-1.121018829E0,7.035369873E-3
3.174774096E1,-1.503922577E1,-7.232958984E-1,6.821315002E-1
3.175778096E1,-1.518592072E1,-1.107696533E-1,1.242266693E0
3.176782196E1,-1.456785599E1,1.513352966E-1,1.607507172E0
3.177786196E1,-1.335807175E1,3.504212952E-1,1.176852722E0
3.178790196E1,-1.187420746E1,5.770500183E-1,-2.484832764E-1
3.179794296E1,-1.133293304E1,4.137396240E-1,-1.622326355E0
3.180798296E1,-1.160027710E1,2.058219910E-1,-3.632047119E0
3.181802296E1,-1.240994339E1,9.342073059E-1,-6.791227570E0
3.182806396E1,-1.391401566E1,2.628833313E0,-9.286089478E0
3.183810396E1,-1.434706512E1,3.677253113E0,-1.067115921E1
3.184814396E1,-1.365041382E1,3.690425720E0,-1.095272369E1
3.185818396E1,-1.249900818E1,3.296744385E0,-1.046863037E1
3.186822496E1,-1.088895630E1,2.545756073E0,-9.671687622E0
3.187826496E1,-9.193282471E0,1.141825562E0,-9.078620911E0
3.188830496E1,-8.874894562E0,-9.530680847E-1,-8.195158081E0
3.189834596E1,-9.891131287E0,-2.788850555E0,-6.538253632E0
3.190838596E1,-1.111034592E1,-3.438649292E0,-5.236560516E0
3.191842596E1,-1.189291855E1,-3.196902008E0,-4.475543060E0
3.192846696E1,-1.184591629E1,-2.824326782E0,-4.046834564E0
3.193850696E1,-1.143322449E1,-2.492317200E0,-3.564088440E0
3.194854696E1,-1.069136719E1,-2.170486450E0,-2.861000519E0
3.195858796E1,-9.818681946E0,-1.531016235E0,-2.028132477E0
3.196862796E1,-9.148076477E0,-3.544628906E-1,-1.377585297E0
3.197866796E1,-8.442443848E0,9.601034546E-1,-9.541159058E-1
3.198870796E1,-7.625891876E0,2.131417694E0,-6.756948853E-1
3.199874896E1,-6.891519012E0,2.952909393E0,-5.228627014E-1
3.200878896E1,-6.327342224E0,3.314856720E0,-5.301974487E-1
3.201882896E1,-5.855223999E0,3.050955505E0,-5.430706787E-1
3.202886996E1,-5.312153320E0,2.395917664E0,-7.334747314E-1
3.203890996E1,-4.816833344E0,1.477427673E0,-1.108894043E0
3.204894996E1,-4.345313873E0,4.547543335E-1,-1.372495880E0
3.205899096E1,-4.006717987E0,-4.614903259E-1,-1.551523590E0
3.206903096E1,-3.831582184E0,-1.159339142E0,-1.426683197E0
3.207907096E1,-3.591331787E0,-1.820214844E0,-9.886940002E-1
3.208911196E1,-3.621119843E0,-2.526745605E0,-3.903881836E-1
3.209915196E1,-4.105512543E0,-3.145558777E0,2.040257263E-1
3.210919196E1,-4.777165833E0,-3.444487152E0,6.207591248E-1
3.211923196E1,-5.476810913E0,-3.456013184E0,8.997789001E-1
3.212927296E1,-6.105653229E0,-3.234473877E0,1.014590149E0
3.213931296E1,-6.659202118E0,-2.879262543E0,1.043031006E0
3.214935296E1,-7.177723846E0,-2.495011597E0,9.340576172E-1
3.215939396E1,-7.596702576E0,-2.068997498E0,7.015910339E-1
3.216943396E1,-8.026608582E0,-1.640289001E0,4.363426208E-1
3.217947396E1,-8.362659760E0,-1.263223114E0,1.911524963E-1
3.218951496E1,-8.676407318E0,-8.872050476E-1,-3.427871704E-2
3.219955496E1,-9.033714294E0,-5.291496277E-1,-3.573069763E-1
3.220959546E1,-9.524543610E0,-2.242337036E-1,-5.456153870E-1
3.221963646E1,-1.006012985E1,-7.334747314E-3,-6.180647278E-1
3.222967646E1,-1.045066772E1,-3.562591553E-2,-6.935078430E-1
3.223971646E1,-1.080228653E1,-2.296224976E-1,-9.128018188E-1
3.224975746E1,-1.132335297E1,-4.326004028E-1,-1.337768097E0
3.225979746E1,-1.224483673E1,-6.879693604E-1,-1.634451141E0
3.226983746E1,-1.334699478E1,-1.131197662E0,-1.569785614E0
3.227987746E1,-1.418195847E1,-1.978136444E0,-1.048569489E0
3.228991846E1,-1.484088821E1,-2.945125580E0,-2.056723022E-1
3.229995846E1,-1.552451660E1,-3.349135437E0,8.238867188E-1
3.230999846E1,-1.559636719E1,-3.086880798E0,1.620679779E0
3.232003946E1,-1.450124451E1,-2.751877441E0,1.707798615E0
3.233007946E1,-1.221998840E1,-2.444267120E0,8.616082764E-1
3.234011946E1,-9.608219604E0,-1.797312469E0,-1.079105988E0
3.235016046E1,-7.818840637E0,-1.025218048E0,-3.346740417E0
3.236020046E1,-7.104076996E0,-1.159937897E0,-4.917124786E0
3.237024046E1,-7.388485565E0,-2.247725830E0,-5.961802368E0
3.238028146E1,-8.603209534E0,-3.221750336E0,-7.114255829E0
3.239032146E1,-1.098640366E1,-2.960842896E0,-7.936346283E0
3.240036146E1,-1.269315445E1,-2.280208282E0,-8.404871979E0
3.241040146E1,-1.345551910E1,-2.209555206E0,-8.279432831E0
3.242044246E1,-1.412402893E1,-1.439107361E0,-8.369246063E0
3.243048246E1,-1.433089874E1,1.839674377E-1,-8.721463623E0
3.244052246E1,-1.446292419E1,2.223326569E0,-8.953780518E0
3.245056346E1,-1.506631943E1,3.626358948E0,-8.699010315E0
3.246060346E1,-1.576237198E1,4.103716278E0,-7.621999969E0
3.247064346E1,-1.577629303E1,3.892355804E0,-5.981411591E0
3.248068446E1,-1.498788254E1,3.281326447E0,-4.082909546E0
3.249072446E1,-1.363843872E1,2.622097321E0,-2.464325409E0
3.250076446E1,-1.225741058E1,1.857337646E0,-1.264570312E0
3.251080546E1,-1.067505112E1,7.191046143E-1,-5.782475281E-1
3.252084546E1,-8.844208374E0,-9.695338440E-1,-2.395019531E-1
3.253088546E1,-7.396718445E0,-2.701582031E0,3.293151855E-2
3.254092646E1,-6.554270325E0,-4.068090363E0,2.694396973E-1
3.255096646E1,-5.895340576E0,-4.774770813E0,3.480262756E-1
3.256100646E1,-5.290448456E0,-4.855902100E0,2.926414490E-1
3.257104646E1,-4.670138397E0,-4.554878082E0,1.411564636E-1
3.258108746E1,-3.852388916E0,-3.981719971E0,-6.032455444E-2
3.259112746E1,-3.246598663E0,-3.285817108E0,-2.502795410E-1
3.260116746E1,-2.815794525E0,-2.510130157E0,-5.074447632E-1
3.261120846E1,-2.501448212E0,-1.654509430E0,-7.908055115E-1
3.262124846E1,-2.527344360E0,-6.629713440E-1,-1.080602875E0
3.263128846E1,-2.923570404E0,6.161187744E-1,-1.247954865E0
3.264132946E1,-2.897674255E0,1.644929352E0,-1.077160034E0
3.265136946E1,-3.559448090E0,2.291884003E0,-7.661068726E-1
3.266140946E1,-4.540058899E0,2.761457520E0,-5.191204834E-1
3.267145046E1,-5.452561340E0,2.999312897E0,-3.263214111E-1
3.268149046E1,-6.311774597E0,2.991828461E0,-2.321672058E-1
3.269153046E1,-7.189698944E0,2.877915344E0,-2.890489197E-1
3.270157146E1,-8.214467926E0,2.732717285E0,-5.619314575E-1
3.271161146E1,-9.111851807E0,2.518063660E0,-9.165440369E-1
3.272165146E1,-9.887838135E0,2.230811005E0,-1.210382996E0
3.273169146E1,-1.050186127E1,1.773661652E0,-1.273701324E0
3.274173246E1,-1.069376221E1,1.233584747E0,-1.093476105E0
3.275177246E1,-1.061787003E1,7.557783508E-1,-7.179071045E-1
3.276181246E1,-1.043315414E1,4.017645264E-1,-3.857478333E-1
3.277185346E1,-1.013781830E1,1.249900818E-1,-1.862127686E-1
3.278189346E1,-9.772128754E0,-4.101470947E-1,-8.577163696E-2
3.279193346E1,-9.525741119E0,-1.002764740E0,1.107696533E-2
3.280197446E1,-9.645791473E0,-1.482517090E0,-7.229965210E-2
3.281201446E1,-1.004501129E1,-1.702559509E0,-1.613644409E-1
3.282205446E1,-1.095167587E1,-1.565893707E0,-4.625381470E-2
3.283209546E1,-1.223854980E1,-8.990304565E-1,1.085243225E-1
3.284213546E1,-1.326661194E1,1.841171265E-1,3.484753418E-1
3.285217546E1,-1.354159012E1,9.960287476E-1,5.830375671E-1
3.286221546E1,-1.365400635E1,1.221759338E0,5.339396667E-1
3.287225646E1,-1.368813538E1,1.151705017E0,5.658233643E-2
3.288229646E1,-1.305555084E1,1.223555603E0,-1.260678406E0
3.289233646E1,-1.269584885E1,1.058898010E0,-3.114573212E0
3.290237746E1,-1.288984543E1,7.581733704E-1,-4.726720734E0
3.291241746E1,-1.309911026E1,1.201102295E0,-7.261100464E0
3.292245746E1,-1.373992767E1,2.508932648E0,-9.614805908E0
3.293249846E1,-1.425560532E1,3.194806366E0,-9.670190735E0
3.294253846E1,-1.300390823E1,2.360740814E0,-9.185798035E0
3.295257846E1,-1.139505386E1,1.810335388E0,-8.970545654E0
3.296261946E1,-9.438173218E0,1.347497864E0,-8.575217743E0
3.297265946E1,-7.932753754E0,4.599934387E-1,-8.354875946E0
3.298269946E1,-8.197553101E0,-1.178499298E0,-7.714058533E0
3.299274046E1,-9.686506805E0,-2.751727753E0,-6.677015076E0
3.300278046E1,-1.175819870E1,-3.401676178E0,-5.975873108E0
3.301282046E1,-1.350521576E1,-3.107837219E0,-6.123765564E0
3.302286046E1,-1.403586227E1,-2.585124207E0,-6.576573944E0
3.303290146E1,-1.395577881E1,-2.327809296E0,-6.266269226E0
3.304294146E1,-1.348560654E1,-2.072140961E0,-5.253924408E0
3.305298146E1,-1.242790604E1,-1.710193634E0,-4.081113281E0
3.306302246E1,-1.134146530E1,-1.005159760E0,-3.007545776E0
3.307306246E1,-1.036788986E1,5.465135193E-1,-2.255809021E0
3.308310246E1,-9.404942322E0,2.275118866E0,-1.781894531E0
3.309314346E1,-8.404572601E0,3.677402802E0,-1.403331757E0
3.310318346E1,-7.266638947E0,4.624782715E0,-1.082548828E0
3.311322346E1,-6.105653229E0,4.923711090E0,-7.699987793E-1
3.312326446E1,-4.982838135E0,4.655169525E0,-7.821235657E-1
3.313330446E1,-3.972289581E0,3.946393433E0,-8.460406494E-1
3.314334446E1,-3.231629791E0,2.925067291E0,-8.893006897E-1
3.315338546E1,-2.785108337E0,1.659299469E0,-1.041833496E0
3.316342546E1,-2.475552063E0,3.945794678E-1,-1.221160583E0
3.317346546E1,-2.432142334E0,-8.635542297E-1,-1.161135406E0
3.318350546E1,-2.589614868E0,-2.030527496E0,-8.140072632E-1
3.319354646E1,-2.987786865E0,-3.023263092E0,-3.606001282E-1
3.320358646E1,-3.628604279E0,-3.817960510E0,6.032455444E-2
3.321362571E1,-4.336332550E0,-4.280648346E0,2.743794250E-1
3.322366671E1,-5.115612030E0,-4.552932129E0,3.936813354E-1
3.323370671E1,-5.966143341E0,-4.560865631E0,4.206253052E-1
3.324374671E1,-6.762337646E0,-4.342320099E0,4.620890808E-1
3.325378771E1,-7.593858490E0,-4.014352112E0,5.691165161E-1
3.326382771E1,-8.271199951E0,-3.596271515E0,5.963598633E-1
3.327386771E1,-8.796008606E0,-3.137625275E0,4.855902100E-1
3.328390871E1,-9.139993286E0,-2.663112030E0,3.013233948E-1
3.329394871E1,-9.358389130E0,-2.157912598E0,1.930984497E-2
3.330398871E1,-9.612111511E0,-1.654958496E0,-2.053729248E-1
3.331402871E1,-9.837093658E0,-1.235081635E0,-4.519102478E-1
3.332406971E1,-1.012823822E1,-8.135581970E-1,-7.713459778E-1
3.333410971E1,-1.049362839E1,-4.501139832E-1,-1.117276611E0
3.334414971E1,-1.105106918E1,-1.791773987E-1,-1.388213196E0
3.335419071E1,-1.196342194E1,1.610650635E-1,-1.567689972E0
3.336423071E1,-1.288101379E1,5.942642212E-1,-1.517095184E0
3.337427071E1,-1.364113312E1,1.028660889E0,-1.062640228E0
3.338431171E1,-1.395383286E1,1.227597198E0,-4.885839844E-1
3.339435171E1,-1.397299301E1,9.454339600E-1,1.429527283E-1
3.340439171E1,-1.393527145E1,-2.005828857E-2,1.005159760E0
3.341443271E1,-1.391177032E1,-1.134790192E0,1.708996124E0
3.342447271E1,-1.350177292E1,-1.828896790E0,1.939965820E0
3.343451271E1,-1.251801865E1,-2.261497192E0,1.404978333E0
3.344455371E1,-1.102577179E1,-2.239642639E0,-2.746788025E-1
3.345459371E1,-9.468410339E0,-1.844015350E0,-2.675536194E0
3.346463371E1,-8.453520813E0,-1.862576752E0,-4.570595398E0
3.347467471E1,-8.655899963E0,-2.580184479E0,-5.678441620E0
3.348471471E1,-9.969418488E0,-3.542533264E0,-6.480623474E0
3.349475471E1,-1.200578384E1,-3.765419769E0,-7.580236816E0
3.350479471E1,-1.289313858E1,-2.976260834E0,-8.481213226E0
3.351483571E1,-1.262564484E1,-2.262395325E0,-8.665030975E0
3.352487571E1,-1.169488037E1,-1.438209229E0,-8.971443787E0
3.353491571E1,-1.108474915E1,-1.640588379E-1,-9.283993835E0
3.354495671E1,-1.135508698E1,1.320853271E0,-9.258097687E0
3.355499671E1,-1.204365509E1,2.597099304E0,-8.744216309E0
3.356503671E1,-1.308234512E1,2.853665771E0,-7.585475922E0
3.357507771E1,-1.391611130E1,2.404150543E0,-6.047723694E0
3.358511771E1,-1.406056091E1,1.769470367E0,-4.537065125E0
3.359515771E1,-1.346405136E1,1.306183777E0,-3.317401428E0
3.360519871E1,-1.244886246E1,9.821076965E-1,-2.211950226E0
3.361523871E1,-1.134191437E1,3.881428528E-1,-1.233584747E0
3.362527871E1,-1.010353958E1,-7.614665222E-1,-6.354286194E-1
3.363531971E1,-8.982371063E0,-2.191293182E0,-3.261717224E-1
3.364535971E1,-8.192912750E0,-3.435954895E0,-1.908531189E-1
3.365539971E1,-7.699389038E0,-4.212989044E0,-2.154020691E-1
3.366543971E1,-7.230414276E0,-4.515060883E0,-3.878434753E-1
3.367548071E1,-6.561156006E0,-4.361180878E0,-4.966671753E-1
3.368552071E1,-5.678142242E0,-3.772155762E0,-6.033952332E-1
3.369556071E1,-4.742737427E0,-2.910098419E0,-7.800279236E-1
3.370560171E1,-4.036805420E0,-2.006277924E0,-8.726852417E-1
3.371564171E1,-3.627107391E0,-1.026415558E0,-1.027014313E0
3.372568171E1,-3.361858978E0,1.481918335E-2,-1.196162567E0
3.373572271E1,-3.068169708E0,1.085841980E0,-1.213077393E0
3.374576271E1,-2.972069550E0,1.880240021E0,-1.041683807E0
3.375580271E1,-3.190465393E0,2.435136108E0,-7.670050049E-1
3.376584371E1,-3.792214050E0,2.778971100E0,-4.257147217E-1
3.377588371E1,-4.622088318E0,3.047063599E0,-2.185455322E-1
3.378592371E1,-5.449717255E0,3.159779205E0,-2.393522644E-1
3.379596371E1,-6.206842804E0,2.974015503E0,-2.865042114E-1
3.380600471E1,-6.988966370E0,2.685415649E0,-3.197351074E-1
3.381604471E1,-7.677983551E0,2.315385132E0,-4.534071350E-1
3.382608471E1,-8.252638550E0,2.011067963E0,-6.213578796E-1
3.383612571E1,-8.633446655E0,1.713486786E0,-8.758287048E-1
3.384616571E1,-8.924142151E0,1.454076233E0,-1.122815094E0
3.385620571E1,-9.132059784E0,1.205293579E0,-1.206491089E0
3.386624671E1,-9.576036530E0,9.063652039E-1,-1.013242950E0
3.387628671E1,-1.029409332E1,5.176235962E-1,-5.120851135E-1
3.388632671E1,-1.092278595E1,1.070274353E-1,-1.996847534E-1
3.389636771E1,-1.139774826E1,-2.474354553E-1,-2.390528870E-1
3.390640771E1,-1.158081757E1,-6.271957397E-1,-5.400769043E-1
3.391644771E1,-1.160850998E1,-1.056502991E0,-9.135502625E-1
3.392648871E1,-1.179577057E1,-1.500479736E0,-9.645941162E-1
3.393652871E1,-1.224783051E1,-1.758393402E0,-5.846841431E-1
3.394656871E1,-1.288924667E1,-1.545835419E0,-1.296304321E-1
3.395660871E1,-1.375025620E1,-7.095245361E-1,3.192860413E-1
3.396664971E1,-1.441277847E1,5.162763977E-1,1.020278320E0
3.397668971E1,-1.416234924E1,1.262324982E0,1.287472687E0
3.398672971E1,-1.363140335E1,1.990710297E0,4.182302856E-1
3.399677071E1,-1.346689545E1,2.332599335E0,-1.197509766E0
3.400681071E1,-1.394395340E1,1.605112152E0,-3.215463409E0
3.401685071E1,-1.517873566E1,1.293460236E0,-5.898184662E0
3.402689171E1,-1.622356293E1,2.312391357E0,-8.417745209E0
3.403693171E1,-1.616757935E1,2.955154724E0,-9.777966614E0
3.404697171E1,-1.491693008E1,2.559377747E0,-9.707463226E0
3.405701271E1,-1.283565811E1,1.991458740E0,-9.286538544E0
3.406705271E1,-1.056772430E1,1.835333405E0,-8.819958801E0
3.407709271E1,-7.898325348E0,1.072519684E0,-8.544232178E0
3.408713371E1,-6.508465576E0,-4.647834778E-1,-7.767647095E0
3.409717371E1,-7.384743347E0,-2.378254395E0,-5.933960266E0
3.410721371E1,-9.481732635E0,-3.510050812E0,-4.110901337E0
3.411725471E1,-1.134700378E1,-3.397335205E0,-3.483106842E0
3.412729471E1,-1.202793777E1,-2.847827911E0,-3.954027557E0
3.413733471E1,-1.219064941E1,-2.459535370E0,-4.146976318E0
3.414737471E1,-1.209694427E1,-2.191592560E0,-3.630699921E0
3.415741571E1,-1.156345367E1,-1.789229279E0,-2.868784332E0
3.416745571E1,-1.059451859E1,-1.402283936E0,-2.275118866E0
3.417749571E1,-9.796977081E0,-5.014572144E-1,-1.996548157E0
3.418753671E1,-9.141939240E0,7.976911926E-1,-1.819017334E0
3.419757671E1,-8.494086456E0,2.063459015E0,-1.599573669E0
3.420761708E1,-7.786657562E0,3.032094727E0,-1.295106812E0
3.421765808E1,-6.815626831E0,3.493734741E0,-9.777667236E-1
3.422769808E1,-5.905669098E0,3.339255981E0,-8.918453979E-1
3.423773808E1,-5.032235413E0,2.872227173E0,-8.768765259E-1
3.424777908E1,-4.221521301E0,2.242786102E0,-1.074914703E0
3.425781908E1,-3.717220001E0,1.471140747E0,-1.320553894E0
3.426785908E1,-3.426674194E0,7.831713867E-1,-1.462608490E0
3.427790008E1,-3.161425781E0,9.415420532E-2,-1.436562653E0
3.428794008E1,-3.040177917E0,-6.771917725E-1,-1.032552795E0
3.429798008E1,-3.220403137E0,-1.542841644E0,-3.936813354E-1
3.430802008E1,-3.749403076E0,-2.472707977E0,2.805166626E-1
3.431806108E1,-4.409380646E0,-3.126398621E0,5.769003296E-1
3.432810108E1,-5.215005341E0,-3.411256256E0,6.274951172E-1
3.433814108E1,-6.124364319E0,-3.445085907E0,6.227050781E-1
3.434818208E1,-6.915618896E0,-3.366349640E0,4.502636719E-1
3.435822208E1,-7.816445618E0,-3.336860962E0,2.188449097E-1
3.436826208E1,-8.716374207E0,-3.203039246E0,-1.347198486E-2
3.437830308E1,-9.289682007E0,-2.922073517E0,-2.896476746E-1
3.438834308E1,-9.504185944E0,-2.562820587E0,-5.418731689E-1
3.439838308E1,-9.562115479E0,-2.081870728E0,-7.226971436E-1
3.440842408E1,-9.679471436E0,-1.603166199E0,-7.976911926E-1
3.441846408E1,-9.977202301E0,-1.148411865E0,-7.051835632E-1
3.442850408E1,-1.023122406E1,-8.360115051E-1,-6.183641052E-1
3.443854408E1,-1.054048096E1,-5.972579956E-1,-6.920109558E-1
3.444858508E1,-1.090242828E1,-4.215234375E-1,-7.665559387E-1
3.445862508E1,-1.132514923E1,-1.685494995E-1,-1.015188904E0
3.446866508E1,-1.174951675E1,1.930984497E-1,-1.431024170E0
3.447870608E1,-1.232566864E1,4.626878357E-1,-1.456770630E0
3.448874608E1,-1.301244049E1,3.112028503E-1,-9.862989807E-1
3.449878608E1,-1.340417587E1,-1.002914429E0,-8.502319336E-2
3.450882708E1,-1.404409515E1,-2.494712219E0,7.815248108E-1
3.451886708E1,-1.452264999E1,-2.681673431E0,1.332978058E0
3.452890708E1,-1.360999786E1,-2.730621643E0,1.182690582E0
3.453894808E1,-1.191282715E1,-2.758014679E0,1.058299255E-1
3.454898808E1,-1.016715729E1,-2.237097931E0,-1.809886322E0
3.455902808E1,-8.857530670E0,-1.577270050E0,-3.556753693E0
3.456906908E1,-8.342302094E0,-1.453327789E0,-4.723876648E0
3.457910908E1,-8.933572540E0,-2.044448547E0,-5.493126984E0
3.458914908E1,-1.048838928E1,-2.888393555E0,-6.529571686E0
3.459918908E1,-1.272863068E1,-2.949765930E0,-7.660170593E0
3.460923008E1,-1.403331757E1,-2.291734314E0,-8.417894897E0
3.461927008E1,-1.376687164E1,-1.667831726E0,-8.886570282E0
3.462931008E1,-1.320074890E1,-5.236111450E-1,-8.924441528E0
3.463935108E1,-1.289688080E1,1.019679565E0,-8.682245178E0
3.464939108E1,-1.281589920E1,2.660717010E0,-8.341104584E0
3.465943108E1,-1.305644897E1,3.520978088E0,-7.747588806E0
3.466947208E1,-1.361134506E1,3.498075714E0,-6.711144104E0
3.467951208E1,-1.385848114E1,3.140619049E0,-5.353617096E0
3.468955208E1,-1.343950241E1,2.827769623E0,-3.976630554E0
3.469959308E1,-1.253792725E1,2.402204590E0,-2.616259460E0
3.470963308E1,-1.138532410E1,1.699266357E0,-1.574575653E0
3.471967308E1,-9.947414246E0,4.501139832E-1,-9.689350891E-1
3.472971408E1,-8.444838867E0,-1.146166534E0,-6.186634827E-1
3.473975408E1,-7.238198090E0,-2.548300781E0,-5.839356995E-1
3.474979408E1,-6.525979156E0,-3.623065796E0,-5.899232483E-1
3.475983508E1,-5.969286804E0,-4.248465271E0,-5.831872559E-1
3.476987508E1,-5.317542114E0,-4.302802277E0,-6.188131714E-1
3.477991508E1,-4.676125946E0,-3.870501251E0,-7.129673767E-1
3.478995508E1,-4.188140717E0,-3.249891815E0,-6.541397095E-1
3.479999608E1,-3.899091797E0,-2.612367554E0,-6.162684631E-1
3.481003608E1,-3.746259613E0,-1.752106476E0,-8.050259399E-1
3.482007608E1,-3.353027344E0,-8.777746582E-1,-9.827064514E-1
3.483011708E1,-3.451672211E0,4.191284180E-3,-1.096020813E0
3.484015708E1,-3.996988220E0,8.984317017E-1,-1.020727386E0
3.485019708E1,-4.542004852E0,1.602717133E0,-7.541317749E-1
3.486023808E1,-5.294040985E0,2.064955902E0,-4.149371338E-1
3.487027808E1,-6.193969574E0,2.359243927E0,-2.028282166E-1
3.488031808E1,-7.066654816E0,2.520009613E0,-1.901046753E-1
3.489035908E1,-7.882907410E0,2.625540161E0,-3.977229309E-1
3.490039908E1,-8.668623505E0,2.657274170E0,-6.719526672E-1
3.491043908E1,-9.403445435E0,2.606978760E0,-9.232800293E-1
3.492048008E1,-9.960137787E0,2.431244202E0,-1.189276886E0
3.493052008E1,-1.011027557E1,2.158211975E0,-1.413510590E0
3.494056008E1,-9.853409729E0,1.897005157E0,-1.389111328E0
3.495060008E1,-9.511071625E0,1.676513672E0,-1.216969299E0
3.496064108E1,-9.391320648E0,1.498982849E0,-8.596623230E-1
3.497068108E1,-9.335037689E0,1.381177826E0,-3.007246399E-1
3.498072108E1,-9.072333984E0,1.127904510E0,1.598675537E-1
3.499076208E1,-8.746910706E0,6.198609924E-1,3.540138245E-1
3.500080208E1,-8.543932800E0,2.933898926E-2,2.371069336E-1
3.501084208E1,-8.483757935E0,-5.415737915E-1,-2.246827698E-1
3.502088308E1,-8.778345337E0,-1.107247467E0,-7.686515808E-1
3.503092308E1,-9.687404938E0,-1.563348999E0,-1.012793884E0
3.504096308E1,-1.137858810E1,-1.674418030E0,-8.411009216E-1
3.505100408E1,-1.353126160E1,-1.175655212E0,-3.800596619E-1
3.506104408E1,-1.499057693E1,-3.812571716E-1,2.652484131E-1
3.507108408E1,-1.513846939E1,-7.918533325E-2,4.507127380E-1
3.508112508E1,-1.480900452E1,3.083587646E-2,2.439926147E-2
3.509116508E1,-1.414259033E1,3.275189209E-1,-1.102457428E0
3.510120508E1,-1.339923615E1,1.152603149E-2,-2.680625610E0
3.511124608E1,-1.340372681E1,-4.282594299E-1,-4.241729279E0
3.512128608E1,-1.436457870E1,4.326004028E-2,-6.409671021E0
3.513132608E1,-1.571791443E1,1.653012543E0,-8.571026459E0
3.514136608E1,-1.591206070E1,2.708168335E0,-9.041198730E0
3.515140708E1,-1.447579742E1,2.824925537E0,-8.787476349E0
3.516144708E1,-1.223076599E1,2.701731720E0,-8.225544891E0
3.517148708E1,-9.900411987E0,2.020049286E0,-7.336992645E0
3.518152808E1,-7.750283203E0,9.336085510E-1,-6.796167297E0
3.519156808E1,-6.547983398E0,-6.137237549E-1,-6.364315338E0
3.520160808E1,-6.675069122E0,-2.349663849E0,-5.541326752E0
3.521164883E1,-7.519014130E0,-3.915856934E0,-4.512665863E0
3.522168883E1,-9.043593750E0,-4.580474854E0,-4.038302307E0
3.523172883E1,-1.069495972E1,-3.827839966E0,-3.989503784E0
3.524176983E1,-1.130074997E1,-2.860701141E0,-4.011807404E0
3.525180983E1,-1.126512405E1,-2.036365356E0,-3.936214600E0
3.526184983E1,-1.095616653E1,-1.376088409E0,-3.427572327E0
3.527189083E1,-1.064675995E1,-7.066804504E-1,-2.841840363E0
3.528193083E1,-1.048000671E1,3.468287659E-1,-2.407294006E0
3.529197083E1,-1.003617966E1,1.677262115E0,-2.072440338E0
3.530201083E1,-9.429491272E0,2.808908844E0,-1.845512238E0
3.531205183E1,-8.595874786E0,3.524570618E0,-1.601819000E0
3.532209183E1,-7.754025421E0,3.654650116E0,-1.363364868E0
3.533213183E1,-6.970255280E0,3.291954346E0,-1.285826111E0
3.534217283E1,-6.167923737E0,2.628384247E0,-1.188827820E0
3.535221283E1,-5.420078888E0,1.693877563E0,-1.123563538E0
3.536225283E1,-4.802313538E0,6.569837952E-1,-1.094972992E0
3.537229383E1,-4.437073059E0,-4.116439819E-1,-9.849517822E-1
3.538233383E1,-4.312082977E0,-1.269210663E0,-7.423063660E-1
3.539237383E1,-4.471950531E0,-2.093247070E0,-3.909869385E-1
3.540241483E1,-5.036277008E0,-2.788401489E0,2.365081787E-2
3.541245483E1,-5.620811462E0,-3.139870605E0,2.742297363E-1
3.542249483E1,-6.228397980E0,-3.343297577E0,3.400927734E-1
3.543253583E1,-7.092550964E0,-3.355272675E0,1.872605896E-1
3.544257583E1,-8.042475586E0,-3.175346832E0,-1.109193420E-1
3.545261583E1,-8.966953125E0,-2.815345459E0,-4.852908325E-1
3.546265583E1,-9.716743927E0,-2.383942566E0,-8.833131409E-1
3.547269683E1,-1.017119888E1,-1.878294067E0,-1.129251709E0
3.548273683E1,-1.040007294E1,-1.438957672E0,-1.121617584E0
3.549277683E1,-1.038016434E1,-1.032253418E0,-9.964778137E-1
3.550281783E1,-1.028571075E1,-6.873706055E-1,-7.622149658E-1
3.551285783E1,-1.014575180E1,-4.837939453E-1,-5.292993164E-1
3.552289783E1,-9.958940277E0,-4.590953064E-1,-3.585044861E-1
3.553293883E1,-9.678273926E0,-5.432203674E-1,-2.496807861E-1
3.554297883E1,-9.306896210E0,-6.839277649E-1,-2.143542480E-1
3.555301883E1,-9.021739197E0,-8.562194824E-1,-2.986289978E-1
3.556305983E1,-9.007967834E0,-9.005273438E-1,-4.334985352E-1
3.557309983E1,-9.047186279E0,-8.842112732E-1,-5.716612244E-1
3.558313983E1,-8.974587250E0,-9.595046997E-1,-5.999523926E-1
3.559318083E1,-8.886719971E0,-1.267115021E0,-5.372328186E-1
3.560322083E1,-9.039701843E0,-1.751058655E0,-3.950285339E-1
3.561326083E1,-9.702224121E0,-2.194137268E0,1.526824951E-2
3.562330083E1,-1.108205475E1,-2.131866760E0,4.700225830E-1
3.563334183E1,-1.261247223E1,-1.604513397E0,7.246430969E-1
3.564338183E1,-1.325718155E1,-9.741741943E-1,6.159690857E-1
3.565342183E1,-1.279120056E1,-5.028044128E-1,2.038760376E-1
3.566346283E1,-1.196222443E1,-2.930905151E-1,-4.391867065E-1
3.567350283E1,-1.110660370E1,-1.628613281E-1,-1.623673553E0
3.568354283E1,-1.055589890E1,-7.499404907E-2,-2.936443634E0
3.569358383E1,-1.065140030E1,-1.475930786E-1,-3.715723114E0
3.570362383E1,-1.129206802E1,-7.182064819E-1,-4.397854614E0
3.571366383E1,-1.213242050E1,-1.606159973E0,-5.134323120E0
3.572370483E1,-1.287996597E1,-2.350561981E0,-6.208938446E0
3.573374483E1,-1.357766510E1,-2.788850555E0,-7.347919922E0
3.574378483E1,-1.363185242E1,-2.665207672E0,-7.487729187E0
3.575382583E1,-1.273491760E1,-1.604812775E0,-7.165299683E0
3.576386583E1,-1.124326950E1,-1.853146362E-1,-6.697223053E0
3.577390583E1,-1.002824615E1,1.292412415E0,-6.084397430E0
3.578394583E1,-9.635013885E0,2.623145142E0,-5.343438263E0
3.579398683E1,-9.851912842E0,3.160527649E0,-4.343816986E0
3.580402683E1,-1.009755203E1,2.386786652E0,-3.199446716E0
3.581406683E1,-1.051054321E1,1.350192261E0,-2.164349213E0
3.582410783E1,-1.074750046E1,5.403762817E-1,-1.506317596E0
3.583414783E1,-1.051383636E1,-5.643264771E-1,-9.440867615E-1
3.584418783E1,-9.814790039E0,-1.971699829E0,-7.071295166E-1
3.585422883E1,-8.972192230E0,-3.421435089E0,-7.631130981E-1
3.586426883E1,-8.377628632E0,-4.698130188E0,-9.836045837E-1
3.587430883E1,-8.223299561E0,-5.676495667E0,-1.252744904E0
3.588434983E1,-8.439001007E0,-6.181395721E0,-1.515149231E0
3.589438983E1,-8.402177582E0,-5.987249451E0,-1.773062897E0
3.590442983E1,-8.135132904E0,-5.147046661E0,-1.946103058E0
3.591447083E1,-7.684270477E0,-3.866908722E0,-2.054328003E0
3.592451083E1,-7.138206024E0,-2.379152527E0,-2.244432678E0
3.593455083E1,-6.469546509E0,-1.110091553E0,-2.371967468E0
3.594459083E1,-5.984704742E0,-8.322692871E-2,-2.406545563E0
3.595463183E1,-5.761818237E0,7.189549255E-1,-2.358196106E0
3.596467183E1,-5.809868317E0,1.426533508E0,-2.243085480E0
3.597471183E1,-6.021079102E0,2.057172089E0,-2.032323761E0
3.598475283E1,-6.411317596E0,2.508184204E0,-1.620230713E0
3.599479283E1,-6.975195007E0,2.718197479E0,-1.121767273E0
3.600483283E1,-7.523355103E0,2.591560822E0,-7.951464844E-1
3.601487383E1,-8.139324188E0,2.213746490E0,-8.337661743E-1
3.602491383E1,-8.898545380E0,1.765428772E0,-1.087338867E0
3.603495383E1,-9.558972015E0,1.159638519E0,-1.422491913E0
3.604499483E1,-1.012494507E1,4.218228149E-1,-1.761985931E0
3.605503483E1,-1.057520874E1,-4.155358887E-1,-1.930535431E0
3.606507483E1,-1.076800781E1,-1.234632568E0,-1.887724457E0
3.607511583E1,-1.057730438E1,-1.926344147E0,-1.772464142E0
3.608515583E1,-1.001462448E1,-2.374661865E0,-1.661844177E0
3.609519583E1,-9.514364777E0,-2.778222656E0,-1.479074249E0
3.610523583E1,-9.389973450E0,-3.185525665E0,-1.133442993E0
3.611527683E1,-9.356143799E0,-3.449277191E0,-7.541317749E-1
3.612531683E1,-9.196575623E0,-3.291654968E0,-6.731501770E-1
3.613535683E1,-9.086853790E0,-2.677781525E0,-9.131011963E-1
3.614539783E1,-9.015302582E0,-2.248773651E0,-8.749305725E-1
3.615543783E1,-9.292975159E0,-1.775008850E0,-8.053253174E-1
3.616547783E1,-9.667496338E0,-1.127754822E0,-8.572673035E-1
3.617551883E1,-9.792636108E0,-4.659809875E-1,-1.144969025E0
3.618555883E1,-9.924212494E0,1.501377869E-1,-1.629212036E0
3.619559883E1,-1.031355286E1,7.415579224E-1,-2.131567383E0
3.620563983E1,-1.074211166E1,1.183439026E0,-2.444566498E0
3.621568046E1,-1.114043335E1,1.370400238E0,-2.457290039E0
3.622572046E1,-1.144998962E1,1.135089569E0,-2.247127075E0
3.623576146E1,-1.179442337E1,9.207353210E-1,-1.982926483E0
3.624580146E1,-1.180939224E1,9.621990967E-1,-1.703457642E0
3.625584146E1,-1.131452133E1,1.115779724E0,-1.571881256E0
3.626588146E1,-1.064511337E1,1.130898285E0,-1.722019043E0
3.627592246E1,-1.003962250E1,7.113208008E-1,-2.273172913E0
3.628596246E1,-9.749525757E0,-2.095642090E-1,-2.973267059E0
3.629600246E1,-1.000100281E1,-1.193318481E0,-3.662882996E0
3.630604346E1,-1.033046768E1,-1.686542816E0,-4.587210846E0
3.631608346E1,-1.069960007E1,-1.825304260E0,-5.456902313E0
3.632612346E1,-1.095586716E1,-1.999990997E0,-6.080355835E0
3.633616446E1,-1.092967163E1,-1.905088348E0,-6.306685181E0
3.634620446E1,-1.050635193E1,-1.616787872E0,-5.998176727E0
3.635624446E1,-9.909393311E0,-1.440604248E0,-5.297783203E0
3.636628546E1,-9.429341583E0,-1.414708099E0,-4.417613525E0
3.637632546E1,-8.954528961E0,-1.493294678E0,-3.564238129E0
3.638636546E1,-8.608149261E0,-1.415157166E0,-2.985541534E0
3.639640546E1,-8.636590118E0,-7.617658997E-1,-2.579885101E0
3.640644646E1,-8.795559540E0,2.197430420E-1,-2.276466064E0
3.641648646E1,-9.009315033E0,1.160237274E0,-2.039508820E0
3.642652646E1,-9.288035431E0,1.994302826E0,-1.910177765E0
3.643656746E1,-9.552984467E0,2.541564789E0,-1.713786163E0
3.644660746E1,-9.633067932E0,2.705923004E0,-1.466500397E0
3.645664746E1,-9.490564270E0,2.378104706E0,-1.330882416E0
3.646668846E1,-9.078321533E0,1.540446625E0,-1.277742920E0
3.647672846E1,-8.489895172E0,1.657054138E-1,-1.353784790E0
3.648676846E1,-8.287216644E0,-9.461824036E-1,-1.484463043E0
3.649680946E1,-8.087681580E0,-1.798360291E0,-1.590143280E0
3.650684946E1,-7.826774139E0,-2.433489532E0,-1.585802307E0
3.651688946E1,-7.457941132E0,-2.929557953E0,-1.496887207E0
3.652693046E1,-7.211553497E0,-3.330574036E0,-1.311273193E0
3.653697046E1,-7.084467773E0,-3.522624664E0,-1.119821320E0
3.654701046E1,-6.925797729E0,-3.639830933E0,-9.583071899E-1
3.655705046E1,-6.956334229E0,-3.554059296E0,-9.027726746E-1
3.656709146E1,-7.337890778E0,-3.011138306E0,-9.536668396E-1
3.657713146E1,-7.954608307E0,-2.307601318E0,-1.049168243E0
3.658717146E1,-8.722960510E0,-1.577868805E0,-1.177152100E0
3.659721246E1,-9.492360535E0,-8.491841125E-1,-1.439406738E0
3.660725246E1,-1.003483246E1,-2.615061951E-1,-1.802102509E0
3.661729246E1,-1.038046371E1,1.145118713E-1,-2.116299133E0
3.662733346E1,-1.043899200E1,2.351609802E-1,-2.337539063E0
3.663737346E1,-1.039513321E1,1.083746338E-1,-2.449356537E0
3.664741346E1,-1.032852173E1,-2.959346008E-1,-2.380799103E0
3.665745446E1,-1.036669235E1,-8.313711548E-1,-2.122436371E0
3.666749446E1,-1.026864624E1,-1.174757080E0,-1.761087799E0
3.667753446E1,-9.924661560E0,-1.404678955E0,-1.298699341E0
3.668757546E1,-9.596244507E0,-1.604812775E0,-7.840695190E-1
3.669761546E1,-9.377100220E0,-1.851350098E0,-2.775228882E-1
3.670765546E1,-9.244176636E0,-1.997296600E0,1.579216003E-1
3.671769546E1,-9.093589783E0,-1.816472626E0,4.324507141E-1
3.672773646E1,-8.858428802E0,-1.407972107E0,5.430706787E-1
3.673777646E1,-8.677604828E0,-9.181906128E-1,5.993536377E-1
3.674781646E1,-8.555159454E0,-5.520520020E-1,6.095324707E-1
3.675785746E1,-8.648265839E0,-2.891986084E-1,4.924758911E-1
3.676789746E1,-8.881331177E0,-2.529739380E-2,3.022215271E-1
3.677793746E1,-9.154513092E0,9.699829102E-2,4.939727783E-2
3.678797846E1,-9.748178558E0,-4.251159668E-2,-2.555186462E-1
3.679801846E1,-1.084734283E1,-4.058061218E-1,-5.513035583E-1
3.680805846E1,-1.221040833E1,-7.232958984E-1,-7.996371460E-1
3.681809946E1,-1.347857117E1,-1.041384430E0,-1.016985168E0
3.682813946E1,-1.444301559E1,-1.328337708E0,-1.159638519E0
3.683817946E1,-1.491917542E1,-1.655557251E0,-1.118474121E0
3.684821946E1,-1.465871704E1,-2.084864502E0,-8.312214661E-1
3.685826046E1,-1.369681732E1,-2.606829071E0,-5.709127808E-1
3.686830046E1,-1.247311203E1,-3.092718658E0,-6.162684631E-1
3.687834046E1,-1.139176071E1,-3.456911316E0,-1.086141357E0
3.688838146E1,-1.078372513E1,-4.013453979E0,-1.679208069E0
3.689842146E1,-1.059856018E1,-4.727918243E0,-2.435285797E0
3.690846146E1,-1.031894165E1,-5.151237946E0,-3.652704163E0
3.691850246E1,-9.858349457E0,-4.986879730E0,-4.945266266E0
3.692854246E1,-9.650431824E0,-4.330943756E0,-5.536087646E0
3.693858246E1,-9.565857697E0,-3.205434265E0,-5.441035309E0
3.694862346E1,-8.982820129E0,-2.107018433E0,-5.324876862E0
3.695866346E1,-8.190068665E0,-1.257085876E0,-5.093009033E0
3.696870346E1,-7.707771606E0,-1.341210938E-1,-4.860841827E0
3.697874446E1,-7.384144592E0,1.207688599E0,-4.936734009E0
3.698878446E1,-7.292834473E0,2.467768250E0,-4.935087433E0
3.699882446E1,-7.686964874E0,3.212469635E0,-4.602928162E0
3.700886446E1,-8.543932800E0,3.218008118E0,-3.891757050E0
3.701890546E1,-9.615853729E0,2.722987518E0,-3.088826752E0
3.702894546E1,-1.061307999E1,1.972897339E0,-2.463876343E0
3.703898546E1,-1.129745682E1,1.184786224E0,-2.197430420E0
3.704902646E1,-1.147932861E1,3.644920349E-1,-2.149530029E0
3.705906646E1,-1.109642487E1,-6.873706055E-1,-2.140099640E0
3.706910646E1,-1.060305084E1,-1.722168732E0,-2.200873260E0
3.707914746E1,-1.042971130E1,-2.628084869E0,-2.290536804E0
3.708918746E1,-1.046443909E1,-3.262765045E0,-2.397713928E0
3.709922746E1,-1.012105316E1,-3.503614197E0,-2.434537354E0
3.710926846E1,-9.538614349E0,-3.471131744E0,-2.451452179E0
3.711930846E1,-8.794062653E0,-3.056044922E0,-2.360591125E0
3.712934846E1,-7.978109436E0,-2.500699768E0,-2.105820923E0
3.713938846E1,-7.273674316E0,-1.786085815E0,-1.915716248E0
3.714942946E1,-6.771768036E0,-1.085243225E0,-1.861977997E0
3.715946946E1,-6.484216003E0,-4.543052673E-1,-1.864522705E0
3.716950946E1,-6.328689423E0,1.996847534E-1,-1.857936401E0
3.717955046E1,-6.213878174E0,7.563771057E-1,-1.802102509E0
3.718959046E1,-6.317013702E0,1.227746887E0,-1.730102234E0
3.719963046E1,-6.679709473E0,1.630110168E0,-1.710043945E0
3.720967146E1,-7.088659058E0,1.994602203E0,-1.722468109E0
3.721971083E1,-7.422614594E0,2.348166962E0,-1.725461884E0
3.722975083E1,-7.742050323E0,2.586621094E0,-1.738484802E0
3.723979183E1,-8.078550568E0,2.730771332E0,-1.813329163E0
3.724983183E1,-8.434660034E0,2.673590240E0,-1.830543365E0
3.725987183E1,-8.791517944E0,2.522404633E0,-1.728605347E0
3.726991283E1,-9.019493866E0,2.222727814E0,-1.509011993E0
3.727995283E1,-9.061406708E0,1.819167023E0,-1.316512299E0
3.728999283E1,-8.893605652E0,1.424437866E0,-1.251098328E0
3.730003283E1,-8.622220001E0,1.007854156E0,-1.321601715E0
3.731007383E1,-8.433462524E0,6.313870239E-1,-1.361718292E0
3.732011383E1,-8.280031586E0,2.839595032E-1,-1.301244049E0
3.733015383E1,-8.309071198E0,4.281097412E-2,-1.166823578E0
3.734019483E1,-8.389603729E0,-1.839674377E-1,-9.680369568E-1
3.735023483E1,-8.611741791E0,-3.219804382E-1,-6.707551575E-1
3.736027483E1,-8.848699036E0,-4.194277954E-1,-4.986131287E-1
3.737031583E1,-9.145531769E0,-5.081932068E-1,-5.224136353E-1
3.738035583E1,-9.565708008E0,-5.812413025E-1,-5.622308350E-1
3.739039583E1,-1.006252487E1,-6.985972595E-1,-6.508465576E-1
3.740043683E1,-1.055305481E1,-8.150550842E-1,-7.432044983E-1
3.741047683E1,-1.105990082E1,-8.322692871E-1,-8.132588196E-1
3.742051683E1,-1.164548309E1,-7.961943054E-1,-8.529263306E-1
3.743055683E1,-1.224124420E1,-7.412585449E-1,-9.207353210E-1
3.744059783E1,-1.270707550E1,-7.532336426E-1,-9.497749329E-1
3.745063783E1,-1.307740540E1,-8.162525940E-1,-9.485774231E-1
3.746067783E1,-1.334849167E1,-1.042581940E0,-9.041198730E-1
3.747071883E1,-1.350132385E1,-1.379680939E0,-6.340814209E-1
3.748075883E1,-1.349952759E1,-1.765428772E0,-1.317260742E-1
3.749079883E1,-1.312410828E1,-1.983076172E0,1.008901978E-1
3.750083983E1,-1.204754700E1,-1.754800873E0,-4.260140991E-1
3.751087983E1,-1.103175934E1,-9.810598755E-1,-1.498833160E0
3.752091983E1,-1.098296082E1,1.475930786E-1,-2.143841858E0
3.753096083E1,-1.130973129E1,1.299747162E0,-3.182531891E0
3.754100083E1,-1.219888229E1,2.614014130E0,-5.459297333E0
3.755104083E1,-1.307620789E1,3.612737274E0,-7.608228607E0
3.756108083E1,-1.316287766E1,3.781885529E0,-8.857680359E0
3.757112183E1,-1.236623428E1,3.499871979E0,-9.019793243E0
3.758116183E1,-1.083102676E1,2.977158966E0,-8.400231628E0
3.759120183E1,-9.156459045E0,2.169738007E0,-7.386090546E0
3.760124283E1,-7.687563629E0,1.080902252E0,-6.601571960E0
3.761128283E1,-6.794670410E0,-1.811233521E-1,-5.995182953E0
3.762132283E1,-6.828200684E0,-1.288370819E0,-5.109624481E0
3.763136383E1,-7.447911987E0,-2.045346680E0,-4.061204681E0
3.764140383E1,-8.258626099E0,-2.365381165E0,-3.319048004E0
3.765144383E1,-8.940458221E0,-2.284998322E0,-3.092718658E0
3.766148483E1,-9.457333374E0,-2.192191315E0,-3.254831543E0
3.767152483E1,-1.004965164E1,-2.164648590E0,-3.406466217E0
3.768156483E1,-1.054287598E1,-1.981579285E0,-3.340752869E0
3.769160583E1,-1.077055252E1,-1.677262115E0,-3.165018311E0
3.770164583E1,-1.079046112E1,-1.169368286E0,-2.937491455E0
3.771168583E1,-1.067205734E1,-6.798861694E-1,-2.768343201E0
3.772172583E1,-1.020338196E1,-3.841012573E-1,-2.678380280E0
3.773176683E1,-9.616003418E0,-1.276844788E-1,-2.671045532E0
3.774180683E1,-9.006920013E0,1.234931946E-1,-2.696941681E0
3.775184683E1,-8.385113068E0,2.942880249E-1,-2.658471680E0
3.776188783E1,-7.818391571E0,3.243754578E-1,-2.589315491E0
3.777192783E1,-7.187303925E0,2.718347168E-1,-2.483335876E0
3.778196783E1,-6.560557251E0,2.730322266E-1,-2.309397583E0
3.779200883E1,-6.026767273E0,1.190025330E-1,-2.029928741E0
3.780204883E1,-5.618715820E0,-2.020797729E-2,-1.706152039E0
3.781208883E1,-5.467979279E0,-1.037342834E-1,-1.347647552E0
3.782212983E1,-5.495522003E0,-2.044747925E-1,-9.586065674E-1
3.783216983E1,-5.727389832E0,-2.191442871E-1,-6.096821594E-1
3.784220983E1,-6.025569763E0,-3.459306335E-1,-4.077520752E-1
3.785224983E1,-6.365961914E0,-4.556524658E-1,-3.869453430E-1
3.786229083E1,-6.840624847E0,-5.408253479E-1,-6.484515381E-1
3.787233083E1,-7.349566498E0,-7.276368713E-1,-1.026714935E0
3.788237083E1,-7.702083435E0,-9.666897583E-1,-1.218615875E0
3.789241183E1,-7.935298462E0,-1.219813385E0,-1.208137665E0
3.790245183E1,-7.931406555E0,-1.547032928E0,-1.021924896E0
3.791249183E1,-7.877817993E0,-1.841320953E0,-7.129673767E-1
3.792253283E1,-7.999065857E0,-2.080373840E0,-3.983216858E-1
3.793257283E1,-8.270002441E0,-2.210453339E0,-1.917512512E-1
3.794261283E1,-8.634943542E0,-2.261347504E0,-2.374063110E-1
3.795265383E1,-9.161997528E0,-2.416724396E0,-2.507286072E-1
3.796269383E1,-9.741891632E0,-2.476300507E0,-1.193019104E-1
3.797273383E1,-9.915081482E0,-2.253114624E0,-1.781295776E-2
3.798277483E1,-9.723779297E0,-2.112107849E0,-5.927673340E-2
3.799281483E1,-9.451046448E0,-2.066452789E0,-4.299060059E-1
3.800285483E1,-9.317973175E0,-1.841320953E0,-8.934919739E-1
3.801289483E1,-9.439370728E0,-1.472188568E0,-1.151854706E0
3.802293583E1,-9.832153931E0,-8.081694031E-1,-1.329385529E0
3.803297583E1,-1.059212357E1,-5.523513794E-2,-1.503024445E0
3.804301583E1,-1.169128784E1,5.050497437E-1,-1.522334290E0
3.805305683E1,-1.270947052E1,8.235873413E-1,-1.337917786E0
3.806309683E1,-1.344773529E1,9.629475403E-1,-8.553213501E-1
3.807313683E1,-1.387674316E1,7.256909180E-1,-1.118174744E-1
3.808317783E1,-1.409274399E1,4.400848389E-1,4.420307922E-1
3.809321783E1,-1.408301422E1,2.332150269E-1,7.476951599E-1
3.810325783E1,-1.374995682E1,1.827699280E-1,9.744735718E-1
3.811329883E1,-1.331900299E1,3.814068604E-1,1.319805450E0
3.812333883E1,-1.226130249E1,7.866142273E-1,1.304387512E0
3.813337883E1,-1.075378738E1,1.200503540E0,5.203179932E-1
3.814341983E1,-9.454489288E0,9.026229858E-1,-7.455995178E-1
3.815345983E1,-8.770411835E0,-2.963836670E-1,-2.004032593E0
3.816349983E1,-8.997190247E0,-2.420616302E0,-3.000660095E0
3.817353983E1,-9.605076141E0,-4.406237183E0,-4.288881226E0
3.818358083E1,-9.856852570E0,-5.869594116E0,-5.725294189E0
3.819362083E1,-1.045934967E1,-6.902446289E0,-6.843768311E0
3.820366083E1,-1.203078186E1,-7.554340668E0,-7.645800476E0
3.821370225E1,-1.333741470E1,-7.571854248E0,-8.167465668E0
3.822374225E1,-1.280736694E1,-6.710395660E0,-7.722890167E0
3.823378225E1,-1.099837875E1,-5.334756317E0,-6.957082672E0
3.824382325E1,-9.369466095E0,-3.607947235E0,-6.620432739E0
3.825386325E1,-8.534951477E0,-1.677411804E0,-6.125112762E0
3.826390325E1,-8.491691437E0,1.246907043E-1,-4.951403503E0
3.827394425E1,-8.833879852E0,1.426982574E0,-3.295097809E0
3.828398425E1,-9.347611542E0,2.138902130E0,-1.939965820E0
3.829402425E1,-1.000818787E1,2.024240570E0,-1.063688049E0
3.830406525E1,-1.054152878E1,1.452279968E0,-8.107141113E-1
3.831410525E1,-1.049213150E1,9.604028320E-1,-1.189426575E0
3.832414525E1,-1.017688705E1,3.562591553E-1,-1.640289001E0
3.833418525E1,-9.618997192E0,-3.124003601E-1,-2.042502594E0
3.834422625E1,-8.866661682E0,-8.310717773E-1,-2.478396149E0
3.835426625E1,-8.370593262E0,-1.322200470E0,-2.855611725E0
3.836430625E1,-8.017178192E0,-1.814077606E0,-3.112627258E0
3.837434725E1,-7.711364136E0,-2.168241119E0,-3.215463409E0
3.838438725E1,-7.240742798E0,-2.241289215E0,-3.086880798E0
3.839442725E1,-6.627468109E0,-2.105521545E0,-2.771336975E0
3.840446825E1,-6.038592682E0,-1.932331696E0,-2.451452179E0
3.841450825E1,-5.522316284E0,-1.752106476E0,-2.052082672E0
3.842454825E1,-5.200186157E0,-1.522633667E0,-1.759441223E0
3.843458925E1,-5.131628723E0,-1.247954865E0,-1.603016510E0
3.844462925E1,-5.347330170E0,-7.158114624E-1,-1.454225922E0
3.845466925E1,-5.861361237E0,1.881587219E-1,-1.357976074E0
3.846470925E1,-6.654861145E0,1.263073425E0,-1.079704742E0
3.847475025E1,-7.301067352E0,2.225272522E0,-9.352551270E-1
3.848479025E1,-7.800279236E0,2.981799316E0,-1.100960541E0
3.849483025E1,-7.890541534E0,3.521277466E0,-1.348395996E0
3.850487125E1,-7.684270477E0,3.691922607E0,-1.565444641E0
3.851491125E1,-7.682324524E0,3.712429962E0,-1.617087250E0
3.852495125E1,-7.890840912E0,3.619922333E0,-1.518891449E0
3.853499225E1,-8.058043213E0,3.427123260E0,-1.449735260E0
3.854503225E1,-8.270002441E0,3.160078583E0,-1.389859772E0
3.855507225E1,-8.516988831E0,2.706970825E0,-1.139580231E0
3.856511325E1,-8.783434753E0,2.134860535E0,-7.156617737E-1
3.857515325E1,-8.999734955E0,1.617236938E0,-3.559597778E-1
3.858519325E1,-9.024882660E0,1.247655487E0,-4.032614136E-1
3.859523425E1,-9.127419434E0,9.858499146E-1,-6.415658569E-1
3.860527425E1,-9.356742554E0,7.476951599E-1,-8.795709229E-1
3.861531425E1,-9.797875214E0,4.481680298E-1,-9.900411987E-1
3.862535425E1,-1.029005173E1,9.714797974E-2,-1.135089569E0
3.863539525E1,-1.069645660E1,-2.827619934E-1,-1.164278870E0
3.864543525E1,-1.128757736E1,-5.632786560E-1,-9.789642334E-1
3.865547525E1,-1.222792191E1,-6.373745728E-1,-8.425978088E-1
3.866551625E1,-1.326870758E1,-4.345463562E-1,-7.494914246E-1
3.867555625E1,-1.415785858E1,-4.505630493E-2,-6.439608765E-1
3.868559625E1,-1.462982712E1,4.776567078E-1,-6.134243774E-1
3.869563725E1,-1.458881241E1,1.077758789E0,-6.276448059E-1
3.870567725E1,-1.402643188E1,1.598525848E0,-7.173083496E-1
3.871571725E1,-1.317919373E1,2.092049561E0,-4.558021545E-1
3.872575825E1,-1.212403793E1,2.613565063E0,-1.887574768E-1
3.873579825E1,-1.105511078E1,3.032543793E0,-1.342707825E-1
3.874583825E1,-1.046743286E1,3.147504730E0,-6.421646118E-1
3.875587825E1,-1.030846344E1,3.282823334E0,-2.215093689E0
3.876591925E1,-1.055095917E1,3.647764435E0,-4.032614136E0
3.877595925E1,-1.097203354E1,3.935166779E0,-5.626649323E0
3.878599925E1,-1.137215149E1,3.622317352E0,-6.924151154E0
3.879604025E1,-1.161374908E1,2.428100739E0,-7.347021790E0
3.880608025E1,-1.157512939E1,7.649093628E-1,-7.186555481E0
3.881612025E1,-1.122994720E1,-5.165757751E-1,-6.944508820E0
3.882616125E1,-1.050365753E1,-1.594334564E0,-6.827751617E0
3.883620125E1,-9.582922211E0,-2.768043823E0,-7.081473999E0
3.884624125E1,-9.001231842E0,-3.999981995E0,-7.198231201E0
3.885628225E1,-9.135203247E0,-5.386249237E0,-6.629264374E0
3.886632225E1,-9.933792572E0,-6.312672729E0,-5.409151611E0
3.887636225E1,-1.087443649E1,-5.656886444E0,-4.240232391E0
3.888640325E1,-1.062011536E1,-4.529580688E0,-3.705244904E0
3.889644325E1,-9.883497162E0,-3.395089874E0,-3.373385010E0
3.890648325E1,-9.453291779E0,-2.252366180E0,-2.760110321E0
3.891652325E1,-9.401050415E0,-9.377998352E-1,-2.220033417E0
3.892656425E1,-9.523046722E0,6.261479187E-1,-1.828447723E0
3.893660425E1,-9.265282745E0,2.118095398E0,-1.575922852E0
3.894664425E1,-8.729247437E0,3.288661194E0,-1.442400513E0
3.895668525E1,-8.065228271E0,4.081562347E0,-1.360969849E0
3.896672525E1,-7.525001678E0,4.526137848E0,-1.472188568E0
3.897676525E1,-7.209158478E0,4.606820068E0,-1.800455933E0
3.898680625E1,-6.943910065E0,4.264182587E0,-2.039359131E0
3.899684625E1,-6.708150330E0,3.512146454E0,-2.123484192E0
3.900688625E1,-6.457272034E0,2.377206573E0,-2.120789795E0
3.901692725E1,-6.106401672E0,1.019978943E0,-2.236948242E0
3.902696725E1,-5.885910187E0,-2.273771667E-1,-2.586621094E0
3.903700725E1,-5.976322174E0,-1.322200470E0,-2.809956665E0
3.904704825E1,-6.496490479E0,-2.389331360E0,-2.462828522E0
3.905708825E1,-7.297175446E0,-3.136727142E0,-1.647174683E0
3.906712825E1,-7.992030487E0,-3.564537506E0,-7.475454712E-1
3.907716825E1,-8.348289642E0,-4.018842773E0,-1.779798889E-1
3.908720925E1,-8.411158905E0,-4.448150024E0,5.433700562E-2
3.909724925E1,-8.220006409E0,-4.569697266E0,8.786727905E-2
3.910728925E1,-8.021968231E0,-4.558769989E0,3.109034729E-1
3.911733025E1,-7.873626709E0,-4.400249634E0,6.466552734E-1
3.912737025E1,-7.570806427E0,-4.134851532E0,9.430389404E-1
3.913741025E1,-7.280110931E0,-3.889960785E0,1.067879333E0
3.914745125E1,-7.162904663E0,-3.534150696E0,1.189875641E0
3.915749125E1,-7.062313843E0,-2.955753479E0,1.103505249E0
3.916753125E1,-7.138954468E0,-2.056423645E0,7.330256653E-1
3.917757225E1,-7.422464905E0,-1.006057892E0,5.589376831E-1
3.918761225E1,-7.909552002E0,-9.580078125E-3,6.619235229E-1
3.919765225E1,-8.380772095E0,6.541397095E-1,9.404942322E-1
3.920769225E1,-8.792416077E0,7.593708801E-1,9.403445435E-1
3.921773346E1,-9.236841888E0,2.035766602E-1,6.234535217E-1
3.922777346E1,-9.944869537E0,-4.641847229E-1,1.706451416E-1
3.923781346E1,-1.109462860E1,-4.825964355E-1,-1.293310547E-1
3.924785446E1,-1.213271988E1,-2.375559998E-1,-1.851649475E-1
3.925789446E1,-1.313533493E1,1.357676697E-1,-3.230282593E-1
3.926793446E1,-1.423928925E1,5.983058167E-1,-6.035449219E-1
3.927797546E1,-1.512469803E1,1.064436493E0,-7.824229431E-1
3.928801546E1,-1.551089493E1,1.542841644E0,-4.929249573E-1
3.929805546E1,-1.508757523E1,1.835632782E0,2.401007080E-1
3.930809646E1,-1.409199554E1,2.018402710E0,7.717950439E-1
3.931813646E1,-1.235545670E1,2.055076447E0,3.131488037E-1
3.932817646E1,-1.027134064E1,1.734742584E0,-1.487456818E0
3.933821746E1,-8.747359772E0,6.077362061E-1,-4.144581299E0
3.934825746E1,-8.274493103E0,-1.216071167E0,-5.799090729E0
3.935829746E1,-8.440348206E0,-2.809208221E0,-7.378157043E0
3.936833746E1,-8.465196533E0,-3.922742615E0,-8.647816772E0
3.937837846E1,-8.812474365E0,-5.035229187E0,-8.314310303E0
3.938841846E1,-1.056173676E1,-6.656208344E0,-7.368127899E0
3.939845846E1,-1.400487671E1,-8.185278625E0,-6.640041962E0
3.940849946E1,-1.512230301E1,-6.840175781E0,-6.554719391E0
3.941853946E1,-1.405921371E1,-3.710184631E0,-6.539900208E0
3.942857946E1,-1.268731659E1,-1.798659668E0,-5.893394623E0
3.943862046E1,-1.144699585E1,-1.035696259E0,-5.094954987E0
3.944866046E1,-1.115719849E1,-1.046473846E0,-3.925586700E0
3.945870046E1,-1.164653091E1,-1.140628052E0,-2.290536804E0
3.946874146E1,-1.186612427E1,-1.007405090E0,-7.752378845E-1
3.947878146E1,-1.149833908E1,-1.123713226E0,3.686833191E-1
3.948882146E1,-1.072115524E1,-1.630858612E0,7.448510742E-1
3.949886146E1,-9.886790314E0,-2.266436920E0,3.650907898E-1
3.950890246E1,-9.270372162E0,-2.729573822E0,-2.520758057E-1
3.951894246E1,-8.585396576E0,-2.751578064E0,-8.943901062E-1
3.952898246E1,-7.686815186E0,-2.331252136E0,-1.632056122E0
3.953902346E1,-6.712640991E0,-1.625918884E0,-2.253713379E0
3.954906346E1,-5.802683258E0,-9.491761780E-1,-2.622097321E0
3.955910346E1,-4.932243347E0,-2.519261169E-1,-2.820135498E0
3.956914446E1,-4.231700134E0,4.061054993E-1,-2.820135498E0
3.957918446E1,-3.891757050E0,1.062490540E0,-2.687361603E0
3.958922446E1,-3.892505493E0,1.712139587E0,-2.287093964E0
3.959926546E1,-4.094884644E0,2.221230927E0,-1.590442657E0
3.960930546E1,-4.492457886E0,2.508633270E0,-8.303233337E-1
3.961934546E1,-5.061275024E0,2.579885101E0,-1.504371643E-1
3.962938646E1,-5.765111389E0,2.464026031E0,2.872526550E-1
3.963942646E1,-6.650220795E0,2.181264038E0,4.869374084E-1
3.964946646E1,-7.543263702E0,1.832639008E0,5.513035583E-1
3.965950646E1,-8.378077698E0,1.476529541E0,4.760101318E-1
3.966954746E1,-8.810678101E0,1.217268677E0,1.098715210E-1
3.967958746E1,-8.921148376E0,1.106948090E0,-4.962181091E-1
3.968962746E1,-9.012009430E0,1.100810852E0,-1.016386414E0
3.969966846E1,-9.062454529E0,1.144070892E0,-1.235381012E0
3.970970846E1,-8.961564331E0,1.287322998E0,-1.064735870E0
3.971974846E1,-8.848399658E0,1.364113312E0,-6.527925110E-1
3.972978946E1,-8.785380707E0,1.251846771E0,-2.529739380E-1
3.973982946E1,-8.795559540E0,1.089284821E0,-3.442840576E-3
3.974986946E1,-8.831784210E0,8.915460205E-1,1.320254517E-1
3.975991046E1,-8.775501251E0,7.185058594E-1,1.916015625E-2
3.976995046E1,-8.701555023E0,5.646258545E-1,-3.444337463E-1
3.977999046E1,-8.671617279E0,3.776646423E-1,-7.743397522E-1
3.979003146E1,-9.089997253E0,1.266366577E-1,-9.343569946E-1
3.980007146E1,-1.027463379E1,-1.736389160E-1,-8.288264465E-1
3.981011146E1,-1.239033417E1,-4.105961609E-1,-5.396278381E-1
3.982015146E1,-1.489732086E1,-2.180964661E-1,-6.339317322E-1
3.983019246E1,-1.638732239E1,5.424719238E-1,-1.217118988E0
3.984023246E1,-1.690075470E1,1.413809967E0,-1.681752777E0
3.985027246E1,-1.654479492E1,2.122735748E0,-1.587299194E0
3.986031346E1,-1.517858597E1,2.809357910E0,-9.521699524E-1
3.987035346E1,-1.330717758E1,3.172802124E0,-8.786727905E-2
3.988039346E1,-1.130733627E1,3.301534424E0,3.004252625E-1
3.989043446E1,-9.697883148E0,3.219804382E0,2.284249878E-1
3.990047446E1,-8.756041718E0,2.670297089E0,-8.053253174E-1
3.991051446E1,-8.202792206E0,2.321672058E0,-2.674638062E0
3.992055546E1,-8.195307770E0,2.205214233E0,-4.896767120E0
3.993059546E1,-8.847950592E0,2.112556915E0,-7.435487823E0
3.994063546E1,-1.020457947E1,1.387913818E0,-8.644373932E0
3.995067646E1,-1.247745300E1,-5.162763977E-1,-8.386609955E0
3.996071646E1,-1.564366882E1,-2.567610626E0,-8.612041168E0
3.997075646E1,-1.526301041E1,-3.150199127E0,-9.160800018E0
3.998079646E1,-1.393961243E1,-3.963607635E0,-8.633147278E0
3.999083746E1,-1.243778549E1,-5.005441132E0,-7.811954956E0
4.000087746E1,-1.107621689E1,-6.031257935E0,-6.788533173E0
4.001091746E1,-1.088745941E1,-6.728957062E0,-5.387895813E0
4.002095846E1,-1.155387360E1,-6.064339142E0,-4.018842773E0
4.003099846E1,-1.105496109E1,-5.281167755E0,-3.141666870E0
4.004103846E1,-1.002106110E1,-4.479285278E0,-2.324815521E0
4.005107946E1,-9.019793243E0,-3.541934509E0,-1.463955688E0
4.006111946E1,-8.486901398E0,-2.384691010E0,-8.614585876E-1
4.007115946E1,-8.361312561E0,-9.422904968E-1,-4.231700134E-1
4.008120046E1,-8.281229095E0,5.043013000E-1,-2.335144043E-1
4.009124046E1,-8.108787689E0,1.530118103E0,-3.911366272E-1
4.010128046E1,-7.882158966E0,2.144889679E0,-6.752458191E-1
4.011132146E1,-7.603288879E0,2.441273346E0,-9.125024414E-1
4.012136146E1,-7.448959808E0,2.435884552E0,-1.123114471E0
4.013140146E1,-7.238347778E0,2.358944550E0,-1.317859497E0
4.014144146E1,-6.881190491E0,2.176024933E0,-1.506616974E0
4.015148246E1,-6.299949188E0,1.842219086E0,-1.698368225E0
4.016152246E1,-5.661526794E0,1.284329224E0,-1.775457916E0
4.017156246E1,-5.305716705E0,5.319937134E-1,-1.722468109E0
4.018160346E1,-5.166057129E0,-3.857478333E-1,-1.547332306E0
4.019164346E1,-5.118905182E0,-1.259630585E0,-1.216220856E0
4.020168346E1,-5.195545807E0,-2.005230103E0,-6.824308777E-1
4.021172446E1,-5.508395233E0,-2.684068451E0,-6.511459351E-2
4.022176421E1,-6.126609650E0,-3.267704773E0,5.343887329E-1
4.023180421E1,-6.829996948E0,-3.627406769E0,9.165440369E-1
4.024184521E1,-7.479945374E0,-3.806883545E0,9.876461792E-1
4.025188521E1,-8.134983215E0,-3.747008057E0,7.436535645E-1
4.026192521E1,-8.855135651E0,-3.397185516E0,3.650907898E-1
4.027196621E1,-9.393416290E0,-2.879711609E0,-8.232879639E-3
4.028200621E1,-9.665251007E0,-2.251018982E0,-3.258723450E-1
4.029204621E1,-9.538764038E0,-1.578317871E0,-3.616479492E-1
4.030208621E1,-8.877439270E0,-1.045875092E0,-2.432441711E-1
4.031212721E1,-8.045020294E0,-6.183641052E-1,-1.517843628E-1
4.032216721E1,-7.511829071E0,-2.299218750E-1,9.370513916E-2
4.033220721E1,-7.371570740E0,1.549278259E-1,4.388873291E-1
4.034224821E1,-7.469766541E0,4.282594299E-1,8.038284302E-1
4.035228821E1,-7.760462036E0,3.986210632E-1,1.163530426E0
4.036232821E1,-8.325986023E0,1.939965820E-1,1.380279694E0
4.037236921E1,-8.934620361E0,-2.005828857E-2,1.114432526E0
4.038240921E1,-9.539512482E0,-9.864486694E-2,3.258723450E-1
4.039244921E1,-1.034259247E1,-1.095721436E-1,-5.255570984E-1
4.040249021E1,-1.133517838E1,-4.595443726E-2,-1.165476379E0
4.041253021E1,-1.230291595E1,1.059796143E-1,-1.445993042E0
4.042257021E1,-1.337319031E1,2.827619934E-1,-1.344354401E0
4.043261121E1,-1.441966415E1,3.362008667E-1,-8.643026733E-1
4.044265121E1,-1.510613663E1,2.520758057E-1,-2.195933533E-1
4.045269121E1,-1.524714340E1,1.966909790E-1,2.778222656E-1
4.046273121E1,-1.477876740E1,3.863465881E-1,5.577401733E-1
4.047277221E1,-1.363349899E1,6.441105652E-1,2.987786865E-1
4.048281221E1,-1.218945190E1,7.262896729E-1,-6.107299805E-1
4.049285221E1,-1.069780380E1,6.566844177E-1,-2.101779327E0
4.050289321E1,-9.893376617E0,-3.059637451E-1,-3.086282043E0
4.051293321E1,-9.905202026E0,-2.189945984E0,-3.394640808E0
4.052297321E1,-1.074869797E1,-4.117637329E0,-3.972888336E0
4.053301421E1,-1.217148926E1,-5.639522552E0,-5.317991180E0
4.054305421E1,-1.397853149E1,-6.772366791E0,-7.112309875E0
4.055309421E1,-1.533860321E1,-7.302564240E0,-8.328231354E0
4.056313521E1,-1.407253601E1,-6.562054138E0,-8.919801178E0
4.057317521E1,-1.089688980E1,-5.014123077E0,-8.261470184E0
4.058321521E1,-8.637937317E0,-3.400927734E0,-6.798113251E0
4.059325621E1,-7.597451019E0,-1.845961304E0,-5.660628662E0
4.060329621E1,-7.392676849E0,-6.647676086E-1,-4.586612091E0
4.061333621E1,-7.744295654E0,1.347198486E-1,-3.338208160E0
4.062337621E1,-8.482560425E0,6.245013428E-1,-2.182461548E0
4.063341721E1,-9.192833405E0,9.259744263E-1,-1.180445251E0
4.064345721E1,-9.683363342E0,1.013991394E0,-4.743635559E-1
4.065349721E1,-1.002001328E1,8.029302979E-1,-3.086581421E-1
4.066353821E1,-1.011761032E1,3.311114502E-1,-5.676196289E-1
4.067357821E1,-9.901609497E0,-8.472381592E-2,-1.173110504E0
4.068361821E1,-9.472302246E0,-4.423301697E-1,-1.785636749E0
4.069365921E1,-9.059311066E0,-6.662644958E-1,-2.360441437E0
4.070369921E1,-8.806486816E0,-8.080197144E-1,-2.753224640E0
4.071373921E1,-8.624615021E0,-9.223818970E-1,-2.836900635E0
4.072378021E1,-8.278983765E0,-9.087602234E-1,-2.625390472E0
4.073382021E1,-7.733218689E0,-7.379653931E-1,-2.232457581E0
4.074386021E1,-7.126979370E0,-5.807922363E-1,-1.785636749E0
4.075390121E1,-6.542744293E0,-4.728666687E-1,-1.449585571E0
4.076394121E1,-6.090684357E0,-4.745132446E-1,-1.147813110E0
4.077398121E1,-5.667364655E0,-4.535568237E-1,-9.648934937E-1
4.078402121E1,-5.489534454E0,-4.887336731E-1,-7.985893250E-1
4.079406221E1,-5.494324493E0,-4.984634399E-1,-5.857319641E-1
4.080410221E1,-5.739813995E0,-4.423301697E-1,-2.589614868E-1
4.081414221E1,-6.312523041E0,-3.216810608E-1,1.323248291E-1
4.082418321E1,-7.125332794E0,-1.094224548E-1,5.122348022E-1
4.083422321E1,-8.039631500E0,9.505233765E-2,7.550299072E-1
4.084426321E1,-8.513545990E0,2.971321106E-1,7.185058594E-1
4.085430421E1,-8.665629730E0,5.035528564E-1,4.125421143E-1
4.086434421E1,-8.825347595E0,7.433541870E-1,-2.252815247E-1
4.087438421E1,-9.012907562E0,9.916877747E-1,-8.575666809E-1
4.088442521E1,-9.215586090E0,1.191372528E0,-1.215771790E0
4.089446521E1,-9.212742004E0,1.323847046E0,-1.228645020E0
4.090450521E1,-8.864865417E0,1.389859772E0,-9.122030640E-1
4.091454621E1,-8.320148163E0,1.333427124E0,-4.731660461E-1
4.092458621E1,-7.732320557E0,1.169667664E0,-1.372645569E-1
4.093462621E1,-7.299869843E0,9.241781616E-1,-6.167175293E-2
4.094466621E1,-7.115004272E0,6.224057007E-1,-1.369651794E-1
4.095470721E1,-7.028035126E0,4.799020386E-1,-3.812571716E-1
4.096474721E1,-7.122488708E0,4.499642944E-1,-8.241860962E-1
4.097478721E1,-7.648644562E0,6.586303711E-1,-1.279090118E0
4.098482821E1,-8.770711212E0,1.205892334E0,-1.537752228E0
4.099486821E1,-1.029199768E1,1.940863953E0,-1.563648376E0
4.100490821E1,-1.267085083E1,2.637066193E0,-1.487905884E0
4.101494921E1,-1.641232040E1,3.475921783E0,-1.394649811E0
4.102498921E1,-1.790995605E1,4.337829437E0,-1.578916626E0
4.103502921E1,-1.744502289E1,4.514911194E0,-1.802850952E0
4.104507021E1,-1.647863251E1,4.393363953E0,-2.080523529E0
4.105511021E1,-1.452773941E1,4.433480530E0,-2.551893311E0
4.106515021E1,-1.265603165E1,4.210144958E0,-3.173849945E0
4.107519121E1,-1.146495850E1,3.450025635E0,-4.477788391E0
4.108523121E1,-1.124790985E1,2.692600708E0,-6.048322449E0
4.109527121E1,-1.185908890E1,2.329306183E0,-7.114255829E0
4.110531121E1,-1.302276901E1,1.891915741E0,-7.620652771E0
4.111535221E1,-1.442295731E1,9.819580078E-1,-7.353608093E0
4.112539221E1,-1.444780563E1,-1.511856079E-2,-6.787934418E0
4.113543221E1,-1.303354660E1,-9.383985901E-1,-6.531817017E0
4.114547321E1,-1.136736145E1,-2.076032867E0,-6.454278259E0
4.115551321E1,-9.838440857E0,-3.678450623E0,-6.355034637E0
4.116555321E1,-8.629554749E0,-5.376220093E0,-6.220763855E0
4.117559421E1,-7.981402588E0,-6.843319244E0,-5.858816528E0
4.118563421E1,-8.196056213E0,-7.928712158E0,-5.238656158E0
4.119567421E1,-9.488618317E0,-7.621550903E0,-4.462520142E0
4.120571521E1,-9.842183075E0,-6.423442383E0,-3.759731598E0
4.121575525E1,-9.500743103E0,-5.077740784E0,-3.305126953E0
4.122579525E1,-9.295819244E0,-3.784879303E0,-2.669997711E0
4.123583625E1,-9.203610992E0,-2.536924438E0,-2.217039642E0
4.124587625E1,-9.381141815E0,-1.110241241E0,-2.023342438E0
4.125591625E1,-9.554181976E0,3.779640198E-1,-2.091151428E0
4.126595725E1,-9.747130737E0,1.861528931E0,-2.239942017E0
4.127599725E1,-9.709558868E0,3.060086517E0,-2.421364746E0
4.128603725E1,-9.468560028E0,3.745211792E0,-2.496957550E0
4.129607725E1,-9.125772858E0,3.913162537E0,-2.425106964E0
4.130611825E1,-8.587342529E0,3.724105682E0,-2.275717621E0
4.131615825E1,-7.789501648E0,3.233426056E0,-2.131567383E0
4.132619825E1,-6.741680603E0,2.469564514E0,-1.916165314E0
4.133623925E1,-5.794899445E0,1.709744568E0,-1.656904449E0
4.134627925E1,-5.028792572E0,1.049018555E0,-1.292262726E0
4.135631925E1,-4.442611542E0,3.682342529E-1,-8.454418945E-1
4.136636025E1,-4.085454254E0,-3.234773254E-1,-4.165837097E-1
4.137640025E1,-4.164639587E0,-1.174457703E0,7.948471069E-2
4.138644025E1,-4.715943146E0,-2.157613220E0,6.706054688E-1
4.139648125E1,-5.347180481E0,-3.056044922E0,1.133892059E0
4.140652125E1,-5.990392914E0,-3.659140778E0,1.236728210E0
4.141656125E1,-6.769822083E0,-4.030668182E0,1.055904236E0
4.142660225E1,-7.618856506E0,-4.174069977E0,7.294331360E-1
4.143664225E1,-8.392597504E0,-4.094884644E0,3.477268982E-1
4.144668225E1,-9.018146667E0,-3.930526428E0,5.134323120E-2
4.145672225E1,-9.510772247E0,-3.563339996E0,-1.731898499E-1
4.146676325E1,-9.742789764E0,-3.049907684E0,-2.764750671E-1
4.147680325E1,-9.682465210E0,-2.486329651E0,-2.293231201E-1
4.148684325E1,-9.579629059E0,-1.904639282E0,-6.631210327E-2
4.149688425E1,-9.465266876E0,-1.344653778E0,1.697470093E-1
4.150692425E1,-9.280700684E0,-9.107061768E-1,2.914439392E-1
4.151696425E1,-9.029373322E0,-5.587879944E-1,3.724255371E-1
4.152700525E1,-8.701704712E0,-3.306623840E-1,2.959346008E-1
4.153704525E1,-8.421188049E0,-1.760339355E-1,-9.116043091E-2
4.154708525E1,-8.192014618E0,-1.706451416E-2,-6.512956238E-1
4.155712625E1,-8.125702515E0,2.430944824E-1,-1.232087860E0
4.156716625E1,-8.150251465E0,5.318440247E-1,-1.616338806E0
4.157720625E1,-8.381071472E0,5.783972168E-1,-1.563947754E0
4.158724725E1,-9.134754181E0,2.423460388E-1,-1.117875366E0
4.159728725E1,-1.052236862E1,-3.616479492E-1,-4.318519592E-1
4.160732725E1,-1.309761337E1,-7.554789734E-1,3.532653809E-2
4.161736825E1,-1.571986038E1,-5.783972168E-1,2.189945984E-1
4.162740825E1,-1.589110428E1,-1.898052979E-1,1.829196167E-1
4.163744825E1,-1.548559753E1,4.730163574E-2,1.353186035E-1
4.164748825E1,-1.457114914E1,3.016227722E-1,-2.978805542E-2
4.165752925E1,-1.320149734E1,5.846841431E-1,-4.620890808E-1
4.166756925E1,-1.171359146E1,7.171586609E-1,-1.450334015E0
4.167760925E1,-1.072280182E1,5.692662048E-1,-2.977608032E0
4.168765025E1,-1.050949539E1,-3.016227722E-1,-3.967050476E0
4.169769025E1,-1.073013657E1,-1.687440948E0,-4.427193604E0
4.170773025E1,-1.138906631E1,-2.908302155E0,-4.706213379E0
4.171777125E1,-1.248838028E1,-4.078867950E0,-5.029241638E0
4.172781125E1,-1.327978455E1,-4.982688446E0,-5.688021698E0
4.173785125E1,-1.285960831E1,-5.057532806E0,-6.431824951E0
4.174789225E1,-1.115929413E1,-4.376149750E0,-6.934030609E0
4.175793225E1,-9.493258667E0,-3.282823334E0,-7.149432678E0
4.176797225E1,-8.703201599E0,-1.988315277E0,-6.721322937E0
4.177801325E1,-8.646170197E0,-6.282435608E-1,-6.050717468E0
4.178805325E1,-8.801247711E0,3.329077148E-1,-5.297783203E0
4.179809325E1,-9.245374146E0,7.189549255E-1,-4.202810211E0
4.180813425E1,-9.801168365E0,8.533753967E-1,-3.004402313E0
4.181817425E1,-1.019140686E1,8.110134888E-1,-2.193089447E0
4.182821425E1,-1.041504181E1,6.610253906E-1,-1.807640991E0
4.183825425E1,-1.048958679E1,3.029699707E-1,-1.654659119E0
4.184829525E1,-1.056922119E1,-1.818717957E-1,-1.646725616E0
4.185833525E1,-1.040695862E1,-6.095324707E-1,-1.861079865E0
4.186837525E1,-1.013482452E1,-9.900411987E-1,-2.231409760E0
4.187841625E1,-9.853559418E0,-1.332978058E0,-2.573598175E0
4.188845625E1,-9.424102478E0,-1.565594330E0,-2.824775848E0
4.189849625E1,-8.964109039E0,-1.671723633E0,-2.796933746E0
4.190853725E1,-8.470136261E0,-1.678010559E0,-2.501148834E0
4.191857725E1,-7.978708191E0,-1.672621765E0,-2.105072479E0
4.192861725E1,-7.520511017E0,-1.574575653E0,-1.927242279E0
4.193865825E1,-7.050638123E0,-1.446891174E0,-1.796713715E0
4.194869825E1,-6.534810791E0,-1.264121246E0,-1.754950562E0
4.195873825E1,-6.104006653E0,-1.078207855E0,-1.786834259E0
4.196877925E1,-5.810766449E0,-8.411009216E-1,-1.577270050E0
4.197881925E1,-5.603746948E0,-4.026626587E-1,-1.294957123E0
4.198885925E1,-5.501659241E0,1.550775146E-1,-1.049916687E0
4.199890025E1,-5.594316559E0,6.701564026E-1,-6.641688538E-1
4.200894025E1,-5.799390106E0,1.221609650E0,-4.607418823E-1
4.201898025E1,-6.505771179E0,1.730850677E0,-4.879852295E-1
4.202902025E1,-7.475305023E0,2.081870728E0,-5.827381897E-1
4.203906125E1,-8.228089600E0,2.279310150E0,-7.262896729E-1
4.204910125E1,-8.635991364E0,2.413131866E0,-9.616003418E-1
4.205914125E1,-8.795709229E0,2.520608368E0,-1.250798950E0
4.206918225E1,-8.754993896E0,2.576292572E0,-1.258582764E0
4.207922225E1,-8.545279999E0,2.549947357E0,-1.066232758E0
4.208926225E1,-8.273594971E0,2.343526611E0,-7.894583130E-1
4.209930325E1,-8.134983215E0,2.026485901E0,-5.134323120E-1
4.210934325E1,-8.038733368E0,1.625918884E0,-2.974314880E-1
4.211938325E1,-7.958200836E0,1.278191986E0,-1.886077881E-1
4.212942425E1,-7.951464844E0,9.172924805E-1,-1.077758789E-1
4.213946425E1,-7.937992859E0,5.598358154E-1,-2.107617188E-1
4.214950425E1,-8.003706207E0,1.522334290E-1,-4.477189636E-1
4.215954525E1,-8.338110809E0,-3.576063538E-1,-6.053411865E-1
4.216958525E1,-8.969198456E0,-7.686515808E-1,-7.861651611E-1
4.217962525E1,-1.001073257E1,-9.861492920E-1,-1.104253693E0
4.218966625E1,-1.140433456E1,-1.137035522E0,-1.450034637E0
4.219970625E1,-1.283461029E1,-1.297651520E0,-1.813029785E0
4.220974625E1,-1.407927200E1,-1.553469543E0,-1.956431580E0
4.221978571E1,-1.496198639E1,-1.590442657E0,-1.774559784E0
4.222982671E1,-1.534923111E1,-1.341510315E0,-1.337768097E0
4.223986671E1,-1.513382904E1,-9.238787842E-1,-7.062313843E-1
4.224990671E1,-1.466694992E1,-5.986051941E-1,1.583706665E-1
4.225994771E1,-1.383782410E1,-3.125500488E-1,9.454339600E-1
4.226998771E1,-1.251502487E1,1.959425354E-1,1.193767548E0
4.228002771E1,-1.108714417E1,9.036708069E-1,7.482939148E-1
4.229006871E1,-1.011267059E1,1.294208679E0,-1.130149841E-1
4.230010871E1,-9.698182526E0,1.568438416E0,-1.080004120E0
4.231014871E1,-9.881700897E0,2.459235992E0,-2.277064819E0
4.232018971E1,-1.087683151E1,3.598367157E0,-4.187392273E0
4.233022971E1,-1.200279007E1,4.039799194E0,-6.261179810E0
4.234026971E1,-1.336825058E1,3.788172455E0,-7.302264862E0
4.235031071E1,-1.334654572E1,3.334316254E0,-7.649093628E0
4.236035071E1,-1.207224564E1,2.622546387E0,-7.810308380E0
4.237039071E1,-1.109417953E1,1.422042847E0,-7.661218414E0
4.238043171E1,-1.011282028E1,-2.679428101E-2,-7.169940033E0
4.239047171E1,-8.769364014E0,-1.251547394E0,-6.546037445E0
4.240051171E1,-7.368277588E0,-2.276915131E0,-5.685776367E0
4.241055271E1,-6.737788696E0,-3.334915009E0,-4.589456177E0
4.242059271E1,-6.941365356E0,-4.224964142E0,-3.580254822E0
4.243063271E1,-7.801177368E0,-4.472100220E0,-2.812052307E0
4.244067271E1,-8.808133392E0,-3.951931915E0,-2.230361938E0
4.245071371E1,-9.237290955E0,-3.278332672E0,-1.886227570E0
4.246075371E1,-9.523495789E0,-2.497556305E0,-1.626966705E0
4.247079371E1,-9.739197235E0,-1.757345581E0,-1.395098877E0
4.248083471E1,-1.027358597E1,-5.836363220E-1,-1.194216614E0
4.249087471E1,-1.048300049E1,8.590635681E-1,-1.216520233E0
4.250091471E1,-1.016850449E1,2.094294891E0,-1.543590088E0
4.251095571E1,-9.571695557E0,2.840343475E0,-1.876497803E0
4.252099571E1,-8.869356079E0,3.013383636E0,-2.209255829E0
4.253103571E1,-8.352181549E0,2.773133240E0,-2.340532837E0
4.254107671E1,-7.813002777E0,2.170636139E0,-2.210153961E0
4.255111671E1,-7.282206573E0,1.368005219E0,-1.902094574E0
4.256115671E1,-6.810687103E0,5.575904846E-1,-1.591789856E0
4.257119771E1,-6.467899933E0,-2.125579834E-1,-1.445693665E0
4.258123771E1,-6.348448334E0,-9.479786682E-1,-1.265019379E0
4.259127771E1,-6.470744019E0,-1.544488220E0,-9.192384338E-1
4.260131871E1,-6.581813049E0,-2.093097382E0,-3.882925415E-1
4.261135871E1,-6.672674103E0,-2.597997437E0,2.130070496E-1
4.262139871E1,-6.672225037E0,-3.053949280E0,7.438032532E-1
4.263143971E1,-6.775360565E0,-3.327729950E0,9.578581238E-1
4.264147971E1,-7.069498901E0,-3.275338898E0,9.244775391E-1
4.265151971E1,-7.543563080E0,-2.984344025E0,7.761360168E-1
4.266155971E1,-7.976762238E0,-2.618953857E0,5.480104065E-1
4.267160071E1,-8.394244080E0,-2.285597076E0,3.686833191E-1
4.268164071E1,-8.692424011E0,-1.969155121E0,2.058219910E-1
4.269168071E1,-8.769364014E0,-1.624571686E0,6.481521606E-2
4.270172171E1,-8.753796387E0,-1.277892609E0,-1.413061523E-1
4.271176171E1,-8.709338837E0,-9.963281250E-1,-3.137475586E-1
4.272180171E1,-8.678353271E0,-7.458988953E-1,-4.664300537E-1
4.273184271E1,-8.761430511E0,-5.511538696E-1,-4.685256958E-1
4.274188271E1,-8.832682343E0,-4.239184570E-1,-4.451742554E-1
4.275192271E1,-9.002728729E0,-4.037104797E-1,-4.697232056E-1
4.276196371E1,-9.274413757E0,-3.999682617E-1,-5.610333252E-1
4.277200371E1,-9.646390228E0,-3.017724609E-1,-8.084687805E-1
4.278204371E1,-1.018332367E1,-1.043330383E-1,-1.106499023E0
4.279208471E1,-1.100092346E1,5.837860107E-2,-1.292711792E0
4.280212471E1,-1.203736816E1,-1.823208618E-1,-1.090931396E0
4.281216471E1,-1.317066147E1,-9.524693298E-1,-5.993536377E-1
4.282220571E1,-1.446442108E1,-1.573228455E0,1.010398865E-1
4.283224571E1,-1.535671555E1,-2.081571350E0,9.017248535E-1
4.284228571E1,-1.532243683E1,-2.228415985E0,1.424886932E0
4.285232671E1,-1.463746124E1,-2.268532562E0,1.527124329E0
4.286236671E1,-1.350910767E1,-2.500999146E0,1.113983459E0
4.287240671E1,-1.209709396E1,-2.604733429E0,4.067042542E-1
4.288244671E1,-1.081306412E1,-2.392025757E0,-7.834707642E-1
4.289248771E1,-9.827513580E0,-2.002086639E0,-2.006577301E0
4.290252771E1,-8.925788727E0,-2.029180298E0,-2.606978760E0
4.291256771E1,-8.295449524E0,-2.601290588E0,-2.841091919E0
4.292260871E1,-8.058941345E0,-3.422632599E0,-3.611988831E0
4.293264871E1,-8.074209595E0,-3.859573975E0,-5.033582611E0
4.294268871E1,-8.375982056E0,-3.513942719E0,-6.388564911E0
4.295272971E1,-9.066795502E0,-2.698288879E0,-7.074438629E0
4.296276971E1,-1.035217255E1,-1.582359467E0,-7.396419067E0
4.297280971E1,-1.322724380E1,1.749861145E-1,-7.419471130E0
4.298285071E1,-1.413315994E1,2.519410858E0,-7.461533661E0
4.299289071E1,-1.338037537E1,4.346361694E0,-7.298372955E0
4.300293071E1,-1.318727692E1,5.330265656E0,-6.737339630E0
4.301297171E1,-1.311123505E1,4.626578979E0,-5.882317657E0
4.302301171E1,-1.336390961E1,3.634741516E0,-4.727319489E0
4.303305171E1,-1.296169601E1,2.830164642E0,-3.412453766E0
4.304309271E1,-1.188947571E1,1.650617523E0,-2.192490692E0
4.305313271E1,-1.065319656E1,-1.910028076E-1,-1.214274902E0
4.306317271E1,-9.359287262E0,-2.286944275E0,-4.099974060E-1
4.307321371E1,-8.165519714E0,-4.101321259E0,5.777984619E-2
4.308325371E1,-7.310348053E0,-5.376669159E0,3.059637451E-1
4.309329371E1,-6.879094849E0,-5.973777466E0,2.570155334E-1
4.310333371E1,-6.747967529E0,-6.069428558E0,-5.837860107E-3
4.311337471E1,-6.622229004E0,-5.762716370E0,-3.345542908E-1
4.312341471E1,-6.215674438E0,-5.125341797E0,-6.713539124E-1
4.313345471E1,-5.672753448E0,-4.159400482E0,-1.006956024E0
4.314349571E1,-5.079836426E0,-2.873574371E0,-1.394350433E0
4.315353571E1,-4.714895325E0,-1.428629150E0,-1.653461609E0
4.316357571E1,-4.667294312E0,6.721023560E-2,-1.853894806E0
4.317361671E1,-4.688400421E0,1.313967590E0,-1.872007141E0
4.318365671E1,-4.982987823E0,2.396067352E0,-1.615590363E0
4.319369671E1,-5.725144501E0,3.371738434E0,-1.220561829E0
4.320373771E1,-6.677913208E0,4.133504333E0,-9.219328308E-1
4.321377771E1,-7.671996002E0,4.815037079E0,-8.713380432E-1
4.322381846E1,-8.525371399E0,5.247637482E0,-9.824070740E-1
4.323385946E1,-8.975485382E0,5.199886780E0,-1.121168518E0
4.324389946E1,-8.896300049E0,4.662354584E0,-1.175355835E0
4.325393946E1,-8.592881012E0,3.819756775E0,-1.053958282E0
4.326398046E1,-8.200247498E0,2.914589081E0,-7.948471069E-1
4.327402046E1,-7.706873474E0,2.114951935E0,-5.251080322E-1
4.328406046E1,-7.322921906E0,1.335672455E0,-1.836680603E-1
4.329410146E1,-7.090006256E0,5.755531311E-1,1.028361511E-1
4.330414146E1,-7.106322327E0,-1.701960754E-1,3.960763550E-1
4.331418146E1,-7.388036499E0,-8.566685486E-1,6.906637573E-1
4.332422146E1,-7.826025696E0,-1.535057831E0,7.393125916E-1
4.333426246E1,-8.589587860E0,-2.064806213E0,3.725752258E-1
4.334430246E1,-9.684860229E0,-2.393822021E0,-1.148112488E-1
4.335434246E1,-1.095841187E1,-2.564317474E0,-7.098239136E-1
4.336438346E1,-1.236144424E1,-2.517165527E0,-1.399739227E0
4.337442346E1,-1.420635773E1,-2.121089172E0,-1.901346130E0
4.338446346E1,-1.648881134E1,-1.321601715E0,-1.859433289E0
4.339450446E1,-1.776850021E1,-5.173242188E-1,-1.255588989E0
4.340454446E1,-1.742167145E1,-2.763253784E-1,-5.568420410E-1
4.341458446E1,-1.637864044E1,-5.204676819E-1,-1.258882141E-1
4.342462546E1,-1.521121811E1,-7.470964050E-1,6.286926270E-2
4.343466546E1,-1.370998993E1,-7.830216980E-1,-3.179388428E-1
4.344470546E1,-1.217133957E1,-9.686357117E-1,-1.222956848E0
4.345474646E1,-1.110405899E1,-1.057999878E0,-2.562970276E0
4.346478646E1,-1.090766739E1,-5.795947266E-1,-3.987258453E0
4.347482646E1,-1.149399811E1,6.213578796E-1,-5.360802155E0
4.348486746E1,-1.165985321E1,1.709295502E0,-6.753206635E0
4.349490746E1,-1.128727798E1,2.259700928E0,-7.481591949E0
4.350494746E1,-1.025173141E1,2.427801361E0,-7.402705994E0
4.351498846E1,-8.891360321E0,2.173330536E0,-7.138505402E0
4.352502846E1,-7.687563629E0,1.362466736E0,-6.564898224E0
4.353506846E1,-7.307653656E0,-8.202941895E-2,-5.650150452E0
4.354510946E1,-7.660020905E0,-1.761387177E0,-4.839286652E0
4.355514946E1,-8.322543182E0,-3.022963715E0,-4.428690491E0
4.356518946E1,-9.597442017E0,-3.371738434E0,-4.238585815E0
4.357522946E1,-1.084883972E1,-3.062631226E0,-3.978426819E0
4.358527046E1,-1.167422333E1,-2.319426727E0,-3.767665100E0
4.359531046E1,-1.184771255E1,-1.643432465E0,-3.392245789E0
4.360535046E1,-1.169562881E1,-9.529183960E-1,-2.982996826E0
4.361539146E1,-1.154863449E1,2.866539001E-1,-2.563718719E0
4.362543146E1,-1.122904907E1,1.766177216E0,-2.121089172E0
4.363547146E1,-1.047850983E1,3.052602081E0,-1.705702972E0
4.364551246E1,-9.433383179E0,3.842509460E0,-1.293160858E0
4.365555246E1,-8.200846252E0,4.008963318E0,-1.082997894E0
4.366559246E1,-7.064559174E0,3.671265564E0,-9.699829102E-1
4.367563346E1,-6.096372528E0,2.991978149E0,-8.840615845E-1
4.368567346E1,-5.239554291E0,2.205962677E0,-9.568103027E-1
4.369571346E1,-4.601730652E0,1.233734436E0,-9.803114319E-1
4.370575446E1,-4.260739746E0,2.450404358E-1,-8.858578491E-1
4.371579446E1,-4.101770325E0,-5.436694336E-1,-7.134164429E-1
4.372583446E1,-4.050127716E0,-1.289119263E0,-3.393443298E-1
4.373587546E1,-4.432881775E0,-2.079775085E0,1.514849854E-1
4.374591546E1,-5.098697205E0,-2.715652771E0,4.192781067E-1
4.375595546E1,-5.971532135E0,-3.227438507E0,5.168751526E-1
4.376599646E1,-7.110363922E0,-3.615281982E0,5.026547241E-1
4.377603646E1,-8.260422363E0,-3.885769501E0,4.438270569E-1
4.378607646E1,-9.164542236E0,-3.973936157E0,2.281256104E-1
4.379611646E1,-9.779014435E0,-3.816014557E0,-1.175056458E-1
4.380615746E1,-1.004575974E1,-3.400478668E0,-3.661386108E-1
4.381619746E1,-9.872719574E0,-2.820883942E0,-4.721182251E-1
4.382623746E1,-9.404642944E0,-2.245480499E0,-4.340972900E-1
4.383627846E1,-8.904532928E0,-1.825304260E0,-2.338137817E-1
4.384631846E1,-8.715625763E0,-1.481319580E0,8.981323242E-4
4.385635846E1,-8.828491058E0,-1.153351593E0,2.074685669E-1
4.386639946E1,-8.977131958E0,-9.366023254E-1,3.209326172E-1
4.387643946E1,-8.932674408E0,-9.092092896E-1,2.909948730E-1
4.388647946E1,-8.841513977E0,-9.500743103E-1,-6.316864014E-2
4.389652046E1,-8.971743164E0,-8.150550842E-1,-5.908213806E-1
4.390656046E1,-9.273216248E0,-5.499563599E-1,-9.586065674E-1
4.391660046E1,-9.613009644E0,-2.387535095E-1,-1.094673615E0
4.392664146E1,-9.937684479E0,6.780899048E-2,-1.240919495E0
4.393668146E1,-1.056083862E1,4.311035156E-2,-1.250798950E0
4.394672146E1,-1.207029968E1,-2.942880249E-1,-1.059796143E0
4.395676246E1,-1.408750488E1,-5.279521179E-1,-9.006770325E-1
4.396680246E1,-1.485495895E1,-6.035449219E-1,-7.777825928E-1
4.397684246E1,-1.469628891E1,-5.040019226E-1,-6.635700989E-1
4.398688346E1,-1.425934753E1,-5.430706787E-1,-7.156617737E-1
4.399692346E1,-1.339070389E1,-8.147557068E-1,-9.928852844E-1
4.400696346E1,-1.250469635E1,-1.014440460E0,-1.464255066E0
4.401700446E1,-1.184426971E1,-8.996292114E-1,-2.018702087E0
4.402704446E1,-1.144145737E1,-8.897497559E-1,-2.220632172E0
4.403708446E1,-1.117755615E1,-1.263372803E0,-2.510130157E0
4.404712446E1,-1.075977493E1,-2.125130768E0,-3.012335815E0
4.405716546E1,-1.048479675E1,-2.930456085E0,-3.819607086E0
4.406720546E1,-1.031939072E1,-3.366499329E0,-4.875211945E0
4.407724546E1,-1.023302032E1,-3.377276917E0,-5.781726837E0
4.408728646E1,-1.009620483E1,-2.687361603E0,-6.266418915E0
4.409732646E1,-9.816286926E0,-1.290616150E0,-6.482419739E0
4.410736646E1,-9.171278229E0,9.325607300E-2,-6.245612183E0
4.411740746E1,-8.694819031E0,1.240320740E0,-5.479654999E0
4.412744746E1,-8.821755066E0,2.418071594E0,-4.775519257E0
4.413748746E1,-9.210047607E0,3.349135437E0,-4.151916046E0
4.414752846E1,-9.844278717E0,3.232228546E0,-3.522474976E0
4.415756846E1,-1.082758392E1,2.570155334E0,-2.978805542E0
4.416760846E1,-1.165177002E1,1.764380951E0,-2.456391907E0
4.417764946E1,-1.194994995E1,7.114704895E-1,-2.043251038E0
4.418768946E1,-1.176598251E1,-4.451742554E-1,-1.644629974E0
4.419772946E1,-1.106469086E1,-1.769320679E0,-1.242416382E0
4.420777046E1,-1.018302429E1,-3.129691772E0,-1.061293030E0
4.421781046E1,-9.369166718E0,-4.255800018E0,-1.057251434E0
4.422785033E1,-8.771908722E0,-4.923411713E0,-1.219963074E0
4.423789133E1,-8.545130310E0,-5.111570435E0,-1.340163116E0
4.424793133E1,-8.234226837E0,-4.848567352E0,-1.311422882E0
4.425797133E1,-7.626041565E0,-4.097579041E0,-1.345252533E0
4.426801233E1,-6.722370758E0,-3.084934845E0,-1.319506073E0
4.427805233E1,-5.913153534E0,-2.038610687E0,-1.270258484E0
4.428809233E1,-5.425317993E0,-1.063837738E0,-1.157991943E0
4.429813233E1,-5.295986938E0,6.286926270E-3,-1.064735870E0
4.430817333E1,-5.291945343E0,1.098116455E0,-1.004411316E0
4.431821333E1,-5.428611145E0,1.954335938E0,-8.241860962E-1
4.432825333E1,-5.959856415E0,2.555485840E0,-5.812413025E-1
4.433829433E1,-6.662195892E0,2.990032196E0,-2.661465454E-1
4.434833433E1,-7.396868134E0,3.269501038E0,7.634124756E-3
4.435837433E1,-8.076005859E0,3.384611664E0,6.062393188E-2
4.436841533E1,-8.572373657E0,3.294349365E0,-1.387614441E-1
4.437845533E1,-8.939111023E0,2.959346008E0,-5.487588501E-1
4.438849533E1,-9.193132782E0,2.436183929E0,-1.032852173E0
4.439853633E1,-9.477541351E0,1.782642975E0,-1.385369110E0
4.440857633E1,-9.705367584E0,1.081950073E0,-1.483415222E0
4.441861633E1,-9.779014435E0,6.021977234E-1,-1.302441559E0
4.442865733E1,-9.592801666E0,3.525169373E-1,-9.985734558E-1
4.443869733E1,-9.264983368E0,3.007246399E-1,-5.957611084E-1
4.444873733E1,-8.981023865E0,3.436853027E-1,-1.107696533E-1
4.445877833E1,-8.728798370E0,3.167413330E-1,3.501219177E-1
4.446881833E1,-8.467591553E0,1.462458801E-1,7.274871826E-1
4.447885833E1,-8.282127228E0,-9.595046997E-2,9.357041931E-1
4.448889933E1,-8.171357574E0,-4.435276794E-1,1.045126648E0
4.449893933E1,-8.157735901E0,-7.818241882E-1,8.755293274E-1
4.450897933E1,-8.257278900E0,-1.030906219E0,3.838018799E-1
4.451902033E1,-8.652307434E0,-1.211430817E0,-1.868115234E-1
4.452906033E1,-9.824519806E0,-1.421593781E0,-3.573069763E-1
4.453910033E1,-1.170041885E1,-1.333726501E0,-3.876937866E-1
4.454914133E1,-1.357137817E1,-7.717950439E-1,-3.441343689E-1
4.455918133E1,-1.475511658E1,-2.661465454E-1,-1.588197327E-1
4.456922133E1,-1.533246597E1,-6.137237549E-3,-1.947450256E-1
4.457926233E1,-1.574081680E1,1.716929626E-1,-3.658392334E-1
4.458930233E1,-1.576252167E1,2.658471680E-1,-3.426374817E-1
4.459934233E1,-1.508622803E1,3.388952637E-1,-3.323089600E-1
4.460938233E1,-1.375609406E1,3.966751099E-1,-9.587562561E-1
4.461942333E1,-1.237671249E1,3.147953796E-1,-2.386337585E0
4.462946333E1,-1.155881332E1,5.372328186E-1,-4.028572540E0
4.463950333E1,-1.200653229E1,1.723815308E0,-5.338049469E0
4.464954433E1,-1.269001099E1,2.867437134E0,-6.079906769E0
4.465958433E1,-1.239048386E1,3.316952362E0,-6.665638733E0
4.466962433E1,-1.164578247E1,3.096909943E0,-6.730753326E0
4.467966533E1,-1.010593460E1,2.218985596E0,-6.480324097E0
4.468970533E1,-8.738079071E0,1.014739838E0,-5.906267853E0
4.469974533E1,-8.044122162E0,-2.739303589E-1,-5.015769653E0
4.470978633E1,-7.293732605E0,-1.671873322E0,-4.304149475E0
4.471982633E1,-6.845115509E0,-3.021167450E0,-3.647764435E0
4.472986633E1,-6.830146637E0,-4.372257843E0,-3.163820801E0
4.473990733E1,-7.618257751E0,-5.391787720E0,-3.095413055E0
4.474994733E1,-9.411828003E0,-4.968018951E0,-3.358116760E0
4.475998733E1,-1.090153015E1,-2.841840363E0,-3.728746033E0
4.477002833E1,-1.067609894E1,-9.891430664E-1,-3.907773743E0
4.478006833E1,-1.100765945E1,6.212081909E-2,-3.275189209E0
4.479010833E1,-1.248179398E1,1.382974091E0,-2.334096222E0
4.480014933E1,-1.198916840E1,3.036136322E0,-1.804497528E0
4.481018933E1,-1.092952194E1,4.377347260E0,-1.546883240E0
4.482022933E1,-9.857151947E0,5.250631256E0,-1.435365143E0
4.483027033E1,-8.914412384E0,5.540278931E0,-1.353784790E0
4.484031033E1,-8.216114502E0,5.166805573E0,-1.313817902E0
4.485035033E1,-7.413333893E0,4.290228424E0,-1.353934479E0
4.486039033E1,-6.606811066E0,3.015030212E0,-1.306932220E0
4.487043133E1,-5.946085052E0,1.477727051E0,-1.128952332E0
4.488047133E1,-5.607638855E0,1.666035461E-1,-8.140072632E-1
4.489051133E1,-5.359305267E0,-1.001267853E0,-5.707630920E-1
4.490055233E1,-5.191653900E0,-1.962568817E0,-3.477268982E-1
4.491059233E1,-5.281467133E0,-2.826721802E0,-2.140548706E-2
4.492063233E1,-5.587879944E0,-3.570824432E0,3.064128113E-1
4.493067333E1,-5.920787659E0,-4.060755615E0,5.403762817E-1
4.494071333E1,-6.469396820E0,-4.282294922E0,5.779481506E-1
4.495075333E1,-7.155420227E0,-4.127965851E0,4.896318054E-1
4.496079433E1,-7.734865265E0,-3.772155762E0,2.650987244E-1
4.497083433E1,-8.289611664E0,-3.335513763E0,-6.107299805E-2
4.498087433E1,-8.816515961E0,-2.844385071E0,-3.300636292E-1
4.499091533E1,-9.248667297E0,-2.301613770E0,-4.935237122E-1
4.500095533E1,-9.445058899E0,-1.764530640E0,-4.851411438E-1
4.501099533E1,-9.471853180E0,-1.320853271E0,-4.183799744E-1
4.502103633E1,-9.460327148E0,-9.836045837E-1,-3.523672485E-1
4.503107633E1,-9.588460693E0,-6.915618896E-1,-3.838018799E-1
4.504111633E1,-9.731712799E0,-4.068539429E-1,-5.288502502E-1
4.505115733E1,-9.725874939E0,-1.890568542E-1,-8.469387817E-1
4.506119733E1,-9.596394196E0,1.438508606E-1,-1.150806885E0
4.507123733E1,-9.467512207E0,6.466552734E-1,-1.347946930E0
4.508127833E1,-9.375154266E0,1.240919495E0,-1.413360901E0
4.509131833E1,-9.301806793E0,1.826501770E0,-1.378782806E0
4.510135833E1,-9.201215973E0,2.230960693E0,-1.291214905E0
4.511139933E1,-9.083261261E0,1.932631073E0,-9.954299927E-1
4.512143933E1,-9.254355469E0,7.273374939E-1,-4.279600525E-1
4.513147933E1,-1.016401382E1,-7.250921631E-1,2.314187622E-1
4.514151933E1,-1.147453857E1,-1.927990723E0,5.117857361E-1
4.515156033E1,-1.235815109E1,-2.630629578E0,3.552113342E-1
4.516160033E1,-1.299522629E1,-2.859952698E0,7.484436035E-4
4.517164033E1,-1.329520248E1,-2.774779816E0,-3.510200500E-1
4.518168133E1,-1.309222458E1,-2.681074677E0,-7.776329041E-1
4.519172133E1,-1.258956985E1,-2.399510193E0,-1.540895691E0
4.520176133E1,-1.185145477E1,-1.893262939E0,-2.500849457E0
4.521180233E1,-1.123728195E1,-1.295406189E0,-3.358565826E0
4.522184238E1,-1.098206268E1,-7.625143433E-1,-3.830983429E0
4.523188237E1,-1.110555588E1,-7.220983887E-1,-4.271667023E0
4.524192337E1,-1.163904648E1,-1.032403107E0,-5.304519196E0
4.525196337E1,-1.270632706E1,-1.076710968E0,-6.499035187E0
4.526200337E1,-1.350940704E1,-5.634283447E-1,-7.367529144E0
4.527204437E1,-1.313159271E1,3.115022278E-1,-7.497009888E0
4.528208438E1,-1.195249466E1,1.487157440E0,-7.338489532E0
4.529212438E1,-1.055589890E1,2.623893585E0,-7.031927032E0
4.530216538E1,-9.567653961E0,3.482807465E0,-6.549929352E0
4.531220537E1,-9.189091187E0,4.098776550E0,-5.884263611E0
4.532224537E1,-9.245972900E0,4.302951965E0,-4.926405487E0
4.533228637E1,-9.449100494E0,4.035308533E0,-3.788022766E0
4.534232637E1,-9.537117462E0,3.338657227E0,-2.798280945E0
4.535236638E1,-9.347761230E0,2.393672333E0,-2.183808746E0
4.536240737E1,-8.974886627E0,1.201401672E0,-1.844464417E0
4.537244738E1,-8.679251404E0,-1.145118713E-1,-1.656156006E0
4.538248737E1,-8.779542847E0,-1.355281677E0,-1.596130829E0
4.539252837E1,-9.156009979E0,-2.284698944E0,-1.729653168E0
4.540256837E1,-9.599088593E0,-2.692900085E0,-2.042502594E0
4.541260837E1,-9.708511047E0,-2.615660706E0,-2.326162720E0
4.542264937E1,-9.605375519E0,-2.200723572E0,-2.587668915E0
4.543268937E1,-9.603579254E0,-1.684147797E0,-2.663261719E0
4.544272938E1,-9.309440918E0,-1.054107971E0,-2.429298248E0
4.545276937E1,-8.765921173E0,-4.339476013E-1,-1.946552124E0
4.546281038E1,-8.124205627E0,2.565664673E-1,-1.512903900E0
4.547285037E1,-7.488327942E0,1.074465637E0,-1.194515991E0
4.548289037E1,-6.913074188E0,1.859582977E0,-1.075663147E0
4.549293137E1,-6.554420013E0,2.464774475E0,-9.690847778E-1
4.550297137E1,-6.356980591E0,2.883304138E0,-8.725355530E-1
4.551301138E1,-6.127058716E0,3.110232239E0,-9.193881226E-1
4.552305238E1,-5.913602600E0,3.046913910E0,-1.024319916E0
4.553309238E1,-5.886359253E0,2.724634094E0,-1.144070892E0
4.554313237E1,-6.046675873E0,2.193538513E0,-1.297352142E0
4.555317337E1,-6.543941803E0,1.528022461E0,-1.452579346E0
4.556321337E1,-7.500303040E0,8.265811157E-1,-1.584455109E0
4.557325337E1,-8.687035217E0,2.800675964E-1,-1.647623749E0
4.558329437E1,-9.706565094E0,-4.191284180E-3,-1.709594879E0
4.559333438E1,-1.040411453E1,4.101470947E-2,-1.857637024E0
4.560337438E1,-1.081096848E1,2.510279846E-1,-2.016007690E0
4.561341538E1,-1.097008759E1,6.200106812E-1,-2.193987579E0
4.562345537E1,-1.072145462E1,1.039139099E0,-2.216291199E0
4.563349537E1,-1.026325745E1,1.135688324E0,-1.963317261E0
4.564353637E1,-1.005459137E1,1.060993652E0,-1.523681488E0
4.565357637E1,-9.889335022E0,9.470805359E-1,-1.102906494E0
4.566361638E1,-9.597591705E0,6.852749634E-1,-6.074368286E-1
4.567365738E1,-9.245823212E0,3.297642517E-1,-1.505868530E-1
4.568369738E1,-8.820108490E0,-2.215393066E-2,1.562750244E-1
4.569373737E1,-8.406368866E0,-4.144880676E-1,3.447331238E-1
4.570377837E1,-8.146509247E0,-7.526348877E-1,3.586541748E-1
4.571381837E1,-8.054001617E0,-1.027463379E0,2.565664673E-1
4.572385837E1,-8.186027069E0,-1.155596924E0,-1.646575928E-2
4.573389838E1,-8.738528137E0,-1.102756805E0,-3.373983765E-1
4.574393937E1,-9.768835602E0,-8.791218567E-1,-4.950205994E-1
4.575397938E1,-1.107307343E1,-6.607260132E-1,-4.742138672E-1
4.576402038E1,-1.223989700E1,-5.316943359E-1,-4.933740234E-1
4.577406037E1,-1.314805847E1,-5.803431702E-1,-5.592370605E-1
4.578410037E1,-1.389141266E1,-8.310717773E-1,-5.589376831E-1
4.579414037E1,-1.429467407E1,-1.065184937E0,-6.911128235E-1
4.580418137E1,-1.428090271E1,-1.044078827E0,-1.054557037E0
4.581422137E1,-1.387434814E1,-9.068142700E-1,-1.358425140E0
4.582426138E1,-1.307830353E1,-4.677772522E-1,-1.889221344E0
4.583430238E1,-1.233015930E1,4.349954224E-1,-2.766696625E0
4.584434237E1,-1.177526321E1,1.621727600E0,-3.967050476E0
4.585438237E1,-1.099179245E1,2.555336151E0,-5.256918182E0
4.586442337E1,-1.045695465E1,3.196003876E0,-6.137237549E0
4.587446337E1,-9.685608673E0,3.482807465E0,-6.511758728E0
4.588450337E1,-8.555758209E0,3.525019684E0,-6.740632782E0
4.589454437E1,-7.385192413E0,3.354224854E0,-6.851851501E0
4.590458438E1,-6.625073090E0,2.938389587E0,-6.686445465E0
4.591462438E1,-6.315516815E0,2.274370422E0,-6.020031281E0
4.592466538E1,-6.522985382E0,1.474433899E0,-5.021158447E0
4.593470537E1,-7.271728363E0,7.879614258E-1,-4.377347260E0
4.594474537E1,-8.471633148E0,3.906875610E-1,-4.246818695E0
4.595478637E1,-9.636061707E0,3.341052246E-1,-4.324207764E0
4.596482637E1,-1.051323761E1,4.635859680E-1,-4.288432159E0
4.597486638E1,-1.111154343E1,6.539900208E-1,-4.001778259E0
4.598490738E1,-1.145867157E1,8.625064087E-1,-3.683390350E0
4.599494738E1,-1.153755753E1,9.096583557E-1,-3.478167114E0
4.600498737E1,-1.132679581E1,8.033793640E-1,-3.388802948E0
4.601502837E1,-1.087488556E1,5.815406799E-1,-3.503015442E0
4.602506837E1,-1.031445099E1,2.841091919E-1,-3.665727081E0
4.603510837E1,-9.757459259E0,-1.272354126E-1,-3.636687469E0
4.604514937E1,-9.134454803E0,-6.709048462E-1,-3.432811432E0
4.605518938E1,-8.348139954E0,-1.175355835E0,-3.090473328E0
4.606522938E1,-7.520660706E0,-1.675016785E0,-2.584076385E0
4.607527038E1,-6.679559784E0,-2.252665558E0,-1.983225861E0
4.608531037E1,-5.890700226E0,-2.770887909E0,-1.373543701E0
4.609535037E1,-5.304070129E0,-3.124003601E0,-8.749305725E-1
4.610539137E1,-5.289999390E0,-3.402873688E0,-4.324507141E-1
4.611543137E1,-5.795198822E0,-3.696712646E0,1.242416382E-2
4.612547138E1,-6.827452240E0,-3.929478607E0,3.716770935E-1
4.613551138E1,-8.009843445E0,-4.010759583E0,5.974076843E-1
4.614555238E1,-9.010811920E0,-3.943699036E0,6.526428223E-1
4.615559237E1,-9.852361908E0,-3.690276031E0,6.029461670E-1
4.616563237E1,-1.028675858E1,-3.289259949E0,4.454736328E-1
4.617567337E1,-1.031325348E1,-2.840044098E0,2.050735474E-1
4.618571337E1,-9.996362457E0,-2.542762299E0,-8.023315430E-2
4.619575337E1,-9.651329956E0,-2.227667542E0,-3.436853027E-1
4.620579437E1,-9.309440918E0,-1.867666168E0,-4.908293152E-1
4.621583438E1,-8.785829773E0,-1.626068573E0,-4.602928162E-1
4.622587446E1,-8.202492828E0,-1.424138489E0,-2.249821472E-1
4.623591546E1,-7.685617676E0,-1.195114746E0,1.582209778E-1
4.624595546E1,-7.270081787E0,-9.764195251E-1,5.206173706E-1
4.625599546E1,-6.939868469E0,-7.605683899E-1,7.057823181E-1
4.626603646E1,-6.899302826E0,-5.800437927E-1,6.632707214E-1
4.627607646E1,-7.295678558E0,-3.535647583E-1,6.735992432E-1
4.628611646E1,-8.071215820E0,-1.457968140E-1,8.773255920E-1
4.629615746E1,-8.932674408E0,-1.252894592E-1,9.261241150E-1
4.630619746E1,-9.561067657E0,-3.823049927E-1,5.945635986E-1
4.631623746E1,-1.046892975E1,-8.649014282E-1,-7.918533325E-2
4.632627846E1,-1.185370010E1,-9.819580078E-1,-5.724096680E-1
4.633631846E1,-1.323652451E1,-8.255332947E-1,-9.093589783E-1
4.634635846E1,-1.426353882E1,-5.388793945E-1,-1.363813934E0
4.635639946E1,-1.504206985E1,-1.742376709E-1,-1.863624573E0
4.636643946E1,-1.577479614E1,2.763253784E-1,-1.986069946E0
4.637647946E1,-1.579470474E1,5.132826233E-1,-1.566791840E0
4.638652046E1,-1.500404892E1,3.873944092E-1,-7.315287781E-1
4.639656046E1,-1.395562912E1,3.218307495E-2,3.625460815E-1
4.640660046E1,-1.268611908E1,-3.677851868E-1,1.238075409E0
4.641664146E1,-1.105705673E1,-8.601113892E-1,1.329834595E0
4.642668146E1,-9.432185669E0,-1.048419800E0,1.944456482E-1
4.643672146E1,-8.160430298E0,-1.079704742E0,-1.438807983E0
4.644676246E1,-7.505242767E0,-1.441652069E0,-2.577639771E0
4.645680246E1,-7.534581757E0,-2.151775360E0,-3.427722015E0
4.646684246E1,-7.959548035E0,-2.687062225E0,-4.748425598E0
4.647688246E1,-8.572223969E0,-2.412533112E0,-5.976471863E0
4.648692346E1,-9.149273987E0,-2.074535980E0,-6.475384369E0
4.649696346E1,-9.652377777E0,-2.296674042E0,-6.387966156E0
4.650700446E1,-9.967023468E0,-2.452500000E0,-6.267915802E0
4.651704446E1,-1.013033386E1,-1.931283875E0,-6.270310822E0
4.652708446E1,-1.030816406E1,-9.101074219E-1,-6.473887482E0
4.653712446E1,-1.073313034E1,9.131011963E-2,-6.730304260E0
4.654716546E1,-1.142514130E1,6.957531738E-1,-6.411317596E0
4.655720546E1,-1.225336899E1,7.942483521E-1,-5.379962311E0
4.656724546E1,-1.302127213E1,4.842430115E-1,-4.007017365E0
4.657728646E1,-1.346405136E1,-2.559677124E-2,-2.739153900E0
4.658732646E1,-1.333217560E1,-5.068460083E-1,-1.831142120E0
4.659736646E1,-1.259331207E1,-8.687933350E-1,-1.335672455E0
4.660740746E1,-1.147723297E1,-1.605261841E0,-1.213227081E0
4.661744746E1,-1.025637177E1,-2.613265686E0,-1.235381012E0
4.662748746E1,-9.357940063E0,-3.503165131E0,-1.278641052E0
4.663752846E1,-8.385412445E0,-3.889062653E0,-1.473685455E0
4.664756846E1,-7.339836731E0,-3.947590942E0,-1.691781921E0
4.665760846E1,-6.684798889E0,-3.720363464E0,-1.791175232E0
4.666764946E1,-6.165528717E0,-3.099005585E0,-1.866019592E0
4.667768946E1,-5.683381348E0,-2.204016724E0,-1.938468933E0
4.668772946E1,-5.150788879E0,-1.156045990E0,-1.926044769E0
4.669777046E1,-4.666845245E0,-7.753875732E-2,-1.895657959E0
4.670781046E1,-4.287084961E0,8.578660583E-1,-1.752256165E0
4.671785046E1,-4.126618652E0,1.633403320E0,-1.385369110E0
4.672789146E1,-4.210594025E0,2.162552948E0,-8.405021667E-1
4.673793146E1,-4.462669830E0,2.461481323E0,-4.041595459E-1
4.674797146E1,-4.969366150E0,2.596799927E0,-1.781295776E-1
4.675801246E1,-5.602998505E0,2.564317474E0,-1.625619507E-1
4.676805246E1,-6.336024170E0,2.551593933E0,-3.736230469E-1
4.677809246E1,-7.002288666E0,2.518063660E0,-6.116281128E-1
4.678813346E1,-7.616910553E0,2.422861633E0,-8.193960571E-1
4.679817346E1,-8.159681854E0,2.233655090E0,-1.011296997E0
4.680821346E1,-8.549920349E0,1.926194458E0,-1.182690582E0
4.681825446E1,-8.798703003E0,1.472937012E0,-1.278191986E0
4.682829446E1,-8.969048767E0,9.105564880E-1,-1.260828094E0
4.683833446E1,-9.080866241E0,3.091072083E-1,-1.154100037E0
4.684837546E1,-9.397757263E0,-3.354524231E-1,-8.822653198E-1
4.685841546E1,-9.951006775E0,-7.309300232E-1,-4.824467468E-1
4.686845546E1,-1.047446823E1,-9.485774231E-1,-2.897973633E-1
4.687849646E1,-1.081171692E1,-1.090931396E0,-5.647755432E-1
4.688853646E1,-1.098565521E1,-1.162332916E0,-9.379495239E-1
4.689857646E1,-1.117096985E1,-1.286574554E0,-1.043629761E0
4.690861746E1,-1.153201904E1,-1.284029846E0,-1.003213806E0
4.691865746E1,-1.210787155E1,-1.155297546E0,-8.637039185E-1
4.692869746E1,-1.295136749E1,-8.884025574E-1,-6.248007202E-1
4.693873746E1,-1.377465546E1,-4.562512207E-1,-1.752854919E-1
4.694877846E1,-1.420695648E1,4.385879517E-2,2.866539001E-1
4.695881846E1,-1.418255722E1,4.441264343E-1,5.539979553E-1
4.696885846E1,-1.392120071E1,5.370831299E-1,6.096821594E-1
4.697889946E1,-1.349503693E1,4.725672913E-1,5.568420410E-2
4.698893946E1,-1.298654434E1,3.173400879E-1,-1.086291046E0
4.699897946E1,-1.267354523E1,-9.894424438E-2,-2.320773926E0
4.700902046E1,-1.252670059E1,-3.872447205E-1,-4.160897369E0
4.701906046E1,-1.279569122E1,5.418731689E-2,-6.372997284E0
4.702910046E1,-1.381701736E1,1.394649811E0,-7.732470245E0
4.703914146E1,-1.399365005E1,2.424508209E0,-7.991581421E0
4.704918146E1,-1.270857239E1,2.566862183E0,-7.622748413E0
4.705922146E1,-1.073447754E1,2.665956116E0,-7.237449646E0
4.706926246E1,-8.491541748E0,2.507735138E0,-7.021149445E0
4.707930246E1,-6.780599670E0,1.931732941E0,-6.769971771E0
4.708934246E1,-6.034551086E0,6.454577637E-1,-6.327342224E0
4.709938346E1,-6.294261017E0,-1.152603149E0,-5.364843750E0
4.710942346E1,-7.674540710E0,-2.210153961E0,-4.330644379E0
4.711946346E1,-9.194929047E0,-2.267634430E0,-3.878883820E0
4.712950446E1,-1.018152740E1,-1.934726715E0,-3.878135376E0
4.713954446E1,-1.097308136E1,-1.529519348E0,-3.863016815E0
4.714958446E1,-1.145073807E1,-1.130748596E0,-3.578308868E0
4.715962546E1,-1.144370270E1,-8.581654358E-1,-3.041525116E0
4.716966546E1,-1.150282974E1,-2.665956116E-1,-2.474204865E0
4.717970546E1,-1.108504852E1,5.944139099E-1,-2.043101349E0
4.718974646E1,-1.039887543E1,1.550176392E0,-1.778002625E0
4.719978646E1,-9.405391388E0,2.349065094E0,-1.634451141E0
4.720982646E1,-8.324040070E0,2.734064484E0,-1.691183167E0
4.721986746E1,-7.417674866E0,2.607128448E0,-1.774859161E0
4.722990696E1,-6.465804291E0,2.116897888E0,-1.766925659E0
4.723994696E1,-5.622008972E0,1.364113312E0,-1.711989899E0
4.724998796E1,-5.001848602E0,3.980223083E-1,-1.447340240E0
4.726002796E1,-4.518803101E0,-5.372328186E-1,-1.067130890E0
4.727006796E1,-4.224515076E0,-1.424138489E0,-6.686595154E-1
4.728010896E1,-4.230053558E0,-2.213746490E0,-2.194436646E-1
4.729014896E1,-4.389322357E0,-2.904110870E0,2.707868958E-1
4.730018896E1,-4.667893066E0,-3.462599487E0,6.069877625E-1
4.731022996E1,-5.311704254E0,-3.702101440E0,7.527845764E-1
4.732026996E1,-5.989794159E0,-3.691922607E0,7.306306458E-1
4.733030996E1,-6.687792664E0,-3.499123535E0,6.168672180E-1
4.734035096E1,-7.444020081E0,-3.119812317E0,4.956193542E-1
4.735039096E1,-8.020770721E0,-2.672991486E0,4.092489624E-1
4.736043096E1,-8.440946960E0,-2.298619995E0,3.257226562E-1
4.737047196E1,-8.749605103E0,-1.910926208E0,1.739382935E-1
4.738051196E1,-8.948242035E0,-1.563348999E0,2.395019531E-3
4.739055196E1,-9.116043091E0,-1.235979767E0,-1.552272034E-1
4.740059296E1,-9.296717377E0,-8.731343079E-1,-2.085163879E-1
4.741063296E1,-9.412875824E0,-5.438191223E-1,-3.176394653E-1
4.742067296E1,-9.433083801E0,-2.442919922E-1,-3.930825806E-1
4.743071296E1,-9.467961273E0,-6.930587769E-2,-4.781057739E-1
4.744075396E1,-9.434880066E0,3.802093506E-2,-6.568341064E-1
4.745079396E1,-9.491911469E0,4.191284180E-3,-8.693920898E-1
4.746083396E1,-9.855505371E0,4.340972900E-3,-1.222208405E0
4.747087496E1,-1.053404434E1,1.577719116E-1,-1.605112152E0
4.748091496E1,-1.149145340E1,4.279600525E-1,-1.719923401E0
4.749095496E1,-1.248433868E1,4.911286926E-1,-1.322948914E0
4.750099596E1,-1.335657486E1,2.395019531E-2,-5.056484985E-1
4.751103596E1,-1.439167236E1,-7.179071045E-1,2.754272461E-1
4.752107596E1,-1.504745865E1,-1.105002136E0,8.970845032E-1
4.753111696E1,-1.469673798E1,-1.303788757E0,1.010548553E0
4.754115696E1,-1.369487137E1,-1.490749969E0,3.707789612E-1
4.755119696E1,-1.232372269E1,-1.569336548E0,-1.144070892E0
4.756123796E1,-1.123204285E1,-1.571731567E0,-2.870430908E0
4.757127796E1,-1.092607910E1,-1.874851227E0,-3.873944092E0
4.758131796E1,-1.118444183E1,-2.764750671E0,-4.714895325E0
4.759135896E1,-1.172077652E1,-3.419040070E0,-5.981261902E0
4.760139896E1,-1.231563950E1,-3.486250305E0,-7.281757507E0
4.761143896E1,-1.277069321E1,-3.171903992E0,-7.836653595E0
4.762147996E1,-1.226264969E1,-2.483784943E0,-8.103997650E0
4.763151996E1,-1.108923981E1,-1.607058105E0,-8.079149323E0
4.764155996E1,-1.017553986E1,-4.345463562E-1,-7.628286896E0
4.765160096E1,-9.741891632E0,1.161584473E0,-7.265740814E0
4.766164096E1,-9.901759186E0,2.642754364E0,-6.768175507E0
4.767168096E1,-1.044453049E1,2.887794800E0,-5.916147308E0
4.768172196E1,-1.126871658E1,2.367177429E0,-4.864584045E0
4.769176196E1,-1.185295166E1,2.020648041E0,-3.719615021E0
4.770180196E1,-1.183424057E1,1.604064331E0,-2.665357361E0
4.771184296E1,-1.135912857E1,9.008267212E-1,-1.788480835E0
4.772188296E1,-1.059167450E1,-2.746788025E-1,-1.145567780E0
4.773192296E1,-9.589508514E0,-1.604962463E0,-7.854167175E-1
4.774196396E1,-8.722661133E0,-3.002905426E0,-6.785389709E-1
4.775200396E1,-8.114176483E0,-4.208498383E0,-7.312294006E-1
4.776204396E1,-7.807763672E0,-4.917274475E0,-9.033714294E-1
4.777208496E1,-7.377558289E0,-5.125790863E0,-1.137933655E0
4.778212496E1,-6.670728149E0,-4.878505096E0,-1.240171051E0
4.779216496E1,-5.858666840E0,-4.275708618E0,-1.310973816E0
4.780220596E1,-5.188360748E0,-3.417842560E0,-1.361269226E0
4.781224596E1,-4.696932678E0,-2.308499451E0,-1.507215729E0
4.782228596E1,-4.008364563E0,-1.182690582E0,-1.524130554E0
4.783232696E1,-3.747157745E0,-9.160949707E-2,-1.332229614E0
4.784236696E1,-3.862717438E0,1.061143341E0,-1.022823029E0
4.785240696E1,-4.274660797E0,2.098785553E0,-6.179150391E-1
4.786244796E1,-4.745431824E0,2.939886475E0,-2.541714478E-1
4.787248796E1,-5.341192932E0,3.588637390E0,-7.050338745E-2
4.788252796E1,-6.036497040E0,4.031266937E0,-1.362167358E-2
4.789256896E1,-6.695426788E0,4.248016205E0,-7.499404907E-2
4.790260896E1,-7.397167511E0,4.232598267E0,-2.905458069E-1
4.791264896E1,-8.049361267E0,3.964954834E0,-5.538482666E-1
4.792268996E1,-8.590785370E0,3.451223145E0,-8.678952026E-1
4.793272996E1,-8.988059235E0,2.778072968E0,-1.094374237E0
4.794276996E1,-9.204209747E0,2.114951935E0,-1.213526459E0
4.795281096E1,-9.245972900E0,1.665137329E0,-1.312021637E0
4.796285096E1,-9.086105347E0,1.228944397E0,-1.372795258E0
4.797289096E1,-9.054970093E0,7.556286621E-1,-1.279090118E0
4.798293096E1,-9.285640411E0,1.821711731E-1,-9.560618591E-1
4.799297196E1,-9.725874939E0,-4.052073669E-1,-6.243516541E-1
4.800301196E1,-1.016401382E1,-9.791139221E-1,-4.354444885E-1
4.801305296E1,-1.070439011E1,-1.585802307E0,-4.156855774E-1
4.802309296E1,-1.134850067E1,-2.097138977E0,-5.623805237E-1
4.803313296E1,-1.200129318E1,-2.457140350E0,-6.825805664E-1
4.804317296E1,-1.303279816E1,-2.661914520E0,-4.085005188E-1
4.805321396E1,-1.438568481E1,-2.383044434E0,-1.676513672E-2
4.806325396E1,-1.550610489E1,-1.632654877E0,4.685256958E-1
4.807329396E1,-1.549263290E1,-9.283694458E-1,9.397457886E-1
4.808333496E1,-1.483909195E1,-4.701722717E-1,1.168619843E0
4.809337496E1,-1.434152664E1,1.477427673E-1,6.301895142E-1
4.810341496E1,-1.386357056E1,5.152285767E-1,-5.686674500E-1
4.811345596E1,-1.357272537E1,1.336720276E-1,-2.125879211E0
4.812349596E1,-1.379441437E1,3.394940186E-1,-4.530329132E0
4.813353596E1,-1.392135040E1,1.242865448E0,-6.832242279E0
4.814357696E1,-1.390907593E1,2.395917664E0,-8.152796173E0
4.815361696E1,-1.291589127E1,2.860102386E0,-8.529412994E0
4.816365696E1,-1.119252502E1,2.396067352E0,-8.026159515E0
4.817369796E1,-9.716743927E0,1.997146912E0,-7.459438019E0
4.818373796E1,-8.127349091E0,1.528920593E0,-6.935677185E0
4.819377796E1,-6.539151764E0,5.604345703E-1,-6.449937286E0
4.820381896E1,-6.033802643E0,-8.288264465E-1,-5.943690033E0
4.821385896E1,-6.376589813E0,-2.297422485E0,-5.087320862E0
4.822389908E1,-7.620652771E0,-3.083737335E0,-4.265829163E0
4.823394008E1,-9.554331665E0,-2.704276428E0,-3.908073120E0
4.824398008E1,-1.088611221E1,-1.963167572E0,-3.973487091E0
4.825402008E1,-1.169802383E1,-1.068478088E0,-3.910318451E0
4.826406108E1,-1.221355179E1,-3.281176758E-1,-3.467239838E0
4.827410108E1,-1.223810074E1,9.220825195E-2,-2.937341766E0
4.828414108E1,-1.202733902E1,8.337661743E-1,-2.402653656E0
4.829418208E1,-1.143801453E1,1.937870178E0,-1.986219635E0
4.830422208E1,-1.022987686E1,3.008144531E0,-1.770069122E0
4.831426208E1,-8.940607910E0,3.725153503E0,-1.517394562E0
4.832430308E1,-7.630681915E0,3.989354095E0,-1.316362610E0
4.833434308E1,-6.582262115E0,3.735631714E0,-1.203497314E0
4.834438308E1,-5.558091888E0,2.954555969E0,-1.125509491E0
4.835442408E1,-4.686604156E0,1.859283600E0,-1.176104279E0
4.836446408E1,-4.161346436E0,5.354365540E-1,-1.202599182E0
4.837450408E1,-3.870201874E0,-8.873547363E-1,-1.173110504E0
4.838454508E1,-3.741768951E0,-2.204914856E0,-9.972262573E-1
4.839458508E1,-4.026626587E0,-3.180585938E0,-6.017486572E-1
4.840462508E1,-4.553381195E0,-3.849095764E0,-7.499404907E-2
4.841466608E1,-5.098397827E0,-4.287683716E0,3.689826965E-1
4.842470608E1,-5.617218933E0,-4.391268311E0,6.180647278E-1
4.843474608E1,-6.351442108E0,-4.145479431E0,7.397616577E-1
4.844478708E1,-6.973398743E0,-3.800297241E0,7.566764832E-1
4.845482708E1,-7.500303040E0,-3.374582520E0,7.372169495E-1
4.846486708E1,-7.908653870E0,-2.883304138E0,6.819818115E-1
4.847490808E1,-8.161328430E0,-2.429597626E0,5.601351929E-1
4.848494808E1,-8.220605164E0,-2.020648041E0,3.408412170E-1
4.849498808E1,-8.170160065E0,-1.629062347E0,1.682501221E-1
4.850502908E1,-8.283175049E0,-1.240171051E0,8.128097534E-2
4.851506908E1,-8.508456573E0,-8.174501038E-1,2.903961182E-2
4.852510908E1,-8.797206116E0,-3.849993896E-1,-1.377136230E-2
4.853515008E1,-9.176517334E0,-1.407073975E-2,-1.957928467E-1
4.854519008E1,-9.537566528E0,2.618055725E-1,-4.294569397E-1
4.855523008E1,-9.800419922E0,4.450245667E-1,-7.949967957E-1
4.856527108E1,-1.032552795E1,5.938151550E-1,-1.384321289E0
4.857531108E1,-1.115330658E1,7.759863281E-1,-1.939217377E0
4.858535108E1,-1.211041626E1,7.825726318E-1,-2.147733765E0
4.859539208E1,-1.278356644E1,3.204835510E-1,-1.812131653E0
4.860543208E1,-1.378498398E1,-4.575984192E-1,-8.866062927E-1
4.861547208E1,-1.517050278E1,-1.252595215E0,1.377136230E-1
4.862551308E1,-1.576147385E1,-1.773961029E0,8.635542297E-1
4.863555308E1,-1.548454971E1,-1.905088348E0,1.321901093E0
4.864559308E1,-1.429033310E1,-1.940863953E0,1.174158325E0
4.865563408E1,-1.258268417E1,-1.746567993E0,2.195933533E-1
4.866567408E1,-1.086665268E1,-1.363664246E0,-1.331331482E0
4.867571408E1,-9.755213928E0,-9.846524048E-1,-2.630779266E0
4.868575508E1,-9.228758698E0,-1.013991394E0,-3.359014893E0
4.869579508E1,-8.932674408E0,-1.675316162E0,-4.057013397E0
4.870583508E1,-8.822204132E0,-2.672243042E0,-5.443580017E0
4.871587608E1,-8.941955109E0,-3.137625275E0,-7.145091705E0
4.872591608E1,-9.827363892E0,-2.922672272E0,-7.856711884E0
4.873595608E1,-1.167257675E1,-1.952689362E0,-7.932154999E0
4.874599708E1,-1.219618790E1,-6.494993591E-1,-7.946525116E0
4.875603708E1,-1.187854843E1,4.165837097E-1,-7.486980743E0
4.876607708E1,-1.204395447E1,1.530118103E0,-7.008575592E0
4.877611808E1,-1.268043091E1,2.740501099E0,-6.610702972E0
4.878615808E1,-1.330642914E1,2.991379395E0,-6.020779724E0
4.879619808E1,-1.375684250E1,2.521356812E0,-5.125790863E0
4.880623908E1,-1.391611130E1,1.959874420E0,-3.935765533E0
4.881627908E1,-1.347378113E1,1.200802917E0,-2.905907135E0
4.882631908E1,-1.257490036E1,3.186872864E-1,-2.022893372E0
4.883636008E1,-1.121946899E1,-1.051263885E0,-1.375339966E0
4.884640008E1,-9.658365326E0,-2.669698334E0,-9.337582397E-1
4.885644008E1,-8.436007233E0,-4.230652313E0,-5.490582275E-1
4.886648108E1,-7.720195770E0,-5.351521454E0,-4.432283020E-1
4.887652108E1,-7.347470856E0,-5.863456879E0,-6.029461670E-1
4.888656108E1,-6.871311035E0,-5.698350220E0,-7.420069885E-1
4.889660208E1,-6.248905334E0,-5.070705414E0,-8.559201050E-1
4.890664208E1,-5.490582275E0,-4.002227325E0,-1.063837738E0
4.891668208E1,-4.813091125E0,-2.742147675E0,-1.283281403E0
4.892672308E1,-4.283642120E0,-1.406325531E0,-1.482068024E0
4.893676308E1,-3.870201874E0,-5.343887329E-2,-1.605261841E0
4.894680308E1,-3.444636841E0,1.049168243E0,-1.518741760E0
4.895684408E1,-3.427123260E0,2.030677185E0,-1.303639069E0
4.896688408E1,-3.576213226E0,2.888393555E0,-9.229806519E-1
4.897692408E1,-3.999832306E0,3.488795013E0,-4.526586914E-1
4.898696508E1,-4.681514740E0,3.723806305E0,-9.954299927E-2
4.899700508E1,-5.493725739E0,3.658542023E0,-5.688171387E-3
4.900704508E1,-6.401737518E0,3.414250031E0,-1.269360352E-1
4.901708508E1,-7.435487823E0,3.112477570E0,-3.002755737E-1
4.902712608E1,-8.319250031E0,2.706222382E0,-5.447172546E-1
4.903716608E1,-9.018146667E0,2.257455597E0,-8.541238403E-1
4.904720608E1,-9.472152557E0,1.847757568E0,-1.093625793E0
4.905724708E1,-9.724228363E0,1.501677246E0,-1.304237823E0
4.906728708E1,-9.710606689E0,1.237177277E0,-1.407972107E0
4.907732708E1,-9.698481903E0,1.014440460E0,-1.334924011E0
4.908736808E1,-9.931247864E0,7.421566772E-1,-9.653425598E-1
4.909740808E1,-1.034947815E1,3.420387268E-1,-3.170407104E-1
4.910744808E1,-1.073657318E1,-1.043330383E-1,5.074447632E-2
4.911748908E1,-1.114672028E1,-5.471122742E-1,1.053808594E-1
4.912752908E1,-1.146810196E1,-1.034049683E0,-7.604187012E-2
4.913756908E1,-1.156270523E1,-1.598376160E0,-5.736071777E-1
4.914761008E1,-1.184681442E1,-2.111060028E0,-7.863148499E-1
4.915765008E1,-1.277683044E1,-2.414179688E0,-2.616558838E-1
4.916769008E1,-1.383782410E1,-2.141147461E0,3.743714905E-1
4.917773108E1,-1.439795929E1,-1.379680939E0,9.845027161E-1
4.918777108E1,-1.415576294E1,-7.815248108E-1,1.351240082E0
4.919781108E1,-1.329580124E1,-3.665876770E-1,6.650669861E-1
4.920785208E1,-1.280542099E1,1.112187195E-1,-1.050665131E0
4.921789208E1,-1.282488052E1,1.187031555E-1,-2.746788025E0
4.922793196E1,-1.351374802E1,-2.918930054E-2,-3.912414093E0
4.923797296E1,-1.456890381E1,5.002597046E-1,-5.807473297E0
4.924801296E1,-1.460512848E1,1.764380951E0,-8.071664886E0
4.925805296E1,-1.355700806E1,2.121089172E0,-9.048383789E0
4.926809396E1,-1.178604080E1,1.523382111E0,-8.851094055E0
4.927813396E1,-9.931846619E0,1.290915527E0,-8.247249756E0
4.928817396E1,-8.253386993E0,1.205892334E0,-7.419920197E0
4.929821496E1,-6.784341888E0,3.767665100E-1,-6.606212311E0
4.930825496E1,-6.702911224E0,-1.068178711E0,-5.807922363E0
4.931829496E1,-8.212372284E0,-2.049687653E0,-5.029391327E0
4.932833596E1,-9.772428131E0,-2.114502869E0,-4.573738861E0
4.933837596E1,-1.112711105E1,-1.739233246E0,-4.556674347E0
4.934841596E1,-1.216789673E1,-1.112187195E0,-4.568948822E0
4.935845696E1,-1.258942017E1,-4.519102478E-1,-4.270918579E0
4.936849696E1,-1.244482086E1,8.038284302E-2,-3.813619537E0
4.937853696E1,-1.221430023E1,1.035097504E0,-3.263962555E0
4.938857796E1,-1.155746613E1,2.210004272E0,-2.730771332E0
4.939861796E1,-1.058643539E1,3.255879364E0,-2.222727814E0
4.940865796E1,-9.363029480E0,3.775598602E0,-1.718426514E0
4.941869896E1,-8.074808350E0,3.920646973E0,-1.424437866E0
4.942873896E1,-6.849905548E0,3.644620972E0,-1.193019104E0
4.943877896E1,-5.711971893E0,3.098406830E0,-1.037642212E0
4.944881996E1,-4.898862762E0,2.156715088E0,-8.152047729E-1
4.945885996E1,-4.343218231E0,1.129401398E0,-5.439688110E-1
4.946889996E1,-3.758085022E0,2.014810181E-1,-4.339476013E-1
4.947894096E1,-3.335513763E0,-6.080355835E-1,-2.695893860E-1
4.948898096E1,-3.163970490E0,-1.417252808E0,3.951782227E-2
4.949902096E1,-3.404969330E0,-2.232607269E0,5.322930908E-1
4.950906196E1,-3.894152069E0,-3.024759979E0,1.036893768E0
4.951910196E1,-4.751419373E0,-3.692371674E0,1.179996185E0
4.952914196E1,-5.692512360E0,-4.072730713E0,9.725276184E-1
4.953918296E1,-6.807094574E0,-4.214934998E0,6.758445740E-1
4.954922296E1,-8.038883057E0,-4.182003479E0,3.983216858E-1
4.955926296E1,-9.160350952E0,-4.061054993E0,1.878593445E-1
4.956930396E1,-1.004770569E1,-3.747756500E0,1.019380188E-1
4.957934396E1,-1.050305878E1,-3.330723724E0,1.258882141E-1
4.958938396E1,-1.053194870E1,-2.890339508E0,2.459385681E-1
4.959942496E1,-1.025262955E1,-2.461930389E0,3.791615295E-1
4.960946496E1,-9.892179108E0,-2.138453064E0,4.107458496E-1
4.961950496E1,-9.781259766E0,-1.799557800E0,3.112028503E-1
4.962954596E1,-9.835896149E0,-1.460063782E0,1.811233521E-1
4.963958596E1,-9.844278717E0,-1.084494781E0,1.377136230E-1
4.964962596E1,-9.652377777E0,-7.674540710E-1,-5.688171387E-3
4.965966696E1,-9.555828552E0,-5.017565918E-1,-3.911366272E-1
4.966970696E1,-9.609267426E0,-2.227368164E-1,-8.431965637E-1
4.967974696E1,-9.722282410E0,-1.841171265E-2,-9.593550110E-1
4.968978796E1,-9.754615173E0,-3.517684937E-2,-7.966433716E-1
4.969982796E1,-9.901759186E0,-4.728666687E-1,-3.755690002E-1
4.970986796E1,-1.098266144E1,-1.149908752E0,2.041754150E-1
4.971990896E1,-1.346465012E1,-1.501677246E0,3.649411011E-1
4.972994896E1,-1.506646912E1,-1.304686890E0,-4.400848389E-2
4.973998896E1,-1.407103912E1,-1.274898834E0,-4.174818420E-1
4.975002996E1,-1.278760803E1,-1.539997559E0,-1.075064392E0
4.976006996E1,-1.171883057E1,-1.446292419E0,-2.346520386E0
4.977010996E1,-1.092907288E1,-1.077908478E0,-3.428919525E0
4.978015096E1,-1.085827011E1,-6.090834045E-1,-4.046984253E0
4.979019096E1,-1.128054199E1,-6.330335999E-1,-4.508624268E0
4.980023096E1,-1.155956177E1,-1.331630859E0,-5.349126434E0
4.981027196E1,-1.142813507E1,-1.646575928E0,-6.648125153E0
4.982031196E1,-1.143711639E1,-1.166973267E0,-7.689808960E0
4.983035296E1,-1.138352783E1,-5.451663208E-1,-7.729177094E0
4.984039296E1,-1.092098969E1,3.562591553E-1,-7.483837280E0
4.985043296E1,-1.030891251E1,1.408720551E0,-6.768774261E0
4.986047296E1,-1.004561005E1,2.403701477E0,-5.912704468E0
4.987051396E1,-1.040156982E1,2.978206787E0,-5.254822540E0
4.988055396E1,-1.114402588E1,2.583627319E0,-4.493655396E0
4.989059496E1,-1.209305237E1,1.944306793E0,-3.591182098E0
4.990063496E1,-1.275108398E1,1.240171051E0,-2.796933746E0
4.991067496E1,-1.296528854E1,5.405259705E-1,-2.178869019E0
4.992071596E1,-1.261352005E1,-5.730084229E-1,-1.581461334E0
4.993075596E1,-1.177511353E1,-1.933379517E0,-1.171314240E0
4.994079596E1,-1.072220306E1,-3.166215820E0,-9.728269958E-1
4.995083696E1,-9.751322021E0,-4.351301422E0,-8.201445007E-1
4.996087696E1,-9.096733246E0,-5.188061371E0,-7.473957825E-1
4.997091696E1,-8.553961945E0,-5.439688110E0,-7.893086243E-1
4.998095796E1,-7.694748688E0,-5.037624207E0,-8.375083923E-1
4.999099796E1,-6.728957062E0,-4.201013947E0,-8.550219727E-1
5.000103796E1,-5.800288239E0,-3.189118195E0,-8.198451233E-1
5.001107896E1,-5.143005066E0,-2.125130768E0,-7.912545776E-1
5.002111896E1,-4.664749603E0,-1.064885559E0,-7.551795959E-1
5.003115896E1,-4.346062317E0,-4.400848389E-2,-6.665638733E-1
5.004119996E1,-4.268523560E0,9.752220154E-1,-4.662803650E-1
5.005123996E1,-4.212839355E0,1.786684570E0,-1.119671631E-1
5.006127996E1,-4.369713135E0,2.364782410E0,2.074685669E-1
5.007132096E1,-4.835095367E0,2.789299622E0,3.993695068E-1
5.008136096E1,-5.565276947E0,3.009042664E0,4.375401306E-1
5.009140096E1,-6.383924561E0,3.088677063E0,2.573149109E-1
5.010144196E1,-7.335795135E0,3.073408813E0,-9.639953613E-2
5.011148196E1,-8.345146179E0,2.992277527E0,-4.866380310E-1
5.012152196E1,-9.198671265E0,2.786455536E0,-8.653504944E-1
5.013156296E1,-9.799222412E0,2.404599609E0,-1.181642761E0
5.014160296E1,-1.003543121E1,1.898502045E0,-1.405726776E0
5.015164296E1,-9.966574402E0,1.467847595E0,-1.413510590E0
5.016168396E1,-9.667646027E0,1.194216614E0,-1.205143890E0
5.017172396E1,-9.370064850E0,9.562115479E-1,-8.774752808E-1
5.018176396E1,-9.257798309E0,5.977070618E-1,-4.995112610E-1
5.019180496E1,-9.326804810E0,1.341210938E-1,-1.462458801E-1
5.020184496E1,-9.549092560E0,-3.764671326E-1,6.122268677E-2
5.021188496E1,-9.834099884E0,-8.472381592E-1,2.017803955E-1
5.022192596E1,-1.016760635E1,-1.434317322E0,2.293231201E-1
5.023196558E1,-1.039363632E1,-1.958227844E0,-1.628613281E-1
5.024200558E1,-1.037043457E1,-2.283202057E0,-7.943980408E-1
5.025204658E1,-1.038495438E1,-2.426154785E0,-1.261277161E0
5.026208658E1,-1.105780518E1,-2.010469208E0,-1.254990234E0
5.027212658E1,-1.231893265E1,-9.930349731E-1,-5.378315735E-1
5.028216758E1,-1.328681992E1,8.966354370E-2,4.430786133E-1
5.029220758E1,-1.358440109E1,8.792715454E-1,1.005010071E0
5.030224758E1,-1.329654968E1,1.143771515E0,9.271719360E-1
5.031228858E1,-1.290945465E1,8.893006897E-1,2.362088013E-1
5.032232858E1,-1.273327103E1,1.779798889E-1,-8.235873413E-1
5.033236858E1,-1.269794449E1,-5.785469055E-1,-1.781146088E0
5.034240958E1,-1.273581573E1,-8.729846191E-1,-3.049608307E0
5.035244958E1,-1.324086548E1,-6.815327454E-1,-5.005740509E0
5.036248958E1,-1.433793411E1,1.267863464E-1,-6.857389984E0
5.037253058E1,-1.458626770E1,7.241940308E-1,-8.042924652E0
5.038257058E1,-1.370834335E1,8.801696777E-1,-8.110883331E0
5.039261058E1,-1.224917770E1,8.509803772E-1,-7.480993195E0
5.040265158E1,-1.056263489E1,4.538562012E-1,-6.601871338E0
5.041269158E1,-8.929830322E0,-6.451583862E-1,-5.956413574E0
5.042273158E1,-7.832612000E0,-2.385439453E0,-5.247637482E0
5.043277258E1,-7.727829895E0,-4.088148651E0,-4.100722504E0
5.044281258E1,-8.307723999E0,-4.867428131E0,-3.143912201E0
5.045285258E1,-9.119934998E0,-4.366419983E0,-2.862347717E0
5.046289358E1,-9.417216797E0,-3.263812866E0,-3.102897491E0
5.047293358E1,-9.266779633E0,-2.378104706E0,-3.192411346E0
5.048297358E1,-8.971743164E0,-1.442699890E0,-2.957100677E0
5.049301458E1,-8.974138184E0,-2.544708252E-1,-2.433040466E0
5.050305458E1,-9.027577057E0,1.147364044E0,-1.854643250E0
5.051309458E1,-8.773704987E0,2.605332184E0,-1.580563202E0
5.052313558E1,-8.612340546E0,3.793112183E0,-1.558409271E0
5.053317558E1,-8.508007507E0,4.341272278E0,-1.572779388E0
5.054321558E1,-8.387208710E0,4.095483398E0,-1.723815308E0
5.055325658E1,-8.560847626E0,3.070564728E0,-1.985022125E0
5.056329658E1,-8.465046844E0,1.546134796E0,-2.292782135E0
5.057333658E1,-8.316555634E0,1.857637024E-1,-2.452649689E0
5.058337758E1,-8.044870605E0,-7.912545776E-1,-2.460732880E0
5.059341758E1,-7.548053741E0,-1.522633667E0,-2.358944550E0
5.060345758E1,-7.101532288E0,-2.128723297E0,-1.990710297E0
5.061349858E1,-6.791077881E0,-2.657274170E0,-1.401236115E0
5.062353858E1,-6.802753601E0,-3.038381653E0,-7.689509583E-1
5.063357858E1,-7.029981079E0,-3.145109711E0,-2.932402039E-1
5.064361958E1,-7.308851166E0,-2.971021729E0,2.275268555E-2
5.065365958E1,-7.662565613E0,-2.687211914E0,1.878593445E-1
5.066369958E1,-8.191715240E0,-2.361489258E0,1.920506287E-1
5.067374058E1,-8.899892578E0,-1.918859711E0,4.730163574E-2
5.068378058E1,-9.479337616E0,-1.459614716E0,-2.622546387E-1
5.069382058E1,-9.813742218E0,-1.025517426E0,-5.918692017E-1
5.070386158E1,-9.799821167E0,-8.592132568E-1,-9.614506531E-1
5.071390158E1,-9.491761780E0,-1.045575714E0,-1.288520508E0
5.072394158E1,-9.185199280E0,-1.345102844E0,-1.387764130E0
5.073398258E1,-8.952133942E0,-1.466051331E0,-1.184187469E0
5.074402258E1,-8.719667358E0,-1.425934753E0,-7.620652771E-1
5.075406258E1,-8.538094940E0,-1.356329498E0,-2.411485291E-1
5.076410358E1,-8.505762177E0,-1.287622375E0,1.701960754E-1
5.077414358E1,-8.560398560E0,-1.233584747E0,4.635859680E-1
5.078418358E1,-8.616082764E0,-1.197659454E0,6.390211487E-1
5.079422458E1,-8.664282532E0,-1.147064667E0,6.345304871E-1
5.080426458E1,-8.732540588E0,-1.082698517E0,4.117936707E-1
5.081430458E1,-8.742270355E0,-9.969268799E-1,4.670288086E-2
5.082434558E1,-8.754245453E0,-8.717871094E-1,-3.550616455E-1
5.083438558E1,-8.877588959E0,-7.161108398E-1,-6.469546509E-1
5.084442558E1,-9.320068817E0,-6.137237549E-1,-8.595126343E-1
5.085446658E1,-1.024185196E1,-4.315525818E-1,-1.091679840E0
5.086450658E1,-1.127650040E1,-2.782713318E-1,-1.247954865E0
5.087454658E1,-1.213227081E1,-2.282752991E-1,-1.387015686E0
5.088458758E1,-1.265213974E1,-2.137554932E-1,-1.645378418E0
5.089462758E1,-1.297861084E1,-3.079096985E-1,-1.750010834E0
5.090466758E1,-1.301513489E1,-4.195774841E-1,-1.682052155E0
5.091470858E1,-1.276859756E1,-4.275109863E-1,-1.520987091E0
5.092474858E1,-1.214319809E1,-3.576063538E-1,-1.244362335E0
5.093478858E1,-1.129985184E1,-3.043171692E-1,-9.876461792E-1
5.094482958E1,-1.061188248E1,-2.149530029E-1,-8.755293274E-1
5.095486958E1,-1.006970993E1,-3.966751099E-2,-8.381071472E-1
5.096491058E1,-9.591903534E0,9.789642334E-2,-7.631130981E-1
5.097495058E1,-9.095535736E0,1.059796143E-1,-8.273295593E-1
5.098499058E1,-8.872948608E0,-8.666976929E-2,-1.196461945E0
5.099503158E1,-9.035660248E0,-5.541476440E-1,-2.051034851E0
5.100507158E1,-9.304800568E0,-1.019679565E0,-3.332819366E0
5.101511158E1,-9.616452484E0,-1.427731018E0,-4.596641235E0
5.102515258E1,-1.052341644E1,-1.788630524E0,-5.517675934E0
5.103519258E1,-1.145208527E1,-1.267713776E0,-6.090983734E0
5.104523258E1,-1.126467499E1,1.646575928E-3,-5.993087311E0
5.105527358E1,-1.044797333E1,9.800120544E-1,-5.317991180E0
5.106531358E1,-9.487121429E0,1.711391144E0,-4.539310455E0
5.107535358E1,-9.089099121E0,2.196232910E0,-3.583697662E0
5.108539458E1,-9.402996368E0,2.338886261E0,-2.691403198E0
5.109543458E1,-9.552535400E0,1.579216003E0,-1.994901581E0
5.110547458E1,-9.966424713E0,7.683522034E-1,-1.628762970E0
5.111551558E1,-1.040291702E1,3.011737061E-1,-1.479673004E0
5.112555558E1,-1.049737061E1,-2.760260010E-1,-1.593885498E0
5.113559558E1,-1.029304550E1,-6.602769470E-1,-1.980830841E0
5.114563658E1,-1.003423370E1,-1.361568604E0,-2.067201233E0
5.115567658E1,-9.851014709E0,-2.352507935E0,-1.763931885E0
5.116571658E1,-9.681118011E0,-2.929557953E0,-1.871258698E0
5.117575758E1,-9.482630768E0,-2.910996552E0,-2.202070770E0
5.118579758E1,-9.486522675E0,-2.147135010E0,-2.740650787E0
5.119583758E1,-9.538314972E0,-8.677455139E-1,-3.162473602E0
5.120587858E1,-9.159752197E0,-1.790277100E-1,-3.219055939E0
5.121591858E1,-8.687633972E0,2.989283752E-1,-3.058589630E0
5.122595858E1,-8.225544891E0,7.426057434E-1,-2.843037872E0
5.123599958E1,-7.705526276E0,1.227746887E0,-2.667153625E0
5.124603958E1,-7.264393616E0,1.720522156E0,-2.525099030E0
5.125607958E1,-7.107220459E0,2.132315826E0,-2.316582642E0
5.126612058E1,-7.217241669E0,2.439626770E0,-2.024240570E0
5.127616058E1,-7.478149109E0,2.606679382E0,-1.753303986E0
5.128620058E1,-7.787855072E0,2.711760864E0,-1.680854645E0
5.129624158E1,-8.079748077E0,2.780767365E0,-1.762135620E0
5.130628158E1,-8.426277466E0,2.630330200E0,-1.969155121E0
5.131632158E1,-8.800948334E0,2.219284973E0,-2.225272522E0
5.132636258E1,-9.232351227E0,1.754501495E0,-2.457589417E0
5.133640258E1,-9.623038788E0,1.220561829E0,-2.754871216E0
5.134644258E1,-1.004411316E1,6.806346130E-1,-3.022664337E0
5.135648358E1,-1.053374496E1,1.751358032E-1,-3.137774963E0
5.136652358E1,-1.095107712E1,-2.182461548E-1,-3.189118195E0
5.137656358E1,-1.132484985E1,-5.405259705E-1,-3.097957764E0
5.138660458E1,-1.156120834E1,-8.267308044E-1,-2.876119080E0
5.139664458E1,-1.153725815E1,-1.065783691E0,-2.542612610E0
5.140668458E1,-1.116408417E1,-1.119671631E0,-2.165846100E0
5.141672558E1,-1.053778656E1,-1.088386688E0,-1.838776245E0
5.142676558E1,-9.823921051E0,-9.993218994E-1,-1.576671295E0
5.143680558E1,-9.171278229E0,-7.873626709E-1,-1.383722534E0
5.144684658E1,-8.674012299E0,-4.632865906E-1,-1.288071442E0
5.145688658E1,-8.323591003E0,-1.338217163E-1,-1.290616150E0
5.146692658E1,-8.164471893E0,1.728904724E-1,-1.398541718E0
5.147696758E1,-8.295150146E0,6.212081909E-1,-1.566193085E0
5.148700758E1,-8.380921783E0,1.110839996E0,-1.784888306E0
5.149704758E1,-8.499624939E0,1.412313080E0,-1.998494110E0
5.150708858E1,-8.665779419E0,1.536554718E0,-2.213147736E0
5.151712858E1,-8.837173004E0,1.536554718E0,-2.412982178E0
5.152716858E1,-8.986262970E0,1.458566895E0,-2.601739655E0
5.153720958E1,-9.189839630E0,1.372645569E0,-2.646346893E0
5.154724958E1,-9.432634735E0,1.333277435E0,-2.587369537E0
5.155728958E1,-9.552385712E0,1.333427124E0,-2.564467163E0
5.156733058E1,-9.621392212E0,1.304537201E0,-2.530936890E0
5.157737058E1,-9.697733459E0,1.234632568E0,-2.560724945E0
5.158741058E1,-9.795929260E0,1.108594666E0,-2.576741638E0
5.159745158E1,-9.898615723E0,9.807604980E-1,-2.522853699E0
5.160749158E1,-9.900861053E0,7.791297913E-1,-2.415377197E0
5.161753258E1,-9.846823425E0,5.373825073E-1,-2.184108124E0
5.162757258E1,-9.751022644E0,2.561174011E-1,-1.856289825E0
5.163761258E1,-9.640252991E0,-2.709365845E-2,-1.483265533E0
5.164765358E1,-9.500144348E0,-3.037184143E-1,-1.215472412E0
5.165769358E1,-9.383536835E0,-5.550457764E-1,-1.110540619E0
5.166773358E1,-9.345665588E0,-8.003855896E-1,-1.155147858E0
5.167777458E1,-9.432185669E0,-9.163943481E-1,-1.296603699E0
5.168781458E1,-9.580078125E0,-9.018745422E-1,-1.478325806E0
5.169785458E1,-9.753567352E0,-7.828720093E-1,-1.680106201E0
5.170789558E1,-9.949809265E0,-5.986051941E-1,-1.866169281E0
5.171793558E1,-1.002779709E1,-4.632865906E-1,-1.989063721E0
5.172797558E1,-1.006701553E1,-3.477268982E-1,-2.063159637E0
5.173801658E1,-1.006656647E1,-1.523831177E-1,-2.114053802E0
5.174805658E1,-9.965077515E0,5.463638306E-2,-2.172881470E0
5.175809658E1,-9.875713348E0,2.435435486E-1,-2.208507385E0
5.176813758E1,-9.789193268E0,3.459306335E-1,-2.178719330E0
5.177817758E1,-9.710756378E0,3.838018799E-1,-2.079176331E0
5.178821758E1,-9.599837036E0,3.264710999E-1,-1.934876404E0
5.179825858E1,-9.491612091E0,1.389111328E-1,-1.813029785E0
5.180829858E1,-9.461824036E0,-5.164260864E-2,-1.725312195E0
5.181833858E1,-9.477092285E0,-1.908531189E-1,-1.649569702E0
5.182837958E1,-9.439819794E0,-2.805166626E-1,-1.647623749E0
5.183841958E1,-9.398206329E0,-3.052153015E-1,-1.681303711E0
5.184845958E1,-9.380543060E0,-3.028202820E-1,-1.668131104E0
5.185850058E1,-9.393565979E0,-2.839595032E-1,-1.640738068E0
5.186854058E1,-9.397158508E0,-2.293231201E-1,-1.632505188E0
5.187858058E1,-9.464219055E0,-1.489402771E-1,-1.647773438E0
5.188862158E1,-9.603429565E0,-1.496887207E-3,-1.720372467E0
5.189866158E1,-9.710457001E0,1.151106262E-1,-1.761985931E0
5.190870158E1,-9.796977081E0,2.074685669E-1,-1.781295776E0
5.191874258E1,-9.827812958E0,2.959346008E-1,-1.810036011E0
5.192878258E1,-9.798324280E0,3.403921509E-1,-1.814676361E0
5.193882258E1,-9.778116302E0,3.662882996E-1,-1.812730408E0
5.194886358E1,-9.699230347E0,3.652404785E-1,-1.808838501E0
5.195890358E1,-9.590706024E0,3.228785706E-1,-1.799557800E0
5.196894358E1,-9.453441467E0,2.728825378E-1,-1.843416595E0
5.197898458E1,-9.372310181E0,1.998344421E-1,-1.841171265E0
5.198902458E1,-9.341623993E0,8.921447754E-2,-1.800755310E0
5.199906458E1,-9.391919403E0,-3.906875610E-2,-1.724264374E0
5.200910558E1,-9.484726410E0,-1.595681763E-1,-1.679657135E0
5.201914558E1,-9.586365051E0,-2.459385681E-1,-1.664538574E0
5.202918558E1,-9.631421356E0,-2.854563904E-1,-1.674268341E0
5.203922658E1,-9.641749878E0,-3.318598938E-1,-1.726060638E0
5.204926658E1,-9.668244781E0,-3.893403625E-1,-1.749561768E0
5.205930658E1,-9.700427856E0,-4.158352661E-1,-1.738035736E0
5.206934758E1,-9.717492371E0,-4.011657715E-1,-1.694176941E0
5.207938758E1,-9.720935211E0,-3.499722290E-1,-1.677262115E0
5.208942758E1,-9.695039063E0,-2.647993469E-1,-1.689686279E0
5.209946858E1,-9.686207428E0,-1.799258423E-1,-1.734892273E0
5.210950858E1,-9.653575287E0,-8.547225952E-2,-1.730401611E0
5.211954958E1,-9.632618866E0,-2.499801636E-2,-1.711989899E0
5.212958958E1,-9.605225830E0,1.526824951E-2,-1.701212311E0
5.213962958E1,-9.515562286E0,3.023712158E-2,-1.695374451E0
5.214967058E1,-9.495354309E0,-3.802093506E-2,-1.660347290E0
5.215971058E1,-9.509574738E0,-1.110690308E-1,-1.617087250E0
5.216975058E1,-9.547745361E0,-2.110610962E-1,-1.606010284E0
5.217979158E1,-9.596543884E0,-2.715353394E-1,-1.587448883E0
5.218983158E1,-9.651928711E0,-2.884501648E-1,-1.586850128E0
5.219987158E1,-9.643695831E0,-2.671943665E-1,-1.641037445E0
5.220991258E1,-9.591005402E0,-2.293231201E-1,-1.697170715E0
5.221995258E1,-9.635163574E0,-1.969903564E-1,-1.714384918E0
5.222999325E1,-9.652976532E0,-1.179547119E-1,-1.723216553E0
5.224003425E1,-9.673783264E0,-7.065307617E-2,-1.710193634E0
5.225007425E1,-9.685608673E0,-2.170486450E-2,-1.697919159E0
5.226011425E1,-9.679022369E0,5.538482666E-3,-1.659598846E0
5.227015525E1,-9.669142914E0,-8.981323242E-4,-1.630259857E0
5.228019525E1,-9.612410889E0,-5.987548828E-4,-1.605411530E0
5.229023525E1,-9.567055206E0,-2.125579834E-2,-1.608105927E0
5.230027625E1,-9.576635284E0,-8.532257080E-2,-1.630259857E0
5.231031625E1,-9.595346375E0,-1.410067749E-1,-1.646426239E0
5.232035625E1,-9.647138672E0,-1.707948303E-1,-1.685644684E0
5.233039725E1,-9.671088867E0,-2.013313293E-1,-1.688488770E0
5.234043725E1,-9.647438049E0,-2.520758057E-1,-1.663191376E0
5.235047725E1,-9.638905792E0,-2.689906311E-1,-1.634750519E0
5.236051825E1,-9.648785248E0,-2.525248718E-1,-1.595981140E0
5.237055825E1,-9.656119995E0,-2.294728088E-1,-1.551972656E0
5.238059825E1,-9.652078400E0,-2.305206299E-1,-1.517843628E0
5.239063925E1,-9.638606415E0,-2.204914856E-1,-1.508862305E0
5.240067925E1,-9.629625092E0,-1.950444031E-1,-1.514251099E0
5.241071925E1,-9.605525208E0,-1.856140137E-1,-1.508862305E0
5.242076025E1,-9.592801666E0,-1.941462708E-1,-1.474134521E0
5.243080025E1,-9.588610382E0,-2.384541321E-1,-1.452878723E0
5.244084025E1,-9.587562561E0,-2.685415649E-1,-1.439107361E0
5.245088125E1,-9.623038788E0,-3.367996216E-1,-1.437011719E0
5.246092125E1,-9.632169800E0,-3.733236694E-1,-1.418749695E0
5.247096125E1,-9.582473145E0,-3.818559265E-1,-1.432071991E0
5.248100225E1,-9.541308746E0,-4.282594299E-1,-1.465901642E0
5.249104225E1,-9.515113220E0,-4.553530884E-1,-1.509461060E0
5.250108225E1,-9.531728668E0,-4.324507141E-1,-1.573527832E0
5.251112325E1,-9.591753845E0,-3.858975220E-1,-1.630708923E0
5.252116325E1,-9.670041046E0,-3.149450684E-1,-1.678609314E0
5.253120325E1,-9.742939453E0,-2.814147949E-1,-1.661395111E0
5.254124425E1,-9.758507080E0,-2.433938599E-1,-1.616338806E0
5.255128425E1,-9.736802216E0,-1.781295776E-1,-1.588496704E0
5.256132525E1,-9.724078674E0,-1.366658020E-1,-1.584006042E0
5.257136525E1,-9.702972565E0,-1.043330383E-1,-1.574126587E0
5.258140525E1,-9.707163849E0,-8.681945801E-2,-1.578168182E0
5.259144625E1,-9.711205444E0,-1.199006653E-1,-1.568288727E0
5.260148625E1,-9.677974548E0,-1.836680603E-1,-1.528770905E0
5.261152625E1,-9.626930695E0,-2.580633545E-1,-1.481618958E0
5.262156725E1,-9.609716492E0,-2.707868958E-1,-1.451531525E0
5.263160725E1,-9.594148865E0,-2.432441711E-1,-1.400337982E0
5.264164725E1,-9.596394196E0,-2.401007080E-1,-1.375938721E0
5.265168825E1,-9.605375519E0,-2.287243652E-1,-1.378184052E0
5.266172825E1,-9.625284119E0,-1.933978271E-1,-1.355131989E0
5.267176825E1,-9.611662445E0,-1.910028076E-1,-1.334774323E0
5.268180925E1,-9.568402405E0,-1.800755310E-1,-1.343755646E0
5.269184925E1,-9.530381470E0,-1.797761536E-1,-1.337618408E0
5.270188925E1,-9.515113220E0,-1.628613281E-1,-1.376836853E0
5.271193025E1,-9.530082092E0,-1.516346741E-1,-1.418001251E0
5.272197025E1,-9.601034546E0,-1.263372803E-1,-1.434167633E0
5.273201025E1,-9.649234314E0,-1.387614441E-1,-1.461560669E0
5.274205125E1,-9.704319763E0,-1.526824951E-1,-1.487606506E0
5.275209125E1,-9.723479919E0,-1.570234680E-1,-1.518143005E0
5.276213125E1,-9.736203461E0,-1.811233521E-1,-1.569186859E0
5.277217225E1,-9.730215912E0,-1.944456482E-1,-1.605261841E0
5.278221225E1,-9.679321747E0,-2.161505127E-1,-1.613195343E0
5.279225225E1,-9.638756104E0,-2.216889954E-1,-1.622476044E0
5.280229325E1,-9.618398438E0,-2.106120300E-1,-1.599423981E0
5.281233325E1,-9.628726959E0,-2.056723022E-1,-1.565145264E0
5.282237325E1,-9.615105286E0,-1.824705505E-1,-1.562301178E0
5.283241425E1,-9.621541901E0,-1.535806274E-1,-1.545536041E0
5.284245425E1,-9.633516998E0,-1.413061523E-1,-1.515149231E0
5.285249425E1,-9.635912018E0,-1.294807434E-1,-1.511107635E0
5.286253525E1,-9.624385986E0,-1.420545959E-1,-1.530417480E0
5.287257525E1,-9.609566803E0,-1.871109009E-1,-1.540746002E0
5.288261525E1,-9.624984741E0,-2.680924988E-1,-1.550026703E0
5.289265625E1,-9.629924469E0,-2.912942505E-1,-1.521735535E0
5.290269625E1,-9.605375519E0,-2.912942505E-1,-1.549577637E0
5.291273625E1,-9.611213379E0,-2.981799316E-1,-1.545086975E0
5.292277725E1,-9.646090851E0,-2.875520325E-1,-1.571282501E0
5.293281725E1,-9.664352875E0,-2.734812927E-1,-1.603615265E0
5.294285725E1,-9.665849762E0,-2.719844055E-1,-1.606908417E0
5.295289825E1,-9.651180267E0,-2.668949890E-1,-1.633852386E0
5.296293825E1,-9.645043030E0,-2.613565063E-1,-1.637145538E0
5.297297825E1,-9.626331940E0,-2.630030823E-1,-1.628762970E0
5.298301925E1,-9.626631317E0,-2.460882568E-1,-1.634002075E0
5.299305925E1,-9.622589722E0,-2.392025757E-1,-1.636696472E0
5.300310025E1,-9.625284119E0,-2.228865051E-1,-1.646575928E0
5.301314025E1,-9.629774780E0,-1.948947144E-1,-1.606010284E0
5.302318025E1,-9.639354858E0,-1.642085266E-1,-1.594783630E0
5.303322125E1,-9.641001434E0,-1.410067749E-1,-1.550775146E0
5.304326125E1,-9.608369293E0,-1.350192261E-1,-1.534309387E0
5.305330125E1,-9.587412872E0,-1.327738953E-1,-1.508712616E0
5.306334225E1,-9.594747620E0,-1.369651794E-1,-1.482816467E0
5.307338225E1,-9.616003418E0,-1.694476318E-1,-1.514550476E0
5.308342225E1,-9.612410889E0,-1.845661926E-1,-1.569635925E0
5.309346325E1,-9.595795441E0,-2.165995789E-1,-1.588496704E0
5.310350325E1,-9.574090576E0,-2.339634705E-1,-1.572779388E0
5.311354325E1,-9.583071899E0,-2.525248718E-1,-1.567989349E0
5.312358425E1,-9.592053223E0,-2.393522644E-1,-1.556313629E0
5.313362425E1,-9.639504547E0,-2.142045593E-1,-1.554367676E0
5.314366425E1,-9.720037079E0,-2.091151428E-1,-1.583407288E0
5.315370525E1,-9.756261749E0,-1.917512512E-1,-1.591340790E0
5.316374525E1,-9.768985291E0,-2.026785278E-1,-1.558409271E0
5.317378525E1,-9.703721008E0,-2.100132751E-1,-1.544039154E0
5.318382625E1,-9.640252991E0,-2.299218750E-1,-1.476978607E0
5.319386625E1,-9.598340149E0,-2.348616028E-1,-1.449884949E0
5.320390625E1,-9.589807892E0,-2.312690735E-1,-1.425485687E0
5.321394725E1,-9.572593689E0,-2.345622253E-1,-1.410067749E0
5.322398725E1,-9.568402405E0,-2.183958435E-1,-1.397344208E0
5.323402800E1,-9.574539642E0,-2.209405518E-1,-1.414558411E0
5.324406900E1,-9.572593689E0,-2.014810181E-1,-1.420845337E0
5.325410900E1,-9.601633301E0,-2.151026917E-1,-1.450184326E0
5.326414900E1,-9.637109528E0,-2.345622253E-1,-1.506167908E0
5.327419000E1,-9.655072174E0,-2.568658447E-1,-1.576222229E0
5.328423000E1,-9.686506805E0,-2.460882568E-1,-1.595382385E0
5.329427000E1,-9.694889374E0,-2.285746765E-1,-1.587748260E0
5.330431100E1,-9.716444550E0,-2.234852600E-1,-1.572929077E0
5.331435100E1,-9.710756378E0,-2.183958435E-1,-1.545835419E0
5.332439200E1,-9.713750153E0,-2.115101624E-1,-1.523382111E0
5.333443200E1,-9.692494354E0,-2.372566223E-1,-1.487756195E0
5.334447200E1,-9.676178284E0,-2.564167786E-1,-1.459614716E0
5.335451300E1,-9.669292603E0,-2.478845215E-1,-1.441203003E0
5.336455300E1,-9.639803925E0,-2.589614868E-1,-1.430126038E0
5.337459300E1,-9.600884857E0,-2.588117981E-1,-1.444795532E0
5.338463400E1,-9.573641510E0,-2.435435486E-1,-1.457519073E0
5.339467400E1,-9.560618591E0,-2.486329651E-1,-1.440753937E0
5.340471400E1,-9.548793182E0,-2.516267395E-1,-1.476379852E0
5.341475500E1,-9.594747620E0,-2.685415649E-1,-1.476080475E0
5.342479500E1,-9.638756104E0,-2.691403198E-1,-1.495689697E0
5.343483500E1,-9.671238556E0,-2.659968567E-1,-1.493594055E0
5.344487600E1,-9.678273926E0,-2.507286072E-1,-1.495689697E0
5.345491600E1,-9.660610657E0,-2.448907471E-1,-1.477577362E0
5.346495600E1,-9.655970306E0,-2.427951050E-1,-1.467997284E0
5.347499700E1,-9.655970306E0,-2.192939758E-1,-1.463057556E0
5.348503700E1,-9.636061707E0,-2.055226135E-1,-1.448537750E0
5.349507700E1,-9.651479645E0,-1.972897339E-1,-1.441502380E0
5.350511800E1,-9.669142914E0,-2.061213684E-1,-1.449286194E0
5.351515800E1,-9.681267700E0,-2.016307068E-1,-1.452429657E0
5.352519800E1,-9.682315521E0,-2.074685669E-1,-1.445094910E0
5.353523900E1,-9.646539917E0,-1.933978271E-1,-1.436562653E0
5.354527900E1,-9.607770538E0,-1.935475159E-1,-1.432071991E0
5.355531900E1,-9.596543884E0,-2.047741699E-1,-1.439706116E0
5.356536000E1,-9.629475403E0,-2.201921082E-1,-1.429377594E0
5.357540000E1,-9.676028595E0,-1.990859985E-1,-1.406475220E0
5.358544000E1,-9.701325989E0,-1.622625732E-1,-1.420396271E0
5.359548100E1,-9.712253265E0,-1.264869690E-1,-1.388512573E0
5.360552100E1,-9.671837311E0,-9.460327148E-2,-1.376537476E0
5.361556100E1,-9.652826843E0,-6.691085815E-2,-1.391955414E0
5.362560200E1,-9.625433807E0,-7.035369873E-2,-1.376238098E0
5.363564200E1,-9.619745636E0,-7.978408813E-2,-1.355131989E0
5.364568200E1,-9.633217621E0,-9.430389404E-2,-1.357527008E0
5.365572300E1,-9.619895325E0,-1.104702759E-1,-1.413211212E0
5.366576300E1,-9.608369293E0,-1.254391479E-1,-1.411564636E0
5.367580300E1,-9.602531433E0,-9.879455566E-2,-1.405277710E0
5.368584400E1,-9.602381744E0,-6.706054688E-2,-1.404529266E0
5.369588400E1,-9.626331940E0,-5.029541016E-2,-1.397942963E0
5.370592500E1,-9.695488129E0,-4.954696655E-2,-1.395997009E0
5.371596500E1,-9.745933228E0,-6.960525513E-2,-1.397942963E0
5.372600500E1,-9.729168091E0,-1.083746338E-1,-1.398541718E0
5.373604600E1,-9.681716766E0,-1.435514832E-1,-1.395997009E0
5.374608600E1,-9.646539917E0,-1.785786438E-1,-1.394200745E0
5.375612600E1,-9.619146881E0,-1.815724182E-1,-1.419198761E0
5.376616700E1,-9.606423340E0,-1.974394226E-1,-1.449585571E0
5.377620700E1,-9.593999176E0,-2.177970886E-1,-1.429976349E0
5.378624700E1,-9.606722717E0,-2.192939758E-1,-1.430126038E0
5.379628800E1,-9.608668671E0,-2.398013306E-1,-1.416953430E0
5.380632800E1,-9.613608398E0,-2.409988403E-1,-1.397793274E0
5.381636800E1,-9.630074158E0,-2.344125366E-1,-1.399439850E0
5.382640900E1,-9.624236298E0,-2.550695801E-1,-1.392254791E0
5.383644900E1,-9.630523224E0,-2.679428101E-1,-1.391656036E0
5.384648900E1,-9.619595947E0,-2.588117981E-1,-1.420396271E0
5.385653000E1,-9.610165558E0,-2.332150269E-1,-1.440753937E0
5.386657000E1,-9.636959839E0,-2.430944824E-1,-1.436562653E0
5.387661000E1,-9.652377777E0,-2.207908630E-1,-1.438508606E0
5.388665100E1,-9.665251007E0,-1.847158813E-1,-1.473835144E0
5.389669100E1,-9.648336182E0,-1.761836243E-1,-1.499731293E0
5.390673100E1,-9.672885132E0,-1.697470093E-1,-1.512604523E0
5.391677200E1,-9.682764587E0,-1.591191101E-1,-1.510209503E0
5.392681200E1,-9.675729218E0,-1.636097717E-1,-1.511407013E0
5.393685200E1,-9.657616882E0,-1.466949463E-1,-1.522483978E0
5.394689300E1,-9.648785248E0,-1.692979431E-1,-1.500629425E0
5.395693300E1,-9.646539917E0,-1.660047913E-1,-1.475032654E0
5.396697400E1,-9.649533691E0,-1.618135071E-1,-1.454225922E0
5.397701400E1,-9.641001434E0,-1.435514832E-1,-1.444945221E0
5.398705400E1,-9.610315247E0,-1.534309387E-1,-1.425785065E0
5.399709500E1,-9.608818359E0,-1.818717957E-1,-1.429826660E0
5.400713500E1,-9.598190460E0,-1.836680603E-1,-1.429377594E0
5.401717500E1,-9.568851471E0,-1.890568542E-1,-1.444047089E0
5.402721600E1,-9.559720459E0,-1.772314453E-1,-1.450034637E0
5.403725600E1,-9.584868164E0,-1.800755310E-1,-1.442400513E0
5.404729600E1,-9.636660461E0,-1.812730408E-1,-1.448986816E0
5.405733700E1,-9.679022369E0,-1.559756470E-1,-1.467997284E0
5.406737700E1,-9.724378052E0,-1.640588379E-1,-1.460961914E0
5.407741700E1,-9.755363617E0,-1.892065430E-1,-1.469494171E0
5.408745800E1,-9.744136963E0,-2.272274780E-1,-1.448388062E0
5.409749800E1,-9.697883148E0,-2.630030823E-1,-1.458866272E0
5.410753800E1,-9.665550385E0,-2.881507874E-1,-1.452130280E0
5.411757900E1,-9.644593964E0,-2.969824219E-1,-1.463506622E0
5.412761900E1,-9.610464935E0,-2.862048340E-1,-1.453627167E0
5.413765900E1,-9.607471161E0,-2.671943665E-1,-1.414109344E0
5.414770000E1,-9.587412872E0,-2.490820312E-1,-1.425335999E0
5.415774000E1,-9.585466919E0,-2.234852600E-1,-1.397493896E0
5.416778000E1,-9.597891083E0,-1.847158813E-1,-1.393901367E0
5.417782100E1,-9.602381744E0,-1.570234680E-1,-1.424437866E0
5.418786100E1,-9.630972290E0,-1.504371643E-1,-1.432820435E0
5.419790100E1,-9.669142914E0,-1.243913269E-1,-1.424737244E0
5.420794200E1,-9.674980774E0,-9.220825195E-2,-1.448537750E0
5.421798200E1,-9.679321747E0,-5.748046875E-2,-1.481768646E0
5.422802133E1,-9.683213654E0,-5.703140259E-2,-1.491199036E0
5.423806233E1,-9.644893341E0,-1.050814819E-1,-1.444945221E0
5.424810233E1,-9.650282135E0,-1.523831177E-1,-1.378932495E0
5.425814333E1,-9.655670929E0,-1.592687988E-1,-1.367406464E0
5.426818333E1,-9.664652252E0,-1.652563477E-1,-1.372495880E0
5.427822333E1,-9.677226105E0,-1.610650635E-1,-1.368005219E0
5.428826433E1,-9.668244781E0,-1.535806274E-1,-1.388811951E0
5.429830433E1,-9.665400696E0,-1.336720276E-1,-1.406325531E0
5.430834433E1,-9.624086609E0,-1.128652954E-1,-1.419049072E0
5.431838533E1,-9.596693573E0,-7.694000244E-2,-1.408870239E0
5.432842533E1,-9.595496063E0,-7.244934082E-2,-1.413211212E0
5.433846533E1,-9.625284119E0,-6.960525513E-2,-1.407073975E0
5.434850633E1,-9.630672913E0,-7.200027466E-2,-1.408421173E0
5.435854633E1,-9.653275909E0,-8.577163696E-2,-1.409019928E0
5.436858633E1,-9.672585754E0,-1.194515991E-1,-1.413959656E0
5.437862733E1,-9.674681396E0,-1.462458801E-1,-1.446292419E0
5.438866733E1,-9.684710541E0,-1.618135071E-1,-1.469643860E0
5.439870733E1,-9.680369568E0,-1.490899658E-1,-1.482666779E0
5.440874833E1,-9.671987000E0,-1.414558411E-1,-1.489253082E0
5.441878833E1,-9.666298828E0,-1.474433899E-1,-1.485061798E0
5.442882833E1,-9.644743652E0,-1.065783691E-1,-1.489851837E0
5.443886933E1,-9.633367310E0,-9.669891357E-2,-1.445094910E0
5.444890933E1,-9.654473419E0,-9.894424438E-2,-1.399140472E0
5.445894933E1,-9.653126221E0,-1.082249451E-1,-1.363364868E0
5.446899033E1,-9.664801941E0,-1.366658020E-1,-1.326092377E0
5.447903033E1,-9.630822601E0,-1.725910950E-1,-1.302740936E0
5.448907033E1,-9.571845245E0,-1.535806274E-1,-1.304686890E0
5.449911133E1,-9.548344116E0,-1.540296936E-1,-1.312171326E0
5.450915133E1,-9.581874390E0,-1.805245972E-1,-1.329834595E0
5.451919133E1,-9.590107269E0,-1.725910950E-1,-1.345402222E0
5.452923233E1,-9.627080383E0,-1.675016785E-1,-1.334774323E0
5.453927233E1,-9.665251007E0,-1.820214844E-1,-1.362167358E0
5.454931333E1,-9.676028595E0,-2.022294617E-1,-1.381477203E0
5.455935333E1,-9.680369568E0,-2.273771667E-1,-1.398691406E0
5.456939333E1,-9.718240814E0,-2.519261169E-1,-1.407523041E0
5.457943433E1,-9.707163849E0,-2.658471680E-1,-1.408720551E0
5.458947433E1,-9.680668945E0,-2.609074402E-1,-1.394949188E0
5.459951433E1,-9.661359100E0,-2.662962341E-1,-1.385219421E0
5.460955533E1,-9.661658478E0,-2.884501648E-1,-1.388961639E0
5.461959533E1,-9.649384003E0,-2.791694641E-1,-1.369053040E0
5.462963533E1,-9.669891357E0,-2.630030823E-1,-1.371448059E0
5.463967633E1,-9.677525482E0,-2.544708252E-1,-1.362766113E0
5.464971633E1,-9.667346649E0,-2.568658447E-1,-1.364263000E0
5.465975633E1,-9.641600189E0,-2.456391907E-1,-1.365161133E0
5.466979733E1,-9.618697815E0,-2.522254944E-1,-1.345701599E0
5.467983733E1,-9.591304779E0,-2.534230042E-1,-1.350940704E0
5.468987733E1,-9.603279877E0,-2.766247559E-1,-1.347647552E0
5.469991833E1,-9.612111511E0,-2.868035889E-1,-1.346599731E0
5.470995833E1,-9.641151123E0,-2.911445618E-1,-1.363065491E0
5.471999833E1,-9.670939178E0,-2.811154175E-1,-1.394051056E0
5.473003933E1,-9.690698090E0,-2.761756897E-1,-1.410516815E0
5.474007933E1,-9.682764587E0,-2.749781799E-1,-1.412911835E0
5.475011933E1,-9.670639801E0,-2.809657288E-1,-1.419797516E0
5.476016033E1,-9.662556610E0,-2.769241333E-1,-1.406175842E0
5.477020033E1,-9.658664703E0,-3.019221497E-1,-1.398541718E0
5.478024033E1,-9.643097076E0,-2.987786865E-1,-1.379531250E0
5.479028133E1,-9.632618866E0,-2.758763123E-1,-1.391057281E0
5.480032133E1,-9.609866180E0,-2.888992310E-1,-1.422192535E0
5.481036233E1,-9.583820343E0,-3.234773254E-1,-1.443747711E0
5.482040233E1,-9.566456451E0,-3.164419556E-1,-1.423988800E0
5.483044233E1,-9.581874390E0,-3.281176758E-1,-1.393302612E0
5.484048333E1,-9.634115753E0,-3.308120728E-1,-1.365909576E0
5.485052333E1,-9.667346649E0,-3.264710999E-1,-1.315763855E0
5.486056333E1,-9.684411163E0,-3.299139404E-1,-1.314266968E0
5.487060433E1,-9.679321747E0,-3.004252625E-1,-1.358425140E0
5.488064433E1,-9.671537933E0,-2.784210205E-1,-1.409768372E0
5.489068433E1,-9.657616882E0,-3.005749512E-1,-1.455573120E0
5.490072533E1,-9.621841278E0,-3.098556519E-1,-1.486408997E0
5.491076533E1,-9.599537659E0,-3.165916443E-1,-1.480720825E0
5.492080533E1,-9.609417114E0,-3.281176758E-1,-1.497186584E0
5.493084633E1,-9.648934937E0,-3.138972473E-1,-1.487456818E0
5.494088633E1,-9.697434082E0,-2.779719543E-1,-1.501677246E0
5.495092633E1,-9.721683655E0,-2.814147949E-1,-1.523382111E0
5.496096733E1,-9.747280426E0,-3.776646423E-1,-1.489103394E0
5.497100733E1,-9.811945953E0,-4.477189636E-1,-1.444795532E0
5.498104733E1,-9.774224396E0,-4.541555786E-1,-1.417103119E0
5.499108833E1,-9.660011902E0,-3.942800903E-1,-1.398541718E0
5.500112833E1,-9.574988708E0,-3.550616455E-1,-1.381626892E0
5.501116833E1,-9.583670654E0,-3.264710999E-1,-1.334924011E0
5.502120933E1,-9.606722717E0,-3.156935120E-1,-1.300495605E0
5.503124933E1,-9.618548126E0,-2.856060791E-1,-1.298849030E0
5.504128933E1,-9.631571045E0,-3.071612549E-1,-1.358874207E0
5.505133033E1,-9.645192719E0,-3.004252625E-1,-1.402134247E0
5.506137033E1,-9.649234314E0,-3.354524231E-1,-1.428180084E0
5.507141033E1,-9.626182251E0,-3.549119568E-1,-1.444496155E0
5.508145133E1,-9.601034546E0,-3.625460815E-1,-1.468596039E0
5.509149133E1,-9.636810150E0,-3.677851868E-1,-1.470841370E0
5.510153233E1,-9.679321747E0,-3.691323853E-1,-1.456171875E0
5.511157233E1,-9.688901825E0,-3.769161987E-1,-1.418600006E0
5.512161233E1,-9.684710541E0,-3.983216858E-1,-1.403331757E0
5.513165333E1,-9.649234314E0,-4.276606750E-1,-1.388662262E0
5.514169333E1,-9.650431824E0,-4.171824646E-1,-1.438059540E0
5.515173333E1,-9.636061707E0,-4.144880676E-1,-1.464853821E0
5.516177433E1,-9.646839294E0,-4.370910645E-1,-1.475781097E0
5.517181433E1,-9.693093109E0,-4.647834778E-1,-1.483564911E0
5.518185433E1,-9.714049530E0,-4.721182251E-1,-1.454824677E0
5.519189533E1,-9.692644043E0,-4.534071350E-1,-1.438508606E0
5.520193533E1,-9.630672913E0,-4.252656555E-1,-1.423539734E0
5.521197533E1,-9.587113495E0,-4.049079895E-1,-1.420396271E0
5.522201633E1,-9.580227814E0,-4.264631653E-1,-1.390757904E0
5.523205646E1,-9.649833069E0,-4.502636719E-1,-1.383872223E0
5.524209646E1,-9.713301086E0,-4.700225830E-1,-1.351539459E0
5.525213746E1,-9.751920776E0,-4.905299377E-1,-1.321751404E0
5.526217746E1,-9.723479919E0,-4.878355408E-1,-1.345402222E0
5.527221746E1,-9.671687622E0,-4.972659302E-1,-1.356329498E0
5.528225846E1,-9.627529449E0,-4.908293152E-1,-1.377285919E0
5.529229846E1,-9.621541901E0,-4.694238281E-1,-1.421893158E0
5.530233846E1,-9.678423615E0,-4.688250732E-1,-1.409618683E0
5.531237946E1,-9.727371826E0,-4.562512207E-1,-1.387464752E0
5.532241946E1,-9.756710815E0,-4.593946838E-1,-1.406924286E0
5.533246046E1,-9.782307587E0,-4.758604431E-1,-1.426084442E0
5.534250046E1,-9.795180817E0,-4.722679138E-1,-1.448837128E0
5.535254046E1,-9.775122528E0,-4.188290405E-1,-1.474284210E0
5.536258146E1,-9.785301361E0,-3.616479492E-1,-1.526974640E0
5.537262146E1,-9.832153931E0,-3.073109436E-1,-1.572030945E0
5.538266146E1,-9.835147705E0,-2.872526550E-1,-1.580862579E0
5.539270246E1,-9.816436615E0,-3.116519165E-1,-1.549577637E0
5.540274246E1,-9.806407471E0,-3.427871704E-1,-1.500180359E0
5.541278246E1,-9.767338715E0,-3.564088440E-1,-1.447190552E0
5.542282346E1,-9.771230621E0,-3.583547974E-1,-1.400038605E0
5.543286346E1,-9.799521790E0,-3.583547974E-1,-1.320553894E0
5.544290346E1,-9.757758636E0,-3.011737061E-1,-1.193917236E0
5.545294446E1,-9.698182526E0,-2.751278687E-1,-1.122665405E0
5.546298446E1,-9.687404938E0,-2.653981018E-1,-1.081800385E0
5.547302446E1,-9.619146881E0,-2.179467773E-1,-1.067130890E0
5.548306546E1,-9.568252716E0,-1.978884888E-1,-1.065783691E0
5.549310546E1,-9.525890808E0,-1.919009399E-1,-1.043180695E0
5.550314546E1,-9.540111237E0,-2.691403198E-1,-1.021924896E0
5.551318646E1,-9.593550110E0,-3.198847961E-1,-1.003064117E0
5.552322646E1,-9.703271942E0,-3.565585327E-1,-9.907896423E-1
5.553326646E1,-9.791139221E0,-3.981719971E-1,-1.011895752E0
5.554330746E1,-9.796977081E0,-4.391867065E-1,-1.034049683E0
5.555334746E1,-9.739197235E0,-4.623884583E-1,-1.041833496E0
5.556338746E1,-9.669442291E0,-4.534071350E-1,-1.057999878E0
5.557342846E1,-9.663305054E0,-4.776567078E-1,-1.027613068E0
5.558346846E1,-9.670041046E0,-5.007087708E-1,-1.012793884E0
5.559350946E1,-9.678124237E0,-5.366340637E-1,-9.812095642E-1
5.560354946E1,-9.688602448E0,-5.465135193E-1,-9.789642334E-1
5.561358946E1,-9.688602448E0,-5.569917297E-1,-9.618997192E-1
5.562363046E1,-9.683662720E0,-5.795947266E-1,-9.556127930E-1
5.563367046E1,-9.699978790E0,-6.277944946E-1,-9.366023254E-1
5.564371046E1,-9.687404938E0,-6.722520447E-1,-8.812174988E-1
5.565375146E1,-9.649384003E0,-6.692582703E-1,-7.685018921E-1
5.566379146E1,-9.574240265E0,-5.846841431E-1,-6.249504089E-1
5.567383146E1,-9.478738861E0,-4.861889648E-1,-4.884342957E-1
5.568387246E1,-9.448651428E0,-3.710783386E-1,-3.900888062E-1
5.569391246E1,-9.469458160E0,-3.065625000E-1,-3.667373657E-1
5.570395246E1,-9.479038239E0,-2.710862732E-1,-3.709286499E-1
5.571399346E1,-9.517957306E0,-2.989283752E-1,-4.275109863E-1
5.572403346E1,-9.575138397E0,-3.267704773E-1,-4.535568237E-1
5.573407346E1,-9.652078400E0,-3.026705933E-1,-5.185217285E-1
5.574411446E1,-9.717791748E0,-2.815644836E-1,-5.641767883E-1
5.575415446E1,-9.785451050E0,-2.830613708E-1,-5.635780334E-1
5.576419446E1,-9.776619415E0,-2.806663513E-1,-5.584886169E-1
5.577423546E1,-9.679770813E0,-2.975811768E-1,-5.201683044E-1
5.578427546E1,-9.609417114E0,-3.070115662E-1,-4.643344116E-1
5.579431646E1,-9.547296295E0,-2.875520325E-1,-4.478686523E-1
5.580435646E1,-9.543105011E0,-2.655477905E-1,-4.173321533E-1
5.581439646E1,-9.615853729E0,-2.100132751E-1,-4.475692749E-1
5.582443746E1,-9.688901825E0,-1.657054138E-1,-5.016069031E-1
5.583447746E1,-9.745484161E0,-7.679031372E-2,-5.848338318E-1
5.584451746E1,-9.811347198E0,-4.041595459E-3,-6.421646118E-1
5.585455846E1,-9.812694397E0,1.796264648E-2,-6.533912659E-1
5.586459846E1,-9.738448792E0,7.604187012E-2,-6.291416931E-1
5.587463846E1,-9.717043304E0,1.585203552E-1,-6.809339905E-1
5.588467946E1,-9.785301361E0,2.511776733E-1,-8.803193665E-1
5.589471946E1,-1.005504044E1,2.136058044E-1,-1.376986542E0
5.590475946E1,-1.044722488E1,-2.320175171E-2,-1.490300903E0
5.591480046E1,-1.080752563E1,-1.305285645E-1,-4.134701843E0
5.592484046E1,-1.049138306E1,-1.893562317E-1,7.421566772E-1
5.593488046E1,-9.657616882E0,-3.538641357E-1,6.830296326E-1
5.594492146E1,-9.017996979E0,4.520599365E-2,5.343887329E-2
5.595496146E1,-8.880882111E0,3.415896606E-1,3.576063538E-1
5.596500146E1,-8.880283356E0,2.101629639E-1,6.734495544E-1
5.597504246E1,-8.953331451E0,6.646179199E-2,1.337468719E0
5.598508246E1,-9.315278778E0,-8.382568359E-3,3.484753418E-1
5.599512246E1,-9.551038513E0,-2.874023438E-2,-1.024918671E0
5.600516346E1,-9.726324005E0,-1.793270874E-1,-1.560953979E0
5.601520346E1,-9.960736542E0,-2.877017212E-1,-1.242117004E0
5.602524346E1,-9.909243622E0,-3.724255371E-1,-9.460327148E-1
5.603528446E1,-9.890233154E0,-3.234773254E-1,-9.246272278E-1
5.604532446E1,-1.004067032E1,-3.568579102E-1,-8.761280823E-1
5.605536546E1,-1.011910721E1,-4.032614136E-1,-9.966275024E-1
5.606540546E1,-1.008123596E1,-4.218228149E-1,-1.082997894E0
5.607544546E1,-9.865534515E0,-4.373904419E-1,-1.022673340E0
5.608548646E1,-9.615404663E0,-4.146377563E-1,-8.078700256E-1
5.609552646E1,-9.475595398E0,-4.420307922E-1,-6.738986206E-1
5.610556646E1,-9.485175476E0,-4.441264343E-1,-6.786886597E-1
5.611560746E1,-9.542655945E0,-3.580554199E-1,-7.759863281E-1
5.612564746E1,-9.639504547E0,-2.222877502E-1,-8.508306885E-1
5.613568746E1,-9.765542450E0,-6.631210327E-2,-9.491761780E-1
5.614572846E1,-9.818083191E0,4.296066284E-2,-9.346563721E-1
5.615576846E1,-9.782457275E0,9.415420532E-2,-8.738827515E-1
5.616580846E1,-9.723030853E0,1.106199646E-1,-8.716374207E-1
5.617584946E1,-9.710906067E0,6.631210327E-2,-9.036708069E-1
5.618588946E1,-9.777517548E0,-1.107696533E-2,-9.607022095E-1
5.619592946E1,-9.878407745E0,-5.418731689E-2,-1.138532410E0
5.620597046E1,-9.964628448E0,-4.146377563E-2,-1.291813660E0
5.621601046E1,-1.003378464E1,1.002914429E-2,-1.316362610E0
5.622605046E1,-1.008482849E1,9.280700684E-3,-1.222807159E0
5.623609075E1,-1.004516098E1,-8.083190918E-3,-1.102607117E0
5.624613075E1,-9.972711639E0,1.466949463E-2,-1.097817078E0
5.625617075E1,-9.949060822E0,-6.885681152E-3,-1.162482605E0
5.626621175E1,-9.895771637E0,-5.418731689E-2,-1.060394897E0
5.627625175E1,-9.821526031E0,-1.118174744E-1,-7.765850830E-1
5.628629275E1,-9.662107544E0,-1.194515991E-1,-5.388793945E-1
5.629633275E1,-9.534572754E0,-1.737886047E-1,-4.321513367E-1
5.630637275E1,-9.455686798E0,-2.573149109E-1,-4.270619202E-1
5.631641375E1,-9.455836487E0,-2.487826538E-1,-4.043092346E-1
5.632645375E1,-9.495354309E0,-1.462458801E-1,-3.671864319E-1
5.633649375E1,-9.562265167E0,-1.344204712E-1,-3.573069763E-1
5.634653475E1,-9.667795715E0,-1.737886047E-1,-3.680845642E-1
5.635657475E1,-9.762698364E0,-1.847158813E-1,-4.941224670E-1
5.636661475E1,-9.865384827E0,-2.088157654E-1,-5.053491211E-1
5.637665575E1,-9.826166382E0,-1.683998108E-1,-4.745132446E-1
5.638669575E1,-9.779313812E0,-1.748364258E-1,-4.730163574E-1
5.639673575E1,-9.759854279E0,-2.079176331E-1,-3.588038635E-1
5.640677675E1,-9.804162140E0,-2.360591125E-1,-3.165916443E-1
5.641681675E1,-9.842033386E0,-2.797682190E-1,-3.526666260E-1
5.642685675E1,-9.787995758E0,-2.826123047E-1,-3.525169373E-1
5.643689775E1,-9.777367859E0,-2.835104370E-1,-2.661465454E-1
5.644693775E1,-9.752669220E0,-2.791694641E-1,-2.145039368E-1
5.645697775E1,-9.703122253E0,-2.914439392E-1,-2.028282166E-1
5.646701875E1,-9.708660736E0,-3.095562744E-1,-2.420466614E-1
5.647705875E1,-9.682764587E0,-2.495310974E-1,-2.468367004E-1
5.648709975E1,-9.618248749E0,-1.899549866E-1,-1.390608215E-1
5.649713975E1,-9.595346375E0,-1.052311707E-1,-5.763015747E-2
5.650717975E1,-9.564809875E0,-1.646575928E-3,-2.978805542E-2
5.651722075E1,-9.535470886E0,1.136137390E-1,-2.200424194E-2
5.652726075E1,-9.608818359E0,1.077758789E-1,-5.553451538E-2
5.653730075E1,-9.638756104E0,6.960525513E-2,-1.475930786E-1
5.654734175E1,-9.643097076E0,-2.215393066E-2,-1.945953369E-1
5.655738175E1,-9.726473694E0,-1.615141296E-1,-1.880090332E-1
5.656742175E1,-9.832004242E0,-3.303630066E-1,-1.073268127E-1
5.657746275E1,-9.941576385E0,-2.308200073E-1,-1.041833496E-1
5.658750275E1,-9.914333038E0,-1.038839722E-1,-5.628295898E-2
5.659754275E1,-9.782457275E0,-1.380130005E-1,1.661544800E-2
5.660758375E1,-9.743987274E0,-4.655319214E-2,-5.987548828E-3
5.661762375E1,-9.815538483E0,8.457412720E-2,-6.301895142E-2
5.662766375E1,-9.874515839E0,1.327738953E-1,4.221221924E-2
5.663770475E1,-9.916578369E0,1.431024170E-1,1.574725342E-1
5.664774475E1,-9.941426697E0,1.826202393E-1,2.290237427E-1
5.665778475E1,-9.825268250E0,2.248324585E-1,3.023712158E-1
5.666782575E1,-9.719138947E0,1.621128845E-1,3.320095825E-1
5.667786575E1,-9.614057465E0,1.160087585E-1,3.528163147E-1
5.668790675E1,-9.533824310E0,7.514373779E-2,2.969824219E-1
5.669794675E1,-9.494755554E0,1.107696533E-2,1.941462708E-1
5.670798675E1,-9.491163025E0,-3.861968994E-2,1.398092651E-1
5.671802775E1,-9.495054932E0,-3.353027344E-2,1.194515991E-1
5.672806775E1,-9.507030029E0,3.697311401E-2,9.864486694E-2
5.673810775E1,-9.519304504E0,1.199006653E-1,1.172062683E-1
5.674814875E1,-9.523795166E0,2.154020691E-1,1.149609375E-1
5.675818875E1,-9.565558319E0,3.004252625E-1,1.161584473E-1
5.676822875E1,-9.644444275E0,3.291654968E-1,1.372645569E-1
5.677826975E1,-9.723479919E0,2.592608643E-1,1.683998108E-1
5.678830975E1,-9.830806732E0,1.514849854E-1,1.245410156E-1
5.679834975E1,-9.993817749E0,5.044509888E-2,7.679031372E-2
5.680839075E1,-1.008018814E1,-4.445755005E-2,2.754272461E-2
5.681843075E1,-9.956694946E0,-7.185058594E-2,5.897735596E-2
5.682847075E1,-9.745334473E0,-1.522334290E-1,7.918533325E-2
5.683851175E1,-9.606123962E0,-1.600172424E-1,8.098159790E-2
5.684855175E1,-9.565408630E0,-6.197113037E-2,4.969665527E-2
5.685859175E1,-9.683513031E0,2.439926147E-2,2.260299683E-2
5.686863275E1,-9.805808716E0,8.427474976E-2,4.296066284E-2
5.687867275E1,-9.822723541E0,1.202000427E-1,8.143066406E-2
5.688871275E1,-9.770931244E0,1.462458801E-1,1.016386414E-1
5.689875375E1,-9.633816376E0,1.586700439E-1,6.870712280E-2
5.690879375E1,-9.537117462E0,1.453477478E-1,7.978408813E-2
5.691883475E1,-9.530231781E0,9.565109253E-2,5.897735596E-2
5.692887475E1,-9.574090576E0,1.074765015E-1,-3.203338623E-2
5.693891475E1,-9.454788666E0,4.131408691E-2,-3.044668579E-1
5.694895575E1,-9.295819244E0,-9.924362183E-2,-6.557862854E-1
5.695899575E1,-9.414073334E0,-3.480262756E-1,-8.882528687E-1
5.696903575E1,-9.728269958E0,-6.550378418E-1,-7.940986633E-1
5.697907675E1,-1.012569351E1,-6.242019653E-1,-7.662565613E-1
5.698911675E1,-1.022837997E1,-2.619552612E-2,-7.200027466E-1
5.699915675E1,-1.017553986E1,6.973997498E-1,-5.069956970E-1
5.700919775E1,-1.028795609E1,1.158441010E0,-1.140628052E-1
5.701923775E1,-1.018287460E1,1.124311981E0,2.438429260E-1
5.702927775E1,-9.881850586E0,6.523434448E-1,4.221221924E-1
5.703931875E1,-9.683363342E0,3.378474426E-1,5.043013000E-1
5.704935875E1,-9.602531433E0,9.580078125E-3,2.902464294E-1
5.705939975E1,-9.764943695E0,-2.995271301E-1,1.751358032E-2
5.706943975E1,-1.005025040E1,-2.601589966E-1,-2.763253784E-1
5.707947975E1,-1.019440063E1,-3.023712158E-2,-2.246827698E-1
5.708952075E1,-1.029289581E1,3.718267822E-1,4.819976807E-2
5.709956075E1,-1.018497025E1,8.186476135E-1,3.152444458E-1
5.710960075E1,-1.001387604E1,1.031954041E0,5.538482666E-1
5.711964175E1,-9.774673462E0,8.851094055E-1,4.947212219E-1
5.712968175E1,-9.360484772E0,3.863465881E-1,9.804611206E-2