"Time (s)","X (m/s^2)","Y (m/s^2)","Z (m/s^2)"
1.841587501E-2,-9.643097076E0,-2.430944824E-1,1.142124939E-1
2.845587500E-2,-9.884395294E0,-4.734654236E-1,1.989363098E-1
3.849587502E-2,-9.708511047E0,-3.930825806E-1,2.222877502E-1
4.853587502E-2,-9.620494080E0,-4.221221924E-1,3.492237854E-1
5.857587501E-2,-9.703271942E0,-5.349874878E-1,4.538562012E-1
6.861687501E-2,-9.692644043E0,-5.324427795E-1,4.799020386E-1
7.865687500E-2,-9.617500305E0,-5.346881104E-1,4.641847229E-1
8.869687503E-2,-9.623787231E0,-5.644761658E-1,4.825964355E-1
9.873687502E-2,-9.611512756E0,-5.810916138E-1,4.828958130E-1
1.087768750E-1,-9.616901550E0,-5.538482666E-1,4.011657715E-1
1.188168750E-1,-9.637558594E0,-5.498066711E-1,2.911445618E-1
1.288568750E-1,-9.644893341E0,-5.077441406E-1,2.712359619E-1
1.388968750E-1,-9.723779297E0,-5.312452698E-1,2.592608643E-1
1.489368750E-1,-9.762997742E0,-5.667214966E-1,2.924917603E-1
1.589778750E-1,-9.834399261E0,-5.474116516E-1,3.562591553E-1
1.690178750E-1,-9.874216461E0,-5.108876038E-1,3.847000122E-1
1.790578750E-1,-9.836794281E0,-4.923262024E-1,3.692820740E-1
1.890978750E-1,-9.781708832E0,-4.990621948E-1,3.641926575E-1
1.991378750E-1,-9.717642059E0,-5.272036743E-1,3.841012573E-1
2.091778750E-1,-9.694290619E0,-5.354365540E-1,3.844006348E-1
2.192178750E-1,-9.689350891E0,-5.662724304E-1,3.673361206E-1
2.292578750E-1,-9.708061981E0,-5.858816528E-1,3.890409851E-1
2.392978750E-1,-9.746831360E0,-5.860313416E-1,3.576063538E-1
2.493378750E-1,-9.745783539E0,-6.072871399E-1,4.120930481E-1
2.593788750E-1,-9.711504822E0,-5.857319641E-1,4.475692749E-1
2.694188750E-1,-9.671238556E0,-6.039939880E-1,4.406835938E-1
2.794588750E-1,-9.682465210E0,-6.171665955E-1,4.397854614E-1
2.894988750E-1,-9.653275909E0,-6.242019653E-1,3.953279114E-1
2.995388750E-1,-9.664951630E0,-6.218069458E-1,3.794609070E-1
3.095788750E-1,-9.752669220E0,-6.213578796E-1,3.360511780E-1
3.196188750E-1,-9.753267975E0,-6.185137939E-1,3.644920349E-1
3.296588750E-1,-9.723779297E0,-6.080355835E-1,4.016148376E-1
3.396988750E-1,-9.757908325E0,-5.833369446E-1,4.113446045E-1
3.497398750E-1,-9.759105835E0,-5.807922363E-1,4.339476013E-1
3.597798750E-1,-9.743837585E0,-5.792953491E-1,4.282594299E-1
3.698198750E-1,-9.743837585E0,-5.541476440E-1,4.246669006E-1
3.798598750E-1,-9.802665253E0,-5.556445312E-1,3.977229309E-1
3.898998750E-1,-9.815837860E0,-5.751040649E-1,3.725752258E-1
3.999398750E-1,-9.780810699E0,-5.795947266E-1,3.941304016E-1
4.099798750E-1,-9.777367859E0,-5.727090454E-1,3.960763550E-1
4.200198750E-1,-9.752818909E0,-5.776487732E-1,4.251159668E-1
4.300598750E-1,-9.709708557E0,-5.999523926E-1,4.013154602E-1
4.401008750E-1,-9.728868713E0,-6.099815369E-1,3.838018799E-1
4.501408750E-1,-9.789792023E0,-6.282435608E-1,3.844006348E-1
4.601808750E-1,-9.772577820E0,-6.509962463E-1,3.650907898E-1
4.702208750E-1,-9.788145447E0,-6.559359741E-1,3.908372498E-1
4.802608750E-1,-9.879904633E0,-7.209008789E-1,4.722679138E-1
4.903008750E-1,-9.876012726E0,-7.702981567E-1,4.212240601E-1
5.003408750E-1,-9.772577820E0,-5.986051941E-1,2.851570129E-1
5.103808750E-1,-9.806557159E0,-4.821473694E-1,3.390449524E-1
5.204208750E-1,-9.666897583E0,3.251239014E-1,5.013075256E-1
5.304618750E-1,-9.830657043E0,-3.686833191E-1,4.914280701E-1
5.405018750E-1,-9.816436615E0,-1.052461395E0,2.294728088E-1
5.505418750E-1,-9.538165283E0,-1.095272369E0,2.616558838E-1
5.605818750E-1,-9.252259827E0,-6.740483093E-1,4.049079895E-1
5.706218750E-1,-8.783135376E0,-8.422984314E-1,3.635939026E-1
5.806618750E-1,-8.959468689E0,-7.497908020E-1,5.653742981E-1
5.907018750E-1,-9.346713409E0,-6.360273743E-1,4.336482239E-1
6.007418750E-1,-9.976154480E0,-7.259902954E-1,3.282673645E-1
6.107818750E-1,-1.034528687E1,-7.086264038E-1,2.802172852E-1
6.208228750E-1,-1.018661682E1,-5.917195129E-1,1.983375549E-1
6.308628750E-1,-1.025756927E1,-6.971003723E-1,2.877017212E-1
6.409028750E-1,-1.014784744E1,-6.903643799E-1,3.082090759E-1
6.509428750E-1,-9.902357941E0,-6.261479187E-1,1.913021851E-1
6.609828750E-1,-9.652377777E0,-5.748046875E-1,2.505789185E-1
6.710228750E-1,-9.634714508E0,-5.637277222E-1,3.067121887E-1
6.810628750E-1,-9.683812408E0,-5.583389282E-1,2.026785278E-1
6.911028750E-1,-9.616003418E0,-6.078858948E-1,2.820135498E-1
7.011428750E-1,-9.536668396E0,-6.447093201E-1,2.092648315E-1
7.111828750E-1,-9.540709991E0,-6.697073364E-1,1.752854919E-1
7.212238750E-1,-9.561516724E0,-6.568341064E-1,1.669029236E-1
7.312638750E-1,-9.501042480E0,-6.237528992E-1,2.251318359E-1
7.413038750E-1,-9.426946564E0,-4.670288086E-1,1.544787598E-1
7.513438750E-1,-9.415869598E0,-5.086422729E-1,2.989283752E-1
7.613838750E-1,-9.467212830E0,-7.038363647E-1,4.712200928E-1
7.714238750E-1,-9.549990692E0,-7.556286621E-1,6.656657410E-1
7.814638750E-1,-9.593550110E0,-6.429130554E-1,5.381309509E-1
7.915038750E-1,-9.641600189E0,-6.200106812E-1,4.849914551E-1
8.015438750E-1,-9.761650543E0,-6.411167908E-1,4.399351501E-1
8.115848750E-1,-9.832303619E0,-6.734495544E-1,3.947291565E-1
8.216248750E-1,-9.895921326E0,-6.812333679E-1,3.610491943E-1
8.316648750E-1,-9.932894440E0,-6.879693604E-1,3.703298950E-1
8.417043750E-1,-9.901310120E0,-6.881190491E-1,3.715274048E-1
8.517443750E-1,-9.826465759E0,-7.249424744E-1,3.523672485E-1
8.617843750E-1,-9.748627625E0,-7.589218140E-1,3.276686096E-1
8.718243750E-1,-9.671238556E0,-7.943980408E-1,2.770738220E-1
8.818643750E-1,-9.660460968E0,-8.656498718E-1,2.165995789E-1
8.919043750E-1,-9.685009918E0,-9.334588623E-1,1.362167358E-1
9.019443750E-1,-9.717492371E0,-9.780661011E-1,6.391708374E-2
9.119853750E-1,-9.736353149E0,-9.876461792E-1,1.002914429E-2
9.220253750E-1,-9.717642059E0,-9.508227539E-1,-5.164260864E-2
9.320653750E-1,-9.697733459E0,-8.879534912E-1,-1.236428833E-1
9.421053750E-1,-9.726324005E0,-8.419990540E-1,-2.085163879E-1
9.521453750E-1,-9.800419922E0,-8.167016602E-1,-2.625540161E-1
9.621853750E-1,-9.892478485E0,-8.069718933E-1,-3.207829285E-1
9.722253750E-1,-9.975555725E0,-7.731422424E-1,-3.809577942E-1
9.822653750E-1,-1.004800507E1,-7.361691284E-1,-4.185296631E-1
9.923053750E-1,-1.011731094E1,-7.220983887E-1,-4.599934387E-1
1.002346375E0,-1.011416748E1,-6.870712280E-1,-4.843927002E-1
1.012386375E0,-1.009410919E1,-6.587800598E-1,-5.122348022E-1
1.022426375E0,-1.002151016E1,-5.947132874E-1,-5.372328186E-1
1.032466375E0,-9.907597046E0,-5.246589661E-1,-5.397775269E-1
1.042506375E0,-9.810898132E0,-4.785548401E-1,-5.372328186E-1
1.052546375E0,-9.745184784E0,-3.751199341E-1,-5.266049194E-1
1.062586375E0,-9.660460968E0,-3.101550293E-1,-5.468128967E-1
1.072626375E0,-9.583670654E0,-3.152444458E-1,-5.345384216E-1
1.082666375E0,-9.533225555E0,-3.552113342E-1,-5.387297058E-1
1.092706375E0,-9.508077850E0,-4.559518433E-1,-5.357359314E-1
1.102747375E0,-9.524094543E0,-5.619314575E-1,-5.215155029E-1
1.112787375E0,-9.560768280E0,-7.246430969E-1,-4.987628174E-1
1.122827375E0,-9.627230072E0,-1.131197662E0,-2.390528870E-1
1.132867375E0,-9.730814667E0,-1.712888031E0,9.759704590E-2
1.142907375E0,-1.035381912E1,-1.242865448E0,1.246907043E-1
1.152947375E0,-1.039722885E1,2.823129272E-1,2.020797729E-2
1.162987375E0,-1.010518616E1,1.004411316E0,-1.890568542E-1
1.173027375E0,-1.030756531E1,1.159937897E0,-4.188290405E-1
1.183067375E0,-1.011311966E1,-1.499880981E-1,4.685256958E-1
1.193107375E0,-1.013407608E1,-1.854493561E0,5.691165161E-1
1.203148375E0,-9.786498871E0,-1.529818726E0,3.285667419E-1
1.213188375E0,-9.513167267E0,-7.857160950E-1,-4.218228149E-1
1.223228375E0,-9.552834778E0,-5.959107971E-1,-1.136586456E0
1.233268375E0,-9.574839020E0,-6.659651184E-1,-1.498982849E0
1.243308375E0,-9.668095093E0,-1.019230499E0,-1.619781647E0
1.253348375E0,-1.003228775E1,-1.301393738E0,-8.241860962E-1
1.263388375E0,-1.025382706E1,-1.287322998E0,-4.125421143E-1
1.273428375E0,-1.017733612E1,-1.197809143E0,-2.974314880E-1
1.283468375E0,-9.977950745E0,-1.171164551E0,-1.746867371E-1
1.293508375E0,-9.667496338E0,-1.175505524E0,4.819976807E-2
1.303549375E0,-9.444609833E0,-1.151555328E0,2.025288391E-1
1.313589375E0,-9.293424225E0,-1.011296997E0,3.008743286E-1
1.323629375E0,-9.119485931E0,-6.813830566E-1,3.071612549E-1
1.333669375E0,-9.192234650E0,-3.528163147E-1,1.936972046E-1
1.343709375E0,-9.256002045E0,-1.212478638E-1,1.387614441E-1
1.353749375E0,-9.343569946E0,3.427871704E-2,5.104385376E-2
1.363789375E0,-9.470505981E0,1.472937012E-1,-6.511459351E-2
1.373829375E0,-9.553433533E0,2.001338196E-1,-1.532812500E-1
1.383869375E0,-9.737251282E0,1.083746338E-1,-3.209326172E-1
1.393910375E0,-9.860594788E0,-9.864486694E-2,-4.397854614E-1
1.403950375E0,-9.986932068E0,-3.773652649E-1,-5.230123901E-1
1.413990375E0,-1.007464966E1,-6.713539124E-1,-6.265969849E-1
1.424030375E0,-9.979747009E0,-9.476792908E-1,-7.336244202E-1
1.434070375E0,-9.942025452E0,-1.182540894E0,-7.896080017E-1
1.444110375E0,-9.794282684E0,-1.276246033E0,-7.640112305E-1
1.454150375E0,-9.635462952E0,-1.208437042E0,-6.881190491E-1
1.464190375E0,-9.616302795E0,-1.063837738E0,-5.530998230E-1
1.474230375E0,-9.575587463E0,-8.674461365E-1,-4.484674072E-1
1.484270375E0,-9.466314697E0,-6.649172974E-1,-3.438349915E-1
1.494311375E0,-9.570198669E0,-4.863386536E-1,-3.025209045E-1
1.504351375E0,-9.651180267E0,-3.456312561E-1,-3.412902832E-1
1.514391375E0,-9.695937195E0,-2.329156494E-1,-3.884422302E-1
1.524431375E0,-9.750423889E0,-1.790277100E-1,-4.349954224E-1
1.534471375E0,-9.765542450E0,-1.823208618E-1,-4.703219604E-1
1.544511375E0,-9.752968597E0,-2.459385681E-1,-4.644841003E-1
1.554551375E0,-9.720935211E0,-3.299139404E-1,-4.840933228E-1
1.564591375E0,-9.703870697E0,-3.965254211E-1,-5.020559692E-1
1.574631375E0,-9.669442291E0,-4.180805969E-1,-4.790039062E-1
1.584671375E0,-9.673334198E0,-4.769082642E-1,-4.456233215E-1
1.594712375E0,-9.635313263E0,-5.533992004E-1,-3.808081055E-1
1.604752375E0,-9.629774780E0,-6.364764404E-1,-3.324586487E-1
1.614792375E0,-9.617949371E0,-6.749464417E-1,-2.887495422E-1
1.624832375E0,-9.629924469E0,-6.762936401E-1,-2.639012146E-1
1.634872375E0,-9.612560577E0,-6.340814209E-1,-2.887495422E-1
1.644912375E0,-9.591304779E0,-5.993536377E-1,-2.918930054E-1
1.654952375E0,-9.613758087E0,-5.810916138E-1,-3.171903992E-1
1.664992375E0,-9.635313263E0,-5.523513794E-1,-3.535647583E-1
1.675032375E0,-9.671537933E0,-5.346881104E-1,-3.811074829E-1
1.685072375E0,-9.694140930E0,-5.059478760E-1,-4.185296631E-1
1.695113375E0,-9.719588013E0,-4.773573303E-1,-3.926335144E-1
1.705153375E0,-9.729018402E0,-4.546046448E-1,-3.935316467E-1
1.715193375E0,-9.716294861E0,-4.526586914E-1,-3.992198181E-1
1.725233375E0,-9.710157623E0,-4.617897034E-1,-4.171824646E-1
1.735273375E0,-9.702373810E0,-4.790039062E-1,-4.120930481E-1
1.745313375E0,-9.673932953E0,-5.306465149E-1,-4.538562012E-1
1.755353375E0,-9.695937195E0,-5.513035583E-1,-4.686753845E-1
1.765393375E0,-9.731114044E0,-5.525010681E-1,-4.605921936E-1
1.775433375E0,-9.717342682E0,-5.519023132E-1,-4.513114929E-1
1.785473375E0,-9.633816376E0,-5.749543762E-1,-4.110452271E-1
1.795514375E0,-9.630223846E0,-6.126759338E-1,-3.885919189E-1
1.805554375E0,-9.642348633E0,-6.063890076E-1,-3.670367432E-1
1.815594375E0,-9.666598206E0,-5.706134033E-1,-3.778143311E-1
1.825634375E0,-9.700128479E0,-5.481600952E-1,-3.918850708E-1
1.835674875E0,-9.703122253E0,-5.498066711E-1,-4.080514526E-1
1.845714875E0,-9.708660736E0,-5.213658142E-1,-4.161346436E-1
1.855754875E0,-9.709708557E0,-5.080435181E-1,-4.131408691E-1
1.865794875E0,-9.703271942E0,-4.968168640E-1,-4.215234375E-1
1.875834875E0,-9.681866455E0,-4.802014160E-1,-4.173321533E-1
1.885874875E0,-9.706265717E0,-4.875361633E-1,-4.087998962E-1
1.895914875E0,-9.706714783E0,-5.090913391E-1,-4.144880676E-1
1.905955875E0,-9.738598480E0,-4.914280701E-1,-4.008663940E-1
1.915995875E0,-9.739496613E0,-5.132826233E-1,-3.857478333E-1
1.926035875E0,-9.726922760E0,-5.186714172E-1,-3.701802063E-1
1.936075875E0,-9.703271942E0,-4.954696655E-1,-3.252735901E-1
1.946115875E0,-9.716893616E0,-4.806504822E-1,-2.679428101E-1
1.956155875E0,-9.716444550E0,-4.836442566E-1,-2.495310974E-1
1.966195875E0,-9.712103577E0,-4.677772522E-1,-2.784210205E-1
1.976235875E0,-9.708960114E0,-4.366419983E-1,-2.935395813E-1
1.986275875E0,-9.668394470E0,-4.516108704E-1,-3.055146790E-1
1.996315875E0,-9.647737427E0,-5.087919617E-1,-3.168910217E-1
2.006356875E0,-9.656718750E0,-5.281018066E-1,-3.451821899E-1
2.016396875E0,-9.692943420E0,-5.195695496E-1,-3.269201660E-1
2.026436875E0,-9.706415405E0,-5.438191223E-1,-3.013233948E-1
2.036476875E0,-9.690548401E0,-6.026467896E-1,-3.056643677E-1
2.046516875E0,-9.691446533E0,-6.563850403E-1,-3.198847961E-1
2.056556875E0,-9.691895599E0,-7.246430969E-1,-3.016227722E-1
2.066596875E0,-9.693392487E0,-7.485932922E-1,-3.534150696E-1
2.076636875E0,-9.748927002E0,-7.866142273E-1,-4.155358887E-1
2.086676875E0,-9.760153656E0,-8.256829834E-1,-5.081932068E-1
2.096716875E0,-9.725575562E0,-8.792715454E-1,-5.481600952E-1
2.106757875E0,-9.673483887E0,-9.080117798E-1,-5.644761658E-1
2.116797875E0,-9.751172333E0,-9.071136475E-1,-5.120851135E-1
2.126837875E0,-9.863289185E0,-8.638536072E-1,-5.301974487E-1
2.136877875E0,-9.925859070E0,-8.193960571E-1,-5.869294739E-1
2.146917875E0,-9.950108643E0,-7.939489746E-1,-6.231541443E-1
2.156957875E0,-9.904154205E0,-7.581733704E-1,-6.237528992E-1
2.166997875E0,-9.800120544E0,-7.454498291E-1,-6.274951172E-1
2.177037875E0,-9.720635834E0,-7.291337585E-1,-6.354286194E-1
2.187077875E0,-9.685458984E0,-7.188052368E-1,-6.004014587E-1
2.197117875E0,-9.660011902E0,-7.053332520E-1,-5.146298218E-1
2.207158875E0,-9.650880890E0,-7.201524353E-1,-4.323010254E-1
2.217198875E0,-9.686207428E0,-7.174580383E-1,-4.038601685E-1
2.227238875E0,-9.718989258E0,-6.996450806E-1,-3.686833191E-1
2.237278875E0,-9.748028870E0,-7.083270264E-1,-3.848497009E-1
2.247318875E0,-9.749525757E0,-7.376660156E-1,-4.318519592E-1
2.257358875E0,-9.764794006E0,-7.476951599E-1,-4.818479919E-1
2.267398875E0,-9.771979065E0,-7.427554321E-1,-5.336402893E-1
2.277438875E0,-9.782457275E0,-7.120692444E-1,-5.739065552E-1
2.287478875E0,-9.812245331E0,-6.855743408E-1,-6.812333679E-1
2.297518875E0,-9.855804749E0,-6.554869080E-1,-7.523355103E-1
2.307558875E0,-9.905950470E0,-6.454577637E-1,-8.084687805E-1
2.317599875E0,-9.886341248E0,-6.523434448E-1,-8.366102600E-1
2.327639875E0,-9.816885681E0,-6.635700989E-1,-8.274792480E-1
2.337679875E0,-9.745035095E0,-6.661148071E-1,-7.750881958E-1
2.347719875E0,-9.670490112E0,-6.427633667E-1,-7.578739929E-1
2.357759875E0,-9.608518982E0,-6.581813049E-1,-7.261399841E-1
2.367799875E0,-9.605674896E0,-6.638694763E-1,-6.927593994E-1
2.377839875E0,-9.610464935E0,-6.544390869E-1,-6.744973755E-1
2.387879875E0,-9.596992950E0,-6.509962463E-1,-6.481521606E-1
2.397919875E0,-9.593699799E0,-6.541397095E-1,-6.167175293E-1
2.407959875E0,-9.599537659E0,-6.496490479E-1,-5.812413025E-1
2.418000875E0,-9.602830811E0,-6.337820435E-1,-5.888754272E-1
2.428040875E0,-9.614356842E0,-6.090834045E-1,-5.918692017E-1
2.438080875E0,-9.621841278E0,-5.956114197E-1,-6.177653503E-1
2.448120875E0,-9.630074158E0,-5.640270996E-1,-5.959107971E-1
2.458160875E0,-9.626182251E0,-5.379812622E-1,-5.834866333E-1
2.468200875E0,-9.623487854E0,-5.257067871E-1,-5.972579956E-1
2.478240875E0,-9.635013885E0,-5.047503662E-1,-5.873785400E-1
2.488280875E0,-9.667196960E0,-5.007087708E-1,-5.872288513E-1
2.498320875E0,-9.684860229E0,-4.935237122E-1,-5.993536377E-1
2.508360875E0,-9.731413422E0,-5.089416504E-1,-6.095324707E-1
2.518401875E0,-9.756710815E0,-5.266049194E-1,-6.373745728E-1
2.528441875E0,-9.773326263E0,-5.165757751E-1,-6.432124329E-1
2.538481875E0,-9.771529999E0,-5.155279541E-1,-6.704557800E-1
2.548521875E0,-9.768985291E0,-5.189707947E-1,-6.780899048E-1
2.558561875E0,-9.729317780E0,-5.170248413E-1,-6.990463257E-1
2.568601875E0,-9.727970581E0,-5.231620789E-1,-6.929090881E-1
2.578641875E0,-9.699080658E0,-5.484594727E-1,-6.695576477E-1
2.588681875E0,-9.696535950E0,-5.833369446E-1,-6.505471802E-1
2.598721875E0,-9.711205444E0,-5.776487732E-1,-6.268963623E-1
2.608761875E0,-9.702822876E0,-5.722599792E-1,-6.143225098E-1
2.618802875E0,-9.704619141E0,-5.791456604E-1,-6.110293579E-1
2.628842875E0,-9.719737701E0,-5.770500183E-1,-5.923182678E-1
2.638882875E0,-9.727970581E0,-5.766009521E-1,-5.875282288E-1
2.648922875E0,-9.701176300E0,-5.471122742E-1,-5.839356995E-1
2.658962875E0,-9.670789490E0,-5.295986938E-1,-5.605842590E-1
2.669002875E0,-9.653126221E0,-5.249583435E-1,-5.402265930E-1
2.679042875E0,-9.639205170E0,-5.257067871E-1,-5.230123901E-1
2.689082875E0,-9.641899567E0,-5.541476440E-1,-5.257067871E-1
2.699122875E0,-9.688303070E0,-5.593867493E-1,-5.248086548E-1
2.709162875E0,-9.705816650E0,-5.635780334E-1,-5.186714172E-1
2.719203875E0,-9.718091125E0,-5.604345703E-1,-5.523513794E-1
2.729243875E0,-9.735155640E0,-5.315446472E-1,-5.797444153E-1
2.739283875E0,-9.700427856E0,-5.069956970E-1,-6.310876465E-1
2.749323875E0,-9.665849762E0,-5.176235962E-1,-6.306385803E-1
2.759363875E0,-9.654922485E0,-5.255570984E-1,-6.023474121E-1
2.769403875E0,-9.661508789E0,-5.098397827E-1,-5.836363220E-1
2.779443875E0,-9.691745911E0,-4.903802490E-1,-5.854325867E-1
2.789483875E0,-9.737550659E0,-4.748126221E-1,-6.024971008E-1
2.799523875E0,-9.781110077E0,-4.547543335E-1,-6.080355835E-1
2.809563875E0,-9.794132996E0,-4.601431274E-1,-5.757028198E-1
2.819603875E0,-9.769733734E0,-4.920268250E-1,-5.490582275E-1
2.829644875E0,-9.762848053E0,-4.727169800E-1,-5.581892395E-1
2.839685042E0,-9.742191010E0,-4.743635559E-1,-5.466632080E-1
2.849725042E0,-9.700278168E0,-4.559518433E-1,-6.210585022E-1
2.859765042E0,-9.768685913E0,-4.903802490E-1,-4.899311829E-1
2.869805042E0,-9.732161865E0,-4.718188477E-1,-5.228627014E-1
2.879845042E0,-9.734856262E0,-4.737648010E-1,-5.480104065E-1
2.889885042E0,-9.717043304E0,-4.740641785E-1,-5.378315735E-1
2.899925042E0,-9.702074432E0,-4.643344116E-1,-5.384303284E-1
2.909965042E0,-9.680968323E0,-4.721182251E-1,-5.258564758E-1
2.920005042E0,-9.702373810E0,-4.989125061E-1,-5.138813782E-1
2.930046042E0,-9.702972565E0,-5.049000549E-1,-5.158273315E-1
2.940086042E0,-9.710606689E0,-4.974156189E-1,-5.541476440E-1
2.950126042E0,-9.732910309E0,-4.695735168E-1,-5.587879944E-1
2.960166042E0,-9.745484161E0,-4.385879517E-1,-5.719606018E-1
2.970206042E0,-9.753267975E0,-3.972738647E-1,-5.786965942E-1
2.980246042E0,-9.749525757E0,-3.903881836E-1,-5.836363220E-1
2.990286042E0,-9.722731476E0,-3.769161987E-1,-5.766009521E-1
3.000326042E0,-9.689350891E0,-3.565585327E-1,-6.209088135E-1
3.010366042E0,-9.756261749E0,-3.876937866E-1,-4.855902100E-1
3.020406042E0,-9.740544434E0,-3.815565491E-1,-5.728587341E-1
3.030447042E0,-9.715995483E0,-4.010160828E-1,-5.662724304E-1
3.040487042E0,-9.688003693E0,-4.074526978E-1,-5.601351929E-1
3.050527042E0,-9.656119995E0,-4.239184570E-1,-5.433700562E-1
3.060567042E0,-9.650731201E0,-4.457730103E-1,-5.369334412E-1
3.070607042E0,-9.628726959E0,-4.564009094E-1,-5.008584595E-1
3.080647042E0,-9.647438049E0,-4.430786133E-1,-5.060975647E-1
3.090687042E0,-9.684261475E0,-4.406835938E-1,-5.123844910E-1
3.100727042E0,-9.729617157E0,-4.252656555E-1,-5.337899780E-1
3.110767042E0,-9.775721283E0,-3.951782227E-1,-5.207670593E-1
3.120807042E0,-9.741143188E0,-3.833528137E-1,-5.804928589E-1
3.130848042E0,-9.800419922E0,-3.948788452E-1,-4.381388855E-1
3.140888042E0,-9.739197235E0,-3.501219177E-1,-5.043013000E-1
3.150928042E0,-9.688003693E0,-3.409909058E-1,-5.004093933E-1
3.160968042E0,-9.670041046E0,-3.394940186E-1,-4.668791199E-1
3.171008042E0,-9.662257233E0,-3.372486877E-1,-4.719685364E-1
3.181048042E0,-9.644593964E0,-3.475772095E-1,-4.450245667E-1
3.191088042E0,-9.639055481E0,-3.543132019E-1,-4.511618042E-1
3.201128042E0,-9.638606415E0,-3.541635132E-1,-4.731660461E-1
3.211168042E0,-9.679172058E0,-3.552113342E-1,-4.453239441E-1
3.221208042E0,-9.655221863E0,-3.436853027E-1,-5.008584595E-1
3.231248042E0,-9.766739960E0,-3.814068604E-1,-3.245251465E-1
3.241289042E0,-9.761949921E0,-3.296145630E-1,-4.108955383E-1
3.251329042E0,-9.702822876E0,-3.215313721E-1,-4.263134766E-1
3.261369042E0,-9.730066223E0,-3.595523071E-1,-3.912863159E-1
3.271409042E0,-9.801767120E0,-3.634442139E-1,-4.059558105E-1
3.281449042E0,-9.915231171E0,-3.463796997E-1,-4.456233215E-1
3.291489042E0,-1.000908600E1,-3.923341370E-1,-4.587959290E-1
3.301529042E0,-1.005159760E1,-3.650907898E-1,-5.370831299E-1
3.311569042E0,-1.003692810E1,-3.436853027E-1,-5.965095520E-1
3.321609042E0,-9.999206543E0,-3.492237854E-1,-6.394702148E-1
3.331649042E0,-9.932295685E0,-3.453318787E-1,-6.873706055E-1
3.341690042E0,-9.856104126E0,-3.751199341E-1,-7.147636414E-1
3.351730042E0,-9.768087158E0,-4.605921936E-1,-7.569758606E-1
3.361770042E0,-9.714648285E0,-5.692662048E-1,-8.307723999E-1
3.371810042E0,-9.650880890E0,-6.837780762E-1,-9.448352051E-1
3.381850042E0,-9.600136414E0,-8.050259399E-1,-9.867480469E-1
3.391890042E0,-9.516909485E0,-9.880952454E-1,-9.554631042E-1
3.401930042E0,-9.427695007E0,-1.177451477E0,-9.340576172E-1
3.411970042E0,-9.331894226E0,-1.351090393E0,-8.756790161E-1
3.422010042E0,-9.207053833E0,-1.513652344E0,-7.147636414E-1
3.432050042E0,-9.132808228E0,-1.674118652E0,-4.796026611E-1
3.442091042E0,-9.093290405E0,-1.820963287E0,-2.549198914E-1
3.452131042E0,-9.155560913E0,-1.921254730E0,-4.251159668E-2
3.462171042E0,-9.327852631E0,-1.942360840E0,6.256988525E-2
3.472211042E0,-9.520352325E0,-1.877994690E0,1.594184875E-1
3.482251042E0,-9.722581787E0,-1.771116943E0,2.439926147E-1
3.492291042E0,-9.917925568E0,-1.576671295E0,2.424957275E-1
3.502331042E0,-1.019425095E1,-1.338666229E0,3.252735901E-1
3.512371042E0,-1.049527496E1,-1.053509216E0,3.658392334E-1
3.522411042E0,-1.078147980E1,-7.110214233E-1,3.628454590E-1
3.532451042E0,-1.084479813E1,-3.532653809E-1,2.953358459E-1
3.542492042E0,-1.072265213E1,-1.146615601E-1,1.971400452E-1
3.552532042E0,-1.050440598E1,-6.900650024E-2,6.361770630E-2
3.562572042E0,-1.028196854E1,-1.983375549E-1,-1.945953369E-2
3.572612042E0,-1.008348129E1,-4.267625427E-1,1.392105103E-2
3.582652042E0,-9.923913116E0,-7.095245361E-1,1.091230774E-1
3.592692042E0,-9.701775055E0,-9.831555176E-1,2.025288391E-1
3.602732042E0,-9.475296021E0,-1.211131439E0,2.883004761E-1
3.612772042E0,-9.266031189E0,-1.429527283E0,3.526666260E-1
3.622812042E0,-9.125772858E0,-1.622326355E0,4.483177185E-1
3.632852042E0,-9.022487640E0,-1.787882080E0,5.517526245E-1
3.642892042E0,-8.926237793E0,-1.911225586E0,5.908213806E-1
3.652933042E0,-8.837023315E0,-1.967209167E0,6.164181519E-1
3.662973042E0,-8.791667633E0,-2.000140686E0,6.776408386E-1
3.673013042E0,-8.756640472E0,-1.992356873E0,7.467970276E-1
3.683053042E0,-8.851393433E0,-1.868863678E0,8.273295593E-1
3.693093042E0,-8.920848999E0,-1.713786163E0,9.053173828E-1
3.703133042E0,-8.966504059E0,-1.473086700E0,9.482780457E-1
3.713173042E0,-9.046437836E0,-1.228495331E0,1.008752289E0
3.723213042E0,-9.084907837E0,-1.005908203E0,1.043031006E0
3.733253042E0,-9.135652313E0,-8.279283142E-1,1.006357269E0
3.743293042E0,-9.140891418E0,-7.439529419E-1,9.753717041E-1
3.753334042E0,-9.181007996E0,-7.411088562E-1,9.128018188E-1
3.763374042E0,-9.236093445E0,-7.698490906E-1,8.643026733E-1
3.773414042E0,-9.287286987E0,-8.238867188E-1,8.128097534E-1
3.783454042E0,-9.302405548E0,-8.815168762E-1,7.604187012E-1
3.793494042E0,-9.329648895E0,-9.354048157E-1,7.388635254E-1
3.803534042E0,-9.405391388E0,-9.553134155E-1,7.084767151E-1
3.813574042E0,-9.502389679E0,-9.602531433E-1,7.234455872E-1
3.823614042E0,-9.609117737E0,-9.117539978E-1,7.432044983E-1
3.833654042E0,-9.704619141E0,-8.229885864E-1,8.340655518E-1
3.843693167E0,-9.754016418E0,-7.673043823E-1,8.912466431E-1
3.853734167E0,-9.783056030E0,-6.870712280E-1,9.490264893E-1
3.863774167E0,-9.761051788E0,-6.780899048E-1,9.804611206E-1
3.873814167E0,-9.717492371E0,-7.003935242E-1,1.010099487E0
3.883854167E0,-9.627529449E0,-7.375163269E-1,1.063837738E0
3.893894167E0,-9.561067657E0,-7.527845764E-1,1.159039764E0
3.903934167E0,-9.515861664E0,-7.881111145E-1,1.274749146E0
3.913974167E0,-9.425898743E0,-9.225315857E-1,1.350940704E0
3.924014167E0,-9.389075317E0,-1.187929688E0,1.435065765E0
3.934054167E0,-9.459728394E0,-1.435664520E0,1.544188843E0
3.944094167E0,-9.624835052E0,-1.656156006E0,1.623972931E0
3.954134167E0,-9.812844086E0,-1.891616364E0,1.646575928E0
3.964175167E0,-1.005054977E1,-2.030228119E0,1.593735809E0
3.974215167E0,-1.026655060E1,-2.112107849E0,1.595681763E0
3.984255167E0,-1.046458878E1,-2.226919098E0,1.616039429E0
3.994295167E0,-1.072938812E1,-2.338137817E0,1.540895691E0
4.004335167E0,-1.125389740E1,-2.327659607E0,1.341061249E0
4.014375167E0,-1.190309738E1,-2.099384308E0,1.132993927E0
4.024415167E0,-1.244556931E1,-1.700613556E0,7.899073792E-1
4.034455167E0,-1.279404465E1,-1.335971832E0,3.049159241E-1
4.044495167E0,-1.317709808E1,-1.268162842E0,-3.861968994E-2
4.054535167E0,-1.347258362E1,-1.456920319E0,-2.198927307E-1
4.064576167E0,-1.338531509E1,-1.645677795E0,-4.852908325E-1
4.074616167E0,-1.306587936E1,-1.838027802E0,-7.926017761E-1
4.084656167E0,-1.275707153E1,-2.041754150E0,-1.131796417E0
4.094696167E0,-1.244227615E1,-2.229314117E0,-1.464704132E0
4.104736167E0,-1.198707275E1,-2.344275055E0,-1.794318695E0
4.114776167E0,-1.128952332E1,-2.309846649E0,-2.104773102E0
4.124816167E0,-1.051368668E1,-2.108964386E0,-2.219284973E0
4.134856167E0,-9.769733734E0,-1.811083832E0,-2.163151703E0
4.144896167E0,-9.060358887E0,-1.496737518E0,-2.087109833E0
4.154936167E0,-8.378676453E0,-1.126257935E0,-2.041005707E0
4.164977167E0,-7.683222656E0,-6.486012268E-1,-2.045646057E0
4.175017167E0,-7.192243652E0,-7.798782349E-2,-1.984423370E0
4.185057167E0,-7.041357422E0,5.215155029E-1,-1.847458191E0
4.195097167E0,-7.146738281E0,1.102906494E0,-1.603914642E0
4.205137167E0,-7.433841248E0,1.542542267E0,-1.281784515E0
4.215177167E0,-7.844138031E0,1.797162781E0,-9.253756714E-1
4.225217167E0,-8.277786255E0,1.892364807E0,-6.530918884E-1
4.235257167E0,-8.649463348E0,1.788780212E0,-6.111790466E-1
4.245297167E0,-8.974287872E0,1.429078217E0,-8.539741516E-1
4.255337167E0,-9.313183136E0,9.026229858E-1,-1.246457977E0
4.265377167E0,-9.720336456E0,2.860551453E-1,-1.598825226E0
4.275418167E0,-1.003378464E1,-3.477268982E-1,-1.780846710E0
4.285458167E0,-1.024604324E1,-9.862989807E-1,-1.847308502E0
4.295498167E0,-1.028017227E1,-1.516346741E0,-2.015408936E0
4.305538167E0,-1.030891251E1,-1.854343872E0,-2.115850067E0
4.315578167E0,-1.024409729E1,-1.941313019E0,-2.082469482E0
4.325618167E0,-1.009695328E1,-1.762584686E0,-1.913321228E0
4.335658167E0,-9.930948486E0,-1.320104828E0,-1.743873596E0
4.345698167E0,-9.698481903E0,-7.774832153E-1,-1.530567169E0
4.355738167E0,-9.389075317E0,-1.812730408E-1,-1.338666229E0
4.365778167E0,-9.078321533E0,3.339555359E-1,-1.181343384E0
4.375819167E0,-8.778495026E0,6.354286194E-1,-1.011446686E0
4.385859167E0,-8.536747742E0,7.918533325E-1,-8.587641907E-1
4.395899167E0,-8.443042603E0,8.581654358E-1,-6.533912659E-1
4.405939167E0,-8.289611664E0,8.652008057E-1,-5.508544922E-1
4.415979167E0,-8.138426056E0,8.705895996E-1,-5.179229736E-1
4.426019167E0,-8.177794189E0,7.426057434E-1,-4.210743713E-1
4.436059167E0,-8.260572052E0,6.610253906E-1,-4.080514526E-1
4.446099167E0,-8.297545166E0,5.605842590E-1,-4.635859680E-1
4.456139167E0,-8.337512054E0,4.520599365E-1,-4.767585754E-1
4.466179167E0,-8.398585052E0,4.224215698E-1,-5.168751526E-1
4.476220167E0,-8.447982330E0,4.336482239E-1,-5.496569824E-1
4.486260167E0,-8.571325836E0,4.333488464E-1,-4.376898193E-1
4.496300167E0,-8.564140778E0,5.120851135E-1,-4.035607910E-1
4.506340167E0,-8.604856110E0,6.171665955E-1,-2.251318359E-1
4.516380167E0,-8.620573425E0,7.912545776E-1,-2.993774414E-2
4.526420167E0,-8.562194824E0,9.009764099E-1,1.401086426E-1
4.536460167E0,-8.517437897E0,9.349557495E-1,3.282673645E-1
4.546500167E0,-8.524323578E0,8.747808838E-1,5.216651917E-1
4.556540167E0,-8.602311401E0,7.535330200E-1,6.134243774E-1
4.566580167E0,-8.736133118E0,6.506968689E-1,7.494914246E-1
4.576620167E0,-8.956774292E0,5.394781494E-1,8.381071472E-1
4.586661167E0,-9.212143250E0,4.096980286E-1,8.446934509E-1
4.596701167E0,-9.490713959E0,2.543211365E-1,7.244934082E-1
4.606741167E0,-9.779313812E0,5.837860107E-2,6.120771790E-1
4.616781167E0,-1.009815079E1,-1.942959595E-1,5.548960876E-1
4.626821167E0,-1.037133270E1,-4.264631653E-1,5.185217285E-1
4.636861167E0,-1.054631882E1,-5.704637146E-1,3.857478333E-1
4.646901167E0,-1.064511337E1,-6.411167908E-1,9.505233765E-2
4.656941167E0,-1.071187454E1,-6.474037170E-1,-2.127076721E-1
4.666981167E0,-1.087174210E1,-6.408174133E-1,-1.558259583E-1
4.677021167E0,-1.106558899E1,-6.574328613E-1,2.266287231E-1
4.687062167E0,-1.127560226E1,-7.084767151E-1,7.512876892E-1
4.697102167E0,-1.148396896E1,-7.692503357E-1,1.226699066E0
4.707142167E0,-1.174517578E1,-9.693841553E-1,1.696272583E0
4.717182167E0,-1.187495590E1,-1.168619843E0,1.922302551E0
4.727222167E0,-1.191432404E1,-1.255289612E0,1.953737183E0
4.737262167E0,-1.211191315E1,-1.259331207E0,2.037413177E0
4.747302167E0,-1.217837494E1,-8.235873413E-1,1.784439240E0
4.757342167E0,-1.229438370E1,6.706054688E-2,1.467997284E0
4.767382167E0,-1.242161911E1,6.810836792E-1,9.964778137E-1
4.777422167E0,-1.276605286E1,1.048419800E0,5.957611084E-2
4.787462167E0,-1.329475342E1,1.915716248E0,-8.708889771E-1
4.797503167E0,-1.371837250E1,2.812201996E0,-1.711241455E0
4.807543167E0,-1.389440643E1,2.924468536E0,-2.806364136E0
4.817583167E0,-1.340612183E1,2.559677124E0,-3.812871094E0
4.827623167E0,-1.242296631E1,1.816921692E0,-4.548142090E0
4.837664000E0,-1.155507111E1,9.318122864E-1,-4.977898407E0
4.847704000E0,-1.072235275E1,6.331832886E-2,-5.154231720E0
4.857744000E0,-9.878707123E0,-7.680528259E-1,-4.968318329E0
4.867784000E0,-9.145531769E0,-1.664388885E0,-4.312831421E0
4.877824000E0,-8.432863770E0,-2.448757782E0,-3.882626038E0
4.887864000E0,-7.869884491E0,-3.126099243E0,-3.531605988E0
4.897904000E0,-7.644303589E0,-3.667972412E0,-2.985092468E0
4.907945000E0,-7.630232849E0,-4.157005463E0,-2.343376923E0
4.917985000E0,-8.112380219E0,-4.484374695E0,-1.646426239E0
4.928025000E0,-9.087602234E0,-4.324507141E0,-1.077609100E0
4.938065000E0,-1.012958542E1,-3.553460541E0,-6.923103333E-1
4.948105000E0,-1.095047836E1,-2.267933807E0,-4.303550720E-1
4.958145000E0,-1.133203491E1,-7.680528259E-1,-4.451742554E-1
4.968185000E0,-1.125629242E1,5.192701721E-1,-8.012837219E-1
4.978225000E0,-1.083057770E1,1.327738953E0,-1.224453735E0
4.988265000E0,-1.032642609E1,1.670376434E0,-1.612297211E0
4.998305000E0,-9.828112335E0,1.750459900E0,-1.696571960E0
5.008346000E0,-9.283095703E0,1.535207520E0,-1.523681488E0
5.018386000E0,-8.679550781E0,1.147364044E0,-1.310674438E0
5.028426000E0,-8.022417297E0,6.271957397E-1,-1.073866882E0
5.038466000E0,-7.450606384E0,1.603166199E-1,-9.162446594E-1
5.048506000E0,-6.951693878E0,-1.451980591E-1,-7.005432129E-1
5.058546000E0,-6.514752502E0,-4.626878357E-1,-3.986210632E-1
5.068586000E0,-6.147416382E0,-8.074209595E-1,-1.318757629E-1
5.078626000E0,-6.003415833E0,-1.126557312E0,8.741821289E-2
5.088666000E0,-6.108347626E0,-1.488504639E0,3.275189209E-1
5.098706000E0,-6.421047363E0,-1.825154572E0,4.742138672E-1
5.108746000E0,-6.799909515E0,-2.129322052E0,4.113446045E-1
5.118787000E0,-7.166796570E0,-2.315085754E0,2.366578674E-1
5.128827000E0,-7.677384796E0,-2.352507935E0,3.802093506E-2
5.138867000E0,-8.173602905E0,-2.233056335E0,-1.395098877E-1
5.148907000E0,-8.553812256E0,-1.993105316E0,-1.772314453E-1
5.158947000E0,-8.756041718E0,-1.721420288E0,-1.058299255E-1
5.168987000E0,-8.930578766E0,-1.480571136E0,1.303788757E-1
5.179027000E0,-8.837472382E0,-1.319506073E0,4.599934387E-1
5.189067000E0,-8.549321594E0,-1.333277435E0,8.361611938E-1
5.199107000E0,-8.315956879E0,-1.432221680E0,1.104253693E0
5.209147000E0,-8.145611115E0,-1.502276001E0,1.256786499E0
5.219187000E0,-8.068072357E0,-1.555565186E0,1.254541168E0
5.229228000E0,-8.021219788E0,-1.618284760E0,1.191821594E0
5.239268000E0,-8.082592163E0,-1.708846436E0,1.137783966E0
5.249308000E0,-8.439899139E0,-1.723964996E0,1.009800110E0
5.259348000E0,-9.224567413E0,-1.535955963E0,6.725514221E-1
5.269388000E0,-1.039992325E1,-1.089434509E0,2.477348328E-1
5.279428000E0,-1.130688721E1,-6.119274902E-1,-4.692741394E-1
5.289468000E0,-1.159548706E1,-4.390370178E-1,-1.161734161E0
5.299508000E0,-1.163036453E1,-5.987548828E-1,-1.332978058E0
5.309548000E0,-1.157782379E1,-8.196954346E-1,-1.011147308E0
5.319588000E0,-1.164653091E1,-9.087602234E-1,-2.677931213E-1
5.329628000E0,-1.167661835E1,-7.174580383E-1,6.367758179E-1
5.339669000E0,-1.187600372E1,-5.144801331E-1,1.622775421E0
5.349709000E0,-1.209544739E1,-1.730401611E-1,2.305655365E0
5.359749000E0,-1.252131180E1,2.607577515E-1,2.547103271E0
5.369789000E0,-1.285676422E1,5.433700562E-1,2.590662689E0
5.379829000E0,-1.249242188E1,6.012995911E-1,1.905387726E0
5.389869000E0,-1.190668991E1,2.094145203E-1,7.277865601E-1
5.399909000E0,-1.181523010E1,-6.261479187E-1,-3.375480652E-1
5.409949000E0,-1.250110382E1,-1.670526123E0,-8.535250854E-1
5.419989000E0,-1.301782928E1,-2.339485016E0,-1.694326630E0
5.430029000E0,-1.306378372E1,-2.808310089E0,-2.730172577E0
5.440069000E0,-1.295765442E1,-3.080294495E0,-3.836072845E0
5.450110000E0,-1.246128662E1,-3.024909668E0,-4.784650269E0
5.460150000E0,-1.151989426E1,-2.727029114E0,-5.182522888E0
5.470190000E0,-1.043764481E1,-2.145488434E0,-5.238506470E0
5.480230000E0,-9.738598480E0,-1.292412415E0,-4.783901825E0
5.490270000E0,-9.077573090E0,-4.216731262E-1,-3.759282532E0
5.500310000E0,-8.558452606E0,3.682342529E-1,-2.390828247E0
5.510350000E0,-8.343948669E0,1.184786224E0,-1.352287903E0
5.520390000E0,-8.273445282E0,1.879940643E0,-6.535409546E-1
5.530430000E0,-8.390950928E0,2.164199524E0,-9.834548950E-2
5.540470000E0,-8.807834015E0,1.999841309E0,2.170486450E-1
5.550511000E0,-9.431736603E0,1.462159424E0,3.326083374E-1
5.560551000E0,-1.009246262E1,7.393125916E-1,9.909393311E-2
5.570591000E0,-1.075244019E1,5.403762817E-2,-3.930825806E-1
5.580631000E0,-1.122680374E1,-3.731739807E-1,-9.677375793E-1
5.590671000E0,-1.152677994E1,-6.430627441E-1,-1.454375610E0
5.600711000E0,-1.139235947E1,-7.688012695E-1,-2.007026367E0
5.610751000E0,-1.081111816E1,-8.511300659E-1,-2.334545288E0
5.620791000E0,-9.955347748E0,-8.993298340E-1,-2.301314392E0
5.630831000E0,-9.206754456E0,-9.463320923E-1,-2.046993256E0
5.640871000E0,-8.488847351E0,-9.261241150E-1,-1.665586395E0
5.650911000E0,-7.783214722E0,-7.979905701E-1,-1.203347626E0
5.660952000E0,-7.137607269E0,-5.836363220E-1,-8.051756287E-1
5.670992000E0,-6.708898773E0,-4.171824646E-1,-1.648072815E-1
5.681032000E0,-6.273903351E0,-1.287322998E-1,1.630110168E-1
5.691072000E0,-5.941145325E0,8.352630615E-2,4.477189636E-1
5.701112000E0,-5.766159210E0,2.703378296E-1,6.490502930E-1
5.711152000E0,-5.772446136E0,4.079017639E-1,5.743556213E-1
5.721192000E0,-6.041137390E0,4.436773682E-1,3.930825806E-1
5.731232000E0,-6.534062347E0,3.968247986E-1,3.043171692E-1
5.741272000E0,-7.090455322E0,3.782633972E-1,-4.445755005E-2
5.751312000E0,-7.683821411E0,3.661386108E-1,-2.945874023E-1
5.761352000E0,-8.183931427E0,3.903881836E-1,-5.182223511E-1
5.771393000E0,-8.532855835E0,4.372407532E-1,-6.987469482E-1
5.781433000E0,-8.639733582E0,5.595364380E-1,-7.228468323E-1
5.791473000E0,-8.636440430E0,6.744973755E-1,-5.679190063E-1
5.801513000E0,-8.544830933E0,8.232879639E-1,-2.728825378E-1
5.811553000E0,-8.414751434E0,9.830058289E-1,5.493576050E-2
5.821593000E0,-8.233478394E0,1.089733887E0,3.761677551E-1
5.831633000E0,-8.025710449E0,1.137634277E0,6.010002136E-1
5.841672917E0,-7.947722626E0,1.016236725E0,1.039887543E0
5.851712917E0,-7.814050598E0,8.828640747E-1,1.281634827E0
5.861752917E0,-7.865094452E0,6.550378418E-1,1.541045380E0
5.871792917E0,-8.139174500E0,3.043171692E-1,1.640139313E0
5.881833917E0,-8.749904480E0,-2.327659607E-1,1.324445801E0
5.891873917E0,-9.877659302E0,-9.039701843E-1,6.135740662E-1
5.901913917E0,-1.099628311E1,-1.448687439E0,-3.037184143E-1
5.911953917E0,-1.177421539E1,-1.534010010E0,-1.202748871E0
5.921993917E0,-1.255559052E1,-1.311572571E0,-1.286873932E0
5.932033917E0,-1.346360229E1,-9.053173828E-1,-2.475851440E-1
5.942073917E0,-1.417103119E1,-5.077441406E-1,1.056802368E0
5.952113917E0,-1.443553116E1,-2.785707092E-1,2.152673492E0
5.962153917E0,-1.454285797E1,-3.607498169E-1,2.774779816E0
5.972193917E0,-1.479987350E1,-5.501060486E-1,2.784659271E0
5.982233917E0,-1.470018082E1,-6.156697083E-1,2.105072479E0
5.992274917E0,-1.407777512E1,-8.762777710E-1,1.375190277E0
6.002314917E0,-1.315135162E1,-1.169967041E0,3.463796997E-1
6.012354917E0,-1.243988113E1,-6.161187744E-1,-7.212002563E-1
6.022394917E0,-1.244751526E1,7.288343811E-1,-1.710043945E0
6.032434917E0,-1.244152771E1,1.493743744E0,-2.965483246E0
6.042474917E0,-1.218032089E1,1.602567444E0,-4.411027222E0
6.052514917E0,-1.184741318E1,1.285526733E0,-5.247188416E0
6.062554917E0,-1.138023468E1,7.035369873E-1,-5.557343445E0
6.072594917E0,-1.099224152E1,1.390608215E-1,-5.392236786E0
6.082634917E0,-1.067310516E1,-6.589297485E-1,-4.661157074E0
6.092675917E0,-1.027104126E1,-1.518741760E0,-3.975582733E0
6.102715917E0,-9.789342957E0,-2.330054626E0,-3.488795013E0
6.112755917E0,-9.241482239E0,-3.026107178E0,-2.949017487E0
6.122795917E0,-8.903335419E0,-3.539838867E0,-2.210004272E0
6.132835917E0,-8.929381256E0,-3.918701019E0,-1.198258209E0
6.142875917E0,-9.058712311E0,-3.866010590E0,-4.595443726E-1
6.152915917E0,-9.279652863E0,-3.240760803E0,-2.409988403E-2
6.162955917E0,-9.513915710E0,-2.103575592E0,2.206411743E-1
6.172995917E0,-9.626781006E0,-8.138575745E-1,9.160949707E-2
6.183035917E0,-9.624236298E0,2.868035889E-1,-2.800675964E-1
6.193075917E0,-9.685608673E0,1.054407349E0,-7.240443420E-1
6.203116917E0,-9.812694397E0,1.539249115E0,-1.132095795E0
6.213156917E0,-9.867630157E0,1.691781921E0,-1.452279968E0
6.223196917E0,-9.781708832E0,1.507215729E0,-1.674867096E0
6.233236917E0,-9.497899017E0,1.064137115E0,-1.752705231E0
6.243276917E0,-8.992699585E0,5.385800171E-1,-1.658850403E0
6.253316917E0,-8.359216919E0,7.035369873E-2,-1.493444366E0
6.263356917E0,-7.709268494E0,-2.646496582E-1,-1.234033813E0
6.273396917E0,-7.111711121E0,-5.474116516E-1,-8.991801453E-1
6.283436917E0,-6.599626007E0,-8.262817383E-1,-4.779560852E-1
6.293476917E0,-6.241420898E0,-1.101110229E0,5.837860107E-3
6.303516917E0,-6.179150391E0,-1.359922028E0,5.051994324E-1
6.313557917E0,-6.287974091E0,-1.559756470E0,8.406518555E-1
6.323597917E0,-6.416556702E0,-1.703158264E0,9.955796814E-1
6.333637917E0,-6.620881805E0,-1.786684570E0,9.618997192E-1
6.343677917E0,-6.928791504E0,-1.790426788E0,7.981402588E-1
6.353717917E0,-7.321125641E0,-1.752405853E0,5.748046875E-1
6.363757917E0,-7.692952423E0,-1.637444916E0,4.087998962E-1
6.373797917E0,-8.015232239E0,-1.521585846E0,3.249742126E-1
6.383837917E0,-8.242160339E0,-1.468745728E0,4.206253052E-1
6.393877917E0,-8.301886139E0,-1.459315338E0,6.487509155E-1
6.403917917E0,-8.230334930E0,-1.498234406E0,9.675878906E-1
6.413957917E0,-8.017178192E0,-1.581760712E0,1.272054749E0
6.423998917E0,-7.831863556E0,-1.607956238E0,1.542093201E0
6.434038917E0,-7.756420441E0,-1.512903900E0,1.600621490E0
6.444078917E0,-7.671247559E0,-1.359323273E0,1.494043121E0
6.454118917E0,-7.633975067E0,-1.255139923E0,1.334175568E0
6.464158917E0,-7.786358185E0,-1.100960541E0,1.072369995E0
6.474198917E0,-8.406668243E0,-8.644523621E-1,7.568261719E-1
6.484238917E0,-9.522148590E0,-6.450086975E-1,4.583468628E-1
6.494278917E0,-1.072190369E1,-6.450086975E-1,6.376739502E-2
6.504318917E0,-1.153650970E1,-7.608677673E-1,-3.730242920E-1
6.514358917E0,-1.229333588E1,-1.118773499E0,-6.698570251E-1
6.524399917E0,-1.311886917E1,-1.400188293E0,-4.320016479E-1
6.534439917E0,-1.371388184E1,-1.181792450E0,2.061213684E-1
6.544479917E0,-1.399424881E1,-6.673123169E-1,9.319619751E-1
6.554519917E0,-1.383483032E1,-1.854643250E-1,1.766476593E0
6.564559917E0,-1.346644638E1,1.643582153E-1,2.374362488E0
6.574599917E0,-1.313802933E1,5.170248413E-1,2.455044708E0
6.584639917E0,-1.274434799E1,7.786807251E-1,2.638862457E0
6.594679917E0,-1.158949951E1,5.092410278E-1,2.415975952E0
6.604719917E0,-1.034244278E1,-2.784210205E-1,1.217867432E0
6.614759917E0,-1.036848862E1,-1.416654053E0,3.091072083E-1
6.624799917E0,-1.137020554E1,-2.261946259E0,-3.547622681E-2
6.634840917E0,-1.207583817E1,-2.597997437E0,-7.530839539E-1
6.644880917E0,-1.228600113E1,-2.909799042E0,-2.021246796E0
6.654920917E0,-1.197764236E1,-3.129392395E0,-3.525319061E0
6.664960917E0,-1.158800262E1,-3.215762787E0,-4.723876648E0
6.675000917E0,-1.122740250E1,-3.044518890E0,-5.533093872E0
6.685040917E0,-1.105780518E1,-2.409838715E0,-5.989943848E0
6.695080917E0,-1.108459946E1,-1.221609650E0,-5.400619354E0
6.705120917E0,-1.101768860E1,-7.439529419E-2,-3.978576508E0
6.715160917E0,-1.059212357E1,8.593629456E-1,-2.718047791E0
6.725200917E0,-1.000863693E1,1.409768372E0,-1.554068298E0
6.735240917E0,-9.727072449E0,1.349892883E0,-6.107299805E-1
6.745281917E0,-9.859696655E0,9.490264893E-1,-8.756790161E-2
6.755321917E0,-1.031684601E1,4.041595459E-1,1.278341675E-1
6.765361917E0,-1.068373306E1,-1.782792664E-1,1.266366577E-1
6.775401917E0,-1.076695999E1,-7.276368713E-1,-8.472381592E-2
6.785441917E0,-1.056547897E1,-1.081501007E0,-3.712280273E-1
6.795481917E0,-1.009994705E1,-1.182840271E0,-7.366181946E-1
6.805521917E0,-9.539213104E0,-1.125210114E0,-1.165177002E0
6.815561917E0,-8.867709503E0,-7.578739929E-1,-1.668280792E0
6.825601917E0,-8.234077148E0,-2.948867798E-1,-1.853595428E0
6.835641917E0,-7.680079193E0,2.499801636E-2,-1.648821259E0
6.845682375E0,-7.148684235E0,2.246827698E-1,-1.351539459E0
6.855723375E0,-6.749015350E0,2.835104370E-1,-9.897418213E-1
6.865763375E0,-6.450386353E0,2.927911377E-1,-5.716612244E-1
6.875803375E0,-6.260730743E0,3.146456909E-1,-1.576222229E-1
6.885843375E0,-6.151457977E0,2.990780640E-1,2.558180237E-1
6.895883375E0,-6.082900543E0,2.959346008E-1,3.534150696E-1
6.905923375E0,-6.146817627E0,2.257305908E-1,3.408412170E-1
6.915963375E0,-6.308631134E0,1.528321838E-1,1.594184875E-1
6.926003375E0,-6.599476318E0,5.568420410E-2,-9.804611206E-2
6.936043375E0,-7.152875519E0,-1.571731567E-2,-3.661386108E-1
6.946083375E0,-7.766898651E0,-2.320175171E-2,-5.008584595E-1
6.956124375E0,-8.181087341E0,7.229965210E-2,-7.978408813E-1
6.966164375E0,-8.582552490E0,1.498384094E-1,-9.710307312E-1
6.976204375E0,-8.888216858E0,3.083587646E-1,-9.590556335E-1
6.986244375E0,-8.988807678E0,4.499642944E-1,-7.301815796E-1
6.996284375E0,-8.925639038E0,5.646258545E-1,-4.025129700E-1
7.006324375E0,-8.842262421E0,7.086264038E-1,-7.679031372E-2
7.016364375E0,-8.759035492E0,7.981402588E-1,1.832189941E-1
7.026404375E0,-8.674311676E0,8.737330627E-1,3.838018799E-1
7.036444375E0,-8.637787628E0,8.458909607E-1,6.039939880E-1
7.046484375E0,-8.668324127E0,7.298822021E-1,9.282197571E-1
7.056524375E0,-8.786877594E0,5.436694336E-1,1.258433075E0
7.066565375E0,-8.953181763E0,3.321592712E-1,1.408870239E0
7.076605375E0,-9.147926788E0,2.080673218E-2,1.263672180E0
7.086645375E0,-9.362730103E0,-3.773652649E-1,8.229885864E-1
7.096685375E0,-9.752369843E0,-8.104147339E-1,-1.166075134E-1
7.106725375E0,-1.032537827E1,-1.095122681E0,-1.328786774E0
7.116765375E0,-1.103325623E1,-1.235231323E0,-1.866169281E0
7.126805375E0,-1.200338882E1,-1.262324982E0,-8.931925964E-1
7.136845375E0,-1.288954605E1,-1.160686340E0,7.093748474E-1
7.146885375E0,-1.355805588E1,-1.080752563E0,1.901645508E0
7.156925375E0,-1.406999130E1,-1.206491089E0,2.420316925E0
7.166965375E0,-1.454929459E1,-1.659449158E0,2.232756958E0
7.177006375E0,-1.477876740E1,-2.272723846E0,1.591640167E0
7.187046375E0,-1.435215454E1,-3.059038696E0,5.501060486E-1
7.197086375E0,-1.348590591E1,-3.575464783E0,-5.189707947E-1
7.207126375E0,-1.268147873E1,-3.010090485E0,-1.534309387E0
7.217166375E0,-1.230231720E1,-9.912387085E-1,-2.489323425E0
7.227206375E0,-1.242461288E1,7.676037598E-1,-3.412603455E0
7.237246375E0,-1.236294113E1,1.664239197E0,-4.567302246E0
7.247286375E0,-1.220621704E1,2.214345245E0,-5.465284882E0
7.257326375E0,-1.191941345E1,2.160457306E0,-5.822741547E0
7.267366375E0,-1.126407623E1,1.701811066E0,-5.669759674E0
7.277406375E0,-1.058179504E1,8.845106506E-1,-5.120102692E0
7.287447375E0,-9.974807281E0,-2.347119141E-1,-4.483925629E0
7.297487375E0,-9.369017029E0,-1.336420898E0,-4.096082153E0
7.307527375E0,-8.843160553E0,-2.289788361E0,-3.814068604E0
7.317567375E0,-8.426127777E0,-3.015928345E0,-3.491339722E0
7.327607375E0,-8.432564392E0,-3.628604279E0,-2.773282928E0
7.337647375E0,-8.851992188E0,-3.993096313E0,-1.928439789E0
7.347687375E0,-9.363927612E0,-3.899840240E0,-1.300046539E0
7.357727375E0,-9.840686188E0,-3.328328705E0,-9.394464111E-1
7.367767375E0,-1.010353958E1,-2.283052368E0,-7.524851990E-1
7.377807375E0,-1.012509476E1,-1.091679840E0,-8.068222046E-1
7.387847375E0,-9.971514130E0,-8.322692871E-2,-1.212628326E0
7.397888375E0,-9.845625916E0,7.105723572E-1,-1.648821259E0
7.407928375E0,-9.745035095E0,1.360520782E0,-1.975741425E0
7.417968375E0,-9.649084625E0,1.686093750E0,-2.080224152E0
7.428008375E0,-9.359736328E0,1.574425964E0,-2.002685394E0
7.438048375E0,-8.907826080E0,1.069376221E0,-1.894759827E0
7.448088375E0,-8.323890381E0,4.007167053E-1,-1.835632782E0
7.458128375E0,-7.663912811E0,-1.821711731E-1,-1.728156281E0
7.468168375E0,-7.072941742E0,-7.578739929E-1,-1.519340515E0
7.478208375E0,-6.667734375E0,-1.239871674E0,-1.201701050E0
7.488248375E0,-6.391259308E0,-1.638193359E0,-7.587721252E-1
7.498289375E0,-6.295608215E0,-2.053878937E0,-2.779719543E-1
7.508329375E0,-6.323001251E0,-2.294877777E0,2.001338196E-1
7.518369375E0,-6.394103394E0,-2.303559723E0,5.195695496E-1
7.528409375E0,-6.516249390E0,-2.177521820E0,6.045927429E-1
7.538449375E0,-6.788533173E0,-2.041005707E0,6.069877625E-1
7.548489375E0,-7.169341278E0,-1.864822083E0,4.285588074E-1
7.558529375E0,-7.638166351E0,-1.689835968E0,1.534309387E-1
7.568569375E0,-8.189320221E0,-1.548978882E0,-3.517684937E-2
7.578609375E0,-8.582702179E0,-1.407373352E0,-1.796264648E-1
7.588649375E0,-8.803942108E0,-1.266067200E0,-2.085163879E-1
7.598689375E0,-8.900790710E0,-1.174008636E0,-9.505233765E-2
7.608730375E0,-8.930578766E0,-1.155297546E0,1.465452576E-1
7.618770375E0,-8.933871918E0,-1.180744629E0,4.846920776E-1
7.628810375E0,-8.903485107E0,-1.155746613E0,8.286767578E-1
7.638850375E0,-8.815917206E0,-1.043480072E0,1.010398865E0
7.648890375E0,-8.616831207E0,-8.634045410E-1,9.716294861E-1
7.658930375E0,-8.405919800E0,-7.150630188E-1,8.976832581E-1
7.668970375E0,-8.362659760E0,-5.755531311E-1,7.695497131E-1
7.679010375E0,-8.493936768E0,-3.071612549E-1,5.706134033E-1
7.689050375E0,-8.798553314E0,-6.795867920E-2,1.782792664E-1
7.699090375E0,-9.195677490E0,2.634521484E-2,-3.628454590E-1
7.709130375E0,-9.483528900E0,-2.336640930E-1,-9.773176575E-1
7.719171375E0,-9.993817749E0,-1.021326141E0,-1.422342224E0
7.729211375E0,-1.064122147E1,-1.788181458E0,-1.558858337E0
7.739251375E0,-1.163680115E1,-2.132315826E0,-9.059161377E-1
7.749291375E0,-1.256636810E1,-1.950294342E0,-6.361770630E-2
7.759331375E0,-1.322634567E1,-1.512754211E0,7.358697510E-1
7.769371375E0,-1.390428589E1,-9.848020935E-1,1.509311371E0
7.779411375E0,-1.411864014E1,-1.733395386E-1,1.943408661E0
7.789451375E0,-1.374142456E1,5.128335571E-1,2.123933258E0
7.799491375E0,-1.302965469E1,7.842192078E-1,1.930685120E0
7.809531375E0,-1.213077393E1,4.881349182E-1,1.804347839E0
7.819571375E0,-1.108923981E1,-4.159849548E-1,1.186283112E0
7.829612375E0,-1.017703674E1,-1.272503815E0,-6.057902527E-1
7.839652375E0,-1.045545776E1,-2.470312958E0,-1.603465576E0
7.849692125E0,-1.165042282E1,-3.201242981E0,-1.862427063E0
7.859732125E0,-1.275033554E1,-3.456312561E0,-2.608176270E0
7.869772125E0,-1.284149597E1,-3.542682953E0,-4.304448853E0
7.879812125E0,-1.219289474E1,-3.508703613E0,-5.915099487E0
7.889852125E0,-1.131152756E1,-3.298989716E0,-6.593638458E0
7.899892125E0,-1.033899994E1,-2.581082611E0,-7.130721588E0
7.909932125E0,-9.996811523E0,-1.510808258E0,-6.978937225E0
7.919972125E0,-1.023586441E1,-3.933819580E-1,-5.485492859E0
7.930012125E0,-1.040920395E1,5.495072937E-1,-3.649710388E0
7.940053125E0,-1.025068359E1,1.494641876E0,-2.430645447E0
7.950093125E0,-9.924960938E0,1.961071930E0,-1.622176666E0
7.960133125E0,-9.740095367E0,1.746567993E0,-1.076261902E0
7.970173125E0,-9.895621948E0,1.209185486E0,-7.502398682E-1
7.980213125E0,-1.011326935E1,4.993615723E-1,-6.026467896E-1
7.990253125E0,-1.014290771E1,-2.652484131E-1,-5.869294739E-1
8.000293125E0,-9.963880005E0,-8.840615845E-1,-5.575904846E-1
8.010333125E0,-9.649982758E0,-1.134341125E0,-5.456153870E-1
8.020373125E0,-9.183552704E0,-9.892927551E-1,-7.113208008E-1
8.030413125E0,-8.567134552E0,-6.018983459E-1,-1.178648987E0
8.040453125E0,-8.012537842E0,-8.367599487E-2,-1.588197327E0
8.050494125E0,-7.405699768E0,4.281097412E-1,-1.792821808E0
8.060534125E0,-7.044351196E0,6.923103333E-1,-1.776056671E0
8.070574125E0,-6.857389984E0,7.259902954E-1,-1.594334564E0
8.080614125E0,-6.741830292E0,5.876779175E-1,-1.313668213E0
8.090654125E0,-6.691534882E0,4.105961609E-1,-9.795629883E-1
8.100694125E0,-6.685098267E0,2.579136658E-1,-7.171586609E-1
8.110734125E0,-6.703809357E0,1.681004333E-1,-5.221142578E-1
8.120774125E0,-6.787185974E0,6.765930176E-2,-3.454815674E-1
8.130814125E0,-6.937323761E0,-4.924758911E-2,-3.140469360E-1
8.140854125E0,-7.183412018E0,-1.775308228E-1,-4.236190796E-1
8.150895125E0,-7.631130981E0,-4.179309082E-1,-5.147795105E-1
8.160935125E0,-8.030201111E0,-6.065386963E-1,-6.463558960E-1
8.170975125E0,-8.371641083E0,-6.911128235E-1,-8.595126343E-1
8.181015125E0,-8.668324127E0,-6.978488159E-1,-9.065148926E-1
8.191055125E0,-8.876391449E0,-5.213658142E-1,-8.494834900E-1
8.201095125E0,-8.902886353E0,-1.960922241E-1,-6.912625122E-1
8.211135125E0,-8.718020782E0,1.660047913E-1,-4.357438660E-1
8.221175125E0,-8.465196533E0,4.700225830E-1,-1.341210938E-1
8.231215125E0,-8.335865479E0,7.036866760E-1,1.339714050E-1
8.241255125E0,-8.235873413E0,8.955876160E-1,3.613485718E-1
8.251295125E0,-8.200397186E0,1.017733612E0,6.014492798E-1
8.261335125E0,-8.250842285E0,1.050515442E0,9.008267212E-1
8.271376125E0,-8.376880188E0,9.184899902E-1,1.246308289E0
8.281416125E0,-8.650660858E0,5.990542603E-1,1.467398529E0
8.291456125E0,-9.010362854E0,2.874023438E-2,1.386117554E0
8.301496125E0,-9.329648895E0,-5.837860107E-1,8.866062927E-1
8.311536125E0,-9.903854828E0,-1.263522491E0,2.020797729E-1
8.321576125E0,-1.069615723E1,-1.594484253E0,-9.292675781E-1
8.331616125E0,-1.139041351E1,-1.523531799E0,-1.657802582E0
8.341656125E0,-1.211879883E1,-1.243913269E0,-1.395248566E0
8.351696125E0,-1.317575089E1,-7.355703735E-1,-3.493734741E-1
8.361736125E0,-1.389350830E1,-1.969903564E-1,7.014413452E-1
8.371776125E0,-1.439780960E1,-2.245330811E-2,1.280736694E0
8.381817125E0,-1.491034378E1,-2.019300842E-1,1.150806885E0
8.391857125E0,-1.507515106E1,-9.301657104E-1,1.742376709E-1
8.401897125E0,-1.485885086E1,-1.695823517E0,-1.389261017E0
8.411937125E0,-1.450289108E1,-1.643881531E0,-2.806364136E0
8.421977125E0,-1.396146698E1,-5.827381897E-1,-3.725303192E0
8.432017125E0,-1.374576553E1,5.361849976E-1,-4.614154816E0
8.442057125E0,-1.319386322E1,1.120120697E0,-5.638325043E0
8.452097125E0,-1.222567657E1,1.238374786E0,-5.910010071E0
8.462137125E0,-1.118698654E1,8.646020508E-1,-5.645510101E0
8.472177125E0,-1.036833893E1,3.647914124E-1,-5.335504761E0
8.482217125E0,-1.001986359E1,-2.830613708E-1,-4.703818359E0
8.492258125E0,-9.789792023E0,-1.213376770E0,-3.913162537E0
8.502298125E0,-9.329499207E0,-2.357747040E0,-3.319497070E0
8.512338125E0,-8.903485107E0,-3.343447266E0,-2.869682465E0
8.522378125E0,-8.845854950E0,-3.972588959E0,-2.290985870E0
8.532418125E0,-8.967102814E0,-4.272415466E0,-1.621278534E0
8.542458125E0,-9.246571655E0,-4.256847839E0,-1.058448944E0
8.552498125E0,-9.542057190E0,-3.737577667E0,-6.738986206E-1
8.562538125E0,-9.736053772E0,-2.741848297E0,-4.797523499E-1
8.572578125E0,-9.805958405E0,-1.568737793E0,-5.254074097E-1
8.582618125E0,-9.767039337E0,-5.180726624E-1,-8.364605713E-1
8.592658125E0,-9.730215912E0,3.959266663E-1,-1.249601440E0
8.602699125E0,-9.634415131E0,1.167272644E0,-1.586550751E0
8.612739125E0,-9.430239716E0,1.716031494E0,-1.774559784E0
8.622779125E0,-9.144334259E0,2.002984772E0,-1.841021576E0
8.632819125E0,-8.826844482E0,1.945204926E0,-1.728605347E0
8.642859125E0,-8.350984039E0,1.536554718E0,-1.516496429E0
8.652899125E0,-7.712711334E0,9.083111572E-1,-1.288670197E0
8.662939125E0,-7.018455048E0,2.670446777E-1,-1.075663147E0
8.672979125E0,-6.434968414E0,-3.930825806E-1,-7.632627869E-1
8.683019125E0,-6.048621826E0,-9.270222473E-1,-3.884422302E-1
8.693059125E0,-5.790259094E0,-1.379381561E0,3.592529297E-3
8.703099125E0,-5.688470764E0,-1.756896515E0,3.555107117E-1
8.713140125E0,-5.765560455E0,-2.103126526E0,5.306465149E-1
8.723180125E0,-6.054160309E0,-2.313738556E0,5.354365540E-1
8.733220125E0,-6.518494720E0,-2.382146301E0,4.302053833E-1
8.743260125E0,-7.014413452E0,-2.337988129E0,2.671943665E-1
8.753300125E0,-7.543263702E0,-2.178419952E0,8.592132568E-2
8.763340125E0,-8.037685547E0,-1.986818390E0,-9.056167603E-2
8.773380125E0,-8.402027893E0,-1.761985931E0,-1.922003174E-1
8.783420125E0,-8.583151245E0,-1.556463318E0,-1.402583313E-1
8.793460125E0,-8.658893738E0,-1.432221680E0,6.930587769E-2
8.803500125E0,-8.583001556E0,-1.403331757E0,3.531156921E-1
8.813540125E0,-8.449329529E0,-1.359772339E0,6.785389709E-1
8.823581125E0,-8.336314545E0,-1.246907043E0,9.767189026E-1
8.833621125E0,-8.264014893E0,-1.120719452E0,1.133143616E0
8.843660417E0,-8.211773529E0,-9.845027161E-1,1.133592682E0
8.853700417E0,-8.199948120E0,-8.481362915E-1,1.058898010E0
8.863740417E0,-8.398734741E0,-6.218069458E-1,9.542655945E-1
8.873780417E0,-8.858129425E0,-3.689826965E-1,7.451504517E-1
8.883820417E0,-9.612261200E0,-4.662803650E-1,3.811074829E-1
8.893860417E0,-1.046084656E1,-9.072633362E-1,-1.245410156E-1
8.903900417E0,-1.120090759E1,-1.536854095E0,-4.242178345E-1
8.913940417E0,-1.191821594E1,-2.287543030E0,-3.341052246E-1
8.923980417E0,-1.276305908E1,-2.627336426E0,2.900967407E-1
8.934021417E0,-1.359368179E1,-2.096989288E0,1.088686066E0
8.944061417E0,-1.403436539E1,-1.288819885E0,1.874102783E0
8.954101417E0,-1.429362625E1,-5.851332092E-1,2.433190155E0
8.964141417E0,-1.464090408E1,5.972579956E-2,2.370470581E0
8.974181417E0,-1.433628754E1,5.888754272E-1,2.049687653E0
8.984221417E0,-1.261950760E1,6.759942627E-1,6.477030945E-1
8.994261417E0,-1.094314362E1,-2.270777893E-1,-1.020278320E0
9.004301417E0,-1.094269455E1,-1.681154022E0,-1.733395386E0
9.014341417E0,-1.202254898E1,-2.701881409E0,-2.096540222E0
9.024381417E0,-1.259974869E1,-3.196902008E0,-3.046015778E0
9.034421417E0,-1.227821732E1,-3.219654694E0,-4.346361694E0
9.044462417E0,-1.143067978E1,-2.661764832E0,-5.317691803E0
9.054502417E0,-1.080468155E1,-1.814676361E0,-5.854325867E0
9.064542417E0,-1.076710968E1,-8.086184692E-1,-6.018235016E0
9.074582417E0,-1.117665802E1,3.171903992E-1,-5.378764801E0
9.084622417E0,-1.148486710E1,1.076860657E0,-4.068988495E0
9.094662417E0,-1.109088638E1,1.411864014E0,-2.788251801E0
9.104702417E0,-1.058733353E1,1.307830353E0,-1.740430756E0
9.114742417E0,-1.046324158E1,9.156459045E-1,-9.084608459E-1
9.124782417E0,-1.075019485E1,3.260220337E-1,-4.373904419E-1
9.134822417E0,-1.111438751E1,-2.492317200E-1,-2.496807861E-1
9.144862417E0,-1.119477036E1,-7.926017761E-1,-2.522254944E-1
9.154903417E0,-1.094059891E1,-1.328038330E0,-2.228865051E-1
9.164943417E0,-1.052191956E1,-1.753154297E0,-2.366578674E-1
9.174983417E0,-9.959389343E0,-1.832639008E0,-5.004093933E-1
9.185023417E0,-9.416618042E0,-1.688039703E0,-7.890092468E-1
9.195063417E0,-8.681796112E0,-1.138233032E0,-1.167572021E0
9.205103417E0,-7.958949280E0,-5.134323120E-1,-1.310225372E0
9.215143417E0,-7.368127899E0,2.859054565E-2,-1.288969574E0
9.225183417E0,-6.810687103E0,3.677851868E-1,-1.137185211E0
9.235223417E0,-6.494843903E0,4.587959290E-1,-8.738827515E-1
9.245263417E0,-6.315965881E0,4.111949158E-1,-5.477110291E-1
9.255303417E0,-6.025569763E0,3.231779480E-1,-2.878514099E-1
9.265344417E0,-5.773194580E0,2.845582581E-1,-4.700225830E-2
9.275384417E0,-5.568420410E0,1.974394226E-1,1.204994202E-1
9.285424417E0,-5.528902588E0,2.320175171E-2,3.276686096E-1
9.295464417E0,-5.673052826E0,-1.300794983E-1,2.850073242E-1
9.305504417E0,-5.966293030E0,-2.468367004E-1,2.010319519E-1
9.315544417E0,-6.390810242E0,-2.712359619E-1,5.987548828E-2
9.325584417E0,-7.051536255E0,-2.658471680E-1,8.217910767E-2
9.335624417E0,-7.578440552E0,-9.729766846E-2,-1.257385254E-1
9.345664417E0,-8.017926636E0,8.023315430E-2,-1.936972046E-1
9.355704417E0,-8.224646759E0,2.646496582E-1,-1.845661926E-1
9.365745417E0,-8.227640533E0,4.661306763E-1,-9.101074219E-2
9.375785417E0,-8.223149872E0,6.779402161E-1,3.966751099E-2
9.385825417E0,-8.241711273E0,9.107061768E-1,1.895059204E-1
9.395865417E0,-8.232729950E0,1.104852448E0,2.595602417E-1
9.405905417E0,-8.245154114E0,1.155147858E0,3.600013733E-1
9.415945417E0,-8.341104584E0,1.003513184E0,6.195616150E-1
9.425985417E0,-8.566835175E0,7.307803345E-1,9.354048157E-1
9.436025417E0,-8.910969543E0,3.540138245E-1,1.129102020E0
9.446065417E0,-9.366172943E0,-9.819580078E-2,9.234297180E-1
9.456105417E0,-9.892179108E0,-6.137237549E-1,3.131488037E-1
9.466145417E0,-1.071142548E1,-1.067430267E0,-5.625302124E-1
9.476185417E0,-1.173963730E1,-1.106199646E0,-1.352736969E0
9.486226417E0,-1.267309616E1,-6.605763245E-1,-1.190923462E0
9.496266417E0,-1.368888382E1,-2.926414490E-1,1.282832336E-1
9.506306417E0,-1.450468735E1,-8.637039185E-2,1.677112427E0
9.516346417E0,-1.480840576E1,-1.651066589E-1,2.768642578E0
9.526386417E0,-1.484897141E1,-5.809419250E-1,3.177741852E0
9.536426417E0,-1.487726257E1,-8.372090149E-1,2.645299072E0
9.546466417E0,-1.465976486E1,-1.038989410E0,1.776954803E0
9.556506417E0,-1.381866394E1,-1.621577911E0,7.447013855E-1
9.566546417E0,-1.307501038E1,-2.117047577E0,-2.595602417E-1
9.576586417E0,-1.247625549E1,-1.148411865E0,-1.101110229E0
9.586627417E0,-1.266157013E1,7.902067566E-1,-2.268831940E0
9.596667417E0,-1.277608200E1,1.707798615E0,-3.575464783E0
9.606707417E0,-1.235246292E1,1.737886047E0,-4.982389069E0
9.616747417E0,-1.166284698E1,1.232536926E0,-5.418432312E0
9.626787417E0,-1.096859070E1,5.598358154E-1,-5.267995148E0
9.636827417E0,-1.048764084E1,1.038839722E-1,-4.972509613E0
9.646867417E0,-1.028930328E1,-6.191125488E-1,-4.249213715E0
9.656907417E0,-1.007300308E1,-1.673819275E0,-3.412304077E0
9.666947417E0,-9.651030579E0,-2.718197479E0,-2.914289703E0
9.676987417E0,-9.169332275E0,-3.420536957E0,-2.686762848E0
9.687027417E0,-8.997040558E0,-3.924838257E0,-2.163301392E0
9.697068417E0,-9.320517883E0,-4.291425934E0,-1.356030121E0
9.707108417E0,-9.828411713E0,-4.257895660E0,-7.244934082E-1
9.717148417E0,-1.029573990E1,-3.626209259E0,-2.619552612E-1
9.727188417E0,-1.049542465E1,-2.392923889E0,-3.008743286E-2
9.737228417E0,-1.034543655E1,-1.057850189E0,-1.947450256E-1
9.747268417E0,-1.013467484E1,5.478607178E-2,-6.966513062E-1
9.757308417E0,-1.003333557E1,8.954379272E-1,-1.185983734E0
9.767348417E0,-9.871671753E0,1.552272034E0,-1.591939545E0
9.777388417E0,-9.606722717E0,1.892364807E0,-1.824106750E0
9.787428417E0,-9.280550995E0,1.887574768E0,-1.842967529E0
9.797468417E0,-8.772058411E0,1.557660828E0,-1.589694214E0
9.807509417E0,-8.180189209E0,9.657916260E-1,-1.211580505E0
9.817549417E0,-7.559280396E0,3.333567810E-1,-8.300239563E-1
9.827589417E0,-6.908882904E0,-2.695893860E-1,-4.758604431E-1
9.837629417E0,-6.244564362E0,-8.310717773E-1,-1.821711731E-1
9.847669750E0,-5.670807495E0,-1.277144165E0,7.649093628E-2
9.857709750E0,-5.301824799E0,-1.639241180E0,4.385879517E-1
9.867749750E0,-5.215604095E0,-1.879341888E0,7.755372620E-1
9.877789750E0,-5.339246979E0,-1.953437805E0,9.761201477E-1
9.887829750E0,-5.566624146E0,-1.939217377E0,9.708810425E-1
9.897869750E0,-5.922134857E0,-1.926194458E0,8.322692871E-1
9.907909750E0,-6.397396545E0,-1.886227570E0,6.279441833E-1
9.917950750E0,-6.968009949E0,-1.750459900E0,3.939807129E-1
9.927990750E0,-7.528743896E0,-1.592837677E0,2.074685669E-1
9.938030750E0,-8.015681305E0,-1.389859772E0,2.083666992E-1
9.948070750E0,-8.357570343E0,-1.179846497E0,3.150947571E-1
9.958110750E0,-8.543184357E0,-1.005608826E0,5.288502502E-1
9.968150750E0,-8.565787354E0,-9.394464111E-1,8.087681580E-1
9.978190750E0,-8.496481476E0,-9.565109253E-1,1.046773224E0
9.988230750E0,-8.409063263E0,-9.771679688E-1,1.213975525E0
9.998270750E0,-8.274044037E0,-9.502239990E-1,1.293909302E0
1.000831075E1,-8.191116486E0,-9.095086670E-1,1.251846771E0
1.001835075E1,-8.246950378E0,-8.216413879E-1,1.191222839E0
1.002839175E1,-8.568332062E0,-8.276289368E-1,1.060694275E0
1.003843175E1,-9.115294647E0,-9.575587463E-1,7.759863281E-1
1.004847175E1,-9.967472534E0,-1.330583038E0,3.287164307E-1
1.005851175E1,-1.079016174E1,-1.853595428E0,1.868115234E-1
1.006855175E1,-1.157318344E1,-2.642754364E0,5.219645691E-1
1.007859175E1,-1.252939499E1,-3.204985199E0,1.010847931E0
1.008863175E1,-1.356344467E1,-2.936293945E0,1.548380127E0
1.009867175E1,-1.417597092E1,-2.257305908E0,2.158211975E0
1.010871175E1,-1.437086563E1,-1.659000092E0,2.755320282E0
1.011875175E1,-1.443119019E1,-1.054557037E0,2.846331024E0
1.012879175E1,-1.445199692E1,-4.267625427E-1,2.787952423E0
1.013883275E1,-1.347408051E1,-1.916015625E-2,2.391876068E0
1.014887275E1,-1.183528839E1,1.796264648E-2,6.646179199E-1
1.015891275E1,-1.104388412E1,-5.719606018E-1,-1.021026764E0
1.016895275E1,-1.170670578E1,-1.573378143E0,-1.766626282E0
1.017899275E1,-1.269420227E1,-2.162103882E0,-2.140548706E0
1.018903275E1,-1.280452286E1,-2.290536804E0,-3.002456360E0
1.019907275E1,-1.203527252E1,-2.137405243E0,-4.118685150E0
1.020911275E1,-1.117156860E1,-1.786085815E0,-4.977898407E0
1.021915275E1,-1.079450272E1,-1.369352417E0,-5.443879395E0
1.022919275E1,-1.088386688E1,-5.282514954E-1,-5.777086487E0
1.023923375E1,-1.099987564E1,5.477110291E-1,-5.028193817E0
1.024927375E1,-1.112726074E1,1.186133423E0,-3.536545715E0
1.025931375E1,-1.100691101E1,1.405726776E0,-2.268532562E0
1.026935375E1,-1.081276474E1,1.375938721E0,-1.336271210E0
1.027939375E1,-1.084449875E1,1.130000153E0,-6.652166748E-1
1.028943375E1,-1.102397552E1,6.979985046E-1,-4.327500916E-1
1.029947375E1,-1.125000549E1,1.603166199E-1,-5.532495117E-1
1.030951375E1,-1.131871262E1,-4.733157349E-1,-7.590715027E-1
1.031955375E1,-1.103145996E1,-1.125359802E0,-7.994874573E-1
1.032959375E1,-1.048584457E1,-1.615740051E0,-7.652087402E-1
1.033963375E1,-9.829908600E0,-1.929786987E0,-6.921606445E-1
1.034967475E1,-9.006770325E0,-1.968256989E0,-7.797285461E-1
1.035971475E1,-8.232430573E0,-1.745071106E0,-8.496331787E-1
1.036975475E1,-7.436535645E0,-1.231938171E0,-9.418414307E-1
1.037979475E1,-6.828500061E0,-6.788383484E-1,-8.524772644E-1
1.038983475E1,-6.254443817E0,-1.784289551E-1,-7.457492065E-1
1.039987475E1,-5.888754272E0,9.250762939E-2,-5.432203674E-1
1.040991475E1,-5.662275238E0,2.387535095E-1,-2.987786865E-1
1.041995475E1,-5.440586243E0,3.514691162E-1,-1.176553345E-1
1.042999475E1,-5.318589935E0,4.628375244E-1,-6.137237549E-3
1.044003475E1,-5.374124451E0,5.767506409E-1,-8.083190918E-3
1.045007475E1,-5.590125275E0,5.634283447E-1,-6.900650024E-2
1.046011575E1,-5.930667114E0,5.553451538E-1,-2.070195007E-1
1.047015575E1,-6.417604523E0,5.269042969E-1,-3.737727356E-1
1.048019575E1,-7.010072479E0,5.691165161E-1,-5.384303284E-1
1.049023575E1,-7.682174835E0,6.007008362E-1,-7.268884277E-1
1.050027575E1,-8.285719757E0,6.661148071E-1,-8.761280823E-1
1.051031575E1,-8.796158295E0,6.959028625E-1,-8.928932190E-1
1.052035575E1,-9.161099396E0,5.987548828E-1,-8.020321655E-1
1.053039575E1,-9.308692474E0,5.153782654E-1,-5.867797852E-1
1.054043575E1,-9.196126556E0,4.990621948E-1,-3.073109436E-1
1.055047575E1,-9.011260986E0,4.975653076E-1,-4.565505981E-2
1.056051675E1,-8.803792419E0,4.864883423E-1,1.956431580E-1
1.057055675E1,-8.615933075E0,3.935316467E-1,4.736151123E-1
1.058059675E1,-8.465795288E0,1.832189941E-1,9.298663330E-1
1.059063675E1,-8.446485443E0,-1.058299255E-1,1.380728760E0
1.060067675E1,-8.490793304E0,-4.459226990E-1,1.541644135E0
1.061071675E1,-8.591234436E0,-8.803193665E-1,1.463207245E0
1.062075675E1,-8.789422302E0,-1.374591522E0,9.945318604E-1
1.063079675E1,-9.225166168E0,-1.734892273E0,-2.393522644E-1
1.064083675E1,-1.013257919E1,-1.685195618E0,-1.461111603E0
1.065087675E1,-1.143726608E1,-1.459614716E0,-1.643881531E0
1.066091775E1,-1.301977524E1,-1.157692566E0,-5.701643372E-1
1.067095775E1,-1.426847855E1,-7.427554321E-1,7.602690125E-1
1.068099775E1,-1.504790771E1,-5.846841431E-1,1.809137878E0
1.069103775E1,-1.540311905E1,-7.370672607E-1,2.226769409E0
1.070107775E1,-1.560145660E1,-9.328601074E-1,1.787882080E0
1.071111775E1,-1.546913177E1,-8.744815063E-1,1.143621826E0
1.072115775E1,-1.440903625E1,-1.281036072E0,6.343807983E-1
1.073119775E1,-1.325882812E1,-1.826801147E0,-4.330494690E-1
1.074123775E1,-1.241727814E1,-9.786648560E-1,-1.592388611E0
1.075127775E1,-1.206745560E1,8.948391724E-1,-2.471510468E0
1.076131775E1,-1.211056595E1,1.901495819E0,-3.708088989E0
1.077135875E1,-1.170311325E1,1.953288116E0,-5.281616821E0
1.078139875E1,-1.088102280E1,1.443148956E0,-6.306685181E0
1.079143875E1,-1.030891251E1,5.652246094E-1,-6.636748810E0
1.080147875E1,-1.023421783E1,-2.585124207E-1,-6.230044556E0
1.081151875E1,-1.038540344E1,-1.202449493E0,-5.239105225E0
1.082155875E1,-1.036833893E1,-2.310744781E0,-4.269122314E0
1.083159875E1,-1.019844223E1,-3.224744110E0,-3.774550781E0
1.084163875E1,-1.002031265E1,-3.839066620E0,-3.350782013E0
1.085167850E1,-9.880653076E0,-4.241429901E0,-2.708767090E0
1.086171850E1,-9.884994049E0,-4.531227264E0,-2.032473450E0
1.087175950E1,-1.002330643E1,-4.318519592E0,-1.447789307E0
1.088179950E1,-1.015518219E1,-3.332969055E0,-9.461824036E-1
1.089183950E1,-1.001821701E1,-1.824256439E0,-5.710624695E-1
1.090187950E1,-9.695039063E0,-1.824705505E-1,-5.598358154E-1
1.091191950E1,-9.410480804E0,1.144370270E0,-8.006849670E-1
1.092195950E1,-9.313482513E0,1.906435547E0,-1.140628052E0
1.093199950E1,-9.312434692E0,2.199376373E0,-1.418300629E0
1.094203950E1,-9.238787842E0,2.035018158E0,-1.562151489E0
1.095207950E1,-8.906628571E0,1.501078491E0,-1.617236938E0
1.096211950E1,-8.216563568E0,7.487429810E-1,-1.618284760E0
1.097216050E1,-7.460785217E0,4.610412598E-2,-1.550775146E0
1.098220050E1,-6.828949127E0,-4.978646851E-1,-1.384321289E0
1.099224050E1,-6.383325806E0,-8.964857483E-1,-1.167272644E0
1.100228050E1,-5.890700226E0,-1.199006653E0,-8.331674194E-1
1.101232050E1,-5.498964844E0,-1.424587555E0,-4.197271729E-1
1.102236050E1,-5.306914215E0,-1.660496979E0,-7.304809570E-2
1.103240050E1,-5.379363556E0,-1.888323212E0,2.329156494E-1
1.104244050E1,-5.662724304E0,-1.967957611E0,4.447251892E-1
1.105248050E1,-6.014043732E0,-1.940115509E0,4.920268250E-1
1.106252050E1,-6.408922577E0,-1.859283600E0,3.788621521E-1
1.107256050E1,-6.933581543E0,-1.757345581E0,1.839674377E-1
1.108260150E1,-7.467072144E0,-1.657952271E0,-9.729766846E-3
1.109264150E1,-7.888296204E0,-1.526824951E0,-9.325607300E-2
1.110268150E1,-8.218808899E0,-1.361119537E0,-9.265731812E-2
1.111272150E1,-8.384813690E0,-1.279688873E0,5.987548828E-4
1.112276150E1,-8.434360657E0,-1.278641052E0,2.571652222E-1
1.113280150E1,-8.382718048E0,-1.321302338E0,5.569917297E-1
1.114284150E1,-8.392597504E0,-1.230890350E0,8.780740356E-1
1.115288150E1,-8.464448090E0,-1.076710968E0,9.867480469E-1
1.116292150E1,-8.566535797E0,-8.928932190E-1,9.476792908E-1
1.117296150E1,-8.666378174E0,-6.271957397E-1,9.409432983E-1
1.118300250E1,-9.014703827E0,-4.499642944E-1,8.027806091E-1
1.119304250E1,-9.741592255E0,-5.307962036E-1,4.314028931E-1
1.120308250E1,-1.085767136E1,-8.738827515E-1,-1.679507446E-1
1.121312250E1,-1.180265625E1,-1.319655762E0,-8.611592102E-1
1.122316250E1,-1.224259140E1,-1.819167023E0,-1.270408173E0
1.123320250E1,-1.268102966E1,-2.341131592E0,-8.247848511E-1
1.124324250E1,-1.347827179E1,-2.072889404E0,2.778222656E-1
1.125328250E1,-1.420890244E1,-1.125958557E0,1.045126648E0
1.126332250E1,-1.488429794E1,-1.730401611E-1,1.489851837E0
1.127336250E1,-1.529130157E1,7.273374939E-1,1.684297485E0
1.128340350E1,-1.443238770E1,1.439257050E0,9.171427917E-1
1.129344350E1,-1.277967453E1,1.466051331E0,-8.617579651E-1
1.130348350E1,-1.171568710E1,-2.724334717E-2,-1.956581268E0
1.131352350E1,-1.212508575E1,-1.978585510E0,-2.357297974E0
1.132356350E1,-1.280976196E1,-3.047961731E0,-3.056793365E0
1.133360350E1,-1.269090912E1,-3.621119843E0,-4.027674408E0
1.134364350E1,-1.221355179E1,-3.845353546E0,-4.838687897E0
1.135368350E1,-1.131646729E1,-3.311114502E0,-5.378166046E0
1.136372350E1,-1.037567368E1,-2.444267120E0,-5.546865234E0
1.137376350E1,-1.015054184E1,-1.423988800E0,-5.162165222E0
1.138380350E1,-1.013706985E1,-1.547781372E-1,-4.603077850E0
1.139384450E1,-9.744586029E0,8.434959412E-1,-3.583398285E0
1.140388450E1,-9.276808777E0,1.227896576E0,-2.629282379E0
1.141392450E1,-9.159602509E0,9.433383179E-1,-1.673070831E0
1.142396450E1,-9.521549835E0,3.775149536E-1,-8.470884705E-1
1.143400450E1,-1.023346939E1,-2.800675964E-1,-3.237767029E-1
1.144404450E1,-1.090632019E1,-8.701405334E-1,-1.152603149E-1
1.145408450E1,-1.133802246E1,-1.454525299E0,-8.337661743E-2
1.146412450E1,-1.155073013E1,-1.891766052E0,-3.800596619E-1
1.147416450E1,-1.147393982E1,-2.006427612E0,-9.650431824E-1
1.148420450E1,-1.099508560E1,-1.851948853E0,-1.577120361E0
1.149424550E1,-1.020233414E1,-1.622476044E0,-2.062261505E0
1.150428550E1,-9.256600800E0,-1.152752838E0,-2.417622528E0
1.151432550E1,-8.400231628E0,-6.430627441E-1,-2.359243927E0
1.152436550E1,-7.611521759E0,-2.094145203E-1,-2.038311310E0
1.153440550E1,-6.902895355E0,1.047821045E-3,-1.560055847E0
1.154444550E1,-6.306086426E0,1.136137390E-1,-1.047222290E0
1.155448550E1,-5.896687775E0,2.302212524E-1,-4.050576782E-1
1.156452550E1,-5.506000214E0,4.543052673E-1,1.601669312E-2
1.157456550E1,-5.124144287E0,6.987469482E-1,2.418969727E-1
1.158460550E1,-4.811893616E0,8.535250854E-1,2.883004761E-1
1.159464650E1,-4.666545868E0,8.590635681E-1,2.089654541E-1
1.160468650E1,-4.881947937E0,6.255491638E-1,6.032455444E-2
1.161472650E1,-5.403613129E0,3.326083374E-1,-4.969665527E-2
1.162476650E1,-6.053112488E0,3.592529297E-3,-2.248324585E-1
1.163480650E1,-6.760391693E0,-3.686833191E-1,-4.360432434E-1
1.164484650E1,-7.489675140E0,-6.406677246E-1,-5.360353088E-1
1.165488650E1,-8.054600372E0,-7.250921631E-1,-6.265969849E-1
1.166492650E1,-8.423283691E0,-6.010002136E-1,-6.574328613E-1
1.167496650E1,-8.624764709E0,-3.586541748E-1,-4.754113770E-1
1.168500650E1,-8.710985413E0,-2.724334717E-2,-2.377056885E-1
1.169504750E1,-8.793014832E0,1.701960754E-1,7.200027466E-2
1.170508750E1,-8.901838531E0,1.917512512E-1,4.007167053E-1
1.171512750E1,-9.079069977E0,1.749861145E-1,5.831872559E-1
1.172516750E1,-9.259145508E0,1.273851013E-1,7.153623962E-1
1.173520750E1,-9.505832520E0,5.912704468E-2,6.439608765E-1
1.174524750E1,-9.916877747E0,-1.483415222E-1,5.647755432E-1
1.175528750E1,-1.031909134E1,-3.653901672E-1,1.863624573E-1
1.176532750E1,-1.063897614E1,-4.303550720E-1,-6.324348450E-1
1.177536750E1,-1.119536911E1,-3.002755737E-1,-1.359772339E0
1.178540750E1,-1.222268280E1,-5.523513794E-2,-1.097966766E0
1.179544850E1,-1.333262466E1,9.101074219E-2,5.028044128E-1
1.180548850E1,-1.407059006E1,5.897735596E-2,2.115700378E0
1.181552850E1,-1.465003510E1,-3.546125793E-1,2.915487213E0
1.182556850E1,-1.533875290E1,-9.770182800E-1,2.690056000E0
1.183560850E1,-1.552122345E1,-1.482816467E0,1.630559235E0
1.184564900E1,-1.512933838E1,-2.685565338E0,4.408332825E-1
1.185568900E1,-1.432416275E1,-4.038451996E0,-8.044271851E-1
1.186572900E1,-1.310943878E1,-3.961362305E0,-1.639241180E0
1.187576900E1,-1.217433334E1,-1.770368500E0,-2.486179962E0
1.188580900E1,-1.200787949E1,3.158432007E-1,-3.557352448E0
1.189585000E1,-1.157153687E1,1.099613342E0,-4.942571869E0
1.190589000E1,-1.098939743E1,1.153501282E0,-5.776338043E0
1.191593000E1,-1.046743286E1,6.358776855E-1,-5.723348236E0
1.192597000E1,-1.020442978E1,1.835183716E-1,-5.309758301E0
1.193601000E1,-1.032238449E1,-2.008822632E-1,-4.547693024E0
1.194605000E1,-1.035546570E1,-9.186396790E-1,-3.591930542E0
1.195609000E1,-1.002854553E1,-1.912123718E0,-3.049009552E0
1.196613000E1,-9.595046997E0,-2.666704559E0,-2.965932312E0
1.197617000E1,-9.417516174E0,-3.104693756E0,-2.598296814E0
1.198621000E1,-9.662855988E0,-3.336411896E0,-1.922452240E0
1.199625100E1,-1.019904099E1,-3.233575745E0,-1.383423157E0
1.200629100E1,-1.064840652E1,-2.535277863E0,-9.071136475E-1
1.201633100E1,-1.068957092E1,-1.386716309E0,-4.737648010E-1
1.202637100E1,-1.041953247E1,-2.574645996E-1,-4.879852295E-1
1.203641100E1,-1.017074982E1,5.608836365E-1,-8.164022827E-1
1.204645100E1,-1.004830444E1,1.062041473E0,-1.139131165E0
1.205649100E1,-9.817634125E0,1.385219421E0,-1.385818176E0
1.206653100E1,-9.488468628E0,1.435963898E0,-1.475781097E0
1.207657100E1,-9.055269470E0,1.261426849E0,-1.453776855E0
1.208661100E1,-8.368497620E0,8.894503784E-1,-1.453178101E0
1.209665200E1,-7.597600708E0,3.085084534E-1,-1.367705841E0
1.210669200E1,-6.976093140E0,-3.124003601E-1,-1.159189453E0
1.211673200E1,-6.364614716E0,-9.090596008E-1,-8.896000671E-1
1.212677200E1,-5.796845398E0,-1.490300903E0,-4.906796265E-1
1.213681200E1,-5.490731964E0,-1.957629089E0,3.023712158E-2
1.214685200E1,-5.345683594E0,-2.269879761E0,5.263055420E-1
1.215689200E1,-5.351521454E0,-2.419568481E0,9.087602234E-1
1.216693200E1,-5.539530487E0,-2.409539337E0,1.102457428E0
1.217697200E1,-5.913153534E0,-2.187850342E0,1.023421783E0
1.218701200E1,-6.425837402E0,-1.798060913E0,7.943980408E-1
1.219705200E1,-6.944359131E0,-1.450334015E0,5.507048035E-1
1.220709300E1,-7.439529419E0,-1.114881592E0,3.302133179E-1
1.221713300E1,-7.804769897E0,-8.204438782E-1,1.975891113E-1
1.222717300E1,-8.099956055E0,-5.932164001E-1,1.691482544E-1
1.223721300E1,-8.269703064E0,-4.348457336E-1,2.598596191E-1
1.224725300E1,-8.410410461E0,-3.409909058E-1,5.204676819E-1
1.225729300E1,-8.529562683E0,-2.737806702E-1,8.882528687E-1
1.226733300E1,-8.578061829E0,-1.260379028E-1,1.164129181E0
1.227737300E1,-8.566984863E0,-2.140548706E-2,1.303489380E0
1.228741300E1,-8.490194550E0,-4.864883423E-2,1.202000427E0
1.229745300E1,-8.524922333E0,-3.567082214E-1,1.018631744E0
1.230749400E1,-8.731492767E0,-7.735913086E-1,7.188052368E-1
1.231753400E1,-9.355395355E0,-1.247954865E0,3.129991150E-1
1.232757400E1,-1.034858002E1,-1.830992432E0,1.871109009E-2
1.233761400E1,-1.105570953E1,-2.536175995E0,-1.139131165E-1
1.234765400E1,-1.164159119E1,-3.369044037E0,-4.924758911E-2
1.235769400E1,-1.256427246E1,-3.586242371E0,2.052232361E-1
1.236773400E1,-1.337378906E1,-2.655477905E0,7.488926697E-1
1.237777400E1,-1.352317841E1,-1.628463593E0,1.662891998E0
1.238781400E1,-1.339220078E1,-8.918453979E-1,2.269430695E0
1.239785400E1,-1.346629669E1,-1.035845947E-1,2.390828247E0
1.240789500E1,-1.335986801E1,6.255491638E-1,2.621498566E0
1.241793500E1,-1.233345245E1,1.011147308E0,1.872156830E0
1.242797500E1,-1.136781052E1,5.581892395E-1,2.754272461E-1
1.243801500E1,-1.155896301E1,-6.605763245E-1,-7.632627869E-1
1.244805500E1,-1.269899231E1,-1.826801147E0,-1.365310822E0
1.245809500E1,-1.342962296E1,-2.541714478E0,-2.140249329E0
1.246813500E1,-1.324834991E1,-2.970422974E0,-3.154540100E0
1.247817500E1,-1.249436783E1,-2.950065308E0,-4.103716278E0
1.248821500E1,-1.163440613E1,-2.513123932E0,-5.082081757E0
1.249825600E1,-1.118399277E1,-1.814227295E0,-5.816903687E0
1.250829600E1,-1.115719849E1,-7.120692444E-1,-5.810467072E0
1.251833600E1,-1.107277405E1,1.727407837E-1,-4.305346985E0
1.252837600E1,-1.082578766E1,7.994874573E-1,-2.606829071E0
1.253841600E1,-1.042222687E1,1.378034363E0,-1.305734711E0
1.254845600E1,-1.025023453E1,1.617686005E0,-2.577639771E-1
1.255849600E1,-1.033765274E1,1.465901642E0,3.357518005E-1
1.256853600E1,-1.068118835E1,1.154848480E0,4.305047607E-1
1.257857600E1,-1.097098572E1,6.776408386E-1,2.658471680E-1
1.258861600E1,-1.099553467E1,2.918930054E-2,-1.660047913E-1
1.259865700E1,-1.073851913E1,-6.224057007E-1,-7.304809570E-1
1.260869700E1,-1.040351578E1,-1.226998444E0,-1.147214355E0
1.261873700E1,-1.002091141E1,-1.623374176E0,-1.502874756E0
1.262877700E1,-9.543853455E0,-1.800156555E0,-1.596579895E0
1.263881700E1,-8.826245728E0,-1.625469818E0,-1.551373901E0
1.264885700E1,-8.056097260E0,-1.280137939E0,-1.326990509E0
1.265889700E1,-7.362290039E0,-9.141490173E-1,-8.967851257E-1
1.266893700E1,-6.692133636E0,-6.007008362E-1,-4.311035156E-1
1.267897700E1,-6.140231323E0,-3.373983765E-1,-2.095642090E-2
1.268901700E1,-5.747298431E0,-1.101708984E-1,4.559518433E-1
1.269905800E1,-5.349725189E0,1.591191101E-1,7.024891663E-1
1.270909800E1,-5.119204559E0,3.667373657E-1,8.268804932E-1
1.271913800E1,-5.061574402E0,4.980143738E-1,8.137078857E-1
1.272917800E1,-5.178930359E0,5.390290833E-1,7.090754700E-1
1.273921800E1,-5.591622162E0,5.435197449E-1,4.776567078E-1
1.274925800E1,-6.205944672E0,5.501060486E-1,2.374063110E-1
1.275929800E1,-6.903045044E0,5.507048035E-1,7.843688965E-2
1.276933800E1,-7.574249268E0,6.074368286E-1,-9.041198730E-2
1.277937800E1,-8.143665161E0,6.616241455E-1,-2.231858826E-1
1.278941800E1,-8.570128326E0,7.649093628E-1,-2.932402039E-1
1.279945900E1,-8.797056427E0,9.210346985E-1,-2.272274780E-1
1.280949900E1,-8.804391174E0,1.020877075E0,-7.020401001E-2
1.281953900E1,-8.835825806E0,1.062939606E0,1.200503540E-1
1.282957900E1,-8.865913239E0,1.099763031E0,3.098556519E-1
1.283961900E1,-8.843609619E0,1.137933655E0,4.626878357E-1
1.284965888E1,-8.746012573E0,1.094224548E0,7.857160950E-1
1.285969888E1,-8.644822998E0,9.171427917E-1,1.265318756E0
1.286973888E1,-8.644224243E0,5.831872559E-1,1.725012817E0
1.287977888E1,-8.696914673E0,7.813751221E-2,1.878593445E0
1.288981888E1,-8.964857483E0,-5.210664368E-1,1.582509155E0
1.289985988E1,-9.451645203E0,-1.056652679E0,7.436535645E-1
1.290989988E1,-1.020892044E1,-1.235381012E0,-6.010002136E-1
1.291993988E1,-1.120240448E1,-1.089284821E0,-1.539548492E0
1.292997988E1,-1.227492416E1,-8.834628296E-1,-8.879534912E-1
1.294001988E1,-1.354353607E1,-6.650669861E-1,7.571255493E-1
1.295005988E1,-1.461096634E1,-4.629872131E-1,2.168839874E0
1.296009988E1,-1.521136780E1,-4.489164734E-1,3.007246399E0
1.297013988E1,-1.550056641E1,-6.500981140E-1,2.925815735E0
1.298017988E1,-1.569291641E1,-7.249424744E-1,2.116149445E0
1.299021988E1,-1.517214935E1,-1.147962799E0,1.445244598E0
1.300026088E1,-1.396580795E1,-1.900148621E0,3.552113342E-1
1.301030088E1,-1.276096344E1,-1.784139862E0,-6.391708374E-1
1.302034088E1,-1.175490555E1,-3.743714905E-1,-1.212328949E0
1.303038088E1,-1.153531219E1,1.076860657E0,-2.091450806E0
1.304042088E1,-1.137364838E1,1.535506897E0,-3.520828400E0
1.305046088E1,-1.098550552E1,1.503024445E0,-4.941224670E0
1.306050087E1,-1.061697189E1,9.657916260E-1,-5.480253754E0
1.307054088E1,-1.044632675E1,2.951861572E-1,-5.263654175E0
1.308058088E1,-1.075034454E1,-3.689826965E-1,-4.532724152E0
1.309062088E1,-1.134924911E1,-1.204395447E0,-3.490142212E0
1.310066188E1,-1.163350800E1,-2.209405518E0,-2.613565063E0
1.311070188E1,-1.127515320E1,-3.068169708E0,-2.335443420E0
1.312074188E1,-1.063598236E1,-3.695814514E0,-2.210153961E0
1.313078188E1,-1.015488281E1,-4.065695343E0,-1.825453949E0
1.314082188E1,-9.979896698E0,-4.143383789E0,-1.279239807E0
1.315086188E1,-9.912387085E0,-3.597469025E0,-6.812333679E-1
1.316090188E1,-9.718989258E0,-2.423909454E0,-1.513352966E-1
1.317094188E1,-9.305998077E0,-9.231303406E-1,1.472937012E-1
1.318098188E1,-8.840166779E0,5.665718079E-1,1.106199646E-1
1.319102188E1,-8.508606262E0,1.802252197E0,-1.678010559E-1
1.320106288E1,-8.416098633E0,2.514471130E0,-4.442761230E-1
1.321110288E1,-8.440647583E0,2.660567322E0,-6.048921204E-1
1.322114288E1,-8.396339722E0,2.375110931E0,-6.900650024E-1
1.323118288E1,-8.169411621E0,1.736538849E0,-7.783813477E-1
1.324122288E1,-7.802075500E0,9.889933777E-1,-8.930429077E-1
1.325126288E1,-7.405550079E0,1.636097717E-1,-9.708810425E-1
1.326130288E1,-6.988068237E0,-5.292993164E-1,-9.728269958E-1
1.327134287E1,-6.589896240E0,-1.093326416E0,-7.780819702E-1
1.328138288E1,-6.325246582E0,-1.572180634E0,-3.474275208E-1
1.329142288E1,-6.195616150E0,-1.911674652E0,1.172062683E-1
1.330146388E1,-6.260730743E0,-2.146985321E0,5.779481506E-1
1.331150388E1,-6.296057281E0,-2.230661316E0,9.183403015E-1
1.332154388E1,-6.318061523E0,-2.265838165E0,1.108744354E0
1.333158388E1,-6.555318146E0,-2.248623962E0,1.229543152E0
1.334162388E1,-6.917115784E0,-2.112107849E0,1.185085602E0
1.335166388E1,-7.256609802E0,-1.906136169E0,1.058748322E0
1.336170388E1,-7.438481598E0,-1.622925110E0,8.725355530E-1
1.337174388E1,-7.545359344E0,-1.306183777E0,7.488926697E-1
1.338178388E1,-7.592960358E0,-1.075214081E0,6.445596313E-1
1.339182488E1,-7.654033356E0,-1.012644196E0,6.831793213E-1
1.340186488E1,-7.745642853E0,-9.550140381E-1,8.348139954E-1
1.341190488E1,-7.977959747E0,-8.708889771E-1,9.876461792E-1
1.342194488E1,-8.226443024E0,-7.045848083E-1,1.071322174E0
1.343198488E1,-8.476123810E0,-5.962101746E-1,1.101708984E0
1.344202488E1,-8.740623779E0,-6.252497864E-1,1.088237000E0
1.345206488E1,-9.299411774E0,-6.771917725E-1,9.243278503E-1
1.346210488E1,-1.038166122E1,-8.735833740E-1,5.267546082E-1
1.347214488E1,-1.171673492E1,-1.076261902E0,-2.058219910E-1
1.348218487E1,-1.277263916E1,-1.243464203E0,-9.834548950E-1
1.349222588E1,-1.333711533E1,-1.604363708E0,-1.140777740E0
1.350226588E1,-1.349847977E1,-1.986818390E0,-3.300636292E-1
1.351230588E1,-1.378184052E1,-1.621128845E0,7.458988953E-1
1.352234588E1,-1.437670349E1,-5.566923523E-1,1.365610199E0
1.353238588E1,-1.502769974E1,5.147795105E-1,1.909129944E0
1.354242587E1,-1.494761627E1,1.412462769E0,1.885179749E0
1.355246588E1,-1.377360764E1,2.092648315E0,1.874102783E-1
1.356250588E1,-1.241997253E1,1.657054138E0,-1.609153748E0
1.357254588E1,-1.190519302E1,-2.980302429E-1,-2.162253571E0
1.358258588E1,-1.229632965E1,-1.930535431E0,-2.279160461E0
1.359262688E1,-1.237297028E1,-2.981350250E0,-2.803520050E0
1.360266688E1,-1.189546326E1,-3.849095764E0,-3.511847076E0
1.361270688E1,-1.091679840E1,-4.142785034E0,-4.047433319E0
1.362274688E1,-9.648336182E0,-3.875141602E0,-4.483027496E0
1.363278688E1,-8.726852417E0,-3.388054504E0,-4.471800842E0
1.364282688E1,-8.888965302E0,-2.486179962E0,-3.993844757E0
1.365286688E1,-9.797875214E0,-6.435118103E-1,-3.617527313E0
1.366290688E1,-1.036235138E1,9.786648560E-1,-3.077001343E0
1.367294688E1,-1.054093002E1,1.576820984E0,-2.525548096E0
1.368298688E1,-1.067160828E1,1.402882690E0,-1.676363983E0
1.369302788E1,-1.108834167E1,1.006806335E0,-8.517288208E-1
1.370306788E1,-1.167317551E1,6.312373352E-1,-4.477189636E-1
1.371310788E1,-1.205817490E1,2.151026917E-1,-5.394781494E-1
1.372314788E1,-1.203392532E1,-2.652484131E-1,-8.421487427E-1
1.373318788E1,-1.164742905E1,-7.189549255E-1,-1.031205597E0
1.374322788E1,-1.091185867E1,-1.006656647E0,-1.207239532E0
1.375326787E1,-1.002435425E1,-1.261426849E0,-1.239422607E0
1.376330788E1,-9.000333710E0,-1.405726776E0,-1.333127747E0
1.377334788E1,-8.027506714E0,-1.429227905E0,-1.386117554E0
1.378338888E1,-7.224875793E0,-1.336121521E0,-1.218316498E0
1.379342888E1,-6.527925110E0,-1.084943848E0,-9.389973450E-1
1.380346888E1,-5.972280579E0,-8.732839966E-1,-5.782475281E-1
1.381350887E1,-5.648653564E0,-6.620732117E-1,-1.847158813E-1
1.382354888E1,-5.484894104E0,-3.218307495E-1,1.067280579E-1
1.383358888E1,-5.405708771E0,1.151106262E-1,2.392025757E-1
1.384362888E1,-5.326822815E0,4.050576782E-1,1.887574768E-1
1.385366837E1,-5.445376282E0,5.972579956E-1,-1.077758789E-2
1.386370838E1,-5.792354736E0,6.336323547E-1,-1.948947144E-1
1.387374838E1,-6.315067749E0,5.667214966E-1,-3.854484558E-1
1.388378938E1,-7.031178589E0,5.176235962E-1,-4.784051514E-1
1.389382938E1,-7.735464020E0,4.590953064E-1,-5.388793945E-1
1.390386938E1,-8.231233063E0,4.293072510E-1,-6.556365967E-1
1.391390938E1,-8.550818481E0,3.736230469E-1,-7.159611511E-1
1.392394938E1,-8.847351837E0,3.023712158E-1,-6.581813049E-1
1.393398938E1,-9.020242310E0,3.311114502E-1,-5.535488892E-1
1.394402938E1,-9.049431610E0,3.595523071E-1,-3.959266663E-1
1.395406938E1,-8.973689117E0,3.779640198E-1,-1.794767761E-1
1.396410938E1,-8.783135376E0,3.832031250E-1,1.296304321E-1
1.397414938E1,-8.546477509E0,3.332070923E-1,4.496649170E-1
1.398419038E1,-8.346493378E0,2.186952209E-1,7.273374939E-1
1.399423038E1,-8.296197968E0,4.685256958E-2,8.927435303E-1
1.400427038E1,-8.506660309E0,-1.787283325E-1,7.734416199E-1
1.401431038E1,-8.951684875E0,-4.465214539E-1,5.804928589E-1
1.402435038E1,-9.497749329E0,-6.436614990E-1,1.550775146E-1
1.403439038E1,-1.026744873E1,-7.511380005E-1,-7.699987793E-1
1.404443038E1,-1.122785156E1,-6.768923950E-1,-1.707499237E0
1.405447038E1,-1.213975525E1,-6.494993591E-1,-1.649569702E0
1.406451037E1,-1.304312668E1,-7.785310364E-1,-4.201762390E-1
1.407455138E1,-1.382584900E1,-9.586065674E-1,9.777667236E-1
1.408459138E1,-1.447534836E1,-1.218166809E0,1.827100525E0
1.409463138E1,-1.498788254E1,-1.444047089E0,1.744921417E0
1.410467138E1,-1.514625320E1,-1.834135895E0,1.191522217E0
1.411471138E1,-1.489657242E1,-2.823578339E0,1.718426514E-1
1.412475138E1,-1.434871170E1,-3.687731323E0,-1.058748322E0
1.413479138E1,-1.346839233E1,-3.251688080E0,-1.770518188E0
1.414483138E1,-1.277862671E1,-1.465751953E0,-2.177372131E0
1.415487138E1,-1.232282455E1,2.652484131E-1,-3.018473053E0
1.416491138E1,-1.184412003E1,1.112935638E0,-4.248165894E0
1.417495238E1,-1.130778534E1,1.391656036E0,-4.975802765E0
1.418499238E1,-1.072519684E1,1.093176727E0,-4.938979340E0
1.419503238E1,-1.021281235E1,8.414002991E-1,-4.684508514E0
1.420507238E1,-9.865235138E0,7.473957825E-1,-4.271667023E0
1.421511238E1,-9.649084625E0,2.745291138E-1,-3.517535248E0
1.422515238E1,-9.299711151E0,-8.797206116E-1,-2.787952423E0
1.423519238E1,-8.799152069E0,-2.052082672E0,-2.583926697E0
1.424523238E1,-8.736881561E0,-2.758164368E0,-2.329156494E0
1.425527238E1,-9.167536011E0,-3.213517456E0,-1.772464142E0
1.426531338E1,-9.856702881E0,-3.357368317E0,-1.307830353E0
1.427535338E1,-1.056892181E1,-2.861000519E0,-9.219328308E-1
1.428539338E1,-1.099224152E1,-1.851350098E0,-5.477110291E-1
1.429543338E1,-1.104104004E1,-7.247927856E-1,-5.333409119E-1
1.430547338E1,-1.083896027E1,2.044747925E-1,-8.985813904E-1
1.431551338E1,-1.056502991E1,8.463400269E-1,-1.335223389E0
1.432555338E1,-1.022194336E1,1.208586731E0,-1.692081299E0
1.433559337E1,-9.819879456E0,1.339714050E0,-1.836680603E0
1.434563338E1,-9.258846130E0,1.160836029E0,-1.708097992E0
1.435567338E1,-8.523275757E0,7.866142273E-1,-1.573228455E0
1.436571438E1,-7.717501373E0,3.210823059E-1,-1.375489655E0
1.437575438E1,-6.984326019E0,-1.823208618E-1,-1.111139374E0
1.438579438E1,-6.434219971E0,-6.140231323E-1,-8.177494812E-1
1.439583438E1,-6.018384705E0,-1.018781433E0,-4.523593140E-1
1.440587438E1,-5.710475006E0,-1.337917786E0,-5.763015747E-2
1.441591438E1,-5.501659241E0,-1.616787872E0,2.859054565E-1
1.442595438E1,-5.429958344E0,-1.867067413E0,5.894741821E-1
1.443599438E1,-5.606141968E0,-1.993404694E0,8.243357849E-1
1.444603438E1,-6.026168518E0,-1.987566833E0,8.976832581E-1
1.445607538E1,-6.517596588E0,-1.841470642E0,8.262817383E-1
1.446611538E1,-7.055727539E0,-1.661993866E0,6.962022400E-1
1.447615538E1,-7.680528259E0,-1.506916351E0,5.643264771E-1
1.448619538E1,-8.179740143E0,-1.367705841E0,4.830455017E-1
1.449623538E1,-8.474477234E0,-1.263522491E0,4.255650330E-1
1.450627538E1,-8.499325562E0,-1.143172760E0,4.212240601E-1
1.451631538E1,-8.357420654E0,-1.104852448E0,5.493576050E-1
1.452635538E1,-8.223748627E0,-1.043779449E0,8.077203369E-1
1.453639538E1,-8.131240997E0,-8.879534912E-1,1.132245483E0
1.454643537E1,-8.016429749E0,-7.352709961E-1,1.205742645E0
1.455647638E1,-7.880811768E0,-6.776408386E-1,1.166374512E0
1.456651638E1,-7.828420715E0,-7.361691284E-1,1.218017120E0
1.457655638E1,-8.022267609E0,-7.659571838E-1,9.993218994E-1
1.458659638E1,-8.689280548E0,-8.979826355E-1,5.827381897E-1
1.459663638E1,-1.002884491E1,-1.216969299E0,7.604187012E-2
1.460667638E1,-1.135957764E1,-1.478325806E0,-6.138734436E-1
1.461671638E1,-1.226010498E1,-1.732796631E0,-1.253493347E0
1.462675638E1,-1.304133041E1,-1.992656250E0,-1.035696259E0
1.463679638E1,-1.393093048E1,-1.722168732E0,1.046324158E-1
1.464683738E1,-1.454540268E1,-6.968009949E-1,1.131197662E0
1.465687738E1,-1.481364487E1,4.730163574E-1,1.835782471E0
1.466691738E1,-1.508173737E1,1.530866547E0,2.362537079E0
1.467695738E1,-1.452564377E1,2.422562256E0,2.378404083E0
1.468699738E1,-1.278566208E1,2.795885925E0,1.140328674E0
1.469703738E1,-1.112202164E1,1.949396210E0,-3.827540588E-1
1.470707738E1,-1.077070221E1,-3.055146790E-1,-7.354206848E-1
1.471711738E1,-1.161823975E1,-2.185904388E0,-4.867877197E-1
1.472715738E1,-1.201686081E1,-3.182531891E0,-1.086740112E0
1.473719838E1,-1.166763702E1,-4.049229584E0,-2.336640930E0
1.474723838E1,-1.094553864E1,-4.505780182E0,-3.521427155E0
1.475727838E1,-1.005264542E1,-4.446952515E0,-4.460873566E0
1.476731838E1,-9.274563446E0,-4.045936432E0,-5.019960938E0
1.477735838E1,-9.194180603E0,-3.122806091E0,-4.860692139E0
1.478739838E1,-9.940977631E0,-1.416504364E0,-3.944447479E0
1.479743838E1,-1.061098434E1,2.308200073E-1,-2.983146515E0
1.480747838E1,-1.088865692E1,1.435963898E0,-2.096839600E0
1.481751837E1,-1.084629501E1,1.995051270E0,-1.123413849E0
1.482755838E1,-1.064346680E1,1.768721924E0,-4.326004028E-1
1.483759938E1,-1.100481537E1,1.212029572E0,-2.101629639E-1
1.484763938E1,-1.160656403E1,7.330256653E-1,-4.104464722E-1
1.485768017E1,-1.191088120E1,1.228944397E-1,-7.592211914E-1
1.486772017E1,-1.180385376E1,-5.875282288E-1,-1.046922913E0
1.487776017E1,-1.130643814E1,-1.168021088E0,-1.279239807E0
1.488780017E1,-1.055649765E1,-1.558259583E0,-1.419049072E0
1.489784017E1,-9.741143188E0,-1.807940369E0,-1.437760162E0
1.490788017E1,-8.904083862E0,-1.731000366E0,-1.469194794E0
1.491792017E1,-7.967631226E0,-1.368304596E0,-1.383423157E0
1.492796117E1,-7.113507385E0,-9.620494080E-1,-1.034947815E0
1.493800117E1,-6.418203278E0,-6.752458191E-1,-6.090834045E-1
1.494804117E1,-6.007457428E0,-4.541555786E-1,-1.389111328E-1
1.495808117E1,-5.698799286E0,-1.115180969E-1,2.359094238E-1
1.496812117E1,-5.482648773E0,2.005828857E-1,6.077362061E-1
1.497816117E1,-5.342989197E0,5.370831299E-1,6.143225098E-1
1.498820117E1,-5.364394684E0,7.828720093E-1,5.233117676E-1
1.499824117E1,-5.606740723E0,8.144563293E-1,5.134323120E-1
1.500828117E1,-6.114634552E0,6.965016174E-1,4.496649170E-1
1.501832217E1,-6.715485077E0,5.284011841E-1,3.366499329E-1
1.502836217E1,-7.310797119E0,3.616479492E-1,2.140548706E-1
1.503840217E1,-7.841593323E0,2.725831604E-1,9.280700684E-2
1.504844217E1,-8.285570068E0,1.739382935E-1,7.319778442E-2
1.505848217E1,-8.556656342E0,1.440005493E-1,8.891510010E-2
1.506852217E1,-8.622220001E0,2.418969727E-1,1.543290710E-1
1.507856217E1,-8.660989380E0,3.838018799E-1,3.373983765E-1
1.508860217E1,-8.722062378E0,4.749623108E-1,6.099815369E-1
1.509864217E1,-8.784033508E0,5.339396667E-1,8.641529846E-1
1.510868217E1,-8.797056427E0,5.863307190E-1,1.077609100E0
1.511872317E1,-8.770112457E0,5.737568665E-1,1.316063232E0
1.512876317E1,-8.800499268E0,4.439767456E-1,1.393003235E0
1.513880317E1,-8.988508301E0,2.161505127E-1,1.318757629E0
1.514884317E1,-9.181606750E0,-1.142124939E-1,9.430389404E-1
1.515888317E1,-9.469607849E0,-3.159928894E-1,-4.790039062E-3
1.516892317E1,-1.004216721E1,-3.312611389E-1,-1.014889526E0
1.517896317E1,-1.090646988E1,-1.808239746E-1,-1.304836578E0
1.518900317E1,-1.197404984E1,-1.899549866E-1,-5.927673340E-2
1.519904317E1,-1.299103500E1,-4.013154602E-1,1.676513672E0
1.520908417E1,-1.383842285E1,-6.596781921E-1,2.807711334E0
1.521912417E1,-1.443493240E1,-9.131011963E-1,2.944676514E0
1.522916417E1,-1.504970398E1,-1.272204437E0,2.311792603E0
1.523920417E1,-1.510434036E1,-2.002835083E0,1.314566345E0
1.524924417E1,-1.480211884E1,-3.147953796E0,-5.313949585E-2
1.525928417E1,-1.434586761E1,-3.602708130E0,-9.446855164E-1
1.526932417E1,-1.388228165E1,-2.698438568E0,-1.197210388E0
1.527936417E1,-1.373364075E1,-6.737489319E-1,-1.751807098E0
1.528940417E1,-1.314401688E1,5.279521179E-1,-2.991978149E0
1.529944517E1,-1.262459702E1,8.604107666E-1,-4.148173828E0
1.530948517E1,-1.241413467E1,9.240284729E-1,-4.441414032E0
1.531952517E1,-1.204934326E1,7.753875732E-1,-4.348756714E0
1.532956517E1,-1.139430542E1,5.596861267E-1,-4.058959351E0
1.533960517E1,-1.072130493E1,2.664459229E-2,-3.173700256E0
1.534964517E1,-1.006477020E1,-8.237370300E-1,-2.368973694E0
1.535968517E1,-9.181457062E0,-1.532962189E0,-2.065404968E0
1.536972517E1,-8.088579712E0,-2.174827423E0,-1.888472900E0
1.537976517E1,-7.155719604E0,-2.815794525E0,-1.554667053E0
1.538980617E1,-6.916067963E0,-3.334316254E0,-9.517208862E-1
1.539984617E1,-7.190297699E0,-3.482957153E0,-3.040177917E-1
1.540988617E1,-7.810158691E0,-3.070564728E0,2.071691895E-1
1.541992617E1,-8.646319885E0,-2.138303375E0,4.608915710E-1
1.542996617E1,-9.463021545E0,-9.677375793E-1,3.119512939E-1
1.544000617E1,-1.001537292E1,1.502874756E-1,-2.227368164E-1
1.545004617E1,-1.040022263E1,1.022823029E0,-1.028211823E0
1.546008617E1,-1.073118439E1,1.638941803E0,-1.829345856E0
1.547012617E1,-1.093027039E1,1.916015625E0,-2.384391632E0
1.548016617E1,-1.086530548E1,1.802551575E0,-2.579136658E0
1.549020717E1,-1.049692154E1,1.369502106E0,-2.359094238E0
1.550024717E1,-9.881850586E0,7.750881958E-1,-1.998643799E0
1.551028717E1,-9.053173828E0,1.435514832E-1,-1.533111877E0
1.552032717E1,-8.221054230E0,-4.360432434E-1,-1.106648712E0
1.553036717E1,-7.529791718E0,-8.864566040E-1,-7.110214233E-1
1.554040717E1,-6.878645782E0,-1.262923737E0,-1.957928467E-1
1.555044717E1,-6.328988800E0,-1.599274292E0,3.603007507E-1
1.556048717E1,-5.890251160E0,-1.895957336E0,7.954458618E-1
1.557052717E1,-5.619913330E0,-2.151176605E0,1.103654938E0
1.558056817E1,-5.597010956E0,-2.209555206E0,1.209784241E0
1.559060817E1,-5.783523102E0,-2.147135010E0,1.164278870E0
1.560064817E1,-6.064339142E0,-2.011067963E0,9.798623657E-1
1.561068817E1,-6.429280243E0,-1.794767761E0,7.617658997E-1
1.562072817E1,-6.874903564E0,-1.573378143E0,5.625302124E-1
1.563076817E1,-7.266040192E0,-1.275497589E0,4.339476013E-1
1.564080817E1,-7.589218140E0,-1.007854156E0,3.649411011E-1
1.565084817E1,-7.813002777E0,-8.617579651E-1,4.882846069E-1
1.566088817E1,-7.992778931E0,-7.502398682E-1,7.532336426E-1
1.567092917E1,-8.078550568E0,-6.128256226E-1,1.120869141E0
1.568096917E1,-8.018675079E0,-3.713777161E-1,1.399439850E0
1.569100917E1,-7.915988617E0,-1.478924561E-1,1.306932220E0
1.570104917E1,-7.790250092E0,-6.212081909E-2,1.202748871E0
1.571108917E1,-7.709717560E0,-2.148033142E-1,1.175056458E0
1.572112917E1,-8.027357025E0,-4.689747620E-1,9.054670715E-1
1.573116917E1,-9.051227875E0,-9.505233765E-1,6.080355835E-1
1.574120917E1,-1.046159500E1,-1.311422882E0,1.663041687E-1
1.575124917E1,-1.161015656E1,-1.377435608E0,-4.587959290E-1
1.576129017E1,-1.247221390E1,-1.461111603E0,-8.833131409E-1
1.577133017E1,-1.352048401E1,-1.457519073E0,-3.947291565E-1
1.578137017E1,-1.459045898E1,-9.529183960E-1,6.468049622E-1
1.579141017E1,-1.524893967E1,-4.999603271E-2,1.492396545E0
1.580145017E1,-1.535297333E1,9.083111572E-1,1.777104492E0
1.581149017E1,-1.503802826E1,1.631457367E0,1.873054962E0
1.582153017E1,-1.387838974E1,2.121238861E0,1.026864624E0
1.583157017E1,-1.244257553E1,1.529669037E0,-5.114863586E-1
1.584161017E1,-1.204634949E1,-7.280859375E-1,-1.049467621E0
1.585164975E1,-1.265348694E1,-2.632126465E0,-1.082249451E0
1.586169075E1,-1.265558258E1,-3.473227386E0,-1.822310486E0
1.587173075E1,-1.185609512E1,-4.159101105E0,-2.844983826E0
1.588177075E1,-1.060424835E1,-4.403243408E0,-3.674259338E0
1.589181075E1,-9.414522400E0,-4.202361145E0,-4.379592590E0
1.590185075E1,-8.716374207E0,-3.762425995E0,-4.797074432E0
1.591189075E1,-9.163943481E0,-2.829565887E0,-4.469555511E0
1.592193075E1,-1.020023849E1,-1.103056183E0,-3.649111633E0
1.593197075E1,-1.083177521E1,3.779640198E-1,-2.798131256E0
1.594201075E1,-1.108070755E1,1.120420074E0,-1.848356323E0
1.595205175E1,-1.114866623E1,1.107696533E0,-1.013692017E0
1.596209175E1,-1.152378616E1,6.526428223E-1,-5.152285767E-1
1.597213175E1,-1.223825043E1,2.936892700E-1,-3.465293884E-1
1.598217175E1,-1.250589386E1,-1.040336609E-1,-5.002597046E-1
1.599221175E1,-1.239572296E1,-7.240443420E-1,-8.538244629E-1
1.600225175E1,-1.200758011E1,-1.387614441E0,-1.121318207E0
1.601229175E1,-1.134475845E1,-1.859582977E0,-1.291214905E0
1.602233175E1,-1.043510010E1,-2.115550690E0,-1.362466736E0
1.603237175E1,-9.434880066E0,-2.090103607E0,-1.443897400E0
1.604241275E1,-8.442443848E0,-1.786385193E0,-1.347048798E0
1.605245275E1,-7.390581207E0,-1.222058716E0,-1.206341400E0
1.606249275E1,-6.480473785E0,-7.015910339E-1,-8.831634521E-1
1.607253275E1,-5.745502167E0,-3.376977539E-1,-4.278103638E-1
1.608257275E1,-5.270839233E0,-1.152603149E-2,2.177970886E-1
1.609261275E1,-4.888534241E0,3.884422302E-1,5.697152710E-1
1.610265275E1,-4.608616333E0,7.102729797E-1,7.915539551E-1
1.611269275E1,-4.433929596E0,8.605604553E-1,8.387059021E-1
1.612273275E1,-4.570296021E0,8.446934509E-1,6.791377258E-1
1.613277275E1,-5.031037903E0,6.426136780E-1,4.935237122E-1
1.614281375E1,-5.827381897E0,4.260140991E-1,2.740800476E-1
1.615285375E1,-6.743776245E0,2.204914856E-1,8.592132568E-2
1.616289375E1,-7.608827362E0,6.496490479E-2,-1.276844788E-1
1.617293375E1,-8.395441589E0,-1.736389160E-2,-3.617976379E-1
1.618297375E1,-8.981772308E0,-3.113525391E-2,-5.001100159E-1
1.619301375E1,-9.377848663E0,3.263214111E-2,-5.417234802E-1
1.620305375E1,-9.598040771E0,2.236349487E-1,-4.463717651E-1
1.621309375E1,-9.587861938E0,4.487667847E-1,-2.281256104E-1
1.622313375E1,-9.485175476E0,5.771997070E-1,1.353186035E-1
1.623317475E1,-9.406738586E0,6.493496704E-1,5.869294739E-1
1.624321475E1,-9.312135315E0,6.486012268E-1,1.025667114E0
1.625325475E1,-9.178014221E0,6.360273743E-1,1.341360626E0
1.626329475E1,-8.990603943E0,6.039939880E-1,1.451531525E0
1.627333475E1,-8.814420319E0,5.228627014E-1,1.265318756E0
1.628337475E1,-8.791218567E0,3.186872864E-1,1.098266144E0
1.629341475E1,-8.773255920E0,5.957611084E-2,5.737568665E-1
1.630345475E1,-8.840615845E0,-1.222956848E-1,-4.314028931E-1
1.631349475E1,-9.445058899E0,-1.932481384E-1,-1.370998993E0
1.632353575E1,-1.057655594E1,-3.700305176E-1,-9.077124023E-1
1.633357575E1,-1.186896835E1,-6.233038330E-1,8.937913513E-1
1.634361575E1,-1.314117279E1,-9.059161377E-1,2.554138641E0
1.635365575E1,-1.428659088E1,-1.317560120E0,3.405268707E0
1.636369575E1,-1.499776199E1,-1.945653992E0,3.285368042E0
1.637373575E1,-1.541195068E1,-2.738405457E0,2.196532288E0
1.638377575E1,-1.562825089E1,-3.528911591E0,1.223854980E0
1.639381575E1,-1.492396545E1,-4.509672089E0,2.417472839E-1
1.640385575E1,-1.365924545E1,-4.919669495E0,-1.054107971E0
1.641389675E1,-1.263926651E1,-3.385509796E0,-1.865121460E0
1.642393675E1,-1.215547256E1,-6.078858948E-1,-2.661465454E0
1.643397675E1,-1.202374649E1,9.012757874E-1,-3.824696503E0
1.644401675E1,-1.181208664E1,1.591191101E0,-5.222938843E0
1.645405675E1,-1.136257141E1,1.931732941E0,-5.907914429E0
1.646409675E1,-1.087578369E1,1.700763245E0,-5.692063293E0
1.647413675E1,-1.056547897E1,1.245260468E0,-4.873864746E0
1.648417675E1,-1.040156982E1,6.542893982E-1,-3.886967010E0
1.649421675E1,-1.003408401E1,-9.160949707E-2,-3.087030487E0
1.650425675E1,-9.447453918E0,-1.014440460E0,-2.580034790E0
1.651429775E1,-8.920699310E0,-1.789977722E0,-2.243833923E0
1.652433775E1,-8.758287048E0,-2.252066803E0,-1.842817841E0
1.653437775E1,-9.010362854E0,-2.526296539E0,-1.357077942E0
1.654441775E1,-9.618248749E0,-2.456391907E0,-8.812174988E-1
1.655445775E1,-1.021760239E1,-1.926643524E0,-4.369413757E-1
1.656449775E1,-1.044288391E1,-9.994715881E-1,-1.722917175E-1
1.657453775E1,-1.036175262E1,5.104385376E-2,-3.336561584E-1
1.658457775E1,-1.032777328E1,7.982899475E-1,-7.747888184E-1
1.659461775E1,-1.027059219E1,1.082848206E0,-1.172960815E0
1.660465875E1,-1.017763550E1,1.030008087E0,-1.499731293E0
1.661469875E1,-9.979896698E0,6.953041077E-1,-1.691482544E0
1.662473875E1,-9.541608124E0,2.405497742E-1,-1.730251923E0
1.663477875E1,-8.937763824E0,-2.908451843E-1,-1.601070557E0
1.664481875E1,-8.193661194E0,-6.971003723E-1,-1.395697632E0
1.665485875E1,-7.373516693E0,-9.440867615E-1,-1.173409882E0
1.666489875E1,-6.664441223E0,-1.070274353E0,-8.744815063E-1
1.667493875E1,-6.134842529E0,-1.167422333E0,-4.297563171E-1
1.668497875E1,-5.706283722E0,-1.249751129E0,3.966751099E-2
1.669501975E1,-5.448669434E0,-1.312321014E0,5.637277222E-1
1.670505975E1,-5.372477875E0,-1.351389771E0,9.291178894E-1
1.671509975E1,-5.596412201E0,-1.371897125E0,1.111438751E0
1.672513975E1,-5.937403107E0,-1.352886658E0,1.075214081E0
1.673517975E1,-6.311175842E0,-1.276096344E0,8.634045410E-1
1.674521975E1,-6.876250763E0,-1.234333191E0,6.298901367E-1
1.675525975E1,-7.443571014E0,-1.213376770E0,3.529660034E-1
1.676529975E1,-7.943830719E0,-1.198557587E0,1.386117554E-1
1.677533975E1,-8.334069214E0,-1.241518250E0,2.859054565E-2
1.678538075E1,-8.560847626E0,-1.314117279E0,4.206253052E-2
1.679542075E1,-8.615034943E0,-1.402433624E0,1.434017944E-1
1.680546075E1,-8.591982880E0,-1.413360901E0,3.528163147E-1
1.681550075E1,-8.521778870E0,-1.229543152E0,6.491999817E-1
1.682554075E1,-8.382268982E0,-9.237290955E-1,8.870553589E-1
1.683558075E1,-8.200546875E0,-5.638774109E-1,9.376501465E-1
1.684562075E1,-8.048163757E0,-2.887495422E-1,9.822573853E-1
1.685566075E1,-8.039781189E0,-2.528242493E-1,9.491761780E-1
1.686570075E1,-8.443192291E0,-6.224057007E-1,5.183720398E-1
1.687574175E1,-9.596543884E0,-1.256786499E0,-1.737886047E-1
1.688578175E1,-1.114013397E1,-1.800605621E0,-8.496331787E-1
1.689582175E1,-1.228210922E1,-2.340233459E0,-9.702822876E-1
1.690586175E1,-1.315464478E1,-2.716850281E0,-3.350033569E-1
1.691590175E1,-1.421069870E1,-2.313888245E0,4.863386536E-1
1.692594175E1,-1.518666916E1,-1.338666229E0,9.207353210E-1
1.693598175E1,-1.578198120E1,-1.697470093E-1,1.289268951E0
1.694602175E1,-1.585248459E1,1.238674164E0,1.634600830E0
1.695606175E1,-1.467518280E1,2.588716736E0,8.153544617E-1
1.696610275E1,-1.262235168E1,3.182980957E0,-1.076860657E0
1.697614275E1,-1.133472931E1,1.773661652E0,-2.115401001E0
1.698618275E1,-1.169098846E1,-6.472540283E-1,-2.035018158E0
1.699622275E1,-1.224004669E1,-1.899849243E0,-2.294877777E0
1.700626275E1,-1.210712311E1,-2.745740204E0,-2.999163208E0
1.701630275E1,-1.147708328E1,-3.541186066E0,-3.673660583E0
1.702634275E1,-1.026265869E1,-3.651057587E0,-4.267026672E0
1.703638275E1,-8.958271179E0,-3.184028778E0,-4.641697540E0
1.704642275E1,-8.481063538E0,-2.477947083E0,-4.372557220E0
1.705646375E1,-9.012308807E0,-1.219963074E0,-3.607647858E0
1.706650375E1,-9.631720734E0,1.041833496E-1,-2.679428101E0
1.707654375E1,-9.807754669E0,1.055904236E0,-1.940414886E0
1.708658375E1,-9.633067932E0,1.459015961E0,-1.325194244E0
1.709662375E1,-9.821526031E0,1.348395996E0,-8.143066406E-1
1.710666375E1,-1.058134598E1,9.954299927E-1,-4.863386536E-1
1.711670375E1,-1.159698395E1,5.137316895E-1,-5.418731689E-1
1.712674375E1,-1.249631378E1,-1.134640503E-1,-8.665480042E-1
1.713678375E1,-1.289104294E1,-8.747808838E-1,-1.308129730E0
1.714682475E1,-1.279164963E1,-1.394799500E0,-1.755549316E0
1.715686475E1,-1.231219666E1,-1.591191101E0,-2.058519287E0
1.716690475E1,-1.137948624E1,-1.575623474E0,-2.287992096E0
1.717694475E1,-1.032223480E1,-1.383722534E0,-2.368075562E0
1.718698475E1,-9.198072510E0,-1.019380188E0,-2.250120850E0
1.719702475E1,-8.140222321E0,-7.574249268E-1,-1.880988464E0
1.720706475E1,-7.327412567E0,-4.981640625E-1,-1.433718567E0
1.721710475E1,-6.652466125E0,-2.103126526E-1,-9.620494080E-1
1.722714475E1,-6.073170776E0,1.326242065E-1,-5.046006775E-1
1.723718575E1,-5.570066986E0,4.864883423E-1,-7.843688965E-2
1.724722575E1,-5.157075806E0,7.509883118E-1,1.469943237E-1
1.725726575E1,-4.838238831E0,9.081614685E-1,3.132984924E-1
1.726730575E1,-4.640050964E0,9.259744263E-1,3.204835510E-1
1.727734575E1,-4.719835052E0,7.527845764E-1,3.391946411E-1
1.728738575E1,-5.042563934E0,5.176235962E-1,3.282673645E-1
1.729742575E1,-5.577551422E0,3.023712158E-1,1.327738953E-1
1.730746575E1,-6.248156891E0,9.505233765E-2,-9.879455566E-2
1.731750675E1,-6.991660767E0,-9.430389404E-3,-3.516188049E-1
1.732754675E1,-7.745044098E0,-5.149291992E-2,-5.239105225E-1
1.733758675E1,-8.411607971E0,-3.263214111E-2,-5.629792786E-1
1.734762675E1,-8.840017090E0,6.406677246E-2,-5.387297058E-1
1.735766675E1,-9.007967834E0,1.787283325E-1,-3.469784546E-1
1.736770675E1,-9.203311615E0,2.255809021E-1,-6.511459351E-2
1.737774675E1,-9.310039673E0,1.919009399E-1,2.903961182E-1
1.738778675E1,-9.351503448E0,8.053253174E-2,7.288343811E-1
1.739782675E1,-9.406289520E0,-1.417552185E-1,1.154698792E0
1.740786775E1,-9.565109253E0,-4.073030090E-1,1.348246307E0
1.741790775E1,-9.707612915E0,-5.983058167E-1,1.240171051E0
1.742794775E1,-9.832602997E0,-7.186555481E-1,5.757028198E-1
1.743798775E1,-1.006477020E1,-6.827302551E-1,-5.857319641E-1
1.744802775E1,-1.009126511E1,-4.098477173E-1,-1.467099152E0
1.745806775E1,-1.037986496E1,-1.697470093E-1,-1.194066925E0
1.746810775E1,-1.143487106E1,-1.877096558E-1,3.588038635E-1
1.747814775E1,-1.259480896E1,-2.430944824E-1,1.929188232E0
1.748818775E1,-1.362601456E1,-5.454656982E-1,2.838996277E0
1.749822875E1,-1.449211349E1,-1.116079102E0,2.770289154E0
1.750826875E1,-1.525193344E1,-1.832938385E0,1.942809906E0
1.751830875E1,-1.530612076E1,-2.759960632E0,7.909552002E-1
1.752834875E1,-1.461036758E1,-3.760180664E0,-8.657995605E-1
1.753838875E1,-1.381073044E1,-3.689228210E0,-2.131567383E0
1.754842875E1,-1.335807175E1,-1.770218811E0,-2.841241608E0
1.755846875E1,-1.300794983E1,2.727328491E-1,-3.768413544E0
1.756850875E1,-1.239033417E1,9.987231445E-1,-5.133574677E0
1.757854975E1,-1.164503403E1,1.282682648E0,-6.241420898E0
1.758858975E1,-1.108624603E1,1.238374786E0,-6.373146973E0
1.759862975E1,-1.071905960E1,1.046773224E0,-5.771697693E0
1.760866975E1,-1.054676788E1,7.333250427E-1,-4.626878357E0
1.761870975E1,-1.029199768E1,2.305206299E-2,-3.474724274E0
1.762874975E1,-9.808952179E0,-9.366023254E-1,-2.662812653E0
1.763878975E1,-9.259744263E0,-1.892364807E0,-2.174378357E0
1.764882975E1,-8.772806854E0,-2.581381989E0,-1.725012817E0
1.765887075E1,-8.616681519E0,-2.933599548E0,-1.289119263E0
1.766891075E1,-8.897198181E0,-2.966531067E0,-9.099577332E-1
1.767895075E1,-9.517208862E0,-2.604583740E0,-5.836363220E-1
1.768899075E1,-1.010383896E1,-1.751657410E0,-2.489323425E-1
1.769903075E1,-1.044018951E1,-5.807922363E-1,-1.073268127E-1
1.770907075E1,-1.058538757E1,5.322930908E-1,-4.728666687E-1
1.771911075E1,-1.066861450E1,1.184037781E0,-1.037342834E0
1.772915075E1,-1.072878937E1,1.397643585E0,-1.611249390E0
1.773919175E1,-1.068702621E1,1.289718018E0,-1.992506561E0
1.774923175E1,-1.042117905E1,8.869056702E-1,-2.118694153E0
1.775927175E1,-9.782307587E0,3.285667419E-1,-2.010918274E0
1.776931175E1,-8.891809387E0,-2.406994629E-1,-1.698068848E0
1.777935175E1,-8.015681305E0,-6.884184265E-1,-1.353784790E0
1.778939175E1,-7.158563690E0,-9.122030640E-1,-9.687854004E-1
1.779943175E1,-6.390061798E0,-9.684860229E-1,-5.483097839E-1
1.780947175E1,-5.795049133E0,-9.942324829E-1,-4.340972900E-2
1.781951175E1,-5.338498535E0,-1.008602600E0,3.885919189E-1
1.782955275E1,-5.075196075E0,-1.058149567E0,8.155041504E-1
1.783959275E1,-5.246739349E0,-1.203048248E0,1.146166534E0
1.784963275E1,-5.619164886E0,-1.348545685E0,1.280736694E0
1.785967250E1,-5.960455170E0,-1.507814484E0,1.202299805E0
1.786971250E1,-6.352938995E0,-1.634151764E0,1.044677582E0
1.787975250E1,-6.898255005E0,-1.696571960E0,8.717871094E-1
1.788979250E1,-7.392976227E0,-1.683249664E0,7.066804504E-1
1.789983350E1,-7.801776123E0,-1.577569427E0,5.248086548E-1
1.790987350E1,-8.067772980E0,-1.514251099E0,4.561015320E-1
1.791991350E1,-8.187224579E0,-1.508862305E0,4.893324280E-1
1.792995350E1,-8.137527924E0,-1.534908142E0,6.756948853E-1
1.793999350E1,-8.070467377E0,-1.415606232E0,9.392967224E-1
1.795003350E1,-8.085436249E0,-1.133143616E0,1.191971283E0
1.796007350E1,-8.141120453E0,-7.926017761E-1,1.275347900E0
1.797011350E1,-8.262667694E0,-4.334985352E-1,1.275647278E0
1.798015350E1,-8.479267273E0,-1.916015625E-1,1.239123230E0
1.799019450E1,-9.029672699E0,-1.838177490E-1,1.002764740E0
1.800023450E1,-1.010683273E1,-4.556524658E-1,4.092489624E-1
1.801027450E1,-1.139789795E1,-7.481442261E-1,-4.087998962E-1
1.802031450E1,-1.224049576E1,-1.030906219E0,-1.285377045E0
1.803035450E1,-1.278985336E1,-1.680255890E0,-1.715283051E0
1.804039450E1,-1.329714844E1,-2.270777893E0,-8.584648132E-1
1.805043450E1,-1.386057678E1,-1.803898773E0,4.159849548E-1
1.806047550E1,-1.406190811E1,-7.271878052E-1,1.402433624E0
1.807051550E1,-1.400293076E1,2.977308655E-1,2.108066254E0
1.808055550E1,-1.424153458E1,1.254990234E0,2.532284088E0
1.809059550E1,-1.373109604E1,2.005828857E0,2.228116608E0
1.810063550E1,-1.209140579E1,2.066003723E0,7.343728638E-1
1.811067550E1,-1.085497696E1,8.532257080E-1,-6.173162842E-1
1.812071550E1,-1.109881989E1,-1.065184937E0,-8.048762512E-1
1.813075550E1,-1.190414520E1,-2.301164703E0,-1.149759064E0
1.814079650E1,-1.229887436E1,-2.990181885E0,-2.210603027E0
1.815083650E1,-1.201940552E1,-3.576213226E0,-3.320544891E0
1.816087650E1,-1.126916565E1,-3.814817047E0,-4.024830322E0
1.817091650E1,-1.028975235E1,-3.469485168E0,-4.519850922E0
1.818095650E1,-9.678273926E0,-2.999462585E0,-4.666246490E0
1.819099650E1,-9.881102142E0,-2.065105591E0,-4.194427643E0
1.820103650E1,-1.032867142E1,-5.040019226E-1,-3.405867462E0
1.821107650E1,-1.034723282E1,6.948550415E-1,-2.488724670E0
1.822111750E1,-1.009216324E1,1.196461945E0,-1.474134521E0
1.823115750E1,-9.837842102E0,9.466314697E-1,-5.441184998E-1
1.824119750E1,-1.015503250E1,4.246669006E-1,6.227050781E-2
1.825123750E1,-1.088895630E1,-1.675016785E-1,3.109034729E-1
1.826127750E1,-1.157677597E1,-8.193960571E-1,1.688488770E-1
1.827131750E1,-1.191297684E1,-1.471589813E0,-2.293231201E-1
1.828135750E1,-1.181657730E1,-1.910327454E0,-7.316784668E-1
1.829139750E1,-1.122590561E1,-2.045795746E0,-1.226998444E0
1.830143850E1,-1.052491333E1,-2.031425629E0,-1.532962189E0
1.831147850E1,-9.673334198E0,-1.703757019E0,-1.786834259E0
1.832151850E1,-8.707243195E0,-1.216071167E0,-1.746717682E0
1.833155850E1,-7.835007019E0,-6.809339905E-1,-1.538650360E0
1.834159850E1,-7.038213959E0,-2.192939758E-1,-1.140927429E0
1.835163850E1,-6.331383820E0,9.939331055E-2,-5.827381897E-1
1.836167850E1,-5.843398590E0,3.448828125E-1,-6.601272583E-2
1.837171850E1,-5.530698853E0,6.086343384E-1,3.309617615E-1
1.838175950E1,-5.321284332E0,8.521778870E-1,6.668632507E-1
1.839179950E1,-5.162464600E0,9.493258667E-1,7.259902954E-1
1.840183950E1,-5.260211334E0,8.991801453E-1,7.283853149E-1
1.841187950E1,-5.515580292E0,6.899153137E-1,5.956114197E-1
1.842191950E1,-5.992937622E0,3.703298950E-1,3.760180664E-1
1.843195950E1,-6.681954803E0,3.083587646E-2,1.895059204E-1
1.844199950E1,-7.426955566E0,-2.439926147E-1,-5.807922363E-2
1.845204050E1,-8.208031311E0,-3.218307495E-1,-2.281256104E-1
1.846208050E1,-8.698261871E0,-2.676434326E-1,-4.843927002E-1
1.847212050E1,-9.062304840E0,-2.035766602E-1,-4.653822327E-1
1.848216050E1,-9.310638428E0,3.487747192E-2,-3.516188049E-1
1.849220050E1,-9.325457611E0,2.894979858E-1,-9.131011963E-2
1.850224050E1,-9.287586365E0,4.043092346E-1,2.234852600E-1
1.851228050E1,-9.238189087E0,4.080514526E-1,6.500981140E-1
1.852232050E1,-9.128766632E0,3.585044861E-1,1.118474121E0
1.853236150E1,-8.987310791E0,3.083587646E-1,1.500479736E0
1.854240150E1,-8.909772034E0,3.209326172E-1,1.628912659E0
1.855244150E1,-8.854087830E0,2.953358459E-1,1.443148956E0
1.856248150E1,-8.850345612E0,2.080673218E-1,1.120420074E0
1.857252150E1,-8.926537170E0,3.742218018E-3,7.906558228E-1
1.858256150E1,-9.079818420E0,-1.541793823E-1,1.118174744E-1
1.859260150E1,-9.603728943E0,-2.044747925E-1,-8.187973022E-1
1.860264150E1,-1.042641815E1,-2.737806702E-1,-1.240769806E0
1.861268250E1,-1.165102158E1,-5.231620789E-1,-3.505709839E-1
1.862272250E1,-1.292966263E1,-7.882608032E-1,1.171314240E0
1.863276250E1,-1.393991180E1,-1.092727661E0,2.379002838E0
1.864280250E1,-1.460722412E1,-1.481319580E0,2.624342651E0
1.865284250E1,-1.500539612E1,-1.960323486E0,2.029779053E0
1.866288250E1,-1.502665192E1,-2.714904327E0,1.262774048E0
1.867292250E1,-1.476020599E1,-3.946992188E0,3.812571716E-1
1.868296350E1,-1.420456146E1,-4.485871582E0,-4.192781067E-1
1.869300350E1,-1.344773529E1,-3.388503571E0,-8.512797546E-1
1.870304350E1,-1.294493088E1,-1.119072876E0,-1.371148682E0
1.871308350E1,-1.234138596E1,4.534071350E-1,-2.615061951E0
1.872312350E1,-1.189306824E1,1.277892609E0,-4.005819855E0
1.873316350E1,-1.162078445E1,1.823208618E0,-4.758305054E0
1.874320350E1,-1.100706070E1,1.876048737E0,-4.752467194E0
1.875324350E1,-1.026595184E1,1.646725616E0,-4.369713135E0
1.876328450E1,-9.640252991E0,1.291813660E0,-3.772305450E0
1.877332450E1,-9.190887451E0,5.245092773E-1,-3.158731384E0
1.878336450E1,-8.708889771E0,-5.834866333E-1,-2.561772766E0
1.879340450E1,-8.168064423E0,-1.555565186E0,-2.248923340E0
1.880344450E1,-7.921078033E0,-2.315085754E0,-1.921554108E0
1.881348450E1,-8.435857544E0,-2.885250092E0,-1.372645569E0
1.882352450E1,-9.416917419E0,-3.046913910E0,-1.018182678E0
1.883356550E1,-1.044198578E1,-2.597248993E0,-7.399113464E-1
1.884360550E1,-1.118354370E1,-1.580862579E0,-4.490661621E-1
1.885364588E1,-1.144040955E1,-3.888912964E-1,-4.349954224E-1
1.886368588E1,-1.130898285E1,5.957611084E-1,-8.295748901E-1
1.887372588E1,-1.108714417E1,1.235830078E0,-1.371298370E0
1.888376588E1,-1.083476898E1,1.634151764E0,-1.781295776E0
1.889380588E1,-1.050246002E1,1.725611572E0,-1.940564575E0
1.890384588E1,-9.972711639E0,1.455423431E0,-1.813778229E0
1.891388688E1,-9.205257568E0,1.004261627E0,-1.542242889E0
1.892392688E1,-8.344846802E0,4.728666687E-1,-1.156495056E0
1.893396688E1,-7.566315765E0,-1.321751404E-1,-8.514294434E-1
1.894400688E1,-6.937772827E0,-7.009922791E-1,-5.514532471E-1
1.895404688E1,-6.464756470E0,-1.140478363E0,-2.540217590E-1
1.896408687E1,-6.032605133E0,-1.546883240E0,1.046324158E-1
1.897412688E1,-5.757327576E0,-1.868115234E0,5.110372925E-1
1.898416688E1,-5.693410492E0,-2.086660767E0,9.125024414E-1
1.899420788E1,-5.748196564E0,-2.139949951E0,1.053359528E0
1.900424788E1,-5.985004120E0,-2.067051544E0,1.022823029E0
1.901428788E1,-6.359375610E0,-1.900148621E0,8.806187439E-1
1.902432788E1,-6.872358856E0,-1.703607330E0,7.352709961E-1
1.903436788E1,-7.481741638E0,-1.531165924E0,6.647676086E-1
1.904440788E1,-8.041577454E0,-1.373843079E0,6.903643799E-1
1.905444788E1,-8.461903381E0,-1.232836304E0,7.713459778E-1
1.906448888E1,-8.656798096E0,-1.150208130E0,8.948391724E-1
1.907452888E1,-8.639733582E0,-1.197958832E0,1.076710968E0
1.908456888E1,-8.570427704E0,-1.296454010E0,1.284179535E0
1.909460888E1,-8.540340271E0,-1.336869965E0,1.555864563E0
1.910464888E1,-8.422684937E0,-1.296154633E0,1.681453400E0
1.911468888E1,-8.246351624E0,-1.294957123E0,1.426084442E0
1.912472888E1,-8.132139130E0,-1.382075958E0,1.370400238E0
1.913476888E1,-8.083190918E0,-1.429078217E0,1.147513733E0
1.914480988E1,-8.395591278E0,-1.533710632E0,6.515950012E-1
1.915484988E1,-9.461225281E0,-1.721719666E0,2.200424194E-1
1.916488988E1,-1.068627777E1,-1.741328888E0,-4.089495850E-1
1.917492988E1,-1.149399811E1,-1.710193634E0,-1.116528168E0
1.918496988E1,-1.210607529E1,-1.708547058E0,-9.939331055E-1
1.919500988E1,-1.288640259E1,-1.315913544E0,4.191284180E-2
1.920504988E1,-1.361853012E1,-4.394860840E-1,1.046773224E0
1.921509088E1,-1.402987473E1,5.580395508E-1,1.740730133E0
1.922513088E1,-1.417731812E1,1.656904449E0,2.237097931E0
1.923517088E1,-1.407597885E1,2.685715027E0,2.389481049E0
1.924521088E1,-1.320374268E1,3.396886139E0,1.889371033E0
1.925525088E1,-1.184412003E1,3.364852753E0,8.137078857E-1
1.926529088E1,-1.081770447E1,1.922751617E0,-9.400451660E-2
1.927533088E1,-1.122964783E1,-4.496649170E-1,-4.537065125E-1
1.928537188E1,-1.242042160E1,-2.134261780E0,-6.270460510E-1
1.929541188E1,-1.294253586E1,-2.960244141E0,-1.438209229E0
1.930545187E1,-1.285945862E1,-3.619922333E0,-2.632575531E0
1.931549188E1,-1.221759338E1,-4.115990753E0,-3.510649567E0
1.932553188E1,-1.122515717E1,-4.140539703E0,-4.270768890E0
1.933557188E1,-1.048000671E1,-3.675905914E0,-4.746629333E0
1.934561188E1,-1.025053391E1,-2.589764557E0,-4.626728668E0
1.935565288E1,-1.011476624E1,-1.295855255E0,-3.542982330E0
1.936569287E1,-9.655521240E0,-1.703457642E-1,-2.406844940E0
1.937573288E1,-9.090895386E0,6.855743408E-1,-1.506467285E0
1.938577288E1,-8.665030975E0,1.196012878E0,-5.800437927E-1
1.939581288E1,-8.639284515E0,1.288520508E0,9.535171509E-2
1.940585288E1,-9.108708344E0,9.692344666E-1,5.044509888E-1
1.941589288E1,-9.915380859E0,3.574566650E-1,6.369255066E-1
1.942593288E1,-1.068298462E1,-4.267625427E-1,4.360432434E-1
1.943597388E1,-1.120719452E1,-1.199755096E0,-5.328918457E-2
1.944601388E1,-1.133383118E1,-1.664388885E0,-7.447013855E-1
1.945605388E1,-1.111738129E1,-1.889221344E0,-1.536854095E0
1.946609388E1,-1.069451065E1,-1.912872162E0,-2.195185089E0
1.947613388E1,-1.000983444E1,-1.640588379E0,-2.580334167E0
1.948617388E1,-9.156009979E0,-1.219364319E0,-2.524949341E0
1.949621388E1,-8.309969330E0,-6.801855469E-1,-2.148931274E0
1.950625488E1,-7.582182770E0,-1.847158813E-1,-1.592687988E0
1.951629488E1,-6.908284149E0,2.272274780E-1,-9.503736877E-1
1.952633488E1,-6.368356934E0,5.831872559E-1,-2.766247559E-1
1.953637488E1,-5.863756256E0,9.925859070E-1,1.691482544E-1
1.954641488E1,-5.513933716E0,1.240919495E0,4.444258118E-1
1.955645488E1,-5.388494568E0,1.334175568E0,5.719606018E-1
1.956649488E1,-5.474116516E0,1.249002686E0,5.664221191E-1
1.957653588E1,-5.774392090E0,1.070274353E0,4.017645264E-1
1.958657588E1,-6.380332031E0,8.111631775E-1,3.330574036E-1
1.959661588E1,-7.006030884E0,4.869374084E-1,1.330732727E-1
1.960665588E1,-7.639962616E0,1.775308228E-1,-9.385482788E-2
1.961669588E1,-8.275989990E0,-5.269042969E-2,-3.444337463E-1
1.962673588E1,-8.860524445E0,-9.505233765E-2,-4.966671753E-1
1.963677588E1,-9.241931305E0,-9.116043091E-2,-5.577401733E-1
1.964681588E1,-9.393715668E0,4.490661621E-3,-4.650828552E-1
1.965685688E1,-9.436975708E0,1.531315613E-1,-2.529739380E-1
1.966689688E1,-9.495204620E0,2.698887634E-1,9.041198730E-2
1.967693688E1,-9.517208862E0,3.613485718E-1,5.656736755E-1
1.968697688E1,-9.493857422E0,4.725672913E-1,1.014141083E0
1.969701688E1,-9.367819519E0,5.141807556E-1,1.357527008E0
1.970705688E1,-9.208401031E0,4.336482239E-1,1.525477753E0
1.971709688E1,-9.059161377E0,2.308200073E-1,1.421593781E0
1.972713788E1,-9.059909821E0,-1.781295776E-2,1.224902802E0
1.973717788E1,-9.123976593E0,-2.125579834E-1,5.572911072E-1
1.974721788E1,-9.321865082E0,-2.920426941E-1,-5.885760498E-1
1.975725788E1,-9.870923309E0,-2.374063110E-1,-1.466949463E0
1.976729788E1,-1.080782501E1,-2.258802795E-1,-8.610095215E-1
1.977733788E1,-1.204649918E1,-2.969824219E-1,9.132508850E-1
1.978737788E1,-1.314626221E1,-3.784130859E-1,2.456840973E0
1.979741888E1,-1.394305527E1,-5.086422729E-1,3.214265900E0
1.980745888E1,-1.457324478E1,-9.180409241E-1,2.859353943E0
1.981749888E1,-1.509461060E1,-1.617236938E0,2.033221893E0
1.982753888E1,-1.516571274E1,-2.649640045E0,9.613009644E-1
1.983757888E1,-1.457070007E1,-3.601809998E0,-3.550616455E-1
1.984761888E1,-1.359113708E1,-3.392994232E0,-1.274150391E0
1.985765867E1,-1.280661850E1,-1.645677795E0,-1.939067688E0
1.986769967E1,-1.238734039E1,7.798782349E-2,-2.798131256E0
1.987773967E1,-1.175116333E1,8.509803772E-1,-4.134402466E0
1.988777967E1,-1.100750977E1,1.323996735E0,-5.315296783E0
1.989781967E1,-1.040710831E1,1.269809418E0,-5.506299591E0
1.990785967E1,-9.869127045E0,8.246351624E-1,-5.198090515E0
1.991789967E1,-9.555978241E0,2.396516418E-1,-4.517904968E0
1.992793967E1,-9.336534576E0,-5.530998230E-1,-3.554208984E0
1.993798067E1,-9.106313324E0,-1.406026154E0,-2.828518066E0
1.994802067E1,-8.798253937E0,-2.223925323E0,-2.485431519E0
1.995806067E1,-8.527616730E0,-2.868634644E0,-2.260299683E0
1.996810067E1,-8.658294983E0,-3.298390961E0,-1.897304535E0
1.997814067E1,-9.226064301E0,-3.432811432E0,-1.460363159E0
1.998818067E1,-9.972412262E0,-2.995121613E0,-9.437873840E-1
1.999822067E1,-1.061248123E1,-1.983974304E0,-5.002597046E-1
2.000826167E1,-1.088536377E1,-4.969665527E-1,-3.763174438E-1
2.001830167E1,-1.077683945E1,1.039139099E0,-6.863227844E-1
2.002834167E1,-1.059826080E1,2.046244812E0,-1.153052216E0
2.003838167E1,-1.044602737E1,2.478246460E0,-1.598076782E0
2.004842167E1,-1.035142410E1,2.421364746E0,-1.829794922E0
2.005846167E1,-1.019110748E1,1.960173798E0,-1.785337372E0
2.006850167E1,-9.753267975E0,1.159039764E0,-1.656305695E0
2.007854267E1,-8.978778534E0,2.495310974E-1,-1.452878723E0
2.008858267E1,-8.207881622E0,-5.885760498E-1,-1.202599182E0
2.009862267E1,-7.474107513E0,-1.156644745E0,-9.249266052E-1
2.010866267E1,-6.869215393E0,-1.590292969E0,-4.797523499E-1
2.011870267E1,-6.392905884E0,-1.842967529E0,-7.694000244E-2
2.012874267E1,-5.991889801E0,-1.978136444E0,3.324586487E-1
2.013878267E1,-5.718707886E0,-2.042801971E0,5.980064392E-1
2.014882367E1,-5.786516876E0,-2.076182556E0,7.942483521E-1
2.015886367E1,-6.062991943E0,-2.009122009E0,7.586224365E-1
2.016890367E1,-6.404581604E0,-1.872905273E0,6.114784241E-1
2.017894367E1,-6.941664734E0,-1.698667603E0,5.041516113E-1
2.018898367E1,-7.586374054E0,-1.495240631E0,4.002676392E-1
2.019902367E1,-8.170459442E0,-1.296454010E0,3.237767029E-1
2.020906367E1,-8.589438171E0,-1.120120697E0,2.350112915E-1
2.021910367E1,-8.881031799E0,-1.013692017E0,2.381547546E-1
2.022914467E1,-8.964408417E0,-1.040635986E0,3.930825806E-1
2.023918467E1,-8.873247986E0,-1.163979492E0,7.005432129E-1
2.024922467E1,-8.745264130E0,-1.206491089E0,1.104403381E0
2.025926467E1,-8.568930817E0,-1.119521942E0,1.373693390E0
2.026930467E1,-8.292455750E0,-9.451345825E-1,1.448388062E0
2.027934467E1,-7.979905701E0,-7.893086243E-1,1.510508881E0
2.028938467E1,-7.742349701E0,-7.113208008E-1,1.472188568E0
2.029942567E1,-7.838599548E0,-6.900650024E-1,1.209185486E0
2.030946567E1,-8.422086182E0,-7.673043823E-1,7.548802185E-1
2.031950567E1,-9.423354034E0,-8.135581970E-1,5.433700562E-2
2.032954567E1,-1.052611084E1,-7.665559387E-1,-7.512876892E-1
2.033958567E1,-1.147229324E1,-8.490344238E-1,-1.274300079E0
2.034962567E1,-1.238015533E1,-1.170116730E0,-1.070424042E0
2.035966667E1,-1.312740143E1,-1.096619568E0,-2.869532776E-1
2.036970667E1,-1.352063370E1,-5.718109131E-1,6.182144165E-1
2.037974667E1,-1.367062180E1,1.164578247E-1,1.478475494E0
2.038978667E1,-1.380743729E1,9.216334534E-1,2.051184540E0
2.039982667E1,-1.381477203E1,1.791025543E0,2.245330811E0
2.040986667E1,-1.345731537E1,2.195334778E0,2.294428711E0
2.041990667E1,-1.223959763E1,1.855541382E0,1.203197937E0
2.042994667E1,-1.154623947E1,4.692741394E-1,-1.763333130E-1
2.043998767E1,-1.218511093E1,-1.365161133E0,-5.539979553E-1
2.045002767E1,-1.308503952E1,-2.680475922E0,-4.869374084E-1
2.046006767E1,-1.313353867E1,-3.272345123E0,-1.136586456E0
2.047010767E1,-1.268926254E1,-3.796105957E0,-2.453847198E0
2.048014767E1,-1.201027451E1,-4.222868500E0,-3.816164246E0
2.049018767E1,-1.102068237E1,-4.276606750E0,-4.677622833E0
2.050022867E1,-1.004201752E1,-3.958368530E0,-4.819228363E0
2.051026867E1,-9.402996368E0,-3.244503021E0,-4.393064575E0
2.052030867E1,-9.175619202E0,-2.038610687E0,-3.511697388E0
2.053034867E1,-9.182654572E0,-7.481442261E-1,-2.446063385E0
2.054038867E1,-8.892857208E0,5.836363220E-1,-1.793121185E0
2.055042867E1,-8.436755676E0,1.576222229E0,-1.141975250E0
2.056046867E1,-8.181985474E0,1.810335388E0,-4.634362793E-1
2.057050967E1,-8.480913849E0,1.386865997E0,-1.916015625E-2
2.058054967E1,-9.322014771E0,6.824308777E-1,2.321672058E-1
2.059058967E1,-1.026894562E1,-1.948947144E-1,2.065704346E-1
2.060062967E1,-1.099523529E1,-1.073118439E0,-3.026705933E-1
2.061066967E1,-1.134805161E1,-1.714384918E0,-8.878038025E-1
2.062070967E1,-1.136601425E1,-2.021097107E0,-1.405427399E0
2.063074967E1,-1.099418747E1,-1.996847534E0,-1.830693054E0
2.064079067E1,-1.031415161E1,-1.806892548E0,-2.060764618E0
2.065083067E1,-9.439819794E0,-1.552122345E0,-2.052232361E0
2.066087067E1,-8.516390076E0,-1.314117279E0,-1.791175232E0
2.067091067E1,-7.823031921E0,-1.069525909E0,-1.338217163E0
2.068095067E1,-7.293882294E0,-7.975415039E-1,-8.217910767E-1
2.069099067E1,-6.736890564E0,-5.487588501E-1,-3.990701294E-1
2.070103067E1,-6.425388336E0,-3.333567810E-1,8.322692871E-2
2.071107167E1,-6.198011169E0,-1.856140137E-2,3.185375977E-1
2.072111167E1,-6.130052490E0,2.351609802E-1,4.405339050E-1
2.073115167E1,-6.193071442E0,3.589535522E-1,4.147874451E-1
2.074119167E1,-6.405479736E0,3.359014893E-1,2.652484131E-1
2.075123167E1,-6.812333679E0,1.781295776E-1,7.005432129E-2
2.076127167E1,-7.396119690E0,-1.044827271E-1,-1.285826111E-1
2.077131167E1,-7.905660095E0,-3.305126953E-1,-3.152444458E-1
2.078135267E1,-8.424481201E0,-6.429130554E-1,-5.156776428E-1
2.079139267E1,-9.009913788E0,-8.186476135E-1,-5.700146484E-1
2.080143267E1,-9.302854614E0,-8.048762512E-1,-5.480104065E-1
2.081147267E1,-9.501940613E0,-8.560697937E-1,-2.652484131E-1
2.082151267E1,-9.433532867E0,-9.741741943E-1,5.119354248E-2
2.083155267E1,-9.187893677E0,-1.088835754E0,3.345542908E-1
2.084159267E1,-9.013057251E0,-1.159638519E0,6.349795532E-1
2.085163438E1,-8.905131683E0,-1.238374786E0,8.845106506E-1
2.086167438E1,-8.817264404E0,-1.372346191E0,1.092877350E0
2.087171438E1,-8.826395416E0,-1.526824951E0,1.338366852E0
2.088175438E1,-8.955127716E0,-1.622775421E0,1.481169891E0
2.089179438E1,-9.110654297E0,-1.563049622E0,1.353635101E0
2.090183438E1,-9.373358002E0,-1.360670471E0,8.346643066E-1
2.091187438E1,-9.668693848E0,-1.049467621E0,5.595364380E-1
2.092191538E1,-9.763147430E0,-8.502319336E-1,3.697311401E-2
2.093195538E1,-9.817933502E0,-5.716612244E-1,-5.734574890E-1
2.094199538E1,-1.011132339E1,-1.538800049E-1,-7.167095947E-1
2.095203538E1,-1.077893509E1,6.466552734E-2,-2.089654541E-1
2.096207538E1,-1.154010223E1,4.565505981E-2,5.197192383E-1
2.097211538E1,-1.218915253E1,6.840774536E-2,1.213975525E0
2.098215638E1,-1.269031036E1,-7.050338745E-2,1.916464691E0
2.099219638E1,-1.305824524E1,-5.146298218E-1,2.217937775E0
2.100223638E1,-1.317919373E1,-9.979747009E-1,1.923949127E0
2.101227638E1,-1.248299149E1,-1.969753876E0,1.035995636E0
2.102231638E1,-1.178229858E1,-3.487447815E0,-3.451821899E-1
2.103235638E1,-1.153007309E1,-3.799548798E0,-1.751657410E0
2.104239638E1,-1.177092224E1,-2.730921021E0,-2.213596802E0
2.105243738E1,-1.200398758E1,-1.811532898E0,-2.664608917E0
2.106247738E1,-1.208721451E1,-1.749711456E0,-3.778742065E0
2.107251738E1,-1.226848755E1,-2.102976837E0,-4.751868439E0
2.108255738E1,-1.243509109E1,-2.572849731E0,-5.104834442E0
2.109259738E1,-1.225666214E1,-3.116818542E0,-4.687053223E0
2.110263738E1,-1.176837753E1,-3.840114441E0,-3.965254211E0
2.111267738E1,-1.120464981E1,-4.321513367E0,-3.416046295E0
2.112271838E1,-1.062954575E1,-4.236490173E0,-3.029849396E0
2.113275838E1,-1.002929398E1,-3.888463898E0,-2.630928955E0
2.114279838E1,-9.438173218E0,-3.392694855E0,-2.287243652E0
2.115283838E1,-8.995543671E0,-2.700983276E0,-1.977687378E0
2.116287838E1,-8.956923981E0,-1.818268890E0,-1.626966705E0
2.117291837E1,-9.265881500E0,-7.833210754E-1,-1.368753662E0
2.118295838E1,-9.604327698E0,1.960922241E-1,-1.286424866E0
2.119299938E1,-1.002734802E1,8.458909607E-1,-1.218466187E0
2.120303938E1,-1.037058426E1,1.233285370E0,-1.345701599E0
2.121307938E1,-1.070513855E1,1.332528992E0,-1.539099426E0
2.122311938E1,-1.094164673E1,1.028062134E0,-1.704954529E0
2.123315937E1,-1.082339264E1,3.671864319E-1,-1.771416321E0
2.124319938E1,-1.040845551E1,-5.046006775E-1,-1.651066589E0
2.125324038E1,-9.770781555E0,-1.383872223E0,-1.247655487E0
2.126328038E1,-8.816815338E0,-2.066452789E0,-7.476951599E-1
2.127332038E1,-7.872878265E0,-2.483186188E0,-2.667453003E-1
2.128336038E1,-7.038213959E0,-2.597398682E0,1.853146362E-1
2.129340038E1,-6.266418915E0,-2.478545837E0,5.562432861E-1
2.130344038E1,-5.705385590E0,-2.177671509E0,7.524851990E-1
2.131348038E1,-5.397775269E0,-1.731449432E0,7.960446167E-1
2.132352138E1,-5.402565308E0,-1.352736969E0,7.304809570E-1
2.133356138E1,-5.593717804E0,-1.127006378E0,5.393284607E-1
2.134360138E1,-6.005511475E0,-1.076112213E0,2.378553772E-1
2.135364138E1,-6.693480835E0,-1.171763306E0,-8.098159790E-2
2.136368138E1,-7.558232574E0,-1.482217712E0,-3.531156921E-1
2.137372138E1,-8.408614197E0,-1.803599396E0,-5.992039490E-1
2.138376138E1,-9.172475739E0,-1.910626831E0,-8.566685486E-1
2.139380238E1,-9.830657043E0,-1.831291809E0,-1.083896027E0
2.140384238E1,-1.026116180E1,-1.737736359E0,-1.204545135E0
2.141388238E1,-1.051428543E1,-1.729802856E0,-1.215622101E0
2.142392238E1,-1.056727524E1,-1.722617798E0,-1.056203613E0
2.143396238E1,-1.037372772E1,-1.753154297E0,-7.782316589E-1
2.144400238E1,-1.005608826E1,-1.712588654E0,-4.052073669E-1
2.145404238E1,-9.607620850E0,-1.588796082E0,-5.089416504E-2
2.146408338E1,-9.072034607E0,-1.423090668E0,2.212399292E-1
2.147412338E1,-8.636440430E0,-1.150507507E0,4.999603271E-1
2.148416338E1,-8.227191467E0,-7.722441101E-1,6.770420837E-1
2.149420338E1,-8.023914185E0,-4.276606750E-1,9.894424438E-1
2.150424338E1,-7.939639435E0,5.987548828E-2,1.249451752E0
2.151428337E1,-7.901019745E0,5.263055420E-1,1.365310822E0
2.152432438E1,-8.033793640E0,7.937992859E-1,1.481618958E0
2.153436438E1,-8.391100616E0,8.400531006E-1,1.403780823E0
2.154440438E1,-8.899892578E0,7.045848083E-1,1.066981201E0
2.155444438E1,-9.488019562E0,4.119433594E-1,4.484674072E-1
2.156448438E1,-1.024604324E1,-2.441423035E-1,-1.095721436E-1
2.157452437E1,-1.107292374E1,-1.041683807E0,-4.963677979E-1
2.158456438E1,-1.183034866E1,-1.822609863E0,-8.096662903E-1
2.159460538E1,-1.253493347E1,-2.462828522E0,-8.815168762E-1
2.160464538E1,-1.298295181E1,-2.884052582E0,-5.119354248E-1
2.161468538E1,-1.300705170E1,-2.924468536E0,3.338058472E-2
2.162472538E1,-1.303100189E1,-2.726430359E0,7.366181946E-1
2.163476538E1,-1.316886520E1,-2.287692719E0,1.533860321E0
2.164480538E1,-1.323248291E1,-1.552272034E0,2.164199524E0
2.165484638E1,-1.314416656E1,-9.312135315E-1,2.311193848E0
2.166488638E1,-1.244407242E1,-8.066725159E-1,2.201771393E0
2.167492638E1,-1.129970215E1,-1.311871948E0,1.535656586E0
2.168496638E1,-1.072160431E1,-1.892215118E0,6.072871399E-1
2.169500638E1,-1.052880524E1,-2.118095398E0,1.830693054E-1
2.170504638E1,-1.008168503E1,-1.813478851E0,-1.922003174E-1
2.171508638E1,-9.398805084E0,-1.343156891E0,-1.082698517E0
2.172512738E1,-8.858877869E0,-1.103056183E0,-2.320324860E0
2.173516738E1,-8.523126068E0,-9.557624817E-1,-3.686683502E0
2.174520738E1,-8.218359833E0,-7.128176880E-1,-4.681365051E0
2.175524738E1,-8.449179840E0,-6.553372192E-1,-4.895120544E0
2.176528738E1,-9.506730652E0,-8.583151245E-1,-4.283941498E0
2.177532738E1,-1.081785416E1,-1.008153534E0,-3.360062714E0
2.178536738E1,-1.189830734E1,-6.503974915E-1,-2.611020355E0
2.179540838E1,-1.236159393E1,5.673202515E-2,-2.438129883E0
2.180544838E1,-1.216595078E1,3.191363525E-1,-2.638862457E0
2.181548838E1,-1.156809402E1,-6.571334839E-2,-2.533481598E0
2.182552838E1,-1.132395172E1,-9.759704590E-1,-2.117496643E0
2.183556838E1,-1.134101624E1,-2.105072479E0,-1.688788147E0
2.184560838E1,-1.130733627E1,-3.091221771E0,-1.191222839E0
2.185564863E1,-1.115719849E1,-3.800596619E0,-6.087840271E-1
2.186568863E1,-1.085901855E1,-4.017196198E0,-1.799258423E-1
2.187572863E1,-1.027987289E1,-3.632346497E0,1.686991882E-1
2.188576863E1,-9.480535126E0,-2.726280670E0,1.441502380E-1
2.189580863E1,-8.830437012E0,-1.685195618E0,-6.301895142E-2
2.190584862E1,-8.226892090E0,-5.839356995E-1,-4.439767456E-1
2.191588863E1,-7.702682190E0,2.441423035E-1,-9.324110413E-1
2.192592963E1,-7.347171478E0,6.577322388E-1,-1.285826111E0
2.193596963E1,-7.232360229E0,8.794212341E-1,-1.332528992E0
2.194600963E1,-7.152127075E0,9.791139221E-1,-1.166673889E0
2.195604963E1,-6.890920258E0,9.828561401E-1,-9.508227539E-1
2.196608962E1,-6.690187683E0,8.372090149E-1,-6.418652344E-1
2.197612963E1,-6.455326080E0,7.036866760E-1,-5.513035583E-1
2.198617063E1,-6.418652344E0,4.706213379E-1,-3.836521912E-1
2.199621063E1,-6.542145538E0,1.225950623E-1,-2.417472839E-1
2.200625063E1,-6.820267181E0,-3.686833191E-1,-2.037263489E-1
2.201629063E1,-7.291936340E0,-7.566764832E-1,-1.869612122E-1
2.202633063E1,-7.871830444E0,-8.472381592E-1,-2.121089172E-1
2.203637063E1,-8.374634857E0,-8.569679260E-1,-3.348536682E-1
2.204641063E1,-8.829389191E0,-7.854167175E-1,-3.785627747E-1
2.205645163E1,-9.228159943E0,-5.102888489E-1,-4.531077576E-1
2.206649163E1,-9.449250183E0,-5.373825073E-2,-3.983216858E-1
2.207653163E1,-9.245823212E0,3.116519165E-1,-2.255809021E-1
2.208657163E1,-8.933871918E0,5.846841431E-1,1.766326904E-2
2.209661163E1,-8.821006622E0,8.328680420E-1,2.978805542E-1
2.210665163E1,-8.761729889E0,1.061143341E0,6.149212646E-1
2.211669263E1,-8.759933624E0,1.213526459E0,9.855505371E-1
2.212673263E1,-8.744216309E0,1.241967316E0,1.350341949E0
2.213677263E1,-8.838370514E0,1.216520233E0,1.472787323E0
2.214681263E1,-8.881331177E0,1.080453186E0,1.285975800E0
2.215685263E1,-8.960516510E0,7.238946533E-1,1.236578522E0
2.216689263E1,-9.160350952E0,2.119592285E-1,1.245709534E0
2.217693263E1,-9.374555511E0,-2.749781799E-1,1.135538635E0
2.218697363E1,-9.626182251E0,-6.436614990E-1,7.259902954E-1
2.219701363E1,-1.008258316E1,-1.058299255E0,2.451901245E-1
2.220705363E1,-1.089988358E1,-1.462907867E0,1.185534668E-1
2.221709363E1,-1.195024933E1,-1.797162781E0,6.809339905E-1
2.222713363E1,-1.293699738E1,-2.119442596E0,1.678759003E0
2.223717363E1,-1.357556946E1,-2.376757507E0,2.444716187E0
2.224721463E1,-1.392673920E1,-2.541714478E0,2.578837280E0
2.225725463E1,-1.438822952E1,-2.494412842E0,1.980232086E0
2.226729463E1,-1.486004837E1,-2.630330200E0,1.245709534E0
2.227733463E1,-1.495629822E1,-3.269950104E0,4.034111023E-1
2.228737463E1,-1.465991455E1,-2.905757446E0,-5.596861267E-1
2.229741463E1,-1.404289764E1,-7.673043823E-1,-1.330283661E0
2.230745462E1,-1.351674179E1,1.250649261E0,-2.462229767E0
2.231749563E1,-1.302381683E1,2.179617462E0,-4.163142700E0
2.232753563E1,-1.218391342E1,2.321672058E0,-5.650749207E0
2.233757563E1,-1.112741043E1,1.843865662E0,-6.184239807E0
2.234761563E1,-1.015862503E1,1.037492523E0,-6.098617859E0
2.235765563E1,-9.477691040E0,3.450325012E-1,-5.385800171E0
2.236769563E1,-9.230554962E0,-2.267784119E-1,-4.226311340E0
2.237773662E1,-8.992699585E0,-8.223898315E-1,-3.293002167E0
2.238777663E1,-8.595575409E0,-1.505269775E0,-2.687660980E0
2.239781663E1,-8.285570068E0,-2.159409485E0,-2.386038208E0
2.240785663E1,-8.351882172E0,-2.759960632E0,-2.008074188E0
2.241789663E1,-8.912316742E0,-3.243455200E0,-1.342707825E0
2.242793663E1,-9.661957855E0,-3.250191193E0,-7.511380005E-1
2.243797663E1,-1.025726990E1,-2.685415649E0,-3.721261597E-1
2.244801763E1,-1.061173279E1,-1.587748260E0,-2.445913696E-1
2.245805763E1,-1.078177917E1,-3.323089600E-1,-4.977149963E-1
2.246809763E1,-1.072579559E1,6.813830566E-1,-1.054107971E0
2.247813763E1,-1.059541672E1,1.406774597E0,-1.605710907E0
2.248817763E1,-1.032298325E1,1.875000916E0,-2.056423645E0
2.249821763E1,-9.903854828E0,1.937271423E0,-2.225122833E0
2.250825863E1,-9.287137299E0,1.578617249E0,-2.090103607E0
2.251829863E1,-8.661887512E0,9.162446594E-1,-1.761536865E0
2.252833863E1,-8.067623291E0,2.198927307E-1,-1.389410706E0
2.253837863E1,-7.623945923E0,-2.936892700E-1,-1.082099762E0
2.254841863E1,-7.069049835E0,-6.939569092E-1,-8.767268372E-1
2.255845863E1,-6.436465302E0,-1.103654938E0,-6.499484253E-1
2.256849963E1,-5.952521667E0,-1.519939270E0,-3.153941345E-1
2.257853963E1,-5.756279755E0,-1.844913483E0,1.130149841E-1
2.258857963E1,-5.723797302E0,-1.938468933E0,4.614903259E-1
2.259861963E1,-5.833968201E0,-1.803898773E0,5.748046875E-1
2.260865963E1,-6.115832062E0,-1.552571411E0,5.435197449E-1
2.261869963E1,-6.539301453E0,-1.243913269E0,3.466790771E-1
2.262873963E1,-7.115153961E0,-9.738748169E-1,6.855743408E-2
2.263878063E1,-7.768994293E0,-8.940907288E-1,-9.430389404E-2
2.264882063E1,-8.368048553E0,-9.148974609E-1,-1.821711731E-1
2.265886063E1,-8.732390900E0,-9.372010803E-1,-1.651066589E-1
2.266890063E1,-8.896749115E0,-9.906399536E-1,-3.143463135E-2
2.267894063E1,-8.856632538E0,-1.226100311E0,2.288740540E-1
2.268898063E1,-8.761729889E0,-1.570833435E0,4.938230896E-1
2.269902163E1,-8.710835724E0,-1.717229004E0,7.997868347E-1
2.270906163E1,-8.617579651E0,-1.629661102E0,1.126856689E0
2.271910162E1,-8.473728790E0,-1.496587830E0,1.214873657E0
2.272914163E1,-8.348738708E0,-1.462458801E0,1.157093811E0
2.273918163E1,-8.280630341E0,-1.401236115E0,1.149010620E0
2.274922163E1,-8.529412994E0,-1.308129730E0,8.289761353E-1
2.275926163E1,-9.281000061E0,-1.304088135E0,3.845503235E-1
2.276930263E1,-1.035277130E1,-1.405427399E0,-1.279838562E-1
2.277934262E1,-1.122620499E1,-1.501826935E0,-8.044271851E-1
2.278938263E1,-1.170490952E1,-1.633553009E0,-1.165775757E0
2.279942263E1,-1.211355972E1,-1.673968964E0,-7.089257812E-1
2.280946263E1,-1.263253052E1,-1.237476654E0,3.287164307E-1
2.281950263E1,-1.308938049E1,-5.221142578E-1,1.365310822E0
2.282954363E1,-1.349488724E1,4.001179504E-1,2.260599060E0
2.283958363E1,-1.363170273E1,1.711540833E0,2.726280670E0
2.284962363E1,-1.358395203E1,2.683320007E0,2.678529968E0
2.285966375E1,-1.303204971E1,2.967429199E0,2.496807861E0
2.286970375E1,-1.170191574E1,2.515069885E0,1.296753387E0
2.287974375E1,-1.083521805E1,1.075214081E0,-8.875044250E-1
2.288978375E1,-1.149519562E1,-1.013692017E0,-1.708547058E0
2.289982475E1,-1.245065872E1,-2.450554047E0,-1.699116669E0
2.290986475E1,-1.268147873E1,-3.100203094E0,-2.298021240E0
2.291990475E1,-1.219738541E1,-3.682043152E0,-3.663332062E0
2.292994475E1,-1.097382980E1,-4.074077911E0,-4.992567902E0
2.293998475E1,-9.602531433E0,-4.118984528E0,-5.524711304E0
2.295002475E1,-8.789122925E0,-3.873644714E0,-5.501958618E0
2.296006575E1,-8.898246002E0,-3.153342590E0,-4.855602722E0
2.297010575E1,-9.825717316E0,-1.921105042E0,-3.654051361E0
2.298014575E1,-1.051413574E1,-5.679190063E-1,-2.512974243E0
2.299018575E1,-1.075408676E1,4.463717651E-1,-1.597328339E0
2.300022575E1,-1.074794952E1,8.887019348E-1,-9.479786682E-1
2.301026575E1,-1.071995773E1,8.122109985E-1,-5.981561279E-1
2.302030575E1,-1.099373840E1,5.046006775E-1,-4.550537109E-1
2.303034675E1,-1.128937363E1,-5.837860107E-3,-5.084925842E-1
2.304038675E1,-1.129536118E1,-7.087760925E-1,-6.038442993E-1
2.305042675E1,-1.097652420E1,-1.327888641E0,-5.798941040E-1
2.306046675E1,-1.042806473E1,-1.706301727E0,-4.933740234E-1
2.307050675E1,-9.641450500E0,-1.758543091E0,-6.283932495E-1
2.308054675E1,-8.892108765E0,-1.566492462E0,-7.869136047E-1
2.309058775E1,-8.172555084E0,-1.145118713E0,-1.074615326E0
2.310062775E1,-7.439230042E0,-6.274951172E-1,-1.267115021E0
2.311066775E1,-6.907535706E0,-2.323168945E-1,-1.267713776E0
2.312070775E1,-6.665489044E0,-1.736389160E-2,-1.105301514E0
2.313074775E1,-6.561605072E0,1.330732727E-1,-8.183482361E-1
2.314078775E1,-6.505920868E0,2.866539001E-1,-5.071453857E-1
2.315082875E1,-6.482719116E0,4.032614136E-1,-3.635939026E-1
2.316086875E1,-6.374943237E0,5.381309509E-1,-2.827619934E-1
2.317090875E1,-6.414011993E0,4.776567078E-1,-3.079096985E-1
2.318094875E1,-6.577621765E0,2.923420715E-1,-5.028044128E-1
2.319098875E1,-6.810836792E0,1.254391479E-1,-7.256909180E-1
2.320102875E1,-7.224726105E0,-7.649093628E-2,-9.077124023E-1
2.321106875E1,-7.710316315E0,-2.276765442E-1,-1.023272095E0
2.322110975E1,-8.138126678E0,-2.974314880E-1,-1.029858398E0
2.323114975E1,-8.482710114E0,-3.290158081E-1,-1.000519409E0
2.324118975E1,-8.640182648E0,-2.706372070E-1,-8.864566040E-1
2.325122975E1,-8.581055603E0,-1.193019104E-1,-7.080276489E-1
2.326126975E1,-8.493038635E0,4.745132446E-2,-4.668791199E-1
2.327130975E1,-8.393645325E0,2.034269714E-1,-1.562750244E-1
2.328135075E1,-8.245004425E0,3.478765869E-1,2.186952209E-1
2.329139075E1,-8.104895782E0,4.007167053E-1,7.024891663E-1
2.330143075E1,-8.062234497E0,4.195774841E-1,1.030008087E0
2.331147075E1,-8.160729675E0,4.423301697E-1,1.078357544E0
2.332151075E1,-8.461154938E0,4.119433594E-1,8.280780029E-1
2.333155075E1,-8.938961334E0,3.067121887E-1,5.020559692E-1
2.334159075E1,-9.543703766E0,1.161584473E-1,2.817141724E-1
2.335163175E1,-1.027957352E1,-7.903564453E-2,-1.811233521E-2
2.336167175E1,-1.095901062E1,-2.630030823E-1,-3.929328918E-1
2.337171175E1,-1.153531219E1,-5.737568665E-1,-8.048762512E-1
2.338175175E1,-1.227657074E1,-1.119072876E0,-6.798861694E-1
2.339179175E1,-1.296424072E1,-1.646875305E0,1.440005493E-1
2.340183175E1,-1.334564758E1,-2.034868469E0,1.146465912E0
2.341187275E1,-1.368648880E1,-2.355501709E0,1.855840759E0
2.342191275E1,-1.406999130E1,-2.635120239E0,2.037263489E0
2.343195275E1,-1.430679886E1,-2.910547485E0,1.764830017E0
2.344199275E1,-1.417432434E1,-3.177143097E0,1.080902252E0
2.345203275E1,-1.376043503E1,-3.363655243E0,-7.035369873E-3
2.346207275E1,-1.314162186E1,-2.499053192E0,-1.242566071E0
2.347211375E1,-1.254032227E1,-7.110214233E-1,-2.144590302E0
2.348215375E1,-1.229079117E1,7.993377686E-1,-3.054847412E0
2.349219375E1,-1.192120972E1,1.499431915E0,-4.463567963E0
2.350223375E1,-1.129685806E1,1.731000366E0,-5.693859558E0
2.351227375E1,-1.054272629E1,1.521286469E0,-6.247707825E0
2.352231375E1,-9.849068756E0,8.964857483E-1,-6.070626068E0
2.353235475E1,-9.348958740E0,-2.409988403E-2,-5.315895538E0
2.354239475E1,-9.137598267E0,-1.030606842E0,-4.264781342E0
2.355243475E1,-9.044491882E0,-1.770817566E0,-3.684737549E0
2.356247475E1,-8.767717438E0,-2.336940308E0,-3.460503845E0
2.357251475E1,-8.621321869E0,-2.758763123E0,-3.046764221E0
2.358255475E1,-8.681646423E0,-3.004701691E0,-2.442770233E0
2.359259475E1,-9.081015930E0,-3.016527100E0,-1.761836243E0
2.360263575E1,-9.706415405E0,-2.487078094E0,-1.156495056E0
2.361267575E1,-1.030966095E1,-1.448537750E0,-6.969506836E-1
2.362271575E1,-1.070633606E1,-8.352630615E-2,-5.261558533E-1
2.363275575E1,-1.093985046E1,1.191372528E0,-7.589218140E-1
2.364279575E1,-1.106005051E1,1.947300568E0,-1.272204437E0
2.365283575E1,-1.098610428E1,2.133812714E0,-1.860032043E0
2.366287675E1,-1.076276871E1,1.985620880E0,-2.281555481E0
2.367291675E1,-1.038315811E1,1.561852112E0,-2.367027740E0
2.368295675E1,-9.820777588E0,9.734257507E-1,-2.218087463E0
2.369299675E1,-9.015152893E0,3.201841736E-1,-1.933978271E0
2.370303675E1,-8.300538940E0,-2.513273621E-1,-1.610950012E0
2.371307675E1,-7.730374603E0,-5.492079163E-1,-1.357676697E0
2.372311675E1,-7.216642914E0,-6.839277649E-1,-1.120869141E0
2.373315775E1,-6.812633057E0,-8.482859802E-1,-8.119116211E-1
2.374319775E1,-6.460714874E0,-9.376501465E-1,-5.804928589E-1
2.375323775E1,-6.281088409E0,-1.051862640E0,-4.303550720E-1
2.376327775E1,-6.325096893E0,-1.182391205E0,-2.600093079E-1
2.377331775E1,-6.517147522E0,-1.238973541E0,-2.489323425E-1
2.378335775E1,-6.877298584E0,-1.190025330E0,-2.977308655E-1
2.379339875E1,-7.438481598E0,-1.117725677E0,-4.528083801E-1
2.380343875E1,-8.005502472E0,-1.066382446E0,-6.689588928E-1
2.381347875E1,-8.497678986E0,-9.966275024E-1,-8.566685486E-1
2.382351875E1,-8.900491333E0,-9.288185120E-1,-9.142987061E-1
2.383355875E1,-9.123377838E0,-8.373587036E-1,-8.458909607E-1
2.384359875E1,-9.182654572E0,-7.604187012E-1,-6.468049622E-1
2.385363875E1,-9.110953674E0,-7.415579224E-1,-3.517684937E-1
2.386367925E1,-8.937015381E0,-7.602690125E-1,-1.011895752E-1
2.387371925E1,-8.735684052E0,-7.556286621E-1,1.041833496E-1
2.388375925E1,-8.596922607E0,-7.455995178E-1,1.722917175E-1
2.389379925E1,-8.569679260E0,-7.054829407E-1,2.384541321E-1
2.390383925E1,-8.646469574E0,-6.307882690E-1,2.766247559E-1
2.391387925E1,-8.843609619E0,-5.252577209E-1,2.245330811E-1
2.392392025E1,-9.155860291E0,-4.282594299E-1,8.696914673E-2
2.393396025E1,-9.504635010E0,-3.426374817E-1,-1.727407837E-1
2.394400025E1,-9.867480469E0,-3.418890381E-1,-4.475692749E-1
2.395404025E1,-1.018018021E1,-4.340972900E-1,-7.598199463E-1
2.396408025E1,-1.040186920E1,-6.291416931E-1,-1.044378204E0
2.397412025E1,-1.060065582E1,-9.979747009E-1,-1.192869415E0
2.398416025E1,-1.081246536E1,-1.564247131E0,-1.122366028E0
2.399420125E1,-1.104104004E1,-2.261497192E0,-8.997789001E-1
2.400424125E1,-1.135598511E1,-2.833158417E0,-4.890330505E-1
2.401428125E1,-1.173634415E1,-3.149300995E0,1.499880981E-1
2.402432125E1,-1.206012085E1,-3.082689514E0,9.583071899E-1
2.403436125E1,-1.209380081E1,-2.665207672E0,1.653012543E0
2.404440125E1,-1.178918427E1,-2.038311310E0,2.020348663E0
2.405444225E1,-1.130554001E1,-1.352437592E0,2.026186523E0
2.406448225E1,-1.097233292E1,-7.322772217E-1,1.884730682E0
2.407452225E1,-1.061652283E1,-4.942721558E-1,1.776206360E0
2.408456225E1,-1.003528152E1,-6.041436768E-1,1.193917236E0
2.409460225E1,-9.697883148E0,-9.448352051E-1,2.383044434E-1
2.410464225E1,-1.011910721E1,-1.228794708E0,-3.385958862E-1
2.411468325E1,-1.087084396E1,-1.231339417E0,-8.303233337E-1
2.412472325E1,-1.150447632E1,-1.212179260E0,-1.385967865E0
2.413476325E1,-1.162452667E1,-1.090781708E0,-2.346071320E0
2.414480325E1,-1.126317810E1,-8.259823608E-1,-3.598516846E0
2.415484325E1,-1.110016708E1,-3.950285339E-1,-4.229005737E0
2.416488325E1,-1.101544327E1,3.704795837E-1,-4.276756439E0
2.417492325E1,-1.084330124E1,1.441502380E0,-4.164938965E0
2.418496425E1,-1.061442719E1,2.452500000E0,-4.012406158E0
2.419500425E1,-1.023272095E1,2.956352234E0,-3.506158905E0
2.420504425E1,-9.804760895E0,2.743644562E0,-2.514770508E0
2.421508425E1,-9.590556335E0,2.116448822E0,-1.473835144E0
2.422512425E1,-9.561516724E0,1.566043396E0,-8.491841125E-1
2.423516425E1,-9.721683655E0,8.090675354E-1,-4.028123474E-1
2.424520525E1,-9.945019226E0,-1.954934692E-1,-1.543290710E-1
2.425524525E1,-1.008467880E1,-1.196461945E0,-1.028361511E-1
2.426528525E1,-1.028211823E1,-1.917063446E0,-1.716929626E-1
2.427532525E1,-1.049153275E1,-2.257754974E0,-4.050576782E-1
2.428536525E1,-1.055739578E1,-2.191293182E0,-6.945556641E-1
2.429540525E1,-1.043001068E1,-1.861828308E0,-9.981243896E-1
2.430544525E1,-1.010907806E1,-1.418600006E0,-1.279389496E0
2.431548625E1,-9.676926727E0,-9.580078125E-1,-1.514999542E0
2.432552625E1,-9.118288422E0,-5.629792786E-1,-1.586401062E0
2.433556625E1,-8.439749451E0,-3.784130859E-1,-1.528770905E0
2.434560625E1,-7.792495422E0,-2.908451843E-1,-1.204545135E0
2.435564625E1,-7.255412292E0,-1.191522217E-1,-7.662565613E-1
2.436568625E1,-6.813082123E0,8.232879639E-2,-3.600013733E-1
2.437572725E1,-6.491999817E0,2.411485291E-1,-3.607498169E-2
2.438576725E1,-6.244714050E0,3.953279114E-1,1.874102783E-1
2.439580725E1,-6.110443268E0,4.326004028E-1,2.758763123E-1
2.440584725E1,-6.169869690E0,4.050576782E-1,1.689985657E-1
2.441588725E1,-6.512058105E0,2.821632385E-1,2.125579834E-2
2.442592725E1,-7.086413727E0,1.158590698E-1,-2.438429260E-1
2.443596725E1,-7.814499664E0,-1.251397705E-1,-5.490582275E-1
2.444600825E1,-8.529113617E0,-4.739144897E-1,-8.056246948E-1
2.445604825E1,-9.153914337E0,-8.744815063E-1,-9.572593689E-1
2.446608825E1,-9.588909760E0,-1.264869690E0,-1.038989410E0
2.447612825E1,-9.812395020E0,-1.497785339E0,-1.101708984E0
2.448616825E1,-9.723629608E0,-1.510658569E0,-1.078058167E0
2.449620825E1,-9.459878082E0,-1.481319580E0,-7.590715027E-1
2.450624825E1,-9.207951965E0,-1.397044830E0,-3.475772095E-1
2.451628925E1,-8.972192230E0,-1.236129456E0,1.016386414E-1
2.452632925E1,-8.647517395E0,-1.156345367E0,5.089416504E-1
2.453636925E1,-8.348738708E0,-1.250649261E0,7.596702576E-1
2.454640925E1,-8.202343140E0,-1.435963898E0,8.963360596E-1
2.455644925E1,-8.346493378E0,-1.805096283E0,8.285270691E-1
2.456648925E1,-8.636739807E0,-2.123484192E0,6.610253906E-1
2.457652925E1,-8.908873901E0,-2.470762024E0,4.053570557E-1
2.458657025E1,-9.045839081E0,-2.517764282E0,1.417552185E-1
2.459661025E1,-9.167985077E0,-2.465223541E0,1.197509766E-3
2.460665025E1,-9.476792908E0,-2.515069885E0,-5.628295898E-2
2.461669025E1,-9.822124786E0,-2.507884827E0,2.095642090E-2
2.462673025E1,-1.013886612E1,-2.541115723E0,1.996847534E-1
2.463677025E1,-1.044393173E1,-2.648292847E0,5.474116516E-1
2.464681125E1,-1.093506042E1,-2.759062500E0,9.324110413E-1
2.465685125E1,-1.158650574E1,-2.841540985E0,1.253942413E0
2.466689125E1,-1.211131439E1,-2.931803284E0,1.392404480E0
2.467693125E1,-1.240814713E1,-2.921624451E0,1.438508606E0
2.468697125E1,-1.252280869E1,-3.081941071E0,1.310375061E0
2.469701125E1,-1.263163239E1,-3.293900299E0,1.168769531E0
2.470705125E1,-1.238359818E1,-3.154091034E0,6.008505249E-1
2.471709225E1,-1.202419556E1,-2.787054291E0,-5.054988098E-1
2.472713225E1,-1.171553741E1,-2.277663574E0,-1.734592896E0
2.473717225E1,-1.164787811E1,-1.650168457E0,-3.045117645E0
2.474721225E1,-1.225770996E1,-7.488926697E-1,-4.155807953E0
2.475725225E1,-1.347557739E1,7.816744995E-1,-3.915258179E0
2.476729225E1,-1.412851959E1,1.939516754E0,-3.380869446E0
2.477733325E1,-1.381911301E1,2.064955902E0,-3.222648468E0
2.478737325E1,-1.298235306E1,1.347348175E0,-3.471880188E0
2.479741325E1,-1.175445648E1,2.770738220E-1,-4.237687683E0
2.480745325E1,-1.030996033E1,-8.705895996E-1,-4.614903259E0
2.481749325E1,-9.076525269E0,-1.854493561E0,-4.626728668E0
2.482753325E1,-8.335865479E0,-2.351909180E0,-4.389621735E0
2.483757325E1,-8.261769562E0,-2.262245636E0,-4.010460205E0
2.484761425E1,-8.689879303E0,-1.770368500E0,-3.595373383E0
2.485765475E1,-9.196126556E0,-1.236279144E0,-3.169209595E0
2.486769475E1,-9.566905518E0,-7.696994019E-1,-2.895578613E0
2.487773475E1,-9.859846344E0,-4.300556946E-1,-2.724634094E0
2.488777475E1,-9.937235413E0,-1.423539734E-1,-2.525847473E0
2.489781475E1,-9.859846344E0,1.908531189E-1,-2.455493774E0
2.490785475E1,-9.657916260E0,4.713697815E-1,-2.458786926E0
2.491789575E1,-9.402996368E0,7.265890503E-1,-2.498304749E0
2.492793575E1,-9.185498657E0,9.023236084E-1,-2.402054901E0
2.493797575E1,-8.967701569E0,8.506809998E-1,-2.232008514E0
2.494801575E1,-8.723259888E0,4.674778748E-1,-2.088457031E0
2.495805575E1,-8.552015991E0,-2.321672058E-1,-1.938618622E0
2.496809575E1,-8.611592102E0,-9.475296021E-1,-1.758543091E0
2.497813675E1,-8.788524170E0,-1.468146973E0,-1.628762970E0
2.498817675E1,-8.619525604E0,-1.776805115E0,-1.544937286E0
2.499821675E1,-8.333470459E0,-1.935475159E0,-1.403780823E0
2.500825675E1,-8.106093292E0,-1.865720215E0,-1.241518250E0
2.501829675E1,-7.859705658E0,-1.791324921E0,-1.085243225E0
2.502833675E1,-7.668553162E0,-1.772913208E0,-9.557624817E-1
2.503837675E1,-7.604037323E0,-1.782642975E0,-8.985813904E-1
2.504841775E1,-7.713160400E0,-1.768272858E0,-9.746232605E-1
2.505845775E1,-7.918982391E0,-1.738933868E0,-1.069974976E0
2.506849775E1,-8.092920685E0,-1.774709473E0,-1.206940155E0
2.507853775E1,-8.336464233E0,-1.817370758E0,-1.387015686E0
2.508857775E1,-8.632997589E0,-1.850451965E0,-1.474284210E0
2.509861775E1,-8.927285614E0,-1.908381500E0,-1.528321838E0
2.510865775E1,-9.107061768E0,-1.911524963E0,-1.464554443E0
2.511869875E1,-9.200916595E0,-1.888622589E0,-1.369053040E0
2.512873875E1,-9.173224182E0,-1.819765778E0,-1.211281128E0
2.513877875E1,-9.072783051E0,-1.762584686E0,-1.066232758E0
2.514881875E1,-8.966504059E0,-1.762285309E0,-8.958869934E-1
2.515885875E1,-8.886869659E0,-1.726509705E0,-6.837780762E-1
2.516889875E1,-8.725804596E0,-1.673370209E0,-5.122348022E-1
2.517893875E1,-8.568631439E0,-1.627565460E0,-3.915856934E-1
2.518897975E1,-8.460556183E0,-1.668879547E0,-2.171983337E-1
2.519901975E1,-8.346643066E0,-1.853296051E0,-3.008743286E-2
2.520905975E1,-8.262667694E0,-2.168690186E0,1.480421448E-1
2.521909975E1,-8.171956329E0,-2.539768524E0,2.718347168E-1
2.522913975E1,-8.072263641E0,-2.936144257E0,3.752696228E-1
2.523917975E1,-8.031398621E0,-3.225492554E0,3.667373657E-1
2.524922075E1,-8.081993408E0,-3.312910767E0,2.158511353E-1
2.525926075E1,-8.204738159E0,-3.310515747E0,3.772155762E-2
2.526930075E1,-8.520431671E0,-3.323688354E0,-1.190025330E-1
2.527934075E1,-8.974886627E0,-3.396736450E0,-2.600093079E-1
2.528938075E1,-9.524543610E0,-3.525169373E0,-4.810995483E-1
2.529942075E1,-1.009440857E1,-3.710184631E0,-7.182064819E-1
2.530946075E1,-1.052162018E1,-3.839964752E0,-8.884025574E-1
2.531950175E1,-1.077414505E1,-3.960015106E0,-8.740324402E-1
2.532954175E1,-1.096215408E1,-4.118535461E0,-6.390211487E-1
2.533958175E1,-1.103445374E1,-4.238585815E0,-2.480342102E-1
2.534962175E1,-1.102068237E1,-4.355343018E0,2.624043274E-1
2.535966175E1,-1.096589630E1,-4.413122864E0,7.773335266E-1
2.536970175E1,-1.084524719E1,-4.406237183E0,1.172511749E0
2.537974175E1,-1.067056046E1,-4.365072784E0,1.323697357E0
2.538978275E1,-1.063059357E1,-4.172573090E0,1.259031830E0
2.539982275E1,-1.065244812E1,-3.968996429E0,1.296154633E0
2.540986275E1,-1.068867279E1,-3.752097473E0,1.027762756E0
2.541990275E1,-1.086770050E1,-3.495980072E0,3.799099731E-1
2.542994275E1,-1.126257935E1,-2.954256592E0,-5.004093933E-1
2.543998275E1,-1.180699722E1,-2.127525787E0,-1.375339966E0
2.545002275E1,-1.229124023E1,-1.335522766E0,-2.176623688E0
2.546006375E1,-1.248239273E1,-8.146060181E-1,-2.861299896E0
2.547010375E1,-1.223540634E1,-4.882846069E-1,-3.229833527E0
2.548014375E1,-1.169053940E1,-1.592687988E-1,-3.357368317E0
2.549018375E1,-1.115465378E1,2.323168945E-1,-3.285517731E0
2.550022375E1,-1.088401657E1,8.436456299E-1,-3.168161774E0
2.551026375E1,-1.094269455E1,1.788181458E0,-2.984493713E0
2.552030375E1,-1.109582611E1,2.651436310E0,-2.628384247E0
2.553034475E1,-1.115674942E1,3.011886749E0,-1.924697571E0
2.554038475E1,-1.099942657E1,2.766546936E0,-1.327140198E0
2.555042475E1,-1.049946625E1,1.985770569E0,-9.458830261E-1
2.556046475E1,-1.008842102E1,1.463955688E0,-5.251080322E-1
2.557050475E1,-9.894723816E0,1.135239258E0,-1.998344421E-1
2.558054475E1,-9.770631866E0,6.999444580E-1,1.496887207E-3
2.559058475E1,-9.627230072E0,2.399510193E-1,2.151026917E-1
2.560062575E1,-9.669442291E0,-1.615141296E-1,5.983058167E-1
2.561066575E1,-9.795779572E0,-4.632865906E-1,7.454498291E-1
2.562070575E1,-9.795779572E0,-5.998027039E-1,4.790039062E-1
2.563074575E1,-9.574689331E0,-6.017486572E-1,1.227447510E-2
2.564078575E1,-9.280550995E0,-6.044430542E-1,-4.171824646E-1
2.565082575E1,-8.966204681E0,-6.252497864E-1,-7.131170654E-1
2.566086575E1,-8.649613037E0,-6.468049622E-1,-8.544232178E-1
2.567090675E1,-8.358318787E0,-6.863227844E-1,-7.598199463E-1
2.568094675E1,-8.124355316E0,-7.458988953E-1,-5.090913391E-1
2.569098675E1,-7.883506165E0,-8.183482361E-1,-1.785786438E-1
2.570102675E1,-7.606432343E0,-8.566685486E-1,1.363664246E-1
2.571106675E1,-7.428901520E0,-7.863148499E-1,2.883004761E-1
2.572110675E1,-7.404801636E0,-7.788304138E-1,2.574645996E-1
2.573114775E1,-7.463629303E0,-6.084846497E-1,-2.182461548E-1
2.574118775E1,-7.559579773E0,-1.962419128E-1,-9.288185120E-1
2.575122775E1,-7.794890442E0,1.688488770E-1,-1.360670471E0
2.576126775E1,-8.210426331E0,2.465373230E-1,-1.516197052E0
2.577130775E1,-8.511749725E0,3.107537842E-1,-1.579964447E0
2.578134775E1,-8.655001831E0,3.700305176E-1,-1.466799774E0
2.579138775E1,-8.726403351E0,3.484753418E-1,-1.158291321E0
2.580142775E1,-8.781488800E0,2.981799316E-1,-7.493417358E-1
2.581146875E1,-8.770711212E0,1.963916016E-1,-3.764671326E-1
2.582150875E1,-8.938661957E0,-1.134640503E-1,1.273851013E-1
2.583154875E1,-9.027277679E0,-4.348457336E-1,3.611988831E-1
2.584158875E1,-9.185049591E0,-8.993298340E-1,5.260061646E-1
2.585162875E1,-9.345066833E0,-1.357377319E0,6.616241455E-1
2.586166888E1,-9.368867340E0,-1.758094025E0,6.280938721E-1
2.587170988E1,-9.333540802E0,-2.087708588E0,7.683522034E-1
2.588174987E1,-9.004824371E0,-2.129172363E0,6.638694763E-1
2.589178988E1,-8.561147003E0,-2.047442322E0,7.077282715E-1
2.590182988E1,-8.275091858E0,-1.898052979E0,8.346643066E-1
2.591186988E1,-8.056995392E0,-1.738035736E0,8.346643066E-1
2.592190988E1,-8.047265625E0,-1.591939545E0,7.740403748E-1
2.593194988E1,-8.279881897E0,-1.403780823E0,7.146139526E-1
2.594198988E1,-8.803343353E0,-1.244512024E0,7.372169495E-1
2.595203088E1,-9.397008820E0,-1.143322449E0,7.846682739E-1
2.596207088E1,-9.946965179E0,-1.275048523E0,9.324110413E-1
2.597211088E1,-1.064451462E1,-1.669328613E0,1.041234741E0
2.598215088E1,-1.123593475E1,-2.084714813E0,9.843530273E-1
2.599219088E1,-1.148486710E1,-2.612068176E0,8.297245789E-1
2.600223088E1,-1.141017242E1,-3.136727142E0,5.834866333E-1
2.601227188E1,-1.120225479E1,-3.673510895E0,4.601431274E-1
2.602231188E1,-1.082608704E1,-4.027674408E0,5.333409119E-1
2.603235188E1,-1.050246002E1,-4.098626862E0,7.864645386E-1
2.604239188E1,-1.029873367E1,-4.080963593E0,1.077459412E0
2.605243188E1,-1.007195526E1,-3.802841949E0,1.550775146E0
2.606247188E1,-9.942923584E0,-3.510050812E0,1.974394226E0
2.607251188E1,-9.856852570E0,-3.182980957E0,2.334096222E0
2.608255288E1,-9.986333313E0,-2.727627869E0,1.490749969E0
2.609259288E1,-1.048180298E1,-2.072889404E0,1.573228455E-1
2.610263288E1,-1.132574799E1,-1.302591248E0,-5.779481506E-1
2.611267288E1,-1.225666214E1,-8.975335693E-1,-1.242566071E0
2.612271288E1,-1.350072510E1,-2.002835083E-1,-1.894909515E0
2.613275288E1,-1.447415085E1,7.152127075E-1,-2.960842896E0
2.614279288E1,-1.422611664E1,6.129753113E-1,-4.331991577E0
2.615283388E1,-1.360041779E1,-5.703140259E-1,-4.803061981E0
2.616287388E1,-1.322140594E1,-1.434017944E0,-5.014721832E0
2.617291388E1,-1.224738144E1,-1.245859222E0,-5.215005341E0
2.618295388E1,-1.111887817E1,-5.801934814E-1,-5.151387634E0
2.619299388E1,-1.035516632E1,6.676116943E-2,-4.932542725E0
2.620303388E1,-9.812395020E0,4.694238281E-1,-4.542154541E0
2.621307388E1,-9.398954773E0,7.620652771E-1,-4.048780518E0
2.622311487E1,-9.083111572E0,9.401948547E-1,-3.423979797E0
2.623315488E1,-8.870254211E0,1.207987976E0,-2.634820862E0
2.624319488E1,-8.776998138E0,1.497485962E0,-1.995051270E0
2.625323488E1,-8.784781952E0,1.692081299E0,-1.615889740E0
2.626327488E1,-8.935219116E0,1.665586395E0,-1.493743744E0
2.627331488E1,-9.168434143E0,1.162033539E0,-1.443448334E0
2.628335488E1,-9.477092285E0,2.883004761E-1,-1.496737518E0
2.629339588E1,-9.748627625E0,-7.670050049E-1,-1.702260132E0
2.630343588E1,-9.959089966E0,-1.747466125E0,-2.076032867E0
2.631347588E1,-1.011880783E1,-2.332449646E0,-2.358645172E0
2.632351588E1,-1.007914032E1,-2.638712769E0,-2.445015564E0
2.633355588E1,-9.843679962E0,-2.625091095E0,-2.483335876E0
2.634359588E1,-9.556576996E0,-2.354453888E0,-2.447560272E0
2.635363588E1,-9.178463287E0,-2.033820648E0,-2.251468048E0
2.636367688E1,-8.748706970E0,-1.591789856E0,-1.884431305E0
2.637371688E1,-8.378377075E0,-1.110390930E0,-1.449136505E0
2.638375688E1,-8.066575470E0,-6.812333679E-1,-1.157393188E0
2.639379688E1,-7.867190094E0,-3.607498169E-1,-9.183403015E-1
2.640383688E1,-7.735613708E0,-2.061213684E-1,-7.572752380E-1
2.641387688E1,-7.649991760E0,-1.960922241E-1,-7.328759766E-1
2.642391688E1,-7.702532501E0,-2.499801636E-1,-7.453001404E-1
2.643395688E1,-7.907905426E0,-3.908372498E-1,-8.181985474E-1
2.644399788E1,-8.168214111E0,-5.222639465E-1,-1.049317932E0
2.645403788E1,-8.445587311E0,-6.764433289E-1,-1.300345917E0
2.646407788E1,-8.720864868E0,-8.753796387E-1,-1.419797516E0
2.647411788E1,-8.943302307E0,-1.048419800E0,-1.502874756E0
2.648415788E1,-8.978329468E0,-1.142424316E0,-1.578317871E0
2.649419787E1,-8.891510010E0,-1.237027588E0,-1.575473785E0
2.650423888E1,-8.926088104E0,-1.388811951E0,-1.426832886E0
2.651427888E1,-9.023685150E0,-1.577569427E0,-1.210832062E0
2.652431888E1,-9.165739746E0,-1.755399628E0,-9.834548950E-1
2.653435888E1,-9.263636169E0,-1.851200409E0,-7.583230591E-1
2.654439888E1,-9.291777649E0,-1.937720490E0,-5.366340637E-1
2.655443888E1,-9.308243408E0,-2.030078430E0,-3.622467041E-1
2.656447888E1,-9.346863098E0,-2.156415710E0,-2.532733154E-1
2.657451988E1,-9.370813293E0,-2.239942017E0,-2.065704346E-1
2.658455988E1,-9.328900452E0,-2.317929840E0,-2.137554932E-1
2.659459988E1,-9.281299438E0,-2.446811829E0,-2.206411743E-1
2.660463988E1,-9.270821228E0,-2.622546387E0,-1.194515991E-1
2.661467988E1,-9.282047882E0,-2.862347717E0,-3.143463135E-3
2.662471988E1,-9.246421967E0,-3.069516907E0,8.472381592E-2
2.663475988E1,-9.191186829E0,-3.239263916E0,1.423539734E-1
2.664479988E1,-9.140592041E0,-3.365900574E0,1.814227295E-1
2.665484088E1,-8.998537445E0,-3.441792755E0,2.932402039E-1
2.666488088E1,-8.799152069E0,-3.481909332E0,3.635939026E-1
2.667492088E1,-8.602760468E0,-3.480562134E0,3.772155762E-1
2.668496088E1,-8.382268982E0,-3.481609955E0,3.674858093E-1
2.669500088E1,-8.213270416E0,-3.440445557E0,3.662882996E-1
2.670504088E1,-8.146658936E0,-3.345842285E0,3.471281433E-1
2.671508088E1,-8.212072906E0,-3.232228546E0,3.365002441E-1
2.672512188E1,-8.400381317E0,-3.110980682E0,3.791615295E-1
2.673516188E1,-8.660690002E0,-3.034190369E0,4.140390015E-1
2.674520188E1,-8.930429077E0,-2.892884216E0,3.911366272E-1
2.675524188E1,-9.106313324E0,-2.783611450E0,2.936892700E-1
2.676528188E1,-9.266180878E0,-2.721041565E0,2.037263489E-1
2.677532188E1,-9.347162476E0,-2.701582031E0,7.110214233E-2
2.678536188E1,-9.398056641E0,-2.807861023E0,5.658233643E-2
2.679540288E1,-9.518556061E0,-3.006947021E0,1.106199646E-1
2.680544288E1,-9.886640625E0,-3.152145081E0,6.197113037E-2
2.681548288E1,-1.040171951E1,-3.210972748E0,1.645079041E-1
2.682552288E1,-1.094404175E1,-3.352129211E0,1.323248291E-1
2.683556287E1,-1.153920410E1,-3.546275482E0,-4.183799744E-1
2.684560288E1,-1.236877899E1,-3.570824432E0,-1.264121246E0
2.685564288E1,-1.338187225E1,-3.374133453E0,-2.109114075E0
2.686568363E1,-1.412807053E1,-3.182531891E0,-2.947670288E0
2.687572363E1,-1.428150146E1,-2.964136047E0,-3.890409851E0
2.688576363E1,-1.391461441E1,-2.626438293E0,-4.461622009E0
2.689580363E1,-1.337334000E1,-1.922901306E0,-4.478087769E0
2.690584363E1,-1.267728745E1,-7.324269104E-1,-4.465962982E0
2.691588363E1,-1.197524734E1,5.478607178E-1,-4.611610107E0
2.692592363E1,-1.144025986E1,1.651216278E0,-4.586761780E0
2.693596463E1,-1.095392120E1,2.600691833E0,-4.112098846E0
2.694600463E1,-1.030696655E1,3.099155273E0,-3.020868073E0
2.695604463E1,-9.272168427E0,2.939437408E0,-1.661395111E0
2.696608463E1,-8.500672760E0,2.609523468E0,-5.068460083E-1
2.697612463E1,-8.084687805E0,2.428400116E0,3.797602844E-1
2.698616463E1,-7.866741028E0,2.046095123E0,9.666897583E-1
2.699620463E1,-7.980354767E0,1.367406464E0,1.248254242E0
2.700624563E1,-8.417894897E0,6.857240295E-1,1.230441284E0
2.701628563E1,-8.975635071E0,-2.245330811E-2,8.560697937E-1
2.702632563E1,-9.507628784E0,-5.954617310E-1,7.379653931E-2
2.703636563E1,-9.734856262E0,-1.123713226E0,-9.234297180E-1
2.704640563E1,-9.715546417E0,-1.878593445E0,-1.809886322E0
2.705644562E1,-9.674232330E0,-2.591710510E0,-2.332449646E0
2.706648563E1,-9.681866455E0,-2.980601807E0,-2.302661591E0
2.707652663E1,-9.504784698E0,-3.036735077E0,-1.861977997E0
2.708656663E1,-9.155411224E0,-2.767445068E0,-1.354233856E0
2.709660663E1,-8.559051361E0,-2.336940308E0,-9.389973450E-1
2.710664663E1,-7.891589355E0,-1.875150604E0,-6.875202942E-1
2.711668662E1,-7.689509583E0,-1.441502380E0,-4.311035156E-1
2.712672663E1,-7.655530243E0,-8.499325562E-1,-5.301974487E-1
2.713676663E1,-7.543263702E0,-1.175056458E-1,-1.010249176E0
2.714680763E1,-7.473957825E0,4.414320374E-1,-1.380579071E0
2.715684763E1,-7.811805267E0,6.973997498E-1,-1.416504364E0
2.716688763E1,-8.256530457E0,9.193881226E-1,-1.478026428E0
2.717692763E1,-8.527467041E0,1.022972717E0,-1.424138489E0
2.718696763E1,-8.738528137E0,9.258247375E-1,-1.194216614E0
2.719700763E1,-8.917256470E0,7.038363647E-1,-9.725276184E-1
2.720704763E1,-9.076974335E0,4.556524658E-1,-7.961943054E-1
2.721708863E1,-9.346713409E0,1.163081360E-1,-5.596861267E-1
2.722712863E1,-9.621990967E0,-2.983296204E-1,-3.429368591E-1
2.723716863E1,-9.770631866E0,-7.313790894E-1,-1.996847534E-1
2.724720863E1,-9.744735718E0,-1.208736420E0,-3.996688843E-2
2.725724863E1,-9.504934387E0,-1.638941803E0,2.948867798E-2
2.726728863E1,-9.210945740E0,-2.051783295E0,4.011657715E-2
2.727732863E1,-8.972491608E0,-2.318528595E0,1.757345581E-1
2.728736963E1,-8.614585876E0,-2.284249878E0,4.331991577E-1
2.729740963E1,-8.321495361E0,-2.160606995E0,6.001020813E-1
2.730744963E1,-8.052953796E0,-1.889071655E0,6.500981140E-1
2.731748963E1,-7.744744720E0,-1.567540283E0,8.196954346E-1
2.732752963E1,-7.718698883E0,-1.236279144E0,9.930349731E-1
2.733756963E1,-7.978408813E0,-9.041198730E-1,9.707313538E-1
2.734760963E1,-8.328830109E0,-8.147557068E-1,8.845106506E-1
2.735765063E1,-8.704548798E0,-9.120533752E-1,8.650511169E-1
2.736769063E1,-9.126371613E0,-1.103954315E0,8.527766418E-1
2.737773063E1,-9.556127930E0,-1.323847046E0,7.705975342E-1
2.738777063E1,-1.003363495E1,-1.484013977E0,5.884263611E-1
2.739781062E1,-1.064331711E1,-1.535806274E0,3.535647583E-1
2.740785063E1,-1.112905701E1,-1.506467285E0,-5.538482666E-3
2.741789063E1,-1.151465515E1,-1.544488220E0,-2.766247559E-1
2.742793063E1,-1.165191971E1,-1.697919159E0,-2.761756897E-1
2.743797163E1,-1.153097122E1,-1.861379242E0,-1.414558411E-1
2.744801163E1,-1.120988892E1,-2.018851776E0,6.301895142E-2
2.745805162E1,-1.075214081E1,-2.189347229E0,3.703298950E-1
2.746809163E1,-1.037926620E1,-2.456092529E0,8.665480042E-1
2.747813163E1,-1.011117371E1,-2.798580322E0,1.562750244E0
2.748817163E1,-9.879455566E0,-3.118315430E0,2.229014740E0
2.749821163E1,-9.898615723E0,-3.146456909E0,2.023941193E0
2.750825263E1,-1.034902908E1,-2.772983551E0,1.000070343E0
2.751829263E1,-1.136017639E1,-2.330054626E0,-1.648072815E-1
2.752833263E1,-1.264211060E1,-1.809586945E0,-1.288670197E0
2.753837263E1,-1.416743866E1,-7.252418518E-1,-2.584375763E0
2.754841263E1,-1.561537766E1,5.399272156E-1,-4.073329468E0
2.755845263E1,-1.601310059E1,1.038091278E0,-5.571114807E0
2.756849263E1,-1.528261963E1,3.863465881E-1,-6.365961914E0
2.757853363E1,-1.418031189E1,-3.489244080E-1,-6.389762421E0
2.758857363E1,-1.281200729E1,-3.619473267E-1,-5.881868591E0
2.759861363E1,-1.115061218E1,1.809736633E-1,-5.494474182E0
2.760865363E1,-9.416468353E0,5.740562439E-1,-5.209915924E0
2.761869363E1,-8.148155823E0,3.867956543E-1,-4.682861938E0
2.762873363E1,-7.496261444E0,1.193019104E-1,-3.979175262E0
2.763877363E1,-7.227570190E0,1.484912109E-1,-3.149600372E0
2.764881463E1,-7.259304199E0,4.128414917E-1,-2.324516144E0
2.765885463E1,-7.466772766E0,8.078700256E-1,-1.762734375E0
2.766889463E1,-7.832013245E0,1.093625793E0,-1.571731567E0
2.767893463E1,-8.438551941E0,1.118773499E0,-1.680854645E0
2.768897463E1,-9.188193054E0,7.417076111E-1,-1.822909241E0
2.769901463E1,-9.849517822E0,6.750961304E-2,-2.029030609E0
2.770905463E1,-1.028541138E1,-6.768923950E-1,-2.393522644E0
2.771909563E1,-1.048734146E1,-1.351539459E0,-2.795436859E0
2.772913563E1,-1.056712555E1,-2.001787262E0,-2.956950989E0
2.773917562E1,-1.054796539E1,-2.429747314E0,-2.991978149E0
2.774921563E1,-1.046129562E1,-2.550546112E0,-2.996319122E0
2.775925563E1,-1.027448410E1,-2.422861633E0,-2.920277252E0
2.776929563E1,-9.899364166E0,-2.139351196E0,-2.691103821E0
2.777933563E1,-9.474846954E0,-1.813329163E0,-2.255060577E0
2.778937663E1,-9.107361145E0,-1.534608765E0,-1.745370483E0
2.779941662E1,-8.818910980E0,-1.262624359E0,-1.251846771E0
2.780945663E1,-8.555608521E0,-9.999206543E-1,-8.728349304E-1
2.781949663E1,-8.390950928E0,-7.152127075E-1,-6.941065979E-1
2.782953663E1,-8.304430847E0,-5.843847656E-1,-7.304809570E-1
2.783957663E1,-8.204139404E0,-5.487588501E-1,-8.638536072E-1
2.784961663E1,-7.984695740E0,-5.174739075E-1,-1.075513458E0
2.785965829E1,-7.853418732E0,-4.743635559E-1,-1.212927704E0
2.786969829E1,-7.884254608E0,-4.251159668E-1,-1.351689148E0
2.787973829E1,-7.945626984E0,-4.079017639E-1,-1.490151215E0
2.788977829E1,-8.075556793E0,-4.308041382E-1,-1.571282501E0
2.789981829E1,-8.290659485E0,-4.986131287E-1,-1.534309387E0
2.790985829E1,-8.484356689E0,-6.170169067E-1,-1.371747437E0
2.791989829E1,-8.558602295E0,-7.592211914E-1,-1.152303772E0
2.792993929E1,-8.532855835E0,-9.199868774E-1,-1.088686066E0
2.793997929E1,-8.554411011E0,-1.101858673E0,-1.116827545E0
2.795001929E1,-8.647667084E0,-1.300794983E0,-1.054856415E0
2.796005929E1,-8.742270355E0,-1.531165924E0,-9.258247375E-1
2.797009929E1,-8.822204132E0,-1.735940094E0,-7.719447327E-1
2.798013929E1,-8.832083588E0,-1.886526947E0,-6.622229004E-1
2.799017929E1,-8.893455963E0,-2.019600220E0,-6.273454285E-1
2.800022029E1,-8.957822113E0,-2.160157928E0,-5.628295898E-1
2.801026029E1,-9.093440094E0,-2.325414276E0,-4.546046448E-1
2.802030029E1,-9.273815002E0,-2.437980194E0,-2.685415649E-1
2.803034029E1,-9.430838470E0,-2.529739380E0,-1.101708984E-1
2.804038029E1,-9.488318939E0,-2.557581482E0,-2.350112915E-2
2.805042029E1,-9.498497772E0,-2.558778992E0,-2.065704346E-2
2.806046029E1,-9.418414307E0,-2.592608643E0,-1.371148682E-1
2.807050129E1,-9.290280762E0,-2.668351135E0,-3.011737061E-1
2.808054129E1,-9.190887451E0,-2.776127014E0,-4.734654236E-1
2.809058129E1,-9.116641846E0,-2.938988342E0,-6.837780762E-1
2.810062129E1,-9.108558655E0,-3.098556519E0,-8.785231018E-1
2.811066129E1,-9.258397064E0,-3.169059906E0,-9.427395630E-1
2.812070129E1,-9.497899017E0,-3.064128113E0,-8.794212341E-1
2.813074129E1,-9.684860229E0,-2.970273285E0,-7.090754700E-1
2.814078229E1,-9.798923035E0,-2.846929779E0,-4.203259277E-1
2.815082229E1,-9.787696381E0,-2.617756348E0,-1.380130005E-1
2.816086229E1,-9.701924744E0,-2.400108948E0,1.895059204E-1
2.817090229E1,-9.620793457E0,-2.272125092E0,4.137396240E-1
2.818094229E1,-9.534872131E0,-2.201022949E0,4.186793518E-1
2.819098229E1,-9.641899567E0,-2.137854309E0,2.237846375E-1
2.820102229E1,-9.905202026E0,-2.188000031E0,2.574645996E-2
2.821106329E1,-1.019410126E1,-2.385888519E0,-1.836680603E-1
2.822110329E1,-1.053599030E1,-2.536774750E0,-5.617817688E-1
2.823114329E1,-1.119147720E1,-2.616109772E0,-1.076261902E0
2.824118329E1,-1.203033279E1,-2.445165253E0,-1.769620056E0
2.825122329E1,-1.275632309E1,-1.943109283E0,-2.465073853E0
2.826126329E1,-1.293535080E1,-1.292262726E0,-3.028502197E0
2.827130329E1,-1.269240601E1,-8.358618164E-1,-3.380869446E0
2.828134429E1,-1.244541962E1,-6.233038330E-1,-3.463946686E0
2.829138429E1,-1.229168930E1,-3.547622681E-1,-3.682641907E0
2.830142429E1,-1.213646210E1,2.121089172E-1,-3.859573975E0
2.831146429E1,-1.183798279E1,8.937913513E-1,-3.620670776E0
2.832150429E1,-1.140897491E1,1.480421448E0,-3.017125854E0
2.833154429E1,-1.059915894E1,1.719624023E0,-2.128274231E0
2.834158429E1,-9.661957855E0,1.578018494E0,-1.178948364E0
2.835162529E1,-9.039552155E0,1.358125763E0,-3.739224243E-1
2.836166529E1,-8.769214325E0,1.146166534E0,3.514691162E-1
2.837170529E1,-8.700058136E0,8.508306885E-1,8.598120117E-1
2.838174529E1,-8.645421753E0,5.089416504E-1,1.112486572E0
2.839178529E1,-8.712482300E0,1.862127686E-1,1.169667664E0
2.840182529E1,-9.028924255E0,-9.250762939E-2,9.485774231E-1
2.841186529E1,-9.331145782E0,-2.841091919E-1,3.809577942E-1
2.842190629E1,-9.514963531E0,-5.171745300E-1,-4.156855774E-1
2.843194629E1,-9.581275635E0,-7.830216980E-1,-1.198407898E0
2.844198629E1,-9.570947113E0,-1.052162018E0,-1.859433289E0
2.845202629E1,-9.505682831E0,-1.324595490E0,-2.177372131E0
2.846206629E1,-9.378896484E0,-1.529818726E0,-2.166594543E0
2.847210629E1,-9.225914612E0,-1.568288727E0,-1.973645782E0
2.848214729E1,-9.006321259E0,-1.345701599E0,-1.775757294E0
2.849218729E1,-8.771759033E0,-1.015039215E0,-1.423539734E0
2.850222729E1,-8.479866028E0,-6.816824341E-1,-1.184636536E0
2.851226729E1,-8.264763336E0,-3.091072083E-1,-9.524693298E-1
2.852230729E1,-8.176147614E0,8.696914673E-2,-8.333171082E-1
2.853234729E1,-7.954907684E0,6.108796692E-1,-1.072968750E0
2.854238729E1,-7.697592773E0,1.017733612E0,-1.278042297E0
2.855242829E1,-7.653584290E0,1.119671631E0,-1.296753387E0
2.856246829E1,-7.786058807E0,1.012793884E0,-1.077459412E0
2.857250829E1,-7.937992859E0,9.107061768E-1,-8.102650452E-1
2.858254829E1,-8.004903717E0,8.464897156E-1,-6.375242615E-1
2.859258829E1,-8.033643951E0,7.716453552E-1,-5.408253479E-1
2.860262829E1,-8.099057922E0,5.429209900E-1,-4.294569397E-1
2.861266829E1,-8.240813141E0,2.038760376E-1,-2.865042114E-1
2.862270929E1,-8.364605713E0,-1.832189941E-1,-1.920506287E-1
2.863274929E1,-8.635242920E0,-7.634124756E-1,3.921844482E-2
2.864278929E1,-8.903036041E0,-1.325643311E0,1.877096558E-1
2.865282929E1,-9.177864532E0,-1.778751068E0,1.417552185E-1
2.866286929E1,-9.247320099E0,-2.082170105E0,8.502319336E-2
2.867290929E1,-9.232351227E0,-2.286495209E0,1.422042847E-2
2.868294929E1,-9.179660797E0,-2.325114899E0,-1.450483704E-1
2.869299029E1,-9.196126556E0,-2.298021240E0,-2.329156494E-1
2.870303029E1,-9.349856873E0,-2.164648590E0,-1.525328064E-1
2.871307029E1,-9.499395905E0,-1.960772552E0,1.047821045E-3
2.872311029E1,-9.612859955E0,-1.731748810E0,5.628295898E-2
2.873315029E1,-9.792037354E0,-1.553918610E0,1.526824951E-2
2.874319029E1,-1.001642075E1,-1.445094910E0,-3.802093506E-2
2.875323129E1,-1.013826736E1,-1.438658295E0,-1.104702759E-1
2.876327129E1,-1.020817200E1,-1.467099152E0,-1.354682922E-1
2.877331129E1,-1.028810577E1,-1.490749969E0,-6.047424316E-2
2.878335129E1,-1.034109558E1,-1.570234680E0,1.429527283E-1
2.879339129E1,-1.034573593E1,-1.810634766E0,4.044589233E-1
2.880343129E1,-1.043045975E1,-2.176473999E0,6.785389709E-1
2.881347129E1,-1.054392380E1,-2.597398682E0,8.788224792E-1
2.882351229E1,-1.051862640E1,-3.037483521E0,1.024020538E0
2.883355229E1,-1.042686722E1,-3.589685211E0,1.006656647E0
2.884359229E1,-1.034543655E1,-4.170776825E0,8.855584717E-1
2.885363229E1,-1.028466293E1,-4.588857422E0,8.390052795E-1
2.886367200E1,-1.031639694E1,-4.824168091E0,8.550219727E-1
2.887371200E1,-1.038734940E1,-4.621040497E0,4.581971741E-1
2.888375200E1,-1.055395294E1,-3.733985138E0,-4.625381470E-1
2.889379300E1,-1.095347214E1,-2.795287170E0,-1.100361786E0
2.890383300E1,-1.150432663E1,-2.233954468E0,-1.687740326E0
2.891387300E1,-1.251427643E1,-1.556313629E0,-2.423909454E0
2.892391300E1,-1.353844666E1,-3.192860413E-1,-2.858904877E0
2.893395300E1,-1.421024963E1,9.002279663E-1,-3.757486267E0
2.894399300E1,-1.436113586E1,1.115630035E0,-4.810845795E0
2.895403400E1,-1.401176239E1,2.906954956E-1,-5.460494843E0
2.896407400E1,-1.354907455E1,-5.734574890E-1,-5.536686401E0
2.897411400E1,-1.311692322E1,-5.484594727E-1,-5.058880005E0
2.898415400E1,-1.239213043E1,1.297801208E-1,-4.534819794E0
2.899419400E1,-1.150492538E1,6.649172974E-1,-4.019591217E0
2.900423400E1,-1.049722092E1,8.788224792E-1,-3.299887848E0
2.901427400E1,-9.169182587E0,9.354048157E-1,-2.581381989E0
2.902431500E1,-7.788902893E0,8.246351624E-1,-2.021845551E0
2.903435500E1,-6.668931885E0,5.457650757E-1,-1.633852386E0
2.904439500E1,-5.960904236E0,2.330653381E-1,-1.159788208E0
2.905443500E1,-5.705984344E0,-6.646179199E-2,-6.692582703E-1
2.906447500E1,-6.017187195E0,-4.111949158E-1,-3.291654968E-1
2.907451500E1,-6.775659943E0,-8.834628296E-1,-3.318598938E-1
2.908455600E1,-7.528444519E0,-1.541494446E0,-8.967851257E-1
2.909459600E1,-8.127199402E0,-2.103725281E0,-1.684746552E0
2.910463600E1,-8.601413269E0,-2.361489258E0,-2.317031708E0
2.911467600E1,-8.913514252E0,-2.363435211E0,-2.706671448E0
2.912471600E1,-9.126221924E0,-2.244133301E0,-2.859204254E0
2.913475600E1,-9.304800568E0,-2.111209717E0,-2.813698883E0
2.914479600E1,-9.432634735E0,-1.960622864E0,-2.569406891E0
2.915483700E1,-9.486971741E0,-1.888173523E0,-2.189347229E0
2.916487700E1,-9.428443451E0,-1.936522980E0,-1.851649475E0
2.917491700E1,-9.308093719E0,-1.943258972E0,-1.763482819E0
2.918495700E1,-9.331594849E0,-1.782792664E0,-1.999691620E0
2.919499700E1,-9.460476837E0,-1.518292694E0,-2.349065094E0
2.920503700E1,-9.611213379E0,-1.311422882E0,-2.626737671E0
2.921507800E1,-9.701325989E0,-1.218017120E0,-2.658172302E0
2.922511800E1,-9.616003418E0,-1.196461945E0,-2.543361053E0
2.923515800E1,-9.240434418E0,-1.105002136E0,-2.371219025E0
2.924519800E1,-8.725654907E0,-9.988728333E-1,-2.119891663E0
2.925523800E1,-8.186925201E0,-8.684939575E-1,-1.838476868E0
2.926527800E1,-7.896080017E0,-7.402107239E-1,-1.539698181E0
2.927531900E1,-7.950267334E0,-6.074368286E-1,-1.212628326E0
2.928535900E1,-8.238867188E0,-5.559439087E-1,-9.285191345E-1
2.929539900E1,-8.438851318E0,-5.993536377E-1,-7.417076111E-1
2.930543900E1,-8.702752533E0,-9.102571106E-1,-6.400689697E-1
2.931547900E1,-8.968899078E0,-1.440753937E0,-6.843768311E-1
2.932551900E1,-9.183253326E0,-1.949994965E0,-8.843609619E-1
2.933555900E1,-9.317524109E0,-2.447859650E0,-1.003812561E0
2.934560000E1,-9.288933563E0,-2.868934021E0,-1.041833496E0
2.935564000E1,-9.164691925E0,-3.026855621E0,-1.046024780E0
2.936568000E1,-9.037306824E0,-2.921325073E0,-9.457333374E-1
2.937572000E1,-8.910969543E0,-2.629282379E0,-8.572673035E-1
2.938576000E1,-8.800050201E0,-2.329605560E0,-7.577243042E-1
2.939580000E1,-8.768166504E0,-2.137554932E0,-6.216572571E-1
2.940584100E1,-8.754694519E0,-2.058519287E0,-5.237608337E-1
2.941588100E1,-8.783584442E0,-2.152374115E0,-4.375401306E-1
2.942592100E1,-8.819509735E0,-2.259102173E0,-4.146377563E-1
2.943596100E1,-8.774603119E0,-2.290985870E0,-4.697232056E-1
2.944600100E1,-8.746012573E0,-2.398312683E0,-5.688171387E-1
2.945604100E1,-8.764424286E0,-2.530637512E0,-7.241940308E-1
2.946608100E1,-8.846603394E0,-2.605631561E0,-8.807684326E-1
2.947612200E1,-8.879385223E0,-2.609523468E0,-1.062340851E0
2.948616200E1,-8.905580750E0,-2.585722961E0,-1.196461945E0
2.949620200E1,-8.937763824E0,-2.600841522E0,-1.242266693E0
2.950624200E1,-8.967551880E0,-2.681074677E0,-1.221010895E0
2.951628200E1,-8.975485382E0,-2.782264252E0,-1.139879608E0
2.952632200E1,-9.045839081E0,-2.893932037E0,-9.927355957E-1
2.953636300E1,-9.190737762E0,-3.044967957E0,-7.388635254E-1
2.954640300E1,-9.468260651E0,-3.181484070E0,-4.222718811E-1
2.955644300E1,-9.802365875E0,-3.264860687E0,-1.128652954E-1
2.956648300E1,-1.009500732E1,-3.259771271E0,1.145118713E-1
2.957652300E1,-1.027792694E1,-3.248245239E0,2.859054565E-1
2.958656300E1,-1.036205200E1,-3.372486877E0,3.760180664E-1
2.959660400E1,-1.046803162E1,-3.400927734E0,3.032693481E-1
2.960664400E1,-1.076471466E1,-3.190016327E0,1.511856079E-2
2.961668400E1,-1.128967300E1,-3.025209045E0,-2.758763123E-1
2.962672400E1,-1.163994461E1,-3.150947571E0,-8.024812317E-1
2.963676400E1,-1.194515991E1,-3.379671936E0,-1.697170715E0
2.964680400E1,-1.257924133E1,-3.211721191E0,-2.434537354E0
2.965684400E1,-1.306812469E1,-2.572400665E0,-2.951861572E0
2.966688500E1,-1.297741333E1,-2.010319519E0,-3.682791595E0
2.967692500E1,-1.214828751E1,-1.764680328E0,-4.562512207E0
2.968696500E1,-1.111244156E1,-1.710942078E0,-4.923411713E0
2.969700500E1,-1.046473846E1,-1.272503815E0,-4.690496063E0
2.970704500E1,-1.006012985E1,-5.183720398E-1,-4.226760406E0
2.971708500E1,-9.743538208E0,2.844085693E-1,-3.785028992E0
2.972712600E1,-9.619146881E0,1.195114746E0,-3.001109161E0
2.973716600E1,-9.825867004E0,2.187550964E0,-1.964963837E0
2.974720600E1,-9.881551208E0,2.921325073E0,-8.590635681E-1
2.975724600E1,-9.596693573E0,2.972518616E0,-1.335223389E-1
2.976728600E1,-9.341025238E0,2.321372681E0,3.427871704E-2
2.977732600E1,-9.468859406E0,1.378034363E0,-1.014889526E-1
2.978736700E1,-9.905800781E0,3.165916443E-1,-1.853146362E-1
2.979740700E1,-1.039348663E1,-8.767268372E-1,-2.432441711E-1
2.980744700E1,-1.091350525E1,-1.929487610E0,-3.122506714E-1
2.981748700E1,-1.131452133E1,-2.514022064E0,-5.650749207E-1
2.982752700E1,-1.146136597E1,-2.592309265E0,-1.120569763E0
2.983756700E1,-1.121138580E1,-2.468965759E0,-1.788331146E0
2.984760700E1,-1.065199905E1,-2.523153076E0,-2.354154510E0
2.985764800E1,-9.998009033E0,-2.730921021E0,-2.706521759E0
2.986768800E1,-9.300160217E0,-2.960393829E0,-2.762505341E0
2.987772800E1,-8.625213776E0,-3.062032471E0,-2.540666656E0
2.988776800E1,-7.941136322E0,-2.880609741E0,-2.105222168E0
2.989780800E1,-7.427704010E0,-2.307451630E0,-1.664837952E0
2.990784800E1,-7.086413727E0,-1.463356934E0,-1.378034363E0
2.991788900E1,-6.852899323E0,-6.686595154E-1,-1.275198212E0
2.992792900E1,-6.762487335E0,-3.233276367E-2,-1.302291870E0
2.993796900E1,-6.790329437E0,3.923341370E-1,-1.465602264E0
2.994800900E1,-6.962471466E0,6.249504089E-1,-1.747466125E0
2.995804900E1,-7.345075836E0,6.438111877E-1,-1.982477417E0
2.996808900E1,-7.907755737E0,4.703219604E-1,-2.098935242E0
2.997813000E1,-8.517138519E0,2.426454163E-1,-2.066452789E0
2.998817000E1,-9.102122040E0,-5.987548828E-4,-1.976489868E0
2.999821000E1,-9.641151123E0,-2.344125366E-1,-1.802401886E0
3.000825000E1,-9.951605530E0,-4.020639038E-1,-1.698667603E0
3.001829000E1,-1.000085312E1,-6.256988525E-1,-1.609303436E0
3.002833000E1,-9.820178833E0,-8.057743835E-1,-1.565294952E0
3.003837100E1,-9.517957306E0,-9.743238831E-1,-1.366508331E0
3.004841100E1,-9.176816711E0,-1.084345093E0,-1.134191437E0
3.005845100E1,-8.855135651E0,-1.111738129E0,-8.735833740E-1
3.006849100E1,-8.571475525E0,-1.031504974E0,-6.774911499E-1
3.007853100E1,-8.271349640E0,-8.047265625E-1,-5.318440247E-1
3.008857100E1,-7.917186127E0,-4.755610657E-1,-5.044509888E-1
3.009861100E1,-7.702083435E0,-1.592687988E-1,-4.788542175E-1
3.010865200E1,-7.652686157E0,3.367996216E-2,-3.580554199E-1
3.011869200E1,-7.714657288E0,1.251397705E-1,-1.833686829E-1
3.012873200E1,-7.898774414E0,1.210981750E-1,-7.529342651E-2
3.013877200E1,-8.271050262E0,8.292755127E-2,-1.496887207E-3
3.014881200E1,-8.752748566E0,-3.607498169E-2,9.101074219E-2
3.015885200E1,-9.283544769E0,-2.356100464E-1,1.993853760E-1
3.016889300E1,-9.769733734E0,-5.023553467E-1,3.577560425E-1
3.017893300E1,-1.011326935E1,-8.146060181E-1,4.879852295E-1
3.018897300E1,-1.031145721E1,-1.182690582E0,5.740562439E-1
3.019901300E1,-1.027643005E1,-1.552721100E0,5.592370605E-1
3.020905300E1,-9.981992340E0,-1.892664185E0,4.025129700E-1
3.021909300E1,-9.658365326E0,-2.060764618E0,9.729766846E-2
3.022913400E1,-9.394613800E0,-1.984872437E0,-2.085163879E-1
3.023917400E1,-9.366921387E0,-1.731599121E0,-3.975732422E-1
3.024921400E1,-9.615853729E0,-1.268013153E0,-2.201921082E-1
3.025925400E1,-1.011222153E1,-8.152047729E-1,4.857398987E-1
3.026929400E1,-1.091814560E1,-4.577481079E-1,1.188827820E0
3.027933400E1,-1.168949158E1,-7.319778442E-2,1.502126312E0
3.028937500E1,-1.240859619E1,1.163081360E-1,1.440304871E0
3.029941500E1,-1.304716827E1,-1.993853760E-1,9.448352051E-1
3.030945500E1,-1.357452164E1,-7.526348877E-1,-2.396516418E-1
3.031949500E1,-1.389365799E1,-7.661068726E-1,-1.989512787E0
3.032953500E1,-1.420186707E1,-9.026229858E-2,-3.076402588E0
3.033957500E1,-1.429796722E1,4.393363953E-1,-3.265908508E0
3.034961600E1,-1.391656036E1,3.794609070E-1,-3.530707855E0
3.035965600E1,-1.326197159E1,5.358856201E-2,-3.997736664E0
3.036969600E1,-1.270363266E1,-1.715432739E-1,-4.508175201E0
3.037973600E1,-1.224408829E1,-4.037104797E-1,-4.973557434E0
3.038977600E1,-1.174996582E1,-6.972500610E-1,-5.343737640E0
3.039981600E1,-1.120345230E1,-1.180594940E0,-5.012925568E0
3.040985700E1,-1.046174469E1,-1.822011108E0,-4.045936432E0
3.041989700E1,-9.575587463E0,-2.291584625E0,-3.061882782E0
3.042993700E1,-8.773704987E0,-2.517764282E0,-2.387834473E0
3.043997700E1,-8.125403137E0,-2.742447052E0,-2.066901855E0
3.045001700E1,-7.647596741E0,-3.038082275E0,-1.861678619E0
3.046005700E1,-7.455995178E0,-3.241359558E0,-1.635648651E0
3.047009800E1,-7.548802185E0,-3.185226288E0,-1.349892883E0
3.048013800E1,-7.820936279E0,-2.794538727E0,-1.077160034E0
3.049017800E1,-8.227191467E0,-2.154918823E0,-9.068142700E-1
3.050021800E1,-8.611891479E0,-1.392703857E0,-9.116043091E-1
3.051025800E1,-8.936117249E0,-6.119274902E-1,-1.102457428E0
3.052029800E1,-9.184750214E0,4.011657715E-2,-1.479972382E0
3.053033900E1,-9.287436676E0,4.715194702E-1,-1.843117218E0
3.054037900E1,-9.284143524E0,7.171586609E-1,-2.133513336E0
3.055041900E1,-9.163344727E0,7.162605286E-1,-2.185904388E0
3.056045900E1,-8.879385223E0,5.911207581E-1,-2.062560883E0
3.057049900E1,-8.633895721E0,3.330574036E-1,-1.817071381E0
3.058053900E1,-8.455616455E0,-1.130149841E-1,-1.463207245E0
3.059058000E1,-8.344996490E0,-5.954617310E-1,-1.156495056E0
3.060062000E1,-8.158184967E0,-1.138981476E0,-8.649014282E-1
3.061066000E1,-7.902666321E0,-1.575473785E0,-6.631210327E-1
3.062070000E1,-7.741152191E0,-1.780098267E0,-6.081852722E-1
3.063074000E1,-7.686515808E0,-1.945953369E0,-5.276527405E-1
3.064078000E1,-7.763904877E0,-2.114203491E0,-3.963757324E-1
3.065082000E1,-7.924371185E0,-2.244732056E0,-2.891986084E-1
3.066086100E1,-8.168663177E0,-2.212548981E0,-2.197430420E-1
3.067090100E1,-8.502019958E0,-2.058070221E0,-2.404000854E-1
3.068094100E1,-8.785680084E0,-1.758692780E0,-2.992277527E-1
3.069098100E1,-9.078920288E0,-1.413211212E0,-3.983216858E-1
3.070102100E1,-9.364077301E0,-1.115330658E0,-5.001100159E-1
3.071106100E1,-9.482181702E0,-7.993377686E-1,-5.565426636E-1
3.072110200E1,-9.414821777E0,-5.233117676E-1,-4.894821167E-1
3.073114200E1,-9.211993561E0,-3.770658875E-1,-4.052073669E-1
3.074118200E1,-8.907077637E0,-3.854484558E-1,-1.519340515E-1
3.075122200E1,-8.525820465E0,-4.691244507E-1,1.471440125E-1
3.076126200E1,-8.159831543E0,-6.156697083E-1,5.496569824E-1
3.077130200E1,-7.929610291E0,-8.253836060E-1,1.002165985E0
3.078134300E1,-7.834707642E0,-1.127305756E0,1.415157166E0
3.079138300E1,-7.799979858E0,-1.316961365E0,1.695823517E0
3.080142300E1,-7.916287994E0,-1.455124054E0,1.865420837E0
3.081146300E1,-8.231981506E0,-1.706301727E0,1.845961304E0
3.082150300E1,-8.681796112E0,-2.082768860E0,1.605860596E0
3.083154300E1,-9.161548462E0,-2.389930115E0,9.686357117E-1
3.084158400E1,-9.650282135E0,-2.651436310E0,1.796264648E-1
3.085162400E1,-9.977202301E0,-2.967578888E0,-4.275109863E-1
3.086166400E1,-1.015443375E1,-3.220702515E0,-8.223898315E-1
3.087170350E1,-1.041564056E1,-3.310216370E0,-1.141226807E0
3.088174350E1,-1.107052872E1,-2.963686981E0,-9.602531433E-1
3.089178350E1,-1.196027847E1,-2.167941742E0,-1.646575928E-1
3.090182450E1,-1.268102966E1,-1.209634552E0,5.513035583E-1
3.091186450E1,-1.298025742E1,-1.462458801E-1,1.037791901E0
3.092190450E1,-1.317395462E1,8.806187439E-1,1.480271759E0
3.093194450E1,-1.312231201E1,1.955982513E0,1.465901642E0
3.094198450E1,-1.282413208E1,2.984643402E0,1.385967865E0
3.095202450E1,-1.206820404E1,3.247347107E0,1.092577972E0
3.096206550E1,-1.107247467E1,2.319426727E0,2.633024597E-1
3.097210550E1,-1.095751373E1,1.511856079E-1,-3.324586487E-1
3.098214550E1,-1.222717346E1,-1.864522705E0,-3.396437073E-1
3.099218550E1,-1.284523819E1,-2.830613708E0,-9.583071899E-1
3.100222550E1,-1.273626480E1,-3.453917542E0,-2.112257538E0
3.101226550E1,-1.239033417E1,-3.956422577E0,-3.248993683E0
3.102230650E1,-1.195024933E1,-4.135450287E0,-4.133204956E0
3.103234650E1,-1.130404312E1,-3.877536621E0,-4.668491821E0
3.104238650E1,-1.054991135E1,-3.179089050E0,-4.888384552E0
3.105242650E1,-1.011431717E1,-2.018402710E0,-4.593198395E0
3.106246650E1,-9.796228638E0,-7.581733704E-1,-3.849095764E0
3.107250750E1,-9.354946289E0,2.142045593E-1,-2.640958099E0
3.108254750E1,-9.032367096E0,1.018482056E0,-1.346000977E0
3.109258750E1,-8.841663666E0,1.649120636E0,-4.770579529E-1
3.110262750E1,-8.626560974E0,1.916015625E0,3.727249146E-2
3.111266750E1,-8.663833466E0,1.791025543E0,3.038681030E-1
3.112270750E1,-9.007518768E0,1.347198486E0,3.924838257E-1
3.113274850E1,-9.283694458E0,6.367758179E-1,2.020797729E-1
3.114278850E1,-9.494755554E0,-1.149609375E-1,-3.591032410E-1
3.115282850E1,-9.608219604E0,-7.629634094E-1,-1.022074585E0
3.116286850E1,-9.596094818E0,-1.305435333E0,-1.576970673E0
3.117290850E1,-9.470505981E0,-1.632654877E0,-2.055076447E0
3.118294850E1,-9.218729553E0,-1.719324646E0,-2.287842407E0
3.119298850E1,-8.965605927E0,-1.589394836E0,-2.217189331E0
3.120302950E1,-8.661288757E0,-1.211730194E0,-1.916913757E0
3.121306950E1,-8.321046295E0,-7.885601807E-1,-1.415606232E0
3.122310950E1,-7.964188385E0,-4.393363953E-1,-8.083190918E-1
3.123314950E1,-7.650141449E0,-1.794767761E-1,-2.032772827E-1
3.124318950E1,-7.366032257E0,1.146615601E-1,3.363505554E-1
3.125323050E1,-7.119345245E0,3.785627747E-1,5.496569824E-1
3.126327050E1,-6.990163879E0,5.584886169E-1,6.080355835E-1
3.127331050E1,-6.994055786E0,6.459068298E-1,4.739144897E-1
3.128335050E1,-7.123985596E0,6.459068298E-1,2.989283752E-1
3.129339050E1,-7.427704010E0,6.017486572E-1,6.571334839E-2
3.130343050E1,-7.872429199E0,4.878355408E-1,-1.353186035E-1
3.131347150E1,-8.452922058E0,3.393443298E-1,-3.194357300E-1
3.132351150E1,-8.951535187E0,2.685415649E-1,-4.617897034E-1
3.133355150E1,-9.307644653E0,2.180964661E-1,-4.728666687E-1
3.134359150E1,-9.528734894E0,2.022294617E-1,-3.085084534E-1
3.135363150E1,-9.509574738E0,2.312690735E-1,-5.628295898E-2
3.136367150E1,-9.317823486E0,2.589614868E-1,2.540217590E-1
3.137371250E1,-9.030421143E0,3.330574036E-1,5.165757751E-1
3.138375250E1,-8.749904480E0,3.986210632E-1,7.800279236E-1
3.139379250E1,-8.458011475E0,4.132905579E-1,1.023721161E0
3.140383250E1,-8.187523956E0,3.867956543E-1,1.225052490E0
3.141387250E1,-7.921976166E0,3.255729675E-1,1.413660278E0
3.142391250E1,-7.825726318E0,2.281256104E-1,1.677561493E0
3.143395350E1,-7.884703674E0,1.481918335E-1,1.981279907E0
3.144399350E1,-7.980803833E0,1.094224548E-1,1.946402435E0
3.145403350E1,-8.145910492E0,8.457412720E-2,1.623823242E0
3.146407350E1,-8.452622681E0,-1.751358032E-2,1.088087311E0
3.147411350E1,-8.933422852E0,-2.272274780E-1,3.376977539E-1
3.148415350E1,-9.652377777E0,-3.743714905E-1,-5.022056580E-1
3.149419450E1,-1.074465637E1,-3.954776001E-1,-9.699829102E-1
3.150423450E1,-1.204949295E1,-2.995271301E-1,-5.766009521E-1
3.151427450E1,-1.320673645E1,-1.772314453E-1,4.056564331E-1
3.152431450E1,-1.411849045E1,-2.080673218E-1,1.373394012E0
3.153435450E1,-1.483534973E1,-4.921765137E-1,1.946103058E0
3.154439450E1,-1.546104858E1,-9.110055542E-1,1.784139862E0
3.155443550E1,-1.598600693E1,-1.319057007E0,1.115330658E0
3.156447550E1,-1.611488892E1,-1.773212585E0,6.712042236E-1
3.157451550E1,-1.558529022E1,-2.213147736E0,1.197509766E-3
3.158455550E1,-1.466979401E1,-1.968256989E0,-1.013841705E0
3.159459550E1,-1.369996078E1,-4.210743713E-1,-1.997446289E0
3.160463550E1,-1.330672852E1,1.077160034E0,-2.974314880E0
3.161467650E1,-1.285481827E1,1.617985382E0,-4.152963867E0
3.162471650E1,-1.220606735E1,1.771566010E0,-4.954996033E0
3.163475650E1,-1.135119507E1,1.622476044E0,-5.144052887E0
3.164479650E1,-1.029633865E1,1.338666229E0,-5.196593628E0
3.165483650E1,-9.381441193E0,8.999285889E-1,-4.839286652E0
3.166487750E1,-8.866062927E0,4.116439819E-2,-4.232448578E0
3.167491750E1,-8.480764160E0,-1.201551361E0,-3.701053619E0
3.168495750E1,-8.076903992E0,-2.513572998E0,-3.342100067E0
3.169499750E1,-7.814050598E0,-3.526815948E0,-2.875819702E0
3.170503750E1,-7.845784607E0,-4.188140717E0,-2.257455597E0
3.171507750E1,-8.233628082E0,-4.576433258E0,-1.563348999E0
3.172511850E1,-8.760981445E0,-4.769232330E0,-9.536668396E-1
3.173515850E1,-9.253756714E0,-4.409380646E0,-5.915698242E-1
3.174519850E1,-9.651629333E0,-3.348686371E0,-2.775228882E-1
3.175523850E1,-9.906698914E0,-1.848356323E0,-2.296224976E-1
3.176527850E1,-9.969717865E0,-5.116360474E-1,-4.878355408E-1
3.177531850E1,-9.909093933E0,4.122427368E-1,-9.746232605E-1
3.178535950E1,-9.837991791E0,1.056053925E0,-1.536704407E0
3.179539950E1,-9.767039337E0,1.349743195E0,-1.954485626E0
3.180543950E1,-9.699978790E0,1.310075684E0,-2.147284698E0
3.181547950E1,-9.564809875E0,9.762698364E-1,-2.167342987E0
3.182551950E1,-9.257049866E0,5.746549988E-1,-2.021396484E0
3.183555950E1,-8.758586426E0,2.026785278E-1,-1.793420563E0
3.184560050E1,-8.098608856E0,-9.355545044E-2,-1.424437866E0
3.185564050E1,-7.516619110E0,-3.547622681E-1,-9.845027161E-1
3.186568138E1,-7.108417969E0,-6.384223938E-1,-5.010081482E-1
3.187572138E1,-6.814728699E0,-9.366023254E-1,-4.894821167E-2
3.188576138E1,-6.701713715E0,-1.334325256E0,3.528163147E-1
3.189580138E1,-6.741979980E0,-1.700613556E0,4.477189636E-1
3.190584238E1,-7.042704620E0,-2.110910339E0,5.025050354E-1
3.191588238E1,-7.472311249E0,-2.549797668E0,4.620890808E-1
3.192592238E1,-7.860753479E0,-2.795287170E0,1.463955688E-1
3.193596238E1,-8.370144196E0,-2.911146240E0,-2.245330811E-2
3.194600238E1,-8.763226776E0,-2.729873199E0,-2.218386841E-1
3.195604238E1,-9.095835114E0,-2.385439453E0,-4.513114929E-1
3.196608338E1,-9.309590607E0,-2.155218201E0,-5.924679565E-1
3.197612338E1,-9.432335358E0,-2.068099365E0,-4.938230896E-1
3.198616338E1,-9.371861115E0,-2.015109558E0,-4.159849548E-1
3.199620338E1,-9.070238342E0,-1.984872437E0,-2.652484131E-1
3.200624338E1,-8.708440704E0,-1.954785004E0,-3.592529297E-2
3.201628438E1,-8.411607971E0,-1.837429047E0,2.827619934E-1
3.202632438E1,-8.089926910E0,-1.689087524E0,6.155200195E-1
3.203636438E1,-7.703580322E0,-1.630708923E0,9.319619751E-1
3.204640438E1,-7.391030273E0,-1.575473785E0,1.234482880E0
3.205644438E1,-7.179220734E0,-1.393901367E0,1.521436157E0
3.206648438E1,-7.054979095E0,-1.180295563E0,1.790277100E0
3.207652538E1,-6.998546448E0,-9.613009644E-1,2.035766602E0
3.208656538E1,-7.029831390E0,-7.731422424E-1,2.139650574E0
3.209660538E1,-7.080276489E0,-6.239025879E-1,2.151326294E0
3.210664538E1,-7.190896454E0,-5.246589661E-1,2.076631622E0
3.211668538E1,-7.502398682E0,-5.337899780E-1,1.994302826E0
3.212672538E1,-7.983498230E0,-6.599775696E-1,1.936223602E0
3.213676638E1,-8.551716614E0,-7.143145752E-1,1.869911499E0
3.214680638E1,-9.104816437E0,-7.397616577E-1,1.681303711E0
3.215684638E1,-9.625433807E0,-7.949967957E-1,1.420396271E0
3.216688638E1,-1.007449997E1,-9.256750488E-1,1.367556152E0
3.217692638E1,-1.038061340E1,-1.100661163E0,1.464105377E0
3.218696638E1,-1.062400726E1,-1.374890900E0,1.815125427E0
3.219700738E1,-1.101215012E1,-1.597927094E0,2.459685059E0
3.220704738E1,-1.141526184E1,-1.692680054E0,3.071762238E0
3.221708738E1,-1.166090103E1,-1.783092041E0,3.391497345E0
3.222712738E1,-1.168380341E1,-1.892514496E0,3.400778046E0
3.223716738E1,-1.153680908E1,-2.226170654E0,3.440295868E0
3.224720738E1,-1.127500351E1,-2.953957214E0,3.630400543E0
3.225724838E1,-1.093176727E1,-3.790417786E0,3.844305725E0
3.226728838E1,-1.048659302E1,-4.324357452E0,3.767066345E0
3.227732837E1,-1.019470001E1,-4.575086060E0,3.142265625E0
3.228736838E1,-1.016700760E1,-4.074976044E0,3.354524231E-1
3.229740838E1,-1.075363770E1,-3.657793579E0,-1.953587494E0
3.230744938E1,-1.159309204E1,-5.403313751E0,-2.940634918E0
3.231748938E1,-1.186013672E1,-7.302414551E0,-7.284601593E0
3.232752938E1,-1.195009964E1,-5.996829529E0,-9.937534790E0
3.233756938E1,-1.202674026E1,-3.129991150E0,-8.299940186E0
3.234760938E1,-1.151974457E1,-1.994003448E0,-7.759114838E0
3.235764938E1,-1.031385223E1,-1.877845001E0,-8.883426819E0
3.236769038E1,-9.984237671E0,-1.272803192E0,-7.445666656E0
3.237773038E1,-1.102801712E1,-2.472857666E-1,-4.749922485E0
3.238777038E1,-1.275392807E1,9.413923645E-1,-3.805835724E0
3.239781038E1,-1.382375336E1,2.031425629E0,-4.047433319E0
3.240785038E1,-1.384485947E1,2.948867798E0,-4.272116089E0
3.241789038E1,-1.197614548E1,2.877316589E0,-4.272714844E0
3.242793138E1,-1.013736923E1,1.795965271E0,-4.106111298E0
3.243797138E1,-1.001582199E1,5.023553467E-1,-3.504362640E0
3.244801138E1,-1.040665924E1,-1.250948639E0,-2.955753479E0
3.245805138E1,-1.082743423E1,-3.005749512E0,-2.748883667E0
3.246809138E1,-1.128847549E1,-4.253404999E0,-2.913391571E0
3.247813138E1,-1.176044403E1,-4.883744202E0,-3.054697723E0
3.248817238E1,-1.212059509E1,-4.837191010E0,-3.188669128E0
3.249821238E1,-1.231743576E1,-4.220323792E0,-3.536994781E0
3.250825238E1,-1.203572159E1,-3.193159790E0,-4.172722778E0
3.251829238E1,-1.140149048E1,-2.252366180E0,-4.499193878E0
3.252833238E1,-1.078656921E1,-2.048789520E0,-4.339925079E0
3.253837338E1,-1.022299118E1,-2.042053528E0,-4.070485382E0
3.254841338E1,-9.527238007E0,-1.990859985E0,-3.779191132E0
3.255845338E1,-8.916957092E0,-2.089355164E0,-3.280128937E0
3.256849338E1,-8.575666809E0,-2.148182831E0,-2.745291138E0
3.257853338E1,-8.292904816E0,-2.119442596E0,-2.361638947E0
3.258857338E1,-7.984995117E0,-2.138902130E0,-2.148931274E0
3.259861438E1,-7.757617950E0,-2.089355164E0,-2.289938049E0
3.260865438E1,-7.895032196E0,-2.085463257E0,-2.488874359E0
3.261869438E1,-8.080496521E0,-2.097288666E0,-2.939138031E0
3.262873438E1,-8.252488861E0,-2.126627655E0,-3.552712097E0
3.263877438E1,-8.370144196E0,-1.891915741E0,-4.237537994E0
3.264881438E1,-8.443042603E0,-1.389710083E0,-4.723427582E0
3.265885538E1,-8.423882446E0,-6.674620056E-1,-4.920417938E0
3.266889538E1,-8.236621857E0,3.486250305E-1,-4.999453583E0
3.267893538E1,-7.846533051E0,1.116228790E0,-4.833598480E0
3.268897538E1,-7.700287170E0,1.477128296E0,-4.450844421E0
3.269901538E1,-7.672594757E0,1.625320129E0,-3.859873352E0
3.270905538E1,-7.642357635E0,1.626517639E0,-3.284170532E0
3.271909638E1,-7.663613434E0,1.561103668E0,-2.873724060E0
3.272913638E1,-7.684869232E0,1.301244049E0,-2.507136383E0
3.273917638E1,-7.673193512E0,8.592132568E-1,-2.228116608E0
3.274921637E1,-7.676486664E0,3.835025024E-1,-1.933080139E0
3.275925638E1,-7.701185303E0,2.724334717E-2,-1.664239197E0
3.276929738E1,-7.688312073E0,-2.354603577E-1,-1.570234680E0
3.277933738E1,-7.672744446E0,-4.484674072E-1,-1.536255341E0
3.278937738E1,-7.699239349E0,-6.601272583E-1,-1.463955688E0
3.279941738E1,-7.703280945E0,-7.673043823E-1,-1.550475769E0
3.280945738E1,-7.800728302E0,-7.237449646E-1,-1.668131104E0
3.281949738E1,-8.017028503E0,-5.248086548E-1,-1.689237213E0
3.282953838E1,-8.290060730E0,-1.082249451E-1,-1.694326630E0
3.283957838E1,-8.614286499E0,4.052073669E-1,-1.649270325E0
3.284961838E1,-8.929530945E0,9.255253601E-1,-1.637444916E0
3.285965838E1,-9.264683990E0,1.380130005E0,-1.677411804E0
3.286969767E1,-9.590706024E0,1.775607605E0,-1.816622314E0
3.287973767E1,-9.970765686E0,2.156565399E0,-1.841470642E0
3.288977867E1,-1.038884628E1,2.418071594E0,-1.641486511E0
3.289981867E1,-1.052760773E1,2.313289490E0,-1.301543427E0
3.290985867E1,-1.052775742E1,1.922003174E0,-1.081351318E0
3.291989867E1,-1.040561142E1,1.350791016E0,-1.084345093E0
3.292993867E1,-1.016880386E1,7.400610352E-1,-1.160087585E0
3.293997967E1,-1.006087830E1,3.611988831E-1,-1.121318207E0
3.295001967E1,-9.975555725E0,4.969665527E-2,-8.696914673E-1
3.296005967E1,-9.925410004E0,-3.255729675E-1,-4.861889648E-1
3.297009967E1,-9.834698639E0,-6.924600220E-1,-1.008901978E-1
3.298013967E1,-9.679920502E0,-9.946815491E-1,1.838177490E-1
3.299017967E1,-9.651180267E0,-1.226699066E0,4.044589233E-1
3.300022067E1,-9.917476501E0,-1.426234131E0,5.498066711E-1
3.301026067E1,-1.036519547E1,-1.616039429E0,5.522016907E-1
3.302030067E1,-1.084300186E1,-2.020348663E0,1.113684082E-1
3.303034067E1,-1.144280457E1,-2.468965759E0,-9.172924805E-1
3.304038067E1,-1.222373062E1,-2.490071869E0,-2.041155396E0
3.305042067E1,-1.294373337E1,-2.049537964E0,-3.015329590E0
3.306046167E1,-1.329759750E1,-1.535506897E0,-3.857029266E0
3.307050167E1,-1.312740143E1,-1.177301788E0,-4.733606415E0
3.308054167E1,-1.260887970E1,-9.859996033E-1,-5.498066711E0
3.309058167E1,-1.187241119E1,-8.704399109E-1,-5.562881927E0
3.310062167E1,-1.101469482E1,-8.051756287E-1,-4.959187317E0
3.311066267E1,-1.007644592E1,-7.647596741E-1,-4.012855225E0
3.312070267E1,-9.235644379E0,-7.782316589E-1,-2.966531067E0
3.313074267E1,-8.552465057E0,-9.099577332E-1,-1.980980530E0
3.314078267E1,-7.870632935E0,-1.249152374E0,-1.253792725E0
3.315082267E1,-7.354206848E0,-1.601819000E0,-7.220983887E-1
3.316086267E1,-7.320526886E0,-1.821562042E0,-3.400927734E-1
3.317090367E1,-7.792645111E0,-1.940564575E0,-1.312770081E-1
3.318094367E1,-8.461154938E0,-1.890568542E0,-1.790277100E-1
3.319098367E1,-9.063502350E0,-1.663341064E0,-4.598437500E-1
3.320102367E1,-9.464817810E0,-1.314865723E0,-9.464817810E-1
3.321106367E1,-9.754465485E0,-1.009650421E0,-1.520987091E0
3.322110467E1,-9.845476227E0,-8.291258240E-1,-2.024090881E0
3.323114467E1,-9.714797974E0,-7.478448486E-1,-2.379601593E0
3.324118467E1,-9.467961273E0,-7.096742249E-1,-2.505190430E0
3.325122467E1,-9.151219940E0,-7.933502197E-1,-2.368075562E0
3.326126467E1,-8.911568298E0,-9.328601074E-1,-1.999092865E0
3.327130467E1,-8.733289032E0,-1.053808594E0,-1.626367950E0
3.328134567E1,-8.616082764E0,-1.148561554E0,-1.227746887E0
3.329138567E1,-8.555458832E0,-1.263821869E0,-7.828720093E-1
3.330142567E1,-8.439150696E0,-1.418450317E0,-4.005670166E-1
3.331146567E1,-8.255183258E0,-1.541644135E0,-1.874102783E-1
3.332150567E1,-8.053402863E0,-1.599274292E0,-1.076261902E-1
3.333154567E1,-7.952362976E0,-1.567839661E0,-1.272354126E-1
3.334158667E1,-7.976911926E0,-1.441502380E0,-1.052311707E-1
3.335162667E1,-8.082292786E0,-1.264720001E0,-5.942642212E-2
3.336166667E1,-8.239465942E0,-1.065484314E0,-5.837860107E-3
3.337170667E1,-8.435408478E0,-8.637039185E-1,8.831634521E-3
3.338174667E1,-8.634943542E0,-7.469467163E-1,3.532653809E-2
3.339178767E1,-8.772806854E0,-7.843688965E-1,4.760101318E-2
3.340182767E1,-8.842412109E0,-9.990225220E-1,9.445358276E-2
3.341186767E1,-8.890611877E0,-1.337019653E0,2.098635864E-1
3.342190767E1,-8.930129700E0,-1.705104218E0,4.056564331E-1
3.343194767E1,-8.976982269E0,-1.971101074E0,6.991960144E-1
3.344198767E1,-8.949738922E0,-2.070943451E0,9.651928711E-1
3.345202867E1,-8.851842499E0,-2.082319794E0,1.139580231E0
3.346206867E1,-8.708740082E0,-2.003134460E0,1.263821869E0
3.347210867E1,-8.516390076E0,-1.925296326E0,1.305285645E0
3.348214867E1,-8.344248047E0,-1.792073364E0,1.242416382E0
3.349218867E1,-8.322243805E0,-1.601968689E0,1.231788483E0
3.350222867E1,-8.429271240E0,-1.261726227E0,1.235081635E0
3.351226967E1,-8.726852417E0,-8.262817383E-1,1.124162292E0
3.352230967E1,-9.145831146E0,-4.237687683E-1,8.580157471E-1
3.353234967E1,-9.562115479E0,-3.052153015E-1,5.224136353E-1
3.354238967E1,-1.016625916E1,-5.936654663E-1,1.791773987E-1
3.355242967E1,-1.097023727E1,-1.116079102E0,-1.362167358E-1
3.356247067E1,-1.172661438E1,-1.561103668E0,-8.816665649E-2
3.357251067E1,-1.237147339E1,-1.670376434E0,3.686833191E-1
3.358255067E1,-1.281066010E1,-1.417701874E0,1.025517426E0
3.359259067E1,-1.308533890E1,-9.592053223E-1,1.716031494E0
3.360263067E1,-1.321990906E1,-4.569996643E-1,2.065105591E0
3.361267067E1,-1.346854202E1,-8.352630615E-2,1.912572784E0
3.362271167E1,-1.338890762E1,2.155517578E-2,1.790875854E0
3.363275167E1,-1.252999374E1,-2.194436646E-1,6.951544189E-1
3.364279167E1,-1.214155151E1,-9.746232605E-1,-7.530839539E-1
3.365283167E1,-1.252714966E1,-2.012115784E0,-1.105002136E0
3.366287167E1,-1.289074356E1,-2.821931763E0,-1.398691406E0
3.367291267E1,-1.278416519E1,-3.317251740E0,-2.418820038E0
3.368295267E1,-1.215083221E1,-3.678899689E0,-4.065845032E0
3.369299267E1,-1.130209717E1,-3.830983429E0,-5.512436829E0
3.370303267E1,-1.056772430E1,-3.663631439E0,-5.916895752E0
3.371307267E1,-9.937983856E0,-3.287763062E0,-5.591622162E0
3.372311267E1,-9.511221313E0,-2.797831879E0,-4.900808716E0
3.373315367E1,-9.314979401E0,-2.053579559E0,-4.011208649E0
3.374319367E1,-9.210646362E0,-1.114582214E0,-2.927911377E0
3.375323367E1,-8.988358612E0,-1.908531189E-1,-2.173929291E0
3.376327367E1,-8.506959686E0,5.349874878E-1,-1.816622314E0
3.377331367E1,-8.258476410E0,9.931846619E-1,-1.423839111E0
3.378335467E1,-8.572074280E0,9.824070740E-1,-9.566606140E-1
3.379339467E1,-9.222920837E0,5.221142578E-1,-5.176235962E-1
3.380343467E1,-1.003842499E1,-2.800675964E-1,-1.481918335E-1
3.381347467E1,-1.084464844E1,-1.079405365E0,-1.887574768E-1
3.382351467E1,-1.141166931E1,-1.492995300E0,-5.849835205E-1
3.383355467E1,-1.161045593E1,-1.475781097E0,-1.102158051E0
3.384359567E1,-1.132230515E1,-1.197360077E0,-1.763931885E0
3.385363567E1,-1.061816940E1,-8.589138794E-1,-2.390229492E0
3.386367567E1,-9.870324554E0,-5.773493958E-1,-2.706072693E0
3.387371562E1,-9.345216522E0,-3.944297791E-1,-2.576741638E0
3.388375563E1,-8.809181213E0,-4.326004028E-1,-2.189347229E0
3.389379563E1,-8.140821075E0,-5.162763977E-1,-1.671274567E0
3.390383663E1,-7.564070435E0,-4.864883423E-1,-1.112486572E0
3.391387663E1,-7.180268555E0,-4.300556946E-1,-4.382885742E-1
3.392391663E1,-6.877448273E0,-2.797682190E-1,1.466949463E-2
3.393395663E1,-6.636898499E0,-1.463955688E-1,1.919009399E-1
3.394399663E1,-6.645131378E0,-1.053808594E-1,4.728666687E-1
3.395403763E1,-6.688840485E0,-4.864883423E-2,3.516188049E-1
3.396407763E1,-6.937323761E0,-1.369651794E-1,1.416055298E-1
3.397411763E1,-7.366780701E0,-2.761756897E-1,1.901046753E-2
3.398415763E1,-7.765551453E0,-4.581971741E-1,-2.848576355E-1
3.399419763E1,-8.194259949E0,-6.018983459E-1,-4.724176025E-1
3.400423763E1,-8.426726532E0,-5.653742981E-1,-5.815406799E-1
3.401427863E1,-8.526718597E0,-3.149450684E-1,-6.469546509E-1
3.402431863E1,-8.504564667E0,-1.616638184E-2,-4.884342957E-1
3.403435863E1,-8.478219452E0,1.721420288E-1,-2.095642090E-1
3.404439863E1,-8.413254547E0,2.685415649E-1,7.035369873E-2
3.405443863E1,-8.356073456E0,3.468287659E-1,3.623963928E-1
3.406447963E1,-8.316256256E0,4.191284180E-1,6.387217712E-1
3.407451963E1,-8.259224854E0,5.108876038E-1,8.405021667E-1
3.408455963E1,-8.185877380E0,5.704637146E-1,1.004411316E0
3.409459963E1,-8.131540375E0,6.204597473E-1,1.056502991E0
3.410463963E1,-8.185877380E0,6.725514221E-1,1.067729645E0
3.411467963E1,-8.329129486E0,6.700067139E-1,1.095571747E0
3.412472063E1,-8.564889221E0,5.851332092E-1,1.062939606E0
3.413476063E1,-8.970096588E0,2.824626160E-1,1.031055908E0
3.414480063E1,-9.507179718E0,-1.477427673E-1,9.036708069E-1
3.415484063E1,-1.019350250E1,-5.388793945E-1,4.610412598E-1
3.416488063E1,-1.082908081E1,-8.622070313E-1,-3.263214111E-2
3.417492163E1,-1.156539963E1,-1.226100311E0,-2.275268555E-1
3.418496163E1,-1.227956451E1,-1.469943237E0,1.272354126E-1
3.419500163E1,-1.300839890E1,-1.569486237E0,8.683442688E-1
3.420504163E1,-1.355536148E1,-1.603166199E0,1.742376709E0
3.421508163E1,-1.361314133E1,-1.638642426E0,2.384990387E0
3.422512163E1,-1.358425140E1,-1.625020752E0,2.446811829E0
3.423516263E1,-1.403212006E1,-1.341660004E0,1.834734650E0
3.424520263E1,-1.419767578E1,-1.692829742E0,1.310674438E0
3.425524263E1,-1.402837784E1,-2.276915131E0,1.526824951E-1
3.426528263E1,-1.385997803E1,-1.685944061E0,-8.692424011E-1
3.427532263E1,-1.347393082E1,-1.213975525E-1,-1.582658844E0
3.428536262E1,-1.305135956E1,9.797126770E-1,-2.788102112E0
3.429540363E1,-1.268357437E1,1.156345367E0,-4.239483948E0
3.430544363E1,-1.228600113E1,9.184899902E-1,-5.241949310E0
3.431548363E1,-1.164772842E1,5.219645691E-1,-5.619164886E0
3.432552363E1,-1.080168777E1,2.155517578E-1,-5.506149902E0
3.433556363E1,-1.015518219E1,-1.281335449E-1,-4.773872681E0
3.434560463E1,-9.720037079E0,-5.962101746E-1,-3.658242645E0
3.435564463E1,-9.101373596E0,-1.059047699E0,-2.893482971E0
3.436568463E1,-8.254584503E0,-1.486708374E0,-2.483934631E0
3.437572463E1,-7.593259735E0,-1.933379517E0,-2.192341003E0
3.438576463E1,-7.395221558E0,-2.446662140E0,-1.699116669E0
3.439580463E1,-7.719597015E0,-2.861150208E0,-1.178050232E0
3.440584563E1,-8.384514313E0,-2.928510132E0,-6.445596313E-1
3.441588562E1,-9.048982544E0,-2.494113464E0,-1.766326904E-1
3.442592563E1,-9.530531158E0,-1.660347290E0,6.361770630E-2
3.443596563E1,-9.755812683E0,-6.219566345E-1,-1.975891113E-2
3.444600563E1,-9.830806732E0,2.588117981E-1,-5.162763977E-1
3.445604663E1,-9.823471985E0,8.683442688E-1,-1.253193970E0
3.446608663E1,-9.789642334E0,1.245110779E0,-1.802701263E0
3.447612662E1,-9.697134705E0,1.387913818E0,-2.118843842E0
3.448616663E1,-9.440717926E0,1.242715759E0,-2.188149719E0
3.449620663E1,-8.993897095E0,9.195378113E-1,-2.097887421E0
3.450624663E1,-8.437204742E0,5.075944519E-1,-1.902693329E0
3.451628763E1,-7.836354218E0,1.303788757E-1,-1.688039703E0
3.452632763E1,-7.272177429E0,-2.823129272E-1,-1.350491638E0
3.453636763E1,-6.790329437E0,-7.569758606E-1,-1.000369720E0
3.454640763E1,-6.537355499E0,-1.208437042E0,-5.626799011E-1
3.455644763E1,-6.515500946E0,-1.586999817E0,-4.595443726E-2
3.456648863E1,-6.626569977E0,-1.908980255E0,3.588038635E-1
3.457652863E1,-6.711293793E0,-2.173929291E0,6.141728210E-1
3.458656863E1,-6.906936951E0,-2.362986145E0,7.119195557E-1
3.459660863E1,-7.219187622E0,-2.371668091E0,6.746470642E-1
3.460664863E1,-7.533084869E0,-2.136058044E0,5.828878784E-1
3.461668863E1,-7.829618225E0,-1.830393677E0,4.182302856E-1
3.462672963E1,-8.130492554E0,-1.557211761E0,2.785707092E-1
3.463676963E1,-8.360863495E0,-1.337917786E0,2.154020691E-1
3.464680963E1,-8.530610504E0,-1.189276886E0,2.415975952E-1
3.465684963E1,-8.569828949E0,-1.193917236E0,4.399351501E-1
3.466688963E1,-8.593330078E0,-1.320853271E0,7.156617737E-1
3.467693063E1,-8.622968445E0,-1.357227631E0,1.007704468E0
3.468697063E1,-8.578361206E0,-1.274599457E0,1.292711792E0
3.469701063E1,-8.469986572E0,-1.262175293E0,1.350341949E0
3.470705063E1,-8.416547699E0,-1.477128296E0,1.329535217E0
3.471709063E1,-8.461005249E0,-1.732497253E0,1.342707825E0
3.472713063E1,-8.869805145E0,-1.895208893E0,1.056802368E0
3.473717163E1,-9.832153931E0,-2.061213684E0,6.400689697E-1
3.474721163E1,-1.106873245E1,-2.180814972E0,1.556762695E-2
3.475725163E1,-1.192450287E1,-2.151625671E0,-8.776249695E-1
3.476729163E1,-1.229483276E1,-2.139650574E0,-1.368903351E0
3.477733163E1,-1.259301270E1,-1.889820099E0,-1.054706726E0
3.478737263E1,-1.287352936E1,-1.024918671E0,-2.875520325E-1
3.479741263E1,-1.316632050E1,-5.298980713E-2,6.240522766E-1
3.480745263E1,-1.337109467E1,7.876620483E-1,1.360221405E0
3.481749263E1,-1.366104172E1,1.604513397E0,1.800306244E0
3.482753263E1,-1.365505417E1,2.168989563E0,2.168540497E0
3.483757263E1,-1.261905853E1,2.576142883E0,9.327104187E-1
3.484761363E1,-1.151196075E1,2.008822632E0,-1.194815369E0
3.485765363E1,-1.142618912E1,9.340576172E-2,-2.083966370E0
3.486769438E1,-1.216939362E1,-1.562301178E0,-2.117047577E0
3.487773438E1,-1.245170654E1,-2.363435211E0,-2.688559113E0
3.488777438E1,-1.206281525E1,-3.030448151E0,-3.905678101E0
3.489781538E1,-1.112232101E1,-3.419489136E0,-5.025649109E0
3.490785538E1,-9.886191559E0,-3.334166565E0,-5.587730255E0
3.491789538E1,-9.050329742E0,-2.913391571E0,-5.620961151E0
3.492793538E1,-9.085506592E0,-2.088157654E0,-4.876708832E0
3.493797538E1,-9.579778748E0,-9.502239990E-1,-3.811074829E0
3.494801538E1,-9.819131012E0,3.128494263E-2,-2.714155884E0
3.495805638E1,-9.608968048E0,5.526507568E-1,-1.797911224E0
3.496809637E1,-9.430688782E0,5.620811462E-1,-1.142873383E0
3.497813638E1,-9.923913116E0,2.850073242E-1,-7.662565613E-1
3.498817638E1,-1.080333435E1,-2.588117981E-1,-6.632707214E-1
3.499821638E1,-1.160776154E1,-9.271719360E-1,-7.979905701E-1
3.500825738E1,-1.210996719E1,-1.681303711E0,-1.011147308E0
3.501829738E1,-1.215711914E1,-2.299218750E0,-1.248254242E0
3.502833737E1,-1.172871002E1,-2.667153625E0,-1.393601990E0
3.503837738E1,-1.082967957E1,-2.809058533E0,-1.532363434E0
3.504841738E1,-9.821675720E0,-2.620301056E0,-1.676962738E0
3.505845738E1,-8.710835724E0,-2.008223877E0,-1.769170990E0
3.506849838E1,-7.589517517E0,-1.126407623E0,-1.677411804E0
3.507853838E1,-6.643335114E0,-2.378553772E-1,-1.439406738E0
3.508857838E1,-6.033952332E0,3.517684937E-1,-1.054257660E0
3.509861838E1,-5.647755432E0,6.982978821E-1,-5.562432861E-1
3.510865838E1,-5.466931458E0,1.085392914E0,-1.287322998E-1
3.511869938E1,-5.326224060E0,1.468596039E0,1.282832336E-1
3.512873938E1,-5.335355072E0,1.696122894E0,1.847158813E-1
3.513877938E1,-5.536985779E0,1.707050171E0,1.227447510E-2
3.514881938E1,-5.948779449E0,1.445244598E0,-2.628533936E-1
3.515885938E1,-6.488706665E0,1.081351318E0,-5.215155029E-1
3.516889938E1,-7.109166412E0,6.529421997E-1,-7.565267944E-1
3.517894038E1,-7.808512115E0,2.164498901E-1,-9.379495239E-1
3.518898038E1,-8.445138245E0,-2.020797729E-1,-1.155447235E0
3.519902038E1,-8.901688843E0,-5.846841431E-1,-1.235381012E0
3.520906038E1,-9.232051849E0,-8.614585876E-1,-1.101708984E0
3.521910038E1,-9.372010803E0,-9.346563721E-1,-8.192463684E-1
3.522914038E1,-9.288933563E0,-7.900570679E-1,-5.028044128E-1
3.523918138E1,-9.121282196E0,-5.468128967E-1,-1.363664246E-1
3.524922138E1,-8.905131683E0,-3.689826965E-1,2.372566223E-1
3.525926138E1,-8.736432495E0,-2.971321106E-1,7.529342651E-1
3.526930138E1,-8.658444672E0,-2.716850281E-1,1.217568054E0
3.527934138E1,-8.697962494E0,-1.836680603E-1,1.395248566E0
3.528938238E1,-8.705297241E0,-9.999206543E-2,1.229692841E0
3.529942238E1,-8.762777710E0,-9.056167603E-2,7.074288940E-1
3.530946238E1,-8.928782501E0,-2.360591125E-1,2.683918762E-1
3.531950238E1,-9.222920837E0,-4.228706360E-1,-2.808160400E-1
3.532954238E1,-9.725725250E0,-3.842509460E-1,-1.185983734E0
3.533958238E1,-1.061367874E1,-1.100212097E-1,-1.923649750E0
3.534962338E1,-1.198078583E1,-7.095245361E-2,-1.351988525E0
3.535966338E1,-1.327948517E1,-3.734733582E-1,3.004252625E-1
3.536970338E1,-1.421578812E1,-6.950047302E-1,1.714235229E0
3.537974338E1,-1.473790237E1,-9.614506531E-1,2.120939484E0
3.538978338E1,-1.514760040E1,-1.269510040E0,1.443598022E0
3.539982438E1,-1.533066971E1,-2.187251587E0,6.301895142E-1
3.540986438E1,-1.503204071E1,-3.736829224E0,-4.740641785E-1
3.541990438E1,-1.424482773E1,-4.394711151E0,-1.522933044E0
3.542994438E1,-1.309491898E1,-3.371588745E0,-1.880389709E0
3.543998437E1,-1.227971420E1,-1.316063232E0,-2.522853699E0
3.545002438E1,-1.167317551E1,3.841012573E-1,-3.783083038E0
3.546006538E1,-1.105990082E1,1.042581940E0,-5.249733124E0
3.547010538E1,-1.046578629E1,8.976832581E-1,-6.149362335E0
3.548014538E1,-9.844727783E0,3.689826965E-1,-6.148314514E0
3.549018538E1,-9.434431000E0,2.963836670E-2,-5.554199982E0
3.550022537E1,-9.151219940E0,-2.023791504E-1,-4.771777039E0
3.551026538E1,-8.867260437E0,-6.804849243E-1,-4.009861450E0
3.552030638E1,-8.530161438E0,-1.488055573E0,-3.352578278E0
3.553034638E1,-8.181237030E0,-2.273921356E0,-2.925815735E0
3.554038638E1,-8.186027069E0,-2.859952698E0,-2.388133850E0
3.555042638E1,-8.746910706E0,-3.169059906E0,-1.868115234E0
3.556046638E1,-9.593849487E0,-2.966531067E0,-1.473984833E0
3.557050737E1,-1.039707916E1,-2.204914856E0,-1.215472412E0
3.558054738E1,-1.092398346E1,-9.928852844E-1,-9.638456726E-1
3.559058738E1,-1.110540619E1,3.299139404E-1,-1.011895752E0
3.560062738E1,-1.108699448E1,1.322799225E0,-1.466949463E0
3.561066738E1,-1.095691498E1,1.772164764E0,-2.078278198E0
3.562070738E1,-1.069271439E1,1.838925934E0,-2.488125916E0
3.563074837E1,-1.020263351E1,1.521735535E0,-2.534828796E0
3.564078838E1,-9.467362518E0,9.168434143E-1,-2.392774200E0
3.565082838E1,-8.603808289E0,1.606159973E-1,-2.114353180E0
3.566086838E1,-7.806566162E0,-5.397775269E-1,-1.829794922E0
3.567090838E1,-7.177574158E0,-1.058748322E0,-1.516496429E0
3.568094938E1,-6.682553558E0,-1.480720825E0,-1.192570038E0
3.569098938E1,-6.322851562E0,-1.863175507E0,-7.062313843E-1
3.570102938E1,-6.106251984E0,-2.081571350E0,-1.631607056E-1
3.571106938E1,-6.003266144E0,-2.198777618E0,2.826123047E-1
3.572110938E1,-6.012696533E0,-2.161654816E0,5.031037903E-1
3.573114938E1,-6.145919495E0,-2.052382050E0,5.041516113E-1
3.574119038E1,-6.413113861E0,-1.829944611E0,3.528163147E-1
3.575123038E1,-6.814878387E0,-1.582958221E0,1.505868530E-1
3.576127038E1,-7.386240234E0,-1.316063232E0,4.445755005E-2
3.577131038E1,-7.942333832E0,-1.075214081E0,-4.296066284E-2
3.578135038E1,-8.364905090E0,-8.665480042E-1,-8.502319336E-2
3.579139038E1,-8.642427979E0,-7.219487000E-1,-5.433700562E-2
3.580143138E1,-8.651409302E0,-6.854246521E-1,5.852828979E-2
3.581147138E1,-8.503965912E0,-7.782316589E-1,3.595523071E-1
3.582151138E1,-8.353379059E0,-8.720864868E-1,7.586224365E-1
3.583155138E1,-8.282576294E0,-8.119116211E-1,1.050365753E0
3.584159138E1,-8.204887848E0,-6.661148071E-1,1.201701050E0
3.585163238E1,-8.078849945E0,-5.421725464E-1,1.152154083E0
3.586167238E1,-8.060887299E0,-4.793032837E-1,9.678872681E-1
3.587171154E1,-8.225993958E0,-5.098397827E-1,6.515950012E-1
3.588175154E1,-8.638835449E0,-6.831793213E-1,1.966909790E-1
3.589179154E1,-9.528734894E0,-1.094673615E0,-2.392025757E-1
3.590183154E1,-1.074151291E1,-1.703906708E0,-7.770341492E-1
3.591187254E1,-1.169892197E1,-2.319127350E0,-1.243314514E0
3.592191254E1,-1.266486328E1,-2.777623901E0,-9.355545044E-1
3.593195254E1,-1.373274261E1,-2.500400391E0,6.990463257E-2
3.594199254E1,-1.439047485E1,-1.709744568E0,9.605525208E-1
3.595203254E1,-1.467383560E1,-7.002438354E-1,1.524878998E0
3.596207254E1,-1.494686783E1,4.637356567E-1,1.835782471E0
3.597211354E1,-1.442071198E1,1.499880981E0,1.461111603E0
3.598215354E1,-1.303219940E1,2.099533997E0,-1.260379028E-1
3.599219354E1,-1.176343781E1,1.742227020E0,-1.590592346E0
3.600223354E1,-1.160806091E1,1.429527283E-1,-2.022144928E0
3.601227354E1,-1.256008118E1,-1.417252808E0,-2.139650574E0
3.602231454E1,-1.302276901E1,-2.158511353E0,-2.718347168E0
3.603235454E1,-1.269285507E1,-2.636617126E0,-3.761677551E0
3.604239454E1,-1.184531754E1,-2.992127838E0,-4.549189911E0
3.605243454E1,-1.059541672E1,-3.104244690E0,-4.887486420E0
3.606247454E1,-9.504036255E0,-3.025658112E0,-4.985682220E0
3.607251454E1,-9.025481415E0,-2.529589691E0,-4.838238831E0
3.608255554E1,-9.138945465E0,-1.432371368E0,-3.877237244E0
3.609259554E1,-9.255552979E0,-2.154020691E-1,-2.719694366E0
3.610263554E1,-9.028624878E0,8.105644226E-1,-1.780846710E0
3.611267554E1,-8.687484283E0,1.397044830E0,-9.169931030E-1
3.612271554E1,-8.650062103E0,1.439855804E0,-2.817141724E-1
3.613275554E1,-9.137448578E0,1.093476105E0,1.930984497E-2
3.614279654E1,-9.849517822E0,5.548960876E-1,5.328918457E-2
3.615283654E1,-1.057311310E1,-1.414558411E-1,-2.406994629E-1
3.616287654E1,-1.109687393E1,-7.903564453E-1,-8.273295593E-1
3.617291654E1,-1.127156067E1,-1.288221130E0,-1.393601990E0
3.618295654E1,-1.106708588E1,-1.678908691E0,-1.968855743E0
3.619299654E1,-1.054841446E1,-1.893712006E0,-2.409389648E0
3.620303754E1,-9.822573853E0,-1.822460175E0,-2.589614868E0
3.621307754E1,-8.987161102E0,-1.621727600E0,-2.422262878E0
3.622311754E1,-8.152496796E0,-1.380878448E0,-2.067500610E0
3.623315754E1,-7.415429535E0,-1.051114197E0,-1.550026703E0
3.624319754E1,-6.854396210E0,-7.866142273E-1,-9.819580078E-1
3.625323854E1,-6.483317871E0,-5.281018066E-1,-2.312690735E-1
3.626327854E1,-6.139931946E0,-6.062393188E-2,2.766247559E-1
3.627331854E1,-5.917494507E0,3.585044861E-1,4.751119995E-1
3.628335854E1,-5.774092712E0,6.608757019E-1,5.423222351E-1
3.629339854E1,-5.836812286E0,8.274792480E-1,4.303550720E-1
3.630343854E1,-6.164031830E0,9.285191345E-1,2.565664673E-1
3.631347954E1,-6.632557526E0,8.461903381E-1,-5.194198608E-2
3.632351954E1,-7.163653107E0,6.066883850E-1,-3.335064697E-1
3.633355954E1,-7.660469971E0,3.935316467E-1,-5.887257385E-1
3.634359954E1,-8.080346832E0,1.686991882E-1,-7.568261719E-1
3.635363954E1,-8.421487427E0,4.086502075E-2,-7.831713867E-1
3.636367954E1,-8.704997864E0,-4.490661621E-4,-6.486012268E-1
3.637372054E1,-8.873846741E0,1.122665405E-1,-3.610491943E-1
3.638376054E1,-8.929680634E0,2.520758057E-1,3.113525391E-2
3.639380054E1,-8.852740631E0,2.808160400E-1,3.867956543E-1
3.640384054E1,-8.847351837E0,1.926493835E-1,8.939410400E-1
3.641388054E1,-8.809480591E0,1.360670471E-1,1.223106537E0
3.642392054E1,-8.761280823E0,3.802093506E-2,1.441352692E0
3.643396154E1,-8.736881561E0,-1.254391479E-1,1.580263824E0
3.644400154E1,-8.779243469E0,-2.992277527E-1,1.384171600E0
3.645404154E1,-8.925639038E0,-4.466711426E-1,1.047222290E0
3.646408154E1,-9.175020447E0,-6.450086975E-1,3.987707520E-1
3.647412154E1,-9.533375244E0,-6.255491638E-1,-6.083349609E-1
3.648416154E1,-1.034723282E1,-4.331991577E-1,-1.353635101E0
3.649420254E1,-1.171269333E1,-3.977229309E-1,-9.313632202E-1
3.650424254E1,-1.318128937E1,-3.903881836E-1,4.929249573E-1
3.651428254E1,-1.432775528E1,-5.260061646E-1,1.938768311E0
3.652432254E1,-1.518801636E1,-8.455915833E-1,2.635269928E0
3.653436254E1,-1.572360260E1,-1.297651520E0,2.292033691E0
3.654440354E1,-1.583901260E1,-1.904938660E0,1.523681488E0
3.655444354E1,-1.531809586E1,-2.962190094E0,5.929170227E-1
3.656448354E1,-1.442190948E1,-3.772604828E0,-3.498225403E-1
3.657452354E1,-1.330238754E1,-3.302881622E0,-7.804769897E-1
3.658456354E1,-1.230216751E1,-1.494941254E0,-1.131796417E0
3.659460354E1,-1.171883057E1,4.089495850E-1,-1.979034576E0
3.660464454E1,-1.133323242E1,1.209784241E0,-3.351081390E0
3.661468454E1,-1.118593872E1,1.499581604E0,-4.730912018E0
3.662472454E1,-1.092982132E1,1.407972107E0,-5.387446747E0
3.663476454E1,-1.036205200E1,1.000369720E0,-5.450166321E0
3.664480454E1,-9.906100159E0,5.719606018E-1,-4.905449066E0
3.665484454E1,-9.610015869E0,-4.460723877E-2,-4.025429077E0
3.666488554E1,-9.303303680E0,-9.059161377E-1,-3.337310028E0
3.667492554E1,-8.861871643E0,-1.732048187E0,-2.942880249E0
3.668496554E1,-8.434809723E0,-2.500699768E0,-2.591261444E0
3.669500554E1,-8.320447540E0,-3.134930878E0,-2.030078430E0
3.670504554E1,-8.644972687E0,-3.514092407E0,-1.399290161E0
3.671508554E1,-9.307794342E0,-3.407064972E0,-8.936416626E-1
3.672512654E1,-9.948162689E0,-2.674787750E0,-5.578898621E-1
3.673516654E1,-1.033555710E1,-1.509011993E0,-3.466790771E-1
3.674520654E1,-1.040800644E1,-2.017803955E-1,-4.219725037E-1
3.675524654E1,-1.029993118E1,7.881111145E-1,-7.981402588E-1
3.676528654E1,-1.015712814E1,1.364412689E0,-1.395547943E0
3.677532754E1,-9.977202301E0,1.656455383E0,-1.775457916E0
3.678536754E1,-9.650581512E0,1.604513397E0,-1.827998657E0
3.679540754E1,-9.133257294E0,1.241967316E0,-1.705253906E0
3.680544754E1,-8.484805756E0,5.493576050E-1,-1.468745728E0
3.681548754E1,-7.981402588E0,-1.877096558E-1,-1.218615875E0
3.682552754E1,-7.607031097E0,-7.722441101E-1,-1.037043457E0
3.683556854E1,-7.122937775E0,-1.169368286E0,-7.595205688E-1
3.684560854E1,-6.693480835E0,-1.480720825E0,-3.556604004E-1
3.685564854E1,-6.384673004E0,-1.700912933E0,7.634124756E-2
3.686568854E1,-6.233487396E0,-1.830992432E0,5.062472534E-1
3.687572900E1,-6.282435608E0,-1.881287842E0,8.171507263E-1
3.688576900E1,-6.460864563E0,-1.893412628E0,9.288185120E-1
3.689581000E1,-6.710545349E0,-1.817520447E0,8.469387817E-1
3.690585000E1,-7.065457306E0,-1.651365967E0,7.206015015E-1
3.691589000E1,-7.473658447E0,-1.450783081E0,5.400769043E-1
3.692593000E1,-7.874824219E0,-1.205143890E0,3.688330078E-1
3.693597000E1,-8.200546875E0,-1.009650421E0,2.887495422E-1
3.694601000E1,-8.360564117E0,-8.708889771E-1,3.179388428E-1
3.695605100E1,-8.373886414E0,-8.029302979E-1,4.170327759E-1
3.696609100E1,-8.308173065E0,-9.232800293E-1,6.737489319E-1
3.697613100E1,-8.283474426E0,-1.056952057E0,1.039139099E0
3.698617100E1,-8.280480652E0,-1.067729645E0,1.234183502E0
3.699621100E1,-8.259524231E0,-1.005159760E0,1.227148132E0
3.700625100E1,-8.226293335E0,-9.039701843E-1,1.014141083E0
3.701629200E1,-8.366252289E0,-8.205935669E-1,8.652008057E-1
3.702633200E1,-8.649313660E0,-8.656498718E-1,7.590715027E-1
3.703637200E1,-9.306896210E0,-1.199006653E0,4.430786133E-1
3.704641200E1,-1.034319122E1,-1.656754761E0,-6.750961304E-2
3.705645200E1,-1.105166794E1,-2.097887421E0,-5.390290833E-1
3.706649200E1,-1.163365768E1,-2.763702850E0,-6.463558960E-1
3.707653300E1,-1.245230530E1,-3.206781464E0,7.244934082E-2
3.708657300E1,-1.351763992E1,-2.680924988E0,1.055305481E0
3.709661300E1,-1.421533905E1,-1.459165649E0,1.609004059E0
3.710665300E1,-1.441427536E1,-2.529739380E-1,1.912572784E0
3.711669300E1,-1.456471252E1,8.388555908E-1,2.022593994E0
3.712673300E1,-1.404723862E1,1.708996124E0,1.741777954E0
3.713677400E1,-1.264106277E1,2.151326294E0,7.897576904E-1
3.714681400E1,-1.125883713E1,1.568737793E0,-7.529342651E-2
3.715685400E1,-1.088521408E1,-2.404000854E-1,-6.182144165E-1
3.716689400E1,-1.172167465E1,-1.741628265E0,-1.150657196E0
3.717693400E1,-1.222238342E1,-2.271526337E0,-1.899100800E0
3.718697500E1,-1.207748474E1,-2.487377472E0,-2.752476196E0
3.719701500E1,-1.139744888E1,-2.538421326E0,-3.547023926E0
3.720705500E1,-1.044138702E1,-2.543810120E0,-4.209546204E0
3.721709500E1,-9.942324829E0,-2.547702026E0,-4.537663879E0
3.722713500E1,-9.989925842E0,-2.032922516E0,-4.578528900E0
3.723717500E1,-1.037492523E1,-8.904981995E-1,-3.663182373E0
3.724721600E1,-1.052042267E1,1.734892273E-1,-2.579885101E0
3.725725600E1,-1.039079224E1,8.637039185E-1,-1.822310486E0
3.726729600E1,-1.005384293E1,1.192719727E0,-1.118623810E0
3.727733600E1,-9.856553192E0,1.018631744E0,-5.628295898E-1
3.728737600E1,-1.003857468E1,5.890251160E-1,-1.604663086E-1
3.729741600E1,-1.035920792E1,2.035766602E-2,6.586303711E-3
3.730745700E1,-1.053329590E1,-6.668632507E-1,-7.918533325E-2
3.731749700E1,-1.038136185E1,-1.297202454E0,-4.098477173E-1
3.732753700E1,-1.005234604E1,-1.783391418E0,-7.111711121E-1
3.733757700E1,-9.627679138E0,-2.102078705E0,-1.124311981E0
3.734761700E1,-9.219028931E0,-2.137255554E0,-1.480870514E0
3.735765700E1,-8.772806854E0,-1.797462158E0,-1.742077332E0
3.736769800E1,-8.275091858E0,-1.321002960E0,-1.830992432E0
3.737773800E1,-7.786208496E0,-7.991880798E-1,-1.718725891E0
3.738777800E1,-7.345973969E0,-3.927832031E-1,-1.369651794E0
3.739781800E1,-6.990313568E0,-1.125659180E-1,-9.641450500E-1
3.740785800E1,-6.675967255E0,1.022373962E-1,-5.110372925E-1
3.741789800E1,-6.321803741E0,3.697311401E-1,-2.767744446E-1
3.742793900E1,-6.061045990E0,5.777984619E-1,-1.297801208E-1
3.743797900E1,-5.936504974E0,7.300318909E-1,-4.101470947E-2
3.744801900E1,-6.020779724E0,8.255332947E-1,-6.541397095E-2
3.745805900E1,-6.327342224E0,8.809181213E-1,-9.415420532E-2
3.746809900E1,-6.724316711E0,9.313632202E-1,-1.212478638E-1
3.747813900E1,-7.201075287E0,8.596623230E-1,-2.179467773E-1
3.748818000E1,-7.675289154E0,7.497908020E-1,-3.230282593E-1
3.749822000E1,-8.154143372E0,5.938151550E-1,-4.610412598E-1
3.750826000E1,-8.621022491E0,4.493655396E-1,-5.397775269E-1
3.751830000E1,-8.929231567E0,3.799099731E-1,-5.200186157E-1
3.752834000E1,-9.049431610E0,3.519181824E-1,-3.718267822E-1
3.753838000E1,-9.128616943E0,3.857478333E-1,-1.923500061E-1
3.754842100E1,-9.172924805E0,4.387376404E-1,-2.649490356E-2
3.755846100E1,-9.160500641E0,4.305047607E-1,2.731819153E-1
3.756850100E1,-9.090296631E0,2.868035889E-1,7.231462097E-1
3.757854100E1,-9.057664490E0,8.876541138E-2,1.184187469E0
3.758858100E1,-9.119036865E0,-2.025288391E-1,1.398541718E0
3.759862100E1,-9.233848114E0,-5.251080322E-1,1.200204163E0
3.760866200E1,-9.404193878E0,-7.869136047E-1,7.117698669E-1
3.761870200E1,-9.804461517E0,-9.177415466E-1,-3.038681030E-1
3.762874200E1,-1.060095520E1,-8.972341919E-1,-1.450034637E0
3.763878200E1,-1.163739990E1,-6.255491638E-1,-1.877096558E0
3.764882200E1,-1.275976593E1,-2.484832764E-1,-8.779243469E-1
3.765886200E1,-1.376642258E1,-2.799179077E-2,7.173083496E-1
3.766890300E1,-1.439137299E1,9.295669556E-2,1.758543091E0
3.767894300E1,-1.483445160E1,1.437011719E-2,1.883233795E0
3.768898300E1,-1.503563324E1,-4.242178345E-1,1.362766113E0
3.769902300E1,-1.502066437E1,-1.579665070E0,2.158511353E-1
3.770906300E1,-1.452848785E1,-2.721790009E0,-1.136137390E0
3.771910300E1,-1.352811813E1,-2.770887909E0,-1.828747101E0
3.772914400E1,-1.255858429E1,-1.668729858E0,-2.308050385E0
3.773918400E1,-1.205862396E1,-2.219883728E-1,-3.113375702E0
3.774922400E1,-1.160446838E1,5.502557373E-1,-4.132905579E0
3.775926400E1,-1.100676132E1,6.909631348E-1,-5.077591095E0
3.776930400E1,-1.029918274E1,3.441343689E-1,-5.408552856E0
3.777934400E1,-9.805359650E0,5.194198608E-2,-5.354664917E0
3.778938500E1,-9.715696106E0,-1.486408997E-1,-4.816533966E0
3.779942500E1,-9.730814667E0,-6.496490479E-1,-3.987408142E0
3.780946500E1,-9.559570770E0,-1.509161682E0,-3.127745819E0
3.781950500E1,-9.246571655E0,-2.339035950E0,-2.728376312E0
3.782954500E1,-8.974287872E0,-3.021317139E0,-2.485281830E0
3.783958500E1,-9.019044800E0,-3.468587036E0,-2.194885712E0
3.784962600E1,-9.412875824E0,-3.601061554E0,-1.831291809E0
3.785966600E1,-9.902657318E0,-3.162174225E0,-1.504371643E0
3.786970600E1,-1.019065842E1,-2.136656799E0,-1.203197937E0
3.787974613E1,-1.024394760E1,-8.039781189E-1,-1.018631744E0
3.788978613E1,-1.004665787E1,4.498146057E-1,-1.068178711E0
3.789982613E1,-9.721533966E0,1.359173584E0,-1.378633118E0
3.790986713E1,-9.479636993E0,1.878294067E0,-1.646875305E0
3.791990713E1,-9.238338776E0,2.038760376E0,-1.748513947E0
3.792994713E1,-8.985963593E0,1.818268890E0,-1.697619781E0
3.793998713E1,-8.574020233E0,1.279539185E0,-1.583706665E0
3.795002713E1,-7.933951263E0,6.156697083E-1,-1.482367401E0
3.796006713E1,-7.341183929E0,-6.765930176E-2,-1.343156891E0
3.797010813E1,-7.002138977E0,-7.309300232E-1,-1.120569763E0
3.798014813E1,-6.722071381E0,-1.203048248E0,-9.117539978E-1
3.799018813E1,-6.473737793E0,-1.524878998E0,-7.186555481E-1
3.800022813E1,-6.367159424E0,-1.802252197E0,-4.870870972E-1
3.801026813E1,-6.306086426E0,-2.029629364E0,-2.803669739E-1
3.802030813E1,-6.424789581E0,-2.221829681E0,-5.418731689E-2
3.803034913E1,-6.685098267E0,-2.266736298E0,1.182540894E-1
3.804038913E1,-7.038213959E0,-2.193688202E0,1.204994202E-1
3.805042913E1,-7.392527161E0,-2.040406952E0,1.016386414E-1
3.806046913E1,-7.830815735E0,-1.824406128E0,5.194198608E-2
3.807050913E1,-8.212072906E0,-1.531764679E0,2.859054565E-2
3.808054913E1,-8.481213226E0,-1.259331207E0,2.499801636E-2
3.809059013E1,-8.631351013E0,-1.074016571E0,3.532653809E-2
3.810063013E1,-8.649163971E0,-9.833052063E-1,1.513352966E-1
3.811067013E1,-8.529562683E0,-9.973759460E-1,3.505709839E-1
3.812071013E1,-8.371042328E0,-9.777667236E-1,6.568341064E-1
3.813075013E1,-8.279732208E0,-9.288185120E-1,8.476872253E-1
3.814079013E1,-8.195906525E0,-8.134085083E-1,9.131011963E-1
3.815083113E1,-8.115373993E0,-6.608757019E-1,7.201524353E-1
3.816087113E1,-8.182733917E0,-5.676196289E-1,6.158193970E-1
3.817091113E1,-8.414751434E0,-5.078938293E-1,4.902305603E-1
3.818095113E1,-9.158255310E0,-7.009922791E-1,8.891510010E-2
3.819099113E1,-1.033376083E1,-1.068478088E0,-5.294490051E-1
3.820103113E1,-1.130853378E1,-1.364562378E0,-1.090482330E0
3.821107112E1,-1.207104813E1,-1.807491302E0,-1.251996460E0
3.822111213E1,-1.291963348E1,-2.166295166E0,-7.375163269E-1
3.823115213E1,-1.393616959E1,-1.840572510E0,9.145980835E-2
3.824119213E1,-1.475466751E1,-9.931846619E-1,5.369334412E-1
3.825123213E1,-1.533680695E1,-3.906875610E-2,8.547225952E-1
3.826127213E1,-1.533171753E1,1.027164001E0,9.026229858E-1
3.827131213E1,-1.433853287E1,2.006577301E0,-1.004411316E-1
3.828135312E1,-1.280676819E1,2.312241669E0,-1.305734711E0
3.829139313E1,-1.149280060E1,1.130299530E0,-1.905836792E0
3.830143313E1,-1.132170639E1,-9.243278503E-1,-2.076182556E0
3.831147313E1,-1.157887161E1,-2.223176880E0,-2.263143768E0
3.832151313E1,-1.151031418E1,-3.035387878E0,-2.915337524E0
3.833155313E1,-1.096963852E1,-3.505410461E0,-3.637435913E0
3.834159412E1,-9.946815491E0,-3.648961945E0,-3.978127441E0
3.835163413E1,-8.965456238E0,-3.415447540E0,-4.269870758E0
3.836167413E1,-8.501570892E0,-2.824177094E0,-4.246818695E0
3.837171413E1,-8.884025574E0,-1.616488495E0,-3.583398285E0
3.838175413E1,-9.492659912E0,-4.460723877E-2,-2.969824219E0
3.839179413E1,-9.592053223E0,1.099912720E0,-2.560874634E0
3.840183513E1,-9.485175476E0,1.661844177E0,-2.126477966E0
3.841187513E1,-9.650731201E0,1.611548767E0,-1.660796356E0
3.842191513E1,-1.037073395E1,1.291663971E0,-1.182840271E0
3.843195513E1,-1.128727798E1,8.431965637E-1,-9.234297180E-1
3.844199513E1,-1.180026123E1,2.354603577E-1,-1.107846222E0
3.845203513E1,-1.188079376E1,-4.101470947E-1,-1.517843628E0
3.846207613E1,-1.163859741E1,-9.211843872E-1,-1.907483368E0
3.847211613E1,-1.102951401E1,-1.264570312E0,-2.222578125E0
3.848215613E1,-1.019814285E1,-1.511257324E0,-2.368374939E0
3.849219613E1,-9.246122589E0,-1.651815033E0,-2.344125366E0
3.850223613E1,-8.290360107E0,-1.609453125E0,-2.216740265E0
3.851227613E1,-7.406747589E0,-1.445094910E0,-1.969604187E0
3.852231713E1,-6.671626282E0,-1.176852722E0,-1.557810516E0
3.853235713E1,-6.135441284E0,-8.063731384E-1,-1.133592682E0
3.854239713E1,-5.812712402E0,-4.352947998E-1,-7.113208008E-1
3.855243713E1,-5.591921539E0,8.816665649E-2,-3.622467041E-1
3.856247713E1,-5.509742432E0,5.170248413E-1,-2.173480225E-1
3.857251713E1,-5.464835815E0,8.759783936E-1,-2.395019531E-1
3.858255813E1,-5.532495117E0,1.093326416E0,-3.387455750E-1
3.859259813E1,-5.860463104E0,1.119821320E0,-4.942721558E-1
3.860263813E1,-6.497388611E0,1.091230774E0,-7.110214233E-1
3.861267813E1,-7.247179413E0,9.150471497E-1,-8.954379272E-1
3.862271812E1,-7.926017761E0,7.244934082E-1,-1.102307739E0
3.863275813E1,-8.462202759E0,5.336402893E-1,-1.257534943E0
3.864279913E1,-8.924591217E0,3.673361206E-1,-1.273102570E0
3.865283913E1,-9.220226440E0,3.186872864E-1,-1.179846497E0
3.866287913E1,-9.361831970E0,2.793191528E-1,-9.767189026E-1
3.867291913E1,-9.390871582E0,2.535726929E-1,-7.436535645E-1
3.868295912E1,-9.312584381E0,2.832110596E-1,-4.028123474E-1
3.869299913E1,-9.135502625E0,2.751278687E-1,1.212478638E-2
3.870303913E1,-8.934470673E0,1.666035461E-1,4.129911804E-1
3.871308013E1,-8.791667633E0,4.490661621E-3,7.400610352E-1
3.872312013E1,-8.808133392E0,-1.754351807E-1,8.505313110E-1
3.873316013E1,-8.978479156E0,-3.285667419E-1,4.971162415E-1
3.874320013E1,-9.251361694E0,-4.040098572E-1,-1.173559570E-1
3.875324013E1,-9.709109802E0,-5.357359314E-1,-1.055604858E0
3.876328013E1,-1.057925034E1,-5.219645691E-1,-2.058968353E0
3.877332113E1,-1.157003998E1,-2.977308655E-1,-2.589315491E0
3.878336113E1,-1.255933273E1,-3.667373657E-2,-1.953886871E0
3.879340113E1,-1.336226303E1,7.828720093E-2,-6.414161682E-1
3.880344113E1,-1.391281815E1,7.514373779E-2,3.986210632E-1
3.881348113E1,-1.435050797E1,-1.678010559E-1,7.861651611E-1
3.882352113E1,-1.458836334E1,-7.277865601E-1,3.489244080E-1
3.883356213E1,-1.450139420E1,-1.737137604E0,-8.056246948E-1
3.884360213E1,-1.418734726E1,-2.872376862E0,-1.983824615E0
3.885364213E1,-1.360924942E1,-3.149600372E0,-2.388882294E0
3.886368213E1,-1.311497726E1,-2.166744232E0,-2.395468597E0
3.887372175E1,-1.271156616E1,-6.499484253E-1,-2.929258575E0
3.888376175E1,-1.191986252E1,2.243833923E-1,-3.979175262E0
3.889380275E1,-1.131302444E1,5.352868652E-1,-4.846471710E0
3.890384275E1,-1.085587509E1,5.472619629E-1,-4.975204010E0
3.891388275E1,-1.032328262E1,5.288502502E-1,-4.867577820E0
3.892392275E1,-9.746531982E0,4.165837097E-1,-4.422702942E0
3.893396275E1,-9.299711151E0,-7.574249268E-2,-3.873345337E0
3.894400275E1,-8.906029816E0,-1.025966492E0,-3.374732208E0
3.895404375E1,-8.413703613E0,-2.209106140E0,-3.017724609E0
3.896408375E1,-7.900720367E0,-3.194956055E0,-2.720891876E0
3.897412375E1,-7.925269318E0,-3.849844208E0,-2.153421936E0
3.898416375E1,-8.474327545E0,-4.108506317E0,-1.608704681E0
3.899420375E1,-9.262738037E0,-3.725003815E0,-1.264720001E0
3.900424375E1,-1.004590942E1,-2.694846039E0,-9.964778137E-1
3.901428475E1,-1.057386154E1,-1.380130005E0,-1.125659180E0
3.902432475E1,-1.081036972E1,-1.302291870E-1,-1.498384094E0
3.903436475E1,-1.088760910E1,7.866142273E-1,-2.045795746E0
3.904440475E1,-1.078806610E1,1.445394287E0,-2.603086853E0
3.905444475E1,-1.057460999E1,1.844165039E0,-2.873274994E0
3.906448475E1,-1.010144394E1,1.865420837E0,-2.866539001E0
3.907452575E1,-9.476044464E0,1.512155457E0,-2.539618835E0
3.908456575E1,-8.739875336E0,8.530760193E-1,-2.105671234E0
3.909460575E1,-7.968229980E0,1.673519897E-1,-1.666035461E0
3.910464575E1,-7.315287781E0,-3.890409851E-1,-1.267863464E0
3.911468575E1,-6.768923950E0,-8.503816223E-1,-9.110055542E-1
3.912472575E1,-6.305188293E0,-1.236129456E0,-5.685177612E-1
3.913476675E1,-5.962101746E0,-1.583706665E0,-1.887574768E-1
3.914480675E1,-5.753735046E0,-1.840722198E0,9.849517822E-2
3.915484675E1,-5.748196564E0,-2.009421387E0,3.372486877E-1
3.916488675E1,-5.978866882E0,-2.118694153E0,4.210743713E-1
3.917492675E1,-6.343209229E0,-2.143692169E0,4.267625427E-1
3.918496675E1,-6.802903290E0,-2.052382050E0,3.071612549E-1
3.919500675E1,-7.313491516E0,-1.891915741E0,1.571731567E-1
3.920504775E1,-7.761509857E0,-1.726809082E0,5.074447632E-2
3.921508775E1,-8.100554810E0,-1.552571411E0,-3.173400879E-2
3.922512775E1,-8.379125519E0,-1.408870239E0,-8.322692871E-2
3.923516775E1,-8.520581360E0,-1.322649536E0,-1.197509766E-2
3.924520775E1,-8.557554474E0,-1.310075684E0,1.989363098E-1
3.925524775E1,-8.566984863E0,-1.274300079E0,4.212240601E-1
3.926528875E1,-8.473130035E0,-1.130000153E0,6.836283875E-1
3.927532875E1,-8.248746643E0,-9.039701843E-1,7.671546936E-1
3.928536875E1,-8.115224304E0,-6.324348450E-1,6.979985046E-1
3.929540875E1,-8.110284576E0,-4.224215698E-1,6.306385803E-1
3.930544875E1,-8.278385010E0,-4.776567078E-1,3.104544067E-1
3.931548875E1,-8.816965027E0,-8.665480042E-1,-1.549278259E-1
3.932552975E1,-9.949659576E0,-1.461261292E0,-6.310876465E-1
3.933556975E1,-1.120015915E1,-1.958377533E0,-1.057850189E0
3.934560975E1,-1.236563553E1,-2.568209381E0,-9.702822876E-1
3.935564975E1,-1.351883743E1,-2.813998260E0,-3.266207886E-1
3.936568975E1,-1.443508209E1,-2.154469757E0,1.850152588E-1
3.937572975E1,-1.479613129E1,-1.163680115E0,6.219566345E-1
3.938577075E1,-1.492845612E1,-3.007246399E-1,1.011746063E0
3.939581075E1,-1.470092926E1,5.161267090E-1,6.625222778E-1
3.940585075E1,-1.373588608E1,1.247206421E0,-4.367916870E-1
3.941589075E1,-1.264570312E1,1.198557587E0,-1.228645020E0
3.942593075E1,-1.215217941E1,1.001417542E-1,-1.420995026E0
3.943597075E1,-1.231174759E1,-1.286574554E0,-1.785337372E0
3.944601175E1,-1.236309082E1,-2.112107849E0,-2.461930389E0
3.945605175E1,-1.191118057E1,-2.641107788E0,-3.225193176E0
3.946609175E1,-1.115240845E1,-2.994672546E0,-3.649261322E0
3.947613175E1,-1.019589752E1,-2.981799316E0,-3.943249969E0
3.948617175E1,-9.357490997E0,-2.660717010E0,-4.112398224E0
3.949621175E1,-8.949439545E0,-1.922751617E0,-4.013903046E0
3.950625275E1,-8.950337677E0,-7.414082336E-1,-3.195554810E0
3.951629275E1,-9.080866241E0,4.616400146E-1,-2.246977386E0
3.952633275E1,-8.952433319E0,1.495240631E0,-1.609453125E0
3.953637275E1,-8.858728180E0,2.103126526E0,-9.392967224E-1
3.954641275E1,-9.094936981E0,2.090402985E0,-4.164340210E-1
3.955645275E1,-9.789193268E0,1.686542816E0,-2.276765442E-1
3.956649375E1,-1.064735870E1,1.068328400E0,-3.616479492E-1
3.957653375E1,-1.136870865E1,4.144880676E-1,-8.599617004E-1
3.958657375E1,-1.165925446E1,-1.613644409E-1,-1.384620667E0
3.959661375E1,-1.149519562E1,-6.616241455E-1,-1.845661926E0
3.960665375E1,-1.110465775E1,-1.121467896E0,-2.282603302E0
3.961669375E1,-1.043899200E1,-1.517244873E0,-2.473157043E0
3.962673475E1,-9.676327972E0,-1.848506012E0,-2.384092255E0
3.963677475E1,-8.896000671E0,-1.954036560E0,-2.130369873E0
3.964681475E1,-8.148155823E0,-1.838177490E0,-1.701212311E0
3.965685475E1,-7.405999146E0,-1.571731567E0,-1.225800934E0
3.966689475E1,-6.853797455E0,-1.237476654E0,-6.044430542E-1
3.967693475E1,-6.334377594E0,-7.665559387E-1,-1.787283325E-1
3.968697575E1,-5.867199097E0,-1.956431580E-1,1.778302002E-1
3.969701575E1,-5.550607452E0,4.014651489E-1,3.306623840E-1
3.970705575E1,-5.427713013E0,8.190966797E-1,3.932322693E-1
3.971709575E1,-5.460794220E0,1.133892059E0,2.525248718E-1
3.972713575E1,-5.731581116E0,1.287622375E0,-7.783813477E-3
3.973717575E1,-6.270161133E0,1.254391479E0,-1.606159973E-1
3.974721675E1,-6.955585785E0,1.159788208E0,-3.287164307E-1
3.975725675E1,-7.694299622E0,1.035546570E0,-4.848417664E-1
3.976729675E1,-8.361761627E0,9.009764099E-1,-6.111790466E-1
3.977733675E1,-8.898994446E0,7.583230591E-1,-7.355703735E-1
3.978737675E1,-9.287736053E0,6.072871399E-1,-7.159611511E-1
3.979741675E1,-9.462422791E0,5.057981873E-1,-5.481600952E-1
3.980745775E1,-9.442813568E0,4.978646851E-1,-2.760260010E-1
3.981749775E1,-9.353449402E0,5.035528564E-1,1.796264648E-2
3.982753775E1,-9.173074493E0,5.189707947E-1,3.047662354E-1
3.983757775E1,-8.966054993E0,4.863386536E-1,6.138734436E-1
3.984761775E1,-8.768914948E0,3.658392334E-1,9.336085510E-1
3.985765775E1,-8.663384399E0,1.540296936E-1,1.251846771E0
3.986769875E1,-8.635691986E0,-1.152603149E-1,1.365460510E0
3.987773825E1,-8.638087006E0,-3.288661194E-1,1.120420074E0
3.988777825E1,-8.751401367E0,-4.968168640E-1,5.453160095E-1
3.989781825E1,-9.331894226E0,-6.911128235E-1,-3.254232788E-1
3.990785825E1,-1.022912842E1,-7.087760925E-1,-1.194216614E0
3.991789825E1,-1.115959351E1,-6.174659729E-1,-1.346749420E0
3.992793825E1,-1.234707413E1,-5.831872559E-1,-4.385879517E-1
3.993797925E1,-1.353814728E1,-5.119354248E-1,7.755372620E-1
3.994801925E1,-1.443762680E1,-4.592449951E-1,1.675016785E0
3.995805925E1,-1.504147110E1,-5.854325867E-1,2.026336212E0
3.996809925E1,-1.532513123E1,-9.927355957E-1,1.667382660E0
3.997813925E1,-1.520822433E1,-1.659299469E0,8.035290527E-1
3.998817925E1,-1.465751953E1,-2.452799377E0,-9.969268799E-2
3.999822025E1,-1.365295853E1,-2.705623627E0,-6.768923950E-1
4.000826025E1,-1.271081772E1,-1.814077606E0,-1.083746338E0
4.001830025E1,-1.212373856E1,-2.811154175E-1,-1.887874146E0
4.002834025E1,-1.143576920E1,5.298980713E-1,-3.071163483E0
4.003838025E1,-1.099478622E1,7.379653931E-1,-4.185745697E0
4.004842025E1,-1.089120163E1,7.638615417E-1,-4.623734894E0
4.005846125E1,-1.070708450E1,6.044430542E-1,-4.576882324E0
4.006850125E1,-1.040052200E1,4.593946838E-1,-4.308789825E0
4.007854125E1,-1.004186783E1,1.061293030E-1,-3.596570892E0
4.008858125E1,-9.676178284E0,-6.004014587E-1,-2.947520599E0
4.009862125E1,-9.195078735E0,-1.427431641E0,-2.579585724E0
4.010866125E1,-8.552315369E0,-2.246827698E0,-2.269879761E0
4.011870225E1,-7.961643677E0,-2.967129822E0,-1.913919983E0
4.012874225E1,-8.014932861E0,-3.422782288E0,-1.315464478E0
4.013878225E1,-8.448581085E0,-3.455713806E0,-7.469467163E-1
4.014882225E1,-9.030570831E0,-2.914888458E0,-3.876937866E-1
4.015886225E1,-9.642797699E0,-1.855242004E0,-2.163002014E-1
4.016890225E1,-1.012644196E1,-6.047424316E-1,-3.194357300E-1
4.017894325E1,-1.035845947E1,4.718188477E-1,-7.364685059E-1
4.018898325E1,-1.047910858E1,1.320853271E0,-1.345402222E0
4.019902325E1,-1.051069290E1,1.861977997E0,-1.889670410E0
4.020906325E1,-1.043120819E1,2.030527496E0,-2.179168396E0
4.021910325E1,-1.023781036E1,1.800455933E0,-2.217488708E0
4.022914325E1,-9.767338715E0,1.242117004E0,-2.031874695E0
4.023918425E1,-9.051227875E0,4.695735168E-1,-1.758243713E0
4.024922425E1,-8.314759369E0,-3.906875610E-1,-1.427581329E0
4.025926425E1,-7.697592773E0,-1.081800385E0,-1.027912445E0
4.026930425E1,-7.114555206E0,-1.562151489E0,-5.873785400E-1
4.027934425E1,-6.616091766E0,-1.863774261E0,-1.413061523E-1
4.028938425E1,-6.254892883E0,-2.019001465E0,2.528242493E-1
4.029942525E1,-6.090534668E0,-2.141746216E0,5.674699402E-1
4.030946525E1,-6.151907043E0,-2.209704895E0,8.199948120E-1
4.031950525E1,-6.347101135E0,-2.187700653E0,9.035211182E-1
4.032954525E1,-6.689439240E0,-1.993554382E0,8.345146179E-1
4.033958525E1,-7.066205750E0,-1.683848419E0,6.920109558E-1
4.034962525E1,-7.407496033E0,-1.357826385E0,4.879852295E-1
4.035966625E1,-7.743846588E0,-1.095721436E0,2.799179077E-1
4.036970625E1,-8.060587921E0,-9.009764099E-1,1.344204712E-1
4.037974625E1,-8.284372559E0,-8.153544617E-1,1.329235840E-1
4.038978625E1,-8.299191742E0,-8.111631775E-1,2.254312134E-1
4.039982625E1,-8.278385010E0,-8.858578491E-1,4.896318054E-1
4.040986625E1,-8.247399445E0,-8.771759033E-1,8.029302979E-1
4.041990725E1,-8.179440765E0,-7.150630188E-1,1.094972992E0
4.042994725E1,-8.039631500E0,-4.803511047E-1,1.093027039E0
4.043998725E1,-7.935597839E0,-4.752616882E-1,9.054670715E-1
4.045002725E1,-7.868237915E0,-6.539900208E-1,8.146060181E-1
4.046006725E1,-8.147557068E0,-8.815168762E-1,4.691244507E-1
4.047010725E1,-9.229058075E0,-1.165326691E0,5.688171387E-2
4.048014825E1,-1.079210770E1,-1.391506348E0,-3.887416077E-1
4.049018825E1,-1.185819077E1,-1.541045380E0,-9.051676941E-1
4.050022825E1,-1.258283386E1,-1.791025543E0,-1.259630585E0
4.051026825E1,-1.333202591E1,-1.892215118E0,-9.599537659E-1
4.052030825E1,-1.398227371E1,-1.403930511E0,-8.502319336E-2
4.053034825E1,-1.436427933E1,-5.480104065E-1,7.665559387E-1
4.054038925E1,-1.436098618E1,3.570075989E-1,1.434766388E0
4.055042925E1,-1.410516815E1,1.257984009E0,1.849104767E0
4.056046925E1,-1.337663315E1,1.804796906E0,1.600920868E0
4.057050925E1,-1.207628723E1,1.909279633E0,4.860392761E-1
4.058054925E1,-1.100721039E1,9.313632202E-1,-4.857398987E-1
4.059058925E1,-1.108489883E1,-8.824150085E-1,-4.664300537E-1
4.060063025E1,-1.169248535E1,-2.042502594E0,-4.995112610E-1
4.061067025E1,-1.170401138E1,-2.434088287E0,-1.409768372E0
4.062071025E1,-1.127769791E1,-2.819836121E0,-2.762954407E0
4.063075025E1,-1.046054718E1,-2.988385620E0,-4.060306549E0
4.064079025E1,-9.567354584E0,-2.972069550E0,-4.871320038E0
4.065083025E1,-9.308093719E0,-2.757715302E0,-5.203479309E0
4.066087125E1,-9.824519806E0,-2.003284149E0,-4.886737976E0
4.067091125E1,-1.047850983E1,-8.655001831E-1,-3.979624329E0
4.068095125E1,-1.062670166E1,9.250762939E-2,-3.047512665E0
4.069099125E1,-1.022448807E1,5.819897461E-1,-2.139351196E0
4.070103125E1,-9.932145996E0,4.420307922E-1,-1.381327515E0
4.071107125E1,-1.026595184E1,-6.271957397E-2,-8.018824768E-1
4.072111125E1,-1.093416229E1,-7.288343811E-1,-4.739144897E-1
4.073115225E1,-1.148366959E1,-1.510658569E0,-3.583547974E-1
4.074119225E1,-1.176149185E1,-2.260898438E0,-4.819976807E-1
4.075123225E1,-1.172766220E1,-2.776576080E0,-6.923103333E-1
4.076127225E1,-1.131452133E1,-2.955454102E0,-9.379495239E-1
4.077131225E1,-1.068822372E1,-2.812201996E0,-1.184187469E0
4.078135325E1,-9.914782104E0,-2.268532562E0,-1.550775146E0
4.079139325E1,-8.944649506E0,-1.452130280E0,-1.795067139E0
4.080143325E1,-7.956404572E0,-5.261558533E-1,-1.833836517E0
4.081147325E1,-7.226372681E0,1.978884888E-1,-1.630858612E0
4.082151325E1,-6.723717957E0,5.471122742E-1,-1.250798950E0
4.083155325E1,-6.331982574E0,7.747888184E-1,-7.860154724E-1
4.084159325E1,-6.008654938E0,1.000070343E0,-3.152444458E-1
4.085163425E1,-5.764512634E0,1.132544861E0,1.362167358E-2
4.086167425E1,-5.617069244E0,1.122815094E0,2.463876343E-1
4.087171425E1,-5.573958893E0,8.954379272E-1,3.311114502E-1
4.088175492E1,-5.794450378E0,5.019062805E-1,4.195774841E-1
4.089179492E1,-6.127807159E0,2.918930054E-2,2.647993469E-1
4.090183592E1,-6.611301727E0,-4.894821167E-1,3.083587646E-2
4.091187592E1,-7.151228943E0,-8.535250854E-1,-1.794767761E-1
4.092191592E1,-7.838599548E0,-1.113983459E0,-3.659889221E-1
4.093195592E1,-8.516240387E0,-1.252445526E0,-4.002676392E-1
4.094199592E1,-8.929680634E0,-1.174607391E0,-4.555027771E-1
4.095203592E1,-9.355994110E0,-9.195378113E-1,-3.454815674E-1
4.096207692E1,-9.496851196E0,-4.915777588E-1,-1.588197327E-1
4.097211692E1,-9.308692474E0,-2.745291138E-1,6.346801758E-2
4.098215692E1,-9.230405273E0,-1.640588379E-1,3.457809448E-1
4.099219692E1,-9.182355194E0,-7.394622803E-2,6.542893982E-1
4.100223692E1,-9.109456787E0,-3.068618774E-2,1.004411316E0
4.101227692E1,-9.084009705E0,2.993774414E-2,1.192719727E0
4.102231792E1,-9.022188263E0,8.427474976E-2,1.134790192E0
4.103235792E1,-8.972042542E0,5.239105225E-2,8.473878479E-1
4.104239792E1,-9.053473206E0,-1.429527283E-1,6.683601379E-1
4.105243792E1,-9.337133331E0,-3.733236694E-1,5.399272156E-1
4.106247792E1,-9.631720734E0,-4.661306763E-1,2.844085693E-2
4.107251792E1,-1.014111145E1,-4.643344116E-1,-5.780978394E-1
4.108255892E1,-1.104328537E1,-4.834945679E-1,-7.667056274E-1
4.109259892E1,-1.223495728E1,-6.363267517E-1,-5.643264771E-2
4.110263892E1,-1.331615891E1,-7.189549255E-1,1.081201630E0
4.111267892E1,-1.401475616E1,-9.219328308E-1,2.056573334E0
4.112271892E1,-1.426413757E1,-1.298699341E0,2.316133575E0
4.113275892E1,-1.434347260E1,-1.520088959E0,1.816772003E0
4.114279992E1,-1.433568878E1,-2.038311310E0,1.190025330E0
4.115283992E1,-1.397868118E1,-3.209625549E0,2.842588806E-1
4.116287992E1,-1.328517334E1,-3.700754242E0,-6.554869080E-1
4.117291992E1,-1.232611771E1,-2.544408875E0,-1.081800385E0
4.118295992E1,-1.172212372E1,-4.038601685E-1,-1.766775970E0
4.119299992E1,-1.145567780E1,1.018182678E0,-3.068020020E0
4.120304092E1,-1.139744888E1,1.596579895E0,-4.502337341E0
4.121308092E1,-1.103639969E1,1.629661102E0,-5.459147644E0
4.122312092E1,-1.034723282E1,1.177152100E0,-5.661975861E0
4.123316092E1,-1.004096970E1,7.065307617E-1,-5.115462341E0
4.124320092E1,-1.002824615E1,1.896556091E-1,-4.288132782E0
4.125324092E1,-1.001222946E1,-6.363267517E-1,-3.333118744E0
4.126328192E1,-9.671238556E0,-1.604812775E0,-2.787054291E0
4.127332192E1,-9.239835663E0,-2.331252136E0,-2.824326782E0
4.128336192E1,-9.122779083E0,-2.836152191E0,-2.490371246E0
4.129340192E1,-9.438322906E0,-3.182980957E0,-1.877096558E0
4.130344192E1,-1.003498215E1,-3.128344574E0,-1.326691132E0
4.131348292E1,-1.050680099E1,-2.460882568E0,-7.551795959E-1
4.132352292E1,-1.060379929E1,-1.349294128E0,-4.092489624E-1
4.133356292E1,-1.041758652E1,-1.314266968E-1,-5.550457764E-1
4.134360292E1,-1.012045441E1,8.598120117E-1,-1.033450928E0
4.135364292E1,-9.871971130E0,1.467548218E0,-1.518891449E0
4.136368292E1,-9.656718750E0,1.684297485E0,-1.758393402E0
4.137372392E1,-9.403146057E0,1.534908142E0,-1.797013092E0
4.138376392E1,-8.943302307E0,1.153201904E0,-1.678759003E0
4.139380392E1,-8.345295868E0,6.349795532E-1,-1.450483704E0
4.140384392E1,-7.782166901E0,3.712280273E-2,-1.206940155E0
4.141388392E1,-7.315736847E0,-5.336402893E-1,-1.006506958E0
4.142392392E1,-6.834337921E0,-9.994715881E-1,-8.234376526E-1
4.143396492E1,-6.447841644E0,-1.347048798E0,-5.867797852E-1
4.144400492E1,-6.239624634E0,-1.634002075E0,-2.601589966E-1
4.145404492E1,-6.270161133E0,-1.789828033E0,9.205856323E-2
4.146408492E1,-6.397995300E0,-1.866019592E0,3.832031250E-1
4.147412492E1,-6.498735809E0,-1.834435272E0,4.463717651E-1
4.148416492E1,-6.663842468E0,-1.681902466E0,4.070036316E-1
4.149420592E1,-6.917265472E0,-1.496737518E0,2.752775574E-1
4.150424592E1,-7.323969727E0,-1.362317047E0,1.471440125E-1
4.151428592E1,-7.774532776E0,-1.270408173E0,7.469467163E-2
4.152432592E1,-8.195457458E0,-1.181193695E0,4.849914551E-2
4.153436592E1,-8.465645599E0,-1.103654938E0,6.960525513E-2
4.154440692E1,-8.519832916E0,-1.054107971E0,1.643582153E-1
4.155444692E1,-8.439899139E0,-1.106948090E0,3.706292725E-1
4.156448692E1,-8.399782562E0,-1.171314240E0,6.634204102E-1
4.157452692E1,-8.403973846E0,-1.174906769E0,9.716294861E-1
4.158456692E1,-8.443641357E0,-1.154998169E0,1.135688324E0
4.159460692E1,-8.417745209E0,-1.119372253E0,1.185684357E0
4.160464792E1,-8.431965637E0,-1.111738129E0,1.185834045E0
4.161468792E1,-8.527167664E0,-1.083446960E0,1.033301239E0
4.162472792E1,-8.911418610E0,-1.191222839E0,5.316943359E-1
4.163476792E1,-9.846374359E0,-1.523531799E0,-2.881507874E-1
4.164480792E1,-1.099763031E1,-1.864373016E0,-1.210382996E0
4.165484892E1,-1.177780792E1,-2.333198090E0,-1.485211487E0
4.166488892E1,-1.238554413E1,-2.681523743E0,-9.708810425E-1
4.167492892E1,-1.329071182E1,-2.205962677E0,-6.765930176E-2
4.168496892E1,-1.422012909E1,-1.294058990E0,5.230123901E-1
4.169500892E1,-1.492097168E1,-2.712359619E-1,1.046024780E0
4.170504892E1,-1.512499741E1,8.467890930E-1,1.291065216E0
4.171508992E1,-1.431637894E1,1.998344421E0,3.918850708E-1
4.172512992E1,-1.294178741E1,2.648442535E0,-1.071920929E0
4.173516992E1,-1.188543411E1,1.871707764E0,-1.754651184E0
4.174520992E1,-1.168095932E1,-1.104702759E-1,-1.907034302E0
4.175524992E1,-1.218226685E1,-1.678309937E0,-2.367327118E0
4.176528992E1,-1.223600510E1,-2.489622803E0,-3.232827301E0
4.177533092E1,-1.190953400E1,-3.135379944E0,-3.880680084E0
4.178537092E1,-1.132080826E1,-3.456761627E0,-4.251758423E0
4.179541092E1,-1.026430527E1,-3.208727417E0,-4.513264618E0
4.180545092E1,-9.480086060E0,-2.647544403E0,-4.744683380E0
4.181549092E1,-9.387428741E0,-1.460961914E0,-4.615801392E0
4.182553192E1,-9.466913452E0,-9.041198730E-2,-3.852239227E0
4.183557192E1,-9.309440918E0,8.647517395E-1,-3.075953522E0
4.184561192E1,-9.020092621E0,1.409019928E0,-2.348166962E0
4.185565192E1,-8.947643280E0,1.442699890E0,-1.665436707E0
4.186569192E1,-9.304351501E0,1.078357544E0,-1.156195679E0
4.187573225E1,-9.902058563E0,5.170248413E-1,-8.822653198E-1
4.188577325E1,-1.057326279E1,-1.477427673E-1,-7.490423584E-1
4.189581325E1,-1.105316483E1,-8.193960571E-1,-9.294172668E-1
4.190585325E1,-1.120644608E1,-1.398541718E0,-1.308279419E0
4.191589325E1,-1.107516907E1,-1.799857178E0,-1.719025269E0
4.192593325E1,-1.064870590E1,-2.033521271E0,-2.122286682E0
4.193597425E1,-1.000579285E1,-2.033970337E0,-2.382146301E0
4.194601425E1,-9.257498932E0,-1.769470367E0,-2.421813812E0
4.195605425E1,-8.502918091E0,-1.330583038E0,-2.162702637E0
4.196609425E1,-7.792645111E0,-8.041278076E-1,-1.777703247E0
4.197613425E1,-7.186106415E0,-3.222798157E-1,-1.367256775E0
4.198617425E1,-6.659351807E0,1.152603149E-1,-9.693841553E-1
4.199621525E1,-6.250102844E0,5.233117676E-1,-6.065386963E-1
4.200625525E1,-6.098617859E0,8.985813904E-1,-2.028282166E-1
4.201629525E1,-5.987848206E0,1.222208405E0,-4.326004028E-2
4.202633525E1,-6.026617584E0,1.353036346E0,-1.556762695E-2
4.203637525E1,-6.183491364E0,1.337169342E0,-9.505233765E-2
4.204641625E1,-6.402186584E0,1.080453186E0,-2.311193848E-1
4.205645625E1,-6.752458191E0,7.394622803E-1,-3.543132019E-1
4.206649625E1,-7.304659882E0,4.052073669E-1,-5.183720398E-1
4.207653625E1,-7.846682739E0,9.759704590E-2,-6.747967529E-1
4.208657625E1,-8.317753143E0,-1.330732727E-1,-8.084687805E-1
4.209661625E1,-8.731043701E0,-2.710862732E-1,-8.446934509E-1
4.210665725E1,-8.985963593E0,-3.064128113E-1,-7.699987793E-1
4.211669725E1,-9.157656555E0,-1.760339355E-1,-5.939648438E-1
4.212673725E1,-9.200766907E0,-9.580078125E-3,-3.879931641E-1
4.213677725E1,-9.148375854E0,1.293310547E-1,-2.483335876E-1
4.214681725E1,-9.031468964E0,2.306703186E-1,-2.469863892E-2
4.215685825E1,-8.885522461E0,2.393522644E-1,3.195854187E-1
4.216689825E1,-8.781039734E0,1.454974365E-1,7.439529419E-1
4.217693825E1,-8.736582184E0,-4.969665527E-2,1.149759064E0
4.218697825E1,-8.775201874E0,-3.218307495E-1,1.269809418E0
4.219701825E1,-8.835227051E0,-6.572831726E-1,9.900411987E-1
4.220705825E1,-8.944499817E0,-9.842033386E-1,2.857557678E-1
4.221709925E1,-9.486073608E0,-1.296304321E0,-8.340655518E-1
4.222713925E1,-1.037881714E1,-1.334624634E0,-1.942360840E0
4.223717925E1,-1.153186935E1,-1.015039215E0,-2.121987305E0
4.224721925E1,-1.276305908E1,-5.635780334E-1,-1.081950073E0
4.225725925E1,-1.374741211E1,-2.204914856E-1,2.179467773E-1
4.226730025E1,-1.429257843E1,8.083190918E-3,1.064137115E0
4.227734025E1,-1.463027618E1,-3.891906738E-3,1.214873657E0
4.228738025E1,-1.499267258E1,-3.700305176E-1,7.556286621E-1
4.229742025E1,-1.501662277E1,-1.212478638E0,-2.938389587E-1
4.230746025E1,-1.438314011E1,-2.103425903E0,-1.542691956E0
4.231750125E1,-1.328053299E1,-2.115850067E0,-2.200723572E0
4.232754125E1,-1.227477448E1,-1.077908478E0,-2.590513000E0
4.233758125E1,-1.173769135E1,1.225950623E-1,-3.252885590E0
4.234762125E1,-1.134535721E1,5.637277222E-1,-4.230203247E0
4.235766125E1,-1.078088104E1,5.107379150E-1,-5.209167480E0
4.236770125E1,-1.023032593E1,1.971400452E-1,-5.491181030E0
4.237774225E1,-9.871971130E0,-6.975494385E-2,-5.476810913E0
4.238778225E1,-9.765692139E0,-3.974235535E-1,-4.918172607E0
4.239782225E1,-9.794432373E0,-1.037043457E0,-4.035607910E0
4.240786225E1,-9.743837585E0,-1.821262665E0,-3.381767578E0
4.241790225E1,-9.412875824E0,-2.638712769E0,-3.018622742E0
4.242794325E1,-8.919801178E0,-3.340603180E0,-2.705174561E0
4.243798325E1,-8.531358948E0,-3.842808838E0,-2.248324585E0
4.244802325E1,-8.430618439E0,-3.971990204E0,-1.804647217E0
4.245806325E1,-8.634793854E0,-3.601360931E0,-1.322200470E0
4.246810325E1,-9.021739197E0,-2.744093628E0,-9.886940002E-1
4.247814325E1,-9.434131622E0,-1.547481995E0,-8.566685486E-1
4.248818425E1,-9.817634125E0,-2.354603577E-1,-1.078207855E0
4.249822425E1,-1.014545242E1,7.408094788E-1,-1.555714874E0
4.250826425E1,-1.030187714E1,1.326092377E0,-2.211950226E0
4.251830425E1,-1.027628036E1,1.569785614E0,-2.702929230E0
4.252834425E1,-1.005459137E1,1.456022186E0,-2.853815460E0
4.253838525E1,-9.650880890E0,1.028361511E0,-2.708916779E0
4.254842525E1,-9.025182037E0,4.373904419E-1,-2.354154510E0
4.255846525E1,-8.368796997E0,-1.438508606E-1,-1.913470917E0
4.256850525E1,-7.763156433E0,-5.828878784E-1,-1.469344482E0
4.257854525E1,-7.158414001E0,-9.107061768E-1,-1.055006104E0
4.258858525E1,-6.692283325E0,-1.249451752E0,-6.511459351E-1
4.259862625E1,-6.389013977E0,-1.504970398E0,-3.047662354E-1
4.260866625E1,-6.168971558E0,-1.707050171E0,2.230361938E-2
4.261870625E1,-6.184090118E0,-1.911974030E0,2.041754150E-1
4.262874625E1,-6.439758453E0,-2.012714539E0,2.412982178E-1
4.263878625E1,-6.807693329E0,-1.968256989E0,1.657054138E-1
4.264882725E1,-7.183412018E0,-1.879940643E0,7.185058594E-3
4.265886725E1,-7.521858215E0,-1.695673828E0,-2.442919922E-1
4.266890725E1,-7.915988617E0,-1.550326080E0,-4.020639038E-1
4.267894725E1,-8.291557617E0,-1.371298370E0,-4.631369019E-1
4.268898725E1,-8.529562683E0,-1.193168793E0,-4.345463562E-1
4.269902825E1,-8.650810547E0,-1.054557037E0,-3.113525391E-1
4.270906825E1,-8.606053619E0,-9.852511597E-1,-5.478607178E-2
4.271910825E1,-8.420888672E0,-8.955876160E-1,2.163002014E-1
4.272914825E1,-8.252339172E0,-8.547225952E-1,4.779560852E-1
4.273918825E1,-8.051905975E0,-6.653663635E-1,6.991960144E-1
4.274922825E1,-7.892487488E0,-3.149450684E-1,7.750881958E-1
4.275926925E1,-7.924520874E0,7.499404907E-2,7.156617737E-1
4.276930925E1,-8.253386993E0,1.459465027E-1,5.963598633E-1
4.277934925E1,-8.603658600E0,6.331832886E-2,-4.475692749E-2
4.278938925E1,-9.449848938E0,-6.020480347E-1,-7.728428650E-1
4.279942925E1,-1.072489746E1,-1.416953430E0,-1.281036072E0
4.280947025E1,-1.182870209E1,-2.161205750E0,-1.524130554E0
4.281951025E1,-1.288685165E1,-2.828667755E0,-1.244811401E0
4.282955025E1,-1.384515884E1,-2.742297363E0,-5.641767883E-1
4.283959025E1,-1.445933167E1,-1.955832825E0,3.128494263E-2
4.284963025E1,-1.486244339E1,-1.040486298E0,5.547463989E-1
4.285967125E1,-1.502740036E1,-7.095245361E-2,7.934999084E-1
4.286971125E1,-1.447385147E1,8.613088989E-1,-6.152206421E-2
4.287975038E1,-1.340282867E1,9.797126770E-1,-1.268312531E0
4.288979038E1,-1.267713776E1,-1.053808594E-1,-2.079475708E0
4.289983038E1,-1.303294785E1,-1.507365417E0,-2.381098480E0
4.290987038E1,-1.306528061E1,-2.040856018E0,-3.066972198E0
4.291991138E1,-1.236862930E1,-2.306553497E0,-3.826642456E0
4.292995138E1,-1.145777344E1,-2.536026306E0,-4.238885193E0
4.293999138E1,-1.036250107E1,-2.421514435E0,-4.308789825E0
4.295003138E1,-9.331295471E0,-2.160606995E0,-4.209695892E0
4.296007138E1,-8.738827515E0,-1.750160522E0,-4.246369629E0
4.297011238E1,-8.690328369E0,-8.854087830E-1,-3.992048492E0
4.298015238E1,-8.943451996E0,8.217910767E-2,-3.190166016E0
4.299019238E1,-9.106313324E0,9.252259827E-1,-2.442620544E0
4.300023238E1,-9.084758148E0,1.485510864E0,-1.722019043E0
4.301027238E1,-9.114097137E0,1.595532074E0,-1.153950348E0
4.302031338E1,-9.464069366E0,1.337319031E0,-8.250842285E-1
4.303035338E1,-9.919721832E0,7.884104919E-1,-7.017407227E-1
4.304039338E1,-1.035456757E1,7.454498291E-2,-8.640032959E-1
4.305043337E1,-1.070753357E1,-6.334826660E-1,-1.206790466E0
4.306047338E1,-1.077429474E1,-1.245709534E0,-1.593436432E0
4.307051338E1,-1.057341248E1,-1.712139587E0,-1.949845276E0
4.308055438E1,-1.005548950E1,-1.983525238E0,-2.332898712E0
4.309059438E1,-9.449549561E0,-2.071841583E0,-2.393822021E0
4.310063438E1,-8.788823547E0,-1.846859436E0,-2.371518402E0
4.311067437E1,-8.118517456E0,-1.518741760E0,-2.055675201E0
4.312071438E1,-7.470365295E0,-1.153501282E0,-1.668729858E0
4.313075538E1,-6.964267731E0,-8.607101440E-1,-1.312919769E0
4.314079538E1,-6.678661652E0,-5.903723145E-1,-7.574249268E-1
4.315083538E1,-6.435866547E0,-2.326162720E-1,-3.873944092E-1
4.316087538E1,-6.290219421E0,1.149609375E-1,-1.827699280E-1
4.317091538E1,-6.309229889E0,3.755690002E-1,-1.796264648E-2
4.318095637E1,-6.361321564E0,6.345304871E-1,-4.326004028E-2
4.319099638E1,-6.551725616E0,8.824150085E-1,-2.393522644E-1
4.320103638E1,-6.893015900E0,9.836045837E-1,-4.861889648E-1
4.321107638E1,-7.399712219E0,9.958790588E-1,-7.150630188E-1
4.322111638E1,-7.941435699E0,9.116043091E-1,-9.093589783E-1
4.323115638E1,-8.428822174E0,8.051756287E-1,-1.062490540E0
4.324119738E1,-8.829987946E0,6.396199036E-1,-1.121318207E0
4.325123738E1,-9.091943207E0,5.186714172E-1,-1.087488556E0
4.326127738E1,-9.245224457E0,4.345463562E-1,-9.288185120E-1
4.327131738E1,-9.229656830E0,3.547622681E-1,-6.444099426E-1
4.328135738E1,-9.130413208E0,3.638932800E-1,-3.176394653E-1
4.329139838E1,-8.999585266E0,3.640429688E-1,2.993774414E-4
4.330143838E1,-8.850046234E0,3.246748352E-1,3.240760803E-1
4.331147838E1,-8.756640472E0,2.514770508E-1,7.084767151E-1
4.332151838E1,-8.747509460E0,1.252894592E-1,1.110540619E0
4.333155838E1,-8.808283081E0,-6.376739502E-2,1.425335999E0
4.334159938E1,-9.006321259E0,-3.583547974E-1,1.651066589E0
4.335163938E1,-9.153614960E0,-6.128256226E-1,1.383423157E0
4.336167938E1,-9.280550995E0,-8.508306885E-1,6.821315002E-1
4.337171938E1,-9.643995209E0,-1.015188904E0,-3.231779480E-1
4.338175938E1,-1.016955231E1,-9.512718201E-1,-1.269510040E0
4.339180038E1,-1.069885162E1,-4.448748779E-1,-1.703457642E0
4.340184038E1,-1.160506714E1,3.817062378E-2,-1.112636261E0
4.341188038E1,-1.262684235E1,3.867956543E-1,1.514849854E-1
4.342192038E1,-1.331286575E1,6.670129395E-1,1.274300079E0
4.343196038E1,-1.372510849E1,7.976911926E-1,1.872905273E0
4.344200038E1,-1.433434158E1,7.234455872E-1,1.741328888E0
4.345204138E1,-1.458147766E1,9.610015869E-2,1.077758789E0
4.346208138E1,-1.441726913E1,-1.056353302E0,-2.029779053E-1
4.347212138E1,-1.392643982E1,-1.899549866E0,-1.434017944E0
4.348216138E1,-1.319086945E1,-1.600471802E0,-1.984573059E0
4.349220138E1,-1.258388168E1,-6.836283875E-1,-2.619552612E0
4.350224238E1,-1.212313980E1,-1.079255676E-1,-3.712729340E0
4.351228238E1,-1.137798935E1,4.146377563E-2,-5.028044128E0
4.352232238E1,-1.070783295E1,-2.029779053E-1,-5.609884186E0
4.353236238E1,-1.027448410E1,-6.509962463E-1,-5.598657532E0
4.354240238E1,-1.001447479E1,-1.074765015E0,-5.055586853E0
4.355244338E1,-9.967771912E0,-1.662293243E0,-4.141737213E0
4.356248338E1,-9.939480743E0,-2.335742798E0,-3.476071472E0
4.357252338E1,-9.710756378E0,-2.983296204E0,-2.994971924E0
4.358256338E1,-9.263785858E0,-3.440146179E0,-2.516716461E0
4.359260338E1,-8.901988220E0,-3.712130585E0,-2.045196991E0
4.360264438E1,-8.799900513E0,-3.706592102E0,-1.601669312E0
4.361268438E1,-8.969797211E0,-3.238216095E0,-1.155596924E0
4.362272438E1,-9.333690491E0,-2.386936340E0,-6.732998657E-1
4.363276438E1,-9.609117737E0,-1.231788483E0,-3.965254211E-1
4.364280438E1,-9.794731750E0,9.280700684E-2,-4.863386536E-1
4.365284437E1,-9.954898682E0,1.295705566E0,-8.258326721E-1
4.366288538E1,-1.009410919E1,2.077529755E0,-1.386716309E0
4.367292538E1,-1.023002655E1,2.379152527E0,-1.889071655E0
4.368296538E1,-1.024888733E1,2.289339294E0,-2.137105865E0
4.369300538E1,-1.005638763E1,1.792073364E0,-2.161205750E0
4.370304538E1,-9.474098511E0,1.036893768E0,-2.041005707E0
4.371308638E1,-8.707841949E0,1.892065430E-1,-1.811083832E0
4.372312637E1,-8.085585938E0,-6.053411865E-1,-1.467398529E0
4.373316638E1,-7.511829071E0,-1.240021362E0,-1.071621552E0
4.374320638E1,-7.073241119E0,-1.707050171E0,-5.912704468E-1
4.375324638E1,-6.759792938E0,-1.966610413E0,-1.803749084E-1
4.376328738E1,-6.437812500E0,-2.048639832E0,1.489402771E-1
4.377332738E1,-6.279292145E0,-2.066752167E0,4.140390015E-1
4.378336737E1,-6.395600281E0,-2.040107574E0,5.043013000E-1
4.379340738E1,-6.653813324E0,-1.884281616E0,4.468208313E-1
4.380344738E1,-6.972201233E0,-1.716181183E0,3.080593872E-1
4.381348838E1,-7.345973969E0,-1.564546509E0,1.707948303E-1
4.382352838E1,-7.786956940E0,-1.383722534E0,5.179229736E-2
4.383356838E1,-8.158334656E0,-1.188678131E0,-3.008743286E-2
4.384360838E1,-8.392148438E0,-1.076261902E0,-2.799179077E-2
4.385364838E1,-8.453071747E0,-1.090931396E0,9.490264893E-2
4.386368838E1,-8.367300110E0,-1.227746887E0,3.791615295E-1
4.387372938E1,-8.278534698E0,-1.300495605E0,7.306306458E-1
4.388376925E1,-8.157885590E0,-1.171613617E0,1.053209839E0
4.389380925E1,-8.006849670E0,-9.181906128E-1,1.159339142E0
4.390384925E1,-7.787106628E0,-6.451583862E-1,1.010249176E0
4.391388925E1,-7.587272186E0,-4.987628174E-1,8.342152405E-1
4.392393025E1,-7.684869232E0,-5.899232483E-1,6.560856628E-1
4.393397025E1,-8.339907074E0,-7.217990112E-1,4.165837097E-1
4.394401025E1,-9.593849487E0,-7.280859375E-1,1.163081360E-1
4.395405025E1,-1.092982132E1,-5.318440247E-1,-4.620890808E-1
4.396409025E1,-1.190848618E1,-4.156855774E-1,-1.031355286E0
4.397413125E1,-1.267115021E1,-6.953041077E-1,-1.345851288E0
4.398417125E1,-1.322155563E1,-1.083596649E0,-9.689350891E-1
4.399421125E1,-1.354652985E1,-1.043031006E0,-7.185058594E-2
4.400425125E1,-1.364786911E1,-5.776487732E-1,6.587800598E-1
4.401429125E1,-1.355820557E1,7.664062500E-2,1.310524750E0
4.402433225E1,-1.353275848E1,6.655160522E-1,1.622775421E0
4.403437225E1,-1.328547272E1,1.142424316E0,1.246607666E0
4.404441225E1,-1.254541168E1,1.224453735E0,3.161425781E-1
4.405445225E1,-1.190938431E1,2.480342102E-1,-3.591032410E-1
4.406449225E1,-1.212673233E1,-1.277892609E0,-5.230123901E-1
4.407453325E1,-1.243958176E1,-2.074835358E0,-8.315208435E-1
4.408457325E1,-1.226130249E1,-2.432441711E0,-1.566492462E0
4.409461325E1,-1.189381668E1,-2.981050873E0,-2.481988678E0
4.410465325E1,-1.125359802E1,-3.511847076E0,-3.223247223E0
4.411469325E1,-1.031774414E1,-3.794309692E0,-3.810476074E0
4.412473425E1,-9.623038788E0,-3.720962219E0,-4.154610443E0
4.413477425E1,-9.431586914E0,-3.043770447E0,-4.173920288E0
4.414481425E1,-9.460776215E0,-1.865121460E0,-3.575913849E0
4.415485425E1,-9.447154541E0,-7.135661316E-1,-2.759661255E0
4.416489425E1,-9.208101654E0,3.218307495E-1,-2.137704620E0
4.417493425E1,-8.831335144E0,1.057700500E0,-1.375789032E0
4.418497525E1,-8.653954010E0,1.116827545E0,-5.493576050E-1
4.419501525E1,-9.019793243E0,6.860234070E-1,4.655319214E-2
4.420505525E1,-9.714947662E0,6.556365967E-2,3.571572876E-1
4.421509525E1,-1.025667114E1,-5.999523926E-1,1.883084106E-1
4.422513525E1,-1.066592010E1,-1.217418365E0,-4.026626587E-1
4.423517625E1,-1.089808731E1,-1.639390869E0,-1.043480072E0
4.424521625E1,-1.094763428E1,-1.859582977E0,-1.614243164E0
4.425525625E1,-1.071426956E1,-1.904190216E0,-2.085313568E0
4.426529625E1,-1.020622604E1,-1.878294067E0,-2.289638672E0
4.427533625E1,-9.564360809E0,-1.881587219E0,-2.145638123E0
4.428537725E1,-8.922345886E0,-1.773661652E0,-1.859133911E0
4.429541725E1,-8.393645325E0,-1.549877014E0,-1.438957672E0
4.430545725E1,-7.829019470E0,-1.278641052E0,-1.004261627E0
4.431549725E1,-7.286098480E0,-9.087602234E-1,-6.015989685E-1
4.432553725E1,-6.905440063E0,-5.382806396E-1,-1.670526123E-1
4.433557825E1,-6.630162506E0,-1.686991882E-1,1.689985657E-1
4.434561825E1,-6.468798065E0,1.236428833E-1,3.077600098E-1
4.435565825E1,-6.498735809E0,2.652484131E-1,3.694317627E-1
4.436569825E1,-6.684798889E0,2.987786865E-1,1.689985657E-1
4.437573825E1,-7.055128784E0,9.086105347E-2,-5.553451538E-2
4.438577925E1,-7.493866425E0,-1.405577087E-1,-2.850073242E-1
4.439581925E1,-7.919431458E0,-4.870870972E-1,-5.119354248E-1
4.440585925E1,-8.409212952E0,-7.161108398E-1,-7.042854309E-1
4.441589925E1,-8.897198181E0,-7.725434875E-1,-7.783813477E-1
4.442593925E1,-9.410480804E0,-7.092251587E-1,-7.565267944E-1
4.443597925E1,-9.805808716E0,-5.885760498E-1,-5.763015747E-1
4.444602025E1,-9.875713348E0,-5.084925842E-1,-3.573069763E-1
4.445606025E1,-9.739646301E0,-5.114863586E-1,-9.699829102E-2
4.446610025E1,-9.620643768E0,-4.354444885E-1,1.571731567E-1
4.447614025E1,-9.567055206E0,-4.135899353E-1,4.315525818E-1
4.448618025E1,-9.500743103E0,-4.382885742E-1,6.900650024E-1
4.449622125E1,-9.453890533E0,-4.275109863E-1,9.464817810E-1
4.450626125E1,-9.351204071E0,-4.143383789E-1,1.208137665E0
4.451630125E1,-9.202114105E0,-4.243675232E-1,1.406624908E0
4.452634125E1,-9.108259277E0,-4.605921936E-1,1.388662262E0
4.453638125E1,-9.060209198E0,-4.340972900E-1,1.128054199E0
4.454642225E1,-8.988657990E0,-3.074606323E-1,7.158114624E-1
4.455646225E1,-8.906927948E0,-2.624043274E-1,3.032693481E-1
4.456650225E1,-8.899293823E0,-2.475851440E-1,-1.347198486E-1
4.457654225E1,-9.019044800E0,-6.631210327E-2,-4.960684204E-1
4.458658225E1,-9.344019012E0,1.924996948E-1,-5.731581116E-1
4.459662325E1,-9.880204010E0,2.683918762E-1,-1.448986816E-1
4.460666325E1,-1.041249710E1,1.119671631E-1,6.111790466E-1
4.461670325E1,-1.087219116E1,-6.481521606E-2,1.307680664E0
4.462674325E1,-1.135194351E1,-1.630110168E-1,1.858086090E0
4.463678325E1,-1.187031555E1,-3.559597778E-1,2.145488434E0
4.464682425E1,-1.207658661E1,-6.936575317E-1,1.964065704E0
4.465686425E1,-1.193138855E1,-1.383722534E0,1.455124054E0
4.466690425E1,-1.169937103E1,-2.332150269E0,5.498066711E-1
4.467694425E1,-1.164638123E1,-2.727029114E0,-6.357279968E-1
4.468698425E1,-1.162841858E1,-2.629132690E0,-1.524579620E0
4.469702525E1,-1.174592422E1,-2.563269653E0,-2.339335327E0
4.470706525E1,-1.186672302E1,-2.753973083E0,-3.247347107E0
4.471710525E1,-1.195279404E1,-3.175197144E0,-3.938908997E0
4.472714525E1,-1.217912338E1,-3.642525330E0,-4.250560913E0
4.473718525E1,-1.233015930E1,-3.949387207E0,-4.304598541E0
4.474722625E1,-1.229318619E1,-4.231251068E0,-4.196074219E0
4.475726625E1,-1.212538513E1,-4.325405273E0,-3.927382965E0
4.476730625E1,-1.174682236E1,-3.922443237E0,-3.789669342E0
4.477734625E1,-1.107906097E1,-3.146307220E0,-3.622766418E0
4.478738625E1,-1.030576904E1,-2.404300232E0,-3.306923218E0
4.479742725E1,-9.672436066E0,-2.036664734E0,-2.984344025E0
4.480746725E1,-9.283395081E0,-1.714085541E0,-2.640509033E0
4.481750725E1,-9.075627136E0,-1.414558411E0,-2.259551239E0
4.482754725E1,-8.970695343E0,-1.224004669E0,-1.926643524E0
4.483758725E1,-8.955726471E0,-1.095571747E0,-1.653760986E0
4.484762825E1,-9.063951416E0,-9.991722107E-1,-1.429377594E0
4.485766825E1,-9.224118347E0,-9.961784363E-1,-1.272354126E0
4.486770825E1,-9.379794617E0,-1.146615601E0,-1.229094086E0
4.487774879E1,-9.424102478E0,-1.508413239E0,-1.219813385E0
4.488778879E1,-9.224417725E0,-1.980980530E0,-1.283281403E0
4.489782979E1,-8.968000946E0,-2.470762024E0,-1.266516266E0
4.490786979E1,-8.667575684E0,-2.749033356E0,-1.159638519E0
4.491790979E1,-8.317902832E0,-2.701582031E0,-9.553134155E-1
4.492794979E1,-7.947273560E0,-2.450254669E0,-6.899153137E-1
4.493798979E1,-7.632777557E0,-2.108515320E0,-5.105882263E-1
4.494802979E1,-7.386389923E0,-1.794767761E0,-3.881428528E-1
4.495807079E1,-7.186555481E0,-1.519789581E0,-3.739224243E-1
4.496811079E1,-7.017856293E0,-1.311273193E0,-4.261637878E-1
4.497815079E1,-6.942263489E0,-1.276096344E0,-4.858895874E-1
4.498819079E1,-7.034172363E0,-1.363065491E0,-5.691165161E-1
4.499823079E1,-7.253466339E0,-1.569336548E0,-6.822811890E-1
4.500827179E1,-7.610773315E0,-1.800306244E0,-8.283773804E-1
4.501831179E1,-8.077502747E0,-1.980830841E0,-1.021176453E0
4.502835179E1,-8.599916382E0,-2.076931000E0,-1.186432800E0
4.503839179E1,-9.100924530E0,-2.033820648E0,-1.344055023E0
4.504843179E1,-9.560468903E0,-1.927541656E0,-1.496737518E0
4.505847279E1,-9.959838409E0,-1.758543091E0,-1.593735809E0
4.506851279E1,-1.023736130E1,-1.529070282E0,-1.600920868E0
4.507855279E1,-1.042926224E1,-1.311123505E0,-1.507215729E0
4.508859279E1,-1.049976562E1,-1.070573730E0,-1.387614441E0
4.509863279E1,-1.034304153E1,-7.364685059E-1,-1.358724518E0
4.510867379E1,-1.015593063E1,-4.713697815E-1,-1.249751129E0
4.511871379E1,-9.951006775E0,-1.601669312E-1,-1.107696533E0
4.512875379E1,-9.643995209E0,1.501377869E-1,-1.036444702E0
4.513879379E1,-9.475445709E0,2.755769348E-1,-7.568261719E-1
4.514883379E1,-9.264384613E0,2.996768188E-1,-4.733157349E-1
4.515887479E1,-8.990154877E0,2.324665833E-1,-2.198927307E-1
4.516891479E1,-8.649463348E0,7.604187012E-2,-4.700225830E-2
4.517895479E1,-8.512947235E0,-1.754351807E-1,1.673519897E-1
4.518899479E1,-8.484955444E0,-4.047583008E-1,2.642005920E-1
4.519903479E1,-8.654253387E0,-6.527925110E-1,4.073030090E-1
4.520907579E1,-8.778644714E0,-6.683601379E-1,3.053649902E-1
4.521911579E1,-9.100924530E0,-7.152127075E-1,2.644999695E-1
4.522915579E1,-9.469607849E0,-7.194039917E-1,9.714797974E-2
4.523919579E1,-9.886341248E0,-8.773255920E-1,-1.267863464E-1
4.524923579E1,-1.028601013E1,-1.099164276E0,-3.212319946E-1
4.525927679E1,-1.070498886E1,-1.472487946E0,-3.930825806E-1
4.526931679E1,-1.117141891E1,-2.033820648E0,-4.569996643E-1
4.527935679E1,-1.161479691E1,-2.545456696E0,-4.096980286E-1
4.528939679E1,-1.187765030E1,-2.723586273E0,-2.480342102E-1
4.529943679E1,-1.200608322E1,-2.816542969E0,-4.595443726E-2
4.530947779E1,-1.206865311E1,-2.859054565E0,7.768844604E-2
4.531951779E1,-1.198407898E1,-2.568957825E0,1.672023010E-1
4.532955779E1,-1.185759201E1,-2.251168671E0,3.830534363E-1
4.533959779E1,-1.194066925E1,-2.185754700E0,7.045848083E-1
4.534963779E1,-1.228001358E1,-2.391726379E0,8.080197144E-1
4.535967879E1,-1.271485931E1,-2.909050598E0,8.502319336E-2
4.536971879E1,-1.339848770E1,-3.592379608E0,-1.233884125E0
4.537975879E1,-1.386761215E1,-4.081412659E0,-2.343077545E0
4.538979879E1,-1.363275055E1,-4.237837372E0,-3.127296753E0
4.539983879E1,-1.278551239E1,-3.964954834E0,-3.703598328E0
4.540987979E1,-1.179487244E1,-3.433260498E0,-3.846551056E0
4.541991979E1,-1.101215012E1,-2.883154449E0,-3.583398285E0
4.542995979E1,-1.018946091E1,-2.392474823E0,-3.344195709E0
4.543999979E1,-9.122779083E0,-1.768871613E0,-3.182831268E0
4.545003979E1,-7.926766205E0,-9.958790588E-1,-2.863694916E0
4.546008079E1,-6.937922516E0,-2.077679443E-1,-2.497107239E0
4.547012079E1,-6.350094910E0,5.062472534E-1,-2.195933533E0
4.548016079E1,-6.184090118E0,1.145268402E0,-1.862277374E0
4.549020079E1,-6.391408997E0,1.506916351E0,-1.518592072E0
4.550024079E1,-6.871311035E0,1.554517365E0,-1.182840271E0
4.551028179E1,-7.576045532E0,1.214274902E0,-9.699829102E-1
4.552032179E1,-8.509654083E0,6.367758179E-1,-9.190887451E-1
4.553036179E1,-9.478589172E0,-1.661544800E-2,-1.128652954E0
4.554040179E1,-1.030352371E1,-6.779402161E-1,-1.720522156E0
4.555044179E1,-1.098760117E1,-1.243015137E0,-2.495011597E0
4.556048279E1,-1.135823044E1,-1.682501221E0,-3.067720642E0
4.557052279E1,-1.135433853E1,-2.005080414E0,-3.203039246E0
4.558056279E1,-1.101559296E1,-2.203417969E0,-2.875220947E0
4.559060279E1,-1.045650558E1,-2.301464081E0,-2.285896454E0
4.560064279E1,-9.788594513E0,-2.227218475E0,-1.765428772E0
4.561068379E1,-9.103469238E0,-1.960323486E0,-1.384171600E0
4.562072379E1,-8.399483185E0,-1.503174133E0,-1.225800934E0
4.563076379E1,-7.820786591E0,-9.202862549E-1,-1.242566071E0
4.564080379E1,-7.434739380E0,-3.817062378E-1,-1.287472687E0
4.565084379E1,-7.168592834E0,1.014889526E-1,-1.352437592E0
4.566088479E1,-7.061116333E0,4.742138672E-1,-1.399739227E0
4.567092479E1,-7.079078979E0,7.927514648E-1,-1.418450317E0
4.568096479E1,-7.256909180E0,9.852511597E-1,-1.479523315E0
4.569100479E1,-7.582631836E0,1.103056183E0,-1.579365692E0
4.570104479E1,-8.019872589E0,1.147813110E0,-1.658251648E0
4.571108579E1,-8.466543732E0,1.137634277E0,-1.706152039E0
4.572112579E1,-8.890462189E0,1.113534393E0,-1.716929626E0
4.573116579E1,-9.226064301E0,9.701325989E-1,-1.665287018E0
4.574120579E1,-9.520951080E0,7.822732544E-1,-1.576371918E0
4.575124579E1,-9.663155365E0,5.438191223E-1,-1.459315338E0
4.576128679E1,-9.504335632E0,2.932402039E-1,-1.269060974E0
4.577132679E1,-9.142837372E0,8.472381592E-2,-1.047970734E0
4.578136679E1,-8.761280823E0,-4.266128540E-2,-7.836204529E-1
4.579140679E1,-8.580157471E0,-1.034349060E-1,-4.926255798E-1
4.580144679E1,-8.501421204E0,-7.289840698E-2,-2.643502808E-1
4.581148679E1,-8.359815674E0,-1.481918335E-2,-8.202941895E-2
4.582152779E1,-8.290060730E0,1.022373962E-1,4.625381470E-2
4.583156779E1,-8.287066956E0,2.109114075E-1,9.909393311E-2
4.584160779E1,-8.379275208E0,2.647993469E-1,8.427474976E-2
4.585164779E1,-8.593330078E0,2.463876343E-1,4.296066284E-2
4.586168779E1,-8.922495575E0,1.676513672E-1,2.589614868E-2
4.587172879E1,-9.389075317E0,-1.152603149E-2,-1.601669312E-2
4.588176863E1,-9.828262024E0,-2.510279846E-1,-1.505868530E-1
4.589180863E1,-1.028556107E1,-5.171745300E-1,-2.921923828E-1
4.590184863E1,-1.081545914E1,-7.228468323E-1,-4.176315308E-1
4.591188863E1,-1.139340729E1,-8.256829834E-1,-5.240602112E-1
4.592192963E1,-1.190070236E1,-7.340734863E-1,-5.423222351E-1
4.593196963E1,-1.223765167E1,-6.331832886E-1,-3.802093506E-1
4.594200963E1,-1.247430954E1,-5.468128967E-1,-5.269042969E-2
4.595204963E1,-1.265692978E1,-4.788542175E-1,2.811154175E-1
4.596208963E1,-1.282922150E1,-3.891906738E-1,4.297563171E-1
4.597213063E1,-1.290451492E1,-2.200424194E-1,1.207987976E-1
4.598217063E1,-1.291409500E1,-4.406835938E-1,-4.851411438E-1
4.599221063E1,-1.304746765E1,-9.328601074E-1,-1.577270050E0
4.600225063E1,-1.332005081E1,-7.637118530E-1,-2.752027130E0
4.601229063E1,-1.329684906E1,-1.643582153E-1,-3.700305176E0
4.602233163E1,-1.287772064E1,6.122268677E-2,-4.646637268E0
4.603237163E1,-1.230366440E1,1.796264648E-3,-5.531297607E0
4.604241163E1,-1.185474792E1,-1.032852173E-1,-5.986201630E0
4.605245163E1,-1.126677063E1,-3.546125793E-1,-5.854325867E0
4.606249163E1,-1.049003586E1,-7.777825928E-1,-5.370980988E0
4.607253263E1,-9.809850311E0,-1.104403381E0,-4.594994659E0
4.608257263E1,-9.298363953E0,-1.377585297E0,-3.990701294E0
4.609261263E1,-8.706494751E0,-1.817819824E0,-3.372636566E0
4.610265263E1,-8.098309479E0,-2.407144318E0,-2.654430084E0
4.611269262E1,-7.653284912E0,-2.886148224E0,-2.031126251E0
4.612273363E1,-7.570357361E0,-3.146905975E0,-1.390907593E0
4.613277363E1,-7.871231689E0,-3.025658112E0,-8.681945801E-1
4.614281363E1,-8.470884705E0,-2.481838989E0,-5.210664368E-1
4.615285363E1,-9.188492432E0,-1.626218262E0,-4.703219604E-1
4.616289363E1,-9.857301636E0,-6.566844177E-1,-7.819738770E-1
4.617293463E1,-1.031609756E1,1.510359192E-1,-1.361418915E0
4.618297463E1,-1.056757462E1,6.677613831E-1,-2.021246796E0
4.619301463E1,-1.072040680E1,9.267228699E-1,-2.557132416E0
4.620305463E1,-1.082533859E1,8.493338013E-1,-2.850073242E0
4.621309463E1,-1.060065582E1,5.394781494E-1,-2.749931488E0
4.622313563E1,-9.915380859E0,1.064286804E-1,-2.508034515E0
4.623317563E1,-9.072932739E0,-3.260220337E-1,-2.113305359E0
4.624321562E1,-8.263116760E0,-7.541317749E-1,-1.697919159E0
4.625325563E1,-7.576943665E0,-1.031355286E0,-1.345551910E0
4.626329663E1,-6.992558899E0,-1.155147858E0,-1.064735870E0
4.627333663E1,-6.552474060E0,-1.271006927E0,-6.926097107E-1
4.628337663E1,-6.298003235E0,-1.358425140E0,-3.068618774E-1
4.629341663E1,-6.209986267E0,-1.402733002E0,2.110610962E-2
4.630345662E1,-6.300098877E0,-1.382674713E0,2.116598511E-1
4.631349763E1,-6.511010284E0,-1.307680664E0,1.544787598E-1
4.632353763E1,-6.882088623E0,-1.194366302E0,-3.682342529E-2
4.633357763E1,-7.379354553E0,-1.154848480E0,-2.492317200E-1
4.634361763E1,-7.925419006E0,-1.145118713E0,-5.046006775E-1
4.635365763E1,-8.447832642E0,-1.175056458E0,-6.289920044E-1
4.636369863E1,-8.877588959E0,-1.222657471E0,-7.080276489E-1
4.637373862E1,-9.125623169E0,-1.347647552E0,-6.312373352E-1
4.638377863E1,-9.131311340E0,-1.551074524E0,-3.864962769E-1
4.639381863E1,-8.928782501E0,-1.685944061E0,-8.382568359E-2
4.640385863E1,-8.677904205E0,-1.773511963E0,3.110531616E-1
4.641389963E1,-8.455167389E0,-1.709145813E0,6.738986206E-1
4.642393963E1,-8.291407928E0,-1.476978607E0,9.147477722E-1
4.643397962E1,-8.223898315E0,-1.272803192E0,9.961784363E-1
4.644401963E1,-8.296048279E0,-1.328936462E0,7.713459778E-1
4.645405963E1,-8.478219452E0,-1.566492462E0,4.469705200E-1
4.646410063E1,-8.943302307E0,-1.643133087E0,7.589218140E-2
4.647414063E1,-9.666747894E0,-1.492546234E0,-2.875520325E-1
4.648418063E1,-1.057221497E1,-1.013392639E0,-5.379812622E-1
4.649422063E1,-1.129685806E1,-4.212240601E-1,-6.167175293E-1
4.650426063E1,-1.167392395E1,2.405497742E-1,-5.525010681E-1
4.651430163E1,-1.180669785E1,9.395960999E-1,-3.372486877E-1
4.652434163E1,-1.177571228E1,1.465901642E0,2.993774414E-2
4.653438163E1,-1.153276749E1,1.868564301E0,3.935316467E-1
4.654442163E1,-1.122635468E1,1.737736359E0,7.702981567E-1
4.655446163E1,-1.122276215E1,1.591191101E0,1.195863190E0
4.656450263E1,-1.124880798E1,5.143304443E-1,1.359772339E0
4.657454263E1,-1.135852982E1,-1.074016571E0,6.973997498E-1
4.658458263E1,-1.206700653E1,-2.405198364E0,-2.224374390E-1
4.659462263E1,-1.292711792E1,-3.509751434E0,-9.936337280E-1
4.660466263E1,-1.356808502E1,-4.137845306E0,-1.351389771E0
4.661470363E1,-1.369127884E1,-4.291725311E0,-1.472038879E0
4.662474363E1,-1.333187622E1,-4.384232941E0,-1.878593445E0
4.663478363E1,-1.258358231E1,-4.212989044E0,-2.733914795E0
4.664482363E1,-1.179083084E1,-3.914809113E0,-3.466940460E0
4.665486363E1,-1.115255814E1,-3.575464783E0,-3.821852417E0
4.666490463E1,-1.055500076E1,-3.157533875E0,-3.763623505E0
4.667494463E1,-9.921667786E0,-2.550396423E0,-3.439397736E0
4.668498463E1,-9.226663055E0,-1.787882080E0,-3.043321381E0
4.669502463E1,-8.519832916E0,-1.009949799E0,-2.658321991E0
4.670506463E1,-7.898624725E0,-5.020559692E-1,-2.271077271E0
4.671510563E1,-7.593559113E0,-1.707948303E-1,-1.984123993E0
4.672514563E1,-7.664810944E0,-7.544311523E-2,-1.684746552E0
4.673518563E1,-8.137976990E0,-2.254312134E-1,-1.382824402E0
4.674522563E1,-8.665030975E0,-3.706292725E-1,-1.354533234E0
4.675526563E1,-9.170679474E0,-3.989204407E-1,-1.731150055E0
4.676530663E1,-9.645192719E0,-3.754193115E-1,-2.276316376E0
4.677534663E1,-9.934391327E0,-3.855981445E-1,-2.714006195E0
4.678538663E1,-1.006447083E1,-4.195774841E-1,-3.018323364E0
4.679542663E1,-1.007225464E1,-5.480104065E-1,-3.232677612E0
4.680546663E1,-9.952353973E0,-7.176077271E-1,-3.260370026E0
4.681550763E1,-9.703870697E0,-9.364526367E-1,-3.073857880E0
4.682554763E1,-9.379195862E0,-1.108444977E0,-2.715353394E0
4.683558763E1,-8.979976044E0,-1.137334900E0,-2.235451355E0
4.684562763E1,-8.601562958E0,-1.051712952E0,-1.809287567E0
4.685566763E1,-8.302185516E0,-7.948471069E-1,-1.458267517E0
4.686570863E1,-8.049960022E0,-4.918771362E-1,-1.222956848E0
4.687574863E1,-7.935897217E0,-1.583706665E-1,-1.165027313E0
4.688578825E1,-7.945626984E0,1.245410156E-1,-1.269360352E0
4.689582825E1,-8.010292511E0,2.568658447E-1,-1.407822418E0
4.690586825E1,-8.150251465E0,3.237767029E-1,-1.546434174E0
4.691590925E1,-8.391399994E0,3.097059631E-1,-1.566941528E0
4.692594925E1,-8.566535797E0,1.504371643E-1,-1.508562927E0
4.693598925E1,-8.715326385E0,-3.876937866E-2,-1.470242615E0
4.694602925E1,-8.886420593E0,-2.017803955E-1,-1.455872498E0
4.695606925E1,-9.032516785E0,-4.204756165E-1,-1.407223663E0
4.696611025E1,-9.114546204E0,-6.020480347E-1,-1.271605682E0
4.697615025E1,-9.174721069E0,-6.029461670E-1,-1.190773773E0
4.698619025E1,-9.260043640E0,-2.954855347E-1,-1.103804626E0
4.699623025E1,-9.147777100E0,1.935475159E-1,-1.000220032E0
4.700627025E1,-9.005423126E0,4.460723877E-1,-8.120613098E-1
4.701631125E1,-8.911867676E0,7.119195557E-1,-6.092330933E-1
4.702635125E1,-8.817114716E0,1.087937622E0,-5.366340637E-1
4.703639125E1,-8.775501251E0,1.494192810E0,-5.227130127E-1
4.704643125E1,-8.775201874E0,1.735041962E0,-5.251080322E-1
4.705647125E1,-8.875044250E0,1.710642700E0,-5.023553467E-1
4.706651225E1,-9.095086670E0,1.475481720E0,-5.225633240E-1
4.707655225E1,-9.407487030E0,1.147663422E0,-6.180647278E-1
4.708659225E1,-9.774823151E0,8.122109985E-1,-8.433462524E-1
4.709663225E1,-1.014200958E1,5.077441406E-1,-1.159638519E0
4.710667225E1,-1.039872574E1,2.525248718E-1,-1.422641602E0
4.711671325E1,-1.048898804E1,7.349716187E-2,-1.657802582E0
4.712675325E1,-1.043016037E1,-1.037342834E-1,-1.893562317E0
4.713679325E1,-1.035860916E1,-2.192939758E-1,-1.976789246E0
4.714683325E1,-1.049602341E1,-2.980302429E-1,-1.896705780E0
4.715687325E1,-1.067639832E1,-2.466870117E-1,-1.719773712E0
4.716691425E1,-1.078103073E1,-3.817062378E-2,-1.470841370E0
4.717695425E1,-1.085916824E1,2.796185303E-1,-1.135538635E0
4.718699425E1,-1.095317276E1,5.807922363E-1,-7.816744995E-1
4.719703425E1,-1.096424973E1,8.824150085E-1,-5.057981873E-1
4.720707425E1,-1.086350922E1,1.206940155E0,-2.899470520E-1
4.721711525E1,-1.072250244E1,1.432371368E0,-1.669029236E-1
4.722715525E1,-1.057625656E1,1.387913818E0,-1.429527283E-1
4.723719525E1,-1.059287201E1,1.191671906E0,-2.227368164E-1
4.724723525E1,-1.076950470E1,8.297245789E-1,-5.225633240E-1
4.725727525E1,-1.128024261E1,5.809419250E-1,-1.087638245E0
4.726731625E1,-1.181238602E1,5.542973328E-1,-1.830393677E0
4.727735625E1,-1.191297684E1,4.186793518E-1,-2.377805328E0
4.728739625E1,-1.173754166E1,1.504371643E-1,-2.844085693E0
4.729743625E1,-1.143831390E1,-2.179467773E-1,-3.469485168E0
4.730747625E1,-1.111184280E1,-7.152127075E-1,-3.925886078E0
4.731751725E1,-1.091994186E1,-1.289718018E0,-4.047583008E0
4.732755725E1,-1.101080292E1,-1.974543915E0,-4.019291840E0
4.733759725E1,-1.110959747E1,-2.557581482E0,-3.832480316E0
4.734763725E1,-1.107741440E1,-3.318149872E0,-3.305276642E0
4.735767725E1,-1.087129303E1,-4.260140991E0,-2.653531952E0
4.736771825E1,-1.035082535E1,-5.256768494E0,-2.030228119E0
4.737775825E1,-9.650880890E0,-6.135141907E0,-1.577868805E0
4.738779825E1,-8.833430786E0,-6.478078766E0,-1.215921478E0
4.739783825E1,-8.181536407E0,-6.070177002E0,-7.358697510E-1
4.740787825E1,-7.851921844E0,-4.993316345E0,-1.558259583E-1
4.741791925E1,-7.608228607E0,-3.812122650E0,2.826123047E-1
4.742795925E1,-7.699239349E0,-2.587668915E0,2.227368164E-1
4.743799925E1,-7.980354767E0,-1.300645294E0,-4.805007935E-2
4.744803925E1,-8.385113068E0,4.146377563E-2,-4.577481079E-1
4.745807925E1,-9.098978577E0,1.293310547E0,-9.018745422E-1
4.746812025E1,-9.821076965E0,2.332449646E0,-1.328786774E0
4.747816025E1,-1.028900391E1,2.958597565E0,-1.680854645E0
4.748820025E1,-1.060843964E1,3.243604889E0,-1.921703796E0
4.749824025E1,-1.092817474E1,3.155138855E0,-2.003733215E0
4.750828025E1,-1.108579697E1,2.602488098E0,-1.946851501E0
4.751832125E1,-1.084210373E1,1.701212311E0,-1.839225311E0
4.752836125E1,-1.046563660E1,6.891668701E-1,-1.692530365E0
4.753840125E1,-1.013632141E1,-2.770738220E-1,-1.481918335E0
4.754844125E1,-9.552834778E0,-1.214873657E0,-1.350491638E0
4.755848125E1,-8.810678101E0,-2.071093140E0,-1.292412415E0
4.756852225E1,-8.095315704E0,-2.709066467E0,-1.273102570E0
4.757856225E1,-7.350913696E0,-3.102897491E0,-1.060245209E0
4.758860225E1,-6.790329437E0,-3.400927734E0,-6.183641052E-1
4.759864225E1,-6.199058990E0,-3.340752869E0,-4.153862000E-1
4.760868225E1,-5.829627228E0,-3.020868073E0,-3.116519165E-1
4.761872325E1,-5.861660614E0,-2.518363037E0,-1.945953369E-1
4.762876325E1,-6.415508881E0,-1.998344421E0,-1.968406677E-1
4.763880325E1,-7.251520386E0,-1.472787323E0,-3.757186890E-1
4.764884325E1,-8.220305786E0,-1.107846222E0,-6.004014587E-1
4.765888325E1,-9.204958191E0,-7.689509583E-1,-8.421487427E-1
4.766892425E1,-9.992620239E0,-4.031117249E-1,-1.053359528E0
4.767896425E1,-1.060694275E1,-4.071533203E-2,-1.147364044E0
4.768900425E1,-1.099748062E1,4.411326599E-1,-1.163979492E0
4.769904425E1,-1.092009155E1,8.839118958E-1,-1.059047699E0
4.770908425E1,-1.054497162E1,1.119222565E0,-8.693920898E-1
4.771912425E1,-9.968969421E0,1.213825836E0,-7.185058594E-1
4.772916525E1,-9.367370453E0,1.046922913E0,-4.984634399E-1
4.773920525E1,-8.786578217E0,8.696914673E-1,-3.141966248E-1
4.774924525E1,-8.201744385E0,8.235873413E-1,-4.864883423E-2
4.775928525E1,-7.869136047E0,7.500901794E-1,1.929487610E-1
4.776932525E1,-7.795938263E0,8.671467590E-1,4.828958130E-1
4.777936625E1,-8.067323914E0,9.589059448E-1,6.126759338E-1
4.778940625E1,-8.601263580E0,8.750802612E-1,8.608598328E-1
4.779944625E1,-9.107510834E0,4.394860840E-1,9.523196411E-1
4.780948625E1,-9.261839905E0,-2.835104370E-1,8.514294434E-1
4.781952625E1,-9.286388855E0,-1.255139923E0,7.084767151E-1
4.782956725E1,-9.430539093E0,-2.086511078E0,4.324507141E-1
4.783960725E1,-9.618248749E0,-2.404449921E0,1.712438965E-1
4.784964725E1,-9.818232880E0,-2.442620544E0,6.990463257E-2
4.785968725E1,-9.956994324E0,-2.194736023E0,1.034349060E-1
4.786972725E1,-1.009785141E1,-1.713037720E0,1.013392639E-1
4.787976825E1,-1.030112869E1,-1.040336609E0,1.901046753E-2
4.788980888E1,-1.046099625E1,-1.883084106E-1,-7.274871826E-2
4.789984888E1,-1.049452652E1,6.080355835E-1,-4.236190796E-2
4.790988888E1,-1.055155792E1,1.364562378E0,-8.532257080E-3
4.791992888E1,-1.066412384E1,2.048190765E0,-1.179547119E-1
4.792996988E1,-1.089060287E1,2.409838715E0,-1.278341675E-1
4.794000988E1,-1.105750580E1,2.577639771E0,-5.746549988E-1
4.795004988E1,-1.164967438E1,2.243833923E0,-1.311123505E0
4.796008988E1,-1.297412018E1,1.473984833E0,-1.959724731E0
4.797012988E1,-1.476798981E1,6.885681152E-1,-2.916085968E0
4.798017088E1,-1.631307678E1,-1.278341675E-1,-4.300706635E0
4.799021088E1,-1.718456451E1,-9.707313538E-1,-5.444627838E0
4.800025088E1,-1.669328613E1,-1.727557526E0,-5.998176727E0
4.801029088E1,-1.437610474E1,-2.290836182E0,-5.877677307E0
4.802033088E1,-1.171898026E1,-2.893482971E0,-4.708458710E0
4.803037188E1,-9.708361359E0,-2.896177368E0,-3.689078522E0
4.804041188E1,-8.426277466E0,-2.516566772E0,-3.517086182E0
4.805045188E1,-7.574848022E0,-2.223326569E0,-3.498075714E0
4.806049188E1,-6.928192749E0,-2.224673767E0,-3.053350525E0
4.807053188E1,-6.416107635E0,-2.268382874E0,-2.170037384E0
4.808057288E1,-6.103108521E0,-2.177072754E0,-9.577084351E-1
4.809061288E1,-6.023174744E0,-1.962718506E0,1.254391479E-1
4.810065288E1,-6.164480896E0,-1.614542542E0,9.018745422E-1
4.811069288E1,-6.704557800E0,-1.184786224E0,1.187630310E0
4.812073288E1,-7.869734802E0,-5.685177612E-1,6.616241455E-1
4.813077388E1,-9.103169861E0,4.174818420E-1,-6.382727051E-1
4.814081388E1,-1.003887405E1,1.264121246E0,-1.992356873E0
4.815085388E1,-1.074989548E1,1.495989075E0,-3.178190918E0
4.816089387E1,-1.135523666E1,1.129700775E0,-3.921545105E0
4.817093388E1,-1.175206146E1,5.279521179E-1,-4.156855774E0
4.818097488E1,-1.187375839E1,-1.020877075E-1,-3.938609619E0
4.819101488E1,-1.152483398E1,-5.710624695E-1,-3.507955170E0
4.820105488E1,-1.079091019E1,-7.710466003E-1,-2.836750946E0
4.821109488E1,-9.937235413E0,-7.488926697E-1,-2.026635590E0
4.822113487E1,-9.194180603E0,-6.682104492E-1,-1.182241516E0
4.823117588E1,-8.479566650E0,-5.060975647E-1,-4.808001709E-1
4.824121588E1,-8.000263367E0,-3.658392334E-1,-4.191284180E-3
4.825125588E1,-7.678282928E0,-1.469943237E-1,1.643582153E-1
4.826129588E1,-7.342082062E0,1.260379028E-1,-1.197509766E-3
4.827133588E1,-7.066205750E0,2.698887634E-1,-3.061134338E-1
4.828137688E1,-7.132667542E0,1.568737793E-1,-4.805007935E-1
4.829141687E1,-7.420069885E0,-1.386117554E-1,-6.002517700E-1
4.830145688E1,-7.534132690E0,-4.525090027E-1,-6.926097107E-1
4.831149688E1,-7.580985260E0,-8.138575745E-1,-7.442523193E-1
4.832153688E1,-7.731272736E0,-1.082698517E0,-7.060816956E-1
4.833157788E1,-7.869884491E0,-1.223555603E0,-6.129753113E-1
4.834161788E1,-8.021070099E0,-1.223854980E0,-3.938310242E-1
4.835165788E1,-8.348738708E0,-9.821076965E-1,-1.920506287E-1
4.836169788E1,-8.690777435E0,-6.158193970E-1,-6.855743408E-2
4.837173788E1,-9.023834839E0,-2.625540161E-1,-4.086502075E-2
4.838177788E1,-9.373358002E0,4.490661621E-4,-1.501377869E-1
4.839181888E1,-9.700128479E0,2.249821472E-1,-4.023632813E-1
4.840185888E1,-9.961035919E0,4.731660461E-1,-7.589218140E-1
4.841189888E1,-1.013257919E1,6.571334839E-1,-1.060245209E0
4.842193888E1,-1.017733612E1,7.101232910E-1,-1.294508057E0
4.843197888E1,-1.012090347E1,6.920109558E-1,-1.394350433E0
4.844201988E1,-9.889634399E0,6.686595154E-1,-1.529519348E0
4.845205988E1,-9.587712250E0,7.704478455E-1,-1.775906982E0
4.846209988E1,-9.293873291E0,1.005608826E0,-2.015259247E0
4.847213988E1,-9.148675232E0,1.334325256E0,-2.163151703E0
4.848217988E1,-9.225764923E0,1.816322937E0,-2.239043884E0
4.849222088E1,-9.558822327E0,2.303859100E0,-2.138303375E0
4.850226088E1,-9.946516113E0,2.603236542E0,-1.895957336E0
4.851230088E1,-1.038061340E1,2.716700592E0,-1.551822968E0
4.852234088E1,-1.085886887E1,2.727029114E0,-1.154100037E0
4.853238088E1,-1.123847946E1,2.568359070E0,-6.753955078E-1
4.854242188E1,-1.157497971E1,2.238145752E0,-2.239343262E-1
4.855246188E1,-1.169742508E1,1.900897064E0,5.209167480E-2
4.856250188E1,-1.148052612E1,1.568288727E0,-4.505630493E-2
4.857254188E1,-1.105795486E1,1.231638794E0,-4.854405212E-1
4.858258188E1,-1.082144669E1,1.190324707E0,-1.197809143E0
4.859262288E1,-1.092832443E1,1.362766113E0,-1.919608154E0
4.860266288E1,-1.127994324E1,1.525777130E0,-2.538121948E0
4.861270288E1,-1.151240982E1,1.466350708E0,-3.103196869E0
4.862274288E1,-1.147319138E1,1.246308289E0,-3.876039734E0
4.863278288E1,-1.134356094E1,6.941065979E-1,-4.747826843E0
4.864282388E1,-1.189845703E1,-1.755848694E-1,-5.152734833E0
4.865286388E1,-1.290780807E1,-6.719526672E-1,-5.095553741E0
4.866290388E1,-1.340193054E1,-1.020727386E0,-4.763693848E0
4.867294388E1,-1.316242859E1,-1.984573059E0,-4.085603943E0
4.868298388E1,-1.241847565E1,-3.308719482E0,-3.309467926E0
4.869302488E1,-1.137858810E1,-4.718787231E0,-2.491568756E0
4.870306488E1,-1.036399796E1,-6.016139374E0,-1.515747986E0
4.871310488E1,-9.442813568E0,-6.623576202E0,-7.719447327E-1
4.872314488E1,-8.657247162E0,-6.148314514E0,-2.082170105E-1
4.873318488E1,-7.980205078E0,-4.607867889E0,4.053570557E-1
4.874322488E1,-7.317084045E0,-2.796484680E0,7.054829407E-1
4.875326588E1,-7.026388550E0,-1.239422607E0,6.827302551E-1
4.876330588E1,-7.319179688E0,2.297721863E-1,2.647993469E-1
4.877334588E1,-7.977959747E0,1.450184326E0,-4.611909485E-1
4.878338588E1,-8.606502686E0,2.335443420E0,-1.297950897E0
4.879342588E1,-8.980425110E0,2.839445343E0,-1.893712006E0
4.880346688E1,-9.231902161E0,2.970123596E0,-2.257156219E0
4.881350688E1,-9.458381195E0,2.686613159E0,-2.527044983E0
4.882354688E1,-9.628277893E0,2.057920532E0,-2.695744171E0
4.883358688E1,-9.680818634E0,1.261277161E0,-2.690654755E0
4.884362688E1,-9.597292328E0,2.978805542E-1,-2.412533112E0
4.885366788E1,-9.545050964E0,-5.815406799E-1,-2.034569092E0
4.886370788E1,-9.410929871E0,-1.220412140E0,-1.643881531E0
4.887374788E1,-9.081764374E0,-1.788331146E0,-1.339714050E0
4.888378763E1,-8.607550507E0,-2.211950226E0,-9.854008484E-1
4.889382763E1,-8.158184967E0,-2.474504242E0,-7.722441101E-1
4.890386862E1,-7.691455536E0,-2.609373779E0,-6.008505249E-1
4.891390863E1,-7.245832214E0,-2.643502808E0,-4.981640625E-1
4.892394863E1,-7.002588043E0,-2.591111755E0,-5.110372925E-1
4.893398863E1,-7.054380341E0,-2.472558289E0,-5.448669434E-1
4.894402863E1,-7.309599609E0,-2.370470581E0,-4.664300537E-1
4.895406863E1,-7.710615692E0,-2.289938049E0,-3.137475586E-1
4.896410963E1,-8.277636566E0,-2.057471466E0,-2.275268555E-1
4.897414963E1,-8.807235260E0,-1.557511139E0,-2.291734314E-1
4.898418963E1,-9.255852356E0,-8.623567200E-1,-2.948867798E-1
4.899422963E1,-9.614656219E0,-8.981323242E-2,-4.351451111E-1
4.900426963E1,-9.738897858E0,5.903723145E-1,-7.125183105E-1
4.901431063E1,-9.695787506E0,1.090033264E0,-9.490264893E-1
4.902435063E1,-9.588760071E0,1.429377594E0,-9.773176575E-1
4.903439063E1,-9.396859131E0,1.636546783E0,-8.997789001E-1
4.904443063E1,-9.131610718E0,1.886976013E0,-8.424481201E-1
4.905447063E1,-8.776399384E0,2.125729523E0,-7.659571838E-1
4.906451163E1,-8.598718872E0,2.040856018E0,-4.412823486E-1
4.907455163E1,-8.571176147E0,1.828148346E0,-1.740879822E-1
4.908459163E1,-8.628057861E0,1.430425415E0,1.254391479E-1
4.909463163E1,-8.731642456E0,8.051756287E-1,3.875440979E-1
4.910467163E1,-8.990603943E0,-4.041595459E-3,4.538562012E-1
4.911471263E1,-9.365274811E0,-5.827381897E-1,3.468287659E-1
4.912475263E1,-9.602232056E0,-8.551716614E-1,2.350112915E-1
4.913479263E1,-9.800719299E0,-1.009351044E0,1.676513672E-1
4.914483263E1,-1.007464966E1,-9.580078125E-1,1.209484863E-1
4.915487263E1,-1.035322037E1,-6.942562866E-1,-5.987548828E-4
4.916491363E1,-1.057131683E1,-2.128573608E-1,-2.023791504E-1
4.917495363E1,-1.062969543E1,2.719844055E-1,-4.013154602E-1
4.918499363E1,-1.058763290E1,8.105644226E-1,-4.644841003E-1
4.919503363E1,-1.044348267E1,1.339714050E0,-4.246669006E-1
4.920507363E1,-1.023766068E1,1.830842743E0,-3.201841736E-1
4.921511363E1,-1.012060410E1,2.361638947E0,-1.811233521E-1
4.922515463E1,-1.016027161E1,2.866239624E0,6.526428223E-2
4.923519463E1,-1.026131149E1,3.213667145E0,2.531236267E-1
4.924523463E1,-1.024050476E1,3.218008118E0,7.963439941E-2
4.925527463E1,-1.058463913E1,3.038681030E0,-2.341131592E-1
4.926531463E1,-1.116333572E1,2.185605011E0,-1.013093262E0
4.927535563E1,-1.245904129E1,1.387614441E-1,-2.390229492E0
4.928539563E1,-1.475107498E1,-1.766775970E0,-2.916984100E0
4.929543563E1,-1.570129898E1,-2.252366180E0,-2.812351685E0
4.930547563E1,-1.472937012E1,-1.665137329E0,-2.739453278E0
4.931551562E1,-1.348351089E1,-1.032403107E0,-3.045417023E0
4.932555663E1,-1.283865189E1,-1.010249176E0,-3.674708405E0
4.933559663E1,-1.259016861E1,-1.613644409E0,-4.100123749E0
4.934563663E1,-1.245095810E1,-2.173629913E0,-3.960164795E0
4.935567663E1,-1.182166672E1,-2.303859100E0,-3.545676727E0
4.936571663E1,-1.068717590E1,-2.016007690E0,-3.061284027E0
4.937575763E1,-9.371412048E0,-1.535207520E0,-2.677631836E0
4.938579763E1,-8.151149597E0,-1.130149841E0,-2.435285797E0
4.939583763E1,-7.226971436E0,-1.026714935E0,-2.153571625E0
4.940587763E1,-6.680008850E0,-1.182989960E0,-1.804497528E0
4.941591763E1,-6.450685730E0,-1.272204437E0,-1.497036896E0
4.942595763E1,-6.520889740E0,-1.247206421E0,-1.399589539E0
4.943599863E1,-6.960974579E0,-1.106049957E0,-1.376986542E0
4.944603862E1,-7.678432617E0,-8.216413879E-1,-1.367556152E0
4.945607863E1,-8.553812256E0,-4.165837097E-1,-1.438957672E0
4.946611863E1,-9.395661621E0,5.239105225E-2,-1.610500946E0
4.947615863E1,-1.014185989E1,3.285667419E-1,-1.856738892E0
4.948619963E1,-1.062610291E1,1.923500061E-1,-2.091600494E0
4.949623963E1,-1.080348404E1,-2.362088013E-1,-2.251468048E0
4.950627963E1,-1.083207458E1,-7.294331360E-1,-2.286495209E0
4.951631963E1,-1.064421524E1,-1.099912720E0,-2.286046143E0
4.952635963E1,-1.034558624E1,-1.429227905E0,-2.117796021E0
4.953640063E1,-9.926158447E0,-1.551523590E0,-1.812580719E0
4.954644063E1,-9.333989868E0,-1.368603973E0,-1.504521332E0
4.955648063E1,-8.782237244E0,-1.027613068E0,-1.262774048E0
4.956652063E1,-8.358169098E0,-5.456153870E-1,-8.845106506E-1
4.957656063E1,-7.876919861E0,-1.766326904E-2,-6.239025879E-1
4.958660163E1,-7.509284363E0,4.270619202E-1,-5.231620789E-1
4.959664163E1,-7.278314667E0,7.758366394E-1,-5.553451538E-1
4.960668163E1,-7.233557739E0,9.731263733E-1,-5.936654663E-1
4.961672163E1,-7.274422760E0,9.848020935E-1,-5.914201355E-1
4.962676163E1,-7.330556030E0,8.675958252E-1,-5.912704468E-1
4.963680163E1,-7.455097046E0,7.006929016E-1,-6.294410706E-1
4.964684263E1,-7.654332733E0,4.328997803E-1,-7.213499451E-1
4.965688263E1,-7.894583130E0,1.481918335E-1,-8.113128662E-1
4.966692263E1,-8.228838043E0,1.616638184E-2,-8.704399109E-1
4.967696263E1,-8.625363464E0,9.370513916E-2,-8.331674194E-1
4.968700263E1,-8.911568298E0,2.077679443E-1,-7.186555481E-1
4.969704363E1,-9.160350952E0,3.243754578E-1,-5.372328186E-1
4.970708363E1,-9.440568237E0,4.463717651E-1,-4.255650330E-1
4.971712363E1,-9.578281860E0,4.096980286E-1,-4.176315308E-1
4.972716363E1,-9.647587738E0,2.300715637E-1,-4.875361633E-1
4.973720363E1,-9.700427856E0,4.430786133E-2,-5.897735596E-1
4.974724463E1,-9.777218170E0,-3.637435913E-2,-6.430627441E-1
4.975728463E1,-9.874066772E0,7.544311523E-2,-6.477030945E-1
4.976732463E1,-9.844727783E0,2.007325745E-1,-6.128256226E-1
4.977736463E1,-9.702224121E0,2.908451843E-1,-6.589297485E-1
4.978740463E1,-9.499246216E0,4.164340210E-1,-8.162525940E-1
4.979744463E1,-9.349856873E0,6.331832886E-1,-1.085243225E0
4.980748563E1,-9.284891968E0,9.574090576E-1,-1.309626617E0
4.981752563E1,-9.317075043E0,1.344055023E0,-1.469943237E0
4.982756563E1,-9.456734619E0,1.633852386E0,-1.492246857E0
4.983760563E1,-9.826016693E0,1.828447723E0,-1.410666504E0
4.984764563E1,-1.031190628E1,1.937121735E0,-1.194665680E0
4.985768663E1,-1.076216995E1,1.916764069E0,-9.321116638E-1
4.986772663E1,-1.119836288E1,1.878892822E0,-6.924600220E-1
4.987776663E1,-1.154354507E1,1.771715698E0,-4.617897034E-1
4.988780625E1,-1.172736282E1,1.580114136E0,-2.326162720E-1
4.989784625E1,-1.168664749E1,1.325643311E0,-1.221459961E-1
4.990788725E1,-1.162183228E1,9.743238831E-1,-6.331832886E-2
4.991792725E1,-1.139894577E1,7.948471069E-1,-4.558021545E-1
4.992796725E1,-1.127709915E1,6.545887756E-1,-1.097368011E0
4.993800725E1,-1.139774826E1,4.688250732E-1,-1.769620056E0
4.994804725E1,-1.180864380E1,4.589456177E-1,-2.370470581E0
4.995808725E1,-1.225262054E1,6.761439514E-1,-2.794538727E0
4.996812825E1,-1.221295303E1,6.824308777E-1,-3.371588745E0
4.997816825E1,-1.182570831E1,3.233276367E-1,-3.999981995E0
4.998820825E1,-1.151181107E1,-3.918850708E-1,-4.342320099E0
4.999824825E1,-1.163964523E1,-9.005273438E-1,-4.232149200E0
5.000828825E1,-1.205967178E1,-1.151405640E0,-3.810027008E0
5.001832925E1,-1.211505661E1,-1.518592072E0,-3.226091309E0
5.002836925E1,-1.185250259E1,-2.268682251E0,-2.627186737E0
5.003840925E1,-1.120390137E1,-3.326083374E0,-2.111509094E0
5.004844925E1,-1.022748184E1,-4.331542511E0,-1.826950836E0
5.005848925E1,-9.404493256E0,-5.046904907E0,-1.572330322E0
5.006853025E1,-8.872649231E0,-5.340444489E0,-1.108744354E0
5.007857025E1,-8.728648682E0,-4.889282684E0,-6.060896301E-1
5.008861025E1,-8.402776337E0,-3.851041718E0,-2.574645996E-2
5.009865025E1,-8.051307220E0,-2.896177368E0,3.213816833E-1
5.010869025E1,-8.159382477E0,-2.056573334E0,3.927832031E-1
5.011873025E1,-8.573271790E0,-1.043480072E0,2.270777893E-1
5.012877125E1,-9.105115814E0,1.372645569E-1,-6.571334839E-2
5.013881125E1,-9.614656219E0,1.236129456E0,-5.427713013E-1
5.014885125E1,-9.923763428E0,2.081870728E0,-9.909393311E-1
5.015889125E1,-1.009680359E1,2.608625336E0,-1.325493622E0
5.016893125E1,-1.016745667E1,2.888543243E0,-1.671274567E0
5.017897225E1,-1.023212219E1,2.837200012E0,-1.903142395E0
5.018901225E1,-1.012808853E1,2.431543579E0,-1.995949402E0
5.019905225E1,-9.917775879E0,1.688488770E0,-1.962269440E0
5.020909225E1,-9.607171783E0,7.728428650E-1,-1.821861420E0
5.021913225E1,-9.148675232E0,-2.056723022E-1,-1.663341064E0
5.022917325E1,-8.637637939E0,-1.141675873E0,-1.500030670E0
5.023921325E1,-8.097411346E0,-1.758393402E0,-1.408720551E0
5.024925325E1,-7.577692108E0,-2.193987579E0,-1.244062958E0
5.025929325E1,-7.128775635E0,-2.477048950E0,-9.521699524E-1
5.026933325E1,-6.747069397E0,-2.521805878E0,-5.776487732E-1
5.027937325E1,-6.437513123E0,-2.427501984E0,-2.954855347E-1
5.028941425E1,-6.265071716E0,-2.351460114E0,-1.501377869E-1
5.029945425E1,-6.376440125E0,-2.263892212E0,-1.529818726E-1
5.030949425E1,-6.851701813E0,-2.036215668E0,-1.832189941E-1
5.031953425E1,-7.518565063E0,-1.620230713E0,-2.365081787E-1
5.032957425E1,-8.232280884E0,-1.013542328E0,-1.844165039E-1
5.033961525E1,-8.778045959E0,-3.659889221E-1,-1.453477478E-1
5.034965525E1,-9.138795776E0,2.231858826E-1,-1.688488770E-1
5.035969525E1,-9.302704926E0,6.908134460E-1,-2.332150269E-1
5.036973525E1,-9.206155701E0,9.240284729E-1,-3.026705933E-1
5.037977525E1,-9.012159119E0,8.448431396E-1,-4.821473694E-1
5.038981625E1,-8.915460205E0,5.921685791E-1,-5.511538696E-1
5.039985625E1,-8.731642456E0,3.070115662E-1,-4.225712585E-1
5.040989625E1,-8.656648407E0,-6.391708374E-2,-1.425036621E-1
5.041993625E1,-8.831484833E0,-4.285588074E-1,2.728825378E-1
5.042997625E1,-9.037007446E0,-6.803352356E-1,7.119195557E-1
5.044001625E1,-9.118438110E0,-9.036708069E-1,9.204359436E-1
5.045005725E1,-9.247020721E0,-1.249451752E0,9.949809265E-1
5.046009725E1,-9.547745361E0,-1.749412079E0,9.807604980E-1
5.047013725E1,-9.830357666E0,-2.277214508E0,8.414002991E-1
5.048017725E1,-1.012479538E1,-2.674488373E0,7.354206848E-1
5.049021725E1,-1.033301239E1,-2.814297638E0,7.563771057E-1
5.050025825E1,-1.052206924E1,-2.638413391E0,6.923103333E-1
5.051029825E1,-1.080078964E1,-2.041155396E0,5.231620789E-1
5.052033825E1,-1.100601288E1,-1.129700775E0,2.643502808E-1
5.053037825E1,-1.103625000E1,-2.507286072E-1,1.068777466E-1
5.054041825E1,-1.100900665E1,6.319857788E-1,1.288819885E-1
5.055045925E1,-1.083476898E1,1.610051880E0,3.249742126E-1
5.056049925E1,-1.050305878E1,2.540966034E0,5.831872559E-1
5.057053925E1,-1.021610550E1,3.280727692E0,9.219328308E-1
5.058057925E1,-1.001462448E1,3.770209808E0,1.256187744E0
5.059061925E1,-9.956395569E0,4.043840790E0,1.392554169E0
5.060065925E1,-1.040516235E1,4.031266937E0,1.206341400E0
5.061070025E1,-1.099358871E1,3.387455750E0,2.133064270E-1
5.062074025E1,-1.221669525E1,1.512604523E0,-1.247954865E0
5.063078025E1,-1.398122589E1,-4.439767456E-1,-2.281854858E0
5.064082025E1,-1.481364487E1,-1.895358582E0,-2.617756348E0
5.065086025E1,-1.456725723E1,-2.569556580E0,-2.721939697E0
5.066090125E1,-1.376582382E1,-2.429747314E0,-3.256777496E0
5.067094125E1,-1.316602112E1,-2.478246460E0,-3.697311401E0
5.068098125E1,-1.286290146E1,-2.965183868E0,-3.902534637E0
5.069102125E1,-1.252849686E1,-3.488944702E0,-4.021537170E0
5.070106125E1,-1.182181641E1,-3.871549072E0,-3.793561249E0
5.071110125E1,-1.068582870E1,-4.066144409E0,-3.422632599E0
5.072114225E1,-9.425449677E0,-3.961661682E0,-2.918181610E0
5.073118225E1,-8.285570068E0,-3.513942719E0,-2.411185913E0
5.074122225E1,-7.399861908E0,-2.746189270E0,-2.096240845E0
5.075126225E1,-6.768025818E0,-1.794618073E0,-1.825004883E0
5.076130225E1,-6.422244873E0,-6.906637573E-1,-1.453327789E0
5.077134325E1,-6.393804016E0,2.207908630E-1,-1.117426300E0
5.078138325E1,-6.710545349E0,9.023236084E-1,-8.342152405E-1
5.079142325E1,-7.433242493E0,1.445543976E0,-6.571334839E-1
5.080146325E1,-8.459807739E0,1.908830566E0,-7.297325134E-1
5.081150325E1,-9.281449127E0,2.248324585E0,-1.156644745E0
5.082154325E1,-9.798024902E0,2.342478790E0,-1.751657410E0
5.083158425E1,-1.014994308E1,2.014660492E0,-2.468516693E0
5.084162425E1,-1.034588562E1,1.276994476E0,-3.069816284E0
5.085166425E1,-1.052700897E1,2.924917603E-1,-3.396736450E0
5.086170425E1,-1.061562469E1,-7.670050049E-1,-3.369193726E0
5.087174425E1,-1.046818130E1,-1.627415771E0,-2.986289978E0
5.088178588E1,-1.016401382E1,-2.162852325E0,-2.432741089E0
5.089182588E1,-9.704918518E0,-2.318528595E0,-1.908980255E0
5.090186587E1,-9.129215698E0,-2.219584351E0,-1.433269501E0
5.091190588E1,-8.585995331E0,-1.889820099E0,-1.006806335E0
5.092194588E1,-8.238867188E0,-1.428479462E0,-6.559359741E-1
5.093198688E1,-7.853867798E0,-8.101153564E-1,-6.204597473E-1
5.094202688E1,-7.584428101E0,-2.851570129E-1,-6.453080750E-1
5.095206688E1,-7.576943665E0,6.436614990E-3,-6.703060913E-1
5.096210688E1,-7.699239349E0,1.047821045E-1,-8.608598328E-1
5.097214688E1,-7.888595581E0,1.571731567E-1,-1.031804352E0
5.098218688E1,-8.101003876E0,1.913021851E-1,-1.162033539E0
5.099222788E1,-8.298742676E0,1.257385254E-1,-1.229692841E0
5.100226788E1,-8.560997314E0,8.158035278E-2,-1.208736420E0
5.101230788E1,-8.787027283E0,1.170565796E-1,-1.163979492E0
5.102234788E1,-8.913813629E0,1.381626892E-1,-1.142574005E0
5.103238788E1,-9.131610718E0,1.703457642E-1,-1.155896301E0
5.104242888E1,-9.362281036E0,3.198847961E-1,-1.083446960E0
5.105246888E1,-9.424850922E0,3.469784546E-1,-9.792636108E-1
5.106250888E1,-9.462422791E0,2.517764282E-1,-8.957373047E-1
5.107254888E1,-9.597142639E0,2.555186462E-1,-8.384065247E-1
5.108258888E1,-9.701475677E0,3.353027344E-1,-8.698411560E-1
5.109262888E1,-9.658964081E0,4.679269409E-1,-9.657916260E-1
5.110266988E1,-9.619146881E0,5.867797852E-1,-1.046324158E0
5.111270988E1,-9.653874664E0,6.689588928E-1,-1.053958282E0
5.112274988E1,-9.699679413E0,7.432044983E-1,-1.063089294E0
5.113278988E1,-9.718390503E0,7.981402588E-1,-1.065933380E0
5.114282988E1,-9.757608948E0,7.758366394E-1,-1.061592407E0
5.115287088E1,-9.845775604E0,7.047344971E-1,-1.046024780E0
5.116291088E1,-9.999356232E0,6.626719666E-1,-1.119072876E0
5.117295088E1,-1.015069153E1,6.668632507E-1,-1.323697357E0
5.118299088E1,-1.020966888E1,6.268963623E-1,-1.547481995E0
5.119303088E1,-1.026520340E1,6.038442993E-1,-1.657802582E0
5.120307088E1,-1.039004379E1,7.506889343E-1,-1.578168182E0
5.121311188E1,-1.033675461E1,1.045276337E0,-1.392105103E0
5.122315188E1,-1.018841309E1,1.093326416E0,-1.067130890E0
5.123319188E1,-1.020667511E1,8.762777710E-1,-5.959107971E-1
5.124323188E1,-1.029753616E1,7.553292847E-1,-1.580712891E-1
5.125327188E1,-1.026340714E1,8.002359009E-1,1.998344421E-1
5.126331288E1,-1.014081207E1,8.485853577E-1,4.659809875E-1
5.127335288E1,-1.002929398E1,8.617579651E-1,6.412664795E-1
5.128339288E1,-9.917925568E0,8.792715454E-1,6.685098267E-1
5.129343288E1,-9.889634399E0,9.478289795E-1,4.108955383E-1
5.130347288E1,-1.001088226E1,1.041085052E0,-9.520202637E-2
5.131351288E1,-1.023930725E1,1.017583923E0,-7.167095947E-1
5.132355388E1,-1.075214081E1,8.771759033E-1,-1.567390594E0
5.133359388E1,-1.179996185E1,8.195457458E-1,-2.267335052E0
5.134363388E1,-1.282757492E1,1.029259644E0,-2.571652222E0
5.135367388E1,-1.344339432E1,1.143322449E0,-2.766397247E0
5.136371388E1,-1.356688751E1,9.117539978E-1,-3.161126404E0
5.137375488E1,-1.319835388E1,4.093986511E-1,-3.558400269E0
5.138379488E1,-1.271455994E1,-1.028361511E-1,-3.687881012E0
5.139383488E1,-1.229947311E1,-5.608836365E-1,-3.482807465E0
5.140387488E1,-1.180490158E1,-1.172362061E0,-3.191962280E0
5.141391488E1,-1.111573471E1,-1.936672668E0,-3.070415039E0
5.142395488E1,-1.022089554E1,-2.926713867E0,-3.122357025E0
5.143399588E1,-9.267378387E0,-3.967050476E0,-2.926713867E0
5.144403587E1,-8.430618439E0,-4.805307312E0,-2.718646545E0
5.145407588E1,-8.278085632E0,-5.361550598E0,-2.325863342E0
5.146411588E1,-8.527017975E0,-5.136568451E0,-1.999990997E0
5.147415588E1,-8.528215485E0,-4.269870758E0,-1.352287903E0
5.148419688E1,-8.396190033E0,-3.554508362E0,-8.012837219E-1
5.149423688E1,-8.477620697E0,-2.821183319E0,-4.665797424E-1
5.150427687E1,-8.788075104E0,-1.885179749E0,-3.742218018E-1
5.151431688E1,-9.255852356E0,-7.198530579E-1,-4.632865906E-1
5.152435688E1,-9.602980499E0,5.128335571E-1,-7.247927856E-1
5.153439688E1,-9.842033386E0,1.693578186E0,-1.181942139E0
5.154443788E1,-1.002315674E1,2.543361053E0,-1.599274292E0
5.155447788E1,-1.006626709E1,3.004701691E0,-1.779798889E0
5.156451788E1,-9.991722107E0,3.096011810E0,-1.763482819E0
5.157455788E1,-9.819879456E0,2.823428650E0,-1.705852661E0
5.158459788E1,-9.569899292E0,2.136507111E0,-1.618434448E0
5.159463888E1,-9.111103363E0,1.239272919E0,-1.687440948E0
5.160467888E1,-8.606802063E0,1.805245972E-1,-1.645228729E0
5.161471888E1,-8.306975555E0,-8.452922058E-1,-1.455573120E0
5.162475888E1,-8.005652161E0,-1.635948029E0,-1.115330658E0
5.163479888E1,-7.651937714E0,-2.221230927E0,-8.193960571E-1
5.164483888E1,-7.385042725E0,-2.680775299E0,-5.430706787E-1
5.165487988E1,-7.220534821E0,-2.871778107E0,-3.210823059E-1
5.166491988E1,-7.176077271E0,-2.685715027E0,-1.631607056E-1
5.167495988E1,-7.198979645E0,-2.312241669E0,3.412902832E-2
5.168499988E1,-7.321125641E0,-1.891167297E0,1.842668152E-1
5.169503988E1,-7.672894135E0,-1.388063507E0,1.853146362E-1
5.170508088E1,-8.125702515E0,-9.839039612E-1,2.062710571E-1
5.171512088E1,-8.485703888E0,-7.235952759E-1,2.142045593E-1
5.172516088E1,-8.685987396E0,-6.252497864E-1,1.609153748E-1
5.173520088E1,-8.705895996E0,-5.682183838E-1,9.131011963E-2
5.174524088E1,-8.551267548E0,-4.656816101E-1,-3.188369751E-2
5.175528088E1,-8.209079132E0,-3.562591553E-1,-1.157093811E-1
5.176532188E1,-7.873776398E0,-2.077679443E-1,-1.504371643E-1
5.177536188E1,-7.704478455E0,-4.670288086E-2,-1.049317932E-1
5.178540188E1,-7.797734528E0,-1.546284485E-1,1.697470093E-1
5.179544188E1,-8.160280609E0,-5.192701721E-1,4.607418823E-1
5.180548188E1,-8.711434479E0,-8.625064087E-1,6.060896301E-1
5.181552288E1,-9.323661346E0,-1.211430817E0,6.756948853E-1
5.182556288E1,-9.797276459E0,-1.627565460E0,6.399192810E-1
5.183560288E1,-1.005983047E1,-1.999242554E0,6.225553894E-1
5.184564288E1,-1.021475830E1,-2.257904663E0,7.991880798E-1
5.185568288E1,-1.040576111E1,-2.332449646E0,1.089284821E0
5.186572288E1,-1.078477295E1,-2.123035126E0,1.265767822E0
5.187576388E1,-1.137454651E1,-1.327439575E0,1.142873383E0
5.188580417E1,-1.161030624E1,-8.217910767E-2,6.987469482E-1
5.189584417E1,-1.161090500E1,1.130000153E0,1.916015625E-1
5.190588417E1,-1.160641434E1,2.324216766E0,-1.291813660E-1
5.191592417E1,-1.139220978E1,3.279081116E0,-1.457968140E-1
5.192596517E1,-1.081276474E1,4.030219116E0,5.388793945E-3
5.193600517E1,-1.013093262E1,4.766987000E0,2.167492676E-1
5.194604517E1,-9.605824585E0,5.025798798E0,4.567002869E-1
5.195608517E1,-9.598938904E0,4.793781281E0,6.795867920E-1
5.196612517E1,-1.030322433E1,4.075425110E0,7.438032532E-1
5.197616517E1,-1.150133286E1,2.609224091E0,4.438270569E-1
5.198620617E1,-1.313054489E1,6.665638733E-1,-4.041595459E-2
5.199624617E1,-1.455887466E1,-8.939410400E-1,-5.457650757E-1
5.200628617E1,-1.535192551E1,-2.087558899E0,-1.336420898E0
5.201632617E1,-1.517918472E1,-2.793341217E0,-2.394570465E0
5.202636617E1,-1.416848648E1,-2.877915344E0,-3.649560699E0
5.203640717E1,-1.288475601E1,-3.159928894E0,-4.586312714E0
5.204644717E1,-1.175251053E1,-3.783681793E0,-4.944517822E0
5.205648717E1,-1.068343369E1,-4.306544495E0,-4.753365326E0
5.206652717E1,-9.688003693E0,-4.672832794E0,-4.112248535E0
5.207656717E1,-8.853489075E0,-4.617897034E0,-3.252735901E0
5.208660717E1,-8.217761078E0,-4.132306824E0,-2.479593658E0
5.209664817E1,-7.740254059E0,-3.247796173E0,-2.049987030E0
5.210668817E1,-7.392976227E0,-2.240540771E0,-1.734443207E0
5.211672817E1,-7.165149994E0,-1.305884399E0,-1.733096008E0
5.212676817E1,-7.269632721E0,-5.653742981E-1,-1.629661102E0
5.213680817E1,-7.796836395E0,-9.265731812E-2,-1.251996460E0
5.214684817E1,-8.548423462E0,2.297721863E-1,-8.821156311E-1
5.215688917E1,-9.342372437E0,4.831951904E-1,-7.548802185E-1
5.216692917E1,-9.954000549E0,9.250762939E-1,-1.135838013E0
5.217696917E1,-1.037911652E1,1.396595764E0,-1.889221344E0
5.218700917E1,-1.062415695E1,1.611997833E0,-2.654729462E0
5.219704917E1,-1.084824097E1,1.521735535E0,-3.024161224E0
5.220709017E1,-1.095571747E1,1.200952606E0,-3.075055389E0
5.221713017E1,-1.087054459E1,7.243437195E-1,-2.831661530E0
5.222717017E1,-1.056697586E1,1.411564636E-1,-2.424358521E0
5.223721017E1,-1.006626709E1,-2.776725769E-1,-1.951342163E0
5.224725017E1,-9.494156799E0,-5.465135193E-1,-1.379980316E0
5.225729017E1,-8.876092072E0,-5.803431702E-1,-9.642947388E-1
5.226733117E1,-8.256380768E0,-4.207749939E-1,-6.774911499E-1
5.227737117E1,-7.708969116E0,-2.251318359E-1,-4.740641785E-1
5.228741117E1,-7.311994629E0,-4.909790039E-2,-3.375480652E-1
5.229745117E1,-7.054230652E0,1.020877075E-1,-2.671943665E-1
5.230749117E1,-6.871161346E0,1.767823792E-1,-2.552192688E-1
5.231753217E1,-6.883585510E0,1.333726501E-1,-2.637515259E-1
5.232757217E1,-7.187603302E0,5.194198608E-2,-2.570155334E-1
5.233761217E1,-7.529941406E0,-2.814147949E-2,-2.888992310E-1
5.234765217E1,-7.786208496E0,-1.794767761E-1,-3.638932800E-1
5.235769217E1,-8.059839478E0,-2.615061951E-1,-5.227130127E-1
5.236773217E1,-8.434061279E0,-1.983375549E-1,-6.222560120E-1
5.237777317E1,-8.810229034E0,-9.400451660E-2,-6.167175293E-1
5.238781317E1,-9.107510834E0,-1.014889526E-1,-5.418731689E-1
5.239785317E1,-9.445058899E0,-3.442840576E-3,-3.908372498E-1
5.240789317E1,-9.785001984E0,1.525328064E-1,-2.405497742E-1
5.241793317E1,-9.918374634E0,2.639012146E-1,-1.606159973E-1
5.242797417E1,-1.006596771E1,3.162922668E-1,-1.505868530E-1
5.243801417E1,-1.021056702E1,3.709286499E-1,-2.636018372E-1
5.244805417E1,-1.034034714E1,4.287084961E-1,-3.424877930E-1
5.245809417E1,-1.043375290E1,5.147795105E-1,-3.423381042E-1
5.246813417E1,-1.045680496E1,5.525010681E-1,-3.823049927E-1
5.247817417E1,-1.038166122E1,5.650749207E-1,-4.799020386E-1
5.248821517E1,-1.025577301E1,5.897735596E-1,-6.530918884E-1
5.249825517E1,-1.001866608E1,6.727011108E-1,-8.919950867E-1
5.250829517E1,-9.734556885E0,8.418493652E-1,-1.125509491E0
5.251833517E1,-9.505533142E0,1.053958282E0,-1.312770081E0
5.252837517E1,-9.389075317E0,1.249751129E0,-1.335522766E0
5.253841617E1,-9.389225006E0,1.322200470E0,-1.169068909E0
5.254845617E1,-9.505533142E0,1.376687164E0,-8.777746582E-1
5.255849617E1,-9.685758362E0,1.344653778E0,-4.881349182E-1
5.256853617E1,-9.840536499E0,1.173409882E0,-8.891510010E-2
5.257857617E1,-1.010204269E1,8.719367981E-1,4.721182251E-1
5.258861617E1,-1.030457153E1,5.846841431E-1,8.470884705E-1
5.259865717E1,-1.044363235E1,3.049159241E-1,9.562115479E-1
5.260869717E1,-1.076127182E1,3.442840576E-3,9.439370728E-1
5.261873717E1,-1.117501144E1,-4.969665527E-2,3.623963928E-1
5.262877717E1,-1.147229324E1,-1.284329224E-1,-5.435197449E-1
5.263881717E1,-1.190055267E1,-2.236349487E-1,-1.512005768E0
5.264885717E1,-1.263552429E1,2.839595032E-1,-2.200573883E0
5.265889817E1,-1.307560913E1,1.015937347E0,-2.628084869E0
5.266893817E1,-1.306587936E1,1.375639343E0,-3.239263916E0
5.267897817E1,-1.258552826E1,1.274300079E0,-3.925586700E0
5.268901817E1,-1.196866104E1,8.162525940E-1,-4.266727295E0
5.269905817E1,-1.174263107E1,2.642005920E-1,-4.232598267E0
5.270909917E1,-1.200084412E1,-2.297721863E-1,-4.038901062E0
5.271913917E1,-1.210023743E1,-8.421487427E-1,-3.867058411E0
5.272917917E1,-1.187645279E1,-1.689536591E0,-3.647914124E0
5.273921917E1,-1.133577713E1,-2.750679932E0,-3.155288544E0
5.274925917E1,-1.057535843E1,-3.900289307E0,-2.553090820E0
5.275929917E1,-9.839039612E0,-5.029840393E0,-1.897304535E0
5.276934017E1,-9.196575623E0,-5.844446411E0,-1.183139648E0
5.277938017E1,-8.754095764E0,-6.072422333E0,-6.098318481E-1
5.278942017E1,-8.601712646E0,-5.445076904E0,-9.580078125E-3
5.279946017E1,-8.404123535E0,-4.144431610E0,4.308041382E-1
5.280950017E1,-8.150101776E0,-2.886297913E0,5.284011841E-1
5.281954117E1,-8.035889282E0,-1.482816467E0,4.025129700E-1
5.282958117E1,-8.104596405E0,3.607498169E-2,1.829196167E-1
5.283962117E1,-8.449778595E0,1.411115570E0,-1.715432739E-1
5.284966117E1,-8.838969269E0,2.453847198E0,-6.593788147E-1
5.285970117E1,-8.997190247E0,2.966830444E0,-1.134041748E0
5.286974117E1,-8.999884644E0,3.028801575E0,-1.469045105E0
5.287978217E1,-8.924740906E0,2.678829346E0,-1.639241180E0
5.288982125E1,-8.876391449E0,1.948049011E0,-1.810934143E0
5.289986125E1,-8.855285339E0,1.098415833E0,-1.921703796E0
5.290990125E1,-8.742569733E0,1.857637024E-1,-1.787882080E0
5.291994125E1,-8.605604553E0,-6.837780762E-1,-1.536255341E0
5.292998125E1,-8.433612213E0,-1.372196503E0,-1.324146423E0
5.294002225E1,-8.184679871E0,-1.894310760E0,-1.032552795E0
5.295006225E1,-7.961943054E0,-2.178569641E0,-7.179071045E-1
5.296010225E1,-7.768395538E0,-2.376607819E0,-4.722679138E-1
5.297014225E1,-7.607031097E0,-2.482587433E0,-1.902543640E-1
5.298018225E1,-7.549550629E0,-2.466870117E0,-1.496887207E-3
5.299022325E1,-7.696694641E0,-2.459984436E0,1.312770081E-1
5.300026325E1,-8.136330414E0,-2.395618286E0,1.848655701E-1
5.301030325E1,-8.609047394E0,-2.263592834E0,1.149609375E-1
5.302034325E1,-8.926088104E0,-2.017504578E0,2.799179077E-2
5.303038325E1,-9.194479980E0,-1.680854645E0,-5.149291992E-2
5.304042325E1,-9.389075317E0,-1.311871948E0,-8.367599487E-2
5.305046425E1,-9.390871582E0,-9.948312378E-1,-8.128097534E-2
5.306050425E1,-9.273365936E0,-7.397616577E-1,-1.062789917E-2
5.307054425E1,-9.049431610E0,-5.010081482E-1,1.219963074E-1
5.308058425E1,-8.706494751E0,-2.264790344E-1,2.644999695E-1
5.309062425E1,-8.220006409E0,7.484436035E-4,3.218307495E-1
5.310066425E1,-7.751480713E0,1.453477478E-1,4.492158508E-1
5.311070525E1,-7.348219299E0,2.239343262E-1,5.727090454E-1
5.312074525E1,-6.993606720E0,2.793191528E-1,5.637277222E-1
5.313078525E1,-6.759194183E0,1.793270874E-1,6.191125488E-1
5.314082525E1,-6.810387726E0,-6.706054688E-2,8.059240723E-1
5.315086525E1,-7.268435211E0,-4.665797424E-1,1.072819061E0
5.316090625E1,-8.026309204E0,-8.306227112E-1,1.094823303E0
5.317094625E1,-8.977131958E0,-1.042282562E0,9.716294861E-1
5.318098625E1,-9.942324829E0,-1.058448944E0,8.048762512E-1
5.319102625E1,-1.072369995E1,-1.073417816E0,6.177653503E-1
5.320106625E1,-1.126138184E1,-1.144669647E0,3.546125793E-1
5.321110625E1,-1.181807419E1,-9.301657104E-1,-8.981323242E-4
5.322114725E1,-1.219229599E1,-4.269122314E-1,-3.260220337E-1
5.323118725E1,-1.226474533E1,9.145980835E-2,-4.782554626E-1
5.324122725E1,-1.213676147E1,6.200106812E-1,-3.592529297E-1
5.325126725E1,-1.179666870E1,1.197509766E0,-1.736389160E-2
5.326130725E1,-1.158785294E1,1.775158539E0,5.673202515E-1
5.327134825E1,-1.128997238E1,2.472109222E0,1.071771240E0
5.328138825E1,-1.126422592E1,3.126847687E0,1.623972931E0
5.329142825E1,-1.123818008E1,3.634591827E0,1.908082123E0
5.330146825E1,-1.128398483E1,3.740272064E0,1.878144379E0
5.331150825E1,-1.154653885E1,3.149600372E0,1.497785339E0
5.332154825E1,-1.178663956E1,1.955084381E0,5.680686951E-1
5.333158925E1,-1.204275696E1,1.112187195E-1,-1.749711456E0
5.334162925E1,-1.360700409E1,-2.269430695E0,-3.270099792E0
5.335166925E1,-1.496557892E1,-3.255729675E0,-3.196153564E0
5.336170925E1,-1.466889587E1,-3.234773254E0,-2.422711945E0
5.337174925E1,-1.373244324E1,-2.731370087E0,-2.474803619E0
5.338178925E1,-1.287263123E1,-2.155517578E0,-3.680097198E0
5.339183025E1,-1.239826767E1,-2.180066528E0,-4.888234863E0
5.340187025E1,-1.183394119E1,-2.552641754E0,-5.473218384E0
5.341191025E1,-1.068537964E1,-2.928510132E0,-5.052892456E0
5.342195025E1,-9.422006836E0,-2.878065033E0,-4.068838806E0
5.343199025E1,-8.459807739E0,-2.394420776E0,-3.244952087E0
5.344203125E1,-7.859555969E0,-1.698817291E0,-2.819237366E0
5.345207125E1,-7.439529419E0,-9.659413147E-1,-2.667453003E0
5.346211125E1,-7.223229218E0,-3.065625000E-1,-2.743195496E0
5.347215125E1,-7.174879761E0,1.537303162E-1,-2.784060516E0
5.348219125E1,-7.348069611E0,2.288740540E-1,-2.631527710E0
5.349223125E1,-7.873926086E0,4.879852295E-2,-2.502496033E0
5.350227225E1,-8.723708954E0,-1.815724182E-1,-2.322869568E0
5.351231225E1,-9.702673187E0,-2.631527710E-1,-2.100132751E0
5.352235225E1,-1.040052200E1,-1.736389160E-1,-2.221679993E0
5.353239225E1,-1.077354630E1,-2.559677124E-2,-2.402204590E0
5.354243225E1,-1.070453979E1,1.395098877E-1,-2.560425568E0
5.355247225E1,-1.053254745E1,1.285826111E-1,-2.632425842E0
5.356251325E1,-1.034513718E1,-3.727249146E-2,-2.566562805E0
5.357255325E1,-1.008348129E1,-2.432441711E-1,-2.436333618E0
5.358259325E1,-9.744136963E0,-4.882846069E-1,-2.194137268E0
5.359263325E1,-9.200617218E0,-5.807922363E-1,-2.039059753E0
5.360267325E1,-8.679850159E0,-6.161187744E-1,-1.790875854E0
5.361271425E1,-8.285869446E0,-5.472619629E-1,-1.382525024E0
5.362275425E1,-7.764503632E0,-5.068460083E-1,-1.127904510E0
5.363279425E1,-7.568561096E0,-5.385800171E-1,-8.348139954E-1
5.364283425E1,-7.363637238E0,-4.116439819E-1,-5.843847656E-1
5.365287425E1,-7.259453888E0,-3.694317627E-1,-2.713856506E-1
5.366291425E1,-7.259304199E0,-4.438270569E-1,-2.993774414E-4
5.367295525E1,-7.319179688E0,-5.289999390E-1,-3.951782227E-2
5.368299525E1,-7.542515259E0,-5.917195129E-1,-2.633024597E-1
5.369303525E1,-7.857310638E0,-6.303392029E-1,-5.601351929E-1
5.370307525E1,-8.237220612E0,-7.042854309E-1,-6.731501770E-1
5.371311525E1,-8.470435638E0,-7.400610352E-1,-7.713459778E-1
5.372315525E1,-8.623118134E0,-7.162605286E-1,-9.030720520E-1
5.373319625E1,-8.732241211E0,-5.891748047E-1,-1.017583923E0
5.374323625E1,-8.770262146E0,-4.558021545E-1,-1.032702484E0
5.375327625E1,-8.716224518E0,-4.135899353E-1,-9.765692139E-1
5.376331625E1,-8.493787079E0,-4.311035156E-1,-8.065228271E-1
5.377335625E1,-8.289611664E0,-4.198768616E-1,-5.548960876E-1
5.378339725E1,-8.146209869E0,-3.704795837E-1,-2.899470520E-1
5.379343725E1,-8.198900299E0,-3.507206726E-1,-3.697311401E-2
5.380347725E1,-8.306975555E0,-2.192939758E-1,1.833686829E-1
5.381351725E1,-8.384514313E0,-1.651066589E-1,3.180885315E-1
5.382355725E1,-8.499774628E0,-1.279838562E-1,4.700225830E-1
5.383359725E1,-8.670719147E0,-1.109193420E-1,3.140469360E-1
5.384363825E1,-8.873397675E0,-1.013392639E-1,1.350192261E-1
5.385367825E1,-9.132359161E0,-1.237925720E-1,5.239105225E-2
5.386371825E1,-9.458680573E0,-1.836680603E-1,9.744735718E-2
5.387375825E1,-9.771080933E0,-2.115101624E-1,1.956431580E-1
5.388379825E1,-1.001941452E1,-2.863545227E-1,1.938468933E-1
5.389383867E1,-1.017583923E1,-3.457809448E-1,9.310638428E-2
5.390387967E1,-1.038510406E1,-4.725672913E-1,-9.639953613E-2
5.391391967E1,-1.087578369E1,-7.997868347E-1,-2.541714478E-1
5.392395967E1,-1.140343643E1,-9.539662170E-1,-2.200424194E-1
5.393399967E1,-1.179487244E1,-1.296304321E0,8.008346558E-2
5.394403967E1,-1.199874847E1,-1.649420013E0,7.352709961E-1
5.395408067E1,-1.228839615E1,-2.085463257E0,1.376986542E0
5.396412067E1,-1.265064285E1,-2.709964600E0,1.754950562E0
5.397416067E1,-1.288056473E1,-3.174299011E0,1.882335663E0
5.398420067E1,-1.298040710E1,-3.399131470E0,1.320104828E0
5.399424067E1,-1.301393738E1,-3.007246399E0,2.888992310E-1
5.400428067E1,-1.280167877E1,-2.508782959E0,-3.890409851E-1
5.401432167E1,-1.252340744E1,-1.910177765E0,-1.094074860E0
5.402436167E1,-1.261232254E1,-1.041534119E0,-1.800306244E0
5.403440167E1,-1.300315979E1,3.198847961E-1,-2.658471680E0
5.404444167E1,-1.290900558E1,1.137484589E0,-3.898642731E0
5.405448167E1,-1.253807693E1,9.181906128E-1,-5.277575226E0
5.406452167E1,-1.229258743E1,3.990701294E-1,-6.364165649E0
5.407456267E1,-1.181283508E1,3.258723450E-1,-6.611900482E0
5.408460267E1,-1.114237930E1,4.366419983E-1,-6.169570312E0
5.409464267E1,-1.032178574E1,4.775070190E-1,-5.374274139E0
5.410468267E1,-9.507628784E0,2.541714478E-1,-4.359234924E0
5.411472267E1,-8.861572266E0,-2.360591125E-1,-3.532204742E0
5.412476367E1,-8.470884705E0,-7.249424744E-1,-3.154540100E0
5.413480367E1,-8.260272675E0,-1.118474121E0,-2.731819153E0
5.414484367E1,-8.207731934E0,-1.485510864E0,-2.231559448E0
5.415488367E1,-8.358318787E0,-1.788780212E0,-1.855242004E0
5.416492367E1,-8.652906189E0,-1.876198425E0,-1.464105377E0
5.417496367E1,-9.006770325E0,-1.659898224E0,-1.039288788E0
5.418500467E1,-9.365574188E0,-1.267564087E0,-7.117698669E-1
5.419504467E1,-9.562863922E0,-8.403524780E-1,-6.182144165E-1
5.420508467E1,-9.547146606E0,-5.300477600E-1,-8.390052795E-1
5.421512467E1,-9.370813293E0,-4.131408691E-1,-1.366208954E0
5.422516467E1,-9.142238617E0,-4.028123474E-1,-1.975591736E0
5.423520567E1,-8.901389465E0,-4.087998962E-1,-2.452649689E0
5.424524567E1,-8.653804321E0,-3.400927734E-1,-2.732866974E0
5.425528567E1,-8.414152679E0,-1.905537415E-1,-2.739303589E0
5.426532567E1,-8.077652435E0,6.017486572E-2,-2.533481598E0
5.427536567E1,-7.760162659E0,3.311114502E-1,-2.189496918E0
5.428540567E1,-7.425608368E0,5.698649597E-1,-1.833836517E0
5.429544667E1,-7.126829681E0,6.909631348E-1,-1.500479736E0
5.430548667E1,-6.939569092E0,6.861730957E-1,-1.229842529E0
5.431552667E1,-6.931036835E0,5.105882263E-1,-9.345066833E-1
5.432556667E1,-7.080276489E0,2.471360779E-1,-6.800358582E-1
5.433560667E1,-7.297624512E0,-2.245330811E-2,-4.107458496E-1
5.434564767E1,-7.566465454E0,-2.719844055E-1,-3.435356140E-1
5.435568767E1,-7.736811218E0,-6.533912659E-1,-4.071533203E-1
5.436572767E1,-7.923173676E0,-9.704319763E-1,-4.469705200E-1
5.437576767E1,-8.047565002E0,-1.172212372E0,-4.129911804E-1
5.438580767E1,-8.178243256E0,-1.409468994E0,-2.725831604E-1
5.439584767E1,-8.240364075E0,-1.622925110E0,-6.361770630E-2
5.440588867E1,-8.314759369E0,-1.860780487E0,7.559280396E-2
5.441592867E1,-8.403375092E0,-2.113155670E0,2.044747925E-1
5.442596867E1,-8.431965637E0,-2.328408051E0,4.117936707E-1
5.443600867E1,-8.311915283E0,-2.394570465E0,6.361770630E-1
5.444604867E1,-8.116421814E0,-2.248324585E0,8.101153564E-1
5.445608867E1,-8.002209320E0,-1.976938934E0,8.982820129E-1
5.446612967E1,-7.951614532E0,-1.701062622E0,9.126521301E-1
5.447616967E1,-8.036787415E0,-1.501377869E0,7.360194397E-1
5.448620967E1,-8.274493103E0,-1.297950897E0,6.819818115E-1
5.449624967E1,-8.680149536E0,-1.063238983E0,5.403762817E-1
5.450628967E1,-9.412726135E0,-9.235794067E-1,3.137475586E-1
5.451633067E1,-1.049617310E1,-1.161734161E0,-2.260299683E-2
5.452637067E1,-1.137155273E1,-1.444945221E0,-5.301974487E-1
5.453641067E1,-1.188693100E1,-1.695973206E0,-9.942324829E-1
5.454645067E1,-1.224004669E1,-1.847607880E0,-1.027463379E0
5.455649067E1,-1.269749542E1,-1.730251923E0,-4.793032837E-1
5.456653067E1,-1.311542633E1,-1.159638519E0,5.126838684E-1
5.457657167E1,-1.343755646E1,-4.605921936E-1,1.461710358E0
5.458661167E1,-1.365161133E1,3.210823059E-1,2.026336212E0
5.459665167E1,-1.377315857E1,1.266366577E0,2.073937225E0
5.460669167E1,-1.334609665E1,2.015708313E0,1.939516754E0
5.461673167E1,-1.217388428E1,1.992805939E0,7.183561707E-1
5.462677267E1,-1.149759064E1,7.544311523E-1,-9.970765686E-1
5.463681267E1,-1.210098587E1,-1.128952332E0,-1.571581879E0
5.464685267E1,-1.293714706E1,-2.462828522E0,-1.755100250E0
5.465689267E1,-1.307381287E1,-3.093616791E0,-2.703677673E0
5.466693267E1,-1.245724503E1,-3.670666809E0,-4.129013672E0
5.467697267E1,-1.136017639E1,-3.993395691E0,-5.306165771E0
5.468701367E1,-1.027867538E1,-3.780238953E0,-5.636079712E0
5.469705367E1,-9.560319214E0,-3.202440491E0,-5.564977570E0
5.470709367E1,-9.354646912E0,-2.414179688E0,-5.173990631E0
5.471713367E1,-9.407487030E0,-1.319655762E0,-4.349654846E0
5.472717367E1,-9.395811310E0,-8.532257080E-2,-3.535048828E0
5.473721467E1,-8.913065186E0,7.539820862E-1,-2.762804718E0
5.474725467E1,-8.618028717E0,1.116079102E0,-1.921703796E0
5.475729467E1,-8.959169312E0,1.280886383E0,-1.132844238E0
5.476733467E1,-9.666897583E0,1.161883850E0,-5.152285767E-1
5.477737467E1,-1.046324158E1,6.707551575E-1,-2.499801636E-2
5.478741467E1,-1.125883713E1,-5.628295898E-2,1.929487610E-1
5.479745567E1,-1.185609512E1,-7.547305298E-1,-1.502874756E-1
5.480749567E1,-1.214723969E1,-1.225651245E0,-8.201445007E-1
5.481753567E1,-1.188752975E1,-1.444645844E0,-1.563498688E0
5.482757567E1,-1.111363907E1,-1.517244873E0,-2.170935516E0
5.483761567E1,-1.008901978E1,-1.529669037E0,-2.466421051E0
5.484765567E1,-9.067693634E0,-1.410816193E0,-2.479443970E0
5.485769667E1,-8.303532715E0,-1.204545135E0,-2.257455597E0
5.486773667E1,-7.664661255E0,-1.040037231E0,-1.745969238E0
5.487777667E1,-7.128326569E0,-8.583151245E-1,-1.137933655E0
5.488781667E1,-6.559958496E0,-6.026467896E-1,-6.143225098E-1
5.489785679E1,-6.032455444E0,-4.207749939E-1,-1.754351807E-1
5.490789779E1,-5.640869751E0,-2.514770508E-1,2.591111755E-1
5.491793779E1,-5.401068420E0,-1.802252197E-1,4.206253052E-1
5.492797779E1,-5.446573792E0,-2.185455322E-1,4.195774841E-1
5.493801779E1,-5.873336334E0,-2.905458069E-1,2.742297363E-1
5.494805779E1,-6.416107635E0,-3.525169373E-1,-3.577560425E-2
5.495809779E1,-6.979386292E0,-4.128414917E-1,-3.583547974E-1
5.496813879E1,-7.537725220E0,-4.128414917E-1,-6.429130554E-1
5.497817879E1,-7.932454376E0,-3.423381042E-1,-8.663983154E-1
5.498821879E1,-8.325536957E0,-3.814068604E-1,-8.478369141E-1
5.499825879E1,-8.547525330E0,-3.655398560E-1,-7.987390137E-1
5.500829879E1,-8.684640198E0,-1.865121460E-1,-6.222560120E-1
5.501833979E1,-8.872948608E0,5.059478760E-2,-3.132984924E-1
5.502837979E1,-8.840765533E0,3.180885315E-1,-1.347198486E-3
5.503841979E1,-8.725205841E0,4.547543335E-1,4.011657715E-1
5.504845979E1,-8.567583618E0,4.465214539E-1,6.831793213E-1
5.505849979E1,-8.471483459E0,3.553610229E-1,1.069226532E0
5.506853979E1,-8.308771820E0,2.857557678E-1,1.317111053E0
5.507858079E1,-8.373736725E0,2.338137817E-1,1.430874481E0
5.508862079E1,-8.341254272E0,2.909948730E-1,1.116079102E0
5.509866079E1,-8.440797272E0,2.513273621E-1,9.563612366E-1
5.510870079E1,-8.665030975E0,-8.981323242E-4,7.319778442E-1
5.511874079E1,-9.059909821E0,-3.125500488E-1,1.559756470E-1
5.512878179E1,-9.827962646E0,-5.920188904E-1,-6.207591248E-1
5.513882179E1,-1.097697327E1,-9.621990967E-1,-1.001118164E0
5.514886179E1,-1.242386444E1,-1.253044281E0,-3.320095825E-1
5.515890179E1,-1.370190674E1,-1.402733002E0,1.042132874E0
5.516894179E1,-1.462368988E1,-1.649270325E0,2.466271362E0
5.517898179E1,-1.514760040E1,-2.109114075E0,3.097808075E0
5.518902279E1,-1.534713547E1,-2.620301056E0,2.718197479E0
5.519906279E1,-1.536629562E1,-3.353476410E0,1.832788696E0
5.520910279E1,-1.511496826E1,-4.246219940E0,7.759863281E-1
5.521914279E1,-1.444017151E1,-4.480183411E0,-2.781216431E-1
5.522918279E1,-1.340312805E1,-2.948418732E0,-1.039288788E0
5.523922379E1,-1.284419037E1,-7.384144592E-1,-1.809287567E0
5.524926379E1,-1.264016464E1,8.102650452E-1,-3.285517731E0
5.525930379E1,-1.251427643E1,1.637295227E0,-5.120402069E0
5.526934379E1,-1.220921082E1,1.933678894E0,-6.264772339E0
5.527938379E1,-1.149160309E1,1.634301453E0,-6.358178101E0
5.528942379E1,-1.060260178E1,1.103205872E0,-5.742957458E0
5.529946479E1,-9.866881714E0,4.906796265E-1,-4.681365051E0
5.530950479E1,-9.279054108E0,-1.709445190E-1,-3.531007233E0
5.531954479E1,-8.485554199E0,-7.641609192E-1,-2.937341766E0
5.532958479E1,-7.717201996E0,-1.422641602E0,-2.566413116E0
5.533962479E1,-7.255412292E0,-2.022593994E0,-2.251917114E0
5.534966479E1,-7.200626221E0,-2.502496033E0,-1.625020752E0
5.535970579E1,-7.592062225E0,-2.786156158E0,-9.238787842E-1
5.536974579E1,-8.201445007E0,-2.674787750E0,-4.337979126E-1
5.537978579E1,-8.754993896E0,-2.082768860E0,-9.325607300E-2
5.538982579E1,-9.185498657E0,-1.053808594E0,-1.302291870E-2
5.539986579E1,-9.478140106E0,9.639953613E-2,-2.713856506E-1
5.540990679E1,-9.710457001E0,8.629554749E-1,-8.192463684E-1
5.541994679E1,-9.894574127E0,1.211131439E0,-1.392703857E0
5.542998679E1,-1.001866608E1,1.328038330E0,-1.845961304E0
5.544002679E1,-9.951156464E0,1.254391479E0,-2.108814697E0
5.545006679E1,-9.749525757E0,1.055305481E0,-2.152972870E0
5.546010679E1,-9.351353760E0,7.289840698E-1,-2.083367615E0
5.547014779E1,-8.775201874E0,3.236270142E-1,-1.997146912E0
5.548018779E1,-8.324040070E0,-7.484436035E-2,-1.796414337E0
5.549022779E1,-8.020321655E0,-4.034111023E-1,-1.553918610E0
5.550026779E1,-7.730524292E0,-7.159611511E-1,-1.201701050E0
5.551030779E1,-7.497608643E0,-1.045276337E0,-7.568261719E-1
5.552034879E1,-7.275620270E0,-1.406475220E0,-2.408491516E-1
5.553038879E1,-7.116650848E0,-1.744172974E0,2.032772827E-1
5.554042879E1,-7.020850067E0,-1.965263214E0,5.662724304E-1
5.555046879E1,-6.954088898E0,-2.034718781E0,7.243437195E-1
5.556050879E1,-6.978787537E0,-1.977238312E0,7.222480774E-1
5.557054879E1,-7.118297424E0,-1.857637024E0,5.881269836E-1
5.558058979E1,-7.380552063E0,-1.690285034E0,4.107458496E-1
5.559062979E1,-7.637268219E0,-1.525028687E0,2.311193848E-1
5.560066979E1,-7.898025970E0,-1.434317322E0,1.477427673E-1
5.561070979E1,-8.083340607E0,-1.366358643E0,1.862127686E-1
5.562074979E1,-8.222850494E0,-1.304387512E0,3.522175598E-1
5.563079079E1,-8.286917267E0,-1.248254242E0,5.773493958E-1
5.564083079E1,-8.278983765E0,-1.153800659E0,7.692503357E-1
5.565087079E1,-8.245603180E0,-1.023421783E0,8.536747742E-1
5.566091079E1,-8.119415588E0,-8.952882385E-1,8.574169922E-1
5.567095079E1,-8.027357025E0,-7.496411133E-1,7.694000244E-1
5.568099079E1,-8.151448975E0,-5.295986938E-1,6.252497864E-1
5.569103179E1,-8.627908173E0,-3.838018799E-1,2.606080627E-1
5.570107179E1,-9.423952789E0,-4.111949158E-1,-3.568579102E-1
5.571111179E1,-1.028226791E1,-6.301895142E-1,-9.816586304E-1
5.572115179E1,-1.115465378E1,-9.150471497E-1,-1.247655487E0
5.573119179E1,-1.216250793E1,-1.333127747E0,-1.003363495E0
5.574123279E1,-1.322185501E1,-1.604513397E0,-4.129911804E-1
5.575127279E1,-1.404903488E1,-1.557660828E0,3.474275208E-1
5.576131279E1,-1.447205521E1,-1.298998718E0,8.660989380E-1
5.577135279E1,-1.465392700E1,-8.749305725E-1,1.325942688E0
5.578139279E1,-1.453327789E1,-3.671864319E-1,1.430575104E0
5.579143279E1,-1.370115829E1,2.245330811E-1,2.888992310E-1
5.580147379E1,-1.231474136E1,5.017565918E-1,-1.220561829E0
5.581151379E1,-1.133263367E1,4.445755005E-2,-1.826501770E0
5.582155379E1,-1.124237137E1,-7.210505676E-1,-1.915716248E0
5.583159379E1,-1.152288803E1,-1.162482605E0,-2.351310425E0
5.584163379E1,-1.166060165E1,-1.496587830E0,-3.235671387E0
5.585167479E1,-1.122755219E1,-1.611997833E0,-4.406835938E0
5.586171479E1,-1.067385361E1,-1.572030945E0,-4.933889923E0
5.587175479E1,-1.000309845E1,-1.311722260E0,-5.034331055E0
5.588179479E1,-9.547445984E0,-7.075785828E-1,-5.064867554E0
5.589183504E1,-9.437873840E0,1.969903564E-1,-4.934039612E0
5.590187504E1,-9.531728668E0,1.053808594E0,-4.214485931E0
5.591191604E1,-9.513466644E0,1.720522156E0,-3.378773804E0
5.592195604E1,-9.441017303E0,2.104024658E0,-2.664908295E0
5.593199604E1,-9.654174042E0,2.165846100E0,-2.035467224E0
5.594203604E1,-1.003318588E1,1.848056946E0,-1.598825226E0
5.595207604E1,-1.045815216E1,1.102158051E0,-1.247954865E0
5.596211704E1,-1.080722626E1,1.023870850E-1,-1.042581940E0
5.597215704E1,-1.098026642E1,-8.666976929E-1,-1.026116180E0
5.598219704E1,-1.095586716E1,-1.594484253E0,-1.105151825E0
5.599223704E1,-1.081755478E1,-2.080673218E0,-1.302591248E0
5.600227704E1,-1.047551605E1,-2.380649414E0,-1.667831726E0
5.601231704E1,-9.809401245E0,-2.415227509E0,-1.983525238E0
5.602235804E1,-8.933722229E0,-2.224673767E0,-2.155816956E0
5.603239804E1,-8.099956055E0,-1.815724182E0,-2.083816681E0
5.604243804E1,-7.388784943E0,-1.358425140E0,-1.794618073E0
5.605247804E1,-6.807244263E0,-9.187893677E-1,-1.361568604E0
5.606251804E1,-6.306086426E0,-5.153782654E-1,-8.863069153E-1
5.607255904E1,-5.907465363E0,-1.848655701E-1,-4.429289246E-1
5.608259904E1,-5.637426910E0,1.531315613E-1,-2.769241333E-2
5.609263904E1,-5.454058228E0,4.930746460E-1,1.628613281E-1
5.610267904E1,-5.587131500E0,7.312294006E-1,3.079096985E-1
5.611271904E1,-5.898783417E0,8.593629456E-1,3.893403625E-1
5.612275904E1,-6.294710083E0,8.038284302E-1,3.344046021E-1
5.613280004E1,-6.813082123E0,6.173162842E-1,2.136058044E-1
5.614284004E1,-7.377558289E0,4.614903259E-1,-7.424560547E-2
5.615288004E1,-7.806117096E0,2.884501648E-1,-3.270698547E-1
5.616292004E1,-8.095465393E0,7.185058594E-3,-3.706292725E-1
5.617296004E1,-8.423283691E0,-2.510279846E-1,-4.442761230E-1
5.618300004E1,-8.802744598E0,-4.210743713E-1,-4.391867065E-1
5.619304104E1,-9.072783051E0,-3.478765869E-1,-3.855981445E-1
5.620308104E1,-9.306447144E0,-2.776725769E-1,-3.264710999E-1
5.621312104E1,-9.487121429E0,-3.375480652E-1,-2.454895020E-1
5.622316104E1,-9.753118286E0,-5.385800171E-1,-6.526428223E-2
5.623320104E1,-1.011701157E1,-8.605604553E-1,1.812730408E-1
5.624324204E1,-1.064047302E1,-1.177301788E0,2.088157654E-1
5.625328204E1,-1.115300720E1,-1.505269775E0,5.553451538E-2
5.626332204E1,-1.162078445E1,-1.923649750E0,-9.909393311E-2
5.627336204E1,-1.218630844E1,-2.497705994E0,-3.068618774E-1
5.628340204E1,-1.284314255E1,-3.165617065E0,-4.540058899E-1
5.629344204E1,-1.327005478E1,-3.696712646E0,-4.912783813E-1
5.630348304E1,-1.325837906E1,-4.010160828E0,-5.447172546E-1
5.631352304E1,-1.308459045E1,-3.786825256E0,-9.069639587E-1
5.632356304E1,-1.325493622E1,-2.647843781E0,-1.541195068E0
5.633360304E1,-1.360535751E1,-1.022673340E0,-2.321073303E0
5.634364304E1,-1.402942566E1,3.243754578E-1,-3.335364075E0
5.635368404E1,-1.441068283E1,1.567839661E0,-4.843627625E0
5.636372404E1,-1.433538940E1,2.571951599E0,-6.220464478E0
5.637376404E1,-1.352871689E1,3.035986633E0,-6.556964722E0
5.638380404E1,-1.208526855E1,2.936743011E0,-6.251599731E0
5.639384404E1,-1.053733749E1,2.280657349E0,-5.814508667E0
5.640388504E1,-9.056167603E0,1.309476929E0,-5.352569275E0
5.641392504E1,-7.795938263E0,2.145039368E-1,-5.017416229E0
5.642396504E1,-6.894063721E0,-8.402027893E-1,-4.831053772E0
5.643400504E1,-6.885980530E0,-1.610800323E0,-4.573738861E0
5.644404504E1,-7.490124207E0,-2.137854309E0,-4.228257294E0
5.645408504E1,-8.480764160E0,-2.350112915E0,-3.698508911E0
5.646412604E1,-9.530531158E0,-2.037562866E0,-3.007994843E0
5.647416604E1,-1.044782364E1,-1.136137390E0,-2.403851166E0
5.648420604E1,-1.122860001E1,4.326004028E-2,-2.290087738E0
5.649424604E1,-1.158770325E1,1.137035522E0,-2.634970551E0
5.650428604E1,-1.159488831E1,1.841770020E0,-3.090323639E0
5.651432704E1,-1.141511215E1,2.189347229E0,-3.540287933E0
5.652436704E1,-1.103370529E1,2.268682251E0,-3.705843658E0
5.653440704E1,-1.042671753E1,2.244582367E0,-3.709735565E0
5.654444704E1,-9.834099884E0,2.032323761E0,-3.532354431E0
5.655448704E1,-9.205107880E0,1.784139862E0,-3.378474426E0
5.656452704E1,-8.453969879E0,1.288071442E0,-3.249891815E0
5.657456804E1,-7.924969940E0,4.228706360E-1,-3.097808075E0
5.658460804E1,-7.556286621E0,-3.534150696E-1,-3.031795349E0
5.659464804E1,-7.361990662E0,-9.927355957E-1,-2.933449860E0
5.660468804E1,-7.152127075E0,-1.438358917E0,-2.881657562E0
5.661472804E1,-6.999893646E0,-1.837279358E0,-2.828817444E0
5.662476804E1,-6.877597961E0,-2.108665009E0,-2.776426392E0
5.663480904E1,-6.899751892E0,-2.224075012E0,-2.649789734E0
5.664484904E1,-7.073690186E0,-2.294578400E0,-2.442021790E0
5.665488904E1,-7.419471130E0,-2.270328827E0,-2.251318359E0
5.666492904E1,-7.962841187E0,-2.240690460E0,-2.048939209E0
5.667496904E1,-8.480764160E0,-2.190245361E0,-1.850002899E0
5.668501004E1,-8.857680359E0,-2.050436096E0,-1.675765228E0
5.669505004E1,-9.140741730E0,-1.880240021E0,-1.533411255E0
5.670509004E1,-9.302405548E0,-1.731599121E0,-1.455573120E0
5.671513004E1,-9.284143524E0,-1.690285034E0,-1.278940430E0
5.672517004E1,-9.163793793E0,-1.790875854E0,-1.038989410E0
5.673521004E1,-9.042994995E0,-1.995051270E0,-7.854167175E-1
5.674525104E1,-8.909322968E0,-2.230361938E0,-5.801934814E-1
5.675529104E1,-8.687933350E0,-2.369422760E0,-3.649411011E-1
5.676533104E1,-8.441096649E0,-2.404749298E0,-1.203497314E-1
5.677537104E1,-8.258027344E0,-2.331701202E0,1.392105103E-1
5.678541104E1,-8.086334381E0,-1.998194733E0,3.582051086E-1
5.679545204E1,-7.840096436E0,-1.537901917E0,4.995112610E-1
5.680549204E1,-7.643405457E0,-1.101409607E0,6.650669861E-1
5.681553204E1,-7.601791992E0,-7.282356262E-1,8.102650452E-1
5.682557204E1,-7.627837830E0,-4.457730103E-1,9.099577332E-1
5.683561204E1,-7.797884216E0,-3.594026184E-1,8.951385498E-1
5.684565204E1,-8.126900024E0,-5.098397827E-1,8.996292114E-1
5.685569304E1,-8.628207550E0,-7.171586609E-1,8.258326721E-1
5.686573304E1,-9.247769165E0,-9.349557495E-1,6.988966370E-1
5.687577304E1,-9.953102417E0,-1.131946106E0,5.047503662E-1
5.688581304E1,-1.071187454E1,-1.212628326E0,1.746867371E-1
5.689585225E1,-1.133338211E1,-1.088237000E0,-2.496807861E-1
5.690589225E1,-1.168859344E1,-9.777667236E-1,-5.162763977E-1
5.691593325E1,-1.199021622E1,-9.744735718E-1,-4.152365112E-1
5.692597325E1,-1.234288284E1,-9.351054382E-1,1.122665405E-1
5.693601325E1,-1.262968643E1,-7.801776123E-1,9.292675781E-1
5.694605325E1,-1.273656418E1,-4.330494690E-1,1.831142120E0
5.695609325E1,-1.291364594E1,-4.939727783E-3,2.597248993E0
5.696613425E1,-1.321526871E1,5.171745300E-1,3.046464844E0
5.697617425E1,-1.340776840E1,9.303153992E-1,3.065475311E0
5.698621425E1,-1.311557602E1,9.623487854E-1,2.492317200E0
5.699625425E1,-1.256412277E1,7.765850830E-1,1.196312256E0
5.700629425E1,-1.231249603E1,4.261637878E-1,-2.649490356E-1
5.701633425E1,-1.264330811E1,-2.631527710E-1,-1.154549103E0
5.702637525E1,-1.302037399E1,-9.217831421E-1,-1.987716522E0
5.703641525E1,-1.293550049E1,-1.367256775E0,-3.324586487E0
5.704645525E1,-1.234318222E1,-1.838476868E0,-4.883295135E0
5.705649525E1,-1.137768997E1,-2.274520111E0,-6.163133698E0
5.706653525E1,-1.028017227E1,-2.331850891E0,-6.798712006E0
5.707657525E1,-9.101373596E0,-2.076631622E0,-6.565796356E0
5.708661625E1,-8.168513489E0,-1.702858887E0,-5.400619354E0
5.709665625E1,-7.769593048E0,-1.047371979E0,-4.190086670E0
5.710669625E1,-7.699089661E0,-1.181044006E-1,-3.037932587E0
5.711673625E1,-7.666457520E0,7.309300232E-1,-1.847907257E0
5.712677625E1,-7.777077484E0,1.297501831E0,-7.662565613E-1
5.713681725E1,-8.212971039E0,1.580263824E0,5.403762817E-2
5.714685725E1,-8.980874176E0,1.484612732E0,4.978646851E-1
5.715689725E1,-9.883946228E0,9.355545044E-1,5.539979553E-1
5.716693725E1,-1.071741302E1,3.727249146E-2,2.356100464E-1
5.717697725E1,-1.146316223E1,-8.524772644E-1,-5.426216125E-1
5.718701725E1,-1.198916840E1,-1.506616974E0,-1.447040863E0
5.719705825E1,-1.231084946E1,-1.994153137E0,-2.180216217E0
5.720709825E1,-1.215397568E1,-2.246827698E0,-2.849175110E0
5.721713825E1,-1.138891663E1,-2.219584351E0,-3.203039246E0
5.722717825E1,-1.030816406E1,-1.901346130E0,-3.152145081E0
5.723721825E1,-9.311985626E0,-1.466799774E0,-2.694247284E0
5.724725825E1,-8.285270691E0,-9.316625977E-1,-2.083517303E0
5.725729925E1,-7.379204865E0,-3.537144470E-1,-1.433568878E0
5.726733925E1,-6.619684296E0,1.983375549E-1,-7.249424744E-1
5.727737925E1,-5.899831238E0,7.393125916E-1,-1.404080200E-1
5.728741925E1,-5.409151611E0,1.117875366E0,3.537144470E-1
5.729745925E1,-5.080734558E0,1.454225922E0,5.792953491E-1
5.730750025E1,-4.996160431E0,1.638792114E0,5.025050354E-1
5.731754025E1,-5.276228027E0,1.585802307E0,4.207749939E-1
5.732758025E1,-5.768703918E0,1.425635376E0,5.882766724E-2
5.733762025E1,-6.480174408E0,1.134341125E0,-2.481838989E-1
5.734766025E1,-7.226372681E0,8.396040344E-1,-5.257067871E-1
5.735770025E1,-7.898175659E0,5.430706787E-1,-7.952961731E-1
5.736774125E1,-8.580606537E0,2.921923828E-1,-8.830137634E-1
5.737778125E1,-8.972491608E0,1.939965820E-1,-1.042581940E0
5.738782125E1,-9.235195312E0,1.091230774E-1,-1.042282562E0
5.739786125E1,-9.351204071E0,1.761836243E-1,-9.327104187E-1
5.740790125E1,-9.348509674E0,3.303630066E-1,-7.039860535E-1
5.741794125E1,-9.267528076E0,4.529580688E-1,-4.132905579E-1
5.742798225E1,-9.068891144E0,5.393284607E-1,-1.465452576E-1
5.743802225E1,-8.771908722E0,5.679190063E-1,9.235794067E-2
5.744806225E1,-8.426427155E0,5.442681885E-1,3.236270142E-1
5.745810225E1,-8.189170532E0,3.574566650E-1,7.144642639E-1
5.746814225E1,-8.166118469E0,1.303788757E-1,1.066981201E0
5.747818325E1,-8.380323029E0,-1.468446350E-1,1.177900543E0
5.748822325E1,-8.822952576E0,-4.469705200E-1,9.834548950E-1
5.749826325E1,-9.501042480E0,-7.982899475E-1,3.686833191E-1
5.750830325E1,-1.051683014E1,-1.300944672E0,-3.722758484E-1
5.751834325E1,-1.157003998E1,-1.518143005E0,-9.011260986E-1
5.752838325E1,-1.264255966E1,-1.596130829E0,-8.217910767E-1
5.753842425E1,-1.369532043E1,-1.681154022E0,-1.425036621E-1
5.754846425E1,-1.462533646E1,-1.783241730E0,7.527845764E-1
5.755850425E1,-1.522977951E1,-1.852846985E0,1.616189117E0
5.756854425E1,-1.504880585E1,-1.951192474E0,1.946701813E0
5.757858425E1,-1.455677902E1,-1.863325195E0,1.583556976E0
5.758862425E1,-1.415980453E1,-1.378932495E0,9.511221313E-1
5.759866525E1,-1.356958191E1,-1.246008911E0,2.106120300E-1
5.760870525E1,-1.295525940E1,-1.081501007E0,-9.096583557E-1
5.761874525E1,-1.267055145E1,-5.074447632E-2,-1.542392578E0
5.762878525E1,-1.243748611E1,1.202299805E0,-2.337389374E0
5.763882525E1,-1.219648727E1,1.959425354E0,-3.798351288E0
5.764886525E1,-1.194111832E1,2.204914856E0,-5.284610596E0
5.765890625E1,-1.121752304E1,1.801503754E0,-6.041736145E0
5.766894625E1,-1.028511200E1,1.177451477E0,-5.955515442E0
5.767898625E1,-9.592352600E0,6.544390869E-1,-5.397625580E0
5.768902625E1,-9.276958466E0,2.993774414E-3,-4.708907776E0
5.769906625E1,-9.064550171E0,-8.261320496E-1,-3.982917480E0
5.770910625E1,-8.808732147E0,-1.567240906E0,-3.398981781E0
5.771914725E1,-8.458759918E0,-2.151026917E0,-2.915487213E0
5.772918725E1,-8.454718323E0,-2.767744446E0,-2.255809021E0
5.773922725E1,-9.016649780E0,-3.231480103E0,-1.576671295E0
5.774926725E1,-9.808652802E0,-3.140918427E0,-1.035995636E0
5.775930725E1,-1.048898804E1,-2.437381439E0,-6.001020813E-1
5.776934825E1,-1.089419540E1,-1.267115021E0,-3.953279114E-1
5.777938825E1,-1.094314362E1,3.113525391E-2,-5.493576050E-1
5.778942825E1,-1.084928879E1,1.025966492E0,-9.463320923E-1
5.779946825E1,-1.079390396E1,1.694775696E0,-1.469643860E0
5.780950825E1,-1.066547104E1,1.985920258E0,-1.871408386E0
5.781954825E1,-1.031355286E1,1.941013641E0,-2.077829132E0
5.782958925E1,-9.651329956E0,1.589843903E0,-2.100432129E0
5.783962925E1,-8.805289307E0,1.027313690E0,-1.908082123E0
5.784966925E1,-7.978109436E0,4.391867065E-1,-1.667083282E0
5.785970925E1,-7.320526886E0,-1.002914429E-1,-1.348096619E0
5.786974925E1,-6.790479126E0,-5.141807556E-1,-9.193881226E-1
5.787978925E1,-6.246510315E0,-8.484356689E-1,-4.906796265E-1
5.788983129E1,-5.788313141E0,-1.056802368E0,-9.086105347E-2
5.789987129E1,-5.521268463E0,-1.202299805E0,2.725831604E-1
5.790991129E1,-5.464536438E0,-1.264270935E0,5.545967102E-1
5.791995129E1,-5.562881927E0,-1.246907043E0,6.647676086E-1
5.792999129E1,-5.753136292E0,-1.207688599E0,6.536906433E-1
5.794003129E1,-6.080206146E0,-1.184187469E0,5.878276062E-1
5.795007229E1,-6.599925385E0,-1.201850739E0,5.366340637E-1
5.796011229E1,-7.236850891E0,-1.240769806E0,5.424719238E-1
5.797015229E1,-7.765102386E0,-1.230291595E0,5.596861267E-1
5.798019229E1,-8.077652435E0,-1.207688599E0,6.502478027E-1
5.799023229E1,-8.194259949E0,-1.237776031E0,8.509803772E-1
5.800027229E1,-8.159382477E0,-1.403331757E0,1.084644470E0
5.801031329E1,-8.139324188E0,-1.615889740E0,1.336121521E0
5.802035329E1,-8.119714966E0,-1.710642700E0,1.602717133E0
5.803039329E1,-8.073311462E0,-1.825753326E0,1.606758728E0
5.804043329E1,-8.012687531E0,-1.940564575E0,1.476230164E0
5.805047329E1,-8.040978699E0,-2.108365631E0,1.446741486E0
5.806051329E1,-8.315956879E0,-2.244133301E0,1.122366028E0
5.807055429E1,-9.147777100E0,-2.321372681E0,6.836283875E-1
5.808059429E1,-1.047955765E1,-2.249971161E0,3.586541748E-1
5.809063429E1,-1.165236877E1,-1.960622864E0,-1.859133911E-1
5.810067429E1,-1.243778549E1,-1.848955078E0,-7.147636414E-1
5.811071429E1,-1.296888107E1,-1.836231537E0,-5.577401733E-1
5.812075529E1,-1.352871689E1,-1.388362885E0,3.100053406E-1
5.813079529E1,-1.394380371E1,-4.067042542E-1,1.120120697E0
5.814083529E1,-1.394290558E1,7.713459778E-1,1.696272583E0
5.815087529E1,-1.383857254E1,1.924697571E0,2.096989288E0
5.816091529E1,-1.376672195E1,2.893482971E0,2.293530579E0
5.817095529E1,-1.308294388E1,3.407514038E0,1.819765778E0
5.818099629E1,-1.200099380E1,3.116668854E0,6.361770630E-1
5.819103629E1,-1.145522873E1,1.471889191E0,-4.044589233E-1
5.820107629E1,-1.214604218E1,-7.153623962E-1,-1.122665405E0
5.821111629E1,-1.289433609E1,-2.110012207E0,-1.738933868E0
5.822115629E1,-1.312036606E1,-3.213367767E0,-2.585273895E0
5.823119629E1,-1.281889297E1,-4.030817871E0,-3.350632324E0
5.824123729E1,-1.203497314E1,-4.454137573E0,-4.022584991E0
5.825127729E1,-1.114791779E1,-4.553530884E0,-4.718936920E0
5.826131729E1,-1.056877213E1,-4.136049042E0,-5.292843475E0
5.827135729E1,-1.027538223E1,-2.834505615E0,-4.913681946E0
5.828139729E1,-9.945767670E0,-1.322649536E0,-3.497476959E0
5.829143729E1,-9.518705750E0,-1.339714050E-1,-2.372266846E0
5.830147829E1,-8.994046783E0,8.454418945E-1,-1.373394012E0
5.831151829E1,-8.579858093E0,1.395997009E0,-4.680766296E-1
5.832155829E1,-8.442892914E0,1.450633392E0,1.429527283E-1
5.833159829E1,-8.810378723E0,1.158291321E0,5.402265930E-1
5.834163829E1,-9.368567963E0,6.533912659E-1,6.236032104E-1
5.835167829E1,-9.842332764E0,-1.197509766E-2,2.588117981E-1
5.836171929E1,-1.010608429E1,-6.475534058E-1,-3.085084534E-1
5.837175929E1,-1.012958542E1,-1.107097778E0,-8.596623230E-1
5.838179929E1,-1.006491989E1,-1.401535492E0,-1.396296387E0
5.839183929E1,-9.809550934E0,-1.431922302E0,-1.959724731E0
5.840187929E1,-9.392218781E0,-1.372944946E0,-2.206262054E0
5.841191929E1,-8.893905029E0,-1.214274902E0,-2.142494659E0
5.842196029E1,-8.411607971E0,-9.515711975E-1,-1.731299744E0
5.843200029E1,-7.888894958E0,-5.632786560E-1,-1.226250000E0
5.844204029E1,-7.391778717E0,-1.601669312E-1,-7.038363647E-1
5.845208029E1,-6.900051270E0,2.639012146E-1,-2.427951050E-1
5.846212029E1,-6.455475769E0,6.364764404E-1,1.930984497E-1
5.847216029E1,-6.067033539E0,9.482780457E-1,3.953279114E-1
5.848220129E1,-5.891149292E0,1.077758789E0,4.755610657E-1
5.849224129E1,-5.948031006E0,1.011895752E0,4.851411438E-1
5.850228129E1,-6.201454010E0,8.788224792E-1,3.359014893E-1
5.851232129E1,-6.592740326E0,6.626719666E-1,1.047821045E-1
5.852236129E1,-7.053931274E0,3.864962769E-1,-1.272354126E-1
5.853240129E1,-7.561376038E0,1.396595764E-1,-3.245251465E-1
5.854244229E1,-7.927664337E0,-1.122665405E-2,-5.394781494E-1
5.855248229E1,-8.294102325E0,-1.447489929E-1,-5.090913391E-1
5.856252229E1,-8.537047119E0,-1.444496155E-1,-4.716691589E-1
5.857256229E1,-8.728948059E0,-2.335144043E-2,-3.058140564E-1
5.858260229E1,-8.794062653E0,2.653981018E-1,-1.392105103E-2
5.859264229E1,-8.759035492E0,5.107379150E-1,3.100053406E-1
5.860268329E1,-8.672515411E0,6.631210327E-1,7.237449646E-1
5.861272329E1,-8.628057861E0,7.696994019E-1,1.055155792E0
5.862276329E1,-8.568182373E0,8.237370300E-1,1.242117004E0
5.863280329E1,-8.529862061E0,7.848179626E-1,1.285975800E0
5.864284329E1,-8.652756500E0,6.236032104E-1,9.635462952E-1
5.865288329E1,-9.091494141E0,3.736230469E-1,6.030958557E-1
5.866292429E1,-9.816735992E0,1.377136230E-2,6.391708374E-2
5.867296429E1,-1.058389069E1,-1.065783691E-1,-9.740245056E-1
5.868300429E1,-1.135808075E1,-2.095642090E-3,-1.791175232E0
5.869304429E1,-1.242042160E1,-6.346801758E-2,-1.509610748E0
5.870308429E1,-1.366568207E1,-3.284170532E-1,-1.377136230E-1
5.871312429E1,-1.456650879E1,-5.834866333E-1,1.096469879E0
5.872316529E1,-1.518771698E1,-9.571096802E-1,1.738335114E0
5.873320529E1,-1.571447159E1,-1.540746002E0,1.693578186E0
5.874324529E1,-1.586790253E1,-2.477797394E0,1.024170227E0
5.875328529E1,-1.556508224E1,-3.654350739E0,1.050814819E-1
5.876332529E1,-1.480571136E1,-4.170028381E0,-6.869215393E-1
5.877336529E1,-1.384291351E1,-3.346890106E0,-1.171463928E0
5.878340629E1,-1.327559326E1,-1.604363708E0,-1.732796631E0
5.879344629E1,-1.290256897E1,-4.730163574E-2,-2.499502258E0
5.880348629E1,-1.222088654E1,8.913963318E-1,-3.585942993E0
5.881352629E1,-1.153097122E1,1.336420898E0,-4.356390839E0
5.882356629E1,-1.068403244E1,1.344204712E0,-4.584965515E0
5.883360629E1,-9.675878906E0,1.095721436E0,-4.473297729E0
5.884364729E1,-8.693771210E0,6.902146912E-1,-4.047283630E0
5.885368729E1,-7.861202545E0,1.580712891E-1,-3.648961945E0
5.886372729E1,-7.241790619E0,-5.144801331E-1,-3.177143097E0
5.887376729E1,-6.756799164E0,-1.367705841E0,-2.840493164E0
5.888380729E1,-6.697821808E0,-2.242337036E0,-2.444117432E0
5.889384688E1,-7.433092804E0,-2.919828186E0,-1.902693329E0
5.890388787E1,-8.770561523E0,-3.275039520E0,-1.403032379E0
5.891392788E1,-1.003647903E1,-3.134481812E0,-1.053808594E0
5.892396788E1,-1.087892715E1,-2.440524902E0,-7.710466003E-1
5.893400788E1,-1.128727798E1,-1.323248291E0,-7.442523193E-1
5.894404788E1,-1.119626724E1,-1.362167358E-1,-1.035097504E0
5.895408788E1,-1.084809128E1,7.375163269E-1,-1.623224487E0
5.896412887E1,-1.041803558E1,1.314117279E0,-2.141147461E0
5.897416888E1,-9.937235413E0,1.678609314E0,-2.411185913E0
5.898420888E1,-9.433981934E0,1.794169006E0,-2.422861633E0
5.899424888E1,-8.983718262E0,1.593586121E0,-2.184557190E0
5.900428888E1,-8.635392609E0,1.022224274E0,-1.801204376E0
5.901432888E1,-8.204289093E0,2.330653381E-1,-1.430425415E0
5.902436988E1,-7.739505615E0,-5.435197449E-1,-1.158291321E0
5.903440988E1,-7.299420776E0,-1.214424591E0,-9.484277344E-1
5.904444988E1,-6.890471191E0,-1.836530914E0,-6.689588928E-1
5.905448988E1,-6.594237213E0,-2.344275055E0,-2.884501648E-1
5.906452988E1,-6.360124054E0,-2.670596466E0,9.954299927E-2
5.907456988E1,-6.186185760E0,-2.799478455E0,4.099974060E-1
5.908461088E1,-6.060447235E0,-2.744542694E0,5.749543762E-1
5.909465088E1,-6.081852722E0,-2.503543854E0,5.875282288E-1
5.910469088E1,-6.277346191E0,-2.177970886E0,5.510041809E-1
5.911473088E1,-6.648274841E0,-1.704355774E0,4.653822327E-1
5.912477088E1,-7.109316101E0,-1.260079651E0,3.855981445E-1
5.913481088E1,-7.579937439E0,-9.087602234E-1,2.814147949E-1
5.914485188E1,-8.046666870E0,-5.944139099E-1,2.160008240E-1
5.915489188E1,-8.363557892E0,-4.005670166E-1,1.823208618E-1
5.916493188E1,-8.534203033E0,-3.348536682E-1,1.948947144E-1
5.917497188E1,-8.575517120E0,-3.607498169E-1,2.975811768E-1
5.918501188E1,-8.523724823E0,-4.167333984E-1,4.643344116E-1
5.919505188E1,-8.431217194E0,-4.352947998E-1,5.460644531E-1
5.920509288E1,-8.274193726E0,-5.316943359E-1,5.186714172E-1
5.921513288E1,-8.184829559E0,-6.942562866E-1,4.604425049E-1
5.922517288E1,-8.267457733E0,-8.181985474E-1,1.727407837E-1
5.923521288E1,-8.875343628E0,-1.200353851E0,-2.038760376E-1
5.924525288E1,-9.922865295E0,-1.818867645E0,-7.487429810E-1
5.925529388E1,-1.103984253E1,-2.409988403E0,-1.348096619E0
5.926533388E1,-1.192884384E1,-2.991379395E0,-1.572030945E0
5.927537388E1,-1.254331604E1,-3.301085358E0,-1.062939606E0
5.928541388E1,-1.330957260E1,-2.836750946E0,-6.810836792E-2
5.929545388E1,-1.410831161E1,-1.763033752E0,8.357121277E-1
5.930549387E1,-1.453791824E1,-5.454656982E-1,1.694626007E0
5.931553488E1,-1.466814743E1,8.551716614E-1,2.173031158E0
5.932557488E1,-1.451621338E1,2.080074463E0,2.312091980E0
5.933561488E1,-1.329520248E1,3.035687256E0,1.440005493E0
5.934565488E1,-1.161434784E1,3.057691498E0,-3.171903992E-1
5.935569488E1,-1.085542603E1,1.784289551E0,-1.684147797E0
5.936573488E1,-1.161838943E1,6.840774536E-2,-2.076781311E0
5.937577587E1,-1.269510040E1,-9.476792908E-1,-2.333497467E0
5.938581588E1,-1.305719742E1,-1.640588379E0,-3.380869446E0
5.939585588E1,-1.239826767E1,-2.163900146E0,-4.867877197E0
5.940589588E1,-1.111139374E1,-2.503992920E0,-5.704637146E0
5.941593588E1,-9.836943970E0,-2.688259735E0,-5.812413025E0
5.942597588E1,-9.042695618E0,-2.569855957E0,-5.523813171E0
5.943601687E1,-9.034762115E0,-1.877096558E0,-4.758903809E0
5.944605688E1,-9.499844971E0,-6.685098267E-1,-3.596870270E0
5.945609688E1,-9.550888824E0,4.414320374E-1,-2.467169495E0
5.946613688E1,-9.210496674E0,1.018332367E0,-1.712438965E0
5.947617688E1,-8.998986511E0,1.102756805E0,-1.222956848E0
5.948621688E1,-9.283844147E0,9.298663330E-1,-9.098080444E-1
5.949625788E1,-9.862540741E0,4.144880676E-1,-8.524772644E-1
5.950629788E1,-1.046773224E1,-3.378474426E-1,-8.114625549E-1
5.951633788E1,-1.097517700E1,-1.265468445E0,-7.738906860E-1
5.952637788E1,-1.119551880E1,-2.038161621E0,-9.892927551E-1
5.953641788E1,-1.102726868E1,-2.443368988E0,-1.399290161E0
5.954645788E1,-1.053149963E1,-2.490221558E0,-1.815873871E0
5.955649888E1,-9.777966614E0,-2.150428162E0,-2.249971161E0
5.956653888E1,-8.929231567E0,-1.483265533E0,-2.429597626E0
5.957657888E1,-8.160430298E0,-7.339237976E-1,-2.359842682E0
5.958661888E1,-7.500452728E0,-5.733078003E-2,-2.058219910E0
5.959665888E1,-6.964417419E0,3.457809448E-1,-1.586999817E0
5.960669888E1,-6.548133087E0,6.614744568E-1,-1.112785950E0
5.961673988E1,-6.184389496E0,9.369017029E-1,-6.221063232E-1
5.962677988E1,-5.836363220E0,1.119372253E0,-3.126997375E-1
5.963681988E1,-5.647605743E0,1.176703033E0,-6.466552734E-2
5.964685988E1,-5.604794769E0,1.237776031E0,7.155120850E-2
5.965689988E1,-5.748196564E0,1.206790466E0,-1.796264648E-3
5.966694088E1,-6.150859222E0,9.485774231E-1,1.751358032E-2
5.967698088E1,-6.612648926E0,5.873785400E-1,-1.612147522E-1
5.968702088E1,-7.192093964E0,2.342628479E-1,-3.532653809E-1
5.969706088E1,-7.786358185E0,-3.023712158E-2,-4.575984192E-1
5.970710088E1,-8.305478668E0,-2.186952209E-1,-5.017565918E-1
5.971714088E1,-8.665779419E0,-2.198927307E-1,-4.775070190E-1
5.972718188E1,-8.841813354E0,-8.292755127E-2,-3.438349915E-1
5.973722188E1,-8.932375031E0,8.457412720E-2,-1.556762695E-1
5.974726188E1,-8.863817596E0,1.880090332E-1,6.780899048E-2
5.975730188E1,-8.684191132E0,2.098635864E-1,3.573069763E-1
5.976734188E1,-8.476123810E0,1.293310547E-1,6.836283875E-1
5.977738187E1,-8.351882172E0,-4.311035156E-2,1.070723419E0
5.978742288E1,-8.375233612E0,-2.975811768E-1,1.224004669E0
5.979746288E1,-8.622968445E0,-5.719606018E-1,1.016685791E0
5.980750288E1,-9.011710052E0,-7.529342651E-1,3.540138245E-1
5.981754288E1,-9.666448517E0,-8.595126343E-1,-8.280780029E-1
5.982758288E1,-1.068088898E1,-7.634124756E-1,-2.020797729E0
5.983762388E1,-1.196162567E1,-5.273533630E-1,-2.270029449E0
5.984766387E1,-1.330208817E1,-4.143383789E-1,-1.042731628E0
5.985770388E1,-1.435754333E1,-4.318519592E-1,6.346801758E-1
5.986774388E1,-1.488414825E1,-4.119433594E-1,1.563199310E0
5.987778388E1,-1.509940063E1,-5.504054260E-1,1.525477753E0
5.988782388E1,-1.525986694E1,-1.151854706E0,8.952882385E-1
5.989786454E1,-1.504805740E1,-2.274370422E0,-4.592449951E-1
5.990790454E1,-1.434601730E1,-3.174448700E0,-2.016905823E0
5.991794454E1,-1.363574432E1,-2.719993744E0,-2.957250366E0
5.992798454E1,-1.347572708E1,-8.791218567E-1,-3.516786804E0
5.993802454E1,-1.298414932E1,5.914201355E-1,-4.677173767E0
5.994806454E1,-1.192555069E1,1.054107971E0,-5.991740112E0
5.995810554E1,-1.107007965E1,8.514294434E-1,-6.189478912E0
5.996814554E1,-1.048434769E1,3.348536682E-1,-5.791905670E0
5.997818554E1,-9.997410278E0,-1.025367737E-1,-5.245392151E0
5.998822554E1,-9.605974274E0,-5.704637146E-1,-4.640050964E0
5.999826554E1,-9.210197296E0,-1.331930237E0,-3.989054718E0
6.000830654E1,-8.728349304E0,-2.356250153E0,-3.414100342E0
6.001834654E1,-8.306825867E0,-3.108735352E0,-2.819536743E0
6.002838654E1,-8.322692871E0,-3.426674194E0,-2.131417694E0
6.003842654E1,-8.790919189E0,-3.363056488E0,-1.521436157E0
6.004846654E1,-9.465865631E0,-2.838547211E0,-1.016536102E0
6.005850654E1,-1.012958542E1,-1.854044495E0,-6.144721985E-1
6.006854754E1,-1.058374100E1,-5.929170227E-1,-4.586462402E-1
6.007858754E1,-1.070079758E1,6.619235229E-1,-7.003935242E-1
6.008862754E1,-1.065783691E1,1.482816467E0,-1.243613892E0
6.009866754E1,-1.064870590E1,1.817670135E0,-1.886227570E0
6.010870754E1,-1.063777863E1,1.871558075E0,-2.356250153E0
6.011874854E1,-1.039378601E1,1.650467834E0,-2.563868408E0
6.012878854E1,-9.867181091E0,1.169817352E0,-2.462529144E0
6.013882854E1,-9.120683441E0,4.884342957E-1,-2.164349213E0
6.014886854E1,-8.384214935E0,-1.966909790E-1,-1.783690796E0
6.015890854E1,-7.736212463E0,-7.400610352E-1,-1.369502106E0
6.016894854E1,-7.076234894E0,-1.141376495E0,-9.675878906E-1
6.017898954E1,-6.535259857E0,-1.451980591E0,-6.128256226E-1
6.018902954E1,-6.092929688E0,-1.696272583E0,-2.056723022E-1
6.019906954E1,-5.724396057E0,-1.823208618E0,1.924996948E-1
6.020910954E1,-5.530998230E0,-1.904938660E0,5.119354248E-1
6.021914954E1,-5.527106323E0,-1.920356598E0,6.830296326E-1
6.022918954E1,-5.731880493E0,-1.835782471E0,6.632707214E-1
6.023923054E1,-6.133495331E0,-1.758094025E0,5.285508728E-1
6.024927054E1,-6.644233246E0,-1.639989624E0,3.055146790E-1
6.025931054E1,-7.202871552E0,-1.525926819E0,1.261875916E-1
6.026935054E1,-7.708669739E0,-1.406175842E0,1.751358032E-2
6.027939054E1,-8.112529907E0,-1.300345917E0,2.245330811E-2
6.028943154E1,-8.370742950E0,-1.262025604E0,1.716929626E-1
6.029947154E1,-8.474926300E0,-1.234333191E0,3.986210632E-1
6.030951154E1,-8.457113342E0,-1.135838013E0,6.578819275E-1
6.031955154E1,-8.363408203E0,-9.180409241E-1,8.208929443E-1
6.032959154E1,-8.197702789E0,-6.560856628E-1,8.792715454E-1
6.033963154E1,-7.968529358E0,-4.296066284E-1,7.670050049E-1
6.034967254E1,-7.891589355E0,-2.625540161E-1,5.233117676E-1
6.035971254E1,-8.271050262E0,-2.052232361E-1,1.149609375E-1
6.036975254E1,-9.097032623E0,-3.793112183E-1,-3.387455750E-1
6.037979254E1,-1.021371048E1,-6.355783081E-1,-7.843688965E-1
6.038983254E1,-1.119596786E1,-8.406518555E-1,-1.143172760E0
6.039987354E1,-1.216026260E1,-1.311871948E0,-1.122815094E0
6.040991354E1,-1.331570984E1,-1.920057220E0,-5.330415344E-1
6.041995354E1,-1.444241684E1,-1.882335663E0,3.165916443E-1
6.042999354E1,-1.498908005E1,-1.116827545E0,8.099656677E-1
6.044003354E1,-1.518846542E1,-1.700463867E-1,1.382824402E0
6.045007354E1,-1.523876083E1,8.343649292E-1,1.657054138E0
6.046011454E1,-1.459450058E1,1.716480560E0,9.412426758E-1
6.047015454E1,-1.317619995E1,1.949096832E0,-4.308041382E-1
6.048019454E1,-1.173918823E1,8.792715454E-1,-1.410816193E0
6.049023454E1,-1.149459686E1,-1.030606842E0,-1.611848145E0
6.050027454E1,-1.206775497E1,-2.104623413E0,-1.905088348E0
6.051031554E1,-1.209978836E1,-2.403851166E0,-2.625839539E0
6.052035554E1,-1.163710052E1,-2.794538727E0,-3.186423798E0
6.053039554E1,-1.088401657E1,-2.994522858E0,-3.675606537E0
6.054043554E1,-9.957293701E0,-2.919528809E0,-4.064348145E0
6.055047554E1,-9.300309906E0,-2.627935181E0,-4.379442902E0
6.056051654E1,-9.164392548E0,-1.798060913E0,-4.297862549E0
6.057055654E1,-9.415570221E0,-5.442681885E-1,-3.512595520E0
6.058059654E1,-9.515861664E0,4.986131287E-1,-2.692151642E0
6.059063654E1,-9.302106171E0,1.090482330E0,-1.908531189E0
6.060067654E1,-9.051976318E0,1.258582764E0,-1.197509766E0
6.061071654E1,-9.155111847E0,1.104702759E0,-7.189549255E-1
6.062075754E1,-9.644294586E0,6.408174133E-1,-4.195774841E-1
6.063079754E1,-1.021356079E1,-6.840774536E-2,-2.787203979E-1
6.064083754E1,-1.074046509E1,-7.638615417E-1,-4.592449951E-1
6.065087754E1,-1.099014587E1,-1.301543427E0,-8.702902222E-1
6.066091754E1,-1.082444046E1,-1.663939819E0,-1.350491638E0
6.067095854E1,-1.035920792E1,-1.788780212E0,-1.866318970E0
6.068099854E1,-9.807006226E0,-1.700314178E0,-2.149530029E0
6.069103854E1,-9.103169861E0,-1.503623199E0,-2.131417694E0
6.070107854E1,-8.342002716E0,-1.140927429E0,-1.949545898E0
6.071111854E1,-7.671996002E0,-6.776408386E-1,-1.593885498E0
6.072115854E1,-7.045399017E0,-2.712359619E-1,-1.086141357E0
6.073119954E1,-6.552474060E0,5.867797852E-2,-6.050418091E-1
6.074123954E1,-6.245312805E0,3.201841736E-1,-3.847000122E-2
6.075127954E1,-5.953270111E0,6.264472961E-1,2.597099304E-1
6.076131954E1,-5.778583374E0,8.671467590E-1,4.105961609E-1
6.077135954E1,-5.883964233E0,1.011296997E0,5.087919617E-1
6.078140054E1,-6.263125763E0,9.467811584E-1,5.324427795E-1
6.079144054E1,-6.714137878E0,8.089178467E-1,3.058140564E-1
6.080148054E1,-7.271728363E0,5.245092773E-1,1.260379028E-1
6.081152054E1,-7.812703400E0,2.580633545E-1,-9.460327148E-2
6.082156054E1,-8.254883881E0,1.175056458E-1,-3.153941345E-1
6.083160154E1,-8.588989105E0,4.191284180E-3,-3.309617615E-1
6.084164154E1,-8.925339661E0,-2.335144043E-2,-2.356100464E-1
6.085168154E1,-9.121581573E0,1.275347900E-1,-6.122268677E-2
6.086172154E1,-9.098978577E0,2.576142883E-1,1.508862305E-1
6.087176154E1,-9.068591766E0,2.927911377E-1,3.802093506E-1
6.088180154E1,-9.085207214E0,3.119512939E-1,6.002517700E-1
6.089184300E1,-9.081464996E0,3.031196594E-1,7.842192078E-1
6.090188300E1,-9.020990753E0,2.875520325E-1,9.966275024E-1
6.091192300E1,-8.947044525E0,2.183958435E-1,1.202748871E0
6.092196300E1,-8.861123199E0,6.271957397E-2,1.069376221E0
6.093200300E1,-8.930429077E0,-2.049238586E-1,8.408015442E-1
6.094204400E1,-9.192833405E0,-4.546046448E-1,3.942800903E-1
6.095208400E1,-9.755812683E0,-6.502478027E-1,-2.830613708E-1
6.096212400E1,-1.059870987E1,-6.509962463E-1,-8.430468750E-1
6.097216400E1,-1.162841858E1,-6.002517700E-1,-8.478369141E-1
6.098220400E1,-1.281545013E1,-7.372169495E-1,-1.242416382E-2
6.099224400E1,-1.383782410E1,-9.015751648E-1,1.051563263E0
6.100228500E1,-1.451681213E1,-1.236129456E0,1.914219360E0
6.101232500E1,-1.473101669E1,-1.619631958E0,2.172133026E0
6.102236500E1,-1.468371506E1,-1.929936676E0,1.705852661E0
6.103240500E1,-1.441996353E1,-2.480940857E0,1.041683807E0
6.104244500E1,-1.378648087E1,-3.267854462E0,-9.235794067E-2
6.105248600E1,-1.301049454E1,-3.154240723E0,-1.146016846E0
6.106252600E1,-1.229168930E1,-1.657203827E0,-1.696422272E0
6.107256600E1,-1.172122559E1,4.849914551E-2,-2.484683075E0
6.108260600E1,-1.127769791E1,9.964778137E-1,-3.845353546E0
6.109264600E1,-1.095451996E1,1.301094360E0,-5.077591095E0
6.110268700E1,-1.028780640E1,9.383985901E-1,-5.645360413E0
6.111272700E1,-9.790540466E0,4.733157349E-1,-5.651048584E0
6.112276700E1,-9.600884857E0,1.540296936E-1,-5.217100983E0
6.113280700E1,-9.510772247E0,-3.677851868E-1,-4.375700684E0
6.114284700E1,-9.355844421E0,-1.222507782E0,-3.231929169E0
6.115288700E1,-9.024583282E0,-2.059267731E0,-2.571652222E0
6.116292800E1,-8.880433044E0,-2.631976776E0,-2.253713379E0
6.117296800E1,-9.065597992E0,-2.910697174E0,-1.859582977E0
6.118300800E1,-9.710906067E0,-2.942580872E0,-1.431024170E0
6.119304800E1,-1.056398209E1,-2.397414551E0,-1.016386414E0
6.120308800E1,-1.110555588E1,-1.257684631E0,-5.475613403E-1
6.121312900E1,-1.116228790E1,9.789642334E-2,-3.170407104E-1
6.122316900E1,-1.090452393E1,1.205892334E0,-4.917274475E-1
6.123320900E1,-1.063553329E1,1.802551575E0,-9.168434143E-1
6.124324900E1,-1.053299652E1,1.917512512E0,-1.396595764E0
6.125328900E1,-1.033406021E1,1.676962738E0,-1.692829742E0
6.126333000E1,-9.893526306E0,1.097068634E0,-1.759291534E0
6.127337000E1,-9.243428192E0,4.007167053E-1,-1.664987640E0
6.128341000E1,-8.542735291E0,-3.070115662E-1,-1.411115570E0
6.129345000E1,-7.969277802E0,-8.723858643E-1,-1.053509216E0
6.130349000E1,-7.411088562E0,-1.245859222E0,-6.777905273E-1
6.131353000E1,-6.807992706E0,-1.489851837E0,-3.070115662E-1
6.132357100E1,-6.268514557E0,-1.553319855E0,7.649093628E-2
6.133361100E1,-5.959407349E0,-1.527274017E0,4.210743713E-1
6.134365100E1,-5.903723145E0,-1.492246857E0,7.098239136E-1
6.135369100E1,-5.975424042E0,-1.348096619E0,8.155041504E-1
6.136373100E1,-6.226901093E0,-1.167572021E0,7.854167175E-1
6.137377200E1,-6.560407562E0,-9.134005737E-1,6.489006042E-1
6.138381200E1,-7.008575592E0,-6.765930176E-1,4.800517273E-1
6.139385200E1,-7.535030823E0,-5.059478760E-1,3.457809448E-1
6.140389200E1,-8.080346832E0,-4.848417664E-1,2.787203979E-1
6.141393200E1,-8.520431671E0,-5.481600952E-1,1.974394226E-1
6.142397300E1,-8.766968994E0,-6.765930176E-1,1.965412903E-1
6.143401300E1,-8.806037750E0,-9.559121704E-1,3.552113342E-1
6.144405300E1,-8.860524445E0,-1.225202179E0,6.879693604E-1
6.145409300E1,-8.925938416E0,-1.300345917E0,1.024619293E0
6.146413300E1,-8.926088104E0,-1.277144165E0,1.121916962E0
6.147417400E1,-8.831784210E0,-1.234782257E0,1.093476105E0
6.148421400E1,-8.630153503E0,-1.219364319E0,9.934840393E-1
6.149425400E1,-8.568481750E0,-1.216969299E0,8.348139954E-1
6.150429400E1,-8.735684052E0,-1.133143616E0,4.888833618E-1
6.151433400E1,-9.214538269E0,-1.106798401E0,1.541793823E-2
6.152437400E1,-9.777816925E0,-1.174008636E0,-6.168672180E-1
6.153441500E1,-1.020203476E1,-1.413510590E0,-1.108594666E0
6.154445500E1,-1.059362045E1,-1.904190216E0,-9.813592529E-1
6.155449500E1,-1.127964386E1,-2.109563141E0,-1.712438965E-1
6.156453500E1,-1.244467117E1,-1.502276001E0,8.752299500E-1
6.157457500E1,-1.343890366E1,-5.824388123E-1,1.729653168E0
6.158461600E1,-1.399245255E1,3.583547974E-1,2.367776184E0
6.159465600E1,-1.411878983E1,1.179098053E0,2.285896454E0
6.160469600E1,-1.367436401E1,1.850451965E0,1.123413849E0
6.161473600E1,-1.255813522E1,2.410736847E0,-4.087998962E-1
6.162477600E1,-1.139610168E1,2.161056061E0,-1.320254517E0
6.163481700E1,-1.086500610E1,7.358697510E-1,-1.736389160E0
6.164485700E1,-1.121467896E1,-6.322851562E-1,-1.999242554E0
6.165489700E1,-1.157947037E1,-1.418150940E0,-2.469564514E0
6.166493700E1,-1.116318604E1,-1.846410370E0,-3.258124695E0
6.167497700E1,-1.048105453E1,-2.103874969E0,-3.767066345E0
6.168501800E1,-1.031055908E1,-2.021546173E0,-4.100572815E0
6.169505800E1,-1.077983322E1,-1.497485962E0,-4.219425659E0
6.170509800E1,-1.122680374E1,-6.818321228E-1,-4.113745422E0
6.171513800E1,-1.126332779E1,-3.113525391E-2,-3.652255096E0
6.172517800E1,-1.094793365E1,2.796185303E-1,-3.008892975E0
6.173521800E1,-1.046997757E1,2.772235107E-1,-2.245779877E0
6.174525900E1,-1.018751495E1,6.706054688E-2,-1.563648376E0
6.175529900E1,-1.022149429E1,-2.583627319E-1,-1.163380737E0
6.176533900E1,-1.042716660E1,-7.592211914E-1,-8.975335693E-1
6.177537900E1,-1.070783295E1,-1.390159149E0,-7.731422424E-1
6.178541900E1,-1.100556381E1,-1.984423370E0,-8.003855896E-1
6.179546000E1,-1.127919479E1,-2.300865326E0,-8.767268372E-1
6.180550000E1,-1.120839203E1,-2.293829956E0,-1.011596375E0
6.181554000E1,-1.070873108E1,-2.057022400E0,-1.292562103E0
6.182558000E1,-9.959988098E0,-1.643731842E0,-1.520088959E0
6.183562000E1,-9.186247101E0,-1.137334900E0,-1.613045654E0
6.184566100E1,-8.450377350E0,-6.692582703E-1,-1.564097443E0
6.185570100E1,-7.828570404E0,-3.216810608E-1,-1.397194519E0
6.186574100E1,-7.351063385E0,-6.406677246E-2,-1.224154358E0
6.187578100E1,-6.958280182E0,1.673519897E-1,-1.058898010E0
6.188582100E1,-6.673572235E0,3.317102051E-1,-9.017248535E-1
6.189586200E1,-6.488407288E0,4.893324280E-1,-7.015910339E-1
6.190590188E1,-6.392456818E0,6.004014587E-1,-5.066963196E-1
6.191594188E1,-6.413113861E0,6.469546509E-1,-4.366419983E-1
6.192598188E1,-6.615493011E0,6.611750793E-1,-4.067042542E-1
6.193602188E1,-6.949598236E0,6.677613831E-1,-3.646417236E-1
6.194606288E1,-7.477999420E0,5.346881104E-1,-4.143383789E-1
6.195610288E1,-8.006550293E0,4.481680298E-1,-6.256988525E-1
6.196614288E1,-8.468789062E0,3.513194275E-1,-8.909472656E-1
6.197618288E1,-8.861721954E0,2.222877502E-1,-1.053808594E0
6.198622288E1,-9.147627411E0,3.263214111E-2,-9.129515076E-1
6.199626288E1,-9.302854614E0,-1.826202393E-1,-6.872209167E-1
6.200630388E1,-9.313033447E0,-3.568579102E-1,-5.285508728E-1
6.201634388E1,-9.333241425E0,-5.216651917E-1,-4.707710266E-1
6.202638388E1,-9.540410614E0,-6.944059753E-1,-3.406915283E-1
6.203642388E1,-9.890682220E0,-7.765850830E-1,-1.386117554E-1
6.204646388E1,-1.019754410E1,-8.021818542E-1,-9.160949707E-2
6.205650488E1,-1.042252625E1,-8.411009216E-1,-7.993377686E-2
6.206654488E1,-1.055185730E1,-8.140072632E-1,-5.403762817E-2
6.207658488E1,-1.048090485E1,-7.592211914E-1,-7.888595581E-2
6.208662488E1,-1.025756927E1,-6.999444580E-1,-2.377056885E-1
6.209666488E1,-9.962233429E0,-5.209167480E-1,-5.511538696E-1
6.210670588E1,-9.673184509E0,-2.299218750E-1,-8.047265625E-1
6.211674588E1,-9.481133881E0,4.340972900E-2,-9.117539978E-1
6.212678588E1,-9.594448242E0,1.607656860E-1,-7.671546936E-1
6.213682588E1,-9.859397278E0,-7.185058594E-3,-4.954696655E-1
6.214686588E1,-1.024724075E1,-5.161267090E-1,-3.405418396E-1
6.215690688E1,-1.079001205E1,-9.825567627E-1,-3.637435913E-1
6.216694688E1,-1.135194351E1,-1.407523041E0,-6.253994751E-1
6.217698688E1,-1.181927170E1,-1.964514771E0,-1.238075409E0
6.218702688E1,-1.205353455E1,-2.454595642E0,-1.987866211E0
6.219706688E1,-1.198617462E1,-2.574795685E0,-2.465073853E0
6.220710788E1,-1.165760788E1,-2.316732330E0,-2.521656189E0
6.221714788E1,-1.117186798E1,-1.914069672E0,-2.419867859E0
6.222718788E1,-1.067340454E1,-1.513352966E0,-2.339035950E0
6.223722788E1,-1.034229309E1,-1.081051941E0,-2.281854858E0
6.224726788E1,-1.024679169E1,-6.500981140E-1,-2.175126801E0
6.225730888E1,-1.030786469E1,-3.129991150E-1,-2.204765167E0
6.226734888E1,-1.029349457E1,-1.392105103E-1,-2.357447662E0
6.227738888E1,-1.010219238E1,-1.303788757E-1,-2.547702026E0
6.228742888E1,-9.735005951E0,-3.674858093E-1,-2.686912537E0
6.229746888E1,-9.255702667E0,-8.791218567E-1,-2.679577789E0
6.230750988E1,-8.880133667E0,-1.448986816E0,-2.474504242E0
6.231754988E1,-8.662336578E0,-1.959874420E0,-2.128872986E0
6.232758987E1,-8.460256805E0,-2.262095947E0,-1.723366241E0
6.233762988E1,-8.353079681E0,-2.296374664E0,-1.394500122E0
6.234766988E1,-8.302335205E0,-2.234403534E0,-1.154399414E0
6.235771088E1,-8.402027893E0,-2.118843842E0,-1.139131165E0
6.236775088E1,-8.671916656E0,-1.829345856E0,-1.325044556E0
6.237779088E1,-9.049132233E0,-1.370549927E0,-1.639690247E0
6.238783087E1,-9.499545593E0,-8.198451233E-1,-2.039359131E0
6.239787088E1,-9.947563934E0,-2.469863892E-1,-2.372117157E0
6.240791088E1,-1.025846741E1,3.085084534E-1,-2.639610901E0
6.241795188E1,-1.030412247E1,6.953041077E-1,-2.809357910E0
6.242799188E1,-1.015413437E1,8.904981995E-1,-2.857258301E0
6.243803188E1,-9.943672028E0,8.264314270E-1,-2.731819153E0
6.244807188E1,-9.718839569E0,4.608915710E-1,-2.480342102E0
6.245811188E1,-9.469458160E0,-2.959346008E-1,-2.071392517E0
6.246815288E1,-9.216633911E0,-1.011296997E0,-1.737137604E0
6.247819288E1,-8.971593475E0,-1.611997833E0,-1.413809967E0
6.248823288E1,-8.714877319E0,-2.178569641E0,-1.150956573E0
6.249827288E1,-8.523425446E0,-2.631527710E0,-9.380992126E-1
6.250831288E1,-8.422086182E0,-2.848576355E0,-7.194039917E-1
6.251835387E1,-8.394543457E0,-2.895279236E0,-5.659730530E-1
6.252839388E1,-8.435558167E0,-2.752625885E0,-5.394781494E-1
6.253843388E1,-8.576265564E0,-2.459385681E0,-6.851252747E-1
6.254847388E1,-8.806037750E0,-2.116748199E0,-9.261241150E-1
6.255851388E1,-9.110354919E0,-1.830992432E0,-1.234632568E0
6.256855488E1,-9.479936371E0,-1.608255615E0,-1.469194794E0
6.257859488E1,-9.861492920E0,-1.407223663E0,-1.619631958E0
6.258863488E1,-1.016311569E1,-1.238075409E0,-1.713337097E0
6.259867488E1,-1.032552795E1,-1.149309998E0,-1.752106476E0
6.260871488E1,-1.031265472E1,-1.098266144E0,-1.792522430E0
6.261875588E1,-1.024649231E1,-1.081650696E0,-1.840123444E0
6.262879588E1,-1.015727783E1,-1.052162018E0,-1.833686829E0
6.263883588E1,-1.007809250E1,-1.107397156E0,-1.814826050E0
6.264887588E1,-9.998458099E0,-1.201701050E0,-1.763482819E0
6.265891588E1,-9.887688446E0,-1.315015411E0,-1.756447449E0
6.266895688E1,-9.716893616E0,-1.317260742E0,-1.663790131E0
6.267899688E1,-9.623188477E0,-1.211730194E0,-1.537602539E0
6.268903688E1,-9.570348358E0,-1.028511200E0,-1.423539734E0
6.269907688E1,-9.564809875E0,-8.464897156E-1,-1.409918060E0
6.270911688E1,-9.596992950E0,-7.146139526E-1,-1.505120087E0
6.271915788E1,-9.667795715E0,-6.373745728E-1,-1.589993591E0
6.272919788E1,-9.800120544E0,-6.617738342E-1,-1.629511414E0
6.273923788E1,-9.855954437E0,-7.438032532E-1,-1.714235229E0
6.274927788E1,-9.820478210E0,-8.506809998E-1,-1.753154297E0
6.275931788E1,-9.689949646E0,-9.851014709E-1,-1.770069122E0
6.276935888E1,-9.544152832E0,-1.173409882E0,-1.759590912E0
6.277939888E1,-9.383087769E0,-1.412612457E0,-1.710343323E0
6.278943888E1,-9.251511383E0,-1.667083282E0,-1.630259857E0
6.279947888E1,-9.136400757E0,-1.900148621E0,-1.509311371E0
6.280951888E1,-9.054521027E0,-2.039808197E0,-1.403182068E0
6.281955988E1,-9.021888885E0,-2.083068237E0,-1.371747437E0
6.282959988E1,-9.016500092E0,-2.010469208E0,-1.384620667E0
6.283963988E1,-9.046437836E0,-1.854194183E0,-1.453776855E0
6.284967988E1,-9.145531769E0,-1.616189117E0,-1.568887482E0
6.285971988E1,-9.274563446E0,-1.358724518E0,-1.667981415E0
6.286976088E1,-9.442364502E0,-1.168320465E0,-1.744472351E0
6.287980088E1,-9.584119720E0,-1.059347076E0,-1.786983948E0
6.288984088E1,-9.692644043E0,-1.000669098E0,-1.814227295E0
6.289988113E1,-9.779463501E0,-9.443861389E-1,-1.818717957E0
6.290992113E1,-9.768835602E0,-9.343569946E-1,-1.814676361E0
6.291996113E1,-9.690249023E0,-9.485774231E-1,-1.803749084E0
6.293000213E1,-9.611512756E0,-9.957293701E-1,-1.798659668E0
6.294004213E1,-9.533674622E0,-1.057101746E0,-1.775607605E0
6.295008213E1,-9.501790924E0,-1.139280853E0,-1.747017059E0
6.296012213E1,-9.482331390E0,-1.226848755E0,-1.749412079E0
6.297016213E1,-9.483229523E0,-1.290017395E0,-1.732497253E0
6.298020313E1,-9.539961548E0,-1.316811676E0,-1.751657410E0
6.299024313E1,-9.549841003E0,-1.322200470E0,-1.757495270E0
6.300028313E1,-9.579629059E0,-1.341510315E0,-1.743125153E0
6.301032313E1,-9.679471436E0,-1.318607941E0,-1.743125153E0
6.302036313E1,-9.800120544E0,-1.234482880E0,-1.816472626E0
6.303040413E1,-9.932295685E0,-1.147214355E0,-1.813029785E0
6.304044413E1,-9.966574402E0,-1.015188904E0,-1.768422546E0
6.305048413E1,-9.911488953E0,-8.893006897E-1,-1.692230988E0
6.306052413E1,-9.811347198E0,-7.818241882E-1,-1.585951996E0
6.307056413E1,-9.735904083E0,-7.059320068E-1,-1.481469269E0
6.308060513E1,-9.686656494E0,-6.827302551E-1,-1.407223663E0
6.309064513E1,-9.601034546E0,-6.927593994E-1,-1.365161133E0
6.310068513E1,-9.519903259E0,-7.379653931E-1,-1.328487396E0
6.311072513E1,-9.487570496E0,-8.113128662E-1,-1.314117279E0
6.312076513E1,-9.481732635E0,-8.680448914E-1,-1.295106812E0
6.313080613E1,-9.495803375E0,-9.144483948E-1,-1.303190002E0
6.314084613E1,-9.509574738E0,-9.457333374E-1,-1.349294128E0
6.315088613E1,-9.557325439E0,-9.704319763E-1,-1.381327515E0
6.316092613E1,-9.579778748E0,-9.755213928E-1,-1.420995026E0
6.317096613E1,-9.601483612E0,-9.752220154E-1,-1.446591797E0
6.318100713E1,-9.664203186E0,-1.010099487E0,-1.463057556E0
6.319104713E1,-9.733658752E0,-1.002315674E0,-1.499431915E0
6.320108713E1,-9.744586029E0,-9.226812744E-1,-1.567989349E0
6.321112713E1,-9.713899841E0,-8.890013123E-1,-1.639989624E0
6.322116713E1,-9.706565094E0,-8.478369141E-1,-1.625469818E0
6.323120813E1,-9.686656494E0,-8.318202209E-1,-1.612446899E0
6.324124813E1,-9.632020111E0,-8.152047729E-1,-1.598825226E0
6.325128813E1,-9.594298553E0,-7.864645386E-1,-1.531016235E0
6.326132813E1,-9.567504272E0,-7.529342651E-1,-1.501677246E0
6.327136813E1,-9.539362793E0,-7.045848083E-1,-1.457968140E0
6.328140913E1,-9.539512482E0,-6.960525513E-1,-1.432221680E0
6.329144913E1,-9.532477112E0,-6.965016174E-1,-1.404529266E0
6.330148913E1,-9.529932404E0,-6.746470642E-1,-1.378034363E0
6.331152912E1,-9.528285828E0,-6.595285034E-1,-1.372944946E0
6.332156913E1,-9.531279602E0,-6.436614990E-1,-1.345402222E0
6.333161013E1,-9.533524933E0,-6.005511475E-1,-1.357976074E0
6.334165013E1,-9.522597656E0,-6.014492798E-1,-1.345701599E0
6.335169013E1,-9.521250458E0,-6.033952332E-1,-1.367256775E0
6.336173013E1,-9.530830536E0,-6.167175293E-1,-1.340761871E0
6.337177012E1,-9.545350342E0,-6.408174133E-1,-1.337169342E0
6.338181113E1,-9.565258942E0,-6.532415771E-1,-1.325942688E0
6.339185113E1,-9.573491821E0,-6.387217712E-1,-1.375789032E0
6.340189113E1,-9.581874390E0,-6.295907593E-1,-1.403331757E0
6.341193113E1,-9.638456726E0,-6.213578796E-1,-1.414109344E0
6.342197113E1,-9.681417389E0,-6.113287354E-1,-1.439107361E0
6.343201213E1,-9.684111786E0,-6.030958557E-1,-1.425635376E0
6.344205212E1,-9.694889374E0,-6.050418091E-1,-1.395697632E0
6.345209213E1,-9.694140930E0,-6.107299805E-1,-1.383872223E0
6.346213213E1,-9.698481903E0,-6.035449219E-1,-1.367406464E0
6.347217213E1,-9.710157623E0,-6.004014587E-1,-1.358574829E0
6.348221313E1,-9.717342682E0,-6.048921204E-1,-1.327888641E0
6.349225313E1,-9.732311554E0,-6.120771790E-1,-1.300645294E0
6.350229312E1,-9.698930969E0,-6.146218872E-1,-1.266815643E0
6.351233313E1,-9.659113770E0,-6.177653503E-1,-1.248403931E0
6.352237313E1,-9.626930695E0,-6.180647278E-1,-1.218316498E0
6.353241413E1,-9.591005402E0,-6.177653503E-1,-1.196012878E0
6.354245413E1,-9.592951355E0,-5.990542603E-1,-1.193468170E0
6.355249413E1,-9.617350616E0,-5.999523926E-1,-1.200802917E0
6.356253413E1,-9.662855988E0,-6.071374512E-1,-1.222657471E0
6.357257413E1,-9.701924744E0,-6.123765564E-1,-1.212478638E0
6.358261513E1,-9.714199219E0,-5.959107971E-1,-1.196312256E0
6.359265513E1,-9.694889374E0,-5.725593567E-1,-1.195414124E0
6.360269513E1,-9.692344666E0,-5.544470215E-1,-1.172062683E0
6.361273513E1,-9.695338440E0,-5.312452698E-1,-1.158291321E0
6.362277513E1,-9.708810425E0,-5.204676819E-1,-1.166823578E0
6.363281613E1,-9.738748169E0,-5.183720398E-1,-1.180145874E0
6.364285613E1,-9.755662994E0,-5.272036743E-1,-1.186133423E0
6.365289613E1,-9.758806458E0,-5.126838684E-1,-1.206790466E0
6.366293613E1,-9.725874939E0,-5.297483826E-1,-1.166374512E0
6.367297713E1,-9.697284393E0,-5.673202515E-1,-1.168320465E0
6.368301713E1,-9.683812408E0,-5.815406799E-1,-1.159189453E0
6.369305713E1,-9.696985016E0,-5.879772949E-1,-1.160985718E0
6.370309713E1,-9.704918518E0,-5.843847656E-1,-1.183888092E0
6.371313713E1,-9.699080658E0,-5.903723145E-1,-1.195414124E0
6.372317813E1,-9.699230347E0,-5.813909912E-1,-1.184486847E0
6.373321813E1,-9.689350891E0,-5.935157776E-1,-1.157842255E0
6.374325813E1,-9.693392487E0,-6.042933655E-1,-1.154249725E0
6.375329813E1,-9.677675171E0,-6.240522766E-1,-1.156644745E0
6.376333813E1,-9.682016144E0,-6.113287354E-1,-1.148711243E0
6.377337913E1,-9.679022369E0,-5.882766724E-1,-1.139580231E0
6.378341913E1,-9.651479645E0,-5.867797852E-1,-1.134939880E0
6.379345913E1,-9.655970306E0,-5.819897461E-1,-1.129251709E0
6.380349913E1,-9.656718750E0,-5.851332092E-1,-1.122964783E0
6.381353913E1,-9.648934937E0,-6.095324707E-1,-1.100062408E0
6.382358013E1,-9.655221863E0,-6.219566345E-1,-1.086889801E0
6.383362013E1,-9.664801941E0,-6.143225098E-1,-1.077010345E0
6.384366013E1,-9.669591980E0,-6.236032104E-1,-1.055904236E0
6.385370013E1,-9.685458984E0,-6.032455444E-1,-1.042581940E0
6.386374013E1,-9.699080658E0,-5.917195129E-1,-1.049467621E0
6.387378113E1,-9.705517273E0,-5.701643372E-1,-1.049467621E0
6.388382113E1,-9.703271942E0,-5.631289673E-1,-1.029109955E0
6.389386113E1,-9.715845795E0,-5.614823914E-1,-1.023870850E0
6.390390042E1,-9.707014160E0,-5.629792786E-1,-1.062041473E0
6.391394042E1,-9.700577545E0,-5.617817688E-1,-1.050665131E0
6.392398142E1,-9.702673187E0,-5.409750366E-1,-1.037492523E0
6.393402142E1,-9.692045288E0,-5.307962036E-1,-1.027912445E0
6.394406142E1,-9.688003693E0,-5.254074097E-1,-1.003213806E0
6.395410142E1,-9.649533691E0,-5.227130127E-1,-1.013692017E0
6.396414142E1,-9.640103302E0,-5.381309509E-1,-9.779164124E-1
6.397418242E1,-9.649234314E0,-5.457650757E-1,-9.824070740E-1
6.398422242E1,-9.650880890E0,-5.439688110E-1,-9.874964905E-1
6.399426242E1,-9.657317505E0,-5.475613403E-1,-9.666897583E-1
6.400430242E1,-9.657018127E0,-5.270539856E-1,-9.601034546E-1
6.401434242E1,-9.663454742E0,-5.275030518E-1,-9.583071899E-1
6.402438342E1,-9.677675171E0,-5.075944519E-1,-9.711804199E-1
6.403442342E1,-9.682315521E0,-5.183720398E-1,-9.945318604E-1
6.404446342E1,-9.694140930E0,-5.276527405E-1,-9.894424438E-1
6.405450342E1,-9.718839569E0,-5.222639465E-1,-9.901908875E-1
6.406454342E1,-9.691895599E0,-5.258564758E-1,-9.921368408E-1
6.407458442E1,-9.624236298E0,-5.349874878E-1,-9.900411987E-1
6.408462442E1,-9.594148865E0,-5.180726624E-1,-9.728269958E-1
6.409466442E1,-9.586963806E0,-5.049000549E-1,-9.786648560E-1
6.410470442E1,-9.623936920E0,-5.056484985E-1,-9.964778137E-1
6.411474442E1,-9.686357117E0,-5.102888489E-1,-1.012195129E0
6.412478542E1,-9.715097351E0,-5.011578369E-1,-1.005159760E0
6.413482542E1,-9.722282410E0,-5.026547241E-1,-9.750723267E-1
6.414486542E1,-9.731263733E0,-4.806504822E-1,-9.731263733E-1
6.415490542E1,-9.740544434E0,-4.616400146E-1,-9.665400696E-1
6.416494542E1,-9.754016418E0,-4.126918030E-1,-9.636959839E-1
6.417498642E1,-9.745633850E0,-3.652404785E-1,-9.273216248E-1
6.418502642E1,-9.741741943E0,-3.442840576E-1,-9.065148926E-1
6.419506642E1,-9.737850037E0,-3.433859253E-1,-8.872050476E-1
6.420510642E1,-9.711953888E0,-3.264710999E-1,-8.717871094E-1
6.421514642E1,-9.692644043E0,-3.321592712E-1,-8.681945801E-1
6.422518742E1,-9.696386261E0,-3.614982605E-1,-8.764274597E-1
6.423522742E1,-9.699380035E0,-3.966751099E-1,-8.565188599E-1
6.424526742E1,-9.690249023E0,-4.119433594E-1,-8.744815063E-1
6.425530742E1,-9.681118011E0,-4.317022705E-1,-8.897497559E-1
6.426534742E1,-9.649683380E0,-4.249662781E-1,-8.936416626E-1
6.427538842E1,-9.650431824E0,-4.200265503E-1,-9.101074219E-1
6.428542842E1,-9.643845520E0,-4.153862000E-1,-9.078620911E-1
6.429546842E1,-9.683063965E0,-4.032614136E-1,-8.919950867E-1
6.430550842E1,-9.693991241E0,-4.123924255E-1,-9.018745422E-1
6.431554942E1,-9.696086884E0,-4.326004028E-1,-8.767268372E-1
6.432558942E1,-9.711953888E0,-4.394860840E-1,-8.819659424E-1
6.433562942E1,-9.703271942E0,-4.361929321E-1,-9.012757874E-1
6.434566942E1,-9.699978790E0,-4.572990417E-1,-9.041198730E-1
6.435570942E1,-9.689350891E0,-4.703219604E-1,-8.924441528E-1
6.436575042E1,-9.673932953E0,-4.837939453E-1,-8.825646973E-1
6.437579042E1,-9.662556610E0,-4.767585754E-1,-8.726852417E-1
6.438583042E1,-9.682914276E0,-4.595443726E-1,-8.473878479E-1
6.439587042E1,-9.696985016E0,-4.396357727E-1,-8.478369141E-1
6.440591042E1,-9.695188751E0,-4.321513367E-1,-8.232879639E-1
6.441595142E1,-9.711953888E0,-3.957769775E-1,-8.297245789E-1
6.442599142E1,-9.692644043E0,-3.875440979E-1,-8.503816223E-1
6.443603142E1,-9.689051514E0,-3.547622681E-1,-8.678952026E-1
6.444607142E1,-9.694440308E0,-3.390449524E-1,-8.761280823E-1
6.445611142E1,-9.714947662E0,-3.415896606E-1,-8.842112732E-1
6.446615242E1,-9.713001709E0,-3.453318787E-1,-8.912466431E-1
6.447619242E1,-9.713450775E0,-3.462300110E-1,-9.054670715E-1
6.448623242E1,-9.720935211E0,-3.462300110E-1,-9.020242310E-1
6.449627242E1,-9.726024628E0,-3.448828125E-1,-9.101074219E-1
6.450631242E1,-9.760003967E0,-3.638932800E-1,-9.039701843E-1
6.451635342E1,-9.799821167E0,-3.656895447E-1,-8.930429077E-1
6.452639342E1,-9.796228638E0,-3.715274048E-1,-9.095086670E-1
6.453643342E1,-9.793683929E0,-3.875440979E-1,-9.187893677E-1
6.454647342E1,-9.805659027E0,-3.817062378E-1,-9.065148926E-1
6.455651342E1,-9.800719299E0,-3.538641357E-1,-8.961863708E-1
6.456655442E1,-9.796528015E0,-3.481759644E-1,-8.872050476E-1
6.457659442E1,-9.776918793E0,-3.420387268E-1,-8.952882385E-1
6.458663442E1,-9.762099609E0,-3.513194275E-1,-8.933422852E-1
6.459667442E1,-9.729916534E0,-3.212319946E-1,-8.848100281E-1
6.460671442E1,-9.706116028E0,-2.944377136E-1,-8.677455139E-1
6.461675542E1,-9.704768829E0,-2.797682190E-1,-8.827143860E-1
6.462679542E1,-9.715995483E0,-2.665956116E-1,-9.166937256E-1
6.463683542E1,-9.701026611E0,-2.758763123E-1,-9.253756714E-1
6.464687542E1,-9.714797974E0,-2.661465454E-1,-9.406439209E-1
6.465691542E1,-9.708660736E0,-2.574645996E-1,-9.624984741E-1
6.466695642E1,-9.700128479E0,-2.475851440E-1,-1.000968475E0
6.467699642E1,-9.748328247E0,-2.341131592E-1,-1.057700500E0
6.468703642E1,-9.759554901E0,-2.588117981E-1,-1.090482330E0
6.469707642E1,-9.744735718E0,-3.094065857E-1,-1.034049683E0
6.470711742E1,-9.702074432E0,-3.294648743E-1,-1.018781433E0
6.471715742E1,-9.675429840E0,-3.493734741E-1,-1.000669098E0
6.472719742E1,-9.672136688E0,-3.210823059E-1,-1.010398865E0
6.473723742E1,-9.682016144E0,-2.809657288E-1,-9.855505371E-1
6.474727742E1,-9.670639801E0,-2.450404358E-1,-9.461824036E-1
6.475731842E1,-9.680968323E0,-2.145039368E-1,-9.050180054E-1
6.476735842E1,-9.679770813E0,-2.163002014E-1,-8.848100281E-1
6.477739842E1,-9.664801941E0,-2.188449097E-1,-9.114546204E-1
6.478743842E1,-9.638307037E0,-2.053729248E-1,-9.505233765E-1
6.479747842E1,-9.634265442E0,-2.122586060E-1,-9.791139221E-1
6.480751942E1,-9.638157349E0,-2.342628479E-1,-9.680369568E-1
6.481755942E1,-9.636211395E0,-2.643502808E-1,-9.825567627E-1
6.482759942E1,-9.641749878E0,-2.647993469E-1,-9.855505371E-1
6.483763942E1,-9.662855988E0,-2.829116821E-1,-9.821076965E-1
6.484767942E1,-9.676028595E0,-3.020718384E-1,-9.888436890E-1
6.485772042E1,-9.704319763E0,-3.028202820E-1,-9.840536499E-1
6.486776042E1,-9.737550659E0,-2.637515259E-1,-9.985734558E-1
6.487780042E1,-9.759255524E0,-2.260299683E-1,-1.004561005E0
6.488784042E1,-9.764794006E0,-2.366578674E-1,-9.871971130E-1
6.489788113E1,-9.786798248E0,-2.523751831E-1,-9.931846619E-1
6.490792213E1,-9.791288910E0,-2.746788025E-1,-9.861492920E-1
6.491796213E1,-9.765991516E0,-2.890489197E-1,-9.611512756E-1
6.492800213E1,-9.747430115E0,-2.715353394E-1,-9.538165283E-1
6.493804213E1,-9.713600464E0,-2.490820312E-1,-9.316625977E-1
6.494808213E1,-9.671088867E0,-2.544708252E-1,-9.370513916E-1
6.495812313E1,-9.691147156E0,-2.478845215E-1,-9.145980835E-1
6.496816313E1,-9.691745911E0,-2.577639771E-1,-9.436376953E-1
6.497820313E1,-9.710157623E0,-2.664459229E-1,-9.517208862E-1
6.498824313E1,-9.728120270E0,-2.396516418E-1,-9.586065674E-1
6.499828313E1,-9.749825134E0,-2.323168945E-1,-9.427395630E-1
6.500832413E1,-9.743089142E0,-2.207908630E-1,-9.547146606E-1
6.501836413E1,-9.738598480E0,-2.164498901E-1,-9.337582397E-1
6.502840413E1,-9.716893616E0,-1.898052979E-1,-9.446855164E-1
6.503844413E1,-9.688602448E0,-1.862127686E-1,-9.550140381E-1
6.504848513E1,-9.672885132E0,-2.023791504E-1,-9.716294861E-1
6.505852513E1,-9.645941162E0,-1.996847534E-1,-9.578581238E-1
6.506856513E1,-9.650731201E0,-1.902543640E-1,-9.837542725E-1
6.507860513E1,-9.647587738E0,-1.939965820E-1,-9.584568787E-1
6.508864513E1,-9.633816376E0,-2.074685669E-1,-9.392967224E-1
6.509868613E1,-9.644294586E0,-2.323168945E-1,-9.240284729E-1
6.510872613E1,-9.653275909E0,-2.501298523E-1,-9.244775391E-1
6.511876613E1,-9.665400696E0,-2.501298523E-1,-9.292675781E-1
6.512880613E1,-9.692045288E0,-2.398013306E-1,-9.262738037E-1
6.513884613E1,-9.713750153E0,-2.532733154E-1,-8.910969543E-1
6.514888713E1,-9.745184784E0,-2.639012146E-1,-8.494834900E-1
6.515892713E1,-9.786199493E0,-2.520758057E-1,-8.081694031E-1
6.516896713E1,-9.836794281E0,-2.104623413E-1,-8.247848511E-1
6.517900712E1,-9.893077240E0,-6.661148071E-2,-9.458830261E-1
6.518904713E1,-9.889784088E0,-6.885681152E-2,-1.025218048E0
6.519908813E1,-9.912387085E0,-2.083666992E-1,-1.024918671E0
6.520912813E1,-9.854457550E0,-3.098556519E-1,-1.002165985E0
6.521916813E1,-9.741592255E0,-2.246827698E-1,-1.052760773E0
6.522920813E1,-9.589658203E0,-1.282832336E-1,-9.014254761E-1
6.523924812E1,-9.462422791E0,-2.948867798E-1,-7.337741089E-1
6.524928913E1,-9.456435242E0,-4.119433594E-1,-6.740483093E-1
6.525932913E1,-9.454189911E0,-2.933898926E-1,-6.830296326E-1
6.526936913E1,-9.472002869E0,-2.668949890E-1,-7.481442261E-1
6.527940913E1,-9.557774506E0,-2.219883728E-1,-9.431886292E-1
6.528944913E1,-9.614805908E0,-6.616241455E-2,-1.155746613E0
6.529949013E1,-9.638157349E0,-3.472778320E-2,-1.220861206E0
6.530953012E1,-9.704319763E0,-9.295669556E-2,-1.185384979E0
6.531957013E1,-9.758956146E0,-9.265731812E-2,-1.154249725E0
6.532961013E1,-9.814939728E0,-1.062789917E-1,-1.082997894E0
6.533965013E1,-9.904004517E0,-2.944377136E-1,-9.620494080E-1
6.534969113E1,-1.002630020E1,-3.613485718E-1,-1.011895752E0
6.535973113E1,-1.011761032E1,-4.477189636E-1,-1.003662872E0
6.536977112E1,-1.022388931E1,-4.326004028E-1,-1.045426025E0
6.537981113E1,-1.022867935E1,-3.863465881E-1,-1.038091278E0
6.538985213E1,-1.017045044E1,-3.474275208E-1,-1.032403107E0
6.539989213E1,-1.006027954E1,-2.318678284E-1,-1.021924896E0
6.540993213E1,-9.923314362E0,-1.514849854E-1,-9.653425598E-1
6.541997213E1,-9.755213928E0,-1.796264648E-1,-8.190966797E-1
6.543001213E1,-9.689799957E0,-2.056723022E-1,-6.406677246E-1
6.544005312E1,-9.620643768E0,-2.770738220E-1,-4.254153442E-1
6.545009313E1,-9.557475128E0,-2.941383362E-1,-2.818638611E-1
6.546013313E1,-9.456734619E0,-2.917433167E-1,-1.640588379E-1
6.547017313E1,-9.414073334E0,-2.550695801E-1,-1.038839722E-1
6.548021313E1,-9.469757538E0,-2.869532776E-1,-8.517288208E-2
6.549025413E1,-9.528884583E0,-3.191363525E-1,-1.041833496E-1
6.550029413E1,-9.525441742E0,-3.606001282E-1,-1.225950623E-1
6.551033413E1,-9.584718475E0,-3.017724609E-1,-1.721420288E-1
6.552037413E1,-9.664951630E0,-1.986369324E-1,-2.478845215E-1
6.553041413E1,-9.735455017E0,-1.410067749E-1,-3.216810608E-1
6.554045513E1,-9.810449066E0,-9.984237671E-2,-3.749702454E-1
6.555049513E1,-9.859097900E0,-6.556365967E-2,-4.083508301E-1
6.556053513E1,-9.906848602E0,-1.032852173E-2,-4.593946838E-1
6.557057513E1,-9.951006775E0,1.751358032E-2,-4.752616882E-1
6.558061513E1,-9.969867554E0,1.167572021E-2,-4.420307922E-1
6.559065613E1,-9.948013000E0,1.945953369E-2,-4.056564331E-1
6.560069613E1,-9.906998291E0,8.083190918E-3,-3.710783386E-1
6.561073613E1,-9.827214203E0,-3.532653809E-2,-3.290158081E-1
6.562077613E1,-9.752519531E0,-1.173559570E-1,-3.132984924E-1
6.563081613E1,-9.711055756E0,-1.920506287E-1,-2.757266235E-1
6.564085713E1,-9.659413147E0,-2.583627319E-1,-2.168989563E-1
6.565089713E1,-9.636211395E0,-2.951861572E-1,-1.544787598E-1
6.566093713E1,-9.632020111E0,-3.092568970E-1,-1.191522217E-1
6.567097713E1,-9.642648010E0,-3.385958862E-1,-9.145980835E-2
6.568101713E1,-9.700577545E0,-3.608995056E-1,-7.574249268E-2
6.569105813E1,-9.728569336E0,-3.644920349E-1,-8.936416626E-2
6.570109813E1,-9.736802216E0,-3.689826965E-1,-8.292755127E-2
6.571113813E1,-9.720935211E0,-3.689826965E-1,-8.292755127E-2
6.572117813E1,-9.730215912E0,-3.567082214E-1,-8.547225952E-2
6.573121813E1,-9.724378052E0,-3.251239014E-1,-1.098715210E-1
6.574125913E1,-9.736951904E0,-3.465293884E-1,-9.849517822E-2
6.575129913E1,-9.784253540E0,-3.517684937E-1,-9.714797974E-2
6.576133913E1,-9.790690155E0,-3.775149536E-1,-1.178050232E-1
6.577137913E1,-9.798473969E0,-4.138893127E-1,-8.337661743E-2
6.578141913E1,-9.816286926E0,-4.653822327E-1,-8.487350464E-2
6.579146013E1,-1.009695328E1,-1.597927094E0,-7.625143433E-1
6.580150013E1,-1.049737061E1,-1.005309448E0,3.115022278E-1
6.581154013E1,-9.841284943E0,-2.662962341E-1,-2.773731995E-1
6.582158013E1,-9.397158508E0,-4.567002869E-1,-1.579216003E-1
6.583162013E1,-9.458680573E0,-1.944456482E-1,1.954934692E-1
6.584166113E1,-9.380243683E0,-1.821711731E-1,1.445993042E-1
6.585170113E1,-9.562115479E0,-3.025209045E-1,2.044747925E-1
6.586174113E1,-9.603130188E0,-3.638932800E-1,1.396595764E-1
6.587178113E1,-9.577832794E0,-4.093986511E-1,1.691482544E-2
6.588182113E1,-9.520352325E0,-3.532653809E-1,-7.289840698E-2
6.589186213E1,-9.445807343E0,-3.556604004E-1,-3.397933960E-2
6.590190150E1,-9.396260376E0,-3.893403625E-1,-4.490661621E-4
6.591194150E1,-9.480535126E0,-4.049079895E-1,-2.305206299E-2
6.592198150E1,-9.623936920E0,-4.457730103E-1,-5.523513794E-2
6.593202150E1,-9.796977081E0,-4.734654236E-1,-4.490661621E-2
6.594206250E1,-9.916428680E0,-5.128335571E-1,-7.978408813E-2
6.595210250E1,-9.923913116E0,-4.105961609E-1,4.610412598E-2
6.596214250E1,-9.846224670E0,-3.662882996E-1,9.460327148E-2
6.597218250E1,-9.732610931E0,-3.884422302E-1,8.547225952E-2
6.598222250E1,-9.585466919E0,-4.561015320E-1,8.577163696E-2
6.599226350E1,-9.449399872E0,-5.448669434E-1,3.682342529E-2
6.600230350E1,-9.376351776E0,-5.533992004E-1,-3.667373657E-2
6.601234350E1,-9.536369019E0,-4.370910645E-1,4.490661621E-2
6.602238350E1,-9.707313538E0,-3.556604004E-1,1.519340515E-1
6.603242350E1,-9.686656494E0,-4.427792358E-1,2.567161560E-1
6.604246450E1,-9.482181702E0,-4.929249573E-1,5.008584595E-1
6.605250450E1,-9.445208588E0,-5.207670593E-1,4.721182251E-1
6.606254450E1,-9.549841003E0,-5.528004456E-1,4.402345276E-1
6.607258450E1,-9.745933228E0,-5.875282288E-1,3.213816833E-1
6.608262450E1,-9.856403503E0,-5.905220032E-1,1.764830017E-1
6.609266550E1,-9.995164948E0,-5.653742981E-1,2.844085693E-3
6.610270550E1,-1.051653076E1,-7.860154724E-1,3.577560425E-2
6.611274550E1,-1.040097107E1,-8.710386658E-1,-4.715194702E-2
6.612278550E1,-1.020113663E1,-6.785389709E-1,-9.280700684E-2
6.613282550E1,-1.027568161E1,-5.872288513E-1,8.741821289E-2
6.614286650E1,-1.022658371E1,-4.405339050E-1,2.237846375E-1
6.615290650E1,-1.009231293E1,-3.451821899E-1,4.433779907E-1
6.616294650E1,-9.894125061E0,-2.903961182E-1,7.770341492E-1
6.617298650E1,-9.717941437E0,-3.242257690E-1,9.360035706E-1
6.618302650E1,-9.700577545E0,-4.444258118E-1,1.000818787E0
6.619306750E1,-9.465715942E0,-4.111949158E-1,9.638456726E-1
6.620310750E1,-9.217232666E0,-3.980223083E-1,9.431886292E-1
6.621314750E1,-9.520801392E0,-3.938310242E-1,9.931846619E-1
6.622318750E1,-9.669292603E0,-4.337979126E-1,7.626640320E-1
6.623322750E1,-9.718091125E0,-3.776646423E-1,9.199868774E-1
6.624326850E1,-9.647438049E0,-2.749781799E-1,1.222358093E0
6.625330850E1,-9.492510223E0,-3.330574036E-1,1.353186035E0
6.626334850E1,-9.600136414E0,-3.523672485E-1,1.324745178E0
6.627338850E1,-9.764494629E0,-3.617976379E-1,1.243913269E0
6.628342850E1,-1.011371841E1,-4.701722717E-1,1.248403931E0
6.629346950E1,-1.005234604E1,-4.709207153E-1,1.426683197E0
6.630350950E1,-9.994117126E0,-4.787045288E-1,1.547481995E0
6.631354950E1,-1.003258713E1,-4.495152283E-1,1.733694763E0
6.632358950E1,-1.004935226E1,-4.686753845E-1,1.563798065E0
6.633362950E1,-9.881551208E0,-3.938310242E-1,1.639091492E0
6.634366950E1,-9.868228912E0,-4.463717651E-1,1.778900757E0
6.635371050E1,-9.685758362E0,-2.754272461E-1,2.017055511E0
6.636375050E1,-9.486073608E0,-2.522254944E-1,1.944306793E0
6.637379050E1,-9.351353760E0,-2.254312134E-1,2.046394501E0
6.638383050E1,-9.417516174E0,-2.844085693E-1,2.227966919E0
6.639387050E1,-9.546248474E0,-3.465293884E-1,2.163301392E0
6.640391150E1,-9.596094818E0,-3.357518005E-1,2.255359955E0
6.641395150E1,-9.616302795E0,-3.098556519E-1,2.205363922E0
6.642399150E1,-9.590256958E0,-2.911445618E-1,2.292033691E0
6.643403150E1,-9.673783264E0,-2.621049500E-1,2.437830505E0
6.644407150E1,-9.542955322E0,-2.183958435E-1,2.355950775E0
6.645411250E1,-9.412576447E0,-2.079176331E-1,2.368225250E0
6.646415250E1,-9.196875000E0,-2.152523804E-1,2.492317200E0
6.647419250E1,-9.090596008E0,-2.306703186E-1,2.589315491E0
6.648423250E1,-9.285640411E0,-2.674937439E-1,2.677931213E0
6.649427250E1,-9.225315857E0,-2.477348328E-1,2.696791992E0
6.650431350E1,-9.105115814E0,-1.942959595E-1,2.841391296E0
6.651435350E1,-9.045539703E0,-1.725910950E-1,3.020119629E0
6.652439350E1,-8.966504059E0,-1.419049072E-1,3.003354492E0
6.653443350E1,-9.082213440E0,-9.939331055E-2,3.049757996E0
6.654447350E1,-9.179361420E0,-8.681945801E-2,3.070115662E0
6.655451450E1,-9.181457062E0,-6.780899048E-2,3.137475586E0
6.656455450E1,-9.157955933E0,-5.209167480E-2,3.109034729E0
6.657459450E1,-9.132209473E0,3.293151855E-3,3.095712433E0
6.658463450E1,-9.076674957E0,-1.511856079E-2,3.155737610E0
6.659467450E1,-9.023086395E0,-3.457809448E-2,3.177741852E0
6.660471450E1,-8.964408417E0,-7.469467163E-2,3.146606598E0
6.661475550E1,-8.944649506E0,-4.834945679E-2,3.136128387E0
6.662479550E1,-8.949888611E0,-2.739303589E-2,3.109483795E0
6.663483550E1,-9.028325500E0,-2.694396973E-2,3.083887024E0
6.664487550E1,-9.132059784E0,-3.712280273E-2,3.243006134E0
6.665491550E1,-9.047186279E0,6.601272583E-2,3.347937927E0
6.666495650E1,-8.965156860E0,8.053253174E-2,3.375480652E0
6.667499650E1,-8.945098572E0,8.637039185E-2,3.376079407E0
6.668503650E1,-8.992549896E0,9.101074219E-2,3.326981506E0
6.669507650E1,-9.149872742E0,3.472778320E-2,3.360960846E0
6.670511650E1,-9.216484222E0,-2.814147949E-2,3.406615906E0
6.671515750E1,-9.231902161E0,-1.182540894E-2,3.430416412E0
6.672519750E1,-9.132059784E0,-5.987548828E-4,3.423081665E0
6.673523750E1,-9.193731537E0,-1.377136230E-2,3.425925751E0
6.674527750E1,-9.162895660E0,1.392105103E-2,3.363206177E0
6.675531750E1,-9.206455078E0,-1.152603149E-2,3.328927460E0
6.676535850E1,-9.190139008E0,2.140548706E-2,3.353925476E0
6.677539850E1,-9.226363678E0,-2.260299683E-2,3.429218903E0
6.678543850E1,-9.176966400E0,1.856140137E-2,3.386707306E0
6.679547850E1,-9.131760406E0,4.475692749E-2,3.364403687E0
6.680551850E1,-9.070388031E0,1.119671631E-1,3.382216644E0
6.681555950E1,-9.056017914E0,9.684860229E-2,3.422183533E0
6.682559950E1,-9.047186279E0,1.002914429E-2,3.498674469E0
6.683563950E1,-9.052425385E0,-5.239105225E-3,3.497926025E0
6.684567950E1,-9.060358887E0,1.347198486E-3,3.467988281E0
6.685571950E1,-9.022188263E0,9.280700684E-3,3.392545166E0
6.686575950E1,-9.048383789E0,3.173400879E-2,3.392994232E0
6.687580050E1,-9.015152893E0,7.634124756E-2,3.370540924E0
6.688584050E1,-9.014254761E0,8.292755127E-2,3.395688629E0
6.689588050E1,-9.110803986E0,8.008346558E-2,3.486399994E0
6.690592100E1,-9.127569122E0,8.577163696E-2,3.507206726E0
6.691596100E1,-9.122030640E0,8.532257080E-2,3.505410461E0
6.692600200E1,-9.191186829E0,8.173004150E-2,3.466341705E0
6.693604200E1,-9.193731537E0,8.217910767E-2,3.366798706E0
6.694608200E1,-9.101822662E0,7.439529419E-2,3.293451233E0
6.695612200E1,-9.142537994E0,3.876937866E-2,3.288212128E0
6.696616200E1,-9.114097137E0,8.771759033E-2,3.357068939E0
6.697620300E1,-9.211993561E0,1.499880981E-1,3.304079132E0
6.698624300E1,-9.230854340E0,2.275268555E-1,3.311413879E0
6.699628300E1,-9.113199005E0,1.442999268E-1,3.099005585E0
6.700632300E1,-9.223369904E0,-3.068618774E-2,3.104244690E0
6.701636300E1,-9.137598267E0,2.260299683E-2,3.254532166E0
6.702640400E1,-9.111552429E0,-8.068222046E-2,3.353476410E0
6.703644400E1,-9.163344727E0,-1.435514832E-1,3.450923767E0
6.704648400E1,-9.119485931E0,-4.445755005E-2,3.542084198E0
6.705652400E1,-9.116941223E0,4.655319214E-2,3.557801514E0
6.706656400E1,-9.138346710E0,1.586700439E-1,3.598067780E0
6.707660400E1,-9.054970093E0,2.748284912E-1,3.590433655E0
6.708664500E1,-8.940907288E0,3.249742126E-1,3.629801788E0
6.709668500E1,-8.939410400E0,3.293151855E-1,3.645369415E0
6.710672500E1,-9.002429352E0,2.782713318E-1,3.636537781E0
6.711676500E1,-9.063352661E0,2.309696960E-1,3.663631439E0
6.712680500E1,-9.115294647E0,1.911524963E-1,3.664080505E0
6.713684600E1,-9.298363953E0,1.454974365E-1,3.682791595E0
6.714688600E1,-9.434431000E0,4.550537109E-2,3.722908173E0
6.715692600E1,-9.619595947E0,-7.664062500E-2,3.668720856E0
6.716696600E1,-9.828411713E0,7.035369873E-2,3.666774902E0
6.717700600E1,-9.585766296E0,1.187031555E-1,3.619473267E0
6.718704700E1,-9.665101318E0,1.293310547E-1,3.459605713E0
6.719708700E1,-9.171278229E0,1.419049072E-1,3.135230255E0