"Time (s)","X (rad/s)","Y (rad/s)","Z (rad/s)"
5.790750001E-3,9.033273906E-2,2.936461568E-1,-4.668713361E-2
1.583075000E-2,1.083658040E-1,3.158534467E-1,-2.988636261E-4
2.587075002E-2,1.564747691E-1,3.630430698E-1,-8.200285956E-3
3.591175002E-2,1.905059665E-1,4.180906117E-1,-2.754761837E-2
4.595175001E-2,2.315849513E-1,4.806479812E-1,-4.382290319E-2
5.599175001E-2,2.434277534E-1,5.142040849E-1,-3.993468732E-2
6.603175000E-2,2.037157863E-1,4.792009294E-1,-3.160482645E-2
7.607275000E-2,1.373878866E-1,3.992253840E-1,-2.665054612E-2
8.611275000E-2,7.967293262E-2,2.781961560E-1,-2.079556882E-2
9.615275002E-2,4.339934886E-2,1.617166698E-1,-1.569082029E-2
1.061937500E-1,3.657523915E-2,8.822380006E-2,-7.285262924E-3
1.162337500E-1,3.717099130E-2,7.226747274E-2,-7.176409708E-4
1.262737500E-1,3.973961622E-2,8.037751168E-2,3.269525478E-3
1.363147500E-1,3.564979881E-2,9.639882296E-2,6.775577087E-3
1.463547500E-1,2.930746228E-2,1.159121245E-1,1.363876928E-2
1.563947500E-1,2.582804114E-2,1.556856483E-1,2.888643369E-2
1.664357500E-1,2.075959370E-2,1.985291690E-1,2.294613048E-2
1.764757500E-1,1.821387745E-2,2.457089275E-1,2.592247911E-2
1.865157500E-1,1.682205498E-2,2.518993020E-1,2.963056974E-2
1.965567500E-1,2.473350801E-2,2.535600662E-1,1.406838745E-2
2.065967500E-1,2.419657633E-2,2.627587914E-1,9.997271933E-3
2.166367500E-1,1.909129694E-2,2.748790979E-1,1.422743686E-2
2.266767500E-1,3.147020470E-4,2.993591726E-1,2.167567611E-2
2.367177500E-1,-3.883724567E-4,3.200250268E-1,9.152429178E-3
2.467577500E-1,-3.807056462E-3,3.351247013E-1,1.597760618E-2
2.567977500E-1,-3.651794279E-3,3.308529854E-1,3.904670849E-2
2.668387500E-1,1.405899413E-2,3.513500988E-1,3.022359498E-2
2.768787500E-1,1.583798602E-2,3.531416059E-1,3.527002037E-2
2.869187500E-1,4.089970514E-2,3.705756068E-1,2.236548439E-2
2.969597500E-1,4.234180599E-2,3.943203688E-1,1.744049974E-2
3.069997500E-1,3.067129478E-2,4.385853708E-1,3.030288778E-2
3.170397500E-1,2.169138193E-2,4.783532917E-1,2.986346744E-2
3.270807500E-1,7.552351337E-3,4.958772659E-1,4.953777418E-3
3.371207500E-1,-1.125915349E-2,5.108407736E-1,1.321623474E-2
3.471607500E-1,-1.598649845E-2,4.643477499E-1,3.154869750E-2
3.572007500E-1,2.844248526E-2,3.850494623E-1,8.638025075E-2
3.672417500E-1,7.166213542E-2,3.276582658E-1,7.494585216E-2
3.772817500E-1,7.994429767E-2,2.980313897E-1,2.111218125E-2
3.873217500E-1,7.568696886E-2,2.460517585E-1,-1.377270278E-2
3.973627500E-1,7.683345675E-2,1.894409508E-1,-2.134220488E-2
4.074027500E-1,7.899381965E-2,1.293767840E-1,-2.165697329E-2
4.174427500E-1,7.818529010E-2,7.936793566E-2,-3.744738549E-2
4.274837500E-1,7.776260376E-2,7.850950211E-2,-3.956666961E-2
4.375237500E-1,7.061814517E-2,1.017170921E-1,-3.481080011E-2
4.475637500E-1,6.324178725E-2,1.227400452E-1,-2.853599750E-2
4.576037500E-1,6.019167230E-2,1.354790032E-1,-1.904289424E-2
4.676447500E-1,5.910074338E-2,1.464871615E-1,-1.515432168E-2
4.776847500E-1,6.277804077E-2,1.551656127E-1,-1.374870632E-2
4.877247500E-1,6.342253834E-2,1.650855094E-1,-1.275890693E-2
4.977657500E-1,5.899370462E-2,1.774470955E-1,-1.054262370E-2
5.078057500E-1,5.126550794E-2,1.819200069E-1,-8.036934771E-3
5.178457500E-1,4.261023551E-2,1.877818853E-1,-3.772947472E-3
5.278867500E-1,3.235758096E-2,1.832028180E-1,2.808098216E-3
5.379267500E-1,2.049799263E-2,1.739187688E-1,4.535957240E-3
5.479667500E-1,7.884252816E-3,1.593980640E-1,4.010218196E-3
5.580077500E-1,-2.547348849E-3,1.389756203E-1,7.257417310E-4
5.680477500E-1,-6.771176122E-3,1.141793206E-1,-1.517802244E-3
5.780877500E-1,-1.212386321E-2,9.258668125E-2,-4.968193825E-3
5.881287500E-1,-1.438543759E-2,7.798894495E-2,-6.618988700E-3
5.981687500E-1,-1.736817695E-2,6.786307693E-2,-2.771253930E-3
6.082087500E-1,-1.879987866E-2,5.551275983E-2,-7.799785817E-4
6.182487500E-1,-1.660410129E-2,4.802022129E-2,-4.974171752E-4
6.282897500E-1,-1.097866427E-2,5.409744382E-2,-2.054565120E-4
6.383297500E-1,-5.333561450E-3,4.699612409E-2,-5.011662841E-3
6.483697500E-1,1.763523556E-3,4.248026386E-2,1.028966391E-3
6.584107500E-1,5.819251761E-3,4.783268645E-2,-5.765556358E-3
6.684507500E-1,1.119453833E-2,5.251954868E-2,-8.291365579E-3
6.784907500E-1,1.647132449E-2,5.912525207E-2,-4.478251562E-3
6.885317500E-1,1.802951656E-2,6.857467443E-2,-7.138660643E-3
6.985717500E-1,2.103888802E-2,7.583684474E-2,-4.663518164E-3
7.086117500E-1,2.205464058E-2,8.405184746E-2,-3.168380354E-3
7.186517500E-1,1.988815889E-2,8.273384720E-2,-4.158543888E-3
7.286927500E-1,1.925482787E-2,7.432606071E-2,-6.791404448E-3
7.387327500E-1,1.776984893E-2,6.977019459E-2,-5.728269927E-3
7.487727500E-1,9.993167594E-3,7.073993981E-2,-2.743369434E-3
7.588137500E-1,1.611666637E-3,7.239003479E-2,-1.563386619E-2
7.688537500E-1,7.997658104E-3,7.451864332E-2,-1.262197085E-2
7.788937500E-1,4.372030497E-3,7.218971103E-2,-1.063498575E-2
7.889347500E-1,4.647665191E-3,7.618918270E-2,-1.700833626E-2
7.989747500E-1,6.853561848E-3,9.669233114E-2,-1.174510922E-3
8.090147500E-1,-7.433982100E-4,1.116296723E-1,-1.322003826E-2
8.190557500E-1,-6.918203551E-3,1.178944856E-1,-1.766698435E-2
8.290957500E-1,-1.267569605E-2,1.188895926E-1,-1.439556759E-2
8.391357500E-1,-1.469623763E-2,1.187063679E-1,-6.045758724E-3
8.491757500E-1,-2.060205862E-2,1.171562597E-1,-9.407989681E-3
8.592167500E-1,-2.576006763E-2,1.223219931E-1,-1.095198561E-3
8.692567500E-1,-3.035293892E-2,1.199522018E-1,9.704620577E-3
8.792967500E-1,-3.716610372E-2,1.079373434E-1,1.346953120E-2
8.893377500E-1,-4.313455895E-2,9.272542596E-2,1.235930808E-2
8.993777500E-1,-4.469623417E-2,8.349570632E-2,7.851374336E-3
9.094177500E-1,-4.403544590E-2,7.491397113E-2,5.173014943E-3
9.194587500E-1,-4.979027063E-2,7.053653896E-2,5.328809842E-3
9.294987500E-1,-4.956258461E-2,7.119771093E-2,7.152512670E-3
9.395387500E-1,-4.978416115E-2,5.818603933E-2,5.696562584E-3
9.495787500E-1,-4.051477835E-2,3.277134150E-2,6.347804330E-3
9.596197500E-1,-2.696861140E-2,4.658481106E-3,5.731814541E-3
9.696597500E-1,-1.399953570E-2,-1.245522685E-2,4.401457496E-3
9.796997500E-1,-3.130642464E-3,-1.436764281E-2,6.247028243E-3
9.897409167E-1,4.975466058E-3,-3.123187693E-3,8.986049332E-3
9.997809167E-1,1.232312713E-2,4.272144288E-3,9.006925975E-4
1.009820917E0,2.114350908E-2,-1.844782848E-3,-3.746405710E-3
1.019861917E0,3.200015426E-2,8.878702298E-3,4.942690022E-3
1.029901917E0,3.152188286E-2,1.386950072E-2,5.983454757E-4
1.039941917E0,3.637629375E-2,-3.200296545E-3,-1.260986831E-2
1.049981917E0,5.035141483E-2,-2.478798293E-2,-1.500301808E-2
1.060022917E0,5.829562247E-2,-3.267173842E-2,-5.880626384E-3
1.070062917E0,5.611112341E-2,-3.281639144E-2,4.457541741E-3
1.080102917E0,4.283419997E-2,-1.528427005E-2,1.647532173E-2
1.090143917E0,1.890915632E-2,1.401337050E-2,1.159973536E-2
1.100183917E0,1.426913124E-2,2.234799974E-2,-8.436024189E-3
1.110223917E0,1.722409949E-2,6.103386637E-3,9.189561941E-3
1.120264917E0,7.493441924E-3,2.541343495E-2,8.570110425E-3
1.130304917E0,4.385416396E-4,5.486931279E-2,8.853227831E-3
1.140344917E0,-8.426854387E-3,6.471128762E-2,3.847816028E-3
1.150385917E0,-1.517662965E-2,6.386031955E-2,8.358596824E-5
1.160425917E0,-1.551058888E-2,5.954706669E-2,-1.136141829E-3
1.170465917E0,-1.227303687E-2,5.352952704E-2,-1.925602206E-3
1.180505917E0,-1.941483654E-2,4.328195006E-2,-2.199375071E-3
1.190546917E0,-2.464978769E-2,3.833460063E-2,-4.507358652E-3
1.200586917E0,-3.064562939E-2,2.742495760E-2,-9.049646556E-3
1.210626917E0,-3.679006919E-2,1.603985764E-2,-9.672145359E-3
1.220667917E0,-3.830860183E-2,1.303261705E-2,-7.790355943E-3
1.230707917E0,-3.885295987E-2,1.208855398E-2,-4.328798968E-3
1.240747917E0,-3.593413532E-2,1.071942225E-2,-5.106247263E-4
1.250788917E0,-3.225789219E-2,8.608425967E-3,4.318248946E-3
1.260828917E0,-2.556750178E-2,9.578615427E-3,5.445298739E-3
1.270868917E0,-1.906622946E-2,7.405381650E-3,4.513517022E-3
1.280908917E0,-1.189513691E-2,-1.073857071E-3,3.419411951E-4
1.290949917E0,-4.788772669E-3,-1.297854446E-2,-2.222447190E-3
1.300989917E0,7.830616087E-3,-1.796771027E-2,-4.941801075E-3
1.311029917E0,2.007481642E-2,-1.733428426E-2,-6.855181884E-3
1.321070917E0,3.153572977E-2,-1.344393753E-2,-7.765450049E-3
1.331110917E0,4.329329357E-2,-5.379151553E-3,-8.881897666E-3
1.341150917E0,5.104282498E-2,2.659600228E-3,-1.292484254E-2
1.351191917E0,6.058464572E-2,1.046464220E-2,-1.661801524E-2
1.361231917E0,7.003487647E-2,1.255016401E-2,-2.096882090E-2
1.371271917E0,8.062151074E-2,1.083598100E-2,-2.643555030E-2
1.381311917E0,8.732521534E-2,1.092173532E-2,-2.402432635E-2
1.391352917E0,9.248879552E-2,1.428145729E-2,-2.150436305E-2
1.401392917E0,9.333302081E-2,2.200515755E-2,-2.305991575E-2
1.411432917E0,9.028182924E-2,3.421003744E-2,-3.242919222E-2
1.421473917E0,9.230156988E-2,5.765624344E-2,-2.051847242E-2
1.431513917E0,9.416310489E-2,5.987941846E-2,-1.099463366E-2
1.441553917E0,9.325043857E-2,4.073368758E-2,-1.449695602E-2
1.451594917E0,9.137077630E-2,2.478164621E-2,-1.136403438E-2
1.461634917E0,9.275694937E-2,2.610656805E-2,-6.056353915E-3
1.471674917E0,9.057290852E-2,3.888130933E-2,-4.658963066E-3
1.481714917E0,8.739095926E-2,5.583153293E-2,-3.789707087E-3
1.491755917E0,8.656805009E-2,6.583879888E-2,-3.967990633E-3
1.501795917E0,8.368784189E-2,7.237552851E-2,-5.480133463E-3
1.511835917E0,7.798223197E-2,7.568565756E-2,-7.767230738E-3
1.521876917E0,7.494143397E-2,7.762178034E-2,-8.033546619E-3
1.531916917E0,7.089376450E-2,7.921162993E-2,-6.440310739E-3
1.541956917E0,6.513255090E-2,8.035572618E-2,-8.093231590E-4
1.551997917E0,5.719894916E-2,7.449229807E-2,4.529296421E-3
1.562037917E0,4.739638418E-2,6.231952086E-2,9.471057914E-3
1.572077917E0,4.106551409E-2,4.855683818E-2,1.118826400E-2
1.582117917E0,3.452692181E-2,3.085374087E-2,1.038638689E-2
1.592158917E0,3.188347071E-2,1.216527354E-2,9.668132290E-3
1.602198917E0,3.320972621E-2,1.183462911E-3,9.632445872E-3
1.612238917E0,3.350777179E-2,-1.248974120E-3,9.457685985E-3
1.622279917E0,3.315490112E-2,-3.692158265E-3,9.455821477E-3
1.632319917E0,3.034815937E-2,-5.216320045E-3,1.235859469E-2
1.642359917E0,2.741521969E-2,-6.104217842E-3,1.413013041E-2
1.652400917E0,2.339122817E-2,-5.375097040E-3,1.236760337E-2
1.662440917E0,2.117734030E-2,-1.117226668E-2,9.105497971E-3
1.672480917E0,2.076696604E-2,-1.413328480E-2,7.672618609E-3
1.682520917E0,2.382533997E-2,-1.386856567E-2,4.896272905E-3
1.692561917E0,2.579768188E-2,-1.233772188E-2,3.028736217E-3
1.702601917E0,2.746721730E-2,-8.126463741E-3,3.522220068E-3
1.712641917E0,2.865552530E-2,-3.525201930E-3,6.092446856E-3
1.722682917E0,3.025928140E-2,2.388613299E-3,6.540922914E-3
1.732722917E0,3.159425408E-2,8.795429021E-3,6.033726502E-3
1.742762917E0,3.373996541E-2,1.350283250E-2,6.325608585E-3
1.752802917E0,3.516957164E-2,2.059350163E-2,5.969456863E-3
1.762843917E0,3.131544590E-2,2.533339709E-2,7.570815738E-3
1.772883917E0,3.057611547E-2,3.347032517E-2,8.323481306E-3
1.782923917E0,2.307292446E-2,4.842770100E-2,8.159963414E-3
1.792964917E0,1.960524172E-2,4.591681808E-2,8.079843596E-3
1.803004917E0,1.707230881E-2,4.383156076E-2,7.452668622E-3
1.813044917E0,1.633171737E-2,4.303871468E-2,6.202513818E-3
1.823085917E0,1.678072661E-2,4.116651416E-2,7.360456046E-3
1.833125917E0,1.691098139E-2,4.423107579E-2,7.479016669E-3
1.843165917E0,1.532533485E-2,5.048684031E-2,5.906952545E-3
1.853205917E0,1.369303279E-2,5.182521790E-2,7.072517648E-3
1.863246917E0,1.238089241E-2,4.575107992E-2,4.024796188E-3
1.873286917E0,1.427146327E-2,3.989141434E-2,4.363135435E-3
1.883326917E0,1.390634384E-2,2.903983369E-2,2.940208651E-3
1.893367917E0,1.245121285E-2,2.025720477E-2,1.851016423E-3
1.903407917E0,1.036116388E-2,1.591412164E-2,3.271546680E-3
1.913447917E0,9.517207742E-3,1.323817670E-2,3.967696801E-3
1.923488917E0,8.341957815E-3,6.692186929E-3,8.146334440E-3
1.933528917E0,4.595702048E-3,-2.142551821E-3,1.062829327E-2
1.943568917E0,1.970091602E-3,-8.803917095E-3,1.435139216E-2
1.953608917E0,-3.506275825E-4,-8.357725106E-3,1.482961513E-2
1.963649917E0,-3.628978971E-3,-4.837825429E-3,1.416595466E-2
1.973689917E0,-5.572028924E-3,1.629216480E-3,9.604077786E-3
1.983729917E0,-7.771533448E-3,1.384472009E-3,8.348397911E-3
1.993770625E0,-1.016121730E-2,4.371558316E-3,6.464681122E-3
2.003810625E0,-1.386833750E-2,4.393928684E-3,4.141872283E-3
2.013850625E0,-1.799513400E-2,6.148779299E-3,4.679242615E-3
2.023891625E0,-2.097361349E-2,2.027537674E-3,5.699233152E-3
2.033931625E0,-2.084232308E-2,1.177397207E-3,4.737427458E-3
2.043971625E0,-1.888995990E-2,-2.215611748E-4,1.778921811E-3
2.054011625E0,-1.720073260E-2,1.600216143E-3,1.789809903E-3
2.064052625E0,-1.559031848E-2,2.882528119E-3,1.108471770E-5
2.074092625E0,-1.814989187E-2,5.719979526E-4,2.479281742E-3
2.084132625E0,-2.009426616E-2,2.737414325E-3,-1.159687527E-4
2.094173625E0,-2.157817408E-2,3.676297609E-3,3.935043351E-4
2.104213625E0,-2.341894992E-2,6.934941746E-3,4.261746071E-3
2.114253625E0,-2.394814231E-2,1.081915945E-2,3.921746276E-3
2.124293625E0,-2.342989109E-2,1.455717161E-2,3.452763893E-3
2.134334625E0,-2.165187895E-2,1.464947686E-2,1.985269831E-3
2.144374625E0,-2.008221298E-2,8.471209556E-3,2.698997036E-3
2.154414625E0,-1.822788641E-2,4.724167287E-3,5.297510885E-3
2.164455625E0,-1.830432005E-2,6.154284813E-3,6.299125031E-3
2.174495625E0,-1.673573256E-2,1.365605183E-2,6.058877800E-3
2.184535625E0,-1.526779868E-2,1.165495254E-2,3.247378627E-3
2.194575625E0,-1.148793940E-2,1.004537288E-2,4.126559477E-3
2.204616625E0,-1.175398938E-2,1.956537552E-2,1.933446154E-3
2.214656625E0,-1.119020768E-2,1.748520695E-2,-4.699443001E-3
2.224696625E0,-4.912338220E-3,3.613866866E-3,-6.571112666E-3
2.234737625E0,-2.256139182E-3,-3.532819683E-3,-8.879750967E-3
2.244777625E0,4.275280517E-4,-1.461945940E-3,-9.089341387E-3
2.254817625E0,2.314643934E-3,8.234623820E-3,-7.475465536E-3
2.264858625E0,7.222621236E-3,1.660689712E-2,-8.200967684E-3
2.274898625E0,1.229591295E-2,1.617501676E-2,-1.194197126E-2
2.284938625E0,1.746697351E-2,8.376749232E-3,-1.544429362E-2
2.294978625E0,1.896288618E-2,-7.197936065E-5,-1.276471838E-2
2.305019625E0,1.334787905E-2,2.706230152E-3,-1.103898976E-2
2.315059625E0,3.452894045E-3,1.299937535E-2,-2.249459922E-2
2.325099625E0,8.000060916E-5,2.635566145E-2,-1.340070181E-2
2.335140625E0,3.020350123E-3,1.971713454E-2,-3.093663836E-4
2.345180625E0,5.798026919E-3,-5.539752543E-3,5.737377796E-4
2.355220625E0,7.830383256E-3,-2.682407573E-2,9.876596741E-4
2.365260625E0,6.968317553E-3,-2.613538317E-2,1.354480628E-4
2.375301625E0,1.699451241E-3,-1.778105833E-2,-1.396139851E-3
2.385341625E0,-2.783980453E-3,-1.291919034E-2,-3.787658643E-3
2.395381625E0,-6.983738393E-3,-1.291619428E-2,-5.189316347E-3
2.405422625E0,-1.325148717E-2,-1.621878147E-2,-5.771483295E-3
2.415462625E0,-2.066893503E-2,-2.275873721E-2,-2.863203641E-3
2.425502625E0,-2.509750798E-2,-2.001941018E-2,-2.059994265E-3
2.435542625E0,-2.913462557E-2,-1.305868011E-2,-4.135614727E-4
2.445583625E0,-2.774285711E-2,-4.022308625E-3,3.720710520E-4
2.455623625E0,-2.758017741E-2,6.859746762E-3,9.909060318E-4
2.465663625E0,-2.435934916E-2,1.655445248E-2,7.472268771E-4
2.475704625E0,-2.481660992E-2,2.369210869E-2,4.228644539E-4
2.485744625E0,-2.485229634E-2,3.002430685E-2,6.870500511E-4
2.495784625E0,-2.561207861E-2,3.072247282E-2,-2.170618391E-3
2.505824625E0,-2.045806311E-2,2.803454362E-2,-6.272643805E-5
2.515865625E0,-1.759251021E-2,2.532906644E-2,1.050986699E-3
2.525905625E0,-1.416528970E-2,2.594745159E-2,7.164936396E-4
2.535945625E0,-1.213863119E-2,2.554194070E-2,-2.341374056E-4
2.545986625E0,-9.879471734E-3,2.811828256E-2,-9.515930433E-4
2.556026625E0,-9.555611759E-3,2.672086656E-2,-1.323351730E-2
2.566066625E0,-2.175193746E-3,3.720253333E-2,-2.248510486E-3
2.576106625E0,3.924781457E-3,2.968534827E-2,2.173146233E-3
2.586147625E0,1.051663794E-2,1.150155161E-2,-1.220786362E-3
2.596187625E0,1.393773034E-2,-4.220721312E-4,-5.874970229E-4
2.606227625E0,1.456144266E-2,9.601085912E-4,1.490034978E-3
2.616268625E0,1.819105446E-2,3.987618256E-3,4.896463361E-3
2.626308625E0,1.790929213E-2,6.771154236E-3,4.502848256E-3
2.636348625E0,1.931967400E-2,7.913202979E-3,3.893986344E-3
2.646388625E0,2.065924369E-2,3.991432022E-3,6.503085606E-3
2.656429625E0,2.172156423E-2,-1.033510780E-3,4.514204804E-3
2.666469625E0,2.442733571E-2,-5.694042426E-3,6.423159037E-3
2.676509625E0,1.935401559E-2,-1.099607069E-2,5.535665434E-3
2.686550625E0,1.940994151E-2,-1.540946215E-2,8.674733341E-3
2.696590625E0,1.881984435E-2,-1.936548948E-2,1.120992191E-2
2.706630625E0,1.888189465E-2,-1.895243302E-2,1.217345428E-2
2.716670625E0,1.631988399E-2,-1.715338603E-2,1.312715560E-2
2.726711625E0,1.276562922E-2,-1.560715586E-2,1.124083810E-2
2.736751625E0,9.188761935E-3,-1.470188610E-2,1.223345101E-2
2.746791625E0,6.609223783E-3,-1.395193860E-2,1.171679795E-2
2.756832625E0,5.699186586E-3,-1.499146409E-2,1.119913347E-2
2.766872625E0,4.827800207E-3,-1.562476344E-2,1.181299146E-2
2.776912625E0,2.592429286E-3,-1.683755592E-2,1.158068702E-2
2.786952625E0,-1.598054776E-3,-2.056118846E-2,1.296712831E-2
2.796993625E0,-4.672996700E-3,-2.192156762E-2,1.121904328E-2
2.807033625E0,-6.291399244E-3,-2.256578580E-2,1.016309951E-2
2.817073625E0,-9.156197309E-3,-1.998926885E-2,9.170859121E-3
2.827113625E0,-7.660033181E-3,-1.911522076E-2,5.058672279E-3
2.837154625E0,-9.153536521E-3,-1.922819763E-2,4.790885840E-3
2.847194625E0,-8.066967130E-3,-1.823057793E-2,4.513118416E-3
2.857234625E0,-5.680519156E-3,-1.551977731E-2,4.184590653E-3
2.867275625E0,-7.959919050E-3,-1.535199955E-2,6.625111215E-3
2.877315625E0,-9.776145220E-3,-1.376457140E-2,8.761744015E-3
2.887355625E0,-9.683467448E-3,-1.289797947E-2,1.142543741E-2
2.897395625E0,-1.104808785E-2,-1.101340912E-2,1.131687686E-2
2.907436625E0,-1.286010258E-2,-1.084643044E-2,9.623372927E-3
2.917476625E0,-1.150294952E-2,-9.323988110E-3,8.408321068E-3
2.927516625E0,-1.138789952E-2,-1.163348183E-2,6.451430265E-3
2.937557625E0,-1.134955790E-2,-1.415407471E-2,5.629696418E-3
2.947597625E0,-1.250164118E-2,-1.775813103E-2,4.203573801E-3
2.957637625E0,-1.088992413E-2,-2.323057503E-2,4.912176635E-3
2.967677625E0,-1.140284911E-2,-2.250220068E-2,4.156371579E-3
2.977718625E0,-1.006010082E-2,-2.320841327E-2,3.855125280E-3
2.987758625E0,-9.186317213E-3,-2.031568810E-2,3.873501206E-3
2.997799167E0,-6.602207199E-3,-1.577593945E-2,5.851804279E-3
3.007839167E0,-9.435011074E-3,-1.205071062E-2,5.418507848E-3
3.017880167E0,-9.488274343E-3,-7.516945247E-3,8.392193355E-3
3.027920167E0,-1.327582169E-2,-5.238611251E-3,8.664102294E-3
3.037960167E0,-1.526283193E-2,-2.560923807E-3,8.712113835E-3
3.048001167E0,-1.755075343E-2,-3.031238448E-3,5.034821108E-3
3.058041167E0,-1.639411412E-2,-3.016409930E-3,6.213866174E-3
3.068081167E0,-1.707961224E-2,-6.267863791E-3,6.247954443E-3
3.078121167E0,-2.038168348E-2,-7.024943363E-3,7.592542097E-3
3.088162167E0,-2.227652259E-2,-5.019849632E-3,7.689214777E-3
3.098202167E0,-2.631890029E-2,-9.682893287E-4,7.577841170E-3
3.108242167E0,-2.966782451E-2,3.883191384E-3,8.185573854E-3
3.118283167E0,-3.386712819E-2,2.557022264E-3,9.284064174E-3
3.128323167E0,-3.626503795E-2,-2.643864835E-3,8.582854643E-3
3.138363167E0,-3.748611361E-2,-4.489318933E-3,6.144559942E-3
3.148403167E0,-3.474625200E-2,-1.489001792E-3,3.496845486E-3
3.158444167E0,-3.482802212E-2,4.765934311E-3,2.969379537E-3
3.168484167E0,-3.170839697E-2,7.340944372E-3,1.341782045E-4
3.178524167E0,-3.031042404E-2,8.289127611E-3,5.901528057E-4
3.188564167E0,-2.767602727E-2,1.182207651E-2,-7.198561216E-4
3.198605167E0,-2.934296243E-2,9.995407425E-3,2.527208999E-4
3.208645167E0,-2.500999905E-2,3.219526494E-3,9.930796223E-4
3.218685167E0,-2.173642069E-2,-1.640740316E-3,4.720801371E-4
3.228725167E0,-1.587853208E-2,-2.578439191E-3,-1.692090882E-4
3.238766167E0,-9.613466449E-3,-2.136356896E-3,-2.006172435E-3
3.248806167E0,-5.217652768E-3,2.341215964E-3,-1.056755427E-3
3.258846167E0,-1.647645608E-3,4.580080975E-3,-2.882928122E-3
3.268887167E0,2.490577754E-4,5.145736039E-3,-4.105052911E-3
3.278927167E0,-8.513862267E-4,3.275010502E-3,-4.204313271E-3
3.288967167E0,-3.021862591E-3,6.795443594E-3,-3.851178102E-3
3.299007167E0,-9.523986839E-3,1.039215922E-2,-1.301371958E-3
3.309048167E0,-1.623994485E-2,8.550316095E-3,2.624362824E-4
3.319088167E0,-1.633770019E-2,2.574299928E-3,2.803720068E-3
3.329128167E0,-1.346707903E-2,-3.807432950E-3,3.643414704E-3
3.339168167E0,-1.160579268E-2,-4.767975770E-3,2.930092625E-3
3.349209167E0,-9.890184738E-3,-5.446016788E-3,8.930405602E-4
3.359249167E0,-5.553761963E-3,-8.867971599E-3,-1.608072547E-3
3.369289167E0,-5.458420608E-3,-1.664440334E-2,-2.355621895E-3
3.379330167E0,-4.485283978E-3,-2.324483730E-2,-4.838977009E-3
3.389370167E0,-3.185660811E-3,-2.227597870E-2,-3.763858462E-3
3.399410167E0,-2.793126740E-3,-1.863771863E-2,-3.571748966E-3
3.409450167E0,-3.789415117E-3,-1.505736541E-2,-3.797318554E-3
3.419491167E0,-2.785940422E-3,-1.255171560E-2,-3.018621122E-3
3.429531167E0,-3.222965403E-3,-1.277701929E-2,-3.078542417E-3
3.439571167E0,-3.219510196E-3,-9.504704736E-3,-5.046234932E-3
3.449611167E0,-4.183308221E-3,-7.659666240E-3,-5.211883690E-3
3.459652167E0,-4.782224074E-3,-6.547557190E-3,-6.191990338E-3
3.469692167E0,-3.794457065E-3,-7.205091417E-3,-6.889472716E-3
3.479732167E0,-5.819565617E-3,-2.836446278E-3,-4.372615367E-3
3.489772167E0,-8.690985851E-3,1.452041906E-3,-2.466857433E-3
3.499813167E0,-1.062252373E-2,3.199376864E-3,-3.283488331E-4
3.509853167E0,-1.174371503E-2,4.075850593E-4,-7.520576473E-4
3.519893167E0,-1.115703769E-2,-3.111665603E-3,1.285889070E-3
3.529934167E0,-6.678665988E-3,-6.292279344E-3,-1.313089859E-3
3.539974167E0,-1.460510073E-3,-3.353543580E-3,-5.833529867E-4
3.550014167E0,1.277219621E-3,4.561081296E-4,-2.972741146E-3
3.560054167E0,5.681571085E-3,-1.592779066E-3,-5.043976940E-3
3.570095167E0,6.385711022E-3,-8.924194612E-3,-8.821669966E-3
3.580135167E0,7.574026939E-3,-1.601237431E-2,-1.170610823E-2
3.590175167E0,4.581166431E-3,-2.232779562E-2,-1.385554578E-2
3.600215167E0,1.855987823E-3,-2.629661188E-2,-1.424122415E-2
3.610256167E0,-1.819973113E-3,-2.883540280E-2,-1.330485661E-2
3.620296167E0,-4.282636568E-3,-2.699217200E-2,-1.029411051E-2
3.630336167E0,-5.430262536E-4,-2.794718184E-2,-7.106839679E-3
3.640376167E0,1.877994742E-3,-2.691068687E-2,-6.002440117E-3
3.650417167E0,3.842342412E-3,-2.483954653E-2,-1.661221497E-3
3.660457167E0,6.747844629E-3,-1.565261558E-2,-1.200378058E-3
3.670497167E0,8.091942407E-3,-8.164606988E-3,-1.288795029E-3
3.680537167E0,9.555671364E-3,-3.639151808E-3,-2.156044822E-3
3.690578167E0,1.385614462E-2,-2.829018515E-3,-3.944624215E-3
3.700618167E0,1.568203978E-2,-2.973002614E-3,-7.112506777E-3
3.710658167E0,1.838301867E-2,-9.144079871E-3,-8.982311934E-3
3.720699167E0,1.754057594E-2,-5.650197156E-3,-1.026949566E-2
3.730739167E0,2.172573283E-2,-1.581952674E-3,-1.057922095E-2
3.740779167E0,2.729234099E-2,6.375548430E-3,-9.491018951E-3
3.750819167E0,2.653467096E-2,1.371309068E-2,-1.005214639E-2
3.760860167E0,2.989419922E-2,2.062582225E-2,-6.376976147E-3
3.770900167E0,3.108090349E-2,2.488368563E-2,-8.919495158E-3
3.780940167E0,2.842254937E-2,1.973828115E-2,-8.656076156E-3
3.790980167E0,2.444911003E-2,1.676033437E-2,-7.274162024E-3
3.801021167E0,2.190498263E-2,1.576188579E-2,-8.940928616E-3
3.811061167E0,1.817469299E-2,1.670064963E-2,-7.275388110E-3
3.821101167E0,1.610434987E-2,1.868570969E-2,-5.391606130E-3
3.831141167E0,1.321295556E-2,1.944843866E-2,-4.047241993E-3
3.841182167E0,1.019320823E-2,1.837228611E-2,-4.090225324E-3
3.851222167E0,1.211174950E-2,1.223662961E-2,-6.350982469E-3
3.861262167E0,9.373515844E-3,1.202514768E-2,-5.224262364E-3
3.871302167E0,4.746006802E-3,1.252688747E-2,-7.687153295E-3
3.881343167E0,2.842894290E-3,2.154068090E-2,-7.044842467E-3
3.891383167E0,2.087621950E-3,3.059622645E-2,-8.019026369E-3
3.901423167E0,-1.312992070E-3,4.215182737E-2,-6.485771388E-3
3.911463167E0,-3.437928390E-3,5.399703607E-2,-8.965440094E-3
3.921504167E0,-4.138043150E-3,6.262784451E-2,-8.373610675E-3
3.931544167E0,-5.766566843E-3,7.290631533E-2,-8.840195835E-3
3.941584167E0,-8.983996697E-3,7.876049727E-2,-2.831608057E-3
3.951625167E0,-1.191933267E-2,7.691066712E-2,3.468744690E-4
3.961665167E0,-8.580225520E-3,7.728505135E-2,1.973493490E-3
3.971705167E0,-9.065187536E-3,7.649914920E-2,5.622290540E-3
3.981745167E0,-1.001299825E-2,6.978822500E-2,4.737077281E-3
3.991785625E0,-1.203300618E-2,6.318411231E-2,1.865342492E-4
4.001825625E0,-1.508340612E-2,6.308196485E-2,-1.353471307E-4
4.011865625E0,-2.017430402E-2,6.748949736E-2,4.809077829E-3
4.021905625E0,-1.858519018E-2,8.079455793E-2,3.856081981E-3
4.031946625E0,-1.857187226E-2,1.022963896E-1,3.738636617E-3
4.041986625E0,-1.855084114E-2,1.134015918E-1,2.351592109E-2
4.052026625E0,-2.659332193E-2,9.980615973E-2,2.629732527E-2
4.062066625E0,-3.385761753E-2,8.076899499E-2,2.003052458E-2
4.072107625E0,-3.987183422E-2,7.900491357E-2,7.639102638E-3
4.082147625E0,-4.829113558E-2,9.062317014E-2,-1.252551004E-2
4.092187625E0,-5.204140022E-2,1.087853909E-1,-1.095158234E-2
4.102227625E0,-5.599089339E-2,1.098850965E-1,-1.327499002E-2
4.112268625E0,-6.139151752E-2,1.011603177E-1,-1.198921539E-2
4.122308625E0,-6.381337345E-2,8.309808373E-2,-7.907994092E-3
4.132348625E0,-6.982519478E-2,6.645438820E-2,-5.327924155E-3
4.142388625E0,-7.694677263E-2,5.020803586E-2,-1.016524620E-4
4.152429625E0,-8.535436541E-2,2.906467021E-2,1.983336173E-3
4.162469625E0,-9.394336492E-2,1.311839931E-2,-3.760807216E-3
4.172509625E0,-9.300273657E-2,6.435729098E-3,-8.415212855E-3
4.182549625E0,-8.802044392E-2,1.219354663E-2,-1.382180955E-2
4.192590625E0,-8.226136118E-2,2.261023410E-2,-1.488068327E-2
4.202630625E0,-7.158795744E-2,3.034251556E-2,-1.169478707E-2
4.212670625E0,-5.996485800E-2,3.322778270E-2,-9.033223614E-3
4.222710625E0,-5.693577975E-2,4.077985510E-2,-9.031902999E-3
4.232751625E0,-5.459805951E-2,5.098242313E-2,-9.503016248E-3
4.242791625E0,-5.975631997E-2,5.496027321E-2,-2.751486748E-2
4.252831625E0,-6.216621771E-2,8.847855031E-2,-4.250873253E-2
4.262871625E0,-5.187416822E-2,1.089196727E-1,-3.331578895E-2
4.272912625E0,-3.406934068E-2,1.027864143E-1,-2.709038183E-2
4.282952625E0,-1.009290107E-2,9.477056563E-2,-3.069284186E-2
4.292992625E0,1.265502162E-2,1.104038507E-1,-2.915992402E-2
4.303032625E0,3.113492019E-2,1.293960661E-1,-2.734961733E-2
4.313073625E0,4.955174774E-2,1.489655077E-1,-2.599966154E-2
4.323113625E0,6.822396070E-2,1.521883458E-1,-2.770090103E-2
4.333153625E0,9.019690007E-2,1.588997841E-1,-2.698743902E-2
4.343193625E0,1.139432713E-1,1.805364788E-1,-2.133788168E-2
4.353234625E0,1.367662847E-1,2.053305209E-1,-1.571115479E-2
4.363274625E0,1.635640413E-1,2.214303464E-1,-5.955723114E-3
4.373314625E0,1.982620955E-1,1.962855756E-1,-1.862977515E-3
4.383354625E0,2.392330170E-1,1.527384371E-1,5.335252732E-3
4.393395625E0,2.701880038E-1,1.400937438E-1,7.889490575E-3
4.403435625E0,2.976350486E-1,1.581178755E-1,2.207444049E-5
4.413475625E0,3.181400597E-1,1.920643896E-1,-2.075617574E-2
4.423515625E0,3.236738443E-1,2.414669394E-1,-5.268293619E-2
4.433556625E0,3.214468956E-1,2.971440256E-1,-9.074803442E-2
4.443596625E0,3.189190924E-1,3.469794393E-1,-1.208894402E-1
4.453636625E0,3.191166818E-1,3.534333408E-1,-1.414458454E-1
4.463676625E0,3.184242249E-1,3.080664873E-1,-1.657086611E-1
4.473717625E0,3.102171719E-1,2.453187108E-1,-1.757549047E-1
4.483757625E0,2.877773941E-1,1.614636481E-1,-1.713731140E-1
4.493797625E0,2.576365471E-1,9.756348282E-2,-1.561467648E-1
4.503837625E0,2.207365632E-1,6.109942123E-2,-1.407838464E-1
4.513878625E0,1.814818382E-1,4.417423159E-2,-1.499296725E-1
4.523918625E0,1.439640075E-1,7.339588553E-2,-1.694300324E-1
4.533958625E0,1.040669307E-1,1.190169007E-1,-1.759145707E-1
4.543998625E0,6.941518188E-2,1.846643537E-1,-1.904359013E-1
4.554039625E0,4.942044243E-2,2.654585540E-1,-2.175647318E-1
4.564079625E0,3.704131022E-2,3.391273320E-1,-2.412338406E-1
4.574119625E0,2.344667353E-2,3.897239268E-1,-2.476709783E-1
4.584159625E0,9.272241034E-3,4.187250435E-1,-2.483924925E-1
4.594200625E0,1.405795803E-3,4.257824123E-1,-2.437780350E-1
4.604240625E0,7.206939161E-3,4.104233980E-1,-2.418116182E-1
4.614280625E0,2.597929537E-2,3.887588382E-1,-2.394389957E-1
4.624320625E0,5.079463869E-2,3.527220190E-1,-2.351679355E-1
4.634361625E0,7.281685621E-2,3.000492156E-1,-2.207394689E-1
4.644401625E0,8.575608581E-2,2.224062532E-1,-1.936761588E-1
4.654441625E0,9.203208983E-2,1.321165711E-1,-1.664940715E-1
4.664481625E0,8.248148859E-2,3.730854392E-2,-1.509178281E-1
4.674522625E0,6.975317746E-2,-7.729505189E-3,-1.313590407E-1
4.684562625E0,5.570762604E-2,1.335234195E-2,-9.442564100E-2
4.694602625E0,3.898962960E-2,5.913607776E-2,-6.116008759E-2
4.704642625E0,2.194756456E-2,1.008756831E-1,-4.241321236E-2
4.714683625E0,-6.493574474E-4,1.313220114E-1,-2.450877987E-2
4.724723625E0,-2.909405529E-2,1.497295350E-1,-1.947595924E-2
4.734763625E0,-6.178515404E-2,1.629614532E-1,-2.672907896E-2
4.744803625E0,-8.885195851E-2,1.779070199E-1,-3.424020857E-2
4.754844625E0,-1.098903939E-1,1.788191497E-1,-3.619044274E-2
4.764884625E0,-1.264701635E-1,1.631004661E-1,-3.614327312E-2
4.774924625E0,-1.408989131E-1,1.222861931E-1,-3.521090001E-2
4.784964625E0,-1.423671097E-1,7.232312858E-2,-3.589975089E-2
4.795005625E0,-1.357637942E-1,1.836509258E-2,-6.636498123E-2
4.805045625E0,-1.356641650E-1,1.193297212E-3,-1.074153855E-1
4.815085625E0,-1.484763622E-1,1.775789261E-2,-1.431741714E-1
4.825125625E0,-1.652623117E-1,6.007182226E-2,-1.692921966E-1
4.835166625E0,-1.876334101E-1,1.111368760E-1,-1.871079355E-1
4.845206625E0,-2.140932083E-1,1.626776755E-1,-2.073168606E-1
4.855246625E0,-2.348264456E-1,2.019188255E-1,-2.253943980E-1
4.865286625E0,-2.517274320E-1,2.209612578E-1,-2.439137995E-1
4.875327625E0,-2.633683681E-1,2.137379646E-1,-2.535008788E-1
4.885367625E0,-2.808656096E-1,1.908444464E-1,-2.611448467E-1
4.895407625E0,-3.113976717E-1,1.488024592E-1,-2.583434582E-1
4.905447625E0,-3.398034871E-1,9.099023044E-2,-2.529017031E-1
4.915487625E0,-3.603987694E-1,1.572504081E-2,-2.367326021E-1
4.925528625E0,-3.868767321E-1,-7.210581005E-2,-2.004434317E-1
4.935568625E0,-4.088667035E-1,-1.667553484E-1,-1.513374150E-1
4.945608625E0,-4.092182517E-1,-2.083829194E-1,-1.001374424E-1
4.955648625E0,-3.878602087E-1,-1.681976914E-1,-6.154610962E-2
4.965689625E0,-3.439652026E-1,-8.530797809E-2,-4.900697619E-2
4.975729625E0,-2.482352108E-1,-5.759725720E-2,-3.991147876E-2
4.985769625E0,-1.141106933E-1,-9.690962732E-2,-4.329637066E-2
4.995810000E0,4.614662379E-2,-1.603059173E-1,-3.876127303E-2
5.005851000E0,2.081821114E-1,-1.987202018E-1,-2.133466862E-2
5.015891000E0,3.053331673E-1,-2.013309002E-1,1.399455965E-2
5.025931000E0,3.132283688E-1,-2.512650490E-1,8.492120355E-2
5.035971000E0,2.938925028E-1,-3.024123907E-1,1.834437996E-1
5.046012000E0,2.715536356E-1,-3.102742732E-1,2.692900300E-1
5.056052000E0,2.228063494E-1,-2.883561850E-1,3.406787217E-1
5.066092000E0,1.520376056E-1,-2.628150880E-1,4.024649262E-1
5.076132000E0,7.372176647E-2,-2.124629766E-1,4.565154016E-1
5.086173000E0,-4.374628887E-3,-1.035061255E-1,4.524980187E-1
5.096213000E0,-4.894875363E-2,3.877671063E-2,3.842545152E-1
5.106253000E0,-4.683019593E-2,1.698236167E-1,2.886441350E-1
5.116293000E0,-2.784904651E-2,2.773458362E-1,1.996074766E-1
5.126334000E0,-3.963435069E-3,3.372327089E-1,1.229575276E-1
5.136374000E0,3.403215110E-2,3.497053683E-1,5.596464872E-2
5.146414000E0,5.858941376E-2,2.946300507E-1,4.666645080E-2
5.156454000E0,7.529035956E-2,2.345331311E-1,4.891655594E-2
5.166494000E0,9.931821376E-2,1.608394682E-1,6.982149184E-2
5.176535000E0,1.248281002E-1,3.874525800E-2,1.324952543E-1
5.186575000E0,1.451935619E-1,-5.439033732E-2,2.295612246E-1
5.196615000E0,1.751959473E-1,-7.975108922E-2,3.377353549E-1
5.206655000E0,2.079179287E-1,-1.442527026E-1,4.359055758E-1
5.216696000E0,2.277211845E-1,-2.156664282E-1,5.482883453E-1
5.226736000E0,2.323668301E-1,-2.554656863E-1,6.341034174E-1
5.236776000E0,2.198499739E-1,-2.762455344E-1,6.830648184E-1
5.246816000E0,1.989265829E-1,-2.672834098E-1,6.987282634E-1
5.256857000E0,1.861822903E-1,-2.560746968E-1,6.870545745E-1
5.266897000E0,1.936513782E-1,-2.337907553E-1,6.541101336E-1
5.276937000E0,2.168738842E-1,-2.107432187E-1,5.974902511E-1
5.286977000E0,2.485627830E-1,-1.675978154E-1,5.217125416E-1
5.297018000E0,2.705327868E-1,-1.013564840E-1,4.369475543E-1
5.307058000E0,2.788871527E-1,-2.236405015E-2,3.450888395E-1
5.317098000E0,2.706872821E-1,6.148158014E-2,2.448972613E-1
5.327138000E0,2.532276213E-1,1.436084360E-1,1.521501690E-1
5.337179000E0,2.312567979E-1,2.200749815E-1,7.531398535E-2
5.347219000E0,2.166136950E-1,2.817511261E-1,1.295848470E-2
5.357259000E0,2.005702704E-1,3.376902938E-1,-3.598935157E-2
5.367299000E0,1.765280515E-1,3.645489216E-1,-6.456293166E-2
5.377339000E0,1.420848668E-1,3.360155225E-1,-8.187134564E-2
5.387380000E0,1.032898203E-1,2.503596842E-1,-8.819311112E-2
5.397420000E0,6.965968758E-2,1.153464690E-1,-7.862544060E-2
5.407460000E0,5.257786065E-2,-3.729550540E-2,-5.768033117E-2
5.417500000E0,6.574825943E-2,-1.679230332E-1,-3.080344573E-2
5.427541000E0,1.095197201E-1,-2.502839267E-1,-5.084314849E-3
5.437581000E0,1.607253850E-1,-2.502367795E-1,1.503986120E-2
5.447621000E0,2.040568739E-1,-1.863804758E-1,1.929462142E-2
5.457661000E0,2.333673537E-1,-1.059045419E-1,1.585861109E-2
5.467702000E0,2.444128245E-1,-6.627137959E-2,7.783788024E-4
5.477742000E0,2.380028665E-1,-2.087859809E-2,3.177354112E-3
5.487782000E0,2.208537012E-1,5.358131230E-2,8.241932094E-2
5.497822000E0,1.991779804E-1,9.467202425E-2,1.948872656E-1
5.507863000E0,1.733841747E-1,9.146554768E-2,2.774943709E-1
5.517903000E0,1.458183378E-1,7.150062919E-2,2.653647363E-1
5.527943000E0,1.199622080E-1,3.563947976E-2,2.080351859E-1
5.537983000E0,9.607578814E-2,-2.789662033E-2,1.614125520E-1
5.548023000E0,7.743898034E-2,-9.489554167E-2,1.475876719E-1
5.558064000E0,4.160907492E-2,-1.195596084E-1,1.519472599E-1
5.568104000E0,-2.695534006E-2,-5.908992887E-2,1.985636353E-1
5.578144000E0,-1.262065619E-1,4.886716232E-2,2.973828912E-1
5.588184000E0,-2.523178756E-1,1.375804245E-1,3.673319519E-1
5.598225000E0,-3.791336119E-1,1.763600409E-1,3.875911534E-1
5.608265000E0,-4.548691809E-1,1.175084859E-1,4.101571441E-1
5.618305000E0,-4.327774644E-1,-3.894051164E-2,4.274101555E-1
5.628345000E0,-3.188185990E-1,-2.330472171E-1,4.196225107E-1
5.638386000E0,-2.076976895E-1,-4.438638389E-1,3.332575262E-1
5.648426000E0,-1.490556449E-1,-5.883896947E-1,1.930450052E-1
5.658466000E0,-1.308422983E-1,-5.542447567E-1,7.107755542E-2
5.668506000E0,-1.100734025E-1,-3.994611204E-1,-2.778764255E-2
5.678547000E0,-5.572734401E-2,-2.139541060E-1,-1.112327352E-1
5.688587000E0,1.149323676E-2,1.100192592E-2,-1.621965915E-1
5.698627000E0,7.072886080E-2,2.093901187E-1,-1.342973113E-1
5.708667000E0,8.889296651E-2,2.839141488E-1,-1.725225449E-1
5.718707000E0,7.412547618E-2,3.104528189E-1,-2.627158463E-1
5.728748000E0,4.555614665E-2,2.488370687E-1,-3.313237727E-1
5.738788000E0,-1.089327969E-2,1.480531991E-1,-3.729670942E-1
5.748828000E0,-7.057793438E-2,1.236505881E-1,-4.188965857E-1
5.758868000E0,-1.297778785E-1,1.343650222E-1,-4.757944643E-1
5.768909000E0,-1.686770320E-1,8.054448664E-2,-5.109298825E-1
5.778949000E0,-1.985755414E-1,-7.957414724E-3,-5.359593630E-1
5.788989000E0,-2.275281101E-1,-1.341294348E-1,-5.735970736E-1
5.799029000E0,-2.793447077E-1,-2.065796703E-1,-6.325117946E-1
5.809069000E0,-3.442270160E-1,-2.005982250E-1,-6.699070334E-1
5.819110000E0,-4.033553302E-1,-2.049418390E-1,-6.609508395E-1
5.829150000E0,-4.356016815E-1,-2.824257314E-1,-6.161202192E-1
5.839190000E0,-4.324969649E-1,-3.620257378E-1,-5.777699351E-1
5.849230000E0,-3.916842937E-1,-4.198083580E-1,-5.346493721E-1
5.859271000E0,-3.397215009E-1,-4.223210216E-1,-4.732251167E-1
5.869311000E0,-2.906101346E-1,-3.577169478E-1,-3.975837231E-1
5.879351000E0,-2.564484477E-1,-2.136857361E-1,-3.118360639E-1
5.889391000E0,-2.457579523E-1,1.928919810E-3,-2.184256613E-1
5.899432000E0,-2.459166795E-1,2.473312169E-1,-1.165059581E-1
5.909472000E0,-2.399155498E-1,4.470881522E-1,-2.016816661E-2
5.919512000E0,-2.328046411E-1,5.617523789E-1,5.999218300E-2
5.929552000E0,-2.282067090E-1,6.053392887E-1,1.230552495E-1
5.939592000E0,-2.347684652E-1,5.915755033E-1,1.568867266E-1
5.949633000E0,-2.523248494E-1,5.323525667E-1,1.682550162E-1
5.959673000E0,-2.668156624E-1,4.347700477E-1,1.573328674E-1
5.969713000E0,-2.615774870E-1,3.139204979E-1,1.218821704E-1
5.979753000E0,-2.422788739E-1,1.925051510E-1,7.534129918E-2
5.989793417E0,-2.295121998E-1,7.253076881E-2,8.281772956E-3
5.999833417E0,-2.154650986E-1,1.346851513E-2,-7.253637165E-2
6.009873417E0,-1.997569650E-1,5.171417445E-2,-1.170066372E-1
6.019913417E0,-1.835079640E-1,1.439428926E-1,-9.748726338E-2
6.029954417E0,-1.624987870E-1,2.341167629E-1,2.400259953E-3
6.039994417E0,-1.485060006E-1,2.875251472E-1,1.092601269E-1
6.050034417E0,-1.680485606E-1,2.498232871E-1,1.422157735E-1
6.060074417E0,-2.072063535E-1,1.410808265E-1,7.509984821E-2
6.070114417E0,-2.256208062E-1,1.233649626E-2,-4.884176701E-2
6.080155417E0,-2.094522268E-1,-9.375611693E-2,-1.542257071E-1
6.090195417E0,-1.840363294E-1,-1.942550093E-1,-2.443218976E-1
6.100235417E0,-1.714451760E-1,-2.790505886E-1,-3.585579097E-1
6.110275417E0,-1.369087398E-1,-2.590756714E-1,-4.666794837E-1
6.120316417E0,-1.141158044E-1,-1.327044368E-1,-4.950043261E-1
6.130356417E0,-1.093532592E-1,-4.969589412E-2,-4.858137071E-1
6.140396417E0,-2.882938832E-2,-5.736180395E-2,-4.865647256E-1
6.150436417E0,1.192340702E-1,-4.894527048E-2,-5.732472539E-1
6.160476417E0,2.091597021E-1,-2.400769293E-2,-6.513431072E-1
6.170517417E0,2.060163468E-1,-1.028962955E-1,-6.693288684E-1
6.180557417E0,1.567108482E-1,-2.782033980E-1,-6.864948273E-1
6.190597417E0,1.099098176E-1,-4.155976474E-1,-6.871744990E-1
6.200637417E0,1.168382987E-1,-3.602507710E-1,-6.127958298E-1
6.210678417E0,1.805629730E-1,-1.421421170E-1,-4.711211324E-1
6.220718417E0,2.124814838E-1,4.542032257E-2,-3.269450366E-1
6.230758417E0,1.796518564E-1,1.334872693E-1,-1.994182169E-1
6.240798417E0,1.239156276E-1,1.312872320E-1,-5.609301105E-2
6.250838417E0,8.516187966E-2,3.479022533E-2,1.055801660E-1
6.260879417E0,7.413879037E-2,-1.105917394E-1,2.882937789E-1
6.270919417E0,8.947509527E-2,-2.318255454E-1,4.605553448E-1
6.280959417E0,1.479466707E-1,-3.248116970E-1,5.938872695E-1
6.290999417E0,2.273725420E-1,-3.851560652E-1,6.997958422E-1
6.301040417E0,3.074088097E-1,-3.710445166E-1,7.728785872E-1
6.311080417E0,3.885158598E-1,-2.992107272E-1,8.157442808E-1
6.321120417E0,4.666742980E-1,-2.381577492E-1,8.504066467E-1
6.331160417E0,5.109469891E-1,-2.358950078E-1,8.400748968E-1
6.341200417E0,5.430729985E-1,-2.585558295E-1,8.013564944E-1
6.351241417E0,5.911203623E-1,-2.176425308E-1,7.680707574E-1
6.361281417E0,6.340076923E-1,-1.789963245E-1,7.109797597E-1
6.371321417E0,6.426016688E-1,-1.314397305E-1,6.569337249E-1
6.381361417E0,6.178939342E-1,-9.683914483E-2,6.159498096E-1
6.391401417E0,5.732423067E-1,-9.755559266E-2,5.888929367E-1
6.401442417E0,5.294586420E-1,-1.078058332E-1,5.709978342E-1
6.411482417E0,4.933157861E-1,-1.112762019E-1,5.118197203E-1
6.421522417E0,4.737399817E-1,-4.840964824E-2,4.050866365E-1
6.431562417E0,4.737607539E-1,6.130143255E-2,2.703593671E-1
6.441603417E0,4.672122896E-1,1.552782655E-1,1.419973969E-1
6.451643417E0,4.419516921E-1,2.129242718E-1,2.971850522E-2
6.461683417E0,4.039970934E-1,2.484282106E-1,-5.426853895E-2
6.471723417E0,3.658837676E-1,2.712734044E-1,-1.088974178E-1
6.481764417E0,3.160648346E-1,2.940937877E-1,-1.308391988E-1
6.491804417E0,2.722025514E-1,3.313670754E-1,-1.206185818E-1
6.501844417E0,2.428478897E-1,3.491266370E-1,-1.009319574E-1
6.511884417E0,2.175241560E-1,3.026652336E-1,-9.079425037E-2
6.521924417E0,2.006570250E-1,1.824855506E-1,-1.096965671E-1
6.531965417E0,2.062059492E-1,4.835675657E-2,-1.467375010E-1
6.542005417E0,2.298950404E-1,-5.304736272E-2,-1.849922091E-1
6.552045417E0,2.618114352E-1,-8.079625666E-2,-2.138809711E-1
6.562085417E0,2.980102003E-1,-3.114002198E-2,-2.445166409E-1
6.572125417E0,3.445063531E-1,2.896678075E-2,-2.850883305E-1
6.582166417E0,3.790957630E-1,8.574856818E-2,-3.445774913E-1
6.592206417E0,4.060522616E-1,1.830928475E-1,-3.460273147E-1
6.602246417E0,4.500090778E-1,2.787850201E-1,-1.766473353E-1
6.612286417E0,4.550296962E-1,1.915807873E-1,2.409453131E-2
6.622327417E0,3.936496973E-1,-2.764724195E-3,1.860205829E-1
6.632367417E0,2.887828648E-1,-1.648421288E-1,3.341313601E-1
6.642407417E0,1.841904223E-1,-1.708965600E-1,4.850311279E-1
6.652447417E0,9.467063844E-2,1.253948919E-2,5.958335996E-1
6.662487417E0,-1.450511627E-2,2.755159736E-1,6.718167663E-1
6.672528417E0,-1.650053710E-1,4.219108522E-1,7.368177176E-1
6.682568417E0,-3.552634716E-1,4.672458172E-1,8.173820972E-1
6.692608417E0,-5.528476834E-1,4.301210940E-1,9.157361388E-1
6.702648417E0,-6.904809475E-1,2.963198721E-1,9.879142046E-1
6.712689417E0,-6.871426105E-1,4.152689874E-2,9.814797640E-1
6.722729417E0,-5.483687520E-1,-3.554066122E-1,8.875609636E-1
6.732769417E0,-3.842757046E-1,-7.089000940E-1,7.144346237E-1
6.742809417E0,-2.749691904E-1,-8.188554049E-1,4.480157793E-1
6.752849417E0,-1.637800634E-1,-6.855983138E-1,1.495864242E-1
6.762890417E0,1.194409840E-2,-4.316946864E-1,-1.296366900E-1
6.772930417E0,2.212336510E-1,-1.590127200E-1,-3.651748300E-1
6.782970417E0,3.893483579E-1,4.758115392E-3,-4.603423476E-1
6.793010417E0,4.508940279E-1,-5.111305043E-2,-4.554778039E-1
6.803050417E0,3.855978549E-1,-2.060160786E-1,-4.648590386E-1
6.813091417E0,2.499723732E-1,-2.932464182E-1,-4.859884083E-1
6.823131417E0,9.583047777E-2,-2.613446712E-1,-4.944505990E-1
6.833171417E0,-3.199968860E-2,-1.384462416E-1,-5.066508055E-1
6.843211417E0,-1.392648965E-1,1.489458140E-2,-5.142639875E-1
6.853252417E0,-2.463079542E-1,1.269803345E-1,-5.179066658E-1
6.863292417E0,-3.387899697E-1,2.060139030E-1,-5.230566859E-1
6.873332417E0,-4.032525420E-1,2.201629877E-1,-5.400457978E-1
6.883372417E0,-4.749866724E-1,1.516462415E-1,-5.838156343E-1
6.893412417E0,-5.515648723E-1,6.636037678E-2,-6.468937993E-1
6.903453417E0,-6.014618278E-1,-1.672998257E-2,-6.801819801E-1
6.913493417E0,-6.272569299E-1,-5.387107655E-2,-6.679229140E-1
6.923533417E0,-6.360027790E-1,-8.150536567E-2,-6.412209868E-1
6.933573417E0,-6.284984946E-1,-1.830329448E-1,-6.127226949E-1
6.943613417E0,-6.135914922E-1,-2.950590551E-1,-5.532354116E-1
6.953654417E0,-5.792601109E-1,-3.273803890E-1,-4.938885868E-1
6.963694417E0,-5.236277580E-1,-2.551741004E-1,-4.228346646E-1
6.973734417E0,-4.737219810E-1,-8.716680855E-2,-3.360195756E-1
6.983774417E0,-4.392178059E-1,1.318781972E-1,-2.358359694E-1
6.993814792E0,-4.035031796E-1,3.317866921E-1,-1.484488100E-1
7.003855792E0,-3.646143675E-1,4.733347595E-1,-7.771284878E-2
7.013895792E0,-3.296705186E-1,5.415318012E-1,-2.247470245E-2
7.023935792E0,-3.046762049E-1,5.543869138E-1,3.076561540E-2
7.033975792E0,-2.932014465E-1,5.268979073E-1,7.756192982E-2
7.044016792E0,-2.848079503E-1,4.800533950E-1,1.175274551E-1
7.054056792E0,-2.710514367E-1,4.072496891E-1,1.680258662E-1
7.064096792E0,-2.544748485E-1,3.035749495E-1,2.250846177E-1
7.074136792E0,-2.399272919E-1,1.974138469E-1,2.507796288E-1
7.084176792E0,-2.292192578E-1,1.346412748E-1,2.332054228E-1
7.094217792E0,-2.276341766E-1,1.396058053E-1,2.044587284E-1
7.104257792E0,-2.382002622E-1,1.900705695E-1,1.761040539E-1
7.114297792E0,-2.508036494E-1,2.723494768E-1,1.811929047E-1
7.124337792E0,-2.656451762E-1,3.441110253E-1,1.957486719E-1
7.134377792E0,-3.092808127E-1,3.648619056E-1,1.582467109E-1
7.144418792E0,-3.582547605E-1,2.470836043E-1,-2.079920471E-2
7.154458792E0,-3.885561824E-1,-1.197919995E-2,-2.195275128E-1
7.164498792E0,-3.775171340E-1,-3.108039796E-1,-3.532916903E-1
7.174538792E0,-3.206711709E-1,-4.812383354E-1,-4.883906543E-1
7.184578792E0,-1.953348368E-1,-4.136947393E-1,-6.088355780E-1
7.194619792E0,-1.859120838E-2,-1.589202583E-1,-6.480469704E-1
7.204659792E0,1.359701455E-1,1.037031040E-1,-6.783114076E-1
7.214699792E0,2.675521076E-1,2.030372024E-1,-7.575390935E-1
7.224739792E0,3.797407150E-1,1.388049573E-1,-7.939847112E-1
7.234780792E0,4.615714252E-1,-2.754614688E-2,-7.823312879E-1
7.244820792E0,4.988061488E-1,-2.092349827E-1,-7.272997499E-1
7.254860792E0,4.684546590E-1,-4.136153460E-1,-6.251251101E-1
7.264900792E0,3.979504108E-1,-4.942784905E-1,-5.103181005E-1
7.274940792E0,3.529495597E-1,-3.466003537E-1,-3.944533467E-1
7.284981792E0,3.225690424E-1,-1.590240747E-1,-2.342202514E-1
7.295021792E0,2.718243599E-1,2.179335430E-2,-7.271096110E-2
7.305061792E0,1.981592178E-1,1.732606441E-1,6.665784866E-2
7.315101792E0,1.056575328E-1,2.164711654E-1,2.130453885E-1
7.325141792E0,2.887140587E-2,1.216522455E-1,3.458114266E-1
7.335182792E0,3.150286525E-2,-6.394540519E-2,4.542156160E-1
7.345222792E0,1.019610465E-1,-2.602621913E-1,5.591527224E-1
7.355262792E0,2.118925899E-1,-3.963449597E-1,6.682109833E-1
7.365302792E0,3.264806867E-1,-4.415356219E-1,7.498975992E-1
7.375343792E0,4.135562181E-1,-3.730255365E-1,8.112263083E-1
7.385383792E0,4.720003605E-1,-2.794745266E-1,8.557685018E-1
7.395423792E0,5.080829859E-1,-2.170452327E-1,8.707783222E-1
7.405463792E0,5.342296362E-1,-2.040236145E-1,8.515858650E-1
7.415503792E0,5.653084517E-1,-1.847196370E-1,8.114563227E-1
7.425544792E0,6.141020656E-1,-1.525459886E-1,7.855802178E-1
7.435584792E0,6.729965806E-1,-8.712948859E-2,7.705588937E-1
7.445624792E0,7.172585726E-1,1.564855315E-2,7.923901677E-1
7.455664792E0,7.324090004E-1,9.615576267E-2,8.423005939E-1
7.465704792E0,7.011933327E-1,1.244489178E-1,8.182277083E-1
7.475745792E0,6.468200684E-1,1.430542469E-1,7.159824967E-1
7.485785792E0,5.860794783E-1,1.776558906E-1,5.707488656E-1
7.495825792E0,5.270545483E-1,2.470081300E-1,4.143204391E-1
7.505865792E0,4.717286825E-1,3.632780313E-1,2.451242357E-1
7.515905792E0,4.163562655E-1,4.972552955E-1,5.578606203E-2
7.525946792E0,3.618163466E-1,5.739671588E-1,-1.125845760E-1
7.535986792E0,3.084548116E-1,5.637436509E-1,-2.390934229E-1
7.546026792E0,2.631861269E-1,4.950152040E-1,-3.303152323E-1
7.556066792E0,2.169180214E-1,4.178379476E-1,-3.731408417E-1
7.566106792E0,1.606081426E-1,3.359995484E-1,-3.879389763E-1
7.576147792E0,8.640258014E-2,2.407712936E-1,-3.863795102E-1
7.586187792E0,2.072663233E-2,1.272508651E-1,-3.693011999E-1
7.596227792E0,-1.827561855E-2,6.260553841E-3,-3.411437273E-1
7.606267792E0,-3.403114527E-2,-9.667887539E-2,-3.057684004E-1
7.616308792E0,-2.886039019E-2,-1.405116618E-1,-2.660807967E-1
7.626348792E0,-1.100416295E-2,-8.368379623E-2,-2.386579514E-1
7.636388792E0,1.616010070E-2,4.216443375E-2,-2.327496558E-1
7.646428792E0,3.746113181E-2,1.664499044E-1,-2.535396218E-1
7.656468792E0,5.884870514E-2,2.860704064E-1,-2.836750448E-1
7.666509792E0,1.296493709E-1,4.059281051E-1,-2.162264884E-1
7.676549792E0,2.163139582E-1,4.083071053E-1,-5.642137676E-2
7.686589792E0,2.387060821E-1,2.729663253E-1,6.300435215E-2
7.696629792E0,1.852511019E-1,6.355577707E-2,1.342334747E-1
7.706669792E0,1.276485324E-1,-2.031835020E-1,2.282787412E-1
7.716710792E0,1.162994727E-1,-4.203297198E-1,3.610517383E-1
7.726750792E0,1.183477119E-1,-4.113258421E-1,4.568350017E-1
7.736790792E0,1.212497652E-1,-1.764090955E-1,5.170381665E-1
7.746830792E0,1.090495586E-1,1.187953874E-1,5.763111115E-1
7.756870792E0,1.274887193E-2,3.301647305E-1,6.698441505E-1
7.766911792E0,-1.604900211E-1,4.495007098E-1,8.305256963E-1
7.776951792E0,-3.841414750E-1,4.840803146E-1,9.159418941E-1
7.786991792E0,-6.047984362E-1,4.503303468E-1,9.530053735E-1
7.797031792E0,-6.983314157E-1,2.334549725E-1,9.360558987E-1
7.807071792E0,-6.191862226E-1,-1.834602356E-1,8.119899035E-1
7.817112792E0,-4.824270308E-1,-5.523315668E-1,6.360359788E-1
7.827152792E0,-3.757882118E-1,-7.383706570E-1,4.058030844E-1
7.837192792E0,-2.620033026E-1,-7.305507660E-1,1.524715126E-1
7.847232792E0,-1.231820360E-1,-5.576474071E-1,-6.247273833E-2
7.857272792E0,2.489421517E-2,-3.369947374E-1,-2.547914088E-1
7.867313792E0,1.503560096E-1,-1.708134711E-1,-3.773956001E-1
7.877353792E0,2.350975126E-1,-9.906501323E-2,-4.069927931E-1
7.887393792E0,2.312630862E-1,-1.180014163E-1,-4.667501450E-1
7.897433792E0,1.380572468E-1,-1.686342657E-1,-5.469316840E-1
7.907474792E0,2.856962755E-2,-1.937026083E-1,-5.765412450E-1
7.917514792E0,-5.644699186E-2,-1.413490623E-1,-5.796013474E-1
7.927554792E0,-1.479926258E-1,2.967329323E-2,-6.097270250E-1
7.937594792E0,-2.348145992E-1,1.962629855E-1,-6.437322497E-1
7.947634792E0,-3.016921580E-1,2.676509023E-1,-6.737234592E-1
7.957675792E0,-3.553657532E-1,2.780227959E-1,-6.991140842E-1
7.967715792E0,-4.037884176E-1,2.120970488E-1,-7.303601503E-1
7.977755792E0,-4.519130588E-1,7.733852416E-2,-7.657033801E-1
7.987795792E0,-4.859085679E-1,-3.429613635E-2,-7.879421115E-1
7.997835542E0,-4.873349965E-1,-4.636862129E-2,-7.702236772E-1
8.007876542E0,-4.643127620E-1,-9.805206209E-2,-7.078380585E-1
8.017916542E0,-4.392183423E-1,-1.939566880E-1,-6.395685673E-1
8.027956542E0,-3.973590434E-1,-2.977901399E-1,-5.747139454E-1
8.037996542E0,-3.401167989E-1,-3.162630498E-1,-5.015638471E-1
8.048036542E0,-2.947517037E-1,-2.281356156E-1,-4.040164948E-1
8.058077542E0,-2.765553892E-1,-2.665250562E-2,-2.843570411E-1
8.068117542E0,-2.731406987E-1,2.190430015E-1,-1.556118578E-1
8.078157542E0,-2.609926462E-1,4.226036966E-1,-4.659951478E-2
8.088197542E0,-2.408743352E-1,5.593605042E-1,3.796517104E-2
8.098237542E0,-2.333144546E-1,6.263682246E-1,9.739824384E-2
8.108278542E0,-2.502151430E-1,6.073777676E-1,1.437239349E-1
8.118318542E0,-2.837744355E-1,4.962024391E-1,1.793678254E-1
8.128358542E0,-3.314125240E-1,3.126256764E-1,1.949712932E-1
8.138398542E0,-3.701314032E-1,1.183097735E-1,1.812324375E-1
8.148438542E0,-4.048331976E-1,3.905167803E-3,1.326007247E-1
8.158479542E0,-4.225949049E-1,-5.975864828E-3,7.168440521E-2
8.168519542E0,-4.196984768E-1,5.869580805E-2,3.101233579E-2
8.178559542E0,-4.139399230E-1,1.430155933E-1,2.071142569E-2
8.188599542E0,-4.069903791E-1,2.074912637E-1,6.023246795E-2
8.198639542E0,-3.744124770E-1,2.611141801E-1,1.392541975E-1
8.208680542E0,-3.635180295E-1,2.965480685E-1,1.236390173E-1
8.218720542E0,-3.915549517E-1,2.108960152E-1,-3.660346195E-2
8.228760542E0,-4.029817581E-1,1.548817288E-2,-2.266732603E-1
8.238800542E0,-3.680951893E-1,-2.232160568E-1,-3.644331694E-1
8.248840542E0,-3.239434361E-1,-4.988293052E-1,-4.750976264E-1
8.258881542E0,-2.840162516E-1,-7.073214650E-1,-5.856916904E-1
8.268921542E0,-1.967146546E-1,-7.399691343E-1,-6.393690705E-1
8.278961542E0,-1.015239358E-1,-5.752105117E-1,-5.691133142E-1
8.289001542E0,-7.889398932E-2,-2.827973068E-1,-4.693209827E-1
8.299041542E0,-8.701982349E-2,-1.327760518E-1,-4.545896649E-1
8.309082542E0,-4.598983005E-2,-9.598846734E-2,-5.128090382E-1
8.319122542E0,3.311510012E-2,4.455737770E-2,-5.433179736E-1
8.329162542E0,8.466324210E-2,2.088112980E-1,-5.537375808E-1
8.339202542E0,7.928581536E-2,2.415224016E-1,-6.148062348E-1
8.349242542E0,7.908900827E-2,1.810388118E-1,-7.265383601E-1
8.359283542E0,1.140568107E-1,1.821520776E-1,-8.191494346E-1
8.369323542E0,1.342339963E-1,2.070009708E-1,-8.019126654E-1
8.379363542E0,1.599843800E-1,3.031738698E-1,-7.222846150E-1
8.389403542E0,1.627258360E-1,3.577561677E-1,-5.838305950E-1
8.399443542E0,1.000208780E-1,2.615209818E-1,-3.689218760E-1
8.409484542E0,-1.304016076E-2,-3.898157552E-2,-1.069341972E-1
8.419524542E0,-1.202954799E-1,-4.411731064E-1,1.675576568E-1
8.429564542E0,-1.654842645E-1,-8.492047787E-1,4.241220653E-1
8.439604542E0,-9.739710391E-2,-1.091203690E0,6.842957735E-1
8.449644542E0,4.496829212E-2,-1.153050303E0,9.467239380E-1
8.459685542E0,1.857352853E-1,-1.063674688E0,1.136187673E0
8.469725542E0,2.859050333E-1,-8.633386493E-1,1.216265440E0
8.479765542E0,3.588918746E-1,-6.419262886E-1,1.204118729E0
8.489805542E0,4.163682163E-1,-5.135163665E-1,1.122184753E0
8.499845542E0,4.957914054E-1,-3.598525226E-1,1.048808813E0
8.509886542E0,5.833042264E-1,-1.939338893E-1,9.731643796E-1
8.519926542E0,6.504217386E-1,1.358756050E-2,9.034436345E-1
8.529966542E0,6.892836690E-1,2.293451577E-1,8.946016431E-1
8.540006542E0,7.079350948E-1,3.966938555E-1,9.106057286E-1
8.550046542E0,6.901062727E-1,4.811168611E-1,8.538122177E-1
8.560087542E0,6.455451846E-1,4.829328954E-1,7.181706429E-1
8.570127542E0,6.201793551E-1,4.837105274E-1,5.699103475E-1
8.580167542E0,6.246990561E-1,5.356112719E-1,4.308315516E-1
8.590207542E0,6.251800060E-1,5.999684334E-1,2.559489310E-1
8.600247542E0,5.869356990E-1,5.898469687E-1,2.990080044E-2
8.610288542E0,5.261796713E-1,5.273500085E-1,-2.029577345E-1
8.620328542E0,4.726519883E-1,4.414106011E-1,-3.776736259E-1
8.630368542E0,4.287473559E-1,3.485632241E-1,-4.656772614E-1
8.640408542E0,3.855514526E-1,2.480882555E-1,-4.799261987E-1
8.650448542E0,3.384052515E-1,1.686802506E-1,-4.380384088E-1
8.660489542E0,2.813193202E-1,9.680424631E-2,-3.601333499E-1
8.670529542E0,2.114331722E-1,-7.608711720E-3,-2.955269217E-1
8.680569542E0,1.517219394E-1,-1.331962645E-1,-2.507464290E-1
8.690609542E0,1.319628805E-1,-2.225391865E-1,-2.201139778E-1
8.700649542E0,1.550695151E-1,-2.183577269E-1,-2.081206441E-1
8.710690542E0,1.980300397E-1,-1.372988373E-1,-2.086343616E-1
8.720730542E0,2.380445302E-1,-3.719015792E-2,-2.228558511E-1
8.730770542E0,2.527454495E-1,6.836263090E-2,-2.495154291E-1
8.740810542E0,2.560547292E-1,1.809502393E-1,-2.690897286E-1
8.750850542E0,3.219932616E-1,3.016436398E-1,-1.343923509E-1
8.760891542E0,3.999886811E-1,2.844864726E-1,1.045583636E-1
8.770931542E0,3.905456662E-1,1.428784728E-1,3.008655608E-1
8.780971542E0,2.992098927E-1,-8.059944212E-2,4.171731472E-1
8.791011542E0,2.137511969E-1,-2.514127195E-1,4.991343319E-1
8.801051542E0,1.621654928E-1,-2.129795253E-1,5.733754039E-1
8.811092542E0,1.208571941E-1,2.326283045E-2,5.811800957E-1
8.821132542E0,6.156643480E-2,3.258178830E-1,5.934850574E-1
8.831172542E0,-3.921157494E-2,4.843337536E-1,7.103863358E-1
8.841212542E0,-2.048210204E-1,4.530509412E-1,8.196136355E-1
8.851252542E0,-4.168725610E-1,4.151919782E-1,8.251228929E-1
8.861293542E0,-5.911663175E-1,4.035865366E-1,8.066740632E-1
8.871333542E0,-6.298040152E-1,1.844110340E-1,7.606037259E-1
8.881373542E0,-5.152710080E-1,-2.579993904E-1,6.422067285E-1
8.891413542E0,-3.488937616E-1,-5.660991669E-1,5.194157958E-1
8.901453542E0,-2.504263520E-1,-6.393287778E-1,3.464231491E-1
8.911494542E0,-1.939787865E-1,-5.213001370E-1,1.524238586E-1
8.921534542E0,-1.100322232E-1,-3.211984634E-1,-1.095654629E-2
8.931574542E0,1.373928506E-3,-1.395985931E-1,-1.444932967E-1
8.941614542E0,1.194566190E-1,-8.161996305E-2,-1.828768253E-1
8.951654542E0,1.915787458E-1,-1.686802953E-1,-2.115327120E-1
8.961695542E0,1.687395126E-1,-3.517026901E-1,-3.217532039E-1
8.971735542E0,9.255552292E-2,-5.119981170E-1,-4.070403874E-1
8.981775542E0,5.949528422E-3,-5.450327396E-1,-4.332794547E-1
8.991815542E0,-8.622966707E-2,-4.283298254E-1,-4.523769915E-1
9.001855500E0,-1.787950248E-1,-1.875099689E-1,-5.090337396E-1
9.011896500E0,-2.670702636E-1,-1.994201913E-2,-5.591818690E-1
9.021936500E0,-3.433767557E-1,1.674039103E-2,-6.180325150E-1
9.031976500E0,-4.094476700E-1,-4.115888849E-3,-6.739721894E-1
9.042016500E0,-4.858282208E-1,-3.201986477E-2,-7.214449048E-1
9.052056500E0,-5.580310822E-1,-6.429897249E-2,-7.887171507E-1
9.062097500E0,-5.946079493E-1,-3.676964343E-2,-8.297533393E-1
9.072137500E0,-6.125770807E-1,5.723994225E-2,-8.147088885E-1
9.082177500E0,-6.188469529E-1,7.801239192E-2,-7.747474313E-1
9.092217500E0,-6.137286425E-1,1.876211725E-2,-7.275812030E-1
9.102257500E0,-5.757687092E-1,-7.992696762E-2,-6.675732732E-1
9.112298500E0,-5.118358135E-1,-1.032450721E-1,-5.706358552E-1
9.122338500E0,-4.460623860E-1,-4.307627678E-2,-4.434458315E-1
9.132378500E0,-4.020877481E-1,9.412125498E-2,-3.178303838E-1
9.142418500E0,-3.687537909E-1,2.937245369E-1,-1.912332326E-1
9.152458500E0,-3.365471065E-1,4.892532825E-1,-6.393279880E-2
9.162499500E0,-2.995041013E-1,6.428915858E-1,4.558474571E-2
9.172539500E0,-2.623234689E-1,7.507621050E-1,1.372403651E-1
9.182579500E0,-2.390599549E-1,7.830737829E-1,2.063411027E-1
9.192619500E0,-2.517413795E-1,7.086974978E-1,2.273566425E-1
9.202659500E0,-2.802963555E-1,5.572862029E-1,2.322534621E-1
9.212700500E0,-3.027620018E-1,3.713631928E-1,2.224977762E-1
9.222740500E0,-3.090597987E-1,1.749689430E-1,2.015246600E-1
9.232780500E0,-3.114308119E-1,1.157999504E-3,1.660066247E-1
9.242820500E0,-3.061316907E-1,-9.801997989E-2,1.240480617E-1
9.252860500E0,-2.955360413E-1,-1.035542935E-1,8.472382277E-2
9.262901500E0,-2.893127203E-1,-2.716255933E-2,7.565805316E-2
9.272941500E0,-3.086036444E-1,5.389128253E-2,1.039211154E-1
9.282981500E0,-3.086752295E-1,1.440185755E-1,1.403892487E-1
9.293021500E0,-3.039419949E-1,1.959869713E-1,9.366169572E-2
9.303061500E0,-3.452582955E-1,1.002000421E-1,-6.863226742E-2
9.313102500E0,-3.666924834E-1,-1.150201261E-1,-2.253342718E-1
9.323142500E0,-3.549719155E-1,-3.704029024E-1,-3.115287721E-1
9.333182500E0,-3.480759263E-1,-5.496174097E-1,-4.040565789E-1
9.343222500E0,-2.934204042E-1,-5.159805417E-1,-4.998040199E-1
9.353262500E0,-1.734039932E-1,-2.505917251E-1,-5.416361690E-1
9.363303500E0,-9.866905212E-2,8.491723239E-2,-5.543194413E-1
9.373343500E0,-4.318714887E-2,2.798875272E-1,-6.646904349E-1
9.383383500E0,9.866527282E-3,2.767516971E-1,-7.954307199E-1
9.393423500E0,8.517432958E-2,1.229951307E-1,-8.297833800E-1
9.403463500E0,1.514681131E-1,-5.338338763E-2,-8.740193248E-1
9.413504500E0,1.007239744E-1,-3.142029941E-1,-9.400401115E-1
9.423544500E0,1.650043018E-2,-5.117672682E-1,-9.039138556E-1
9.433584500E0,1.013616915E-3,-4.424132407E-1,-7.570384145E-1
9.443624500E0,-2.316787466E-2,-2.887649536E-1,-5.507223606E-1
9.453664500E0,-1.036816239E-1,-1.113805920E-1,-3.524779677E-1
9.463705500E0,-2.245212197E-1,6.342172623E-2,-1.619797349E-1
9.473745500E0,-3.382216692E-1,4.798870906E-2,3.684652969E-2
9.483785500E0,-4.109342396E-1,-1.819421649E-1,2.328958809E-1
9.493825500E0,-3.958229423E-1,-4.497517645E-1,4.055907130E-1
9.503865500E0,-2.624819577E-1,-6.605368257E-1,5.934088826E-1
9.513906500E0,-6.350573152E-2,-7.829357386E-1,8.204614520E-1
9.523946500E0,1.264732927E-1,-7.778311968E-1,1.003129482E0
9.533986500E0,2.948985100E-1,-6.864328384E-1,1.106583357E0
9.544026500E0,4.173945785E-1,-5.855549574E-1,1.129796386E0
9.554066500E0,5.133543611E-1,-4.879900515E-1,1.105614066E0
9.564107500E0,6.116303802E-1,-3.941908479E-1,1.047676086E0
9.574147500E0,7.097039819E-1,-2.622573376E-1,1.005470514E0
9.584187500E0,7.847606540E-1,-1.130084321E-1,9.749606848E-1
9.594227500E0,8.213891983E-1,1.830002642E-3,9.413574934E-1
9.604267500E0,8.433943391E-1,1.518702805E-1,9.557320476E-1
9.614308500E0,8.414552808E-1,2.387287468E-1,9.785673618E-1
9.624348500E0,8.020266891E-1,2.625767887E-1,9.111683369E-1
9.634388500E0,7.363784313E-1,2.513347864E-1,7.497949004E-1
9.644428500E0,6.734474301E-1,2.752885818E-1,5.747443438E-1
9.654468500E0,6.089558005E-1,3.316061795E-1,3.971943259E-1
9.664509500E0,5.571029186E-1,4.092211723E-1,1.926023066E-1
9.674549500E0,5.297234654E-1,4.929352403E-1,-1.279585250E-2
9.684589500E0,5.236355662E-1,5.493630767E-1,-1.951207668E-1
9.694629500E0,5.200331211E-1,5.541412830E-1,-3.137800395E-1
9.704669500E0,5.092731118E-1,5.174454451E-1,-3.606940806E-1
9.714710500E0,4.793692827E-1,4.667066038E-1,-3.544969261E-1
9.724750500E0,4.218213260E-1,3.867994547E-1,-3.277371228E-1
9.734790500E0,3.396545351E-1,2.736502588E-1,-2.937208414E-1
9.744830500E0,2.630074024E-1,1.107648313E-1,-2.655178308E-1
9.754870500E0,2.285207957E-1,-4.419891536E-2,-2.283566296E-1
9.764911500E0,2.349267751E-1,-1.212385744E-1,-1.792221069E-1
9.774951500E0,2.641086280E-1,-8.676661551E-2,-1.369430870E-1
9.784991500E0,3.031332493E-1,8.599229157E-3,-1.351437122E-1
9.795031500E0,3.455853760E-1,5.452357605E-2,-1.879075915E-1
9.805071500E0,3.726044893E-1,8.180920035E-2,-2.588891387E-1
9.815112500E0,3.801590800E-1,1.499802619E-1,-2.486876249E-1
9.825152500E0,4.330545366E-1,1.750183702E-1,-6.636805087E-2
9.835192500E0,4.640904665E-1,9.535042197E-2,1.398495585E-1
9.845232500E0,4.158284068E-1,-2.734220214E-2,3.149686754E-1
9.855272500E0,3.120436966E-1,-2.782476544E-1,4.285133481E-1
9.865313500E0,2.683198750E-1,-5.908623934E-1,5.150157213E-1
9.875353500E0,2.676109374E-1,-6.825760603E-1,5.761538744E-1
9.885393500E0,2.647821307E-1,-4.447586238E-1,5.915539861E-1
9.895433500E0,2.422443330E-1,-7.768180221E-2,5.705536604E-1
9.905473500E0,1.622081101E-1,8.246525377E-2,5.402696729E-1
9.915514500E0,4.294269904E-2,2.504428029E-1,6.733659506E-1
9.925554500E0,-9.925331920E-2,4.761135578E-1,8.323474526E-1
9.935594500E0,-2.646385431E-1,5.758901834E-1,8.575428724E-1
9.945634500E0,-3.543673754E-1,4.823828936E-1,8.459365368E-1
9.955674500E0,-3.208677173E-1,2.044178545E-1,8.043549657E-1
9.965715500E0,-2.461607456E-1,-2.152102534E-3,7.397256494E-1
9.975755500E0,-1.547762603E-1,-1.071791574E-1,6.151446700E-1
9.985795500E0,-6.234137341E-2,-1.494139731E-1,4.369920492E-1
9.995835500E0,2.040064707E-2,-1.123614013E-1,2.747544050E-1
1.000587600E1,1.154858693E-1,-4.365912080E-2,8.717489988E-2
1.001591700E1,2.031675279E-1,-1.160779297E-1,-1.320282817E-1
1.002595700E1,2.726286054E-1,-3.443588316E-1,-3.156397045E-1
1.003599700E1,3.003505170E-1,-6.152989864E-1,-4.293282032E-1
1.004603700E1,2.376426607E-1,-8.400747180E-1,-5.208002329E-1
1.005607700E1,1.010355353E-1,-9.047189355E-1,-5.983629227E-1
1.006611800E1,-4.646521434E-2,-7.709471583E-1,-6.439045072E-1
1.007615800E1,-1.954091489E-1,-5.163726807E-1,-7.022748590E-1
1.008619800E1,-3.055985272E-1,-2.730589807E-1,-7.489501238E-1
1.009623800E1,-3.767568469E-1,-1.484310478E-1,-7.671334147E-1
1.010627800E1,-4.327934682E-1,-1.372659206E-1,-7.686396241E-1
1.011631900E1,-4.983139038E-1,-1.877352148E-1,-7.864700556E-1
1.012635900E1,-5.323435664E-1,-2.628010213E-1,-8.128991723E-1
1.013639900E1,-5.222318172E-1,-2.735567391E-1,-8.375301957E-1
1.014643900E1,-5.171474814E-1,-1.977593154E-1,-8.225538135E-1
1.015647900E1,-5.408858657E-1,-7.232441753E-2,-7.677691579E-1
1.016651900E1,-5.512157679E-1,1.473465562E-2,-6.921610236E-1
1.017656000E1,-5.360056758E-1,4.235429689E-2,-6.272256970E-1
1.018660000E1,-5.218708515E-1,1.065261513E-1,-5.601115227E-1
1.019664000E1,-5.167117715E-1,2.538671196E-1,-4.751651585E-1
1.020668000E1,-5.139716864E-1,4.487797916E-1,-3.688062429E-1
1.021672000E1,-4.917742610E-1,6.982048154E-1,-1.953172833E-1
1.022676100E1,-4.663743973E-1,8.881437778E-1,-3.946134076E-2
1.023680100E1,-4.598453939E-1,9.969762564E-1,5.891422927E-2
1.024684100E1,-4.669576287E-1,1.024751306E0,1.138672382E-1
1.025688100E1,-4.918304682E-1,9.700624347E-1,1.543217152E-1
1.026692100E1,-5.258472562E-1,8.222753406E-1,1.739011556E-1
1.027696200E1,-5.624728799E-1,6.060988307E-1,1.740915775E-1
1.028700200E1,-5.848975182E-1,3.863076568E-1,1.485904455E-1
1.029704200E1,-5.860599875E-1,1.878771335E-1,1.002548561E-1
1.030708200E1,-5.752912164E-1,2.845300548E-2,5.345192179E-2
1.031712200E1,-5.512008071E-1,-2.547760494E-2,2.843764797E-2
1.032716300E1,-5.132483840E-1,4.212339595E-2,3.365311027E-2
1.033720300E1,-4.630469680E-1,1.663627774E-1,7.062204927E-2
1.034724300E1,-4.061349928E-1,2.563790679E-1,1.257896274E-1
1.035728300E1,-4.066519141E-1,2.634265721E-1,9.701124579E-2
1.036732300E1,-4.390670955E-1,1.877421737E-1,-1.061438993E-1
1.037736400E1,-4.247592688E-1,-4.115944728E-2,-3.429007828E-1
1.038740400E1,-3.605639935E-1,-3.038453758E-1,-4.799549580E-1
1.039744400E1,-3.051766455E-1,-5.317150354E-1,-5.315401554E-1
1.040748400E1,-2.382852435E-1,-6.647689342E-1,-5.829260945E-1
1.041752400E1,-1.138983071E-1,-6.220366359E-1,-6.100157499E-1
1.042756500E1,8.751700632E-3,-3.467329443E-1,-5.206993818E-1
1.043760500E1,5.865401030E-2,-5.817119032E-2,-4.563105106E-1
1.044764500E1,1.019301191E-1,3.257679194E-2,-5.089084506E-1
1.045768500E1,1.960954964E-1,8.484958112E-2,-6.200482845E-1
1.046772500E1,3.242737055E-1,2.491508722E-1,-6.235371232E-1
1.047776600E1,4.312086701E-1,3.343935907E-1,-6.174083948E-1
1.048780600E1,4.309381247E-1,2.235036492E-1,-6.798511147E-1
1.049784600E1,3.606375754E-1,5.536924675E-2,-7.714412212E-1
1.050788600E1,3.427168727E-1,2.825063840E-2,-7.899674177E-1
1.051792600E1,3.572817147E-1,1.090576053E-1,-6.960840821E-1
1.052796700E1,3.149904311E-1,2.377039641E-1,-5.882929564E-1
1.053800700E1,2.060125768E-1,2.975662351E-1,-4.515228271E-1
1.054804700E1,4.680561274E-2,1.985679865E-1,-2.548190653E-1
1.055808700E1,-1.139345318E-1,-2.455458231E-2,-2.253983403E-4
1.056812700E1,-2.343895733E-1,-3.356445432E-1,2.564854920E-1
1.057816800E1,-2.597442269E-1,-6.578689218E-1,4.809955657E-1
1.058820800E1,-1.711989343E-1,-8.780688643E-1,6.893931031E-1
1.059824800E1,-9.700578637E-3,-9.570859671E-1,8.933176994E-1
1.060828800E1,1.405760199E-1,-8.696515560E-1,1.027014256E0
1.061832800E1,2.463804781E-1,-6.495482326E-1,1.108481050E0
1.062836900E1,3.392601013E-1,-4.346440732E-1,1.134326577E0
1.063840900E1,4.426186979E-1,-3.024356961E-1,1.110999465E0
1.064844900E1,5.492900014E-1,-2.420432717E-1,1.050552845E0
1.065848900E1,6.436029077E-1,-1.253755242E-1,9.849727154E-1
1.066852900E1,7.033637762E-1,-7.944445126E-3,9.095158577E-1
1.067857000E1,7.435380816E-1,1.186350659E-1,8.455291390E-1
1.068861000E1,7.805693150E-1,2.643422484E-1,8.501049280E-1
1.069865000E1,8.103402257E-1,3.581723571E-1,8.393204212E-1
1.070869000E1,8.179294467E-1,4.241456687E-1,7.613898516E-1
1.071873000E1,8.032295704E-1,4.726727307E-1,6.226722002E-1
1.072877000E1,7.699164152E-1,5.213057399E-1,4.394859076E-1
1.073881100E1,7.145248055E-1,5.415851474E-1,2.295228094E-1
1.074885100E1,6.440644860E-1,5.178373456E-1,1.233761385E-2
1.075889100E1,5.720939040E-1,4.503762424E-1,-1.877225190E-1
1.076893100E1,5.062469244E-1,3.572686017E-1,-3.539682329E-1
1.077897100E1,4.379600286E-1,2.504417598E-1,-4.592339396E-1
1.078901200E1,3.665284812E-1,1.563101858E-1,-4.829171598E-1
1.079905200E1,2.862610519E-1,1.024006158E-1,-4.465969801E-1
1.080909200E1,1.883185208E-1,7.523619384E-2,-3.866031170E-1
1.081913200E1,7.834327966E-2,3.805580363E-2,-3.278361857E-1
1.082917200E1,-2.037280938E-3,-3.603328392E-2,-2.805086672E-1
1.083921300E1,-2.971578203E-2,-1.251993775E-1,-2.546097040E-1
1.084925300E1,-1.331262477E-2,-1.680017561E-1,-2.498248518E-1
1.085929300E1,3.059384599E-2,-1.497132927E-1,-2.650453448E-1
1.086933300E1,9.333688766E-2,-7.599856704E-2,-2.912990749E-1
1.087937300E1,1.528236568E-1,2.128643915E-2,-3.270930350E-1
1.088941400E1,1.965562105E-1,1.609429270E-1,-3.657797277E-1
1.089945400E1,2.806649506E-1,2.996009290E-1,-3.073294759E-1
1.090949400E1,3.872390687E-1,3.382711411E-1,-9.346630424E-2
1.091953400E1,4.358729124E-1,2.351402193E-1,1.195453033E-1
1.092957400E1,4.028571546E-1,6.820137799E-2,2.803673446E-1
1.093961500E1,3.290974498E-1,-1.624395698E-1,4.128177762E-1
1.094965500E1,2.796846628E-1,-3.937990069E-1,5.468046069E-1
1.095969500E1,2.668868303E-1,-3.906032145E-1,6.567865014E-1
1.096973500E1,2.459929734E-1,-1.514135748E-1,6.953371167E-1
1.097977500E1,1.921992451E-1,1.685319394E-1,7.229987979E-1
1.098981500E1,1.057391986E-1,3.447344899E-1,8.146997690E-1
1.099985617E1,-7.608705759E-2,3.620684445E-1,8.791048527E-1
1.100989617E1,-3.004807234E-1,4.162201881E-1,9.170399308E-1
1.101993617E1,-4.802294374E-1,4.260363281E-1,9.552259445E-1
1.102997617E1,-5.707812309E-1,2.863624394E-1,9.644515514E-1
1.104001617E1,-5.624511242E-1,1.055010408E-1,8.962040544E-1
1.105005717E1,-5.017571449E-1,9.560190141E-3,7.605955601E-1
1.106009717E1,-4.441564083E-1,1.761785150E-2,5.536400080E-1
1.107013717E1,-4.105180502E-1,1.844508946E-1,3.415845335E-1
1.108017717E1,-3.296668828E-1,3.345969617E-1,1.098399758E-1
1.109021717E1,-1.917883456E-1,2.233570218E-1,-1.097446606E-1
1.110025817E1,-3.742061183E-2,-7.946357131E-2,-2.481542081E-1
1.111029817E1,7.483083010E-2,-4.496208727E-1,-3.682239056E-1
1.112033817E1,9.831538796E-2,-8.321117759E-1,-5.239282846E-1
1.113037817E1,3.725387529E-2,-1.087488174E0,-6.541390419E-1
1.114041817E1,-8.109726757E-2,-1.101105928E0,-6.955668926E-1
1.115045917E1,-2.288414389E-1,-9.268323779E-1,-7.185806632E-1
1.116049917E1,-3.561596870E-1,-6.017876863E-1,-7.797689438E-1
1.117053917E1,-4.420993924E-1,-3.757836521E-1,-8.214272261E-1
1.118057917E1,-5.103479624E-1,-3.348335624E-1,-8.341390491E-1
1.119061917E1,-5.637930632E-1,-3.944653571E-1,-8.188495636E-1
1.120065917E1,-6.529120207E-1,-3.201655447E-1,-7.978542447E-1
1.121070017E1,-7.021826506E-1,-1.613252461E-1,-7.931780815E-1
1.122074017E1,-7.467208505E-1,-8.526368998E-3,-7.857230902E-1
1.123078017E1,-7.791216373E-1,9.010342509E-2,-7.540646791E-1
1.124082017E1,-7.869726419E-1,1.656636894E-1,-7.233970165E-1
1.125086017E1,-7.650194168E-1,2.111692578E-1,-6.886351705E-1
1.126090117E1,-7.543420196E-1,2.500831187E-1,-6.129715443E-1
1.127094117E1,-7.525997758E-1,3.080760837E-1,-5.153288841E-1
1.128098117E1,-7.463863492E-1,3.947156370E-1,-3.927158415E-1
1.129102117E1,-7.128928304E-1,4.995626211E-1,-2.484653294E-1
1.130106117E1,-6.507583261E-1,5.886914134E-1,-9.525261074E-2
1.131110117E1,-5.752404332E-1,6.294043660E-1,3.093224205E-2
1.132114217E1,-4.930252135E-1,6.214947701E-1,1.183843240E-1
1.133118217E1,-4.028145969E-1,5.953913331E-1,1.616595536E-1
1.134122217E1,-3.201402128E-1,5.588585734E-1,1.889665425E-1
1.135126217E1,-2.507773936E-1,4.892066717E-1,2.061648220E-1
1.136130217E1,-2.203579694E-1,3.468519151E-1,2.056921124E-1
1.137134317E1,-2.190903127E-1,1.625268459E-1,1.923187673E-1
1.138138317E1,-2.181558013E-1,1.794862375E-2,1.710582078E-1
1.139142317E1,-2.073295414E-1,-3.420665860E-2,1.353129447E-1
1.140146317E1,-1.994356662E-1,8.090729825E-3,8.747006208E-2
1.141150317E1,-2.120598108E-1,1.334088445E-1,6.283130497E-2
1.142154317E1,-2.383486778E-1,2.744887471E-1,7.753647864E-2
1.143158417E1,-2.498290092E-1,4.158073664E-1,1.374694854E-1
1.144162417E1,-2.518258691E-1,4.797578752E-1,1.530876011E-1
1.145166417E1,-2.708110213E-1,3.961968124E-1,-1.425895467E-2
1.146170417E1,-2.809920013E-1,1.442263275E-1,-2.376323938E-1
1.147174417E1,-2.763676941E-1,-1.939998418E-1,-3.692716956E-1
1.148178517E1,-2.553761303E-1,-4.585897028E-1,-4.777667522E-1
1.149182517E1,-1.974023283E-1,-5.175135136E-1,-6.065592170E-1
1.150186517E1,-9.577795863E-2,-3.682790101E-1,-6.782733798E-1
1.151190517E1,-1.897184923E-2,-1.091267392E-1,-6.330667138E-1
1.152194517E1,2.715436555E-2,5.297693983E-2,-6.149164438E-1
1.153198617E1,8.679134399E-2,1.087902263E-1,-7.018817067E-1
1.154202617E1,1.701062024E-1,1.245857030E-1,-7.269939780E-1
1.155206617E1,2.581856847E-1,4.546673968E-2,-6.754490137E-1
1.156210617E1,2.737116516E-1,-1.375470161E-1,-6.502517462E-1
1.157214617E1,1.994361281E-1,-3.838416636E-1,-6.407424808E-1
1.158218617E1,1.285949796E-1,-4.662126899E-1,-6.325548291E-1
1.159222717E1,1.018357649E-1,-2.947347164E-1,-5.609354973E-1
1.160226717E1,6.779124588E-2,-7.664845139E-2,-4.409997463E-1
1.161230717E1,-1.598218083E-2,8.862080425E-2,-2.945448160E-1
1.162234717E1,-1.155686975E-1,1.436188072E-1,-1.232779846E-1
1.163238717E1,-2.084150016E-1,3.803278506E-2,6.130256504E-2
1.164242817E1,-2.665004134E-1,-1.659714729E-1,2.436721027E-1
1.165246817E1,-2.544933259E-1,-3.829989731E-1,4.199787676E-1
1.166250817E1,-1.612454057E-1,-5.930693746E-1,6.026319265E-1
1.167254817E1,-5.064054392E-3,-7.022512555E-1,7.825026512E-1
1.168258817E1,1.688054949E-1,-7.059960365E-1,9.166568518E-1
1.169262817E1,3.007779121E-1,-6.077202559E-1,1.016899705E0
1.170266917E1,4.049741030E-1,-5.015999675E-1,1.063731670E0
1.171270917E1,5.172183514E-1,-3.980190158E-1,1.064350605E0
1.172274917E1,6.035923958E-1,-3.494499028E-1,1.029506803E0
1.173278917E1,6.663281918E-1,-2.485804111E-1,1.002429247E0
1.174282917E1,7.228056192E-1,-1.208551899E-1,9.484549761E-1
1.175286917E1,7.606493831E-1,-3.419779241E-2,8.666877151E-1
1.176291017E1,8.108904362E-1,9.744172543E-2,8.688690662E-1
1.177295017E1,8.628002405E-1,1.703516543E-1,8.911455274E-1
1.178299017E1,8.766881227E-1,1.970647573E-1,8.386951089E-1
1.179303017E1,8.552826643E-1,1.922207326E-1,7.045482397E-1
1.180307017E1,7.982295156E-1,2.119113505E-1,5.454632044E-1
1.181311117E1,7.201791406E-1,2.782334089E-1,3.499357700E-1
1.182315117E1,6.465778947E-1,3.657073379E-1,1.418440789E-1
1.183319117E1,5.955200195E-1,4.392469823E-1,-5.291904882E-2
1.184323117E1,5.561087132E-1,4.634566903E-1,-2.172544599E-1
1.185327117E1,5.274915099E-1,4.631305337E-1,-3.268406391E-1
1.186331117E1,4.943010211E-1,4.371426105E-1,-3.601040542E-1
1.187335217E1,4.437007010E-1,3.833006620E-1,-3.346202075E-1
1.188339217E1,3.723245263E-1,3.214375675E-1,-2.650062442E-1
1.189343217E1,2.827986181E-1,2.242676616E-1,-1.926822364E-1
1.190347217E1,1.962067485E-1,6.453284621E-2,-1.596332043E-1
1.191351217E1,1.370797753E-1,-1.078623533E-1,-1.491773725E-1
1.192355217E1,1.024139374E-1,-2.442825139E-1,-1.498998851E-1
1.193359317E1,8.568023890E-2,-2.888256609E-1,-1.605309248E-1
1.194363317E1,1.012048721E-1,-2.238562554E-1,-1.669089347E-1
1.195367317E1,1.549828798E-1,-1.033974513E-1,-1.944745481E-1
1.196371317E1,2.110421509E-1,6.264691800E-2,-2.409267277E-1
1.197375317E1,2.807314694E-1,2.559083104E-1,-2.710009515E-1
1.198379417E1,3.909898102E-1,4.084587097E-1,-1.578640193E-1
1.199383417E1,4.477460384E-1,3.442697227E-1,4.658238031E-3
1.200387329E1,4.111936092E-1,1.642576158E-1,1.286116093E-1
1.201391329E1,3.301930428E-1,-6.163263321E-2,2.439691722E-1
1.202395329E1,3.089056015E-1,-1.788990796E-1,4.271946847E-1
1.203399329E1,3.070051670E-1,-6.283168495E-2,5.719028115E-1
1.204403429E1,2.444552332E-1,1.951303482E-1,5.955628157E-1
1.205407429E1,7.853575796E-2,4.215585589E-1,6.513167024E-1
1.206411429E1,-1.644252241E-1,4.511665106E-1,8.210461140E-1
1.207415429E1,-4.263087213E-1,3.927361667E-1,9.594950676E-1
1.208419429E1,-6.746817827E-1,3.591582477E-1,1.046553493E0
1.209423429E1,-8.361633420E-1,2.521854043E-1,1.074686527E0
1.210427529E1,-8.406243920E-1,-2.821188793E-2,1.009528875E0
1.211431529E1,-6.809577942E-1,-4.366162121E-1,8.644095659E-1
1.212435529E1,-4.936185479E-1,-6.386172175E-1,6.706699133E-1
1.213439529E1,-3.830475807E-1,-6.115232706E-1,3.884395063E-1
1.214443529E1,-2.639832199E-1,-4.674513638E-1,9.856137633E-2
1.215447529E1,-1.086287647E-1,-2.485295087E-1,-1.403472722E-1
1.216451629E1,4.989296570E-2,-8.430460095E-2,-3.479332328E-1
1.217455629E1,1.772629023E-1,-1.136608347E-1,-4.745765030E-1
1.218459629E1,2.548674345E-1,-2.776574790E-1,-5.217583776E-1
1.219463629E1,2.274810374E-1,-4.683867693E-1,-5.706624389E-1
1.220467629E1,1.494810432E-1,-6.036111116E-1,-5.977020264E-1
1.221471729E1,5.934185535E-2,-5.723136067E-1,-5.944761038E-1
1.222475729E1,-2.887136303E-2,-4.093254507E-1,-5.794841051E-1
1.223479729E1,-1.293055713E-1,-1.999747008E-1,-5.952968001E-1
1.224483729E1,-2.310279459E-1,-2.534324490E-2,-6.323701739E-1
1.225487729E1,-3.295281529E-1,5.817316473E-2,-6.712329984E-1
1.226491729E1,-4.190383255E-1,7.265756279E-2,-6.896820664E-1
1.227495829E1,-4.909431338E-1,-6.455957424E-3,-7.080297470E-1
1.228499829E1,-5.563743711E-1,-8.568819612E-2,-7.145880461E-1
1.229503829E1,-5.795856714E-1,-1.447609514E-1,-7.026171684E-1
1.230507829E1,-6.064921618E-1,-1.544287652E-1,-6.834743619E-1
1.231511829E1,-6.250974536E-1,-1.789052635E-1,-6.869863272E-1
1.232515829E1,-6.138016582E-1,-2.553174794E-1,-6.823819876E-1
1.233519929E1,-5.658440590E-1,-2.891506553E-1,-6.350679398E-1
1.234523929E1,-4.975355566E-1,-2.054048777E-1,-5.532854795E-1
1.235527929E1,-4.508279562E-1,-8.449900895E-2,-4.591517448E-1
1.236531929E1,-4.410956800E-1,6.008826569E-2,-3.634928465E-1
1.237535929E1,-4.402131140E-1,2.513521910E-1,-2.502188683E-1
1.238539929E1,-4.231699407E-1,4.341379702E-1,-1.241874620E-1
1.239544029E1,-3.911070824E-1,6.046496630E-1,-1.502844319E-2
1.240548029E1,-3.500358164E-1,7.319311500E-1,6.631781161E-2
1.241552029E1,-3.366380036E-1,7.688033581E-1,1.310582310E-1
1.242556029E1,-3.447651565E-1,7.032682896E-1,1.855473071E-1
1.243560029E1,-3.644514978E-1,5.529746413E-1,2.084579617E-1
1.244564129E1,-3.824686110E-1,3.539411128E-1,2.069114596E-1
1.245568129E1,-3.768583536E-1,1.408583522E-1,1.747579277E-1
1.246572129E1,-3.685554266E-1,-1.072371099E-2,1.102116928E-1
1.247576129E1,-3.457081914E-1,-4.664944857E-2,5.683863163E-2
1.248580129E1,-3.327977061E-1,4.855243489E-2,2.604902536E-2
1.249584129E1,-3.497628570E-1,1.850766093E-1,4.953223467E-2
1.250588229E1,-3.729549944E-1,3.339571357E-1,1.303714365E-1
1.251592229E1,-3.902431726E-1,4.511393011E-1,1.977307498E-1
1.252596229E1,-4.336990416E-1,4.345850945E-1,1.376801878E-1
1.253600229E1,-4.554272294E-1,1.909298450E-1,-5.840356275E-2
1.254604229E1,-4.331000745E-1,-1.738732159E-1,-2.810013592E-1
1.255608229E1,-4.002712965E-1,-4.962056875E-1,-4.294138253E-1
1.256612329E1,-3.614213765E-1,-6.567007899E-1,-5.425984263E-1
1.257616329E1,-2.681694627E-1,-5.924763680E-1,-6.317899227E-1
1.258620329E1,-1.521949172E-1,-3.689751327E-1,-6.381069422E-1
1.259624329E1,-1.059182361E-1,-1.124892086E-1,-5.918084979E-1
1.260628329E1,-9.393427521E-2,2.087843418E-2,-5.974498987E-1
1.261632329E1,1.755950414E-2,4.159841686E-2,-6.512997746E-1
1.262636429E1,2.201171368E-1,1.824575216E-1,-6.555267572E-1
1.263640429E1,4.014339149E-1,3.907262385E-1,-7.121267319E-1
1.264644429E1,4.371045530E-1,3.798224628E-1,-8.207743764E-1
1.265648429E1,3.493640721E-1,1.404679269E-1,-9.207528234E-1
1.266652429E1,3.372802436E-1,5.752216652E-2,-9.331504107E-1
1.267656429E1,4.099419415E-1,8.996029943E-2,-7.995622158E-1
1.268660529E1,4.463350773E-1,1.641314626E-1,-6.060894132E-1
1.269664529E1,4.065453410E-1,2.350797057E-1,-3.925744891E-1
1.270668529E1,2.852117121E-1,1.881928891E-1,-1.447583288E-1
1.271672529E1,9.797419608E-2,-1.098086238E-1,1.364069134E-1
1.272676529E1,-7.186757028E-2,-5.288655758E-1,3.883216977E-1
1.273680529E1,-1.049501747E-1,-9.628405571E-1,6.064777374E-1
1.274684629E1,1.254875492E-2,-1.230618238E0,8.479407430E-1
1.275688629E1,1.958733350E-1,-1.241586208E0,1.077159286E0
1.276692629E1,3.559356928E-1,-1.127799988E0,1.229458332E0
1.277696629E1,4.500131905E-1,-8.989846110E-1,1.299337268E0
1.278700629E1,5.202100873E-1,-6.295917630E-1,1.276195288E0
1.279704729E1,5.917298198E-1,-4.432469010E-1,1.181736469E0
1.280708729E1,6.594843268E-1,-2.412703633E-1,1.102154255E0
1.281712729E1,7.248923779E-1,-1.514454745E-2,1.025764108E0
1.282716729E1,7.855269909E-1,1.874242723E-1,9.562707543E-1
1.283720729E1,8.521102667E-1,3.929878473E-1,9.837046266E-1
1.284724729E1,9.129816294E-1,5.079030395E-1,9.862895012E-1
1.285728829E1,9.545829296E-1,5.719463825E-1,8.883389831E-1
1.286732829E1,9.697522521E-1,5.687527657E-1,7.346282601E-1
1.287736829E1,9.529564381E-1,5.310933590E-1,5.698791742E-1
1.288740829E1,9.006754160E-1,5.347325206E-1,3.909869194E-1
1.289744829E1,8.143639565E-1,5.819807053E-1,1.734430641E-1
1.290748829E1,7.120615244E-1,6.107652187E-1,-4.991598427E-2
1.291752929E1,6.304639578E-1,5.605975986E-1,-2.462676615E-1
1.292756929E1,5.885119438E-1,4.476523399E-1,-3.838580251E-1
1.293760929E1,5.596571565E-1,3.258154988E-1,-4.507879317E-1
1.294764929E1,5.077425838E-1,2.297818959E-1,-4.549153149E-1
1.295768929E1,4.226523936E-1,1.714797765E-1,-4.140467346E-1
1.296772929E1,3.004673719E-1,1.324186623E-1,-3.485558629E-1
1.297777029E1,1.688214689E-1,7.649803907E-2,-2.839648724E-1
1.298781029E1,7.670858502E-2,-7.919634692E-3,-2.382223904E-1
1.299785092E1,4.992225766E-2,-8.560179919E-2,-1.982617378E-1
1.300789092E1,6.334672123E-2,-1.144190654E-1,-1.672154069E-1
1.301793092E1,8.332119137E-2,-7.256229967E-2,-1.586631089E-1
1.302797092E1,1.044789404E-1,3.303706180E-3,-1.929345280E-1
1.303801192E1,1.299949735E-1,5.867149681E-2,-2.560851872E-1
1.304805192E1,1.383809894E-1,1.558611691E-1,-3.072556853E-1
1.305809192E1,1.708390713E-1,2.893845141E-1,-2.725739181E-1
1.306813192E1,2.348502725E-1,3.315130472E-1,-1.048357785E-1
1.307817192E1,2.667599916E-1,2.409814745E-1,7.723528892E-2
1.308821192E1,2.325176150E-1,6.677559018E-2,2.210518569E-1
1.309825292E1,1.684688479E-1,-1.756290644E-1,3.607048988E-1
1.310829292E1,1.509934515E-1,-4.439532161E-1,5.129839182E-1
1.311833292E1,1.646440327E-1,-5.412771106E-1,6.187714338E-1
1.312837292E1,1.588785648E-1,-3.726270497E-1,6.515541077E-1
1.313841292E1,1.403250992E-1,-6.299737841E-2,6.409838200E-1
1.314845292E1,7.011511177E-2,8.230255544E-2,6.264799833E-1
1.315849392E1,-3.383549675E-2,2.662954330E-1,7.331622839E-1
1.316853392E1,-1.733702272E-1,4.931903780E-1,8.253486753E-1
1.317857392E1,-3.319074214E-1,6.615131497E-1,8.477634192E-1
1.318861392E1,-4.418549538E-1,6.483869553E-1,8.455159664E-1
1.319865392E1,-4.705755711E-1,4.282586873E-1,8.139019012E-1
1.320869392E1,-4.702418745E-1,2.048612684E-1,7.262990475E-1
1.321873492E1,-4.679536819E-1,4.400413483E-2,5.373865366E-1
1.322877492E1,-4.624172151E-1,5.189587921E-2,3.458056450E-1
1.323881492E1,-4.091238976E-1,1.667010188E-1,1.710759252E-1
1.324885492E1,-3.021804094E-1,7.611200213E-2,-4.872861505E-2
1.325889492E1,-1.465370208E-1,-2.822448015E-1,-2.497823834E-1
1.326893492E1,2.520970441E-2,-7.060593963E-1,-4.048529267E-1
1.327897592E1,1.272753626E-1,-1.106142521E0,-5.405175090E-1
1.328901592E1,1.101365834E-1,-1.375042200E0,-6.530147791E-1
1.329905592E1,-5.043013021E-3,-1.404320598E0,-6.959403753E-1
1.330909592E1,-1.645040363E-1,-1.205865383E0,-7.025707960E-1
1.331913592E1,-2.956269085E-1,-8.791080117E-1,-7.483769655E-1
1.332917592E1,-3.926144540E-1,-5.615476370E-1,-7.952483296E-1
1.333921692E1,-4.732549489E-1,-4.208513498E-1,-7.860493660E-1
1.334925692E1,-5.399615765E-1,-4.117627740E-1,-7.417479157E-1
1.335929692E1,-6.163170338E-1,-3.610608280E-1,-7.060432434E-1
1.336933692E1,-6.400002241E-1,-2.709881961E-1,-7.213820219E-1
1.337937692E1,-6.596078277E-1,-1.945803761E-1,-7.696509361E-1
1.338941692E1,-7.109208107E-1,-8.929204196E-2,-7.805659175E-1
1.339945792E1,-7.573714256E-1,-7.783127576E-2,-7.405773401E-1
1.340949792E1,-7.627999783E-1,-1.042477041E-1,-6.876299977E-1
1.341953792E1,-7.191630006E-1,-2.909447439E-2,-6.222303510E-1
1.342957792E1,-6.591374874E-1,1.308773458E-1,-5.257464647E-1
1.343961792E1,-5.946389437E-1,3.106061220E-1,-4.010123909E-1
1.344965792E1,-5.346696377E-1,5.326663852E-1,-2.526908219E-1
1.345969892E1,-4.941416085E-1,7.355231643E-1,-1.010429859E-1
1.346973892E1,-4.777857959E-1,8.912965059E-1,1.581039652E-2
1.347977892E1,-4.730229676E-1,9.765755534E-1,9.803877771E-2
1.348981892E1,-4.709619582E-1,9.902841449E-1,1.488865167E-1
1.349985892E1,-4.836737812E-1,9.177742600E-1,1.812878698E-1
1.350989892E1,-5.055420995E-1,7.429265976E-1,1.826860309E-1
1.351993992E1,-5.116782784E-1,5.074053407E-1,1.897381097E-1
1.352997992E1,-4.979342222E-1,2.751920521E-1,2.001577318E-1
1.354001992E1,-4.701111019E-1,1.239552870E-1,1.841700673E-1
1.355005992E1,-4.250293672E-1,1.054002419E-1,1.398018003E-1
1.356009992E1,-3.658952117E-1,1.616370529E-1,8.435048908E-2
1.357013992E1,-3.285204172E-1,2.117878497E-1,6.966848671E-2
1.358018092E1,-2.998932600E-1,2.670724094E-1,1.300285012E-1
1.359022092E1,-2.496644706E-1,3.196842074E-1,2.360470891E-1
1.360026092E1,-2.496282607E-1,3.385934830E-1,2.548274100E-1
1.361030092E1,-2.793430090E-1,2.820353806E-1,9.772089124E-2
1.362034092E1,-2.659747303E-1,1.289521754E-1,-1.136011779E-1
1.363038092E1,-2.280968875E-1,-8.357767016E-2,-2.731237411E-1
1.364042192E1,-1.892732978E-1,-2.876708210E-1,-4.108551741E-1
1.365046192E1,-1.152648553E-1,-3.392514586E-1,-5.363683701E-1
1.366050192E1,-4.613451660E-3,-2.357873768E-1,-6.123333573E-1
1.367054192E1,7.801564783E-2,-3.601967543E-2,-6.074195504E-1
1.368058192E1,1.601350158E-1,1.772477478E-1,-6.080927849E-1
1.369062192E1,2.720011175E-1,2.982676625E-1,-7.122471333E-1
1.370066292E1,4.069650173E-1,3.669936359E-1,-7.873222232E-1
1.371070292E1,5.194891691E-1,3.246360421E-1,-7.149428725E-1
1.372074292E1,5.736865997E-1,1.775977165E-1,-6.523741484E-1
1.373078292E1,5.125495195E-1,-1.109291539E-1,-5.814546943E-1
1.374082292E1,4.053668976E-1,-2.953315079E-1,-5.147784948E-1
1.375086392E1,3.713231683E-1,-2.017126083E-1,-3.727579713E-1
1.376090392E1,3.587104380E-1,-7.090720534E-2,-1.513849199E-1
1.377094392E1,2.801796794E-1,5.311700329E-2,1.673591696E-2
1.378098392E1,1.543149501E-1,1.012196094E-1,1.349137425E-1
1.379102392E1,4.821355641E-2,2.693632245E-2,2.523705959E-1
1.380106392E1,-1.781178638E-2,-1.626282483E-1,3.579753935E-1
1.381110392E1,-3.586136177E-2,-3.682290912E-1,4.263925254E-1
1.382114492E1,2.358728833E-2,-5.231587887E-1,4.991267622E-1
1.383118492E1,1.413727701E-1,-6.262449622E-1,5.868808627E-1
1.384122492E1,2.664697170E-1,-6.349142194E-1,6.674049497E-1
1.385126492E1,3.633770943E-1,-5.760442615E-1,7.101446390E-1
1.386130492E1,3.997739851E-1,-4.170764685E-1,7.390897870E-1
1.387134492E1,3.884901702E-1,-2.725749314E-1,7.613449693E-1
1.388138592E1,3.580145538E-1,-1.451419741E-1,7.861442566E-1
1.389142592E1,3.378863931E-1,-5.327595770E-2,8.251366615E-1
1.390146592E1,3.345153630E-1,-1.466775686E-2,8.577833772E-1
1.391150592E1,3.604763746E-1,-2.847012132E-2,8.581634164E-1
1.392154592E1,4.152504504E-1,-1.364916284E-2,8.587778211E-1
1.393158592E1,4.641279578E-1,3.065065667E-2,7.992457747E-1
1.394162692E1,5.002113581E-1,6.526216865E-2,6.988809705E-1
1.395166692E1,5.102021694E-1,7.280530781E-2,5.888287425E-1
1.396170692E1,4.824441075E-1,8.339865506E-2,4.560259879E-1
1.397174692E1,4.292376041E-1,9.992489964E-2,2.864582539E-1
1.398178692E1,3.716858923E-1,1.238372773E-1,1.046639830E-1
1.399182692E1,3.278819621E-1,1.770520210E-1,-5.456934497E-2
1.400186775E1,3.104744554E-1,2.389362603E-1,-1.606841236E-1
1.401190775E1,3.161986470E-1,2.867088318E-1,-2.269877791E-1
1.402194775E1,3.314425945E-1,3.154347241E-1,-2.621814311E-1
1.403198775E1,3.322303593E-1,3.414290249E-1,-2.565887868E-1
1.404202775E1,3.099950850E-1,3.530077338E-1,-2.217744887E-1
1.405206875E1,2.594432235E-1,3.155791163E-1,-1.814795285E-1
1.406210875E1,2.019048333E-1,2.322040796E-1,-1.518882513E-1
1.407214875E1,1.819630712E-1,1.404613853E-1,-1.413884759E-1
1.408218875E1,2.065113187E-1,8.169724792E-2,-1.309156716E-1
1.409222875E1,2.458107769E-1,6.937320530E-2,-1.195527688E-1
1.410226875E1,2.866676748E-1,9.038838744E-2,-1.132374629E-1
1.411230875E1,3.247564733E-1,9.362812340E-2,-1.436699331E-1
1.412234975E1,3.473653793E-1,5.897438526E-2,-2.249232233E-1
1.413238975E1,3.414621949E-1,7.469236851E-2,-2.912167609E-1
1.414242975E1,3.656122983E-1,1.718936712E-1,-1.197286770E-1
1.415246975E1,4.161985219E-1,1.654174030E-1,1.209430546E-1
1.416250975E1,4.236340523E-1,4.253223911E-2,2.435259521E-1
1.417255075E1,3.863037229E-1,-2.090115696E-1,3.023951054E-1
1.418259075E1,3.770183325E-1,-5.098512173E-1,3.857908249E-1
1.419263075E1,3.737746179E-1,-6.087650061E-1,4.583846033E-1
1.420267075E1,3.557724357E-1,-3.976037800E-1,4.862245619E-1
1.421271075E1,3.325605989E-1,3.542459384E-2,5.007864833E-1
1.422275075E1,2.348476052E-1,3.164651394E-1,5.385699868E-1
1.423279175E1,4.756907001E-2,5.054364204E-1,7.319101691E-1
1.424283175E1,-1.831482947E-1,6.106613874E-1,9.014288783E-1
1.425287175E1,-4.427710772E-1,6.014447212E-1,9.416871071E-1
1.426291175E1,-6.215106845E-1,5.027062893E-1,9.669327736E-1
1.427295175E1,-6.261126399E-1,1.781591624E-1,9.350475073E-1
1.428299175E1,-4.866562784E-1,-1.432769448E-1,8.591368794E-1
1.429303275E1,-3.390063643E-1,-2.857350111E-1,6.712601781E-1
1.430307275E1,-2.451009005E-1,-3.241820335E-1,3.891937733E-1
1.431311275E1,-1.425132751E-1,-3.044770360E-1,1.248995438E-1
1.432315275E1,-1.382903382E-2,-2.500872910E-1,-1.130407527E-1
1.433319275E1,1.238449439E-1,-2.635831237E-1,-3.038013875E-1
1.434323275E1,2.591596246E-1,-3.352241516E-1,-4.299770892E-1
1.435327375E1,3.212762475E-1,-4.641387165E-1,-5.234553814E-1
1.436331375E1,2.580043674E-1,-6.140733957E-1,-6.099277139E-1
1.437335375E1,1.382574439E-1,-7.100223303E-1,-6.558355689E-1
1.438339375E1,9.373205714E-3,-6.341223717E-1,-6.578403711E-1
1.439343375E1,-1.108778417E-1,-4.243579805E-1,-6.470553875E-1
1.440347375E1,-2.048248351E-1,-1.775543243E-1,-6.777618527E-1
1.441351475E1,-2.568704486E-1,-3.256650642E-2,-7.021966577E-1
1.442355475E1,-3.122026920E-1,-1.252122037E-2,-7.103935480E-1
1.443359475E1,-3.820821643E-1,-4.302133992E-2,-7.282617092E-1
1.444363475E1,-4.566919208E-1,-8.892598748E-2,-7.602704167E-1
1.445367475E1,-5.169752240E-1,-8.545935154E-2,-7.929109335E-1
1.446371475E1,-5.693782568E-1,-5.066254362E-2,-7.825303078E-1
1.447375575E1,-6.258455515E-1,-1.672348566E-2,-7.481475472E-1
1.448379575E1,-6.521024704E-1,-3.792069852E-2,-7.160137892E-1
1.449383575E1,-6.299164891E-1,-1.201154366E-1,-6.758123040E-1
1.450387575E1,-5.789762735E-1,-1.392098665E-1,-5.886113048E-1
1.451391575E1,-5.231697559E-1,-6.178272143E-2,-4.617779851E-1
1.452395575E1,-4.729806185E-1,5.632444471E-2,-3.263576329E-1
1.453399675E1,-4.297519326E-1,2.064313889E-1,-1.866151989E-1
1.454403675E1,-3.922045827E-1,3.763494790E-1,-6.021190807E-2
1.455407675E1,-3.598578274E-1,5.427278280E-1,4.331181943E-2
1.456411675E1,-3.388417661E-1,6.653152108E-1,1.142191216E-1
1.457415675E1,-3.184768260E-1,7.383849025E-1,1.637003869E-1
1.458419675E1,-3.150136471E-1,7.541286349E-1,1.985578537E-1
1.459423775E1,-3.349444866E-1,7.268227339E-1,2.100501806E-1
1.460427775E1,-3.669029474E-1,6.710322499E-1,2.095677257E-1
1.461431775E1,-3.928914070E-1,5.639079213E-1,2.061058730E-1
1.462435775E1,-4.052828252E-1,4.037924111E-1,1.962622404E-1
1.463439775E1,-4.224407673E-1,2.430810183E-1,1.676881164E-1
1.464443775E1,-4.490225911E-1,1.356959641E-1,1.215403229E-1
1.465447875E1,-4.712069929E-1,1.195047498E-1,7.824797183E-2
1.466451875E1,-5.047748089E-1,1.336814761E-1,5.994651839E-2
1.467455875E1,-5.284394026E-1,1.252126247E-1,1.045909524E-1
1.468459875E1,-5.152048469E-1,1.181951091E-1,1.485425830E-1
1.469463875E1,-5.168011189E-1,1.397229359E-2,1.486227755E-2
1.470467875E1,-4.998002648E-1,-2.225656211E-1,-2.193984538E-1
1.471471975E1,-4.283782542E-1,-5.180055499E-1,-3.862191439E-1
1.472475975E1,-3.740031719E-1,-7.583670616E-1,-4.817581475E-1
1.473479975E1,-3.123840094E-1,-8.103932142E-1,-5.767019391E-1
1.474483975E1,-1.826907694E-1,-6.290094852E-1,-6.323708296E-1
1.475487975E1,-8.355592936E-2,-3.510117233E-1,-6.174342036E-1
1.476492075E1,-2.532882802E-2,-1.536418647E-1,-5.855115652E-1
1.477496075E1,3.275391459E-2,-6.382595748E-2,-6.098920107E-1
1.478500075E1,1.300900578E-1,6.137433648E-2,-6.987836361E-1
1.479504075E1,2.433566898E-1,2.431790233E-1,-6.772223711E-1
1.480508075E1,3.405628800E-1,3.403396606E-1,-6.549188495E-1
1.481512075E1,3.258880675E-1,2.378734648E-1,-6.940574646E-1
1.482516175E1,2.002398521E-1,-2.866169438E-2,-7.483969331E-1
1.483520175E1,1.714156568E-1,-4.390722886E-2,-7.297945023E-1
1.484524175E1,2.149716765E-1,9.555789828E-2,-6.091274023E-1
1.485528175E1,2.102674693E-1,2.004195899E-1,-4.672048688E-1
1.486532175E1,1.347934753E-1,2.227858305E-1,-2.884520590E-1
1.487536175E1,2.685822174E-2,8.650229126E-2,-9.478085488E-2
1.488540275E1,-5.835043639E-2,-2.223101705E-1,1.018160060E-1
1.489544275E1,-1.048143432E-1,-6.180415154E-1,2.819210589E-1
1.490548275E1,-6.990721822E-2,-9.275763631E-1,4.597977698E-1
1.491552275E1,6.382209063E-2,-1.124268055E0,6.409507394E-1
1.492556275E1,2.397169322E-1,-1.151098728E0,8.089902997E-1
1.493560275E1,3.791930676E-1,-1.016592622E0,9.297105670E-1
1.494564375E1,4.586237073E-1,-7.948810458E-1,1.017666936E0
1.495568375E1,5.156520605E-1,-6.112323403E-1,1.053449988E0
1.496572375E1,5.781147480E-1,-4.662654996E-1,1.051138163E0
1.497576375E1,6.330016851E-1,-2.843439281E-1,1.045261979E0
1.498580375E1,6.732289791E-1,-2.535511367E-2,1.033424616E0
1.499584375E1,6.868520975E-1,1.490941793E-1,9.813296199E-1
1.500588425E1,7.007170916E-1,2.853452861E-1,9.850212932E-1
1.501592425E1,7.346191406E-1,3.884295821E-1,9.923045039E-1
1.502596425E1,7.775476575E-1,4.134570956E-1,9.311136007E-1
1.503600425E1,7.937716246E-1,3.742077053E-1,8.210741878E-1
1.504604425E1,7.781547904E-1,3.318426013E-1,6.599050164E-1
1.505608525E1,7.398042083E-1,2.836764157E-1,4.616076648E-1
1.506612525E1,6.881799698E-1,2.731896043E-1,2.424218357E-1
1.507616525E1,6.419341564E-1,3.159261644E-1,1.628777385E-2
1.508620525E1,6.059279442E-1,3.614715040E-1,-1.819658279E-1
1.509624525E1,5.771839023E-1,3.771258295E-1,-3.386595547E-1
1.510628525E1,5.559997559E-1,3.698373139E-1,-4.490009844E-1
1.511632625E1,5.210223794E-1,3.365058601E-1,-5.100559592E-1
1.512636625E1,4.728309214E-1,2.872742116E-1,-4.979183078E-1
1.513640625E1,4.083341956E-1,2.435152531E-1,-4.277027547E-1
1.514644625E1,3.144926429E-1,1.598779112E-1,-3.579206467E-1
1.515648625E1,2.218175828E-1,4.132836685E-2,-3.109979033E-1
1.516652625E1,1.640900970E-1,-7.247528434E-2,-2.800337076E-1
1.517656725E1,1.466514766E-1,-1.410167813E-1,-2.420900315E-1
1.518660725E1,1.588266194E-1,-1.000324190E-1,-2.061835676E-1
1.519664725E1,1.880894303E-1,3.510941938E-2,-1.773532480E-1
1.520668725E1,2.178603858E-1,1.497103274E-1,-1.805537492E-1
1.521672725E1,2.389291823E-1,2.260639518E-1,-2.285292596E-1
1.522676725E1,2.617522180E-1,3.187154233E-1,-2.408349961E-1
1.523680825E1,3.230286241E-1,3.137286603E-1,-9.105854481E-2
1.524684825E1,3.538996875E-1,1.929848790E-1,9.535360336E-2
1.525688825E1,3.306425810E-1,3.386900201E-2,2.300003618E-1
1.526692825E1,2.915900052E-1,-1.397458762E-1,3.212709427E-1
1.527696825E1,2.747021019E-1,-2.774371505E-1,4.256492853E-1
1.528700925E1,2.395619750E-1,-2.193177938E-1,5.177937150E-1
1.529704925E1,1.494986564E-1,7.627498358E-2,5.580849648E-1
1.530708925E1,1.874729432E-2,4.647407830E-1,6.168428063E-1
1.531712925E1,-1.601638794E-1,6.988751888E-1,8.020243645E-1
1.532716925E1,-3.953556120E-1,7.244831920E-1,9.235432148E-1
1.533720925E1,-6.525424123E-1,6.730650067E-1,9.656496644E-1
1.534725025E1,-8.342352509E-1,5.365238786E-1,1.019187808E0
1.535729025E1,-8.564033508E-1,2.568848431E-1,1.028800249E0
1.536733025E1,-7.370759249E-1,-1.212200373E-1,9.341890812E-1
1.537737025E1,-6.084598899E-1,-3.351096809E-1,7.359254956E-1
1.538741025E1,-5.379737616E-1,-3.670795858E-1,4.208354354E-1
1.539745125E1,-4.613721967E-1,-2.394534349E-1,1.054671034E-1
1.540749125E1,-3.272956014E-1,-3.479445353E-2,-1.340299100E-1
1.541753125E1,-1.633322388E-1,6.363917887E-2,-2.736008465E-1
1.542757125E1,-1.796223596E-2,-2.910479158E-2,-3.486871123E-1
1.543761125E1,6.643147767E-2,-1.768673509E-1,-4.232646823E-1
1.544765125E1,6.746824086E-2,-3.240847290E-1,-5.157467723E-1
1.545769225E1,-1.329131797E-2,-4.507215023E-1,-5.817335248E-1
1.546773225E1,-1.072526872E-1,-5.125845075E-1,-6.156951785E-1
1.547777225E1,-1.866481751E-1,-4.624310732E-1,-6.254838705E-1
1.548781225E1,-2.525377572E-1,-3.203606606E-1,-6.282616854E-1
1.549785225E1,-3.321814537E-1,-1.706390828E-1,-6.391915679E-1
1.550789225E1,-4.036095440E-1,-5.023490265E-2,-6.718460321E-1
1.551793325E1,-4.513418972E-1,-3.184950352E-2,-6.936008930E-1
1.552797325E1,-5.057945251E-1,-9.083417803E-2,-6.909036040E-1
1.553801325E1,-5.770870447E-1,-1.598752886E-1,-6.819223762E-1
1.554805325E1,-6.394468546E-1,-2.071314603E-1,-6.672089100E-1
1.555809325E1,-6.848753095E-1,-2.318160385E-1,-6.308272481E-1
1.556813425E1,-7.157629132E-1,-2.599518597E-1,-5.922676921E-1
1.557817425E1,-7.190923691E-1,-2.806978822E-1,-5.763534307E-1
1.558821425E1,-6.958264709E-1,-3.222224116E-1,-5.504409671E-1
1.559825425E1,-6.571549773E-1,-2.705293894E-1,-5.057190061E-1
1.560829425E1,-6.094463468E-1,-1.441784501E-1,-4.056048691E-1
1.561833425E1,-5.620878339E-1,2.989508398E-2,-2.821561694E-1
1.562837525E1,-5.156024098E-1,2.159385681E-1,-1.584654599E-1
1.563841525E1,-4.702591002E-1,3.574243188E-1,-5.697292089E-2
1.564845525E1,-4.260333478E-1,4.544026554E-1,1.664911583E-2
1.565849525E1,-3.845865726E-1,5.177919865E-1,6.632266194E-2
1.566853525E1,-3.504184783E-1,5.632953644E-1,1.015433744E-1
1.567857625E1,-3.271437883E-1,5.738577247E-1,1.325782537E-1
1.568861625E1,-3.130697906E-1,5.498830080E-1,1.620106995E-1
1.569865625E1,-3.135744631E-1,4.902593791E-1,1.819793433E-1
1.570869625E1,-3.114205003E-1,4.089578688E-1,1.855780780E-1
1.571873625E1,-3.033215404E-1,3.495573997E-1,1.768114716E-1
1.572877625E1,-2.762457132E-1,3.350099623E-1,1.547213942E-1
1.573881725E1,-2.425354272E-1,3.789486587E-1,1.293582469E-1
1.574885725E1,-2.083172649E-1,4.764946401E-1,1.337835342E-1
1.575889725E1,-1.782994419E-1,5.626295209E-1,1.673303097E-1
1.576893725E1,-1.267007291E-1,6.038219929E-1,1.896417588E-1
1.577897725E1,-1.115199029E-1,5.082464814E-1,1.010977700E-1
1.578901825E1,-1.219171360E-1,2.517301440E-1,-8.481983840E-2
1.579905825E1,-1.110519767E-1,-7.040955871E-2,-2.617163360E-1
1.580909825E1,-1.016275808E-1,-3.931158483E-1,-3.898449540E-1
1.581913825E1,-1.115995198E-1,-6.473284364E-1,-4.895041883E-1
1.582917825E1,-1.027530059E-1,-7.674432993E-1,-5.524358153E-1
1.583921825E1,-7.585427910E-2,-7.085493803E-1,-5.560745001E-1
1.584925925E1,-4.489265382E-2,-5.228639841E-1,-4.986333549E-1
1.585929925E1,-4.335068166E-2,-2.852221131E-1,-4.332274497E-1
1.586933925E1,-3.318966925E-2,-6.691628695E-2,-4.423625469E-1
1.587937925E1,3.460189328E-2,8.322606981E-2,-5.624279380E-1
1.588941925E1,1.503434181E-1,3.071541488E-1,-5.897728205E-1
1.589946025E1,3.033960760E-1,5.097727180E-1,-6.248331070E-1
1.590950025E1,4.207232296E-1,5.246090293E-1,-7.685232759E-1
1.591954025E1,4.387890399E-1,3.454568982E-1,-9.267025590E-1
1.592958025E1,4.325130582E-1,2.203649282E-1,-9.599676728E-1
1.593962025E1,4.451324344E-1,1.366788149E-1,-8.570300937E-1
1.594966025E1,4.498960376E-1,8.905868232E-2,-6.846706271E-1
1.595970125E1,4.081547260E-1,6.413736194E-2,-4.522807598E-1
1.596974125E1,2.908989489E-1,-8.655057102E-2,-1.938074678E-1
1.597978125E1,1.232127398E-1,-4.078353941E-1,6.060882285E-2
1.598982125E1,-3.179256991E-2,-7.998225093E-1,2.819019854E-1
1.599986192E1,-7.306038588E-2,-1.112110615E0,5.290833116E-1
1.600990292E1,8.306389675E-3,-1.264533520E0,8.290528655E-1
1.601994292E1,1.791423112E-1,-1.202432632E0,1.072927833E0
1.602998292E1,3.738151491E-1,-9.741382599E-1,1.184499264E0
1.604002292E1,4.864495397E-1,-7.318678498E-1,1.177930355E0
1.605006292E1,5.517252088E-1,-4.735494256E-1,1.116837382E0
1.606010292E1,6.304138899E-1,-2.621900439E-1,1.048434854E0
1.607014392E1,6.989463568E-1,-5.003703013E-2,1.013077140E0
1.608018392E1,7.592911720E-1,2.052051127E-1,9.976174235E-1
1.609022392E1,8.201320767E-1,4.675094187E-1,9.640906453E-1
1.610026392E1,8.774342537E-1,6.332533956E-1,9.464703202E-1
1.611030392E1,9.252052903E-1,6.991733313E-1,9.314934015E-1
1.612034492E1,9.409334064E-1,6.697070599E-1,8.683351874E-1
1.613038492E1,9.049290419E-1,5.885379910E-1,7.613965273E-1
1.614042492E1,8.325608373E-1,5.064663291E-1,6.182713509E-1
1.615046492E1,7.409681082E-1,4.328242838E-1,4.210210741E-1
1.616050492E1,6.526009440E-1,3.936808705E-1,2.099250853E-1
1.617054492E1,5.871071815E-1,3.982698619E-1,-3.070479725E-4
1.618058592E1,5.481999516E-1,4.066231549E-1,-1.830893904E-1
1.619062592E1,5.207645893E-1,3.726070821E-1,-3.048427999E-1
1.620066592E1,4.900011122E-1,3.165254295E-1,-3.614940941E-1
1.621070592E1,4.511988163E-1,2.643831372E-1,-3.717988431E-1
1.622074592E1,4.031010568E-1,2.264908850E-1,-3.342589140E-1
1.623078692E1,3.341105878E-1,1.867842972E-1,-2.855338454E-1
1.624082692E1,2.379656732E-1,1.230204999E-1,-2.591368556E-1
1.625086692E1,1.342715025E-1,5.995444953E-2,-2.519178391E-1
1.626090692E1,6.099756062E-2,2.716784365E-4,-2.379665971E-1
1.627094692E1,3.437234089E-2,-5.980198458E-2,-2.110459059E-1
1.628098692E1,3.817187250E-2,-6.580581516E-2,-1.787550747E-1
1.629102792E1,5.607390031E-2,2.115349658E-2,-1.745249480E-1
1.630106792E1,8.677029610E-2,1.486003995E-1,-2.066884786E-1
1.631110792E1,1.269019991E-1,2.782773077E-1,-2.676186562E-1
1.632114792E1,1.717701405E-1,4.323464930E-1,-3.068912327E-1
1.633118792E1,2.586278021E-1,4.953133166E-1,-2.337047309E-1
1.634122892E1,3.288774788E-1,3.969659805E-1,-7.627968490E-2
1.635126892E1,3.254026175E-1,2.003991753E-1,7.230561227E-2
1.636130892E1,2.773754299E-1,-7.809370756E-2,2.180316448E-1
1.637134892E1,2.730714977E-1,-3.806842864E-1,3.820189536E-1
1.638138892E1,2.769517303E-1,-4.870416224E-1,5.238363147E-1
1.639142992E1,2.477858067E-1,-3.458859921E-1,6.000698209E-1
1.640146992E1,2.211792320E-1,-4.039623309E-4,6.610072255E-1
1.641150992E1,1.428743154E-1,2.769183517E-1,7.283160686E-1
1.642154992E1,-1.760058291E-2,5.135266185E-1,9.005424380E-1
1.643158992E1,-2.446289361E-1,6.628475785E-1,1.032015681E0
1.644162992E1,-4.691448808E-1,6.447620392E-1,1.090394258E0
1.645167092E1,-5.970892310E-1,4.497731626E-1,1.114443064E0
1.646171092E1,-5.717684627E-1,1.198642105E-1,1.041265011E0
1.647175092E1,-4.386548698E-1,-1.096410602E-1,9.080405831E-1
1.648179092E1,-3.407501578E-1,-2.063020915E-1,6.769484878E-1
1.649183092E1,-2.838447988E-1,-2.104377151E-1,3.848985434E-1
1.650187192E1,-2.183011919E-1,-1.309103966E-1,1.146755740E-1
1.651191192E1,-1.421843320E-1,-1.080306172E-1,-1.238385662E-1
1.652195192E1,-6.771088392E-2,-2.637054324E-1,-2.593886852E-1
1.653199192E1,-1.553529128E-2,-4.863356948E-1,-3.444141746E-1
1.654203192E1,-1.881284453E-2,-6.726297140E-1,-4.563356638E-1
1.655207292E1,-9.979931265E-2,-8.447250128E-1,-5.895576477E-1
1.656211292E1,-1.750730127E-1,-9.552546740E-1,-7.025203705E-1
1.657215292E1,-2.295354754E-1,-9.180279374E-1,-7.656695843E-1
1.658219292E1,-3.062755167E-1,-6.966433525E-1,-8.137665391E-1
1.659223292E1,-4.095249474E-1,-3.544087708E-1,-9.051942825E-1
1.660227292E1,-4.946433008E-1,-1.252243072E-1,-9.776540995E-1
1.661231392E1,-5.697194338E-1,-9.434635937E-2,-1.007310390E0
1.662235392E1,-6.547331214E-1,-1.635941267E-1,-9.987909198E-1
1.663239392E1,-7.212351561E-1,-1.991120875E-1,-9.986849427E-1
1.664243392E1,-7.644529343E-1,-1.593204588E-1,-9.879263043E-1
1.665247392E1,-7.819845676E-1,-1.106373295E-1,-9.487240911E-1
1.666251492E1,-7.683222294E-1,-9.692417830E-2,-8.892176151E-1
1.667255492E1,-7.383763194E-1,-1.161362752E-1,-8.075940609E-1
1.668259492E1,-7.004777193E-1,-7.939956337E-2,-6.990388036E-1
1.669263492E1,-6.470900774E-1,-2.484151907E-2,-5.661869049E-1
1.670267492E1,-5.948498249E-1,1.371961236E-1,-4.206473231E-1
1.671271492E1,-5.381212831E-1,3.271154463E-1,-2.666268647E-1
1.672275592E1,-4.804057777E-1,4.877879620E-1,-1.023143232E-1
1.673279592E1,-4.278568327E-1,5.964437127E-1,3.244116157E-2
1.674283592E1,-3.846827149E-1,6.855160594E-1,1.329294145E-1
1.675287592E1,-3.476389349E-1,7.226512432E-1,2.002736330E-1
1.676291592E1,-3.161856830E-1,7.113634348E-1,2.417401224E-1
1.677295692E1,-3.070521057E-1,6.385796070E-1,2.531231046E-1
1.678299692E1,-3.008690476E-1,4.883168638E-1,2.373100817E-1
1.679303692E1,-2.995569110E-1,2.744743526E-1,2.058357745E-1
1.680307692E1,-2.952702940E-1,3.758510947E-2,1.672516316E-1
1.681311692E1,-2.791046202E-1,-1.342464983E-1,1.328670681E-1
1.682315792E1,-2.561407089E-1,-1.727685928E-1,8.607825637E-2
1.683319792E1,-2.449205518E-1,-7.944980264E-2,3.037361056E-2
1.684323792E1,-2.321845293E-1,9.529510885E-2,4.615178914E-4
1.685327792E1,-2.226783633E-1,2.383500785E-1,5.477618799E-2
1.686331792E1,-2.284960449E-1,3.261563480E-1,1.694788039E-1
1.687335792E1,-2.739109397E-1,3.801268935E-1,1.431929618E-1
1.688339892E1,-3.248209953E-1,3.004797399E-1,-5.889274552E-2
1.689343892E1,-3.276274204E-1,7.306676358E-2,-2.303021848E-1
1.690347892E1,-2.885069251E-1,-2.029304653E-1,-3.127627075E-1
1.691351892E1,-2.324811965E-1,-3.819516003E-1,-4.249563515E-1
1.692355892E1,-1.173990890E-1,-3.125866055E-1,-5.420257449E-1
1.693359992E1,1.392911933E-2,-8.793896437E-2,-5.867388248E-1
1.694363992E1,1.148706451E-1,1.086052582E-1,-6.149078608E-1
1.695367992E1,2.222064286E-1,2.127499580E-1,-7.393218875E-1
1.696371992E1,3.546947241E-1,2.045658082E-1,-8.378234506E-1
1.697375992E1,4.500145316E-1,-3.201421350E-7,-8.029624820E-1
1.698380092E1,4.639665782E-1,-2.807800770E-1,-7.810334563E-1
1.699384092E1,3.929864466E-1,-5.863727927E-1,-7.243905067E-1
1.700388013E1,2.790327072E-1,-7.620308995E-1,-5.832794309E-1
1.701392012E1,2.542791665E-1,-6.437672377E-1,-3.950681388E-1
1.702396013E1,2.388093919E-1,-4.168550074E-1,-2.300197929E-1
1.703400113E1,1.209977791E-1,-1.758130640E-1,-1.234653294E-1
1.704404113E1,-1.857343316E-2,4.370283335E-3,-2.102146391E-3
1.705408113E1,-1.120820642E-1,8.283934742E-2,1.251130104E-1
1.706412113E1,-1.690947413E-1,-1.783134229E-2,2.171486616E-1
1.707416112E1,-1.753942072E-1,-1.891696602E-1,3.230182827E-1
1.708420113E1,-1.055496186E-1,-3.348935544E-1,4.315503538E-1
1.709424213E1,2.514687553E-2,-4.189203382E-1,5.343372822E-1
1.710428213E1,1.454213560E-1,-4.650183320E-1,6.085137725E-1
1.711432213E1,2.408038080E-1,-4.657479227E-1,6.833530068E-1
1.712436213E1,3.010833859E-1,-3.934763670E-1,7.459822893E-1
1.713440212E1,3.261908889E-1,-2.895938158E-1,8.060634732E-1
1.714444312E1,3.373516798E-1,-2.330724895E-1,8.705316782E-1
1.715448313E1,3.723227084E-1,-2.094638348E-1,9.214127064E-1
1.716452313E1,4.228135943E-1,-2.023260295E-1,9.322655797E-1
1.717456313E1,4.762437642E-1,-1.987479478E-1,9.035680890E-1
1.718460313E1,5.249111652E-1,-2.011820823E-1,8.552146554E-1
1.719464413E1,5.632079244E-1,-1.895324439E-1,7.922826409E-1
1.720468412E1,5.820319653E-1,-1.680761576E-1,7.124788761E-1
1.721472413E1,5.871436596E-1,-1.411558092E-1,6.127260327E-1
1.722476413E1,5.776808858E-1,-6.909973174E-2,5.106497407E-1
1.723480413E1,5.457549095E-1,5.820404366E-2,3.886715770E-1
1.724484413E1,5.178015828E-1,1.930007339E-1,2.400517464E-1
1.725488513E1,5.030013323E-1,3.301289380E-1,1.060518548E-1
1.726492512E1,4.931268692E-1,4.414953887E-1,-1.252032723E-2
1.727496513E1,4.925031662E-1,5.171515346E-1,-1.149688587E-1
1.728500513E1,5.017004013E-1,5.590611696E-1,-1.849487424E-1
1.729504513E1,5.092174411E-1,5.591561198E-1,-2.314108759E-1
1.730508613E1,5.042287707E-1,5.218561888E-1,-2.522208393E-1
1.731512613E1,4.681110084E-1,4.412497580E-1,-2.502759099E-1
1.732516612E1,3.947374821E-1,3.262022436E-1,-2.534983456E-1
1.733520613E1,3.044498861E-1,2.047745436E-1,-2.576059401E-1
1.734524613E1,2.363976091E-1,8.422149718E-2,-2.549012303E-1
1.735528713E1,2.188812047E-1,-4.255725071E-2,-2.364915907E-1
1.736532713E1,2.473983318E-1,-1.249791533E-1,-2.039621472E-1
1.737536713E1,2.919136286E-1,-1.323605329E-1,-1.777199507E-1
1.738540712E1,3.064012229E-1,-6.151351705E-2,-1.730684638E-1
1.739544713E1,2.908427715E-1,6.202298030E-2,-2.055278271E-1
1.740548713E1,2.692314982E-1,2.243032306E-1,-2.298115939E-1
1.741552813E1,2.863206863E-1,3.171481192E-1,-1.641348749E-1
1.742556813E1,2.880197763E-1,2.829448879E-1,5.139955878E-2
1.743560813E1,2.449399680E-1,1.592893600E-1,2.653218806E-1
1.744564812E1,1.633540392E-1,-9.527632967E-3,4.133851230E-1
1.745568813E1,1.160152704E-1,-1.806387454E-1,5.229560733E-1
1.746572913E1,1.193905622E-1,-2.326806337E-1,6.190426350E-1
1.747576913E1,1.461255103E-1,-6.936208904E-2,6.994296908E-1
1.748580913E1,1.936086118E-1,2.420631647E-1,7.513051033E-1
1.749584912E1,1.614679992E-1,3.963961303E-1,7.425148487E-1
1.750588913E1,-2.513411269E-2,5.076454282E-1,7.613871098E-1
1.751593012E1,-2.490492016E-1,5.842160583E-1,8.719382882E-1
1.752597013E1,-4.313439131E-1,5.823145509E-1,9.228757620E-1
1.753601013E1,-5.088057518E-1,4.518062472E-1,9.188592434E-1
1.754605013E1,-4.625367522E-1,1.268974096E-1,8.173978925E-1
1.755609012E1,-3.035987616E-1,-1.912184507E-1,6.874048710E-1
1.756613013E1,-1.754607558E-1,-2.946529686E-1,5.011689663E-1
1.757617112E1,-1.205927432E-1,-2.558829188E-1,2.448091209E-1
1.758621113E1,-5.561693385E-2,-2.164465487E-1,3.222176060E-2
1.759625113E1,1.800964214E-2,-1.955987960E-1,-1.437094808E-1
1.760629113E1,9.494650364E-2,-2.369108200E-1,-2.221643478E-1
1.761633112E1,1.517868638E-1,-3.525862694E-1,-2.886511683E-1
1.762637212E1,1.422948241E-1,-5.115250349E-1,-3.842248321E-1
1.763641213E1,4.941574857E-2,-7.142912149E-1,-4.939475954E-1
1.764645213E1,-7.607106864E-2,-8.636410236E-1,-5.639764667E-1
1.765649213E1,-1.689815670E-1,-8.942782879E-1,-5.845873952E-1
1.766653213E1,-2.401667982E-1,-8.207268715E-1,-6.186457872E-1
1.767657313E1,-3.269621730E-1,-6.152290702E-1,-6.799945831E-1
1.768661312E1,-4.360723794E-1,-3.876304924E-1,-7.685256004E-1
1.769665313E1,-4.766376019E-1,-2.896517217E-1,-7.985916734E-1
1.770669313E1,-5.019996762E-1,-2.911963463E-1,-8.073625565E-1
1.771673313E1,-5.469107628E-1,-3.141514063E-1,-8.339805007E-1
1.772677313E1,-5.861090422E-1,-3.117114007E-1,-8.608794808E-1
1.773681413E1,-6.156738400E-1,-2.857708037E-1,-8.668863773E-1
1.774685412E1,-6.502866745E-1,-2.064440101E-1,-8.236718178E-1
1.775689413E1,-6.854103208E-1,-1.666045636E-1,-7.588973641E-1
1.776693413E1,-6.960834861E-1,-1.672144234E-1,-7.167187929E-1
1.777697413E1,-6.669617891E-1,-1.282405257E-1,-6.370844841E-1
1.778701513E1,-6.016291380E-1,1.834891550E-2,-5.114179254E-1
1.779705513E1,-5.160556436E-1,2.173612714E-1,-3.766239285E-1
1.780709512E1,-4.373731017E-1,3.699633181E-1,-2.445380539E-1
1.781713513E1,-3.857234716E-1,4.851028919E-1,-1.201246232E-1
1.782717513E1,-3.704185486E-1,5.812509656E-1,-1.827895083E-2
1.783721613E1,-3.835127652E-1,6.623975039E-1,5.651531368E-2
1.784725613E1,-4.134655893E-1,7.138151526E-1,1.234275028E-1
1.785729613E1,-4.445939660E-1,7.074100971E-1,1.847292930E-1
1.786733612E1,-4.657927155E-1,6.259202957E-1,2.159908116E-1
1.787737613E1,-4.596301913E-1,4.916760623E-1,2.344769835E-1
1.788741713E1,-4.444962442E-1,3.405683041E-1,2.550552487E-1
1.789745713E1,-4.388995767E-1,1.981069893E-1,2.511078417E-1
1.790749713E1,-4.413547516E-1,8.751975745E-2,2.097188532E-1
1.791753713E1,-4.185112119E-1,4.129775986E-2,1.601942927E-1
1.792757712E1,-3.797193468E-1,3.463479504E-2,1.474633217E-1
1.793761713E1,-3.748532236E-1,4.438474774E-2,1.812834293E-1
1.794765813E1,-3.737972975E-1,7.482654601E-2,2.305785418E-1
1.795769813E1,-3.795217574E-1,1.019866168E-1,1.829386204E-1
1.796773813E1,-3.965348303E-1,7.006543130E-2,-4.159088805E-2
1.797777813E1,-3.829313815E-1,-1.158117577E-1,-2.740137577E-1
1.798781812E1,-3.282961547E-1,-3.612587750E-1,-4.023542404E-1
1.799785912E1,-3.114936948E-1,-6.073583364E-1,-4.958617687E-1
1.800790004E1,-2.903415263E-1,-7.234226465E-1,-6.119776964E-1
1.801794004E1,-1.694494933E-1,-6.006523371E-1,-6.746578217E-1
1.802798004E1,-5.233191326E-2,-2.757157981E-1,-6.280295849E-1
1.803802004E1,-1.548442990E-2,6.412273645E-2,-6.025236249E-1
1.804806104E1,2.142538503E-2,1.831639111E-1,-6.931694150E-1
1.805810104E1,1.169420779E-1,2.125894576E-1,-7.731245756E-1
1.806814104E1,2.568203509E-1,2.658281922E-1,-7.551271915E-1
1.807818104E1,3.468770087E-1,2.824288011E-1,-7.920025587E-1
1.808822104E1,2.827329040E-1,8.436417580E-2,-8.395937681E-1
1.809826204E1,1.616011560E-1,-6.483518332E-2,-8.319889903E-1
1.810830204E1,1.391389966E-1,-6.990528665E-3,-6.913440228E-1
1.811834204E1,1.733587384E-1,7.698050141E-2,-5.120620728E-1
1.812838204E1,1.575249135E-1,1.638456285E-1,-3.457072079E-1
1.813842204E1,7.102356851E-2,1.870572716E-1,-1.710792631E-1
1.814846204E1,-3.744005412E-2,3.983133286E-2,3.010470979E-2
1.815850304E1,-1.565800309E-1,-2.724992633E-1,2.380653620E-1
1.816854304E1,-2.186990529E-1,-6.623434424E-1,3.948280513E-1
1.817858304E1,-1.580359489E-1,-9.865636230E-1,5.643702149E-1
1.818862304E1,-2.471129177E-3,-1.136803508E0,7.705636024E-1
1.819866304E1,1.800491363E-1,-1.105315208E0,9.216814041E-1
1.820870404E1,3.371908069E-1,-9.279165268E-1,1.017448425E0
1.821874404E1,4.024025500E-1,-7.178927064E-1,1.053098679E0
1.822878404E1,4.347516894E-1,-4.760601223E-1,1.040654540E0
1.823882404E1,4.967024326E-1,-3.227764666E-1,9.923733473E-1
1.824886404E1,5.733010769E-1,-1.742223948E-1,9.622945189E-1
1.825890504E1,6.403496861E-1,-1.752309874E-2,9.357767701E-1
1.826894504E1,6.821772456E-1,1.299590319E-1,9.029911160E-1
1.827898504E1,7.069715261E-1,2.626211941E-1,8.765618205E-1
1.828902504E1,7.272711992E-1,3.907490671E-1,8.442398310E-1
1.829906504E1,7.305272222E-1,4.611741602E-1,7.741979361E-1
1.830910604E1,7.132480741E-1,4.614460766E-1,6.694193482E-1
1.831914604E1,6.810898185E-1,4.231761098E-1,5.370658636E-1
1.832918604E1,6.545421481E-1,4.146531820E-1,3.764780760E-1
1.833922604E1,6.238744855E-1,4.253848791E-1,1.890046149E-1
1.834926604E1,5.775921941E-1,4.330917895E-1,-1.595599391E-2
1.835930604E1,5.312559009E-1,4.333930612E-1,-1.936475486E-1
1.836934704E1,5.009419322E-1,4.230104685E-1,-3.143747747E-1
1.837938704E1,4.950183034E-1,3.954828978E-1,-3.764805198E-1
1.838942704E1,4.869521260E-1,3.381151855E-1,-3.808102608E-1
1.839946704E1,4.597561359E-1,2.575637698E-1,-3.480915725E-1
1.840950704E1,4.080127776E-1,1.335906833E-1,-3.011946380E-1
1.841954804E1,3.462029696E-1,-3.725841641E-2,-2.685229778E-1
1.842958804E1,3.122940063E-1,-1.883203834E-1,-2.522555888E-1
1.843962804E1,3.039399385E-1,-2.638696730E-1,-2.175288945E-1
1.844966804E1,3.078710139E-1,-2.062441856E-1,-1.728967130E-1
1.845970804E1,3.083730042E-1,-7.104294747E-2,-1.285938770E-1
1.846974904E1,3.055074215E-1,3.445471078E-2,-1.247637197E-1
1.847978904E1,2.937237620E-1,1.143404469E-1,-1.966279298E-1
1.848982904E1,2.531835437E-1,2.273295969E-1,-2.898489535E-1
1.849986904E1,2.423628271E-1,3.394154906E-1,-2.278271466E-1
1.850990904E1,2.781783342E-1,3.187850416E-1,-1.908990555E-2
1.851994904E1,3.042304516E-1,2.067028731E-1,1.560512781E-1
1.852999004E1,2.859880626E-1,5.294474214E-2,2.709299326E-1
1.854003004E1,2.478476018E-1,-1.540576518E-1,3.842092156E-1
1.855007004E1,2.272906601E-1,-2.964885831E-1,5.185747147E-1
1.856011004E1,1.852984577E-1,-2.257484049E-1,5.736334324E-1
1.857015004E1,1.110910699E-1,7.751702331E-3,5.958646536E-1
1.858019104E1,9.186029434E-3,1.866920739E-1,6.514891386E-1
1.859023104E1,-1.366747618E-1,2.321242690E-1,7.837161422E-1
1.860027104E1,-3.127467334E-1,2.266063690E-1,8.820987940E-1
1.861031104E1,-4.723651707E-1,1.983968318E-1,9.171134830E-1
1.862035104E1,-5.387665629E-1,1.619187146E-1,9.481775165E-1
1.863039204E1,-4.610036016E-1,4.125628620E-3,9.174501896E-1
1.864043204E1,-2.746736407E-1,-2.698498964E-1,7.816384435E-1
1.865047204E1,-1.144823581E-1,-4.005240202E-1,5.950618982E-1
1.866051204E1,-6.481602788E-2,-3.544514179E-1,3.500255346E-1
1.867055204E1,-4.668096453E-2,-1.947701275E-1,1.312995851E-1
1.868059304E1,1.673796028E-2,-1.316277776E-3,-3.740977123E-2
1.869063304E1,9.251234680E-2,6.672428548E-2,-1.854679435E-1
1.870067304E1,1.501916051E-1,-5.890775472E-2,-2.541234791E-1
1.871071304E1,1.847581118E-1,-2.854391634E-1,-2.897738814E-1
1.872075304E1,1.613654494E-1,-5.676910281E-1,-3.585446477E-1
1.873079304E1,7.915154099E-2,-7.456415892E-1,-4.372588992E-1
1.874083404E1,-4.062864184E-2,-7.282249331E-1,-4.964367747E-1
1.875087404E1,-1.527027190E-1,-5.838509798E-1,-5.386795998E-1
1.876091404E1,-2.311626375E-1,-4.504904449E-1,-5.740225315E-1
1.877095404E1,-3.089812696E-1,-3.083961606E-1,-6.433211565E-1
1.878099404E1,-4.141125083E-1,-1.999796927E-1,-7.141535878E-1
1.879103504E1,-5.161198378E-1,-2.008662522E-1,-7.630651593E-1
1.880107504E1,-5.759437084E-1,-2.698529065E-1,-7.879740596E-1
1.881111504E1,-6.119328737E-1,-3.298602998E-1,-8.167053461E-1
1.882115504E1,-6.314477324E-1,-2.873533368E-1,-8.379352689E-1
1.883119504E1,-6.514001489E-1,-1.361092180E-1,-8.137630820E-1
1.884123604E1,-6.464567780E-1,-3.672235459E-2,-7.858960032E-1
1.885127604E1,-6.142048836E-1,-8.774344809E-3,-7.412968874E-1
1.886131604E1,-5.858560205E-1,3.862797096E-2,-6.781759858E-1
1.887135604E1,-5.548009276E-1,1.443346888E-1,-5.826630592E-1
1.888139604E1,-5.365521312E-1,2.843058109E-1,-4.495121241E-1
1.889143704E1,-5.267192125E-1,4.163096547E-1,-3.066963851E-1
1.890147704E1,-5.113043189E-1,5.354799628E-1,-1.629948169E-1
1.891151704E1,-4.820185602E-1,6.545113325E-1,-2.573895268E-2
1.892155704E1,-4.491056204E-1,7.519504428E-1,8.692353964E-2
1.893159704E1,-4.058409631E-1,8.205713034E-1,1.770230681E-1
1.894163704E1,-3.754670918E-1,8.176276088E-1,2.347582579E-1
1.895167804E1,-3.728257716E-1,7.320954204E-1,2.435663939E-1
1.896171804E1,-3.714998066E-1,5.866104960E-1,2.388468385E-1
1.897175804E1,-3.507463336E-1,3.980131447E-1,2.231808007E-1
1.898179804E1,-3.215378523E-1,1.997223496E-1,2.018833756E-1
1.899183804E1,-2.964862883E-1,9.723115712E-3,1.705033481E-1
1.900187904E1,-2.896531522E-1,-1.257910877E-1,1.421936303E-1
1.901191888E1,-2.980729938E-1,-1.695433706E-1,1.163103729E-1
1.902195888E1,-3.164541423E-1,-1.360885352E-1,1.054585651E-1
1.903199887E1,-3.572833240E-1,-6.584099680E-2,1.244317219E-1
1.904203888E1,-3.910705447E-1,1.409641700E-3,1.754447669E-1
1.905207988E1,-3.769270182E-1,4.459626228E-2,2.143152058E-1
1.906211988E1,-3.486900628E-1,5.957544595E-2,1.017307192E-1
1.907215988E1,-3.339244425E-1,-3.630418796E-3,-9.957150370E-2
1.908219988E1,-2.837219834E-1,-1.432933658E-1,-2.602429688E-1
1.909223987E1,-2.092914432E-1,-2.741472423E-1,-3.533635736E-1
1.910228087E1,-1.478286088E-1,-3.381483555E-1,-4.172767103E-1
1.911232088E1,-1.031226665E-1,-3.233273327E-1,-4.801321030E-1
1.912236088E1,-5.792457238E-2,-2.102188915E-1,-5.165488720E-1
1.913240088E1,-6.444772333E-2,-8.180446178E-2,-5.080288649E-1
1.914244088E1,-6.131501123E-2,-1.622835733E-2,-5.179097652E-1
1.915248188E1,5.896517076E-3,2.683868632E-2,-5.924857259E-1
1.916252187E1,6.084817648E-2,3.807447478E-2,-6.932080388E-1
1.917256188E1,1.716484576E-1,-1.641592942E-2,-6.429368854E-1
1.918260188E1,2.676418424E-1,-3.651238233E-2,-5.917021632E-1
1.919264188E1,2.223406881E-1,-2.348233387E-2,-6.128974557E-1
1.920268188E1,3.095233999E-2,-1.993583143E-1,-5.587454438E-1
1.921272288E1,-1.345471442E-1,-4.082404375E-1,-4.670309424E-1
1.922276287E1,-2.077284008E-1,-4.247914553E-1,-3.485913575E-1
1.923280288E1,-2.679717839E-1,-3.179257512E-1,-2.463651299E-1
1.924284288E1,-3.463480771E-1,-1.716288626E-1,-1.596293449E-1
1.925288288E1,-3.912170231E-1,-3.003844619E-2,-3.164181486E-2
1.926292388E1,-4.084761739E-1,3.423434868E-2,7.325046510E-2
1.927296388E1,-4.412271976E-1,-9.857642651E-2,7.617781311E-2
1.928300387E1,-4.228316844E-1,-2.889055908E-1,1.373981088E-1
1.929304388E1,-3.108761013E-1,-4.126054347E-1,2.643105090E-1
1.930308388E1,-1.328309923E-1,-5.278841257E-1,4.177016914E-1
1.931312488E1,2.589021437E-2,-5.729839802E-1,5.298154354E-1
1.932316488E1,1.361362785E-1,-4.785764813E-1,6.319951415E-1
1.933320488E1,2.120781839E-1,-3.701802492E-1,7.161766291E-1
1.934324487E1,2.685606182E-1,-2.571984231E-1,7.746633887E-1
1.935328488E1,3.304516971E-1,-1.804535687E-1,8.465179205E-1
1.936332588E1,4.048894048E-1,-1.202674583E-1,9.092196822E-1
1.937336588E1,4.607795775E-1,-8.972766250E-2,9.871360660E-1
1.938340588E1,5.162340999E-1,-1.129601970E-1,1.010162473E0
1.939344588E1,5.613744259E-1,-9.384189546E-2,9.409149289E-1
1.940348587E1,6.018036008E-1,-7.308717817E-2,8.626269102E-1
1.941352588E1,6.134706140E-1,-8.138691634E-2,7.884342074E-1
1.942356688E1,5.891757011E-1,-1.142379567E-1,6.805239916E-1
1.943360688E1,5.361188650E-1,-1.211690977E-1,5.293185115E-1
1.944364688E1,4.845501781E-1,-7.454042882E-2,3.535224199E-1
1.945368688E1,4.463916123E-1,2.910154499E-2,1.795492768E-1
1.946372687E1,4.166824520E-1,1.635034382E-1,1.525095105E-2
1.947376787E1,3.980355263E-1,3.032855690E-1,-1.293826550E-1
1.948380788E1,3.758953214E-1,4.060904384E-1,-2.431228608E-1
1.949384788E1,3.423147202E-1,4.501242340E-1,-3.037896752E-1
1.950388788E1,2.929458916E-1,4.513770938E-1,-3.101260960E-1
1.951392787E1,2.381854206E-1,4.209608734E-1,-2.932523191E-1
1.952396888E1,1.904421747E-1,3.834919930E-1,-2.650480270E-1
1.953400887E1,1.457543224E-1,3.128138185E-1,-2.353221178E-1
1.954404888E1,1.027700454E-1,2.180412859E-1,-2.172140032E-1
1.955408888E1,8.953573555E-2,1.171522215E-1,-1.956581026E-1
1.956412888E1,1.166765466E-1,2.253354155E-2,-1.713703275E-1
1.957416988E1,1.755236238E-1,-4.372830689E-2,-1.540472656E-1
1.958420987E1,2.478910387E-1,-3.857863694E-2,-1.534694731E-1
1.959424988E1,3.191266060E-1,2.475878969E-2,-1.865222305E-1
1.960428988E1,3.622013628E-1,1.270753443E-1,-2.563568056E-1
1.961432988E1,3.647177815E-1,2.758496404E-1,-3.186310828E-1
1.962437088E1,3.545351923E-1,3.951425254E-1,-2.975940406E-1
1.963441088E1,3.718542457E-1,4.128970206E-1,-1.436417550E-1
1.964445087E1,4.033384025E-1,3.005079627E-1,2.788539231E-2
1.965449088E1,4.316326380E-1,1.690402180E-1,1.985551268E-1
1.966453088E1,4.337940216E-1,1.750954986E-2,3.483100832E-1
1.967457188E1,4.325087965E-1,-1.912724227E-1,4.558365345E-1
1.968461188E1,4.559585154E-1,-3.771223724E-1,5.205346346E-1
1.969465188E1,4.894278049E-1,-3.917572200E-1,5.718784928E-1
1.970469187E1,5.195393562E-1,-2.278905362E-1,5.902258754E-1
1.971473188E1,5.293142200E-1,-6.551496219E-3,6.000851989E-1
1.972477188E1,4.971911311E-1,1.060618162E-1,5.986663103E-1
1.973481288E1,4.235118628E-1,1.791538745E-1,6.618338227E-1
1.974485288E1,2.946377695E-1,2.017961144E-1,6.924982667E-1
1.975489288E1,1.388934404E-1,2.475303113E-1,7.034819722E-1
1.976493287E1,1.360026840E-2,2.615059912E-1,7.347852588E-1
1.977497288E1,-3.037544526E-2,1.797187179E-1,7.318028212E-1
1.978501388E1,-2.257802757E-3,2.047133259E-2,6.376820803E-1
1.979505388E1,7.349660993E-2,-1.561798602E-1,4.844046831E-1
1.980509388E1,1.384529620E-1,-1.898915470E-1,3.680082262E-1
1.981513388E1,1.688076705E-1,-1.262483895E-1,2.565599978E-1
1.982517387E1,2.116616666E-1,-6.147069484E-2,1.391081065E-1
1.983521487E1,2.796721458E-1,2.007928677E-2,2.348564006E-2
1.984525488E1,3.261182010E-1,4.207409918E-2,-5.359185487E-2
1.985529488E1,3.399895430E-1,-9.380996972E-2,-7.956992835E-2
1.986533488E1,3.158770204E-1,-2.622318566E-1,-1.347400695E-1
1.987537488E1,2.795903683E-1,-3.427871466E-1,-1.943818331E-1
1.988541588E1,2.141461521E-1,-3.230144978E-1,-2.460767925E-1
1.989545587E1,1.303564459E-1,-2.524684370E-1,-2.853389978E-1
1.990549588E1,6.750635058E-2,-2.242611498E-1,-3.217221498E-1
1.991553588E1,7.762322202E-3,-1.807222068E-1,-3.549570739E-1
1.992557588E1,-3.699104860E-2,-1.229451820E-1,-3.978770077E-1
1.993561688E1,-6.366659701E-2,-1.241555884E-1,-4.520885944E-1
1.994565688E1,-7.011379302E-2,-1.873815507E-1,-4.928898811E-1
1.995569687E1,-8.811969310E-2,-2.302224934E-1,-5.293160677E-1
1.996573688E1,-1.310765147E-1,-2.507558465E-1,-5.407198071E-1
1.997577688E1,-1.829762012E-1,-2.383156866E-1,-5.252945423E-1
1.998581788E1,-2.164286971E-1,-2.335422188E-1,-5.029274225E-1
1.999585788E1,-2.367283851E-1,-2.078123540E-1,-4.758266211E-1
2.000589754E1,-2.328632921E-1,-1.975005269E-1,-4.489719570E-1
2.001593754E1,-1.948879361E-1,-1.588583291E-1,-4.112642407E-1
2.002597754E1,-1.483204663E-1,-6.789598614E-2,-3.368877172E-1
2.003601854E1,-1.147729009E-1,7.292398065E-2,-2.514801323E-1
2.004605854E1,-8.446241170E-2,2.434180081E-1,-1.702684164E-1
2.005609854E1,-5.680601671E-2,3.977394104E-1,-8.454658836E-2
2.006613854E1,-3.575770184E-2,4.882061779E-1,-5.426263437E-3
2.007617854E1,-1.893371344E-2,4.863203764E-1,6.627695262E-2
2.008621954E1,-4.703106824E-4,4.094312489E-1,1.144192144E-1
2.009625954E1,2.609791607E-2,3.030792475E-1,1.477180570E-1
2.010629954E1,4.874784499E-2,1.925560683E-1,1.830434501E-1
2.011633954E1,6.729463488E-2,8.257790655E-2,2.175116837E-1
2.012637954E1,8.373967558E-2,-2.196921781E-2,2.594971955E-1
2.013642054E1,1.092226654E-1,-1.140938252E-1,2.872212231E-1
2.014646054E1,1.364358962E-1,-2.031581998E-1,2.927874327E-1
2.015650054E1,1.633977443E-1,-2.525379956E-1,2.884928286E-1
2.016654054E1,1.750993878E-1,-2.461281121E-1,2.790670097E-1
2.017658054E1,1.659887135E-1,-1.877438873E-1,2.681898773E-1
2.018662154E1,1.421307623E-1,-1.011727154E-1,2.712569833E-1
2.019666154E1,9.959263355E-2,-2.232557163E-2,2.877480984E-1
2.020670154E1,5.325658619E-2,5.732495710E-2,2.985453308E-1
2.021674154E1,2.092181891E-2,1.269999146E-1,2.790595293E-1
2.022678154E1,2.563801222E-2,1.688952297E-1,2.273554504E-1
2.023682254E1,4.870258644E-2,1.688880324E-1,1.552652717E-1
2.024686254E1,6.597185135E-2,1.137278304E-1,8.206243068E-2
2.025690254E1,7.053520530E-2,1.907216385E-2,2.837134339E-2
2.026694254E1,7.064089179E-2,-1.055175513E-1,-1.131937280E-2
2.027698254E1,6.708210707E-2,-2.522049844E-1,-5.954442546E-2
2.028702354E1,4.371501505E-2,-3.510693014E-1,-9.973574430E-2
2.029706354E1,3.544137254E-2,-3.424896598E-1,-1.328790486E-1
2.030710354E1,6.178188324E-2,-2.011194378E-1,-1.431221366E-1
2.031714354E1,1.141582727E-1,-2.480299398E-2,-1.660863161E-1
2.032718354E1,2.199164182E-1,9.402476251E-2,-2.417392880E-1
2.033722454E1,3.826222420E-1,2.235193700E-1,-3.111740053E-1
2.034726454E1,5.737138987E-1,3.137920797E-1,-3.559862673E-1
2.035730454E1,7.032151818E-1,2.694837451E-1,-3.891420960E-1
2.036734454E1,7.279332876E-1,1.426530816E-2,-3.465606570E-1
2.037738454E1,6.880018711E-1,-2.755835354E-1,-2.327416837E-1
2.038742554E1,7.002955079E-1,-3.600622118E-1,-1.044159457E-1
2.039746554E1,7.536865473E-1,-3.395226002E-1,1.224995032E-2
2.040750554E1,7.796157002E-1,-2.581452429E-1,1.187206954E-1
2.041754554E1,7.582347393E-1,-1.079533398E-1,2.004994452E-1
2.042758554E1,7.503661513E-1,5.101924390E-2,2.355291843E-1
2.043762654E1,7.712085843E-1,1.156616211E-1,2.507123947E-1
2.044766654E1,8.087272048E-1,6.973306835E-2,2.902788520E-1
2.045770654E1,8.834182620E-1,-5.482217669E-2,3.809975684E-1
2.046774654E1,9.817908406E-1,-1.504641473E-1,4.989975989E-1
2.047778654E1,1.093410850E0,-2.078568786E-1,6.065219045E-1
2.048782754E1,1.193153977E0,-1.836853474E-1,6.734722853E-1
2.049786754E1,1.262964487E0,-1.107562780E-1,7.183220387E-1
2.050790754E1,1.316023231E0,-7.984881103E-2,7.627724409E-1
2.051794754E1,1.367248058E0,-8.595677465E-2,7.979677320E-1
2.052798754E1,1.427054882E0,-7.860411704E-2,8.310841322E-1
2.053802854E1,1.504472136E0,-8.101374656E-2,8.466053009E-1
2.054806854E1,1.583386183E0,-9.920866787E-2,8.193629384E-1
2.055810854E1,1.644119620E0,-7.155253738E-2,7.769883275E-1
2.056814854E1,1.681355834E0,-1.921822876E-2,7.478144169E-1
2.057818854E1,1.704963207E0,2.347304299E-2,7.490970492E-1
2.058822954E1,1.699234724E0,5.866777897E-2,7.494531870E-1
2.059826954E1,1.652640939E0,1.321300119E-1,6.987676620E-1
2.060830954E1,1.592031121E0,2.095643133E-1,6.135087609E-1
2.061834954E1,1.531537890E0,2.853578925E-1,5.251458883E-1
2.062838954E1,1.477698922E0,3.476499021E-1,4.251767397E-1
2.063843054E1,1.434236169E0,4.287788570E-1,3.177072704E-1
2.064847054E1,1.399197459E0,4.832258224E-1,2.175598443E-1
2.065851054E1,1.365006447E0,4.788039029E-1,1.577407122E-1
2.066855054E1,1.320125222E0,4.218361676E-1,1.046803743E-1
2.067859054E1,1.266579509E0,3.286476433E-1,7.199753076E-2
2.068863154E1,1.203050852E0,2.231318206E-1,5.527228490E-2
2.069867154E1,1.134079456E0,9.786577523E-2,5.154066160E-2
2.070871154E1,1.070111156E0,-4.456208646E-2,4.540349916E-2
2.071875154E1,1.014364481E0,-1.738705337E-1,3.420703858E-2
2.072879154E1,9.695142508E-1,-2.834722400E-1,1.696332544E-2
2.073883254E1,9.451095462E-1,-3.492192924E-1,8.965320885E-3
2.074887254E1,9.521543980E-1,-3.598307371E-1,-1.212005736E-3
2.075891254E1,9.757939577E-1,-3.256650269E-1,-2.082139254E-2
2.076895254E1,1.001339793E0,-2.396616191E-1,-3.042090684E-2
2.077899254E1,1.020550847E0,-1.077837497E-1,-2.963953651E-2
2.078903354E1,9.850087762E-1,3.904495388E-2,-2.623537183E-2
2.079907354E1,9.221611023E-1,1.864927262E-1,-1.826532930E-2
2.080911354E1,8.929843307E-1,3.370407522E-1,2.816896886E-2
2.081915354E1,9.195123315E-1,4.572116435E-1,6.969244778E-2
2.082919354E1,9.686830640E-1,5.082424879E-1,7.094660401E-2
2.083923454E1,1.012362957E0,5.357446671E-1,5.916876718E-2
2.084927454E1,1.038580418E0,5.385351777E-1,5.807597190E-2
2.085931454E1,1.037025690E0,4.542083144E-1,7.789254934E-2
2.086935454E1,1.036244273E0,2.620334029E-1,1.208940893E-1
2.087939454E1,1.057669878E0,-3.377110511E-2,1.908849031E-1
2.088943554E1,1.107710481E0,-3.503853083E-1,2.692110837E-1
2.089947554E1,1.150959969E0,-6.067691445E-1,3.418211043E-1
2.090951554E1,1.177626729E0,-7.693376541E-1,3.969168961E-1
2.091955554E1,1.207867384E0,-8.030216098E-1,4.353524446E-1
2.092959554E1,1.228852868E0,-6.784244180E-1,4.530212879E-1
2.093963654E1,1.247615933E0,-4.157302082E-1,4.778840244E-1
2.094967654E1,1.280392766E0,-1.071583852E-1,5.524170995E-1
2.095971654E1,1.306068540E0,1.130885035E-1,6.398736835E-1
2.096975654E1,1.267930508E0,2.304938436E-1,7.196718454E-1
2.097979654E1,1.147787094E0,3.733338118E-1,8.176588416E-1
2.098983754E1,1.020299077E0,4.845432341E-1,9.071765542E-1
2.099987754E1,9.418210983E-1,4.104210436E-1,9.063810706E-1
2.100991763E1,9.501149654E-1,2.535341084E-1,8.737679124E-1
2.101995763E1,9.937921762E-1,1.936798245E-1,8.304566741E-1
2.102999763E1,9.783064127E-1,2.312752008E-1,7.165197730E-1
2.104003863E1,9.568085670E-1,2.476850748E-1,5.443522334E-1
2.105007863E1,1.026925325E0,2.020641714E-1,3.669369817E-1
2.106011862E1,1.173446894E0,1.072361991E-1,1.610125899E-1
2.107015863E1,1.327676415E0,-2.981406078E-2,-8.257273585E-2
2.108019863E1,1.459295154E0,-2.291394174E-1,-2.800320089E-1
2.109023963E1,1.527053118E0,-4.252034426E-1,-4.206904173E-1
2.110027963E1,1.489207745E0,-5.457918644E-1,-5.003024340E-1
2.111031963E1,1.374536872E0,-5.540289283E-1,-5.270075202E-1
2.112035962E1,1.280989289E0,-5.045130253E-1,-5.551441312E-1
2.113039963E1,1.226251006E0,-4.883045554E-1,-5.531842113E-1
2.114044063E1,1.160752654E0,-4.833087325E-1,-5.035117269E-1
2.115048063E1,1.070612907E0,-4.581411183E-1,-4.360388815E-1
2.116052063E1,9.751825333E-1,-3.865558803E-1,-3.716590703E-1
2.117056063E1,9.087941647E-1,-3.094291389E-1,-3.363722861E-1
2.118060062E1,8.731826544E-1,-2.790957391E-1,-3.237678111E-1
2.119064162E1,8.580290079E-1,-2.381786555E-1,-3.028511703E-1
2.120068163E1,8.594521880E-1,-1.759970337E-1,-2.968177795E-1
2.121072163E1,8.768618107E-1,-1.404072344E-1,-2.869715095E-1
2.122076163E1,9.099627733E-1,-5.834352970E-2,-2.641884387E-1
2.123080163E1,9.608467221E-1,6.488434225E-2,-2.413447052E-1
2.124084263E1,9.996204972E-1,2.344797552E-1,-1.956003904E-1
2.125088262E1,1.012617230E0,4.099730253E-1,-1.391348839E-1
2.126092263E1,9.980569482E-1,5.518436432E-1,-6.318339705E-2
2.127096263E1,9.622030854E-1,6.426671147E-1,1.540442836E-2
2.128100263E1,9.230860472E-1,6.753259897E-1,8.763974160E-2
2.129104363E1,8.764913678E-1,6.276638508E-1,1.295894682E-1
2.130108363E1,8.374795318E-1,4.978848398E-1,1.567281485E-1
2.131112362E1,8.201646805E-1,3.532906175E-1,1.814888865E-1
2.132116363E1,8.181183338E-1,1.831234246E-1,1.913388520E-1
2.133120363E1,8.154956698E-1,-2.771108644E-3,1.783225089E-1
2.134124463E1,8.099914193E-1,-1.383704841E-1,1.566012353E-1
2.135128463E1,7.904941440E-1,-2.244672626E-1,1.323524266E-1
2.136132463E1,7.423684597E-1,-2.986511886E-1,1.105288789E-1
2.137136462E1,6.641548872E-1,-3.444275856E-1,9.931232780E-2
2.138140463E1,5.782021284E-1,-3.319421709E-1,1.195009574E-1
2.139144563E1,4.714695513E-1,-2.744034529E-1,1.478827745E-1
2.140148563E1,3.785710335E-1,-1.686591804E-1,1.894187629E-1
2.141152563E1,3.119118512E-1,-5.156604946E-2,2.496373206E-1
2.142156563E1,2.680085897E-1,4.880023748E-2,3.030076027E-1
2.143160562E1,2.417474240E-1,1.414250582E-1,3.139039278E-1
2.144164662E1,2.325605750E-1,2.096805423E-1,2.248140275E-1
2.145168663E1,2.278145254E-1,2.575457394E-1,7.524988800E-2
2.146172663E1,2.282345146E-1,2.226290256E-1,-6.092446670E-2
2.147176663E1,2.590694129E-1,1.252554804E-1,-1.814145744E-1
2.148180763E1,3.229040504E-1,5.416318774E-2,-2.649281025E-1
2.149184763E1,3.948637247E-1,5.835358426E-2,-3.190995157E-1
2.150188762E1,4.756456614E-1,1.232921034E-1,-3.541626930E-1
2.151192763E1,5.626077056E-1,1.923787892E-1,-3.843546808E-1
2.152196763E1,6.691586971E-1,2.202999145E-1,-4.394842386E-1
2.153200863E1,7.473022342E-1,1.665432900E-1,-5.247623324E-1
2.154204863E1,8.085187078E-1,-2.138959430E-2,-5.253629088E-1
2.155208863E1,8.476908803E-1,-3.091757596E-1,-4.260626435E-1
2.156212862E1,8.207612634E-1,-5.216845870E-1,-2.823946774E-1
2.157216863E1,7.220221758E-1,-6.902695894E-1,-1.275309324E-1
2.158220963E1,6.282104254E-1,-7.871404290E-1,1.197584067E-2
2.159224963E1,5.899251103E-1,-7.089594603E-1,1.235954612E-1
2.160228963E1,5.499137640E-1,-5.308733582E-1,2.262118459E-1
2.161232963E1,4.837832153E-1,-3.569408357E-1,2.985307276E-1
2.162236962E1,4.151511490E-1,-1.944246441E-1,3.267426491E-1
2.163241062E1,3.898703158E-1,-2.619746141E-2,3.284761310E-1
2.164245063E1,4.132962823E-1,7.992790639E-2,2.901276946E-1
2.165249063E1,4.727412164E-1,1.315414011E-1,2.154358029E-1
2.166253063E1,5.646522641E-1,1.400592476E-1,2.008533925E-1
2.167257062E1,6.445353627E-1,1.023230553E-1,2.222937047E-1
2.168261163E1,7.082189918E-1,3.861065581E-2,2.500563562E-1
2.169265162E1,7.778223157E-1,4.735304043E-3,2.887033820E-1
2.170269163E1,8.388478160E-1,3.680082783E-2,3.404880166E-1
2.171273163E1,8.725293875E-1,1.149172038E-1,4.366940260E-1
2.172277163E1,8.755315542E-1,1.398880780E-1,5.371303558E-1
2.173281263E1,8.771422505E-1,1.253369451E-1,6.713664532E-1
2.174285263E1,8.890180588E-1,7.240954041E-2,7.968335748E-1
2.175289262E1,8.908953071E-1,-3.660742939E-2,8.661493063E-1
2.176293263E1,9.025344253E-1,-1.792346239E-1,8.901212215E-1
2.177297263E1,9.247049689E-1,-2.751959264E-1,8.779879808E-1
2.178301363E1,9.380655289E-1,-3.201431632E-1,8.400163651E-1
2.179305363E1,9.332398772E-1,-3.268930912E-1,7.974565625E-1
2.180309362E1,9.170158505E-1,-3.120694160E-1,7.276620269E-1
2.181313363E1,8.879823685E-1,-2.785196602E-1,6.400969625E-1
2.182317363E1,8.559613228E-1,-2.211738080E-1,5.263783932E-1
2.183321463E1,8.465175033E-1,-1.225724667E-1,4.038107693E-1
2.184325463E1,8.391857743E-1,-1.365903299E-2,2.880620658E-1
2.185329463E1,8.337768912E-1,9.811180085E-2,1.848452091E-1
2.186333462E1,8.163920641E-1,1.995436102E-1,9.650150687E-2
2.187337563E1,7.855321765E-1,2.641152740E-1,3.381673992E-2
2.188341562E1,7.492446899E-1,3.027505577E-1,-1.399818342E-2
2.189345563E1,7.097876072E-1,3.151946366E-1,-4.113556072E-2
2.190349563E1,6.597247124E-1,2.891406417E-1,-5.788684636E-2
2.191353563E1,6.118117571E-1,2.334755808E-1,-7.473652065E-2
2.192357663E1,5.647278428E-1,1.531711519E-1,-8.398940414E-2
2.193361662E1,5.166814923E-1,6.425950676E-2,-8.643490076E-2
2.194365663E1,4.751561582E-1,-1.766971685E-2,-9.434129298E-2
2.195369663E1,4.394314587E-1,-7.627198845E-2,-1.096834317E-1
2.196373663E1,4.198769331E-1,-1.031262428E-1,-1.262552142E-1
2.197377763E1,4.035126269E-1,-8.267798275E-2,-1.340707839E-1
2.198381763E1,3.944086134E-1,-2.201090939E-2,-1.469074786E-1
2.199385762E1,3.882758617E-1,4.216659442E-2,-1.541111469E-1
2.200389775E1,3.821766973E-1,1.038033292E-1,-1.639973372E-1
2.201393775E1,3.837892413E-1,1.487537026E-1,-1.770624071E-1
2.202397875E1,3.911571503E-1,2.308200747E-1,-1.854404360E-1
2.203401875E1,3.904953599E-1,3.437951803E-1,-1.622547656E-1
2.204405875E1,3.805359304E-1,3.836680353E-1,-1.140664592E-1
2.205409875E1,3.558587730E-1,3.097411394E-1,-6.187839806E-2
2.206413875E1,3.342264593E-1,1.031730473E-1,1.049034111E-2
2.207417975E1,3.394819796E-1,-1.898735613E-1,1.085598990E-1
2.208421975E1,3.713536263E-1,-4.484547675E-1,1.833374649E-1
2.209425975E1,4.175823629E-1,-5.612741113E-1,2.573150694E-1
2.210429975E1,4.371704459E-1,-5.155068636E-1,3.350551426E-1
2.211433975E1,4.419409633E-1,-3.193858564E-1,4.199375808E-1
2.212438075E1,4.831778705E-1,-7.436625659E-2,4.773840904E-1
2.213442075E1,4.940646291E-1,9.911521524E-2,5.024379492E-1
2.214446075E1,4.032596052E-1,2.537221014E-1,6.055374742E-1
2.215450075E1,2.577815056E-1,3.363811672E-1,7.039048672E-1
2.216454075E1,1.162177250E-1,3.154036999E-1,7.497006059E-1
2.217458175E1,3.384456784E-2,1.764200628E-1,7.367547750E-1
2.218462175E1,3.704036027E-2,-6.356617063E-2,6.627007723E-1
2.219466175E1,9.456086159E-2,-3.349469900E-1,5.480307341E-1
2.220470175E1,1.196092218E-1,-4.492288232E-1,4.208847582E-1
2.221474275E1,1.025221571E-1,-3.726996183E-1,2.667400837E-1
2.222478275E1,1.212785393E-1,-2.009116262E-1,9.615954757E-2
2.223482275E1,1.845485717E-1,-6.539333612E-2,-4.422500357E-2
2.224486275E1,2.382794470E-1,-6.315068901E-2,-1.561861485E-1
2.225490275E1,2.605847716E-1,-1.687361747E-1,-2.716397345E-1
2.226494375E1,2.196029872E-1,-2.926298976E-1,-4.081690907E-1
2.227498375E1,1.239672527E-1,-3.925267756E-1,-5.239088535E-1
2.228502375E1,1.062883530E-4,-4.395523369E-1,-6.077808142E-1
2.229506375E1,-1.331289858E-1,-3.954320550E-1,-6.537488103E-1
2.230510375E1,-2.361837327E-1,-3.184835017E-1,-6.651679277E-1
2.231514475E1,-3.161885440E-1,-2.843498886E-1,-6.704763770E-1
2.232518475E1,-3.813486397E-1,-2.691557705E-1,-7.183765769E-1
2.233522475E1,-4.532217681E-1,-2.650212646E-1,-7.741855979E-1
2.234526475E1,-5.187842846E-1,-2.735375166E-1,-7.942860723E-1
2.235530475E1,-5.623727441E-1,-2.883430719E-1,-8.082453012E-1
2.236534575E1,-5.887327194E-1,-2.376676649E-1,-8.056455255E-1
2.237538575E1,-6.000834107E-1,-1.459303051E-1,-7.749692202E-1
2.238542575E1,-5.972045064E-1,-8.774876595E-2,-7.093648911E-1
2.239546575E1,-5.964223146E-1,-7.194387913E-2,-6.455428004E-1
2.240550575E1,-5.935013890E-1,-8.164976537E-2,-5.840427279E-1
2.241554675E1,-5.737902522E-1,-5.475545302E-2,-5.188447833E-1
2.242558675E1,-5.422227383E-1,5.856657773E-2,-4.264661372E-1
2.243562675E1,-5.001224279E-1,2.272438556E-1,-3.287808299E-1
2.244566675E1,-4.505077302E-1,4.201584756E-1,-2.233702540E-1
2.245570675E1,-4.101608694E-1,5.572327971E-1,-1.378771663E-1
2.246574775E1,-3.943326175E-1,6.117295623E-1,-8.512979001E-2
2.247578775E1,-4.015774727E-1,6.342166066E-1,-4.289107770E-2
2.248582775E1,-4.310560226E-1,6.199045181E-1,-1.192011498E-2
2.249586775E1,-4.685730040E-1,5.612703562E-1,7.869437337E-3
2.250590775E1,-5.120288730E-1,4.593564868E-1,9.433778003E-3
2.251594875E1,-5.619668961E-1,3.445743322E-1,-1.004243642E-2
2.252598875E1,-5.980777740E-1,2.397911847E-1,-3.180152923E-2
2.253602875E1,-6.358613372E-1,1.352532208E-1,-3.650796041E-2
2.254606875E1,-6.877346635E-1,7.779072225E-2,-4.826128855E-2
2.255610975E1,-7.600698471E-1,6.994880736E-2,-7.948482782E-2
2.256614975E1,-8.664077520E-1,1.040734872E-1,-1.011397913E-1
2.257618975E1,-9.784991145E-1,1.565665156E-1,-9.560298920E-2
2.258622975E1,-1.079541802E0,2.245533019E-1,-5.573360994E-2
2.259626975E1,-1.189442039E0,2.709385753E-1,1.394009800E-3
2.260631075E1,-1.301726460E0,2.784398794E-1,3.969958797E-2
2.261635075E1,-1.362849474E0,2.992411256E-1,9.253459983E-3
2.262639075E1,-1.357936978E0,3.455226123E-1,-1.070467904E-1
2.263643075E1,-1.326414704E0,3.461697996E-1,-2.590132654E-1
2.264647075E1,-1.291378975E0,2.483668178E-1,-4.038130641E-1
2.265651175E1,-1.253236175E0,6.649489701E-2,-5.108522177E-1
2.266655175E1,-1.203048944E0,-1.281350404E-1,-5.663855076E-1
2.267659175E1,-1.161378145E0,-3.051872849E-1,-5.732574463E-1
2.268663175E1,-1.129425287E0,-4.837684631E-1,-5.555633903E-1
2.269667175E1,-1.114862800E0,-6.732185483E-1,-5.160632133E-1
2.270671275E1,-1.090111375E0,-8.357864022E-1,-4.480063915E-1
2.271675275E1,-1.036862254E0,-8.638785481E-1,-3.317975402E-1
2.272679275E1,-9.622700810E-1,-7.765244842E-1,-2.047690153E-1
2.273683275E1,-8.501275778E-1,-6.077656746E-1,-1.342140734E-1
2.274687275E1,-7.322598100E-1,-4.097229242E-1,-1.669168919E-1
2.275691375E1,-6.115379333E-1,-2.082808912E-1,-2.650100887E-1
2.276695375E1,-4.622666836E-1,4.223148897E-2,-3.262849152E-1
2.277699375E1,-3.334999084E-1,2.794540226E-1,-3.334267735E-1
2.278703375E1,-2.960582376E-1,3.996408880E-1,-3.764770329E-1
2.279707375E1,-3.492711186E-1,2.967911065E-1,-4.935895801E-1
2.280711475E1,-4.258668125E-1,8.102767915E-2,-5.898492336E-1
2.281715475E1,-4.583395422E-1,4.223708995E-3,-6.329831481E-1
2.282719475E1,-4.828414917E-1,4.021849483E-2,-6.390944719E-1
2.283723475E1,-5.368117690E-1,2.414335683E-2,-5.739452839E-1
2.284727575E1,-6.265946031E-1,-7.574170083E-2,-4.639671743E-1
2.285731575E1,-7.385467291E-1,-2.660936117E-1,-3.517029583E-1
2.286735575E1,-8.427516818E-1,-4.500061870E-1,-2.192847431E-1
2.287739575E1,-8.883718252E-1,-5.581519008E-1,-2.444560453E-2
2.288743575E1,-8.589441776E-1,-5.448731184E-1,1.955048740E-1
2.289747675E1,-7.997182012E-1,-4.327342510E-1,3.808469772E-1
2.290751675E1,-7.511839271E-1,-2.278498262E-1,5.311230421E-1
2.291755675E1,-7.130261660E-1,-9.312930517E-3,6.367021799E-1
2.292759675E1,-6.756772399E-1,1.439839453E-1,6.884644032E-1
2.293763675E1,-6.355473995E-1,2.464388907E-1,7.034097910E-1
2.294767775E1,-6.070025563E-1,2.910865247E-1,6.877785921E-1
2.295771775E1,-5.959317684E-1,3.112366498E-1,6.612559557E-1
2.296775775E1,-5.783479810E-1,2.686742842E-1,6.053532958E-1
2.297779775E1,-5.255540013E-1,1.878681779E-1,5.230261683E-1
2.298783775E1,-4.388172925E-1,1.145140603E-1,4.231390059E-1
2.299787875E1,-3.231223524E-1,9.356087446E-2,3.050036430E-1
2.300791925E1,-2.066237032E-1,6.364504993E-2,1.952888966E-1
2.301795925E1,-1.200467423E-1,1.858308911E-2,1.063953787E-1
2.302799925E1,-8.218484372E-2,-1.035881229E-2,3.895082325E-2
2.303803925E1,-7.823672146E-2,-2.497704886E-2,-1.611579768E-2
2.304808025E1,-8.366957307E-2,-1.540884376E-2,-6.592063606E-2
2.305812025E1,-9.347825497E-2,2.627206268E-3,-1.095246971E-1
2.306816025E1,-9.484685212E-2,1.548654586E-2,-1.330167204E-1
2.307820025E1,-7.580392808E-2,3.381835669E-2,-1.190174147E-1
2.308824025E1,-4.238205031E-2,2.570237219E-2,-9.591396153E-2
2.309828125E1,-3.127745166E-2,1.068066247E-2,-1.015426219E-1
2.310832125E1,-5.521660671E-2,-3.540533781E-2,-1.076604351E-1
2.311836125E1,-1.033013016E-1,-9.084149450E-2,-1.223964617E-1
2.312840125E1,-1.540523618E-1,-1.073344499E-1,-1.508776397E-1
2.313844125E1,-1.826440692E-1,-8.583427966E-2,-1.721741855E-1
2.314848225E1,-1.779686362E-1,-5.207125470E-2,-1.662513167E-1
2.315852225E1,-1.499409825E-1,-1.331746578E-2,-1.652832627E-1
2.316856225E1,-1.063588932E-1,4.772298411E-2,-1.992058009E-1
2.317860225E1,-4.378525168E-2,1.156396270E-1,-2.494792193E-1
2.318864325E1,4.132378474E-2,1.813810915E-1,-3.007264435E-1
2.319868325E1,1.507970244E-1,2.631309032E-1,-3.292214274E-1
2.320872325E1,2.423572987E-1,3.706110120E-1,-3.204327226E-1
2.321876325E1,3.118471801E-1,4.570683241E-1,-2.813741267E-1
2.322880325E1,3.849264383E-1,4.778303206E-1,-1.967886537E-1
2.323884425E1,4.646122158E-1,3.758150041E-1,-6.650149077E-2
2.324888425E1,5.255583525E-1,1.579795778E-1,5.591642857E-2
2.325892425E1,5.434441566E-1,-1.442513913E-1,1.760590822E-1
2.326896425E1,4.875697196E-1,-3.674168587E-1,2.949599028E-1
2.327900425E1,3.657117188E-1,-3.906939030E-1,4.708023965E-1
2.328904525E1,2.086693645E-1,-3.320148885E-1,6.983295083E-1
2.329908525E1,9.933167696E-2,-2.185775042E-1,8.707449436E-1
2.330912525E1,1.077563241E-1,-9.169680066E-3,8.417106271E-1
2.331916525E1,1.393645704E-1,1.076281890E-1,7.636048794E-1
2.332920525E1,1.117084548E-1,1.498504877E-1,6.889128089E-1
2.333924625E1,4.411795363E-2,1.410068721E-1,6.015173197E-1
2.334928625E1,-3.557794169E-2,6.568200886E-2,5.005848408E-1
2.335932625E1,-1.421456486E-1,-7.195556909E-2,3.660855293E-1
2.336936625E1,-2.774076164E-1,-2.483689636E-1,2.371259332E-1
2.337940625E1,-4.086670876E-1,-3.865508437E-1,1.171298027E-1
2.338944725E1,-4.824627340E-1,-3.472788036E-1,9.292459488E-2
2.339948725E1,-4.819756448E-1,-1.971588731E-1,8.859903365E-2
2.340952725E1,-4.210436046E-1,-8.870725520E-3,5.419978499E-2
2.341956725E1,-3.286588192E-1,2.332277298E-1,1.306713279E-2
2.342960725E1,-2.434395254E-1,4.735404551E-1,7.230282761E-3
2.343964825E1,-2.289559245E-1,5.102095008E-1,-3.088834137E-2
2.344968825E1,-2.609929442E-1,3.315825164E-1,-1.227181330E-1
2.345972825E1,-3.048030138E-1,8.443214744E-2,-2.395608872E-1
2.346976825E1,-3.544672728E-1,-7.226505876E-2,-3.552379608E-1
2.347980925E1,-4.124224186E-1,-1.193737164E-1,-4.748533070E-1
2.348984925E1,-4.700066447E-1,-1.422033906E-1,-5.924097300E-1
2.349988925E1,-5.013621449E-1,-1.692862958E-1,-6.746154428E-1
2.350992925E1,-5.133903027E-1,-2.170237303E-1,-7.137929797E-1
2.351996925E1,-5.382815599E-1,-3.155395091E-1,-7.138566971E-1
2.353001025E1,-5.729146004E-1,-4.499812126E-1,-6.774635315E-1
2.354005025E1,-6.213862896E-1,-5.570158362E-1,-6.484678388E-1
2.355009025E1,-6.842802763E-1,-6.241935492E-1,-6.146113276E-1
2.356013025E1,-7.496798038E-1,-5.543398857E-1,-5.676132441E-1
2.357017025E1,-8.082618713E-1,-4.613548219E-1,-5.047650337E-1
2.358021125E1,-8.508058786E-1,-3.729023337E-1,-4.389826953E-1
2.359025125E1,-8.588664532E-1,-2.761603296E-1,-3.847575188E-1
2.360029125E1,-8.399236798E-1,-1.585322171E-1,-3.378810287E-1
2.361033125E1,-8.073641658E-1,1.045308169E-2,-3.011304736E-1
2.362037125E1,-7.763021588E-1,1.633839160E-1,-2.486852109E-1
2.363041225E1,-7.646555901E-1,2.891240120E-1,-1.918144822E-1
2.364045225E1,-7.427049875E-1,3.979533315E-1,-1.396452934E-1
2.365049225E1,-6.983156800E-1,4.917874038E-1,-9.524559230E-2
2.366053225E1,-6.390843391E-1,5.568993092E-1,-3.547094762E-2
2.367057225E1,-5.790244341E-1,5.749003887E-1,2.248103544E-2
2.368061325E1,-5.136283636E-1,5.366144776E-1,7.412899286E-2
2.369065325E1,-4.471540451E-1,4.533827007E-1,1.285794526E-1
2.370069325E1,-3.876960278E-1,3.367115855E-1,1.606494635E-1
2.371073325E1,-3.382437825E-1,2.142594159E-1,1.829113513E-1
2.372077325E1,-3.013938963E-1,1.207124218E-1,1.975100785E-1
2.373081425E1,-2.775729895E-1,9.569308907E-2,2.116362900E-1
2.374085425E1,-2.774701715E-1,1.091586202E-1,2.546683252E-1
2.375089425E1,-3.249290586E-1,9.555732459E-2,2.980552018E-1
2.376093425E1,-3.863902688E-1,9.890633076E-2,3.460786939E-1
2.377097425E1,-4.444136322E-1,1.633335203E-1,3.963264227E-1
2.378101525E1,-4.888940454E-1,2.773571908E-1,4.110049307E-1
2.379105525E1,-5.254414082E-1,3.688572645E-1,3.460512161E-1
2.380109525E1,-5.411832929E-1,3.961663544E-1,2.110115290E-1
2.381113525E1,-5.194655061E-1,3.178944290E-1,4.476982728E-2
2.382117525E1,-4.848460257E-1,1.239336580E-1,-1.211954728E-1
2.383121625E1,-4.288751483E-1,-1.016406119E-1,-2.711199820E-1
2.384125625E1,-3.545165360E-1,-3.105261922E-1,-3.928268850E-1
2.385129625E1,-2.778670192E-1,-4.899516106E-1,-4.530726373E-1
2.386133625E1,-2.236146927E-1,-6.036020517E-1,-4.251975715E-1
2.387137625E1,-1.951369792E-1,-5.970234871E-1,-3.124459684E-1
2.388141725E1,-1.323763728E-1,-4.774510860E-1,-1.938828081E-1
2.389145725E1,-1.803302392E-2,-2.858736813E-1,-1.149669662E-1
2.390149725E1,1.112861037E-1,-5.272648111E-2,-1.223730147E-1
2.391153725E1,2.694794834E-1,1.651381999E-1,-1.863839477E-1
2.392157725E1,4.338369668E-1,2.441125214E-1,-2.304538786E-1
2.393161825E1,5.001544952E-1,1.470858455E-1,-2.877541780E-1
2.394165825E1,5.268787742E-1,4.637714475E-2,-3.591111302E-1
2.395169825E1,5.478119850E-1,-3.875665739E-2,-3.949373066E-1
2.396173825E1,5.266516209E-1,-1.619738787E-1,-3.880740106E-1
2.397177825E1,4.959402978E-1,-2.032539397E-1,-3.725680113E-1
2.398181925E1,4.967584014E-1,-1.545211226E-1,-3.304666877E-1
2.399185925E1,4.909465909E-1,-1.029391661E-1,-2.483227998E-1
2.400189925E1,4.342415035E-1,-9.894564003E-2,-1.289338022E-1
2.401193863E1,4.021070004E-1,-2.255339473E-1,9.957497939E-3
2.402197963E1,4.184210002E-1,-4.054815471E-1,1.047493964E-1
2.403201963E1,4.445476532E-1,-5.122721791E-1,2.171150744E-1
2.404205963E1,4.819605649E-1,-5.425727367E-1,3.505983353E-1
2.405209962E1,5.216935873E-1,-4.506840706E-1,4.786998332E-1
2.406213963E1,5.598551035E-1,-3.443648815E-1,5.581727028E-1
2.407218063E1,5.889277458E-1,-2.362951636E-1,6.029319167E-1
2.408222063E1,6.256607175E-1,-1.119499207E-1,6.414601207E-1
2.409226063E1,7.018814683E-1,2.392296493E-2,6.714177728E-1
2.410230063E1,7.800197005E-1,1.678263843E-1,6.645335555E-1
2.411234062E1,8.482610583E-1,2.038927674E-1,6.102961302E-1
2.412238162E1,9.175391793E-1,1.571325064E-1,5.591798425E-1
2.413242163E1,9.992646575E-1,1.458116770E-1,5.236356854E-1
2.414246163E1,1.072073340E0,1.551828682E-1,4.915282428E-1
2.415250163E1,1.128042102E0,1.415120661E-1,4.590784311E-1
2.416254163E1,1.156432986E0,1.088169143E-1,4.219606519E-1
2.417258263E1,1.150906086E0,2.749276161E-2,3.913966119E-1
2.418262262E1,1.124646783E0,-3.315508366E-2,3.484627903E-1
2.419266263E1,1.088664055E0,-4.007663950E-2,3.007597029E-1
2.420270263E1,1.045630336E0,-3.484891355E-2,2.357621193E-1
2.421274263E1,1.010778308E0,-1.537960954E-2,1.641252041E-1
2.422278363E1,9.710029364E-1,-4.697110504E-3,1.087405905E-1
2.423282363E1,9.124650955E-1,-1.962972060E-2,6.129451096E-2
2.424286362E1,8.308514357E-1,-5.271044374E-2,1.336187311E-2
2.425290363E1,7.605032325E-1,-7.812978327E-2,-3.219575807E-2
2.426294363E1,7.144460082E-1,-8.014017344E-2,-5.853862315E-2
2.427298463E1,6.571720243E-1,-6.455055624E-2,-9.414828569E-2
2.428302463E1,6.107829809E-1,-3.688528761E-2,-1.399530172E-1
2.429306463E1,5.713047981E-1,-2.828114666E-2,-2.039453238E-1
2.430310462E1,5.236523151E-1,-3.449941799E-2,-2.598238289E-1
2.431314463E1,4.673184752E-1,-5.232688412E-2,-3.017560840E-1
2.432318563E1,3.896441758E-1,-5.488857627E-2,-3.274664283E-1
2.433322563E1,3.022834361E-1,-1.219144743E-2,-3.269761503E-1
2.434326563E1,2.570869327E-1,1.155292615E-1,-2.865912020E-1
2.435330563E1,2.715851665E-1,2.695441246E-1,-2.189719379E-1
2.436334562E1,3.131185174E-1,3.651277125E-1,-1.689328849E-1
2.437338662E1,3.424457610E-1,4.086725414E-1,-1.085726023E-1
2.438342663E1,3.454335630E-1,4.101689458E-1,2.760727517E-2
2.439346663E1,3.483271003E-1,4.482928813E-1,1.163949370E-1
2.440350663E1,3.625254929E-1,4.133132696E-1,1.054730266E-1
2.441354663E1,3.923816681E-1,2.829938531E-1,1.023709774E-1
2.442358763E1,4.385158718E-1,1.059414595E-1,1.395300627E-1
2.443362762E1,4.572666585E-1,-3.150534630E-2,2.184746712E-1
2.444366763E1,4.096490443E-1,-2.756010368E-2,3.269675374E-1
2.445370763E1,3.140279651E-1,9.270212799E-2,4.556176662E-1
2.446374763E1,2.217976749E-1,2.626394629E-1,6.314663291E-1
2.447378863E1,1.860479414E-1,4.793600738E-1,8.008766770E-1
2.448382863E1,1.227057129E-1,6.485847831E-1,9.016384482E-1
2.449386862E1,-7.091009617E-2,6.003634334E-1,9.392427802E-1
2.450390863E1,-3.136620522E-1,4.832776785E-1,9.171497822E-1
2.451394863E1,-4.070830643E-1,2.695710063E-1,8.644692898E-1
2.452398963E1,-3.777848482E-1,-1.785327494E-1,7.186665535E-1
2.453402963E1,-3.140473962E-1,-7.756387591E-1,6.025457978E-1
2.454406963E1,-3.091490269E-1,-1.092379808E0,4.854817092E-1
2.455410962E1,-3.573610187E-1,-9.969813824E-1,3.820623755E-1
2.456414963E1,-3.282622993E-1,-6.608378887E-1,2.298697233E-1
2.457419063E1,-1.953564286E-1,-2.332332879E-1,3.187833726E-2
2.458423063E1,-4.332241789E-2,1.715225726E-1,-1.442687213E-1
2.459427063E1,2.900690772E-2,4.995033741E-1,-2.544676661E-1
2.460431062E1,3.580834717E-2,6.748200655E-1,-3.455767035E-1
2.461435063E1,2.325074375E-2,7.346245050E-1,-4.241801500E-1
2.462439162E1,-6.299012899E-2,6.415355206E-1,-4.875555038E-1
2.463443163E1,-2.050194293E-1,4.048044384E-1,-5.271825790E-1
2.464447163E1,-3.193444014E-1,8.020633459E-2,-5.419622660E-1
2.465451163E1,-3.735586405E-1,-2.399996519E-1,-5.455988050E-1
2.466455162E1,-4.146895707E-1,-4.848601520E-1,-5.482559800E-1
2.467459263E1,-4.622964859E-1,-6.368539333E-1,-5.556169748E-1
2.468463262E1,-5.043028593E-1,-7.168343067E-1,-5.774072409E-1
2.469467263E1,-5.253655314E-1,-7.338689566E-1,-6.061129570E-1
2.470471263E1,-5.044008493E-1,-7.180963159E-1,-6.194584370E-1
2.471475263E1,-4.653429091E-1,-7.119081616E-1,-6.021860242E-1
2.472479363E1,-4.522920847E-1,-6.999964118E-1,-5.622056127E-1
2.473483362E1,-4.447449744E-1,-6.599163413E-1,-5.049780607E-1
2.474487363E1,-4.142831564E-1,-5.503709316E-1,-4.609503150E-1
2.475491363E1,-3.982906044E-1,-4.051477015E-1,-4.024617076E-1
2.476495363E1,-3.876686096E-1,-1.705494076E-1,-3.246279359E-1
2.477499463E1,-3.761925101E-1,1.123645902E-1,-2.360807508E-1
2.478503463E1,-3.767898381E-1,3.587223589E-1,-1.910121143E-1
2.479507462E1,-3.900728822E-1,4.970509410E-1,-1.487464160E-1
2.480511463E1,-3.925315142E-1,5.556761622E-1,-1.042431071E-1
2.481515463E1,-3.949486017E-1,5.844278932E-1,-8.025788516E-2
2.482519563E1,-4.092207253E-1,5.832130909E-1,-5.110308155E-2
2.483523563E1,-4.281355739E-1,5.636106133E-1,1.422852185E-2
2.484527563E1,-4.561643004E-1,5.130006075E-1,8.180025965E-2
2.485531562E1,-4.806573987E-1,4.380147457E-1,1.312021613E-1
2.486535563E1,-4.852630496E-1,3.360296190E-1,1.584383547E-1
2.487539663E1,-4.590328038E-1,2.328281254E-1,1.600972265E-1
2.488543663E1,-4.327639341E-1,1.349921077E-1,1.297019422E-1
2.489547663E1,-4.275598526E-1,8.499339223E-2,9.259372205E-2
2.490551663E1,-4.503059089E-1,1.222540662E-1,6.802154332E-2
2.491555662E1,-4.623210132E-1,2.235809565E-1,8.320289105E-2
2.492559762E1,-4.377059639E-1,2.933650911E-1,1.373205334E-1
2.493563763E1,-4.125468135E-1,2.947986722E-1,1.639415026E-1
2.494567763E1,-4.053935409E-1,2.872198522E-1,7.565932721E-2
2.495571763E1,-3.904707730E-1,2.757171392E-1,-8.003759384E-2
2.496575763E1,-3.638722301E-1,1.709752977E-1,-2.494520396E-1
2.497579863E1,-3.257626593E-1,1.410765201E-2,-3.878802359E-1
2.498583862E1,-2.658604085E-1,-1.615588367E-1,-4.785511792E-1
2.499587863E1,-1.858513206E-1,-3.822445869E-1,-5.259402990E-1
2.500591863E1,-1.141023189E-1,-5.455361009E-1,-4.883530140E-1
2.501595825E1,-4.115355015E-2,-5.508592129E-1,-3.328446448E-1
2.502599925E1,3.414256871E-2,-3.602573276E-1,-1.819258630E-1
2.503603925E1,7.475790381E-2,-1.104576290E-1,-1.472336650E-1
2.504607925E1,1.217600256E-1,5.592199787E-2,-2.451390773E-1
2.505611925E1,2.666029632E-1,1.917533278E-1,-3.682293296E-1
2.506615925E1,4.142158329E-1,2.819626629E-1,-4.541119635E-1
2.507620025E1,5.230571032E-1,3.151443005E-1,-5.371096134E-1
2.508624025E1,5.267852545E-1,2.431506664E-1,-6.185323596E-1
2.509628025E1,3.869123161E-1,5.687719211E-2,-6.384088397E-1
2.510632025E1,2.243582755E-1,-1.629855186E-1,-5.576441884E-1
2.511636025E1,1.463444382E-1,-2.605469525E-1,-4.283317626E-1
2.512640125E1,7.301776856E-2,-2.824404240E-1,-2.555250823E-1
2.513644125E1,-6.143591553E-2,-3.665395975E-1,-5.708817020E-2
2.514648125E1,-1.980856508E-1,-5.284423828E-1,1.371426731E-1
2.515652125E1,-2.747718990E-1,-7.019020319E-1,2.595490217E-1
2.516656125E1,-3.129400313E-1,-8.757478595E-1,2.574875355E-1
2.517660225E1,-2.953008413E-1,-9.199014306E-1,2.796527445E-1
2.518664225E1,-2.261881232E-1,-8.287613392E-1,3.669820130E-1
2.519668225E1,-1.371085793E-1,-6.352198124E-1,4.716628790E-1
2.520672225E1,-2.747926675E-2,-4.215843081E-1,5.343055725E-1
2.521676225E1,5.229625478E-2,-2.363239080E-1,5.608927011E-1
2.522680325E1,8.745264262E-2,-9.335628897E-2,5.682431459E-1
2.523684325E1,1.136586815E-1,5.162540451E-2,5.915769339E-1
2.524688325E1,1.655557007E-1,2.019716203E-1,6.283093691E-1
2.525692325E1,2.295693010E-1,3.067156076E-1,6.331712008E-1
2.526696325E1,2.755825520E-1,3.328825533E-1,5.994043350E-1
2.527700425E1,3.245322406E-1,2.916597426E-1,5.573903322E-1
2.528704425E1,3.962871730E-1,2.262916565E-1,5.211283565E-1
2.529708425E1,4.501194954E-1,1.762255728E-1,4.884641767E-1
2.530712425E1,4.967724979E-1,1.281246841E-1,4.523546994E-1
2.531716425E1,5.389441848E-1,7.604309916E-2,4.166289270E-1
2.532720525E1,5.758367181E-1,7.415518910E-2,3.574276567E-1
2.533724525E1,6.067836881E-1,1.392456144E-1,3.010551333E-1
2.534728525E1,6.361740828E-1,1.892216206E-1,2.336950302E-1
2.535732525E1,6.538265944E-1,2.007235438E-1,1.702020764E-1
2.536736525E1,6.554607153E-1,2.074340433E-1,1.040322036E-1
2.537740625E1,6.443238854E-1,1.995332539E-1,5.989989638E-2
2.538744625E1,6.206728816E-1,1.477669924E-1,4.110144079E-2
2.539748625E1,6.017923951E-1,5.360863358E-2,1.749511436E-2
2.540752625E1,5.870358348E-1,-1.714836434E-2,3.517164383E-3
2.541756625E1,5.700470209E-1,-8.122801036E-2,3.107303753E-3
2.542760725E1,5.528554916E-1,-1.405179054E-1,-1.434566546E-2
2.543764725E1,5.199590921E-1,-2.125548273E-1,-3.418861330E-2
2.544768725E1,4.885047078E-1,-2.619491816E-1,-5.583681911E-2
2.545772725E1,4.552841783E-1,-2.740788162E-1,-7.210713625E-2
2.546776725E1,4.048281908E-1,-2.548419237E-1,-8.087527007E-2
2.547780825E1,3.337705135E-1,-1.801778227E-1,-9.649150819E-2
2.548784825E1,2.587911189E-1,-6.343043596E-2,-1.197075173E-1
2.549788825E1,2.187701911E-1,6.126302853E-2,-1.413156092E-1
2.550792825E1,2.298081815E-1,1.786542237E-1,-1.425807029E-1
2.551796825E1,2.748792470E-1,2.867436707E-1,-1.310058087E-1
2.552800925E1,3.291968107E-1,3.683643043E-1,-1.149294078E-1
2.553804925E1,3.813303113E-1,3.865155876E-1,-8.519761264E-2
2.554808925E1,4.454803169E-1,3.268691301E-1,-5.267272145E-2
2.555812925E1,5.246496797E-1,2.269515544E-1,-1.174739189E-2
2.556816925E1,6.084526777E-1,1.035473421E-1,3.542507812E-2
2.557821025E1,6.854723096E-1,-3.252686933E-2,8.215609193E-2
2.558825025E1,7.410477996E-1,-1.375546157E-1,1.394614726E-1
2.559829025E1,7.442579269E-1,-1.588865370E-1,2.076037824E-1
2.560833025E1,7.042871118E-1,-6.412196904E-2,3.037964404E-1
2.561837025E1,6.354923248E-1,1.291185915E-1,4.572493732E-1
2.562841125E1,6.122130752E-1,4.123524427E-1,7.102027535E-1
2.563845125E1,5.971960425E-1,7.568213940E-1,8.998221755E-1
2.564849125E1,4.358130097E-1,8.873103857E-1,9.724972248E-1
2.565853125E1,1.849533617E-1,7.748546600E-1,1.020060539E0
2.566857125E1,5.163869262E-2,5.822495818E-1,9.907900095E-1
2.567861225E1,4.280925170E-2,1.268903017E-1,8.532981873E-1
2.568865225E1,6.096269563E-2,-5.201068521E-1,7.109927535E-1
2.569869225E1,6.679208577E-2,-1.084335923E0,5.955609679E-1
2.570873225E1,4.283853993E-2,-1.230434656E0,4.185009301E-1
2.571877225E1,2.439162508E-2,-9.849281907E-1,2.287176847E-1
2.572881325E1,7.618159801E-2,-5.828447938E-1,-9.050931549E-4
2.573885325E1,1.991093755E-1,-1.929926574E-1,-1.845273823E-1
2.574889325E1,3.279259205E-1,2.264077663E-1,-2.394998819E-1
2.575893325E1,3.742406964E-1,6.247862577E-1,-2.131239325E-1
2.576897325E1,2.967177033E-1,8.109171987E-1,-2.106991708E-1
2.577901325E1,1.188489050E-1,7.726470828E-1,-2.708581090E-1
2.578905425E1,-8.992854506E-2,6.632087231E-1,-3.863167763E-1
2.579909425E1,-2.872786522E-1,5.458799601E-1,-5.218343735E-1
2.580913425E1,-4.280676842E-1,3.541195393E-1,-6.045047641E-1
2.581917425E1,-5.067211986E-1,8.726225793E-2,-6.722071171E-1
2.582921425E1,-5.567966104E-1,-2.081314176E-1,-7.460689545E-1
2.583925525E1,-5.983382463E-1,-4.783115089E-1,-8.216473460E-1
2.584929525E1,-6.368645430E-1,-7.166556716E-1,-8.670523763E-1
2.585933525E1,-6.515756249E-1,-8.398900032E-1,-8.738753796E-1
2.586937525E1,-6.527096033E-1,-8.662816882E-1,-8.283485770E-1
2.587941525E1,-6.527551413E-1,-8.271798491E-1,-7.488623261E-1
2.588945625E1,-6.373758912E-1,-7.407570481E-1,-6.511133909E-1
2.589949625E1,-6.100111008E-1,-6.810141206E-1,-5.681667924E-1
2.590953625E1,-5.600699782E-1,-5.247176886E-1,-5.079528689E-1
2.591957625E1,-4.577845931E-1,-3.055485785E-1,-4.570239186E-1
2.592961625E1,-4.075523317E-1,-1.281063166E-2,-3.726903796E-1
2.593965725E1,-4.093134701E-1,3.201944828E-1,-2.875658870E-1
2.594969725E1,-4.180952311E-1,5.132780075E-1,-2.036568224E-1
2.595973725E1,-4.219363034E-1,6.009431481E-1,-1.339792013E-1
2.596977725E1,-4.210872650E-1,6.038306355E-1,-7.414592803E-2
2.597981725E1,-4.208638370E-1,5.791063905E-1,-6.985798944E-3
2.598985825E1,-3.991061151E-1,5.395782590E-1,6.887958199E-2
2.599989825E1,-3.791584969E-1,4.909587801E-1,1.258656383E-1
2.600993825E1,-3.689021170E-1,4.282768071E-1,1.475060880E-1
2.601997892E1,-3.653590679E-1,3.587672412E-1,1.332246214E-1
2.603001892E1,-3.815305829E-1,2.589027882E-1,1.017002836E-1
2.604005992E1,-4.285902381E-1,1.853076667E-1,5.789208412E-2
2.605009992E1,-4.755329788E-1,1.429082751E-1,7.568724919E-3
2.606013992E1,-5.269268751E-1,1.303663850E-1,-1.240951009E-2
2.607017992E1,-5.851028562E-1,1.506837457E-1,5.899117794E-3
2.608021992E1,-6.254745126E-1,2.196593583E-1,3.607433289E-2
2.609026092E1,-6.184949279E-1,3.020738661E-1,8.109784871E-2
2.610030092E1,-5.714443326E-1,3.453505039E-1,1.009170935E-1
2.611034092E1,-5.480196476E-1,3.598441184E-1,3.810839728E-2
2.612038092E1,-5.373787284E-1,3.362964392E-1,-7.179253548E-2
2.613042092E1,-5.095607638E-1,2.532518804E-1,-1.955460757E-1
2.614046192E1,-4.593428075E-1,1.252931207E-1,-2.997776866E-1
2.615050192E1,-3.863700330E-1,-5.708704889E-2,-3.459639847E-1
2.616054192E1,-3.059907854E-1,-2.977750301E-1,-3.624124825E-1
2.617058192E1,-2.201003581E-1,-4.827251732E-1,-3.580074310E-1
2.618062192E1,-1.176400334E-1,-5.190200806E-1,-2.902262509E-1
2.619066292E1,2.989692613E-2,-3.605758250E-1,-1.922646463E-1
2.620070292E1,2.060849965E-1,-9.279018641E-2,-1.904742122E-1
2.621074292E1,3.670384586E-1,1.539524347E-1,-3.148535490E-1
2.622078292E1,5.091775060E-1,2.907430232E-1,-4.619484544E-1
2.623082292E1,5.976828933E-1,2.605801523E-1,-5.203467607E-1
2.624086292E1,6.147721410E-1,8.070493490E-2,-5.224871635E-1
2.625090392E1,6.028422117E-1,-1.252542883E-1,-5.464375615E-1
2.626094392E1,5.327150822E-1,-2.698807120E-1,-4.951658845E-1
2.627098392E1,3.967862427E-1,-4.245076180E-1,-3.666886985E-1
2.628102392E1,2.629128695E-1,-5.458761454E-1,-2.244697660E-1
2.629106392E1,1.260136366E-1,-5.269327164E-1,-1.030704752E-1
2.630110492E1,-4.628543183E-2,-4.136953652E-1,-1.631107926E-2
2.631114492E1,-2.103513628E-1,-3.420196176E-1,7.864473760E-2
2.632118492E1,-3.123048842E-1,-3.291264772E-1,1.862177849E-1
2.633122492E1,-3.302870989E-1,-3.487729430E-1,2.209463418E-1
2.634126492E1,-2.915079892E-1,-3.667449951E-1,1.404099613E-1
2.635130592E1,-1.721714586E-1,-3.265851736E-1,1.057846919E-1
2.636134592E1,-1.049681846E-2,-2.214241624E-1,1.461488903E-1
2.637138592E1,1.508198828E-1,-8.437906206E-2,2.070611417E-1
2.638142592E1,2.780161798E-1,3.136404976E-2,2.708795071E-1
2.639146592E1,3.429467082E-1,1.516478807E-1,3.328394592E-1
2.640150692E1,3.859085739E-1,2.470577508E-1,4.206454754E-1
2.641154692E1,4.196236432E-1,3.069597483E-1,5.244920850E-1
2.642158692E1,4.375517666E-1,3.330784440E-1,6.304448843E-1
2.643162692E1,4.476598203E-1,2.830209434E-1,6.911841631E-1
2.644166692E1,4.805690348E-1,1.951038539E-1,7.035207152E-1
2.645170792E1,5.206703544E-1,7.353670895E-2,7.335237265E-1
2.646174792E1,5.523273349E-1,-3.509948403E-2,7.514873147E-1
2.647178792E1,5.650116801E-1,-9.646675736E-2,7.207188606E-1
2.648182792E1,5.684490204E-1,-1.541937143E-1,6.713212132E-1
2.649186792E1,5.642201900E-1,-1.826750934E-1,6.139185429E-1
2.650190892E1,5.499525666E-1,-1.673813611E-1,5.352468491E-1
2.651194892E1,5.288851261E-1,-1.540795267E-1,4.174360931E-1
2.652198892E1,5.197044015E-1,-9.803275764E-2,2.857922912E-1
2.653202892E1,5.159624219E-1,-4.305261187E-3,1.615648419E-1
2.654206892E1,5.197177529E-1,8.486270159E-2,6.903410703E-2
2.655210992E1,5.289485455E-1,1.762798429E-1,-9.713385953E-4
2.656214992E1,5.312939882E-1,2.521495521E-1,-4.751034454E-2
2.657218992E1,5.269591212E-1,3.050329387E-1,-7.145059854E-2
2.658222992E1,5.081553459E-1,3.208742142E-1,-7.751248777E-2
2.659226992E1,4.794225693E-1,3.017746508E-1,-8.321853727E-2
2.660231092E1,4.495253861E-1,2.793796062E-1,-9.137260169E-2
2.661235092E1,4.302400649E-1,2.351362258E-1,-1.404852122E-1
2.662239092E1,3.975212872E-1,1.619464457E-1,-2.013914436E-1
2.663243092E1,3.632051051E-1,7.429864258E-2,-2.384426892E-1
2.664247092E1,3.047806919E-1,-1.827816106E-2,-2.701660097E-1
2.665251092E1,2.318156511E-1,-1.263437271E-1,-2.864877582E-1
2.666255192E1,1.908655465E-1,-1.930015832E-1,-2.623075843E-1
2.667259192E1,2.137330621E-1,-1.222838908E-1,-1.848048717E-1
2.668263192E1,2.751199901E-1,4.548380151E-2,-1.112408936E-1
2.669267192E1,3.329806328E-1,1.914514154E-1,-5.986747891E-2
2.670271192E1,3.730177879E-1,2.472023070E-1,-2.829011343E-2
2.671275292E1,3.969683945E-1,2.282720208E-1,-8.549963124E-3
2.672279292E1,4.328888655E-1,1.720737368E-1,9.496947750E-3
2.673283292E1,4.967597127E-1,8.875916898E-2,5.096766725E-2
2.674287292E1,5.728688240E-1,-3.308951110E-2,8.262440562E-2
2.675291292E1,6.367818117E-1,-1.733199954E-1,1.216614693E-1
2.676295392E1,6.659325361E-1,-2.960880101E-1,1.814116240E-1
2.677299392E1,6.261099577E-1,-2.766583264E-1,2.686415315E-1
2.678303392E1,5.588672757E-1,-6.477136165E-2,4.063517451E-1
2.679307392E1,5.322252512E-1,2.567755580E-1,5.845220089E-1
2.680311392E1,5.610923171E-1,5.880123377E-1,7.264820933E-1
2.681315492E1,5.250549912E-1,7.754258513E-1,7.840541601E-1
2.682319492E1,3.614423275E-1,7.465242147E-1,7.753440738E-1
2.683323492E1,1.180193052E-1,5.121578574E-1,7.898632884E-1
2.684327492E1,-8.577536047E-2,2.902097404E-1,8.395568132E-1
2.685331492E1,-2.046594173E-1,-4.658542108E-3,8.383862972E-1
2.686335592E1,-2.389007509E-1,-4.409932494E-1,7.701835036E-1
2.687339592E1,-2.411963642E-1,-9.209973216E-1,6.505025625E-1
2.688343592E1,-2.625762224E-1,-1.173200011E0,5.263131857E-1
2.689347592E1,-2.887955606E-1,-1.092821836E0,3.822697103E-1
2.690351592E1,-2.589556575E-1,-8.472051024E-1,1.822737753E-1
2.691355592E1,-1.639484465E-1,-5.437979698E-1,-7.158074528E-2
2.692359692E1,-3.617184609E-2,-1.579685360E-1,-2.990317345E-1
2.693363692E1,7.740852237E-2,2.406234741E-1,-4.207111299E-1
2.694367692E1,1.246937439E-1,4.890346229E-1,-4.632106423E-1
2.695371692E1,7.785083354E-2,5.388026237E-1,-4.764674604E-1
2.696375692E1,-3.692022339E-2,4.351734519E-1,-4.894743562E-1
2.697379792E1,-1.820204258E-1,2.940652370E-1,-4.899724722E-1
2.698383792E1,-3.329090178E-1,1.096889824E-1,-4.965275824E-1
2.699387792E1,-4.486606419E-1,-2.180814743E-2,-5.260632038E-1
2.700391792E1,-5.271010995E-1,-1.752744019E-1,-5.583156943E-1
2.701395763E1,-5.964003205E-1,-3.224146068E-1,-5.897861123E-1
2.702399862E1,-6.476227641E-1,-4.514873624E-1,-6.139915586E-1
2.703403863E1,-6.865360737E-1,-5.859373808E-1,-6.184764504E-1
2.704407863E1,-7.292180061E-1,-6.863657236E-1,-6.144031286E-1
2.705411863E1,-7.535910010E-1,-7.483735085E-1,-5.902686119E-1
2.706415862E1,-7.519017458E-1,-7.234327197E-1,-5.599464178E-1
2.707419962E1,-7.330605984E-1,-6.448534131E-1,-5.286054611E-1
2.708423963E1,-6.757032871E-1,-5.798653960E-1,-4.979663491E-1
2.709427963E1,-6.109049320E-1,-4.410545826E-1,-4.722093940E-1
2.710431963E1,-5.474330187E-1,-2.033261657E-1,-4.534748495E-1
2.711435963E1,-4.955783486E-1,1.089304835E-1,-4.205089808E-1
2.712439962E1,-4.876961708E-1,3.632383943E-1,-3.630800247E-1
2.713444062E1,-4.895763397E-1,4.930209517E-1,-3.041026592E-1
2.714448063E1,-4.846143425E-1,5.295088887E-1,-2.432438433E-1
2.715452063E1,-4.697499275E-1,5.227538943E-1,-1.935627460E-1
2.716456063E1,-4.649003148E-1,4.796402752E-1,-1.222968176E-1
2.717460063E1,-4.669355154E-1,4.348245561E-1,-2.001019008E-2
2.718464163E1,-4.636278749E-1,3.597458005E-1,7.241455466E-2
2.719468162E1,-4.636372030E-1,2.339346856E-1,1.376495212E-1
2.720472163E1,-4.649943411E-1,1.041079760E-1,1.777479351E-1
2.721476163E1,-4.595747888E-1,8.924908005E-3,1.934804469E-1
2.722480163E1,-4.496931434E-1,-5.307428166E-2,1.997825503E-1
2.723484263E1,-4.356031716E-1,-6.932710111E-2,1.928019077E-1
2.724488263E1,-4.381275773E-1,-3.052191809E-2,1.869501472E-1
2.725492262E1,-4.603015780E-1,2.018874884E-2,1.834493726E-1
2.726496263E1,-4.968526661E-1,6.537326425E-2,1.655273736E-1
2.727500263E1,-5.631003976E-1,1.152198017E-1,1.417428553E-1
2.728504263E1,-6.123534441E-1,1.616733074E-1,1.402477473E-1
2.729508363E1,-6.164246202E-1,2.124222070E-1,1.764537990E-1
2.730512363E1,-5.683337450E-1,2.632142901E-1,1.868249476E-1
2.731516362E1,-5.108619332E-1,3.550592661E-1,8.944965154E-2
2.732520363E1,-4.880838990E-1,4.097432792E-1,-3.259875625E-2
2.733524363E1,-4.933809638E-1,3.294609487E-1,-1.147847846E-1
2.734528463E1,-4.958606362E-1,1.349013001E-1,-1.659808606E-1
2.735532463E1,-4.734687805E-1,-9.714352340E-2,-2.294225842E-1
2.736536463E1,-4.243981838E-1,-2.953202426E-1,-3.107645810E-1
2.737540462E1,-3.656352460E-1,-4.474093914E-1,-3.652234674E-1
2.738544463E1,-2.997510433E-1,-5.510590672E-1,-3.436785042E-1
2.739548563E1,-2.074954212E-1,-5.962033868E-1,-2.652994692E-1
2.740552563E1,-6.867070496E-2,-4.752732217E-1,-2.212401330E-1
2.741556563E1,6.010352075E-2,-2.757424414E-1,-2.566366196E-1
2.742560563E1,1.581635028E-1,-1.004441306E-1,-3.497095704E-1
2.743564562E1,2.362039834E-1,5.567137897E-2,-3.856592774E-1
2.744568563E1,2.891588211E-1,2.462098897E-1,-3.869650066E-1
2.745572663E1,3.485622108E-1,3.930978179E-1,-4.149969816E-1
2.746576663E1,3.803579807E-1,4.256035686E-1,-4.705252349E-1
2.747580663E1,3.094848692E-1,3.158548772E-1,-5.224401951E-1
2.748584663E1,1.672440767E-1,1.561166197E-1,-5.226857066E-1
2.749588662E1,7.407048345E-2,1.257182807E-1,-4.953094423E-1
2.750592762E1,3.966350853E-2,1.623689681E-1,-3.986148536E-1
2.751596763E1,-1.022549532E-2,1.026528850E-1,-2.444731295E-1
2.752600763E1,-9.287616611E-2,-4.232161492E-2,-9.578219801E-2
2.753604763E1,-1.579712927E-1,-2.606019080E-1,2.154514380E-2
2.754608762E1,-1.679573506E-1,-5.181024075E-1,1.242627278E-1
2.755612863E1,-1.141122133E-1,-7.095469236E-1,2.439893633E-1
2.756616862E1,-5.661100149E-3,-7.335609198E-1,3.924438357E-1
2.757620863E1,1.505996287E-1,-6.642814875E-1,5.147162676E-1
2.758624863E1,2.820652127E-1,-5.721611381E-1,5.879257321E-1
2.759628863E1,3.608564734E-1,-4.223700762E-1,6.558206677E-1
2.760632862E1,4.154302180E-1,-2.499932200E-1,6.956341267E-1
2.761636963E1,4.534353614E-1,-1.487343460E-1,6.798061728E-1
2.762640962E1,4.984787405E-1,-8.902014047E-2,6.541056037E-1
2.763644963E1,5.489203334E-1,-6.561372429E-2,6.499881148E-1
2.764648963E1,6.152301431E-1,-2.668309584E-2,6.572175026E-1
2.765652963E1,6.737158298E-1,1.731383801E-2,6.624991298E-1
2.766657063E1,7.103492022E-1,7.974499464E-2,6.362257004E-1
2.767661062E1,7.324963212E-1,1.296339631E-1,5.972306132E-1
2.768665063E1,7.352135181E-1,1.672553718E-1,5.594462156E-1
2.769669063E1,7.067185044E-1,2.176004797E-1,4.958947897E-1
2.770673063E1,6.674776077E-1,2.749788165E-1,4.080802500E-1
2.771677063E1,6.228609085E-1,2.814801633E-1,3.070084155E-1
2.772681163E1,5.873015523E-1,2.801243365E-1,2.028335333E-1
2.773685162E1,5.458468199E-1,2.816870213E-1,1.243028119E-1
2.774689163E1,4.947013259E-1,2.883534431E-1,7.336239517E-2
2.775693163E1,4.585720897E-1,3.273173869E-1,2.598429285E-2
2.776697163E1,4.305835962E-1,3.633363843E-1,-1.134683285E-2
2.777701263E1,4.027005732E-1,3.724784851E-1,-4.067135230E-2
2.778705263E1,3.821398914E-1,3.272196651E-1,-6.455112249E-2
2.779709262E1,3.506184220E-1,2.278040349E-1,-6.096368656E-2
2.780713263E1,3.195313811E-1,1.059114113E-1,-6.254266948E-2
2.781717263E1,2.907846868E-1,-7.770590950E-3,-8.864801377E-2
2.782721263E1,2.493980825E-1,-9.898518771E-2,-1.337153465E-1
2.783725363E1,2.108419091E-1,-1.503444612E-1,-1.688386649E-1
2.784729363E1,1.845586449E-1,-1.498461813E-1,-1.856019348E-1
2.785733362E1,1.767957807E-1,-1.298635900E-1,-1.999242157E-1
2.786737363E1,1.647875756E-1,-9.530455619E-2,-2.026662081E-1
2.787741363E1,1.351018846E-1,-5.338859186E-2,-1.868023276E-1
2.788745463E1,1.062862203E-1,1.326420344E-2,-1.606642008E-1
2.789749463E1,1.015835926E-1,1.066958830E-1,-1.329928190E-1
2.790753463E1,1.319018155E-1,2.388291508E-1,-1.039659455E-1
2.791757462E1,1.872201860E-1,3.631849587E-1,-9.244371951E-2
2.792761463E1,2.616006732E-1,4.071167409E-1,-7.683946192E-2
2.793765463E1,3.371372223E-1,3.467481136E-1,-8.861199766E-2
2.794769563E1,4.219274819E-1,2.712674737E-1,-1.026359424E-1
2.795773563E1,5.060226917E-1,1.656835228E-1,-1.119977534E-1
2.796777563E1,5.738307834E-1,3.658166900E-2,-8.694046736E-2
2.797781562E1,6.130934954E-1,-6.084632874E-2,-1.968492381E-2
2.798785563E1,6.257210970E-1,-4.223935306E-2,1.025616229E-1
2.799789663E1,5.894595385E-1,1.149382591E-1,2.957232893E-1
2.800793663E1,5.256954432E-1,3.932614923E-1,5.450886488E-1
2.801797679E1,5.161453485E-1,7.167378068E-1,7.891523242E-1
2.802801679E1,5.464047194E-1,9.735959768E-1,9.308513999E-1
2.803805679E1,4.948935807E-1,9.940566421E-1,9.677976370E-1
2.804809679E1,2.744680047E-1,7.857900262E-1,1.007425904E0
2.805813779E1,3.257339075E-2,4.974167049E-1,1.058717728E0
2.806817779E1,-6.933087111E-2,1.345913708E-1,1.026378155E0
2.807821779E1,-4.987969622E-2,-4.114405215E-1,8.601059318E-1
2.808825779E1,-2.722924761E-2,-9.430304170E-1,6.913927794E-1
2.809829779E1,-5.471949652E-2,-1.282952785E0,5.531103611E-1
2.810833879E1,-1.030177847E-1,-1.227364540E0,4.004617631E-1
2.811837879E1,-1.108892784E-1,-9.280999899E-1,1.920396239E-1
2.812841879E1,-5.979067460E-2,-6.104634404E-1,-7.327539474E-2
2.813845879E1,3.535847738E-2,-3.097966313E-1,-3.397809863E-1
2.814849879E1,1.283728331E-1,5.444870144E-2,-5.076563358E-1
2.815853879E1,1.398673207E-1,4.008372426E-1,-5.978392363E-1
2.816857979E1,6.729058921E-2,5.766490102E-1,-6.865565777E-1
2.817861979E1,-2.648864500E-2,6.361913681E-1,-7.205623984E-1
2.818865979E1,-1.500886232E-1,5.849433541E-1,-6.941654086E-1
2.819869979E1,-2.883079648E-1,4.692030847E-1,-6.522856355E-1
2.820873979E1,-3.962381780E-1,2.987535894E-1,-6.238840818E-1
2.821877979E1,-4.688024223E-1,9.875958413E-2,-6.227729917E-1
2.822882079E1,-4.940662384E-1,-1.106953695E-1,-6.273834705E-1
2.823886079E1,-4.916680157E-1,-2.823467851E-1,-6.322987080E-1
2.824890079E1,-4.544207752E-1,-4.332968891E-1,-6.284046173E-1
2.825894079E1,-3.948158026E-1,-5.292764902E-1,-6.274750233E-1
2.826898079E1,-3.272679150E-1,-5.864865184E-1,-5.950528979E-1
2.827902179E1,-2.803499401E-1,-6.667023301E-1,-5.358983874E-1
2.828906179E1,-2.361366749E-1,-7.054145932E-1,-4.711907506E-1
2.829910179E1,-1.739526540E-1,-6.782094240E-1,-4.135994911E-1
2.830914179E1,-7.194826007E-2,-6.041780710E-1,-3.622609377E-1
2.831918179E1,4.440790415E-2,-4.860869050E-1,-3.269293308E-1
2.832922179E1,1.618370712E-1,-2.945994735E-1,-2.994782627E-1
2.833926279E1,2.688191533E-1,-4.325395450E-2,-2.699150443E-1
2.834930279E1,3.448279202E-1,1.618411392E-1,-2.513299286E-1
2.835934279E1,3.882510066E-1,3.275350630E-1,-2.120389938E-1
2.836938279E1,4.166027606E-1,4.080546796E-1,-1.589619219E-1
2.837942279E1,4.405438006E-1,4.206025898E-1,-1.037380174E-1
2.838946279E1,4.662041664E-1,3.848941326E-1,-4.360143840E-2
2.839950379E1,4.764346778E-1,3.269739151E-1,4.052401986E-3
2.840954379E1,4.590282440E-1,2.638487220E-1,4.782091826E-2
2.841958379E1,4.198126793E-1,1.958036274E-1,8.670333773E-2
2.842962379E1,3.728246689E-1,1.315828264E-1,1.220549420E-1
2.843966379E1,3.330966830E-1,5.483038723E-2,1.546291411E-1
2.844970479E1,3.190400004E-1,-1.179977041E-2,1.654010862E-1
2.845974479E1,3.187856674E-1,-5.136499181E-2,1.607088447E-1
2.846978479E1,2.812843621E-1,-5.086298659E-2,1.458902210E-1
2.847982479E1,2.526271939E-1,1.789476164E-2,1.452103257E-1
2.848986479E1,2.420261949E-1,1.184927374E-1,1.562265009E-1
2.849990479E1,2.443295419E-1,2.075277269E-1,1.707799137E-1
2.850994579E1,2.531195581E-1,2.799886167E-1,1.671726704E-1
2.851998579E1,2.238631546E-1,3.501432538E-1,1.660156697E-1
2.853002579E1,1.673069298E-1,4.097993970E-1,2.117549330E-1
2.854006579E1,1.099248603E-1,4.071986675E-1,2.626040876E-1
2.855010579E1,4.637144879E-2,3.386885822E-1,2.645945251E-1
2.856014679E1,-3.263494000E-2,1.901958436E-1,1.864755601E-1
2.857018679E1,-9.085217118E-2,-6.284840405E-2,6.627643853E-2
2.858022679E1,-1.091763228E-1,-3.589382768E-1,-7.361423224E-2
2.859026679E1,-1.106269509E-1,-6.322566867E-1,-1.902910471E-1
2.860030679E1,-1.264737993E-1,-8.427579403E-1,-2.643497288E-1
2.861034679E1,-1.524129957E-1,-9.212402701E-1,-3.139029145E-1
2.862038779E1,-1.603873074E-1,-8.003588915E-1,-3.139632344E-1
2.863042779E1,-1.256801933E-1,-5.351887345E-1,-2.839933634E-1
2.864046779E1,-6.416676193E-2,-2.845890820E-1,-3.013079464E-1
2.865050779E1,3.056507371E-2,-1.570115983E-2,-4.199536443E-1
2.866054779E1,1.415310055E-1,3.293152750E-1,-5.106258392E-1
2.867058779E1,2.553278804E-1,5.844026804E-1,-5.158659220E-1
2.868062879E1,3.512994051E-1,6.301183105E-1,-5.104295611E-1
2.869066879E1,3.995050192E-1,4.807246029E-1,-4.774332643E-1
2.870070879E1,3.690067530E-1,2.995294631E-1,-3.997970521E-1
2.871074879E1,3.228930533E-1,1.841655821E-1,-3.187647760E-1
2.872078879E1,2.985213995E-1,1.115004420E-1,-2.525130510E-1
2.873082979E1,2.683800161E-1,6.457607448E-2,-1.978766918E-1
2.874086979E1,2.078319788E-1,2.234251983E-2,-1.488082558E-1
2.875090979E1,1.395410597E-1,-6.040456146E-2,-6.668648869E-2
2.876094979E1,1.081519872E-1,-2.223507464E-1,7.050120085E-2
2.877098979E1,1.143014878E-1,-4.676395953E-1,1.989427954E-1
2.878102979E1,1.495724171E-1,-6.924855709E-1,3.018054366E-1
2.879107079E1,2.337679863E-1,-8.167244196E-1,4.262307286E-1
2.880111079E1,3.647094667E-1,-7.980397940E-1,5.725674033E-1
2.881115079E1,4.766117632E-1,-6.596542597E-1,6.680401564E-1
2.882119079E1,5.686000586E-1,-4.538972378E-1,7.019894719E-1
2.883123079E1,6.273781657E-1,-2.635616362E-1,7.048342824E-1
2.884127179E1,6.687663198E-1,-1.058816314E-1,7.289398313E-1
2.885131179E1,7.031703591E-1,-2.453190647E-2,7.448996305E-1
2.886135179E1,7.337315083E-1,4.148700088E-2,7.454960942E-1
2.887139179E1,7.736133933E-1,7.930202782E-2,7.332223654E-1
2.888143179E1,8.328197002E-1,9.061598778E-2,7.062892914E-1
2.889147179E1,8.924654722E-1,1.080698147E-1,6.621319056E-1
2.890151279E1,9.146194458E-1,1.274600327E-1,6.156364679E-1
2.891155279E1,8.904757500E-1,1.756504625E-1,5.660154223E-1
2.892159279E1,8.382608294E-1,2.526846230E-1,4.736407697E-1
2.893163279E1,7.589031458E-1,3.077246845E-1,3.648229539E-1
2.894167279E1,6.700683236E-1,2.941858470E-1,2.556173801E-1
2.895171279E1,5.919743180E-1,2.646583021E-1,1.581486166E-1
2.896175379E1,5.279287696E-1,2.437274009E-1,8.218535036E-2
2.897179379E1,4.578298628E-1,2.442765385E-1,9.630725719E-3
2.898183379E1,3.841122091E-1,2.653557658E-1,-2.834697627E-2
2.899187379E1,3.131773174E-1,2.751703262E-1,-4.984880984E-2
2.900191379E1,2.504023314E-1,2.605857849E-1,-6.121473014E-2
2.901195463E1,2.022454590E-1,2.200210541E-1,-6.969636679E-2
2.902199463E1,1.576769352E-1,1.491568536E-1,-8.481059223E-2
2.903203463E1,1.188392565E-1,7.884008437E-2,-1.190436631E-1
2.904207463E1,9.377652407E-2,2.184272557E-2,-1.572404206E-1
2.905211462E1,8.320111036E-2,5.371710286E-4,-1.870574355E-1
2.906215463E1,8.117899299E-2,1.802691445E-2,-2.061901838E-1
2.907219563E1,9.438108653E-2,5.135850608E-2,-2.151882052E-1
2.908223563E1,1.062915027E-1,9.235036373E-2,-2.275683135E-1
2.909227563E1,1.159491912E-1,1.463901699E-1,-2.373114973E-1
2.910231563E1,1.277725846E-1,2.004761994E-1,-2.167359293E-1
2.911235562E1,1.543621272E-1,2.292636335E-1,-1.807092279E-1
2.912239662E1,2.091132253E-1,2.372326702E-1,-1.473649740E-1
2.913243663E1,2.819592059E-1,2.433589995E-1,-1.213448197E-1
2.914247663E1,3.456963897E-1,2.440144420E-1,-9.543397278E-2
2.915251663E1,3.824890256E-1,2.295612097E-1,-6.887053698E-2
2.916255663E1,3.971531689E-1,1.781598330E-1,-2.728992514E-2
2.917259662E1,4.067000747E-1,6.998117268E-2,4.213229194E-2
2.918263762E1,4.189378619E-1,-7.226596028E-2,1.203150526E-1
2.919267763E1,4.356537163E-1,-2.070293576E-1,1.990953684E-1
2.920271763E1,4.515061677E-1,-2.986462712E-1,2.775599062E-1
2.921275763E1,4.360819459E-1,-2.848332524E-1,3.874605894E-1
2.922279762E1,3.949204087E-1,-1.047908813E-1,4.831827283E-1
2.923283763E1,3.661438823E-1,2.345720083E-1,5.545070171E-1
2.924287862E1,2.914342284E-1,5.160465837E-1,6.203742027E-1
2.925291863E1,1.473665237E-1,6.619217992E-1,7.196251750E-1
2.926295863E1,-1.997506805E-2,6.540582180E-1,8.251236081E-1
2.927299863E1,-1.650960445E-1,4.740533233E-1,8.418330550E-1
2.928303862E1,-2.261910588E-1,1.520435959E-1,7.850390673E-1
2.929307963E1,-1.816888452E-1,-2.351557761E-1,6.759716868E-1
2.930311962E1,-9.841980785E-2,-5.831347704E-1,5.440848470E-1
2.931315963E1,-3.578652069E-2,-8.050775528E-1,3.972581029E-1
2.932319963E1,2.539481595E-2,-7.814636827E-1,2.463936508E-1
2.933323963E1,1.095131561E-1,-5.779068470E-1,7.315875590E-2
2.934327962E1,2.156028301E-1,-3.299132288E-1,-1.126690879E-1
2.935332062E1,2.881103456E-1,-1.222364753E-1,-2.432659864E-1
2.936336063E1,3.197995424E-1,-7.976591587E-5,-3.288172185E-1
2.937340063E1,2.902243435E-1,6.982102245E-2,-4.015651941E-1
2.938344063E1,1.970144957E-1,1.308852434E-1,-4.343554676E-1
2.939348063E1,8.050413430E-2,1.796908677E-1,-4.413936734E-1
2.940352163E1,-4.163937643E-2,2.083875835E-1,-4.490222931E-1
2.941356162E1,-1.408202797E-1,2.513571382E-1,-4.685227573E-1
2.942360163E1,-2.157807797E-1,2.207559049E-1,-4.967753589E-1
2.943364163E1,-2.767200470E-1,1.592382193E-1,-5.077385902E-1
2.944368163E1,-3.547277749E-1,1.072328165E-1,-5.288729668E-1
2.945372163E1,-4.480555952E-1,1.326264348E-2,-5.584383607E-1
2.946376263E1,-5.278622508E-1,-1.264521480E-1,-5.911036134E-1
2.947380262E1,-5.821939111E-1,-2.280906290E-1,-6.277689338E-1
2.948384263E1,-6.000408530E-1,-2.842900455E-1,-6.284840107E-1
2.949388263E1,-6.049562097E-1,-3.230100274E-1,-6.054556370E-1
2.950392263E1,-6.039348841E-1,-3.625134230E-1,-5.712543726E-1
2.951396363E1,-5.913267136E-1,-4.404404461E-1,-5.279532671E-1
2.952400363E1,-5.551519394E-1,-4.496904910E-1,-4.952374995E-1
2.953404362E1,-4.976830482E-1,-3.712100685E-1,-4.570320547E-1
2.954408363E1,-4.241291881E-1,-2.410200685E-1,-4.048646688E-1
2.955412363E1,-3.494983613E-1,-6.779474765E-2,-3.412659764E-1
2.956416363E1,-2.725561857E-1,1.236849278E-1,-2.778474987E-1
2.957420463E1,-2.097918838E-1,2.674551606E-1,-2.252085507E-1
2.958424463E1,-1.621007621E-1,3.343911767E-1,-1.898486018E-1
2.959428462E1,-1.226606891E-1,3.217536807E-1,-1.543084532E-1
2.960432463E1,-9.093125910E-2,2.373309731E-1,-1.194940358E-1
2.961436463E1,-6.449113041E-2,1.562648863E-1,-8.778590709E-2
2.962440463E1,-5.073297769E-2,7.328476012E-2,-4.982909560E-2
2.963444563E1,-5.513358489E-2,-8.467630483E-3,-7.186559029E-3
2.964448563E1,-6.925420463E-2,-8.417313546E-2,2.812878788E-2
2.965452562E1,-7.046514750E-2,-1.382893622E-1,5.418089405E-2
2.966456563E1,-5.298919231E-2,-1.209718958E-1,6.173771247E-2
2.967460563E1,-2.157640830E-2,-6.331472099E-2,5.312931165E-2
2.968464663E1,-9.899279103E-3,3.331421874E-3,3.674739227E-2
2.969468663E1,-1.900356263E-2,7.185721397E-2,2.725801617E-2
2.970472663E1,-4.906159639E-2,1.597023904E-1,2.805509977E-2
2.971476662E1,-1.063957214E-1,2.387561947E-1,4.363033175E-2
2.972480663E1,-1.571227908E-1,3.101615310E-1,6.265233457E-2
2.973484663E1,-1.903790236E-1,3.845332265E-1,6.674827635E-2
2.974488763E1,-2.172628343E-1,4.508618712E-1,6.937000155E-2
2.975492763E1,-2.377452105E-1,4.868723452E-1,8.555243164E-2
2.976496763E1,-2.613352239E-1,4.694415927E-1,8.912403882E-2
2.977500762E1,-2.989694178E-1,3.816055059E-1,7.198260725E-2
2.978504763E1,-3.306072354E-1,1.842661947E-1,1.962708496E-2
2.979508863E1,-3.514765501E-1,-1.157639325E-1,-6.438792497E-2
2.980512863E1,-3.667082489E-1,-4.133929014E-1,-1.517829597E-1
2.981516863E1,-4.040241838E-1,-6.717834473E-1,-2.117086053E-1
2.982520862E1,-4.426533580E-1,-8.490633368E-1,-2.470067590E-1
2.983524863E1,-4.449977279E-1,-8.593101501E-1,-2.559054196E-1
2.984528863E1,-4.166582525E-1,-6.992582083E-1,-2.681492567E-1
2.985532963E1,-3.727595210E-1,-5.059758425E-1,-3.068242073E-1
2.986536963E1,-3.431954980E-1,-3.629906476E-1,-3.976107240E-1
2.987540963E1,-2.690211236E-1,-1.603568494E-1,-5.273961425E-1
2.988544962E1,-1.540924013E-1,1.316840947E-1,-5.775536895E-1
2.989548963E1,-6.357634813E-2,2.698843181E-1,-5.775555968E-1
2.990553062E1,-3.794768080E-2,1.793195009E-1,-5.419120193E-1
2.991557063E1,-9.999534488E-2,-6.431793422E-2,-4.483962357E-1
2.992561063E1,-1.763593554E-1,-3.195383251E-1,-3.514183164E-1
2.993565063E1,-2.020860314E-1,-4.016260207E-1,-3.036982119E-1
2.994569062E1,-2.048671693E-1,-3.087616265E-1,-2.553553581E-1
2.995573063E1,-2.488079816E-1,-1.570988744E-1,-2.066136748E-1
2.996577163E1,-2.944455445E-1,-3.677220643E-2,-1.677284986E-1
2.997581163E1,-3.172512352E-1,2.059867792E-2,-1.298125386E-1
2.998585163E1,-3.025228977E-1,-9.568044916E-3,-8.603894711E-2
2.999589163E1,-2.256888151E-1,-1.034995988E-1,2.222680673E-2
3.000593162E1,-1.070718765E-1,-1.444976479E-1,1.902354360E-1
3.001597229E1,2.129487693E-2,-1.264243722E-1,3.727900684E-1
3.002601329E1,1.268308759E-1,-3.689435497E-2,5.506094098E-1
3.003605329E1,1.774802059E-1,4.199566320E-2,7.270622253E-1
3.004609329E1,2.005977929E-1,-1.004475448E-2,8.309150338E-1
3.005613329E1,2.369827032E-1,-1.624452174E-1,8.668080568E-1
3.006617329E1,2.890557647E-1,-3.019425869E-1,8.969233036E-1
3.007621429E1,3.287136853E-1,-3.999618292E-1,9.279515147E-1
3.008625429E1,3.507127166E-1,-4.394257069E-1,9.400031567E-1
3.009629429E1,3.579645157E-1,-3.966875672E-1,9.199692607E-1
3.010633429E1,3.445613682E-1,-2.975238860E-1,8.746489882E-1
3.011637429E1,3.170847297E-1,-1.777290404E-1,8.413000703E-1
3.012641529E1,2.706940472E-1,-1.242222786E-1,8.040496707E-1
3.013645529E1,2.169506848E-1,-1.086334661E-1,7.370868921E-1
3.014649529E1,1.753637940E-1,-2.627739869E-2,6.336494088E-1
3.015653529E1,1.400755793E-1,1.062918305E-1,4.772092402E-1
3.016657529E1,1.122447625E-1,3.019523621E-1,3.139982522E-1
3.017661529E1,9.455072135E-2,4.530963302E-1,1.825741976E-1
3.018665629E1,7.047760487E-2,5.644832850E-1,8.309873939E-2
3.019669629E1,5.311299488E-2,6.366192698E-1,-1.410371531E-2
3.020673629E1,4.398742318E-2,6.752926111E-1,-8.563577384E-2
3.021677629E1,2.498203702E-2,6.885905862E-1,-1.297606230E-1
3.022681629E1,-1.487152185E-3,6.604608297E-1,-1.445536911E-1
3.023685729E1,-3.981376812E-2,5.680419803E-1,-1.396806389E-1
3.024689729E1,-8.945933729E-2,4.284087121E-1,-1.310431361E-1
3.025693729E1,-1.443364322E-1,2.735464275E-1,-1.122574583E-1
3.026697729E1,-1.787748486E-1,1.160029918E-1,-9.013129026E-2
3.027701729E1,-1.885856688E-1,-6.686978042E-3,-6.878951192E-2
3.028705729E1,-1.624864042E-1,-8.734697104E-2,-5.195387080E-2
3.029709829E1,-1.054715887E-1,-1.389052421E-1,-5.283617601E-2
3.030713829E1,-2.620660514E-2,-1.573619097E-1,-7.477536052E-2
3.031717829E1,6.940673292E-2,-1.327798665E-1,-1.052752137E-1
3.032721829E1,1.647572368E-1,-9.660135955E-2,-1.393405944E-1
3.033725829E1,2.498678714E-1,-5.695302412E-2,-1.774030179E-1
3.034729929E1,3.254931271E-1,2.998281503E-3,-2.013871521E-1
3.035733929E1,3.583051264E-1,1.241982132E-1,-1.858345568E-1
3.036737929E1,3.696129024E-1,2.604355812E-1,-9.161645174E-2
3.037741929E1,3.959918022E-1,3.401961923E-1,3.333613276E-2
3.038745929E1,4.050039351E-1,3.486360610E-1,1.186722070E-1
3.039749929E1,3.992277980E-1,2.928433716E-1,1.654852629E-1
3.040754029E1,4.024094939E-1,1.057813838E-1,1.965492219E-1
3.041758029E1,4.291503131E-1,-1.506586522E-1,2.401978970E-1
3.042762029E1,4.416788518E-1,-3.663682342E-1,2.886541486E-1
3.043766029E1,4.401821494E-1,-4.541854560E-1,3.393974900E-1
3.044770029E1,4.217607975E-1,-4.019567370E-1,3.823910654E-1
3.045774129E1,3.605083525E-1,-2.431852221E-1,4.348814189E-1
3.046778129E1,2.329794317E-1,-4.060373083E-2,4.780813158E-1
3.047782129E1,9.069126844E-2,2.061021924E-1,5.427674055E-1
3.048786129E1,-4.355470464E-2,4.126638472E-1,6.050136685E-1
3.049790129E1,-1.725968421E-1,5.050693750E-1,6.313642859E-1
3.050794129E1,-2.608806193E-1,4.866757989E-1,6.371512413E-1
3.051798229E1,-2.693223059E-1,3.718051612E-1,6.149806380E-1
3.052802229E1,-1.899441034E-1,1.698054671E-1,5.473616719E-1
3.053806229E1,-7.644952089E-2,-5.559602380E-2,4.496369362E-1
3.054810229E1,4.738984257E-2,-2.376738042E-1,3.499288857E-1
3.055814229E1,1.924152076E-1,-3.090941906E-1,2.775627971E-1
3.056818229E1,3.304372728E-1,-2.615139484E-1,2.154181600E-1
3.057822329E1,4.695871770E-1,-1.304097325E-1,1.155086085E-1
3.058826329E1,5.649110079E-1,-7.273233961E-3,-3.898175061E-2
3.059830329E1,5.886091590E-1,4.964437708E-2,-1.491609812E-1
3.060834329E1,6.204520464E-1,-4.568045214E-2,-1.823898405E-1
3.061838329E1,6.279403567E-1,-2.389415205E-1,-2.688914537E-1
3.062842429E1,5.903357267E-1,-3.856328428E-1,-3.525969684E-1
3.063846429E1,5.131269097E-1,-3.974240124E-1,-3.875499070E-1
3.064850429E1,4.532271028E-1,-3.115961850E-1,-4.092320204E-1
3.065854429E1,4.116980433E-1,-2.397979200E-1,-4.200178087E-1
3.066858429E1,3.521726727E-1,-1.877262890E-1,-4.447713792E-1
3.067862529E1,2.831501961E-1,-9.577693790E-2,-4.905258119E-1
3.068866529E1,2.491858155E-1,-5.376483500E-2,-5.489908457E-1
3.069870529E1,2.215773612E-1,-3.105685674E-2,-5.961192250E-1
3.070874529E1,1.516321003E-1,-7.775384467E-3,-6.370322704E-1
3.071878529E1,8.464667946E-2,-7.017404586E-2,-6.756070852E-1
3.072882529E1,4.259538278E-2,-9.745801985E-2,-6.790626645E-1
3.073886629E1,2.175295167E-2,-1.236265004E-1,-6.327074170E-1
3.074890629E1,2.108608373E-2,-1.524797827E-1,-5.545148849E-1
3.075894629E1,4.546652362E-2,-1.817812175E-1,-4.625527561E-1
3.076898629E1,8.163861930E-2,-1.678491533E-1,-3.420962393E-1
3.077902629E1,1.149499714E-1,-1.099629402E-1,-2.250476331E-1
3.078906729E1,1.307843477E-1,-1.175716333E-2,-1.093104407E-1
3.079910729E1,1.529732645E-1,1.205143258E-1,-1.626599208E-2
3.080914729E1,1.864995509E-1,2.628790736E-1,6.199569628E-2
3.081918729E1,2.095880955E-1,3.620930016E-1,1.268966645E-1
3.082922729E1,2.180433571E-1,4.135750234E-1,1.734994799E-1
3.083926729E1,2.246482670E-1,4.198270738E-1,2.025979757E-1
3.084930829E1,2.216687053E-1,3.728351891E-1,2.215514779E-1
3.085934829E1,2.192063481E-1,2.792671621E-1,2.518702447E-1
3.086938829E1,2.100200057E-1,1.552695334E-1,2.902200520E-1
3.087942829E1,1.999828219E-1,1.627915539E-2,3.265636861E-1
3.088946829E1,1.988821775E-1,-9.874444455E-2,3.482714295E-1
3.089950929E1,1.949921101E-1,-1.693389863E-1,3.638764918E-1
3.090954929E1,1.908721924E-1,-1.939578950E-1,3.662174046E-1
3.091958929E1,1.846119016E-1,-1.772463024E-1,3.643931448E-1
3.092962929E1,1.829900444E-1,-1.190495715E-1,3.647595942E-1
3.093966929E1,1.674246639E-1,-1.349544339E-2,3.812661469E-1
3.094970929E1,1.245972887E-1,1.142824665E-1,4.251437783E-1
3.095975029E1,8.531645685E-2,2.180488110E-1,4.772573113E-1
3.096979029E1,9.021853656E-2,2.785239816E-1,4.697293639E-1
3.097983029E1,1.157404110E-1,2.820968926E-1,4.000493288E-1
3.098987029E1,1.226563752E-1,2.137115896E-1,2.929663062E-1
3.099991029E1,1.277171820E-1,2.526071668E-2,1.896025985E-1
3.100995029E1,1.363096088E-1,-2.013087422E-1,8.685775101E-2
3.101999079E1,1.347226202E-1,-3.675352633E-1,-2.217552252E-2
3.103003079E1,1.555221826E-1,-3.785531521E-1,-1.230265126E-1
3.104007079E1,2.310140133E-1,-2.707806230E-1,-1.800354719E-1
3.105011079E1,3.118771613E-1,-1.124242991E-1,-2.223503292E-1
3.106015079E1,4.243373871E-1,7.692752033E-2,-3.122797012E-1
3.107019179E1,5.906712413E-1,2.226285785E-1,-3.629024029E-1
3.108023179E1,7.541581988E-1,2.115519643E-1,-3.811703622E-1
3.109027179E1,8.435463905E-1,4.996591061E-2,-3.702895343E-1
3.110031179E1,8.461666703E-1,-2.040056437E-1,-3.049419522E-1
3.111035179E1,8.722882867E-1,-3.691665232E-1,-1.967068911E-1
3.112039179E1,1.006099463E0,-3.864864111E-1,-3.772096708E-2
3.113043279E1,1.125881672E0,-3.375382423E-1,1.447516978E-1
3.114047279E1,1.144249678E0,-2.199354619E-1,3.192079365E-1
3.115051279E1,1.118824601E0,-5.933744088E-2,4.150655270E-1
3.116055279E1,1.128760099E0,1.050238013E-1,4.557719529E-1
3.117059279E1,1.174772620E0,1.726208776E-1,5.253462791E-1
3.118063379E1,1.214903712E0,1.521555483E-1,6.013414264E-1
3.119067379E1,1.297298431E0,9.652042389E-2,6.845448613E-1
3.120071379E1,1.422811270E0,6.385409087E-2,8.249536157E-1
3.121075379E1,1.549358368E0,9.359595180E-2,9.799299240E-1
3.122079379E1,1.642385960E0,4.372425750E-2,1.045984030E0
3.123083379E1,1.709419131E0,-1.887996867E-2,1.074612498E0
3.124087479E1,1.764211774E0,-9.782564640E-2,1.100765824E0
3.125091479E1,1.810301185E0,-1.781415492E-1,1.114506841E0
3.126095479E1,1.850962162E0,-2.215497494E-1,1.106495261E0
3.127099479E1,1.890243411E0,-2.418630868E-1,1.073446631E0
3.128103479E1,1.943780780E0,-2.532254755E-1,9.901409745E-1
3.129107579E1,1.996239185E0,-1.967674941E-1,8.977926970E-1
3.130111579E1,2.029790878E0,-1.009485573E-1,8.308392167E-1
3.131115579E1,2.036858320E0,-6.165181100E-2,7.873112559E-1
3.132119579E1,2.024749279E0,-1.506140549E-2,7.376113534E-1
3.133123579E1,1.999193549E0,8.158801496E-2,6.604714394E-1
3.134127579E1,1.970268607E0,1.972696036E-1,5.654708743E-1
3.135131679E1,1.939556718E0,3.150303960E-1,4.683605433E-1
3.136135679E1,1.904630899E0,4.198468328E-1,3.881056607E-1
3.137139679E1,1.884675622E0,5.121492147E-1,3.263271749E-1
3.138143679E1,1.875963569E0,5.546194911E-1,2.859041393E-1
3.139147679E1,1.845372200E0,5.187641978E-1,2.707788348E-1
3.140151779E1,1.799022555E0,4.038648009E-1,2.574055195E-1
3.141155779E1,1.734344363E0,2.394273132E-1,2.283871323E-1
3.142159779E1,1.653230667E0,5.744765326E-2,2.038770020E-1
3.143163779E1,1.557290554E0,-1.771306098E-1,1.878337562E-1
3.144167779E1,1.479415774E0,-3.819849491E-1,1.647313684E-1
3.145171779E1,1.413373113E0,-4.964776337E-1,1.082942188E-1
3.146175879E1,1.379369497E0,-5.022460818E-1,5.483818427E-2
3.147179879E1,1.379647493E0,-4.379524887E-1,1.350678038E-2
3.148183879E1,1.390005231E0,-2.952573895E-1,-1.542526949E-2
3.149187879E1,1.392260194E0,-8.529311419E-2,-3.922086582E-2
3.150191879E1,1.346980333E0,1.324173808E-1,-6.054959074E-2
3.151195979E1,1.274675965E0,3.378916085E-1,-7.593079656E-2
3.152199979E1,1.236024261E0,5.353162885E-1,-6.726513803E-2
3.153203979E1,1.218411326E0,7.113839388E-1,-3.282577172E-2
3.154207979E1,1.217492819E0,7.988656163E-1,8.077986538E-3
3.155211979E1,1.212405086E0,7.935622334E-1,4.347608611E-2
3.156215979E1,1.182931542E0,7.230994701E-1,7.440337539E-2
3.157220079E1,1.134809136E0,5.894023180E-1,1.058830917E-1
3.158224079E1,1.080494761E0,4.256863594E-1,1.542181373E-1
3.159228079E1,1.037055850E0,2.493523061E-1,2.187871933E-1
3.160232079E1,1.017727137E0,4.787006229E-2,2.833145261E-1
3.161236079E1,1.014021397E0,-1.800680310E-1,3.277072012E-1
3.162240179E1,1.023405552E0,-3.868432939E-1,3.644106090E-1
3.163244179E1,1.044120669E0,-5.667099953E-1,3.899160326E-1
3.164248179E1,1.092267990E0,-6.521820426E-1,3.933688402E-1
3.165252179E1,1.151835799E0,-6.586977243E-1,3.921948373E-1
3.166256179E1,1.225466371E0,-5.628420115E-1,4.095216393E-1
3.167260179E1,1.293062568E0,-3.641546965E-1,4.321505427E-1
3.168264279E1,1.317672849E0,-3.732143715E-2,4.817551076E-1
3.169268279E1,1.286972284E0,3.660401702E-1,5.596101880E-1
3.170272279E1,1.174813747E0,6.720267534E-1,7.094180584E-1
3.171276279E1,1.002856731E0,8.060994744E-1,8.700347543E-1
3.172280279E1,8.027593493E-1,8.191947937E-1,9.988140464E-1
3.173284379E1,6.631353498E-1,6.276850700E-1,1.068607926E0
3.174288379E1,6.777041554E-1,1.911647767E-1,1.046501040E0
3.175292379E1,7.931072116E-1,-3.295984566E-1,9.374517798E-1
3.176296379E1,8.941549659E-1,-6.734210849E-1,7.626541853E-1
3.177300379E1,9.638773203E-1,-7.209006548E-1,5.788151026E-1
3.178304379E1,1.056512117E0,-6.289411783E-1,3.299677670E-1
3.179308479E1,1.180124640E0,-5.485229492E-1,6.208134000E-4
3.180312479E1,1.273207664E0,-4.731784165E-1,-2.720317543E-1
3.181316479E1,1.317167044E0,-3.878901601E-1,-4.190177917E-1
3.182320479E1,1.273627281E0,-3.555572331E-1,-5.018023849E-1
3.183324479E1,1.163892388E0,-3.260541558E-1,-5.449560881E-1
3.184328579E1,1.022441268E0,-1.780487299E-1,-5.422545671E-1
3.185332579E1,8.647140265E-1,-4.086332768E-2,-5.223011374E-1
3.186336579E1,7.634246349E-1,-1.946030185E-2,-5.432565212E-1
3.187340579E1,7.180380225E-1,-5.960286036E-2,-5.581912398E-1
3.188344579E1,6.606756449E-1,-1.407136917E-1,-5.468347073E-1
3.189348579E1,6.041785479E-1,-2.080217004E-1,-5.561800003E-1
3.190352679E1,5.456377268E-1,-2.742608786E-1,-6.106214523E-1
3.191356679E1,4.950163662E-1,-3.183649778E-1,-6.118470430E-1
3.192360679E1,4.605889022E-1,-2.934150994E-1,-5.650020838E-1
3.193364679E1,4.308773279E-1,-2.459646761E-1,-5.074655414E-1
3.194368679E1,4.177317023E-1,-2.379038185E-1,-4.614282250E-1
3.195372779E1,4.157662988E-1,-3.018839955E-1,-4.007459581E-1
3.196376779E1,4.293808937E-1,-3.604024351E-1,-3.294161260E-1
3.197380779E1,4.752022028E-1,-3.201375604E-1,-2.670840323E-1
3.198384779E1,5.310912728E-1,-2.159563154E-1,-1.987372041E-1
3.199388779E1,5.606566072E-1,-1.063949317E-1,-1.342882514E-1
3.200392779E1,5.676128268E-1,1.954941265E-2,-9.190405905E-2
3.201396879E1,5.612508059E-1,1.576004326E-1,-6.250227988E-2
3.202400888E1,5.386536121E-1,2.935732007E-1,-3.174436837E-2
3.203404888E1,5.164220929E-1,4.146804810E-1,4.306900781E-3
3.204408888E1,4.970661998E-1,4.866537452E-1,3.499104455E-2
3.205412887E1,4.650464952E-1,4.818601012E-1,6.285610050E-2
3.206416987E1,4.191498458E-1,3.977889121E-1,7.180698961E-2
3.207420988E1,3.612756133E-1,2.666091919E-1,7.793349773E-2
3.208424988E1,3.014836609E-1,1.211300120E-1,7.499070466E-2
3.209428988E1,2.425374985E-1,-2.664156258E-3,7.974483818E-2
3.210432988E1,1.676163971E-1,-8.504558355E-2,7.748541236E-2
3.211436987E1,8.134358376E-2,-1.343746632E-1,6.646110862E-2
3.212441087E1,-1.567324251E-2,-1.501640081E-1,5.109280720E-2
3.213445088E1,-1.121617258E-1,-1.242195815E-1,3.950285912E-2
3.214449088E1,-1.746812910E-1,-4.828114435E-2,3.763278946E-2
3.215453088E1,-2.041070759E-1,3.517323360E-2,6.344461441E-2
3.216457088E1,-2.331144959E-1,1.023360193E-1,1.079068929E-1
3.217461087E1,-2.519872487E-1,1.614358574E-1,1.359160542E-1
3.218465187E1,-2.758992612E-1,2.157731354E-1,1.015700623E-1
3.219469188E1,-2.890600264E-1,2.594647110E-1,4.159487039E-2
3.220473188E1,-2.699968517E-1,2.339300513E-1,-2.834400162E-2
3.221477188E1,-2.245287448E-1,1.210724637E-1,-1.123780161E-1
3.222481187E1,-1.481072158E-1,-5.257415771E-2,-2.024392039E-1
3.223485288E1,-9.985283017E-2,-2.328062207E-1,-2.913480401E-1
3.224489287E1,-9.612573683E-2,-4.106438756E-1,-3.826952577E-1
3.225493288E1,-5.076361448E-2,-4.795760214E-1,-4.226659834E-1
3.226497288E1,4.725802317E-2,-4.093274176E-1,-4.080295265E-1
3.227501288E1,7.809585333E-2,-2.483348697E-1,-4.023689628E-1
3.228505388E1,1.322464347E-1,-1.452228725E-1,-4.387901127E-1
3.229509388E1,2.818263471E-1,-4.156368598E-2,-5.552023649E-1
3.230513388E1,4.848393798E-1,1.685980707E-1,-6.121433973E-1
3.231517388E1,5.847952366E-1,2.110375911E-1,-5.857650638E-1
3.232521388E1,5.714581609E-1,4.349359870E-2,-5.118495822E-1
3.233525388E1,5.455498695E-1,-5.501944944E-2,-4.982928634E-1
3.234529488E1,5.970479250E-1,-4.016220570E-2,-4.327932298E-1
3.235533487E1,6.392492056E-1,-2.214133553E-2,-2.833335400E-1
3.236537488E1,5.864280462E-1,2.942411974E-2,-1.483232826E-1
3.237541488E1,4.874423444E-1,8.840502799E-2,-3.574926034E-2
3.238545488E1,3.984400332E-1,1.323210895E-1,8.333425224E-2
3.239549588E1,3.365553617E-1,7.023677230E-2,2.011450827E-1
3.240553588E1,3.088683486E-1,-6.796184927E-2,3.355345726E-1
3.241557587E1,3.302316964E-1,-2.270796299E-1,4.799903035E-1
3.242561588E1,4.279318750E-1,-3.646204472E-1,6.718811989E-1
3.243565588E1,5.336804390E-1,-4.536346197E-1,8.590242863E-1
3.244569588E1,6.327334642E-1,-4.648305476E-1,9.585947990E-1
3.245573688E1,7.178036571E-1,-4.545284212E-1,9.761783481E-1
3.246577688E1,7.656925917E-1,-4.450329244E-1,9.971142411E-1
3.247581687E1,7.839671969E-1,-4.407764673E-1,1.003462195E0
3.248585688E1,7.897763848E-1,-3.585060835E-1,9.985070825E-1
3.249589688E1,7.868114710E-1,-2.333615720E-1,9.769748449E-1
3.250593788E1,7.858306170E-1,-9.102280438E-2,9.558543563E-1
3.251597788E1,7.890181541E-1,-1.502374373E-2,9.473924041E-1
3.252601788E1,7.770195603E-1,4.011860117E-2,9.757273793E-1
3.253605787E1,7.537052035E-1,8.229275048E-2,9.463855624E-1
3.254609788E1,7.271745205E-1,1.235744208E-1,8.669427037E-1
3.255613788E1,6.759488583E-1,1.344443411E-1,7.546952367E-1
3.256617888E1,6.166464090E-1,1.117414236E-1,6.116635203E-1
3.257621888E1,5.619695783E-1,1.390170157E-1,4.530516267E-1
3.258625888E1,5.110334158E-1,1.721046567E-1,3.146862984E-1
3.259629887E1,4.659895301E-1,1.756320000E-1,1.934127063E-1
3.260633888E1,4.357836843E-1,1.608687639E-1,9.774556011E-2
3.261637988E1,4.193746150E-1,1.363036931E-1,2.936575375E-2
3.262641988E1,4.004589617E-1,1.147251651E-1,-8.568312041E-3
3.263645988E1,3.643462658E-1,9.336394817E-2,-4.219674319E-2
3.264649988E1,3.111355305E-1,5.210386217E-2,-5.384248123E-2
3.265653987E1,2.552695572E-1,-1.364052668E-2,-5.952790007E-2
3.266657988E1,1.930738240E-1,-8.964049071E-2,-7.422935218E-2
3.267662088E1,1.394798756E-1,-1.488046050E-1,-8.956480771E-2
3.268666088E1,1.020227745E-1,-1.751166284E-1,-1.166265160E-1
3.269670088E1,7.025845349E-2,-1.906487197E-1,-1.417049766E-1
3.270674088E1,6.512253731E-2,-1.807646006E-1,-1.517163664E-1
3.271678087E1,1.034590080E-1,-1.175450310E-1,-1.665432453E-1
3.272682187E1,1.751925796E-1,-1.550308429E-2,-1.911247522E-1
3.273686188E1,2.454230487E-1,9.660629183E-2,-2.228722274E-1
3.274690188E1,2.927674055E-1,2.262015641E-1,-2.562115490E-1
3.275694188E1,3.117370903E-1,3.905541003E-1,-2.399805039E-1
3.276698188E1,3.711008132E-1,4.610117674E-1,-1.534900814E-1
3.277702187E1,4.283185601E-1,3.661671281E-1,-3.738183901E-2
3.278706287E1,4.564642012E-1,1.568924487E-1,9.484677017E-2
3.279710288E1,4.810220301E-1,-1.323516071E-1,2.169371843E-1
3.280714288E1,5.285535455E-1,-3.982328475E-1,3.196531832E-1
3.281718288E1,5.644055605E-1,-4.731907248E-1,4.116556346E-1
3.282722287E1,5.325011611E-1,-3.164035082E-1,5.012723207E-1
3.283726388E1,5.149767399E-1,-2.272175625E-2,5.789354444E-1
3.284730387E1,4.665304124E-1,2.794378400E-1,6.226336360E-1
3.285734388E1,2.808945179E-1,4.889704883E-1,7.415856719E-1
3.286738388E1,5.045546591E-2,5.645914674E-1,8.761424422E-1
3.287742388E1,-1.629380733E-1,5.924929380E-1,9.795442820E-1
3.288746387E1,-2.889271677E-1,4.959845543E-1,9.767242670E-1
3.289750487E1,-2.731364965E-1,1.188890189E-1,8.352931142E-1
3.290754488E1,-9.867732972E-2,-3.293777108E-1,6.601666212E-1
3.291758488E1,7.293249667E-2,-5.619839430E-1,4.924944341E-1
3.292762488E1,1.375066936E-1,-5.119870901E-1,3.082990348E-1
3.293766488E1,2.008872628E-1,-2.998023629E-1,1.184469610E-1
3.294770588E1,3.312380910E-1,-6.188673154E-2,-9.087643027E-2
3.295774587E1,3.972591758E-1,8.319842815E-2,-3.139877021E-1
3.296778588E1,4.069549441E-1,6.788365543E-2,-3.855942488E-1
3.297782588E1,3.579400182E-1,-7.754822075E-2,-4.297352731E-1
3.298786588E1,2.088035196E-1,-2.700263262E-1,-5.147399306E-1
3.299790688E1,3.971144557E-2,-4.591837525E-1,-5.876839757E-1
3.300794688E1,-8.724250644E-2,-5.493999124E-1,-6.384332180E-1
3.301798637E1,-1.639420837E-1,-5.131346583E-1,-6.842982173E-1
3.302802638E1,-2.273093462E-1,-4.001249969E-1,-7.296534181E-1
3.303806638E1,-2.731788158E-1,-3.170489371E-1,-7.939454913E-1
3.304810638E1,-3.032011688E-1,-2.538355887E-1,-8.680444956E-1
3.305814738E1,-3.408774436E-1,-2.220458984E-1,-9.291331768E-1
3.306818737E1,-4.014790058E-1,-2.239133120E-1,-9.616216421E-1
3.307822738E1,-4.590288401E-1,-2.129934281E-1,-9.588707089E-1
3.308826738E1,-4.999600649E-1,-1.834920049E-1,-9.407439232E-1
3.309830738E1,-5.285501480E-1,-1.130694970E-1,-8.882988095E-1
3.310834738E1,-5.636567473E-1,-4.703896493E-2,-7.893049121E-1
3.311838838E1,-5.843540430E-1,-6.449627131E-2,-6.969584227E-1
3.312842837E1,-5.773687959E-1,-1.261881292E-1,-6.229757667E-1
3.313846838E1,-5.535668135E-1,-1.514351219E-1,-5.296935439E-1
3.314850838E1,-5.051878095E-1,-5.999920517E-2,-4.181111157E-1
3.315854838E1,-4.415286779E-1,9.833755344E-2,-2.816515267E-1
3.316858938E1,-3.799851835E-1,2.236944139E-1,-1.790335476E-1
3.317862938E1,-3.156764805E-1,3.528647125E-1,-9.874273837E-2
3.318866937E1,-2.616396248E-1,4.911890328E-1,-3.099591285E-2
3.319870938E1,-2.321946323E-1,5.851384997E-1,2.468194626E-2
3.320874938E1,-2.078386843E-1,6.144106388E-1,7.994812727E-2
3.321878938E1,-1.980486512E-1,5.766398907E-1,1.141680852E-1
3.322883038E1,-2.012007684E-1,4.848799109E-1,1.366957724E-1
3.323887038E1,-2.099548578E-1,3.639409542E-1,1.513088197E-1
3.324891037E1,-2.226882279E-1,2.247899771E-1,1.617241800E-1
3.325895038E1,-2.328119725E-1,9.485074133E-2,1.699340045E-1
3.326899038E1,-2.428347915E-1,-1.588962227E-2,1.667880118E-1
3.327903138E1,-2.505403459E-1,-9.261733294E-2,1.450468749E-1
3.328907138E1,-2.451014072E-1,-1.184100434E-1,1.054722965E-1
3.329911138E1,-2.601154745E-1,-8.848349750E-2,7.197199762E-2
3.330915137E1,-2.931788564E-1,-8.536996320E-3,8.310161531E-2
3.331919138E1,-3.049831390E-1,7.715773582E-2,1.460479349E-1
3.332923238E1,-2.988077998E-1,1.597237140E-1,1.687540561E-1
3.333927238E1,-3.025617599E-1,1.703630388E-1,5.067234114E-2
3.334931238E1,-2.903639376E-1,7.885017246E-2,-1.341276020E-1
3.335935238E1,-2.602979243E-1,-1.491307467E-1,-2.729363143E-1
3.336939237E1,-2.588805854E-1,-4.413982928E-1,-3.649261296E-1
3.337943238E1,-2.664727271E-1,-6.655453444E-1,-4.632803202E-1
3.338947338E1,-2.467853129E-1,-7.249101400E-1,-5.608775020E-1
3.339951338E1,-1.842433661E-1,-5.916962028E-1,-5.753647685E-1
3.340955338E1,-1.490837783E-1,-3.528455198E-1,-5.079412460E-1
3.341959338E1,-1.249334291E-1,-9.225878865E-2,-4.765027463E-1
3.342963337E1,-5.515062064E-2,5.539990962E-2,-5.440154672E-1
3.343967437E1,8.416334540E-2,1.919448078E-1,-6.322380304E-1
3.344971438E1,2.705697119E-1,4.164351821E-1,-6.161645651E-1
3.345975438E1,4.153039753E-1,5.925707817E-1,-6.313092709E-1
3.346979438E1,4.059544206E-1,4.653009772E-1,-6.607462168E-1
3.347983438E1,3.076771200E-1,2.450495809E-1,-6.635217667E-1
3.348987437E1,3.276910186E-1,2.193554044E-1,-6.059762239E-1
3.349991537E1,3.897219002E-1,2.462458163E-1,-4.827220440E-1
3.350995538E1,3.706435561E-1,2.545085549E-1,-3.565129936E-1
3.351999538E1,2.821845412E-1,2.363200486E-1,-2.253820300E-1
3.353003538E1,1.696363986E-1,1.127781346E-1,-7.508946210E-2
3.354007538E1,4.735687003E-2,-1.727914512E-1,1.019724309E-1
3.355011638E1,-2.560495399E-2,-4.662920535E-1,3.075860441E-1
3.356015637E1,-8.534933440E-3,-6.785148978E-1,5.011698604E-1
3.357019638E1,1.140535623E-1,-8.243427277E-1,7.029991150E-1
3.358023638E1,3.035875559E-1,-8.176361918E-1,9.289126992E-1
3.359027638E1,4.508039057E-1,-6.788319349E-1,1.094948411E0
3.360031637E1,5.385957956E-1,-5.309344530E-1,1.169799328E0
3.361035738E1,5.859500170E-1,-4.227291048E-1,1.195150256E0
3.362039737E1,6.339905262E-1,-3.640584052E-1,1.147394776E0
3.363043738E1,7.015804648E-1,-2.057585418E-1,1.115353703E0
3.364047738E1,7.760565877E-1,1.539257448E-2,1.094974995E0
3.365051738E1,8.453722596E-1,1.569441110E-1,1.052906394E0
3.366055838E1,9.160187244E-1,2.121659517E-1,1.000618696E0
3.367059837E1,9.684134722E-1,2.620030046E-1,9.366950989E-1
3.368063838E1,9.759126902E-1,2.919264436E-1,8.659496307E-1
3.369067838E1,9.427614212E-1,2.769685388E-1,7.490693331E-1
3.370071838E1,8.715811968E-1,2.759802043E-1,6.351376772E-1
3.371075838E1,7.761564255E-1,2.944675982E-1,4.932383597E-1
3.372079938E1,6.734194160E-1,3.227813542E-1,3.209489286E-1
3.373083937E1,5.859417319E-1,3.608110249E-1,1.442148834E-1
3.374087938E1,5.069457293E-1,3.921720088E-1,-1.822096109E-2
3.375091938E1,4.453726411E-1,4.187058806E-1,-1.511688828E-1
3.376095938E1,3.943968117E-1,4.249767661E-1,-2.359426916E-1
3.377100038E1,3.347183168E-1,3.808388710E-1,-2.895457447E-1
3.378104038E1,2.653805315E-1,2.874114811E-1,-2.990493476E-1
3.379108037E1,1.835666001E-1,1.702401340E-1,-2.814285457E-1
3.380112038E1,7.900370657E-2,5.022219568E-2,-2.575673759E-1
3.381116038E1,-3.137073293E-2,-8.206500113E-2,-2.358991057E-1
3.382120038E1,-1.102109328E-1,-2.003021389E-1,-2.176947296E-1
3.383124138E1,-1.410114616E-1,-2.732203007E-1,-2.050353885E-1
3.384128138E1,-1.148624420E-1,-2.873221040E-1,-2.050866336E-1
3.385132137E1,-4.569295421E-2,-2.422241271E-1,-2.095703334E-1
3.386136138E1,3.461869061E-2,-1.308452338E-1,-2.209471017E-1
3.387140138E1,1.106772423E-1,4.403431667E-4,-2.444154024E-1
3.388144238E1,1.673351824E-1,1.318303496E-1,-2.814436853E-1
3.389148238E1,2.052551359E-1,2.816734016E-1,-3.278479278E-1
3.390152238E1,2.387153506E-1,4.150319695E-1,-2.788774669E-1
3.391156237E1,3.062523305E-1,4.465169311E-1,-9.662988782E-2
3.392160238E1,3.513183296E-1,3.897316456E-1,7.996123284E-2
3.393164238E1,3.474839032E-1,2.256905138E-1,2.365795970E-1
3.394168338E1,3.457770646E-1,-4.438120872E-2,3.791693449E-1
3.395172338E1,3.495526314E-1,-2.416338325E-1,5.143343210E-1
3.396176338E1,3.399772644E-1,-2.065009773E-1,6.540589929E-1
3.397180337E1,3.463880122E-1,6.569246948E-2,7.298454046E-1
3.398184338E1,3.204906285E-1,3.239567280E-1,7.363463044E-1
3.399188438E1,1.714034230E-1,4.259558022E-1,7.874574065E-1
3.400192438E1,-2.629713900E-2,4.227036536E-1,8.617660403E-1
3.401196438E1,-2.186143845E-1,3.837330937E-1,9.360368252E-1
3.402200467E1,-3.072577417E-1,2.225507647E-1,9.560918212E-1
3.403204467E1,-2.236970365E-1,-1.156147644E-1,8.792284727E-1
3.404208467E1,-2.760528773E-2,-4.117567539E-1,7.723231316E-1
3.405212567E1,7.191172242E-2,-5.473455191E-1,5.855864882E-1
3.406216567E1,4.670144618E-2,-4.140839279E-1,3.815894723E-1
3.407220567E1,6.521999836E-2,-1.480372995E-1,2.126481086E-1
3.408224567E1,1.272127926E-1,7.515719533E-2,3.711807728E-2
3.409228567E1,1.792421639E-1,1.361297369E-1,-9.693825990E-2
3.410232667E1,2.033240646E-1,2.968653105E-2,-2.330156863E-1
3.411236667E1,1.662571281E-1,-1.636581719E-1,-3.707375824E-1
3.412240667E1,6.275629252E-2,-3.913226724E-1,-5.306646824E-1
3.413244667E1,-6.992478669E-2,-5.893971920E-1,-6.545972824E-1
3.414248667E1,-1.893355846E-1,-6.782576442E-1,-7.481905818E-1
3.415252667E1,-2.880328894E-1,-6.259316206E-1,-8.063478470E-1
3.416256767E1,-3.835439384E-1,-4.652270079E-1,-8.549455404E-1
3.417260767E1,-4.751295149E-1,-3.187108040E-1,-9.307753444E-1
3.418264767E1,-5.409200191E-1,-2.844210267E-1,-1.018071532E0
3.419268767E1,-5.964972377E-1,-2.725116313E-1,-1.063454151E0
3.420272767E1,-6.773188710E-1,-2.990878820E-1,-1.057493329E0
3.421276867E1,-7.733069062E-1,-2.890669405E-1,-1.023283362E0
3.422280867E1,-8.418611884E-1,-2.375583351E-1,-9.790481329E-1
3.423284867E1,-8.730105758E-1,-1.831068099E-1,-9.192860126E-1
3.424288867E1,-8.881767392E-1,-1.191579625E-1,-8.378475904E-1
3.425292867E1,-8.892116547E-1,-1.152183488E-1,-7.633041143E-1
3.426296867E1,-8.703750968E-1,-6.798661500E-2,-6.604529619E-1
3.427300967E1,-8.379964232E-1,7.749681920E-2,-5.355048776E-1
3.428304967E1,-7.820780277E-1,2.375655472E-1,-3.793494403E-1
3.429308967E1,-7.066543698E-1,3.856210709E-1,-2.332340479E-1
3.430312967E1,-6.168525815E-1,5.297254920E-1,-1.062235758E-1
3.431316967E1,-5.334274769E-1,6.499326229E-1,-3.296396928E-3
3.432321067E1,-4.705430269E-1,7.148715258E-1,8.733534813E-2
3.433325067E1,-4.132704139E-1,7.073936462E-1,1.513106078E-1
3.434329067E1,-3.582399487E-1,6.511259079E-1,1.920953244E-1
3.435333067E1,-3.120551407E-1,5.651417375E-1,2.030899227E-1
3.436337067E1,-2.742768526E-1,4.525504112E-1,1.903303713E-1
3.437341067E1,-2.342615426E-1,3.211074471E-1,1.753857732E-1
3.438345167E1,-2.107189149E-1,1.672253609E-1,1.727552563E-1
3.439349167E1,-2.152635902E-1,2.393904515E-2,1.708207279E-1
3.440353167E1,-2.378730476E-1,-9.092740715E-2,1.527255476E-1
3.441357167E1,-2.686906457E-1,-1.532147527E-1,1.231833771E-1
3.442361167E1,-2.841689289E-1,-1.274647713E-1,9.156338871E-2
3.443365267E1,-3.030560613E-1,-2.344755270E-2,9.974009544E-2
3.444369267E1,-3.088095188E-1,6.967431307E-2,1.648693681E-1
3.445373267E1,-2.784138024E-1,1.566960216E-1,2.324305624E-1
3.446377267E1,-2.740669847E-1,2.137821019E-1,1.278199106E-1
3.447381267E1,-2.758284211E-1,1.559816450E-1,-9.376735240E-2
3.448385267E1,-2.293996513E-1,-4.872503877E-2,-2.569609880E-1
3.449389367E1,-1.757801026E-1,-3.162970841E-1,-3.431097269E-1
3.450393367E1,-1.341844648E-1,-4.515300989E-1,-4.419564307E-1
3.451397367E1,-4.687432945E-2,-4.029825330E-1,-5.552638173E-1
3.452401367E1,3.929889575E-2,-2.128118277E-1,-6.192371249E-1
3.453405367E1,6.218051165E-2,2.335623279E-2,-5.979829431E-1
3.454409467E1,1.337255538E-1,1.933441609E-1,-6.382220387E-1
3.455413467E1,2.641195059E-1,3.160756826E-1,-7.712088823E-1
3.456417467E1,3.901852965E-1,3.059219718E-1,-8.094182611E-1
3.457421467E1,5.089092851E-1,1.833563596E-1,-7.706274390E-1
3.458425467E1,5.352849960E-1,6.800945103E-2,-7.251161933E-1
3.459429467E1,3.895117939E-1,-2.160627544E-1,-6.065589190E-1
3.460433567E1,2.307594121E-1,-4.238113761E-1,-4.647413790E-1
3.461437567E1,2.258144468E-1,-3.067207038E-1,-3.298674524E-1
3.462441567E1,1.966965348E-1,-1.284884363E-1,-2.208707035E-1
3.463445567E1,6.047211587E-2,-1.328807324E-2,-1.376525164E-1
3.464449567E1,-8.440463990E-2,7.398185134E-2,-2.649137564E-2
3.465453667E1,-1.923308522E-1,4.928422719E-2,8.710043132E-2
3.466457667E1,-2.522197366E-1,-1.090871766E-1,1.841392070E-1
3.467461667E1,-2.346601933E-1,-3.115777075E-1,2.974284589E-1
3.468465667E1,-1.013186425E-1,-4.780344963E-1,4.295760393E-1
3.469469667E1,7.811902463E-2,-5.682221651E-1,5.717864633E-1
3.470473667E1,2.497722805E-1,-6.002089381E-1,7.046253085E-1
3.471477767E1,3.876118958E-1,-5.628029704E-1,8.088076711E-1
3.472481767E1,4.827458560E-1,-4.863440394E-1,8.840841651E-1
3.473485767E1,5.056586266E-1,-4.731470048E-1,9.312601686E-1
3.474489767E1,5.036221147E-1,-4.945262372E-1,9.608972669E-1
3.475493767E1,5.323192477E-1,-4.326024055E-1,1.007931590E0
3.476497867E1,5.781437755E-1,-2.381756902E-1,1.045881152E0
3.477501867E1,6.263304353E-1,-2.391159907E-2,1.058788419E0
3.478505867E1,6.632570624E-1,3.970439360E-2,1.035353303E0
3.479509867E1,6.937726140E-1,8.119834587E-3,1.001979351E0
3.480513867E1,6.895581484E-1,-1.632037573E-2,9.760924578E-1
3.481517867E1,6.601635218E-1,-2.803402394E-2,8.876736164E-1
3.482521967E1,6.305281520E-1,6.614228478E-4,7.324125171E-1
3.483525967E1,5.988320112E-1,5.230996758E-2,5.461899042E-1
3.484529967E1,5.635384321E-1,1.395578980E-1,3.301760554E-1
3.485533967E1,5.344995856E-1,2.354846895E-1,1.335372776E-1
3.486537967E1,5.141831636E-1,3.353949189E-1,-2.959021740E-2
3.487542067E1,4.961570203E-1,4.239332974E-1,-1.635171324E-1
3.488546067E1,4.773755968E-1,4.858158827E-1,-2.656940222E-1
3.489550067E1,4.492712617E-1,4.933643341E-1,-3.270125091E-1
3.490554067E1,3.974738419E-1,4.382625222E-1,-3.585050404E-1
3.491558067E1,3.354144692E-1,3.386613727E-1,-3.551467955E-1
3.492562067E1,2.555342913E-1,2.156842351E-1,-3.298261464E-1
3.493566167E1,1.819644570E-1,7.838924229E-2,-2.881042659E-1
3.494570167E1,1.274431646E-1,-4.696963355E-2,-2.610820234E-1
3.495574167E1,1.013827994E-1,-1.290953904E-1,-2.431320548E-1
3.496578167E1,1.162230223E-1,-1.485983878E-1,-2.201110572E-1
3.497582167E1,1.729448885E-1,-9.339398146E-2,-1.875893325E-1
3.498586267E1,2.375094593E-1,2.769354172E-2,-1.792801917E-1
3.499590267E1,2.985658944E-1,1.408382058E-1,-2.008536607E-1
3.500594267E1,3.415336013E-1,2.443767488E-1,-2.389407009E-1
3.501598267E1,3.848347366E-1,3.514779210E-1,-2.285367996E-1
3.502602242E1,4.333450198E-1,3.653947711E-1,-1.036257371E-1
3.503606242E1,4.440805018E-1,2.791309953E-1,6.752550602E-2
3.504610342E1,4.302666783E-1,1.565231085E-1,2.613146305E-1
3.505614342E1,3.947065473E-1,1.152623165E-2,4.381839335E-1
3.506618342E1,3.546336591E-1,-6.868634373E-2,5.925232768E-1
3.507622342E1,3.074991703E-1,2.680476010E-2,7.332207561E-1
3.508626342E1,2.879313231E-1,3.052212596E-1,8.025014997E-1
3.509630442E1,2.068455368E-1,5.409925580E-1,8.475598097E-1
3.510634442E1,5.676776171E-3,5.852018595E-1,9.227007627E-1
3.511638442E1,-2.541441619E-1,4.776013792E-1,9.997318983E-1
3.512642442E1,-4.788214564E-1,3.891939223E-1,1.084332705E0
3.513646442E1,-5.720739365E-1,2.482884675E-1,1.134175420E0
3.514650442E1,-4.924414158E-1,-1.851144731E-1,1.003015876E0
3.515654542E1,-3.158567846E-1,-6.088780165E-1,8.143745065E-1
3.516658542E1,-2.076083422E-1,-7.092378139E-1,6.283828616E-1
3.517662542E1,-2.115737796E-1,-5.232493281E-1,4.163810909E-1
3.518666542E1,-1.430421472E-1,-2.313862145E-1,2.361945063E-1
3.519670542E1,6.602744106E-3,3.281906247E-2,3.541214019E-2
3.520674642E1,8.939348161E-2,1.598282903E-1,-1.687459797E-1
3.521678642E1,1.370560676E-1,1.678651720E-1,-2.849852443E-1
3.522682642E1,1.182171702E-1,5.317480862E-2,-4.077692032E-1
3.523686642E1,3.208468854E-2,-1.678853929E-1,-5.447382331E-1
3.524690642E1,-7.044570893E-2,-3.961012661E-1,-6.561439633E-1
3.525694642E1,-1.574655622E-1,-5.787467360E-1,-7.260077596E-1
3.526698742E1,-2.202991098E-1,-6.240649819E-1,-7.782854438E-1
3.527702742E1,-2.937014103E-1,-5.469097495E-1,-8.376555443E-1
3.528706742E1,-3.825527430E-1,-4.385259449E-1,-8.938075304E-1
3.529710742E1,-4.641376138E-1,-4.263944626E-1,-9.665650725E-1
3.530714742E1,-5.184755921E-1,-4.604638517E-1,-1.045193195E0
3.531718842E1,-5.624390841E-1,-5.003337860E-1,-1.066922784E0
3.532722842E1,-6.161931753E-1,-5.054566264E-1,-1.036333442E0
3.533726842E1,-6.696742177E-1,-4.091921151E-1,-9.646683931E-1
3.534730842E1,-7.112938762E-1,-3.222501576E-1,-8.929752707E-1
3.535734842E1,-7.127543092E-1,-2.925095856E-1,-8.349832892E-1
3.536738842E1,-7.029706836E-1,-2.229064256E-1,-7.739582658E-1
3.537742942E1,-6.832238436E-1,-1.375997961E-1,-7.033163309E-1
3.538746942E1,-6.427217126E-1,-6.011241674E-2,-5.561031699E-1
3.539750942E1,-5.819169879E-1,2.548264898E-2,-4.080545604E-1
3.540754942E1,-5.144452453E-1,1.590549052E-1,-2.620683610E-1
3.541758942E1,-4.413137734E-1,2.828474343E-1,-1.480091810E-1
3.542763042E1,-3.694725931E-1,4.396531582E-1,-5.457405001E-2
3.543767042E1,-3.107395172E-1,6.144896746E-1,4.674644768E-2
3.544771042E1,-2.646218240E-1,7.340443134E-1,1.469161958E-1
3.545775042E1,-2.313328385E-1,7.788370848E-1,2.115348727E-1
3.546779042E1,-2.116973549E-1,7.117133737E-1,2.422246486E-1
3.547783042E1,-2.004606873E-1,5.696251988E-1,2.467205971E-1
3.548787142E1,-1.923372447E-1,4.289708734E-1,2.413680106E-1
3.549791142E1,-1.898445189E-1,3.017700613E-1,2.322440147E-1
3.550795142E1,-1.930869073E-1,2.066249400E-1,2.161870897E-1
3.551799142E1,-2.172348499E-1,1.438321322E-1,1.764306128E-1
3.552803142E1,-2.568006516E-1,1.120733991E-1,1.239151061E-1
3.553807242E1,-2.957821488E-1,1.088541746E-1,6.867821515E-2
3.554811242E1,-3.322413564E-1,1.353516877E-1,5.085927993E-2
3.555815242E1,-3.960208595E-1,1.728479266E-1,5.329687148E-2
3.556819242E1,-4.554048181E-1,1.868736297E-1,3.376859799E-2
3.557823242E1,-4.510095417E-1,1.656090915E-1,-5.998506024E-2
3.558827242E1,-4.300177097E-1,3.734572232E-2,-2.736567259E-1
3.559831342E1,-3.993389010E-1,-2.204626501E-1,-4.500996768E-1
3.560835342E1,-3.441938758E-1,-4.845972657E-1,-5.563989282E-1
3.561839342E1,-2.273828387E-1,-5.496301055E-1,-6.459652781E-1
3.562843342E1,-7.064622641E-2,-3.914129138E-1,-7.075195909E-1
3.563847342E1,5.729602650E-2,-1.276600957E-1,-7.313285470E-1
3.564851442E1,1.942368299E-1,1.276521236E-1,-7.513695955E-1
3.565855442E1,3.532464504E-1,3.897793591E-1,-8.296351433E-1
3.566859442E1,4.283465445E-1,4.370704293E-1,-7.804542780E-1
3.567863442E1,5.105913281E-1,1.667321473E-1,-6.844561100E-1
3.568867442E1,6.533937454E-1,3.535359353E-2,-6.814634204E-1
3.569871442E1,6.049572825E-1,-6.091701984E-2,-6.049010158E-1
3.570875542E1,3.661489487E-1,-3.360595703E-1,-4.774557352E-1
3.571879542E1,1.842720956E-1,-4.787533283E-1,-3.608390987E-1
3.572883542E1,1.409009099E-1,-3.358446956E-1,-2.668223977E-1
3.573887542E1,7.009464502E-2,-1.614222974E-1,-1.720258296E-1
3.574891542E1,-6.950508803E-2,-3.959432617E-2,-3.963207826E-2
3.575895542E1,-1.933607310E-1,6.957877427E-2,1.148224771E-1
3.576899642E1,-2.514575422E-1,4.748242348E-2,2.413858026E-1
3.577903642E1,-2.770233750E-1,-6.739782542E-2,3.095840514E-1
3.578907642E1,-2.189630121E-1,-1.859108210E-1,4.162009954E-1
3.579911642E1,-7.104519010E-2,-2.536914647E-1,5.365720987E-1
3.580915642E1,1.245775744E-1,-2.767037451E-1,6.543042064E-1
3.581919742E1,2.748136818E-1,-2.452001572E-1,7.648016810E-1
3.582923742E1,3.670501411E-1,-1.812442839E-1,8.438808918E-1
3.583927742E1,4.254503548E-1,-1.249117777E-1,9.129917622E-1
3.584931742E1,4.370531738E-1,-1.154227480E-1,9.725565314E-1
3.585935742E1,4.384135306E-1,-1.573837847E-1,1.001864314E0
3.586939742E1,4.441145658E-1,-1.619657129E-1,1.037657380E0
3.587943842E1,4.702953100E-1,-1.390316337E-1,1.059098244E0
3.588947842E1,5.137160420E-1,-1.360918730E-1,1.032576561E0
3.589951842E1,5.623677373E-1,-1.546349227E-1,9.604027271E-1
3.590955842E1,5.892819166E-1,-1.564858556E-1,9.128736258E-1
3.591959842E1,5.761615634E-1,-1.092842519E-1,8.630062342E-1
3.592963942E1,5.408653617E-1,-7.677256316E-2,7.549261451E-1
3.593967942E1,5.046316981E-1,-3.263093531E-2,6.165527701E-1
3.594971942E1,4.621686935E-1,2.007938735E-2,4.575293958E-1
3.595975942E1,4.371117949E-1,1.172269806E-1,2.817906141E-1
3.596979942E1,4.305281937E-1,2.548687458E-1,1.374104470E-1
3.597983942E1,4.253576696E-1,4.208369255E-1,9.183764458E-3
3.598988042E1,4.125084281E-1,5.896241069E-1,-9.656842798E-2
3.599992042E1,3.990266919E-1,6.952093840E-1,-1.885438859E-1
3.600996042E1,3.763384223E-1,7.401344776E-1,-2.492163479E-1
3.602000129E1,3.464090228E-1,7.204223275E-1,-2.789225876E-1
3.603004129E1,3.014156818E-1,6.334285140E-1,-2.929322124E-1
3.604008229E1,2.287707925E-1,4.846962988E-1,-2.919766605E-1
3.605012229E1,1.336293817E-1,2.959529459E-1,-2.840248048E-1
3.606016229E1,5.606614798E-2,8.838565648E-2,-2.622817159E-1
3.607020229E1,2.847554907E-2,-8.592720330E-2,-2.348660976E-1
3.608024229E1,5.910349637E-2,-2.046298832E-1,-2.014620751E-1
3.609028229E1,1.300695539E-1,-2.313450873E-1,-1.713255793E-1
3.610032329E1,2.052756250E-1,-1.752120405E-1,-1.625206321E-1
3.611036329E1,2.611303926E-1,-1.141216531E-1,-1.833114922E-1
3.612040329E1,2.674018443E-1,-4.849363863E-2,-2.142933756E-1
3.613044329E1,2.539385259E-1,7.766462117E-2,-1.658087969E-1
3.614048329E1,2.637421489E-1,7.545312494E-2,3.669179045E-3
3.615052429E1,2.484169602E-1,-4.504629225E-2,2.369540334E-1
3.616056429E1,2.136627138E-1,-2.105977088E-1,4.339893460E-1
3.617060429E1,1.743094325E-1,-3.925941885E-1,5.515329242E-1
3.618064429E1,1.416590810E-1,-4.681645930E-1,6.314120889E-1
3.619068429E1,9.633848071E-2,-2.479082346E-1,6.932367086E-1
3.620072429E1,1.189093068E-1,2.225878984E-1,7.420977354E-1
3.621076529E1,1.265720129E-1,5.501544476E-1,7.648785114E-1
3.622080529E1,-1.011419389E-2,5.412567854E-1,8.277722597E-1
3.623084529E1,-2.355515659E-1,4.090647101E-1,9.289469719E-1
3.624088529E1,-4.528663158E-1,3.756644130E-1,1.018076539E0
3.625092529E1,-5.505180955E-1,2.844656706E-1,1.033896685E0
3.626096529E1,-4.407822490E-1,-7.135260850E-2,9.144165516E-1
3.627100629E1,-1.742453277E-1,-4.104159176E-1,7.796969414E-1
3.628104629E1,2.523901686E-2,-5.252181888E-1,6.380508542E-1
3.629108629E1,8.629436046E-2,-3.868400156E-1,4.614560604E-1
3.630112629E1,1.590702981E-1,-1.816123128E-1,2.861007452E-1
3.631116629E1,2.555129528E-1,-2.396775596E-2,6.687150896E-2
3.632120629E1,2.789703608E-1,5.305709317E-3,-1.653018147E-1
3.633124729E1,3.105799556E-1,-8.941811323E-2,-2.265733480E-1
3.634128729E1,3.145424724E-1,-3.396239579E-1,-3.083424866E-1
3.635132729E1,2.281495035E-1,-6.470215917E-1,-4.559654593E-1
3.636136729E1,1.046321094E-1,-8.944897056E-1,-5.736473203E-1
3.637140729E1,-2.730517648E-2,-9.946305752E-1,-6.485316753E-1
3.638144829E1,-1.243094802E-1,-9.668008089E-1,-7.270674706E-1
3.639148829E1,-2.024293244E-1,-7.811963558E-1,-7.968006730E-1
3.640152829E1,-2.792937458E-1,-5.797340870E-1,-8.810335398E-1
3.641156829E1,-3.597030938E-1,-4.041475058E-1,-9.602575898E-1
3.642160829E1,-4.443133175E-1,-3.063682020E-1,-1.007494092E0
3.643164829E1,-5.267959833E-1,-2.554318309E-1,-1.032719970E0
3.644168929E1,-6.166936159E-1,-2.244400680E-1,-1.037435889E0
3.645172929E1,-6.858441830E-1,-2.071335912E-1,-1.057542205E0
3.646176929E1,-7.424619198E-1,-1.049733907E-1,-1.041347027E0
3.647180929E1,-7.719215155E-1,2.731169574E-3,-9.436974525E-1
3.648184929E1,-7.736808062E-1,6.462782621E-2,-8.225254416E-1
3.649188929E1,-7.321517467E-1,5.883241072E-2,-6.781427860E-1
3.650193029E1,-6.566761732E-1,1.370063126E-1,-5.140632987E-1
3.651197029E1,-5.723780990E-1,2.616911232E-1,-3.520086706E-1
3.652201029E1,-5.228334665E-1,4.144050479E-1,-1.904000640E-1
3.653205029E1,-5.135571361E-1,5.804549456E-1,-7.845452987E-3
3.654209029E1,-5.086108446E-1,7.197190523E-1,1.562308371E-1
3.655213029E1,-4.904595017E-1,8.520151973E-1,2.964747846E-1
3.656217129E1,-4.470819533E-1,9.057567120E-1,3.945265114E-1
3.657221129E1,-3.626733124E-1,8.755213618E-1,4.505363703E-1
3.658225129E1,-2.577229440E-1,7.791991234E-1,4.450609088E-1
3.659229129E1,-1.579854190E-1,6.578812599E-1,4.124200344E-1
3.660233129E1,-9.976366162E-2,5.241647363E-1,3.559146821E-1
3.661237229E1,-9.807522595E-2,3.385093808E-1,2.754557431E-1
3.662241229E1,-1.399366558E-1,1.353152692E-1,1.604708582E-1
3.663245229E1,-1.665330976E-1,-2.553748339E-2,2.594577335E-2
3.664249229E1,-1.806792766E-1,-8.747674525E-2,-9.014780819E-2
3.665253229E1,-2.183552831E-1,-9.227357060E-2,-1.467464119E-1
3.666257229E1,-2.806482315E-1,-4.497396946E-2,-1.371494532E-1
3.667261329E1,-3.227338791E-1,5.731642619E-2,-9.183344990E-2
3.668265329E1,-3.238710761E-1,1.333773732E-1,-7.447975874E-2
3.669269329E1,-3.581883013E-1,-1.768731046E-3,-2.049301714E-1
3.670273329E1,-4.066972435E-1,-2.622940540E-1,-4.542124569E-1
3.671277329E1,-3.784267306E-1,-5.260198116E-1,-6.263486147E-1
3.672281329E1,-2.993960679E-1,-6.622887254E-1,-7.065942287E-1
3.673285429E1,-1.867409050E-1,-5.869932771E-1,-7.545486689E-1
3.674289429E1,-3.880976513E-2,-3.409095109E-1,-7.728733420E-1
3.675293429E1,1.410295218E-1,-2.327532507E-3,-7.834101319E-1
3.676297429E1,2.910414040E-1,3.022499382E-1,-8.290119767E-1
3.677301429E1,3.547660112E-1,4.708865583E-1,-8.900908232E-1
3.678305429E1,4.260183275E-1,3.942626119E-1,-8.492592573E-1
3.679309529E1,5.580424070E-1,2.863206565E-1,-8.433424234E-1
3.680313529E1,5.319679379E-1,2.126629353E-1,-8.318506479E-1
3.681317529E1,3.145075440E-1,-1.326366812E-1,-6.988552809E-1
3.682321529E1,1.452452838E-1,-3.944331110E-1,-5.426774025E-1
3.683325529E1,1.186517626E-1,-3.526602983E-1,-3.788567781E-1
3.684329529E1,6.366014481E-2,-1.970030516E-1,-2.231710553E-1
3.685333629E1,-1.120597571E-1,-7.954166830E-2,-8.386501670E-2
3.686337629E1,-3.008179367E-1,3.496360034E-2,9.019520134E-2
3.687341629E1,-4.081217945E-1,5.694589391E-2,2.789616287E-1
3.688345629E1,-4.565780163E-1,-7.573226094E-2,3.942951262E-1
3.689349629E1,-4.355070591E-1,-2.858867943E-1,5.091268420E-1
3.690353629E1,-3.017553687E-1,-4.568103254E-1,6.156352162E-1
3.691357729E1,-1.226176023E-1,-5.436077118E-1,7.028616071E-1
3.692361729E1,3.808499128E-2,-5.287432671E-1,7.646437287E-1
3.693365729E1,1.710204333E-1,-4.830129147E-1,7.994701266E-1
3.694369729E1,2.612632513E-1,-4.090846181E-1,8.483460546E-1
3.695373729E1,3.008809388E-1,-3.795628846E-1,8.924336433E-1
3.696377729E1,3.347994685E-1,-3.495647609E-1,9.107447863E-1
3.697381829E1,3.961342275E-1,-2.098367810E-1,9.329767227E-1
3.698385829E1,4.333636463E-1,-8.357658237E-2,9.254695773E-1
3.699389829E1,4.713900685E-1,-7.920122705E-3,8.990017176E-1
3.700393829E1,5.114032626E-1,4.096725583E-2,8.656554818E-1
3.701397829E1,5.382553935E-1,5.787806585E-2,8.169190884E-1
3.702401738E1,5.451574922E-1,1.091577634E-1,7.537366748E-1
3.703405838E1,5.364865065E-1,1.180191860E-1,6.460776329E-1
3.704409838E1,5.222409964E-1,9.390186518E-2,4.904944003E-1
3.705413838E1,5.090900660E-1,8.573400974E-2,3.183164001E-1
3.706417838E1,4.940927625E-1,1.315430403E-1,1.407019347E-1
3.707421837E1,4.757291675E-1,2.129126191E-1,-3.417198360E-2
3.708425838E1,4.376291931E-1,3.103441000E-1,-1.779762954E-1
3.709429938E1,3.889330328E-1,3.880411983E-1,-2.829625607E-1
3.710433938E1,3.412824273E-1,3.963966072E-1,-3.498337269E-1
3.711437938E1,3.037880659E-1,3.194348514E-1,-3.817969263E-1
3.712441938E1,2.544268966E-1,1.933522969E-1,-3.784490526E-1
3.713445937E1,1.969734728E-1,3.823833540E-2,-3.530760705E-1
3.714449938E1,1.316383928E-1,-9.832136333E-2,-3.327431977E-1
3.715454038E1,7.637087256E-2,-2.323940843E-1,-2.999876142E-1
3.716458038E1,5.257419124E-2,-3.453155756E-1,-2.570838332E-1
3.717462038E1,8.002741635E-2,-4.190571606E-1,-2.113538980E-1
3.718466038E1,1.407509446E-1,-3.967028558E-1,-1.761543602E-1
3.719470037E1,2.089890987E-1,-2.815886438E-1,-1.800080389E-1
3.720474038E1,2.561379969E-1,-1.342886984E-1,-2.257787287E-1
3.721478138E1,2.672966421E-1,1.647060551E-2,-2.568129003E-1
3.722482138E1,2.769031823E-1,1.826342791E-1,-2.281991094E-1
3.723486138E1,3.012814522E-1,2.272749096E-1,-1.091357768E-1
3.724490138E1,3.244933188E-1,1.670286059E-1,1.193546504E-1
3.725494137E1,3.089047670E-1,1.048431247E-1,3.293853104E-1
3.726498138E1,2.576634288E-1,-2.739853598E-2,4.826262593E-1
3.727502238E1,2.064990252E-1,-1.652720422E-1,5.929901004E-1
3.728506238E1,1.310333014E-1,-1.166187599E-1,6.720033884E-1
3.729510238E1,9.685722739E-2,1.593213081E-1,7.183525562E-1
3.730514238E1,9.585721046E-2,4.162575006E-1,7.189837098E-1
3.731518237E1,1.358413487E-3,4.990356266E-1,7.220992446E-1
3.732522238E1,-1.672686785E-1,4.260173142E-1,7.304932475E-1
3.733526338E1,-3.567028046E-1,3.222299218E-1,7.471456528E-1
3.734530338E1,-5.127518177E-1,3.145799935E-1,7.699968815E-1
3.735534338E1,-5.624735355E-1,2.348680794E-1,7.556865811E-1
3.736538337E1,-4.456153512E-1,-1.123862937E-1,6.240038872E-1
3.737542338E1,-3.020006716E-1,-3.010147512E-1,5.206664205E-1
3.738546338E1,-2.915128767E-1,-1.987834573E-1,3.948820829E-1
3.739550438E1,-2.968930006E-1,-9.343022481E-3,2.682965696E-1
3.740554438E1,-2.066858709E-1,1.771597415E-1,1.569277197E-1
3.741558438E1,-1.205968037E-1,3.294371068E-1,2.808668651E-3
3.742562437E1,-9.189005941E-2,3.148698807E-1,-8.924562484E-2
3.743566438E1,-7.237760723E-2,1.016220599E-1,-1.885786057E-1
3.744570438E1,-1.141788512E-1,-2.183588892E-1,-3.363707364E-1
3.745574538E1,-1.807858348E-1,-4.741975367E-1,-5.040349364E-1
3.746578538E1,-2.503198981E-1,-6.147517562E-1,-6.266753674E-1
3.747582538E1,-3.027575612E-1,-6.891801357E-1,-7.248995304E-1
3.748586537E1,-3.476389945E-1,-6.351723075E-1,-7.981359363E-1
3.749590538E1,-4.066154957E-1,-5.184681416E-1,-8.762185574E-1
3.750594538E1,-4.354436994E-1,-3.741815388E-1,-9.775316119E-1
3.751598538E1,-4.457072616E-1,-3.223245442E-1,-1.039760709E0
3.752602638E1,-4.758627415E-1,-3.398329616E-1,-1.047546744E0
3.753606638E1,-5.323715806E-1,-3.781372905E-1,-1.015623450E0
3.754610637E1,-5.859655738E-1,-3.503474891E-1,-9.664719105E-1
3.755614638E1,-6.268149614E-1,-1.939225942E-1,-9.184567332E-1
3.756618638E1,-6.760746837E-1,-6.131235883E-2,-8.671857715E-1
3.757622638E1,-7.394919991E-1,2.045802772E-2,-8.025094867E-1
3.758626738E1,-7.852730751E-1,2.313130721E-2,-7.327535748E-1
3.759630738E1,-7.841353416E-1,-1.648771949E-2,-6.131191850E-1
3.760634737E1,-7.488447428E-1,4.289996810E-3,-4.774660170E-1
3.761638738E1,-6.924789548E-1,1.049309522E-1,-3.201353252E-1
3.762642738E1,-6.365786791E-1,2.250259370E-1,-1.545397043E-1
3.763646738E1,-5.820856094E-1,3.264443278E-1,-2.430707216E-2
3.764650838E1,-5.254952908E-1,4.088707566E-1,8.678109944E-2
3.765654838E1,-4.633472264E-1,4.609440267E-1,1.793867946E-1
3.766658837E1,-3.981093764E-1,4.582372010E-1,2.497168779E-1
3.767662838E1,-3.435401320E-1,3.928430676E-1,2.881333828E-1
3.768666838E1,-3.140110075E-1,2.802267671E-1,2.945585251E-1
3.769670838E1,-2.947917581E-1,1.563669145E-1,2.805449367E-1
3.770674938E1,-2.787393034E-1,3.252060339E-2,2.485337704E-1
3.771678938E1,-2.679228783E-1,-7.222051173E-2,2.079679072E-1
3.772682937E1,-2.629566193E-1,-1.424251646E-1,1.705302596E-1
3.773686938E1,-2.554078698E-1,-1.546746939E-1,1.422840804E-1
3.774690938E1,-2.421461493E-1,-9.095084667E-2,1.089090854E-1
3.775694938E1,-2.483968437E-1,3.285577521E-2,5.152321234E-2
3.776698937E1,-2.658221722E-1,1.623336077E-1,3.175722808E-2
3.777703038E1,-3.026278615E-1,2.702628970E-1,7.456138730E-2
3.778707037E1,-3.279236257E-1,3.352072835E-1,1.291473955E-1
3.779711038E1,-3.505501151E-1,3.212263584E-1,4.653953388E-2
3.780715038E1,-3.485032022E-1,2.211191803E-1,-1.522582620E-1
3.781719038E1,-3.164981306E-1,-2.050461993E-2,-3.260222375E-1
3.782723037E1,-2.804016471E-1,-3.029706776E-1,-4.528377056E-1
3.783727137E1,-2.237130851E-1,-4.182676375E-1,-5.741028786E-1
3.784731138E1,-1.264682859E-1,-3.144107461E-1,-6.865804195E-1
3.785735138E1,-5.085126683E-2,-1.248559877E-1,-7.355335951E-1
3.786739138E1,-3.886304796E-2,2.901294827E-2,-7.242426276E-1
3.787743138E1,2.874048240E-2,1.175082624E-1,-7.619137764E-1
3.788747137E1,1.406563669E-1,2.135573030E-1,-8.557942510E-1
3.789751138E1,2.307577729E-1,2.401604950E-1,-8.443346024E-1
3.790755238E1,3.008164763E-1,1.491450965E-1,-7.930809855E-1
3.791759238E1,2.891710103E-1,3.214183822E-2,-7.816061974E-1
3.792763238E1,8.774922043E-2,-2.509399354E-1,-6.830956340E-1
3.793767238E1,-9.433139861E-2,-4.033971131E-1,-5.647062659E-1
3.794771237E1,-1.052239910E-1,-2.077842206E-1,-4.364273846E-1
3.795775238E1,-1.103995517E-1,3.900181502E-2,-3.211023808E-1
3.796779338E1,-1.916722953E-1,2.400632799E-1,-2.086405456E-1
3.797783338E1,-2.386835068E-1,3.773853481E-1,-4.759877175E-2
3.798787338E1,-2.340749055E-1,3.616868258E-1,1.185840741E-1
3.799791338E1,-2.096084505E-1,1.502159685E-1,2.476296872E-1
3.800795337E1,-1.213526130E-1,-1.084283739E-1,3.901122510E-1
3.801799338E1,3.530729190E-2,-2.771328092E-1,6.091474295E-1
3.802803342E1,2.198366672E-1,-3.726928830E-1,8.232719898E-1
3.803807442E1,3.853718340E-1,-4.244060516E-1,9.586682916E-1
3.804811442E1,5.059315562E-1,-4.317680895E-1,1.056615949E0
3.805815442E1,5.545395613E-1,-4.410521388E-1,1.130003810E0
3.806819442E1,5.674442053E-1,-5.011762381E-1,1.135642529E0
3.807823442E1,5.557624698E-1,-4.610770047E-1,1.148529172E0
3.808827442E1,5.433369875E-1,-3.204040527E-1,1.154502869E0
3.809831542E1,5.541653633E-1,-1.692435592E-1,1.135400653E0
3.810835542E1,6.114555597E-1,-7.200355083E-2,1.125857234E0
3.811839542E1,6.814767122E-1,-7.684928365E-3,1.091425538E0
3.812843542E1,7.375820875E-1,6.511710584E-2,1.033168912E0
3.813847542E1,7.638232708E-1,1.786243767E-1,9.530314207E-1
3.814851542E1,7.449989915E-1,2.695542872E-1,8.327332139E-1
3.815855542E1,6.976727247E-1,3.389322460E-1,6.470828056E-1
3.816859642E1,6.342341304E-1,3.749293983E-1,4.059106708E-1
3.817863642E1,5.820465684E-1,3.791466355E-1,1.761699617E-1
3.818867642E1,5.548586249E-1,3.921085000E-1,-3.452795092E-3
3.819871642E1,5.316363573E-1,4.038756192E-1,-1.468180120E-1
3.820875642E1,5.116831660E-1,4.113942683E-1,-2.525286973E-1
3.821879642E1,4.944290817E-1,4.019607008E-1,-3.236752450E-1
3.822883742E1,4.604663253E-1,3.721506000E-1,-3.685620427E-1
3.823887742E1,4.120450020E-1,3.124728799E-1,-3.841138184E-1
3.824891742E1,3.299181759E-1,1.953679025E-1,-3.571001887E-1
3.825895742E1,2.269078791E-1,2.266800776E-2,-3.067083657E-1
3.826899742E1,1.341087073E-1,-1.679938138E-1,-2.667518854E-1
3.827903742E1,8.088117838E-2,-3.295958042E-1,-2.323248237E-1
3.828907742E1,6.878829747E-2,-4.409899712E-1,-1.965127587E-1
3.829911842E1,9.734272957E-2,-4.635263681E-1,-1.477903575E-1
3.830915842E1,1.346940994E-1,-3.600876033E-1,-1.018633470E-1
3.831919842E1,1.579048634E-1,-1.845045239E-1,-8.599193394E-2
3.832923842E1,1.533077210E-1,-3.986905515E-2,-1.240831241E-1
3.833927842E1,1.102529317E-1,7.942173630E-2,-1.893745661E-1
3.834931842E1,1.053047776E-1,2.175271511E-1,-1.607913971E-1
3.835935942E1,1.697388738E-1,2.844610214E-1,4.597192258E-2
3.836939942E1,1.887072325E-1,3.076779246E-1,2.261094749E-1
3.837943942E1,1.515377611E-1,2.003150582E-1,3.656842709E-1
3.838947942E1,1.230264977E-1,9.334450588E-3,4.536335766E-1
3.839951942E1,1.092062891E-1,-5.691990256E-2,5.222173929E-1
3.840955942E1,8.316163719E-2,9.941270947E-2,5.893881917E-1
3.841959942E1,5.681445077E-2,3.686841428E-1,6.237450838E-1
3.842964042E1,-6.140033901E-2,5.093400478E-1,6.728652120E-1
3.843968042E1,-2.283802629E-1,4.807847440E-1,7.762168646E-1
3.844972042E1,-4.009672105E-1,3.843722045E-1,8.500689864E-1
3.845976042E1,-5.540659428E-1,3.223344088E-1,9.062146544E-1
3.846980042E1,-5.663431287E-1,2.063113898E-1,9.289956093E-1
3.847984042E1,-4.072245955E-1,-1.143973395E-1,8.065016866E-1
3.848988142E1,-1.686540842E-1,-3.823331892E-1,6.659530997E-1
3.849992142E1,-4.040849581E-2,-4.130959213E-1,5.085834265E-1
3.850996142E1,-1.415346004E-2,-2.226303816E-1,3.441936374E-1
3.852000142E1,5.661686137E-2,3.569553047E-2,1.658137143E-1
3.853004142E1,1.566353291E-1,2.004357427E-1,-7.037350535E-2
3.854008142E1,2.205080390E-1,1.425214708E-1,-2.259893119E-1
3.855012142E1,2.900602520E-1,-9.103348851E-2,-3.209986389E-1
3.856016242E1,2.804371715E-1,-3.959554732E-1,-4.411473870E-1
3.857020242E1,1.876829863E-1,-6.583586335E-1,-5.599550009E-1
3.858024242E1,6.156898662E-2,-8.031411171E-1,-6.402801871E-1
3.859028242E1,-5.476188660E-2,-7.729867101E-1,-6.979277134E-1
3.860032242E1,-1.374538243E-1,-6.925116777E-1,-7.504365444E-1
3.861036242E1,-2.004120201E-1,-5.658474565E-1,-8.058449626E-1
3.862040242E1,-2.861738205E-1,-4.683995545E-1,-8.697484732E-1
3.863044342E1,-4.141205847E-1,-3.897766471E-1,-9.181074500E-1
3.864048342E1,-5.375894904E-1,-3.120113015E-1,-9.139957428E-1
3.865052342E1,-6.135708094E-1,-2.682899237E-1,-8.817464113E-1
3.866056342E1,-6.600278020E-1,-2.390006036E-1,-8.669353724E-1
3.867060342E1,-7.067407370E-1,-1.584359854E-1,-8.553581238E-1
3.868064342E1,-7.644103765E-1,-6.230328232E-2,-8.107878566E-1
3.869068442E1,-7.927277684E-1,-7.678581774E-2,-7.543355227E-1
3.870072442E1,-7.916979194E-1,-1.172884107E-1,-6.862005591E-1
3.871076442E1,-7.429567575E-1,-1.028657928E-1,-5.746207833E-1
3.872080442E1,-6.725947261E-1,1.866802573E-2,-4.325285554E-1
3.873084442E1,-6.057602763E-1,1.879289597E-1,-2.876664698E-1
3.874088442E1,-5.314506292E-1,3.448048830E-1,-1.349263787E-1
3.875092442E1,-4.465056956E-1,5.141472816E-1,-6.008356344E-3
3.876096542E1,-3.570431471E-1,6.699516177E-1,9.969121218E-2
3.877100542E1,-2.700033486E-1,7.859762311E-1,1.888919175E-1
3.878104542E1,-1.990535259E-1,8.384950161E-1,2.526951730E-1
3.879108542E1,-1.375137269E-1,8.056063652E-1,2.702187598E-1
3.880112542E1,-9.393352270E-2,6.927617192E-1,2.578341663E-1
3.881116542E1,-6.945134699E-2,5.353958011E-1,2.273910493E-1
3.882120542E1,-6.849018484E-2,3.696690500E-1,1.765243113E-1
3.883124642E1,-8.906310052E-2,2.259731293E-1,1.415460855E-1
3.884128642E1,-1.337725371E-1,1.024942473E-1,1.229568124E-1
3.885132642E1,-1.848839223E-1,8.946193382E-3,1.029202566E-1
3.886136642E1,-2.057604343E-1,-2.474534512E-2,8.361440152E-2
3.887140642E1,-1.937511712E-1,1.832808927E-2,8.014989644E-2
3.888144642E1,-1.964396387E-1,1.055992022E-1,1.283685565E-1
3.889148742E1,-2.226765603E-1,1.995688379E-1,2.171546221E-1
3.890152742E1,-2.419280261E-1,2.301846743E-1,2.239096463E-1
3.891156742E1,-2.880198956E-1,1.406955421E-1,8.993905038E-2
3.892160742E1,-3.182171583E-1,-2.703274973E-2,-9.283225983E-2
3.893164742E1,-2.958367765E-1,-2.232177109E-1,-2.511686385E-1
3.894168742E1,-2.638130784E-1,-4.358904660E-1,-3.575590551E-1
3.895172742E1,-2.322381288E-1,-5.271490216E-1,-4.618798792E-1
3.896176842E1,-1.731968969E-1,-4.454752803E-1,-5.755954385E-1
3.897180842E1,-1.700610220E-1,-2.330058664E-1,-6.126855612E-1
3.898184842E1,-1.921972185E-1,-2.544735558E-2,-6.211221814E-1
3.899188842E1,-8.223344386E-2,1.307893842E-1,-6.895877719E-1
3.900192842E1,7.614287734E-2,1.948201507E-1,-8.084499240E-1
3.901196842E1,1.884928495E-1,2.128012776E-1,-7.997446060E-1
3.902200842E1,2.993362844E-1,2.123520076E-1,-7.777029276E-1
3.903204988E1,2.849142253E-1,2.104441971E-1,-7.958106399E-1
3.904208988E1,7.289463282E-2,-4.425285384E-2,-7.365292907E-1
3.905212987E1,-7.400826365E-2,-2.594964504E-1,-6.123120189E-1
3.906216988E1,-3.694428131E-2,-2.525327802E-1,-4.464795589E-1
3.907220988E1,1.801990345E-2,-1.541042328E-1,-3.023924232E-1
3.908224988E1,-2.064408921E-2,-1.824582741E-2,-1.945462525E-1
3.909229088E1,-8.386247605E-2,7.954917848E-2,-3.233524412E-2
3.910233088E1,-1.397302896E-1,1.941563189E-2,1.185845137E-1
3.911237087E1,-1.784403920E-1,-1.510391831E-1,2.303443402E-1
3.912241088E1,-1.591521800E-1,-3.324530721E-1,3.649833798E-1
3.913245088E1,-5.564203858E-2,-4.646505415E-1,5.474519730E-1
3.914249088E1,1.533881128E-1,-4.982640743E-1,7.628343105E-1
3.915253087E1,3.502143621E-1,-4.858912826E-1,9.156901240E-1
3.916257188E1,4.804797173E-1,-4.532887638E-1,9.884192944E-1
3.917261187E1,5.746821165E-1,-4.394538999E-1,1.015788913E0
3.918265188E1,6.479941607E-1,-4.142837524E-1,1.035492182E0
3.919269188E1,7.153119445E-1,-3.234883249E-1,1.058036923E0
3.920273188E1,7.635774612E-1,-1.591129750E-1,1.087939024E0
3.921277187E1,8.114672303E-1,-3.139336780E-2,1.109985471E0
3.922281188E1,8.745779991E-1,4.622156918E-2,1.094884038E0
3.923285288E1,9.322431684E-1,1.208420098E-1,1.045968652E0
3.924289288E1,9.588676095E-1,1.816571951E-1,9.988847375E-1
3.925293288E1,9.445986748E-1,2.425530404E-1,9.438713193E-1
3.926297288E1,8.862797022E-1,2.520924807E-1,8.416875005E-1
3.927301287E1,8.166798353E-1,2.647046745E-1,6.705332994E-1
3.928305288E1,7.417430282E-1,2.420749813E-1,4.593537748E-1
3.929309388E1,6.795981526E-1,2.284318805E-1,2.474005222E-1
3.930313388E1,6.341944337E-1,2.434775382E-1,5.452197045E-2
3.931317388E1,5.911998153E-1,2.618959546E-1,-1.027656496E-1
3.932321388E1,5.488470793E-1,2.807194889E-1,-2.289997041E-1
3.933325387E1,5.045749545E-1,2.962025702E-1,-3.136030138E-1
3.934329388E1,4.492482841E-1,2.685716748E-1,-3.634275794E-1
3.935333388E1,3.769536018E-1,1.875535101E-1,-3.777889311E-1
3.936337488E1,2.839314640E-1,7.319062948E-2,-3.723308146E-1
3.937341488E1,1.816304177E-1,-4.409950599E-2,-3.485943377E-1
3.938345488E1,8.736784011E-2,-1.521247774E-1,-3.269810081E-1
3.939349487E1,1.883458346E-2,-2.202993035E-1,-2.990388572E-1
3.940353488E1,-4.750903696E-3,-2.683801353E-1,-2.716956735E-1
3.941357488E1,2.562670782E-2,-2.952199876E-1,-2.567345500E-1
3.942361488E1,1.061276719E-1,-2.568424046E-1,-2.562105954E-1
3.943365588E1,1.971356124E-1,-9.548066556E-2,-2.640501559E-1
3.944369588E1,2.694838643E-1,9.462321550E-2,-2.725236416E-1
3.945373587E1,3.171890676E-1,2.367936671E-1,-2.895137966E-1
3.946377588E1,3.377332091E-1,4.043965340E-1,-3.031130433E-1
3.947381588E1,3.860861063E-1,5.428630710E-1,-2.131965011E-1
3.948385588E1,4.484227002E-1,4.913888574E-1,-8.107715286E-3
3.949389587E1,4.491111338E-1,3.293139338E-1,1.760677099E-1
3.950393688E1,4.110020995E-1,1.313254386E-1,3.447431326E-1
3.951397687E1,3.937152624E-1,-3.931155801E-2,4.904516041E-1
3.952401688E1,3.666990995E-1,-2.711880766E-2,6.294600964E-1
3.953405688E1,3.664564788E-1,1.870992184E-1,7.308554053E-1
3.954409688E1,3.085292578E-1,4.229427278E-1,8.275920749E-1
3.955413687E1,1.160306409E-1,4.976657033E-1,9.249239564E-1
3.956417688E1,-1.317682415E-1,3.812562227E-1,9.682050943E-1
3.957421788E1,-3.675450981E-1,2.221091837E-1,1.005758047E0
3.958425788E1,-5.044888258E-1,1.463430822E-1,1.050047755E0
3.959429788E1,-4.497446120E-1,-1.496161520E-1,9.900177717E-1
3.960433788E1,-2.450439185E-1,-6.435389519E-1,8.011055589E-1
3.961437787E1,-4.135045037E-2,-8.861790299E-1,6.242096424E-1
3.962441788E1,2.841263823E-2,-8.098731637E-1,4.003848433E-1
3.963445788E1,8.565675467E-2,-5.030738115E-1,1.842410862E-1
3.964449888E1,2.172720432E-1,-1.010789275E-1,1.667801663E-2
3.965453888E1,3.190785348E-1,2.470532060E-1,-1.690851897E-1
3.966457888E1,3.003751934E-1,4.358840585E-1,-2.999891043E-1
3.967461887E1,2.746943235E-1,3.784298301E-1,-3.216925263E-1
3.968465888E1,1.836783886E-1,1.714558303E-1,-4.052754939E-1
3.969469888E1,5.030621588E-2,-4.617289454E-2,-5.372934341E-1
3.970473988E1,-8.403667808E-2,-2.120246291E-1,-6.291818023E-1
3.971477988E1,-2.025670558E-1,-3.289310038E-1,-6.586374044E-1
3.972481988E1,-3.048310876E-1,-3.615740240E-1,-6.633290052E-1
3.973485987E1,-3.972521126E-1,-3.311069310E-1,-6.916930079E-1
3.974489988E1,-4.895207882E-1,-3.212726414E-1,-7.692565322E-1
3.975493988E1,-5.726566911E-1,-3.458147347E-1,-8.595592380E-1
3.976497988E1,-6.485442519E-1,-3.668075204E-1,-9.108159542E-1
3.977502088E1,-7.100121379E-1,-4.174182117E-1,-9.104662538E-1
3.978506088E1,-7.860922813E-1,-4.708287120E-1,-8.968772292E-1
3.979510087E1,-8.293973804E-1,-4.885749519E-1,-8.911205530E-1
3.980514088E1,-8.376420140E-1,-4.398656487E-1,-8.752108216E-1
3.981518088E1,-8.239685297E-1,-4.400187731E-1,-8.426081538E-1
3.982522088E1,-7.808277011E-1,-3.922720551E-1,-7.762028575E-1
3.983526087E1,-7.139679790E-1,-2.736439407E-1,-6.628371477E-1
3.984530188E1,-6.532980204E-1,-1.004058048E-1,-5.202324390E-1
3.985534187E1,-5.998156071E-1,1.586683691E-1,-3.816236556E-1
3.986538188E1,-5.582450032E-1,4.446868598E-1,-2.378262132E-1
3.987542188E1,-5.219532847E-1,6.584792733E-1,-1.059858873E-1
3.988546188E1,-4.711838663E-1,8.109350204E-1,-6.150888745E-3
3.989550187E1,-4.166748226E-1,9.039592147E-1,9.430754185E-2
3.990554188E1,-3.622307181E-1,9.284352660E-1,1.709695309E-1
3.991558288E1,-3.224798441E-1,8.632078171E-1,2.194859385E-1
3.992562288E1,-2.995532453E-1,7.137706876E-1,2.372097820E-1
3.993566288E1,-2.855988145E-1,5.161167383E-1,2.408175617E-1
3.994570288E1,-2.884915173E-1,2.652289867E-1,2.297707945E-1
3.995574287E1,-3.051389456E-1,7.003827021E-3,2.108114809E-1
3.996578288E1,-3.288405538E-1,-2.062784135E-1,1.660270840E-1
3.997582288E1,-3.363522589E-1,-3.129385412E-1,1.081992090E-1
3.998586388E1,-3.280139267E-1,-2.885039449E-1,4.612005875E-2
3.999590388E1,-3.107601106E-1,-2.080959231E-1,2.072522044E-2
4.000594388E1,-3.086796403E-1,-1.423024386E-1,3.449006751E-2
4.001598387E1,-2.809825242E-1,-7.781799883E-2,7.226594537E-2
4.002602404E1,-2.619368732E-1,-4.032593593E-2,-8.179417811E-3
4.003606404E1,-2.845391333E-1,-4.535771534E-2,-2.290891558E-1
4.004610504E1,-2.730185688E-1,-1.606072783E-1,-4.050847292E-1
4.005614504E1,-2.427725196E-1,-3.307688832E-1,-4.852442741E-1
4.006618504E1,-2.593605816E-1,-4.616691172E-1,-5.402446389E-1
4.007622504E1,-2.969495058E-1,-5.090169311E-1,-5.962296128E-1
4.008626504E1,-3.090767264E-1,-4.443865120E-1,-6.550521851E-1
4.009630504E1,-3.438967764E-1,-2.715907693E-1,-6.266402602E-1
4.010634504E1,-3.781976998E-1,-1.107961014E-1,-5.938090086E-1
4.011638604E1,-3.031050861E-1,-6.899796426E-3,-6.540821791E-1
4.012642604E1,-1.485957056E-1,9.961964935E-2,-7.757044435E-1
4.013646604E1,3.510222584E-2,1.558775902E-1,-7.947353721E-1
4.014650604E1,1.778375506E-1,2.230116278E-1,-8.198196292E-1
4.015654604E1,1.701705754E-1,2.087874264E-1,-8.196270466E-1
4.016658604E1,2.052248456E-2,-7.264552638E-3,-6.858438849E-1
4.017662604E1,-7.971037924E-2,-1.607670337E-1,-5.148239732E-1
4.018666704E1,-6.424859166E-2,-7.503656298E-2,-3.282701075E-1
4.019670704E1,-6.836050749E-2,1.811441779E-2,-1.630673259E-1
4.020674704E1,-1.320947558E-1,7.162421942E-2,-1.911776699E-2
4.021678704E1,-1.787229776E-1,1.004428193E-1,1.411376894E-1
4.022682704E1,-2.102955431E-1,2.535153180E-2,2.854378521E-1
4.023686704E1,-2.198877186E-1,-1.229822859E-1,4.188542366E-1
4.024690704E1,-1.620845944E-1,-2.582561076E-1,5.779325366E-1
4.025694804E1,-2.929566056E-2,-3.628959656E-1,7.506906986E-1
4.026698804E1,1.276766658E-1,-4.179934263E-1,8.821040392E-1
4.027702804E1,2.518015504E-1,-4.413040876E-1,9.382594228E-1
4.028706804E1,3.433226645E-1,-4.333941340E-1,9.608451724E-1
4.029710804E1,4.022544324E-1,-4.446292222E-1,9.692882299E-1
4.030714804E1,4.316479564E-1,-4.533809721E-1,9.517421722E-1
4.031718904E1,4.602394104E-1,-3.434797525E-1,9.569699764E-1
4.032722904E1,4.967723787E-1,-1.569131315E-1,9.771488309E-1
4.033726904E1,5.411401391E-1,-5.313587934E-2,9.594215155E-1
4.034730904E1,5.994827747E-1,-3.811269999E-3,9.015797973E-1
4.035734904E1,6.500562429E-1,5.050363392E-2,8.400229216E-1
4.036738904E1,6.686464548E-1,6.545457244E-2,7.656791806E-1
4.037742904E1,6.429604888E-1,1.064472795E-1,6.870346665E-1
4.038747004E1,5.833043456E-1,1.461478621E-1,5.613729358E-1
4.039751004E1,5.157663226E-1,1.916663498E-1,3.913112283E-1
4.040755004E1,4.779550433E-1,2.435396463E-1,2.099569738E-1
4.041759004E1,4.665990472E-1,3.405649960E-1,4.289714620E-2
4.042763004E1,4.663455188E-1,4.641160369E-1,-8.646036685E-2
4.043767004E1,4.631286860E-1,5.655920506E-1,-1.895478666E-1
4.044771004E1,4.543221593E-1,6.195135117E-1,-2.464570701E-1
4.045775104E1,4.377093613E-1,6.195383072E-1,-2.836323977E-1
4.046779104E1,4.029495120E-1,5.873667002E-1,-2.794241309E-1
4.047783104E1,3.444893956E-1,5.060643554E-1,-2.544005215E-1
4.048787104E1,2.715619206E-1,3.686829507E-1,-2.236552089E-1
4.049791104E1,1.901560128E-1,1.857999563E-1,-2.034719139E-1
4.050795104E1,1.294444650E-1,-1.578212529E-2,-1.826713085E-1
4.051799104E1,1.120865121E-1,-1.831655353E-1,-1.553661823E-1
4.052803204E1,1.352506727E-1,-3.014806807E-1,-1.232320815E-1
4.053807204E1,1.858158410E-1,-3.386352360E-1,-9.189466387E-2
4.054811204E1,2.391150296E-1,-2.955332398E-1,-8.708646148E-2
4.055815204E1,2.804638147E-1,-2.180552185E-1,-1.302786767E-1
4.056819204E1,3.032982647E-1,-1.364611387E-1,-2.049138546E-1
4.057823204E1,2.958302498E-1,2.094337950E-3,-2.733286023E-1
4.058827304E1,3.164156675E-1,2.262324840E-1,-2.116353214E-1
4.059831304E1,3.822743297E-1,3.776693940E-1,-4.924453795E-2
4.060835304E1,4.126231670E-1,4.219793379E-1,8.155030757E-2
4.061839304E1,4.034799933E-1,3.550179005E-1,2.035806179E-1
4.062843304E1,3.822426200E-1,1.560399383E-1,3.327206075E-1
4.063847304E1,3.410419226E-1,4.893558100E-2,4.632570446E-1
4.064851304E1,2.685720026E-1,1.390331089E-1,5.517854691E-1
4.065855404E1,1.814634502E-1,3.738903403E-1,6.147791147E-1
4.066859404E1,4.899382591E-2,5.855185390E-1,7.238720655E-1
4.067863404E1,-1.447167844E-1,6.334969997E-1,8.434368372E-1
4.068867404E1,-3.929689527E-1,5.778246522E-1,9.553301930E-1
4.069871404E1,-6.000235677E-1,5.375248790E-1,1.072542071E0
4.070875404E1,-6.386463642E-1,3.869464397E-1,1.114506364E0
4.071879504E1,-4.518051147E-1,1.286843885E-2,9.976083040E-1
4.072883504E1,-2.075870931E-1,-4.065108299E-1,7.861644626E-1
4.073887504E1,-6.077794731E-2,-6.522401571E-1,5.426372886E-1
4.074891504E1,-1.403042674E-2,-6.289215684E-1,2.612946033E-1
4.075895504E1,5.503572524E-2,-4.080357850E-1,-9.130774066E-3
4.076899504E1,1.605307460E-1,-1.288463622E-1,-2.463973910E-1
4.077903504E1,2.343088388E-1,7.259673625E-2,-4.503851533E-1
4.078907604E1,2.922834456E-1,1.208686456E-1,-4.875018895E-1
4.079911604E1,3.392663896E-1,4.811587557E-2,-4.959113300E-1
4.080915604E1,2.869656384E-1,-1.014989167E-1,-5.544478893E-1
4.081919604E1,1.737879515E-1,-2.423436791E-1,-6.145850420E-1
4.082923604E1,3.237410262E-2,-3.155187666E-1,-6.309907436E-1
4.083927604E1,-8.538182080E-2,-2.681757808E-1,-6.343988180E-1
4.084931604E1,-1.634561121E-1,-1.711242199E-1,-6.310462952E-1
4.085935704E1,-2.262707651E-1,-1.149762645E-1,-6.636804342E-1
4.086939704E1,-2.831319273E-1,-1.086838543E-1,-7.202190161E-1
4.087943704E1,-3.228849173E-1,-1.672864556E-1,-7.648589015E-1
4.088947704E1,-3.693720102E-1,-2.709060907E-1,-7.970231175E-1
4.089951704E1,-4.338710904E-1,-3.910833597E-1,-8.183808923E-1
4.090955704E1,-5.035066605E-1,-4.155541956E-1,-8.164082170E-1
4.091959804E1,-5.768468976E-1,-3.634510338E-1,-7.534335256E-1
4.092963804E1,-6.171599627E-1,-3.588501215E-1,-6.919320226E-1
4.093967804E1,-6.259062886E-1,-4.332114458E-1,-6.356708407E-1
4.094971804E1,-5.903999805E-1,-4.614018500E-1,-5.934775472E-1
4.095975804E1,-5.160876513E-1,-3.717079163E-1,-5.287832618E-1
4.096979804E1,-4.345549941E-1,-1.661691368E-1,-4.420372546E-1
4.097983804E1,-3.792475462E-1,9.415911138E-2,-3.451261818E-1
4.098987904E1,-3.558452725E-1,3.412531316E-1,-2.590263188E-1
4.099991904E1,-3.566466272E-1,5.450161099E-1,-1.682809591E-1
4.100995904E1,-3.717920184E-1,6.718288660E-1,-8.567623049E-2
4.101999904E1,-3.826457262E-1,7.350674868E-1,-1.696161740E-2
4.103003917E1,-3.866609633E-1,7.190119028E-1,4.018647224E-2
4.104007917E1,-3.882482052E-1,6.226944327E-1,8.470626920E-2
4.105012017E1,-3.886948228E-1,4.733709395E-1,1.007671356E-1
4.106016017E1,-3.866218328E-1,3.118206561E-1,1.025538519E-1
4.107020017E1,-3.818773925E-1,1.357760280E-1,9.730153531E-2
4.108024017E1,-3.757263124E-1,-2.978337370E-2,9.715425968E-2
4.109028017E1,-3.780104816E-1,-1.836278439E-1,9.776362032E-2
4.110032017E1,-4.072951376E-1,-2.966601253E-1,1.032156497E-1
4.111036017E1,-4.346186519E-1,-3.449879289E-1,1.081240848E-1
4.112040117E1,-4.314167202E-1,-3.310742378E-1,1.221831813E-1
4.113044117E1,-4.402677417E-1,-2.737807930E-1,1.306493282E-1
4.114048117E1,-4.445956349E-1,-1.665800512E-1,1.552595943E-1
4.115052117E1,-4.289945960E-1,-1.736469939E-2,1.919970065E-1
4.116056117E1,-4.242682755E-1,1.485086977E-1,1.764257699E-1
4.117060117E1,-4.500854909E-1,2.935040295E-1,3.672428057E-2
4.118064117E1,-4.427964091E-1,3.289717436E-1,-1.130361855E-1
4.119068217E1,-4.155408144E-1,2.018704563E-1,-2.143280506E-1
4.120072217E1,-4.046628773E-1,-3.463982046E-2,-3.051887155E-1
4.121076217E1,-3.983799517E-1,-2.311718464E-1,-4.084678590E-1
4.122080217E1,-3.829405308E-1,-3.480880857E-1,-5.099217296E-1
4.123084217E1,-3.419494331E-1,-3.446820378E-1,-5.641959310E-1
4.124088217E1,-2.894254923E-1,-2.432358414E-1,-5.558245778E-1
4.125092317E1,-2.494016588E-1,-1.016925946E-1,-5.825298429E-1
4.126096317E1,-1.908523291E-1,2.004928328E-2,-7.063894868E-1
4.127100317E1,-8.569475263E-2,1.383313388E-1,-8.211373091E-1
4.128104317E1,7.868567109E-2,2.457190454E-1,-8.432913423E-1
4.129108317E1,1.760101020E-1,3.148327172E-1,-8.657678962E-1
4.130112317E1,6.829321384E-2,1.812014282E-1,-7.779943347E-1
4.131116317E1,-1.106365919E-1,-3.498498723E-2,-6.434283853E-1
4.132120417E1,-2.037558854E-1,-1.836394370E-1,-4.905202985E-1
4.133124417E1,-2.220933288E-1,-2.177897841E-1,-3.367125690E-1
4.134128417E1,-2.434872985E-1,-1.161252037E-1,-2.143464535E-1
4.135132417E1,-3.207346797E-1,-2.179713547E-2,-9.150057286E-2
4.136136417E1,-3.982651532E-1,3.903159127E-2,6.043835729E-2
4.137140417E1,-4.483003616E-1,-3.299280256E-2,1.887818724E-1
4.138144517E1,-4.660418034E-1,-2.109396458E-1,2.783586085E-1
4.139148517E1,-4.140140414E-1,-3.878669739E-1,3.922522366E-1
4.140152517E1,-2.877522409E-1,-4.893131554E-1,5.267232060E-1
4.141156517E1,-1.036609486E-1,-4.661954045E-1,6.796298027E-1
4.142160517E1,5.568689480E-2,-4.275555909E-1,7.883757353E-1
4.143164517E1,1.355891675E-1,-3.965139687E-1,8.551374078E-1
4.144168517E1,1.758172810E-1,-3.870064914E-1,8.845224380E-1
4.145172617E1,2.275124192E-1,-3.366064131E-1,8.859965801E-1
4.146176617E1,2.906652987E-1,-2.526260018E-1,9.025441408E-1
4.147180617E1,3.679635525E-1,-1.785809845E-1,9.211934805E-1
4.148184617E1,4.447081387E-1,-1.128032953E-1,9.174194932E-1
4.149188617E1,5.009444952E-1,-5.286448076E-2,8.769809604E-1
4.150192617E1,5.439785123E-1,-6.820556708E-3,8.111745715E-1
4.151196617E1,5.672010183E-1,1.934322156E-2,7.492493987E-1
4.152200717E1,5.546612740E-1,4.513993114E-2,6.707413197E-1
4.153204717E1,4.978240728E-1,9.487855434E-2,5.631729364E-1
4.154208717E1,4.363372922E-1,1.555163264E-1,4.212076068E-1
4.155212717E1,3.877721429E-1,2.271349430E-1,2.805105150E-1
4.156216717E1,3.555428386E-1,3.082401752E-1,1.322494149E-1
4.157220717E1,3.385255039E-1,3.883835375E-1,-9.376216913E-4
4.158224817E1,3.342929482E-1,4.430358708E-1,-9.105313569E-2
4.159228817E1,3.331685662E-1,4.641958475E-1,-1.474917829E-1
4.160232817E1,3.211995065E-1,4.688374698E-1,-1.675203592E-1
4.161236817E1,2.917273641E-1,4.353879392E-1,-1.708916724E-1
4.162240817E1,2.394926548E-1,3.652674556E-1,-1.529550105E-1
4.163244817E1,1.739986241E-1,2.614378035E-1,-1.299784780E-1
4.164248817E1,1.080214679E-1,1.043376774E-1,-1.257847995E-1
4.165252917E1,6.435039639E-2,-8.021131903E-2,-1.308303028E-1
4.166256917E1,5.356432870E-2,-2.430377752E-1,-1.369774193E-1
4.167260917E1,8.266282827E-2,-3.680249453E-1,-1.409784108E-1
4.168264917E1,1.430172473E-1,-4.474438429E-1,-1.394234002E-1
4.169268917E1,2.153258175E-1,-4.718044996E-1,-1.435498595E-1
4.170272917E1,2.824904621E-1,-4.168059528E-1,-1.601128578E-1
4.171277017E1,3.289916515E-1,-3.356162012E-1,-2.015977651E-1
4.172281017E1,3.400253952E-1,-2.231303900E-1,-2.512737215E-1
4.173285017E1,3.166915774E-1,-4.658758640E-2,-2.807652950E-1
4.174289017E1,2.846633494E-1,1.861463338E-1,-2.408133447E-1
4.175293017E1,2.742977738E-1,3.881388903E-1,-1.102781966E-1
4.176297017E1,2.701299489E-1,5.216490030E-1,3.108798712E-2
4.177301017E1,2.736794055E-1,5.163796544E-1,1.472597718E-1
4.178305117E1,2.812840641E-1,3.627153039E-1,2.193789631E-1
4.179309117E1,2.983077765E-1,1.434182078E-1,2.709662914E-1
4.180313117E1,3.393183351E-1,-5.225541443E-2,3.187649548E-1
4.181317117E1,3.944071531E-1,-1.843632907E-1,3.737156093E-1
4.182321117E1,4.326293766E-1,-1.867034137E-1,4.125570059E-1
4.183325117E1,4.623068273E-1,-9.282870591E-2,4.379225075E-1
4.184329117E1,4.284420907E-1,4.910206795E-2,4.435566962E-1
4.185333217E1,3.195371628E-1,2.364383042E-1,5.138708949E-1
4.186337217E1,1.902510822E-1,3.261032104E-1,6.054596901E-1
4.187341217E1,3.353656083E-2,3.183923066E-1,6.841911674E-1
4.188345217E1,-7.563679665E-2,2.985794544E-1,7.927227020E-1
4.189349217E1,-1.255255193E-1,2.449264228E-1,8.645837903E-1
4.190353217E1,-7.958438993E-2,1.007050723E-1,8.067990541E-1
4.191357317E1,1.613707095E-2,-1.432835013E-1,6.883137226E-1
4.192361317E1,1.096901894E-1,-3.453993201E-1,5.441690683E-1
4.193365317E1,1.719596833E-1,-3.404100537E-1,4.042696357E-1
4.194369317E1,2.447851598E-1,-2.207201421E-1,2.514025867E-1
4.195373317E1,3.422536552E-1,-8.488742262E-2,7.230753452E-2
4.196377317E1,3.968684375E-1,-4.753472656E-2,-8.687599748E-2
4.197381317E1,4.423131645E-1,-1.309491843E-1,-1.591147780E-1
4.198385417E1,4.579267502E-1,-2.771242261E-1,-2.340108454E-1
4.199389417E1,4.218896329E-1,-3.560058773E-1,-3.061200380E-1
4.200393417E1,3.491552472E-1,-3.314315677E-1,-3.735320866E-1
4.201397417E1,2.665367723E-1,-2.680769861E-1,-4.344310760E-1
4.202401417E1,1.838256568E-1,-2.425884157E-1,-4.758685529E-1
4.203405400E1,1.008929536E-1,-1.715923101E-1,-4.967787564E-1
4.204409400E1,3.242494911E-2,-1.911221631E-2,-5.136371255E-1
4.205413500E1,3.871081397E-3,7.765887678E-2,-5.419998169E-1
4.206417500E1,-1.857617125E-2,9.574368596E-3,-5.757663250E-1
4.207421500E1,-5.540982634E-2,-6.614124775E-2,-6.016213894E-1
4.208425500E1,-1.094946340E-1,-7.490064949E-2,-5.984064341E-1
4.209429500E1,-1.802039593E-1,-4.212613031E-2,-5.595155358E-1
4.210433500E1,-2.478447706E-1,-8.858258277E-2,-5.191252232E-1
4.211437600E1,-2.797728777E-1,-1.112259924E-1,-4.736608565E-1
4.212441600E1,-2.675029039E-1,-1.271961778E-1,-4.353432953E-1
4.213445600E1,-2.115456313E-1,-1.164678633E-1,-3.840337992E-1
4.214449600E1,-1.437338293E-1,-4.611433670E-2,-3.079305291E-1
4.215453600E1,-7.559978217E-2,5.767251179E-2,-2.335449755E-1
4.216457600E1,-9.358429350E-3,1.760791838E-1,-1.668223143E-1
4.217461600E1,4.794026911E-2,3.006066382E-1,-1.063671485E-1
4.218465700E1,9.836669266E-2,3.984061778E-1,-5.999299511E-2
4.219469700E1,1.321592778E-1,4.329019487E-1,-2.168128267E-2
4.220473700E1,1.557889730E-1,4.078865945E-1,1.473904401E-2
4.221477700E1,1.738305539E-1,3.319239914E-1,4.828843847E-2
4.222481700E1,1.910007447E-1,2.311571687E-1,9.006571025E-2
4.223485700E1,2.123233676E-1,1.232562438E-1,1.399832964E-1
4.224489700E1,2.440693080E-1,1.287247986E-2,1.915192008E-1
4.225493800E1,2.711459398E-1,-1.081144512E-1,2.392469794E-1
4.226497800E1,2.876588702E-1,-2.152342498E-1,2.743514180E-1
4.227501800E1,3.019189835E-1,-3.078991473E-1,2.974208593E-1
4.228505800E1,3.182337880E-1,-3.610350788E-1,3.039181828E-1
4.229509800E1,3.388032317E-1,-3.595923781E-1,2.986504138E-1
4.230513800E1,3.449961543E-1,-3.003354669E-1,2.925230265E-1
4.231517900E1,3.472593427E-1,-2.086683065E-1,2.966531515E-1
4.232521900E1,3.401569724E-1,-1.053373888E-1,3.066759706E-1
4.233525900E1,3.358660340E-1,2.871368825E-2,3.210690618E-1
4.234529900E1,3.284866810E-1,1.717014611E-1,3.321233094E-1
4.235533900E1,3.111076951E-1,2.862457037E-1,3.291084468E-1
4.236537900E1,2.964358032E-1,3.502981961E-1,3.195578158E-1
4.237541900E1,2.985016704E-1,3.597883284E-1,3.031925857E-1
4.238546000E1,3.126046956E-1,3.169726729E-1,2.766222358E-1
4.239550000E1,3.166052997E-1,2.052329481E-1,2.404502928E-1
4.240554000E1,3.010782599E-1,3.486972675E-2,1.972548962E-1
4.241558000E1,2.619417906E-1,-1.819055527E-1,1.501668841E-1
4.242562000E1,2.041157484E-1,-3.815321028E-1,1.150342003E-1
4.243566000E1,1.402499527E-1,-5.547497272E-1,6.842863560E-2
4.244570000E1,1.015156135E-1,-7.031732798E-1,3.636497632E-2
4.245574100E1,1.085431874E-1,-7.653641701E-1,1.796002313E-2
4.246578100E1,1.279251426E-1,-7.052401304E-1,4.288951866E-3
4.247582100E1,1.397250295E-1,-5.048595667E-1,-3.202309087E-2
4.248586100E1,1.521590650E-1,-1.864898801E-1,-1.165936366E-1
4.249590100E1,2.088974714E-1,1.682332009E-1,-1.793699414E-1
4.250594100E1,3.384482861E-1,3.921664059E-1,-1.720800698E-1
4.251598100E1,4.978033006E-1,4.137609005E-1,-2.012382746E-1
4.252602200E1,6.273309588E-1,2.404151857E-1,-2.704583704E-1
4.253606200E1,6.952676773E-1,-1.898574829E-2,-2.563320696E-1
4.254610200E1,7.329516411E-1,-2.397130579E-1,-2.024999857E-1
4.255614200E1,7.892295718E-1,-2.974596322E-1,-1.362522393E-1
4.256618200E1,7.935982347E-1,-2.581093013E-1,-7.422561198E-2
4.257622200E1,7.396122217E-1,-1.669216752E-1,4.221761599E-3
4.258626200E1,7.005993128E-1,-7.232247293E-2,7.714656740E-2
4.259630300E1,7.222358584E-1,-3.754070401E-2,1.284017861E-1
4.260634300E1,7.609233856E-1,-5.303763971E-2,2.316573411E-1
4.261638300E1,8.138712645E-1,-1.050421968E-1,3.971973658E-1
4.262642300E1,9.083194733E-1,-1.482053846E-1,6.032665968E-1
4.263646300E1,1.002389431E0,-1.075885594E-1,7.938766479E-1
4.264650300E1,1.072286606E0,-1.215845346E-1,8.908241987E-1
4.265654400E1,1.115409851E0,-1.675531864E-1,9.248182774E-1
4.266658400E1,1.170977235E0,-2.624418736E-1,9.334277511E-1
4.267662400E1,1.224735498E0,-3.490382135E-1,9.321209788E-1
4.268666400E1,1.247690916E0,-4.262754917E-1,9.240528941E-1
4.269670400E1,1.279041886E0,-4.321764708E-1,9.081397653E-1
4.270674400E1,1.321619153E0,-3.903957307E-1,8.938327432E-1
4.271678400E1,1.359623313E0,-3.469632566E-1,8.700317740E-1
4.272682500E1,1.398635387E0,-2.898789346E-1,8.258760571E-1
4.273686500E1,1.443188429E0,-1.963029504E-1,7.659684420E-1
4.274690500E1,1.465469837E0,-9.296378493E-2,7.091093659E-1
4.275694500E1,1.464776278E0,2.273698337E-2,6.506658196E-1
4.276698500E1,1.459808707E0,1.480155438E-1,5.878841877E-1
4.277702500E1,1.455985188E0,2.939806879E-1,5.119645000E-1
4.278706500E1,1.460945845E0,4.550457299E-1,4.289340675E-1
4.279710600E1,1.470423341E0,5.889333487E-1,3.609494269E-1
4.280714600E1,1.491759419E0,6.912112832E-1,3.238435984E-1
4.281718600E1,1.511604548E0,7.097849846E-1,2.954183221E-1
4.282722600E1,1.531879425E0,6.655128598E-1,2.772313356E-1
4.283726600E1,1.538421273E0,5.726123452E-1,2.651596665E-1
4.284730600E1,1.533337593E0,4.185631573E-1,2.550332844E-1
4.285734600E1,1.515294313E0,2.228106707E-1,2.467653155E-1
4.286738700E1,1.487472296E0,2.282645553E-2,2.388341576E-1
4.287742700E1,1.451945782E0,-1.535573304E-1,2.304024547E-1
4.288746700E1,1.414882779E0,-2.824513912E-1,2.208451778E-1
4.289750700E1,1.382878780E0,-3.539985716E-1,1.969641149E-1
4.290754700E1,1.363349557E0,-3.683215678E-1,1.855633855E-1
4.291758700E1,1.354712725E0,-3.062474728E-1,1.844961047E-1
4.292762800E1,1.354367495E0,-1.759701669E-1,1.798297167E-1
4.293766800E1,1.363152504E0,-4.316823930E-2,1.570506692E-1
4.294770800E1,1.372509003E0,5.680762604E-2,1.227896363E-1
4.295774800E1,1.367431402E0,1.395502239E-1,1.115562990E-1
4.296778800E1,1.313762307E0,2.376733273E-1,1.260494888E-1
4.297782800E1,1.262642980E0,3.654347360E-1,1.458919197E-1
4.298786800E1,1.260915637E0,4.962060750E-1,1.762767136E-1
4.299790900E1,1.303977013E0,5.562966466E-1,1.821704507E-1
4.300794900E1,1.360459805E0,5.159851909E-1,1.768683642E-1
4.301798900E1,1.428295016E0,4.063975215E-1,1.807250679E-1
4.302802838E1,1.488636374E0,2.674145997E-1,1.966206729E-1
4.303806837E1,1.531736135E0,1.351923645E-1,2.337328196E-1
4.304810838E1,1.561404109E0,-5.331199616E-3,2.910650671E-1
4.305814838E1,1.589400053E0,-1.765618026E-1,3.378718197E-1
4.306818938E1,1.615260363E0,-3.730178475E-1,3.862441480E-1
4.307822938E1,1.636553884E0,-5.529040098E-1,4.413123727E-1
4.308826938E1,1.669756889E0,-6.785575151E-1,4.851741195E-1
4.309830937E1,1.720606208E0,-7.395395041E-1,5.170463324E-1
4.310834938E1,1.805249214E0,-6.870043874E-1,5.396778584E-1
4.311838938E1,1.883965611E0,-4.892072380E-1,5.620247722E-1
4.312842938E1,1.932651877E0,-1.223820746E-1,5.964602232E-1
4.313847038E1,1.954422235E0,3.021976650E-1,6.524888277E-1
4.314851038E1,1.923465014E0,5.444099903E-1,7.256168127E-1
4.315855037E1,1.806005001E0,6.101148129E-1,8.411183953E-1
4.316859038E1,1.643522620E0,5.430977345E-1,9.685866237E-1
4.317863038E1,1.542913437E0,3.209292889E-1,1.003170013E0
4.318867038E1,1.524362683E0,2.549157478E-3,9.679018259E-1
4.319871037E1,1.523160815E0,-2.612816691E-1,8.630175591E-1
4.320875138E1,1.512353420E0,-4.368436337E-1,6.870539784E-1
4.321879137E1,1.534485340E0,-5.049761534E-1,5.035041571E-1
4.322883138E1,1.584898949E0,-4.614084661E-1,3.021166623E-1
4.323887138E1,1.633387446E0,-2.959952354E-1,7.020974904E-2
4.324891138E1,1.666894317E0,-1.221888438E-1,-1.233317479E-1
4.325895137E1,1.670735359E0,-4.453460500E-2,-2.547033131E-1
4.326899138E1,1.611842513E0,-3.734087199E-2,-3.432976305E-1
4.327903237E1,1.508080363E0,-2.398710698E-2,-3.658272624E-1
4.328907238E1,1.387376070E0,4.733767360E-2,-3.576726615E-1
4.329911238E1,1.292520642E0,9.039054811E-2,-3.471019268E-1
4.330915238E1,1.206939697E0,4.385286570E-2,-2.993735373E-1
4.331919237E1,1.131788731E0,-2.061199769E-2,-2.965336442E-1
4.332923238E1,1.103046894E0,-5.078002065E-2,-3.371447027E-1
4.333927338E1,1.094811559E0,-1.272942871E-1,-3.709131181E-1
4.334931338E1,1.095768452E0,-1.656201035E-1,-4.022593498E-1
4.335935338E1,1.095550060E0,-1.443265676E-1,-4.074289501E-1
4.336939338E1,1.085073471E0,-1.192576885E-1,-4.047151804E-1
4.337943337E1,1.079499960E0,-8.946704119E-2,-3.880776167E-1
4.338947338E1,1.076118588E0,-7.328689843E-2,-3.429344594E-1
4.339951338E1,1.072806716E0,-4.021459818E-2,-2.629145384E-1
4.340955438E1,1.072119117E0,2.393296361E-2,-1.766230315E-1
4.341959438E1,1.067069650E0,8.017880470E-2,-9.878559411E-2
4.342963438E1,1.054091573E0,1.249124482E-1,-4.065091535E-2
4.343967437E1,1.032627821E0,1.655352265E-1,-1.025927160E-2
4.344971438E1,9.969582558E-1,2.321201116E-1,7.485636044E-3
4.345975438E1,9.524992108E-1,3.148807287E-1,3.265458345E-2
4.346979438E1,9.027947187E-1,3.857338727E-1,4.915712774E-2
4.347983538E1,8.576949239E-1,4.113945961E-1,4.996453598E-2
4.348987538E1,8.160422444E-1,3.836793602E-1,5.037119985E-2
4.349991537E1,7.728484869E-1,3.220200539E-1,5.471191928E-2
4.350995538E1,7.191085219E-1,2.260903269E-1,5.654097721E-2
4.351999538E1,6.669590473E-1,1.152485758E-1,5.091028661E-2
4.353003538E1,6.220964789E-1,-1.411580108E-2,2.961964719E-2
4.354007538E1,5.748909116E-1,-1.499155611E-1,-1.354709454E-2
4.355011638E1,5.245707631E-1,-2.510807812E-1,-8.073997498E-2
4.356015637E1,4.704121649E-1,-3.011541367E-1,-1.543274373E-1
4.357019638E1,4.113171697E-1,-2.855794430E-1,-1.957363933E-1
4.358023638E1,3.329429626E-1,-1.839256734E-1,-1.616945267E-1
4.359027638E1,2.278397232E-1,-3.245837986E-2,-5.754601955E-2
4.360031637E1,1.109405234E-1,8.083821088E-2,6.774391234E-2
4.361035638E1,1.957651787E-2,1.438725591E-1,1.772288531E-1
4.362039737E1,-4.185193777E-2,2.006066144E-1,2.361793816E-1
4.363043738E1,-7.774735242E-2,2.742025554E-1,2.523927093E-1
4.364047738E1,-1.012524217E-1,3.374422491E-1,2.265055329E-1
4.365051738E1,-1.130550206E-1,3.548273742E-1,1.380289346E-1
4.366055737E1,-1.166438982E-1,3.296269476E-1,1.489454182E-3
4.367059738E1,-9.118434042E-2,2.651587427E-1,-1.385467350E-1
4.368063738E1,-3.525289521E-2,1.357272267E-1,-2.327917367E-1
4.369067838E1,2.197310887E-2,-6.568818539E-2,-2.724142671E-1
4.370071838E1,4.757992551E-2,-2.977561653E-1,-2.894512117E-1
4.371075838E1,3.883170709E-2,-5.076518655E-1,-3.142383099E-1
4.372079837E1,3.946341202E-2,-6.064996123E-1,-2.965442538E-1
4.373083838E1,6.811024249E-2,-5.903400779E-1,-2.835991681E-1
4.374087838E1,1.568928510E-1,-4.951995015E-1,-3.463198543E-1
4.375091838E1,2.601132393E-1,-3.529225290E-1,-4.339999259E-1
4.376095938E1,3.454484046E-1,-2.962676883E-1,-4.158502817E-1
4.377099938E1,3.959192932E-1,-3.371743560E-1,-3.290317655E-1
4.378103937E1,4.081716835E-1,-3.799549937E-1,-2.429766506E-1
4.379107938E1,3.521989882E-1,-4.415475130E-1,-1.539810002E-1
4.380111938E1,2.731947005E-1,-5.092746615E-1,-6.801522523E-2
4.381115938E1,2.357866019E-1,-4.591752589E-1,-3.634464741E-2
4.382119938E1,2.263416946E-1,-3.062770665E-1,7.805055473E-3
4.383124038E1,1.846001148E-1,-1.352784187E-1,3.436769173E-2
4.384128037E1,1.234672368E-1,4.893643409E-2,1.413733885E-2
4.385132038E1,9.965138882E-2,1.667861044E-1,-1.352358423E-2
4.386136038E1,1.029246971E-1,2.279689014E-1,-4.654216766E-2
4.387140038E1,1.212523058E-1,2.760269940E-1,-3.647009283E-2
4.388144038E1,1.625850946E-1,2.397326231E-1,2.738851495E-2
4.389148037E1,2.205253541E-1,1.138111725E-1,1.306509823E-1
4.390152137E1,2.885326147E-1,4.714272916E-2,2.963528335E-1
4.391156138E1,3.364692628E-1,5.824464932E-2,4.591737092E-1
4.392160138E1,3.575060964E-1,2.725232765E-2,5.733518600E-1
4.393164138E1,3.823326230E-1,-6.951496005E-2,6.583149433E-1
4.394168137E1,4.032246172E-1,-1.804586798E-1,7.179257274E-1
4.395172138E1,4.099578857E-1,-2.513704002E-1,7.856288552E-1
4.396176138E1,4.210552573E-1,-3.018618226E-1,8.493676782E-1
4.397180238E1,4.564875662E-1,-3.350424170E-1,8.629820347E-1
4.398184238E1,5.101380348E-1,-3.367934823E-1,8.310629725E-1
4.399188238E1,5.594506860E-1,-3.191814721E-1,7.916327119E-1
4.400192237E1,5.890650749E-1,-2.637770474E-1,7.599071264E-1
4.401196238E1,5.958111286E-1,-1.852191389E-1,7.129244804E-1
4.402200238E1,5.773476958E-1,-8.563384414E-2,6.429024935E-1
4.403204317E1,5.427673459E-1,1.295398455E-2,5.481669307E-1
4.404208417E1,5.122954249E-1,9.187309444E-2,4.454351366E-1
4.405212417E1,4.905150533E-1,1.659965962E-1,3.473154902E-1
4.406216417E1,4.730441570E-1,2.404767573E-1,2.475628406E-1
4.407220417E1,4.680677950E-1,3.587767780E-1,1.671489626E-1
4.408224417E1,4.600785375E-1,4.621964395E-1,9.416231513E-2
4.409228417E1,4.357231259E-1,5.221388340E-1,3.598529473E-2
4.410232417E1,3.986506164E-1,5.187660456E-1,-5.772960139E-4
4.411236517E1,3.434512913E-1,4.684693217E-1,-2.846139111E-2
4.412240517E1,2.936275005E-1,3.693144619E-1,-6.176019460E-2
4.413244517E1,2.381967604E-1,2.069958746E-1,-8.144601434E-2
4.414248517E1,1.877378523E-1,2.118232101E-2,-1.021745503E-1
4.415252517E1,1.393631250E-1,-1.419243217E-1,-1.276609898E-1
4.416256517E1,1.144122183E-1,-2.520617843E-1,-1.429086328E-1
4.417260517E1,1.086113229E-1,-2.886480391E-1,-1.365455389E-1
4.418264617E1,1.074520648E-1,-2.405744046E-1,-1.224320084E-1
4.419268617E1,1.263000518E-1,-1.439594477E-1,-1.190290228E-1
4.420272617E1,1.499566585E-1,-1.826469228E-2,-1.282270104E-1
4.421276617E1,1.651089787E-1,1.015357450E-1,-1.448746920E-1
4.422280617E1,1.761717349E-1,1.860728562E-1,-1.761028320E-1
4.423284617E1,1.892888695E-1,2.802864611E-1,-1.863535941E-1
4.424288617E1,2.039040327E-1,4.377973974E-1,-1.387718916E-1
4.425292717E1,2.300599962E-1,5.786701441E-1,-7.996556163E-2
4.426296717E1,2.709160745E-1,6.074500680E-1,-3.907421976E-2
4.427300717E1,3.094850481E-1,4.959346950E-1,4.932921380E-3
4.428304717E1,3.586446345E-1,2.872855663E-1,6.881438941E-2
4.429308717E1,4.041154385E-1,5.110737309E-2,1.326487660E-1
4.430312717E1,4.254087210E-1,-1.364060342E-1,2.040585577E-1
4.431316817E1,4.286745489E-1,-2.384298593E-1,2.858271897E-1
4.432320817E1,4.087040424E-1,-2.303103954E-1,3.787547350E-1
4.433324817E1,3.763178587E-1,-9.536268562E-2,4.688332081E-1
4.434328817E1,3.548168540E-1,1.665356308E-1,5.558059812E-1
4.435332817E1,2.911303043E-1,3.971600831E-1,6.531085968E-1
4.436336817E1,1.427679807E-1,4.619300663E-1,7.299423218E-1
4.437340817E1,-7.728742808E-2,3.683042526E-1,7.704415321E-1
4.438344817E1,-3.135939837E-1,2.084288895E-1,8.058760166E-1
4.439348917E1,-4.283517301E-1,-2.717297338E-2,7.562911510E-1
4.440352917E1,-3.914429545E-1,-3.327026963E-1,6.235228181E-1
4.441356917E1,-2.879751325E-1,-5.697727799E-1,4.617576599E-1
4.442360917E1,-1.796798408E-1,-6.676760912E-1,3.064452410E-1
4.443364917E1,-8.802849799E-2,-6.103501916E-1,1.563287079E-1
4.444368917E1,-1.614842191E-2,-4.474190474E-1,-1.996946335E-2
4.445373017E1,8.181702346E-2,-2.339134216E-1,-1.998156607E-1
4.446377017E1,1.909309626E-1,-3.863157006E-3,-3.218296170E-1
4.447381017E1,2.512198687E-1,1.739382744E-1,-3.577660620E-1
4.448385017E1,2.568053305E-1,2.526872754E-1,-3.413371444E-1
4.449389017E1,2.064843625E-1,2.431547642E-1,-3.214052320E-1
4.450393017E1,1.394749582E-1,1.865733266E-1,-3.185691237E-1
4.451397017E1,8.665969223E-2,1.291939169E-1,-3.282683492E-1
4.452401017E1,6.045391783E-2,8.359498531E-2,-3.370077610E-1
4.453405117E1,7.153347135E-2,2.810243331E-2,-3.660359383E-1
4.454409117E1,9.583587199E-2,-2.418911085E-2,-3.963466287E-1
4.455413117E1,9.198733419E-2,-6.488274783E-2,-4.372746050E-1
4.456417117E1,7.354415208E-2,-1.185848340E-1,-5.022639036E-1
4.457421117E1,3.605164587E-2,-1.591543704E-1,-5.709764361E-1
4.458425117E1,-3.356286138E-2,-2.100915760E-1,-6.255924702E-1
4.459429117E1,-1.193693727E-1,-2.716060877E-1,-6.589503884E-1
4.460433217E1,-2.002149522E-1,-2.979356050E-1,-6.642207503E-1
4.461437217E1,-2.730502784E-1,-2.729210556E-1,-6.338138580E-1
4.462441217E1,-3.153809607E-1,-3.122831285E-1,-5.877536535E-1
4.463445217E1,-2.955643833E-1,-3.682015240E-1,-5.471210480E-1
4.464449217E1,-2.135187685E-1,-3.957923651E-1,-5.185417533E-1
4.465453217E1,-1.130222529E-1,-3.604833782E-1,-4.862266481E-1
4.466457217E1,-3.004908748E-2,-2.798826098E-1,-4.543131292E-1
4.467461317E1,-9.282290004E-3,-1.241926104E-1,-4.233208597E-1
4.468465317E1,-2.750630304E-2,5.607850477E-2,-3.822748959E-1
4.469469317E1,-5.428918079E-2,1.892192513E-1,-3.318873644E-1
4.470473317E1,-6.142725050E-2,2.627207339E-1,-2.912688255E-1
4.471477317E1,-4.428474978E-2,3.071569204E-1,-2.374157012E-1
4.472481317E1,-1.186183188E-2,3.073254824E-1,-1.668111980E-1
4.473485317E1,6.425563246E-3,2.263179719E-1,-9.692000598E-2
4.474489417E1,1.754640229E-2,1.163844168E-1,-2.725615352E-2
4.475493417E1,3.170829266E-2,1.968024671E-2,3.314833343E-2
4.476497417E1,3.905728459E-2,-5.220145732E-2,9.064664692E-2
4.477501417E1,4.651786387E-2,-1.011016294E-1,1.242054030E-1
4.478505417E1,4.102056846E-2,-1.572011709E-1,1.366419643E-1
4.479509417E1,3.973745555E-2,-1.958332509E-1,1.445725858E-1
4.480513417E1,2.331214398E-2,-1.892740130E-1,1.470471919E-1
4.481517517E1,3.630118072E-2,-1.306117624E-1,1.579048932E-1
4.482521517E1,2.214461751E-2,-3.454852104E-2,1.765457094E-1
4.483525517E1,-3.917342983E-3,9.869182855E-2,1.816017330E-1
4.484529517E1,-2.262978628E-2,2.677400410E-1,1.858829707E-1
4.485533517E1,-6.140594557E-2,3.944234252E-1,1.972490698E-1
4.486537517E1,-1.193275601E-1,4.630153775E-1,2.081451714E-1
4.487541517E1,-1.431426257E-1,4.178300500E-1,1.743531078E-1
4.488545617E1,-1.320255250E-1,2.283126265E-1,1.079793945E-1
4.489549617E1,-8.888684213E-2,-4.035399854E-2,3.497415781E-2
4.490553617E1,-5.839923769E-2,-3.015255928E-1,-2.595698833E-2
4.491557617E1,-5.611770600E-2,-4.946218133E-1,-9.876834601E-2
4.492561617E1,-5.981709808E-2,-6.086213589E-1,-1.616508663E-1
4.493565617E1,-2.167477272E-2,-6.734720469E-1,-1.892984658E-1
4.494569617E1,5.479070544E-2,-7.027618289E-1,-2.009711415E-1
4.495573717E1,1.076421961E-1,-6.325331926E-1,-2.023932636E-1
4.496577717E1,1.270891428E-1,-4.389645755E-1,-2.403066307E-1
4.497581717E1,1.769190133E-1,-1.312360317E-1,-3.520821929E-1
4.498585717E1,3.101353943E-1,2.198730856E-1,-5.223003030E-1
4.499589717E1,4.878494442E-1,4.778936803E-1,-5.984456539E-1
4.500593717E1,6.099790931E-1,4.261679947E-1,-6.081402898E-1
4.501597717E1,6.155983806E-1,2.710502222E-2,-5.520623922E-1
4.502601717E1,5.490055084E-1,-4.490545392E-1,-4.249722362E-1
4.503605775E1,5.159921646E-1,-7.873870134E-1,-3.177187443E-1
4.504609775E1,4.779395759E-1,-9.074822664E-1,-2.696297169E-1
4.505613775E1,3.977427185E-1,-8.827065825E-1,-2.121520340E-1
4.506617775E1,2.811836600E-1,-7.205827832E-1,-8.400474489E-2
4.507621775E1,1.841510981E-1,-5.073724985E-1,9.719939530E-2
4.508625775E1,1.179454476E-1,-3.346790671E-1,2.609538138E-1
4.509629775E1,7.897301763E-2,-2.246750742E-1,3.749533594E-1
4.510633875E1,1.063763946E-1,-1.883552670E-1,4.458940029E-1
4.511637875E1,2.300128490E-1,-1.478406042E-1,5.025570393E-1
4.512641875E1,4.150218666E-1,-2.482020669E-2,5.328719020E-1
4.513645875E1,5.889158845E-1,8.466447145E-2,5.099954009E-1
4.514649875E1,7.187998891E-1,1.955104470E-1,4.996040761E-1
4.515653875E1,7.933710217E-1,1.878109872E-1,5.586788654E-1
4.516657875E1,8.409947753E-1,8.998546004E-2,6.623032093E-1
4.517661975E1,8.899812102E-1,-4.363811761E-2,7.528796792E-1
4.518665975E1,9.381551147E-1,-1.461037695E-1,8.082950115E-1
4.519669975E1,9.736936688E-1,-2.226105332E-1,8.168570995E-1
4.520673975E1,1.021430373E0,-3.122619092E-1,7.910188437E-1
4.521677975E1,1.064556241E0,-3.475474417E-1,7.417242527E-1
4.522681975E1,1.019818306E0,-2.751798928E-1,7.150567770E-1
4.523685975E1,9.055516124E-1,-1.401067823E-1,6.823156476E-1
4.524690075E1,8.253905177E-1,-6.590247154E-2,5.601014495E-1
4.525694075E1,7.947521806E-1,3.099211305E-2,4.581793547E-1
4.526698075E1,7.372689247E-1,1.746168882E-1,3.601036966E-1
4.527702075E1,6.821781993E-1,2.462897450E-1,2.547567487E-1
4.528706075E1,6.630228758E-1,2.503032386E-1,1.781182736E-1
4.529710075E1,6.601464152E-1,2.515355051E-1,1.011899412E-1
4.530714075E1,6.291863322E-1,2.473239154E-1,3.346143663E-2
4.531718075E1,5.713043809E-1,2.599640787E-1,-2.839393914E-2
4.532722175E1,4.936692715E-1,2.992313504E-1,-6.430480629E-2
4.533726175E1,4.116183221E-1,3.257309198E-1,-8.679949492E-2
4.534730175E1,3.323727846E-1,3.326803446E-1,-9.966155142E-2
4.535734175E1,2.673104107E-1,3.082037568E-1,-1.254683733E-1
4.536738175E1,2.062830031E-1,2.579193413E-1,-1.558743417E-1
4.537742175E1,1.617674679E-1,1.660517305E-1,-1.842279583E-1
4.538746175E1,1.386531144E-1,7.077355683E-2,-2.065817118E-1
4.539750275E1,1.309046447E-1,1.913566142E-2,-2.147272676E-1
4.540754275E1,1.712099910E-1,3.319363669E-2,-2.019683719E-1
4.541758275E1,2.612898052E-1,9.278878570E-2,-1.877130121E-1
4.542762275E1,3.770622313E-1,1.386268735E-1,-1.948234886E-1
4.543766275E1,4.730926156E-1,1.276911348E-1,-2.241848409E-1
4.544770275E1,5.300874710E-1,1.312634945E-1,-2.473709434E-1
4.545774275E1,5.615245104E-1,1.889587492E-1,-2.265679240E-1
4.546778375E1,5.730937719E-1,2.206250280E-1,-1.636254191E-1
4.547782375E1,5.760996342E-1,1.519884467E-1,-4.827431962E-2
4.548786375E1,5.820420384E-1,-8.391562849E-3,1.097680777E-1
4.549790375E1,5.791074634E-1,-2.022481263E-1,2.895306349E-1
4.550794375E1,5.871909857E-1,-4.086094797E-1,4.451271892E-1
4.551798375E1,5.876013637E-1,-5.603760481E-1,5.630751252E-1
4.552802375E1,5.521913767E-1,-5.674286485E-1,6.108027697E-1
4.553806475E1,4.990195632E-1,-4.033092260E-1,6.121830940E-1
4.554810475E1,3.979126513E-1,-1.194029972E-1,6.066005826E-1
4.555814475E1,2.667578161E-1,1.852301359E-1,6.366950870E-1
4.556818475E1,1.462215483E-1,4.568967819E-1,6.731710434E-1
4.557822475E1,-1.936822198E-2,6.115031242E-1,6.686892509E-1
4.558826475E1,-2.212057263E-1,6.297913790E-1,6.289244294E-1
4.559830475E1,-3.225627244E-1,4.504112005E-1,5.726763606E-1
4.560834475E1,-2.821210027E-1,1.400485337E-1,5.408438444E-1
4.561838575E1,-1.814045161E-1,-1.610090435E-1,5.313491225E-1
4.562842575E1,-7.183274627E-2,-4.134661853E-1,4.603091180E-1
4.563846575E1,2.323464677E-2,-5.417767167E-1,3.518891633E-1
4.564850575E1,1.299672127E-1,-4.794723690E-1,2.440461367E-1
4.565854575E1,2.682079077E-1,-3.874817193E-1,1.282875836E-1
4.566858575E1,3.671432734E-1,-3.345419765E-1,-2.510957979E-2
4.567862575E1,3.465871215E-1,-2.942611277E-1,-1.198427454E-1
4.568866675E1,3.035160899E-1,-3.203532994E-1,-1.508973539E-1
4.569870675E1,2.375645041E-1,-3.603608906E-1,-2.282011956E-1
4.570874675E1,1.299504191E-1,-3.517985046E-1,-3.020399511E-1
4.571878675E1,-8.138741367E-3,-2.581758797E-1,-3.526701033E-1
4.572882675E1,-1.225931421E-1,-1.904219538E-1,-4.164703488E-1
4.573886675E1,-1.943631917E-1,-1.409406960E-1,-5.057471991E-1
4.574890675E1,-2.649513483E-1,-1.188227013E-1,-5.886659026E-1
4.575894675E1,-3.353884816E-1,-7.543261349E-2,-6.617672443E-1
4.576898775E1,-4.109868407E-1,3.345410153E-2,-7.012622356E-1
4.577902775E1,-4.802106619E-1,7.863516361E-2,-7.179112434E-1
4.578906775E1,-5.454357862E-1,5.737648159E-2,-7.270850539E-1
4.579910775E1,-6.232439876E-1,-2.678180858E-2,-7.354934812E-1
4.580914775E1,-7.174924612E-1,-7.294874638E-2,-7.373471856E-1
4.581918775E1,-7.967401743E-1,-1.079530641E-1,-6.920902133E-1
4.582922775E1,-8.473500609E-1,-2.203999460E-1,-6.407223344E-1
4.583926875E1,-8.578101993E-1,-3.133221567E-1,-6.103380919E-1
4.584930875E1,-8.223347664E-1,-3.213821948E-1,-5.677512288E-1
4.585934875E1,-7.722678185E-1,-2.455627918E-1,-5.003535151E-1
4.586938875E1,-7.239732742E-1,-1.138753295E-1,-4.162835777E-1
4.587942875E1,-6.828458309E-1,4.482749850E-2,-3.220010102E-1
4.588946875E1,-6.550202370E-1,1.922016442E-1,-2.360923588E-1
4.589950875E1,-6.209715009E-1,3.048411012E-1,-1.603105068E-1
4.590954875E1,-5.660936236E-1,3.651944995E-1,-9.911727905E-2
4.591958975E1,-5.283968449E-1,3.538776636E-1,-5.983512476E-2
4.592962975E1,-5.034145117E-1,2.903721929E-1,-3.532145172E-2
4.593966975E1,-4.690027535E-1,1.902828813E-1,-1.991506293E-2
4.594970975E1,-4.428992569E-1,9.609326720E-2,-4.700690974E-3
4.595974975E1,-4.167046547E-1,1.317058410E-2,2.296119183E-2
4.596978975E1,-3.878405094E-1,-7.427982986E-2,6.473468244E-2
4.597982975E1,-3.605713546E-1,-1.348060220E-1,9.471414983E-2
4.598987075E1,-3.372441828E-1,-1.681622714E-1,9.873492271E-2
4.599991075E1,-3.259965777E-1,-1.588180363E-1,8.366249502E-2
4.600995075E1,-3.102125823E-1,-8.238147944E-2,5.476340652E-2
4.601999075E1,-2.762420774E-1,4.575011879E-2,1.746370085E-2
4.603003037E1,-2.113509625E-1,1.843950748E-1,-6.698359735E-3
4.604007038E1,-1.534274817E-1,3.102965653E-1,-1.564584207E-3
4.605011038E1,-1.453562379E-1,4.207325876E-1,1.066814549E-2
4.606015038E1,-1.971786916E-1,5.191587806E-1,4.055920243E-2
4.607019138E1,-2.370912135E-1,5.695319772E-1,6.345570087E-2
4.608023138E1,-2.568814456E-1,4.569609463E-1,4.939155281E-2
4.609027137E1,-2.721730471E-1,1.458010226E-1,-1.083838288E-2
4.610031138E1,-2.977564335E-1,-2.025199383E-1,-5.707831681E-2
4.611035138E1,-3.535240889E-1,-4.940736294E-1,-8.621568233E-2
4.612039138E1,-3.667069972E-1,-6.832818985E-1,-1.034692377E-1
4.613043138E1,-3.210202157E-1,-7.124617100E-1,-9.205221385E-2
4.614047238E1,-2.573823631E-1,-5.858819485E-1,-8.558952063E-2
4.615051237E1,-2.422609627E-1,-3.295964599E-1,-9.743884206E-2
4.616055238E1,-2.465039045E-1,7.526022941E-2,-2.036968321E-1
4.617059238E1,-1.891436726E-1,5.140022039E-1,-4.541860819E-1
4.618063238E1,-7.751007378E-2,8.236410022E-1,-6.260039210E-1
4.619067237E1,6.331761181E-2,7.731381655E-1,-6.868951917E-1
4.620071238E1,2.798035741E-1,5.641687512E-1,-8.420826793E-1
4.621075238E1,4.690347612E-1,3.556815088E-1,-1.024138212E0
4.622079338E1,5.064231157E-1,-3.021932580E-2,-1.014235735E0
4.623083338E1,4.557711482E-1,-5.116757154E-1,-8.151302934E-1
4.624087338E1,4.069191813E-1,-6.386021972E-1,-5.277006030E-1
4.625091337E1,3.240799606E-1,-5.732169151E-1,-1.902184933E-1
4.626095338E1,2.330195606E-1,-5.901002884E-1,1.383407563E-1
4.627099338E1,1.631754786E-1,-6.089051962E-1,3.787305355E-1
4.628103338E1,1.413548738E-1,-5.597299337E-1,5.672596693E-1
4.629107438E1,1.888542324E-1,-4.119222462E-1,7.478322387E-1
4.630111438E1,3.112888038E-1,-2.347666323E-1,8.990446925E-1
4.631115437E1,5.292565823E-1,-2.154932544E-2,9.966681004E-1
4.632119438E1,7.589273453E-1,1.166556850E-1,9.718442559E-1
4.633123438E1,9.159057140E-1,1.595177799E-1,8.963034749E-1
4.634127438E1,1.002990007E0,1.830159128E-1,8.802278638E-1
4.635131438E1,1.040463924E0,1.424286366E-1,8.642436862E-1
4.636135437E1,1.034627914E0,6.354846805E-2,8.533273935E-1
4.637139537E1,1.000254989E0,-1.645758189E-2,8.740240932E-1
4.638143538E1,9.860123396E-1,-8.278467506E-2,9.368441105E-1
4.639147538E1,9.477640390E-1,-1.312092394E-1,9.791052938E-1
4.640151538E1,8.462004066E-1,-8.687132597E-2,9.309060574E-1
4.641155538E1,7.126013637E-1,2.829907276E-2,8.443810940E-1
4.642159537E1,5.768065453E-1,1.415942013E-1,7.210335732E-1
4.643163538E1,4.873503745E-1,2.954186201E-1,5.739147067E-1
4.644167638E1,4.298103750E-1,4.155660570E-1,4.053896368E-1
4.645171638E1,4.132324755E-1,4.223960042E-1,2.404791564E-1
4.646175638E1,4.327981770E-1,3.647798300E-1,1.308754385E-1
4.647179638E1,4.556904435E-1,3.121993840E-1,5.383837968E-2
4.648183637E1,4.455488622E-1,2.485357523E-1,5.634365603E-3
4.649187638E1,3.851595521E-1,1.636374593E-1,-2.089930326E-2
4.650191638E1,3.120097220E-1,7.849966735E-2,-4.971923679E-2
4.651195638E1,2.370803505E-1,1.223009825E-2,-9.493890405E-2
4.652199738E1,1.563482136E-1,-3.388652951E-2,-1.581671536E-1
4.653203738E1,7.092706859E-2,-6.756611913E-2,-2.243137211E-1
4.654207737E1,-2.403231338E-4,-7.660462707E-2,-2.657381296E-1
4.655211738E1,-3.838398308E-2,-4.477806762E-2,-2.951019108E-1
4.656215738E1,-5.592356250E-2,8.560787886E-3,-3.164697886E-1
4.657219738E1,-6.498656422E-2,7.268837094E-2,-3.205878437E-1
4.658223737E1,-6.480333954E-2,1.587335169E-1,-2.996005118E-1
4.659227837E1,-6.854136288E-2,2.669281065E-1,-2.779211104E-1
4.660231838E1,-9.114520997E-2,3.694315851E-1,-2.719774544E-1
4.661235838E1,-1.314223111E-1,4.156777859E-1,-2.842798829E-1
4.662239838E1,-2.043114305E-1,4.345113933E-1,-3.066059649E-1
4.663243838E1,-2.671900094E-1,4.377282262E-1,-3.105404079E-1
4.664247837E1,-2.705756724E-1,3.997907043E-1,-2.720537484E-1
4.665251838E1,-2.105224580E-1,3.131601512E-1,-1.679279953E-1
4.666255838E1,-1.441373080E-1,1.533233225E-1,2.359135821E-2
4.667259938E1,-9.277719259E-2,-9.634245187E-2,2.132082582E-1
4.668263938E1,-3.840476274E-2,-3.973379731E-1,3.778411448E-1
4.669267938E1,-2.185801044E-2,-5.840173960E-1,4.914386868E-1
4.670271937E1,-4.808349162E-2,-5.628220439E-1,5.099716187E-1
4.671275938E1,-6.175908819E-2,-3.677392900E-1,4.642124176E-1
4.672279938E1,-6.135881320E-2,-1.251618266E-1,4.162704647E-1
4.673283938E1,-2.866904438E-2,1.856334358E-1,4.804993570E-1
4.674287938E1,-6.092498079E-2,4.778956473E-1,6.643221974E-1
4.675292038E1,-2.436548471E-1,4.961871505E-1,7.459163666E-1
4.676296037E1,-4.360879362E-1,3.130154610E-1,7.857831120E-1
4.677300038E1,-5.662102699E-1,6.208734587E-2,7.975664139E-1
4.678304038E1,-6.372160316E-1,-1.682206988E-1,7.644976377E-1
4.679308038E1,-6.479617953E-1,-2.854744792E-1,6.615056396E-1
4.680312037E1,-6.007874012E-1,-2.445089668E-1,5.072417855E-1
4.681316038E1,-5.134751797E-1,-5.606423691E-2,3.029320240E-1
4.682320137E1,-3.901769221E-1,8.925860375E-2,1.128014773E-1
4.683324138E1,-2.491073906E-1,1.179519668E-1,-4.237403721E-2
4.684328138E1,-1.902459562E-1,2.705401182E-2,-2.078420967E-1
4.685332138E1,-2.068883330E-1,-1.376678795E-1,-3.733961284E-1
4.686336137E1,-2.177883834E-1,-2.989878058E-1,-4.835239649E-1
4.687340138E1,-2.343619913E-1,-3.617230356E-1,-5.259478092E-1
4.688344138E1,-2.676898539E-1,-3.408489227E-1,-5.513396859E-1
4.689348138E1,-2.964323163E-1,-3.152729869E-1,-5.760928988E-1
4.690352238E1,-3.053539097E-1,-3.637252152E-1,-6.026656032E-1
4.691356238E1,-3.284352422E-1,-4.088139236E-1,-6.380680203E-1
4.692360237E1,-3.760128915E-1,-3.551650643E-1,-6.535601616E-1
4.693364238E1,-4.184298515E-1,-2.295281887E-1,-6.373977661E-1
4.694368238E1,-4.452438951E-1,-1.070390120E-1,-6.147677898E-1
4.695372238E1,-4.644918740E-1,-5.015216768E-2,-5.649868846E-1
4.696376238E1,-5.094998479E-1,-7.068647444E-2,-5.313940048E-1
4.697380338E1,-5.615207553E-1,-1.097882465E-1,-5.209492445E-1
4.698384337E1,-6.094331145E-1,-1.311843544E-1,-5.221181512E-1
4.699388338E1,-6.593719125E-1,-1.387499124E-1,-5.356452465E-1
4.700392338E1,-6.993901730E-1,-1.213861033E-1,-5.642302632E-1
4.701396338E1,-7.092382312E-1,-5.401545018E-2,-5.710430741E-1
4.702400338E1,-6.869321465E-1,8.877126127E-2,-5.283427835E-1
4.703404354E1,-6.489945650E-1,2.411272824E-1,-4.620975256E-1
4.704408354E1,-6.256453395E-1,3.188409507E-1,-4.102244675E-1
4.705412454E1,-6.112973094E-1,3.229662776E-1,-3.735207319E-1
4.706416454E1,-5.836372375E-1,2.892618477E-1,-3.466379941E-1
4.707420454E1,-5.361295938E-1,2.322401851E-1,-3.261737823E-1
4.708424454E1,-4.841489494E-1,1.598623842E-1,-3.115498126E-1
4.709428454E1,-4.347494245E-1,8.144478500E-2,-2.862830162E-1
4.710432454E1,-3.936440647E-1,3.601392731E-2,-2.240116298E-1
4.711436454E1,-3.736703694E-1,-3.859636607E-3,-1.580552310E-1
4.712440454E1,-3.729710281E-1,-3.459224850E-2,-7.712575048E-2
4.713444554E1,-3.660135269E-1,-8.753433079E-2,-3.030364867E-3
4.714448554E1,-3.415023088E-1,-2.048537731E-1,3.832080215E-2
4.715452554E1,-3.037663996E-1,-3.549377322E-1,3.494420275E-2
4.716456554E1,-2.420910448E-1,-4.562936425E-1,-9.633920155E-3
4.717460554E1,-1.627376229E-1,-3.577470481E-1,-5.763784796E-2
4.718464554E1,-1.000849009E-1,-2.621148154E-2,-7.163728774E-2
4.719468554E1,-6.956268102E-2,3.931408525E-1,-3.940029442E-2
4.720472654E1,-6.803961843E-2,7.142421603E-1,4.016723484E-2
4.721476654E1,-1.208442375E-1,8.233603835E-1,1.644635648E-1
4.722480654E1,-1.786122024E-1,7.331007719E-1,2.714363337E-1
4.723484654E1,-1.807440519E-1,5.664423108E-1,2.529985607E-1
4.724488654E1,-1.541595906E-1,3.690650463E-1,1.107018739E-1
4.725492654E1,-1.143421233E-1,9.059540182E-2,-7.277133316E-2
4.726496654E1,-1.193030626E-1,-2.541161776E-1,-2.443670630E-1
4.727500654E1,-2.194773406E-1,-5.582597256E-1,-3.691653013E-1
4.728504754E1,-3.302344680E-1,-7.141137719E-1,-4.394892752E-1
4.729508754E1,-3.441324532E-1,-7.316276431E-1,-4.761770964E-1
4.730512754E1,-3.120554686E-1,-6.062631011E-1,-4.987827837E-1
4.731516754E1,-3.639152050E-1,-3.276159465E-1,-5.102788806E-1
4.732520754E1,-4.470010400E-1,-2.721269988E-2,-6.309648156E-1
4.733524754E1,-3.928605914E-1,2.620388269E-1,-6.685667038E-1
4.734528754E1,-2.054784298E-1,4.440277815E-1,-6.615572572E-1
4.735532854E1,-1.204718649E-2,5.235356092E-1,-7.732173800E-1
4.736536854E1,4.298251122E-2,4.152810276E-1,-8.617981076E-1
4.737540854E1,4.187976941E-3,9.856045246E-2,-7.792893648E-1
4.738544854E1,-5.005255342E-3,-2.619569600E-1,-6.155105233E-1
4.739548854E1,9.642064106E-4,-4.637636542E-1,-4.689755440E-1
4.740552854E1,-4.332815856E-2,-4.729233384E-1,-3.552194238E-1
4.741556854E1,-1.159227118E-1,-4.514914453E-1,-2.147433758E-1
4.742560854E1,-1.699401438E-1,-3.997379839E-1,-1.420841087E-2
4.743564954E1,-2.272785306E-1,-3.301929533E-1,1.911137551E-1
4.744568954E1,-2.697828412E-1,-2.969503105E-1,3.628229499E-1
4.745572954E1,-2.418178171E-1,-2.473726571E-1,5.088028908E-1
4.746576954E1,-1.201571524E-1,-1.504056305E-1,6.547744870E-1
4.747580954E1,1.056464389E-1,3.893294185E-2,7.701532841E-1
4.748584954E1,3.113921285E-1,2.482723147E-1,8.178145289E-1
4.749588954E1,4.394105375E-1,3.220854104E-1,8.285902739E-1
4.750593054E1,5.102524757E-1,2.931043506E-1,8.246868849E-1
4.751597054E1,5.488510132E-1,1.881613731E-1,8.464862108E-1
4.752601054E1,5.943670869E-1,3.342480212E-2,8.743196726E-1
4.753605054E1,6.615118384E-1,-1.160389334E-1,8.870350718E-1
4.754609054E1,7.283901572E-1,-1.888777167E-1,8.532336950E-1
4.755613054E1,7.731168866E-1,-1.814690828E-1,8.169637322E-1
4.756617054E1,7.840278745E-1,-1.478999406E-1,7.977557182E-1
4.757621054E1,7.528307438E-1,-7.344093174E-2,8.172281981E-1
4.758625154E1,6.574707031E-1,3.819904849E-2,7.924117446E-1
4.759629154E1,5.585218072E-1,1.200195253E-1,6.967005730E-1
4.760633154E1,5.096279979E-1,2.016219795E-1,5.703746080E-1
4.761637154E1,4.852795005E-1,2.279780358E-1,4.289898574E-1
4.762641154E1,4.879658222E-1,2.592251897E-1,3.129479289E-1
4.763645154E1,4.953393340E-1,3.007962704E-1,2.099117935E-1
4.764649154E1,5.113422275E-1,3.166434169E-1,1.425026655E-1
4.765653254E1,5.306589603E-1,3.286343515E-1,8.378968388E-2
4.766657254E1,5.374478698E-1,3.412015438E-1,3.838864714E-2
4.767661254E1,5.241538882E-1,3.448143899E-1,-1.464225119E-3
4.768665254E1,5.011093020E-1,3.234555721E-1,-4.465883598E-2
4.769669254E1,4.689047933E-1,2.706404030E-1,-8.765733987E-2
4.770673254E1,4.214579165E-1,1.908054948E-1,-1.333968639E-1
4.771677254E1,3.721089959E-1,9.026562423E-2,-1.769101918E-1
4.772681254E1,3.303767443E-1,6.721199956E-3,-2.205213308E-1
4.773685354E1,3.020047545E-1,-5.805490166E-2,-2.520925403E-1
4.774689354E1,2.934567928E-1,-9.206319600E-2,-2.819303274E-1
4.775693354E1,2.962808311E-1,-1.012583524E-1,-2.912992239E-1
4.776697354E1,3.036141098E-1,-8.740165830E-2,-2.924763262E-1
4.777701354E1,3.069502413E-1,-4.056056589E-2,-2.796678245E-1
4.778705354E1,2.757510543E-1,6.455306709E-2,-2.544775307E-1
4.779709354E1,2.011479139E-1,2.158285528E-1,-2.323875278E-1
4.780713354E1,1.342817992E-1,3.635482490E-1,-1.794396341E-1
4.781717454E1,1.088358089E-1,4.216632843E-1,-9.650637209E-2
4.782721454E1,9.399002045E-2,3.740427792E-1,-2.280269749E-3
4.783725454E1,8.817821741E-2,2.680962086E-1,1.138076633E-1
4.784729454E1,9.129491448E-2,1.082865596E-1,2.435140014E-1
4.785733454E1,1.122164354E-1,-8.897141367E-2,3.536382318E-1
4.786737454E1,1.421327889E-1,-2.475711703E-1,4.596935511E-1
4.787741454E1,1.486197114E-1,-3.438283205E-1,5.217540264E-1
4.788745554E1,1.387505680E-1,-2.426561564E-1,5.359694362E-1
4.789749554E1,1.467712224E-1,4.294256121E-2,5.202756524E-1
4.790753554E1,1.872278303E-1,3.650276661E-1,5.426818728E-1
4.791757554E1,1.844094098E-1,5.717208982E-1,6.651479006E-1
4.792761554E1,4.904199392E-2,6.387276649E-1,7.775233984E-1
4.793765554E1,-9.030951560E-2,6.430363655E-1,8.640307188E-1
4.794769554E1,-1.400517672E-1,4.830051661E-1,8.706169724E-1
4.795773554E1,-3.731793165E-2,2.029032260E-1,8.204096556E-1
4.796777654E1,1.372884959E-1,-1.232841983E-1,6.860315800E-1
4.797781654E1,2.275321037E-1,-3.326877356E-1,4.940375984E-1
4.798785654E1,2.305036485E-1,-3.587944210E-1,2.872785628E-1
4.799789654E1,2.684995234E-1,-3.008008301E-1,9.140241891E-2
4.800793654E1,3.446491361E-1,-2.702362835E-1,-9.999470413E-2
4.801797654E1,3.965240717E-1,-3.498778343E-1,-2.469835281E-1
4.802801654E1,3.810939789E-1,-4.728735387E-1,-3.400634229E-1
4.803805675E1,2.632573545E-1,-5.890570283E-1,-4.116163850E-1
4.804809775E1,8.914546669E-2,-6.064085960E-1,-4.691571891E-1
4.805813775E1,-1.115684584E-1,-5.216233134E-1,-4.916524589E-1
4.806817775E1,-2.978158295E-1,-4.108847976E-1,-5.117723942E-1
4.807821775E1,-4.167542160E-1,-3.270371556E-1,-5.539801121E-1
4.808825775E1,-4.996134043E-1,-2.437817007E-1,-6.294311881E-1
4.809829775E1,-5.766666532E-1,-1.517327726E-1,-7.116540670E-1
4.810833775E1,-6.404493451E-1,-2.777886949E-2,-7.796267271E-1
4.811837775E1,-7.003541589E-1,-4.224430770E-3,-8.363451362E-1
4.812841875E1,-7.571849823E-1,-2.153338119E-2,-8.944614530E-1
4.813845875E1,-8.242138624E-1,-4.687723517E-2,-9.408394694E-1
4.814849875E1,-8.978167176E-1,-4.669347405E-2,-9.449148774E-1
4.815853875E1,-9.632055163E-1,-5.306949466E-2,-9.160713553E-1
4.816857875E1,-1.002083898E0,-1.016993448E-1,-8.575068116E-1
4.817861875E1,-9.904835224E-1,-1.180175021E-1,-7.815431356E-1
4.818865875E1,-9.396421909E-1,-8.060648292E-2,-6.870014668E-1
4.819869975E1,-8.599891663E-1,7.521713618E-3,-5.694819689E-1
4.820873975E1,-7.571346760E-1,9.409788996E-2,-4.513822198E-1
4.821877975E1,-6.470175385E-1,1.586946994E-1,-3.513171971E-1
4.822881975E1,-5.568007827E-1,1.995382607E-1,-2.561363578E-1
4.823885975E1,-4.946071804E-1,1.959516108E-1,-1.594723761E-1
4.824889975E1,-4.484804273E-1,1.514933258E-1,-6.571339071E-2
4.825893975E1,-4.134556055E-1,6.147398427E-2,-3.616038244E-3
4.826897975E1,-3.800659478E-1,-3.499422967E-2,2.999864705E-2
4.827902075E1,-3.462877572E-1,-1.194412485E-1,5.168533325E-2
4.828906075E1,-3.108578622E-1,-1.743542999E-1,6.360591203E-2
4.829910075E1,-2.859248221E-1,-2.035917193E-1,7.524910569E-2
4.830914075E1,-2.717280686E-1,-2.373222560E-1,7.938898355E-2
4.831918075E1,-2.456697971E-1,-2.678710818E-1,7.776345313E-2
4.832922075E1,-2.339127362E-1,-2.521573603E-1,6.701359898E-2
4.833926075E1,-2.311297506E-1,-1.704866141E-1,6.242242455E-2
4.834930075E1,-2.074686289E-1,-9.648736566E-3,7.003400475E-2
4.835934175E1,-1.922028363E-1,1.515388340E-1,1.112376153E-1
4.836938175E1,-1.991017610E-1,2.467670888E-1,1.693983972E-1
4.837942175E1,-2.066989541E-1,3.093332946E-1,1.949267238E-1
4.838946175E1,-2.456064075E-1,3.639443517E-1,1.849135011E-1
4.839950175E1,-3.070431352E-1,3.949735463E-1,1.470804214E-1
4.840954175E1,-3.401606083E-1,3.524516523E-1,8.587247133E-2
4.841958175E1,-3.547981381E-1,1.494946033E-1,4.374105483E-3
4.842962275E1,-3.576738238E-1,-1.482257694E-1,-1.061169878E-1
4.843966275E1,-3.555392921E-1,-4.076949656E-1,-2.377165854E-1
4.844970275E1,-3.149348795E-1,-4.957364202E-1,-3.646340370E-1
4.845974275E1,-2.270154208E-1,-4.645744264E-1,-4.572550654E-1
4.846978275E1,-1.733793467E-1,-3.292075396E-1,-5.279278755E-1
4.847982275E1,-1.704501361E-1,-1.040705666E-1,-6.663349867E-1
4.848986275E1,-1.501635313E-1,1.360125244E-1,-8.653261662E-1
4.849990275E1,-4.473269731E-2,3.668036461E-1,-9.445714355E-1
4.850994375E1,1.190112233E-1,4.766204059E-1,-9.602878094E-1
4.851998375E1,1.832280308E-1,4.185920060E-1,-9.736641049E-1
4.853002375E1,5.313687027E-2,8.459552377E-2,-8.734986186E-1
4.854006375E1,-5.516296625E-2,-3.056335151E-1,-6.488168240E-1
4.855010375E1,-2.759684809E-2,-5.453752279E-1,-4.175798893E-1
4.856014375E1,1.184030809E-2,-5.299121141E-1,-2.340863347E-1
4.857018375E1,-4.369831830E-2,-3.835996687E-1,-7.748659700E-2
4.858022375E1,-1.441508979E-1,-2.379746735E-1,8.892813325E-2
4.859026475E1,-2.042856067E-1,-1.258097887E-1,2.512243390E-1
4.860030475E1,-2.132982761E-1,-4.233476520E-2,3.656195700E-1
4.861034475E1,-1.746486127E-1,-1.360192057E-2,4.177701175E-1
4.862038475E1,-6.860475242E-2,-3.445229307E-2,4.693839252E-1
4.863042475E1,9.345339239E-2,-5.100517347E-2,5.365943909E-1
4.864046475E1,2.809481919E-1,-1.981203072E-2,6.106032133E-1
4.865050475E1,4.142111838E-1,-1.127824187E-3,6.801431179E-1
4.866054575E1,4.895309806E-1,-2.537687309E-2,7.413150668E-1
4.867058575E1,5.394065976E-1,-9.858131409E-2,7.654065490E-1
4.868062575E1,6.135287881E-1,-1.426712722E-1,7.950692773E-1
4.869066575E1,6.809254289E-1,-1.721061319E-1,8.233725429E-1
4.870070575E1,7.293784022E-1,-1.817517877E-1,8.194677830E-1
4.871074575E1,7.475294471E-1,-1.231606454E-1,7.921280265E-1
4.872078575E1,7.135281563E-1,-7.750553638E-2,7.499288917E-1
4.873082575E1,6.669878364E-1,-7.299573720E-2,7.188535333E-1
4.874086675E1,6.055305004E-1,-6.939359009E-2,7.014820576E-1
4.875090675E1,5.153542757E-1,-6.952052005E-3,6.604065299E-1
4.876094675E1,4.188344181E-1,4.642907903E-2,5.690084696E-1
4.877098675E1,3.295615315E-1,1.438525766E-1,4.725841582E-1
4.878102675E1,2.605073750E-1,2.381873876E-1,3.574780524E-1
4.879106675E1,2.149111181E-1,3.244804740E-1,2.442532331E-1
4.880110675E1,2.012853473E-1,4.204868376E-1,1.481192708E-1
4.881114675E1,1.958253384E-1,5.032142401E-1,7.621764392E-2
4.882118775E1,1.872765720E-1,5.199592710E-1,2.253398858E-2
4.883122775E1,1.735117584E-1,4.812864363E-1,-7.812467404E-3
4.884126775E1,1.522621363E-1,4.059433043E-1,-1.448241621E-2
4.885130775E1,1.153672189E-1,2.999550998E-1,-1.241607033E-2
4.886134775E1,6.797626615E-2,1.969956458E-1,-1.684655622E-2
4.887138775E1,2.109823935E-2,1.192984432E-1,-4.127653316E-2
4.888142775E1,-2.344205230E-2,6.757025421E-2,-8.287315071E-2
4.889146875E1,-4.035978392E-2,6.608793885E-2,-1.402115375E-1
4.890150875E1,-2.341968566E-2,8.838582039E-2,-2.071559727E-1
4.891154875E1,2.224473841E-2,9.127614647E-2,-2.608809769E-1
4.892158875E1,7.626670599E-2,4.479504377E-2,-3.048277497E-1
4.893162875E1,1.370376348E-1,2.821393497E-2,-3.317597508E-1
4.894166875E1,1.897647679E-1,6.077791378E-2,-3.377471864E-1
4.895170875E1,2.213125676E-1,1.028577238E-1,-3.439816535E-1
4.896174875E1,2.195870876E-1,1.191040576E-1,-3.310735822E-1
4.897178975E1,1.947837472E-1,9.562349319E-2,-2.960753739E-1
4.898182975E1,1.913485378E-1,5.392574891E-2,-2.167976201E-1
4.899186975E1,2.048134804E-1,5.483841524E-2,-9.515534341E-2
4.900190975E1,2.047178745E-1,9.450602531E-2,3.974187374E-2
4.901194975E1,2.036701888E-1,1.031684875E-1,1.737872958E-1
4.902198975E1,2.105946839E-1,4.151480272E-2,2.660081685E-1
4.903202925E1,2.199996263E-1,-1.175219864E-1,2.995669246E-1
4.904206925E1,2.342547327E-1,-3.089528382E-1,3.315503597E-1
4.905211025E1,2.506667078E-1,-4.254163206E-1,3.623428941E-1
4.906215025E1,2.678478360E-1,-4.190995395E-1,3.747670352E-1
4.907219025E1,2.498054504E-1,-3.189974427E-1,3.769716024E-1
4.908223025E1,1.532887816E-1,-1.837060004E-1,3.799148798E-1
4.909227025E1,5.163325742E-2,1.475701574E-2,4.352265894E-1
4.910231025E1,-9.624506347E-3,1.712891012E-1,4.679602981E-1
4.911235025E1,-1.472579986E-1,1.345787644E-1,4.609138668E-1
4.912239125E1,-3.013058901E-1,3.042452270E-3,4.624976218E-1
4.913243125E1,-3.743891716E-1,-6.825250387E-2,4.770376980E-1
4.914247125E1,-3.868823051E-1,-1.767237335E-1,4.569739699E-1
4.915251125E1,-3.223829567E-1,-2.619427741E-1,4.300251901E-1
4.916255125E1,-2.064789832E-1,-3.005528152E-1,3.942198157E-1
4.917259125E1,-1.125455573E-1,-3.135980368E-1,3.418002725E-1
4.918263125E1,-3.630485013E-2,-2.039818019E-1,2.846716046E-1
4.919267225E1,2.952050045E-2,-7.851656526E-2,1.875708848E-1
4.920271225E1,6.307392567E-2,-3.639769275E-3,4.313149303E-2
4.921275225E1,9.158706665E-2,2.246773243E-2,-7.012049854E-2
4.922279225E1,7.858978212E-2,9.325551987E-2,-1.331248903E-3
4.923283225E1,-3.835894540E-2,2.455634996E-2,-1.013851464E-1
4.924287225E1,-7.816123217E-2,-5.449333042E-2,-2.824423611E-1
4.925291225E1,-6.541267782E-2,-7.971635088E-3,-3.899123669E-1
4.926295225E1,-5.351500213E-2,3.607559204E-2,-5.063669086E-1
4.927299325E1,-5.272484198E-2,4.351486918E-3,-6.104016900E-1
4.928303325E1,-9.410104156E-2,-2.954007499E-2,-6.866359115E-1
4.929307325E1,-1.605266780E-1,2.101178095E-2,-7.486966252E-1
4.930311325E1,-2.262217999E-1,1.737047359E-2,-7.831246257E-1
4.931315325E1,-2.876262963E-1,-6.637954712E-2,-7.887539864E-1
4.932319325E1,-3.627775013E-1,-2.095312178E-1,-7.656374574E-1
4.933323325E1,-4.288854301E-1,-3.356348574E-1,-7.619737387E-1
4.934327325E1,-4.896350503E-1,-3.867574930E-1,-7.526949644E-1
4.935331425E1,-5.516622663E-1,-3.531726301E-1,-7.302873731E-1
4.936335425E1,-6.017302275E-1,-3.045327067E-1,-6.820114851E-1
4.937339425E1,-6.130264997E-1,-3.036639690E-1,-6.249788404E-1
4.938343425E1,-5.873829722E-1,-2.785489857E-1,-5.534871221E-1
4.939347425E1,-5.391584039E-1,-2.377613485E-1,-4.811253548E-1
4.940351425E1,-4.910500050E-1,-1.848916411E-1,-4.058734477E-1
4.941355425E1,-4.546102285E-1,-7.853537798E-2,-3.355689049E-1
4.942359525E1,-4.225265980E-1,9.391253442E-2,-2.735168040E-1
4.943363525E1,-3.863102794E-1,2.744191885E-1,-2.025757879E-1
4.944367525E1,-3.415414691E-1,4.274580479E-1,-1.312427670E-1
4.945371525E1,-2.914870977E-1,4.926812649E-1,-5.838187784E-2
4.946375525E1,-2.379546016E-1,4.494814873E-1,1.030547637E-2
4.947379525E1,-1.924403757E-1,3.511027098E-1,7.556118071E-2
4.948383525E1,-1.543832719E-1,2.156165242E-1,1.295650303E-1
4.949387525E1,-1.502641588E-1,6.468426436E-2,1.841409206E-1
4.950391625E1,-1.561641544E-1,-6.483429670E-2,2.387500107E-1
4.951395625E1,-1.542232335E-1,-1.398283839E-1,2.701697052E-1
4.952399625E1,-1.534056515E-1,-1.428206563E-1,2.842049897E-1
4.953403625E1,-1.572344750E-1,-8.139963448E-2,2.893840373E-1
4.954407625E1,-1.632976979E-1,1.744782925E-2,2.984842360E-1
4.955411625E1,-1.710530967E-1,1.120220050E-1,3.029610217E-1
4.956415625E1,-1.671928167E-1,1.862893403E-1,2.883755565E-1
4.957419725E1,-1.727902442E-1,2.457524091E-1,2.663067281E-1
4.958423725E1,-1.967430115E-1,3.204642832E-1,2.266508192E-1
4.959427725E1,-2.256838530E-1,3.869687319E-1,1.692271978E-1
4.960431725E1,-2.775049508E-1,4.105049670E-1,9.728232771E-2
4.961435725E1,-3.375054300E-1,3.765622079E-1,2.294294070E-3
4.962439725E1,-4.127520025E-1,2.499095798E-1,-8.883420378E-2
4.963443725E1,-5.158655643E-1,3.428248316E-2,-1.689018607E-1
4.964447725E1,-6.389204264E-1,-2.414914519E-1,-2.675186396E-1
4.965451825E1,-7.561626434E-1,-4.881395698E-1,-3.508558869E-1
4.966455825E1,-8.329468966E-1,-6.965966821E-1,-3.789917827E-1
4.967459825E1,-8.355925083E-1,-8.036655784E-1,-3.732633293E-1
4.968463825E1,-8.508279324E-1,-7.585595250E-1,-3.603870869E-1
4.969467825E1,-9.300497770E-1,-5.819288492E-1,-3.422730863E-1
4.970471825E1,-9.781072140E-1,-3.478951156E-1,-3.522542119E-1
4.971475825E1,-9.799565077E-1,2.991930209E-2,-4.523712397E-1
4.972479825E1,-9.322921038E-1,5.218842030E-1,-5.465657115E-1
4.973483925E1,-8.321950436E-1,9.233754277E-1,-5.937489271E-1
4.974487925E1,-6.908552647E-1,1.086071968E0,-7.504946589E-1
4.975491925E1,-5.527805090E-1,1.019709468E0,-9.702088833E-1
4.976495925E1,-3.886911273E-1,7.307696939E-1,-1.089754343E0
4.977499925E1,-2.012794316E-1,3.200479448E-1,-1.074870229E0
4.978503925E1,-9.317560494E-2,-8.389427513E-2,-9.834991693E-1
4.979507925E1,-1.249023750E-1,-3.728163540E-1,-8.357078433E-1
4.980512025E1,-2.336416245E-1,-5.569649935E-1,-6.291463375E-1
4.981516025E1,-3.391917646E-1,-7.204582691E-1,-3.759393990E-1
4.982520025E1,-3.960752785E-1,-8.731730580E-1,-7.988665998E-2
4.983524025E1,-4.253359735E-1,-9.638512731E-1,2.269869894E-1
4.984528025E1,-4.146785140E-1,-9.678198099E-1,4.795897603E-1
4.985532025E1,-3.085632622E-1,-9.015464783E-1,6.635255218E-1
4.986536025E1,-1.484921277E-1,-7.307186127E-1,8.042359352E-1
4.987540025E1,1.840179041E-2,-4.611257613E-1,9.199841022E-1
4.988544125E1,1.375071555E-1,-1.618724316E-1,1.000674725E0
4.989548125E1,2.136059105E-1,5.634697899E-2,1.033326149E0
4.990552125E1,2.626000941E-1,1.417117417E-1,1.006477118E0
4.991556125E1,3.210303783E-1,2.150783688E-1,9.655631781E-1
4.992560125E1,3.735524416E-1,2.940872312E-1,9.134135842E-1
4.993564125E1,4.008754194E-1,3.828650415E-1,8.615972400E-1
4.994568125E1,4.122180641E-1,4.058435261E-1,8.289460540E-1
4.995572225E1,4.407000542E-1,4.146159887E-1,7.944389582E-1
4.996576225E1,4.478282630E-1,4.104785323E-1,7.250686884E-1
4.997580225E1,4.139568508E-1,4.619491696E-1,6.138060689E-1
4.998584225E1,3.557420075E-1,5.160809755E-1,4.851240516E-1
4.999588225E1,3.006135225E-1,5.530179739E-1,3.342181444E-1
5.000592225E1,2.563467324E-1,5.653607249E-1,1.824617684E-1
5.001596225E1,1.876835078E-1,5.439385176E-1,5.310085788E-2
5.002600225E1,1.054794490E-1,4.848679900E-1,-2.601207234E-2
5.003604363E1,3.122093342E-2,3.648995161E-1,-5.403092131E-2
5.004608362E1,-5.803651363E-2,2.112226039E-1,-5.587534234E-2
5.005612363E1,-1.592667252E-1,5.337172747E-2,-5.068750679E-2
5.006616363E1,-2.507036924E-1,-4.439025372E-2,-3.372876346E-2
5.007620363E1,-3.339040577E-1,-7.976289093E-2,-2.439784631E-2
5.008624363E1,-4.004063904E-1,-9.713483602E-2,-3.573296219E-2
5.009628362E1,-4.515872598E-1,-1.126067340E-1,-6.523306668E-2
5.010632462E1,-4.881111979E-1,-1.135995239E-1,-9.223780781E-2
5.011636463E1,-5.091661811E-1,-8.992055804E-2,-1.149236783E-1
5.012640463E1,-5.239885449E-1,-4.254735634E-2,-1.326987296E-1
5.013644463E1,-5.279449224E-1,7.883327082E-3,-1.480169743E-1
5.014648463E1,-5.096593499E-1,6.427271664E-2,-1.569225192E-1
5.015652462E1,-4.756302834E-1,1.190768406E-1,-1.663357168E-1
5.016656463E1,-4.252478182E-1,1.630890518E-1,-1.800819933E-1
5.017660463E1,-3.576014042E-1,1.974592805E-1,-1.745149195E-1
5.018664563E1,-2.753587067E-1,2.232748717E-1,-1.584911048E-1
5.019668563E1,-2.109291255E-1,2.271103561E-1,-1.317284703E-1
5.020672563E1,-1.622494757E-1,2.311309278E-1,-8.874699473E-2
5.021676562E1,-1.176172867E-1,2.444105148E-1,-4.740435258E-2
5.022680563E1,-9.158302844E-2,2.591694891E-1,-1.815822907E-2
5.023684563E1,-6.136360392E-2,2.518990636E-1,1.084226277E-2
5.024688563E1,-8.411707357E-3,2.051151544E-1,6.013925001E-2
5.025692663E1,4.488799721E-2,8.621513844E-2,1.272008419E-1
5.026696663E1,9.726598114E-2,-9.146347642E-2,1.945423931E-1
5.027700662E1,1.294678450E-1,-2.391219139E-1,2.708930969E-1
5.028704663E1,1.376243383E-1,-2.767709494E-1,3.378958702E-1
5.029708663E1,1.208134070E-1,-2.155222446E-1,3.825783730E-1
5.030712663E1,7.769548893E-2,-9.272263199E-2,4.233454764E-1
5.031716662E1,3.275052179E-3,1.312081963E-1,4.785938263E-1
5.032720663E1,-7.065669447E-2,4.291321933E-1,5.764164329E-1
5.033724763E1,-1.670103818E-1,6.026291847E-1,6.823662519E-1
5.034728763E1,-3.012366593E-1,5.722219944E-1,7.452190518E-1
5.035732763E1,-4.563090503E-1,3.880971372E-1,7.503328323E-1
5.036736763E1,-5.307230949E-1,9.680022299E-2,6.895121932E-1
5.037740762E1,-4.797944129E-1,-2.431688011E-1,5.864979029E-1
5.038744763E1,-3.824063241E-1,-5.601004958E-1,4.516947567E-1
5.039748763E1,-2.875578701E-1,-7.208499312E-1,3.072755337E-1
5.040752863E1,-1.662122458E-1,-6.645029187E-1,1.527901739E-1
5.041756863E1,1.126027573E-2,-4.722155333E-1,-1.787503995E-2
5.042760863E1,1.875021458E-1,-2.563931942E-1,-1.918663681E-1
5.043764862E1,2.701400220E-1,-9.486155957E-2,-3.642717004E-1
5.044768863E1,2.824297249E-1,-3.069125814E-3,-4.329533279E-1
5.045772863E1,2.605158985E-1,-2.941027516E-3,-4.606043994E-1
5.046776863E1,1.812248081E-1,-1.562272850E-2,-4.936807752E-1
5.047780863E1,7.614552230E-2,2.679770067E-2,-5.307865739E-1
5.048784963E1,-1.843956299E-2,7.992050797E-2,-5.574866533E-1
5.049788962E1,-9.214308113E-2,7.071476430E-2,-5.713936687E-1
5.050792963E1,-1.629954278E-1,8.643081784E-2,-5.865108371E-1
5.051796963E1,-2.233474404E-1,6.335639209E-2,-6.346163154E-1
5.052800963E1,-2.593491077E-1,1.711064018E-2,-6.986932755E-1
5.053804962E1,-2.789137661E-1,-3.437465429E-2,-7.569856048E-1
5.054808963E1,-3.227427304E-1,-1.497227699E-1,-7.942423820E-1
5.055813062E1,-3.815072477E-1,-2.978693545E-1,-8.214947581E-1
5.056817063E1,-4.346381128E-1,-3.903905749E-1,-8.230112791E-1
5.057821063E1,-4.916822314E-1,-4.391591847E-1,-7.993946075E-1
5.058825063E1,-5.354555845E-1,-4.958948195E-1,-7.626857758E-1
5.059829062E1,-5.337154865E-1,-5.505405068E-1,-6.891833544E-1
5.060833063E1,-5.121414065E-1,-4.964237511E-1,-5.868625641E-1
5.061837063E1,-4.603727758E-1,-3.793626428E-1,-4.834881723E-1
5.062841063E1,-3.819671869E-1,-2.269563079E-1,-3.892851174E-1
5.063845163E1,-3.075014651E-1,-5.435018241E-2,-3.113602102E-1
5.064849163E1,-2.575408220E-1,1.186902821E-1,-2.350451052E-1
5.065853162E1,-2.355654985E-1,2.569733262E-1,-1.623509228E-1
5.066857163E1,-2.191867828E-1,3.561746478E-1,-8.579464257E-2
5.067861163E1,-1.926396042E-1,4.330292046E-1,-1.311990153E-2
5.068865163E1,-1.601317227E-1,4.622667134E-1,4.146211967E-2
5.069869163E1,-1.281093359E-1,4.172300100E-1,8.042495698E-2
5.070873162E1,-1.037627161E-1,3.123448193E-1,1.055571511E-1
5.071877262E1,-9.859671444E-2,1.666547209E-1,1.212149411E-1
5.072881263E1,-1.006300375E-1,5.098230671E-3,1.323503852E-1
5.073885263E1,-1.266954690E-1,-1.108440831E-1,1.376865655E-1
5.074889263E1,-1.718166322E-1,-1.501867175E-1,1.448153257E-1
5.075893263E1,-1.991569102E-1,-9.473410249E-2,1.540900469E-1
5.076897262E1,-2.102164775E-1,2.367234416E-2,1.708193719E-1
5.077901263E1,-2.242976725E-1,1.726610214E-1,1.935787499E-1
5.078905363E1,-2.564396262E-1,3.042221069E-1,2.648544610E-1
5.079909363E1,-3.048060834E-1,3.561004698E-1,3.076857924E-1
5.080913363E1,-3.526543081E-1,3.585123122E-1,2.150315344E-1
5.081917363E1,-3.719323874E-1,3.201795518E-1,5.034511164E-2
5.082921362E1,-3.578549325E-1,1.786215901E-1,-8.390782028E-2
5.083925363E1,-3.294853270E-1,-4.575159401E-2,-2.062904537E-1
5.084929363E1,-2.839474082E-1,-2.751379907E-1,-3.482905328E-1
5.085933363E1,-2.696206570E-1,-4.312538207E-1,-4.712087214E-1
5.086937463E1,-2.949699759E-1,-5.151253343E-1,-5.596302152E-1
5.087941463E1,-3.105454743E-1,-5.320310593E-1,-5.695848465E-1
5.088945462E1,-3.465439379E-1,-4.435748756E-1,-5.745287538E-1
5.089949463E1,-3.935290277E-1,-2.778362632E-1,-6.063455343E-1
5.090953463E1,-3.554911017E-1,-1.043036729E-1,-6.233633161E-1
5.091957463E1,-2.557863593E-1,-3.726018965E-2,-6.194050908E-1
5.092961462E1,-1.932249665E-1,-1.519943494E-2,-6.634612679E-1
5.093965562E1,-2.181667984E-1,-1.058608890E-1,-6.892321706E-1
5.094969563E1,-2.789345384E-1,-2.287474275E-1,-6.728613377E-1
5.095973563E1,-2.908809483E-1,-3.530826867E-1,-6.010909677E-1
5.096977563E1,-2.409914136E-1,-3.944510221E-1,-5.222316384E-1
5.097981563E1,-1.643171459E-1,-2.370449007E-1,-4.375391006E-1
5.098985562E1,-1.349424869E-1,-3.380344808E-2,-3.179923296E-1
5.099989563E1,-1.582877487E-1,1.109044701E-1,-2.015671730E-1
5.100993563E1,-1.660287678E-1,1.297165900E-1,-5.410409719E-2
5.101997663E1,-1.323709339E-1,6.844179332E-2,1.443701088E-1
5.103001663E1,-6.374660879E-2,3.054650966E-3,3.319598138E-1
5.104005688E1,5.617686734E-2,-8.004183322E-2,5.096760392E-1
5.105009687E1,2.120580673E-1,-1.147582382E-1,6.741828918E-1
5.106013688E1,3.627788723E-1,-1.000280306E-1,8.112126589E-1
5.107017688E1,4.654203057E-1,-1.001521125E-1,8.846997619E-1
5.108021688E1,5.746080875E-1,-1.238571703E-1,8.861900568E-1
5.109025788E1,6.884930730E-1,-1.459616721E-1,8.945787549E-1
5.110029788E1,7.966102362E-1,-1.567528993E-1,8.967024088E-1
5.111033787E1,8.846631646E-1,-1.245039180E-1,8.744869232E-1
5.112037788E1,9.277786613E-1,-6.672690064E-2,8.366402388E-1
5.113041788E1,9.665502310E-1,-3.020348772E-2,7.913982272E-1
5.114045788E1,9.963613749E-1,1.140053733E-3,7.519365549E-1
5.115049788E1,1.007969379E0,2.355000749E-2,7.025306821E-1
5.116053888E1,9.834218621E-1,4.842845723E-2,6.383852959E-1
5.117057887E1,9.339345694E-1,1.086642742E-1,5.612556934E-1
5.118061888E1,8.715121746E-1,2.200264782E-1,4.808993042E-1
5.119065888E1,7.904638648E-1,3.472021520E-1,3.862662017E-1
5.120069888E1,6.930052638E-1,4.784637690E-1,2.829552591E-1
5.121073888E1,6.011517644E-1,6.075286269E-1,1.752486080E-1
5.122077887E1,5.397653580E-1,6.722218990E-1,9.995305538E-2
5.123081888E1,5.087997317E-1,6.745696068E-1,6.157284230E-2
5.124085988E1,4.734390974E-1,6.496679783E-1,3.208418936E-2
5.125089988E1,4.171491861E-1,5.718638897E-1,1.013942994E-3
5.126093988E1,3.327714503E-1,4.290236533E-1,-3.997860011E-3
5.127097988E1,2.589422464E-1,2.493331581E-1,5.339065101E-3
5.128101987E1,2.156666517E-1,8.195641637E-2,-5.120499991E-3
5.129105988E1,1.893391907E-1,-4.158717766E-2,-2.966883779E-2
5.130109988E1,1.852254122E-1,-9.960600734E-2,-5.341810733E-2
5.131114088E1,2.034768611E-1,-1.057075039E-1,-7.507187128E-2
5.132118088E1,2.369120568E-1,-5.366401002E-2,-1.000589803E-1
5.133122087E1,2.813133299E-1,2.792278677E-2,-1.333837807E-1
5.134126088E1,3.235582411E-1,1.214447469E-1,-1.554065198E-1
5.135130088E1,3.667163551E-1,1.813886464E-1,-1.569201648E-1
5.136134088E1,4.197705388E-1,1.945406646E-1,-1.423172653E-1
5.137138088E1,4.673790634E-1,2.044007629E-1,-1.013824493E-1
5.138142087E1,4.920442104E-1,2.844409943E-1,-2.539713867E-2
5.139146187E1,5.065808296E-1,3.687598407E-1,7.041870803E-2
5.140150188E1,4.832112789E-1,3.590579629E-1,1.480924636E-1
5.141154188E1,4.259770215E-1,2.758405507E-1,1.977505684E-1
5.142158188E1,3.692112267E-1,1.168441400E-1,2.735718191E-1
5.143162188E1,3.347621560E-1,-1.086727753E-1,3.883419037E-1
5.144166187E1,3.280491233E-1,-2.956629097E-1,4.768621922E-1
5.145170188E1,3.153187037E-1,-4.164912701E-1,5.313703418E-1
5.146174288E1,2.666523457E-1,-4.754959941E-1,5.324385166E-1
5.147178288E1,1.846352518E-1,-4.294061661E-1,5.032860637E-1
5.148182288E1,8.001696318E-2,-2.474342436E-1,5.036876798E-1
5.149186288E1,-3.087734058E-2,4.932482541E-2,5.430831909E-1
5.150190287E1,-1.582600474E-1,3.698415756E-1,6.215338111E-1
5.151194288E1,-3.360968828E-1,5.060145855E-1,6.774398685E-1
5.152198288E1,-5.334233046E-1,3.900269866E-1,7.183979154E-1
5.153202288E1,-6.881049871E-1,1.391849667E-1,7.345480919E-1
5.154206388E1,-7.651358247E-1,-1.643653363E-1,6.871408820E-1
5.155210388E1,-7.358852625E-1,-4.903091788E-1,5.907415748E-1
5.156214387E1,-6.380002499E-1,-7.479937673E-1,4.640907347E-1
5.157218388E1,-5.239906311E-1,-8.639570475E-1,3.269567192E-1
5.158222388E1,-3.990252316E-1,-7.615883350E-1,2.062127143E-1
5.159226388E1,-2.720499933E-1,-5.547077060E-1,4.456527531E-2
5.160230387E1,-1.499941349E-1,-3.330203891E-1,-1.681512594E-1
5.161234488E1,-1.337024756E-2,-1.007351577E-1,-3.628634214E-1
5.162238487E1,9.881088138E-2,9.209527820E-2,-4.745793045E-1
5.163242488E1,1.555812210E-1,1.932289898E-1,-5.497485399E-1
5.164246488E1,1.777733415E-1,2.782461345E-1,-5.685619116E-1
5.165250488E1,1.380030364E-1,3.430262208E-1,-5.352401137E-1
5.166254487E1,4.993469268E-2,3.640707731E-1,-4.827521145E-1
5.167258488E1,-4.477290064E-2,3.586151004E-1,-4.619060159E-1
5.168262588E1,-1.175922453E-1,3.499678075E-1,-4.875248075E-1
5.169266588E1,-1.283596754E-1,2.224278897E-1,-5.370274186E-1
5.170270588E1,-1.390011460E-1,9.552772343E-2,-5.803738236E-1
5.171274588E1,-1.703515947E-1,-1.431527827E-2,-6.340044737E-1
5.172278587E1,-2.159694135E-1,-1.718998551E-1,-6.654875875E-1
5.173282588E1,-2.402097732E-1,-3.378257155E-1,-6.906644702E-1
5.174286588E1,-2.465835065E-1,-4.378082454E-1,-6.901305318E-1
5.175290688E1,-2.461760640E-1,-4.676986933E-1,-6.458384395E-1
5.176294688E1,-2.351902574E-1,-4.666158557E-1,-5.862486362E-1
5.177298688E1,-2.062283754E-1,-4.627840221E-1,-5.171349645E-1
5.178302687E1,-1.845377386E-1,-4.276058078E-1,-4.388720989E-1
5.179306688E1,-1.580986530E-1,-3.691678941E-1,-3.823362291E-1
5.180310688E1,-1.254557520E-1,-2.781775296E-1,-3.378491998E-1
5.181314688E1,-9.003252536E-2,-1.647254229E-1,-2.953812480E-1
5.182318688E1,-4.655855522E-2,2.335201018E-3,-2.460190207E-1
5.183322788E1,-6.144987419E-4,2.276268005E-1,-1.838131845E-1
5.184326787E1,3.846446052E-2,4.131551087E-1,-1.262817234E-1
5.185330788E1,6.269896030E-2,5.111946464E-1,-8.445503563E-2
5.186334788E1,6.802874804E-2,5.251647830E-1,-4.903179780E-2
5.187338788E1,5.501787737E-2,4.878448546E-1,-1.130181458E-2
5.188342788E1,2.359870449E-2,4.143216312E-1,3.940743580E-2
5.189346787E1,-9.712116793E-3,3.164306879E-1,9.372033924E-2
5.190350887E1,-3.808809444E-2,2.034106553E-1,1.472365558E-1
5.191354888E1,-5.936382338E-2,1.233343780E-1,2.030184865E-1
5.192358888E1,-8.836031705E-2,8.402745426E-2,2.554252148E-1
5.193362888E1,-1.383204311E-1,6.909703463E-2,2.836605608E-1
5.194366887E1,-1.900805682E-1,8.535696566E-2,2.978653014E-1
5.195370888E1,-2.315638363E-1,1.350471824E-1,3.055320084E-1
5.196374888E1,-2.283885479E-1,2.066481262E-1,3.076039553E-1
5.197378988E1,-1.925208271E-1,2.888525724E-1,2.819290459E-1
5.198382988E1,-1.571159661E-1,3.436452746E-1,2.066454887E-1
5.199386988E1,-1.343451291E-1,3.112107515E-1,5.875872076E-2
5.200390987E1,-9.127968550E-2,1.682275087E-1,-1.332269609E-1
5.201394988E1,-2.163562551E-2,-8.429997414E-2,-3.312625587E-1
5.202398988E1,4.206452519E-2,-3.182581365E-1,-4.976557791E-1
5.203402913E1,6.774593145E-2,-4.634760916E-1,-6.163294911E-1
5.204407013E1,8.826212585E-2,-4.974060953E-1,-6.922330260E-1
5.205411012E1,1.315885484E-1,-4.705984294E-1,-6.802708507E-1
5.206415013E1,1.586015224E-1,-4.008217454E-1,-6.007336974E-1
5.207419013E1,1.605645269E-1,-2.727757692E-1,-5.828806758E-1
5.208423013E1,1.628572494E-1,-1.355172396E-1,-6.391316652E-1
5.209427013E1,2.180989385E-1,1.865608618E-2,-6.584374905E-1
5.210431012E1,2.959588468E-1,1.604627520E-1,-6.148540378E-1
5.211435112E1,2.778892815E-1,2.002006769E-1,-5.826969743E-1
5.212439113E1,1.584462523E-1,7.431199402E-2,-5.499020219E-1
5.213443113E1,5.190278962E-2,-8.043009043E-2,-5.373632312E-1
5.214447113E1,6.699624471E-3,-8.821584284E-2,-4.919553399E-1
5.215451113E1,6.113720592E-4,-8.667485788E-3,-4.159156978E-1
5.216455112E1,-2.574436180E-2,9.003615379E-2,-3.449960053E-1
5.217459113E1,-7.167243958E-2,2.131918222E-1,-2.562873363E-1
5.218463213E1,-1.133852676E-1,2.281638533E-1,-1.211742312E-1
5.219467213E1,-1.278075874E-1,4.735933617E-2,5.048511922E-2
5.220471213E1,-1.172670722E-1,-2.121313512E-1,2.543793917E-1
5.221475213E1,-9.743691981E-2,-4.596514404E-1,4.573090971E-1
5.222479212E1,-1.649360359E-2,-6.012655497E-1,6.439780593E-1
5.223483213E1,1.196938083E-1,-6.294998527E-1,8.084688187E-1
5.224487213E1,2.400663048E-1,-5.554104447E-1,9.106516242E-1
5.225491213E1,3.358516693E-1,-4.645570219E-1,9.402310848E-1
5.226495313E1,4.318287969E-1,-4.231523275E-1,8.982791305E-1
5.227499313E1,5.640502572E-1,-3.468400240E-1,8.908865452E-1
5.228503312E1,6.808149219E-1,-2.066994011E-1,9.198300838E-1
5.229507313E1,7.564441562E-1,-3.889061138E-2,9.423189163E-1
5.230511313E1,8.127225637E-1,1.140358225E-1,9.758558273E-1
5.231515313E1,8.543374538E-1,2.436276227E-1,9.618449807E-1
5.232519312E1,8.728110194E-1,3.205740750E-1,9.117160439E-1
5.233523412E1,8.664926887E-1,3.514289260E-1,8.502092361E-1
5.234527413E1,8.197398186E-1,3.346563280E-1,7.833878994E-1
5.235531413E1,7.501364946E-1,3.332047164E-1,6.920688152E-1
5.236535413E1,6.788186431E-1,3.593164980E-1,5.854377151E-1
5.237539413E1,6.079745293E-1,3.562740982E-1,4.392904639E-1
5.238543412E1,5.389336944E-1,3.237124383E-1,2.788315415E-1
5.239547413E1,4.895067513E-1,2.960416675E-1,1.276866347E-1
5.240551513E1,4.591967762E-1,2.833093703E-1,-1.216622768E-4
5.241555513E1,4.340419173E-1,2.636938989E-1,-9.288090467E-2
5.242559513E1,4.007526636E-1,2.128983438E-1,-1.523005664E-1
5.243563513E1,3.584105074E-1,1.405289918E-1,-1.875442415E-1
5.244567512E1,2.975609899E-1,5.253415555E-2,-1.888827533E-1
5.245571513E1,2.184773833E-1,-4.269880801E-2,-1.741328835E-1
5.246575513E1,1.468444765E-1,-1.332521439E-1,-1.742340922E-1
5.247579613E1,1.104212180E-1,-1.969321072E-1,-1.763873845E-1
5.248583613E1,1.213098243E-1,-2.371253371E-1,-1.813504547E-1
5.249587613E1,1.846224964E-1,-2.490562648E-1,-1.892295182E-1
5.250591612E1,2.678657174E-1,-2.132332921E-1,-2.123484164E-1
5.251595613E1,3.458797932E-1,-1.292963326E-1,-2.375671268E-1
5.252599613E1,4.131504595E-1,-1.443791203E-2,-2.808935642E-1
5.253603613E1,4.511060715E-1,6.109568104E-2,-3.252848983E-1
5.254607713E1,4.530299604E-1,1.329400539E-1,-3.482708931E-1
5.255611713E1,4.293802977E-1,2.733060420E-1,-2.934019566E-1
5.256615712E1,4.314684570E-1,3.918878138E-1,-2.108367383E-1
5.257619713E1,4.451550245E-1,3.940064311E-1,-1.399562359E-1
5.258623713E1,4.549519718E-1,3.457179964E-1,-5.815564841E-2
5.259627713E1,4.616439342E-1,2.474347949E-1,6.249178946E-2
5.260631712E1,4.830837250E-1,3.107532673E-2,2.031945735E-1
5.261635813E1,4.921004176E-1,-1.625524759E-1,3.511874974E-1
5.262639812E1,4.670001268E-1,-2.290465534E-1,4.568998218E-1
5.263643813E1,4.017569423E-1,-1.666595191E-1,5.245535970E-1
5.264647813E1,2.920248508E-1,-3.727995604E-2,6.167309284E-1
5.265651813E1,1.759520471E-1,1.212174818E-1,6.988729239E-1
5.266655812E1,8.729493245E-3,2.959376276E-1,7.616292238E-1
5.267659813E1,-1.652753353E-1,4.431263506E-1,8.732064366E-1
5.268663913E1,-2.968000770E-1,4.561444223E-1,9.721586108E-1
5.269667913E1,-3.824843764E-1,2.721378207E-1,9.789741635E-1
5.270671913E1,-3.791522086E-1,3.841534257E-2,8.922842741E-1
5.271675913E1,-3.126735687E-1,-2.462827712E-1,7.542883158E-1
5.272679912E1,-2.083434463E-1,-4.879931211E-1,5.810611248E-1
5.273683913E1,-1.137074754E-1,-5.179857016E-1,3.727981150E-1
5.274687913E1,-2.950711921E-2,-3.838968575E-1,1.484102756E-1
5.275692013E1,8.875055611E-2,-2.069871128E-1,-7.854349166E-2
5.276696013E1,2.169460803E-1,-1.752102822E-1,-2.819394767E-1
5.277700013E1,3.143327832E-1,-2.944813967E-1,-4.711116552E-1
5.278704012E1,4.007166922E-1,-4.056150913E-1,-6.120362878E-1
5.279708013E1,4.426516294E-1,-4.021478891E-1,-6.801130176E-1
5.280712013E1,4.172160625E-1,-2.805961668E-1,-6.855053902E-1
5.281716013E1,3.403329849E-1,-1.424136013E-1,-6.589434147E-1
5.282720113E1,2.180555314E-1,-4.582286999E-2,-5.983804464E-1
5.283724113E1,7.101041824E-2,5.941710249E-2,-5.336896181E-1
5.284728112E1,-2.976839244E-2,1.270720512E-1,-5.031154752E-1
5.285732113E1,-5.766978487E-2,9.077385813E-2,-5.103736520E-1
5.286736113E1,-7.411080599E-2,5.843855441E-2,-5.497556329E-1
5.287740113E1,-1.081188470E-1,1.554640289E-2,-5.859354734E-1
5.288744112E1,-1.485256702E-1,-6.957115233E-2,-6.004883051E-1
5.289748213E1,-1.891199499E-1,-1.689324528E-1,-5.965499282E-1
5.290752212E1,-2.215162367E-1,-1.982780993E-1,-5.874922872E-1
5.291756213E1,-2.340208441E-1,-1.419944316E-1,-5.670503974E-1
5.292760213E1,-2.329188287E-1,-4.616990685E-2,-5.299443007E-1
5.293764213E1,-2.108697146E-1,2.995116264E-2,-4.876788259E-1
5.294768212E1,-1.598576754E-1,7.057661563E-2,-4.302232563E-1
5.295772213E1,-1.004065871E-1,8.413488418E-2,-3.928076923E-1
5.296776312E1,-5.684792250E-2,1.604869217E-1,-3.615632355E-1
5.297780313E1,-3.353835270E-2,3.112713099E-1,-3.331473470E-1
5.298784313E1,-1.277954318E-2,4.736562371E-1,-2.936324179E-1
5.299788313E1,-2.511991886E-3,6.066583991E-1,-2.307531983E-1
5.300792312E1,-1.413349342E-2,6.482077241E-1,-1.778431088E-1
5.301796313E1,-3.959411010E-2,6.010573506E-1,-1.359478384E-1
5.302800313E1,-7.821048051E-2,4.972420335E-1,-9.865345061E-2
5.303804488E1,-1.083710492E-1,3.704203069E-1,-6.376544386E-2
5.304808488E1,-1.390541196E-1,2.179556638E-1,-2.437702008E-2
5.305812488E1,-1.782398671E-1,9.488770366E-2,1.804959774E-2
5.306816488E1,-2.314378470E-1,-7.124684751E-3,5.047624558E-2
5.307820487E1,-3.036888540E-1,-7.737141848E-2,6.211950257E-2
5.308824488E1,-3.954659104E-1,-7.791870087E-2,5.459687114E-2
5.309828488E1,-5.179287195E-1,-2.009969577E-2,4.006210715E-2
5.310832588E1,-6.401941776E-1,7.814005017E-2,3.032319061E-2
5.311836588E1,-7.371478677E-1,1.549215764E-1,2.765387297E-2
5.312840588E1,-8.115949631E-1,1.667494774E-1,3.909987211E-2
5.313844587E1,-8.504302502E-1,1.651209444E-1,1.517483220E-2
5.314848588E1,-8.173068762E-1,2.176214457E-1,-8.972894400E-2
5.315852588E1,-7.738076448E-1,2.473317385E-1,-2.570697069E-1
5.316856688E1,-7.231401801E-1,1.924338639E-1,-3.861416578E-1
5.317860688E1,-6.819421649E-1,6.542320549E-2,-4.940687716E-1
5.318864688E1,-6.665059328E-1,-1.203658357E-1,-5.802965760E-1
5.319868687E1,-6.583183408E-1,-2.907352746E-1,-6.356983185E-1
5.320872688E1,-6.494536996E-1,-4.067918360E-1,-6.545222998E-1
5.321876688E1,-6.439782381E-1,-5.173466206E-1,-6.639792323E-1
5.322880688E1,-6.124919653E-1,-6.024010777E-1,-6.564576626E-1
5.323884788E1,-5.905550122E-1,-6.211849451E-1,-6.356440783E-1
5.324888788E1,-6.492499709E-1,-6.056525707E-1,-6.378715634E-1
5.325892787E1,-7.154071927E-1,-5.810098648E-1,-6.478109360E-1
5.326896788E1,-7.096326351E-1,-4.740874171E-1,-6.501166821E-1
5.327900788E1,-6.563878059E-1,-3.109357059E-1,-6.150338650E-1
5.328904788E1,-6.442978382E-1,-1.493385583E-1,-6.172549725E-1
5.329908787E1,-7.122755647E-1,-7.556398958E-2,-6.602989435E-1
5.330912888E1,-8.415645957E-1,-1.700984836E-1,-6.798183322E-1
5.331916887E1,-9.698303938E-1,-3.488808274E-1,-6.375122666E-1
5.332920888E1,-1.053710938E0,-4.438185096E-1,-5.823922753E-1
5.333924888E1,-1.096126318E0,-3.581278920E-1,-5.353277922E-1
5.334928888E1,-1.171155810E0,-1.766443700E-1,-4.980808496E-1
5.335932887E1,-1.306730628E0,-2.421212755E-2,-4.042958319E-1
5.336936888E1,-1.453593373E0,9.902032465E-2,-2.657757699E-1
5.337940988E1,-1.566493511E0,1.939268112E-1,-1.865680814E-1
5.338944988E1,-1.582295418E0,2.632829547E-1,-9.881798923E-2
5.339948988E1,-1.510312557E0,2.708264291E-1,1.977653988E-2
5.340952988E1,-1.382001400E0,1.914546341E-1,1.246454269E-1
5.341956987E1,-1.228149533E0,6.591524929E-2,2.587526143E-1
5.342960988E1,-1.100389242E0,-5.598562583E-2,3.833115697E-1
5.343964988E1,-1.039074183E0,-1.482996196E-1,4.815224111E-1
5.344969088E1,-1.015926480E0,-2.602338791E-1,5.364668965E-1
5.345973088E1,-9.934928417E-1,-3.435972631E-1,5.693217516E-1
5.346977088E1,-9.684023857E-1,-4.016565681E-1,6.244452000E-1
5.347981087E1,-9.328747988E-1,-4.428398013E-1,6.741448045E-1
5.348985088E1,-8.746439815E-1,-4.617311954E-1,6.844637394E-1
5.349989088E1,-8.226972222E-1,-4.094386399E-1,6.581648588E-1
5.350993088E1,-7.996877432E-1,-2.919610143E-1,6.174581647E-1
5.351997188E1,-8.257120848E-1,-2.039907575E-1,5.632609725E-1
5.353001188E1,-8.742071986E-1,-1.514164954E-1,4.770052135E-1
5.354005187E1,-9.059259892E-1,-7.054570317E-2,3.773097396E-1
5.355009188E1,-9.535273314E-1,1.924649999E-2,2.673390210E-1
5.356013188E1,-1.007748961E0,1.910740286E-1,1.416409612E-1
5.357017188E1,-1.039066672E0,3.863359094E-1,2.613726631E-2
5.358021288E1,-1.049931645E0,5.671389103E-1,-9.474924952E-2
5.359025288E1,-1.048351049E0,7.254467607E-1,-2.086172253E-1
5.360029287E1,-1.041766047E0,8.156427145E-1,-2.967045605E-1
5.361033288E1,-1.024493694E0,8.243983984E-1,-3.456984758E-1
5.362037288E1,-1.004374743E0,7.586823106E-1,-3.739778399E-1
5.363041288E1,-9.907729626E-1,6.501611471E-1,-3.806469142E-1
5.364045287E1,-9.861478806E-1,5.203480124E-1,-3.752035797E-1
5.365049388E1,-9.865822196E-1,3.844202757E-1,-3.535922766E-1
5.366053387E1,-9.828487039E-1,2.265568823E-1,-3.251494467E-1
5.367057388E1,-9.576597810E-1,6.937906146E-2,-3.072627485E-1
5.368061388E1,-9.187975526E-1,-6.368337572E-2,-2.959718406E-1
5.369065388E1,-8.552430868E-1,-1.647876203E-1,-2.968328297E-1
5.370069387E1,-7.682672143E-1,-2.234219313E-1,-3.153473735E-1
5.371073388E1,-6.692929268E-1,-2.424526066E-1,-3.414860368E-1
5.372077488E1,-5.595065355E-1,-2.247347832E-1,-3.595829010E-1
5.373081488E1,-4.603016376E-1,-1.655433625E-1,-3.756827712E-1
5.374085488E1,-3.774624169E-1,-6.343164295E-2,-3.966854215E-1
5.375089488E1,-2.769525945E-1,4.494490102E-2,-4.160753787E-1
5.376093487E1,-1.943282783E-1,1.295081377E-1,-4.336172938E-1
5.377097488E1,-1.511267424E-1,1.812560260E-1,-4.093274176E-1
5.378101488E1,-1.472350806E-1,2.016969919E-1,-3.521938026E-1
5.379105588E1,-1.654998362E-1,2.058965415E-1,-2.759504318E-1
5.380109588E1,-2.001401335E-1,1.939210445E-1,-2.073468417E-1
5.381113588E1,-2.259839773E-1,1.241603494E-1,-1.542063951E-1
5.382117587E1,-2.528382242E-1,-3.057271987E-2,-6.589299440E-2
5.383121588E1,-2.972064912E-1,-1.943419427E-1,2.469709143E-2
5.384125588E1,-3.603609204E-1,-2.853904665E-1,9.941080958E-2
5.385129688E1,-4.362650216E-1,-2.852248251E-1,1.397086978E-1
5.386133688E1,-4.852908850E-1,-1.821830422E-1,1.576989144E-1
5.387137688E1,-5.622000694E-1,-1.887586154E-2,1.794902384E-1
5.388141687E1,-7.180634141E-1,1.718999743E-1,2.289633006E-1
5.389145688E1,-8.884924054E-1,3.238754272E-1,2.986694276E-1
5.390149688E1,-1.051584125E0,3.144918978E-1,3.365129530E-1
5.391153688E1,-1.213260889E0,2.192564607E-1,3.345360756E-1
5.392157788E1,-1.358609557E0,1.541661620E-1,3.067270517E-1
5.393161788E1,-1.454503655E0,8.236094564E-2,2.367439717E-1
5.394165787E1,-1.472426176E0,-3.137756605E-3,1.713056117E-1
5.395169788E1,-1.450118423E0,-1.163782999E-1,1.232752353E-1
5.396173788E1,-1.408528447E0,-1.782911122E-1,4.423610866E-2
5.397177788E1,-1.328426123E0,-1.808277667E-1,-7.600854337E-2
5.398181787E1,-1.242203355E0,-8.197505027E-2,-2.086577863E-1
5.399185888E1,-1.163489819E0,-7.928255945E-3,-3.580968082E-1
5.400189887E1,-1.105790377E0,-1.674444787E-2,-5.157998204E-1
5.401193888E1,-1.069603562E0,-9.366479516E-2,-6.549838185E-1
5.402197888E1,-1.043587685E0,-1.623959392E-1,-7.364111543E-1
5.403201888E1,-1.032857537E0,-2.213594019E-1,-7.719488740E-1
5.404205925E1,-1.075643063E0,-2.424830496E-1,-7.938943505E-1
5.405209925E1,-1.155898213E0,-2.716691494E-1,-8.334569335E-1
5.406214025E1,-1.236005902E0,-3.173981011E-1,-8.650972247E-1
5.407218025E1,-1.311081767E0,-3.733055592E-1,-8.761440516E-1
5.408222025E1,-1.366376400E0,-4.508020282E-1,-8.759648204E-1
5.409226025E1,-1.428266644E0,-4.792536497E-1,-8.545247912E-1
5.410230025E1,-1.512508273E0,-4.241940081E-1,-8.250784278E-1
5.411234025E1,-1.599746346E0,-3.620353043E-1,-8.043223023E-1
5.412238125E1,-1.687013507E0,-2.985273004E-1,-7.862352729E-1
5.413242125E1,-1.732397795E0,-2.546101809E-1,-7.904247046E-1
5.414246125E1,-1.742857099E0,-2.389986664E-1,-7.655350566E-1
5.415250125E1,-1.711892843E0,-1.935406327E-1,-7.458396554E-1
5.416254125E1,-1.650865078E0,-1.153623015E-1,-7.150700688E-1
5.417258125E1,-1.575061202E0,-2.102194913E-2,-6.797102094E-1
5.418262125E1,-1.507352233E0,2.590551227E-2,-6.444962621E-1
5.419266225E1,-1.447111964E0,4.113826156E-2,-6.051654220E-1
5.420270225E1,-1.392725945E0,8.197881281E-2,-5.763210654E-1
5.421274225E1,-1.349240303E0,1.252272129E-1,-5.422486067E-1
5.422278225E1,-1.304527998E0,1.741469651E-1,-4.920164943E-1
5.423282225E1,-1.249664426E0,1.991023868E-1,-4.310828447E-1
5.424286225E1,-1.186594963E0,1.624727845E-1,-3.574983776E-1
5.425290225E1,-1.124760866E0,1.062318683E-1,-2.848116755E-1
5.426294325E1,-1.078894854E0,4.648618400E-2,-2.183804959E-1
5.427298325E1,-1.038126588E0,-4.542115144E-3,-1.518219709E-1
5.428302325E1,-1.006551981E0,-5.685242265E-2,-8.090805262E-2
5.429306325E1,-9.937250614E-1,-9.779479355E-2,-7.610938046E-3
5.430310325E1,-9.705228209E-1,-9.987042844E-2,4.079997912E-2
5.431314325E1,-9.575742483E-1,-5.933818594E-2,6.354630738E-2
5.432318425E1,-9.679065347E-1,2.245491371E-2,7.120043784E-2
5.433322425E1,-9.749713540E-1,1.431203485E-1,6.951545924E-2
5.434326425E1,-9.135887027E-1,2.755991220E-1,6.933581829E-2
5.435330425E1,-8.015289903E-1,4.497514665E-1,2.951756120E-2
5.436334425E1,-7.409160137E-1,5.874728560E-1,-5.371129140E-2
5.437338425E1,-7.095287442E-1,6.490477920E-1,-1.286704838E-1
5.438342425E1,-6.980057955E-1,6.092363000E-1,-1.242064834E-1
5.439346525E1,-6.987898350E-1,4.981769323E-1,-7.327166200E-2
5.440350525E1,-6.794731617E-1,3.662978709E-1,-3.923081979E-2
5.441354525E1,-6.473868489E-1,2.293914407E-1,-6.789176166E-2
5.442358525E1,-6.686937213E-1,-1.749136252E-3,-1.475661546E-1
5.443362525E1,-7.320713401E-1,-3.451246023E-1,-2.559269667E-1
5.444366525E1,-7.919781208E-1,-6.884772778E-1,-3.669361770E-1
5.445370625E1,-8.174626827E-1,-8.773955107E-1,-4.667879343E-1
5.446374625E1,-7.754971385E-1,-9.190919995E-1,-5.296933651E-1
5.447378625E1,-7.208045721E-1,-8.474364877E-1,-5.510430932E-1
5.448382625E1,-7.048562765E-1,-6.430403590E-1,-6.054291725E-1
5.449386625E1,-6.630243659E-1,-4.062296748E-1,-7.356247306E-1
5.450390625E1,-6.082743406E-1,-1.368162036E-1,-8.918673396E-1
5.451394625E1,-5.351138115E-1,9.654408693E-2,-9.501663446E-1
5.452398725E1,-4.022514224E-1,1.717225909E-1,-9.173971415E-1
5.453402725E1,-3.833533525E-1,3.910330310E-2,-8.498876095E-1
5.454406725E1,-4.909122884E-1,-2.376194447E-1,-7.565746903E-1
5.455410725E1,-5.931225419E-1,-4.629332423E-1,-6.312292814E-1
5.456414725E1,-6.429960728E-1,-4.600929320E-1,-5.198259354E-1
5.457418725E1,-6.829810739E-1,-3.318289816E-1,-3.773031235E-1
5.458422725E1,-7.544001341E-1,-2.548173666E-1,-1.950781643E-1
5.459426825E1,-8.522438407E-1,-2.114675045E-1,6.085038651E-3
5.460430825E1,-9.563910365E-1,-1.762357801E-1,1.916277558E-1
5.461434825E1,-9.987411499E-1,-1.247331798E-1,3.735070229E-1
5.462438825E1,-9.311333299E-1,-6.683814526E-2,5.505976677E-1
5.463442825E1,-7.807957530E-1,3.654662520E-3,6.908067465E-1
5.464446825E1,-5.947702527E-1,6.625755876E-2,8.045693636E-1
5.465450925E1,-4.294406474E-1,3.466714919E-2,8.619210720E-1
5.466454925E1,-2.691055834E-1,-7.972507179E-2,8.502109647E-1
5.467458925E1,-1.308776736E-1,-1.988908798E-1,8.263405561E-1
5.468462925E1,-6.056781113E-2,-3.237591982E-1,8.298050165E-1
5.469466925E1,-2.243054658E-2,-4.136818945E-1,8.430110812E-1
5.470470925E1,2.064259723E-2,-4.518651366E-1,8.642547727E-1
5.471474925E1,5.196909606E-2,-4.065088630E-1,8.618273139E-1
5.472479025E1,6.837231666E-2,-3.138557374E-1,8.383474946E-1
5.473483025E1,8.258134872E-2,-2.261727452E-1,8.067962527E-1
5.474487025E1,7.676767558E-2,-1.260579824E-1,7.684317231E-1
5.475491025E1,4.325285926E-2,-5.694628879E-2,6.849996448E-1
5.476495025E1,5.826118868E-4,1.964336634E-2,5.830416083E-1
5.477499025E1,-4.270334169E-2,6.928681582E-2,4.621663690E-1
5.478503125E1,-6.414604187E-2,1.029924601E-1,3.288454711E-1
5.479507125E1,-6.898873299E-2,1.660254747E-1,2.167836726E-1
5.480511125E1,-6.169113889E-2,2.462211400E-1,1.368738264E-1
5.481515125E1,-4.901582375E-2,3.202130795E-1,8.140178025E-2
5.482519125E1,-3.796479106E-2,3.933199346E-1,5.101588741E-2
5.483523125E1,-3.016572446E-2,4.631062150E-1,3.033591062E-2
5.484527125E1,-2.699041367E-2,4.863913953E-1,3.906722646E-3
5.485531225E1,-2.682769485E-2,4.574087560E-1,-2.962140925E-2
5.486535225E1,-3.295005113E-2,3.628925979E-1,-6.632666290E-2
5.487539225E1,-4.986565188E-2,2.015335113E-1,-1.044799089E-1
5.488543225E1,-5.535067618E-2,2.723614499E-2,-1.354497969E-1
5.489547225E1,-5.137830600E-2,-1.394979656E-1,-1.642180681E-1
5.490551225E1,-3.631841391E-2,-2.816680670E-1,-1.799432188E-1
5.491555225E1,3.226597095E-3,-3.876650631E-1,-1.903090477E-1
5.492559325E1,5.806002393E-2,-4.330943227E-1,-2.073504478E-1
5.493563325E1,1.104683727E-1,-3.978010416E-1,-2.210750431E-1
5.494567325E1,1.607144922E-1,-3.082711101E-1,-2.235199511E-1
5.495571325E1,1.688334048E-1,-1.672093123E-1,-2.277501225E-1
5.496575325E1,1.440857202E-1,3.953664750E-2,-2.351277620E-1
5.497579325E1,1.352413595E-1,2.626613379E-1,-2.343003154E-1
5.498583425E1,1.447416544E-1,4.531955719E-1,-1.680815965E-1
5.499587425E1,1.497864872E-1,5.535836816E-1,-4.789048433E-2
5.500591425E1,1.668874472E-1,5.339704156E-1,1.092712954E-1
5.501595425E1,1.741706580E-1,3.064157963E-1,3.135868609E-1
5.502599425E1,1.669292450E-1,-3.451903164E-2,4.843746126E-1
5.503603425E1,1.709599495E-1,-3.010780215E-1,5.975528359E-1
5.504607313E1,1.158583611E-1,-3.829969168E-1,6.736869812E-1
5.505611413E1,2.543524839E-2,-3.130905330E-1,7.216672897E-1
5.506615413E1,-6.149673834E-2,-1.535674781E-1,7.793151140E-1
5.507619412E1,-1.166577265E-1,8.338381350E-2,8.894650340E-1
5.508623413E1,-2.145315558E-1,2.944638729E-1,9.754477143E-1
5.509627413E1,-3.926778436E-1,3.336373866E-1,9.894537926E-1
5.510631413E1,-5.580620170E-1,3.110780418E-1,1.000058770E0
5.511635513E1,-6.717805862E-1,2.165421993E-1,9.683432579E-1
5.512639513E1,-7.092406154E-1,-2.678112872E-2,8.251500726E-1
5.513643512E1,-6.635823250E-1,-3.158036172E-1,6.604449749E-1
5.514647513E1,-5.785332322E-1,-4.766318500E-1,5.228327513E-1
5.515651513E1,-4.698005617E-1,-3.865134120E-1,3.583684862E-1
5.516655513E1,-3.723337054E-1,-1.694108546E-1,1.592341959E-1
5.517659613E1,-2.580814362E-1,-5.766269751E-3,-5.209455639E-2
5.518663612E1,-1.150132269E-1,-1.255126391E-2,-2.704813778E-1
5.519667613E1,7.331328932E-3,-1.169383898E-1,-4.785051346E-1
5.520671613E1,8.638273925E-2,-2.351661474E-1,-6.689921021E-1
5.521675613E1,1.273299009E-1,-3.352738321E-1,-8.147307038E-1
5.522679613E1,1.297624409E-1,-3.428885341E-1,-8.593959212E-1
5.523683612E1,-6.730949506E-3,-3.013882339E-1,-7.786952257E-1
5.524687712E1,-2.142567188E-1,-2.714393437E-1,-7.708998919E-1
5.525691713E1,-3.519458771E-1,-2.168389410E-1,-7.509964705E-1
5.526695713E1,-4.503744543E-1,-1.615217179E-1,-7.121013999E-1
5.527699713E1,-5.171140432E-1,-1.492043287E-1,-7.077990770E-1
5.528703713E1,-5.441464782E-1,-2.217455804E-1,-7.035915852E-1
5.529707712E1,-5.803321600E-1,-2.958717644E-1,-7.142876387E-1
5.530711713E1,-6.000710130E-1,-3.181403279E-1,-7.669633627E-1
5.531715813E1,-6.111515760E-1,-2.917007506E-1,-8.223763108E-1
5.532719813E1,-6.216870546E-1,-1.736035943E-1,-7.986832857E-1
5.533723813E1,-6.219105124E-1,-9.373219311E-2,-7.326097488E-1
5.534727813E1,-5.947265625E-1,-8.798116446E-2,-6.585975289E-1
5.535731812E1,-5.306026936E-1,-7.774929702E-2,-5.908400416E-1
5.536735813E1,-4.379332066E-1,1.472607255E-2,-5.213965178E-1
5.537739913E1,-3.470134437E-1,1.555550992E-1,-4.311127067E-1
5.538743913E1,-2.809116542E-1,3.114467263E-1,-3.438874483E-1
5.539747913E1,-2.212554812E-1,4.456111789E-1,-2.557291090E-1
5.540751913E1,-1.855406165E-1,5.701642632E-1,-1.664105356E-1
5.541755912E1,-1.690617800E-1,6.443386078E-1,-9.484820813E-2
5.542759913E1,-1.566032618E-1,6.817558408E-1,-4.270640388E-2
5.543764013E1,-1.571686417E-1,6.814224124E-1,-7.320182864E-3
5.544768013E1,-1.516479105E-1,6.181827188E-1,3.146316484E-2
5.545772013E1,-1.410972625E-1,4.815055728E-1,6.514895707E-2
5.546776013E1,-1.362719238E-1,3.131498396E-1,9.430744499E-2
5.547780012E1,-1.475972831E-1,1.235050857E-1,1.106477976E-1
5.548784013E1,-1.805735677E-1,-6.661232561E-2,1.140760556E-1
5.549788013E1,-2.191523910E-1,-2.143344134E-1,1.048199758E-1
5.550792113E1,-2.578167021E-1,-2.687250972E-1,8.317451179E-2
5.551796113E1,-2.862305045E-1,-2.146658450E-1,5.409758538E-2
5.552800112E1,-3.007245064E-1,-5.200842768E-2,5.065451935E-2
5.553804113E1,-3.242332935E-1,1.365399063E-1,9.373647720E-2
5.554808113E1,-3.409094512E-1,2.779476643E-1,1.673243940E-1
5.555812113E1,-3.439688981E-1,4.054709971E-1,2.041223645E-1
5.556816213E1,-3.859938383E-1,4.746236801E-1,1.071579233E-1
5.557820213E1,-3.916184604E-1,4.246478677E-1,-5.400379747E-2
5.558824212E1,-3.462810516E-1,2.270470113E-1,-1.963068694E-1
5.559828213E1,-3.080431223E-1,-8.191030473E-2,-3.309264481E-1
5.560832213E1,-2.498948574E-1,-3.230002820E-1,-4.853639603E-1
5.561836213E1,-1.556735635E-1,-4.083633721E-1,-6.079413295E-1
5.562840213E1,-6.663343310E-2,-4.379586279E-1,-6.479344964E-1
5.563844313E1,2.035286091E-2,-4.269477725E-1,-6.562078595E-1
5.564848312E1,1.163323894E-1,-3.608533144E-1,-7.311515808E-1
5.565852313E1,2.010435462E-1,-2.578244209E-1,-7.979665399E-1
5.566856313E1,2.914783657E-1,-2.267021239E-1,-7.739256024E-1
5.567860313E1,3.025576472E-1,-3.216049373E-1,-7.107426524E-1
5.568864313E1,2.505660951E-1,-4.075752497E-1,-6.286481619E-1
5.569868413E1,1.686467230E-1,-5.275991559E-1,-4.971271157E-1
5.570872412E1,9.701143205E-2,-5.814524293E-1,-3.570947349E-1
5.571876413E1,8.796414733E-2,-3.740145564E-1,-2.481213510E-1
5.572880413E1,8.006438613E-2,-8.641974628E-2,-1.490103453E-1
5.573884413E1,2.301628143E-2,1.819238216E-1,-5.853130296E-2
5.574888413E1,-4.203195125E-2,4.120399952E-1,4.209773988E-2
5.575892412E1,-7.315178961E-2,4.790112972E-1,1.143013686E-1
5.576896512E1,-5.405824631E-2,4.282961786E-1,1.767201871E-1
5.577900513E1,3.894266207E-3,3.295104802E-1,2.897540629E-1
5.578904513E1,1.071578115E-1,1.721970886E-1,4.463040531E-1
5.579908513E1,2.316581905E-1,3.901719674E-2,6.090520024E-1
5.580912513E1,3.233113885E-1,-1.950841956E-2,7.646135092E-1
5.581916512E1,3.803014457E-1,-1.317321658E-1,8.534411192E-1
5.582920612E1,4.262745380E-1,-2.733616531E-1,9.014589787E-1
5.583924613E1,4.539397061E-1,-3.956952691E-1,9.478571415E-1
5.584928613E1,4.702920616E-1,-4.593721628E-1,1.001648784E0
5.585932613E1,5.084578395E-1,-4.777991176E-1,1.023859024E0
5.586936612E1,5.690399408E-1,-4.196334779E-1,9.864191413E-1
5.587940613E1,6.330655217E-1,-3.531332910E-1,9.265587330E-1
5.588944613E1,6.840091348E-1,-2.967377305E-1,8.764821887E-1
5.589948713E1,7.065424323E-1,-2.010513991E-1,8.342231512E-1
5.590952713E1,6.811811328E-1,-1.043178141E-1,7.739041448E-1
5.591956713E1,6.237599254E-1,-6.151304580E-3,6.714499593E-1
5.592960712E1,5.678867698E-1,1.029011160E-1,5.413131118E-1
5.593964713E1,4.992877543E-1,1.977227032E-1,3.831330240E-1
5.594968713E1,4.294239879E-1,3.000630140E-1,2.192679644E-1
5.595972813E1,3.782433569E-1,4.391910732E-1,7.438826561E-2
5.596976813E1,3.398450911E-1,5.468822718E-1,-5.026407167E-2
5.597980813E1,3.010252714E-1,5.957003832E-1,-1.422057003E-1
5.598984812E1,2.544133067E-1,5.906839967E-1,-2.066473365E-1
5.599988813E1,1.877636909E-1,5.488665104E-1,-2.507346570E-1
5.600992813E1,9.855339676E-2,4.793702066E-1,-2.667058408E-1
5.601996913E1,5.343295168E-3,3.778917789E-1,-2.610319853E-1
5.603000913E1,-8.038465679E-2,2.399113625E-1,-2.516722679E-1
5.604004913E1,-1.532886922E-1,5.585044995E-2,-2.608772218E-1
5.605008912E1,-2.021489143E-1,-1.456624717E-1,-2.715471387E-1
5.606012913E1,-2.097107023E-1,-3.022574186E-1,-2.653811276E-1
5.607016913E1,-1.859097630E-1,-3.775217831E-1,-2.570309043E-1
5.608020913E1,-1.449226439E-1,-3.738948405E-1,-2.476392388E-1
5.609025013E1,-1.033813283E-1,-2.731040716E-1,-2.393247485E-1
5.610029013E1,-6.404191256E-2,-1.182737350E-1,-2.675074041E-1
5.611033012E1,-2.617388591E-2,6.263458170E-3,-2.989731133E-1
5.612037013E1,-9.476666339E-3,1.197735071E-1,-3.092443943E-1
5.613041013E1,2.044340968E-2,2.998770177E-1,-2.267178595E-1
5.614045013E1,8.295445889E-2,4.398341179E-1,-9.887441993E-2
5.615049113E1,1.203979701E-1,4.948828518E-1,-4.490377614E-4
5.616053113E1,1.348898262E-1,4.387455583E-1,1.000935435E-1
5.617057112E1,1.559890062E-1,1.709479243E-1,2.166792005E-1
5.618061113E1,2.058319300E-1,-2.038501799E-1,3.227539659E-1
5.619065113E1,2.649064362E-1,-4.542858601E-1,3.929116726E-1
5.620069113E1,2.874833941E-1,-5.183812380E-1,4.481176436E-1
5.621073113E1,2.573204041E-1,-3.598037660E-1,4.989947379E-1
5.622077213E1,1.965696961E-1,-4.346337914E-2,5.445050001E-1
5.623081212E1,1.424779743E-1,2.224708200E-1,5.755435824E-1
5.624085213E1,5.198136345E-2,3.314824998E-1,6.070133448E-1
5.625089213E1,-1.101638675E-1,3.233249187E-1,6.679422259E-1
5.626093213E1,-2.680653632E-1,3.645509183E-1,7.744851708E-1
5.627097212E1,-4.367963076E-1,4.276261330E-1,8.732681870E-1
5.628101313E1,-5.846150517E-1,3.116148412E-1,8.605190516E-1
5.629105312E1,-6.418948770E-1,1.096317470E-1,8.007550836E-1
5.630109313E1,-6.063835025E-1,-1.883088611E-2,7.563045621E-1
5.631113313E1,-5.570268631E-1,-1.052815318E-1,6.017131805E-1
5.632117313E1,-4.892826974E-1,-9.904360771E-2,3.754416704E-1
5.633121312E1,-3.690055609E-1,-7.579494268E-2,1.421754509E-1
5.634125412E1,-2.180826068E-1,-2.676789165E-1,-1.524625719E-1
5.635129413E1,-8.682789654E-2,-5.784775615E-1,-4.630951583E-1
5.636133413E1,2.868695417E-3,-8.047304153E-1,-7.000957131E-1
5.637137413E1,4.520122334E-2,-8.985905051E-1,-8.602524400E-1
5.638141413E1,1.770381816E-2,-8.807374835E-1,-9.330683351E-1
5.639145412E1,-1.065526232E-1,-7.546648979E-1,-9.275874496E-1
5.640149413E1,-2.809191048E-1,-4.732646644E-1,-9.155209064E-1
5.641153513E1,-4.343675077E-1,-2.017469555E-1,-8.932928443E-1
5.642157513E1,-5.344523191E-1,-1.002432406E-1,-8.465141654E-1
5.643161513E1,-5.967689157E-1,-1.219995022E-1,-7.806270719E-1
5.644165513E1,-6.112863421E-1,-1.992961615E-1,-7.555667162E-1
5.645169512E1,-6.177335978E-1,-2.629636526E-1,-7.951941490E-1
5.646173513E1,-6.505589485E-1,-2.981999516E-1,-8.496238589E-1
5.647177613E1,-6.746602654E-1,-2.245640159E-1,-8.063172698E-1
5.648181613E1,-7.021848559E-1,-1.558502018E-1,-7.236647606E-1
5.649185613E1,-7.157552242E-1,-1.563837230E-1,-6.479176283E-1
5.650189613E1,-6.945868134E-1,-1.167715937E-1,-5.594849586E-1
5.651193612E1,-6.410903335E-1,-3.915468697E-3,-4.532613456E-1
5.652197613E1,-5.815902352E-1,1.798663437E-1,-3.368982673E-1
5.653201613E1,-5.191172957E-1,3.711538911E-1,-2.237949669E-1
5.654205713E1,-4.536101818E-1,5.260364413E-1,-1.207580715E-1
5.655209713E1,-3.771513700E-1,6.507068276E-1,-4.673258588E-2
5.656213713E1,-2.893509269E-1,7.415805459E-1,1.050487254E-2
5.657217712E1,-2.136897296E-1,7.903097272E-1,5.079814792E-2
5.658221713E1,-1.710266918E-1,7.778887749E-1,7.080221921E-2
5.659225713E1,-1.540357023E-1,6.999795437E-1,7.122828066E-2
5.660229813E1,-1.608041227E-1,5.672795177E-1,6.627133489E-2
5.661233813E1,-1.818505675E-1,4.038486481E-1,7.519275695E-2
5.662237813E1,-2.109019309E-1,2.425814569E-1,7.275303453E-2
5.663241812E1,-2.427077889E-1,8.894138038E-2,6.093129516E-2
5.664245813E1,-2.750590742E-1,-4.872194678E-2,4.733932018E-2
5.665249813E1,-3.201716840E-1,-1.472511739E-1,4.326130822E-2
5.666253913E1,-3.633759022E-1,-1.623741984E-1,4.907898605E-2
5.667257913E1,-3.981511891E-1,-1.057988554E-1,7.348573208E-2
5.668261913E1,-4.362881780E-1,6.619026884E-3,1.206785440E-1
5.669265912E1,-4.587918818E-1,1.095457599E-1,2.017355412E-1
5.670269913E1,-4.394898415E-1,2.248561084E-1,2.805366218E-1
5.671273913E1,-4.369957745E-1,3.103765249E-1,2.503466308E-1
5.672278013E1,-4.461485445E-1,3.417168558E-1,9.868972003E-2
5.673282013E1,-3.998713195E-1,2.559980154E-1,-5.052146316E-2
5.674286012E1,-3.441361487E-1,8.433487266E-3,-1.723006219E-1
5.675290013E1,-3.256969452E-1,-2.709646821E-1,-3.003270626E-1
5.676294013E1,-3.095187843E-1,-4.294051826E-1,-4.405547380E-1
5.677298013E1,-2.642314732E-1,-4.239245355E-1,-5.604991913E-1
5.678302013E1,-2.323382497E-1,-3.155786097E-1,-5.642984509E-1
5.679306113E1,-1.979754865E-1,-2.172852159E-1,-5.168242455E-1
5.680310112E1,-1.125346050E-1,-1.184315979E-1,-5.779312849E-1
5.681314113E1,-7.164513692E-3,1.836755686E-2,-7.425194383E-1
5.682318113E1,1.215838715E-1,1.386878341E-1,-8.138812184E-1
5.683322113E1,2.507738173E-1,1.603410244E-1,-8.403684497E-1
5.684326113E1,2.367062122E-1,8.126032352E-2,-8.561777472E-1
5.685330213E1,1.018589213E-1,-1.882247031E-1,-7.468906641E-1
5.686334212E1,5.388712883E-2,-4.147795439E-1,-6.188991666E-1
5.687338213E1,9.972705692E-2,-3.755810857E-1,-4.655371606E-1
5.688342213E1,1.240300015E-1,-2.151506543E-1,-3.047091365E-1
5.689346213E1,6.382204592E-2,-5.480800569E-2,-1.685887575E-1
5.690350213E1,-3.774213046E-2,7.172969729E-2,-2.770593762E-2
5.691354212E1,-1.318286806E-1,8.113075048E-2,1.137085631E-1
5.692358312E1,-1.785338670E-1,-4.495554790E-2,2.798083127E-1
5.693362313E1,-1.615570039E-1,-2.108312845E-1,4.801411331E-1
5.694366313E1,-5.235780403E-2,-3.672781289E-1,6.849954724E-1
5.695370313E1,1.168061718E-1,-4.478897154E-1,8.726705909E-1
5.696374313E1,2.827735543E-1,-4.363710284E-1,1.005660892E0
5.697378312E1,3.938486874E-1,-4.055486619E-1,1.051237941E0
5.698382412E1,4.914828241E-1,-4.161624014E-1,1.030622959E0
5.699386413E1,6.039553285E-1,-4.581225514E-1,9.908426404E-1
5.700390413E1,7.058150768E-1,-3.690824211E-1,9.799673557E-1
5.701394413E1,7.743486166E-1,-2.475412935E-1,9.890432358E-1
5.702398413E1,8.293101192E-1,-1.516709626E-1,9.856528044E-1
5.703402412E1,8.788595796E-1,-5.855605006E-2,9.520737529E-1
5.704406588E1,9.101245403E-1,1.560233347E-2,9.157239795E-1
5.705410587E1,9.052946568E-1,4.348379746E-2,8.935693502E-1
5.706414588E1,8.635655642E-1,5.831547454E-2,8.484631181E-1
5.707418588E1,7.947481871E-1,5.761402473E-2,7.364851236E-1
5.708422588E1,7.189087868E-1,9.065053612E-2,5.898684859E-1
5.709426587E1,6.524749398E-1,1.598488688E-1,4.243001640E-1
5.710430588E1,6.000713706E-1,2.431195378E-1,2.393407077E-1
5.711434687E1,5.515906215E-1,3.160142303E-1,7.786125690E-2
5.712438688E1,5.052242279E-1,3.633439541E-1,-4.811931029E-2
5.713442688E1,4.566231072E-1,3.715501428E-1,-1.374368221E-1
5.714446688E1,4.067801833E-1,3.353423476E-1,-1.912193596E-1
5.715450687E1,3.514101505E-1,2.759835720E-1,-2.211668044E-1
5.716454688E1,2.842226028E-1,2.189093977E-1,-2.193145752E-1
5.717458788E1,2.194518596E-1,1.570818573E-1,-2.095156610E-1
5.718462788E1,1.547202766E-1,8.234582841E-2,-2.097654641E-1
5.719466788E1,9.314396977E-2,4.801004194E-3,-2.181751281E-1
5.720470788E1,4.765824974E-2,-6.926789880E-2,-2.172526121E-1
5.721474787E1,3.232590109E-2,-1.324443817E-1,-2.158754468E-1
5.722478788E1,7.446563244E-2,-1.696663201E-1,-2.212140262E-1
5.723482888E1,1.402779520E-1,-1.748174727E-1,-2.502601147E-1
5.724486888E1,2.171761990E-1,-1.395689398E-1,-2.872088253E-1
5.725490888E1,2.876671255E-1,-5.460909754E-2,-3.226169050E-1
5.726494888E1,3.241337836E-1,2.877101488E-2,-3.389455378E-1
5.727498887E1,3.254510164E-1,1.302153170E-1,-3.415475190E-1
5.728502888E1,2.980324328E-1,2.939235568E-1,-3.071181774E-1
5.729506988E1,3.184389174E-1,3.822610676E-1,-1.827853322E-1
5.730510988E1,3.352772892E-1,3.267493248E-1,-2.411899902E-2
5.731514988E1,3.320087790E-1,1.759469360E-1,1.449854970E-1
5.732518988E1,3.385034204E-1,-2.702455223E-2,3.489042521E-1
5.733522987E1,3.377105892E-1,-2.150119990E-1,5.740921497E-1
5.734526988E1,3.174252808E-1,-2.557123005E-1,7.281222343E-1
5.735530988E1,2.876250446E-1,-1.528985649E-1,7.773381472E-1
5.736535088E1,2.212817222E-1,5.511455610E-2,7.972157001E-1
5.737539088E1,7.919036597E-2,2.324567288E-1,8.419923782E-1
5.738543088E1,-9.929708391E-2,3.149638772E-1,9.532707334E-1
5.739547087E1,-2.548848391E-1,4.052086473E-1,1.121395230E0
5.740551088E1,-3.961868286E-1,4.234566391E-1,1.224011302E0
5.741555088E1,-4.775432050E-1,2.394456416E-1,1.165225267E0
5.742559188E1,-4.531635642E-1,-4.647346213E-2,1.024015069E0
5.743563188E1,-3.395570815E-1,-2.566839755E-1,9.197066426E-1
5.744567188E1,-2.348234802E-1,-3.860172033E-1,7.556855083E-1
5.745571187E1,-1.740687937E-1,-4.176908135E-1,4.945216477E-1
5.746575188E1,-1.000752598E-1,-2.152554542E-1,2.467699051E-1
5.747579188E1,1.870197430E-2,-1.136640087E-1,-8.168709464E-3
5.748583288E1,1.484114975E-1,-2.297506630E-1,-2.988564670E-1
5.749587288E1,2.573270500E-1,-4.250701666E-1,-5.719779134E-1
5.750591287E1,3.082994223E-1,-5.706920624E-1,-7.689934969E-1
5.751595288E1,3.164324760E-1,-6.223226190E-1,-9.128067493E-1
5.752599288E1,2.392423600E-1,-6.081514359E-1,-9.829016924E-1
5.753603288E1,7.107597589E-2,-5.280287266E-1,-9.930539727E-1
5.754607288E1,-1.221395582E-1,-2.954660356E-1,-9.935098886E-1
5.755611388E1,-3.017998934E-1,-6.051003933E-2,-9.686272144E-1
5.756615387E1,-4.502055943E-1,4.180781171E-2,-9.238062501E-1
5.757619388E1,-5.791550279E-1,8.602976799E-2,-8.741733432E-1
5.758623388E1,-6.948462129E-1,3.716289625E-2,-8.468250632E-1
5.759627388E1,-7.631107569E-1,-3.820531815E-2,-8.759812117E-1
5.760631388E1,-8.242284656E-1,-8.845277876E-2,-9.372517467E-1
5.761635488E1,-8.816654086E-1,-6.942964345E-2,-8.907831907E-1
5.762639487E1,-9.023845196E-1,-7.194233686E-2,-8.217028975E-1
5.763643488E1,-8.785960674E-1,-1.300976872E-1,-7.503573895E-1
5.764647488E1,-8.130474687E-1,-1.827223003E-1,-6.512111425E-1
5.765651488E1,-7.180245519E-1,-1.487914026E-1,-5.334473848E-1
5.766655488E1,-6.165665984E-1,-5.378047004E-2,-4.190201461E-1
5.767659588E1,-5.165483952E-1,5.899730325E-2,-3.040846586E-1
5.768663587E1,-4.264083803E-1,1.794331670E-1,-1.968788356E-1
5.769667588E1,-3.439491987E-1,2.924174070E-1,-1.159717515E-1
5.770671588E1,-2.739980817E-1,3.936734498E-1,-6.111488864E-2
5.771675588E1,-2.181542367E-1,4.643225372E-1,-3.432807699E-2
5.772679588E1,-1.799072474E-1,4.744292498E-1,3.602250945E-5
5.773683587E1,-1.523850709E-1,4.292045534E-1,2.069254406E-2
5.774687687E1,-1.315596849E-1,3.286896646E-1,5.091702566E-2
5.775691688E1,-1.161767468E-1,1.915086508E-1,8.440598845E-2
5.776695688E1,-1.014657095E-1,4.251677170E-2,1.104133576E-1
5.777699688E1,-1.090999469E-1,-1.030365378E-1,1.175494492E-1
5.778703688E1,-1.463527828E-1,-2.097768337E-1,1.151001379E-1
5.779707687E1,-2.060906589E-1,-2.456774265E-1,1.273692250E-1
5.780711787E1,-2.711519599E-1,-1.907723695E-1,1.540381163E-1
5.781715788E1,-3.441593349E-1,-6.723923236E-2,2.037972361E-1
5.782719788E1,-3.920086026E-1,9.804160893E-2,2.476038486E-1
5.783723788E1,-3.869400620E-1,2.701614499E-1,2.809466124E-1
5.784727788E1,-3.369461596E-1,4.045293629E-1,2.515708804E-1
5.785731787E1,-3.217639923E-1,4.107965827E-1,8.067219704E-2
5.786735887E1,-3.167242408E-1,2.465133667E-1,-1.425734013E-1
5.787739888E1,-2.644916475E-1,-6.979952008E-2,-3.220217526E-1
5.788743888E1,-2.042235285E-1,-3.776737452E-1,-4.603295624E-1
5.789747888E1,-1.860117465E-1,-5.280383825E-1,-5.932213664E-1
5.790751887E1,-1.610840261E-1,-4.887945652E-1,-6.889691949E-1
5.791755888E1,-1.255729198E-1,-3.362329602E-1,-7.029813528E-1
5.792759987E1,-1.069606170E-1,-1.832359433E-1,-6.657349467E-1
5.793763988E1,-5.604894459E-2,-7.506262511E-2,-6.772842407E-1
5.794767988E1,3.643358126E-2,1.326031424E-2,-7.504170537E-1
5.795771988E1,1.141448766E-1,5.541384686E-3,-7.357015610E-1
5.796775987E1,2.474249154E-1,-4.947739094E-2,-7.028453350E-1
5.797779988E1,3.193901777E-1,-4.516147450E-2,-7.103623748E-1
5.798783988E1,2.138275355E-1,-1.205483675E-1,-6.061595678E-1
5.799788088E1,5.610581487E-2,-2.780703306E-1,-4.291638136E-1
5.800792088E1,-6.903106719E-2,-4.450486600E-1,-2.314358503E-1
5.801796088E1,-1.425417811E-1,-4.754898548E-1,-6.353236735E-2
5.802800087E1,-1.883050054E-1,-3.459095061E-1,2.807531320E-2
5.803804088E1,-2.704640627E-1,-2.023236901E-1,6.896281987E-2
5.804808075E1,-3.209080696E-1,-5.589084700E-2,1.188217178E-1
5.805812175E1,-2.995761335E-1,3.563744947E-2,1.680237204E-1
5.806816175E1,-2.626908123E-1,1.710640034E-3,1.452686191E-1
5.807820175E1,-1.785668880E-1,-9.328689426E-2,1.723079830E-1
5.808824175E1,-3.142537922E-2,-1.806518883E-1,2.606335878E-1
5.809828175E1,1.407506615E-1,-1.993247271E-1,3.668829501E-1
5.810832175E1,3.037765920E-1,-1.799616814E-1,4.514942467E-1
5.811836275E1,4.101919830E-1,-1.791209280E-1,5.304378867E-1
5.812840275E1,4.582971931E-1,-1.442945153E-1,6.469370723E-1
5.813844275E1,4.572787881E-1,-1.434581876E-1,7.557053566E-1
5.814848275E1,4.709080458E-1,-1.751607209E-1,8.376050591E-1
5.815852275E1,5.280512571E-1,-1.878146380E-1,8.864991069E-1
5.816856275E1,5.985014439E-1,-2.029094398E-1,8.948542476E-1
5.817860375E1,6.520176530E-1,-2.014138699E-1,8.711193800E-1
5.818864375E1,6.636884212E-1,-1.726282984E-1,8.397310972E-1
5.819868375E1,6.575205326E-1,-1.549434364E-1,7.986643910E-1
5.820872375E1,6.346272230E-1,-1.623339653E-1,7.569169402E-1
5.821876375E1,5.994396806E-1,-1.407130957E-1,6.901610494E-1
5.822880375E1,5.674473643E-1,-9.136232734E-2,5.866740942E-1
5.823884375E1,5.439617634E-1,-2.770837955E-2,4.518866837E-1
5.824888475E1,5.209291577E-1,6.055037677E-2,3.053656816E-1
5.825892475E1,4.823713601E-1,1.627418995E-1,1.538979411E-1
5.826896475E1,4.314309359E-1,2.331050038E-1,2.829474956E-2
5.827900475E1,3.865635991E-1,2.638446093E-1,-7.908225060E-2
5.828904475E1,3.458609283E-1,2.819610238E-1,-1.348211616E-1
5.829908475E1,3.047979176E-1,2.686081231E-1,-1.573274732E-1
5.830912575E1,2.634182274E-1,2.058043778E-1,-1.717458218E-1
5.831916575E1,2.124938369E-1,1.006313786E-1,-1.697660387E-1
5.832920575E1,1.626114994E-1,-2.551270649E-2,-1.682043672E-1
5.833924575E1,1.203785539E-1,-1.587937176E-1,-1.777279824E-1
5.834928575E1,1.028384417E-1,-2.829060555E-1,-1.874445230E-1
5.835932575E1,1.223830879E-1,-4.076996446E-1,-1.787230521E-1
5.836936675E1,1.566060334E-1,-5.230981112E-1,-1.724710166E-1
5.837940675E1,2.000121027E-1,-5.680528879E-1,-1.791648269E-1
5.838944675E1,2.599244416E-1,-5.299369097E-1,-2.043900192E-1
5.839948675E1,3.270438313E-1,-4.333328009E-1,-2.501137257E-1
5.840952675E1,3.771735728E-1,-2.999923229E-1,-2.998477221E-1
5.841956675E1,3.782550693E-1,-6.424263865E-2,-3.139068186E-1
5.842960675E1,3.878224790E-1,2.576539218E-1,-2.303932756E-1
5.843964775E1,4.317268133E-1,5.320765972E-1,-9.983085841E-2
5.844968775E1,4.511548579E-1,6.405399442E-1,4.007191584E-2
5.845972775E1,4.517434239E-1,6.284244657E-1,1.882751882E-1
5.846976775E1,4.674677849E-1,5.577481985E-1,3.177122772E-1
5.847980775E1,4.793721139E-1,4.837651551E-1,4.224109352E-1
5.848984775E1,4.568947554E-1,4.663824439E-1,4.839943945E-1
5.849988875E1,4.088321626E-1,4.585609436E-1,5.519552827E-1
5.850992875E1,2.871797681E-1,4.173581004E-1,6.689658165E-1
5.851996875E1,6.057059765E-2,3.929104209E-1,8.235741854E-1
5.853000875E1,-1.213757694E-1,3.246831596E-1,9.990684986E-1
5.854004875E1,-1.303282529E-1,7.677455992E-2,1.110517502E0
5.855008875E1,4.976294935E-3,-3.104067147E-1,1.093306303E0
5.856012975E1,1.730244309E-1,-6.614705920E-1,9.942340851E-1
5.857016975E1,2.705248892E-1,-9.376243949E-1,8.106815815E-1
5.858020975E1,3.290688992E-1,-1.072840214E0,5.555979013E-1
5.859024975E1,3.761362731E-1,-9.484783411E-1,2.914078236E-1
5.860028975E1,4.363481998E-1,-6.754509211E-1,3.503232030E-3
5.861032975E1,4.987412691E-1,-3.946139514E-1,-2.754306793E-1
5.862036975E1,5.617434382E-1,-2.268759906E-1,-4.202288389E-1
5.863041075E1,6.140023470E-1,-1.307190955E-1,-5.028017163E-1
5.864045075E1,5.765625834E-1,-4.464070126E-2,-5.540751815E-1
5.865049075E1,4.566737115E-1,9.592705965E-2,-6.117997766E-1
5.866053075E1,3.203587532E-1,2.310452312E-1,-6.480634809E-1
5.867057075E1,2.097361088E-1,2.938620150E-1,-6.511753798E-1
5.868061075E1,9.983596951E-2,3.101049066E-1,-6.069426537E-1
5.869065175E1,-1.851304621E-2,3.138871193E-1,-5.573748350E-1
5.870069175E1,-1.076506451E-1,2.618216872E-1,-5.403823853E-1
5.871073175E1,-1.957698464E-1,1.009553224E-1,-5.422205329E-1
5.872077175E1,-2.857961357E-1,-4.333522171E-2,-5.340423584E-1
5.873081175E1,-3.682055473E-1,-1.633433849E-1,-5.011749864E-1
5.874085175E1,-4.420549870E-1,-2.730650008E-1,-4.799825549E-1
5.875089175E1,-4.885828197E-1,-3.500340879E-1,-4.515980482E-1
5.876093275E1,-5.087463856E-1,-3.605636656E-1,-4.219724834E-1
5.877097275E1,-5.062635541E-1,-3.438928127E-1,-3.972921669E-1
5.878101275E1,-4.758422375E-1,-3.141418099E-1,-3.722093701E-1
5.879105275E1,-4.356958866E-1,-2.402659804E-1,-3.482598364E-1
5.880109275E1,-4.108081162E-1,-1.081963629E-1,-3.214407265E-1
5.881113275E1,-3.923193812E-1,5.999293923E-2,-2.898109257E-1
5.882117375E1,-3.804664910E-1,2.437745333E-1,-2.680659592E-1
5.883121375E1,-3.730224371E-1,4.390433729E-1,-2.505213320E-1
5.884125375E1,-3.774975836E-1,6.127250195E-1,-2.281796485E-1
5.885129375E1,-3.917521536E-1,6.915817857E-1,-1.892871112E-1
5.886133375E1,-4.073798358E-1,6.367606521E-1,-1.318821162E-1
5.887137375E1,-4.112368822E-1,5.021315217E-1,-8.203680068E-2
5.888141375E1,-3.887515664E-1,3.459818363E-1,-4.012112692E-2
5.889145475E1,-3.456930220E-1,2.276932895E-1,-4.153538495E-3
5.890149475E1,-3.038401306E-1,1.489702463E-1,4.459474236E-2
5.891153475E1,-2.814874053E-1,7.081952691E-2,1.003520116E-1
5.892157475E1,-2.586713135E-1,-1.579592004E-2,1.740700901E-1
5.893161475E1,-2.111293525E-1,-9.354957193E-2,2.521068454E-1
5.894165475E1,-1.290051937E-1,-1.514305919E-1,3.124530911E-1
5.895169575E1,-5.035565794E-2,-1.698823124E-1,3.197184503E-1
5.896173575E1,-1.104980242E-2,-1.527154297E-1,2.572169900E-1
5.897177575E1,-1.302027516E-2,-1.255583763E-1,1.863470674E-1
5.898181575E1,-1.876951195E-2,-1.157010272E-1,1.573729068E-1
5.899185575E1,-3.611599095E-3,-1.035482213E-1,1.355783939E-1
5.900189575E1,2.025992051E-2,-3.696136177E-2,1.168387309E-1
5.901193575E1,1.787825674E-2,6.532000005E-2,1.076481566E-1
5.902197675E1,-8.005255833E-3,1.067956761E-1,1.149786040E-1
5.903201675E1,-6.233187765E-2,7.727187872E-2,1.386072189E-1
5.904205738E1,-1.372751296E-1,-8.249501698E-4,1.722310632E-1
5.905209738E1,-2.015491873E-1,-7.048845291E-2,1.831550896E-1
5.906213738E1,-2.510618567E-1,-7.130026817E-2,1.788332015E-1
5.907217737E1,-2.958373427E-1,-8.428839501E-4,1.264946163E-1
5.908221837E1,-3.296546936E-1,6.025739387E-2,3.365671262E-2
5.909225838E1,-3.594679832E-1,5.902621523E-2,-6.367383152E-2
5.910229838E1,-3.796470165E-1,2.426593797E-3,-1.469454765E-1
5.911233838E1,-3.807905614E-1,-7.733748108E-2,-1.935079247E-1
5.912237838E1,-3.835895360E-1,-1.524230540E-1,-2.037253827E-1
5.913241837E1,-3.934744000E-1,-1.965002418E-1,-2.041605413E-1
5.914245838E1,-4.230563045E-1,-2.439199388E-1,-1.937155426E-1
5.915249938E1,-4.719932079E-1,-2.866452932E-1,-1.808255762E-1
5.916253938E1,-5.281760097E-1,-3.209455907E-1,-1.444084495E-1
5.917257938E1,-5.776061416E-1,-3.485343456E-1,-1.046226993E-1
5.918261938E1,-5.964853168E-1,-3.395453691E-1,-4.537623748E-2
5.919265937E1,-6.125628352E-1,-3.275726140E-1,2.652458660E-2
5.920269938E1,-6.323471665E-1,-3.088713586E-1,7.494235784E-2
5.921274038E1,-6.324456930E-1,-2.410214692E-1,1.089194939E-1
5.922278038E1,-6.043980718E-1,-6.449840218E-2,1.234634891E-1
5.923282038E1,-5.271201134E-1,2.084652185E-1,1.315163523E-1
5.924286038E1,-4.262885451E-1,4.518975019E-1,1.662721634E-1
5.925290037E1,-3.055584133E-1,6.179684997E-1,1.651951820E-1
5.926294038E1,-1.868243068E-1,7.200142145E-1,1.468319297E-1
5.927298038E1,-9.482727200E-2,7.167776823E-1,1.438808888E-1
5.928302138E1,-3.093750961E-2,6.262218356E-1,1.689676940E-1
5.929306138E1,1.249172259E-2,4.905734658E-1,2.067499608E-1
5.930310138E1,3.133546561E-2,3.325500488E-1,2.381970584E-1
5.931314137E1,2.190920711E-2,1.452004015E-1,2.824934125E-1
5.932318138E1,1.254419051E-2,-2.556129918E-2,3.207527101E-1
5.933322138E1,-3.474724013E-3,-1.456096768E-1,3.514608145E-1
5.934326138E1,-2.877075225E-2,-1.878080666E-1,3.653934598E-1
5.935330238E1,-5.431446433E-2,-1.795514673E-1,3.580071628E-1
5.936334237E1,-7.053257525E-2,-1.911520809E-1,3.389392197E-1
5.937338238E1,-8.377967030E-2,-1.865591854E-1,3.108796179E-1
5.938342238E1,-1.001562476E-1,-1.571147144E-1,2.669174075E-1
5.939346238E1,-1.101066172E-1,-9.659065306E-2,2.342425287E-1
5.940350238E1,-1.209358349E-1,-4.980983213E-3,2.033037096E-1
5.941354237E1,-1.307847351E-1,8.790821582E-2,1.708445698E-1
5.942358337E1,-1.425109059E-1,1.920633763E-1,1.445410550E-1
5.943362338E1,-1.524719298E-1,3.335608542E-1,1.334154457E-1
5.944366338E1,-1.603857875E-1,4.641540945E-1,1.233347729E-1
5.945370338E1,-1.644489765E-1,5.296772122E-1,1.107505336E-1
5.946374338E1,-1.586115807E-1,5.381629467E-1,8.524446934E-2
5.947378337E1,-1.434525996E-1,4.956980646E-1,6.594560295E-2
5.948382338E1,-1.324697286E-1,4.014561772E-1,4.561597854E-2
5.949386438E1,-1.193240955E-1,2.738627791E-1,2.952702343E-2
5.950390438E1,-1.090280488E-1,1.315288395E-1,2.182114311E-2
5.951394438E1,-9.811254591E-2,-2.657877654E-2,2.227308229E-2
5.952398438E1,-8.977150917E-2,-2.026265860E-1,2.276892215E-2
5.953402437E1,-8.930652589E-2,-3.617731035E-1,1.446092501E-2
5.954406438E1,-8.208402991E-2,-4.795452654E-1,1.462124754E-2
5.955410538E1,-6.514579058E-2,-5.220213532E-1,1.293733064E-2
5.956414538E1,-3.915629536E-2,-5.012780428E-1,1.750026084E-2
5.957418538E1,-6.685434841E-3,-4.261358976E-1,1.417370699E-2
5.958422538E1,2.455131896E-2,-3.283655941E-1,1.470024604E-2
5.959426537E1,5.309081823E-2,-2.405510396E-1,-1.160672586E-2
5.960430538E1,7.255852222E-2,-1.421801001E-1,7.660253905E-3
5.961434538E1,5.218240246E-2,-6.818817556E-2,-7.355979644E-3
5.962438638E1,4.526884854E-2,-1.652479405E-3,-3.802286461E-2
5.963442638E1,6.929988414E-2,3.719665110E-2,-2.300237119E-2
5.964446638E1,7.067965716E-2,6.555298716E-2,-4.309463128E-2
5.965450637E1,6.800318509E-2,8.359856904E-2,-5.714200810E-2
5.966454638E1,5.922140554E-2,7.850266993E-2,-6.836114824E-2
5.967458638E1,4.626512527E-2,6.630006433E-2,-7.431332022E-2
5.968462638E1,4.073613882E-2,5.072063580E-2,-7.408520579E-2
5.969466738E1,3.192187473E-2,2.460940555E-2,-6.704301387E-2
5.970470738E1,1.950515620E-2,-1.627597958E-4,-5.808291212E-2
5.971474738E1,3.769868985E-3,-1.547433715E-2,-5.546662211E-2
5.972478738E1,-7.180780172E-3,-2.146867104E-2,-5.105734617E-2
5.973482738E1,-1.076592784E-2,-2.036905102E-2,-5.456419662E-2
5.974486738E1,-2.719444921E-3,-1.993703470E-2,-6.086678058E-2
5.975490737E1,7.046100684E-3,-2.792971395E-2,-6.849753112E-2
5.976494837E1,2.252678201E-2,-4.350893199E-2,-7.176195085E-2
5.977498838E1,4.279876500E-2,-4.331772029E-2,-7.501207292E-2
5.978502838E1,6.283052266E-2,-1.993997768E-2,-6.961205602E-2
5.979506838E1,8.703705668E-2,1.018436812E-2,-6.087768823E-2
5.980510838E1,1.111924723E-1,6.303487718E-2,-5.739352480E-2
5.981514837E1,1.277205795E-1,1.052180231E-1,-5.532691255E-2
5.982518838E1,1.374781430E-1,1.097303852E-1,-5.408120528E-2
5.983522938E1,1.454508454E-1,8.747461438E-2,-5.829086527E-2
5.984526938E1,1.497547626E-1,5.187543854E-2,-6.438876688E-2
5.985530938E1,1.537963748E-1,9.420657530E-3,-7.410477102E-2
5.986534938E1,1.566313207E-1,-2.138498984E-2,-7.973838598E-2
5.987538937E1,1.542888135E-1,-4.664081335E-2,-8.565913141E-2
5.988542938E1,1.480255872E-1,-7.520070672E-2,-8.761022985E-2
5.989546938E1,1.326242536E-1,-8.735377342E-2,-9.295998514E-2
5.990551038E1,1.115336120E-1,-9.765677154E-2,-9.094963968E-2
5.991555038E1,1.007688493E-1,-1.003729254E-1,-8.696528524E-2
5.992559038E1,8.683252335E-2,-8.251397312E-2,-8.557675779E-2
5.993563037E1,7.737085223E-2,-5.999587476E-2,-8.481935412E-2
5.994567038E1,6.532857567E-2,-3.788268194E-2,-8.012679964E-2
5.995571038E1,5.432998389E-2,-1.233684178E-2,-7.348860800E-2
5.996575038E1,4.708218947E-2,8.168024011E-3,-6.682075560E-2
5.997579138E1,4.210127890E-2,1.525389589E-2,-6.130241603E-2
5.998583138E1,4.214654490E-2,1.381147653E-2,-4.912010580E-2
5.999587137E1,4.421768337E-2,3.507173853E-3,-3.923711553E-2
6.000591138E1,4.341102019E-2,-7.086412981E-3,-3.111310303E-2
6.001595138E1,4.309516773E-2,-2.480495721E-2,-2.881319635E-2
6.002599138E1,4.434154555E-2,-3.486366943E-2,-2.750534937E-2
6.003603137E1,5.096349493E-2,-3.661816195E-2,-2.895464189E-2
6.004607162E1,6.182811037E-2,-2.950304002E-2,-2.988618426E-2
6.005611163E1,7.269886881E-2,-3.553190455E-2,-3.235413507E-2
6.006615163E1,8.179304749E-2,-6.049345806E-2,-3.098517470E-2
6.007619163E1,9.314689785E-2,-7.720985264E-2,-3.074389137E-2
6.008623162E1,1.045148596E-1,-8.295644820E-2,-2.791204676E-2
6.009627163E1,1.194573268E-1,-8.463610709E-2,-2.880766802E-2
6.010631163E1,1.358831674E-1,-8.705853671E-2,-3.122970648E-2
6.011635263E1,1.580388099E-1,-8.937256038E-2,-2.933406830E-2
6.012639263E1,1.815867424E-1,-8.436372131E-2,-2.565515600E-2
6.013643263E1,1.949899048E-1,-7.918866724E-2,-2.154643089E-2
6.014647262E1,2.020203769E-1,-7.334208488E-2,-1.884279959E-2
6.015651263E1,2.022291720E-1,-6.548202038E-2,-1.601345837E-2
6.016655263E1,1.952045560E-1,-5.417507142E-2,-7.087501697E-3
6.017659263E1,1.952530146E-1,-3.893592954E-2,6.606996758E-4
6.018663363E1,1.945584565E-1,-1.895712130E-2,1.332436036E-2
6.019667363E1,1.823979318E-1,-3.474302823E-3,1.688873582E-2
6.020671362E1,1.739003062E-1,-7.015897892E-3,1.727266796E-2
6.021675363E1,1.700171530E-1,-5.820404738E-3,1.762180775E-2
6.022679363E1,1.676040739E-1,-3.058407921E-3,1.517194416E-2
6.023683363E1,1.653097570E-1,-7.198865060E-4,9.499144740E-3
6.024687363E1,1.644317210E-1,1.526243286E-3,2.656760160E-3
6.025691463E1,1.648224145E-1,8.501861244E-3,-2.643462736E-3
6.026695462E1,1.660692841E-1,1.844587550E-2,-8.118325844E-3
6.027699463E1,1.657406539E-1,2.678822912E-2,-1.107949391E-2
6.028703463E1,1.672653258E-1,3.133432195E-2,-1.130351890E-2
6.029707463E1,1.644053608E-1,3.660764918E-2,-6.252834573E-3
6.030711463E1,1.535859853E-1,3.052327968E-2,-4.593344405E-3
6.031715462E1,1.403663158E-1,1.717764698E-2,-3.966435790E-3
6.032719562E1,1.259511709E-1,2.475458663E-3,-4.836884793E-3
6.033723563E1,1.128497496E-1,-8.636048064E-3,-4.145261832E-3
6.034727563E1,9.784895182E-2,-1.869696565E-2,-5.465018097E-3
6.035731563E1,8.530413359E-2,-2.517217398E-2,-6.858117878E-3
6.036735562E1,7.366373390E-2,-2.726196311E-2,-6.432363763E-3
6.037739563E1,6.474827230E-2,-2.359665371E-2,-6.841957569E-3
6.038743563E1,5.689885840E-2,-1.984768361E-2,-8.036588319E-3
6.039747663E1,4.700734466E-2,-1.900665648E-2,-9.124223143E-3
6.040751663E1,4.106264189E-2,-2.456950210E-2,-1.047682110E-2
6.041755663E1,3.596055880E-2,-3.158852831E-2,-1.424785703E-2
6.042759662E1,3.674884140E-2,-3.712345287E-2,-1.520893909E-2
6.043763663E1,3.607346490E-2,-3.883053735E-2,-1.893949509E-2
6.044767663E1,3.579570353E-2,-3.680382296E-2,-2.222817950E-2
6.045771663E1,3.652461246E-2,-2.961222269E-2,-2.245614678E-2
6.046775763E1,3.129523993E-2,-2.605735697E-2,-2.087108418E-2
6.047779763E1,2.854312584E-2,-2.111772634E-2,-1.723267511E-2
6.048783762E1,2.322134003E-2,-1.237670425E-2,-1.333948411E-2
6.049787763E1,1.798130386E-2,1.413676422E-3,-8.446990512E-3
6.050791763E1,1.403716020E-2,1.574902982E-2,-5.943769123E-3
6.051795763E1,8.249312639E-3,2.240001038E-2,-5.166392308E-3
6.052799763E1,5.243926309E-3,1.910823025E-2,-7.241985295E-3
6.053803762E1,4.632997327E-3,7.622816134E-3,-8.825767785E-3
6.054807862E1,8.783005178E-3,-1.189024886E-3,-8.137979545E-3
6.055811863E1,7.634117268E-3,-1.563001610E-2,-7.734511048E-3
6.056815863E1,9.628554806E-3,-2.720147744E-2,-3.535131924E-3
6.057819863E1,8.881271817E-3,-3.281461820E-2,-4.595336039E-3
6.058823863E1,5.941930227E-3,-3.444727510E-2,-1.444635098E-3
6.059827862E1,-4.991563037E-5,-3.172072768E-2,-3.917113878E-3
6.060831863E1,-3.456890350E-3,-2.473461814E-2,-1.898779068E-3
6.061835963E1,-1.304523787E-3,-1.160603110E-2,7.017976022E-4
6.062839963E1,-2.525679301E-4,6.023880560E-3,3.969016951E-3
6.063843963E1,-3.232911229E-3,1.302905940E-2,5.237214267E-3
6.064847963E1,-9.697206318E-3,9.796546772E-3,4.482985474E-3
6.065851962E1,-1.149590500E-2,7.757364772E-3,9.311276954E-4
6.066855963E1,-1.271296199E-2,8.149908856E-3,-4.389686976E-3
6.067859963E1,-1.138511021E-2,1.154410746E-2,-9.697366506E-3
6.068864063E1,-1.006713696E-2,1.512815710E-2,-1.019490790E-2
6.069868063E1,-9.627714753E-3,1.568236202E-2,-9.823663160E-3
6.070872062E1,-1.102346182E-2,8.882108144E-3,-8.499274962E-3
6.071876063E1,-1.781372353E-2,1.585579594E-3,-2.785462886E-3
6.072880063E1,-2.355177142E-2,-7.712756284E-3,1.923922217E-3
6.073884063E1,-2.450039051E-2,-1.307050325E-2,1.972125378E-3
6.074888063E1,-2.140473761E-2,-9.540626779E-3,6.800558185E-4
6.075892163E1,-1.747923717E-2,-1.384962117E-3,-4.643869586E-3
6.076896162E1,-1.624379866E-2,8.983139880E-3,-6.262016948E-3
6.077900163E1,-1.570211165E-2,1.503011305E-2,-6.699041463E-3
6.078904163E1,-1.066953875E-2,2.020242065E-2,-4.936859012E-3
6.079908163E1,-8.086538874E-3,1.878987998E-2,-4.550701007E-3
6.080912163E1,-9.427173063E-3,1.863671467E-2,-1.308547682E-3
6.081916162E1,-7.416218985E-3,1.414369605E-2,1.192693249E-3
6.082920262E1,-4.641467705E-3,1.313609909E-2,-1.758185448E-3
6.083924263E1,2.430823166E-3,1.610019617E-2,-4.422944039E-3
6.084928263E1,8.479129523E-3,2.093608305E-2,-4.565679468E-3
6.085932263E1,1.178304758E-2,2.152863517E-2,-2.608788433E-3
6.086936263E1,1.056944765E-2,1.590033621E-2,-1.900227973E-3
6.087940262E1,5.795998499E-3,8.497813717E-3,6.198906340E-5
6.088944263E1,-8.206253406E-4,1.376521424E-3,6.191223511E-4
6.089948263E1,-5.776235368E-3,-4.245743621E-4,-1.103174873E-4
6.090952363E1,-4.011101555E-3,4.837280139E-3,1.767936046E-3
6.091956363E1,-5.374639761E-3,9.824581444E-3,4.711527843E-3
6.092960363E1,-5.753875710E-3,1.140798070E-2,6.280652247E-3
6.093964362E1,-6.238304079E-3,1.380189601E-2,6.708888337E-3
6.094968363E1,-4.905388691E-3,1.628990471E-2,7.483100984E-3
6.095972363E1,-1.984699862E-3,1.810538210E-2,6.360578351E-3
6.096976363E1,-6.621698849E-4,1.872172207E-2,6.251687184E-3
6.097980463E1,-2.539165784E-3,2.121950127E-2,2.011934295E-3
6.098984463E1,-9.481888264E-4,2.558776177E-2,-1.346407575E-3
6.099988462E1,5.708783865E-4,2.806716412E-2,-3.770683426E-3
6.100992463E1,3.090486396E-3,2.629779838E-2,-4.303250927E-3
6.101996463E1,6.579493638E-3,2.578487433E-2,-3.188959090E-4
6.103000463E1,3.174373414E-3,2.633005381E-2,4.977045115E-3
6.104004462E1,-8.999968413E-4,2.435798384E-2,8.650875650E-3
6.105008487E1,-1.786538167E-3,2.666174248E-2,1.135576330E-2
6.106012587E1,-3.434768645E-3,2.890891954E-2,1.332330704E-2
6.107016588E1,-1.628635917E-3,3.122831509E-2,1.172910631E-2
6.108020588E1,9.594241856E-4,3.554689884E-2,8.960484527E-3
6.109024588E1,7.172574289E-3,4.101949185E-2,7.349229418E-3
6.110028587E1,1.067596208E-2,4.354390129E-2,1.006112713E-2
6.111032588E1,9.946267121E-3,4.026468098E-2,1.220652554E-2
6.112036588E1,8.153427392E-3,3.379027173E-2,1.424517576E-2
6.113040688E1,6.688672118E-3,2.615713887E-2,1.154232491E-2
6.114044688E1,3.573838854E-3,2.050857432E-2,7.978482172E-3
6.115048688E1,2.623899141E-3,1.672787778E-2,1.213210169E-3
6.116052687E1,2.025486901E-3,1.920142211E-2,-1.038226183E-3
6.117056688E1,1.280869590E-3,2.020939626E-2,-3.935458139E-3
6.118060688E1,9.634207236E-4,2.325045876E-2,-3.531456925E-3
6.119064688E1,6.931198295E-4,2.786840126E-2,1.991214929E-3
6.120068788E1,-2.548479708E-3,2.937841415E-2,4.697785713E-3
6.121072788E1,-7.949386723E-3,2.749149315E-2,1.178859174E-2
6.122076787E1,-1.156888902E-2,2.131242678E-2,1.263920404E-2
6.123080788E1,-1.322004013E-2,1.704653539E-2,7.047034800E-3
6.124084788E1,-1.081334148E-2,1.412078645E-2,8.245587815E-4
6.125088788E1,-8.900663815E-3,1.529296767E-2,1.279719872E-4
6.126092788E1,-6.110203452E-3,1.514942292E-2,-3.742932808E-3
6.127096888E1,-3.934391774E-3,1.834070683E-2,-2.457084134E-3
6.128100887E1,-1.985490322E-3,1.456913911E-2,-4.506587284E-4
6.129104888E1,-3.795912955E-3,1.124344859E-2,-1.205441076E-3
6.130108888E1,-3.914956469E-3,8.159774356E-3,-1.649123617E-3
6.131112888E1,-4.830025136E-3,6.807636004E-3,-3.221506486E-3
6.132116888E1,-3.631336149E-3,7.072886918E-3,-6.239666604E-3
6.133120887E1,-4.736133851E-4,6.235900801E-3,-9.186487645E-3
6.134124888E1,-2.352207433E-3,4.745063372E-3,-9.417916648E-3
6.135128988E1,-3.223858075E-3,2.840220695E-3,-1.190689579E-2
6.136132988E1,-6.084626541E-3,-1.651565544E-4,-8.696988225E-3
6.137136988E1,-1.033503097E-2,-1.405390678E-3,-8.909242228E-3
6.138140988E1,-1.472525857E-2,7.746211486E-4,-5.538531579E-3
6.139144987E1,-1.335746236E-2,2.731485991E-3,-8.910786361E-3
6.140148988E1,-1.147727109E-2,4.009803291E-3,-9.529438801E-3
6.141152988E1,-1.014968567E-2,1.419820823E-3,-8.008644916E-3
6.142157088E1,-1.036060788E-2,-2.156005474E-3,-1.026168000E-2
6.143161088E1,-1.314358879E-2,-5.331194960E-3,-1.183292363E-2
6.144165088E1,-1.689705066E-2,-7.057721727E-3,-1.324306708E-2
6.145169087E1,-1.664379425E-2,-5.515830126E-3,-1.648621261E-2
6.146173088E1,-1.965929195E-2,-2.968250308E-3,-1.551682130E-2
6.147177088E1,-1.997168176E-2,-3.252851311E-3,-1.736254059E-2
6.148181088E1,-2.072136290E-2,-2.779074945E-3,-1.792952791E-2
6.149185087E1,-1.922174916E-2,-5.059792660E-3,-1.842763461E-2
6.150189187E1,-1.932987198E-2,-4.040600732E-3,-1.888489909E-2
6.151193188E1,-2.139913291E-2,-5.847536959E-4,-1.724652201E-2
6.152197188E1,-2.208862454E-2,-2.446679864E-4,-1.623771712E-2
6.153201188E1,-2.171686105E-2,2.718816977E-4,-1.607856713E-2
6.154205188E1,-1.935623586E-2,-3.929255065E-3,-1.791401766E-2
6.155209187E1,-1.584884897E-2,-7.090135477E-3,-1.821239851E-2
6.156213188E1,-1.302083768E-2,-1.021402329E-2,-1.831200160E-2
6.157217288E1,-9.353929199E-3,-1.320431195E-2,-1.790944859E-2
6.158221288E1,-2.358870348E-3,-1.777536049E-2,-1.321962103E-2
6.159225288E1,3.131512552E-3,-2.516161837E-2,-1.014386211E-2
6.160229288E1,8.094313554E-3,-3.570054471E-2,-5.110753700E-3
6.161233287E1,1.136413030E-2,-4.881462082E-2,-4.042343935E-4
6.162237288E1,1.386244223E-2,-5.750158802E-2,-8.252803236E-4
6.163241288E1,1.961460151E-2,-5.833645165E-2,-8.361088112E-5
6.164245388E1,2.311639301E-2,-5.069904029E-2,-1.756076002E-3
6.165249388E1,2.984407917E-2,-4.045750946E-2,8.011993486E-5
6.166253388E1,3.803143650E-2,-2.653530240E-2,-3.072263673E-3
6.167257387E1,4.593515769E-2,-1.449046843E-2,1.519366866E-3
6.168261388E1,4.735861719E-2,-1.550435321E-3,1.743871253E-3
6.169265388E1,5.139889941E-2,8.784285747E-3,1.106449054E-3
6.170269388E1,5.389401317E-2,1.440435462E-2,5.264125648E-4
6.171273387E1,5.486633629E-2,1.333065238E-2,8.548120968E-4
6.172277488E1,5.561628565E-2,5.838647485E-3,6.411958020E-5
6.173281487E1,5.467538908E-2,-4.276362248E-3,1.327384729E-3
6.174285488E1,5.190357193E-2,-1.268449519E-2,6.575997686E-4
6.175289488E1,4.798045754E-2,-1.726718992E-2,1.668579178E-3
6.176293488E1,4.494046047E-2,-1.330334134E-2,4.829399404E-4
6.177297487E1,4.194520786E-2,-7.408856414E-3,-3.389869817E-4
6.178301488E1,3.962958977E-2,-2.012493787E-3,-8.583033923E-4
6.179305587E1,3.577734530E-2,1.952167600E-3,-9.994612774E-4
6.180309588E1,3.355919942E-2,1.492076553E-4,-4.065292422E-3
6.181313588E1,2.978389896E-2,-1.879764255E-3,-6.035381928E-3
6.182317588E1,2.354437858E-2,-7.174128201E-3,-9.793102741E-3
6.183321587E1,2.116111666E-2,-8.458038792E-3,-1.241098903E-2
6.184325588E1,1.839648560E-2,-8.852479048E-3,-1.243005786E-2
6.185329588E1,1.727422699E-2,-4.363097250E-3,-1.246908866E-2
6.186333688E1,1.453330088E-2,-3.071198007E-3,-1.053669862E-2
6.187337688E1,1.139502041E-2,-3.919876181E-3,-9.529182687E-3
6.188341688E1,8.668742143E-3,-6.472782232E-3,-6.820481271E-3
6.189345687E1,7.106289268E-3,-6.654934492E-3,-7.278108038E-3
6.190349688E1,5.741685629E-3,-8.680002764E-3,-9.944198653E-3
6.191353688E1,5.556589458E-3,-5.795467645E-3,-8.858736604E-3
6.192357688E1,8.672487922E-3,-5.449168384E-5,-1.044731308E-2
6.193361688E1,1.081472915E-2,4.944117740E-3,-9.027486667E-3
6.194365788E1,9.659982286E-3,5.625620484E-3,-8.980615065E-3
6.195369787E1,8.818945847E-3,-6.198092829E-3,-1.146315970E-2
6.196373788E1,7.568591274E-3,-1.443285309E-2,-8.244729601E-3
6.197377788E1,5.751783960E-3,-2.195835486E-2,-7.405162789E-3
6.198381788E1,7.721990347E-3,-2.380312793E-2,-9.456062689E-3
6.199385788E1,1.163071021E-2,-2.390157245E-2,-6.467346568E-3
6.200389787E1,1.448987983E-2,-1.922080107E-2,-8.214380592E-3
6.201393887E1,1.789021119E-2,-1.626884378E-2,-8.130299859E-3
6.202397888E1,1.832190901E-2,-1.313483529E-2,-8.431236260E-3
6.203401888E1,1.763747446E-2,-8.766420186E-3,-9.873624891E-3
6.204405888E1,1.705104671E-2,-6.236417219E-3,-8.131119423E-3
6.205409887E1,1.726518199E-2,-4.680317827E-3,-1.001132093E-2
6.206413888E1,1.866041124E-2,-5.161550827E-3,-9.051518515E-3
6.207417888E1,2.234434523E-2,-4.949785303E-3,-8.794907480E-3
6.208421988E1,2.343757264E-2,-5.509847775E-3,-8.323527873E-3
6.209425988E1,2.179440297E-2,-9.214038961E-3,-7.947223261E-3
6.210429988E1,2.068972401E-2,-1.449854858E-2,-8.260411210E-3
6.211433987E1,2.167961188E-2,-2.038320526E-2,-1.044588536E-2
6.212437988E1,2.050489001E-2,-2.326501161E-2,-9.447199292E-3
6.213441988E1,1.988919452E-2,-2.402717620E-2,-1.100401953E-2
6.214445988E1,1.790220849E-2,-2.324633673E-2,-1.159577444E-2
6.215450088E1,2.118375339E-2,-2.010191046E-2,-1.104026102E-2
6.216454088E1,2.204821445E-2,-1.803902537E-2,-8.649541065E-3
6.217458087E1,2.042181045E-2,-1.643289439E-2,-7.857858203E-3
6.218462088E1,1.749473065E-2,-1.851548627E-2,-8.150539361E-3
6.219466088E1,1.567100361E-2,-1.973433048E-2,-7.704427931E-3
6.220470088E1,1.507898234E-2,-2.325156890E-2,-7.751832251E-3
6.221474088E1,1.358362380E-2,-2.942350693E-2,-7.247119676E-3
6.222478188E1,1.552000828E-2,-3.565423936E-2,-6.888924632E-3
6.223482187E1,1.494875085E-2,-3.823075071E-2,-7.077540271E-3
6.224486188E1,1.372130029E-2,-3.958656639E-2,-7.115890272E-3
6.225490188E1,1.115295663E-2,-4.181226715E-2,-7.038061973E-3
6.226494188E1,7.495105267E-3,-4.238085449E-2,-7.314231712E-3
6.227498188E1,2.938969294E-3,-4.457556456E-2,-8.112113923E-3
6.228502187E1,9.660995565E-4,-4.902437329E-2,-7.995733991E-3
6.229506287E1,-1.706925919E-3,-4.679372907E-2,-1.102222595E-2
6.230510288E1,-2.607607050E-3,-4.505228624E-2,-1.221585460E-2
6.231514288E1,-5.681142211E-3,-4.220369831E-2,-1.231373008E-2
6.232518288E1,-7.654796354E-4,-3.700201213E-2,-1.213077083E-2
6.233522288E1,4.212080967E-4,-3.215735033E-2,-1.208654232E-2
6.234526287E1,4.583728965E-3,-2.246477827E-2,-1.287297346E-2
6.235530288E1,6.659675390E-3,-1.492230222E-2,-1.468010899E-2
6.236534288E1,1.179478317E-2,-2.218491631E-3,-1.429235283E-2
6.237538388E1,1.594636776E-2,1.063003205E-2,-1.401269995E-2
6.238542388E1,1.962392777E-2,1.670390368E-2,-1.622578688E-2
6.239546388E1,2.288017794E-2,2.041178942E-2,-1.646891236E-2
6.240550387E1,2.969653718E-2,1.879605092E-2,-1.645825990E-2
6.241554388E1,2.977325208E-2,1.769780926E-2,-1.700077765E-2
6.242558388E1,2.713565715E-2,2.748306282E-2,-1.590035856E-2
6.243562488E1,2.791596018E-2,4.613288492E-2,-1.809176803E-2
6.244566488E1,3.459010646E-2,5.215642601E-2,-1.963773370E-2
6.245570487E1,3.924343362E-2,3.929724544E-2,-2.219367586E-2
6.246574488E1,4.230047390E-2,2.902889624E-2,-2.465896308E-2
6.247578488E1,4.557218030E-2,2.005379647E-2,-1.967558265E-2
6.248582488E1,3.964984044E-2,2.099122852E-2,-1.958104037E-2
6.249586488E1,3.282044455E-2,2.810982056E-2,-2.088258974E-2
6.250590487E1,3.338529915E-2,2.427646704E-2,-2.520037256E-2
6.251594587E1,4.324217141E-2,7.597399410E-3,-2.759227529E-2
6.252598588E1,5.244792253E-2,2.348243725E-4,-2.415413409E-2
6.253602588E1,5.278268829E-2,2.359312493E-3,-2.061103284E-2
6.254606588E1,5.251370743E-2,4.891179502E-3,-1.768901385E-2
6.255610588E1,5.341039971E-2,2.112314338E-3,-1.735275052E-2
6.256614587E1,5.553293973E-2,-1.493605785E-3,-2.243938856E-2
6.257618588E1,5.688741803E-2,-3.795285244E-3,-2.523026429E-2
6.258622688E1,6.044646725E-2,-4.417399410E-3,-2.479749918E-2
6.259626688E1,5.862700567E-2,-4.314698279E-3,-2.454150654E-2
6.260630688E1,5.745068938E-2,-5.311785266E-3,-2.280193008E-2
6.261634688E1,5.921316892E-2,-4.443744197E-3,-2.136594243E-2
6.262638687E1,5.766987056E-2,-4.716451280E-3,-1.953794807E-2
6.263642688E1,5.725226551E-2,-9.795673192E-3,-1.391723100E-2
6.264646688E1,5.568845570E-2,-1.485488005E-2,-1.398194581E-2
6.265650788E1,5.452544987E-2,-1.637438871E-2,-1.401911303E-2
6.266654788E1,5.559683964E-2,-1.208616700E-2,-1.211521961E-2
6.267658788E1,5.667277053E-2,-2.853415906E-3,-1.045250148E-2
6.268662787E1,5.513559282E-2,3.577851923E-3,-7.371223066E-3
6.269666788E1,5.381839722E-2,4.221031442E-3,-4.884736147E-3
6.270670788E1,5.125856772E-2,1.592757879E-3,-4.152366892E-3
6.271674888E1,4.916851968E-2,-1.251082635E-3,-3.635191824E-3
6.272678888E1,4.506671801E-2,-4.373638891E-3,-5.420042668E-3
6.273682888E1,4.291595891E-2,-2.087853150E-3,-3.372422187E-3
6.274686887E1,3.934891894E-2,7.316356059E-4,-3.621693933E-3
6.275690888E1,3.797631711E-2,-7.313709706E-3,-3.146239324E-4
6.276694888E1,3.446946666E-2,1.610815525E-5,3.150681267E-3
6.277698888E1,3.224758804E-2,3.971675411E-3,7.792144548E-3
6.278702988E1,2.754631080E-2,8.177871816E-3,1.226146147E-2
6.279706987E1,2.424479090E-2,1.234545279E-2,1.674569212E-2
6.280710988E1,2.356621623E-2,6.043348461E-3,2.179424651E-2
6.281714988E1,2.224502340E-2,-1.506986842E-2,2.501814254E-2
6.282718988E1,1.728142425E-2,-3.717224300E-2,2.786319703E-2
6.283722988E1,1.391040161E-2,-6.179737300E-2,3.115731478E-2
6.284726987E1,1.031353697E-2,-8.686916530E-2,3.265321255E-2
6.285731087E1,6.165663712E-3,-1.111279055E-1,3.328730911E-2
6.286735088E1,5.308391526E-3,-1.297503263E-1,3.638083860E-2
6.287739088E1,-9.753319900E-4,-1.460240632E-1,3.847957030E-2
6.288743088E1,-5.808170885E-3,-1.668760926E-1,3.564197198E-2
6.289747088E1,-8.541646414E-3,-2.010129690E-1,4.337974265E-2
6.290751087E1,-7.019383833E-3,-2.126427144E-1,3.577322140E-2
6.291755088E1,-1.034753211E-2,-2.237292230E-1,3.884333372E-2
6.292759188E1,-1.664750651E-2,-2.496883720E-1,4.293394834E-2
6.293763188E1,-2.524393611E-2,-2.736590505E-1,4.402776435E-2
6.294767188E1,-3.827451915E-2,-2.905581295E-1,4.685524479E-2
6.295771188E1,-4.701260850E-2,-3.002746105E-1,4.830325395E-2
6.296775187E1,-5.393629521E-2,-2.975387573E-1,4.329890758E-2
6.297779188E1,-5.701037124E-2,-2.854359150E-1,3.940289840E-2
6.298783188E1,-5.997819453E-2,-2.802797854E-1,3.565636650E-2
6.299787288E1,-5.921067297E-2,-2.698972821E-1,3.537112847E-2
6.300791288E1,-5.702448636E-2,-2.265324891E-1,2.642583661E-2
6.301795288E1,-5.366464704E-2,-1.800642759E-1,2.528329566E-2
6.302799287E1,-4.988588765E-2,-1.413957030E-1,2.557438053E-2
6.303803288E1,-4.855030403E-2,-1.191918701E-1,2.373618260E-2
6.304807242E1,-5.225130171E-2,-1.204824373E-1,2.085171267E-2
6.305811342E1,-4.775002599E-2,-1.309297681E-1,2.341979928E-2
6.306815342E1,-4.050249979E-2,-1.355285048E-1,3.108011559E-2
6.307819342E1,-3.767823055E-2,-1.209278554E-1,3.408487141E-2
6.308823342E1,-4.100292176E-2,-1.172638834E-1,3.207791597E-2
6.309827342E1,-4.394570738E-2,-1.240573972E-1,3.371287510E-2
6.310831342E1,-4.845763370E-2,-1.264593005E-1,2.858149447E-2
6.311835342E1,-4.616064951E-2,-1.140287146E-1,2.758341655E-2
6.312839442E1,-4.160743952E-2,-1.310077012E-1,3.730235994E-2
6.313843442E1,-4.719688743E-2,-1.222761646E-1,3.305952623E-2
6.314847442E1,-4.910343885E-2,-1.175072417E-1,3.460841998E-2
6.315851442E1,-5.090001598E-2,-1.269003600E-1,3.401676193E-2
6.316855442E1,-5.442604050E-2,-1.240686178E-1,3.238610923E-2
6.317859442E1,-5.183612183E-2,-1.070983335E-1,2.857923508E-2
6.318863442E1,-4.724829271E-2,-7.841289043E-2,1.857666858E-2
6.319867542E1,-4.376276210E-2,-4.645036161E-2,1.111852750E-2
6.320871542E1,-4.063275084E-2,-2.673764527E-2,1.126899756E-2
6.321875542E1,-3.829474747E-2,1.210123487E-2,1.251517609E-2
6.322879542E1,-4.043033347E-2,3.859675676E-2,1.028078422E-2
6.323883542E1,-4.505173489E-2,3.328477219E-2,1.607984863E-2
6.324887542E1,-5.555817112E-2,7.165818010E-3,2.695513330E-2
6.325891642E1,-6.185892969E-2,-7.046036422E-3,3.630852699E-2
6.326895642E1,-5.903171748E-2,1.290237159E-2,3.201551363E-2
6.327899642E1,-4.514889419E-2,2.399971895E-2,1.130308025E-2
6.328903642E1,-4.325671867E-2,7.585324347E-3,-9.016544791E-4
6.329907642E1,-4.400270432E-2,-1.003353763E-2,1.780090621E-3
6.330911642E1,-5.406785384E-2,-2.313566627E-3,1.198345982E-2
6.331915642E1,-6.613435596E-2,2.023946494E-2,1.422802638E-2
6.332919742E1,-6.544433534E-2,4.388833418E-2,2.403698117E-2
6.333923742E1,-7.339226454E-2,6.098993495E-2,9.567420930E-3
6.334927742E1,-6.645099819E-2,6.412980705E-2,2.707477473E-2
6.335931742E1,-6.426082551E-2,8.695010841E-2,2.186184935E-2
6.336935742E1,-7.922726125E-2,8.946866542E-2,8.021933958E-3
6.337939742E1,-9.230046719E-2,9.889637679E-2,7.184016984E-3
6.338943742E1,-6.174281985E-2,9.302863479E-2,2.240291797E-2
6.339947842E1,-6.771974266E-2,5.845336989E-2,-3.109557321E-3
6.340951842E1,-8.817628026E-2,-9.199175052E-3,-2.999835415E-3
6.341955842E1,-8.412641287E-2,6.711998023E-3,9.680816904E-3
6.342959842E1,-1.287878901E-1,1.308541745E-1,-7.584456354E-3
6.343963842E1,-1.438224912E-1,2.774999738E-1,-1.622203621E-3
6.344967842E1,-1.518695056E-1,2.462078631E-1,4.294792563E-2
6.345971942E1,-1.547606140E-1,1.225454435E-1,3.534762189E-2
6.346975942E1,-1.652673185E-1,6.434072554E-2,2.055668831E-2
6.347979942E1,-1.591532379E-1,6.721279025E-2,1.329585724E-2
6.348983942E1,-1.154997721E-1,9.358284995E-3,7.612138987E-3
6.349987942E1,-8.383266628E-2,-1.021149158E-1,-7.552742958E-3
6.350991942E1,-6.200379506E-2,-1.972603351E-1,-2.798318118E-2
6.351996042E1,-6.056275964E-2,-2.412807643E-1,-3.504883870E-2
6.353000042E1,-7.544583827E-2,-2.149021626E-1,-3.493485600E-2
6.354004042E1,-7.969703525E-2,-1.692937165E-1,-1.525884401E-2
6.355008042E1,-8.983169496E-2,-1.446653306E-1,-1.075490564E-2
6.356012042E1,-8.944022655E-2,-1.355556399E-1,-1.137833204E-2
6.357016042E1,-9.298782796E-2,-8.310360461E-2,3.166255075E-3
6.358020042E1,-1.103217900E-1,3.889958374E-3,1.446937397E-2
6.359024142E1,-1.348255277E-1,4.200112447E-2,2.192009985E-2
6.360028142E1,-1.308105588E-1,2.925645001E-2,2.786825970E-2
6.361032142E1,-9.341151267E-2,-3.092752956E-2,3.004752472E-2
6.362036142E1,-6.630932540E-2,-8.131492138E-2,2.111180872E-2
6.363040142E1,-4.291478544E-2,-1.330417693E-1,2.598938905E-2
6.364044142E1,-2.012185752E-2,-1.924059391E-1,1.428198162E-2
6.365048242E1,-1.477599610E-3,-1.920472085E-1,1.693752478E-3
6.366052242E1,1.937922323E-3,-1.488784403E-1,-2.004366927E-2
6.367056242E1,-1.204500534E-2,-1.427196115E-1,-1.589739323E-2
6.368060242E1,-2.308062837E-2,-1.200009733E-1,-7.548748516E-3
6.369064242E1,-4.021833465E-2,-6.688556075E-2,1.821051585E-3
6.370068242E1,-3.602705151E-2,-4.077056795E-2,2.085296065E-2
6.371072242E1,-2.105582319E-2,-6.268519163E-2,1.847236045E-2
6.372076342E1,-3.104587272E-2,-9.662259370E-2,2.908306569E-2
6.373080342E1,-1.903155446E-2,-8.567566425E-2,3.036724217E-2
6.374084342E1,-3.916372359E-2,-8.096291125E-2,2.811578289E-2
6.375088342E1,-3.062642738E-2,-8.527243882E-2,3.518328071E-2
6.376092342E1,-3.189887106E-2,-9.899494052E-2,4.779009148E-2
6.377096342E1,-4.231103510E-2,-1.098928601E-1,5.544082075E-2
6.378100442E1,-4.395954683E-2,-9.788901359E-2,5.267916992E-2
6.379104442E1,-5.035299435E-2,-7.754645497E-2,4.122038931E-2
6.380108442E1,-4.804857075E-2,-6.450435519E-2,3.574115783E-2
6.381112442E1,-3.750351816E-2,-6.432911754E-2,3.125213459E-2
6.382116442E1,-2.853930742E-2,-6.667747349E-2,2.417299524E-2
6.383120442E1,-1.697159931E-2,-8.076932281E-2,2.253142186E-2
6.384124542E1,-9.610859677E-3,-9.394273162E-2,1.653466001E-2
6.385128542E1,-1.274433546E-2,-8.788830042E-2,2.040023915E-2
6.386132542E1,-2.196209505E-2,-7.817721367E-2,1.694771275E-2
6.387136542E1,-2.629132941E-2,-5.670228228E-2,1.519961283E-2
6.388140542E1,-2.710439265E-2,-3.470989689E-2,1.277027745E-2
6.389144542E1,-1.956365258E-2,-1.176303718E-2,9.417889640E-3
6.390148542E1,-1.464876812E-2,2.941182815E-3,8.174836636E-3
6.391152642E1,-1.434428617E-3,1.641358249E-2,3.725759685E-3
6.392156642E1,6.457564421E-3,2.252054214E-2,1.039621886E-2
6.393160642E1,1.614587940E-2,1.877161115E-2,8.373015560E-3
6.394164642E1,1.779543981E-2,3.976953216E-3,1.544104517E-2
6.395168642E1,1.760157757E-2,-7.758775260E-3,1.932480931E-2
6.396172642E1,1.206164993E-2,-4.870770499E-5,2.196429856E-2
6.397176742E1,4.820248112E-3,3.730584169E-3,2.312809974E-2
6.398180742E1,1.049224869E-3,-6.774616428E-3,1.985460706E-2
6.399184742E1,4.984045401E-3,-8.304336108E-3,1.676667109E-2
6.400188742E1,8.479963988E-3,-5.498334765E-3,1.048181206E-2
6.401192742E1,1.131276879E-2,-3.569406690E-3,4.610074684E-3
6.402196742E1,6.955313496E-3,9.669162333E-3,-3.737953957E-3
6.403200842E1,-5.107763037E-2,4.701573402E-2,-1.246246975E-2
6.404204842E1,-1.164041832E-1,9.121415764E-2,-1.255199593E-2
6.405208837E1,-2.078336924E-1,1.324225813E-1,-2.785918070E-3
6.406212838E1,-2.287645340E-1,1.179856285E-1,1.302505750E-2
6.407216838E1,-1.951972544E-1,5.364712328E-2,2.857578918E-2
6.408220838E1,-1.425641328E-1,3.722648602E-3,3.442129120E-2
6.409224838E1,-1.215576530E-1,-2.043887973E-2,3.970872983E-2
6.410228938E1,-1.632521152E-1,9.683819488E-3,3.880461305E-2
6.411232937E1,-1.840732396E-1,9.576493874E-3,4.175752401E-2
6.412236938E1,-1.644627750E-1,-1.861038618E-2,3.094375506E-2
6.413240938E1,-9.956633300E-2,-5.226741359E-2,1.661674678E-2
6.414244938E1,-1.397953555E-2,-7.050624490E-2,1.772487187E-3
6.415248938E1,5.465757847E-2,-7.509433478E-2,-1.235531643E-2
6.416253038E1,1.212398112E-1,-1.119987145E-1,-2.185160480E-2
6.417257037E1,2.171530277E-1,-2.021818608E-1,-2.738751844E-2
6.418261038E1,2.892863452E-1,-2.848424017E-1,-3.095426783E-2
6.419265038E1,3.176476955E-1,-3.147827387E-1,-3.917038441E-2
6.420269038E1,2.920235097E-1,-2.830233574E-1,-4.682128504E-2
6.421273038E1,1.984483153E-1,-1.610889286E-1,-5.819697678E-2