"Time (s)","X (rad/s)","Y (rad/s)","Z (rad/s)"
9.123791649E-3,1.940041929E-1,5.911268592E-1,2.102747560E-1
1.916479162E-2,1.433564574E-1,1.905762404E-1,2.004024237E-1
2.920479164E-2,7.351341099E-2,-1.276223082E-2,1.743340641E-1
3.924579168E-2,2.198523283E-2,-1.937592402E-2,1.466957927E-1
4.928579164E-2,-4.025704786E-2,1.148676872E-2,1.299190819E-1
5.932679167E-2,-7.854717970E-2,6.550126523E-2,1.322549433E-1
6.936679163E-2,-1.174457073E-1,9.727817029E-2,1.374733448E-1
7.940779167E-2,-1.661988646E-1,2.002658099E-1,1.388203800E-1
8.944879164E-2,-1.363235861E-1,1.874444783E-1,1.595483571E-1
9.948879166E-2,-1.139336005E-1,7.590863109E-2,1.735797524E-1
1.095297916E-1,-1.368709803E-1,8.654053509E-2,1.747440547E-1
1.195697917E-1,-1.497851759E-1,1.490968466E-1,1.698419750E-1
1.296107916E-1,-1.397546977E-1,1.397865415E-1,1.378011107E-1
1.396507917E-1,-1.196209192E-1,1.091335639E-1,1.009328514E-1
1.496917916E-1,-8.451689035E-2,9.719670564E-2,8.848845959E-2
1.597317916E-1,-5.937318876E-2,8.758615702E-2,6.392879039E-2
1.697727917E-1,-4.465977848E-2,1.123990789E-1,4.544141144E-2
1.798127916E-1,-1.190502848E-2,1.157935411E-1,3.065660782E-2
1.898537917E-1,2.382556722E-2,1.049843952E-1,1.400376670E-2
1.998937916E-1,5.055704713E-2,1.274500340E-1,6.708303466E-3
2.099347917E-1,6.576366723E-2,1.721926332E-1,-2.392557217E-4
2.199741667E-1,8.416397870E-2,1.794396192E-1,-8.007962257E-3
2.300141666E-1,9.944094718E-2,1.381154954E-1,-3.169053420E-2
2.400551667E-1,1.361768693E-1,1.019638851E-1,-2.162192017E-2
2.500951667E-1,1.520849466E-1,6.587309390E-2,-2.412405796E-2
2.601361666E-1,1.216412932E-1,8.841888607E-2,-3.766303509E-2
2.701761667E-1,9.098039567E-2,1.413964927E-1,-4.125897959E-2
2.802171666E-1,5.667621642E-2,2.091582268E-1,-5.011212453E-2
2.902571667E-1,1.647970453E-2,2.895204127E-1,-5.325702950E-2
3.002981666E-1,-2.530875430E-2,3.724848032E-1,-6.341406703E-2
3.103381667E-1,-7.650826126E-2,5.038349628E-1,-6.750769913E-2
3.203791666E-1,-1.334652752E-1,6.734740138E-1,-8.088582009E-2
3.304191667E-1,-1.920728683E-1,8.651613593E-1,-1.107469723E-1
3.404601666E-1,-2.490432113E-1,1.044560432E0,-1.541256160E-1
3.505001666E-1,-3.059126735E-1,1.201559186E0,-2.015876919E-1
3.605411666E-1,-3.859707415E-1,1.358117580E0,-2.750288844E-1
3.705821667E-1,-4.630078673E-1,1.515669823E0,-3.657605350E-1
3.806221667E-1,-5.732536912E-1,1.718433380E0,-4.409050643E-1
3.906631666E-1,-6.812732220E-1,1.916724920E0,-5.275076628E-1
4.007031667E-1,-7.512301803E-1,2.032627344E0,-5.719009638E-1
4.107441666E-1,-7.379790545E-1,1.991736531E0,-5.357311964E-1
4.207841667E-1,-6.621484756E-1,1.863725781E0,-4.698174298E-1
4.308251666E-1,-4.686141610E-1,1.631258130E0,-4.169207811E-1
4.408651667E-1,-3.005266190E-1,1.292480826E0,-4.196249545E-1
4.509061666E-1,-1.925868839E-1,1.027544379E0,-4.093985856E-1
4.609461667E-1,-1.435303837E-1,9.375652075E-1,-3.657160699E-1
4.709871666E-1,-1.203176752E-1,9.836751223E-1,-2.952595055E-1
4.810281667E-1,-1.607577652E-1,9.839273691E-1,-2.368723452E-1
4.910681666E-1,-2.111629397E-1,9.085986018E-1,-2.356463075E-1
5.011091667E-1,-2.321688980E-1,8.125327826E-1,-2.980372608E-1
5.111491667E-1,-1.478056610E-1,8.375850916E-1,-3.547824919E-1
5.211901666E-1,-9.510543197E-2,8.894432187E-1,-4.325241446E-1
5.312301667E-1,-9.452131391E-2,9.466444850E-1,-4.502347410E-1
5.412711666E-1,-1.090065166E-1,8.981067538E-1,-3.845872879E-1
5.513111667E-1,-1.287114471E-1,8.330596089E-1,-3.410536647E-1
5.613521666E-1,-1.392538399E-1,7.629159689E-1,-3.122238815E-1
5.713921667E-1,-1.408393383E-1,6.040744185E-1,-1.918469518E-1
5.814331666E-1,-1.389247924E-1,4.513789117E-1,-3.468315303E-2
5.914731667E-1,-9.030897915E-2,1.393905282E-1,4.506293312E-2
6.015141666E-1,-7.693910599E-2,-1.358663440E-1,8.585882932E-2
6.115541667E-1,-8.061733097E-2,-3.244015574E-1,1.218111590E-1
6.215951666E-1,-1.026467308E-1,-4.937801957E-1,1.362002194E-1
6.316361667E-1,-1.014400795E-1,-6.341148019E-1,1.270238608E-1
6.416761667E-1,-1.221538857E-1,-7.003630400E-1,1.322630942E-1
6.517171666E-1,-1.737293452E-1,-8.112785816E-1,1.746182293E-1
6.617571667E-1,-2.209072411E-1,-1.038479328E0,2.116201967E-1
6.717981666E-1,-2.311979830E-1,-1.131507158E0,2.758302987E-1
6.818381667E-1,-2.171966732E-1,-1.088916063E0,3.446530402E-1
6.918791666E-1,-1.784994751E-1,-9.632551074E-1,4.263307154E-1
7.019191667E-1,-1.600845158E-1,-8.501935601E-1,4.366022646E-1
7.119601666E-1,-1.334625632E-1,-7.739492655E-1,3.709226549E-1
7.220001667E-1,-1.089505553E-1,-7.602632642E-1,3.150449991E-1
7.320411666E-1,-2.586742118E-2,-6.320680976E-1,2.666226923E-1
7.420811667E-1,6.404835731E-2,-4.043099880E-1,1.999994665E-1
7.521221666E-1,8.772830665E-2,-2.153247893E-1,1.221407652E-1
7.621631667E-1,7.853747159E-2,-6.405963004E-2,6.760854274E-2
7.722031666E-1,7.299190015E-2,1.661817729E-2,2.876874059E-2
7.822441667E-1,-6.006507203E-3,1.102858111E-1,-1.433902653E-3
7.922841667E-1,-7.544683665E-2,1.770647615E-1,8.665143512E-3
8.023251666E-1,-5.256655812E-2,1.415717602E-1,5.973844603E-2
8.123651667E-1,-4.874379560E-2,6.527930498E-2,8.261960000E-2
8.224061666E-1,-5.032677948E-2,2.276247367E-2,8.939574659E-2
8.324461667E-1,-7.011716813E-2,-2.272019163E-3,7.091791928E-2
8.424871666E-1,-7.117418200E-2,-5.508825183E-3,6.945664436E-2
8.525271667E-1,-7.353486121E-2,-3.338200971E-3,7.132309675E-2
8.625681666E-1,-7.878261805E-2,-1.717944816E-2,6.992307305E-2
8.726081667E-1,-6.034690887E-2,-1.259609871E-2,6.041794270E-2
8.826491666E-1,-5.753168091E-2,-3.034798428E-4,4.800814390E-2
8.926901667E-1,-7.059449703E-2,-1.308074407E-2,3.374100849E-2
9.027301666E-1,-6.067262590E-2,-1.747815683E-2,1.201440673E-2
9.127711667E-1,-6.441117078E-2,-2.456642501E-2,1.610049419E-2
9.228111667E-1,-5.302669108E-2,-3.321770579E-2,1.660702750E-2
9.328521666E-1,-5.263540149E-2,-4.277678579E-2,2.084777504E-2
9.428921667E-1,-5.692868307E-2,-4.965013638E-2,2.724521980E-2
9.529331666E-1,-4.287118465E-2,-5.279765651E-2,3.192698583E-2
9.629731667E-1,-2.148360200E-2,-5.320885032E-2,2.758150548E-2
9.730141666E-1,-3.553112969E-3,-4.490375519E-2,2.090387046E-2
9.830541667E-1,1.151931379E-2,-3.806954622E-2,9.251475334E-3
9.930951666E-1,2.562367357E-2,-2.391811647E-2,-2.231204649E-3
1.003135167E0,3.698205948E-2,-1.270807348E-2,-1.100525446E-2
1.013176167E0,4.605137929E-2,-5.939546973E-4,-1.986471936E-2
1.023217167E0,4.723568633E-2,3.305179533E-3,-2.753222734E-2
1.033257167E0,5.283137411E-2,6.904290058E-3,-3.410609439E-2
1.043298167E0,8.597414941E-2,2.397488616E-2,-4.281170294E-2
1.053338167E0,1.027793959E-1,3.756776080E-2,-4.672051966E-2
1.063379167E0,1.163468659E-1,3.146938980E-2,-5.334832892E-2
1.073419167E0,1.326883882E-1,3.442832455E-2,-5.643616617E-2
1.083460167E0,1.496521980E-1,4.514142126E-2,-5.140731856E-2
1.093500167E0,1.590776592E-1,4.729880393E-2,-5.241474137E-2
1.103541167E0,1.614867598E-1,3.987577558E-2,-5.602066219E-2
1.113581167E0,1.531911790E-1,1.964410581E-2,-5.363909900E-2
1.123622167E0,1.468707025E-1,6.067045033E-3,-5.222815648E-2
1.133662167E0,1.342849135E-1,-1.269662194E-2,-5.633252114E-2
1.143703167E0,1.241446584E-1,-3.950772807E-2,-5.981061235E-2
1.153743167E0,1.075833067E-1,-6.183901802E-2,-6.758609414E-2
1.163784167E0,9.289783984E-2,-6.515891850E-2,-8.008989692E-2
1.173825167E0,8.420686424E-2,-5.504650250E-2,-8.712662756E-2
1.183865167E0,7.576277852E-2,-4.139780253E-2,-8.722995967E-2
1.193906167E0,7.398907840E-2,-2.989478409E-2,-8.457934111E-2
1.203946167E0,6.975624710E-2,-2.057025768E-2,-8.100378513E-2
1.213987167E0,7.110034674E-2,-8.287492208E-3,-7.988685369E-2
1.224026667E0,7.202073187E-2,9.241167456E-3,-7.904209942E-2
1.234067667E0,6.901589781E-2,3.552104533E-2,-7.076480240E-2
1.244107667E0,5.374852568E-2,6.148181111E-2,-5.140095204E-2
1.254148667E0,-9.827557020E-3,1.442335099E-1,1.111851912E-2
1.264188667E0,-1.103115529E-1,2.222292423E-1,7.362929173E-3
1.274229667E0,-1.456801891E-1,1.988376379E-1,1.802542806E-2
1.284269667E0,-1.825433969E-1,1.431075335E-1,4.837161675E-2
1.294310667E0,-1.190919504E-1,9.319114685E-2,3.623713925E-2
1.304350667E0,-6.240124255E-2,3.112058342E-2,3.070575558E-2
1.314391667E0,-8.035653085E-2,-5.838206038E-2,5.663581565E-2
1.324432667E0,-1.011994928E-1,-1.450857967E-1,7.402306795E-2
1.334472667E0,-9.431737661E-2,-1.524542570E-1,9.390650690E-2
1.344513667E0,-9.030958265E-2,-1.347338408E-1,1.007292643E-1
1.354553667E0,-5.726880580E-2,-9.127338231E-2,6.681676209E-2
1.364594667E0,-4.910104908E-4,-6.218676455E-3,2.367408946E-2
1.374634667E0,3.315831348E-2,1.063861176E-1,-1.908104867E-2
1.384675667E0,5.727909505E-2,2.078288496E-1,-3.884809464E-2
1.394715667E0,5.390745029E-2,2.544075847E-1,-4.503653198E-2
1.404756667E0,3.425864503E-2,2.299720198E-1,-3.786250949E-2
1.414796667E0,1.113639306E-2,1.392908245E-1,-2.863729186E-2
1.424837667E0,7.359764073E-3,1.492413320E-2,-2.285263874E-2
1.434877667E0,1.267680712E-2,-8.049029112E-2,-6.105058361E-3
1.444918667E0,2.686240152E-2,-1.397437602E-1,4.679412581E-3
1.454959667E0,3.960393369E-2,-1.320254803E-1,1.164739951E-2
1.464999667E0,4.525303096E-2,-7.302288711E-2,1.579447463E-2
1.475040667E0,5.314691737E-2,3.861655015E-3,2.626960725E-2
1.485080667E0,5.431258306E-2,8.243156970E-2,3.953001648E-2
1.495121667E0,4.710685462E-2,1.350656003E-1,4.941981286E-2
1.505161667E0,3.901084512E-2,1.547322422E-1,5.193090811E-2
1.515202667E0,3.108536266E-2,1.524703652E-1,4.987420142E-2
1.525242667E0,1.798367687E-2,1.315959841E-1,4.832184315E-2
1.535283667E0,7.552274503E-3,1.041153595E-1,4.511033371E-2
1.545323667E0,1.638669055E-4,6.996271014E-2,4.831464961E-2
1.555364667E0,1.381814247E-3,3.286056966E-2,6.029413268E-2
1.565404667E0,3.960020375E-3,9.550986812E-3,7.294281572E-2
1.575445667E0,4.622058477E-3,-8.505002595E-3,8.605571091E-2
1.585486667E0,-5.043352023E-3,-1.382226963E-2,1.023209691E-1
1.595526667E0,-2.161249332E-2,-1.063681394E-2,1.166119725E-1
1.605567667E0,-4.449916631E-2,-5.831139628E-3,1.320702881E-1
1.615607667E0,-6.338097155E-2,-8.567199111E-3,1.377230436E-1
1.625648667E0,-7.653192431E-2,-1.823527366E-2,1.398485154E-1
1.635688667E0,-8.079007268E-2,-3.770951927E-2,1.369894892E-1
1.645729667E0,-7.677136362E-2,-5.918338522E-2,1.295470148E-1
1.655769667E0,-6.760127097E-2,-7.502563298E-2,1.162404418E-1
1.665810667E0,-5.573395267E-2,-7.819985598E-2,9.785770625E-2
1.675850667E0,-4.157307371E-2,-7.056045532E-2,7.779946178E-2
1.685891667E0,-3.259821981E-2,-6.020422280E-2,5.605820939E-2
1.695932667E0,-2.561528981E-2,-4.698975757E-2,3.936059400E-2
1.705972667E0,-1.455837674E-2,-3.411603719E-2,2.836919390E-2
1.716013667E0,-6.279313471E-3,-2.317967452E-2,2.749851532E-2
1.726053667E0,7.117508212E-4,-1.519392058E-2,2.672007307E-2
1.736094667E0,4.773397464E-3,-1.507708058E-2,2.832017839E-2
1.746134667E0,2.010101452E-3,-1.401767507E-2,3.786680847E-2
1.756175667E0,-1.924844692E-3,-1.366739254E-2,4.385484755E-2
1.766215667E0,-2.201280789E-3,-1.248015556E-2,5.256658047E-2
1.776256667E0,-6.844430231E-3,-8.680554107E-3,6.030112877E-2
1.786296667E0,-8.478811942E-3,-5.863728933E-3,6.239224225E-2
1.796337667E0,-6.654788740E-3,-5.818963982E-3,6.503380835E-2
1.806378667E0,-6.835350767E-3,-6.742814556E-3,6.184254587E-2
1.816418667E0,-4.502688535E-3,-3.261264414E-3,5.651169643E-2
1.826459667E0,-3.033422632E-3,3.260284662E-3,4.801940918E-2
1.836499667E0,1.428804244E-3,5.648775026E-3,3.953761607E-2
1.846540667E0,1.096441643E-3,3.255125601E-3,2.934649773E-2
1.856580667E0,5.320659373E-3,-3.202529857E-3,2.098897845E-2
1.866621667E0,1.140917838E-2,-8.327783085E-3,1.430124789E-2
1.876661667E0,1.419492159E-2,-1.397220977E-2,1.270641107E-2
1.886702667E0,1.819392294E-2,-1.651499607E-2,1.072715037E-2
1.896742667E0,2.263308689E-2,-1.865264215E-2,1.502700895E-2
1.906783667E0,2.385068499E-2,-1.833306253E-2,1.767286099E-2
1.916824667E0,2.314823866E-2,-2.349470556E-2,1.825068332E-2
1.926864667E0,2.192131989E-2,-2.889319882E-2,1.759980619E-2
1.936905667E0,2.086505666E-2,-3.130640835E-2,1.355164777E-2
1.946945667E0,1.916782372E-2,-2.956896275E-2,1.271035522E-2
1.956986667E0,1.360314339E-2,-2.676712349E-2,1.067630388E-2
1.967026667E0,1.224146970E-2,-2.176091261E-2,9.493327700E-3
1.977067667E0,1.142600924E-2,-1.978404820E-2,1.096712146E-2
1.987107667E0,1.343632676E-2,-1.760381833E-2,1.272413600E-2
1.997148667E0,1.449393481E-2,-1.810136624E-2,1.287144609E-2
2.007189667E0,1.316049136E-2,-1.491995528E-2,1.276065968E-2
2.017229667E0,1.154539548E-2,-6.544533186E-3,1.168231387E-2
2.027270667E0,1.125510968E-2,6.069796160E-3,1.005725283E-2
2.037310667E0,1.034985483E-2,1.852162369E-2,1.032147929E-2
2.047351667E0,6.866972893E-3,2.603732981E-2,9.366469458E-3
2.057391667E0,3.466909518E-3,2.481406741E-2,6.908975542E-3
2.067432667E0,3.866974730E-4,2.093916759E-2,8.331370540E-3
2.077472667E0,2.933548763E-3,1.603556238E-2,5.319008604E-3
2.087513667E0,9.519812651E-3,1.388532668E-2,-1.961275004E-3
2.097554667E0,1.497786678E-2,1.237282064E-2,-6.805217825E-3
2.107594667E0,1.813717559E-2,1.101034787E-2,-8.419093676E-3
2.117635667E0,1.865965314E-2,9.538928047E-3,-1.242787670E-2
2.127675667E0,1.581140235E-2,3.826181404E-3,-8.790264837E-3
2.137716667E0,1.362961438E-2,2.019491047E-3,-6.114883814E-3
2.147756667E0,9.437265806E-3,1.626941143E-3,-4.385693464E-3
2.157797667E0,3.654767526E-3,-2.766621765E-4,-4.930063151E-3
2.167837667E0,9.782906855E-4,-2.515049186E-3,8.946307935E-5
2.177878667E0,-3.106205259E-3,-5.597730167E-3,1.895956579E-3
2.187919667E0,-5.664970260E-3,-9.194595739E-3,4.427291453E-3
2.197959667E0,-9.886069223E-3,-1.359878667E-2,1.465713140E-3
2.208000667E0,-1.181712747E-2,-1.578817144E-2,1.345338300E-3
2.218040542E0,-1.265387423E-2,-1.806841791E-2,-2.728713211E-3
2.228081542E0,-1.130525023E-2,-1.794351637E-2,-4.951653536E-3
2.238121542E0,-9.787988849E-3,-1.712359861E-2,-8.155881427E-3
2.248162542E0,-7.335484028E-3,-1.718511805E-2,-8.079182357E-3
2.258203542E0,-1.043908671E-2,-1.989057474E-2,-6.279187743E-3
2.268243542E0,-1.444208436E-2,-2.050949447E-2,-4.768109880E-3
2.278284542E0,-1.645408943E-2,-1.750823297E-2,-1.350617153E-3
2.288324542E0,-1.755211130E-2,-1.414838806E-2,1.223860658E-3
2.298365542E0,-1.811939478E-2,-1.208080631E-2,1.011464559E-2
2.308405542E0,-1.622535475E-2,-9.529498406E-3,1.220362913E-2
2.318446542E0,-1.634658501E-2,-7.628728636E-3,1.637058891E-2
2.328487542E0,-1.676683314E-2,-3.374861786E-3,1.864066720E-2
2.338527542E0,-1.959287003E-2,-9.215069003E-4,2.219064534E-2
2.348568542E0,-2.523131482E-2,-2.623745240E-4,2.112751082E-2
2.358608542E0,-2.586680278E-2,1.477273181E-3,1.820300333E-2
2.368649542E0,-2.740824036E-2,6.764606806E-4,1.274858229E-2
2.378689542E0,-2.704947069E-2,-8.812451269E-4,8.373578079E-3
2.388730542E0,-2.283129096E-2,-2.485267119E-3,4.564725328E-3
2.398771542E0,-2.346068807E-2,-5.260912701E-3,-7.343614707E-4
2.408811542E0,-2.047927864E-2,-9.917715564E-3,-1.393760205E-3
2.418852542E0,-1.895184629E-2,-1.460163202E-2,-1.539718593E-3
2.428892542E0,-1.942775398E-2,-1.871408522E-2,7.050598506E-4
2.438933542E0,-2.284856141E-2,-2.048240043E-2,4.684871063E-3
2.448973542E0,-2.702599578E-2,-2.463187091E-2,1.044156030E-2
2.459014542E0,-2.935374714E-2,-2.782156691E-2,1.303599216E-2
2.469055542E0,-2.857157774E-2,-2.509262599E-2,1.545733865E-2
2.479095542E0,-2.464577556E-2,-2.248255908E-2,1.692644507E-2
2.489136542E0,-2.334482223E-2,-1.989503205E-2,1.847533882E-2
2.499176542E0,-1.797770895E-2,-1.485228539E-2,2.102288231E-2
2.509217542E0,-1.508311927E-2,-1.048763096E-2,2.108253911E-2
2.519258542E0,-1.310865767E-2,-1.169331651E-2,2.713118121E-2
2.529298542E0,-1.101940684E-2,-1.633254252E-2,2.684782073E-2
2.539339542E0,-9.465860203E-3,-2.248630486E-2,2.939810231E-2
2.549379542E0,-6.781659555E-3,-3.064330295E-2,3.038373962E-2
2.559420542E0,-4.322032444E-3,-4.142545164E-2,2.841171809E-2
2.569460542E0,-2.277257387E-3,-5.475617200E-2,2.759359591E-2
2.579501542E0,-2.465769416E-3,-6.506422162E-2,2.863572724E-2
2.589542542E0,-5.876213312E-3,-7.437063754E-2,3.010978736E-2
2.599582542E0,-1.112317946E-2,-8.496610075E-2,2.989787050E-2
2.609623542E0,-1.427396573E-2,-9.790267050E-2,2.819717489E-2
2.619663542E0,-2.087940276E-2,-1.113202050E-1,2.788798325E-2
2.629704542E0,-2.451834641E-2,-1.240362674E-1,2.552682348E-2
2.639745542E0,-2.924331650E-2,-1.319323927E-1,2.248934656E-2
2.649785542E0,-3.594356403E-2,-1.362179518E-1,1.988158002E-2
2.659826542E0,-4.216730595E-2,-1.392331719E-1,1.864802651E-2
2.669866542E0,-4.333377257E-2,-1.363415122E-1,1.885362156E-2
2.679907542E0,-4.552878812E-2,-1.264704913E-1,1.972443610E-2
2.689947542E0,-4.737196490E-2,-1.156489998E-1,1.783865318E-2
2.699988542E0,-5.305112153E-2,-1.039801985E-1,1.906195283E-2
2.710029542E0,-5.928904191E-2,-9.562186897E-2,1.816020533E-2
2.720069542E0,-6.457010657E-2,-8.412308246E-2,1.923660189E-2
2.730110542E0,-6.608997285E-2,-7.164750993E-2,1.824377477E-2
2.740150542E0,-6.592824310E-2,-6.311751902E-2,1.610753685E-2
2.750191542E0,-6.469173729E-2,-5.497144535E-2,1.518395357E-2
2.760232542E0,-6.274306774E-2,-4.621418938E-2,1.215864345E-2
2.770272542E0,-6.248713285E-2,-3.775971755E-2,1.003077812E-2
2.780313542E0,-6.439349800E-2,-2.355190553E-2,8.250036277E-3
2.790353542E0,-6.415514648E-2,-6.951091811E-3,7.320059929E-3
2.800394542E0,-6.064478308E-2,1.074202592E-3,7.446194068E-3
2.810435542E0,-6.274095923E-2,8.498030715E-3,8.760730736E-3
2.820475542E0,-6.525151432E-2,1.169922296E-2,1.137135737E-2
2.830516542E0,-7.143084705E-2,1.168297790E-2,1.254448015E-2
2.840556542E0,-7.504931092E-2,1.471382286E-2,1.481011510E-2
2.850597542E0,-7.291052490E-2,1.905317791E-2,1.920939051E-2
2.860638542E0,-7.415091991E-2,1.735174097E-2,1.775530353E-2
2.870678542E0,-9.546793252E-2,1.639912650E-2,1.829778962E-2
2.880719542E0,-7.054519653E-2,1.385431830E-2,8.960543200E-3
2.890759542E0,-6.613500416E-2,2.188561298E-2,4.587899428E-3
2.900800542E0,-6.841885298E-2,2.966599353E-2,1.634027576E-4
2.910841542E0,-6.168265268E-2,3.537767753E-2,-5.819122307E-3
2.920881542E0,-6.227383390E-2,4.040437192E-2,-4.443558864E-3
2.930922542E0,-5.727082118E-2,4.131570458E-2,-5.000692327E-3
2.940962542E0,-5.358790606E-2,3.319422901E-2,-2.717914525E-3
2.951003542E0,-4.943177849E-2,2.596667409E-2,9.418012341E-4
2.961044542E0,-4.670228064E-2,2.006114274E-2,2.565516625E-3
2.971084542E0,-4.604474455E-2,2.031307667E-2,3.615867347E-3
2.981125542E0,-4.516451061E-2,2.026913874E-2,1.920795185E-3
2.991165542E0,-4.696747288E-2,1.997113042E-2,-1.206288580E-3
3.001206542E0,-4.738505185E-2,2.378325164E-2,-3.160053398E-3
3.011247542E0,-4.358365759E-2,2.939080447E-2,-7.179828826E-3
3.021287542E0,-3.899136186E-2,3.689878434E-2,-1.071813423E-2
3.031328542E0,-3.192732483E-2,4.720175639E-2,-1.280765049E-2
3.041368542E0,-2.204614319E-2,6.076889485E-2,-1.509014703E-2
3.051409542E0,-1.427237689E-2,7.938066870E-2,-1.888009161E-2
3.061450542E0,-6.539415568E-3,9.759534895E-2,-2.004711889E-2
3.071490542E0,-1.769162016E-3,1.151397228E-1,-2.030491270E-2
3.081531542E0,-1.280070283E-4,1.287499964E-1,-2.419086359E-2
3.091571542E0,8.352582809E-4,1.334747225E-1,-2.380950004E-2
3.101612542E0,3.484108020E-4,1.349639446E-1,-2.666572854E-2
3.111653542E0,1.893576933E-3,1.358419806E-1,-2.786628157E-2
3.121693542E0,2.036056016E-3,1.308927685E-1,-3.219578415E-2
3.131734542E0,5.399579182E-3,1.254163831E-1,-3.707300127E-2
3.141774542E0,1.043531671E-2,1.147406548E-1,-3.788165003E-2
3.151815542E0,1.314614899E-2,1.033524498E-1,-3.774263337E-2
3.161856542E0,1.705544628E-2,9.563173354E-2,-3.522969782E-2
3.171896542E0,2.259428985E-2,8.995280415E-2,-3.239503130E-2
3.181937542E0,2.646784112E-2,8.529444784E-2,-2.795799449E-2
3.191978542E0,2.786706574E-2,8.437751979E-2,-2.445327491E-2
3.202018542E0,2.787465788E-2,8.107597381E-2,-2.134790644E-2
3.212059542E0,2.529378794E-2,8.085865527E-2,-1.901071519E-2
3.222099875E0,2.052020282E-2,8.082486689E-2,-2.161514387E-2
3.232140875E0,1.990101859E-2,8.208081126E-2,-2.188039571E-2
3.242181875E0,2.122580446E-2,7.897173613E-2,-2.254785784E-2
3.252221875E0,2.473079041E-2,7.804521918E-2,-2.285864763E-2
3.262262875E0,3.104189597E-2,7.646390051E-2,-2.488674782E-2
3.272302875E0,3.524702787E-2,7.300392538E-2,-2.729690820E-2
3.282343875E0,4.148983210E-2,7.213050872E-2,-3.025572933E-2
3.292384875E0,4.761084169E-2,7.411376387E-2,-3.216654435E-2
3.302424875E0,5.307909101E-2,7.905370742E-2,-3.873928636E-2
3.312465875E0,5.914417654E-2,8.624956757E-2,-4.226690903E-2
3.322506875E0,6.338901818E-2,9.539317340E-2,-4.723971337E-2
3.332546875E0,6.749641895E-2,1.064056084E-1,-4.812601581E-2
3.342587875E0,7.120992988E-2,1.177136600E-1,-4.912922531E-2
3.352627875E0,7.467896491E-2,1.311075091E-1,-5.055002496E-2
3.362668875E0,8.181859553E-2,1.398687810E-1,-4.886695370E-2
3.372709875E0,8.738859743E-2,1.487272531E-1,-4.768024758E-2
3.382749875E0,8.819475025E-2,1.612760276E-1,-4.466788843E-2
3.392790875E0,8.993246406E-2,1.741356254E-1,-4.642637074E-2
3.402831875E0,8.938086778E-2,1.865961701E-1,-4.764760658E-2
3.412871875E0,9.065758437E-2,1.941153407E-1,-5.010064319E-2
3.422912875E0,8.914978057E-2,2.011049688E-1,-5.357830226E-2
3.432952875E0,8.852739632E-2,2.031958103E-1,-5.464596674E-2
3.442993875E0,8.639553934E-2,2.047119439E-1,-5.564704910E-2
3.453034875E0,8.692843467E-2,1.998420954E-1,-5.513012782E-2
3.463074875E0,8.804737777E-2,1.905776858E-1,-5.058445036E-2
3.473115875E0,8.933635056E-2,1.884122640E-1,-5.119218305E-2
3.483156875E0,9.162996709E-2,1.814922243E-1,-5.038157478E-2
3.493196875E0,9.172211587E-2,1.745102257E-1,-4.998103529E-2
3.503237875E0,9.227933735E-2,1.714381129E-1,-4.990677163E-2
3.513277875E0,9.550122917E-2,1.670793146E-1,-5.070305988E-2
3.523318875E0,9.589969367E-2,1.602991819E-1,-5.527672917E-2
3.533359875E0,9.624937177E-2,1.522194147E-1,-6.023846567E-2
3.543399875E0,9.696070850E-2,1.404441297E-1,-6.380058080E-2
3.553440875E0,1.031429693E-1,1.293954700E-1,-6.878948212E-2
3.563481875E0,1.070955247E-1,1.184777021E-1,-7.281320542E-2
3.573521875E0,1.136985719E-1,1.085100248E-1,-7.734697312E-2
3.583562875E0,1.180920601E-1,1.006014645E-1,-8.024199307E-2
3.593603875E0,1.224766895E-1,1.000611037E-1,-7.896820456E-2
3.603643875E0,1.234323829E-1,9.647981822E-2,-7.974792272E-2
3.613684875E0,1.252057850E-1,9.510509670E-2,-8.130906522E-2
3.623724875E0,1.267449260E-1,9.478995949E-2,-8.194168657E-2
3.633765875E0,1.255403757E-1,9.681449831E-2,-8.525678515E-2
3.643806875E0,1.240945458E-1,1.007956564E-1,-9.127420187E-2
3.653846875E0,1.199597195E-1,1.037509665E-1,-9.181562066E-2
3.663887875E0,1.183005869E-1,1.069363952E-1,-9.684287757E-2
3.673928875E0,1.168121472E-1,1.070626304E-1,-1.014546752E-1
3.683968875E0,1.134401485E-1,9.989205748E-2,-1.068922281E-1
3.694009875E0,1.142223179E-1,9.970590472E-2,-1.114893705E-1
3.704050875E0,1.158963963E-1,9.278129786E-2,-1.142850295E-1
3.714090875E0,1.160085127E-1,8.402269334E-2,-1.169183627E-1
3.724131875E0,1.139729470E-1,6.707599014E-2,-1.165707037E-1
3.734171875E0,1.125976965E-1,4.552542791E-2,-1.194109619E-1
3.744212875E0,1.114128903E-1,2.627002820E-2,-1.183542386E-1
3.754253875E0,1.067449003E-1,1.213956159E-2,-1.167909652E-1
3.764293875E0,1.045222655E-1,5.965536460E-3,-1.114656627E-1
3.774334875E0,1.009515002E-1,3.860307857E-3,-1.080706641E-1
3.784375875E0,9.624249488E-2,1.010515448E-2,-1.072546691E-1
3.794415875E0,9.147570282E-2,2.111492679E-2,-1.093481854E-1
3.804456875E0,8.509654552E-2,3.443987295E-2,-1.067727953E-1
3.814497875E0,7.907833159E-2,4.660412669E-2,-1.096173227E-1
3.824537875E0,7.126126438E-2,5.200222507E-2,-1.107233763E-1
3.834578875E0,6.642016768E-2,5.479268357E-2,-1.094123051E-1
3.844619875E0,6.558708847E-2,4.684515297E-2,-1.062755436E-1
3.854659875E0,7.260292023E-2,5.303167552E-2,-1.126436964E-1
3.864700875E0,8.001784235E-2,5.207692832E-2,-1.165999472E-1
3.874741875E0,8.644351363E-2,5.273792520E-2,-1.166207194E-1
3.884781875E0,8.581070602E-2,6.008272246E-2,-1.075216159E-1
3.894822875E0,9.870332479E-2,8.008173108E-2,-1.096537411E-1
3.904862875E0,1.141941473E-1,9.049377590E-2,-1.022502929E-1
3.914903875E0,1.288726926E-1,1.002167091E-1,-9.198753536E-2
3.924944875E0,1.435299814E-1,1.101523638E-1,-9.198368341E-2
3.934984875E0,1.591294408E-1,1.205437481E-1,-9.151656926E-2
3.945025875E0,1.750444621E-1,1.333565116E-1,-9.817452729E-2
3.955066875E0,1.884031445E-1,1.515698731E-1,-1.064950377E-1
3.965106875E0,1.965302378E-1,1.727399826E-1,-1.231642067E-1
3.975147875E0,1.994416118E-1,1.932053119E-1,-1.367822886E-1
3.985188875E0,1.965282112E-1,2.038569450E-1,-1.506639719E-1
3.995228875E0,1.878742725E-1,2.108666450E-1,-1.569245309E-1
4.005269875E0,1.699653119E-1,1.997926235E-1,-1.673763096E-1
4.015310875E0,1.475055516E-1,1.826913953E-1,-1.651080996E-1
4.025350875E0,1.286226958E-1,1.881165057E-1,-1.582368314E-1
4.035391875E0,1.099720448E-1,1.789222062E-1,-1.510929018E-1
4.045432875E0,8.490148187E-2,1.547517776E-1,-1.341306567E-1
4.055472875E0,5.155869946E-2,1.493833810E-1,-1.158760265E-1
4.065513875E0,6.936090067E-4,1.728238612E-1,-9.114743024E-2
4.075554875E0,-6.953129172E-2,2.171788067E-1,-5.386184901E-2
4.085594875E0,-1.425275058E-1,2.981424928E-1,-3.391229361E-2
4.095635875E0,-2.133095264E-1,3.628541231E-1,-1.939167269E-2
4.105676875E0,-2.655884027E-1,4.036149979E-1,-3.229130805E-2
4.115716875E0,-2.862039208E-1,4.208576083E-1,-5.466958508E-2
4.125757875E0,-2.811460495E-1,3.857018948E-1,-8.838187158E-2
4.135798875E0,-2.539117634E-1,3.054874837E-1,-1.234320030E-1
4.145838875E0,-2.036293149E-1,1.946021914E-1,-1.536091566E-1
4.155879875E0,-1.569875032E-1,8.128682524E-2,-1.589842141E-1
4.165920875E0,-1.213678196E-1,-1.174288150E-2,-1.556967348E-1
4.175960875E0,-9.744437784E-2,-8.057786524E-2,-1.417414993E-1
4.186001875E0,-8.531347662E-2,-1.170257106E-1,-1.223440915E-1
4.196042875E0,-8.129929751E-2,-1.269563735E-1,-9.665231407E-2
4.206082875E0,-8.771063387E-2,-1.187307984E-1,-7.502496243E-2
4.216123750E0,-1.002594456E-1,-1.012066677E-1,-5.279609561E-2
4.226164750E0,-1.164488271E-1,-6.811852008E-2,-4.048615694E-2
4.236204750E0,-1.286453009E-1,-2.966246754E-2,-2.243605070E-2
4.246245750E0,-1.367868334E-1,1.130953804E-2,1.727274852E-3
4.256286750E0,-1.459276080E-1,4.040776938E-2,2.737884223E-2
4.266326750E0,-1.570296139E-1,6.323831528E-2,4.547782987E-2
4.276367750E0,-1.735950112E-1,1.032645553E-1,6.237265840E-2
4.286408750E0,-1.871028841E-1,1.251754314E-1,9.215154499E-2
4.296448750E0,-2.082755566E-1,1.312538385E-1,1.266876757E-1
4.306489750E0,-2.154356688E-1,1.184325889E-1,1.659978628E-1
4.316530750E0,-2.106387764E-1,8.571831882E-2,2.010093629E-1
4.326570750E0,-2.041460425E-1,5.367575958E-2,2.310784757E-1
4.336611750E0,-2.018682361E-1,3.911812231E-2,2.496162057E-1
4.346652750E0,-2.094499469E-1,4.640831798E-2,2.568541467E-1
4.356692750E0,-2.278803587E-1,6.692264229E-2,2.539118826E-1
4.366733750E0,-2.542243600E-1,9.960553795E-2,2.385224551E-1
4.376774750E0,-2.791393101E-1,1.276012212E-1,2.217621207E-1
4.386814750E0,-2.935598493E-1,1.387123019E-1,2.135162652E-1
4.396855750E0,-2.947529554E-1,1.365381032E-1,2.152228057E-1
4.406896750E0,-2.859626114E-1,1.381065995E-1,2.019761056E-1
4.416936750E0,-2.772088051E-1,1.340673864E-1,1.882645637E-1
4.426977750E0,-2.658786476E-1,1.192558333E-1,1.915739328E-1
4.437018750E0,-2.537024319E-1,1.006688327E-1,1.976464838E-1
4.447059750E0,-2.496632040E-1,9.314905852E-2,1.913604140E-1
4.457099750E0,-2.344208658E-1,7.726090401E-2,1.907899678E-1
4.467140750E0,-2.202277482E-1,6.118082628E-2,1.966467798E-1
4.477181750E0,-2.118803263E-1,4.735156521E-2,2.108669877E-1
4.487221750E0,-2.230904251E-1,5.995319784E-2,2.121015042E-1
4.497262750E0,-2.441123426E-1,8.476641029E-2,2.038816512E-1
4.507303750E0,-2.792266011E-1,1.103331000E-1,1.863894612E-1
4.517343750E0,-3.087751567E-1,1.268819869E-1,1.687700003E-1
4.527384750E0,-3.376542628E-1,1.074075177E-1,1.502602994E-1
4.537425750E0,-3.439350426E-1,6.988384575E-2,1.308975220E-1
4.547465750E0,-2.574446499E-1,4.004445672E-2,1.755416840E-1
4.557506750E0,-1.747516394E-1,-6.022465229E-2,2.449271530E-1
4.567547750E0,-1.271217316E-1,-7.024345547E-2,2.395652086E-1
4.577587750E0,-1.256604642E-1,5.847244710E-2,1.647205353E-1
4.587628750E0,-1.376268417E-1,2.420433462E-1,2.948227525E-2
4.597669750E0,-4.632356018E-2,3.081225157E-1,-5.781747401E-2
4.607710750E0,8.218598366E-2,1.747034341E-1,-1.064073220E-1
4.617750750E0,1.926198155E-1,-6.917288154E-2,-1.784117371E-1
4.627791750E0,2.858555317E-1,-3.316685557E-1,-2.229220271E-1
4.637832750E0,3.599286973E-1,-5.474887490E-1,-2.279183865E-1
4.647872750E0,3.892465532E-1,-7.119144797E-1,-1.972862333E-1
4.657913750E0,3.714052439E-1,-8.078207374E-1,-1.522212923E-1
4.667954750E0,3.135358393E-1,-7.909778357E-1,-1.007189378E-1
4.677994750E0,2.335808128E-1,-6.662985086E-1,-4.655690119E-2
4.688035750E0,1.650797576E-1,-4.835466743E-1,1.353826374E-2
4.698076750E0,1.173825487E-1,-2.864240408E-1,7.953219861E-2
4.708116750E0,7.272119820E-2,-1.354477704E-1,1.472373158E-1
4.718157750E0,6.076546758E-2,-2.688747458E-2,1.809569299E-1
4.728198750E0,5.149243027E-2,5.047263950E-2,1.936045140E-1
4.738238750E0,6.590226293E-2,1.194413230E-1,1.884816587E-1
4.748279750E0,8.115740120E-2,1.834895760E-1,1.668554544E-1
4.758320750E0,9.069497883E-2,2.203407884E-1,1.332879066E-1
4.768361750E0,1.083751395E-1,1.940082163E-1,1.012066752E-1
4.778401750E0,1.281277984E-1,1.094475165E-1,9.681165963E-2
4.788442750E0,1.509740502E-1,-7.607529871E-3,1.118208319E-1
4.798483750E0,1.721094251E-1,-1.228401214E-1,1.190915257E-1
4.808523750E0,1.850450188E-1,-1.954235137E-1,1.172529906E-1
4.818564750E0,1.982553601E-1,-2.338337451E-1,1.104715168E-1
4.828605750E0,2.034050524E-1,-2.528033853E-1,1.016198471E-1
4.838645750E0,2.059640735E-1,-2.517274916E-1,1.055381596E-1
4.848686750E0,2.173552215E-1,-2.429122329E-1,1.158217639E-1
4.858727750E0,2.204588652E-1,-2.146931142E-1,1.326966137E-1
4.868767750E0,2.423148602E-1,-1.752134562E-1,1.550581902E-1
4.878808750E0,2.618230581E-1,-1.150949895E-1,1.616737396E-1
4.888849750E0,2.828204930E-1,-2.266329713E-2,1.616622806E-1
4.898890750E0,2.946135104E-1,1.179273725E-1,1.464825273E-1
4.908930750E0,3.035313189E-1,2.408048660E-1,1.351261735E-1
4.918971750E0,3.068810403E-1,3.195015490E-1,1.395214498E-1
4.929012750E0,3.079999387E-1,3.475518227E-1,1.422339827E-1
4.939052750E0,3.077815771E-1,3.470673859E-1,1.322402060E-1
4.949093750E0,3.045374751E-1,3.263970613E-1,1.158019900E-1
4.959134750E0,2.888179123E-1,2.877295613E-1,9.828611463E-2
4.969174750E0,2.611538768E-1,2.403064221E-1,7.440506667E-2
4.979215750E0,2.182263881E-1,1.816223264E-1,3.074600361E-2
4.989256750E0,1.753694415E-1,1.009986326E-1,-1.878965460E-2
4.999296750E0,1.418948472E-1,-5.429272540E-3,-6.840035319E-2
5.009337750E0,1.132642776E-1,-1.082528308E-1,-1.165817305E-1
5.019378750E0,9.468473494E-2,-2.054257095E-1,-1.674254835E-1
5.029418750E0,8.056080341E-2,-2.886217833E-1,-2.185487449E-1
5.039459750E0,7.524619997E-2,-3.447662890E-1,-2.421720475E-1
5.049500750E0,8.785039932E-2,-3.528347313E-1,-2.520112395E-1
5.059541750E0,8.797263354E-2,-3.311374187E-1,-2.439021617E-1
5.069581750E0,1.116337404E-1,-2.970323265E-1,-2.307159305E-1
5.079622750E0,1.399942786E-1,-2.771446407E-1,-2.109632641E-1
5.089663750E0,1.613548249E-1,-2.569451332E-1,-1.907877773E-1
5.099703750E0,1.789913476E-1,-2.133837938E-1,-1.566473842E-1
5.109744750E0,2.079311013E-1,-1.571438462E-1,-1.156843677E-1
5.119785750E0,2.486505657E-1,-8.627553284E-2,-7.051636279E-2
5.129825750E0,3.015805483E-1,-2.328312490E-3,-2.688364126E-2
5.139866750E0,3.686152399E-1,8.466144651E-2,9.836824611E-3
5.149907750E0,4.330512285E-1,1.590402275E-1,4.189182445E-2
5.159947750E0,5.076231956E-1,2.113090158E-1,6.598837674E-2
5.169988750E0,5.848112106E-1,2.394515127E-1,6.976440549E-2
5.180029750E0,6.448950171E-1,2.516205609E-1,5.482992530E-2
5.190069750E0,6.685044765E-1,1.950804144E-1,-3.077971516E-3
5.200110750E0,6.719292998E-1,8.728949726E-2,-7.691517472E-2
5.210151750E0,6.494770646E-1,-7.728131115E-2,-1.305498034E-1
5.220193167E0,6.064488888E-1,-2.893240750E-1,-1.697747111E-1
5.230233167E0,6.170029044E-1,-4.376265407E-1,-1.744664311E-1
5.240274167E0,6.011520028E-1,-5.231832862E-1,-1.693451703E-1
5.250315167E0,5.509377122E-1,-5.769538283E-1,-1.874066293E-1
5.260355167E0,5.613634586E-1,-4.654930532E-1,-1.392630637E-1
5.270396167E0,6.535940170E-1,-1.709902287E-1,3.707700968E-2
5.280437167E0,6.345963478E-1,1.510868818E-1,2.134680152E-1
5.290477167E0,4.484712183E-1,3.291550577E-1,3.478532732E-1
5.300518167E0,2.460464537E-1,3.634938598E-1,4.029173255E-1
5.310559167E0,1.337009668E-1,2.761474848E-1,3.739689589E-1
5.320599167E0,1.375058573E-2,8.015029132E-2,3.154332340E-1
5.330640167E0,-1.401226223E-1,-1.749765873E-1,3.215193748E-1
5.340681167E0,-1.917714328E-1,-3.733999133E-1,3.548371196E-1
5.350721167E0,-1.679942161E-1,-5.182095170E-1,3.563497365E-1
5.360762167E0,-1.683140695E-1,-5.870722532E-1,2.830272913E-1
5.370803167E0,-2.172730714E-1,-5.955400467E-1,1.484274715E-1
5.380843167E0,-2.852188349E-1,-5.939067602E-1,4.007090628E-2
5.390884167E0,-3.209107816E-1,-5.923578739E-1,-2.175111696E-2
5.400925167E0,-3.482396007E-1,-5.697479248E-1,-7.722529769E-2
5.410966167E0,-3.533534706E-1,-5.539073348E-1,-1.102299690E-1
5.421006167E0,-3.550693393E-1,-5.410515070E-1,-1.171198338E-1
5.431047167E0,-3.370839357E-1,-5.311816931E-1,-1.280883998E-1
5.441088167E0,-3.116914928E-1,-4.842403233E-1,-1.419653296E-1
5.451128167E0,-2.803081572E-1,-3.495727181E-1,-1.552153081E-1
5.461169167E0,-2.492567748E-1,-1.560501307E-1,-1.641576737E-1
5.471210167E0,-2.386270911E-1,4.722986370E-2,-1.604065448E-1
5.481250167E0,-2.532268167E-1,1.768557578E-1,-1.522668600E-1
5.491291167E0,-2.763113976E-1,2.105365098E-1,-1.651201248E-1
5.501332167E0,-3.083132505E-1,1.717275977E-1,-1.962942928E-1
5.511372167E0,-3.544860482E-1,1.150407940E-1,-2.454111129E-1
5.521413167E0,-3.966148794E-1,8.711248636E-2,-2.879716158E-1
5.531454167E0,-4.411633909E-1,6.870835274E-2,-3.158819377E-1
5.541494167E0,-4.792937338E-1,4.709148034E-2,-3.320553303E-1
5.551535167E0,-5.186800957E-1,1.295421459E-2,-3.301940858E-1
5.561576167E0,-5.467775464E-1,-7.843207568E-3,-3.322465718E-1
5.571616167E0,-5.630310774E-1,-1.270543225E-2,-3.276239932E-1
5.581657167E0,-5.527046323E-1,-1.006490923E-2,-2.993811667E-1
5.591698167E0,-5.354627967E-1,6.681241095E-3,-2.575324774E-1
5.601738167E0,-5.278408527E-1,8.481785655E-2,-2.056676745E-1
5.611779167E0,-5.279153585E-1,1.998882592E-1,-1.284628510E-1
5.621820167E0,-5.274775624E-1,2.811729908E-1,-3.302501515E-2
5.631860167E0,-5.307181478E-1,2.956635654E-1,3.196239471E-2
5.641901167E0,-5.346322060E-1,2.748738825E-1,8.214008063E-2
5.651942167E0,-5.303579569E-1,2.104300708E-1,1.296366602E-1
5.661982167E0,-5.201963782E-1,1.379974186E-1,1.690136343E-1
5.672023167E0,-5.055759549E-1,8.974163979E-2,2.200244218E-1
5.682064167E0,-4.931153059E-1,5.045521632E-2,2.767407000E-1
5.692105167E0,-4.703234732E-1,4.892276600E-3,3.248719573E-1
5.702145167E0,-4.367769659E-1,-3.222641302E-3,3.665474951E-1
5.712186167E0,-4.040402770E-1,3.758994490E-2,4.131057858E-1
5.722227167E0,-3.866218925E-1,1.257530898E-1,4.568647444E-1
5.732267167E0,-3.524532914E-1,1.996999979E-1,4.603784978E-1
5.742308167E0,-3.378887177E-1,2.587513328E-1,4.405858815E-1
5.752349167E0,-3.344551623E-1,3.237225711E-1,4.091006517E-1
5.762389167E0,-3.311467171E-1,3.747234344E-1,3.482910991E-1
5.772430167E0,-3.072312176E-1,4.131886959E-1,2.726407051E-1
5.782471167E0,-2.728998661E-1,4.076943398E-1,1.723923981E-1
5.792511167E0,-2.432325333E-1,3.659433126E-1,7.070472836E-2
5.802552167E0,-2.458171248E-1,2.509829402E-1,-2.432218753E-2
5.812593167E0,-3.018855155E-1,7.282532007E-2,-1.032475457E-1
5.822633167E0,-3.666703701E-1,-1.392416656E-1,-1.447156370E-1
5.832674167E0,-4.196416736E-1,-3.546358347E-1,-1.839992702E-1
5.842715167E0,-4.488698840E-1,-5.735364556E-1,-1.863383204E-1
5.852755167E0,-4.385379255E-1,-7.415074706E-1,-1.358309090E-1
5.862796167E0,-4.057381749E-1,-8.401272297E-1,-5.278369039E-2
5.872837167E0,-2.931665778E-1,-8.481989503E-1,6.238309294E-2
5.882877167E0,-1.640016735E-1,-7.973027229E-1,2.415994555E-1
5.892918167E0,-1.726212353E-1,-5.704950690E-1,3.688990176E-1
5.902959167E0,-4.286668599E-1,-2.049043477E-1,3.208124638E-1
5.912999167E0,-6.445127726E-1,5.187797919E-2,1.271077245E-1
5.923040167E0,-4.858866632E-1,2.715885043E-1,-2.341075102E-3
5.933081167E0,-1.428183764E-1,4.606925845E-1,-1.616860926E-1
5.943121167E0,1.109643579E-1,5.177897215E-1,-4.068558812E-1
5.953162167E0,1.694335938E-1,4.168617725E-1,-6.405205131E-1
5.963203167E0,1.484465599E-1,2.457020283E-1,-7.985162735E-1
5.973243167E0,1.993589699E-1,7.122742385E-2,-9.240412712E-1
5.983284167E0,2.656759322E-1,-7.453457266E-2,-9.277353287E-1
5.993325167E0,3.055830896E-1,-2.593381703E-1,-8.087986708E-1
6.003365167E0,3.528813720E-1,-4.808625579E-1,-5.877334476E-1
6.013406167E0,3.555635810E-1,-6.126660109E-1,-3.458067775E-1
6.023447167E0,2.755965889E-1,-6.495997906E-1,-1.086472124E-1
6.033487167E0,1.540610194E-1,-6.530946493E-1,1.198580936E-1
6.043528167E0,4.238055646E-2,-6.709396839E-1,3.302004337E-1
6.053569167E0,-8.744168095E-3,-6.714574695E-1,5.179151893E-1
6.063609167E0,-7.216311991E-3,-6.233447790E-1,6.480135322E-1
6.073650167E0,4.838831723E-2,-5.130488276E-1,6.922018528E-1
6.083691167E0,1.442325562E-1,-3.656641245E-1,6.559988260E-1
6.093731167E0,2.292654812E-1,-2.356478870E-1,5.652751923E-1
6.103772167E0,3.005676270E-1,-1.081724688E-1,4.582304955E-1
6.113813167E0,3.338832259E-1,-3.210152732E-3,3.586014509E-1
6.123853167E0,3.428037465E-1,8.802521974E-2,2.697820961E-1
6.133894167E0,3.448341191E-1,1.384357512E-1,1.743899137E-1
6.143935167E0,3.433214426E-1,1.878799945E-1,9.530656040E-2
6.153975167E0,3.314727843E-1,2.576499879E-1,4.836595431E-2
6.164016167E0,3.335900009E-1,3.867515028E-1,2.171383426E-2
6.174057167E0,3.328898549E-1,5.023061633E-1,3.314325586E-2
6.184097167E0,3.291829824E-1,5.262919068E-1,7.672242075E-2
6.194138167E0,3.436064124E-1,5.349019170E-1,1.280969232E-1
6.204179167E0,3.639007509E-1,5.584405065E-1,1.759025306E-1
6.214219167E0,3.784053922E-1,6.160839796E-1,2.041002810E-1
6.224259625E0,3.811122477E-1,6.862393618E-1,2.183990628E-1
6.234300625E0,3.824464679E-1,7.530897260E-1,2.151960880E-1
6.244340625E0,3.769571781E-1,7.700735331E-1,1.903914064E-1
6.254381625E0,3.594236076E-1,7.262381911E-1,1.440149546E-1
6.264422625E0,3.370836675E-1,6.374249458E-1,8.435454965E-2
6.274462625E0,3.243639469E-1,5.323525071E-1,1.103703771E-2
6.284503625E0,3.181776702E-1,3.772164881E-1,-6.306062639E-2
6.294544625E0,3.135888278E-1,1.863086373E-1,-1.347310990E-1
6.304584625E0,3.101352453E-1,2.629473247E-2,-1.999971867E-1
6.314625625E0,3.113251626E-1,-7.585915923E-2,-2.693484426E-1
6.324666625E0,3.210885823E-1,-1.225941703E-1,-3.404705524E-1
6.334706625E0,3.484047353E-1,-1.340539157E-1,-4.010843933E-1
6.344747625E0,3.981403410E-1,-1.356305033E-1,-4.345233142E-1
6.354788625E0,4.673993289E-1,-1.185135767E-1,-4.310171902E-1
6.364828625E0,5.215076208E-1,-2.566965669E-2,-4.111151099E-1
6.374869625E0,5.426379442E-1,1.387871057E-1,-3.913047910E-1
6.384910625E0,5.482723713E-1,3.461535871E-1,-3.570056856E-1
6.394950625E0,5.390623212E-1,5.395957828E-1,-3.195463121E-1
6.404991625E0,5.281891227E-1,5.753689408E-1,-2.467543781E-1
6.415032625E0,5.416486859E-1,4.938635528E-1,-1.542004049E-1
6.425072625E0,5.806149840E-1,3.636062145E-1,-5.803632736E-2
6.435113625E0,6.322061419E-1,1.890941709E-1,3.374268487E-2
6.445154625E0,6.703754067E-1,-4.715218395E-2,9.714802355E-2
6.455194625E0,6.527316570E-1,-3.098740578E-1,1.591974795E-1
6.465235625E0,5.808457732E-1,-6.067448854E-1,2.216611207E-1
6.475276625E0,4.888122976E-1,-8.909814954E-1,2.663586736E-1
6.485316625E0,3.588356674E-1,-1.136976600E0,1.990824193E-1
6.495357625E0,2.738582194E-1,-1.196248293E0,1.055173203E-1
6.505398625E0,3.266236782E-1,-8.435997963E-1,1.391229481E-1
6.515438625E0,5.157980919E-1,-3.119963408E-1,3.130385578E-1
6.525479625E0,4.959988594E-1,-3.554132208E-2,4.240361750E-1
6.535520625E0,2.901428640E-1,-8.082693443E-3,4.568954110E-1
6.545560625E0,1.970717460E-1,-2.198812179E-2,4.657631814E-1
6.555601625E0,1.890953481E-1,5.971974693E-3,4.317676127E-1
6.565642625E0,1.215370744E-1,-6.576840766E-3,4.020563364E-1
6.575682625E0,2.009032853E-2,-9.476443753E-3,3.878017068E-1
6.585723625E0,-1.297252951E-3,-5.853107199E-2,3.873289824E-1
6.595764625E0,-4.111322388E-2,-2.114972025E-1,3.600538671E-1
6.605804625E0,-1.339214593E-1,-3.676892221E-1,2.842560410E-1
6.615845625E0,-2.570249140E-1,-4.490883946E-1,1.713044792E-1
6.625886625E0,-3.372843564E-1,-4.533768892E-1,6.565421820E-2
6.635926625E0,-3.212111294E-1,-4.274201989E-1,-2.687962260E-4
6.645967625E0,-2.429234982E-1,-3.880781233E-1,-5.238286406E-2
6.656008625E0,-1.513557583E-1,-3.525744379E-1,-9.891761839E-2
6.666048625E0,-1.078823060E-1,-3.315871358E-1,-1.496766657E-1
6.676089625E0,-9.603337198E-2,-3.279432058E-1,-1.918757111E-1
6.686130625E0,-1.295910627E-1,-2.644353509E-1,-2.292625010E-1
6.696170625E0,-1.753980666E-1,-1.015946716E-1,-2.550535202E-1
6.706211625E0,-2.343348861E-1,1.046857983E-1,-2.652672529E-1
6.716251625E0,-3.032717407E-1,3.055128455E-1,-2.849193811E-1
6.726292625E0,-3.805007637E-1,4.111543298E-1,-2.974831164E-1
6.736333625E0,-4.457182288E-1,4.326947033E-1,-3.224148452E-1
6.746373625E0,-4.889333546E-1,4.084298313E-1,-3.338240981E-1
6.756414625E0,-5.180994272E-1,3.714578152E-1,-3.377928138E-1
6.766455625E0,-5.406755805E-1,3.414746225E-1,-3.219251931E-1
6.776495625E0,-5.562933683E-1,3.215168715E-1,-3.028864264E-1
6.786536625E0,-5.621392727E-1,3.042880893E-1,-2.691561580E-1
6.796577625E0,-5.705835223E-1,2.890275121E-1,-2.464665473E-1
6.806617625E0,-5.653789043E-1,2.925772369E-1,-2.127197683E-1
6.816658625E0,-5.596671104E-1,3.221788108E-1,-1.771249771E-1
6.826699625E0,-5.504480600E-1,3.722507656E-1,-1.329822838E-1
6.836739625E0,-5.458753705E-1,4.842984378E-1,-7.433143258E-2
6.846780625E0,-5.421597362E-1,6.069889665E-1,1.573214494E-2
6.856821625E0,-5.454553962E-1,6.551277637E-1,1.021186858E-1
6.866861625E0,-5.653412342E-1,6.040192842E-1,1.555701941E-1
6.876902625E0,-6.078879237E-1,4.818412066E-1,1.934658587E-1
6.886943625E0,-6.563803554E-1,3.438665569E-1,2.125175893E-1
6.896983625E0,-6.946391463E-1,2.323252112E-1,2.330106944E-1
6.907024625E0,-7.209117413E-1,1.284179986E-1,2.604234219E-1
6.917065625E0,-7.212051749E-1,5.132832378E-2,2.901256382E-1
6.927105625E0,-6.951131225E-1,1.874295250E-2,3.186057508E-1
6.937146625E0,-6.458116174E-1,2.153624967E-2,3.529004455E-1
6.947187625E0,-5.907901525E-1,4.628021270E-2,3.940172791E-1
6.957227625E0,-5.475804210E-1,8.455318958E-2,4.379301667E-1
6.967268625E0,-5.146238208E-1,1.580875814E-1,4.828161597E-1
6.977309625E0,-5.060648918E-1,2.464983016E-1,4.913245738E-1
6.987349625E0,-5.054345131E-1,3.650246859E-1,4.679542780E-1
6.997390625E0,-4.905187190E-1,4.630506933E-1,4.164198637E-1
7.007430625E0,-4.495837986E-1,4.838869870E-1,3.294162452E-1
7.017471625E0,-4.040645659E-1,4.404434562E-1,2.145926207E-1
7.027512625E0,-3.990887105E-1,3.518350422E-1,7.089430094E-2
7.037552625E0,-4.366799891E-1,2.460482568E-1,-7.568349689E-2
7.047593625E0,-4.834229946E-1,1.238650829E-1,-1.894702613E-1
7.057634625E0,-4.849932194E-1,-4.305648059E-2,-2.517062426E-1
7.067674625E0,-4.297728539E-1,-2.735061944E-1,-2.655882537E-1
7.077715625E0,-3.011653125E-1,-5.032845140E-1,-2.588179708E-1
7.087756625E0,-1.212964654E-1,-7.177203894E-1,-1.557743996E-1
7.097796625E0,4.718675464E-2,-6.780217886E-1,-1.910248422E-3
7.107837625E0,9.399580210E-2,-2.084297836E-1,6.802915037E-2
7.117878625E0,-2.301976457E-2,2.979481816E-1,2.065924369E-2
7.127918625E0,-1.397835910E-1,4.120301604E-1,-1.204761416E-1
7.137959625E0,-9.139163047E-2,3.082361817E-1,-2.827314734E-1
7.148000625E0,3.914400190E-2,1.907907724E-1,-4.947387874E-1
7.158040625E0,1.322092712E-1,7.828459144E-2,-6.979894638E-1
7.168081625E0,1.968335509E-1,-1.506348699E-1,-8.055042028E-1
7.178121625E0,1.757103503E-1,-4.075791538E-1,-8.499390483E-1
7.188162625E0,1.595244557E-1,-5.899342895E-1,-8.352506161E-1
7.198203625E0,1.662285626E-1,-6.716979742E-1,-7.422946095E-1
7.208243625E0,1.877463609E-1,-6.747741699E-1,-5.635440350E-1
7.218284625E0,2.292750031E-1,-6.300329566E-1,-3.524107933E-1
7.228325625E0,2.556844950E-1,-5.613780022E-1,-1.299508065E-1
7.238365625E0,2.253514975E-1,-4.708236158E-1,6.951609999E-2
7.248406625E0,1.565572619E-1,-4.315763414E-1,2.572063804E-1
7.258447625E0,1.076215208E-1,-4.410468936E-1,4.119362235E-1
7.268487625E0,1.128082871E-1,-4.022563398E-1,5.031002164E-1
7.278528625E0,1.682287902E-1,-2.958162427E-1,5.469312072E-1
7.288569625E0,2.692648470E-1,-1.294059753E-1,5.361965299E-1
7.298609625E0,3.592626452E-1,2.767617814E-2,4.749192297E-1
7.308650625E0,4.160543084E-1,1.474510431E-1,3.951852322E-1
7.318690625E0,4.626063704E-1,2.171197385E-1,3.015039265E-1
7.328731625E0,5.087392926E-1,2.188044488E-1,1.954707056E-1
7.338772625E0,5.486637354E-1,1.598690152E-1,1.110713482E-1
7.348812625E0,5.935758352E-1,8.027617633E-2,5.177952722E-2
7.358853625E0,6.443005204E-1,4.400607571E-2,3.100095876E-2
7.368894625E0,6.901004910E-1,2.062165551E-2,4.153935239E-2
7.378934625E0,7.365973592E-1,1.927766949E-2,7.704444975E-2
7.388975625E0,7.878136635E-1,6.872511655E-2,8.799190819E-2
7.399016625E0,8.360264301E-1,1.390881240E-1,1.024002209E-1
7.409056625E0,8.651555181E-1,2.091678828E-1,1.201667041E-1
7.419097625E0,8.797434568E-1,2.910144031E-1,1.238977835E-1
7.429137625E0,8.796095252E-1,3.871795535E-1,9.855300933E-2
7.439178625E0,8.611677289E-1,4.909040034E-1,4.755768180E-2
7.449219625E0,8.297418952E-1,5.605448484E-1,-7.702643052E-3
7.459259625E0,7.719965577E-1,5.614660978E-1,-5.181904137E-2
7.469300625E0,6.942381263E-1,4.915850461E-1,-9.125086665E-2
7.479341625E0,5.949698687E-1,3.529780805E-1,-1.273514926E-1
7.489381625E0,4.816001952E-1,1.650824696E-1,-1.539804339E-1
7.499422625E0,3.643979728E-1,-4.053857177E-2,-1.672336757E-1
7.509463625E0,2.599477172E-1,-2.098658234E-1,-1.873397380E-1
7.519503625E0,1.709427685E-1,-3.410025239E-1,-2.249699533E-1
7.529544625E0,9.917882085E-2,-4.450045526E-1,-2.596325874E-1
7.539584625E0,5.601031706E-2,-5.259529352E-1,-2.757271528E-1
7.549625625E0,4.583460838E-2,-5.572359562E-1,-2.726232708E-1
7.559666625E0,5.460042506E-2,-5.280545950E-1,-2.559431195E-1
7.569706625E0,6.854526699E-2,-4.443011582E-1,-2.354556769E-1
7.579747625E0,9.110358357E-2,-3.299328089E-1,-2.119039446E-1
7.589788625E0,1.222172976E-1,-1.908596009E-1,-1.826208979E-1
7.599828625E0,1.504107863E-1,-9.723188356E-3,-1.566747576E-1
7.609869625E0,1.762093604E-1,2.208487689E-1,-1.334698349E-1
7.619910625E0,2.032849640E-1,4.626330733E-1,-1.062940210E-1
7.629950625E0,2.478561550E-1,6.663803458E-1,-6.605392694E-2
7.639991625E0,3.128474355E-1,7.521486282E-1,-2.027858421E-2
7.650031625E0,3.965971768E-1,6.802885532E-1,1.767172664E-2
7.660072625E0,4.895241559E-1,4.833776951E-1,5.266054720E-2
7.670113625E0,5.445469618E-1,1.889519244E-1,1.041074917E-1
7.680153625E0,5.535989404E-1,-1.649857759E-1,1.565286666E-1
7.690194625E0,5.441377759E-1,-5.864360929E-1,2.097522020E-1
7.700235625E0,4.880513549E-1,-9.349977970E-1,2.132055312E-1
7.710275625E0,4.114196897E-1,-1.197308421E0,1.453657597E-1
7.720316625E0,4.111503363E-1,-1.064912438E0,1.323180646E-1
7.730357625E0,4.527896345E-1,-6.253489852E-1,2.573289871E-1
7.740397625E0,3.503987193E-1,-2.284574360E-1,4.184753895E-1
7.750438625E0,1.006663591E-1,-2.490352839E-2,5.489156842E-1
7.760478625E0,-6.629717350E-2,1.167740375E-1,6.591424942E-1
7.770519625E0,-1.024597064E-1,2.475323081E-1,7.306630015E-1
7.780560625E0,-1.630047262E-1,2.119932622E-1,7.777814865E-1
7.790600625E0,-2.287259549E-1,8.252209425E-2,8.134697080E-1
7.800641625E0,-2.345336825E-1,-6.919082254E-2,8.115819097E-1
7.810682625E0,-2.091140747E-1,-2.716488540E-1,7.401272058E-1
7.820722625E0,-2.377723902E-1,-4.784075320E-1,5.835402012E-1
7.830763625E0,-3.607739210E-1,-5.934334397E-1,3.528384864E-1
7.840803625E0,-4.610191286E-1,-5.198272467E-1,1.123921126E-1
7.850844625E0,-4.664386511E-1,-3.746982813E-1,-7.618285716E-2
7.860885625E0,-3.609337509E-1,-2.750714719E-1,-2.037624270E-1
7.870925625E0,-1.903284490E-1,-2.402983308E-1,-2.747164667E-1
7.880966625E0,-3.630190343E-2,-2.522664666E-1,-3.139460385E-1
7.891007625E0,5.177149549E-2,-2.737086415E-1,-3.450043499E-1
7.901047625E0,8.480213583E-2,-2.480599731E-1,-3.685768545E-1
7.911088625E0,5.242022872E-2,-1.621618420E-1,-3.683126569E-1
7.921129625E0,-3.638126329E-2,-3.089673258E-2,-3.525201082E-1
7.931169625E0,-1.484313607E-1,9.071412683E-2,-3.301695287E-1
7.941210625E0,-2.571559846E-1,1.172945276E-1,-3.223288655E-1
7.951250625E0,-3.538473845E-1,7.118402421E-2,-3.286283016E-1
7.961291625E0,-4.476277530E-1,2.948002517E-2,-3.424233198E-1
7.971332625E0,-5.157297850E-1,3.412739607E-3,-3.735447526E-1
7.981372625E0,-5.620348454E-1,-3.152142838E-2,-3.985542357E-1
7.991413625E0,-5.669670701E-1,-4.649185389E-2,-4.345415235E-1
8.001454625E0,-5.612437725E-1,-3.184334561E-2,-4.498380721E-1
8.011494625E0,-5.710108876E-1,2.366822911E-3,-4.483948946E-1
8.021535625E0,-5.779832602E-1,4.949615896E-2,-4.276122749E-1
8.031575625E0,-5.857764482E-1,9.037514776E-2,-3.875482082E-1
8.041616625E0,-5.888091326E-1,1.685562283E-1,-3.265243173E-1
8.051657625E0,-5.637977719E-1,3.063399196E-1,-2.611285448E-1
8.061697625E0,-5.428314805E-1,4.288804233E-1,-1.647126973E-1
8.071738625E0,-5.272916555E-1,5.223948956E-1,-5.228256062E-2
8.081779625E0,-5.168368816E-1,5.192236304E-1,3.837175667E-2
8.091819625E0,-5.112085342E-1,4.483385384E-1,8.692890406E-2
8.101860625E0,-5.056685805E-1,3.347929418E-1,1.200124472E-1
8.111900625E0,-5.001899600E-1,2.221878171E-1,1.485205293E-1
8.121941625E0,-5.024793148E-1,1.123336256E-1,1.970382929E-1
8.131982625E0,-5.096176267E-1,2.022952959E-2,2.622266114E-1
8.142022625E0,-5.149191618E-1,-3.324211016E-2,3.227620721E-1
8.152063625E0,-5.123332143E-1,-5.030445009E-2,3.715873957E-1
8.162103625E0,-4.992772639E-1,-4.422153905E-2,4.090709388E-1
8.172144625E0,-4.878101945E-1,-2.395248413E-2,4.317871630E-1
8.182185625E0,-4.884514809E-1,5.743003637E-2,4.392431974E-1
8.192225625E0,-5.214456916E-1,2.188836336E-1,4.304305315E-1
8.202266625E0,-5.873795152E-1,4.197545946E-1,4.115854800E-1
8.212307625E0,-6.531526446E-1,5.974705219E-1,3.812938631E-1
8.222348375E0,-6.996506453E-1,6.957165003E-1,3.274393976E-1
8.232389375E0,-7.021063566E-1,7.275702953E-1,2.603676915E-1
8.242429375E0,-6.659193635E-1,6.961823106E-1,2.077967674E-1
8.252470375E0,-6.326567531E-1,5.599799752E-1,1.392914802E-1
8.262511375E0,-6.262781620E-1,3.608735204E-1,5.084768310E-2
8.272551375E0,-6.411923766E-1,1.148832217E-1,-3.992296755E-2
8.282592375E0,-6.571320295E-1,-1.440253407E-1,-1.068170369E-1
8.292633375E0,-6.485166550E-1,-4.367011189E-1,-1.427108496E-1
8.302673375E0,-5.878756642E-1,-6.799070239E-1,-1.504661143E-1
8.312714375E0,-4.301283956E-1,-8.431339860E-1,-9.219641984E-2
8.322754375E0,-2.638161182E-1,-9.560291171E-1,5.275275093E-3
8.332795375E0,-1.689337939E-1,-7.171049714E-1,6.171644852E-2
8.342836375E0,-2.416786849E-1,-2.352867872E-1,4.875437543E-2
8.352876375E0,-3.535769880E-1,5.010581017E-2,-1.434470061E-2
8.362917375E0,-2.036039680E-1,3.203289956E-2,-1.142109260E-1
8.372958375E0,4.063693061E-2,-3.195886686E-2,-3.409503102E-1
8.382998375E0,1.419326961E-1,-5.643745139E-2,-6.076343656E-1
8.393039375E0,1.731081903E-1,-1.481662989E-1,-7.527401447E-1
8.403079375E0,2.059000432E-1,-2.928863168E-1,-7.925590277E-1
8.413120375E0,1.825579703E-1,-4.165318310E-1,-8.070655465E-1
8.423161375E0,1.511600167E-1,-4.564770758E-1,-7.846660018E-1
8.433201375E0,1.485786140E-1,-4.136326909E-1,-6.836251616E-1
8.443242375E0,1.706845611E-1,-3.931088746E-1,-5.099738240E-1
8.453282375E0,1.728142798E-1,-3.762161732E-1,-3.185500503E-1
8.463323375E0,1.235342175E-1,-3.574078977E-1,-1.176745072E-1
8.473364375E0,3.887152672E-2,-3.619208932E-1,8.706451952E-2
8.483404375E0,-4.241717979E-2,-4.010357857E-1,2.717542052E-1
8.493445375E0,-5.858949199E-2,-4.416071773E-1,4.262468219E-1
8.503486375E0,-1.162405219E-2,-4.475087523E-1,5.348353982E-1
8.513526375E0,7.811275870E-2,-4.233645201E-1,5.615362525E-1
8.523567375E0,1.998146325E-1,-3.460690379E-1,5.260059834E-1
8.533607375E0,2.742081583E-1,-2.398983836E-1,4.694868028E-1
8.543648375E0,3.034115732E-1,-1.523012370E-1,4.020553529E-1
8.553689375E0,3.309198916E-1,-9.439372271E-2,3.313204646E-1
8.563729375E0,3.614501357E-1,-6.224062294E-2,2.659689486E-1
8.573770375E0,3.817181289E-1,-3.904609010E-2,2.152152061E-1
8.583810375E0,4.073449969E-1,-3.789034486E-2,1.695639342E-1
8.593851375E0,4.343124330E-1,5.333250761E-2,1.370326281E-1
8.603892375E0,4.755263627E-1,2.606900632E-1,1.193970293E-1
8.613932375E0,5.380772948E-1,4.829769135E-1,1.240469143E-1
8.623973375E0,6.047409773E-1,5.815049410E-1,1.716851145E-1
8.634013375E0,6.641598344E-1,5.916947722E-1,2.087126374E-1
8.644054375E0,7.109150887E-1,6.095706820E-1,2.029128075E-1
8.654095375E0,7.377959490E-1,6.689985394E-1,1.529425979E-1
8.664135375E0,7.558134198E-1,7.021653056E-1,1.037937552E-1
8.674176375E0,7.492175698E-1,6.983579993E-1,4.005419090E-2
8.684217375E0,7.270421982E-1,6.811184287E-1,-3.600450978E-2
8.694257375E0,6.863692999E-1,5.961614847E-1,-9.147043526E-2
8.704298375E0,6.304963231E-1,4.267769754E-1,-1.389683783E-1
8.714338375E0,5.571805835E-1,2.268976867E-1,-1.861577332E-1
8.724379375E0,4.866682887E-1,5.979883298E-2,-2.386961728E-1
8.734420375E0,4.224264324E-1,-9.220481664E-2,-2.862610221E-1
8.744460375E0,3.639515042E-1,-2.104806602E-1,-3.348411024E-1
8.754501375E0,3.217055202E-1,-2.892785072E-1,-3.882715702E-1
8.764541375E0,3.067796826E-1,-3.514811397E-1,-4.346968830E-1
8.774582375E0,2.977771163E-1,-3.948235512E-1,-4.648028314E-1
8.784623375E0,3.089930415E-1,-3.800013661E-1,-4.841302633E-1
8.794663375E0,3.225394785E-1,-2.986263633E-1,-4.826239645E-1
8.804704375E0,3.212009966E-1,-1.526766270E-1,-4.688625932E-1
8.814744375E0,3.053677082E-1,3.438832611E-2,-4.498731792E-1
8.824785375E0,2.782039344E-1,2.432500422E-1,-4.161998034E-1
8.834826375E0,2.541374862E-1,4.515537024E-1,-3.525840640E-1
8.844866375E0,2.581290603E-1,6.054400802E-1,-2.452319413E-1
8.854907375E0,3.201234341E-1,7.130568624E-1,-1.358370036E-1
8.864947375E0,4.094521701E-1,7.098898888E-1,-3.567511961E-2
8.874988375E0,4.727288783E-1,5.823473930E-1,6.044661626E-2
8.885029375E0,5.054908395E-1,3.838486969E-1,1.350132525E-1
8.895069375E0,5.089563727E-1,1.532578319E-1,1.640273333E-1
8.905110375E0,4.799423814E-1,-1.203268319E-1,2.027811408E-1
8.915150375E0,4.308446050E-1,-5.213744044E-1,2.010266632E-1
8.925191375E0,3.560262918E-1,-9.295201302E-1,8.505458385E-2
8.935232375E0,3.754234314E-1,-1.003248692E0,1.966911368E-4
8.945272375E0,5.251669288E-1,-6.822613478E-1,5.755122006E-2
8.955313375E0,6.403795481E-1,-3.213430643E-1,1.798001677E-1
8.965353375E0,5.265979767E-1,-1.955551654E-1,2.724567652E-1
8.975394375E0,3.406800032E-1,-1.784438193E-1,3.749525249E-1
8.985435375E0,2.598765194E-1,-7.004856318E-2,4.790191650E-1
8.995475375E0,2.180643529E-1,9.641338140E-2,5.331343412E-1
9.005516375E0,1.049786061E-1,1.495218873E-1,5.706068873E-1
9.015557375E0,-7.480294909E-3,1.216801256E-1,5.973106623E-1
9.025597375E0,-2.712837979E-2,5.206773058E-2,6.080139279E-1
9.035638375E0,-6.858794391E-2,-1.027165204E-1,5.745241642E-1
9.045678375E0,-1.691185087E-1,-1.971644759E-1,4.629963338E-1
9.055719375E0,-2.709258199E-1,-2.224727720E-1,3.014417887E-1
9.065760375E0,-3.073858917E-1,-2.158859074E-1,1.553356051E-1
9.075800375E0,-2.708920538E-1,-2.061941326E-1,2.795315161E-2
9.085841375E0,-1.893783063E-1,-1.965009719E-1,-8.203944564E-2
9.095881375E0,-8.843997121E-2,-2.000893205E-1,-1.839298606E-1
9.105922375E0,-1.175852492E-2,-2.313983887E-1,-2.853287756E-1
9.115963375E0,4.978111014E-3,-2.589051127E-1,-3.675954342E-1
9.126003375E0,-6.317047868E-3,-2.351864129E-1,-4.159166217E-1
9.136044375E0,-5.754854530E-2,-1.374153793E-1,-4.156164825E-1
9.146084375E0,-1.349925995E-1,8.075357415E-3,-3.967947662E-1
9.156125375E0,-2.190020084E-1,1.525633037E-1,-3.868228495E-1
9.166166375E0,-2.974178791E-1,2.554323375E-1,-3.597252965E-1
9.176206375E0,-3.555866480E-1,2.946668267E-1,-3.165701032E-1
9.186247375E0,-4.076786041E-1,2.908286750E-1,-2.802541852E-1
9.196287375E0,-4.563603997E-1,2.651467621E-1,-2.660411596E-1
9.206328375E0,-4.984946549E-1,2.399107963E-1,-2.518871725E-1
9.216368375E0,-5.293226242E-1,2.423529178E-1,-2.349148542E-1
9.226408875E0,-5.505123138E-1,2.495048046E-1,-2.357729226E-1
9.236449875E0,-5.608211756E-1,2.671144307E-1,-2.314831018E-1
9.246489875E0,-5.626618266E-1,3.001640439E-1,-2.030730397E-1
9.256530875E0,-5.575700998E-1,3.977217674E-1,-1.742360592E-1
9.266570875E0,-5.490077138E-1,5.567246079E-1,-1.328492612E-1
9.276611875E0,-5.376514792E-1,7.118550539E-1,-7.918043435E-2
9.286652875E0,-5.175157189E-1,7.856217027E-1,-2.744226716E-2
9.296692875E0,-5.031545758E-1,7.579136491E-1,1.590227708E-2
9.306733875E0,-5.039639473E-1,6.359719038E-1,5.765680596E-2
9.316773875E0,-5.100718737E-1,4.534116387E-1,9.941836447E-2
9.326814875E0,-5.216587186E-1,2.464341819E-1,1.277331859E-1
9.336855875E0,-5.233303905E-1,3.823385015E-2,1.535578519E-1
9.346895875E0,-5.104119778E-1,-1.517385244E-1,1.938474625E-1
9.356936875E0,-4.857908189E-1,-2.576912940E-1,2.548671663E-1
9.366976875E0,-4.644959569E-1,-2.779321074E-1,3.156127632E-1
9.377017875E0,-4.476892650E-1,-2.538762987E-1,3.678083122E-1
9.387058875E0,-4.371816814E-1,-1.635202765E-1,3.945352733E-1
9.397098875E0,-4.403228760E-1,-2.963901497E-3,4.127709866E-1
9.407139875E0,-4.533883631E-1,1.982875466E-1,4.058557153E-1
9.417179875E0,-4.658213556E-1,4.063467383E-1,3.799442351E-1
9.427220875E0,-4.881555438E-1,5.886902809E-1,3.352562487E-1
9.437261875E0,-5.207850933E-1,7.056616545E-1,2.781479657E-1
9.447301875E0,-5.674891472E-1,7.242248654E-1,2.111943066E-1
9.457342875E0,-6.220698357E-1,6.695815921E-1,1.388857514E-1
9.467382875E0,-6.627624035E-1,5.606294870E-1,5.505586788E-2
9.477423875E0,-6.814000010E-1,3.753361106E-1,-3.145718575E-2
9.487464875E0,-6.735474467E-1,1.430687457E-1,-1.111557037E-1
9.497504875E0,-6.595072746E-1,-7.517384738E-2,-1.352913976E-1
9.507545875E0,-6.509897113E-1,-2.856448293E-1,-1.133648008E-1
9.517585875E0,-6.564430594E-1,-4.804177880E-1,-7.699400932E-2
9.527626875E0,-6.523894072E-1,-6.274119020E-1,-4.850603268E-2
9.537667875E0,-5.645125508E-1,-6.785538793E-1,5.153468810E-3
9.547707875E0,-4.066744745E-1,-6.791771650E-1,1.020398885E-1
9.557748875E0,-2.179263979E-1,-4.784309864E-1,2.024652958E-1
9.567788875E0,-1.145901456E-1,7.877458818E-3,2.220999151E-1
9.577829875E0,-1.652735770E-1,5.052046776E-1,1.126583666E-1
9.587869875E0,-1.499826759E-1,7.315713167E-1,-7.293126080E-3
9.597910875E0,4.496231675E-2,7.158269882E-1,-1.637170762E-1
9.607951875E0,2.586185634E-1,6.666055322E-1,-4.079363346E-1
9.617991875E0,3.331982493E-1,4.716970026E-1,-6.113102436E-1
9.628032875E0,2.879585922E-1,1.117570102E-1,-7.375377417E-1
9.638072875E0,2.263471633E-1,-2.947345674E-1,-8.146852255E-1
9.648113875E0,2.071953863E-1,-6.127792001E-1,-8.101162314E-1
9.658154875E0,2.199079841E-1,-8.019232750E-1,-6.964424253E-1
9.668194875E0,2.930972874E-1,-8.120085597E-1,-5.013768077E-1
9.678235875E0,3.812468648E-1,-6.918938756E-1,-2.644430995E-1
9.688275875E0,3.779285550E-1,-5.221034884E-1,-4.155916721E-2
9.698316875E0,2.851902544E-1,-4.167169034E-1,1.484876871E-1
9.708357875E0,1.504967511E-1,-3.539122343E-1,3.139891922E-1
9.718397875E0,3.930952027E-2,-3.079042435E-1,4.347995222E-1
9.728438875E0,-1.583833992E-2,-2.268011570E-1,5.082880855E-1
9.738478875E0,-3.724685404E-3,-1.081746519E-1,5.163220167E-1
9.748519875E0,3.064236045E-2,3.077386320E-2,4.580835104E-1
9.758560875E0,7.710173726E-2,1.570433825E-1,3.590924740E-1
9.768600875E0,1.209630519E-1,2.452157140E-1,2.474028915E-1
9.778641875E0,1.638732255E-1,2.732473612E-1,1.562998891E-1
9.788681875E0,1.933809668E-1,2.567950487E-1,1.047419459E-1
9.798722875E0,2.267527580E-1,2.264320701E-1,1.003775597E-1
9.808762875E0,2.550261319E-1,2.091278881E-1,1.495834589E-1
9.818803875E0,2.777482271E-1,2.105215192E-1,1.944997907E-1
9.828844875E0,2.994044423E-1,1.647743583E-1,2.306612581E-1
9.838884875E0,3.310158849E-1,1.160238609E-1,2.622705698E-1
9.848925875E0,3.681808114E-1,1.087152213E-1,2.695027590E-1
9.858965875E0,4.224680066E-1,1.613422185E-1,2.471002489E-1
9.869006875E0,4.690863192E-1,2.810227573E-1,2.096351981E-1
9.879047875E0,5.064440966E-1,4.216890633E-1,1.620799303E-1
9.889087875E0,5.365452766E-1,5.283100605E-1,1.245160401E-1
9.899128875E0,5.660840273E-1,5.858857036E-1,7.698234916E-2
9.909168875E0,5.862175822E-1,5.950791240E-1,1.247194596E-2
9.919209875E0,5.974150896E-1,5.425844789E-1,-5.167721584E-2
9.929249875E0,5.943018198E-1,4.493184388E-1,-1.082241386E-1
9.939290875E0,5.774990916E-1,3.121672571E-1,-1.555652916E-1
9.949331875E0,5.569387078E-1,1.477169693E-1,-1.908574253E-1
9.959371875E0,5.324040651E-1,-2.932989970E-3,-2.230925858E-1
9.969412875E0,5.045913458E-1,-1.070220619E-1,-2.593789697E-1
9.979452875E0,4.837052822E-1,-1.581874937E-1,-3.092698455E-1
9.989493875E0,4.793885350E-1,-1.864547879E-1,-3.542184830E-1
9.999534875E0,5.046004057E-1,-1.838384867E-1,-3.759099245E-1
1.000957488E1,5.397593975E-1,-1.586229801E-1,-3.763205111E-1
1.001961587E1,5.702046752E-1,-9.714897722E-2,-3.892759979E-1
1.002965587E1,5.848716497E-1,-1.917522773E-2,-4.036779702E-1
1.003969687E1,5.898839831E-1,5.981439725E-2,-4.113824964E-1
1.004973687E1,5.872241855E-1,1.206220463E-1,-4.036403298E-1
1.005977787E1,5.896865129E-1,1.759968847E-1,-3.857966065E-1
1.006981887E1,6.058909893E-1,2.638451755E-1,-3.520993292E-1
1.007985887E1,6.243384480E-1,3.516943157E-1,-2.954696119E-1
1.008989987E1,6.562824845E-1,3.994445801E-1,-2.178031057E-1
1.009993987E1,7.200785279E-1,3.499758542E-1,-1.339542717E-1
1.010998087E1,7.884011865E-1,1.850027293E-1,-7.071788609E-2
1.012002187E1,8.326503634E-1,-9.546674788E-2,-3.243653849E-2
1.013006187E1,8.528286815E-1,-4.346638620E-1,-1.933868229E-2
1.014010287E1,8.734897375E-1,-7.747873664E-1,-2.478378266E-2
1.015014287E1,8.927263021E-1,-1.092261314E0,-5.317192897E-2
1.016018388E1,8.716790676E-1,-1.336754680E0,-1.434147358E-1
1.017022387E1,8.621597886E-1,-1.257584929E0,-2.480941117E-1
1.018026488E1,9.243808389E-1,-6.482981443E-1,-2.012334019E-1
1.019030587E1,1.020799518E0,-9.539883584E-3,3.367751464E-2
1.020034587E1,8.853463531E-1,3.212178051E-1,2.274331450E-1
1.021038687E1,6.321784854E-1,5.051536560E-1,3.692631125E-1
1.022042687E1,5.089942217E-1,7.055999041E-1,5.033098459E-1
1.023046812E1,4.368446767E-1,8.027441502E-1,5.900907516E-1
1.024050812E1,2.642007172E-1,7.123979926E-1,6.326416731E-1
1.025054912E1,6.909971684E-2,4.778919518E-1,6.368846893E-1
1.026059012E1,-1.385455672E-2,1.177486777E-1,6.190904975E-1
1.027063012E1,-9.722880274E-2,-3.603403270E-1,5.344514847E-1
1.028067112E1,-1.811218411E-1,-7.463346124E-1,3.442996442E-1
1.029071113E1,-2.150118798E-1,-8.851087093E-1,1.278392226E-1
1.030075212E1,-1.569967717E-1,-8.600049615E-1,-3.194405138E-2
1.031079312E1,-6.950218230E-2,-7.749872804E-1,-1.297480911E-1
1.032083312E1,1.997469924E-2,-6.771009564E-1,-1.813825220E-1
1.033087413E1,8.419694006E-2,-5.698018074E-1,-2.188682109E-1
1.034091412E1,1.127058119E-1,-4.862744510E-1,-2.598563731E-1
1.035095513E1,1.105774343E-1,-4.133048654E-1,-2.979883552E-1
1.036099512E1,5.952677503E-2,-2.584750652E-1,-3.087850809E-1
1.037103612E1,-4.034957290E-2,-3.953903913E-2,-2.762998343E-1
1.038107712E1,-1.601787806E-1,1.693907380E-1,-2.200634480E-1
1.039111712E1,-2.780435681E-1,2.803956866E-1,-1.519691944E-1
1.040115812E1,-3.614662886E-1,3.120249808E-1,-1.004657820E-1
1.041119812E1,-4.310561717E-1,2.700241208E-1,-4.266682640E-2
1.042123912E1,-4.914974272E-1,2.128026336E-1,-1.446448360E-2
1.043127912E1,-5.446465015E-1,1.713085324E-1,-2.521596476E-2
1.044132012E1,-5.900201201E-1,1.263450533E-1,-4.582350701E-2
1.045136112E1,-6.451702714E-1,8.432763815E-2,-8.026867360E-2
1.046140113E1,-6.790126562E-1,6.211021170E-2,-1.198301986E-1
1.047144212E1,-7.188577652E-1,5.770858750E-2,-1.657998562E-1
1.048148213E1,-7.541153431E-1,8.470664918E-2,-2.004300058E-1
1.049152312E1,-7.870899439E-1,1.764444858E-1,-2.226913124E-1
1.050156312E1,-8.277372122E-1,2.787863016E-1,-2.176403701E-1
1.051160412E1,-8.711381555E-1,3.365357220E-1,-1.935348362E-1
1.052164513E1,-9.008316398E-1,3.671679199E-1,-1.456549317E-1
1.053168512E1,-9.278616309E-1,3.766933382E-1,-9.519558400E-2
1.054172612E1,-9.360767007E-1,3.614936173E-1,-3.487551585E-2
1.055176612E1,-9.374793768E-1,3.113239706E-1,2.964138612E-2
1.056180712E1,-9.356130362E-1,2.463321686E-1,8.108194172E-2
1.057184812E1,-9.308190942E-1,1.769341677E-1,1.222299412E-1
1.058188812E1,-9.129908085E-1,1.054799557E-1,1.814293563E-1
1.059192912E1,-8.774468899E-1,1.181985252E-2,2.454330325E-1
1.060196912E1,-8.408401608E-1,-1.026193723E-1,3.147186339E-1
1.061201012E1,-8.004975319E-1,-1.820192933E-1,3.775677979E-1
1.062205012E1,-7.413292527E-1,-2.350228578E-1,4.210422933E-1
1.063209113E1,-6.936202049E-1,-2.574280798E-1,4.435897470E-1
1.064213212E1,-6.892752051E-1,-2.036096156E-1,4.296499789E-1
1.065217213E1,-7.066887021E-1,-8.384657651E-2,4.021364748E-1
1.066221312E1,-7.133429050E-1,6.276203692E-2,3.627749383E-1
1.067225312E1,-6.942507029E-1,2.126721591E-1,3.032647371E-1
1.068229412E1,-6.631287336E-1,3.558285236E-1,2.302866727E-1
1.069233412E1,-6.684945226E-1,4.421155155E-1,1.536320299E-1
1.070237512E1,-7.294284701E-1,4.493255019E-1,7.085007429E-2
1.071241612E1,-8.239997029E-1,3.982955813E-1,1.136148442E-2
1.072245612E1,-9.348332882E-1,2.549645305E-1,-1.285836753E-2
1.073249712E1,-1.007109761E0,5.067464337E-2,-4.899652675E-3
1.074253712E1,-1.040257692E0,-2.224263996E-1,2.527982183E-2
1.075257812E1,-1.031823397E0,-5.051940680E-1,7.106535137E-2
1.076261813E1,-9.792664647E-1,-7.640575767E-1,1.557243019E-1
1.077265912E1,-8.434109688E-1,-8.918501735E-1,2.977474034E-1
1.078270012E1,-6.654963493E-1,-8.445175290E-1,4.579597116E-1
1.079274012E1,-5.492978692E-1,-5.507603288E-1,5.287024379E-1
1.080278113E1,-6.133008599E-1,-1.107890308E-1,4.451326728E-1
1.081282112E1,-6.954150796E-1,1.514674723E-1,2.472911328E-1
1.082286213E1,-5.129446387E-1,2.299353778E-1,7.937405258E-3
1.083290212E1,-2.091534287E-1,3.270415068E-1,-3.091522455E-1
1.084294312E1,2.427637577E-2,4.647786021E-1,-6.292940378E-1
1.085298412E1,1.800782830E-1,3.927831650E-1,-8.507693410E-1
1.086302412E1,2.510403395E-1,1.608053148E-1,-9.734678268E-1
1.087306512E1,2.633085251E-1,-1.161807701E-1,-9.722707272E-1
1.088310512E1,2.638496757E-1,-3.134618700E-1,-8.861579299E-1
1.089314612E1,2.873343229E-1,-5.499649644E-1,-7.161319256E-1
1.090318612E1,3.301518261E-1,-7.712520361E-1,-4.632370472E-1
1.091322712E1,3.463988304E-1,-8.414227366E-1,-1.567478627E-1
1.092326812E1,2.764658332E-1,-7.583249211E-1,1.328591853E-1
1.093330813E1,1.403774917E-1,-6.316578984E-1,3.496590257E-1
1.094334912E1,2.341785468E-2,-5.266920924E-1,4.871069193E-1
1.095338913E1,-2.967626229E-2,-4.545146525E-1,5.639654994E-1
1.096343012E1,-1.651358791E-2,-3.647237718E-1,5.883795023E-1
1.097347012E1,8.117998391E-2,-2.396369725E-1,5.411145687E-1
1.098351112E1,2.106072158E-1,-8.266840130E-2,4.369607568E-1
1.099355213E1,3.208452761E-1,5.307141691E-2,3.273316324E-1
1.100359212E1,3.979653716E-1,1.464162767E-1,2.191766351E-1
1.101363312E1,4.518927634E-1,1.719180346E-1,1.057287902E-1
1.102367312E1,4.829529524E-1,1.490523964E-1,3.236828744E-2
1.103371412E1,4.943022132E-1,1.118849292E-1,2.261590213E-2
1.104375412E1,5.020030141E-1,7.431012392E-2,6.030336022E-2
1.105379512E1,5.165452361E-1,7.863936573E-2,1.328998059E-1
1.106383612E1,5.526829958E-1,6.387373060E-2,1.945946068E-1
1.107387612E1,6.015951633E-1,1.424511988E-2,2.442168146E-1
1.108391712E1,6.592280865E-1,1.642811298E-2,2.625859678E-1
1.109395712E1,7.190392017E-1,1.151873991E-1,2.146102190E-1
1.110399813E1,7.733557224E-1,2.764655054E-1,1.476437151E-1
1.111403812E1,8.282406330E-1,3.838046193E-1,1.059065238E-1
1.112407913E1,8.850644827E-1,4.292141795E-1,6.435961276E-2
1.113411912E1,9.225481153E-1,4.308664203E-1,1.275173738E-3
1.114416012E1,9.402102232E-1,4.277403951E-1,-8.254435658E-2
1.115420112E1,9.371376038E-1,4.046636820E-1,-1.761564314E-1
1.116424112E1,9.093605280E-1,3.512196243E-1,-2.502551377E-1
1.117428212E1,8.638346195E-1,2.712151706E-1,-3.057070673E-1
1.118432212E1,8.161579370E-1,1.664493233E-1,-3.496164680E-1
1.119436312E1,7.720828056E-1,8.131331950E-2,-3.824971020E-1
1.120440312E1,7.382001877E-1,1.898123696E-2,-4.056716561E-1
1.121444412E1,7.112216353E-1,-4.395473003E-2,-4.382784665E-1
1.122448442E1,7.046572566E-1,-1.017716900E-1,-4.782298803E-1
1.123452442E1,7.190808058E-1,-1.484667957E-1,-5.046731830E-1
1.124456542E1,7.321771979E-1,-2.044845223E-1,-5.139721632E-1
1.125460542E1,7.440515757E-1,-2.209056467E-1,-5.045820475E-1
1.126464642E1,7.560472488E-1,-1.690815836E-1,-4.932841063E-1
1.127468642E1,7.571424842E-1,-6.607373804E-2,-4.736176729E-1
1.128472742E1,7.517684698E-1,6.283231825E-2,-4.397385418E-1
1.129476742E1,7.410876155E-1,1.929963380E-1,-3.929259181E-1
1.130480842E1,7.179617882E-1,2.537598312E-1,-3.218485713E-1
1.131484942E1,6.966114044E-1,2.301569283E-1,-2.336533815E-1
1.132488942E1,6.822356582E-1,1.296377778E-1,-1.424478441E-1
1.133493042E1,6.765561700E-1,-4.605836421E-2,-7.159821689E-2
1.134497042E1,6.750682592E-1,-2.364397496E-1,-4.851564299E-4
1.135501142E1,6.499887109E-1,-3.623492718E-1,8.427051455E-2
1.136505142E1,5.558699369E-1,-4.494208097E-1,1.491722912E-1
1.137509242E1,3.824009299E-1,-5.398152471E-1,1.180069819E-1
1.138513342E1,2.345640659E-1,-3.090967536E-1,1.395341158E-1
1.139517342E1,2.342333794E-1,2.776840888E-2,3.118376434E-1
1.140521442E1,2.439216822E-1,1.483853608E-1,5.501461029E-1
1.141525442E1,9.353405237E-2,2.346460223E-1,6.471492052E-1
1.142529542E1,-2.974048071E-2,2.601993382E-1,6.518073678E-1
1.143533542E1,-6.161726639E-2,2.575244904E-1,6.052119136E-1
1.144537642E1,-1.055410504E-1,1.536391079E-1,5.532581210E-1
1.145541742E1,-1.538800746E-1,-4.646974429E-2,5.370211005E-1
1.146545742E1,-1.691778153E-1,-2.844847143E-1,5.187758207E-1
1.147549842E1,-1.216447130E-1,-5.458861589E-1,4.707461298E-1
1.148553842E1,-6.115020439E-2,-7.773377299E-1,3.388735652E-1
1.149557942E1,-6.522214413E-2,-8.920705914E-1,1.408434063E-1
1.150561942E1,-1.759425402E-1,-8.213724494E-1,-5.700415745E-2
1.151566042E1,-2.884101868E-1,-6.369919777E-1,-1.765651256E-1
1.152570042E1,-3.449847996E-1,-4.280720353E-1,-2.040638626E-1
1.153574142E1,-3.316969275E-1,-2.603213191E-1,-1.769436002E-1
1.154578242E1,-2.907143235E-1,-1.299321800E-1,-1.019694880E-1
1.155582242E1,-2.315894961E-1,-3.686708957E-2,-3.261423856E-2
1.156586342E1,-1.707431823E-1,3.801509272E-3,1.547366101E-2
1.157590342E1,-1.634123623E-1,2.491739765E-2,3.806423023E-2
1.158594442E1,-1.807292998E-1,7.564129680E-2,3.342633694E-2
1.159598442E1,-2.024809420E-1,1.508582830E-1,2.209245600E-2
1.160602542E1,-2.286619395E-1,2.400105298E-1,-1.003325544E-2
1.161606542E1,-2.678821087E-1,3.257625997E-1,-5.364559963E-2
1.162610642E1,-3.262862861E-1,3.669747412E-1,-1.004562452E-1
1.163614742E1,-3.786996305E-1,3.438199461E-1,-1.576665938E-1
1.164618742E1,-4.247616827E-1,2.808111608E-1,-2.199733704E-1
1.165622842E1,-4.730826616E-1,2.299112976E-1,-2.792532742E-1
1.166626842E1,-5.277562737E-1,1.684830934E-1,-3.280828595E-1
1.167630942E1,-6.070482731E-1,1.137602329E-1,-3.621258140E-1
1.168634942E1,-6.916193366E-1,1.007914394E-1,-3.802981675E-1
1.169639042E1,-7.701885700E-1,1.190341413E-1,-3.842727244E-1
1.170643042E1,-8.079473972E-1,1.524421573E-1,-3.763135970E-1
1.171647142E1,-8.311915398E-1,2.235669196E-1,-3.254070282E-1
1.172651242E1,-8.377496004E-1,3.030811846E-1,-2.634453773E-1
1.173655242E1,-8.200563192E-1,3.962870240E-1,-1.642972082E-1
1.174659342E1,-8.065589070E-1,4.890526533E-1,-5.883309990E-2
1.175663342E1,-7.861773372E-1,5.715777874E-1,1.005020551E-2
1.176667442E1,-7.751691341E-1,6.459377408E-1,9.038659185E-2
1.177671442E1,-7.683656812E-1,6.104765534E-1,1.757195145E-1
1.178675542E1,-7.570168972E-1,4.993465543E-1,2.362121493E-1
1.179679542E1,-7.405859828E-1,3.416358232E-1,2.876552641E-1
1.180683642E1,-7.221135497E-1,1.779137552E-1,3.397014141E-1
1.181687742E1,-6.922720075E-1,6.926520169E-2,4.113583863E-1
1.182691742E1,-6.592711806E-1,2.217306010E-2,4.726872444E-1
1.183695842E1,-6.258275509E-1,2.205886133E-2,5.042336583E-1
1.184699842E1,-5.903680921E-1,6.119560823E-2,5.119107366E-1
1.185703942E1,-5.595434904E-1,1.502365172E-1,4.954165220E-1
1.186707942E1,-5.263860822E-1,2.678430378E-1,4.637270272E-1
1.187712042E1,-4.965745807E-1,4.014260769E-1,4.163707793E-1
1.188716042E1,-4.812209308E-1,5.182163119E-1,3.460018039E-1
1.189720142E1,-4.713676572E-1,5.969191790E-1,2.536137402E-1
1.190724242E1,-4.556927979E-1,6.111506224E-1,1.540202945E-1
1.191728242E1,-4.231406450E-1,5.463858843E-1,5.933358520E-2
1.192732342E1,-4.131431282E-1,4.265643954E-1,-3.562940657E-2
1.193736342E1,-4.693805575E-1,2.555663586E-1,-1.271130294E-1
1.194740442E1,-5.598950386E-1,4.678224400E-2,-1.962665468E-1
1.195744442E1,-6.407254934E-1,-1.778454632E-1,-2.343333066E-1
1.196748542E1,-6.849233508E-1,-3.877776563E-1,-2.386516184E-1
1.197752542E1,-6.981717348E-1,-5.315061212E-1,-2.062611133E-1
1.198756642E1,-6.864887476E-1,-6.233721375E-1,-1.413652003E-1
1.199760642E1,-6.556511521E-1,-6.551934481E-1,-5.891512707E-2
1.200764742E1,-5.729179382E-1,-6.160644293E-1,7.116058469E-2
1.201768842E1,-4.515728354E-1,-5.531949401E-1,2.290810496E-1
1.202772842E1,-3.492667079E-1,-3.696703911E-1,3.296172321E-1
1.203776942E1,-3.400897086E-1,2.886907896E-3,3.164764643E-1
1.204780942E1,-4.357195497E-1,4.339994192E-1,1.343566924E-1
1.205785042E1,-4.046716988E-1,7.843493223E-1,-6.107103080E-2
1.206789042E1,-1.789155304E-1,9.571447968E-1,-2.626774013E-1
1.207793142E1,7.425392419E-2,9.651823044E-1,-5.336481929E-1
1.208797142E1,3.012255728E-1,8.267562389E-1,-7.480318546E-1
1.209801242E1,4.616311193E-1,4.396737218E-1,-8.502300382E-1
1.210805342E1,4.788327515E-1,-5.641062185E-2,-8.373374343E-1
1.211809342E1,3.744958043E-1,-4.296084642E-1,-7.819681764E-1
1.212813442E1,2.627516985E-1,-6.431204677E-1,-6.920760870E-1
1.213817442E1,1.886773556E-1,-7.332134843E-1,-5.050528646E-1
1.214821542E1,1.646306068E-1,-7.212145925E-1,-2.362653166E-1
1.215825542E1,1.814929843E-1,-5.410353541E-1,3.242988884E-2
1.216829642E1,1.828080565E-1,-3.036504686E-1,2.336982787E-1
1.217833642E1,1.471631527E-1,-1.785462350E-1,3.719098270E-1
1.218837742E1,1.306995004E-1,-1.416899562E-1,4.398542643E-1
1.219841742E1,1.373180151E-1,-1.189771593E-1,4.431046247E-1
1.220845842E1,1.545100510E-1,-8.703546971E-2,3.977970779E-1
1.221849942E1,2.091312110E-1,2.399408491E-3,3.093842864E-1
1.222854025E1,2.900849283E-1,1.558720469E-1,1.977709532E-1
1.223858125E1,3.655441403E-1,3.269547820E-1,1.139310002E-1
1.224862125E1,4.307484329E-1,4.651973248E-1,5.682537332E-2
1.225866225E1,5.053840280E-1,5.367040038E-1,9.867984802E-3
1.226870225E1,5.729938149E-1,4.893774390E-1,-4.997187294E-3
1.227874325E1,6.220918894E-1,3.541132808E-1,3.203174472E-2
1.228878325E1,6.515349746E-1,1.800637394E-1,8.663053811E-2
1.229882425E1,6.714440584E-1,2.484893613E-2,1.375239789E-1
1.230886425E1,6.841228008E-1,-5.540942028E-2,1.742180735E-1
1.231890525E1,6.986290812E-1,-6.222403795E-2,2.117045820E-1
1.232894525E1,7.203617692E-1,1.043179166E-2,2.370917052E-1
1.233898625E1,7.404960990E-1,1.160193011E-1,2.524199784E-1
1.234902725E1,7.592817545E-1,2.378778309E-1,2.620584965E-1
1.235906725E1,7.734811902E-1,3.660972714E-1,2.501848638E-1
1.236910825E1,7.890306115E-1,4.928128719E-1,2.117216140E-1
1.237914825E1,7.903469801E-1,6.061140299E-1,1.581886858E-1
1.238918925E1,7.838624716E-1,6.852016449E-1,9.868115187E-2
1.239922925E1,7.629126906E-1,7.235960364E-1,4.678161442E-2
1.240927025E1,7.284527421E-1,7.228189707E-1,-6.173260044E-4
1.241931025E1,6.828727722E-1,6.788056493E-1,-5.075716600E-2
1.242935125E1,6.364653707E-1,5.736307502E-1,-8.864143491E-2
1.243939125E1,5.767776966E-1,4.140327275E-1,-1.212719828E-1
1.244943225E1,5.133332014E-1,2.285278589E-1,-1.570449024E-1
1.245947325E1,4.569661021E-1,5.742668360E-2,-2.002586871E-1
1.246951325E1,4.108579755E-1,-8.192908019E-2,-2.595654130E-1
1.247955425E1,3.823498189E-1,-2.163002342E-1,-3.311588764E-1
1.248959425E1,3.757156134E-1,-3.518295586E-1,-3.878317475E-1
1.249963525E1,3.853376210E-1,-4.435001612E-1,-4.176603854E-1
1.250967525E1,3.997455835E-1,-4.746066928E-1,-4.285252988E-1
1.251971625E1,4.231835604E-1,-4.422420561E-1,-4.102168977E-1
1.252975625E1,4.488114417E-1,-3.705721200E-1,-3.730018735E-1
1.253979725E1,4.569351375E-1,-2.844497561E-1,-3.204467893E-1
1.254983725E1,4.533132315E-1,-1.803698987E-1,-2.448756844E-1
1.255987825E1,4.494874775E-1,-5.693332851E-2,-1.640451252E-1
1.256991825E1,4.623939395E-1,4.709000885E-2,-7.735470682E-2
1.257995925E1,5.153291821E-1,8.936701715E-2,1.078450587E-3
1.259000025E1,5.920644403E-1,4.003408924E-2,4.966276512E-2
1.260004025E1,6.576985717E-1,-8.558343351E-2,7.164817303E-2
1.261008125E1,6.979500651E-1,-2.971747816E-1,8.771315962E-2
1.262012125E1,6.942913532E-1,-5.690923929E-1,9.960984439E-2
1.263016225E1,6.314404607E-1,-8.425473571E-1,5.316191912E-2
1.264020225E1,5.180789232E-1,-1.058548331E0,-9.586863220E-2
1.265024325E1,5.148946047E-1,-8.788709641E-1,-1.636396796E-1
1.266028325E1,7.172355652E-1,-4.054487646E-1,-3.184998780E-2
1.267032425E1,8.755536079E-1,-1.284283847E-1,2.130476385E-1
1.268036425E1,7.409343719E-1,2.105427161E-2,3.403731585E-1
1.269040525E1,5.643427968E-1,1.470795721E-1,4.296929240E-1
1.270044525E1,5.088850260E-1,2.552009821E-1,4.815960824E-1
1.271048625E1,4.310720265E-1,2.318219095E-1,5.148786902E-1
1.272052725E1,2.731913924E-1,6.872686744E-2,5.603240132E-1
1.273056725E1,2.289003581E-1,-1.352702081E-1,6.138160229E-1
1.274060825E1,2.403583527E-1,-3.543888927E-1,6.092438102E-1
1.275064825E1,1.624270678E-1,-6.063271761E-1,4.995101392E-1
1.276068925E1,2.773732878E-2,-7.222589254E-1,2.947813869E-1
1.277072925E1,-1.062071547E-1,-6.903526783E-1,7.130543143E-2
1.278077025E1,-1.828262806E-1,-6.009574533E-1,-8.644115925E-2
1.279081025E1,-1.918069869E-1,-4.785415530E-1,-1.564205140E-1
1.280085125E1,-1.770565808E-1,-2.943438590E-1,-1.661086977E-1
1.281089125E1,-1.372801363E-1,-1.133445129E-1,-1.833880991E-1
1.282093225E1,-1.148148626E-1,3.629915044E-2,-2.289490402E-1
1.283097225E1,-1.159456372E-1,1.813295633E-1,-2.698631585E-1
1.284101325E1,-1.425243318E-1,3.181072772E-1,-2.781524062E-1
1.285105425E1,-1.822797358E-1,4.215210080E-1,-2.519966960E-1
1.286109425E1,-2.409204394E-1,4.533999264E-1,-2.158664763E-1
1.287113525E1,-3.231210411E-1,4.099872112E-1,-2.023080587E-1
1.288117525E1,-4.005077183E-1,3.055729270E-1,-2.024095207E-1
1.289121625E1,-4.765667915E-1,1.358390152E-1,-1.996888369E-1
1.290125625E1,-5.522882342E-1,-2.628883161E-2,-2.171429992E-1
1.291129725E1,-6.166693568E-1,-1.100971848E-1,-2.367553264E-1
1.292133725E1,-6.838851571E-1,-1.567801684E-1,-2.404580116E-1
1.293137825E1,-7.273671031E-1,-2.019569725E-1,-2.568292320E-1
1.294141825E1,-7.644310594E-1,-2.288938612E-1,-2.733375728E-1
1.295145925E1,-7.867140174E-1,-2.176734358E-1,-2.765251100E-1
1.296149925E1,-7.941846848E-1,-1.656404883E-1,-2.555312514E-1
1.297154025E1,-7.886778116E-1,-7.238004357E-2,-2.077086121E-1
1.298158025E1,-7.803670764E-1,3.487213328E-2,-1.478455663E-1
1.299162125E1,-7.720519304E-1,1.409570128E-1,-8.192886412E-2
1.300166225E1,-7.586751580E-1,2.645094693E-1,2.936078236E-3
1.301170225E1,-7.376719117E-1,3.489502966E-1,8.076509088E-2
1.302174325E1,-7.171703577E-1,3.561308980E-1,1.374516338E-1
1.303178325E1,-7.005809546E-1,3.347063065E-1,1.811213493E-1
1.304182425E1,-6.818030477E-1,3.045780361E-1,2.396269143E-1
1.305186425E1,-6.533144116E-1,2.715761662E-1,3.079553843E-1
1.306190525E1,-6.260138750E-1,2.302896976E-1,3.912753165E-1
1.307194525E1,-6.065768003E-1,1.743031293E-1,4.653673768E-1
1.308198625E1,-6.034839749E-1,1.388632804E-1,5.111085773E-1
1.309202625E1,-6.251208186E-1,1.472453028E-1,5.353772044E-1
1.310206725E1,-6.689610481E-1,2.054243833E-1,5.385102034E-1
1.311210725E1,-7.132728696E-1,3.260836899E-1,5.221989155E-1
1.312214825E1,-7.341086268E-1,4.512706101E-1,4.870020747E-1
1.313218825E1,-7.413141131E-1,5.493654609E-1,4.234524071E-1
1.314222925E1,-7.160348296E-1,6.119904518E-1,3.246832490E-1
1.315227025E1,-6.545147300E-1,6.000184417E-1,1.990249157E-1
1.316231025E1,-6.082398891E-1,4.665351808E-1,6.141839176E-2
1.317235125E1,-6.214140058E-1,2.231334299E-1,-6.146358326E-2
1.318239125E1,-6.974430680E-1,-6.373546273E-2,-1.444278508E-1
1.319243225E1,-7.915922403E-1,-3.620832562E-1,-1.700956523E-1
1.320247225E1,-8.581355810E-1,-6.223549247E-1,-1.458325386E-1
1.321251325E1,-8.716244698E-1,-8.269637227E-1,-7.610380650E-2
1.322255325E1,-7.839426398E-1,-9.262610078E-1,3.036293387E-2
1.323259425E1,-5.832601786E-1,-9.895600677E-1,1.794637293E-1
1.324263425E1,-3.509726822E-1,-9.169097543E-1,3.121010959E-1
1.325267525E1,-2.317181677E-1,-5.129593611E-1,3.299378753E-1
1.326271525E1,-3.347484767E-1,1.421470195E-2,1.971092522E-1
1.327275625E1,-3.485394120E-1,3.639117181E-1,4.642574489E-2
1.328279625E1,-1.390216202E-1,5.001096725E-1,-1.216419935E-1
1.329283725E1,3.487826511E-2,5.264094472E-1,-3.713876605E-1
1.330287725E1,8.376522362E-2,4.223501384E-1,-5.678066611E-1
1.331291825E1,7.709586620E-2,1.276122332E-1,-6.247839332E-1
1.332295925E1,1.817201078E-2,-2.547154427E-1,-5.905886889E-1
1.333299925E1,-8.108773082E-2,-5.666925311E-1,-5.458917618E-1
1.334304025E1,-1.550197005E-1,-7.478182316E-1,-4.566315114E-1
1.335308025E1,-1.768384427E-1,-8.405178189E-1,-2.663358748E-1
1.336312125E1,-1.347825527E-1,-9.121649265E-1,-2.932855301E-2
1.337316125E1,-4.791477323E-2,-8.619712591E-1,1.850268841E-1
1.338320225E1,-6.393924356E-3,-7.235684991E-1,3.562509120E-1
1.339324225E1,1.030223072E-2,-5.678063035E-1,4.491393268E-1
1.340328325E1,5.660645291E-2,-3.884916902E-1,4.648429453E-1
1.341332325E1,1.286129951E-1,-2.169423252E-1,4.329153597E-1
1.342336425E1,2.053841949E-1,-6.654884666E-2,3.694650531E-1
1.343340425E1,2.947540283E-1,8.963223547E-2,2.544625700E-1
1.344344525E1,3.505432904E-1,2.257301211E-1,1.214701831E-1
1.345348525E1,4.007811546E-1,2.938713729E-1,3.796814941E-3
1.346352625E1,4.306929708E-1,2.788636088E-1,-6.650049239E-2
1.347356725E1,4.466162920E-1,1.873456836E-1,-9.870529920E-2
1.348360725E1,4.781052172E-1,5.207463726E-2,-7.216818631E-2
1.349364825E1,5.221656561E-1,-1.083893403E-1,-5.475971848E-3
1.350368825E1,5.652751327E-1,-2.381440252E-1,7.809149474E-2
1.351372925E1,6.034502387E-1,-3.182974458E-1,1.453227252E-1
1.352376925E1,6.605782509E-1,-3.749652803E-1,1.856390238E-1
1.353381025E1,7.074005604E-1,-3.882166445E-1,2.097637951E-1
1.354385025E1,7.615509033E-1,-3.383820355E-1,2.198383361E-1
1.355389125E1,8.016993999E-1,-2.256110162E-1,2.027011663E-1
1.356393125E1,8.400940299E-1,-7.241244614E-2,1.677179486E-1
1.357397225E1,8.567994833E-1,9.083054215E-2,1.334720850E-1
1.358401225E1,8.802139163E-1,2.347949445E-1,9.740563482E-2
1.359405325E1,8.974354863E-1,3.460713923E-1,3.410629556E-2
1.360409325E1,8.907098770E-1,4.250705838E-1,-6.724266708E-2
1.361413425E1,8.755101562E-1,4.897854030E-1,-1.745568812E-1
1.362417425E1,8.491957784E-1,5.091879964E-1,-2.584764063E-1
1.363421525E1,8.150815368E-1,5.065900683E-1,-3.067624271E-1
1.364425525E1,7.838017941E-1,5.194439888E-1,-3.298868537E-1
1.365429625E1,7.507364750E-1,4.942078888E-1,-3.472522497E-1
1.366433725E1,7.222087979E-1,4.299929738E-1,-3.634728193E-1
1.367437725E1,6.977553368E-1,3.399922550E-1,-3.933470845E-1
1.368441825E1,6.822571754E-1,2.273292989E-1,-4.411680698E-1
1.369445825E1,6.847615838E-1,1.069871709E-1,-4.841706753E-1
1.370449925E1,7.024073601E-1,-5.247584544E-3,-5.309231877E-1
1.371453925E1,7.233259678E-1,-9.465975314E-2,-5.611330271E-1
1.372458025E1,7.350968122E-1,-1.605383456E-1,-5.768209100E-1
1.373462025E1,7.388548255E-1,-1.892797202E-1,-5.513249040E-1
1.374466125E1,7.178417444E-1,-1.750669926E-1,-5.024334788E-1
1.375470125E1,6.892526746E-1,-1.119489968E-1,-4.393021762E-1
1.376474225E1,6.667296886E-1,-1.347204857E-2,-3.420469165E-1
1.377478225E1,6.516500711E-1,8.369071782E-2,-2.245375663E-1
1.378482325E1,6.486762762E-1,1.512410939E-1,-1.426015347E-1
1.379486325E1,6.756383777E-1,1.532855928E-1,-8.908504993E-2
1.380490425E1,7.211871743E-1,6.971407682E-2,-7.195220143E-2
1.381494425E1,7.443622947E-1,-6.810291111E-2,-8.213053644E-2
1.382498525E1,7.210553288E-1,-2.373753786E-1,-1.156473830E-1
1.383502525E1,6.443530917E-1,-4.109538198E-1,-1.600255072E-1
1.384506625E1,4.989950359E-1,-6.048672199E-1,-2.210640162E-1
1.385510725E1,4.089913666E-1,-5.231270790E-1,-2.311675102E-1
1.386514725E1,4.668275416E-1,-2.156323195E-1,-1.251987517E-1
1.387518825E1,4.955763519E-1,-5.203273520E-2,1.070363373E-1
1.388522825E1,3.128339946E-1,1.256223768E-2,2.835474610E-1
1.389526925E1,1.424697042E-1,2.292289399E-3,4.713687599E-1
1.390530925E1,7.998400182E-2,4.026714712E-2,6.458283663E-1
1.391535025E1,-4.382548388E-3,1.091522053E-1,7.346392274E-1
1.392539025E1,-1.296025366E-1,5.249803141E-2,7.778127193E-1
1.393543125E1,-1.682676375E-1,-1.188460216E-1,8.015457392E-1
1.394547125E1,-1.273195446E-1,-3.214141130E-1,7.797819972E-1
1.395551225E1,-1.108867824E-1,-4.826301634E-1,6.849020720E-1
1.396555225E1,-1.808835715E-1,-5.583829880E-1,5.091688037E-1
1.397559325E1,-3.076625466E-1,-5.686265826E-1,2.898588479E-1
1.398563325E1,-4.142268002E-1,-5.524561405E-1,9.781298786E-2
1.399567425E1,-4.738363326E-1,-4.936780334E-1,-3.559593484E-2
1.400571425E1,-5.007082224E-1,-3.929563463E-1,-1.354411989E-1
1.401575525E1,-4.879556298E-1,-3.295339644E-1,-2.185235620E-1
1.402579525E1,-4.555073380E-1,-2.756844461E-1,-2.881046236E-1
1.403583625E1,-4.402865767E-1,-2.280940264E-1,-3.223257065E-1
1.404587625E1,-4.462745786E-1,-1.294694394E-1,-3.144997358E-1
1.405591725E1,-4.784460962E-1,-2.341490984E-2,-2.688984275E-1
1.406595825E1,-5.081447959E-1,7.134548575E-2,-2.158395499E-1
1.407599825E1,-5.472908616E-1,1.189473644E-1,-1.668456495E-1
1.408603925E1,-6.021122336E-1,9.706118703E-2,-1.250640601E-1
1.409607925E1,-6.798802614E-1,3.275863081E-2,-8.476430923E-2
1.410612025E1,-7.715730071E-1,-3.833302110E-2,-7.663910091E-2
1.411616025E1,-8.646501899E-1,-9.005107731E-2,-9.753479064E-2
1.412620125E1,-9.456657171E-1,-1.203455478E-1,-1.252532750E-1
1.413624125E1,-1.019750476E0,-1.318975389E-1,-1.459998339E-1
1.414628225E1,-1.073465705E0,-1.354537159E-1,-1.628101915E-1
1.415632225E1,-1.106444240E0,-9.279599786E-2,-1.478019506E-1
1.416636325E1,-1.128566504E0,1.315251552E-2,-1.373255849E-1
1.417640325E1,-1.121347189E0,1.465555876E-1,-1.070651561E-1
1.418644425E1,-1.110701919E0,2.910472155E-1,-5.318459496E-2
1.419648425E1,-1.076277614E0,4.383461177E-1,-2.243573591E-2
1.420652525E1,-1.024284840E0,5.739249587E-1,4.465994611E-2
1.421656525E1,-9.773412943E-1,6.339185238E-1,1.468459666E-1
1.422660550E1,-9.313573241E-1,5.843340755E-1,2.289476842E-1
1.423664550E1,-9.035578966E-1,4.709339738E-1,2.974247336E-1
1.424668650E1,-8.842758536E-1,3.383209109E-1,3.481336236E-1
1.425672650E1,-8.532670736E-1,2.001821995E-1,3.938395977E-1
1.426676750E1,-7.967933416E-1,7.759536803E-2,4.480439126E-1
1.427680850E1,-7.197464705E-1,-2.259328589E-2,5.159329176E-1
1.428684850E1,-6.126977801E-1,-9.867456555E-2,5.683754683E-1
1.429688950E1,-5.057526827E-1,-1.497460008E-1,6.020261049E-1
1.430692950E1,-4.520030022E-1,-1.229400933E-1,6.223957539E-1
1.431697050E1,-4.529364407E-1,3.246413916E-2,6.356148720E-1
1.432701050E1,-4.432017207E-1,2.827014029E-1,6.221554875E-1
1.433705150E1,-3.794291317E-1,5.701028109E-1,5.716715455E-1
1.434709150E1,-2.788785994E-1,8.346946239E-1,4.811146855E-1
1.435713250E1,-1.872925013E-1,9.308549762E-1,3.498322964E-1
1.436717250E1,-2.027229071E-1,8.558614850E-1,1.564153880E-1
1.437721350E1,-3.431921303E-1,6.392524838E-1,-7.256186754E-2
1.438725350E1,-4.980099499E-1,3.207572103E-1,-2.742919624E-1
1.439729450E1,-5.888335705E-1,-2.306700125E-2,-4.136660993E-1
1.440733450E1,-5.955525637E-1,-3.522952795E-1,-4.800525010E-1
1.441737550E1,-5.156052113E-1,-6.810071468E-1,-4.618793428E-1
1.442741550E1,-3.756675124E-1,-9.482521415E-1,-3.357067704E-1
1.443745650E1,-1.824171096E-1,-1.157440186E0,-1.263160259E-1
1.444749650E1,-7.886382751E-3,-1.090417743E0,6.143364310E-2
1.445753750E1,-3.374541178E-2,-6.154006720E-1,1.520080268E-1
1.446757750E1,-2.943415046E-1,-6.245227158E-2,1.012375057E-1
1.447761850E1,-3.365685940E-1,2.605041862E-1,3.389281780E-2
1.448765850E1,-7.807201892E-2,3.549384773E-1,-7.404421270E-2
1.449769950E1,1.394605637E-1,4.650849402E-1,-2.678227425E-1
1.450773950E1,3.271693885E-1,6.094952822E-1,-4.823378026E-1
1.451778050E1,5.146319866E-1,5.233933926E-1,-6.368269920E-1
1.452782150E1,5.330511928E-1,2.436871380E-1,-7.367095947E-1
1.453786150E1,4.344852269E-1,-2.735183388E-2,-7.829518914E-1
1.454790250E1,3.956294656E-1,-2.427433282E-1,-7.478716373E-1
1.455794250E1,4.139115512E-1,-4.413895905E-1,-6.282621026E-1
1.456798350E1,4.687845409E-1,-6.215797067E-1,-4.258151352E-1
1.457802350E1,5.378254056E-1,-6.271976829E-1,-2.038829774E-1
1.458806450E1,5.480230451E-1,-4.871482849E-1,-6.378806429E-4
1.459810450E1,5.201248527E-1,-3.564952016E-1,1.713770181E-1
1.460814550E1,4.857918024E-1,-2.735904455E-1,2.993648350E-1
1.461818550E1,4.635381401E-1,-2.127465606E-1,3.802623451E-1
1.462822650E1,4.705490470E-1,-1.382462233E-1,4.130344093E-1
1.463826650E1,4.925440848E-1,-2.639293484E-2,3.927240670E-1
1.464830750E1,5.294643044E-1,9.713593125E-2,3.166037202E-1
1.465834750E1,5.631163716E-1,2.120446414E-1,2.100147754E-1
1.466838850E1,5.973947048E-1,3.108772337E-1,9.506046027E-2
1.467842850E1,6.364347935E-1,3.637399077E-1,4.528694786E-3
1.468846950E1,6.798616648E-1,4.021183550E-1,-6.839359552E-2
1.469850950E1,7.168670893E-1,3.959840238E-1,-1.100060195E-1
1.470855050E1,7.453667521E-1,3.761543334E-1,-1.009917483E-1
1.471859050E1,7.628810406E-1,3.766145408E-1,-5.132831633E-2
1.472863150E1,7.752093077E-1,3.782275021E-1,3.094668314E-2
1.473867150E1,7.896921039E-1,3.982140124E-1,1.185793281E-1
1.474871250E1,8.046684265E-1,4.235269129E-1,1.645752192E-1
1.475875250E1,8.102642894E-1,4.556755126E-1,1.731479317E-1
1.476879350E1,7.978415489E-1,4.777142704E-1,1.721135676E-1
1.477883450E1,7.801113129E-1,5.073517561E-1,1.458894163E-1
1.478887450E1,7.688229084E-1,5.319233537E-1,9.041564167E-2
1.479891550E1,7.519496679E-1,5.391727686E-1,7.722357288E-3
1.480895550E1,7.256376743E-1,5.307518244E-1,-6.774262339E-2
1.481899650E1,6.961151958E-1,5.256872773E-1,-1.342350990E-1
1.482903650E1,6.596011519E-1,5.113805532E-1,-1.901380569E-1
1.483907750E1,6.207863688E-1,4.824982882E-1,-2.372216731E-1
1.484911750E1,5.859210491E-1,4.237245321E-1,-2.656001151E-1
1.485915850E1,5.483648777E-1,3.453836739E-1,-2.937795520E-1
1.486919850E1,5.140026808E-1,2.635830641E-1,-3.320710063E-1
1.487923950E1,4.898302257E-1,1.797904372E-1,-3.710069656E-1
1.488927950E1,4.832987785E-1,9.354478866E-2,-3.990695179E-1
1.489932050E1,5.051769614E-1,1.432959549E-2,-4.092473388E-1
1.490936050E1,5.395359397E-1,-6.189684942E-2,-4.033347070E-1
1.491940150E1,5.521103144E-1,-1.282718778E-1,-3.837500811E-1
1.492944150E1,5.577219725E-1,-1.558028460E-1,-3.619223237E-1
1.493948250E1,5.505490303E-1,-1.456330270E-1,-3.305902183E-1
1.494952250E1,5.170966983E-1,-1.111574695E-1,-2.733068168E-1
1.495956350E1,4.534120262E-1,-3.180272505E-2,-1.842959970E-1
1.496960350E1,3.711788654E-1,9.120869637E-2,-8.034534752E-2
1.497964450E1,3.329803646E-1,1.851959080E-1,5.137063097E-3
1.498968450E1,3.363756537E-1,1.932708919E-1,6.927687675E-2
1.499972550E1,3.807566762E-1,7.608088851E-2,1.073797867E-1
1.500976550E1,3.980259895E-1,-1.418014020E-1,1.217382327E-1
1.501980650E1,3.427177370E-1,-4.116136730E-1,9.279899299E-2
1.502984650E1,2.605384588E-1,-5.927295685E-1,4.712301493E-2
1.503988750E1,1.856602430E-1,-4.975301027E-1,7.116176933E-2
1.504992750E1,1.128224060E-1,-2.012406290E-1,1.819977313E-1
1.505996850E1,1.187501568E-2,-1.315254569E-1,3.477366269E-1
1.507000850E1,-1.023872942E-1,-2.415293157E-1,4.727186263E-1
1.508004950E1,-1.386933774E-1,-3.224507868E-1,5.404766202E-1
1.509008950E1,-7.764943689E-2,-3.757472932E-1,5.788666010E-1
1.510013050E1,2.099991031E-2,-4.542934895E-1,5.968914032E-1
1.511017050E1,4.793935269E-2,-6.186593175E-1,6.062328219E-1
1.512021150E1,1.144818589E-2,-7.459176779E-1,5.720969439E-1
1.513025250E1,-5.804261193E-3,-8.398045897E-1,4.889434874E-1
1.514029250E1,-6.982176565E-3,-8.303908110E-1,3.933480084E-1
1.515033350E1,-5.544826016E-2,-6.822017431E-1,2.970533073E-1
1.516037350E1,-1.520067602E-1,-4.206846654E-1,1.718575656E-1
1.517041450E1,-2.444645762E-1,-1.850968450E-1,4.819654673E-2
1.518045450E1,-3.244808614E-1,-3.307188675E-2,-6.103992835E-2
1.519049550E1,-4.350271225E-1,8.089631051E-2,-1.187887713E-1
1.520053550E1,-5.439123511E-1,2.251996994E-1,-1.286094338E-1
1.521057650E1,-6.468538046E-1,4.208763838E-1,-1.042946801E-1
1.522061650E1,-7.346590161E-1,6.356294155E-1,-4.641620070E-2
1.523065804E1,-8.018815517E-1,7.914952636E-1,2.746968158E-2
1.524069804E1,-8.388414383E-1,8.510728478E-1,7.369470596E-2
1.525073904E1,-8.285652995E-1,7.811066508E-1,9.351860732E-2
1.526077904E1,-8.145616055E-1,5.651623607E-1,5.963947251E-2
1.527082004E1,-8.100574613E-1,2.511047721E-1,-3.091003373E-2
1.528086004E1,-8.068360686E-1,-3.900882229E-2,-1.257199049E-1
1.529090104E1,-8.181169033E-1,-2.571232915E-1,-2.269512117E-1
1.530094104E1,-8.359992504E-1,-3.995542228E-1,-3.061794341E-1
1.531098204E1,-8.554955125E-1,-4.528366923E-1,-3.594561517E-1
1.532102204E1,-8.793185353E-1,-4.180078804E-1,-3.777017295E-1
1.533106304E1,-8.734260201E-1,-3.464534581E-1,-3.825013638E-1
1.534110304E1,-8.678727746E-1,-2.577837706E-1,-3.618373573E-1
1.535114404E1,-8.605045676E-1,-1.577001512E-1,-2.997666895E-1
1.536118404E1,-8.382181525E-1,-1.914147474E-2,-2.011088282E-1
1.537122504E1,-8.239281774E-1,1.299728602E-1,-7.689416409E-2
1.538126504E1,-8.179073334E-1,2.839163542E-1,3.811577708E-2
1.539130604E1,-8.217415810E-1,4.054427445E-1,1.231806725E-1
1.540134604E1,-8.247908950E-1,4.666603208E-1,1.773131490E-1
1.541138704E1,-8.388471007E-1,4.492052794E-1,2.178514153E-1
1.542142704E1,-8.477362394E-1,3.835240006E-1,2.423154861E-1
1.543146804E1,-8.542723656E-1,2.774402499E-1,2.667906284E-1
1.544150804E1,-8.453212380E-1,1.492234319E-1,3.058261573E-1
1.545154904E1,-8.098968267E-1,2.435647510E-2,3.496225178E-1
1.546158904E1,-7.200492620E-1,-6.009795517E-2,4.235126972E-1
1.547163004E1,-6.060584784E-1,-1.095763370E-1,4.911032319E-1
1.548167004E1,-5.107429028E-1,-1.474901587E-1,5.374127030E-1
1.549171104E1,-4.266166389E-1,-1.523155272E-1,5.464892387E-1
1.550175104E1,-3.810621798E-1,-9.526582062E-2,5.204310417E-1
1.551179204E1,-3.867731094E-1,5.477077886E-2,4.838102162E-1
1.552183204E1,-4.074552059E-1,2.364236712E-1,4.222887754E-1
1.553187304E1,-3.995335400E-1,3.905797601E-1,3.412841260E-1
1.554191304E1,-3.624500930E-1,4.901215136E-1,2.404919863E-1
1.555195404E1,-3.174087107E-1,5.219471455E-1,1.103746817E-1
1.556199404E1,-3.228479624E-1,4.448649287E-1,-4.674915597E-2
1.557203504E1,-4.166766703E-1,2.629881203E-1,-1.861025840E-1
1.558207504E1,-5.521851778E-1,4.844891652E-2,-2.731943429E-1
1.559211604E1,-6.772751808E-1,-1.574941427E-1,-3.017958999E-1
1.560215604E1,-7.363432646E-1,-3.568154871E-1,-2.801087201E-1
1.561219704E1,-6.985052228E-1,-5.478737354E-1,-2.131257951E-1
1.562223704E1,-5.125680566E-1,-6.782010794E-1,-6.528732926E-2
1.563227804E1,-2.600619495E-1,-7.471914887E-1,1.414712667E-1
1.564231904E1,-1.803014614E-2,-5.139588118E-1,3.005416393E-1
1.565235904E1,4.154451191E-2,8.776472881E-3,3.070286810E-1
1.566239904E1,-7.344305515E-2,4.035030007E-1,9.880568832E-2
1.567244004E1,-4.687457532E-2,5.974299908E-1,-1.521867067E-1
1.568248104E1,9.971433133E-2,6.131687164E-1,-4.356921613E-1
1.569252104E1,1.622069627E-1,5.095008612E-1,-7.057566047E-1
1.570256204E1,2.368844002E-1,3.166176677E-1,-8.618772030E-1
1.571260204E1,3.415024579E-1,1.819999702E-2,-8.946110606E-1
1.572264304E1,3.416492045E-1,-2.902710140E-1,-8.925324678E-1
1.573268304E1,2.866125703E-1,-5.432150960E-1,-7.881664634E-1
1.574272404E1,2.919649780E-1,-7.672297955E-1,-5.860370398E-1
1.575276404E1,3.698483109E-1,-8.693273664E-1,-3.337617517E-1
1.576280504E1,4.553408623E-1,-8.087196350E-1,-1.033101678E-1
1.577284504E1,4.754397869E-1,-6.484117508E-1,9.206786752E-2
1.578288604E1,4.414448142E-1,-4.777556062E-1,2.623684704E-1
1.579292604E1,3.950226009E-1,-3.362622261E-1,3.812484145E-1
1.580296704E1,3.929911256E-1,-2.358741015E-1,4.382059574E-1
1.581300704E1,4.288501143E-1,-1.639726162E-1,4.253981411E-1
1.582304804E1,4.713746905E-1,-9.790411592E-2,3.484141529E-1
1.583308804E1,4.966315925E-1,-4.251581430E-2,2.194232494E-1
1.584312904E1,5.151384473E-1,2.995545603E-2,1.028124839E-1
1.585316904E1,5.299596190E-1,7.886098325E-2,1.955781505E-2
1.586321004E1,5.422317386E-1,3.967389837E-2,-2.457662299E-2
1.587325004E1,5.602605939E-1,-3.759629279E-2,-3.457530215E-2
1.588329104E1,5.763564706E-1,-1.281027645E-1,-6.342064124E-3
1.589333104E1,5.902568102E-1,-2.065615952E-1,5.659665912E-2
1.590337204E1,6.077455282E-1,-2.501213253E-1,1.204201132E-1
1.591341204E1,6.498253345E-1,-2.630765438E-1,1.860020757E-1
1.592345304E1,7.179442048E-1,-2.293952852E-1,2.665307522E-1
1.593349304E1,8.047229648E-1,-1.267237812E-1,3.203700781E-1
1.594353404E1,8.931888938E-1,2.143346146E-2,3.226036727E-1
1.595357404E1,9.571546316E-1,2.010022253E-1,2.849946618E-1
1.596361504E1,9.979923368E-1,3.776238561E-1,2.321729958E-1
1.597365504E1,1.015949845E0,5.010797381E-1,1.803633273E-1
1.598369604E1,1.002813220E0,5.368680954E-1,1.101645306E-1
1.599373604E1,9.522207379E-1,4.996421337E-1,2.386997081E-2
1.600377704E1,8.734334707E-1,4.152028859E-1,-8.578702062E-2
1.601381704E1,7.995801568E-1,3.083393276E-1,-1.730362773E-1
1.602385804E1,7.343068719E-1,1.771602780E-1,-2.306271344E-1
1.603389804E1,6.771377921E-1,2.313230932E-2,-2.711321712E-1
1.604393904E1,6.293777227E-1,-1.068121120E-1,-3.024370968E-1
1.605397904E1,5.943537951E-1,-1.957773566E-1,-3.441417217E-1
1.606402004E1,5.746045709E-1,-2.601489127E-1,-3.931292295E-1
1.607406004E1,5.746369958E-1,-3.003433049E-1,-4.295890629E-1
1.608410104E1,5.810975432E-1,-3.224640787E-1,-4.537807107E-1
1.609414104E1,5.820662379E-1,-3.214865625E-1,-4.660961032E-1
1.610418204E1,5.855917335E-1,-2.746032178E-1,-4.872844815E-1
1.611422204E1,5.914527774E-1,-1.932962835E-1,-5.101507306E-1
1.612426304E1,5.726886988E-1,-1.131156981E-1,-5.132405162E-1
1.613430304E1,5.100920796E-1,8.679766906E-4,-4.996992052E-1
1.614434404E1,3.785135448E-1,2.037957907E-1,-4.563933015E-1
1.615438404E1,2.691110075E-1,4.567791224E-1,-3.603600860E-1
1.616442504E1,3.245862424E-1,6.512948275E-1,-2.403785735E-1
1.617446504E1,4.722230434E-1,6.822546124E-1,-1.187032834E-1
1.618450604E1,5.867022276E-1,5.076119900E-1,-2.999631874E-2
1.619454604E1,6.412083507E-1,2.004821748E-1,-2.369278576E-3
1.620458704E1,5.901662111E-1,-9.943424165E-2,-5.501688458E-3
1.621462704E1,4.303207695E-1,-3.186230063E-1,-5.711506121E-3
1.622466804E1,2.650263608E-1,-4.168092310E-1,4.601773620E-2
1.623470750E1,1.754407287E-1,-3.005203307E-1,1.834145188E-1
1.624474850E1,1.471438408E-1,-2.785604298E-1,3.806591630E-1
1.625478850E1,9.750559926E-2,-2.859619260E-1,5.054861307E-1
1.626482950E1,5.060173944E-2,-2.823767662E-1,5.822530389E-1
1.627486950E1,1.164660528E-1,-2.391218990E-1,6.399593949E-1
1.628491050E1,1.707902700E-1,-1.322108954E-1,6.248452067E-1
1.629495050E1,1.001214162E-1,-9.861366451E-2,5.553402305E-1
1.630499150E1,1.159474999E-2,-1.809974909E-1,5.061708689E-1
1.631503150E1,1.273755636E-2,-3.094279468E-1,4.913165569E-1
1.632507250E1,6.929297745E-2,-4.377933741E-1,4.516794086E-1
1.633511250E1,1.026238203E-1,-5.651059747E-1,3.839026988E-1
1.634515350E1,2.331248671E-2,-6.046475172E-1,2.814775407E-1
1.635519350E1,-1.049074382E-1,-5.664027929E-1,1.567397267E-1
1.636523450E1,-2.080474049E-1,-5.086185932E-1,4.023282602E-2
1.637527450E1,-2.923302352E-1,-4.348855317E-1,-5.546174571E-2
1.638531550E1,-3.500353396E-1,-3.676553667E-1,-1.077926010E-1
1.639535550E1,-3.613199592E-1,-3.245680034E-1,-1.223550737E-1
1.640539650E1,-3.790190518E-1,-2.505339980E-1,-1.403692216E-1
1.641543650E1,-4.212397337E-1,-1.298260093E-1,-1.506625712E-1
1.642547750E1,-4.611253738E-1,3.494828567E-2,-1.577766687E-1
1.643551750E1,-4.852251709E-1,2.188995630E-1,-1.628889292E-1
1.644555850E1,-4.932982922E-1,3.731991351E-1,-1.507457197E-1
1.645559850E1,-4.961657822E-1,4.376098514E-1,-1.421594322E-1
1.646563950E1,-5.211374760E-1,4.215898812E-1,-1.440537423E-1
1.647567950E1,-5.784909725E-1,3.349337280E-1,-1.598858833E-1
1.648572050E1,-6.589834094E-1,1.979385763E-1,-2.035350949E-1
1.649576050E1,-7.393370867E-1,4.023210704E-2,-2.358883172E-1
1.650580150E1,-8.244394660E-1,-9.156613797E-2,-2.480786741E-1
1.651584150E1,-8.972835541E-1,-1.682514250E-1,-2.495406717E-1
1.652588250E1,-9.499270320E-1,-2.052099705E-1,-2.361460328E-1
1.653592250E1,-9.895917773E-1,-2.104445994E-1,-2.149158865E-1
1.654596350E1,-1.016811013E0,-1.793231666E-1,-1.793379188E-1
1.655600350E1,-9.998225570E-1,-9.963171184E-2,-1.340007037E-1
1.656604450E1,-9.704726934E-1,1.243783720E-2,-6.948376447E-2
1.657608450E1,-9.192546010E-1,1.433148682E-1,-1.006189268E-4
1.658612550E1,-8.635442257E-1,3.032986522E-1,8.074895293E-2
1.659616550E1,-8.021844029E-1,3.779074550E-1,1.646501571E-1
1.660620650E1,-7.517324090E-1,3.759444356E-1,2.399153560E-1
1.661624650E1,-7.206276059E-1,3.202922940E-1,2.838310003E-1
1.662628750E1,-7.114338279E-1,2.484063655E-1,2.969819605E-1
1.663632750E1,-7.128088474E-1,1.503393650E-1,3.113127947E-1
1.664636850E1,-7.182224989E-1,4.497699067E-2,3.395484388E-1
1.665640850E1,-7.199087739E-1,-2.493300475E-2,3.911553025E-1
1.666644950E1,-7.161324024E-1,-6.423061341E-2,4.649738669E-1
1.667648950E1,-7.072009444E-1,-7.784740627E-2,5.355183482E-1
1.668653050E1,-6.923591495E-1,-5.570508167E-2,6.036888957E-1
1.669657050E1,-7.270591259E-1,5.032594875E-2,6.635795236E-1
1.670661150E1,-8.141397238E-1,2.973322868E-1,7.055423856E-1
1.671665150E1,-8.639943600E-1,6.230002642E-1,7.250802517E-1
1.672669250E1,-8.068572879E-1,8.638248444E-1,6.995882392E-1
1.673673250E1,-6.702645421E-1,9.522185922E-1,6.071882844E-1
1.674677350E1,-5.899516344E-1,9.089392424E-1,4.424408972E-1
1.675681350E1,-6.487647891E-1,7.655624151E-1,2.255540788E-1
1.676685450E1,-7.787158489E-1,5.053425431E-1,8.527927566E-4
1.677689450E1,-8.768832088E-1,1.717273891E-1,-2.135866135E-1
1.678693550E1,-8.781679273E-1,-1.323829591E-1,-3.988214433E-1
1.679697550E1,-7.620671391E-1,-3.920961320E-1,-5.059158206E-1
1.680701650E1,-5.471478701E-1,-6.683266759E-1,-4.826227427E-1
1.681705650E1,-2.662481666E-1,-8.315505385E-1,-3.477635980E-1
1.682709750E1,-3.583387658E-2,-7.084981203E-1,-1.975993812E-1
1.683713750E1,4.888407141E-2,-4.355484843E-1,-1.285981685E-1
1.684717850E1,8.511504531E-2,-1.978054196E-1,-1.240604073E-1
1.685721850E1,1.362152547E-1,-6.452339143E-2,-1.426246464E-1
1.686725950E1,9.919173270E-2,7.529336214E-2,-2.603944540E-1
1.687729950E1,6.545018405E-2,2.526356578E-1,-4.010721147E-1
1.688734050E1,1.150946990E-1,2.659842074E-1,-5.036456585E-1
1.689738050E1,1.677809656E-1,1.217116863E-1,-5.767064691E-1
1.690742150E1,1.596239656E-1,-7.814081386E-3,-6.352107525E-1
1.691746150E1,1.303996593E-1,-4.946059361E-2,-6.260352135E-1
1.692750250E1,1.318185925E-1,-5.540183932E-2,-5.582348704E-1
1.693754250E1,1.739718318E-1,-1.067646965E-1,-4.587161541E-1
1.694758350E1,2.328322232E-1,-2.069184631E-1,-3.471707404E-1
1.695762350E1,2.811524272E-1,-2.633468509E-1,-2.264584303E-1
1.696766350E1,3.079765737E-1,-2.485948205E-1,-1.002275273E-1
1.697770450E1,3.406024873E-1,-2.114581019E-1,1.921975613E-2
1.698774450E1,3.716109991E-1,-1.279637367E-1,1.326722801E-1
1.699778550E1,4.030101597E-1,-1.166595519E-2,2.220163643E-1
1.700782550E1,4.530152678E-1,1.332329065E-1,2.711165249E-1
1.701786650E1,5.041810870E-1,2.379960269E-1,2.804830074E-1
1.702790650E1,5.352519155E-1,2.760160863E-1,2.693472505E-1
1.703794750E1,5.491905212E-1,2.709063888E-1,2.572656870E-1
1.704798750E1,5.666707158E-1,2.457318008E-1,2.538296878E-1
1.705802850E1,5.987372994E-1,2.182141691E-1,2.520573139E-1
1.706806850E1,6.314896345E-1,2.024687529E-1,2.311320603E-1
1.707810950E1,6.738855839E-1,1.488084495E-1,1.836223751E-1
1.708814950E1,7.067039609E-1,9.695882350E-2,1.416022182E-1
1.709819050E1,7.288179994E-1,1.046545431E-1,1.214239970E-1
1.710823050E1,7.299453020E-1,2.027472705E-1,1.274712384E-1
1.711827150E1,7.377299666E-1,3.707571030E-1,1.298608631E-1
1.712831150E1,7.601500750E-1,4.924140275E-1,1.424735934E-1
1.713835250E1,7.785404921E-1,5.487726927E-1,1.580991000E-1
1.714839250E1,7.901198864E-1,6.147264242E-1,1.419129521E-1
1.715843350E1,7.949330807E-1,6.941378117E-1,1.080263630E-1
1.716847350E1,7.886695862E-1,7.856429815E-1,5.554291233E-2
1.717851450E1,7.648217678E-1,8.450102210E-1,-7.148714736E-3
1.718855450E1,7.172718048E-1,8.416737914E-1,-5.471356958E-2
1.719859550E1,6.475887299E-1,7.517550588E-1,-9.850949049E-2
1.720863550E1,5.691860318E-1,5.847727060E-1,-1.327825189E-1
1.721867650E1,4.928091466E-1,3.905373216E-1,-1.602365971E-1
1.722871675E1,4.226737618E-1,1.942362487E-1,-1.924999952E-1
1.723875775E1,3.674632013E-1,1.324275509E-2,-2.429572791E-1
1.724879775E1,3.166447580E-1,-1.405023336E-1,-2.890294492E-1
1.725883875E1,2.741712928E-1,-2.321305424E-1,-3.314215839E-1
1.726887875E1,2.653099000E-1,-2.795558572E-1,-3.659284413E-1
1.727891975E1,2.926778793E-1,-2.754696906E-1,-3.748681843E-1
1.728895975E1,3.367688954E-1,-2.022865713E-1,-3.706627786E-1
1.729900075E1,3.783126175E-1,-5.841861665E-2,-3.550987542E-1
1.730904075E1,4.166081250E-1,1.431347281E-1,-3.395871818E-1
1.731908175E1,4.177804589E-1,3.101673722E-1,-3.099696338E-1
1.732912175E1,3.852145374E-1,4.025607109E-1,-2.686964869E-1
1.733916275E1,3.471792340E-1,3.944853842E-1,-2.004294395E-1
1.734920275E1,3.482881784E-1,2.904077172E-1,-1.205822900E-1
1.735924375E1,3.992477655E-1,1.111071929E-1,-4.831422120E-2
1.736928375E1,4.640544355E-1,-1.464346051E-1,7.223075256E-3
1.737932475E1,5.175222158E-1,-4.046690762E-1,5.649741367E-2
1.738936475E1,5.170801282E-1,-5.772150159E-1,7.056716084E-2
1.739940575E1,4.299513400E-1,-8.095092177E-1,4.200422391E-2
1.740944575E1,3.023585081E-1,-8.712170720E-1,1.653872663E-3
1.741948675E1,2.498903126E-1,-4.496340454E-1,-1.612077095E-2
1.742952675E1,3.327684104E-1,2.407975122E-2,6.957202405E-2
1.743956775E1,3.373375535E-1,1.172340140E-1,2.415969968E-1
1.744960775E1,2.044428587E-1,9.613751620E-2,3.414250612E-1
1.745964875E1,1.381684840E-1,1.066218242E-1,4.093804359E-1
1.746968875E1,1.189364642E-1,1.167823151E-1,4.034394622E-1
1.747972875E1,3.255496174E-2,-9.187472984E-3,3.770517111E-1
1.748976975E1,-5.807214230E-2,-2.226310372E-1,3.888306022E-1
1.749980975E1,-3.540481254E-2,-4.679968059E-1,4.208954275E-1
1.750985075E1,-2.682818333E-3,-7.068668604E-1,4.132007658E-1
1.751989075E1,-3.834151849E-2,-8.451130390E-1,3.236119449E-1
1.752993175E1,-1.262253076E-1,-8.408309221E-1,1.837081164E-1
1.753997175E1,-2.356633991E-1,-6.796707511E-1,4.897334054E-2
1.755001275E1,-2.843664885E-1,-4.603562057E-1,-5.621645972E-2
1.756005275E1,-3.045562208E-1,-2.833291292E-1,-1.126803532E-1
1.757009375E1,-2.765903473E-1,-1.745379269E-1,-1.318433881E-1
1.758013375E1,-2.476634532E-1,-1.344424486E-1,-1.465426534E-1
1.759017475E1,-2.413810641E-1,-8.381470293E-2,-1.697947085E-1
1.760021475E1,-2.553745806E-1,1.515193470E-2,-1.931670159E-1
1.761025575E1,-2.679015398E-1,1.524544060E-1,-2.075536847E-1
1.762029575E1,-2.785181999E-1,2.824725509E-1,-2.038484067E-1
1.763033675E1,-2.960535288E-1,3.611426055E-1,-2.095814049E-1
1.764037675E1,-3.201557994E-1,3.890507221E-1,-2.212465554E-1
1.765041775E1,-3.590288758E-1,3.478913009E-1,-2.420506328E-1
1.766045775E1,-4.104496241E-1,2.495460212E-1,-2.797242701E-1
1.767049875E1,-4.779865742E-1,1.213310733E-1,-3.112995028E-1
1.768053875E1,-5.485081673E-1,1.830755360E-2,-3.346619010E-1
1.769057975E1,-6.103427410E-1,-4.338723421E-2,-3.580164909E-1
1.770061975E1,-6.604485512E-1,-7.686616480E-2,-3.736249208E-1
1.771066075E1,-6.971114874E-1,-9.296604246E-2,-3.835398853E-1
1.772070075E1,-7.225543261E-1,-9.506820887E-2,-3.661207855E-1
1.773074175E1,-7.431370616E-1,-4.964905977E-2,-3.257904053E-1
1.774078175E1,-7.306348681E-1,3.332978487E-2,-2.793124318E-1
1.775082275E1,-7.114278674E-1,1.782739311E-1,-2.050736248E-1
1.776086275E1,-6.833472848E-1,3.084905744E-1,-1.110675558E-1
1.777090375E1,-6.484761238E-1,3.857760131E-1,-1.539722085E-2
1.778094375E1,-6.242768764E-1,4.005242586E-1,6.855439395E-2
1.779098475E1,-6.027151346E-1,3.556430936E-1,1.232906058E-1
1.780102475E1,-5.831668377E-1,2.725214958E-1,1.788829118E-1
1.781106475E1,-5.734913349E-1,1.655026376E-1,2.229001671E-1
1.782110575E1,-5.524116158E-1,6.454018503E-2,2.632666230E-1
1.783114575E1,-5.106676221E-1,-2.107058838E-2,3.194414675E-1
1.784118675E1,-4.630182087E-1,-9.918139130E-2,3.778163493E-1
1.785122675E1,-4.272335768E-1,-1.594042480E-1,4.293445051E-1
1.786126775E1,-3.662608564E-1,-1.546817422E-1,4.760578275E-1
1.787130775E1,-3.179455101E-1,-7.275518775E-2,5.042199492E-1
1.788134875E1,-3.165175319E-1,1.534161568E-1,5.270669460E-1
1.789138875E1,-3.110106587E-1,4.622701406E-1,5.255630612E-1
1.790142975E1,-2.563590705E-1,7.450381517E-1,4.828566611E-1
1.791146975E1,-1.735046506E-1,9.052677155E-1,4.021319747E-1
1.792151075E1,-1.314592063E-1,8.939442635E-1,2.748403251E-1
1.793155075E1,-2.390274704E-1,7.345138192E-1,1.005156711E-1
1.794159175E1,-4.699750245E-1,4.397014380E-1,-6.426504254E-2
1.795163175E1,-6.822516322E-1,9.774435312E-2,-1.779748201E-1
1.796167275E1,-7.984610796E-1,-2.423098832E-1,-2.392192632E-1
1.797171275E1,-7.883783579E-1,-5.799340010E-1,-2.324729413E-1
1.798175375E1,-6.353389621E-1,-8.799414635E-1,-1.338225454E-1
1.799179375E1,-4.135155976E-1,-1.062913775E0,6.202212349E-2
1.800183475E1,-2.461195439E-1,-9.644908309E-1,2.542157769E-1
1.801187475E1,-2.748625278E-1,-5.729776621E-1,3.573831916E-1
1.802191575E1,-5.009401441E-1,-1.582961679E-1,2.885220051E-1
1.803195575E1,-5.730220675E-1,8.938234299E-2,1.807465404E-1
1.804199675E1,-4.712157845E-1,1.762791127E-1,4.817868024E-2
1.805203675E1,-3.549703956E-1,2.239491642E-1,-1.034308150E-1
1.806207775E1,-2.287597954E-1,2.326314896E-1,-2.390438914E-1
1.807211775E1,-8.613022417E-2,1.230211034E-1,-3.677334189E-1
1.808215775E1,-2.697442099E-2,-3.504124284E-2,-4.977321923E-1
1.809219875E1,-8.626064658E-2,-1.757917106E-1,-5.662766099E-1
1.810223875E1,-1.370927244E-1,-3.204141855E-1,-5.084878206E-1
1.811227975E1,-1.074288338E-1,-4.648555219E-1,-3.602051735E-1
1.812231975E1,1.187891583E-3,-5.566979051E-1,-1.657983065E-1
1.813236075E1,9.431730211E-2,-5.314766765E-1,8.183890022E-3
1.814240075E1,1.318273991E-1,-4.389608204E-1,1.311717778E-1
1.815244175E1,1.459730417E-1,-3.517843485E-1,2.051328272E-1
1.816248175E1,1.618905365E-1,-2.584326863E-1,2.472191155E-1
1.817252275E1,2.026949525E-1,-1.648851633E-1,2.676743269E-1
1.818256275E1,2.645305991E-1,-8.340849727E-2,2.626296282E-1
1.819260375E1,2.867330909E-1,-4.002613947E-2,2.386686057E-1
1.820264375E1,2.899659276E-1,-1.874380559E-2,2.203120291E-1
1.821268475E1,2.831663191E-1,-1.749158651E-2,2.202403843E-1
1.822272475E1,2.779111266E-1,-5.251377448E-2,2.314520478E-1
1.823276575E1,2.851120532E-1,-1.266681552E-1,2.398908138E-1
1.824280550E1,3.006585538E-1,-2.143307179E-1,2.608222365E-1
1.825284650E1,3.166529834E-1,-2.530086040E-1,2.849336863E-1
1.826288650E1,3.340245187E-1,-2.756839097E-1,3.112724423E-1
1.827292750E1,3.521443903E-1,-2.990129292E-1,3.448961973E-1
1.828296750E1,3.697054982E-1,-2.694838941E-1,3.797733188E-1
1.829300850E1,3.970433772E-1,-1.489633173E-1,3.984735012E-1
1.830304850E1,4.460530281E-1,2.106321044E-2,3.772793114E-1
1.831308850E1,4.750042558E-1,1.689522713E-1,3.406773508E-1
1.832312950E1,4.980420768E-1,3.279408216E-1,2.888379395E-1
1.833316950E1,5.051103830E-1,4.662038982E-1,2.239644229E-1
1.834321050E1,4.956327677E-1,5.271967053E-1,1.484810710E-1
1.835325050E1,4.752244353E-1,5.147695541E-1,5.938342959E-2
1.836329150E1,4.496120811E-1,4.459339976E-1,-3.480378538E-2
1.837333150E1,4.216113389E-1,3.667302430E-1,-1.169684306E-1
1.838337250E1,3.976050615E-1,3.387031555E-1,-1.938515007E-1
1.839341250E1,3.736009300E-1,2.729776502E-1,-2.427740246E-1
1.840345350E1,3.490614593E-1,1.787946224E-1,-2.659186423E-1
1.841349350E1,3.263044953E-1,9.602490813E-2,-2.732058465E-1
1.842353450E1,3.065722883E-1,4.187969863E-2,-2.952166796E-1
1.843357450E1,2.984230220E-1,-2.037648484E-2,-3.327885568E-1
1.844361550E1,3.120493889E-1,-1.065245941E-1,-3.663737774E-1
1.845365550E1,3.475684822E-1,-1.820726097E-1,-3.891318142E-1
1.846369650E1,3.733279407E-1,-2.243257761E-1,-4.015685320E-1
1.847373650E1,3.717489541E-1,-2.015605420E-1,-4.113031924E-1
1.848377750E1,3.642079234E-1,-1.200605929E-1,-4.119215906E-1
1.849381750E1,3.332984746E-1,-3.668580949E-2,-3.853530884E-1
1.850385850E1,2.854991257E-1,4.177169129E-2,-3.313384652E-1
1.851389850E1,2.502883971E-1,8.492768556E-2,-2.476537228E-1
1.852393850E1,2.837747633E-1,8.076367527E-2,-1.460145861E-1
1.853397950E1,3.867655993E-1,2.979902923E-2,-5.110139027E-2
1.854401950E1,4.969452322E-1,-8.386061341E-2,6.356700324E-3
1.855406050E1,5.565635562E-1,-2.111256272E-1,5.323126540E-2
1.856410050E1,5.367256403E-1,-3.610180914E-1,5.111900344E-2
1.857414150E1,4.492048919E-1,-4.954344928E-1,-5.973577965E-3
1.858418150E1,3.679652214E-1,-4.149380624E-1,-3.712310642E-2
1.859422250E1,3.489113748E-1,-2.037256807E-1,4.646313190E-2
1.860426250E1,3.143574893E-1,-1.569231600E-1,2.227239907E-1
1.861430350E1,2.262912840E-1,-1.962354183E-1,3.431846499E-1
1.862434350E1,2.627927959E-1,-2.126167566E-1,4.075138271E-1
1.863438450E1,3.332602978E-1,-1.699358672E-1,4.352943003E-1
1.864442450E1,3.101417124E-1,-1.854110658E-1,4.325289428E-1
1.865446550E1,2.834520340E-1,-2.729249299E-1,4.496128559E-1
1.866450550E1,3.224452436E-1,-4.090456367E-1,4.494516551E-1
1.867454650E1,4.041590095E-1,-5.486272573E-1,4.186535180E-1
1.868458650E1,4.280736148E-1,-6.620546579E-1,3.172038496E-1
1.869462750E1,3.564628065E-1,-6.691762209E-1,1.872024387E-1
1.870466750E1,2.527363896E-1,-5.519291162E-1,6.131014228E-2
1.871470750E1,1.888802052E-1,-4.121549726E-1,-6.392314285E-2
1.872474850E1,1.656492501E-1,-3.129101098E-1,-1.727825999E-1
1.873478850E1,1.470444053E-1,-2.613944709E-1,-2.540638447E-1
1.874482950E1,1.212048680E-1,-2.183334231E-1,-3.021178246E-1
1.875486950E1,1.006351486E-1,-1.207112521E-1,-3.283555508E-1
1.876491050E1,4.354470968E-2,2.698140964E-2,-3.286049664E-1
1.877495050E1,-1.614338905E-2,1.850413531E-1,-3.120039105E-1
1.878499150E1,-6.421642005E-2,3.221825063E-1,-2.912653983E-1
1.879503150E1,-1.050986052E-1,3.522616029E-1,-2.653086185E-1
1.880507250E1,-1.428349763E-1,2.880195677E-1,-2.622362375E-1
1.881511250E1,-1.752014458E-1,1.592221558E-1,-2.644783556E-1
1.882515350E1,-2.132498771E-1,-1.819403376E-3,-2.708877921E-1
1.883519350E1,-2.648099959E-1,-1.479425281E-1,-2.876864672E-1
1.884523450E1,-3.252084553E-1,-2.665301561E-1,-3.008541465E-1
1.885527450E1,-4.032691717E-1,-3.448553383E-1,-3.068923056E-1
1.886531550E1,-4.606266916E-1,-4.016945064E-1,-3.235356212E-1
1.887535550E1,-5.238306522E-1,-4.107229114E-1,-3.365036249E-1
1.888539550E1,-5.781596899E-1,-3.515037894E-1,-3.227691650E-1
1.889543650E1,-6.183074117E-1,-2.230702043E-1,-2.915065885E-1
1.890547650E1,-6.375817657E-1,-2.078345418E-2,-2.377892584E-1
1.891551750E1,-6.202560067E-1,2.253653407E-1,-1.680756807E-1
1.892555750E1,-5.868037343E-1,3.857829571E-1,-7.098352164E-2
1.893559850E1,-5.399374366E-1,4.352325201E-1,8.722762577E-3
1.894563850E1,-4.861016870E-1,4.303670824E-1,7.513631880E-2
1.895567950E1,-4.468655884E-1,3.944317102E-1,1.444229931E-1
1.896571950E1,-4.223516285E-1,3.513943553E-1,1.902869642E-1
1.897576050E1,-4.029811323E-1,2.774306536E-1,2.222584784E-1
1.898580050E1,-3.892777264E-1,1.732400209E-1,2.673129141E-1
1.899584150E1,-3.577882349E-1,5.110239610E-2,3.341963291E-1
1.900588150E1,-3.152366877E-1,-7.372141629E-2,4.181834161E-1
1.901592250E1,-2.719360888E-1,-1.911742687E-1,5.009661913E-1
1.902596250E1,-2.295288891E-1,-3.001582921E-1,5.720528364E-1
1.903600350E1,-2.056043893E-1,-3.727680445E-1,6.258476377E-1
1.904604350E1,-2.238811553E-1,-3.480724990E-1,6.615896225E-1
1.905608350E1,-2.847850025E-1,-1.966515630E-1,6.770498157E-1
1.906612450E1,-3.497475982E-1,4.920364916E-2,6.561489701E-1
1.907616450E1,-3.547484875E-1,3.121713698E-1,6.040863395E-1
1.908620550E1,-2.899883389E-1,5.104590058E-1,5.349174142E-1
1.909624550E1,-2.088713795E-1,5.896808505E-1,4.321894944E-1
1.910628650E1,-2.138254344E-1,6.043156385E-1,2.968956828E-1
1.911632650E1,-3.171856403E-1,5.424256325E-1,1.511331648E-1
1.912636750E1,-4.398783147E-1,4.101268053E-1,2.022700012E-2
1.913640750E1,-5.401500463E-1,2.348615229E-1,-9.550146759E-2
1.914644850E1,-5.594937205E-1,5.989744887E-2,-1.850629896E-1
1.915648850E1,-4.965459108E-1,-9.501863271E-2,-2.207562774E-1
1.916652950E1,-3.552504182E-1,-2.978737652E-1,-1.710788161E-1
1.917656950E1,-1.877184212E-1,-5.116664767E-1,-4.488892108E-2
1.918661050E1,-1.069192588E-1,-5.688531399E-1,6.799939275E-2
1.919665050E1,-1.748367995E-1,-4.180878401E-1,1.123287752E-1
1.920669050E1,-3.119729757E-1,-2.044762075E-1,4.772118106E-2
1.921673150E1,-2.582636476E-1,-2.888234099E-3,-3.312546760E-2
1.922677150E1,-6.918381155E-2,1.300213635E-1,-1.668222398E-1
1.923681287E1,6.504908949E-2,1.748761833E-1,-3.766894639E-1
1.924685287E1,1.611903310E-1,1.513448656E-1,-5.670084357E-1
1.925689387E1,2.604466081E-1,2.546896227E-2,-6.623741388E-1
1.926693387E1,3.326559663E-1,-1.837310046E-1,-6.671563983E-1
1.927697487E1,3.078430295E-1,-3.813633919E-1,-6.075734496E-1
1.928701487E1,1.810391247E-1,-5.066365600E-1,-4.907287359E-1
1.929705588E1,9.805103391E-2,-5.513515472E-1,-3.156194985E-1
1.930709587E1,1.329042912E-1,-4.826286733E-1,-7.563271374E-2
1.931713688E1,2.080783993E-1,-3.141227365E-1,1.629494876E-1
1.932717687E1,2.690450549E-1,-1.543826908E-1,3.547741473E-1
1.933721787E1,2.973978817E-1,-5.984552950E-2,4.880909026E-1
1.934725787E1,3.087761700E-1,-4.023639485E-2,5.377991199E-1
1.935729787E1,3.442481458E-1,-6.183649972E-2,4.884528518E-1
1.936733887E1,4.236687720E-1,-7.762351632E-2,3.766880035E-1
1.937737887E1,5.189140439E-1,-7.201915979E-2,2.285304815E-1
1.938741987E1,6.128122211E-1,-4.666249827E-2,7.382764667E-2
1.939745987E1,6.866278648E-1,-2.211960405E-2,-6.415312737E-2
1.940750088E1,7.366300821E-1,1.159993350E-3,-1.723290235E-1
1.941754087E1,7.834343314E-1,8.590561338E-4,-2.361665964E-1
1.942758188E1,8.216744661E-1,3.851155750E-3,-2.474227846E-1
1.943762187E1,8.661755919E-1,1.791983657E-2,-2.224716246E-1
1.944766287E1,9.234883785E-1,2.203527093E-2,-1.623263061E-1
1.945770287E1,9.710401893E-1,3.366503119E-2,-8.754207194E-2
1.946774387E1,1.018123507E0,5.456194654E-2,-8.079321124E-3
1.947778387E1,1.064665794E0,7.513353229E-2,7.207063586E-2
1.948782487E1,1.110974431E0,1.050885767E-1,1.364329755E-1
1.949786487E1,1.143583775E0,1.467324346E-1,1.698271483E-1
1.950790487E1,1.153256536E0,1.899909526E-1,1.593896896E-1
1.951794588E1,1.136386275E0,2.603063881E-1,1.219387129E-1
1.952798587E1,1.109673381E0,3.676676154E-1,6.657630950E-2
1.953802688E1,1.077949882E0,4.774713516E-1,1.724611502E-3
1.954806687E1,1.039422035E0,5.556953549E-1,-7.190566510E-2
1.955810787E1,9.996485710E-1,5.912349820E-1,-1.432373673E-1
1.956814787E1,9.521340728E-1,5.759388208E-1,-2.187965810E-1
1.957818887E1,9.129787087E-1,5.366290212E-1,-2.877854705E-1
1.958822887E1,8.940386176E-1,4.908452928E-1,-3.477299213E-1
1.959826987E1,8.899349570E-1,4.638999701E-1,-3.929298818E-1
1.960830988E1,8.935016394E-1,4.221735895E-1,-4.221200049E-1
1.961835087E1,9.088404179E-1,3.642700613E-1,-4.412023425E-1
1.962839088E1,9.310383797E-1,2.935564816E-1,-4.607102573E-1
1.963843087E1,9.571594596E-1,2.194327265E-1,-4.933768809E-1
1.964847187E1,9.916064143E-1,1.488837153E-1,-5.336049795E-1
1.965851187E1,1.020241022E0,7.467612624E-2,-5.639702082E-1
1.966855287E1,1.046476722E0,-2.690850012E-2,-5.840061307E-1
1.967859287E1,1.073809266E0,-1.036911607E-1,-5.887526870E-1
1.968863387E1,1.095214486E0,-1.479042172E-1,-5.738419294E-1
1.969867387E1,1.115312576E0,-1.430007964E-1,-5.394279957E-1
1.970871487E1,1.148576140E0,-9.372773021E-2,-4.773005247E-1
1.971875488E1,1.189836144E0,-1.223073713E-2,-4.034947455E-1
1.972879587E1,1.211516261E0,8.058390021E-2,-3.330828547E-1
1.973883588E1,1.203578234E0,1.738525927E-1,-2.762347460E-1
1.974887687E1,1.190320969E0,2.277582139E-1,-2.139229029E-1
1.975891687E1,1.204753757E0,2.017559111E-1,-1.464495957E-1
1.976895687E1,1.244135499E0,7.581391186E-2,-8.656203002E-2
1.977899787E1,1.279405117E0,-7.058563828E-2,-4.993424565E-2
1.978903787E1,1.317340493E0,-2.255336344E-1,-5.309967324E-2
1.979907887E1,1.356267333E0,-3.858913779E-1,-1.253110170E-1
1.980911887E1,1.371622920E0,-4.852989316E-1,-2.272517383E-1
1.981915987E1,1.338801026E0,-4.270915687E-1,-2.685344517E-1
1.982919988E1,1.251061916E0,-3.260560334E-1,-2.385366559E-1
1.983924087E1,1.121467710E0,-2.335513979E-1,-1.371157467E-1
1.984928088E1,1.045192719E0,-1.268689036E-1,-2.891235612E-2
1.985932187E1,1.056000352E0,-2.466523089E-3,8.067459613E-2
1.986936187E1,1.077996969E0,9.900390357E-2,1.857136488E-1
1.987940187E1,1.045072436E0,1.534172297E-1,2.713198364E-1
1.988944287E1,1.034979343E0,1.550718546E-1,3.390501440E-1
1.989948287E1,1.126629710E0,6.472312659E-2,3.743297458E-1
1.990952387E1,1.205001473E0,-7.770442963E-2,3.265135288E-1
1.991956388E1,1.253443241E0,-2.166087925E-1,1.840804964E-1
1.992960487E1,1.269405603E0,-3.031735420E-1,-6.718978286E-3
1.993964488E1,1.206607461E0,-3.302578926E-1,-2.170131058E-1
1.994968587E1,1.100832939E0,-3.107126653E-1,-4.398435354E-1
1.995972588E1,9.999396205E-1,-3.083770573E-1,-6.506074071E-1
1.996976687E1,9.162985086E-1,-3.096303642E-1,-8.231376410E-1
1.997980687E1,8.462153077E-1,-2.275815606E-1,-9.332929254E-1
1.998984787E1,7.922348976E-1,-4.503321648E-2,-9.912212491E-1
1.999988787E1,7.497353554E-1,2.144659907E-1,-1.001437187E0
2.000992787E1,7.239782214E-1,4.667051733E-1,-9.647307396E-1
2.001996887E1,7.246336341E-1,6.564301252E-1,-8.844559193E-1
2.003000888E1,7.474659681E-1,7.833938599E-1,-7.597821951E-1
2.004004987E1,7.651208639E-1,7.711600661E-1,-6.188096404E-1
2.005008988E1,7.772552967E-1,6.787866354E-1,-4.648664594E-1
2.006013087E1,7.711739540E-1,5.058164597E-1,-3.148809671E-1
2.007017087E1,7.448233962E-1,2.723660767E-1,-2.090295404E-1
2.008021187E1,7.041872740E-1,4.759422690E-2,-1.467057168E-1
2.009025187E1,6.467821002E-1,-1.214746386E-1,-1.215102002E-1
2.010029287E1,5.826236010E-1,-2.020461857E-1,-1.280924678E-1
2.011033287E1,5.256189108E-1,-2.300551832E-1,-1.524894238E-1
2.012037287E1,4.801411629E-1,-2.019291520E-1,-1.844471544E-1
2.013041387E1,4.420544207E-1,-1.282341480E-1,-2.176492661E-1
2.014045388E1,4.165440202E-1,-1.804239675E-2,-2.282973826E-1
2.015049487E1,3.966332078E-1,1.244198605E-1,-2.201480865E-1
2.016053488E1,3.839078248E-1,2.533251047E-1,-1.966635287E-1
2.017057587E1,3.796516657E-1,3.362134993E-1,-1.571745127E-1
2.018061587E1,3.806506395E-1,3.863752186E-1,-1.075326577E-1
2.019065687E1,3.768257201E-1,4.082649946E-1,-5.627458543E-2
2.020069687E1,3.722386956E-1,3.984555006E-1,-8.397072554E-3
2.021073687E1,3.548864722E-1,3.713513315E-1,2.802877873E-2
2.022077787E1,3.309915364E-1,3.444635272E-1,5.442896113E-2
2.023081788E1,2.960287333E-1,3.339471817E-1,6.412263215E-2
2.024085904E1,2.522565126E-1,3.147761524E-1,6.342968345E-2
2.025089904E1,1.994577199E-1,2.762441933E-1,6.667532027E-2
2.026094004E1,1.366316229E-1,2.151342481E-1,7.821986079E-2
2.027098004E1,6.815782934E-2,1.517681032E-1,1.069861352E-1
2.028102104E1,6.948535331E-3,8.913402259E-2,1.483061463E-1
2.029106104E1,-4.815064371E-2,1.961221732E-2,2.004420161E-1
2.030110204E1,-9.255938232E-2,-5.389582366E-2,2.582570910E-1
2.031114204E1,-1.214205176E-1,-1.114015132E-1,3.174228966E-1
2.032118204E1,-1.399007142E-1,-1.551386118E-1,3.678469360E-1
2.033122304E1,-1.495761275E-1,-1.826559603E-1,4.043318629E-1
2.034126304E1,-1.432543099E-1,-1.981022954E-1,4.201960266E-1
2.035130404E1,-1.410438269E-1,-1.775224209E-1,4.115923047E-1
2.036134404E1,-1.529236585E-1,-1.135980338E-1,3.871317208E-1
2.037138504E1,-1.607271284E-1,-2.892957628E-2,3.541249633E-1
2.038142504E1,-1.536178142E-1,4.696199298E-2,3.148857057E-1
2.039146604E1,-1.287795156E-1,1.174310073E-1,2.786459625E-1
2.040150604E1,-9.290113300E-2,1.898423582E-1,2.391742021E-1
2.041154604E1,-5.629181489E-2,2.570881248E-1,2.041804492E-1
2.042158704E1,-2.453681640E-2,2.880175412E-1,1.750878096E-1
2.043162704E1,1.311081112E-3,2.788525522E-1,1.524721682E-1
2.044166804E1,2.758076787E-2,2.400902510E-1,1.365712285E-1
2.045170804E1,4.792116582E-2,1.650540829E-1,1.151597276E-1
2.046174904E1,7.238603383E-2,4.427227005E-2,8.662075549E-2
2.047178904E1,9.841895849E-2,-1.051772088E-1,4.210077599E-2
2.048183004E1,1.091773286E-1,-2.504326701E-1,-7.056117523E-3
2.049187004E1,1.076348424E-1,-3.606993258E-1,-4.826317355E-2
2.050191004E1,1.133734211E-1,-4.788781703E-1,-6.382323056E-2
2.051195104E1,1.100985184E-1,-5.375925303E-1,-8.110690862E-2
2.052199104E1,1.079714522E-1,-3.963070512E-1,-1.253257692E-1
2.053203204E1,9.864804894E-2,-1.295261234E-1,-1.642914414E-1
2.054207204E1,1.555725783E-1,4.454367980E-2,-1.771989763E-1
2.055211304E1,3.495292366E-1,1.349971071E-2,-2.148778439E-1
2.056215304E1,5.306510329E-1,-8.555762470E-2,-3.560051322E-1
2.057219404E1,5.849858522E-1,-2.062198967E-1,-5.490320325E-1
2.058223404E1,5.832390785E-1,-2.932676971E-1,-6.979951262E-1
2.059227404E1,6.046582460E-1,-3.431304693E-1,-7.766078711E-1
2.060231504E1,5.786082745E-1,-3.916466236E-1,-8.035401702E-1
2.061235504E1,4.964297116E-1,-4.116154015E-1,-7.728345394E-1
2.062239604E1,3.899128735E-1,-4.114614725E-1,-6.745495200E-1
2.063243604E1,3.162237406E-1,-4.200620353E-1,-5.350900292E-1
2.064247704E1,2.644284368E-1,-4.176015556E-1,-3.493068218E-1
2.065251704E1,2.025357336E-1,-3.930762708E-1,-1.400419325E-1
2.066255804E1,1.774013489E-1,-3.610155284E-1,5.596165732E-2
2.067259804E1,1.891594082E-1,-3.320766389E-1,2.212330699E-1
2.068263804E1,2.120945454E-1,-2.766091228E-1,3.331806362E-1
2.069267904E1,2.505746484E-1,-2.178005725E-1,3.720863163E-1
2.070271904E1,3.178857863E-1,-1.734043360E-1,3.346132338E-1
2.071276004E1,4.262153804E-1,-1.780733466E-1,2.617965341E-1
2.072280004E1,5.765817165E-1,-2.047265321E-1,1.918368936E-1
2.073284104E1,7.369301915E-1,-2.040805668E-1,1.240491346E-1
2.074288104E1,8.752806187E-1,-1.793973297E-1,4.145625606E-2
2.075292204E1,9.865900278E-1,-1.651311964E-1,-1.842525601E-2
2.076296204E1,1.050849438E0,-1.695597619E-1,-4.333460331E-2
2.077300204E1,1.089854360E0,-1.828407198E-1,-3.884132206E-2
2.078304304E1,1.105798483E0,-1.954401284E-1,-5.418715300E-4
2.079308304E1,1.120431304E0,-1.993401498E-1,4.829645529E-2
2.080312404E1,1.151415110E0,-1.740827262E-1,9.062740207E-2
2.081316404E1,1.185332656E0,-1.176838055E-1,1.330934763E-1
2.082320504E1,1.214782476E0,-3.677643463E-2,1.680850238E-1
2.083324504E1,1.249546528E0,9.258206934E-2,1.841670871E-1
2.084328504E1,1.290826559E0,2.248887122E-1,1.566121578E-1
2.085332604E1,1.324610949E0,3.534776568E-1,1.023797318E-1
2.086336604E1,1.350314498E0,4.628635347E-1,4.597637802E-2
2.087340704E1,1.347931504E0,5.169814229E-1,7.074888796E-3
2.088344704E1,1.323835969E0,5.187697411E-1,-2.798456140E-2
2.089348804E1,1.274451375E0,4.781223238E-1,-6.207571179E-2
2.090352804E1,1.218706608E0,4.160988927E-1,-9.913359582E-2
2.091356904E1,1.147191763E0,3.422984779E-1,-1.360853910E-1
2.092360904E1,1.072970033E0,2.430211455E-1,-1.575108021E-1
2.093364904E1,1.000099182E0,1.192724258E-1,-1.437385529E-1
2.094369004E1,9.221615195E-1,-2.909940667E-3,-1.140680015E-1
2.095373004E1,8.478881121E-1,-1.066040769E-1,-8.272268623E-2
2.096377104E1,7.923239470E-1,-1.965419650E-1,-7.477474213E-2
2.097381104E1,7.427081466E-1,-2.710763812E-1,-9.824620932E-2
2.098385204E1,6.844109893E-1,-3.107399046E-1,-1.463016123E-1
2.099389204E1,6.213310361E-1,-2.999102175E-1,-2.154267579E-1
2.100393204E1,5.706108809E-1,-2.567790151E-1,-2.733012438E-1
2.101397304E1,5.404995680E-1,-1.585100144E-1,-3.265646994E-1
2.102401304E1,5.267765522E-1,-3.203382716E-2,-3.638707995E-1
2.103405404E1,5.252129436E-1,1.034256294E-1,-3.863972425E-1
2.104409404E1,5.197790265E-1,2.353543788E-1,-4.069613814E-1
2.105413504E1,5.077850223E-1,3.311508298E-1,-4.063109457E-1
2.106417504E1,4.909405410E-1,4.015344381E-1,-3.952710927E-1
2.107421604E1,4.745309353E-1,4.399702549E-1,-3.719758987E-1
2.108425604E1,4.533340335E-1,4.537822008E-1,-3.307831883E-1
2.109429604E1,4.493936002E-1,4.640634358E-1,-2.902555168E-1
2.110433704E1,4.883846641E-1,4.436250329E-1,-2.217374444E-1
2.111437704E1,5.608884096E-1,4.323951900E-1,-1.745773256E-1
2.112441804E1,6.827540994E-1,4.100544453E-1,-1.542161256E-1
2.113445804E1,8.405171037E-1,3.754549921E-1,-1.568212658E-1
2.114449904E1,9.729744792E-1,3.040961325E-1,-1.866515875E-1
2.115453904E1,1.068761110E0,2.025457770E-1,-2.403942496E-1
2.116457904E1,1.118710756E0,8.423698694E-2,-2.738320827E-1
2.117462004E1,1.121386051E0,-9.000657126E-3,-2.759360969E-1
2.118466004E1,1.097705483E0,-7.226192206E-2,-2.849980295E-1
2.119470104E1,1.061030746E0,-1.433447450E-1,-2.594681382E-1
2.120474104E1,1.029668212E0,-1.911687255E-1,-2.013912648E-1
2.121478204E1,9.121974707E-1,-1.711564511E-1,-1.094231308E-1
2.122482204E1,7.343236208E-1,-9.413703531E-2,-9.276425838E-2
2.123486200E1,6.318571568E-1,9.340844303E-2,-6.988862157E-2
2.124490300E1,7.045851946E-1,3.599067330E-1,7.492901385E-2
2.125494300E1,7.075757980E-1,4.825251698E-1,2.684068680E-1
2.126498400E1,3.146035075E-1,3.597377241E-1,3.864277601E-1
2.127502400E1,-2.652795017E-1,7.653650641E-2,4.202683270E-1
2.128506500E1,-6.511627436E-1,-2.245857716E-1,4.679554403E-1
2.129510500E1,-8.494148254E-1,-3.864478469E-1,5.019915700E-1
2.130514500E1,-1.067269087E0,-5.248363018E-1,4.451703727E-1
2.131518600E1,-1.271068931E0,-5.770349503E-1,3.666333854E-1
2.132522600E1,-1.452435255E0,-5.945220590E-1,2.847135067E-1
2.133526700E1,-1.593539715E0,-6.314023733E-1,1.979738325E-1
2.134530700E1,-1.668059468E0,-6.531848907E-1,1.172331795E-1
2.135534800E1,-1.671446681E0,-6.048244834E-1,4.815101624E-2
2.136538800E1,-1.634599447E0,-4.948516488E-1,5.019258708E-3
2.137542800E1,-1.547804117E0,-3.464861810E-1,-2.244507708E-2
2.138546900E1,-1.437676787E0,-1.706607938E-1,-3.761204705E-2
2.139550900E1,-1.310989976E0,-3.595321625E-2,-3.620925918E-2
2.140555000E1,-1.193017602E0,4.152879119E-2,-1.358144544E-2
2.141559000E1,-1.118465185E0,9.883330762E-2,3.561250120E-2
2.142563100E1,-1.072716832E0,1.661897153E-1,9.400656819E-2
2.143567100E1,-1.043351293E0,2.464412600E-1,1.349799931E-1
2.144571100E1,-1.024057984E0,3.373794258E-1,1.550418586E-1
2.145575200E1,-1.011687875E0,3.981156349E-1,1.625935733E-1
2.146579200E1,-9.867196679E-1,4.329034388E-1,1.520666331E-1
2.147583300E1,-9.453002214E-1,4.271033704E-1,1.091422215E-1
2.148587300E1,-9.048076272E-1,3.896907568E-1,4.072002694E-2
2.149591400E1,-8.775900006E-1,3.106667995E-1,-4.268291593E-2
2.150595400E1,-8.638371825E-1,2.305716872E-1,-1.358237714E-1
2.151599400E1,-8.686453700E-1,1.592089981E-1,-2.113848478E-1
2.152603500E1,-8.924913406E-1,1.059002429E-1,-2.694047391E-1
2.153607500E1,-9.279842377E-1,4.095069319E-2,-3.057345450E-1
2.154611600E1,-9.527612329E-1,1.356274169E-2,-3.188154697E-1
2.155615600E1,-9.947225451E-1,2.202783013E-3,-3.007573187E-1
2.156619700E1,-1.018072605E0,-2.291668579E-2,-2.630152702E-1
2.157623700E1,-1.074949741E0,-2.935404517E-2,-1.924948394E-1
2.158627700E1,-1.150516152E0,-1.609363221E-2,-1.079093888E-1
2.159631800E1,-1.227336049E0,-3.960343450E-2,-2.452877909E-2
2.160635800E1,-1.305738211E0,-6.866118312E-2,4.526388645E-2
2.161639900E1,-1.380484819E0,-6.941645592E-2,1.065444499E-1
2.162643900E1,-1.433335781E0,-5.184731632E-2,1.755160689E-1
2.163648000E1,-1.454302430E0,-3.467632085E-2,2.297437191E-1
2.164652000E1,-1.447826982E0,-2.465883829E-2,2.700591981E-1
2.165656000E1,-1.426244140E0,-1.914658956E-2,2.939032912E-1
2.166660100E1,-1.401788354E0,-2.050293796E-2,3.137129545E-1
2.167664100E1,-1.367876649E0,-3.944059089E-2,3.454059064E-1
2.168668200E1,-1.321032882E0,-7.809850574E-2,3.930434883E-1
2.169672200E1,-1.261957407E0,-1.105432287E-1,4.415356517E-1
2.170676300E1,-1.198720098E0,-1.238718182E-1,4.953528345E-1
2.171680300E1,-1.136524200E0,-1.038357541E-1,5.485950112E-1
2.172684300E1,-1.080302715E0,-6.925087422E-2,5.907827020E-1
2.173688400E1,-1.035811424E0,-4.131396487E-2,6.221770048E-1
2.174692400E1,-9.914380312E-1,-4.792172462E-3,6.320179105E-1
2.175696500E1,-9.398036599E-1,7.005632669E-2,6.289917231E-1
2.176700500E1,-8.835507631E-1,1.610392332E-1,5.873910189E-1
2.177704600E1,-8.200717568E-1,2.280531228E-1,5.261650681E-1
2.178708600E1,-7.515866756E-1,1.932511926E-1,4.753780067E-1
2.179712600E1,-7.013860345E-1,1.045894101E-1,4.020492435E-1
2.180716700E1,-6.529937387E-1,3.718427569E-2,3.268641829E-1
2.181720700E1,-6.112377048E-1,1.749090478E-2,2.308865488E-1
2.182724800E1,-5.699363351E-1,-2.383467276E-3,1.088562384E-1
2.183728800E1,-5.397420526E-1,-4.784015939E-2,-1.841585711E-2
2.184732900E1,-5.126888752E-1,-1.471425146E-1,-1.474705040E-1
2.185736900E1,-4.947001636E-1,-2.704649866E-1,-2.737686336E-1
2.186740900E1,-5.040449500E-1,-4.261264801E-1,-3.690208495E-1
2.187745000E1,-5.840737820E-1,-5.385963321E-1,-3.803114891E-1
2.188749000E1,-6.642860770E-1,-5.763383508E-1,-3.361403048E-1
2.189753100E1,-6.730544567E-1,-4.978067875E-1,-2.847856581E-1
2.190757100E1,-5.677144527E-1,-2.551214099E-1,-2.451026738E-1
2.191761200E1,-3.428760469E-1,-2.530850656E-2,-2.525629103E-1
2.192765200E1,-1.010296047E-1,7.859791815E-2,-3.199584782E-1
2.193769300E1,-3.455406521E-3,5.224159360E-2,-4.311820567E-1
2.194773300E1,-2.199446969E-2,-1.348026097E-1,-5.924713612E-1
2.195777300E1,-1.119953580E-2,-4.024524391E-1,-8.004350066E-1
2.196781400E1,7.042850833E-3,-5.867069960E-1,-1.018926859E0
2.197785400E1,-9.942493588E-2,-7.552314401E-1,-1.134756207E0
2.198789500E1,-2.515004873E-1,-9.160006046E-1,-1.139254212E0
2.199793500E1,-3.462154865E-1,-1.022451282E0,-1.041946530E0
2.200797500E1,-3.362230361E-1,-1.025047898E0,-8.394324780E-1
2.201801600E1,-2.752730548E-1,-9.795060754E-1,-5.584433675E-1
2.202805600E1,-2.512537539E-1,-8.667163849E-1,-2.300178707E-1
2.203809700E1,-2.252344340E-1,-5.736057758E-1,6.757878512E-2
2.204813700E1,-2.165219039E-1,-1.529688388E-1,3.172847629E-1
2.205817800E1,-2.112102062E-1,2.420676500E-1,5.268297195E-1
2.206821800E1,-1.685026884E-1,4.743120670E-1,6.719976068E-1
2.207825800E1,-1.070322320E-1,5.251617432E-1,7.269450426E-1
2.208829900E1,-2.721623518E-2,4.599587619E-1,7.000620365E-1
2.209833900E1,8.209676296E-2,3.210638463E-1,6.124475598E-1
2.210838000E1,2.155765295E-1,1.339235306E-1,5.102612376E-1
2.211842000E1,3.533650637E-1,-2.014877461E-2,4.184255004E-1
2.212846100E1,4.759423733E-1,-1.336103529E-1,3.679428697E-1
2.213850100E1,5.535312295E-1,-2.509708703E-1,3.503809273E-1
2.214854100E1,6.120781302E-1,-3.328457773E-1,3.517964184E-1
2.215858200E1,6.817482710E-1,-3.371323049E-1,3.825596273E-1
2.216862200E1,7.625203133E-1,-3.237065077E-1,4.203264415E-1
2.217866300E1,8.649305701E-1,-2.688139677E-1,4.486414492E-1
2.218870300E1,9.659972787E-1,-1.812412441E-1,4.488044381E-1
2.219874400E1,1.034356952E0,-1.100368574E-1,4.081321061E-1
2.220878400E1,1.062516332E0,-3.617860377E-2,3.407748938E-1
2.221882400E1,1.044120789E0,6.080404669E-2,2.549322844E-1
2.222886500E1,1.016794443E0,1.615956426E-1,1.591482311E-1
2.223890450E1,9.894957542E-1,2.683211863E-1,7.784487307E-2
2.224894550E1,9.655014277E-1,3.576465547E-1,8.867138065E-3
2.225898550E1,9.544932842E-1,4.134573638E-1,-4.792397097E-2
2.226902650E1,9.522021413E-1,4.428256154E-1,-9.334231913E-2
2.227906650E1,9.633641839E-1,4.678517580E-1,-1.368403584E-1
2.228910650E1,9.790198803E-1,5.091009140E-1,-1.777630299E-1
2.229914750E1,1.002957106E0,5.513956547E-1,-2.213333696E-1
2.230918750E1,1.036894083E0,5.677442551E-1,-2.603625357E-1
2.231922850E1,1.088239312E0,5.577931404E-1,-3.038352132E-1
2.232926850E1,1.154837012E0,5.047491193E-1,-3.655028343E-1
2.233930950E1,1.223843694E0,4.165042639E-1,-4.516406953E-1
2.234934950E1,1.287077785E0,2.976425886E-1,-5.546960235E-1
2.235938950E1,1.350681067E0,1.610151827E-1,-6.551613212E-1
2.236943050E1,1.412535310E0,8.067455143E-3,-7.600815892E-1
2.237947050E1,1.455820680E0,-9.726556391E-2,-8.417401910E-1
2.238951150E1,1.488009214E0,-1.198640838E-1,-8.616792560E-1
2.239955150E1,1.500501990E0,-6.268584728E-2,-8.256262541E-1
2.240959150E1,1.487189651E0,4.097396880E-2,-7.572834492E-1
2.241963250E1,1.470775723E0,1.897940040E-1,-6.898587346E-1
2.242967250E1,1.467776775E0,3.279103041E-1,-6.087037325E-1
2.243971350E1,1.500437021E0,4.465024769E-1,-5.235009193E-1
2.244975350E1,1.558482885E0,5.599153042E-1,-4.470270276E-1
2.245979450E1,1.629895687E0,6.828047633E-1,-3.877178133E-1
2.246983450E1,1.705815434E0,8.050590754E-1,-3.417665660E-1
2.247987450E1,1.767064333E0,8.895063400E-1,-2.987603843E-1
2.248991550E1,1.806943774E0,9.036413431E-1,-2.571567595E-1
2.249995550E1,1.801714420E0,8.027806282E-1,-2.397460043E-1
2.250999650E1,1.763781667E0,5.701397061E-1,-2.275497913E-1
2.252003650E1,1.715257883E0,2.416750342E-1,-2.045969665E-1
2.253007750E1,1.649254203E0,-9.071623534E-2,-1.749890000E-1
2.254011750E1,1.595226884E0,-3.403021097E-1,-1.455927640E-1
2.255015750E1,1.570032597E0,-4.791159034E-1,-1.183299795E-1
2.256019850E1,1.501731157E0,-4.422333539E-1,-1.160243154E-1
2.257023850E1,1.325894594E0,-2.716203332E-1,-1.802786589E-1
2.258027950E1,1.158846140E0,-3.838874400E-2,-2.229645699E-1
2.259031950E1,1.077537894E0,3.040072322E-1,-1.739706695E-1
2.260036050E1,1.071797609E0,6.948312521E-1,-6.718562543E-2
2.261040050E1,9.646517038E-1,9.057639837E-1,-3.843519837E-2
2.262044050E1,7.108253837E-1,8.511132598E-1,-2.807373181E-2
2.263048150E1,4.694713354E-1,6.096377969E-1,6.350944191E-2
2.264052150E1,2.584011853E-1,2.997555435E-1,2.161858082E-1
2.265056250E1,4.353412241E-2,-9.045755118E-2,3.467612565E-1
2.266060250E1,-1.234219298E-1,-4.826679826E-1,4.234151542E-1
2.267064250E1,-2.949558794E-1,-7.789797783E-1,4.086412489E-1
2.268068350E1,-4.643495679E-1,-9.278532863E-1,3.047545552E-1
2.269072350E1,-5.495419502E-1,-9.320520759E-1,1.680584848E-1
2.270076450E1,-5.332160592E-1,-7.721252441E-1,3.402834758E-2
2.271080450E1,-4.625626504E-1,-5.092139840E-1,-8.593135327E-2
2.272084550E1,-3.731225729E-1,-2.584974170E-1,-1.946859062E-1
2.273088550E1,-2.782666385E-1,-9.613034129E-2,-2.948663235E-1
2.274092550E1,-1.878682226E-1,-1.476825960E-2,-3.720390797E-1
2.275096650E1,-1.272978187E-1,6.639637053E-2,-4.012244046E-1
2.276100650E1,-9.767018259E-2,2.053236067E-1,-3.411937654E-1
2.277104750E1,-9.770266712E-2,3.847295940E-1,-2.080378532E-1
2.278108750E1,-1.165083125E-1,5.620761514E-1,-1.702794433E-2
2.279112850E1,-1.510993242E-1,6.518025398E-1,1.746112555E-1
2.280116850E1,-1.826045066E-1,6.453537941E-1,3.033813834E-1
2.281120850E1,-2.219689488E-1,5.531769991E-1,3.568843007E-1
2.282124950E1,-2.779545188E-1,4.087775648E-1,3.493120968E-1
2.283128950E1,-3.418328464E-1,2.777460515E-1,2.930624187E-1
2.284133050E1,-3.879832327E-1,1.563448757E-1,2.025310397E-1
2.285137050E1,-4.138201475E-1,4.002413154E-2,1.017205417E-1
2.286141050E1,-4.280190468E-1,-4.653153196E-2,-4.390446004E-3
2.287145150E1,-4.485152662E-1,-1.158434972E-1,-1.278884262E-1
2.288149150E1,-4.731531143E-1,-1.461618692E-1,-2.514984608E-1
2.289153250E1,-5.017136931E-1,-1.408001184E-1,-3.405335248E-1
2.290157250E1,-5.354225636E-1,-9.389150143E-2,-3.697679043E-1
2.291161350E1,-5.837293267E-1,-1.763480902E-2,-3.475725949E-1
2.292165350E1,-6.382061243E-1,6.040052697E-2,-2.846836746E-1
2.293169350E1,-6.940046549E-1,1.355975419E-1,-1.864484400E-1
2.294173450E1,-7.482109070E-1,1.916745901E-1,-6.636483967E-2
2.295177450E1,-8.026078343E-1,2.340699732E-1,5.759705603E-2
2.296181550E1,-8.564596772E-1,2.667483091E-1,1.641608477E-1
2.297185550E1,-9.077622890E-1,2.663288713E-1,2.398303151E-1
2.298189550E1,-9.588758349E-1,2.542392313E-1,3.004827499E-1
2.299193650E1,-1.001033187E0,2.401348650E-1,3.374328017E-1
2.300197650E1,-1.034805179E0,1.986152530E-1,3.352519274E-1
2.301201750E1,-1.065826416E0,1.157126427E-1,3.083033860E-1
2.302205750E1,-1.101015329E0,5.093490705E-2,2.895510793E-1
2.303209850E1,-1.137051821E0,2.752092853E-2,2.713758051E-1
2.304213850E1,-1.168179393E0,2.436401695E-2,2.829171419E-1
2.305217850E1,-1.197735667E0,1.207131147E-2,3.150970638E-1
2.306221950E1,-1.223306298E0,-6.249126978E-3,3.559077978E-1
2.307225950E1,-1.230303764E0,-2.872504992E-3,4.119052887E-1
2.308230050E1,-1.218183756E0,2.733880654E-2,4.619215131E-1
2.309234050E1,-1.180326939E0,6.647768617E-2,4.993325472E-1
2.310238050E1,-1.134502172E0,8.407594264E-2,5.244071484E-1
2.311242150E1,-1.080340385E0,7.171488553E-2,5.505849719E-1
2.312246150E1,-1.027016521E0,4.997466505E-2,5.631940365E-1
2.313250250E1,-9.827486277E-1,3.538586944E-2,5.616574287E-1
2.314254250E1,-9.337104559E-1,2.299429849E-2,5.496833324E-1
2.315258250E1,-8.769435883E-1,1.239811350E-2,5.229098201E-1
2.316262350E1,-8.111526370E-1,5.715184845E-3,4.838749170E-1
2.317266350E1,-7.420585155E-1,-1.029494125E-2,4.232488275E-1
2.318270450E1,-6.786602736E-1,-3.426935151E-2,3.506413698E-1
2.319274450E1,-6.235570312E-1,-5.065790936E-2,2.621562481E-1
2.320278550E1,-5.950408578E-1,-8.730555326E-2,1.678556353E-1
2.321282550E1,-5.752511621E-1,-1.379684657E-1,7.358692586E-2
2.322286550E1,-5.547446012E-1,-1.852754503E-1,-2.266431972E-2
2.323290679E1,-5.392718911E-1,-2.233029902E-1,-1.214691922E-1
2.324294679E1,-5.387720466E-1,-2.594356835E-1,-2.173975557E-1
2.325298779E1,-5.457261205E-1,-3.178584874E-1,-2.891561985E-1
2.326302779E1,-5.664300323E-1,-3.799056411E-1,-3.357614577E-1
2.327306779E1,-5.954358578E-1,-4.397511184E-1,-3.752023280E-1
2.328310879E1,-6.093737483E-1,-5.095752478E-1,-3.485662043E-1
2.329314879E1,-6.252784133E-1,-5.553818941E-1,-2.691337168E-1
2.330318979E1,-6.758276224E-1,-5.644475818E-1,-1.660932899E-1
2.331322979E1,-7.231456041E-1,-5.343834162E-1,-5.312519521E-2
2.332326979E1,-7.174123526E-1,-4.189489484E-1,6.003172323E-2
2.333331079E1,-6.494482756E-1,-2.833417356E-1,1.600001007E-1
2.334335079E1,-5.378671288E-1,-1.930187643E-1,2.011902779E-1
2.335339179E1,-4.117214084E-1,-9.303702414E-2,1.030959412E-1
2.336343179E1,-2.394916117E-1,-3.425575048E-2,-1.926674843E-1
2.337347279E1,-8.805336058E-2,-5.039317533E-2,-6.332936287E-1
2.338351279E1,-1.050541624E-1,-1.869801730E-1,-1.026478410E0
2.339355279E1,-2.871254385E-1,-3.765532970E-1,-1.262958765E0
2.340359379E1,-4.599089026E-1,-6.075439453E-1,-1.324108362E0
2.341363379E1,-4.909507036E-1,-8.300918341E-1,-1.170728683E0
2.342367479E1,-4.412693381E-1,-9.334028363E-1,-8.512936234E-1
2.343371479E1,-3.951891959E-1,-9.779644608E-1,-5.265765786E-1
2.344375479E1,-3.566129804E-1,-9.792253971E-1,-1.986092776E-1
2.345379579E1,-3.810685277E-1,-8.857580423E-1,1.085802317E-1
2.346383579E1,-4.411824048E-1,-6.677137613E-1,3.528295159E-1
2.347387679E1,-4.686923325E-1,-3.877726495E-1,5.414591432E-1
2.348391679E1,-3.813944757E-1,-1.160828099E-1,6.229225993E-1
2.349395679E1,-1.653924286E-1,1.238906384E-1,6.116440892E-1
2.350399779E1,1.093411818E-1,2.948488891E-1,5.369292498E-1
2.351403779E1,3.865930140E-1,3.984298706E-1,4.202257991E-1
2.352407879E1,6.609097719E-1,4.003003836E-1,2.870928645E-1
2.353411879E1,8.832927942E-1,2.951803803E-1,1.431862861E-1
2.354415879E1,1.034707308E0,8.265559375E-2,7.727966644E-3
2.355419979E1,1.149919391E0,-9.708248079E-2,-8.270978928E-2
2.356423979E1,1.232644916E0,-1.917678267E-1,-1.064422205E-1
2.357428079E1,1.256230354E0,-2.607109249E-1,-8.568714559E-2
2.358432079E1,1.247534871E0,-3.045235574E-1,-3.281181306E-2
2.359436079E1,1.217079759E0,-2.982310355E-1,2.442857437E-2
2.360440179E1,1.170470715E0,-2.277190536E-1,6.211661547E-2
2.361444179E1,1.129344225E0,-9.147066623E-2,5.700813979E-2
2.362448279E1,1.104116678E0,1.303054690E-1,1.694283262E-2
2.363452279E1,1.100784540E0,3.750140071E-1,-2.721797116E-2
2.364456279E1,1.108539820E0,5.659038424E-1,-5.398177728E-2
2.365460379E1,1.104361057E0,6.742638350E-1,-8.899594843E-2
2.366464379E1,1.080050230E0,6.990451217E-1,-1.232752353E-1
2.367468479E1,1.048287511E0,6.587530971E-1,-1.472820491E-1
2.368472479E1,1.012102723E0,5.781108141E-1,-1.662602723E-1
2.369476479E1,9.712200165E-1,4.959890842E-1,-1.816876978E-1
2.370480579E1,9.307042956E-1,4.275636971E-1,-1.868912429E-1
2.371484579E1,8.897563219E-1,3.659969866E-1,-2.021447718E-1
2.372488679E1,8.653459549E-1,3.087996840E-1,-2.395127118E-1
2.373492679E1,8.579508662E-1,2.263868302E-1,-3.028781116E-1
2.374496779E1,8.728404045E-1,1.116739213E-1,-3.827602863E-1
2.375500779E1,8.930037022E-1,-3.112957068E-2,-4.691114128E-1
2.376504779E1,9.208086133E-1,-1.356732696E-1,-5.507886410E-1
2.377508879E1,9.482202530E-1,-2.110503018E-1,-6.104743481E-1
2.378512879E1,9.577991962E-1,-2.366832048E-1,-6.454326510E-1
2.379516979E1,9.455664754E-1,-1.974346042E-1,-6.341238022E-1
2.380520979E1,9.275193810E-1,-8.218455315E-2,-5.793012977E-1
2.381524979E1,9.093539119E-1,7.393127680E-2,-5.005052686E-1
2.382529079E1,9.004687667E-1,2.552888691E-1,-4.173744023E-1
2.383533079E1,9.041117430E-1,4.210360348E-1,-3.408713639E-1
2.384537179E1,9.084218144E-1,5.705274940E-1,-2.862473726E-1
2.385541179E1,9.094255567E-1,6.568919420E-1,-2.475636303E-1
2.386545179E1,8.985075355E-1,6.693230867E-1,-2.254299074E-1
2.387549279E1,8.705164194E-1,6.112248898E-1,-2.203022689E-1
2.388553279E1,8.337526917E-1,4.941721857E-1,-2.208536118E-1
2.389557379E1,7.947744131E-1,3.471196294E-1,-2.075607181E-1
2.390561379E1,7.618256807E-1,1.972032636E-1,-1.869628429E-1
2.391565379E1,7.391065359E-1,7.995599508E-2,-1.596744955E-1
2.392569479E1,7.237100005E-1,2.061901428E-2,-1.204640344E-1
2.393573479E1,7.185636759E-1,1.670230180E-2,-8.039624244E-2
2.394577579E1,7.245532274E-1,3.071532212E-2,-1.588577777E-2
2.395581579E1,7.380890250E-1,7.509210706E-2,6.174696609E-2
2.396585579E1,7.539083362E-1,1.294544786E-1,1.423760355E-1
2.397589679E1,7.783159614E-1,1.996194571E-1,2.232522368E-1
2.398593679E1,8.062982559E-1,2.998904586E-1,3.002705574E-1
2.399597779E1,7.458139062E-1,4.622692466E-1,3.419381082E-1
2.400601779E1,5.274969935E-1,6.181848645E-1,3.433706462E-1
2.401605779E1,3.077270687E-1,7.523828745E-1,3.558129370E-1
2.402609879E1,2.840223610E-1,1.062722683E0,4.790416062E-1
2.403613879E1,4.318112731E-1,1.219946384E0,6.707897186E-1
2.404617979E1,5.167763829E-1,1.018151402E0,7.782859206E-1
2.405621979E1,3.889414668E-1,5.176116228E-1,7.063995004E-1
2.406625979E1,2.556894720E-1,-2.871234715E-2,5.535693765E-1
2.407630079E1,1.681481451E-1,-3.074728549E-1,3.672516644E-1
2.408634079E1,5.499356985E-2,-3.373887241E-1,1.982209384E-1
2.409638179E1,-3.887940198E-2,-2.874448597E-1,1.311987638E-1
2.410642179E1,-4.262656718E-2,-3.370986879E-1,1.272014081E-1
2.411646179E1,1.393897645E-2,-4.869587719E-1,1.576202959E-1
2.412650279E1,5.384875461E-2,-6.204041839E-1,1.964384168E-1
2.413654279E1,5.245325714E-2,-6.227914691E-1,2.452336550E-1
2.414658379E1,-5.309957545E-3,-4.842804372E-1,2.829323113E-1
2.415662379E1,-1.090579256E-1,-2.951083779E-1,2.820244431E-1
2.416666379E1,-2.571556866E-1,-1.443044096E-1,2.404118180E-1
2.417670479E1,-3.823282421E-1,-1.117363498E-1,1.732008159E-1
2.418674479E1,-4.375998974E-1,-1.806706935E-1,1.025020331E-1
2.419678579E1,-4.380350709E-1,-2.711334527E-1,4.808992147E-2
2.420682579E1,-4.432545304E-1,-3.571845293E-1,3.315098211E-2
2.421686579E1,-4.268997908E-1,-3.607885838E-1,2.752718329E-2
2.422690679E1,-4.248434901E-1,-2.878751755E-1,2.370347641E-2
2.423694662E1,-4.520617723E-1,-1.741352826E-1,1.211925782E-2
2.424698762E1,-4.919509292E-1,-5.663924664E-2,-5.190948024E-3
2.425702762E1,-5.400809050E-1,5.569741502E-2,-2.002368867E-2
2.426706762E1,-5.737800002E-1,1.292504519E-1,-4.833389074E-2
2.427710862E1,-5.981191993E-1,1.279484332E-1,-7.409305125E-2
2.428714863E1,-6.279971600E-1,6.640032679E-2,-1.018106192E-1
2.429718962E1,-6.415393353E-1,-2.390320972E-2,-1.242056713E-1
2.430722963E1,-6.551292539E-1,-1.119668558E-1,-1.436910331E-1
2.431726962E1,-6.588174701E-1,-1.775115132E-1,-1.669763774E-1
2.432731062E1,-6.573776007E-1,-2.150308341E-1,-1.916028410E-1
2.433735062E1,-6.570191383E-1,-2.040391713E-1,-1.913410574E-1
2.434739162E1,-6.715640426E-1,-1.710324287E-1,-1.677820683E-1
2.435743162E1,-7.077388167E-1,-1.127251759E-1,-1.111366302E-1
2.436747162E1,-7.484282255E-1,-1.719980873E-2,-4.156221449E-2
2.437751262E1,-8.020591736E-1,1.031226069E-1,2.918199450E-2
2.438755262E1,-8.506294489E-1,2.286202013E-1,9.605012834E-2
2.439759363E1,-8.968899250E-1,3.256181479E-1,1.497618258E-1
2.440763362E1,-9.431697130E-1,3.940463960E-1,1.860820502E-1
2.441767362E1,-9.936781526E-1,4.145977497E-1,2.111458629E-1
2.442771462E1,-1.044190764E0,3.911729753E-1,2.234816402E-1
2.443775462E1,-1.087078571E0,2.958248854E-1,2.103831470E-1
2.444779562E1,-1.135088682E0,2.460563481E-1,2.013698071E-1
2.445783562E1,-1.185986519E0,2.032652199E-1,2.086050808E-1
2.446787563E1,-1.234436154E0,1.841107756E-1,2.229081839E-1
2.447791662E1,-1.288953185E0,1.907164752E-1,2.488468289E-1
2.448795663E1,-1.352663755E0,1.734234989E-1,2.993275523E-1
2.449799662E1,-1.420842767E0,1.083744615E-1,3.569514453E-1
2.450803762E1,-1.480232477E0,-2.042582259E-3,4.100858867E-1
2.451807762E1,-1.533306599E0,-1.156847253E-1,4.531952739E-1
2.452811862E1,-1.558910131E0,-2.007338852E-1,4.853510857E-1
2.453815862E1,-1.557683706E0,-2.531228065E-1,5.128876567E-1
2.454819862E1,-1.533723116E0,-2.745302022E-1,5.272870064E-1
2.455823963E1,-1.502392173E0,-2.786064148E-1,5.369265676E-1
2.456827962E1,-1.477381229E0,-2.570821345E-1,5.419496298E-1
2.457832063E1,-1.462963104E0,-2.194098383E-1,5.393844843E-1
2.458836062E1,-1.440438390E0,-1.532801688E-1,5.264096856E-1
2.459840062E1,-1.411045313E0,-5.485052615E-2,5.124211311E-1
2.460844162E1,-1.366361737E0,6.622980535E-2,4.954043031E-1
2.461848162E1,-1.313578367E0,1.601432562E-1,4.707346559E-1
2.462852262E1,-1.255620837E0,1.910724938E-1,4.319580793E-1
2.463856262E1,-1.194770813E0,1.856755912E-1,3.805753291E-1
2.464860263E1,-1.134896040E0,1.513161510E-1,3.116226196E-1
2.465864362E1,-1.066392541E0,8.768390864E-2,2.213694155E-1
2.466868363E1,-1.003248930E0,-6.882106885E-3,1.215074509E-1
2.467872462E1,-9.454966187E-1,-1.128048077E-1,8.576901630E-3
2.468876462E1,-8.812445998E-1,-2.282157391E-1,-9.935555607E-2
2.469880462E1,-8.196846247E-1,-3.351635039E-1,-1.895735860E-1
2.470884562E1,-8.013311625E-1,-3.972978890E-1,-2.341164351E-1
2.471888562E1,-8.396396637E-1,-3.979684711E-1,-2.296662927E-1
2.472892662E1,-8.820682764E-1,-3.223009408E-1,-1.800425649E-1
2.473896663E1,-8.591549993E-1,-1.540538520E-1,-8.852995932E-2
2.474900662E1,-7.026376724E-1,8.727130294E-2,-9.915608913E-3
2.475904763E1,-4.303448498E-1,2.695417702E-1,1.127356477E-2
2.476908762E1,-1.368503422E-1,3.101593852E-1,-1.508102193E-2
2.477912762E1,1.008277163E-1,2.450459152E-1,-1.472635567E-1
2.478916862E1,3.024947345E-1,1.186056435E-1,-4.737805724E-1
2.479920862E1,4.538517594E-1,-2.440077253E-2,-9.637305737E-1
2.480924962E1,5.685191154E-1,-1.860920638E-1,-1.459240913E0
2.481928962E1,6.289667487E-1,-4.144330919E-1,-1.780645013E0
2.482932963E1,5.652887821E-1,-5.736371875E-1,-1.896207094E0
2.483937062E1,4.315499067E-1,-6.631252766E-1,-1.822090864E0
2.484941063E1,3.455359936E-1,-6.852082014E-1,-1.563605666E0
2.485945162E1,3.086112738E-1,-7.225646377E-1,-1.174090147E0
2.486949162E1,3.423985839E-1,-7.527834177E-1,-7.279998660E-1
2.487953162E1,4.263360798E-1,-6.807091832E-1,-2.965536416E-1
2.488957262E1,5.404832363E-1,-4.991800487E-1,5.444998667E-2
2.489961262E1,6.661165357E-1,-2.425445169E-1,3.106175661E-1
2.490965362E1,7.545709610E-1,8.800044656E-3,4.493572116E-1
2.491969363E1,8.637027740E-1,1.819388121E-1,4.970442951E-1
2.492973362E1,9.695557356E-1,2.472302020E-1,4.765323997E-1
2.493977463E1,1.064415932E0,2.204031199E-1,3.988471925E-1
2.494981462E1,1.159529805E0,1.650754213E-1,2.713031173E-1
2.495985562E1,1.238833666E0,1.084291935E-1,1.338374019E-1
2.496989562E1,1.292242289E0,6.087576225E-2,1.115846261E-2
2.497993562E1,1.337471604E0,3.386385366E-2,-9.872222692E-2
2.498997662E1,1.381321311E0,2.509167977E-2,-1.874172688E-1
2.500001662E1,1.420674324E0,5.885922909E-2,-2.309849858E-1
2.501005663E1,1.453537345E0,1.353014857E-1,-2.175958157E-1
2.502009762E1,1.466598749E0,2.041322142E-1,-1.490662992E-1
2.503013762E1,1.464785218E0,2.687221467E-1,-6.898047030E-2
2.504017862E1,1.456170917E0,2.630490661E-1,3.748591989E-3
2.505021862E1,1.444708347E0,2.486153394E-1,3.978992626E-2
2.506025862E1,1.418516517E0,2.710934877E-1,2.062049136E-2
2.507029962E1,1.382758856E0,2.598855197E-1,-2.782856300E-2
2.508033962E1,1.340431333E0,2.070278972E-1,-8.089257777E-2
2.509038062E1,1.296307445E0,1.386571079E-1,-1.244799793E-1
2.510042063E1,1.264708519E0,7.609625906E-2,-1.474233717E-1
2.511046062E1,1.243654370E0,3.358022496E-2,-1.615604907E-1
2.512050163E1,1.232383847E0,4.290155694E-2,-1.715228558E-1
2.513054162E1,1.224913955E0,1.126553640E-1,-1.874003559E-1
2.514058262E1,1.207180500E0,2.209003419E-1,-2.055719048E-1
2.515062262E1,1.186832547E0,3.345741928E-1,-2.206208110E-1
2.516066262E1,1.166811347E0,4.186057150E-1,-2.473379076E-1
2.517070362E1,1.149765611E0,4.673009515E-1,-2.912580669E-1
2.518074362E1,1.149219871E0,4.757130742E-1,-3.307452798E-1
2.519078463E1,1.167780638E0,4.412898123E-1,-3.611339033E-1
2.520082462E1,1.206429005E0,3.590196967E-1,-3.768399060E-1
2.521086462E1,1.250767589E0,2.322060317E-1,-3.747270107E-1
2.522090562E1,1.302512050E0,9.076154232E-2,-3.557985723E-1
2.523094562E1,1.344550729E0,-1.540761441E-2,-3.452017605E-1
2.524098550E1,1.354075789E0,-5.129717290E-2,-3.281934559E-1
2.525102650E1,1.341895223E0,-2.546471730E-2,-3.143937290E-1
2.526106650E1,1.303943753E0,5.046600103E-2,-2.794018984E-1
2.527110750E1,1.241801381E0,1.434695125E-1,-2.380634993E-1
2.528114750E1,1.158702254E0,2.274954468E-1,-1.761902869E-1
2.529118750E1,1.070176482E0,3.061215281E-1,-1.123723388E-1
2.530122850E1,9.798159599E-1,3.807047009E-1,-7.211253792E-2
2.531126850E1,8.890925646E-1,4.239999950E-1,-5.972976610E-2
2.532130950E1,8.048676848E-1,4.248948097E-1,-6.403130293E-2
2.533134950E1,7.425759435E-1,4.050819874E-1,-6.896529347E-2
2.534138950E1,6.977256536E-1,3.719301820E-1,-7.632946223E-2
2.535143050E1,6.675559878E-1,3.260919452E-1,-9.507630765E-2
2.536147050E1,6.677285433E-1,2.887555063E-1,-1.158961058E-1
2.537151150E1,6.903001070E-1,2.645317018E-1,-1.461317539E-1
2.538155150E1,7.130402923E-1,2.378090322E-1,-1.872919649E-1
2.539159150E1,7.094882727E-1,1.878980696E-1,-2.174085379E-1
2.540163250E1,6.719443202E-1,1.342803836E-1,-2.268132269E-1
2.541167250E1,6.033306122E-1,1.051369905E-1,-2.221817821E-1
2.542171250E1,5.087249875E-1,6.371817738E-2,-1.847550422E-1
2.543175350E1,4.253449440E-1,-5.129242316E-3,-1.185196862E-1
2.544179350E1,3.754535615E-1,-1.004605591E-1,-3.268600628E-2
2.545183450E1,3.388234973E-1,-1.643559784E-1,6.334055215E-2
2.546187450E1,2.081307471E-1,-1.507783830E-1,1.161371842E-1
2.547191450E1,-2.021803753E-3,-1.304538548E-1,1.497111768E-1
2.548195550E1,-1.137571260E-1,7.064568996E-2,2.344204783E-1
2.549199550E1,-1.866257377E-2,4.206305444E-1,4.348319471E-1
2.550203650E1,5.694190785E-2,6.323565841E-1,6.385459304E-1
2.551207650E1,-1.450153887E-1,7.015351653E-1,7.166867852E-1
2.552211650E1,-4.393847287E-1,5.934342742E-1,7.011661530E-1
2.553215750E1,-5.818064213E-1,3.434833288E-1,6.568900347E-1
2.554219750E1,-6.244937181E-1,5.559055135E-2,5.922487378E-1
2.555223750E1,-6.883886456E-1,-2.564594150E-1,4.974864125E-1
2.556227850E1,-7.712520957E-1,-5.183208585E-1,3.682186902E-1
2.557231850E1,-8.095785975E-1,-6.456502676E-1,2.327946723E-1
2.558235950E1,-8.260499835E-1,-6.903972626E-1,7.772093266E-2
2.559239950E1,-8.293314576E-1,-6.743845344E-1,-7.334025204E-2
2.560243950E1,-8.228128552E-1,-5.757993460E-1,-2.010766566E-1
2.561248050E1,-8.262668252E-1,-4.275242090E-1,-2.818115056E-1
2.562252050E1,-8.338863850E-1,-2.825489342E-1,-3.099462092E-1
2.563256150E1,-8.290402889E-1,-1.589612365E-1,-3.052981496E-1
2.564260150E1,-7.993023396E-1,-8.844951540E-2,-2.780180573E-1
2.565264150E1,-7.313522696E-1,-5.260922760E-2,-2.234430462E-1
2.566268250E1,-6.509748697E-1,-1.060824655E-2,-1.316766441E-1
2.567272250E1,-5.790597200E-1,5.530189350E-2,-1.561633684E-2
2.568276350E1,-5.080385208E-1,1.279201806E-1,1.074334159E-1
2.569280350E1,-4.440484345E-1,2.015857548E-1,2.000313848E-1
2.570284350E1,-3.879303336E-1,2.722881436E-1,2.410331517E-1
2.571288450E1,-3.599964976E-1,3.389275968E-1,2.365906239E-1
2.572292450E1,-3.674120903E-1,3.859856427E-1,2.056649327E-1
2.573296450E1,-4.174393713E-1,4.023895562E-1,1.443570405E-1
2.574300550E1,-4.856224060E-1,3.720915914E-1,7.370389998E-2
2.575304550E1,-5.537137985E-1,2.706579566E-1,2.194811823E-4
2.576308650E1,-6.066004634E-1,1.242810488E-1,-6.642213464E-2
2.577312650E1,-6.429412365E-1,-5.637036636E-3,-1.206648648E-1
2.578316650E1,-6.694125533E-1,-7.470425218E-2,-1.696542501E-1
2.579320750E1,-6.983256340E-1,-1.184548512E-1,-1.999642253E-1
2.580324750E1,-7.242033482E-1,-1.329301894E-1,-2.108890563E-1
2.581328850E1,-7.506515384E-1,-1.177339852E-1,-1.867711097E-1
2.582332850E1,-7.853932381E-1,-7.545656711E-2,-1.365356296E-1
2.583336850E1,-8.184727430E-1,-1.410918310E-2,-7.075525075E-2
2.584340950E1,-8.526113033E-1,4.884741455E-2,-4.080086946E-3
2.585344950E1,-8.901562691E-1,9.201472998E-2,6.458323449E-2
2.586348950E1,-9.261978865E-1,1.167107522E-1,1.247256696E-1
2.587353050E1,-9.634084105E-1,1.430910975E-1,1.713135689E-1
2.588357050E1,-9.989389181E-1,1.663487405E-1,2.062758207E-1
2.589361150E1,-1.029333830E0,1.664636135E-1,2.337986380E-1
2.590365150E1,-1.044771671E0,1.425305754E-1,2.513086796E-1
2.591369150E1,-1.054822326E0,1.035524681E-1,2.588019371E-1
2.592373250E1,-1.058024764E0,3.821447492E-2,2.600163519E-1
2.593377250E1,-1.060523629E0,-1.085961238E-3,2.635242641E-1
2.594381250E1,-1.079771399E0,-1.099079009E-2,2.658084631E-1
2.595385350E1,-1.095886946E0,-6.960604805E-4,2.715387344E-1
2.596389350E1,-1.093284488E0,9.137928486E-3,2.786048949E-1
2.597393450E1,-1.081100106E0,1.798569411E-2,2.990747094E-1
2.598397450E1,-1.064913154E0,2.897203341E-2,3.083121479E-1
2.599401450E1,-1.042777419E0,2.886441350E-2,3.075636327E-1
2.600405550E1,-1.014346242E0,2.314500883E-2,3.001619279E-1
2.601409550E1,-9.746193290E-1,2.111453190E-2,2.969433665E-1
2.602413650E1,-9.260294437E-1,1.697278395E-2,2.962853014E-1
2.603417650E1,-8.866308331E-1,-9.862731677E-4,2.998509109E-1
2.604421650E1,-8.564987779E-1,-3.069676645E-2,2.863606513E-1
2.605425750E1,-8.292138577E-1,-5.192513019E-2,2.618920505E-1
2.606429750E1,-8.013188243E-1,-6.217616796E-2,2.389406562E-1
2.607433850E1,-7.650172114E-1,-7.448235154E-2,2.212313861E-1
2.608437850E1,-7.286946177E-1,-8.653955162E-2,2.093339711E-1
2.609441850E1,-6.999253631E-1,-9.413383901E-2,1.866838485E-1
2.610445950E1,-6.827394366E-1,-1.005704328E-1,1.420335472E-1
2.611449950E1,-6.585015655E-1,-1.202147305E-1,9.946010262E-2
2.612453950E1,-6.433678865E-1,-1.544795036E-1,6.731468439E-2
2.613458050E1,-6.264002323E-1,-2.018905878E-1,3.254367411E-2
2.614462050E1,-6.025359035E-1,-2.519082129E-1,9.383443976E-4
2.615466150E1,-5.813867450E-1,-2.793844640E-1,-3.952492401E-2
2.616470150E1,-5.737625957E-1,-3.101564944E-1,-9.180037677E-2
2.617474150E1,-5.815643668E-1,-3.295986354E-1,-1.251948178E-1
2.618478250E1,-6.177295446E-1,-3.374024928E-1,-1.220229939E-1
2.619482250E1,-6.450791359E-1,-3.114894032E-1,-9.512133896E-2
2.620486250E1,-6.156243086E-1,-2.004827261E-1,-5.756624043E-2
2.621490350E1,-4.838161767E-1,-1.747559942E-2,-3.646638989E-2
2.622494350E1,-2.416168749E-1,1.007868573E-1,-2.795466408E-2
2.623498450E1,4.376604408E-2,1.263136864E-1,-6.360028684E-2
2.624502437E1,2.918610871E-1,7.281823456E-2,-2.515904307E-1
2.625506438E1,4.863100350E-1,-5.338944867E-2,-6.383963823E-1
2.626510537E1,6.348372102E-1,-2.051765770E-1,-1.088749409E0
2.627514537E1,6.067755222E-1,-4.500470459E-1,-1.429051638E0
2.628518637E1,3.877262771E-1,-7.608635426E-1,-1.581148744E0
2.629522637E1,1.030536070E-1,-1.008731127E0,-1.500081778E0
2.630526637E1,-9.429381788E-2,-1.153552175E0,-1.223402262E0
2.631530737E1,-1.187728047E-1,-1.246223569E0,-8.319637775E-1
2.632534738E1,-2.254666761E-2,-1.313124537E0,-4.135010242E-1
2.633538737E1,1.586994901E-2,-1.231584430E0,-5.302818492E-2
2.634542838E1,-1.832716912E-2,-1.053059936E0,2.264444679E-1
2.635546837E1,-8.108454198E-2,-7.623868585E-1,4.294578135E-1
2.636550937E1,-1.197357997E-1,-3.735059202E-1,5.644574165E-1
2.637554937E1,-8.939865232E-2,3.810612485E-3,6.027141213E-1
2.638558937E1,3.079567105E-2,2.770261765E-1,5.483094454E-1
2.639563037E1,1.782922447E-1,4.031452537E-1,4.433317780E-1
2.640567037E1,3.540643454E-1,3.719527125E-1,3.021059632E-1
2.641571038E1,5.401654840E-1,2.673268318E-1,1.353070289E-1
2.642575137E1,7.025282979E-1,1.150355637E-1,-3.397974372E-2
2.643579137E1,8.405300975E-1,-8.187284321E-2,-1.531132311E-1
2.644583237E1,9.398646951E-1,-2.925427258E-1,-2.164645046E-1
2.645587237E1,1.016062260E0,-4.576341808E-1,-2.355020791E-1
2.646591237E1,1.074054956E0,-5.820951462E-1,-1.988583058E-1
2.647595337E1,1.115748525E0,-6.297667623E-1,-1.279952377E-1
2.648599337E1,1.121754408E0,-5.818394423E-1,-3.750820830E-2
2.649603437E1,1.127152562E0,-4.762772024E-1,4.221002012E-2
2.650607438E1,1.142811179E0,-3.323165476E-1,1.276458204E-1
2.651611437E1,1.177598953E0,-1.557272524E-1,1.853109151E-1
2.652615538E1,1.216728449E0,5.746517703E-2,1.940676570E-1
2.653619537E1,1.240248322E0,2.849285305E-1,1.782196462E-1
2.654623537E1,1.236560702E0,4.928377867E-1,1.712584049E-1
2.655627637E1,1.218419909E0,6.176708341E-1,1.689282656E-1
2.656631637E1,1.193693519E0,6.289333701E-1,1.595680565E-1
2.657635737E1,1.160398602E0,5.556334853E-1,1.402242482E-1
2.658639737E1,1.118202686E0,4.715574980E-1,9.891862422E-2
2.659643738E1,1.067296147E0,3.929966390E-1,5.059074610E-2
2.660647837E1,1.014476895E0,3.534992933E-1,4.767331295E-3
2.661651837E1,9.794152379E-1,3.193116188E-1,-5.651527271E-2
2.662655837E1,9.596289992E-1,2.636190653E-1,-1.302827150E-1
2.663659937E1,9.612061381E-1,1.891747266E-1,-2.161885202E-1
2.664663937E1,9.745762348E-1,1.226100773E-1,-3.051594198E-1
2.665668037E1,9.854279160E-1,5.865702778E-2,-3.846661448E-1
2.666672037E1,9.904897809E-1,8.891068399E-3,-4.466749132E-1
2.667676037E1,9.832221866E-1,-3.559766710E-2,-4.784374535E-1
2.668680138E1,9.662719965E-1,-9.912764281E-2,-4.717949927E-1
2.669684137E1,9.528970718E-1,-1.609091759E-1,-4.369026124E-1
2.670688238E1,9.432835579E-1,-1.769786924E-1,-3.953764737E-1
2.671692237E1,9.458964467E-1,-1.345404536E-1,-3.310348392E-1
2.672696237E1,9.696425200E-1,-2.179419622E-2,-2.643932402E-1
2.673700337E1,1.025524855E0,1.397224665E-1,-2.233201563E-1
2.674704337E1,1.099172235E0,3.220246434E-1,-2.232250720E-1
2.675708338E1,1.177834272E0,4.614880085E-1,-2.688264251E-1
2.676712437E1,1.266121149E0,5.589922071E-1,-3.553376198E-1
2.677716438E1,1.350360155E0,6.165716052E-1,-4.596920013E-1
2.678720537E1,1.389438629E0,6.400351524E-1,-5.358432531E-1
2.679724537E1,1.379303336E0,6.446918845E-1,-5.695272088E-1
2.680728537E1,1.337166190E0,6.145079136E-1,-5.412335396E-1
2.681732637E1,1.283252120E0,5.369023085E-1,-4.519776404E-1
2.682736637E1,1.225479603E0,4.046334624E-1,-3.134234846E-1
2.683740637E1,1.181542039E0,2.620350420E-1,-1.651567966E-1
2.684744738E1,1.150992870E0,1.204917580E-1,-2.735872194E-2
2.685748737E1,1.140219569E0,1.632487588E-2,8.250865340E-2
2.686752838E1,1.091371417E0,-3.759428486E-2,1.294553876E-1
2.687756837E1,9.186450839E-1,-7.384836674E-2,1.162932217E-1
2.688760837E1,7.222052813E-1,-6.348574162E-2,9.778558463E-2
2.689764937E1,6.233906150E-1,1.291017830E-1,1.641089171E-1
2.690768937E1,6.239213943E-1,3.391796350E-1,3.133231997E-1
2.691773037E1,5.221979618E-1,4.470041096E-1,4.160282612E-1
2.692777037E1,2.330428213E-1,4.160813391E-1,4.183534682E-1
2.693781038E1,-3.341280669E-2,2.692136168E-1,3.632110357E-1
2.694785137E1,-1.684004515E-1,9.179143608E-2,2.889597118E-1
2.695789138E1,-2.669157088E-1,-6.636851281E-2,2.171532661E-1
2.696793137E1,-3.860714138E-1,-2.179588377E-1,1.820860952E-1
2.697797237E1,-4.377803802E-1,-3.310739398E-1,1.710594893E-1
2.698801237E1,-4.308428466E-1,-4.412723482E-1,1.618649215E-1
2.699805337E1,-3.700559735E-1,-5.297009945E-1,1.331774592E-1
2.700809337E1,-2.933188677E-1,-5.701810718E-1,7.526250184E-2
2.701813337E1,-2.560329139E-1,-5.283514857E-1,-1.571878791E-2
2.702817438E1,-2.610106468E-1,-4.169538617E-1,-1.179250479E-1
2.703821437E1,-2.632735074E-1,-3.213347197E-1,-2.014638036E-1
2.704825437E1,-2.223937511E-1,-2.807561457E-1,-2.649943233E-1
2.705829537E1,-2.018328011E-1,-2.343195379E-1,-2.965481281E-1
2.706833537E1,-1.793059111E-1,-1.613502502E-1,-3.037365377E-1
2.707837637E1,-1.387609392E-1,-7.570242137E-2,-2.826578617E-1
2.708841637E1,-7.930054516E-2,1.678410545E-2,-2.256129384E-1
2.709845638E1,-2.832247317E-2,1.121366322E-1,-1.322146207E-1
2.710849737E1,-1.242260169E-2,2.169962078E-1,-3.373225406E-2
2.711853738E1,-1.560153067E-2,2.934323251E-1,4.605586082E-2
2.712857737E1,-3.731507808E-2,3.500636518E-1,9.588839114E-2
2.713861838E1,-7.814206928E-2,4.023690820E-1,1.169417351E-1
2.714865837E1,-1.312207282E-1,4.346956015E-1,1.156176105E-1
2.715869937E1,-1.854191720E-1,4.227473140E-1,9.171964973E-2
2.716873937E1,-2.312039733E-1,3.650009036E-1,4.217207059E-2
2.717877937E1,-2.621122301E-1,3.023973107E-1,-2.863981575E-2
2.718882037E1,-2.830920815E-1,2.383898199E-1,-1.085796505E-1
2.719886037E1,-3.089437187E-1,1.733605266E-1,-1.845909953E-1
2.720890138E1,-3.367015719E-1,1.262513399E-1,-2.318605036E-1
2.721894137E1,-3.755424917E-1,8.830054104E-2,-2.473545223E-1
2.722898137E1,-4.152984023E-1,1.072902158E-1,-2.343489826E-1
2.723902237E1,-4.459560812E-1,1.385544688E-1,-2.000657171E-1
2.724906267E1,-4.728215039E-1,1.847661734E-1,-1.529296339E-1
2.725910267E1,-5.010134578E-1,1.922917515E-1,-8.757012337E-2
2.726914367E1,-5.341234803E-1,2.081362307E-1,-1.547009777E-2
2.727918367E1,-5.694331527E-1,2.349305153E-1,6.405664980E-2
2.728922467E1,-6.084468961E-1,2.739617825E-1,1.494581103E-1
2.729926467E1,-6.478025317E-1,3.442267179E-1,2.353007495E-1
2.730930467E1,-6.852236986E-1,4.047878087E-1,2.939606011E-1
2.731934567E1,-7.203680277E-1,4.285629392E-1,3.229599297E-1
2.732938567E1,-7.510455251E-1,4.188610315E-1,3.284729421E-1
2.733942567E1,-7.732142210E-1,3.986982405E-1,3.269647956E-1
2.734946667E1,-7.985291481E-1,3.607788384E-1,3.206962347E-1
2.735950667E1,-8.351670504E-1,2.935921848E-1,3.151615560E-1
2.736954767E1,-8.765507340E-1,2.283308953E-1,3.147820532E-1
2.737958767E1,-9.220896959E-1,1.967960000E-1,3.283152878E-1
2.738962767E1,-9.645444751E-1,1.828586161E-1,3.448567092E-1
2.739966867E1,-9.997665286E-1,1.699868292E-1,3.715060651E-1
2.740970867E1,-1.013842940E0,1.570952535E-1,3.947107196E-1
2.741974967E1,-1.004678845E0,1.416326016E-1,4.105710685E-1
2.742978967E1,-9.863640070E-1,1.106416583E-1,4.174925983E-1
2.743982967E1,-9.656559229E-1,6.385806203E-2,4.044460952E-1
2.744987067E1,-9.344743490E-1,1.928979158E-2,3.756336272E-1
2.745991067E1,-8.939078450E-1,-2.404582873E-2,3.387095928E-1
2.746995067E1,-8.527609706E-1,-5.629564449E-2,3.074723184E-1
2.747999167E1,-8.063160181E-1,-9.503696114E-2,2.765632868E-1
2.749003167E1,-7.458058000E-1,-1.406630278E-1,2.422034591E-1
2.750007267E1,-6.864634156E-1,-1.800492406E-1,2.060397267E-1
2.751011267E1,-6.420668960E-1,-2.095874250E-1,1.712657809E-1
2.752015267E1,-6.188599467E-1,-2.287309319E-1,1.337239146E-1
2.753019367E1,-6.147139072E-1,-2.307818383E-1,9.435202181E-2
2.754023367E1,-6.160606742E-1,-2.310149074E-1,3.776186332E-2
2.755027367E1,-6.150329709E-1,-2.306135744E-1,-2.322772332E-2
2.756031467E1,-6.100813150E-1,-2.591587305E-1,-9.560868889E-2
2.757035467E1,-5.966153145E-1,-3.330737054E-1,-1.861910522E-1
2.758039567E1,-5.691583157E-1,-4.445570111E-1,-2.701207101E-1
2.759043567E1,-5.369026661E-1,-5.238057375E-1,-3.245250881E-1
2.760047567E1,-5.071244240E-1,-5.562182665E-1,-3.255308568E-1
2.761051667E1,-4.887704253E-1,-5.515617132E-1,-2.820443511E-1
2.762055667E1,-4.607017040E-1,-5.352298021E-1,-2.359518707E-1
2.763059767E1,-3.947367966E-1,-4.114740193E-1,-2.100928426E-1
2.764063767E1,-2.735327184E-1,-2.126154006E-1,-2.138295621E-1
2.765067767E1,-5.597192049E-2,-7.317335904E-2,-2.585232854E-1
2.766071867E1,2.042137980E-1,-4.672766104E-2,-3.916186392E-1
2.767075867E1,4.183860123E-1,-7.642883807E-2,-6.609997749E-1
2.768079867E1,5.387968421E-1,-1.695071161E-1,-1.011619806E0
2.769083967E1,5.194500089E-1,-3.358244598E-1,-1.333616138E0
2.770087967E1,4.085696638E-1,-5.487662554E-1,-1.529862046E0
2.771092067E1,2.549481392E-1,-7.442164421E-1,-1.545047879E0
2.772096067E1,1.726432145E-1,-8.994235992E-1,-1.379712462E0
2.773100067E1,1.442390084E-1,-9.803272486E-1,-1.075458050E0
2.774104167E1,7.791710645E-2,-9.122241139E-1,-7.101995349E-1
2.775108167E1,-5.249948427E-2,-6.852950454E-1,-3.433206081E-1
2.776112167E1,-2.416986823E-1,-4.148745239E-1,-4.290756583E-2
2.777116267E1,-4.310715199E-1,-1.290494204E-1,1.884108782E-1
2.778120267E1,-5.622299910E-1,1.315693259E-1,3.651963174E-1
2.779124367E1,-5.906658769E-1,2.858747542E-1,4.978124201E-1
2.780128367E1,-5.238844156E-1,3.313355744E-1,5.569469929E-1
2.781132367E1,-4.164679646E-1,2.940294743E-1,5.467441678E-1
2.782136467E1,-2.394874394E-1,2.139915079E-1,4.740329683E-1
2.783140467E1,1.077459194E-2,1.168069094E-1,3.644585311E-1
2.784144467E1,2.517889738E-1,2.126274444E-2,2.455399334E-1
2.785148567E1,4.532557726E-1,-5.010224879E-2,1.679668427E-1
2.786152567E1,5.988460183E-1,-8.045633137E-2,1.285646558E-1
2.787156667E1,6.932747960E-1,-1.006090045E-1,1.253768355E-1
2.788160667E1,7.446871996E-1,-9.351378679E-2,1.547884047E-1
2.789164667E1,7.872295976E-1,-5.752595514E-2,2.003359199E-1
2.790168767E1,8.230021596E-1,3.858402744E-2,2.652908564E-1
2.791172767E1,8.346346021E-1,1.536120772E-1,3.194419742E-1
2.792176867E1,8.694956899E-1,2.966269851E-1,3.269800246E-1
2.793180867E1,9.229341745E-1,4.937168658E-1,2.974876463E-1
2.794184867E1,9.608749151E-1,6.948766112E-1,2.657768428E-1
2.795188967E1,9.845450521E-1,8.007622957E-1,2.283826023E-1
2.796192967E1,9.986477494E-1,8.073002100E-1,1.824382395E-1
2.797196967E1,9.715743661E-1,7.385307550E-1,1.218697056E-1
2.798201067E1,9.080507755E-1,6.162518859E-1,4.800807312E-2
2.799205067E1,8.334603906E-1,4.707112014E-1,-2.396678366E-2
2.800209167E1,7.599906921E-1,3.303697705E-1,-9.360806644E-2
2.801213167E1,6.970269084E-1,2.222510278E-1,-1.469748914E-1
2.802217167E1,6.429358125E-1,1.374166310E-1,-1.947823018E-1
2.803221267E1,6.054688692E-1,5.844164640E-2,-2.349819243E-1
2.804225267E1,5.866791010E-1,-1.594400033E-2,-2.718233764E-1
2.805229267E1,5.888037682E-1,-6.314507127E-2,-3.160611391E-1
2.806233367E1,6.181579232E-1,-1.038471684E-1,-3.471037447E-1
2.807237367E1,6.661968231E-1,-1.509014964E-1,-3.682111800E-1
2.808241467E1,7.065415978E-1,-1.906157285E-1,-3.834617138E-1
2.809245467E1,7.212817073E-1,-2.004646361E-1,-4.082711935E-1
2.810249467E1,7.159962654E-1,-1.888848543E-1,-4.154155850E-1
2.811253567E1,7.024397254E-1,-1.504139006E-1,-3.908141255E-1
2.812257567E1,6.759855747E-1,-7.450862229E-2,-3.236558735E-1
2.813261567E1,6.458942294E-1,2.985613234E-2,-2.168224007E-1
2.814265667E1,6.181316972E-1,1.465067714E-1,-1.066623926E-1
2.815269667E1,5.924950838E-1,2.622261643E-1,-8.893221617E-3
2.816273767E1,5.645932555E-1,3.390555680E-1,6.111951172E-2
2.817277767E1,5.438610911E-1,3.739773333E-1,1.052187979E-1
2.818281767E1,5.491877794E-1,3.398393989E-1,1.299310476E-1
2.819285867E1,5.887301564E-1,2.559847236E-1,1.144082919E-1
2.820289867E1,6.654399037E-1,1.712403893E-1,5.833930895E-2
2.821293867E1,7.765501738E-1,1.095858067E-1,-2.857162245E-2
2.822297967E1,8.943394423E-1,7.423580438E-2,-1.426459849E-1
2.823301967E1,9.861137867E-1,5.442375317E-2,-2.670451701E-1
2.824306062E1,1.031298041E0,4.634118639E-3,-3.605089188E-1
2.825310063E1,1.018815279E0,-5.888573453E-2,-4.182928503E-1
2.826314062E1,9.782109857E-1,-1.209812462E-1,-4.130705297E-1
2.827318163E1,9.220646620E-1,-1.179082245E-1,-3.740142286E-1
2.828322162E1,7.863153815E-1,-7.353473455E-2,-3.163706362E-1
2.829326262E1,6.263741851E-1,4.457219690E-2,-2.406252772E-1
2.830330262E1,5.989176631E-1,3.408014774E-1,-8.311646432E-2
2.831334262E1,7.209466696E-1,6.575815678E-1,1.704478860E-1
2.832338362E1,7.145625949E-1,7.618331313E-1,3.828729689E-1
2.833342362E1,4.434341490E-1,5.578445792E-1,4.683947861E-1
2.834346363E1,1.433035433E-1,1.969214082E-1,5.000954866E-1
2.835350462E1,-6.564675272E-2,-1.205044985E-1,5.419398546E-1
2.836354462E1,-2.559599876E-1,-3.197307289E-1,5.958853364E-1
2.837358562E1,-4.407873452E-1,-4.892800748E-1,5.956115723E-1
2.838362562E1,-6.678606868E-1,-6.001625061E-1,5.258210897E-1
2.839366562E1,-9.367249012E-1,-6.793803573E-1,4.233677387E-1
2.840370662E1,-1.092242360E0,-7.731297612E-1,3.128122091E-1
2.841374663E1,-1.109870076E0,-7.837355137E-1,2.057997286E-1
2.842378662E1,-1.044673920E0,-6.747845411E-1,1.108298525E-1
2.843382763E1,-9.679956436E-1,-5.135170817E-1,2.891128324E-2
2.844386762E1,-8.959770799E-1,-4.150284827E-1,-3.520679474E-2
2.845390863E1,-8.288078904E-1,-3.517448604E-1,-7.595822215E-2
2.846394862E1,-7.899250388E-1,-2.895995378E-1,-9.431280196E-2
2.847398862E1,-7.651706934E-1,-2.046577632E-1,-8.530332893E-2
2.848402962E1,-7.404423356E-1,-1.029311717E-1,-2.961644903E-2
2.849406962E1,-6.982453465E-1,6.310366094E-3,5.847585946E-2
2.850410963E1,-6.554144025E-1,1.053397059E-1,1.368488520E-1
2.851415062E1,-6.346318722E-1,1.809577644E-1,1.680808067E-1
2.852419063E1,-6.211824417E-1,2.169257849E-1,1.662884951E-1
2.853423162E1,-5.972723365E-1,2.399996668E-1,1.314423531E-1
2.854427162E1,-5.669505000E-1,2.570846677E-1,7.657145709E-2
2.855431162E1,-5.529007316E-1,2.642775774E-1,2.565687522E-2
2.856435262E1,-5.481141210E-1,2.661980987E-1,-2.970535308E-2
2.857439262E1,-5.463148952E-1,2.415050268E-1,-8.842166513E-2
2.858443262E1,-5.539183617E-1,2.205040604E-1,-1.452658921E-1
2.859447363E1,-5.637600422E-1,2.044598460E-1,-1.977453381E-1
2.860451362E1,-5.787426233E-1,1.949374229E-1,-2.372402996E-1
2.861455463E1,-5.994194150E-1,1.841761321E-1,-2.377790511E-1
2.862459462E1,-6.354519725E-1,1.713910848E-1,-2.063220590E-1
2.863463462E1,-6.851550937E-1,1.686144769E-1,-1.542681903E-1
2.864467562E1,-7.492222786E-1,1.798835397E-1,-8.353563398E-2
2.865471562E1,-8.141106963E-1,1.560892612E-1,-3.890338819E-3
2.866475662E1,-8.778932691E-1,1.142799184E-1,8.473058790E-2
2.867479662E1,-9.399507642E-1,1.110007688E-1,1.736806929E-1
2.868483663E1,-9.907279611E-1,1.144793928E-1,2.572160959E-1
2.869487762E1,-1.032349706E0,9.986103326E-2,3.297107816E-1
2.870491763E1,-1.058207154E0,7.164748013E-2,3.763489723E-1
2.871495762E1,-1.075737119E0,4.790193588E-2,4.080978334E-1
2.872499862E1,-1.092339754E0,4.317807406E-2,4.244643450E-1
2.873503862E1,-1.110792279E0,2.909155190E-2,4.294410050E-1
2.874507962E1,-1.124669075E0,2.398355678E-2,4.338809848E-1
2.875511962E1,-1.136779189E0,4.451332986E-2,4.449810386E-1
2.876515962E1,-1.141201138E0,5.351315066E-2,4.588758945E-1
2.877520063E1,-1.113492250E0,5.920752138E-2,4.688504934E-1
2.878524062E1,-1.068111181E0,7.273712009E-2,4.766767323E-1
2.879528062E1,-1.016473055E0,9.376198053E-2,4.816536605E-1
2.880532162E1,-9.508063793E-1,9.862880409E-2,4.817972183E-1
2.881536162E1,-8.723344803E-1,8.671861887E-2,4.776725173E-1
2.882540262E1,-7.990375757E-1,5.576662719E-2,4.730097651E-1
2.883544262E1,-7.358018756E-1,9.562115185E-3,4.634301066E-1
2.884548263E1,-6.851645112E-1,-1.865350641E-2,4.371234179E-1
2.885552362E1,-6.541658044E-1,-3.113946877E-2,4.049356580E-1
2.886556363E1,-6.135990620E-1,-3.034484759E-2,3.632767200E-1
2.887560362E1,-5.592297912E-1,-2.691443078E-2,3.101889789E-1
2.888564462E1,-4.905333221E-1,-3.354211152E-2,2.500214279E-1
2.889568462E1,-4.305783808E-1,-5.653158203E-2,1.913176179E-1
2.890572562E1,-3.872851729E-1,-8.384666592E-2,1.332101077E-1
2.891576562E1,-3.612112403E-1,-1.130721942E-1,7.668291032E-2
2.892580562E1,-3.522237837E-1,-1.596272588E-1,1.917681843E-2
2.893584662E1,-3.576134741E-1,-2.216679901E-1,-3.457908705E-2
2.894588662E1,-3.726702034E-1,-2.974202931E-1,-8.476696908E-2
2.895592763E1,-3.867894709E-1,-3.699565530E-1,-1.454100907E-1
2.896596762E1,-3.802581728E-1,-4.124345481E-1,-2.199603170E-1
2.897600762E1,-3.609039187E-1,-4.267831147E-1,-2.914118767E-1
2.898604862E1,-3.160224855E-1,-4.067149162E-1,-3.469794393E-1
2.899608862E1,-2.610737383E-1,-3.665928245E-1,-3.432400823E-1
2.900612862E1,-2.406552434E-1,-3.571443856E-1,-3.103722930E-1
2.901616962E1,-2.116976380E-1,-2.932263911E-1,-2.575397193E-1
2.902620963E1,-9.868013114E-2,-1.100604087E-1,-2.142129540E-1
2.903625062E1,1.037225127E-1,6.505176425E-2,-1.728900224E-1
2.904629063E1,3.524768353E-1,1.051657051E-1,-1.826348603E-1
2.905633062E1,5.502935648E-1,1.395409852E-1,-3.423121572E-1
2.906637162E1,6.609312892E-1,1.427824944E-1,-6.744875312E-1
2.907641162E1,6.880937219E-1,1.801498979E-2,-1.049590230E0
2.908645162E1,6.211838126E-1,-1.785539538E-1,-1.329741478E0
2.909649262E1,4.660709202E-1,-3.636612296E-1,-1.443935633E0
2.910653262E1,2.937201560E-1,-5.426537395E-1,-1.367120147E0
2.911657362E1,2.041207701E-1,-6.696335077E-1,-1.108197451E0
2.912661362E1,1.899141967E-1,-8.138615489E-1,-7.774441242E-1
2.913665362E1,1.542022824E-1,-8.904910684E-1,-4.579145610E-1
2.914669462E1,5.051043630E-2,-8.402581811E-1,-1.719151586E-1
2.915673462E1,-9.466193616E-2,-7.555928230E-1,9.657301754E-2
2.916677462E1,-2.134303898E-1,-6.176762581E-1,3.359889388E-1
2.917681562E1,-2.310458720E-1,-4.140773416E-1,5.178828239E-1
2.918685562E1,-1.534957290E-1,-2.068937421E-1,6.194092035E-1
2.919689662E1,-3.489078954E-2,-1.335011981E-2,6.150224805E-1
2.920693663E1,1.446446776E-1,1.290214360E-1,5.310651660E-1
2.921697662E1,3.278320730E-1,2.100401223E-1,4.080907404E-1
2.922701763E1,4.993898571E-1,2.689607739E-1,2.660005689E-1
2.923705762E1,6.438700557E-1,2.587600648E-1,1.306672692E-1
2.924709825E1,7.538017631E-1,1.864475012E-1,5.542375892E-2
2.925713925E1,8.358761072E-1,1.153168604E-1,3.162894771E-2
2.926717925E1,8.907738924E-1,1.376034878E-2,6.259015203E-2
2.927722025E1,9.088551402E-1,-8.117815107E-2,1.216582656E-1
2.928726025E1,9.131239653E-1,-1.464844048E-1,1.894844025E-1
2.929730025E1,9.265382886E-1,-1.843819916E-1,2.471394539E-1
2.930734125E1,9.547133446E-1,-1.555471569E-1,2.653228343E-1
2.931738125E1,9.825106263E-1,-4.888915271E-2,2.217673659E-1
2.932742125E1,9.886015654E-1,8.155316114E-2,1.450686455E-1
2.933746225E1,9.623675942E-1,2.121673673E-1,7.751623541E-2
2.934750225E1,9.224725962E-1,3.057418764E-1,1.930806600E-2
2.935754325E1,8.798361421E-1,3.441662192E-1,-3.617543355E-2
2.936758325E1,8.324374557E-1,3.513661325E-1,-7.690744102E-2
2.937762325E1,7.857913971E-1,3.463072181E-1,-8.821655065E-2
2.938766425E1,7.343115211E-1,3.493205905E-1,-7.113571465E-2
2.939770425E1,6.717735529E-1,3.903338015E-1,-4.000335932E-2
2.940774525E1,6.109119654E-1,4.537662268E-1,-3.734357888E-4
2.941778525E1,5.583539605E-1,4.928081632E-1,2.784728445E-2
2.942782525E1,5.342576504E-1,4.753677249E-1,4.193985090E-2
2.943786625E1,5.350701809E-1,3.949229419E-1,4.155476019E-2
2.944790625E1,5.660294890E-1,2.678319812E-1,3.650278971E-2
2.945794625E1,5.983333588E-1,9.654893726E-2,2.200294286E-2
2.946798725E1,6.290711761E-1,-6.254699081E-2,-9.868171997E-3
2.947802725E1,6.583166718E-1,-1.774916798E-1,-4.491164163E-2
2.948806825E1,6.866794229E-1,-2.502714097E-1,-7.595224679E-2
2.949810825E1,7.122316957E-1,-2.871343493E-1,-9.236717224E-2
2.950814825E1,7.357481718E-1,-2.749151886E-1,-7.983888686E-2
2.951818925E1,7.659084797E-1,-1.996273696E-1,-5.649468303E-2
2.952822925E1,7.994204164E-1,-8.143632114E-2,-2.194472589E-2
2.953826925E1,8.266597390E-1,7.060781121E-2,1.299754530E-2
2.954831025E1,8.479965329E-1,2.516081333E-1,3.486256674E-2
2.955835025E1,8.548696041E-1,4.339787066E-1,2.258565649E-2
2.956839125E1,8.450717330E-1,5.786333084E-1,-3.523821011E-2
2.957843125E1,8.291904926E-1,6.314904094E-1,-1.039304584E-1
2.958847125E1,8.133374453E-1,6.063200235E-1,-1.725721955E-1
2.959851225E1,8.094534874E-1,5.113850236E-1,-2.384928912E-1
2.960855225E1,8.107715249E-1,3.693286180E-1,-3.002482653E-1
2.961859225E1,8.058627844E-1,2.081762105E-1,-3.380750120E-1
2.962863325E1,7.865762711E-1,6.192097068E-2,-3.357312679E-1
2.963867325E1,7.579472661E-1,-4.621641710E-2,-2.848161459E-1
2.964871425E1,7.300747633E-1,-1.020540893E-1,-1.881574243E-1
2.965875425E1,6.859208941E-1,-1.580121666E-1,-6.095498800E-2
2.966879425E1,6.211484075E-1,-2.255332917E-1,6.131761894E-2
2.967883525E1,5.648758411E-1,-2.752284110E-1,1.669068933E-1
2.968887525E1,4.982583821E-1,-2.770324945E-1,2.342014164E-1
2.969891525E1,3.603002429E-1,-2.705261111E-1,2.304498255E-1
2.970895625E1,2.498266101E-1,-1.571214497E-1,1.771260053E-1
2.971899625E1,3.291040957E-1,1.376979351E-1,1.882441789E-1
2.972903725E1,5.337979794E-1,3.415668309E-1,2.840673029E-1
2.973907725E1,5.291190147E-1,3.714570999E-1,3.521241248E-1
2.974911725E1,3.497886956E-1,2.993337512E-1,3.668363988E-1
2.975915825E1,2.277717292E-1,8.427657187E-2,3.495610058E-1
2.976919825E1,2.067796439E-1,-1.478428096E-1,3.058394492E-1
2.977923825E1,1.730805337E-1,-3.128911555E-1,2.892370224E-1
2.978927925E1,1.445753872E-1,-4.547667503E-1,3.012629747E-1
2.979931925E1,1.365022808E-1,-6.390519142E-1,3.061208427E-1
2.980936025E1,1.252932847E-1,-8.170397878E-1,2.576228678E-1
2.981940025E1,1.206095740E-1,-8.711639643E-1,1.465525627E-1
2.982944025E1,1.392606795E-1,-7.888417840E-1,2.094174922E-2
2.983948125E1,1.636949182E-1,-5.979993939E-1,-7.834435999E-2
2.984952125E1,1.636634618E-1,-3.701004088E-1,-1.347903460E-1
2.985956125E1,1.779989898E-1,-1.992266476E-1,-1.724445075E-1
2.986960225E1,1.924395561E-1,-1.154960692E-1,-1.982609481E-1
2.987964225E1,2.192938030E-1,-1.046673954E-1,-1.996053010E-1
2.988968325E1,2.968196869E-1,-1.207048967E-1,-1.847003549E-1
2.989972325E1,3.673053086E-1,-1.080548838E-1,-1.423779279E-1
2.990976325E1,4.302229583E-1,-7.027240843E-2,-7.575227320E-2
2.991980425E1,4.785042107E-1,7.479649503E-3,-2.003654651E-2
2.992984425E1,4.949003458E-1,1.138364524E-1,1.836058311E-2
2.993988425E1,4.918462336E-1,2.231426984E-1,2.717351541E-2
2.994992525E1,4.684377015E-1,3.086411953E-1,1.611602493E-2
2.995996525E1,4.325723946E-1,3.466247916E-1,-1.452310942E-2
2.997000525E1,4.033041298E-1,3.411903083E-1,-6.508485973E-2
2.998004625E1,3.917609155E-1,2.823986411E-1,-1.220392212E-1
2.999008625E1,3.962822556E-1,1.803245097E-1,-1.847629547E-1
3.000012725E1,4.030016661E-1,6.789543480E-2,-2.399167567E-1
3.001016725E1,3.980380893E-1,-2.233313397E-2,-2.751757801E-1
3.002020725E1,3.820425868E-1,-6.850888580E-2,-2.836243808E-1
3.003024825E1,3.627750278E-1,-8.029063046E-2,-2.676937580E-1
3.004028825E1,3.465156257E-1,-6.869816035E-2,-2.262240946E-1
3.005032925E1,3.408724666E-1,-2.097606845E-2,-1.601507962E-1
3.006036925E1,3.389203846E-1,4.875028133E-2,-9.555421770E-2
3.007040925E1,3.315889537E-1,1.098755524E-1,-2.971006744E-2
3.008045025E1,3.159330189E-1,1.438327134E-1,1.696023345E-2
3.009049025E1,3.046070635E-1,1.487001926E-1,4.725210369E-2
3.010053025E1,2.967981398E-1,1.481422633E-1,7.248928398E-2
3.011057125E1,3.012792766E-1,1.657854915E-1,9.751565754E-2
3.012061125E1,3.066479564E-1,1.816858947E-1,1.188502386E-1
3.013065125E1,3.000717759E-1,1.598504931E-1,1.215218753E-1
3.014069225E1,2.879472077E-1,1.166865081E-1,1.027045175E-1
3.015073225E1,2.698099613E-1,4.812041670E-2,9.293404967E-2
3.016077325E1,2.607445419E-1,-2.943509445E-2,1.116054729E-1
3.017081325E1,2.508011162E-1,-1.094439030E-1,1.606092304E-1
3.018085325E1,2.383271456E-1,-1.807761490E-1,2.271698713E-1
3.019089425E1,2.230699062E-1,-2.458061427E-1,2.876791358E-1
3.020093425E1,2.099820673E-1,-2.603895962E-1,3.365598619E-1
3.021097425E1,2.106910497E-1,-2.366614193E-1,3.752989769E-1
3.022101525E1,2.112857252E-1,-2.125587463E-1,4.090124667E-1
3.023105525E1,2.042507231E-1,-1.873407364E-1,4.244481325E-1
3.024109625E1,1.863777190E-1,-1.587485075E-1,4.196949303E-1
3.025113554E1,1.758864522E-1,-1.103420928E-1,4.075240195E-1
3.026117554E1,1.823404282E-1,-2.496829070E-2,3.972777426E-1
3.027121654E1,2.174638808E-1,6.611198187E-2,3.866104484E-1
3.028125654E1,2.414208800E-1,1.524335593E-1,3.668002486E-1
3.029129654E1,2.491675168E-1,2.093648911E-1,3.422485888E-1
3.030133754E1,2.536200583E-1,2.013810128E-1,3.076986074E-1
3.031137754E1,2.515217662E-1,1.453793347E-1,2.754996121E-1
3.032141854E1,2.472663075E-1,7.804396749E-2,2.308692783E-1
3.033145854E1,2.143033594E-1,2.100706846E-2,1.773390919E-1
3.034149854E1,1.622308344E-1,-3.922484815E-2,1.222191155E-1
3.035153954E1,1.144220084E-1,-1.335128695E-1,8.391369879E-2
3.036157954E1,6.539773941E-2,-2.390901595E-1,6.412508339E-2
3.037161954E1,4.002411291E-2,-3.392168581E-1,5.936387554E-2
3.038166054E1,3.270787746E-2,-4.261589348E-1,5.157945305E-2
3.039170054E1,5.307093635E-2,-4.821657538E-1,4.512688145E-2
3.040174154E1,9.073878825E-2,-5.037018657E-1,2.248309553E-2
3.041178154E1,1.066984013E-1,-4.248730540E-1,-3.761769459E-2
3.042182154E1,6.195916235E-2,-2.131176442E-1,-1.032246649E-1
3.043186254E1,1.074373499E-1,6.644219160E-2,-1.444594413E-1
3.044190254E1,3.366878331E-1,2.693828046E-1,-1.982731372E-1
3.045194254E1,6.504334211E-1,3.638597429E-1,-2.814738452E-1
3.046198354E1,9.197999239E-1,3.786898255E-1,-4.061412215E-1
3.047202354E1,1.088998914E0,3.078155220E-1,-5.455660224E-1
3.048206354E1,1.203404307E0,1.377854943E-1,-6.687481403E-1
3.049210454E1,1.268746138E0,-9.256959707E-2,-7.645076513E-1
3.050214454E1,1.269553423E0,-3.290156722E-1,-8.140671849E-1
3.051218554E1,1.210101843E0,-5.098061562E-1,-7.921934724E-1
3.052222554E1,1.149896741E0,-5.706213117E-1,-6.881631613E-1
3.053226554E1,1.154893398E0,-5.845006108E-1,-5.082843900E-1
3.054230654E1,1.200425744E0,-6.027054787E-1,-3.130110502E-1
3.055234654E1,1.269483566E0,-6.582000852E-1,-1.285537034E-1
3.056238654E1,1.340541840E0,-6.792140007E-1,1.602451503E-2
3.057242754E1,1.372436285E0,-6.395998597E-1,1.066695452E-1
3.058246754E1,1.372657061E0,-5.476542115E-1,1.294124126E-1
3.059250854E1,1.365799785E0,-4.111793339E-1,9.309232235E-2
3.060254854E1,1.411578417E0,-2.421823144E-1,1.965299435E-2
3.061258854E1,1.486809611E0,-7.956282049E-2,-7.871808857E-2
3.062262954E1,1.556346893E0,4.004266858E-2,-1.854482591E-1
3.063266954E1,1.635317326E0,9.988162667E-2,-2.837387025E-1
3.064270954E1,1.722018480E0,9.881423414E-2,-3.660037518E-1
3.065275054E1,1.822027326E0,4.316209629E-2,-4.144279957E-1
3.066279054E1,1.936985970E0,-5.516767129E-2,-4.203034639E-1
3.067283154E1,2.066103220E0,-1.518668979E-1,-3.885926008E-1
3.068287154E1,2.220459700E0,-2.291033566E-1,-3.342071474E-1
3.069291154E1,2.378213882E0,-2.674184740E-1,-2.797369063E-1
3.070295254E1,2.530944586E0,-2.464359701E-1,-2.402898818E-1
3.071299254E1,2.655624390E0,-1.813793629E-1,-2.137070447E-1
3.072303254E1,2.758823633E0,-5.543794483E-2,-2.110598683E-1
3.073307354E1,2.824757338E0,6.764163822E-2,-2.219428718E-1
3.074311354E1,2.848345280E0,1.635609865E-1,-2.341678441E-1
3.075315454E1,2.843809605E0,2.407919466E-1,-2.663885653E-1
3.076319454E1,2.819956779E0,2.886015475E-1,-3.283440769E-1
3.077323454E1,2.782471895E0,2.944703102E-1,-4.143432379E-1
3.078327554E1,2.736325979E0,2.638556659E-1,-5.071749091E-1
3.079331554E1,2.676176548E0,2.323068678E-1,-5.938384533E-1
3.080335554E1,2.617521524E0,2.295366526E-1,-6.610462666E-1
3.081339654E1,2.574095249E0,2.441931069E-1,-7.169550657E-1
3.082343654E1,2.539681435E0,2.519391775E-1,-7.421829104E-1
3.083347654E1,2.518803835E0,2.587666810E-1,-7.444464564E-1
3.084351754E1,2.492225170E0,2.511769235E-1,-7.322728634E-1
3.085355754E1,2.446673155E0,2.422310114E-1,-7.077012658E-1
3.086359854E1,2.382421732E0,2.380863279E-1,-6.741515398E-1
3.087363854E1,2.309874296E0,2.085314840E-1,-6.270293593E-1
3.088367854E1,2.238324165E0,1.513235867E-1,-5.681908131E-1
3.089371954E1,2.167060137E0,8.744768798E-2,-5.060076714E-1
3.090375954E1,2.099865437E0,2.806931362E-2,-4.535684288E-1
3.091379954E1,2.028738499E0,-7.385704666E-3,-4.107821286E-1
3.092384054E1,1.964190125E0,-2.564913034E-2,-3.809507489E-1
3.093388054E1,1.901622772E0,-1.635630988E-2,-3.598776162E-1
3.094392154E1,1.835335612E0,8.380196057E-3,-3.522082567E-1
3.095396154E1,1.766455531E0,4.846283421E-2,-3.559848368E-1
3.096400154E1,1.704734445E0,9.344681352E-2,-3.683400154E-1
3.097404254E1,1.652934432E0,1.482397318E-1,-3.811485767E-1
3.098408254E1,1.601360798E0,2.052742541E-1,-3.972649574E-1
3.099412254E1,1.541769624E0,2.542184889E-1,-4.177800119E-1
3.100416354E1,1.480350137E0,2.856422067E-1,-4.217667580E-1
3.101420354E1,1.421498656E0,3.114007413E-1,-4.063098133E-1
3.102424354E1,1.364872932E0,3.274537325E-1,-3.839080930E-1
3.103428454E1,1.305474281E0,3.386262357E-1,-3.553330004E-1
3.104432454E1,1.241291285E0,3.352762461E-1,-3.202905953E-1
3.105436554E1,1.188136578E0,3.197221756E-1,-2.691137195E-1
3.106440554E1,1.165890694E0,2.940338552E-1,-2.007538378E-1
3.107444554E1,1.172201872E0,2.405732423E-1,-1.313146204E-1
3.108448654E1,1.170065522E0,1.608829349E-1,-6.858811527E-2
3.109452654E1,1.151879430E0,3.680180758E-2,-1.696228236E-2
3.110456654E1,1.117145061E0,-1.267120242E-1,1.898772642E-2
3.111460754E1,1.056452632E0,-2.622708976E-1,3.043798357E-2
3.112464754E1,9.689002037E-1,-3.334310949E-1,-1.486798003E-2
3.113468854E1,9.049252272E-1,-3.256294429E-1,-1.064526737E-1
3.114472854E1,9.181715250E-1,-2.078663260E-1,-1.834635735E-1
3.115476854E1,1.020894170E0,-1.215953473E-2,-1.773919910E-1
3.116480954E1,1.097449660E0,1.119789258E-1,-9.284728020E-2
3.117484954E1,1.072745800E0,1.034195572E-1,1.647903584E-2
3.118488954E1,1.070454359E0,-3.657360794E-3,1.184815690E-1
3.119493054E1,1.066947341E0,-8.387909830E-2,2.316732705E-1
3.120497054E1,1.010937333E0,-1.291467100E-1,3.263196051E-1
3.121501054E1,9.390268326E-1,-2.483790666E-1,4.078797698E-1
3.122505154E1,9.239029884E-1,-4.689558744E-1,4.502807558E-1
3.123509154E1,9.563694000E-1,-6.891399026E-1,3.953875899E-1
3.124513367E1,9.556077123E-1,-8.219996691E-1,2.593762279E-1
3.125517367E1,9.422107935E-1,-8.550688028E-1,1.115885824E-1
3.126521367E1,9.430124164E-1,-7.787793875E-1,-1.787966862E-2
3.127525467E1,9.576746821E-1,-6.124542952E-1,-1.219012886E-1
3.128529467E1,9.752779007E-1,-4.419201314E-1,-2.159673423E-1
3.129533467E1,9.871923327E-1,-3.029393256E-1,-3.069648743E-1
3.130537567E1,9.588406086E-1,-2.030676007E-1,-3.739228845E-1
3.131541567E1,8.705026507E-1,-1.358233243E-1,-4.202032387E-1
3.132545667E1,7.361837626E-1,-5.285973847E-2,-4.182833433E-1
3.133549667E1,5.850557089E-1,1.185791567E-1,-3.897549510E-1
3.134553667E1,4.655569494E-1,3.772227168E-1,-3.474501073E-1
3.135557767E1,3.908293545E-1,6.467925310E-1,-2.964791954E-1
3.136561767E1,3.659069538E-1,8.379891515E-1,-2.536323965E-1
3.137565767E1,3.934305310E-1,8.857876658E-1,-2.375227362E-1
3.138569867E1,4.469132125E-1,7.660282254E-1,-2.458768040E-1
3.139573867E1,5.124095678E-1,5.449445844E-1,-2.950555384E-1
3.140577867E1,5.800402761E-1,3.302112222E-1,-3.637973070E-1
3.141581967E1,6.240099669E-1,1.412915140E-1,-4.193212092E-1
3.142585967E1,6.423141360E-1,-1.775778271E-2,-4.736949801E-1
3.143590067E1,6.459329724E-1,-1.424285024E-1,-5.156943798E-1
3.144594067E1,6.345436573E-1,-2.242727727E-1,-5.182685852E-1
3.145598067E1,6.130535603E-1,-2.568004727E-1,-5.023461580E-1
3.146602167E1,5.887226462E-1,-2.141528875E-1,-4.801687300E-1
3.147606167E1,5.689069033E-1,-6.398675591E-2,-4.407875240E-1
3.148610167E1,5.608987212E-1,9.694460034E-2,-3.676086366E-1
3.149614267E1,5.494028330E-1,2.043429613E-1,-2.951448262E-1
3.150618267E1,5.273175240E-1,2.695613801E-1,-2.354788482E-1
3.151622267E1,4.750959277E-1,3.059993386E-1,-1.937665790E-1
3.152626367E1,4.155287445E-1,3.256465495E-1,-1.798872501E-1
3.153630367E1,3.605904281E-1,3.444044590E-1,-1.687272489E-1
3.154634467E1,3.212166429E-1,3.518227041E-1,-1.530864984E-1
3.155638467E1,2.942217886E-1,3.246074021E-1,-1.156587824E-1
3.156642467E1,2.694389522E-1,2.456222922E-1,-7.516408712E-2
3.157646567E1,2.311231792E-1,1.197375730E-1,-3.140423819E-2
3.158650567E1,1.862893999E-1,-3.210654482E-2,1.420292910E-2
3.159654567E1,1.371560395E-1,-1.678747982E-1,6.074263901E-2
3.160658667E1,1.041203216E-1,-2.489888221E-1,1.191998199E-1
3.161662667E1,8.074282855E-2,-2.886043489E-1,1.965256780E-1
3.162666767E1,7.314909250E-2,-2.896909118E-1,2.732612193E-1
3.163670767E1,7.136393338E-2,-2.674307525E-1,3.456842303E-1
3.164674767E1,8.787579834E-2,-2.211660594E-1,3.975650072E-1
3.165678867E1,9.275458008E-2,-1.259187162E-1,4.336773455E-1
3.166682867E1,1.030178666E-1,-1.559433900E-2,4.540635645E-1
3.167686867E1,1.305589229E-1,1.118654087E-1,4.464620948E-1
3.168690967E1,1.840948462E-1,2.353007942E-1,3.974601924E-1
3.169694967E1,2.284923792E-1,3.093121648E-1,3.128052950E-1
3.170699067E1,1.955062002E-1,3.514241874E-1,1.907560676E-1
3.171703067E1,1.072514430E-1,3.364460468E-1,5.213161930E-2
3.172707067E1,3.337961808E-2,2.509300709E-1,-8.522783965E-2
3.173711167E1,-1.517461799E-2,8.998791873E-2,-1.998631656E-1
3.174715167E1,-1.854591444E-2,-8.981886506E-2,-2.644086182E-1
3.175719167E1,2.466671914E-2,-2.953983545E-1,-2.553103566E-1
3.176723267E1,9.283192456E-2,-5.351877809E-1,-1.676359028E-1
3.177727267E1,1.326071769E-1,-6.485753655E-1,-2.799611352E-2
3.178731267E1,3.814298660E-2,-5.159371495E-1,5.416586995E-2
3.179735367E1,-1.351518780E-1,-3.048953414E-1,4.080466181E-2
3.180739367E1,-1.696962714E-1,-2.380659878E-1,1.286144368E-2
3.181743467E1,-5.040480942E-2,-2.323707044E-1,-3.344244882E-2
3.182747467E1,5.479591340E-2,-2.426955104E-1,-1.169482619E-1
3.183751467E1,1.511613280E-1,-2.583608329E-1,-2.230730057E-1
3.184755567E1,2.533444166E-1,-3.180537224E-1,-3.233671486E-1
3.185759567E1,2.899167538E-1,-4.003995657E-1,-3.907390535E-1
3.186763567E1,2.401553094E-1,-4.529948533E-1,-4.315874279E-1
3.187767667E1,2.021811903E-1,-4.568203092E-1,-4.207302332E-1
3.188771667E1,2.074390650E-1,-4.089425504E-1,-3.336568475E-1
3.189775767E1,2.781885862E-1,-3.617657423E-1,-1.866352260E-1
3.190779767E1,3.764261901E-1,-3.094522059E-1,-2.987038903E-2
3.191783767E1,4.425774515E-1,-2.791848779E-1,1.036888510E-1
3.192787867E1,4.644372165E-1,-2.596785724E-1,2.175147682E-1
3.193791867E1,4.550314546E-1,-2.445745766E-1,2.999134064E-1
3.194795867E1,4.283668101E-1,-2.084863484E-1,3.361180127E-1
3.195799967E1,4.280513823E-1,-1.287047118E-1,3.396699131E-1
3.196803967E1,4.308950901E-1,-1.906822436E-2,3.135136664E-1
3.197807967E1,4.165692627E-1,8.388578892E-2,2.676047981E-1
3.198812067E1,4.021232128E-1,1.559975296E-1,2.026287168E-1
3.199816067E1,4.034915566E-1,1.628565788E-1,1.299912035E-1
3.200820167E1,4.088967144E-1,1.124280244E-1,6.146113575E-2
3.201824167E1,4.228849709E-1,1.722061634E-2,2.149046957E-2
3.202828167E1,4.445905387E-1,-5.808745325E-2,2.908713557E-2
3.203832267E1,4.654991329E-1,-1.005537659E-1,6.331155449E-2
3.204836267E1,4.870867133E-1,-1.245301962E-1,1.114202291E-1
3.205840267E1,5.066570640E-1,-1.223619208E-1,1.343466043E-1
3.206844367E1,5.410957336E-1,-1.027336195E-1,1.545168608E-1
3.207848367E1,5.733573437E-1,-6.532404572E-2,1.873209327E-1
3.208852467E1,6.013578176E-1,5.003377795E-3,2.205989808E-1
3.209856467E1,6.121531129E-1,5.533788726E-2,2.413976490E-1
3.210860467E1,6.081625819E-1,9.974928945E-2,2.323053479E-1
3.211864567E1,5.759328008E-1,1.605115831E-1,1.871435046E-1
3.212868567E1,5.266952515E-1,2.409848571E-1,1.227983460E-1
3.213872567E1,4.723980725E-1,3.420510888E-1,3.672309220E-2
3.214876667E1,4.178543985E-1,3.862313330E-1,-5.011939630E-2
3.215880667E1,3.626879454E-1,3.496138155E-1,-1.337639093E-1
3.216884667E1,3.144415915E-1,2.530902028E-1,-2.009924799E-1
3.217888767E1,2.568943501E-1,1.143084690E-1,-2.640854716E-1
3.218892767E1,2.021815926E-1,-2.842657827E-2,-3.312682509E-1
3.219896867E1,1.499936283E-1,-1.425843239E-1,-3.764860034E-1
3.220900867E1,1.053209603E-1,-2.345001251E-1,-4.056345522E-1
3.221904867E1,8.160434663E-2,-2.942525148E-1,-4.172326624E-1
3.222908967E1,7.530704141E-2,-3.183823526E-1,-4.115305543E-1
3.223912967E1,9.450549632E-2,-3.113197088E-1,-3.742571175E-1
3.224916912E1,1.038571820E-1,-2.729400992E-1,-3.298560977E-1
3.225921012E1,1.150482595E-1,-1.971068829E-1,-2.871261239E-1
3.226925012E1,1.368321180E-1,-9.036765248E-2,-2.296979576E-1
3.227929112E1,1.487561464E-1,4.345781635E-3,-1.837220341E-1
3.228933112E1,1.646192670E-1,1.127369702E-1,-1.561101228E-1
3.229937113E1,2.048391104E-1,1.860311180E-1,-1.617670506E-1
3.230941212E1,2.950939238E-1,1.778240502E-1,-1.806264818E-1
3.231945212E1,4.299120903E-1,1.073624715E-1,-1.891793013E-1
3.232949212E1,5.392857194E-1,-2.676976286E-2,-2.017741799E-1
3.233953312E1,5.633537173E-1,-2.047550529E-1,-2.115155160E-1
3.234957312E1,4.790153801E-1,-4.384274483E-1,-2.425874174E-1
3.235961312E1,3.437382281E-1,-6.044509411E-1,-2.608045936E-1
3.236965413E1,3.000805080E-1,-4.677788317E-1,-2.105102837E-1
3.237969412E1,4.255312681E-1,-2.543795705E-1,-8.317027241E-3
3.238973513E1,4.714827836E-1,-2.645299435E-1,2.234853059E-1
3.239977512E1,3.490501642E-1,-2.639724910E-1,3.818050027E-1
3.240981512E1,3.697061837E-1,-1.582449973E-1,4.637302458E-1
3.241985612E1,4.581124485E-1,-1.153115332E-1,4.788662493E-1
3.242989612E1,3.793134987E-1,-2.042699009E-1,4.432709515E-1
3.243993613E1,1.727962196E-1,-3.756148517E-1,3.784421384E-1
3.244997712E1,2.447678521E-2,-5.113793612E-1,3.158575892E-1
3.246001713E1,-1.064428538E-1,-5.671009421E-1,2.557821572E-1
3.247005812E1,-2.527574301E-1,-4.721778631E-1,1.354254186E-1
3.248009813E1,-3.870422244E-1,-3.300397992E-1,-1.158287749E-2
3.249013812E1,-4.463047385E-1,-2.105320543E-1,-1.421672404E-1
3.250017912E1,-4.235174358E-1,-1.406826079E-1,-2.621346712E-1
3.251021912E1,-3.701511621E-1,-1.137455255E-1,-3.480128348E-1
3.252025912E1,-2.938894033E-1,-1.473853886E-1,-3.809248209E-1
3.253030012E1,-2.292587608E-1,-2.221823931E-1,-3.660705090E-1
3.254034012E1,-2.126130909E-1,-2.529011071E-1,-3.087620139E-1
3.255038013E1,-2.130290866E-1,-1.804308891E-1,-2.303415090E-1
3.256042112E1,-2.102824003E-1,-3.056669421E-2,-1.408559531E-1
3.257046112E1,-2.169829160E-1,1.172150448E-1,-6.468715519E-2
3.258050212E1,-2.378822863E-1,2.152227163E-1,-2.252713777E-2
3.259054212E1,-2.554668784E-1,2.503111959E-1,-2.329359576E-2
3.260058212E1,-2.737841904E-1,2.292296141E-1,-4.970788956E-2
3.261062312E1,-2.924058139E-1,1.521412283E-1,-7.408726960E-2
3.262066313E1,-3.175196052E-1,7.285585999E-2,-1.062333807E-1
3.263070312E1,-3.583474457E-1,1.544263400E-2,-1.544387341E-1
3.264074413E1,-4.102636874E-1,-2.316929027E-2,-2.033219784E-1
3.265078412E1,-4.755239189E-1,-4.569457099E-2,-2.520274520E-1
3.266082412E1,-5.452920794E-1,-4.289399087E-2,-2.845214903E-1
3.267086512E1,-5.817166567E-1,-2.120707370E-2,-2.953685224E-1
3.268090512E1,-5.984255075E-1,9.219231084E-3,-2.992794216E-1
3.269094612E1,-6.039646268E-1,5.252755806E-2,-2.786806822E-1
3.270098612E1,-6.098976135E-1,1.077978685E-1,-2.272751182E-1
3.271102613E1,-6.181145310E-1,1.762083471E-1,-1.492732614E-1
3.272106712E1,-6.294180155E-1,2.765201330E-1,-5.616008490E-2
3.273110713E1,-6.418381929E-1,3.714410663E-1,3.912009671E-2
3.274114712E1,-6.558237076E-1,3.878487051E-1,1.365562528E-1
3.275118812E1,-6.656798124E-1,2.978841960E-1,2.260914594E-1
3.276122812E1,-6.651425958E-1,1.614012867E-1,3.054507375E-1
3.277126912E1,-6.469353437E-1,3.879042715E-2,3.836683035E-1
3.278130912E1,-6.228559017E-1,-4.442554340E-2,4.619485140E-1
3.279134912E1,-5.948799253E-1,-9.107373655E-2,5.322213769E-1
3.280139013E1,-5.514851809E-1,-1.054417044E-1,5.828837752E-1
3.281143012E1,-4.696915448E-1,-1.040648520E-1,6.067230701E-1
3.282147012E1,-4.294309616E-1,-6.273392588E-2,5.966768265E-1
3.283151112E1,-4.194597900E-1,3.147633374E-2,5.573673248E-1
3.284155112E1,-3.925884664E-1,1.625954062E-1,5.066682100E-1
3.285159112E1,-3.185645640E-1,2.825194299E-1,4.344731271E-1
3.286163212E1,-1.942376047E-1,4.163230658E-1,3.206387460E-1
3.287167213E1,-1.000637189E-1,5.517480373E-1,1.677940786E-1
3.288171312E1,-1.201405227E-1,6.471657753E-1,-7.116615307E-3
3.289175313E1,-2.430792302E-1,6.699688435E-1,-1.507837772E-1
3.290179312E1,-3.780518472E-1,6.196442842E-1,-2.400446683E-1
3.291183412E1,-4.558078945E-1,4.811388552E-1,-2.932175994E-1
3.292187412E1,-4.400278628E-1,2.703661621E-1,-3.095081449E-1
3.293191412E1,-3.589729667E-1,7.922550663E-3,-2.696613967E-1
3.294195512E1,-2.148412317E-1,-3.302385807E-1,-1.436586827E-1
3.295199512E1,-2.032660879E-2,-6.617200971E-1,4.513599724E-2
3.296203513E1,1.235860139E-1,-8.310353756E-1,1.985095888E-1
3.297207612E1,7.295053452E-2,-6.850190759E-1,2.243276089E-1
3.298211613E1,-1.986563653E-1,-2.933620214E-1,7.679373026E-2
3.299215712E1,-4.064236581E-1,1.147500873E-1,-1.144300252E-1
3.300219712E1,-4.163648486E-1,4.100164473E-1,-2.520405352E-1
3.301223712E1,-3.508361578E-1,5.692564249E-1,-3.713770211E-1
3.302227812E1,-2.199001312E-1,6.556235552E-1,-4.610663652E-1
3.303231812E1,-5.859353393E-2,5.634640455E-1,-5.287674069E-1
3.304235812E1,-8.420909755E-3,2.429691255E-1,-5.430376530E-1
3.305239913E1,-1.090597287E-1,-1.922795922E-1,-4.835443199E-1
3.306243912E1,-1.619328856E-1,-4.963881671E-1,-3.461528122E-1
3.307248013E1,-1.295941323E-1,-5.571476221E-1,-1.641041934E-1
3.308252012E1,-4.192908481E-2,-5.024090409E-1,1.360392384E-2
3.309256012E1,3.714043275E-2,-4.195935428E-1,1.748958826E-1
3.310260112E1,8.570028841E-2,-4.045694470E-1,3.012932539E-1
3.311264112E1,1.269830167E-1,-4.261522293E-1,3.794676960E-1
3.312268113E1,1.943628341E-1,-4.102901220E-1,4.073009193E-1
3.313272212E1,2.972037196E-1,-3.315052986E-1,4.012038708E-1
3.314276213E1,4.209834039E-1,-2.207451612E-1,3.610018790E-1
3.315280212E1,5.115428567E-1,-5.640948936E-2,2.929493189E-1
3.316284312E1,5.382360220E-1,1.191022471E-1,1.994548738E-1
3.317288312E1,5.281554461E-1,2.120540291E-1,1.143612862E-1
3.318292412E1,5.051374435E-1,2.436372787E-1,3.979234397E-2
3.319296412E1,4.804672301E-1,2.496355027E-1,1.094364934E-2
3.320300412E1,4.723377526E-1,2.486412674E-1,3.303449228E-2
3.321304512E1,4.787698090E-1,2.084818631E-1,8.601888269E-2
3.322308512E1,4.940829277E-1,1.803114414E-1,1.620144397E-1
3.323312512E1,5.121783614E-1,1.811037362E-1,2.467032224E-1
3.324316612E1,5.244999528E-1,2.188286185E-1,3.070692718E-1
3.325320612E1,5.254999399E-1,2.690678239E-1,3.332606554E-1
3.326324612E1,5.275059342E-1,3.304698765E-1,3.370625973E-1
3.327328712E1,5.284241438E-1,3.951234519E-1,3.287127912E-1
3.328332712E1,5.227956772E-1,4.542243779E-1,3.088478744E-1
3.329336812E1,5.089155436E-1,5.041953921E-1,2.662948370E-1
3.330340813E1,4.898063242E-1,5.468672514E-1,1.857437938E-1
3.331344812E1,4.589064717E-1,5.574793816E-1,9.957801551E-2
3.332348913E1,4.092583358E-1,5.462710857E-1,2.858631499E-2
3.333352912E1,3.511087298E-1,4.944151044E-1,-3.404404223E-2
3.334356912E1,2.919956446E-1,4.187125862E-1,-9.866355360E-2
3.335361012E1,2.375231087E-1,3.189409971E-1,-1.604656577E-1
3.336365012E1,1.959668547E-1,1.909061819E-1,-2.152086496E-1
3.337369013E1,1.728495508E-1,7.205675542E-2,-2.552996278E-1
3.338373112E1,1.671810001E-1,9.042160818E-4,-3.014137745E-1
3.339377113E1,1.707483083E-1,-4.575996101E-2,-3.575084507E-1
3.340381212E1,1.848414540E-1,-1.152712107E-1,-3.985838592E-1
3.341385212E1,2.055275440E-1,-2.092272639E-1,-4.001393914E-1
3.342389212E1,2.234537303E-1,-2.778790891E-1,-3.762100041E-1
3.343393312E1,2.170016915E-1,-2.709266543E-1,-3.635139167E-1
3.344397312E1,1.996138245E-1,-2.095047981E-1,-3.620533645E-1
3.345401312E1,1.964688897E-1,-9.321627766E-2,-3.491748571E-1
3.346405412E1,1.912492067E-1,2.596046031E-2,-3.003359735E-1
3.347409412E1,1.855039746E-1,1.386225522E-1,-2.213740647E-1
3.348413412E1,1.969189346E-1,2.484781891E-1,-1.475431323E-1
3.349417512E1,2.439959049E-1,3.403881490E-1,-9.883204848E-2
3.350421512E1,3.456963003E-1,3.671442568E-1,-6.119503453E-2
3.351425612E1,4.408161640E-1,2.418547869E-1,-2.535500936E-2
3.352429612E1,4.817291796E-1,1.065897942E-2,-4.244809039E-3
3.353433612E1,4.376669228E-1,-2.423485070E-1,-8.460327052E-3
3.354437712E1,3.040823042E-1,-5.789834261E-1,-5.162324384E-2
3.355441713E1,1.545817852E-1,-7.980628014E-1,-1.101656482E-1
3.356445712E1,1.294000745E-1,-5.899893641E-1,-8.011420816E-2
3.357449813E1,2.648098469E-1,-3.528284729E-1,9.187752753E-2
3.358453812E1,3.449596167E-1,-3.272869289E-1,2.805933058E-1
3.359457812E1,2.926274538E-1,-2.702555954E-1,3.528416455E-1
3.360461912E1,2.929160297E-1,-1.939650029E-1,3.684105277E-1
3.361465912E1,3.538702130E-1,-1.808284372E-1,3.360632360E-1
3.362470012E1,3.125818670E-1,-2.430986762E-1,3.089863062E-1
3.363474012E1,1.945492327E-1,-3.116026223E-1,3.241026700E-1
3.364478013E1,1.148365960E-1,-3.605903089E-1,3.580727577E-1
3.365482112E1,4.982990026E-2,-3.851577044E-1,3.502731621E-1
3.366486112E1,-4.914496467E-2,-3.230240047E-1,2.767463028E-1
3.367490112E1,-1.986473799E-1,-1.880291849E-1,1.743269861E-1
3.368494212E1,-3.159653544E-1,-3.355642781E-2,8.744788915E-2
3.369498212E1,-3.651573956E-1,7.761803269E-2,2.870894223E-2
3.370502212E1,-3.530422151E-1,9.465428442E-2,1.114851236E-2
3.371506312E1,-2.929056287E-1,4.642523453E-2,2.324245870E-2
3.372510312E1,-2.449800670E-1,1.098176651E-2,3.756915778E-2
3.373514413E1,-2.420708239E-1,4.610167071E-2,3.236586973E-2
3.374518412E1,-2.349438667E-1,1.319381148E-1,-2.860764274E-3
3.375522412E1,-2.169675231E-1,2.201182991E-1,-3.453853354E-2
3.376526512E1,-2.109221667E-1,2.540228665E-1,-8.213944733E-2
3.377530512E1,-2.236627340E-1,2.213400155E-1,-1.571905166E-1
3.378534512E1,-2.516295612E-1,1.393052340E-1,-2.372334450E-1
3.379538612E1,-2.963600159E-1,5.113729089E-2,-3.163399696E-1
3.380542613E1,-3.407312036E-1,-1.179006509E-2,-3.698375225E-1
3.381546612E1,-3.750950396E-1,-2.095639892E-2,-4.041648805E-1
3.382550713E1,-3.933629394E-1,-1.619907841E-2,-4.266230762E-1
3.383554712E1,-4.069309533E-1,9.410142899E-3,-4.247684479E-1
3.384558712E1,-4.220801890E-1,4.691489786E-2,-4.068458676E-1
3.385562812E1,-4.541036189E-1,9.176386148E-2,-3.750424087E-1
3.386566812E1,-4.677724540E-1,1.255507320E-1,-3.561583757E-1
3.387570912E1,-4.757257104E-1,1.994926035E-1,-3.125645816E-1
3.388574912E1,-4.745674133E-1,2.944391370E-1,-2.379701585E-1
3.389578913E1,-4.606476128E-1,3.855797052E-1,-1.644085795E-1
3.390583012E1,-4.478573799E-1,4.667603970E-1,-7.692799717E-2
3.391587012E1,-4.346337318E-1,5.386260748E-1,1.598649099E-2
3.392591012E1,-4.274382293E-1,5.467291474E-1,8.305973560E-2
3.393595112E1,-4.294308126E-1,4.590800107E-1,1.355373263E-1
3.394599112E1,-4.277051687E-1,3.114435971E-1,1.875360757E-1
3.395603112E1,-4.307968318E-1,1.314687580E-1,2.414491028E-1
3.396607212E1,-4.289357662E-1,-3.967514634E-2,3.108053207E-1
3.397611212E1,-4.172441959E-1,-1.777802855E-1,3.890937269E-1
3.398615212E1,-3.864946365E-1,-2.652810216E-1,4.516327977E-1
3.399619312E1,-3.552704155E-1,-2.871322334E-1,4.838799238E-1
3.400623312E1,-3.558964133E-1,-2.191971540E-1,4.856478274E-1
3.401627412E1,-3.707845509E-1,-7.095735520E-2,4.726710320E-1
3.402631412E1,-3.543365896E-1,7.576890290E-2,4.428988397E-1
3.403635412E1,-2.899229825E-1,1.954681426E-1,3.762990534E-1
3.404639512E1,-2.041223645E-1,2.784729302E-1,2.694297433E-1
3.405643513E1,-1.629264504E-1,3.289915025E-1,1.427663267E-1
3.406647512E1,-2.329947352E-1,3.397062719E-1,3.332396038E-3
3.407651613E1,-3.898261487E-1,2.546273470E-1,-1.360486746E-1
3.408655612E1,-5.577769876E-1,9.078764170E-2,-2.224400192E-1
3.409659612E1,-6.571911573E-1,-1.030068621E-1,-2.431255877E-1
3.410663712E1,-6.425015926E-1,-3.105632961E-1,-1.871856451E-1
3.411667712E1,-5.052227974E-1,-5.511420965E-1,-3.620464727E-2
3.412671812E1,-3.090355098E-1,-7.143627405E-1,1.599028111E-1
3.413675812E1,-1.487899274E-1,-6.318604350E-1,3.005132079E-1
3.414679813E1,-1.504131407E-1,-3.630947173E-1,2.855232358E-1
3.415683912E1,-2.519855797E-1,-1.477232873E-1,1.169376820E-1
3.416687912E1,-2.158954442E-1,-5.497675762E-2,-3.202051297E-2
3.417691912E1,-1.406512856E-1,-3.422750626E-3,-1.935116798E-1
3.418696012E1,-7.032403350E-2,5.645313486E-2,-3.383350968E-1
3.419700012E1,2.333747596E-2,7.055030763E-2,-4.139513075E-1
3.420704012E1,1.093470901E-1,-6.204108149E-2,-4.405167699E-1
3.421708113E1,6.177238375E-2,-2.448354065E-1,-4.630132914E-1
3.422712112E1,-4.961502552E-2,-3.903536499E-1,-4.511815012E-1
3.423716112E1,-9.476439655E-2,-4.364204705E-1,-3.444523811E-1
3.424720212E1,-3.642844036E-2,-4.478067756E-1,-1.570219845E-1
3.425724212E1,8.013013005E-2,-4.472776055E-1,4.286530241E-2
3.426728312E1,1.755616367E-1,-4.232837856E-1,1.972168535E-1
3.427732312E1,2.060010433E-1,-3.746075928E-1,3.007674813E-1
3.428736312E1,2.108556926E-1,-3.197914660E-1,3.535697758E-1
3.429740412E1,2.272687405E-1,-2.468442917E-1,3.718800545E-1
3.430744413E1,2.495599538E-1,-1.654220074E-1,3.549448550E-1
3.431748412E1,2.731837928E-1,-8.948490024E-2,3.028075993E-1
3.432752513E1,2.640689909E-1,-4.782374948E-3,2.403741479E-1
3.433756512E1,2.439863682E-1,6.219532713E-2,1.857676208E-1
3.434760512E1,2.258792222E-1,5.242114514E-2,1.274731755E-1
3.435764612E1,2.043675482E-1,-1.332097920E-3,7.369889319E-2
3.436768612E1,1.931414604E-1,-6.840863079E-2,4.394777492E-2
3.437772712E1,2.157732546E-1,-1.125481278E-1,5.783056840E-2
3.438776712E1,2.800065279E-1,-1.495373845E-1,1.099493057E-1
3.439780713E1,3.314356506E-1,-1.685512960E-1,1.848009080E-1
3.440784812E1,3.630109727E-1,-1.682705581E-1,2.484835684E-1
3.441788812E1,3.905355334E-1,-1.740333736E-1,2.946760952E-1
3.442792812E1,4.252582490E-1,-1.550051272E-1,3.273384273E-1
3.443796912E1,4.676533639E-1,-8.824421465E-2,3.471693993E-1
3.444800912E1,4.953578413E-1,4.754484072E-2,3.283727467E-1
3.445804912E1,5.059314370E-1,1.970658898E-1,2.705677450E-1
3.446809013E1,4.943891168E-1,3.204624057E-1,1.899788678E-1
3.447813012E1,4.757970572E-1,4.237450957E-1,1.039598361E-1
3.448817012E1,4.372693300E-1,5.070343614E-1,3.966535442E-3
3.449821112E1,3.908328712E-1,5.560841560E-1,-9.446203709E-2
3.450825112E1,3.451594412E-1,5.585142970E-1,-1.724925041E-1
3.451829212E1,3.063870072E-1,5.209562778E-1,-2.306330353E-1
3.452833212E1,2.713123262E-1,4.331252873E-1,-2.777357996E-1
3.453837213E1,2.472160459E-1,3.050916791E-1,-3.108705878E-1
3.454841312E1,2.337259948E-1,1.788446158E-1,-3.322694302E-1
3.455845313E1,2.194210887E-1,7.874198258E-2,-3.488316238E-1
3.456849312E1,2.120968103E-1,-3.730819095E-3,-3.715413511E-1
3.457853413E1,2.124432921E-1,-8.276545256E-2,-3.921180069E-1
3.458857412E1,2.229399085E-1,-1.551636010E-1,-3.909704089E-1
3.459861412E1,2.343915105E-1,-1.817283779E-1,-3.653678596E-1
3.460865512E1,2.234664559E-1,-1.454435885E-1,-3.413877487E-1
3.461869512E1,2.291232646E-1,-5.049096793E-2,-3.162997067E-1
3.462873612E1,2.509853840E-1,1.054485515E-1,-2.879987657E-1
3.463877612E1,2.618612051E-1,2.457278818E-1,-2.534495890E-1
3.464881613E1,2.721352577E-1,3.591422737E-1,-2.317606956E-1
3.465885712E1,3.005330563E-1,4.133104384E-1,-2.139233649E-1
3.466889712E1,3.588664532E-1,3.749745190E-1,-1.670182347E-1
3.467893712E1,4.193670750E-1,2.456814945E-1,-1.261192709E-1
3.468897812E1,4.607268274E-1,6.149170548E-2,-8.551498502E-2
3.469901812E1,4.566204846E-1,-9.444782138E-2,-5.589583516E-2
3.470905812E1,3.448440433E-1,-2.991349101E-1,-7.996330410E-2
3.471909913E1,1.790542603E-1,-4.450945258E-1,-1.423902065E-1
3.472913912E1,1.271182448E-1,-2.852531672E-1,-1.244850680E-1
3.473918013E1,2.674154341E-1,-2.868094482E-3,5.878274888E-2
3.474922012E1,3.462128043E-1,1.455910951E-1,2.792003453E-1
3.475926012E1,2.908124030E-1,2.140745521E-1,3.772086799E-1
3.476930112E1,3.176771700E-1,2.355335504E-1,4.347026348E-1
3.477934112E1,3.135370016E-1,2.624008656E-1,4.593558013E-1
3.478938113E1,1.865699887E-1,1.479064971E-1,4.671966732E-1
3.479942212E1,7.257924229E-2,-1.456297785E-1,4.790938199E-1
3.480946213E1,5.488404632E-2,-4.773584902E-1,4.371414781E-1
3.481950212E1,9.594919533E-2,-7.337897420E-1,3.209008873E-1
3.482954313E1,1.354888231E-1,-8.103436828E-1,1.650397629E-1
3.483958312E1,1.144280061E-1,-6.915400624E-1,1.406303141E-2
3.484962412E1,7.558041066E-2,-4.781591594E-1,-8.488891274E-2
3.485966412E1,5.993700400E-2,-3.147502542E-1,-1.346279830E-1
3.486970412E1,5.537008122E-2,-2.458684742E-1,-1.360515654E-1
3.487974512E1,5.349707976E-2,-2.136396915E-1,-1.243174151E-1
3.488978512E1,3.965371847E-2,-1.809947938E-1,-1.066419110E-1
3.489982513E1,1.568527147E-2,-1.106921285E-1,-7.097978890E-2
3.490986612E1,-2.859590948E-2,1.299515180E-2,-3.843575716E-2
3.491990612E1,-5.579477549E-2,1.791676283E-1,-2.250100113E-2
3.492994612E1,-6.314101070E-2,3.252699971E-1,-1.260142028E-2
3.493998712E1,-6.365846097E-2,4.103550613E-1,-2.959478460E-2
3.495002712E1,-7.757950574E-2,4.312322438E-1,-9.673733264E-2
3.496006812E1,-1.024795249E-1,3.854437172E-1,-1.928670704E-1
3.497010813E1,-1.344127655E-1,2.707665861E-1,-2.928200066E-1
3.498014812E1,-1.830431521E-1,1.312531829E-1,-3.708253205E-1
3.499018913E1,-2.665112913E-1,3.513650503E-3,-4.253064990E-1
3.500022912E1,-3.651305437E-1,-9.245176613E-2,-4.634405673E-1
3.501026912E1,-4.551264346E-1,-1.598832458E-1,-4.796878397E-1
3.502031012E1,-5.414834023E-1,-1.906683147E-1,-4.701268077E-1
3.503035012E1,-5.827142000E-1,-1.915176660E-1,-4.474680722E-1
3.504039112E1,-6.070371270E-1,-1.446593404E-1,-3.993532658E-1
3.505043112E1,-6.107783318E-1,-6.013493240E-2,-3.351140022E-1
3.506047113E1,-5.850977302E-1,3.333935514E-2,-2.655133605E-1
3.507051212E1,-5.461617112E-1,1.264664233E-1,-1.830808222E-1
3.508055213E1,-4.957765639E-1,2.100002021E-1,-9.686472267E-2
3.509059212E1,-4.465546012E-1,2.851712108E-1,-3.803788126E-2
3.510063312E1,-4.242921770E-1,3.521366715E-1,1.713296026E-2
3.511067312E1,-4.174504578E-1,3.945547938E-1,5.543460697E-2
3.512071312E1,-4.189764559E-1,3.821980059E-1,9.118568152E-2
3.513075412E1,-4.260790944E-1,2.972924411E-1,1.365789920E-1
3.514079412E1,-4.236577451E-1,1.656633019E-1,2.027625442E-1
3.515083513E1,-4.132211208E-1,3.548843041E-2,2.796010077E-1
3.516087512E1,-3.824861050E-1,-8.262409270E-2,3.641758263E-1
3.517091512E1,-3.257178366E-1,-1.880570948E-1,4.449728727E-1
3.518095612E1,-2.799825668E-1,-2.433331311E-1,5.084378719E-1
3.519099612E1,-2.846167088E-1,-2.157242000E-1,5.475032330E-1
3.520103612E1,-2.947713435E-1,-1.013187915E-1,5.642505288E-1
3.521107712E1,-2.570884824E-1,5.681663752E-2,5.487242937E-1
3.522111713E1,-1.426596344E-1,2.163751423E-1,4.845184088E-1
3.523115712E1,-1.853898913E-2,3.303083777E-1,3.424240649E-1
3.524119813E1,-3.290381283E-2,3.889250755E-1,1.568480730E-1
3.525123825E1,-2.111388147E-1,4.136962593E-1,-1.825239323E-2
3.526127925E1,-4.427435696E-1,3.324461579E-1,-1.668453366E-1
3.527131925E1,-6.121605635E-1,1.532445550E-1,-2.890306711E-1
3.528135925E1,-6.762058735E-1,7.620245218E-3,-3.587820828E-1
3.529140025E1,-5.937449932E-1,-1.642711014E-1,-3.459340334E-1
3.530144025E1,-3.820798695E-1,-3.999643326E-1,-2.046951801E-1
3.531148025E1,-1.487331837E-1,-5.796506405E-1,4.691165686E-2
3.532152125E1,-5.394968018E-2,-5.702853203E-1,2.269210964E-1
3.533156125E1,-1.965438873E-1,-4.988211989E-1,1.968034506E-1
3.534160125E1,-3.226341903E-1,-4.345556796E-1,4.448235780E-2
3.535164225E1,-2.436211407E-1,-2.684797645E-1,-9.592412412E-2
3.536168225E1,-1.623795480E-1,-2.585514449E-2,-2.173602730E-1
3.537172325E1,-6.831645221E-2,1.088117138E-1,-3.383927941E-1
3.538176325E1,4.845010862E-2,9.307509661E-2,-4.331280887E-1
3.539180325E1,5.842444673E-2,-1.892067865E-2,-4.997390807E-1
3.540184425E1,-2.228065860E-3,-1.452545822E-1,-5.223645568E-1
3.541188425E1,-3.205073625E-2,-2.334076315E-1,-4.608342648E-1
3.542192425E1,-7.458307780E-3,-2.781482041E-1,-3.165612519E-1
3.543196525E1,7.373581082E-2,-2.951757312E-1,-1.333177090E-1
3.544200525E1,1.427172720E-1,-3.063418567E-1,3.093115427E-2
3.545204625E1,1.540685445E-1,-2.912969589E-1,1.812274307E-1
3.546208625E1,1.394307464E-1,-2.481593341E-1,3.125745654E-1
3.547212625E1,1.196915060E-1,-1.558846682E-1,4.163306057E-1
3.548216725E1,1.279856563E-1,-2.962153964E-2,4.842998087E-1
3.549220725E1,1.824121922E-1,1.001957953E-1,4.964962304E-1
3.550224725E1,2.265279889E-1,2.122909129E-1,4.463512897E-1
3.551228825E1,2.454696000E-1,3.140062988E-1,3.707345426E-1
3.552232825E1,2.313908041E-1,3.672498167E-1,2.933723927E-1
3.553236925E1,1.968377680E-1,3.656738400E-1,2.206648737E-1
3.554240925E1,1.722402871E-1,3.320740461E-1,1.645089239E-1
3.555244925E1,1.614751369E-1,2.816578150E-1,1.436941773E-1
3.556249025E1,1.770439744E-1,1.829754561E-1,1.392328441E-1
3.557253025E1,2.074751556E-1,4.156395793E-2,1.662736237E-1
3.558257025E1,2.297620922E-1,-4.643620178E-2,2.194308490E-1
3.559261125E1,2.595009208E-1,-6.175932288E-2,2.615889013E-1
3.560265125E1,2.962623835E-1,-4.923580587E-2,2.899653912E-1
3.561269125E1,3.324344456E-1,7.750093006E-3,3.039911687E-1
3.562273225E1,3.750791252E-1,1.238585934E-1,2.975031734E-1
3.563277225E1,4.041653574E-1,2.570596337E-1,2.649220824E-1
3.564281325E1,4.225339890E-1,3.774608672E-1,2.093363255E-1
3.565285325E1,4.325123429E-1,4.831896424E-1,1.316336989E-1
3.566289325E1,4.332239330E-1,5.763065219E-1,3.933545202E-2
3.567293425E1,4.213203192E-1,6.130762100E-1,-4.811430350E-2
3.568297425E1,3.940396905E-1,5.858342052E-1,-1.230846792E-1
3.569301425E1,3.545682132E-1,5.073792934E-1,-1.834535450E-1
3.570305525E1,3.131352961E-1,4.083411694E-1,-2.457872182E-1
3.571309525E1,2.746005654E-1,3.133291602E-1,-3.000464141E-1
3.572313625E1,2.562524378E-1,2.214679569E-1,-3.447060287E-1
3.573317625E1,2.576939166E-1,1.106982604E-1,-3.724762499E-1
3.574321625E1,2.726217508E-1,-5.154843908E-3,-3.895865083E-1
3.575325725E1,2.968102098E-1,-1.308696866E-1,-3.935210407E-1
3.576329725E1,3.245361149E-1,-2.300660461E-1,-3.769679070E-1
3.577333725E1,3.282581568E-1,-2.607327104E-1,-3.558098376E-1
3.578337825E1,3.481176198E-1,-1.887599975E-1,-3.434037566E-1
3.579341825E1,3.700534403E-1,-4.934576526E-2,-3.367452621E-1
3.580345825E1,3.593669534E-1,7.605476677E-2,-3.171089888E-1
3.581349925E1,3.257813454E-1,1.329388320E-1,-2.790541053E-1
3.582353925E1,3.118442297E-1,1.444825679E-1,-2.517513633E-1
3.583358025E1,3.890076876E-1,6.847313792E-2,-2.005843520E-1
3.584362025E1,4.990146160E-1,-8.739768714E-2,-1.154143289E-1
3.585366025E1,5.501815677E-1,-2.849627435E-1,-3.546114638E-2
3.586370125E1,4.868462682E-1,-4.377136827E-1,-5.966639146E-3
3.587374125E1,3.556553721E-1,-5.537840128E-1,-2.863321081E-2
3.588378125E1,2.334407717E-1,-4.469470382E-1,-2.228530124E-2
3.589382225E1,1.884831339E-1,-1.085630059E-1,6.895209849E-2
3.590386225E1,1.708913594E-1,-2.424050821E-3,2.505786121E-1
3.591390325E1,7.879425585E-2,-7.174657285E-2,3.440044820E-1
3.592394325E1,1.774475351E-2,-1.042089015E-1,3.728902042E-1
3.593398325E1,4.702430218E-2,-8.904768527E-2,3.733338416E-1
3.594402425E1,9.473189712E-2,-7.426927239E-2,3.110851347E-1
3.595406425E1,8.957373351E-2,-1.637959778E-1,2.701402009E-1
3.596410425E1,6.658665836E-2,-3.044321835E-1,2.717514038E-1
3.597414525E1,8.851470053E-2,-4.581340849E-1,2.752155960E-1
3.598418525E1,1.312744170E-1,-5.596883893E-1,2.249675840E-1
3.599422625E1,1.001711115E-1,-5.783542395E-1,1.061879620E-1
3.600426625E1,8.641460910E-3,-4.814868569E-1,-1.767432690E-2
3.601430625E1,-7.863985747E-2,-2.995609641E-1,-1.180143580E-1
3.602434725E1,-1.444351077E-1,-1.307578385E-1,-1.788516194E-1
3.603438725E1,-1.827471405E-1,-4.532198235E-2,-1.862112284E-1
3.604442725E1,-1.899978518E-1,-3.096674569E-2,-1.574264467E-1
3.605446825E1,-1.880032867E-1,-1.791025512E-2,-1.261653304E-1
3.606450825E1,-1.860061735E-1,3.658148274E-2,-1.106105968E-1
3.607454925E1,-1.803617477E-1,1.543698162E-1,-1.043475121E-1
3.608458925E1,-1.601132005E-1,3.270135224E-1,-1.084738150E-1
3.609462925E1,-1.374222636E-1,4.404939115E-1,-1.124168113E-1
3.610467025E1,-1.274487227E-1,4.535396695E-1,-1.535586566E-1
3.611471025E1,-1.352395117E-1,3.919000328E-1,-2.131932825E-1
3.612475025E1,-1.658845097E-1,2.686856985E-1,-2.814154923E-1
3.613479125E1,-2.096003294E-1,1.182060167E-1,-3.462097049E-1
3.614483125E1,-2.593623102E-1,-1.119857654E-2,-3.836974204E-1
3.615487125E1,-3.190945089E-1,-7.165574282E-2,-4.072485268E-1
3.616491225E1,-3.785543740E-1,-1.026935577E-1,-4.160079360E-1
3.617495225E1,-4.316896200E-1,-1.087811291E-1,-4.114847481E-1
3.618499325E1,-4.749974012E-1,-1.032223105E-1,-3.972357810E-1
3.619503325E1,-5.163306594E-1,-7.677797228E-2,-3.647974730E-1
3.620507325E1,-5.158568621E-1,-1.808695868E-2,-3.287936449E-1
3.621511425E1,-5.163459182E-1,5.683340132E-2,-2.470156699E-1
3.622515425E1,-5.152977109E-1,1.597118378E-1,-1.495764554E-1
3.623519425E1,-4.890490174E-1,2.798886597E-1,-3.058282845E-2
3.624523525E1,-4.676837921E-1,3.796996772E-1,8.871027827E-2
3.625527500E1,-4.521066844E-1,4.250918329E-1,1.631672978E-1
3.626531600E1,-4.435238242E-1,4.046105146E-1,2.102812827E-1
3.627535600E1,-4.397731423E-1,3.344624639E-1,2.434437573E-1
3.628539600E1,-4.423361719E-1,2.459198087E-1,2.705579102E-1
3.629543700E1,-4.390116632E-1,1.444028616E-1,3.176285625E-1
3.630547700E1,-4.199431837E-1,3.050666489E-2,3.760170341E-1
3.631551700E1,-3.944453597E-1,-6.488639861E-2,4.403721690E-1
3.632555800E1,-3.479465544E-1,-1.043009162E-1,5.009276867E-1
3.633559800E1,-2.912647724E-1,-8.033281565E-2,5.486172438E-1
3.634563800E1,-2.870553732E-1,4.133636504E-2,5.714546442E-1
3.635567900E1,-2.951255441E-1,2.299910337E-1,5.633316636E-1
3.636571900E1,-2.590042949E-1,4.061522186E-1,5.155358911E-1
3.637576000E1,-1.609875113E-1,5.318058133E-1,4.370808303E-1
3.638580000E1,-6.642159075E-2,5.489237905E-1,3.076291084E-1
3.639584000E1,-7.742885500E-2,4.583477974E-1,1.304741502E-1
3.640588100E1,-2.392616868E-1,2.894195020E-1,-7.211223245E-2
3.641592100E1,-4.353682399E-1,8.396575600E-2,-2.312599421E-1
3.642596100E1,-5.607679486E-1,-1.460085958E-1,-3.264977634E-1
3.643600200E1,-5.440230966E-1,-3.945795894E-1,-3.266443908E-1
3.644604200E1,-3.879802525E-1,-6.896986365E-1,-2.235651314E-1
3.645608300E1,-1.678306758E-1,-9.105980992E-1,-3.912764788E-2
3.646612300E1,7.764062844E-3,-8.053278327E-1,1.454893351E-1
3.647616300E1,4.599678796E-3,-4.283097982E-1,2.274534106E-1
3.648620400E1,-1.935237944E-1,-7.101452351E-2,1.544042379E-1
3.649624400E1,-2.927955687E-1,8.347215503E-2,1.988657378E-2
3.650628400E1,-2.454536259E-1,1.229902655E-1,-1.196992919E-1
3.651632500E1,-1.851331294E-1,1.045913771E-1,-2.533161342E-1
3.652636500E1,-1.406990886E-1,3.082954325E-2,-3.690619171E-1
3.653640500E1,-1.095445827E-1,-9.140419960E-2,-4.588142633E-1
3.654644600E1,-1.455265433E-1,-2.351975888E-1,-5.256085396E-1
3.655648600E1,-2.337641418E-1,-3.634708226E-1,-5.272138119E-1
3.656652700E1,-2.640307248E-1,-4.836787283E-1,-4.180566967E-1
3.657656700E1,-1.659587920E-1,-5.263483524E-1,-2.174676359E-1
3.658660700E1,1.579290070E-2,-4.318420887E-1,-2.023392543E-2
3.659664800E1,1.320034117E-1,-2.790380418E-1,1.286454052E-1
3.660668800E1,1.741069257E-1,-1.223102137E-1,2.322173268E-1
3.661672800E1,1.701084077E-1,-2.971092612E-2,2.957690954E-1
3.662676900E1,1.545779109E-1,4.619262740E-2,3.191148937E-1
3.663680900E1,1.640029103E-1,1.262550652E-1,3.189770281E-1
3.664685000E1,2.018975616E-1,1.719514579E-1,2.892374992E-1
3.665689000E1,2.215079516E-1,1.631788313E-1,2.464714050E-1
3.666693000E1,2.262547612E-1,1.210558787E-1,2.019137889E-1
3.667697100E1,2.209558934E-1,4.615121707E-2,1.705670804E-1
3.668701100E1,2.247327864E-1,-5.945296958E-2,1.511310637E-1
3.669705100E1,2.417263389E-1,-1.784893125E-1,1.546135098E-1
3.670709200E1,2.718498707E-1,-2.855116427E-1,1.734548360E-1
3.671713200E1,2.981087565E-1,-3.590014577E-1,2.176880836E-1
3.672717300E1,3.210835755E-1,-3.805498779E-1,2.797048688E-1
3.673721300E1,3.191322386E-1,-3.978009224E-1,3.264826834E-1
3.674725300E1,3.161305785E-1,-3.400729001E-1,3.581804335E-1
3.675729400E1,3.171547055E-1,-2.054334432E-1,3.944344521E-1
3.676733400E1,3.214858174E-1,-4.477957264E-2,4.125695229E-1
3.677737400E1,3.358738720E-1,1.375289559E-1,3.938595653E-1
3.678741500E1,3.292375207E-1,2.954682708E-1,3.206479251E-1
3.679745500E1,3.137492239E-1,4.015732408E-1,2.251708806E-1
3.680749600E1,2.927893698E-1,4.681456089E-1,1.213984117E-1
3.681753600E1,2.629627287E-1,4.700290561E-1,1.327378210E-2
3.682757600E1,2.252103090E-1,4.338979423E-1,-7.726437598E-2
3.683761700E1,1.908627599E-1,4.020161033E-1,-1.567116380E-1
3.684765700E1,1.670378596E-1,3.526459038E-1,-2.154500484E-1
3.685769700E1,1.506500393E-1,2.789389193E-1,-2.566156685E-1
3.686773800E1,1.297138631E-1,1.937052608E-1,-2.790301740E-1
3.687777800E1,1.034865156E-1,1.196747050E-1,-2.937960625E-1
3.688781800E1,8.839891106E-2,5.028604344E-2,-3.076415956E-1
3.689785900E1,9.188017994E-2,-1.924097538E-2,-3.288271129E-1
3.690789900E1,1.244080290E-1,-1.305547208E-1,-3.433959484E-1
3.691794000E1,1.858090907E-1,-2.632151544E-1,-3.441878855E-1
3.692798000E1,2.493952513E-1,-3.653993011E-1,-3.357089162E-1
3.693802000E1,2.990967035E-1,-4.062867761E-1,-3.314075768E-1
3.694806100E1,3.318272233E-1,-3.828016818E-1,-3.348878026E-1
3.695810100E1,3.168211281E-1,-2.971930206E-1,-3.434352577E-1
3.696814100E1,2.594875395E-1,-1.603259891E-1,-3.323461413E-1
3.697818200E1,2.257861346E-1,4.889629781E-3,-2.819454670E-1
3.698822200E1,2.900093198E-1,1.730038077E-1,-1.937918961E-1
3.699826300E1,4.002177417E-1,2.467256486E-1,-8.650542796E-2
3.700830300E1,4.907300472E-1,1.710620373E-1,-1.226288639E-2
3.701834300E1,5.289049745E-1,2.597653866E-2,2.036539838E-2
3.702838400E1,4.759839773E-1,-1.206464544E-1,1.439325977E-2
3.703842400E1,3.635516167E-1,-2.643416822E-1,-1.659609191E-2
3.704846400E1,2.500279844E-1,-2.264957726E-1,1.050663088E-2
3.705850500E1,2.258761078E-1,-1.155125648E-1,1.123943478E-1
3.706854500E1,2.453166544E-1,-1.871811599E-1,3.023685515E-1
3.707858500E1,2.267047614E-1,-2.806887627E-1,3.940965831E-1
3.708862600E1,2.605889738E-1,-2.802549601E-1,4.368174076E-1
3.709866600E1,3.659202456E-1,-2.335669994E-1,4.076020420E-1
3.710870700E1,3.964483142E-1,-2.732813656E-1,3.108960092E-1
3.711874700E1,3.218159974E-1,-3.999244273E-1,2.416742891E-1
3.712878700E1,2.752924562E-1,-5.303325057E-1,2.097730786E-1
3.713882800E1,2.765874267E-1,-6.268324256E-1,1.756773889E-1
3.714886800E1,3.351370096E-1,-6.880455017E-1,1.202713996E-1
3.715890800E1,3.597845137E-1,-6.717187166E-1,3.592467681E-2
3.716894900E1,3.034501374E-1,-5.159594417E-1,-6.669864058E-2
3.717898900E1,2.281915843E-1,-3.122076392E-1,-1.541387588E-1
3.718903000E1,1.729949117E-1,-1.269768029E-1,-2.071716189E-1
3.719907000E1,1.474850178E-1,-4.238128662E-2,-2.308451831E-1
3.720911000E1,1.227983162E-1,-4.676724598E-2,-2.087979317E-1
3.721915100E1,7.538739592E-2,-3.033893742E-2,-1.416525245E-1
3.722919100E1,8.782007731E-3,5.982957408E-2,-7.913828641E-2
3.723923100E1,-5.898733065E-2,2.014583945E-1,-4.057381675E-2
3.724927200E1,-9.220626950E-2,3.280725479E-1,-2.937682346E-2
3.725931150E1,-8.528954536E-2,3.891051710E-1,-5.941288173E-2
3.726935150E1,-7.168105990E-2,3.457928598E-1,-1.241407469E-1
3.727939250E1,-8.356352150E-2,1.997304708E-1,-2.126999646E-1
3.728943250E1,-1.177196279E-1,2.240760997E-2,-3.093175590E-1
3.729947350E1,-1.556891948E-1,-1.211439297E-1,-3.931777775E-1
3.730951350E1,-1.909382641E-1,-2.289801091E-1,-4.427053630E-1
3.731955350E1,-2.375821024E-1,-3.052105904E-1,-4.724073410E-1
3.732959450E1,-2.887555361E-1,-3.375072777E-1,-4.866856039E-1
3.733963450E1,-3.565261662E-1,-3.214911520E-1,-4.691779315E-1
3.734967450E1,-4.049720168E-1,-2.565054893E-1,-4.283900261E-1
3.735971550E1,-4.509938955E-1,-1.448988914E-1,-3.612295091E-1
3.736975550E1,-4.753783345E-1,-1.161699556E-2,-2.863781750E-1
3.737979650E1,-4.773620367E-1,1.590294093E-1,-2.073208243E-1
3.738983650E1,-4.583678246E-1,3.804675341E-1,-1.012987718E-1
3.739987650E1,-4.163535237E-1,5.145968199E-1,3.771185875E-3
3.740991750E1,-3.726238906E-1,5.517314076E-1,9.293009341E-2
3.741995750E1,-3.415984809E-1,5.308111310E-1,1.556561887E-1
3.742999750E1,-3.269684017E-1,4.907388389E-1,1.950113177E-1
3.744003850E1,-3.255421519E-1,4.358293712E-1,2.137102783E-1
3.745007850E1,-3.325188458E-1,3.538897634E-1,2.354171723E-1
3.746011950E1,-3.362795115E-1,2.500956059E-1,2.602126300E-1
3.747015950E1,-3.244148493E-1,1.187692657E-1,3.157398105E-1
3.748019950E1,-2.986391783E-1,-1.272777654E-2,3.863793612E-1
3.749024050E1,-2.689856887E-1,-1.281819344E-1,4.590722024E-1
3.750028050E1,-2.500782311E-1,-2.036848068E-1,5.149685740E-1
3.751032050E1,-2.470741868E-1,-2.207071930E-1,5.601826310E-1
3.752036150E1,-2.672969401E-1,-1.563011110E-1,5.859014392E-1
3.753040150E1,-2.666993141E-1,-2.448582835E-2,5.874758959E-1
3.754044150E1,-2.144717574E-1,1.477399617E-1,5.532827377E-1
3.755048250E1,-1.110516340E-1,3.267368674E-1,4.897288084E-1
3.756052250E1,-1.637547463E-2,4.763754904E-1,3.892934322E-1
3.757056350E1,-3.546128795E-2,5.528945327E-1,2.368434519E-1
3.758060350E1,-1.817932427E-1,5.451691151E-1,7.347143441E-2
3.759064350E1,-3.663691878E-1,4.131903350E-1,-6.856719404E-2
3.760068450E1,-5.173762441E-1,2.066895813E-1,-1.711900681E-1
3.761072450E1,-5.706745982E-1,-8.255759254E-3,-2.220884115E-1
3.762076450E1,-4.918122590E-1,-2.070229053E-1,-2.165160626E-1
3.763080550E1,-3.243492246E-1,-3.884225190E-1,-1.253001243E-1
3.764084550E1,-1.237150058E-1,-4.547013044E-1,1.347885933E-2
3.765088650E1,-2.143870667E-2,-3.840149045E-1,8.828306198E-2
3.766092650E1,-6.528425217E-2,-2.367666215E-1,2.996075153E-2
3.767096650E1,-8.565717191E-2,-1.401751041E-1,-1.001647636E-1
3.768100750E1,-3.432837874E-2,-1.128331870E-1,-2.672197223E-1
3.769104750E1,-3.134590387E-2,-4.937778041E-2,-4.516787827E-1
3.770108750E1,2.995208278E-2,-1.201356202E-2,-6.020731330E-1
3.771112850E1,1.442099512E-1,-1.074063927E-1,-6.567866802E-1
3.772116850E1,1.750681251E-1,-2.926799953E-1,-6.388112307E-1
3.773120850E1,5.402186140E-2,-4.365048110E-1,-5.927702188E-1
3.774124950E1,-7.590828836E-2,-4.978315234E-1,-4.840433300E-1
3.775128950E1,-8.215979487E-2,-4.652650654E-1,-2.830239534E-1
3.776133050E1,-1.975481864E-4,-3.898073137E-1,-5.072999001E-2
3.777137050E1,8.181209862E-2,-2.906602323E-1,1.533038318E-1
3.778141050E1,1.138349548E-1,-1.720260233E-1,3.065195978E-1
3.779145150E1,1.036531553E-1,-4.430241138E-2,4.247588813E-1
3.780149150E1,7.625674456E-2,8.017509431E-2,4.817288518E-1
3.781153150E1,7.349558175E-2,1.918134689E-1,4.684202373E-1
3.782157250E1,9.150090069E-2,2.773186266E-1,4.012523592E-1
3.783161250E1,1.162091792E-1,3.328559101E-1,3.020352125E-1
3.784165350E1,1.281621605E-1,3.190488517E-1,2.040614337E-1
3.785169350E1,1.325686276E-1,2.420009375E-1,1.222770810E-1
3.786173350E1,1.387121230E-1,1.366952211E-1,6.556349248E-2
3.787177450E1,1.553163975E-1,1.000518817E-2,3.725275770E-2
3.788181450E1,1.801318079E-1,-1.137619317E-1,5.910246447E-2
3.789185450E1,2.147150785E-1,-1.794243008E-1,9.839528054E-2
3.790189550E1,2.543586493E-1,-2.303694338E-1,1.390091926E-1
3.791193550E1,2.894508541E-1,-2.247344553E-1,1.927760243E-1
3.792197650E1,3.222506344E-1,-1.947264671E-1,2.394537181E-1
3.793201650E1,3.628563881E-1,-1.379553378E-1,2.778986096E-1
3.794205650E1,4.037900865E-1,-4.871719331E-2,3.058176339E-1
3.795209750E1,4.349919558E-1,5.655250698E-2,3.333746791E-1
3.796213750E1,4.607218206E-1,2.039068043E-1,3.268946707E-1
3.797217750E1,4.823450744E-1,3.708228469E-1,2.697317898E-1
3.798221850E1,4.810366929E-1,5.368626118E-1,1.898667961E-1
3.799225850E1,4.646273851E-1,6.069831252E-1,1.061490029E-1
3.800229850E1,4.391758740E-1,6.466912031E-1,2.507285774E-2
3.801233950E1,4.067446887E-1,6.725792289E-1,-5.271168426E-2
3.802237950E1,3.720782101E-1,6.686726213E-1,-1.276514679E-1
3.803242050E1,3.397980332E-1,6.200033426E-1,-1.851760149E-1
3.804246050E1,3.179476857E-1,5.546545982E-1,-2.269197553E-1
3.805250050E1,2.906329632E-1,4.519540668E-1,-2.665169537E-1
3.806254150E1,2.569798827E-1,3.177524805E-1,-3.104794323E-1
3.807258150E1,2.257638872E-1,1.687904149E-1,-3.466243744E-1
3.808262150E1,1.982935667E-1,3.223594651E-2,-3.700024784E-1
3.809266250E1,1.911917180E-1,-9.510549903E-2,-3.957656324E-1
3.810270250E1,2.130398601E-1,-1.787023544E-1,-4.127202928E-1
3.811274250E1,2.350857705E-1,-2.171557397E-1,-4.189384878E-1
3.812278350E1,2.364559472E-1,-2.263492495E-1,-4.165088534E-1
3.813282350E1,2.367185354E-1,-1.950738877E-1,-4.040417969E-1
3.814286450E1,2.336872667E-1,-1.029022932E-1,-3.744160235E-1
3.815290450E1,2.058260739E-1,3.280333476E-3,-3.237541616E-1
3.816294450E1,1.844537407E-1,8.136671036E-2,-2.549686432E-1
3.817298550E1,2.205995023E-1,1.556044519E-1,-1.650496870E-1
3.818302550E1,2.986709476E-1,1.975344270E-1,-6.840275973E-2
3.819306550E1,3.789868355E-1,1.521863937E-1,1.559543773E-3
3.820310650E1,4.245946109E-1,4.128156975E-2,2.966644987E-2
3.821314650E1,3.982205391E-1,-1.415689439E-1,1.794108376E-2
3.822318750E1,3.167029619E-1,-3.555470109E-1,-2.667752467E-2
3.823322750E1,2.300218493E-1,-4.121615589E-1,-4.525094107E-2
3.824326750E1,2.650417686E-1,-2.588731050E-1,-8.579142392E-3
3.825330937E1,3.497609198E-1,-2.369584888E-1,1.023732051E-1
3.826334937E1,3.462019861E-1,-2.929742336E-1,1.573182195E-1
3.827338937E1,3.345732987E-1,-3.034138083E-1,2.231600732E-1
3.828343037E1,3.315174878E-1,-2.263420522E-1,2.767678499E-1
3.829347038E1,2.653802931E-1,-1.710454971E-1,3.234272301E-1
3.830351037E1,1.813642085E-1,-2.042000592E-1,3.986363411E-1
3.831355138E1,1.433582455E-1,-2.767725289E-1,4.657354653E-1
3.832359137E1,1.341880709E-1,-3.660868108E-1,4.758378863E-1
3.833363237E1,9.775763005E-2,-4.522099793E-1,4.058201909E-1
3.834367237E1,6.434491836E-3,-4.041417837E-1,2.721919417E-1
3.835371237E1,-9.301779419E-2,-2.531972826E-1,1.096046120E-1
3.836375337E1,-1.234252453E-1,-1.177457199E-1,-4.075799510E-2
3.837379337E1,-1.034286246E-1,-6.068829820E-2,-1.698848158E-1
3.838383338E1,-4.452577233E-2,-5.870791897E-2,-2.579299510E-1
3.839387437E1,2.836041711E-2,-5.394059420E-2,-2.982549965E-1
3.840391437E1,6.474519521E-2,-6.185176317E-3,-3.117260337E-1
3.841395537E1,4.550571740E-2,8.773625642E-2,-3.117049932E-1
3.842399537E1,1.293118112E-4,2.213676870E-1,-2.934144437E-1
3.843403537E1,-4.432177544E-2,3.494771719E-1,-2.685183883E-1
3.844407637E1,-8.342710882E-2,4.183301032E-1,-2.524466813E-1
3.845411638E1,-1.307685375E-1,3.945563138E-1,-2.533897161E-1
3.846415637E1,-1.833082438E-1,2.870227396E-1,-2.683485150E-1
3.847419738E1,-2.267364115E-1,1.544303447E-1,-2.892956138E-1
3.848423737E1,-2.622303069E-1,4.395654425E-2,-3.093493581E-1
3.849427737E1,-2.889516652E-1,-3.488527611E-2,-3.148123026E-1
3.850431837E1,-3.104646206E-1,-9.823492914E-2,-3.169666529E-1
3.851435837E1,-3.321435452E-1,-1.385229677E-1,-3.236961961E-1
3.852439937E1,-3.570736349E-1,-1.408791989E-1,-3.185359538E-1
3.853443937E1,-3.874642849E-1,-9.398332238E-2,-3.123984337E-1
3.854447938E1,-4.229499698E-1,-1.245854236E-2,-2.871185839E-1
3.855452037E1,-4.319804907E-1,1.015990525E-1,-2.505906522E-1
3.856456038E1,-4.456022680E-1,2.254416347E-1,-1.978934109E-1
3.857460037E1,-4.468241036E-1,3.682312965E-1,-1.320502162E-1
3.858464137E1,-4.332641661E-1,5.011672378E-1,-5.239654332E-2
3.859468137E1,-4.078344405E-1,5.583372712E-1,4.778651893E-2
3.860472137E1,-3.844153285E-1,5.505869985E-1,1.165952832E-1
3.861476237E1,-3.716468215E-1,5.022639632E-1,1.578244865E-1
3.862480237E1,-3.730745018E-1,4.029920697E-1,1.896091551E-1
3.863484338E1,-3.771278262E-1,2.776695788E-1,2.245815098E-1
3.864488337E1,-3.803326190E-1,1.434412897E-1,2.730740011E-1
3.865492337E1,-3.675963283E-1,1.253014430E-2,3.469969630E-1
3.866496437E1,-3.333591521E-1,-9.903860837E-2,4.194726646E-1
3.867500437E1,-2.880034149E-1,-1.744659841E-1,4.813424349E-1
3.868504437E1,-2.637658417E-1,-1.631143391E-1,5.200611949E-1
3.869508537E1,-2.780209482E-1,-2.879008651E-2,5.422450304E-1
3.870512538E1,-2.960427999E-1,1.685149372E-1,5.273287296E-1
3.871516637E1,-2.616374195E-1,3.481491506E-1,4.893064797E-1
3.872520638E1,-1.849121153E-1,4.778102338E-1,4.369445741E-1
3.873524637E1,-1.031935364E-1,5.554413795E-1,3.576543033E-1
3.874528738E1,-7.978991419E-2,5.632785559E-1,2.226596773E-1
3.875532737E1,-1.953119785E-1,5.052858591E-1,4.871131107E-2
3.876536737E1,-3.866184652E-1,3.293220699E-1,-1.097379103E-1
3.877540837E1,-5.313761830E-1,1.008044705E-1,-2.053081095E-1
3.878544837E1,-6.022302508E-1,-1.015052721E-1,-2.411074191E-1
3.879548838E1,-5.585123301E-1,-3.195949793E-1,-1.984542310E-1
3.880552937E1,-4.358905256E-1,-5.514655709E-1,-6.497897208E-2
3.881556938E1,-2.669481337E-1,-6.263446212E-1,1.110208184E-1
3.882561037E1,-1.575435400E-1,-4.293415844E-1,2.435258180E-1
3.883565037E1,-1.936533451E-1,-1.351653337E-1,2.343610823E-1
3.884569037E1,-2.575789392E-1,5.379588157E-2,1.136835515E-1
3.885573137E1,-2.395477295E-1,1.242830977E-1,-1.703052409E-2
3.886577137E1,-1.982795000E-1,1.476299465E-1,-1.657917202E-1
3.887581137E1,-1.424434036E-1,1.645455509E-1,-3.107502460E-1
3.888585238E1,-2.459032275E-2,1.300055385E-1,-4.185409248E-1
3.889589237E1,5.528027564E-2,-4.055501893E-2,-4.854152799E-1
3.890593237E1,-4.031259939E-2,-2.847272754E-1,-4.831637144E-1
3.891597337E1,-1.586493552E-1,-4.783257842E-1,-4.163572490E-1
3.892601337E1,-1.585401744E-1,-5.674887300E-1,-2.813048959E-1
3.893605437E1,-7.100446522E-2,-5.571170449E-1,-9.633505344E-2
3.894609437E1,3.786107898E-2,-4.750115871E-1,7.747992128E-2
3.895613438E1,1.095187515E-1,-3.841722310E-1,2.101026922E-1
3.896617537E1,1.250392497E-1,-3.297262788E-1,3.026549220E-1
3.897621538E1,1.284933537E-1,-2.907660902E-1,3.628194630E-1
3.898625537E1,1.483386308E-1,-2.198953331E-1,3.897189200E-1
3.899629638E1,1.854220778E-1,-1.051309332E-1,3.754350543E-1
3.900633637E1,2.177948356E-1,4.436790943E-2,3.233667612E-1
3.901637637E1,2.391685694E-1,1.808719486E-1,2.384516299E-1
3.902641737E1,2.318328917E-1,2.528777122E-1,1.567256004E-1
3.903645737E1,2.219640613E-1,2.393399328E-1,9.014501423E-2
3.904649837E1,2.200281620E-1,1.949526668E-1,4.352695867E-2
3.905653837E1,2.410026789E-1,7.975842804E-2,2.170501649E-2
3.906657838E1,2.844734788E-1,-6.213741377E-2,5.275777727E-2
3.907661937E1,3.378717303E-1,-1.824726164E-1,1.224766746E-1
3.908665937E1,3.848962784E-1,-2.364146113E-1,1.861474514E-1
3.909669937E1,4.143361747E-1,-2.365858555E-1,2.391869575E-1
3.910674037E1,4.455255568E-1,-1.893003434E-1,2.665966749E-1
3.911678037E1,4.690468609E-1,-1.016738266E-1,2.912516892E-1
3.912682037E1,4.814640582E-1,1.339935046E-2,3.059195578E-1
3.913686138E1,4.957937300E-1,1.609342098E-1,2.848376930E-1
3.914690137E1,4.983120859E-1,2.966390848E-1,2.344728857E-1
3.915694238E1,4.854362607E-1,3.848406076E-1,1.738217920E-1
3.916698237E1,4.651699960E-1,4.519200623E-1,9.183812886E-2
3.917702237E1,4.306463897E-1,4.746956825E-1,1.492124423E-2
3.918706337E1,3.897531033E-1,4.747771919E-1,-5.770440400E-2
3.919710337E1,3.408446908E-1,4.916110337E-1,-1.079737023E-1
3.920714338E1,2.981527448E-1,4.810692072E-1,-1.569586545E-1
3.921718437E1,2.602410614E-1,3.950001001E-1,-1.934788525E-1
3.922722438E1,2.337098569E-1,2.767412663E-1,-2.166711837E-1
3.923726437E1,2.234079540E-1,1.622818112E-1,-2.366158664E-1
3.924730537E1,2.188503742E-1,6.455612183E-2,-2.601491809E-1
3.925734525E1,2.193808854E-1,-1.490302105E-2,-2.899683118E-1
3.926738625E1,2.389643639E-1,-1.000026315E-1,-3.134714961E-1
3.927742625E1,2.592483163E-1,-1.855468303E-1,-3.354369700E-1
3.928746625E1,2.837338448E-1,-2.545146048E-1,-3.350768387E-1
3.929750725E1,2.820419371E-1,-2.666285336E-1,-3.323343396E-1
3.930754725E1,2.520186007E-1,-2.368948609E-1,-3.235569596E-1
3.931758725E1,2.306088954E-1,-1.765335053E-1,-3.118129373E-1
3.932762825E1,2.036946118E-1,-7.205744088E-2,-2.855597138E-1
3.933766825E1,1.634941995E-1,4.843914136E-2,-2.495154291E-1
3.934770825E1,1.376326233E-1,1.436820477E-1,-2.257086784E-1
3.935774925E1,1.847756356E-1,1.817945391E-1,-1.867500842E-1
3.936778925E1,3.138273060E-1,1.352490485E-1,-1.187841520E-1
3.937783025E1,4.250989556E-1,-7.581867278E-3,-7.259401679E-2
3.938787025E1,4.641351402E-1,-1.606974304E-1,-7.144284248E-2
3.939791025E1,4.117025435E-1,-3.354045153E-1,-1.055435538E-1
3.940795125E1,2.865386009E-1,-5.298274755E-1,-1.479031593E-1
3.941799125E1,1.545781642E-1,-5.839570165E-1,-1.646800041E-1
3.942803125E1,1.486431658E-1,-4.536320269E-1,-9.609194845E-2
3.943807225E1,2.376073897E-1,-3.459138274E-1,4.154340923E-2
3.944811225E1,2.727082968E-1,-3.473250270E-1,1.536504924E-1
3.945815325E1,2.919821143E-1,-3.416639566E-1,2.379366159E-1
3.946819325E1,3.422138393E-1,-3.003174663E-1,2.756356895E-1
3.947823325E1,3.690039217E-1,-2.766331732E-1,2.957779765E-1
3.948827425E1,3.531871140E-1,-3.347955346E-1,3.305908740E-1
3.949831425E1,3.379833698E-1,-4.243144989E-1,3.763509095E-1
3.950835425E1,3.366981149E-1,-5.075327158E-1,4.034395814E-1
3.951839525E1,2.978588343E-1,-5.972995758E-1,3.750422895E-1
3.952843525E1,1.843330562E-1,-6.184117794E-1,2.840034068E-1
3.953847525E1,3.597527742E-2,-5.381243825E-1,1.601264924E-1
3.954851625E1,-8.166459948E-2,-4.234762192E-1,4.924146459E-2
3.955855625E1,-1.501390040E-1,-2.875207663E-1,-4.861425981E-2
3.956859625E1,-1.776149571E-1,-1.901119947E-1,-1.321247369E-1
3.957863725E1,-1.572369784E-1,-1.508128047E-1,-1.792594790E-1
3.958867725E1,-1.417127252E-1,-9.321371466E-2,-1.972058266E-1
3.959871825E1,-1.470731348E-1,1.805341989E-2,-2.056072950E-1
3.960875825E1,-1.679495573E-1,1.777583659E-1,-2.079608291E-1
3.961879825E1,-2.005085647E-1,3.239334226E-1,-2.076897174E-1
3.962883925E1,-2.304864228E-1,3.993737400E-1,-2.191084474E-1
3.963887925E1,-2.571651638E-1,3.416925967E-1,-2.370877266E-1
3.964891925E1,-2.936963737E-1,1.886399537E-1,-2.768313289E-1
3.965896025E1,-3.466035426E-1,6.125527434E-3,-3.233436942E-1
3.966900025E1,-4.102005959E-1,-1.704228669E-1,-3.536217511E-1
3.967904025E1,-4.654484093E-1,-3.016940653E-1,-3.827138543E-1
3.968908125E1,-5.023819804E-1,-3.633943498E-1,-3.870318234E-1
3.969912125E1,-5.456668735E-1,-3.790729046E-1,-3.804069459E-1
3.970916225E1,-5.694816709E-1,-3.520311713E-1,-3.552115858E-1
3.971920225E1,-5.983801484E-1,-2.703674734E-1,-3.078925312E-1
3.972924225E1,-6.230580211E-1,-1.780955940E-1,-2.565964460E-1
3.973928325E1,-6.312970519E-1,-7.155715674E-2,-1.920550019E-1
3.974932325E1,-6.112258434E-1,3.601126745E-2,-1.029013842E-1
3.975936325E1,-5.792420506E-1,1.672265381E-1,7.957175258E-4
3.976940425E1,-5.355668664E-1,2.598589063E-1,8.801610023E-2
3.977944425E1,-4.962610006E-1,2.860985100E-1,1.570271254E-1
3.978948425E1,-4.717359543E-1,2.673571110E-1,2.056350559E-1
3.979952525E1,-4.584627450E-1,2.244434506E-1,2.303111106E-1
3.980956525E1,-4.620345533E-1,1.488736123E-1,2.473012209E-1
3.981960625E1,-4.682951272E-1,4.820638895E-2,2.720126808E-1
3.982964625E1,-4.554234743E-1,-4.572401568E-2,3.113380969E-1
3.983968625E1,-4.165266752E-1,-9.903277457E-2,3.728749752E-1
3.984972725E1,-3.738831282E-1,-1.188472435E-1,4.447772205E-1
3.985976725E1,-3.551861346E-1,-9.781253338E-2,5.056146979E-1
3.986980725E1,-3.162963986E-1,-2.675016411E-2,5.503584146E-1
3.987984825E1,-2.801964581E-1,6.765729934E-2,5.677707195E-1
3.988988825E1,-2.934121490E-1,2.189387530E-1,5.365011096E-1
3.989992825E1,-3.073039949E-1,4.171338677E-1,4.724952877E-1
3.990996925E1,-3.101259172E-1,5.868971944E-1,4.130760431E-1
3.992000925E1,-2.900283933E-1,7.121992111E-1,3.455529213E-1
3.993005025E1,-2.590497434E-1,7.693329453E-1,2.605471909E-1
3.994009025E1,-3.006555140E-1,7.169466615E-1,1.452986002E-1
3.995013025E1,-4.459124207E-1,5.334154963E-1,3.258400410E-2
3.996017125E1,-6.067881584E-1,2.745112479E-1,-4.282126948E-2
3.997021125E1,-7.112888098E-1,1.607190073E-2,-7.245633006E-2
3.998025125E1,-7.401963472E-1,-2.276326269E-1,-5.596257746E-2
3.999029225E1,-6.948715448E-1,-4.233833849E-1,1.255817991E-2
4.000033225E1,-5.924890041E-1,-5.744442940E-1,1.281010211E-1
4.001037225E1,-4.737618268E-1,-6.428124309E-1,2.579695284E-1
4.002041325E1,-4.181925654E-1,-5.790731311E-1,3.417965174E-1
4.003045325E1,-5.019485354E-1,-3.647528887E-1,3.186028302E-1
4.004049425E1,-6.359377503E-1,-8.446690440E-2,2.003754973E-1
4.005053425E1,-5.933918953E-1,1.498708874E-1,8.770076931E-2
4.006057425E1,-3.934902251E-1,2.659189403E-1,-6.364427507E-2
4.007061525E1,-1.862598062E-1,3.019353747E-1,-2.420927435E-1
4.008065525E1,-2.294092067E-2,2.908819318E-1,-4.121254385E-1
4.009069525E1,1.088059992E-1,1.997513622E-1,-5.472548604E-1
4.010073625E1,1.713287681E-1,-4.029997624E-3,-6.017372608E-1
4.011077625E1,1.212506592E-1,-2.802480161E-1,-5.878688097E-1
4.012081625E1,6.240145117E-2,-4.804548621E-1,-4.942775965E-1
4.013085725E1,9.694201499E-2,-5.795371532E-1,-3.166930974E-1
4.014089725E1,1.865083873E-1,-5.280707479E-1,-9.923427552E-2
4.015093825E1,2.713367641E-1,-4.307171106E-1,8.408100158E-2
4.016097825E1,3.260029554E-1,-3.661834002E-1,2.121910304E-1
4.017101825E1,3.557975292E-1,-3.112389147E-1,3.054318130E-1
4.018105925E1,3.763076067E-1,-2.777155638E-1,3.615078628E-1
4.019109925E1,3.897699118E-1,-2.465496361E-1,3.595647514E-1
4.020113925E1,3.960120976E-1,-2.176391631E-1,3.226887584E-1
4.021118025E1,3.878715336E-1,-1.707504392E-1,2.729047835E-1
4.022122025E1,3.663670123E-1,-1.220417619E-1,2.123351842E-1
4.023126025E1,3.366650343E-1,-9.636064619E-2,1.352849454E-1
4.024130125E1,3.141852915E-1,-8.930619806E-2,7.425674051E-2
4.025134042E1,2.958360910E-1,-7.451127470E-2,3.767209873E-2
4.026138142E1,2.966651320E-1,-6.989281625E-2,2.041348070E-2
4.027142142E1,3.133270741E-1,-9.549874067E-2,2.522075921E-2
4.028146142E1,3.510211706E-1,-1.120870337E-1,7.020580769E-2
4.029150242E1,4.021152854E-1,-8.422196656E-2,1.429098845E-1
4.030154242E1,4.605594277E-1,-2.915338613E-2,2.166855782E-1
4.031158242E1,5.133014321E-1,4.154897481E-2,2.842056751E-1
4.032162342E1,5.557007790E-1,1.242960468E-1,3.252865374E-1
4.033166342E1,5.983521938E-1,2.011812180E-1,3.273487687E-1
4.034170342E1,6.144853234E-1,2.764256597E-1,3.006553948E-1
4.035174442E1,6.119412184E-1,3.626715839E-1,2.358036339E-1
4.036178442E1,5.912833214E-1,4.556707740E-1,1.426984519E-1
4.037182542E1,5.614542961E-1,5.234982967E-1,5.069757998E-2
4.038186542E1,5.300958157E-1,5.276514888E-1,-2.322085388E-2
4.039190542E1,4.940519333E-1,4.766322970E-1,-8.719088882E-2
4.040194642E1,4.644002914E-1,4.078990221E-1,-1.426674575E-1
4.041198642E1,4.414458573E-1,3.388822079E-1,-1.841163933E-1
4.042202642E1,4.285178185E-1,2.670056224E-1,-2.102132440E-1
4.043206742E1,4.265089631E-1,1.882916689E-1,-2.309067696E-1
4.044210742E1,4.358808994E-1,1.071528792E-1,-2.487667352E-1
4.045214742E1,4.534534812E-1,2.046985738E-2,-2.733879089E-1
4.046218842E1,4.822308123E-1,-6.875456125E-2,-2.886957526E-1
4.047222842E1,5.179533958E-1,-1.418886781E-1,-3.000387549E-1
4.048226942E1,5.574914813E-1,-2.023357749E-1,-3.045602441E-1
4.049230942E1,5.912173986E-1,-2.437088341E-1,-3.112200499E-1
4.050234942E1,6.099330187E-1,-2.605006099E-1,-3.130616248E-1
4.051239042E1,6.110264659E-1,-2.345543206E-1,-3.131437302E-1
4.052243042E1,6.033986211E-1,-1.658527553E-1,-3.165690601E-1
4.053247042E1,5.951279402E-1,-7.064127177E-2,-3.212831318E-1
4.054251142E1,5.803942084E-1,3.036014736E-2,-3.260630667E-1
4.055255142E1,5.691232681E-1,1.329962015E-1,-3.269177377E-1
4.056259142E1,5.833210945E-1,2.147983909E-1,-3.095951974E-1
4.057263242E1,6.464971900E-1,2.569785714E-1,-2.587669194E-1
4.058267242E1,7.381227612E-1,2.253572792E-1,-1.843392700E-1
4.059271342E1,8.143138289E-1,1.390724331E-1,-1.114116758E-1
4.060275342E1,8.342335224E-1,2.828147449E-2,-4.029329494E-2
4.061279342E1,7.944677472E-1,-1.541695446E-1,-3.324953141E-3
4.062283442E1,7.306017280E-1,-3.686008751E-1,7.515976205E-3
4.063287442E1,6.980512142E-1,-4.835323095E-1,3.377210349E-2
4.064291442E1,6.849135756E-1,-4.595321715E-1,1.084234342E-1
4.065295542E1,6.663342714E-1,-3.960422277E-1,2.039692849E-1
4.066299542E1,6.422978640E-1,-3.153849542E-1,2.795777321E-1
4.067303542E1,6.601719856E-1,-1.979154199E-1,3.298782408E-1
4.068307642E1,6.919211745E-1,-9.353601187E-2,3.658394217E-1
4.069311642E1,6.768742204E-1,-5.050142854E-2,3.867064714E-1
4.070315642E1,6.037830114E-1,-5.125084147E-2,4.079640806E-1
4.071319742E1,5.817599893E-1,-8.782235533E-2,4.488727748E-1
4.072323742E1,6.141762137E-1,-1.357230395E-1,4.641089737E-1
4.073327842E1,6.922946572E-1,-2.097530812E-1,4.189749360E-1
4.074331842E1,7.169792652E-1,-3.030934036E-1,3.195945323E-1
4.075335842E1,6.548607945E-1,-3.307383955E-1,1.797405183E-1
4.076339942E1,5.610163212E-1,-3.197014630E-1,4.119994491E-2
4.077343942E1,5.082849860E-1,-3.362698853E-1,-8.901826292E-2
4.078347942E1,4.795527160E-1,-3.613648713E-1,-2.231435925E-1
4.079352042E1,4.564200640E-1,-3.595455587E-1,-3.528315127E-1
4.080356042E1,4.462558627E-1,-2.978161573E-1,-4.353072345E-1
4.081360042E1,4.149086177E-1,-1.552132666E-1,-4.941789210E-1
4.082364142E1,3.637292981E-1,4.404736683E-2,-5.303305387E-1
4.083368142E1,3.099950552E-1,2.903638184E-1,-5.422620177E-1
4.084372242E1,2.692931890E-1,5.073297024E-1,-5.361338258E-1
4.085376242E1,2.434783876E-1,6.356848478E-1,-5.114755034E-1
4.086380242E1,2.250072360E-1,6.759387851E-1,-4.644899070E-1
4.087384342E1,1.995857358E-1,6.283290982E-1,-3.958044350E-1
4.088388342E1,1.706214547E-1,5.108218789E-1,-3.324387670E-1
4.089392342E1,1.365166008E-1,3.503060639E-1,-2.854789793E-1
4.090396442E1,1.079504788E-1,2.107513398E-1,-2.486381084E-1
4.091400442E1,8.346720040E-2,1.453845054E-1,-2.161985487E-1
4.092404442E1,5.511279032E-2,1.162665635E-1,-1.876473278E-1
4.093408542E1,2.307991683E-2,1.257056892E-1,-1.751753986E-1
4.094412542E1,-1.014754456E-2,1.485774517E-1,-1.725852191E-1
4.095416642E1,-3.330096975E-2,1.738426983E-1,-1.594033688E-1
4.096420642E1,-5.069220811E-2,2.291949093E-1,-1.285397261E-1
4.097424642E1,-6.058847904E-2,2.982419729E-1,-7.887030393E-2
4.098428742E1,-5.339102075E-2,3.727920949E-1,-2.719539404E-2
4.099432742E1,-3.559376672E-2,4.161296785E-1,1.837898977E-2
4.100436742E1,-1.089214813E-2,4.302076697E-1,5.401501432E-2
4.101440842E1,1.665434055E-2,4.009728134E-1,8.423407376E-2
4.102444842E1,4.249259457E-2,3.261909783E-1,1.024929658E-1
4.103448842E1,6.555655599E-2,2.116071731E-1,1.226702407E-1
4.104452942E1,8.840195090E-2,7.081435621E-2,1.622035354E-1
4.105456942E1,1.056547090E-1,-7.708714902E-2,2.223584056E-1
4.106461042E1,1.246355921E-1,-2.033185959E-1,2.829074860E-1
4.107465042E1,1.519201994E-1,-2.883579135E-1,3.498879373E-1
4.108469042E1,1.827974170E-1,-3.307327926E-1,4.177428782E-1
4.109473142E1,2.033821642E-1,-3.151695132E-1,4.835576713E-1
4.110477142E1,2.038234472E-1,-2.207897604E-1,5.513771772E-1
4.111481142E1,1.727259606E-1,-4.040600732E-2,6.070880294E-1
4.112485242E1,1.312046200E-1,1.857419014E-1,6.433821321E-1
4.113489242E1,9.451746196E-2,4.082438946E-1,6.653044820E-1
4.114493242E1,9.347057343E-2,5.582315326E-1,6.708438396E-1
4.115497342E1,1.328606606E-1,5.883759260E-1,6.412060857E-1
4.116501342E1,1.112690791E-1,5.539556146E-1,5.659244061E-1
4.117505442E1,-3.346724436E-2,5.043020248E-1,4.583402872E-1
4.118509442E1,-2.191305906E-1,3.915490806E-1,3.315815628E-1
4.119513442E1,-3.097809255E-1,2.542499900E-1,2.120520324E-1
4.120517542E1,-3.019855917E-1,4.557238892E-2,1.134370565E-1
4.121521542E1,-2.139553726E-1,-1.930897385E-1,7.050962001E-2
4.122525542E1,-1.171574593E-1,-4.253394902E-1,1.041232422E-1
4.123529642E1,-4.217645526E-2,-5.822561383E-1,1.927431822E-1
4.124533642E1,-4.370297864E-2,-5.888677239E-1,2.563011050E-1
4.125537662E1,-1.110772640E-1,-4.942004085E-1,2.840788364E-1
4.126541762E1,-1.119851321E-1,-3.931845725E-1,3.027060330E-1
4.127545762E1,2.628309187E-3,-2.747765481E-1,2.682578266E-1
4.128549862E1,1.527792066E-1,-1.385662556E-1,1.463817358E-1
4.129553862E1,3.145946562E-1,-4.257424176E-2,-5.650143698E-2
4.130557863E1,5.079260468E-1,-6.775415689E-2,-2.870225310E-1
4.131561962E1,7.051163316E-1,-1.286561936E-1,-4.903816879E-1
4.132565962E1,8.647009134E-1,-2.057461888E-1,-6.152469516E-1
4.133569962E1,9.331371784E-1,-2.493652552E-1,-6.565359831E-1
4.134574062E1,9.746574759E-1,-2.675767243E-1,-6.069053411E-1
4.135578062E1,1.040783763E0,-3.277116120E-1,-5.232859254E-1
4.136582062E1,1.140197396E0,-4.477533102E-1,-4.195139706E-1
4.137586162E1,1.252368331E0,-5.403477550E-1,-2.974297702E-1
4.138590162E1,1.352145195E0,-5.791433454E-1,-1.703817993E-1
4.139594162E1,1.395545602E0,-5.574716926E-1,-5.449947715E-2
4.140598262E1,1.348146081E0,-5.046910048E-1,1.801520213E-2
4.141602262E1,1.262619972E0,-4.574738443E-1,3.977617994E-2
4.142606362E1,1.209694982E0,-4.041754901E-1,2.775839902E-2
4.143610362E1,1.199039102E0,-3.453993499E-1,-4.673433024E-3
4.144614362E1,1.221230865E0,-2.831152081E-1,-3.787346184E-2
4.145618462E1,1.290715575E0,-2.268282473E-1,-6.741581112E-2
4.146622463E1,1.385790706E0,-1.654122919E-1,-1.069933176E-1
4.147626462E1,1.495955229E0,-1.234995872E-1,-1.469922364E-1
4.148630563E1,1.622145176E0,-1.171559468E-1,-1.841838062E-1
4.149634562E1,1.755026102E0,-1.258356720E-1,-2.045106143E-1
4.150638562E1,1.862544775E0,-1.100718975E-1,-1.942502558E-1
4.151642662E1,1.947591782E0,-6.616889685E-2,-1.677453667E-1
4.152646662E1,2.012848377E0,-3.295341879E-2,-1.339823306E-1
4.153650762E1,2.065195799E0,-2.429434657E-2,-1.048295945E-1
4.154654762E1,2.107483149E0,4.234765191E-3,-8.829376101E-2
4.155658763E1,2.141802311E0,4.276359826E-2,-8.834742755E-2
4.156662862E1,2.157343864E0,8.384179324E-2,-1.058332101E-1
4.157666862E1,2.155876398E0,1.260306984E-1,-1.365879774E-1
4.158670862E1,2.139579773E0,1.624720544E-1,-1.673677266E-1
4.159674962E1,2.114912271E0,2.001442760E-1,-2.136222869E-1
4.160678962E1,2.077259302E0,2.314774394E-1,-2.719910443E-1
4.161682962E1,2.019266129E0,2.538574636E-1,-3.375966549E-1
4.162687062E1,1.961673975E0,2.635103762E-1,-3.969214857E-1
4.163691062E1,1.911370993E0,2.389619797E-1,-4.450847805E-1
4.164695163E1,1.868046880E0,1.942741275E-1,-4.775966406E-1
4.165699162E1,1.825304031E0,1.485832930E-1,-4.968526363E-1
4.166703162E1,1.785015464E0,9.944770485E-2,-5.063558817E-1
4.167707262E1,1.743488789E0,4.688481241E-2,-5.095680356E-1
4.168711262E1,1.699919701E0,-6.008760072E-3,-5.144746304E-1
4.169715262E1,1.662518620E0,-6.614563614E-2,-5.204362273E-1
4.170719362E1,1.630283475E0,-1.314711124E-1,-5.225616693E-1
4.171723363E1,1.597938895E0,-1.875590682E-1,-5.221971869E-1
4.172727362E1,1.545023680E0,-2.346024811E-1,-5.275676847E-1
4.173731463E1,1.467878103E0,-2.581078112E-1,-5.184250474E-1
4.174735462E1,1.382595658E0,-2.589871883E-1,-5.033899546E-1
4.175739562E1,1.323580980E0,-2.143103629E-1,-4.701777399E-1
4.176743562E1,1.290491939E0,-1.092976555E-1,-4.256134629E-1
4.177747562E1,1.276576161E0,1.181611326E-2,-3.818295896E-1
4.178751662E1,1.253983498E0,1.024296284E-1,-3.478647172E-1
4.179755662E1,1.205643773E0,1.251195222E-1,-3.295241594E-1
4.180759663E1,1.176277399E0,9.319594502E-2,-3.154599965E-1
4.181763762E1,1.206203461E0,5.246880651E-2,-2.955137193E-1
4.182767762E1,1.263761520E0,-1.166410930E-2,-2.973443568E-1
4.183771762E1,1.329830050E0,-1.238682866E-1,-3.169693053E-1
4.184775862E1,1.351993442E0,-2.818744183E-1,-3.404746056E-1
4.185779862E1,1.309071302E0,-4.887090921E-1,-3.801885545E-1
4.186783962E1,1.224646688E0,-6.884733438E-1,-4.561200738E-1
4.187787962E1,1.134217978E0,-7.672444582E-1,-4.949689806E-1
4.188791962E1,1.077208996E0,-6.227011085E-1,-4.447659850E-1
4.189796063E1,1.071309328E0,-3.818939626E-1,-2.542069852E-1
4.190800062E1,1.080174923E0,-2.316136360E-1,-1.719594002E-3
4.191804062E1,1.130973577E0,-1.642510742E-1,2.279786766E-1
4.192808162E1,1.205556154E0,-1.226125509E-1,4.221180677E-1
4.193812162E1,1.197996259E0,-1.219953671E-1,5.443655252E-1
4.194816162E1,1.076362729E0,-2.152917534E-1,5.732046366E-1
4.195820262E1,9.576337934E-1,-4.127480984E-1,5.388671756E-1
4.196824263E1,9.109461308E-1,-6.438519955E-1,4.116460681E-1
4.197828262E1,8.664324284E-1,-8.607449532E-1,2.016835511E-1
4.198832363E1,7.959561348E-1,-9.046106935E-1,-1.843124442E-2
4.199836362E1,7.303839922E-1,-7.586493492E-1,-1.962121427E-1
4.200840462E1,6.960012913E-1,-5.449626446E-1,-3.257959485E-1
4.201844462E1,6.767760515E-1,-3.611916900E-1,-4.248101413E-1
4.202848462E1,6.771390438E-1,-2.630992234E-1,-5.089063644E-1
4.203852562E1,6.670137644E-1,-2.344183624E-1,-5.570627451E-1
4.204856562E1,6.142149568E-1,-2.065702230E-1,-5.540863872E-1
4.205860563E1,5.413992405E-1,-1.236194447E-1,-5.106218457E-1
4.206864662E1,4.661042094E-1,1.424761210E-2,-4.466809332E-1
4.207868662E1,3.923627138E-1,1.528236270E-1,-3.885855973E-1
4.208872662E1,3.307211697E-1,2.462846041E-1,-3.477681279E-1
4.209876762E1,2.899134457E-1,2.679733038E-1,-3.698834777E-1
4.210880762E1,2.601001561E-1,2.078438997E-1,-4.333953559E-1
4.211884762E1,2.481015325E-1,1.059727892E-1,-4.954380691E-1
4.212888862E1,2.533479333E-1,3.813394113E-3,-5.370310545E-1
4.213892862E1,2.665589154E-1,-6.516371667E-2,-5.567567348E-1
4.214896963E1,2.900810242E-1,-9.456741810E-2,-5.618100762E-1
4.215900962E1,3.047917783E-1,-1.054187864E-1,-5.730499625E-1
4.216904962E1,3.019368649E-1,-7.344327867E-2,-5.353992581E-1
4.217909062E1,3.106008470E-1,-3.666938841E-2,-4.712876379E-1
4.218913062E1,2.997961342E-1,3.597951680E-2,-4.165748656E-1
4.219917062E1,3.006392121E-1,1.300686896E-1,-3.615412414E-1
4.220921162E1,2.918451726E-1,2.430820614E-1,-2.815055251E-1
4.221925163E1,2.756216228E-1,3.114824891E-1,-1.830389202E-1
4.222929162E1,2.647657692E-1,3.457792103E-1,-7.900305837E-2
4.223933263E1,2.340496480E-1,3.742167056E-1,-2.666415414E-3
4.224937262E1,1.839739531E-1,4.016786814E-1,2.182800882E-2
4.225941329E1,1.272904128E-1,4.195060730E-1,1.500859577E-2
4.226945429E1,7.985604554E-2,3.864109516E-1,8.949371986E-3
4.227949429E1,5.194723606E-2,3.231864274E-1,1.295019686E-2
4.228953529E1,3.679784387E-2,2.320344001E-1,2.000544406E-2
4.229957529E1,2.809009328E-2,9.159538150E-2,3.503036499E-2
4.230961529E1,1.877914928E-2,-6.899189949E-2,5.340271443E-2
4.231965629E1,1.167444326E-2,-2.226135284E-1,8.646690100E-2
4.232969629E1,-2.626434434E-4,-3.380216062E-1,1.217513904E-1
4.233973629E1,-1.844329946E-2,-4.084794819E-1,1.604546160E-1
4.234977729E1,-3.208374232E-2,-4.216253757E-1,2.011748850E-1
4.235981729E1,-3.924347833E-2,-3.831627071E-1,2.538776994E-1
4.236985729E1,-2.899643220E-2,-2.777579725E-1,3.012484014E-1
4.237989829E1,-1.568570361E-2,-1.117478460E-1,3.494075835E-1
4.238993829E1,8.793007582E-3,8.491700888E-2,3.915813863E-1
4.239997829E1,5.267956853E-2,2.981342375E-1,4.233088195E-1
4.241001929E1,1.069044620E-1,5.141780972E-1,4.452112019E-1
4.242005929E1,1.513621658E-1,6.807754636E-1,4.551439583E-1
4.243010029E1,1.413838267E-1,7.356328368E-1,4.242829680E-1
4.244014029E1,7.947660238E-2,7.114209533E-1,3.379511833E-1
4.245018029E1,2.730394155E-2,5.995545983E-1,2.033909857E-1
4.246022129E1,2.501622587E-2,4.132446349E-1,4.472263157E-2
4.247026129E1,5.367982760E-2,1.891801208E-1,-1.109982580E-1
4.248030129E1,7.359791547E-2,1.627552882E-2,-2.180028707E-1
4.249034229E1,6.850009412E-2,-1.599362493E-1,-2.473663539E-1
4.250038229E1,1.033352092E-1,-3.747796118E-1,-1.924688369E-1
4.251042229E1,1.946137249E-1,-5.795809627E-1,-8.994138986E-2
4.252046329E1,2.400181442E-1,-6.094031930E-1,-5.447232351E-2
4.253050329E1,1.230332032E-1,-4.346148968E-1,-1.228591055E-1
4.254054329E1,2.068533003E-2,-1.638370752E-1,-1.948898286E-1
4.255058429E1,1.958187968E-1,1.977615058E-2,-1.963018477E-1
4.256062429E1,5.220251679E-1,1.144697592E-1,-2.089402378E-1
4.257066429E1,8.303595185E-1,1.475728452E-1,-3.503626287E-1
4.258070529E1,1.097253203E0,1.261509657E-1,-5.811851621E-1
4.259074529E1,1.331267238E0,6.949740462E-3,-7.830847502E-1
4.260078629E1,1.508468151E0,-2.217970043E-1,-9.262015224E-1
4.261082629E1,1.555449486E0,-4.850776494E-1,-1.005163789E0
4.262086629E1,1.456352353E0,-6.843142509E-1,-1.023888111E0
4.263090729E1,1.322076559E0,-7.331443429E-1,-9.441046119E-1
4.264094729E1,1.259307861E0,-6.847866178E-1,-7.923652530E-1
4.265098729E1,1.266056538E0,-5.659700036E-1,-5.894448757E-1
4.266102829E1,1.300359368E0,-4.232836068E-1,-3.469577730E-1
4.267106829E1,1.324581146E0,-2.970598936E-1,-1.149365157E-1
4.268110829E1,1.316683650E0,-1.793524623E-1,4.323913157E-2
4.269114929E1,1.266888142E0,-6.913354248E-2,1.247795299E-1
4.270118929E1,1.207098842E0,3.472853824E-2,1.249421462E-1
4.271122929E1,1.158794403E0,1.127271950E-1,6.470037997E-2
4.272127029E1,1.122067332E0,1.738895029E-1,-2.805482037E-2
4.273131029E1,1.104939461E0,2.186010480E-1,-1.285952777E-1
4.274135129E1,1.106348634E0,2.150476128E-1,-1.953687668E-1
4.275139129E1,1.098536015E0,1.833506674E-1,-2.307376862E-1
4.276143129E1,1.097199440E0,1.493746936E-1,-2.389289439E-1
4.277147229E1,1.104567170E0,9.896716475E-2,-2.072527707E-1
4.278151229E1,1.119881630E0,4.707662016E-2,-1.378836930E-1
4.279155229E1,1.131025314E0,6.217071787E-3,-3.190933168E-2
4.280159329E1,1.139802337E0,-1.863829046E-2,8.642251790E-2
4.281163329E1,1.149015069E0,-2.016321756E-2,1.936283261E-1
4.282167329E1,1.167878270E0,-8.033567108E-3,2.818537652E-1
4.283171429E1,1.195060611E0,-2.651850926E-3,3.174594343E-1
4.284175429E1,1.232658148E0,-2.993365284E-3,3.295269310E-1
4.285179429E1,1.254313588E0,-9.611225687E-5,3.100821078E-1
4.286183529E1,1.244593263E0,3.195667267E-2,2.511724830E-1
4.287187529E1,1.208115339E0,8.978509158E-2,1.689737439E-1
4.288191529E1,1.169231772E0,1.767121553E-1,8.114859462E-2
4.289195629E1,1.133089185E0,2.653608024E-1,-5.558342207E-3
4.290199629E1,1.097235441E0,2.930521965E-1,-8.754666150E-2
4.291203629E1,1.053547144E0,3.111307919E-1,-1.630408913E-1
4.292207729E1,9.989847541E-1,3.285216093E-1,-2.260481268E-1
4.293211729E1,9.285202026E-1,2.990769148E-1,-2.735394835E-1
4.294215829E1,8.566967845E-1,2.349198610E-1,-3.136117458E-1
4.295219829E1,7.977095842E-1,1.703661680E-1,-3.457606435E-1
4.296223829E1,7.532957792E-1,1.128353626E-1,-3.667590320E-1
4.297227929E1,7.217006087E-1,5.807783827E-2,-3.777706623E-1
4.298231929E1,7.034734488E-1,1.538876817E-2,-3.730790615E-1
4.299235929E1,7.024078965E-1,-1.893724687E-2,-3.666187823E-1
4.300240029E1,7.183774710E-1,-7.168535143E-2,-3.723331094E-1
4.301244029E1,7.346931100E-1,-1.475020796E-1,-3.790019453E-1
4.302248029E1,7.414258122E-1,-2.040000558E-1,-3.816793561E-1
4.303252129E1,7.284093499E-1,-2.205537409E-1,-3.778553009E-1
4.304256129E1,6.861888170E-1,-2.069962621E-1,-3.668347001E-1
4.305260129E1,6.280354857E-1,-1.750167608E-1,-3.437126279E-1
4.306264229E1,5.809813738E-1,-1.073567793E-1,-3.001557291E-1
4.307268229E1,5.507035851E-1,-1.618364127E-3,-2.580937743E-1
4.308272229E1,5.192301273E-1,1.052688509E-1,-2.156833112E-1
4.309276329E1,5.065636039E-1,1.849045604E-1,-1.510681063E-1
4.310280329E1,5.310997963E-1,2.212473899E-1,-7.952361554E-2
4.311284329E1,5.726051331E-1,1.880286038E-1,-1.895619184E-2
4.312288429E1,5.946952701E-1,8.610861748E-2,2.392937429E-2
4.313292429E1,5.775064826E-1,-7.139658928E-2,5.661408603E-2
4.314296429E1,5.415096283E-1,-2.862066031E-1,8.475025743E-2
4.315300529E1,5.302433968E-1,-5.300381780E-1,1.143696681E-1
4.316304529E1,5.476215482E-1,-7.609753609E-1,1.082262322E-1
4.317308629E1,5.710445642E-1,-8.394004107E-1,7.131960988E-2
4.318312629E1,5.614446402E-1,-6.954552531E-1,4.441457614E-2
4.319316629E1,4.593832493E-1,-4.522303641E-1,8.996954560E-2
4.320320729E1,2.525710166E-1,-3.119325042E-1,2.313312292E-1
4.321324729E1,8.133320510E-2,-3.248783946E-1,3.763153255E-1
4.322328729E1,-3.781355545E-2,-3.861519694E-1,4.972535372E-1
4.323332829E1,-1.409082413E-1,-4.225227535E-1,5.959111452E-1
4.324336829E1,-2.307880968E-1,-4.768245816E-1,6.785240769E-1
4.325340792E1,-2.980092168E-1,-5.566859245E-1,7.569994330E-1
4.326344892E1,-3.306876421E-1,-6.020481586E-1,8.373299837E-1
4.327348892E1,-2.945642471E-1,-5.327844024E-1,8.858439922E-1
4.328352892E1,-2.243401110E-1,-4.075195789E-1,8.681106567E-1
4.329356992E1,-1.360539198E-1,-3.645268381E-1,7.911852002E-1
4.330360992E1,-6.083996221E-2,-4.056543410E-1,6.593382359E-1
4.331364992E1,-8.287268691E-3,-4.502537549E-1,4.978337288E-1
4.332369092E1,5.242560059E-3,-4.677073359E-1,3.468862176E-1
4.333373092E1,-1.022614539E-2,-4.666327834E-1,2.200907171E-1
4.334377092E1,-1.946200430E-2,-4.467599094E-1,1.072605997E-1
4.335381192E1,7.030856330E-3,-4.270732701E-1,4.851668142E-3
4.336385192E1,2.824134566E-2,-3.530117273E-1,-9.982088208E-2
4.337389192E1,-3.091011429E-3,-2.783100605E-1,-1.943862736E-1
4.338393292E1,-7.335700095E-2,-1.982273608E-1,-2.750850618E-1
4.339397292E1,-1.546984613E-1,-5.261024833E-2,-3.327147961E-1
4.340401292E1,-2.908731103E-1,9.382673353E-2,-3.613994718E-1
4.341405392E1,-4.663778245E-1,1.980357021E-1,-3.481164277E-1
4.342409392E1,-6.479535103E-1,1.942630559E-1,-3.031270504E-1
4.343413492E1,-8.135054708E-1,1.353302300E-1,-2.335769981E-1
4.344417492E1,-9.353917837E-1,7.239144295E-2,-1.770919561E-1
4.345421492E1,-9.874666929E-1,-1.056203060E-2,-1.246529818E-1
4.346425592E1,-1.006395578E0,-7.834519446E-2,-7.472079992E-2
4.347429592E1,-1.026965618E0,-1.022284180E-1,-2.194334567E-2
4.348433592E1,-1.054569721E0,-6.826921552E-2,2.708269469E-2
4.349437692E1,-1.085890055E0,5.245214328E-3,8.091796935E-2
4.350441692E1,-1.120057225E0,1.444400996E-1,1.547971070E-1
4.351445692E1,-1.115342379E0,3.228684366E-1,2.259562463E-1
4.352449792E1,-1.084363341E0,4.927163124E-1,2.992752790E-1
4.353453792E1,-1.025092840E0,5.662725568E-1,3.601524532E-1
4.354457792E1,-9.760649800E-1,6.300428510E-1,4.004724026E-1
4.355461892E1,-9.355165362E-1,7.119795680E-1,4.249194264E-1
4.356465892E1,-8.979353905E-1,7.555971146E-1,3.860504031E-1
4.357469892E1,-8.663305640E-1,7.833456397E-1,3.176021278E-1
4.358473992E1,-8.323398829E-1,8.049987555E-1,2.394857109E-1
4.359477992E1,-7.955533266E-1,8.016791344E-1,1.638972014E-1
4.360481992E1,-7.575157881E-1,7.158055902E-1,9.416005760E-2
4.361486092E1,-7.284889221E-1,5.826296806E-1,5.431970209E-2
4.362490092E1,-7.039581537E-1,4.545201361E-1,6.151004136E-2
4.363494092E1,-6.837301254E-1,3.203015924E-1,1.112357825E-1
4.364498192E1,-6.481327415E-1,2.437726259E-1,1.932698488E-1
4.365502192E1,-5.949310064E-1,2.105097324E-1,2.784422636E-1
4.366506192E1,-5.505878329E-1,2.005608678E-1,3.433319926E-1
4.367510292E1,-5.216289163E-1,1.840292960E-1,3.287911415E-1
4.368514292E1,-4.914754033E-1,1.795510948E-1,2.714844644E-1
4.369518292E1,-4.363775253E-1,1.651580483E-1,2.104890049E-1
4.370522392E1,-3.642020822E-1,1.323705465E-1,1.388581842E-1
4.371526392E1,-2.894809842E-1,1.064188331E-1,5.162606388E-2
4.372530392E1,-2.131044865E-1,1.183228940E-1,-4.577152804E-2
4.373534492E1,-1.769901514E-1,1.684782058E-1,-1.303700358E-1
4.374538492E1,-2.142485678E-1,2.331328988E-1,-1.837467849E-1
4.375542492E1,-2.926760018E-1,3.006485701E-1,-1.804258227E-1
4.376546592E1,-3.954471946E-1,3.635959625E-1,-1.196785346E-1
4.377550592E1,-5.035933256E-1,4.279334247E-1,-8.608741686E-3
4.378554592E1,-5.672686696E-1,4.693245292E-1,1.402167231E-1
4.379558692E1,-5.885119438E-1,4.876167178E-1,2.930291891E-1
4.380562692E1,-5.649434924E-1,5.562378168E-1,4.367827773E-1
4.381566692E1,-4.301030934E-1,6.235606670E-1,5.368055105E-1
4.382570792E1,-1.357304901E-1,6.261851192E-1,6.138764024E-1
4.383574792E1,2.325961292E-1,5.840957165E-1,5.989781618E-1
4.384578792E1,4.309297800E-1,7.095134258E-1,3.438679576E-1
4.385582892E1,3.160218298E-1,9.578632712E-1,-1.646775752E-1
4.386586892E1,1.771248579E-1,1.018556952E0,-6.637151241E-1
4.387590992E1,3.354750872E-1,8.718439341E-1,-9.700872898E-1
4.388594992E1,5.435653925E-1,5.237868428E-1,-1.132417321E0
4.389598992E1,5.862274170E-1,-5.853305571E-3,-1.206466198E0
4.390603092E1,6.323073506E-1,-5.520589352E-1,-1.186083794E0
4.391607092E1,7.256804109E-1,-1.002367854E0,-1.046781778E0
4.392611092E1,7.781608105E-1,-1.276724577E0,-7.992932200E-1
4.393615192E1,8.146293759E-1,-1.332126021E0,-5.088502169E-1
4.394619192E1,8.320374489E-1,-1.165246129E0,-1.987582892E-1
4.395623192E1,8.529107571E-1,-8.493749499E-1,5.894301459E-2
4.396627292E1,8.629572392E-1,-4.779688418E-1,2.182981670E-1
4.397631292E1,8.447420597E-1,-1.862099469E-1,2.764989138E-1
4.398635292E1,7.958099842E-1,-7.280150056E-2,2.785553336E-1
4.399639392E1,7.506718040E-1,-7.254476845E-2,2.409608364E-1
4.400643392E1,7.353343964E-1,-9.541659802E-2,1.601255983E-1
4.401647392E1,7.268908024E-1,-9.281814843E-2,5.645618588E-2
4.402651492E1,6.843697429E-1,-3.882095963E-2,-4.409027100E-2
4.403655492E1,6.319749951E-1,6.388118118E-2,-1.281811893E-1
4.404659492E1,5.717450380E-1,2.046343535E-1,-1.916541755E-1
4.405663592E1,5.290854573E-1,3.628064096E-1,-2.014295757E-1
4.406667592E1,5.132446885E-1,4.873996675E-1,-1.575771868E-1
4.407671592E1,5.326671600E-1,5.515125990E-1,-8.390562236E-2
4.408675692E1,5.897930264E-1,5.596197248E-1,-9.637447074E-4
4.409679692E1,6.729217768E-1,5.103874207E-1,7.859339565E-2
4.410683692E1,7.627987266E-1,4.071634412E-1,1.506136358E-1
4.411687792E1,8.387528658E-1,2.831009030E-1,1.952897608E-1
4.412691792E1,8.884605765E-1,1.738393754E-1,2.083562464E-1
4.413695792E1,9.258646369E-1,6.632036716E-2,1.943235099E-1
4.414699892E1,9.589080811E-1,-2.676282823E-2,1.594029069E-1
4.415703892E1,9.926666021E-1,-8.243887126E-2,1.078052297E-1
4.416707892E1,1.025262833E0,-9.888935089E-2,3.609492257E-2
4.417711992E1,1.044906378E0,-8.251117170E-2,-4.981518909E-2
4.418715992E1,1.063793063E0,-2.697982639E-2,-1.323378086E-1
4.419719992E1,1.071561813E0,7.380803674E-2,-2.079185992E-1
4.420724092E1,1.076802850E0,1.904345453E-1,-2.803063691E-1
4.421728092E1,1.080694079E0,2.997195125E-1,-3.385510445E-1
4.422732092E1,1.096341729E0,3.837093711E-1,-3.780848682E-1
4.423736192E1,1.129225850E0,4.262033105E-1,-4.080613852E-1
4.424740192E1,1.173057079E0,4.037239850E-1,-4.266229868E-1
4.425744229E1,1.230906010E0,3.308862448E-1,-4.392761886E-1
4.426748329E1,1.285307169E0,2.443135083E-1,-4.473695457E-1
4.427752329E1,1.329451919E0,1.547900289E-1,-4.512771964E-1
4.428756329E1,1.351127028E0,6.951163709E-2,-4.615671337E-1
4.429760429E1,1.363376260E0,-2.353762742E-3,-4.683960080E-1
4.430764429E1,1.360540867E0,-4.457674176E-2,-4.649489224E-1
4.431768429E1,1.349676728E0,-6.769804657E-2,-4.599030316E-1
4.432772529E1,1.339535594E0,-7.647650689E-2,-4.589522183E-1
4.433776529E1,1.324366570E0,-7.471642643E-2,-4.644702971E-1
4.434780529E1,1.302850127E0,-7.457999140E-2,-4.775343239E-1
4.435784629E1,1.291630507E0,-7.592701912E-2,-4.777020812E-1
4.436788629E1,1.298936486E0,-7.598255575E-2,-4.618549943E-1
4.437792629E1,1.301794410E0,-5.997163802E-2,-4.375081062E-1
4.438796729E1,1.311859250E0,2.516668290E-2,-4.198840559E-1
4.439800729E1,1.307681799E0,1.815240681E-1,-4.006997049E-1
4.440804729E1,1.289613008E0,3.512858748E-1,-3.916139603E-1
4.441808829E1,1.251987934E0,4.609508514E-1,-3.825078309E-1
4.442812829E1,1.204637289E0,4.864148796E-1,-3.390282989E-1
4.443816829E1,1.147502661E0,4.409877360E-1,-2.639631331E-1
4.444820929E1,1.088936448E0,3.481962681E-1,-1.662289649E-1
4.445824929E1,1.029747128E0,2.239936292E-1,-5.007838830E-2
4.446828929E1,9.780576825E-1,7.047093660E-2,8.000431210E-2
4.447833029E1,9.482095242E-1,-8.860633522E-2,2.067036629E-1
4.448837029E1,9.482728839E-1,-2.339297682E-1,3.107733428E-1
4.449841029E1,9.805141687E-1,-3.440879583E-1,3.614972532E-1
4.450845129E1,1.068308592E0,-4.111118317E-1,3.189990819E-1
4.451849129E1,1.170133233E0,-4.095155299E-1,2.032253444E-1
4.452853129E1,1.193312526E0,-3.065405786E-1,7.213261724E-2
4.453857229E1,1.004752994E0,-1.624971479E-1,8.189591579E-3
4.454861229E1,7.214598656E-1,-8.044291288E-2,1.824925840E-2
4.455865229E1,5.070391893E-1,-8.710268140E-2,5.839641392E-2
4.456869329E1,2.749807239E-1,-1.349546611E-1,1.410211176E-1
4.457873329E1,-1.478026900E-2,-2.367121726E-1,3.198292255E-1
4.458877329E1,-3.256238401E-1,-3.912706375E-1,5.972623825E-1
4.459881429E1,-5.848979950E-1,-6.153940558E-1,9.055557847E-1
4.460885429E1,-7.342250943E-1,-8.304542303E-1,1.166060090E0
4.461889429E1,-7.560542822E-1,-9.654102325E-1,1.377697229E0
4.462893529E1,-6.944087148E-1,-9.958990216E-1,1.519201279E0
4.463897529E1,-6.254293919E-1,-9.505482912E-1,1.530276299E0
4.464901529E1,-5.485875010E-1,-8.753488064E-1,1.409732461E0
4.465905629E1,-4.461098909E-1,-8.028485179E-1,1.185353637E0
4.466909629E1,-3.602819443E-1,-7.323579192E-1,8.901171684E-1
4.467913629E1,-3.050314784E-1,-6.763758659E-1,5.565820336E-1
4.468917729E1,-2.475072145E-1,-5.919518471E-1,2.275898606E-1
4.469921729E1,-1.763150692E-1,-4.667480886E-1,-5.306684226E-2
4.470925729E1,-1.186331883E-1,-3.358996809E-1,-2.539062202E-1
4.471929829E1,-1.147116795E-1,-2.059773803E-1,-3.475264609E-1
4.472933829E1,-1.481659859E-1,-1.064440459E-1,-3.395721018E-1
4.473937829E1,-2.174963206E-1,-4.727766290E-2,-2.662768364E-1
4.474941929E1,-3.061159253E-1,-1.717402041E-2,-1.620485187E-1
4.475945929E1,-4.089613259E-1,-1.212626323E-2,-5.705312639E-2
4.476949929E1,-5.547258854E-1,-2.944292314E-2,1.892186143E-2
4.477954029E1,-7.215732336E-1,-3.235562146E-2,7.604773343E-2
4.478958029E1,-8.766801953E-1,-8.150684088E-2,1.156548336E-1
4.479962029E1,-9.883020520E-1,-1.303108633E-1,1.170758978E-1
4.480966129E1,-1.062913060E0,-9.130198509E-2,8.167411387E-2
4.481970129E1,-1.106036782E0,7.142032497E-3,3.864808008E-2
4.482974129E1,-1.143808484E0,6.042828411E-2,-2.863092348E-2
4.483978229E1,-1.190771699E0,6.517404318E-2,-8.684069663E-2
4.484982229E1,-1.226376653E0,7.459195703E-2,-1.027763709E-1
4.485986229E1,-1.263114452E0,1.131468117E-1,-9.401111305E-2
4.486990329E1,-1.301676393E0,1.500808150E-1,-7.475803792E-2
4.487994329E1,-1.331422806E0,1.895456612E-1,-4.196573794E-2
4.488998329E1,-1.345509052E0,2.358988523E-1,-4.358659033E-3
4.490002429E1,-1.327465296E0,2.597735822E-1,2.396618947E-2
4.491006429E1,-1.291615486E0,2.948066294E-1,4.847433046E-2
4.492010429E1,-1.236404181E0,3.995239735E-1,6.838066131E-2
4.493014529E1,-1.174693823E0,5.492798686E-1,9.566150606E-2
4.494018529E1,-1.119043589E0,6.775837541E-1,1.311606318E-1
4.495022529E1,-1.084116578E0,7.742266655E-1,1.665895432E-1
4.496026629E1,-1.089293480E0,8.237952590E-1,2.005344629E-1
4.497030629E1,-1.115967751E0,8.059430718E-1,2.240343839E-1
4.498034629E1,-1.152109027E0,6.941137314E-1,2.419345528E-1
4.499038729E1,-1.182882547E0,4.781039059E-1,2.294303626E-1
4.500042729E1,-1.178055882E0,2.213339061E-1,2.467643470E-1
4.501046729E1,-1.157590389E0,-8.349116892E-2,2.477659434E-1
4.502050829E1,-1.116629720E0,-3.579501510E-1,2.670376301E-1
4.503054829E1,-1.074679852E0,-5.224699974E-1,2.884624004E-1
4.504058829E1,-1.042655587E0,-5.461758971E-1,2.980828285E-1
4.505062929E1,-9.927612543E-1,-4.323762953E-1,2.870099843E-1
4.506066929E1,-9.534010887E-1,-2.274801433E-1,2.633757591E-1
4.507070929E1,-9.053974748E-1,1.960437372E-2,2.295435816E-1
4.508075029E1,-8.040987849E-1,2.540206015E-1,1.835617125E-1
4.509079029E1,-6.950842142E-1,4.454565942E-1,1.211962700E-1
4.510083029E1,-6.371751428E-1,6.331806779E-1,8.030929416E-2
4.511087129E1,-6.231073141E-1,7.638244629E-1,4.385601357E-2
4.512091129E1,-6.296917200E-1,7.584256530E-1,2.573556267E-3
4.513095129E1,-6.593230367E-1,6.197527647E-1,-4.382577166E-2
4.514099229E1,-7.084231973E-1,4.149034619E-1,-8.266691118E-2
4.515103229E1,-7.651860714E-1,1.955829710E-1,-1.087317020E-1
4.516107229E1,-8.119048476E-1,7.396827918E-3,-1.188181564E-1
4.517111329E1,-8.285296559E-1,-1.193844229E-1,-8.869764209E-2
4.518115329E1,-8.028429151E-1,-1.905369014E-1,-2.939729765E-2
4.519119329E1,-7.557001710E-1,-2.309358567E-1,5.184978619E-2
4.520123429E1,-7.075792551E-1,-2.414084673E-1,1.440225840E-1
4.521127429E1,-6.802025437E-1,-2.020331770E-1,2.524099350E-1
4.522131429E1,-6.900005937E-1,-1.204890534E-1,3.532491922E-1
4.523135529E1,-6.395201683E-1,2.719446085E-2,4.414005578E-1
4.524139529E1,-4.883495867E-1,1.451141685E-1,5.062711835E-1
4.525143529E1,-3.610814810E-1,3.313372135E-1,5.102664828E-1
4.526147625E1,-4.575648904E-1,7.486233711E-1,3.930982947E-1
4.527151625E1,-7.342683077E-1,1.128976345E0,1.753362715E-1
4.528155625E1,-7.533674240E-1,1.120098114E0,-1.813359372E-2
4.529159725E1,-3.816390336E-1,7.021973133E-1,-1.614510566E-1
4.530163725E1,4.679393023E-3,2.037376910E-1,-3.182870150E-1
4.531167725E1,2.290347219E-1,-1.513694078E-1,-4.930485487E-1
4.532171825E1,3.078690767E-1,-3.847936094E-1,-6.195284724E-1
4.533175825E1,3.009522557E-1,-5.734375119E-1,-6.725707650E-1
4.534179825E1,2.677101195E-1,-7.190684676E-1,-6.633421183E-1
4.535183925E1,2.251561880E-1,-7.887104750E-1,-6.071215272E-1
4.536187925E1,1.908786446E-1,-7.267786264E-1,-5.064162016E-1
4.537191925E1,2.109756470E-1,-5.022867918E-1,-3.803393543E-1
4.538196025E1,2.993741930E-1,-2.303484976E-1,-2.354564518E-1
4.539200025E1,3.851028681E-1,-9.224131703E-2,-1.034227610E-1
4.540204025E1,4.081261456E-1,-1.956523955E-1,-5.955861881E-3
4.541208125E1,3.704161048E-1,-3.771359026E-1,5.374867469E-2
4.542212125E1,2.781766951E-1,-4.824042618E-1,8.830212802E-2
4.543216125E1,1.728385985E-1,-5.077032447E-1,9.917414933E-2
4.544220125E1,1.075011343E-1,-4.429683983E-1,9.533147514E-2
4.545224225E1,8.436306566E-2,-2.944401801E-1,8.999742568E-2
4.546228225E1,1.013556272E-1,-1.594269872E-1,7.078112662E-2
4.547232225E1,1.606212556E-1,-5.001657084E-2,5.323341116E-2
4.548236325E1,2.213823497E-1,3.557423130E-2,5.771631002E-2
4.549240325E1,2.847273648E-1,1.005689874E-1,7.896266133E-2
4.550244325E1,3.445840478E-1,1.452472508E-1,1.110774577E-1
4.551248425E1,4.001354277E-1,1.583246887E-1,1.426772624E-1
4.552252425E1,4.395829737E-1,1.438956708E-1,1.722886860E-1
4.553256425E1,4.656951725E-1,1.168519109E-1,1.976916194E-1
4.554260525E1,4.925046861E-1,1.194013581E-1,2.200975865E-1
4.555264525E1,5.148602128E-1,1.433316320E-1,2.397466898E-1
4.556268525E1,5.349425673E-1,1.786914915E-1,2.271438092E-1
4.557272625E1,5.553907156E-1,2.230709642E-1,1.787323207E-1
4.558276625E1,5.671504736E-1,2.692765594E-1,9.293113649E-2
4.559280625E1,5.852244496E-1,3.037914336E-1,-6.958191749E-3
4.560284725E1,6.124845743E-1,3.369866908E-1,-1.099663377E-1
4.561288725E1,6.410766244E-1,3.800253570E-1,-2.121905982E-1
4.562292725E1,6.764788032E-1,4.163189232E-1,-3.075874150E-1
4.563296825E1,7.093755007E-1,4.208953679E-1,-3.853145242E-1
4.564300825E1,7.337703109E-1,3.825333416E-1,-4.447725415E-1
4.565304825E1,7.427110672E-1,2.955043614E-1,-4.843910336E-1
4.566308925E1,7.376585603E-1,1.962382197E-1,-5.018480420E-1
4.567312925E1,7.176747322E-1,1.217839643E-1,-5.010589957E-1
4.568316925E1,6.791678667E-1,6.068554521E-2,-4.900212288E-1
4.569321025E1,6.323212385E-1,1.597620174E-2,-4.690816104E-1
4.570325025E1,5.921389461E-1,-2.586285770E-2,-4.477409124E-1
4.571329025E1,5.615104437E-1,-7.995495200E-2,-4.361864924E-1
4.572333125E1,5.461639762E-1,-1.109829023E-1,-4.306580424E-1
4.573337125E1,5.458855629E-1,-1.322782189E-1,-4.276019037E-1
4.574341125E1,5.517767668E-1,-1.599423289E-1,-4.231490791E-1
4.575345225E1,5.526506305E-1,-1.736010164E-1,-4.127395153E-1
4.576349225E1,5.470275879E-1,-1.846560687E-1,-4.005888402E-1
4.577353225E1,5.441819429E-1,-1.584815979E-1,-3.750864267E-1
4.578357325E1,5.346550345E-1,-7.516540587E-2,-3.405287266E-1
4.579361325E1,5.182248950E-1,5.767552927E-2,-3.172138333E-1
4.580365325E1,5.099120736E-1,2.361968011E-1,-3.130821884E-1
4.581369425E1,5.082226992E-1,4.047244489E-1,-3.224425018E-1
4.582373425E1,5.122120976E-1,5.347508788E-1,-3.364033401E-1
4.583377425E1,5.158659816E-1,6.235415936E-1,-3.510976136E-1
4.584381525E1,5.161450505E-1,6.528043747E-1,-3.541671634E-1
4.585385525E1,5.107591748E-1,6.111544371E-1,-3.278883100E-1
4.586389525E1,4.978129864E-1,5.045419335E-1,-2.716796398E-1
4.587393525E1,4.831189513E-1,3.339956403E-1,-1.881152540E-1
4.588397625E1,4.522438347E-1,1.186620146E-1,-8.883553743E-2
4.589401625E1,3.942947388E-1,-1.167601869E-1,9.017214179E-3
4.590405625E1,3.035504520E-1,-3.465845883E-1,9.567195177E-2
4.591409725E1,2.206575871E-1,-5.293871760E-1,1.790062040E-1
4.592413725E1,1.679666787E-1,-6.014840007E-1,2.430978268E-1
4.593417725E1,1.956877559E-1,-6.042374372E-1,2.635789812E-1
4.594421825E1,2.737268806E-1,-4.516367316E-1,2.612482011E-1
4.595425825E1,2.895134389E-1,-1.338772029E-1,2.776248753E-1
4.596429825E1,2.088393420E-1,1.390792429E-1,3.783320487E-1
4.597433925E1,4.541492835E-2,2.171288133E-1,5.108944774E-1
4.598437925E1,-1.077988669E-1,1.194757670E-1,5.881756544E-1
4.599441925E1,-1.718957275E-1,-5.013035983E-2,6.374977827E-1
4.600446025E1,-1.648154408E-1,-2.126114070E-1,6.875963807E-1
4.601450025E1,-1.502325982E-1,-3.220466375E-1,7.388158441E-1
4.602454025E1,-1.402822286E-1,-5.103784800E-1,7.915746570E-1
4.603458125E1,-8.808121830E-2,-8.013221025E-1,8.383637667E-1
4.604462125E1,1.424648520E-2,-1.069954395E0,8.489570022E-1
4.605466125E1,1.425948441E-1,-1.204548836E0,7.888126969E-1
4.606470225E1,2.597070932E-1,-1.206636786E0,6.435769796E-1
4.607474225E1,3.208339810E-1,-1.172911882E0,4.464934468E-1
4.608478225E1,3.629169762E-1,-1.133114696E0,2.546885908E-1
4.609482325E1,3.878557384E-1,-1.025387406E0,9.737424552E-2
4.610486325E1,3.893630803E-1,-8.084571362E-1,-6.226719357E-3
4.611490325E1,3.708556890E-1,-5.434439182E-1,-4.524639994E-2
4.612494425E1,3.520575166E-1,-2.795837820E-1,-4.668717086E-2
4.613498425E1,3.087700307E-1,-8.092799783E-2,-3.577686101E-2
4.614502425E1,2.034169734E-1,6.240039691E-2,-1.278499234E-2
4.615506525E1,6.167948246E-2,1.430171877E-1,1.238867827E-2
4.616510525E1,-6.412637979E-2,1.844850034E-1,5.946377665E-2
4.617514525E1,-1.915840358E-1,2.243042290E-1,9.923812002E-2
4.618518625E1,-3.268297613E-1,2.947866619E-1,1.233604997E-1
4.619522625E1,-4.625474811E-1,3.525149822E-1,1.277343929E-1
4.620526625E1,-5.908889174E-1,3.469849229E-1,1.138686463E-1
4.621530625E1,-6.999894381E-1,3.332983255E-1,4.839086160E-2
4.622534725E1,-7.756322622E-1,3.207729459E-1,-5.720906705E-2
4.623538725E1,-8.060020208E-1,2.968153059E-1,-1.692994982E-1
4.624542725E1,-8.118932247E-1,2.611587644E-1,-2.605918646E-1
4.625546825E1,-8.105061650E-1,2.535481453E-1,-3.217572570E-1
4.626550829E1,-8.120217919E-1,2.331091762E-1,-3.485342860E-1
4.627554829E1,-8.148409128E-1,2.473268807E-1,-3.431047201E-1
4.628558929E1,-8.071174622E-1,2.705243528E-1,-3.062050343E-1
4.629562929E1,-7.774726152E-1,2.977241874E-1,-2.471559346E-1
4.630566929E1,-7.365643382E-1,3.256511390E-1,-1.644975394E-1
4.631571029E1,-6.874678135E-1,3.523674011E-1,-8.760687709E-2
4.632575029E1,-6.489585042E-1,3.546899259E-1,-2.034741081E-2
4.633579029E1,-6.188362837E-1,3.220417202E-1,2.099418454E-2
4.634583129E1,-5.972822905E-1,2.734283805E-1,3.301942348E-2
4.635587129E1,-5.811275244E-1,2.458131164E-1,1.834317669E-2
4.636591129E1,-5.629008412E-1,2.258852124E-1,1.168185263E-3
4.637595229E1,-5.577768683E-1,1.969732344E-1,-2.637266368E-2
4.638599229E1,-5.553361177E-1,1.540228426E-1,-4.506139457E-2
4.639603229E1,-5.555632114E-1,8.405800164E-2,-4.368018359E-2
4.640607329E1,-5.445105433E-1,9.997891262E-3,-1.031184010E-2
4.641611329E1,-5.103470087E-1,-8.120751381E-2,6.656999141E-2
4.642615329E1,-4.570121467E-1,-1.476544440E-1,1.534641385E-1
4.643619429E1,-4.128195941E-1,-1.459242553E-1,2.357885838E-1
4.644623429E1,-3.774472475E-1,-7.626288384E-2,3.125851154E-1
4.645627429E1,-3.592957556E-1,4.642166942E-2,3.756181002E-1
4.646631529E1,-3.532139063E-1,2.255698442E-1,4.196478724E-1
4.647635529E1,-3.255081773E-1,4.235107005E-1,4.298396111E-1
4.648639529E1,-3.055440485E-1,6.171001196E-1,4.091561735E-1
4.649643629E1,-3.152224720E-1,8.439478278E-1,3.362910748E-1
4.650647629E1,-3.842907548E-1,1.077826023E0,2.140783370E-1
4.651651629E1,-4.988767207E-1,1.205116630E0,9.492395818E-2
4.652655629E1,-6.232828498E-1,1.186593890E0,4.937349819E-3
4.653659729E1,-7.293192744E-1,1.041013241E0,-3.872910142E-2
4.654663729E1,-8.145961165E-1,7.616178393E-1,-5.719199777E-2
4.655667729E1,-8.942766190E-1,3.930572271E-1,-5.896582827E-2
4.656671829E1,-9.831261039E-1,-5.727693904E-3,-2.695116773E-2
4.657675829E1,-1.049357533E0,-3.556589782E-1,3.308212757E-2
4.658679829E1,-1.074544072E0,-5.726081133E-1,1.094828993E-1
4.659683929E1,-1.052363753E0,-6.323865652E-1,1.972264051E-1
4.660687929E1,-8.923923969E-1,-5.433291197E-1,3.110275567E-1
4.661691929E1,-7.109439969E-1,-3.697530329E-1,4.265265465E-1
4.662696029E1,-7.362704277E-1,-7.567373663E-2,4.101539850E-1
4.663700029E1,-9.910218716E-1,2.269845754E-1,2.275919914E-1
4.664704029E1,-1.184910417E0,3.746368885E-1,1.397966295E-1
4.665708129E1,-1.023863077E0,2.610968947E-1,1.670963168E-1
4.666712129E1,-7.244049311E-1,-3.263121471E-3,1.620687991E-1
4.667716129E1,-4.417961240E-1,-2.582475245E-1,3.795425594E-2
4.668720229E1,-1.663624197E-1,-4.528867900E-1,-1.719763428E-1
4.669724229E1,1.263088584E-1,-6.335316300E-1,-3.390501142E-1
4.670728229E1,3.940942287E-1,-7.677708864E-1,-4.423285425E-1
4.671732329E1,6.001860499E-1,-8.409594297E-1,-5.304520726E-1
4.672736329E1,6.903386116E-1,-8.327382803E-1,-6.039792895E-1
4.673740329E1,7.076001167E-1,-7.189403176E-1,-6.385399699E-1
4.674744429E1,7.328282595E-1,-5.036916733E-1,-6.107605100E-1
4.675748429E1,7.607497573E-1,-4.019062817E-1,-5.168929100E-1
4.676752429E1,7.857011557E-1,-4.707572460E-1,-3.895386755E-1
4.677756429E1,7.791889310E-1,-6.027637720E-1,-2.394640148E-1
4.678760529E1,7.465093136E-1,-7.261708975E-1,-8.900526166E-2
4.679764529E1,6.917762756E-1,-7.596678138E-1,4.268823192E-2
4.680768529E1,6.167353392E-1,-7.004327178E-1,1.373108774E-1
4.681772629E1,5.055528283E-1,-5.770019889E-1,2.002861351E-1
4.682776629E1,3.978755772E-1,-4.226922989E-1,2.397552580E-1
4.683780629E1,3.209449947E-1,-2.666436732E-1,2.779142261E-1
4.684784729E1,2.680530250E-1,-8.992934227E-2,2.719481885E-1
4.685788729E1,2.536956072E-1,1.142655909E-1,2.057690173E-1
4.686792729E1,2.705941498E-1,3.362059891E-1,1.118518412E-1
4.687796829E1,3.111178279E-1,5.254279971E-1,3.242195770E-2
4.688800829E1,3.398213685E-1,6.674929857E-1,-3.443883359E-2
4.689804829E1,3.548723459E-1,7.664149404E-1,-8.936021477E-2
4.690808929E1,3.797883391E-1,8.475667834E-1,-1.320227236E-1
4.691812929E1,4.051254988E-1,8.762721419E-1,-1.447262019E-1
4.692816929E1,4.261871278E-1,8.237250447E-1,-1.270292252E-1
4.693821029E1,4.382731915E-1,7.020577192E-1,-1.011081710E-1
4.694825029E1,4.407371581E-1,5.361009836E-1,-8.349109441E-2
4.695829029E1,4.513941407E-1,3.551890254E-1,-8.464789391E-2
4.696833129E1,4.886251390E-1,1.882365048E-1,-9.424699098E-2
4.697837129E1,5.504989624E-1,5.686666444E-2,-1.123160571E-1
4.698841129E1,6.188386083E-1,-1.740490086E-2,-1.396464705E-1
4.699845129E1,6.806939244E-1,-2.907868102E-2,-1.705413908E-1
4.700849229E1,7.206016779E-1,-1.434474066E-2,-2.127383798E-1
4.701853229E1,7.331422567E-1,6.449744571E-3,-2.702162564E-1
4.702857229E1,7.291520238E-1,1.129483338E-2,-3.220541477E-1
4.703861329E1,7.235415578E-1,1.381419227E-2,-3.569447994E-1
4.704865329E1,7.259551883E-1,2.292300202E-2,-3.835292757E-1
4.705869329E1,7.451323867E-1,3.137109056E-2,-3.975913823E-1
4.706873429E1,7.638035417E-1,4.373348504E-2,-4.077963531E-1
4.707877429E1,7.850814462E-1,6.144112721E-2,-4.216997921E-1
4.708881429E1,8.026913404E-1,8.005262911E-2,-4.362023175E-1
4.709885529E1,8.138576746E-1,9.600794315E-2,-4.514850676E-1
4.710889529E1,8.099646568E-1,1.004399732E-1,-4.659646749E-1
4.711893529E1,7.857549191E-1,9.978643805E-2,-4.750463367E-1
4.712897629E1,7.468847632E-1,1.025284231E-1,-4.826432467E-1
4.713901629E1,7.144532204E-1,8.916087449E-2,-4.757705331E-1
4.714905629E1,6.723111272E-1,6.131353602E-2,-4.632483423E-1
4.715909729E1,6.142957211E-1,7.191907614E-3,-4.344759881E-1
4.716913729E1,5.351876020E-1,-4.818772525E-2,-3.941173851E-1
4.717917729E1,4.451355934E-1,-7.454206795E-2,-3.494248092E-1
4.718921829E1,3.572190702E-1,-6.851799786E-2,-2.995411158E-1
4.719925829E1,2.650748491E-1,-5.405042693E-2,-2.559300959E-1
4.720929829E1,1.806339920E-1,-3.994792327E-2,-1.950305253E-1
4.721933929E1,1.044030935E-1,-3.123067692E-2,-1.257389039E-1
4.722937929E1,3.627650440E-2,-5.194527656E-2,-5.466393381E-2
4.723941929E1,-2.396260761E-2,-8.528119326E-2,2.192360349E-2
4.724946029E1,-7.886260748E-2,-1.285045743E-1,8.243861049E-2
4.725950004E1,-1.141192615E-1,-2.015025765E-1,1.133333892E-1
4.726954004E1,-1.331904382E-1,-2.920383215E-1,1.303539276E-1
4.727958004E1,-1.359961033E-1,-3.791456223E-1,1.055930629E-1
4.728962104E1,-8.456540853E-2,-4.327409267E-1,7.446124405E-2
4.729966104E1,-3.744256124E-2,-3.240120411E-1,7.104849815E-2
4.730970104E1,-7.704749703E-2,-3.917204589E-2,1.522927582E-1
4.731974204E1,-1.825388521E-1,2.078743875E-1,3.254069984E-1
4.732978204E1,-2.447204739E-1,2.114672661E-1,4.733860791E-1
4.733982204E1,-2.500672340E-1,7.676061243E-2,5.667849183E-1
4.734986304E1,-2.543080449E-1,-3.577712551E-2,6.398548484E-1
4.735990304E1,-2.879646719E-1,-1.100754216E-1,7.119024992E-1
4.736994304E1,-3.309614062E-1,-2.569303811E-1,7.944628596E-1
4.737998404E1,-3.406434357E-1,-4.653003812E-1,8.600855470E-1
4.739002404E1,-2.737299204E-1,-6.092634201E-1,8.680952787E-1
4.740006404E1,-1.656533480E-1,-6.448100805E-1,8.094003201E-1
4.741010504E1,-9.412883222E-2,-6.512445807E-1,7.101613283E-1
4.742014504E1,-1.007593274E-1,-7.176677585E-1,6.003815532E-1
4.743018504E1,-1.285989583E-1,-8.321757317E-1,5.138432384E-1
4.744022604E1,-1.349426806E-1,-9.278815985E-1,4.295212030E-1
4.745026604E1,-8.134629577E-2,-9.058199525E-1,3.299237490E-1
4.746030604E1,-2.946997248E-2,-7.924044132E-1,2.230072021E-1
4.747034604E1,-3.423170745E-2,-6.499758959E-1,1.299539655E-1
4.748038704E1,-1.138417423E-1,-5.300871730E-1,5.452973768E-2
4.749042704E1,-2.412191331E-1,-4.460727274E-1,-7.729372475E-3
4.750046704E1,-3.898313642E-1,-3.631557822E-1,-5.975152552E-2
4.751050804E1,-5.312060714E-1,-2.552213371E-1,-8.686570823E-2
4.752054804E1,-6.768039465E-1,-7.132174820E-2,-9.938911349E-2
4.753058804E1,-8.204724193E-1,1.349339485E-1,-1.108811870E-1
4.754062904E1,-9.451458454E-1,3.163654208E-1,-1.086244583E-1
4.755066904E1,-1.048675537E0,4.749534726E-1,-1.080239192E-1
4.756070904E1,-1.120546222E0,5.884633064E-1,-1.054005772E-1
4.757075004E1,-1.142439842E0,6.185085177E-1,-1.112012118E-1
4.758079004E1,-1.150839567E0,5.802558661E-1,-1.338277906E-1
4.759083004E1,-1.145056486E0,4.963111877E-1,-1.672011912E-1
4.760087104E1,-1.122535825E0,3.711896837E-1,-1.877647936E-1
4.761091104E1,-1.093075514E0,2.412987947E-1,-1.973481774E-1
4.762095104E1,-1.057159781E0,1.526686698E-1,-1.738393009E-1
4.763099204E1,-1.020457149E0,1.194300205E-1,-1.333983839E-1
4.764103204E1,-9.794240594E-1,1.410987675E-1,-7.752997428E-2
4.765107204E1,-9.298524857E-1,1.806850582E-1,7.675995119E-3
4.766111204E1,-8.740573525E-1,1.900429279E-1,8.013866097E-2
4.767115304E1,-8.139173388E-1,1.620033085E-1,1.103221253E-1
4.768119304E1,-7.596095800E-1,1.610104442E-1,1.005722359E-1
4.769123304E1,-7.026360631E-1,1.927191019E-1,5.647881329E-2
4.770127404E1,-6.530570388E-1,2.177756429E-1,4.830127582E-3
4.771131404E1,-6.154771447E-1,2.209714353E-1,-3.283416107E-2
4.772135404E1,-5.836821198E-1,2.088206559E-1,-6.950251758E-2
4.773139504E1,-5.696296692E-1,1.782656759E-1,-9.912272543E-2
4.774143504E1,-5.630908012E-1,1.411010772E-1,-1.038353890E-1
4.775147504E1,-5.637534261E-1,1.053324267E-1,-9.082052112E-2
4.776151604E1,-5.678867102E-1,8.944679797E-2,-5.862106010E-2
4.777155604E1,-5.627904534E-1,9.937372804E-2,1.715971902E-2
4.778159604E1,-5.504850745E-1,1.310043931E-1,1.195607558E-1
4.779163704E1,-5.317795873E-1,1.825144589E-1,2.130070776E-1
4.780167704E1,-5.159113407E-1,2.352213860E-1,2.925572991E-1
4.781171704E1,-5.024980307E-1,2.897205651E-1,3.621784747E-1
4.782175704E1,-4.869382977E-1,3.583628833E-1,4.135918915E-1
4.783179804E1,-4.465911686E-1,4.480575919E-1,4.477937818E-1
4.784183804E1,-4.009500742E-1,5.401046872E-1,4.592963457E-1
4.785187804E1,-3.736739755E-1,6.240472198E-1,4.472029209E-1
4.786191904E1,-3.619713187E-1,6.830744147E-1,4.176818430E-1
4.787195904E1,-3.457340300E-1,6.910582781E-1,3.601381183E-1
4.788199904E1,-3.312801123E-1,6.378020644E-1,2.829410434E-1
4.789204004E1,-3.252997398E-1,5.325528979E-1,1.904920638E-1
4.790208004E1,-3.257881403E-1,3.805843890E-1,9.672555327E-2
4.791212004E1,-3.290366530E-1,1.923753470E-1,1.512683090E-2
4.792216104E1,-3.450553417E-1,2.295175567E-2,-5.033341423E-2
4.793220104E1,-3.695684075E-1,-8.933270723E-2,-8.567196876E-2
4.794224104E1,-4.033758342E-1,-1.122677773E-1,-7.845442742E-2
4.795228204E1,-4.420268238E-1,-5.949936807E-2,-2.910631336E-2
4.796232204E1,-4.914823472E-1,4.269036651E-2,5.447660759E-2
4.797236204E1,-5.604563355E-1,1.461626887E-1,1.588743776E-1
4.798240304E1,-6.410063505E-1,2.547005713E-1,2.765494287E-1
4.799244304E1,-6.447914839E-1,3.546846807E-1,3.977757394E-1
4.800248304E1,-5.935415626E-1,4.170401990E-1,5.321791768E-1
4.801252304E1,-6.096773744E-1,4.212602377E-1,5.771354437E-1
4.802256404E1,-7.404699326E-1,4.336194098E-1,5.008708835E-1
4.803260404E1,-8.535866141E-1,4.510596395E-1,3.834835589E-1
4.804264404E1,-7.662717104E-1,3.543508053E-1,2.868855894E-1
4.805268504E1,-4.715340436E-1,2.061933130E-1,1.267904639E-1
4.806272504E1,-7.016864419E-2,7.396420836E-2,-1.170310453E-1
4.807276504E1,3.570218384E-1,-8.410692215E-2,-4.279428720E-1
4.808280604E1,7.809562683E-1,-2.090771049E-1,-7.762759328E-1
4.809284604E1,1.102295637E0,-4.611878991E-1,-1.061232090E0
4.810288604E1,1.262549162E0,-6.271633506E-1,-1.238052845E0
4.811292704E1,1.277269363E0,-7.267341614E-1,-1.282033920E0
4.812296704E1,1.203268051E0,-8.218904138E-1,-1.224093199E0
4.813300704E1,1.146655679E0,-8.453757763E-1,-1.070556164E0
4.814304804E1,1.078169942E0,-7.923426032E-1,-8.345616460E-1
4.815308804E1,9.877207279E-1,-7.004752755E-1,-5.598909259E-1
4.816312804E1,8.977454305E-1,-5.793060660E-1,-2.747404873E-1
4.817316904E1,8.275663853E-1,-5.080172420E-1,-4.217141867E-2
4.818320904E1,8.000945449E-1,-4.431635737E-1,8.032876253E-2
4.819324904E1,8.151789308E-1,-3.068283796E-1,1.299612969E-1
4.820328904E1,8.226893544E-1,-8.746995777E-2,1.312136352E-1
4.821333004E1,8.085042834E-1,1.294831187E-1,9.256105870E-2
4.822337004E1,7.698577046E-1,3.212312162E-1,1.927431440E-3
4.823341004E1,7.136655450E-1,4.888372421E-1,-1.008327678E-1
4.824345104E1,6.513071060E-1,6.265735030E-1,-2.092276812E-1
4.825349104E1,5.980139971E-1,6.937339902E-1,-2.659966946E-1
4.826353117E1,5.720977187E-1,6.878287196E-1,-2.756898105E-1
4.827357217E1,5.461571217E-1,6.538524628E-1,-2.450143397E-1
4.828361217E1,5.301638842E-1,6.092783213E-1,-1.855537295E-1
4.829365217E1,5.585289598E-1,5.567961931E-1,-9.666859359E-2
4.830369317E1,6.113827825E-1,4.878141880E-1,1.548902038E-2
4.831373317E1,6.669752002E-1,4.292848408E-1,1.196638942E-1
4.832377317E1,7.142810822E-1,3.638702929E-1,1.914177388E-1
4.833381417E1,7.533288598E-1,2.948049605E-1,2.499186099E-1
4.834385417E1,7.711291909E-1,2.456153035E-1,2.647888958E-1
4.835389417E1,7.816026211E-1,2.280104011E-1,2.437562048E-1
4.836393417E1,7.892838120E-1,2.389734238E-1,1.885683984E-1
4.837397517E1,7.832874060E-1,2.753010690E-1,1.010611951E-1
4.838401517E1,7.749558687E-1,3.421750665E-1,-9.559486061E-3
4.839405517E1,7.545863986E-1,4.039204717E-1,-1.051507294E-1
4.840409617E1,7.260565162E-1,4.386092126E-1,-1.705281287E-1
4.841413617E1,6.962541342E-1,4.229319692E-1,-2.172780484E-1
4.842417617E1,6.740375161E-1,3.636548519E-1,-2.413466573E-1
4.843421717E1,6.631603837E-1,2.896296382E-1,-2.404747456E-1
4.844425717E1,6.513799429E-1,2.166401893E-1,-2.279759496E-1
4.845429717E1,6.312600374E-1,1.346824765E-1,-2.188463658E-1
4.846433817E1,6.138270497E-1,8.920022845E-2,-2.115001976E-1
4.847437817E1,5.999982953E-1,1.063648313E-1,-2.210572064E-1
4.848441817E1,5.933207273E-1,1.687902063E-1,-2.337958664E-1
4.849445917E1,6.028172970E-1,2.314642370E-1,-2.344211787E-1
4.850449917E1,6.168348193E-1,2.733616829E-1,-2.240952402E-1
4.851453917E1,6.186910272E-1,2.777156830E-1,-2.189185917E-1
4.852457917E1,6.134506464E-1,2.396032363E-1,-2.170207649E-1
4.853462017E1,6.008003950E-1,1.763883084E-1,-2.234102190E-1
4.854466017E1,5.842601061E-1,8.839094639E-2,-2.339783460E-1
4.855470017E1,5.802608132E-1,-4.165082704E-3,-2.413062900E-1
4.856474117E1,5.756445527E-1,-8.108115196E-2,-2.394025475E-1
4.857478117E1,5.510683656E-1,-1.320452690E-1,-2.301488668E-1
4.858482117E1,5.155336261E-1,-1.471333057E-1,-2.175396681E-1
4.859486217E1,4.738514721E-1,-1.439100802E-1,-1.960737854E-1
4.860490217E1,4.248764813E-1,-1.353676617E-1,-1.543776244E-1
4.861494217E1,3.651479185E-1,-1.228100508E-1,-9.613723308E-2
4.862498317E1,3.169951439E-1,-1.234691516E-1,-1.134003326E-2
4.863502317E1,2.720242143E-1,-1.616013497E-1,8.536786586E-2
4.864506317E1,2.255247682E-1,-2.558043003E-1,1.640794426E-1
4.865510417E1,1.692082286E-1,-3.752846420E-1,2.132267505E-1
4.866514417E1,1.227260008E-1,-4.361430705E-1,1.904586107E-1
4.867518417E1,1.625213474E-1,-4.747868776E-1,1.140884683E-1
4.868522517E1,1.963301599E-1,-3.528032899E-1,6.267444789E-2
4.869526517E1,1.222514063E-1,-5.541209131E-2,1.355057657E-1
4.870530517E1,-2.111608908E-2,2.041839361E-1,3.343528509E-1
4.871534517E1,-1.588289589E-1,2.202912718E-1,5.243192911E-1
4.872538617E1,-2.370325923E-1,1.008742899E-1,7.094925046E-1
4.873542617E1,-2.480681986E-1,8.625315502E-3,8.865911365E-1
4.874546617E1,-2.607848942E-1,-2.671446279E-2,1.009604812E0
4.875550717E1,-3.148412108E-1,-5.422811210E-2,1.058987617E0
4.876554717E1,-3.336961567E-1,-1.380542517E-1,1.075053334E0
4.877558717E1,-2.852410078E-1,-2.791911066E-1,1.074900985E0
4.878562817E1,-1.923310608E-1,-4.859176576E-1,9.895603061E-1
4.879566817E1,-8.688506484E-2,-6.809108853E-1,8.496500850E-1
4.880570817E1,7.072937675E-3,-8.185237050E-1,6.795813441E-1
4.881574917E1,6.417031586E-2,-8.979790807E-1,4.863344133E-1
4.882578917E1,9.596651793E-2,-9.296407700E-1,3.035717309E-1
4.883582917E1,1.356454790E-1,-8.898717761E-1,1.246501878E-1
4.884587017E1,1.527685225E-1,-8.071717620E-1,-4.976796731E-2
4.885591017E1,1.525658667E-1,-7.154088020E-1,-2.097885311E-1
4.886595017E1,1.357277483E-1,-6.372482777E-1,-3.155145943E-1
4.887599117E1,8.091456443E-2,-5.612648129E-1,-3.553970158E-1
4.888603117E1,-1.926376671E-2,-4.427669644E-1,-3.170678616E-1
4.889607117E1,-1.435982287E-1,-2.326108068E-1,-2.285539955E-1
4.890611117E1,-2.929084599E-1,6.149549037E-2,-1.006259620E-1
4.891615217E1,-4.734910429E-1,4.266974330E-1,4.970175773E-2
4.892619217E1,-6.630761623E-1,7.899496555E-1,2.022782564E-1
4.893623217E1,-8.318547606E-1,1.065841079E0,3.374121189E-1
4.894627317E1,-9.615059495E-1,1.167340398E0,4.246666431E-1
4.895631317E1,-1.060700417E0,1.049868345E0,4.333517551E-1
4.896635317E1,-1.133876324E0,7.651317716E-1,3.669768870E-1
4.897639417E1,-1.180809975E0,4.492942095E-1,2.587217987E-1
4.898643417E1,-1.191226006E0,2.076727003E-1,1.578896046E-1
4.899647417E1,-1.182991982E0,4.056651890E-2,6.162431836E-2
4.900651517E1,-1.153580904E0,-4.834253713E-2,-2.276207320E-2
4.901655517E1,-1.115284681E0,-3.678175434E-2,-8.748327196E-2
4.902659517E1,-1.077201128E0,9.824126028E-4,-1.157634556E-1
4.903663617E1,-1.035227060E0,3.825601563E-2,-1.351848245E-1
4.904667617E1,-9.835424423E-1,9.817225486E-2,-1.489847451E-1
4.905671617E1,-9.266090989E-1,1.501203924E-1,-1.571438760E-1
4.906675617E1,-8.572826982E-1,1.785422862E-1,-1.731313467E-1
4.907679717E1,-7.977160215E-1,1.852654219E-1,-2.053444088E-1
4.908683717E1,-7.771595716E-1,1.709993482E-1,-2.625294328E-1
4.909687717E1,-7.937327027E-1,1.488548964E-1,-3.289601505E-1
4.910691817E1,-8.157666922E-1,1.390138865E-1,-3.722558916E-1
4.911695817E1,-8.334742785E-1,1.581617594E-1,-3.588197231E-1
4.912699817E1,-8.445714712E-1,1.472577006E-1,-3.041367233E-1
4.913703917E1,-8.440705538E-1,1.169229671E-1,-2.137498111E-1
4.914707917E1,-8.400524855E-1,1.116065532E-1,-8.913402259E-2
4.915711917E1,-8.355341554E-1,1.260438114E-1,6.440307200E-2
4.916716017E1,-8.228322864E-1,1.679666638E-1,2.103800923E-1
4.917720017E1,-8.198495507E-1,2.134627700E-1,3.231356740E-1
4.918724017E1,-8.302173018E-1,2.204470187E-1,4.082687199E-1
4.919728117E1,-8.387210369E-1,1.750321388E-1,4.522899687E-1
4.920732117E1,-8.252423406E-1,1.087230667E-1,4.460520446E-1
4.921736117E1,-7.616966963E-1,2.315809950E-2,3.941236138E-1
4.922740217E1,-7.444365025E-1,-3.770998493E-2,2.909322381E-1
4.923744217E1,-7.606189251E-1,-4.865211621E-2,1.636389792E-1
4.924748217E1,-7.821488976E-1,-2.591921389E-2,3.543566167E-2
4.925752175E1,-7.651742101E-1,2.115322277E-2,-7.260079682E-2
4.926756275E1,-6.987874508E-1,6.009821594E-2,-1.487345994E-1
4.927760275E1,-6.821603179E-1,7.782208174E-2,-2.029704005E-1
4.928764275E1,-7.628167868E-1,1.098026633E-1,-2.133919895E-1
4.929768375E1,-9.018665552E-1,1.548207402E-1,-1.992894858E-1
4.930772375E1,-1.033802867E0,1.815146506E-1,-1.907347739E-1
4.931776375E1,-1.118743777E0,1.723384708E-1,-1.631665379E-1
4.932780475E1,-1.147734046E0,8.969329298E-2,-9.410347044E-2
4.933784475E1,-1.097101688E0,-8.930841833E-2,-3.554132069E-3
4.934788475E1,-9.825295806E-1,-2.756107152E-1,1.328330189E-1
4.935792575E1,-8.877335191E-1,-3.596041501E-1,2.836928368E-1
4.936796575E1,-9.479735494E-1,-2.600157857E-1,3.627132773E-1
4.937800575E1,-1.176225305E0,-7.001388818E-2,3.126104176E-1
4.938804675E1,-1.379221320E0,6.305972487E-2,2.411959767E-1
4.939808675E1,-1.364681244E0,1.070426330E-1,1.564025134E-1
4.940812675E1,-1.195783854E0,8.637392521E-2,2.695508068E-3
4.941816775E1,-9.273847938E-1,2.044950053E-2,-1.729508936E-1
4.942820775E1,-5.518452525E-1,-8.278539032E-2,-3.748794496E-1
4.943824775E1,-1.350467056E-1,-2.585439086E-1,-6.095809340E-1
4.944828875E1,1.344818175E-1,-5.023986101E-1,-7.773780823E-1
4.945832875E1,1.539588422E-1,-7.098631263E-1,-8.296048045E-1
4.946836875E1,7.221885771E-2,-8.511215448E-1,-8.061018586E-1
4.947840875E1,8.221768774E-3,-8.662695885E-1,-7.212748528E-1
4.948844975E1,1.482106745E-4,-7.679013610E-1,-5.537183881E-1
4.949848975E1,1.132496446E-2,-6.486290097E-1,-3.324440718E-1
4.950852975E1,2.191130444E-2,-6.289556623E-1,-1.044994071E-1
4.951857075E1,4.759323224E-2,-6.262855530E-1,8.376823366E-2
4.952861075E1,1.000534222E-1,-5.709838867E-1,2.336803675E-1
4.953865075E1,1.536495239E-1,-4.052063823E-1,3.582614362E-1
4.954869175E1,1.536704600E-1,-1.942981035E-1,4.478753805E-1
4.955873175E1,8.180373907E-2,-9.837709367E-3,5.110878944E-1
4.956877175E1,-4.369242489E-2,1.450030655E-1,5.505002737E-1
4.957881275E1,-1.982612163E-1,2.512730360E-1,5.422490239E-1
4.958885275E1,-3.590191901E-1,3.117690980E-1,4.807771444E-1
4.959889275E1,-4.975517988E-1,4.194678664E-1,3.937884569E-1
4.960893375E1,-5.927177668E-1,5.446970463E-1,3.072386086E-1
4.961897375E1,-6.332862377E-1,6.250062585E-1,2.586321831E-1
4.962901375E1,-6.138510704E-1,5.943768024E-1,2.628461123E-1
4.963905475E1,-5.427979231E-1,4.251086712E-1,3.188398480E-1
4.964909475E1,-4.379132092E-1,2.280285060E-1,3.598080277E-1
4.965913475E1,-3.223187029E-1,4.529864341E-2,3.871616125E-1
4.966917575E1,-2.073945403E-1,-9.741695970E-2,3.992150724E-1
4.967921575E1,-1.019999310E-1,-1.429013610E-1,4.174105823E-1
4.968925575E1,-2.154866047E-2,-1.363188624E-1,4.144282043E-1
4.969929575E1,2.714963630E-2,-1.074533984E-1,3.936499655E-1
4.970933675E1,4.325527325E-2,-4.913378507E-2,3.560608625E-1
4.971937675E1,3.018128313E-2,1.227471419E-2,2.932544649E-1
4.972941675E1,6.474443246E-3,7.608827204E-2,2.257551998E-1
4.973945775E1,-3.673161566E-2,1.110816821E-1,1.601399779E-1
4.974949775E1,-8.448083699E-2,1.302568167E-1,9.177374095E-2
4.975953775E1,-1.120741144E-1,1.358244121E-1,2.227242664E-2
4.976957875E1,-1.236274540E-1,1.267022341E-1,-3.715886176E-2
4.977961875E1,-1.315705925E-1,9.864822030E-2,-9.113021195E-2
4.978965875E1,-1.305974126E-1,7.298734784E-2,-1.453286111E-1
4.979969975E1,-1.298764944E-1,3.034081869E-2,-1.999686956E-1
4.980973975E1,-1.136086732E-1,-2.683568001E-2,-2.519411147E-1
4.981977975E1,-6.859353185E-2,-8.415569365E-2,-2.855233252E-1
4.982982075E1,-2.346073743E-3,-1.164873391E-1,-3.102179170E-1
4.983986075E1,6.517970562E-2,-9.218199551E-2,-3.289641738E-1
4.984990075E1,1.272046715E-1,-1.860832423E-2,-3.509981334E-1
4.985994175E1,1.809232980E-1,9.050191194E-2,-3.623685241E-1
4.986998175E1,2.003994584E-1,2.014539093E-1,-3.658535779E-1
4.988002175E1,1.749505550E-1,2.723672390E-1,-3.587844670E-1
4.989006275E1,1.469118744E-1,2.894455791E-1,-3.403761685E-1
4.990010275E1,1.774996072E-1,2.533919811E-1,-2.869590223E-1
4.991014275E1,2.488781810E-1,1.541112065E-1,-2.004499882E-1
4.992018375E1,2.920328379E-1,-2.824023180E-2,-1.194078550E-1
4.993022375E1,3.003480434E-1,-2.300423831E-1,-7.674453408E-2
4.994026375E1,2.413888574E-1,-4.462732077E-1,-6.220421195E-2
4.995030475E1,1.318184435E-1,-6.444553137E-1,-4.433145374E-2
4.996034475E1,9.291392565E-2,-5.181376338E-1,5.606998503E-2
4.997038475E1,1.894086301E-1,-1.340160817E-1,2.640647888E-1
4.998042575E1,2.583791614E-1,9.185193479E-2,4.387031794E-1
4.999046575E1,1.407417506E-1,1.979110688E-1,4.723508060E-1
5.000050575E1,7.301144302E-3,2.718089819E-1,5.259743333E-1
5.001054675E1,-1.062211171E-1,3.183675706E-1,5.246401429E-1
5.002058675E1,-2.404407114E-1,1.847155094E-1,4.794335365E-1
5.003062675E1,-3.254154325E-1,-1.507494301E-1,4.751037061E-1
5.004066775E1,-3.171170354E-1,-4.823918045E-1,4.698327780E-1
5.005070775E1,-2.491342574E-1,-7.423641086E-1,4.054067433E-1
5.006074775E1,-1.505818516E-1,-8.935485482E-1,2.680385113E-1
5.007078875E1,-1.103201583E-1,-8.948727250E-1,8.863280714E-2
5.008082875E1,-1.264123172E-1,-7.739825249E-1,-8.446227759E-2
5.009086875E1,-1.345863789E-1,-6.355895400E-1,-2.157018930E-1
5.010090875E1,-1.156246811E-1,-4.949701130E-1,-3.067170382E-1
5.011094975E1,-1.032594889E-1,-3.790864944E-1,-3.509736061E-1
5.012098975E1,-1.016389579E-1,-2.924748957E-1,-3.529337049E-1
5.013102975E1,-1.039701402E-1,-1.995292157E-1,-3.065894544E-1
5.014107075E1,-1.150246561E-1,-8.552488685E-2,-2.277835906E-1
5.015111075E1,-1.586706042E-1,5.477518216E-2,-1.499482244E-1
5.016115075E1,-2.080858350E-1,2.346552014E-1,-8.712079376E-2
5.017119175E1,-2.448752820E-1,4.084895253E-1,-4.225816578E-2
5.018123175E1,-2.674692869E-1,5.283170938E-1,-3.618349880E-2
5.019127175E1,-2.885535657E-1,5.669904947E-1,-8.535043895E-2
5.020131275E1,-3.270934820E-1,4.901513457E-1,-1.685822010E-1
5.021135275E1,-3.867846429E-1,3.309540749E-1,-2.725385427E-1
5.022139275E1,-4.543165267E-1,1.339699030E-1,-3.836557567E-1
5.023143375E1,-5.172554255E-1,-6.690406054E-2,-4.810574055E-1
5.024147375E1,-5.774103999E-1,-2.244854271E-1,-5.326960683E-1
5.025151375E1,-6.469085813E-1,-3.124358654E-1,-5.509454012E-1
5.026155517E1,-7.140356898E-1,-3.564680517E-1,-5.453285575E-1
5.027159517E1,-7.761340737E-1,-3.637114167E-1,-5.215781331E-1
5.028163517E1,-8.141765594E-1,-3.340339363E-1,-4.647603929E-1
5.029167617E1,-8.329378366E-1,-2.525469363E-1,-3.692345917E-1
5.030171617E1,-8.307250142E-1,-1.174543425E-1,-2.533913255E-1
5.031175617E1,-8.063211441E-1,8.440941572E-2,-1.400912404E-1
5.032179717E1,-7.730409503E-1,2.537111044E-1,-2.639130875E-2
5.033183717E1,-7.434250116E-1,3.091829419E-1,5.792435259E-2
5.034187717E1,-7.283517718E-1,3.054007292E-1,1.107915640E-1
5.035191817E1,-7.242541909E-1,2.971472144E-1,1.376557499E-1
5.036195817E1,-7.175509930E-1,2.832279503E-1,1.458817273E-1
5.037199817E1,-7.086735964E-1,2.179949731E-1,1.749881953E-1
5.038203917E1,-6.847141981E-1,1.212292910E-1,2.136972398E-1
5.039207917E1,-6.419984698E-1,-1.730583236E-2,2.746851742E-1
5.040211917E1,-5.977034569E-1,-1.664092839E-1,3.443417549E-1
5.041216017E1,-5.768698454E-1,-2.846268117E-1,4.021223783E-1
5.042220017E1,-5.537136793E-1,-3.627522588E-1,4.535781145E-1
5.043224017E1,-5.145269036E-1,-3.909941018E-1,4.929414690E-1
5.044228117E1,-5.206830502E-1,-3.290617466E-1,5.000100136E-1
5.045232117E1,-5.387002826E-1,-1.893392205E-1,4.674543142E-1
5.046236117E1,-5.346006155E-1,-2.099293517E-3,4.129309058E-1
5.047240217E1,-4.777292907E-1,2.259655148E-1,3.395863175E-1
5.048244217E1,-4.202777147E-1,4.255340099E-1,2.439024299E-1
5.049248217E1,-4.843706191E-1,5.288881063E-1,1.117309257E-1
5.050252317E1,-6.449341774E-1,5.228208899E-1,-3.575226665E-2
5.051256317E1,-8.213899732E-1,3.761461079E-1,-1.671388149E-1
5.052260317E1,-9.398319125E-1,1.694989055E-1,-2.818446159E-1
5.053264417E1,-9.283756018E-1,1.163868234E-2,-3.416414559E-1
5.054268417E1,-7.758883238E-1,-1.914137602E-1,-2.884599864E-1
5.055272417E1,-5.675390959E-1,-4.304216802E-1,-1.539569199E-1
5.056276517E1,-4.486356378E-1,-4.721086621E-1,-2.324552275E-2
5.057280517E1,-5.711159110E-1,-4.206362665E-1,4.952045158E-2
5.058284517E1,-8.107383251E-1,-4.231558740E-1,6.189489737E-3
5.059288617E1,-8.181692958E-1,-3.789443970E-1,-1.002926975E-1
5.060292617E1,-7.145733833E-1,-2.009514868E-1,-2.120607644E-1
5.061296617E1,-6.307072639E-1,-3.441404179E-2,-3.117326200E-1
5.062300717E1,-4.947955012E-1,-1.525872201E-2,-4.108695686E-1
5.063304717E1,-4.183623195E-1,-9.356120974E-2,-5.144832134E-1
5.064308717E1,-4.506816566E-1,-1.174452379E-1,-5.820310712E-1
5.065312817E1,-4.669575691E-1,-9.143414348E-2,-5.681991577E-1
5.066316817E1,-4.132839441E-1,-2.567563765E-2,-4.805071056E-1
5.067320817E1,-3.394797444E-1,6.881249603E-3,-3.445594907E-1
5.068324917E1,-3.331749737E-1,-3.032257780E-2,-1.818019897E-1
5.069328917E1,-4.065656960E-1,-1.062246263E-1,-1.056162640E-2
5.070332917E1,-4.794574976E-1,-1.897871643E-1,1.638690233E-1
5.071337017E1,-5.171557069E-1,-2.051930577E-1,3.181852996E-1
5.072341017E1,-4.869706631E-1,-1.011092663E-1,4.684352577E-1
5.073345017E1,-3.924553096E-1,7.418173552E-2,5.903138518E-1
5.074349117E1,-2.839168310E-1,2.498662025E-1,6.606996059E-1
5.075353117E1,-2.032720000E-1,3.775415421E-1,6.816352010E-1
5.076357117E1,-1.656820178E-1,4.748910069E-1,6.581136584E-1
5.077361217E1,-1.567220986E-1,5.111039877E-1,6.027997136E-1
5.078365217E1,-1.512186676E-1,4.647383988E-1,5.193122625E-1
5.079369217E1,-1.400051117E-1,3.503597379E-1,4.368322194E-1
5.080373317E1,-1.241209507E-1,2.307148427E-1,3.575493991E-1
5.081377317E1,-1.105430871E-1,1.438566446E-1,2.872576416E-1
5.082381317E1,-1.036090851E-1,1.033237204E-1,2.461680472E-1
5.083385417E1,-9.173462540E-2,9.241180867E-2,2.386794686E-1
5.084389417E1,-7.215293497E-2,9.071484208E-2,2.312689573E-1
5.085393417E1,-4.078302532E-2,1.017571017E-1,2.254669964E-1
5.086397517E1,1.649916405E-3,1.497041285E-1,2.170546055E-1
5.087401517E1,2.702583000E-2,2.382426411E-1,1.916607320E-1
5.088405517E1,4.062739387E-2,3.573605120E-1,1.398513168E-1
5.089409617E1,5.224940553E-2,4.717662334E-1,7.995362580E-2
5.090413617E1,6.010253355E-2,5.305595398E-1,1.241266541E-2
5.091417617E1,6.748882681E-2,5.394577980E-1,-6.519787759E-2
5.092421717E1,6.706085801E-2,4.971795976E-1,-1.378409266E-1
5.093425717E1,5.217236280E-2,4.098051786E-1,-2.003753632E-1
5.094429717E1,2.529227734E-2,2.673979700E-1,-2.642864585E-1
5.095433817E1,-1.072619203E-2,1.303222775E-1,-3.358038664E-1
5.096437817E1,-3.631491214E-2,5.001001991E-4,-3.890423179E-1
5.097441817E1,-5.046758801E-2,-1.339651942E-1,-4.325092733E-1
5.098445917E1,-5.240264162E-2,-2.546668351E-1,-4.687775373E-1
5.099449917E1,-4.424966127E-2,-3.354995847E-1,-4.940610826E-1
5.100453917E1,-4.922498018E-2,-3.623383939E-1,-5.243143439E-1
5.101458017E1,-3.769175708E-2,-3.214514852E-1,-5.660980940E-1
5.102462017E1,1.555708516E-2,-1.789521575E-1,-6.241044402E-1
5.103466017E1,9.180208296E-2,4.937722161E-2,-6.653718948E-1
5.104470117E1,1.698468179E-1,2.593962252E-1,-6.863597631E-1
5.105474117E1,2.299675792E-1,3.831477761E-1,-6.682260633E-1
5.106478117E1,2.434532940E-1,3.826191425E-1,-5.886214972E-1
5.107482217E1,1.825951040E-1,2.081647366E-1,-4.695145190E-1
5.108486217E1,6.448976696E-2,-9.638450295E-2,-3.488333523E-1
5.109490217E1,-5.985870957E-2,-3.742493093E-1,-2.173869461E-1
5.110494317E1,-1.245500892E-1,-4.889399409E-1,-5.647688732E-2
5.111498317E1,-1.063700393E-1,-2.952971756E-1,1.673015952E-1
5.112502317E1,-7.715036720E-2,-4.582450539E-2,3.531659842E-1
5.113506417E1,-1.475984007E-1,1.849418133E-2,4.067650735E-1
5.114510417E1,-3.480489254E-1,-2.565298462E-3,4.223616123E-1
5.115514417E1,-5.583307147E-1,1.980906352E-2,4.657188058E-1
5.116518517E1,-5.719192624E-1,-2.411818132E-2,4.894560874E-1
5.117522517E1,-5.478373766E-1,-1.643377542E-1,4.662487209E-1
5.118526517E1,-6.010300517E-1,-3.506343961E-1,4.383036494E-1
5.119530617E1,-6.709396243E-1,-5.629653931E-1,3.938416541E-1
5.120534617E1,-7.279890776E-1,-6.163508296E-1,2.810663581E-1
5.121538617E1,-8.202121258E-1,-5.746280551E-1,1.529852152E-1
5.122542717E1,-9.226288199E-1,-4.842717946E-1,5.716895312E-2
5.123546717E1,-1.005651236E0,-4.067610502E-1,1.275920775E-2
5.124550717E1,-1.100109339E0,-3.840575814E-1,2.459136583E-2
5.125554817E1,-1.144635916E0,-3.801606596E-1,7.676179707E-2
5.126558750E1,-1.153298855E0,-3.395285606E-1,1.303914636E-1
5.127562750E1,-1.137973070E0,-2.416395247E-1,1.639195234E-1
5.128566850E1,-1.128172398E0,-8.181338012E-2,1.913527399E-1
5.129570850E1,-1.147858858E0,1.126757264E-1,2.149052620E-1
5.130574950E1,-1.199838161E0,2.960402369E-1,2.220342755E-1
5.131578950E1,-1.270330906E0,4.000907838E-1,1.951701492E-1
5.132582950E1,-1.355071902E0,3.795610070E-1,1.424281001E-1
5.133587050E1,-1.438334703E0,2.614192963E-1,9.832700342E-2
5.134591050E1,-1.524805784E0,1.087841988E-1,6.171333790E-2
5.135595050E1,-1.597624540E0,-7.130241394E-2,2.262177691E-2
5.136599150E1,-1.671260953E0,-2.126187831E-1,-1.030608080E-2
5.137603150E1,-1.764875889E0,-2.412694097E-1,-2.472009137E-2
5.138607150E1,-1.865292192E0,-1.945213526E-1,-2.263190597E-2
5.139611250E1,-1.969795704E0,-1.489991397E-1,-1.039414853E-2
5.140615250E1,-2.058932066E0,-1.179218590E-1,1.001119893E-2
5.141619250E1,-2.116479158E0,-8.790524304E-2,4.356916994E-2
5.142623350E1,-2.141063929E0,-5.760912970E-2,9.529495239E-2
5.143627350E1,-2.135110855E0,-1.572366059E-2,1.627165079E-1
5.144631350E1,-2.096526623E0,3.471394628E-2,2.409774959E-1
5.145635450E1,-2.040668011E0,1.038482860E-1,3.307949603E-1
5.146639450E1,-1.970572948E0,1.569559723E-1,4.154219627E-1
5.147643450E1,-1.913841844E0,1.602512151E-1,4.964392781E-1
5.148647550E1,-1.860353112E0,1.299332529E-1,5.582749248E-1
5.149651550E1,-1.818116546E0,7.089952379E-2,5.928511024E-1
5.150655550E1,-1.775293946E0,2.210455947E-2,6.075373888E-1
5.151659650E1,-1.714789271E0,-2.408756502E-2,6.309334040E-1
5.152663650E1,-1.641246319E0,-7.539416105E-2,6.686115265E-1
5.153667650E1,-1.554982066E0,-1.187361032E-1,7.141380310E-1
5.154671750E1,-1.460703731E0,-1.158401817E-1,7.594509125E-1
5.155675750E1,-1.341496348E0,-6.973499060E-2,7.939667106E-1
5.156679750E1,-1.258721352E0,3.475439921E-2,8.005636334E-1
5.157683850E1,-1.209439516E0,1.914200336E-1,7.676764131E-1
5.158687850E1,-1.182671309E0,3.464471698E-1,6.986142993E-1
5.159691850E1,-1.142372489E0,4.374566972E-1,5.938456059E-1
5.160695950E1,-1.074621320E0,4.365347028E-1,4.649609327E-1
5.161699950E1,-1.008471847E0,3.712302148E-1,3.243430257E-1
5.162703950E1,-1.012362123E0,2.756512165E-1,1.585788280E-1
5.163708050E1,-1.122166276E0,1.732596457E-1,3.832708113E-3
5.164712050E1,-1.265363097E0,4.130294919E-2,-1.025786847E-1
5.165716050E1,-1.360925674E0,-1.243646815E-1,-1.608942300E-1
5.166720150E1,-1.372841239E0,-3.034462929E-1,-1.843193918E-1
5.167724150E1,-1.305334687E0,-4.664561152E-1,-1.520046145E-1
5.168728150E1,-1.212988138E0,-6.217370629E-1,-4.592718929E-2
5.169732250E1,-1.125712633E0,-7.427002788E-1,1.028326079E-1
5.170736250E1,-1.095622897E0,-7.174122334E-1,2.272184789E-1
5.171740250E1,-1.208351851E0,-5.095026493E-1,2.647717595E-1
5.172744350E1,-1.443714619E0,-2.390173674E-1,1.896053702E-1
5.173748350E1,-1.533250928E0,1.593831740E-2,1.164310724E-1
5.174752350E1,-1.476486444E0,2.429568172E-1,3.004159406E-2
5.175756450E1,-1.387815475E0,4.504716694E-1,-7.123531401E-2
5.176760450E1,-1.287577033E0,5.414726734E-1,-1.661607623E-1
5.177764450E1,-1.189520836E0,4.602404833E-1,-2.325820029E-1
5.178768550E1,-1.151266336E0,2.334912121E-1,-2.459193915E-1
5.179772550E1,-1.193343878E0,1.059906278E-2,-2.006537020E-1
5.180776550E1,-1.208818197E0,-1.229882985E-1,-1.100178063E-1
5.181780650E1,-1.125569344E0,-1.572480053E-1,-2.033312991E-2
5.182784650E1,-1.036149979E0,-1.876535714E-1,5.369182676E-2
5.183788650E1,-9.879513383E-1,-3.088845909E-1,1.416833848E-1
5.184792750E1,-9.623277187E-1,-4.190955162E-1,2.350133359E-1
5.185796750E1,-9.151109457E-1,-4.071865082E-1,3.363672197E-1
5.186800750E1,-8.298168182E-1,-2.585128844E-1,4.538182020E-1
5.187804850E1,-7.302491069E-1,-2.771387063E-2,5.700866580E-1
5.188808850E1,-6.298282146E-1,1.800387949E-1,6.497873664E-1
5.189812850E1,-5.408287644E-1,3.548234105E-1,6.898034811E-1
5.190816950E1,-4.781586826E-1,4.863545299E-1,7.201443315E-1
5.191820950E1,-4.282659888E-1,5.664556026E-1,7.187077403E-1
5.192824950E1,-3.869100511E-1,5.531432629E-1,6.856467128E-1
5.193829050E1,-3.755088151E-1,4.264079034E-1,6.589606404E-1
5.194833050E1,-3.749918938E-1,2.451789826E-1,6.184899211E-1
5.195837050E1,-3.761870563E-1,6.662131101E-2,5.756828785E-1
5.196841150E1,-3.808206916E-1,-1.258005947E-1,5.311548114E-1
5.197845150E1,-3.920599520E-1,-2.806952298E-1,4.760944247E-1
5.198849150E1,-3.919033408E-1,-3.154127300E-1,4.162904918E-1
5.199853250E1,-3.825322390E-1,-2.300377041E-1,3.397031128E-1
5.200857250E1,-3.547208607E-1,-8.800598979E-2,2.839589119E-1
5.201861250E1,-3.091847003E-1,1.010155976E-1,2.458163649E-1
5.202865350E1,-2.699627280E-1,2.985161543E-1,1.920966804E-1
5.203869350E1,-2.201410979E-1,4.875052869E-1,1.366275847E-1
5.204873450E1,-1.824855953E-1,6.100578308E-1,9.009923041E-2
5.205877450E1,-1.649422795E-1,6.696326137E-1,3.176648915E-2
5.206881450E1,-1.620876342E-1,6.846687794E-1,-2.750269324E-2
5.207885550E1,-1.797129214E-1,6.341360807E-1,-7.435867190E-2
5.208889550E1,-2.090236843E-1,5.118601918E-1,-1.157287434E-1
5.209893550E1,-2.368416190E-1,3.401665688E-1,-1.499751508E-1
5.210897650E1,-2.553572357E-1,1.453702152E-1,-1.674564034E-1
5.211901650E1,-2.636654675E-1,-5.515117943E-2,-1.924577802E-1
5.212905650E1,-2.611301243E-1,-2.507081628E-1,-2.253310382E-1
5.213909750E1,-2.369002700E-1,-4.131285846E-1,-2.627813518E-1
5.214913750E1,-1.637509614E-1,-5.200030804E-1,-2.917405665E-1
5.215917750E1,-6.805486232E-2,-5.437862277E-1,-3.163938820E-1
5.216921850E1,3.827477247E-2,-5.272927284E-1,-3.685683906E-1
5.217925850E1,1.387907416E-1,-4.667845666E-1,-4.287993014E-1
5.218929850E1,1.960071474E-1,-3.275577128E-1,-4.861627221E-1
5.219933950E1,1.990147233E-1,-1.268914193E-1,-5.139952898E-1
5.220937950E1,1.596028656E-1,7.969130576E-2,-4.797260165E-1
5.221941950E1,1.501055360E-1,2.413880676E-1,-3.822871447E-1
5.222946050E1,1.990560293E-1,3.369321525E-1,-2.546735406E-1
5.223950050E1,2.520755231E-1,2.923160195E-1,-1.126835868E-1
5.224954050E1,2.744918764E-1,1.191231906E-1,4.591375589E-3
5.225958150E1,2.500642836E-1,-7.944876701E-2,8.860272169E-2
5.226962179E1,1.914137304E-1,-2.612787485E-1,1.267719567E-1
5.227966179E1,1.360272318E-1,-4.348131120E-1,1.384608597E-1
5.228970279E1,1.430246830E-1,-4.102393389E-1,1.698446125E-1
5.229974279E1,2.287916988E-1,-2.566014528E-1,1.829697639E-1
5.230978279E1,2.670226991E-1,-1.975511760E-1,1.296162605E-1
5.231982379E1,1.962124705E-1,-2.063163072E-1,6.573379040E-2
5.232986379E1,1.261761338E-1,-2.220427990E-1,2.935447916E-2
5.233990379E1,3.307760507E-2,-2.103441358E-1,9.090570733E-3
5.234994479E1,-8.197521418E-2,-2.357072830E-1,3.389099240E-2
5.235998479E1,-1.895589083E-1,-3.022267818E-1,1.168863773E-1
5.237002479E1,-2.768581212E-1,-3.789950609E-1,2.171828747E-1
5.238006579E1,-3.087790608E-1,-4.506804347E-1,2.951410711E-1
5.239010579E1,-2.926147282E-1,-5.168836713E-1,2.920416892E-1
5.240014579E1,-3.005295396E-1,-5.435572267E-1,2.239984125E-1
5.241018679E1,-3.444988728E-1,-5.326944590E-1,1.159600914E-1
5.242022679E1,-3.743406832E-1,-4.874103367E-1,1.245747227E-2
5.243026679E1,-4.004279375E-1,-3.981443942E-1,-7.318792492E-2
5.244030779E1,-4.172410667E-1,-2.975948155E-1,-1.265171468E-1
5.245034779E1,-4.078651369E-1,-2.270080000E-1,-1.444639117E-1
5.246038779E1,-3.901911378E-1,-1.618712991E-1,-1.483747214E-1
5.247042879E1,-3.716462255E-1,-6.939142197E-2,-1.489571482E-1
5.248046879E1,-3.585072160E-1,6.603598595E-2,-1.454211622E-1
5.249050879E1,-3.708762825E-1,2.012643814E-1,-1.379185021E-1
5.250054979E1,-3.976237774E-1,3.034744263E-1,-1.208004504E-1
5.251058979E1,-4.172086716E-1,3.597259820E-1,-1.071751863E-1
5.252062979E1,-4.393536448E-1,3.519099653E-1,-9.186956286E-2
5.253067079E1,-4.880394340E-1,2.291081697E-1,-8.903942257E-2
5.254071079E1,-5.581548810E-1,5.103925616E-2,-1.073902845E-1
5.255075079E1,-6.314677596E-1,-1.126516759E-1,-1.412422508E-1
5.256079179E1,-7.094764113E-1,-2.224308252E-1,-1.730132699E-1
5.257083179E1,-7.949689627E-1,-2.653239667E-1,-1.875663847E-1
5.258087179E1,-8.597365618E-1,-2.655092180E-1,-1.725257337E-1
5.259091279E1,-9.274258614E-1,-2.151024938E-1,-1.462839991E-1
5.260095279E1,-9.875624776E-1,-1.371870339E-1,-1.348960251E-1
5.261099279E1,-1.025291085E0,-2.542855218E-2,-1.200526282E-1
5.262103379E1,-1.036073327E0,8.942883462E-2,-8.900252730E-2
5.263107379E1,-1.012105703E0,1.996120661E-1,-3.479547426E-2
5.264111479E1,-9.720871449E-1,2.719035745E-1,3.206371516E-2
5.265115479E1,-9.319211245E-1,2.913712859E-1,1.069422141E-1
5.266119479E1,-8.985521793E-1,2.780026793E-1,1.819346547E-1
5.267123579E1,-8.729006052E-1,2.626359761E-1,2.400203347E-1
5.268127579E1,-8.395450115E-1,2.517417967E-1,2.765375972E-1
5.269131579E1,-7.966762185E-1,1.817400455E-1,3.397489786E-1
5.270135679E1,-7.553042173E-1,1.372696757E-1,3.875170052E-1
5.271139679E1,-7.186455131E-1,5.278009176E-2,4.475007355E-1
5.272143679E1,-6.832283139E-1,-2.390734851E-2,5.069420934E-1
5.273147779E1,-6.391058564E-1,-7.392790169E-2,5.469248891E-1
5.274151779E1,-5.484848022E-1,-6.548752636E-2,5.819810629E-1
5.275155779E1,-4.302188754E-1,-2.495927736E-2,5.895042419E-1
5.276159879E1,-3.826052547E-1,1.157620400E-1,5.719395876E-1
5.277163879E1,-3.920868933E-1,3.346554935E-1,5.284994841E-1
5.278167879E1,-4.273538291E-1,5.264920592E-1,4.549062848E-1
5.279171979E1,-4.152055681E-1,6.584620476E-1,3.420873284E-1
5.280175979E1,-3.973021209E-1,7.033036947E-1,1.944113672E-1
5.281179979E1,-4.833744168E-1,6.451828480E-1,4.460216314E-2
5.282184079E1,-6.452674270E-1,4.216754436E-1,-6.600211561E-2
5.283188079E1,-7.601737976E-1,6.294763833E-2,-8.999107033E-2
5.284192079E1,-7.460339665E-1,-3.047239184E-1,-5.295840278E-2
5.285196179E1,-5.755128264E-1,-6.128404737E-1,5.980090424E-2
5.286200179E1,-2.969290316E-1,-7.483634353E-1,2.446594387E-1
5.287204179E1,-7.079949975E-2,-6.328344345E-1,4.238323867E-1
5.288208279E1,-8.664145321E-2,-3.540968001E-1,4.678831995E-1
5.289212279E1,-2.633065283E-1,-2.011320144E-1,3.361123800E-1
5.290216279E1,-2.931509912E-1,-1.377171725E-1,1.533283442E-1
5.291220379E1,-2.663601339E-1,-7.291714102E-2,-3.683547676E-2
5.292224379E1,-3.116335869E-1,1.306694560E-2,-2.177961320E-1
5.293228379E1,-3.247520626E-1,-9.854349308E-3,-3.728267252E-1
5.294232479E1,-2.843016088E-1,-1.871541739E-1,-4.613737166E-1
5.295236479E1,-2.181667835E-1,-3.653055429E-1,-4.748264253E-1
5.296240479E1,-1.504463255E-1,-4.902056456E-1,-4.130959511E-1
5.297244579E1,-3.959176317E-2,-4.790599346E-1,-2.753037512E-1
5.298248579E1,1.296728700E-1,-4.132472873E-1,-6.984272599E-2
5.299252579E1,2.440567017E-1,-3.318959475E-1,1.337668449E-1
5.300256679E1,2.564881444E-1,-2.650222778E-1,3.056070507E-1
5.301260679E1,2.138085663E-1,-2.100913823E-1,4.341226816E-1
5.302264679E1,1.808514297E-1,-1.158753335E-1,5.070921779E-1
5.303268779E1,2.021213025E-1,5.703177303E-4,5.411452055E-1
5.304272779E1,2.480969131E-1,1.250258535E-1,5.221455097E-1
5.305276779E1,2.780332267E-1,2.431969643E-1,4.615316689E-1
5.306280879E1,2.874862552E-1,3.011327386E-1,3.843460679E-1
5.307284879E1,2.919321358E-1,2.607041001E-1,3.016522527E-1
5.308288879E1,2.868438959E-1,1.444009095E-1,2.180431187E-1
5.309292979E1,2.886311710E-1,-1.355409250E-2,1.559480578E-1
5.310296979E1,3.026188910E-1,-1.553151459E-1,1.333864629E-1
5.311300979E1,3.229012489E-1,-2.498991936E-1,1.501406878E-1
5.312305079E1,3.655115962E-1,-2.967816591E-1,1.916797310E-1
5.313309079E1,4.083900750E-1,-2.849372625E-1,2.535188496E-1
5.314313179E1,4.540517628E-1,-2.046431750E-1,2.782078087E-1
5.315317179E1,5.019665360E-1,-8.339317888E-2,2.695714533E-1
5.316321179E1,5.419557691E-1,2.128369361E-2,2.598038316E-1
5.317325279E1,5.686275959E-1,1.192962751E-1,2.482342571E-1
5.318329279E1,5.963751674E-1,2.560723126E-1,1.934948266E-1
5.319333279E1,6.170492768E-1,4.104261994E-1,1.031348407E-1
5.320337379E1,6.224547029E-1,5.665620565E-1,-1.572742476E-3
5.321341379E1,6.077519059E-1,6.829786897E-1,-1.052469388E-1
5.322345379E1,5.723905563E-1,7.249383926E-1,-2.024097294E-1
5.323349479E1,5.231463313E-1,7.100537419E-1,-2.839200199E-1
5.324353479E1,4.662148356E-1,6.490987539E-1,-3.406978548E-1
5.325357479E1,4.052854180E-1,5.320796967E-1,-3.830594420E-1
5.326361579E1,3.499326706E-1,3.954398334E-1,-4.001800120E-1
5.327365579E1,3.037052453E-1,2.629952431E-1,-3.972311020E-1
5.328369579E1,2.868285179E-1,1.410237849E-1,-3.844705522E-1
5.329373679E1,2.715941966E-1,2.238430083E-2,-3.672976196E-1
5.330377679E1,2.510952652E-1,-1.081852466E-1,-3.387916982E-1
5.331381679E1,2.206116468E-1,-1.810895503E-1,-3.179479539E-1
5.332385779E1,1.843317449E-1,-2.279956490E-1,-3.003370166E-1
5.333389779E1,1.739797592E-1,-2.108403593E-1,-2.602098286E-1
5.334393779E1,1.583469212E-1,-1.467620730E-1,-1.902297586E-1
5.335397879E1,1.145552322E-1,-6.357424706E-2,-1.191718280E-1
5.336401879E1,9.278959781E-2,5.161935836E-2,-5.209887773E-2
5.337405879E1,1.653090715E-1,1.149551868E-1,6.544993725E-3
5.338409979E1,3.042978644E-1,9.570932388E-2,5.687500909E-2
5.339413979E1,3.988705575E-1,-5.411418155E-3,9.407135844E-2
5.340417979E1,3.864358366E-1,-1.563307047E-1,8.591845632E-2
5.341422079E1,2.769365013E-1,-2.762962580E-1,7.821529172E-3
5.342426079E1,1.321581155E-1,-2.033552080E-1,-6.258894503E-2
5.343430079E1,4.733483866E-2,3.957675025E-2,-1.773864590E-2
5.344434179E1,8.757901378E-3,9.132104367E-2,1.375511736E-1
5.345438179E1,-1.548725180E-2,-9.730000049E-2,3.057995737E-1
5.346442179E1,4.224259779E-2,-2.203478366E-1,4.253728092E-1
5.347446279E1,1.586211324E-1,-1.926035583E-1,4.720857143E-1
5.348450279E1,2.758319378E-1,-1.913475990E-1,4.728902280E-1
5.349454279E1,3.510760963E-1,-3.137270212E-1,4.531276822E-1
5.350458379E1,3.551878929E-1,-4.859683216E-1,4.031915963E-1
5.351462379E1,3.277016878E-1,-6.347524524E-1,2.973245382E-1
5.352466379E1,2.571822107E-1,-6.549156308E-1,1.532652527E-1
5.353470479E1,1.195037141E-1,-5.010491014E-1,5.518284161E-5
5.354474479E1,-3.938152269E-2,-2.365048528E-1,-1.503018141E-1
5.355478479E1,-1.296991706E-1,-2.329830080E-2,-2.907880843E-1
5.356482579E1,-1.426599920E-1,6.522815675E-2,-3.937461674E-1
5.357486579E1,-1.244812608E-1,5.163112655E-2,-4.351626039E-1
5.358490679E1,-8.596479148E-2,1.554694958E-2,-4.178827107E-1
5.359494679E1,-9.224025905E-2,3.469667584E-2,-3.598223329E-1
5.360498679E1,-1.331364065E-1,1.590844989E-1,-2.801545560E-1
5.361502779E1,-1.570545137E-1,3.608440161E-1,-2.045178413E-1
5.362506779E1,-1.802617460E-1,5.371074080E-1,-1.329399198E-1
5.363510779E1,-2.041316628E-1,6.065351963E-1,-8.399980515E-2
5.364514879E1,-2.351502776E-1,5.721439123E-1,-7.869663835E-2
5.365518879E1,-2.682073116E-1,4.619401395E-1,-1.292524934E-1
5.366522879E1,-2.944382131E-1,2.892146111E-1,-2.096391171E-1
5.367526979E1,-3.226488233E-1,1.168217957E-1,-2.938019335E-1
5.368530979E1,-3.677484393E-1,-1.525440998E-2,-3.669442534E-1
5.369534979E1,-4.213618636E-1,-9.329248965E-2,-4.158015549E-1
5.370539079E1,-4.689764082E-1,-1.415501982E-1,-4.442332983E-1
5.371543079E1,-5.011620522E-1,-1.436343938E-1,-4.432540536E-1
5.372547079E1,-5.221940279E-1,-1.194607988E-1,-4.097056091E-1
5.373551179E1,-5.230726004E-1,-6.720770895E-2,-3.576746285E-1
5.374555179E1,-4.972037971E-1,1.011335105E-2,-2.856564522E-1
5.375559179E1,-4.506450891E-1,8.544858545E-2,-1.922002435E-1
5.376563279E1,-3.999056518E-1,1.875659823E-1,-8.225824684E-2
5.377567279E1,-3.343047798E-1,2.757770717E-1,4.447173327E-2
5.378571279E1,-2.818976343E-1,3.063394725E-1,1.474113613E-1
5.379575379E1,-2.519687712E-1,3.008160889E-1,2.247847170E-1
5.380579379E1,-2.356187701E-1,2.533696890E-1,2.750044763E-1
5.381583379E1,-2.234201580E-1,1.713800132E-1,3.166126311E-1
5.382587479E1,-2.175666690E-1,5.331772566E-2,3.631765246E-1
5.383591479E1,-2.031515092E-1,-6.088181213E-2,4.124708474E-1
5.384595479E1,-1.717759222E-1,-1.718071997E-1,4.603733420E-1
5.385599579E1,-1.414963156E-1,-2.645501792E-1,4.920907915E-1
5.386603579E1,-1.380142272E-1,-3.122742772E-1,5.068042278E-1
5.387607579E1,-1.412750036E-1,-2.731125057E-1,5.028733611E-1
5.388611679E1,-1.013003886E-1,-1.352278590E-1,4.833853841E-1
5.389615679E1,8.770457469E-3,2.960768901E-2,4.274100065E-1
5.390619679E1,1.240743697E-1,2.312394679E-1,3.205221295E-1
5.391623779E1,1.145391837E-1,4.034644961E-1,1.499607861E-1
5.392627779E1,-7.324853539E-2,5.012783408E-1,-5.486930534E-2
5.393631779E1,-3.316912949E-1,4.449673891E-1,-2.736858130E-1
5.394635879E1,-5.523371100E-1,2.599392235E-1,-4.165586233E-1
5.395639879E1,-6.635493636E-1,4.120715708E-2,-4.487394691E-1
5.396643879E1,-6.308348775E-1,-2.709480226E-1,-3.689013124E-1
5.397647979E1,-4.879951477E-1,-6.593647599E-1,-1.823623031E-1
5.398651979E1,-2.820415795E-1,-9.861872196E-1,9.134773165E-2
5.399655979E1,-1.178822070E-1,-9.616124034E-1,3.331118822E-1
5.400660079E1,-2.349401116E-1,-5.922334194E-1,4.064000547E-1
5.401664079E1,-5.794279575E-1,-2.702569664E-1,2.645592690E-1
5.402668079E1,-6.384196877E-1,-5.673750490E-2,1.698347777E-1
5.403672179E1,-4.471679926E-1,1.104229912E-1,9.333574027E-2
5.404676179E1,-3.120963275E-1,2.322640568E-1,-2.513451874E-2
5.405680179E1,-1.857823431E-1,2.462038398E-1,-1.594654173E-1
5.406684279E1,-9.087176621E-2,1.746299118E-1,-3.268256783E-1
5.407688279E1,-1.253250837E-1,9.805364162E-2,-4.777406156E-1
5.408692379E1,-1.494171470E-1,1.464781724E-2,-5.588676929E-1
5.409696379E1,-9.799551219E-2,-1.142598316E-1,-5.313660502E-1
5.410700379E1,4.650031403E-2,-3.211341500E-1,-3.959177434E-1
5.411704479E1,1.958250850E-1,-4.807767868E-1,-2.010300010E-1
5.412708479E1,2.451923788E-1,-5.419401526E-1,-1.746780239E-2
5.413712479E1,2.277497351E-1,-5.391126275E-1,1.245631054E-1
5.414716579E1,1.705406904E-1,-4.894814789E-1,2.383665740E-1
5.415720579E1,1.122768521E-1,-4.017947912E-1,3.415382206E-1
5.416724579E1,8.611667156E-2,-2.972878814E-1,4.410685003E-1
5.417728679E1,7.408584654E-2,-1.744935066E-1,5.168490410E-1
5.418732679E1,6.908094138E-2,-6.618134677E-2,5.527108908E-1
5.419736679E1,7.022476941E-2,1.135445386E-2,5.290031433E-1
5.420740779E1,6.024917215E-2,3.501832485E-2,4.791485369E-1
5.421744779E1,7.369521260E-2,3.664931515E-3,4.186087549E-1
5.422748779E1,1.080171987E-1,-2.516346239E-2,3.634527922E-1
5.423752879E1,1.505974233E-1,-8.212075382E-2,3.262348473E-1
5.424756879E1,2.012936622E-1,-5.144527182E-2,2.955459356E-1
5.425760879E1,2.384024113E-1,-3.615808673E-4,2.735514343E-1
5.426765050E1,2.677052021E-1,1.457531098E-2,2.813816667E-1
5.427769050E1,2.940361202E-1,1.661662385E-2,2.974988520E-1
5.428773050E1,3.296637535E-1,5.198741332E-2,3.029116988E-1
5.429777150E1,3.639764488E-1,1.660841554E-1,2.691537440E-1
5.430781150E1,3.972194493E-1,3.279132247E-1,2.078015953E-1
5.431785150E1,4.218994975E-1,4.724743962E-1,1.576081961E-1
5.432789250E1,4.242049158E-1,5.553799272E-1,1.079590321E-1
5.433793250E1,4.032500982E-1,5.846145153E-1,3.985533863E-2
5.434797250E1,3.561787903E-1,6.033110023E-1,-6.718868762E-2
5.435801350E1,2.997818291E-1,5.480495691E-1,-1.818865091E-1
5.436805350E1,2.463893443E-1,4.380034208E-1,-2.549948096E-1
5.437809350E1,2.098084241E-1,3.412640989E-1,-2.848426998E-1
5.438813450E1,1.889718920E-1,2.651534975E-1,-2.993443906E-1
5.439817450E1,1.719881147E-1,1.963435262E-1,-3.079871237E-1
5.440821450E1,1.536773145E-1,1.208430603E-1,-3.184764385E-1
5.441825550E1,1.503550261E-1,4.343349114E-2,-3.413878679E-1
5.442829550E1,1.513047963E-1,1.724424539E-3,-3.617575169E-1
5.443833550E1,1.274082512E-1,-4.210962448E-3,-3.833786547E-1
5.444837650E1,1.150490046E-1,4.206717014E-2,-3.968785405E-1
5.445841650E1,9.335383028E-2,1.608215272E-1,-3.821611106E-1
5.446845650E1,2.423027717E-2,2.380069345E-1,-3.336514533E-1
5.447849750E1,-1.402310003E-2,2.410043180E-1,-2.569561303E-1
5.448853750E1,7.914857566E-2,1.743611097E-1,-1.107830033E-1
5.449857750E1,2.259598523E-1,3.482398763E-2,5.259553716E-2
5.450861850E1,3.316759169E-1,-2.120795995E-1,1.637521684E-1
5.451865850E1,3.303406239E-1,-4.873359501E-1,1.966139823E-1
5.452869850E1,2.349218726E-1,-6.992955208E-1,1.573941708E-1
5.453873950E1,1.116590500E-1,-7.143061161E-1,1.064524278E-1
5.454877950E1,6.197878718E-2,-5.093399286E-1,9.098172188E-2
5.455881950E1,1.143732890E-1,-3.687343597E-1,1.249950826E-1
5.456886050E1,1.328399777E-1,-3.643169105E-1,1.590849310E-1
5.457890050E1,1.274310946E-1,-3.827523887E-1,1.899001002E-1
5.458894150E1,1.982221156E-1,-3.582015038E-1,1.885433495E-1
5.459898150E1,2.968424261E-1,-3.472710848E-1,1.969160587E-1
5.460902150E1,3.527376056E-1,-3.706709445E-1,2.362840474E-1
5.461906250E1,3.832366765E-1,-3.812610209E-1,2.821255624E-1
5.462910250E1,4.215615392E-1,-4.222095013E-1,2.935226262E-1
5.463914250E1,4.089834392E-1,-4.813284874E-1,2.388535291E-1
5.464918350E1,3.183249235E-1,-4.871260226E-1,1.200952232E-1
5.465922350E1,1.807984859E-1,-4.157961905E-1,-1.471585780E-2
5.466926350E1,9.030656517E-2,-2.935445309E-1,-1.225348189E-1
5.467930450E1,6.112870574E-2,-1.949266344E-1,-1.975009292E-1
5.468934450E1,9.181614220E-2,-1.805188954E-1,-2.431426644E-1
5.469938450E1,1.458207816E-1,-1.966959983E-1,-2.645187676E-1
5.470942550E1,2.050808221E-1,-1.462268680E-1,-2.778268456E-1
5.471946550E1,2.005278915E-1,-1.246719714E-2,-2.856943607E-1
5.472950550E1,1.729114503E-1,1.721927375E-1,-2.894095480E-1
5.473954650E1,1.247188896E-1,3.070884943E-1,-2.979732156E-1
5.474958650E1,5.846368149E-2,3.291318119E-1,-3.365797102E-1
5.475962650E1,-2.376500983E-3,2.521052063E-1,-4.026615322E-1
5.476966750E1,-6.908122450E-2,1.019391343E-1,-4.746438563E-1
5.477970750E1,-1.535604298E-1,-8.984175324E-2,-5.278831124E-1
5.478974750E1,-2.291542590E-1,-2.627792656E-1,-5.761432648E-1
5.479978850E1,-2.882202566E-1,-3.691938519E-1,-5.955827236E-1
5.480982850E1,-3.322571516E-1,-4.217859209E-1,-5.750868917E-1
5.481986850E1,-3.730389476E-1,-4.158712924E-1,-5.297156572E-1
5.482990950E1,-4.174351394E-1,-3.710833192E-1,-4.712583125E-1
5.483994950E1,-4.740640521E-1,-3.074612021E-1,-4.017407596E-1
5.484998950E1,-5.259050131E-1,-2.104986012E-1,-3.126282692E-1
5.486003050E1,-5.376543403E-1,-6.276614219E-2,-2.073969245E-1
5.487007050E1,-5.121260285E-1,1.493629962E-1,-8.240547031E-2
5.488011050E1,-4.392429888E-1,3.267923594E-1,3.925704584E-2
5.489015150E1,-3.596057296E-1,4.107359946E-1,1.253755540E-1
5.490019150E1,-2.870948017E-1,4.270249307E-1,1.841690987E-1
5.491023150E1,-2.430046052E-1,3.929196000E-1,2.405116111E-1
5.492027250E1,-2.249606252E-1,3.686678112E-1,2.710937560E-1
5.493031250E1,-2.370927781E-1,3.101651371E-1,2.993277311E-1
5.494035250E1,-2.563503385E-1,2.098843306E-1,3.398256302E-1
5.495039350E1,-2.625681460E-1,7.283557951E-2,3.991304934E-1
5.496043350E1,-2.698255181E-1,-3.458355740E-2,4.578824937E-1
5.497047350E1,-2.692012489E-1,-9.107199311E-2,5.130446553E-1
5.498051450E1,-2.900750935E-1,-8.531184494E-2,5.438414812E-1
5.499055450E1,-2.561230063E-1,-9.836260229E-3,5.484540462E-1
5.500059450E1,-1.391817480E-1,8.993986994E-2,5.207737088E-1
5.501063550E1,-6.980745587E-3,2.190290391E-1,4.345836341E-1
5.502067550E1,1.724861562E-3,3.326788843E-1,3.108105659E-1
5.503071550E1,-1.831055284E-1,3.403798044E-1,1.477023661E-1
5.504075650E1,-4.215782583E-1,2.746276855E-1,-4.859205335E-2
5.505079650E1,-5.858331323E-1,8.421629667E-2,-1.858990639E-1
5.506083650E1,-5.845623016E-1,-2.121250778E-1,-2.432869822E-1
5.507087750E1,-4.246784151E-1,-4.760788679E-1,-2.127735168E-1
5.508091750E1,-1.691888869E-1,-5.799029469E-1,-1.203005761E-1
5.509095850E1,-5.396893248E-3,-5.303319693E-1,-1.710494235E-2
5.510099850E1,-9.769539535E-2,-4.582995474E-1,5.818608403E-2
5.511103850E1,-2.172206789E-1,-4.981029034E-1,6.873098016E-2
5.512107950E1,-2.023075074E-1,-5.019072294E-1,3.720448166E-2
5.513111950E1,-2.076623589E-1,-4.110460877E-1,-6.870661397E-3
5.514115950E1,-2.335685194E-1,-3.480047882E-1,-6.179942191E-2
5.515120050E1,-2.009772956E-1,-3.368554711E-1,-1.910399646E-1
5.516124050E1,-2.137242407E-1,-2.927085161E-1,-3.763171732E-1
5.517128050E1,-2.580721080E-1,-2.181641459E-1,-5.082473755E-1
5.518132150E1,-2.535987794E-1,-1.239670739E-1,-5.102905631E-1
5.519136150E1,-1.454214603E-1,-1.281785965E-1,-4.344461560E-1
5.520140150E1,1.716771722E-2,-2.387032509E-1,-3.079886138E-1
5.521144250E1,1.038617939E-1,-3.661521077E-1,-1.586963683E-1
5.522148250E1,1.032609865E-1,-4.354326427E-1,2.604108537E-3
5.523152250E1,7.113424689E-2,-4.215383232E-1,1.761219501E-1
5.524156350E1,3.728333861E-2,-3.778169453E-1,3.276494443E-1
5.525160350E1,2.994606644E-2,-2.898671329E-1,4.444636703E-1
5.526164350E1,3.578850627E-2,-1.684709042E-1,5.249670148E-1
5.527168342E1,7.396227121E-2,-3.143807501E-2,5.634160042E-1
5.528172342E1,1.040099189E-1,8.166211098E-2,5.543425679E-1
5.529176342E1,1.128082052E-1,1.317484528E-1,4.989943802E-1
5.530180442E1,1.283248514E-1,1.195096225E-1,4.154984355E-1
5.531184442E1,1.551516056E-1,5.285301432E-2,3.235585988E-1
5.532188442E1,1.998807192E-1,-2.450169623E-2,2.508508265E-1
5.533192542E1,2.472110540E-1,-7.598768920E-2,2.105627805E-1
5.534196542E1,2.958342433E-1,-5.516896397E-2,1.962570846E-1
5.535200542E1,3.459368646E-1,-4.050618783E-2,1.955958307E-1
5.536204642E1,4.014661610E-1,-4.240342230E-2,2.044756114E-1
5.537208642E1,4.515597820E-1,-3.348627314E-2,1.969602257E-1
5.538212642E1,4.944781959E-1,2.070399560E-2,1.672081947E-1
5.539216742E1,5.273768902E-1,1.099287122E-1,1.285113096E-1
5.540220742E1,5.452286005E-1,2.432542741E-1,8.880623430E-2
5.541224742E1,5.276407003E-1,4.160555303E-1,3.198460862E-2
5.542228842E1,4.813083410E-1,5.659273267E-1,-2.799004316E-2
5.543232842E1,4.171788096E-1,6.417785287E-1,-8.720800281E-2
5.544236842E1,3.560864329E-1,6.208266020E-1,-1.458273828E-1
5.545240942E1,3.000276387E-1,5.625701547E-1,-1.975674480E-1
5.546244942E1,2.535536289E-1,4.862673879E-1,-2.520594299E-1
5.547248942E1,2.232646495E-1,3.772506118E-1,-2.924363017E-1
5.548253042E1,1.988168359E-1,2.570720017E-1,-3.236914277E-1
5.549257042E1,1.813427210E-1,1.374531090E-1,-3.578532338E-1
5.550261042E1,1.813046336E-1,5.111589096E-3,-3.971790671E-1
5.551265142E1,2.031871080E-1,-1.362731457E-1,-4.158704281E-1
5.552269142E1,2.321583033E-1,-2.141769975E-1,-4.126107097E-1
5.553273142E1,2.617477775E-1,-2.055732161E-1,-4.109523594E-1
5.554277242E1,2.796460986E-1,-1.142353192E-1,-4.204316139E-1
5.555281242E1,2.526681721E-1,5.476214737E-2,-4.319899678E-1
5.556285342E1,1.676741838E-1,2.201143503E-1,-4.236028790E-1
5.557289342E1,7.330980152E-2,3.025185764E-1,-3.635014892E-1
5.558293342E1,7.706379145E-2,3.391588926E-1,-2.513414025E-1
5.559297442E1,1.782077104E-1,3.180414736E-1,-1.107673347E-1
5.560301442E1,2.863182127E-1,1.892145276E-1,1.892807148E-2
5.561305442E1,3.689036667E-1,-7.103768177E-3,1.321996152E-1
5.562309542E1,3.774132431E-1,-1.847451329E-1,2.019225061E-1
5.563313542E1,3.254213929E-1,-4.108543098E-1,2.124219835E-1
5.564317542E1,2.476719916E-1,-6.133402586E-1,1.956541985E-1
5.565321642E1,2.390448749E-1,-6.474671960E-1,1.553890109E-1
5.566325642E1,3.726902902E-1,-5.563279986E-1,1.701807380E-1
5.567329642E1,5.023993254E-1,-4.697744250E-1,2.122665495E-1
5.568333742E1,5.327210426E-1,-3.988105059E-1,1.892333925E-1
5.569337742E1,5.468134284E-1,-3.171387315E-1,1.587433070E-1
5.570341742E1,5.343551636E-1,-2.298997194E-1,1.200723499E-1
5.571345842E1,4.542217255E-1,-1.677769572E-1,9.899369627E-2
5.572349842E1,3.369664550E-1,-1.330767721E-1,1.703123450E-1
5.573353842E1,2.931974232E-1,-9.841311723E-2,3.204824328E-1
5.574357942E1,3.486718535E-1,-1.100772321E-1,4.521696270E-1
5.575361942E1,3.791700304E-1,-1.530392915E-1,5.163408518E-1
5.576365942E1,3.085978627E-1,-1.540915072E-1,4.926139116E-1
5.577370042E1,1.546946019E-1,-1.196385995E-1,3.918881416E-1
5.578374042E1,1.138697378E-2,-1.505850703E-1,2.601684332E-1
5.579378042E1,-8.355895430E-2,-2.608559728E-1,1.279635429E-1
5.580382142E1,-1.314876080E-1,-3.903971910E-1,8.469371125E-3
5.581386142E1,-1.292646676E-1,-4.318618178E-1,-9.615664184E-2
5.582390142E1,-1.131014079E-1,-3.517633080E-1,-1.917821467E-1
5.583394242E1,-9.370452166E-2,-2.019464374E-1,-2.809247971E-1
5.584398242E1,-7.028734684E-2,-2.886467613E-2,-3.433764577E-1
5.585402242E1,-5.901006237E-2,1.566833854E-1,-3.829648495E-1
5.586406342E1,-5.963350832E-2,3.320094049E-1,-4.096345603E-1
5.587410342E1,-7.507297397E-2,4.619191587E-1,-4.184614718E-1
5.588414342E1,-1.100376174E-1,5.063007474E-1,-4.071393013E-1
5.589418442E1,-1.479893178E-1,4.252818525E-1,-3.918583393E-1
5.590422442E1,-2.010970116E-1,3.160581589E-1,-3.791321516E-1
5.591426442E1,-2.686104476E-1,2.512148917E-1,-3.651160002E-1
5.592430542E1,-3.358952105E-1,2.263811678E-1,-3.375253975E-1
5.593434542E1,-3.860799670E-1,2.322184443E-1,-3.021438420E-1
5.594438542E1,-4.282942712E-1,2.530033588E-1,-2.482057661E-1
5.595442642E1,-4.676605761E-1,2.793662548E-1,-1.942772865E-1
5.596446642E1,-4.966442883E-1,3.029261529E-1,-1.316482574E-1
5.597450742E1,-5.144208670E-1,3.377000690E-1,-7.772009075E-2
5.598454742E1,-5.088045001E-1,3.966227770E-1,-1.098740008E-2
5.599458742E1,-4.751875997E-1,4.603847563E-1,7.171054184E-2
5.600462842E1,-4.233816862E-1,5.032594800E-1,1.422014832E-1
5.601466842E1,-3.684902787E-1,5.272235870E-1,2.115424275E-1
5.602470842E1,-3.284512460E-1,5.130209327E-1,2.643539608E-1
5.603474942E1,-3.005591333E-1,4.779265821E-1,3.086780608E-1
5.604478942E1,-2.806498706E-1,4.021234214E-1,3.504747748E-1
5.605482942E1,-2.676305175E-1,2.863437235E-1,3.757238090E-1
5.606487042E1,-2.447329313E-1,1.645696312E-1,3.951976299E-1
5.607491042E1,-2.152635604E-1,4.893096909E-2,4.186320603E-1
5.608495042E1,-1.842265576E-1,-4.452334717E-2,4.488810599E-1
5.609499142E1,-1.632750481E-1,-1.185637936E-1,4.807122350E-1
5.610503142E1,-1.569095701E-1,-1.720664352E-1,5.101353526E-1
5.611507142E1,-1.628492326E-1,-1.653031409E-1,5.333984494E-1
5.612511242E1,-1.993803382E-1,-7.792589068E-2,5.448441505E-1
5.613515242E1,-2.428400815E-1,5.330434069E-2,5.451429486E-1
5.614519242E1,-2.644542754E-1,1.374876648E-1,5.377465487E-1
5.615523342E1,-2.620906532E-1,1.989225894E-1,5.063505769E-1
5.616527342E1,-2.487548888E-1,2.476440668E-1,4.381400943E-1
5.617531342E1,-2.493562400E-1,2.890658677E-1,3.115445077E-1
5.618535442E1,-3.112140000E-1,3.200783730E-1,1.660954505E-1
5.619539442E1,-4.618943632E-1,3.057652116E-1,3.431298584E-2
5.620543442E1,-6.329398155E-1,2.474020422E-1,-5.361660197E-2
5.621547542E1,-7.618846297E-1,1.307798028E-1,-1.254961044E-1
5.622551542E1,-8.067733049E-1,-1.623514807E-3,-1.702433228E-1
5.623555542E1,-7.631379366E-1,-1.764912605E-1,-1.511535048E-1
5.624559642E1,-6.834982634E-1,-3.614746928E-1,-5.010545626E-2
5.625563642E1,-5.869276524E-1,-4.290686250E-1,6.834862381E-2
5.626567675E1,-6.114609241E-1,-3.378766477E-1,1.512927711E-1
5.627571775E1,-7.716729641E-1,-1.871514618E-1,1.746528000E-1
5.628575775E1,-8.571242094E-1,-5.833462998E-2,1.899957955E-1
5.629579775E1,-8.213304281E-1,5.225975066E-2,2.122728676E-1
5.630583875E1,-7.745511532E-1,1.919161826E-1,1.883728653E-1
5.631587875E1,-6.956434846E-1,3.971987963E-1,1.180678084E-1
5.632591875E1,-5.523584485E-1,5.577919483E-1,-1.791372523E-2
5.633595975E1,-3.688686192E-1,6.185696721E-1,-2.150459290E-1
5.634599975E1,-3.043841720E-1,5.945764184E-1,-4.200683236E-1
5.635603975E1,-3.280578256E-1,5.321189761E-1,-5.330681801E-1
5.636608075E1,-3.203604817E-1,4.481899738E-1,-5.364583731E-1
5.637612075E1,-2.689927518E-1,3.594094813E-1,-4.396820664E-1
5.638616075E1,-2.025077343E-1,2.667346597E-1,-2.952180803E-1
5.639620175E1,-1.512130797E-1,2.079366893E-1,-1.384728402E-1
5.640624175E1,-1.366320103E-1,1.813620627E-1,1.002662163E-2
5.641628275E1,-1.353332698E-1,1.886296272E-1,1.434623152E-1
5.642632275E1,-1.394664943E-1,2.562616765E-1,2.673970461E-1
5.643636275E1,-1.375441253E-1,3.628521860E-1,3.682907820E-1
5.644640375E1,-1.256853342E-1,4.658973217E-1,4.367398918E-1
5.645644375E1,-1.193450242E-1,5.327061415E-1,4.670126438E-1
5.646648375E1,-1.246132851E-1,5.495432019E-1,4.699698091E-1
5.647652475E1,-1.247835755E-1,5.164455771E-1,4.412995577E-1
5.648656475E1,-1.163695827E-1,4.412294030E-1,3.857867718E-1
5.649660475E1,-1.050281450E-1,3.428304195E-1,3.199639022E-1
5.650664575E1,-9.614223987E-2,2.384726107E-1,2.647829354E-1
5.651668575E1,-9.157008678E-2,1.596457809E-1,2.299342602E-1
5.652672575E1,-8.733646572E-2,1.274657398E-1,2.156711668E-1
5.653676675E1,-9.015419334E-2,1.376082152E-1,2.170257419E-1
5.654680675E1,-9.281016141E-2,1.770365834E-1,2.282786667E-1
5.655684675E1,-8.670610189E-2,2.334962189E-1,2.510516047E-1
5.656688775E1,-7.108133286E-2,2.901286185E-1,2.795165479E-1
5.657692775E1,-5.038616806E-2,3.341478109E-1,3.040119410E-1
5.658696775E1,-1.880640350E-2,3.679270744E-1,3.254890144E-1
5.659700875E1,2.079473808E-2,3.906864226E-1,3.358578682E-1
5.660704875E1,7.369257510E-2,3.987179697E-1,3.342820704E-1
5.661708875E1,1.465148479E-1,3.863260150E-1,3.188019395E-1
5.662712975E1,2.202625722E-1,3.659224808E-1,2.909143567E-1
5.663716975E1,2.847056091E-1,3.368420005E-1,2.477997541E-1
5.664720975E1,3.315476775E-1,2.991606593E-1,1.918339580E-1
5.665725075E1,3.517239690E-1,2.453779727E-1,1.291608363E-1
5.666729075E1,3.621654212E-1,1.896185726E-1,6.170962751E-2
5.667733075E1,3.736370206E-1,1.305247247E-1,-8.613148704E-3
5.668737175E1,3.803274035E-1,5.649628863E-2,-7.537832856E-2
5.669741175E1,3.838059008E-1,-3.155571967E-2,-1.284176856E-1
5.670745175E1,3.880632222E-1,-1.032805070E-1,-1.568434685E-1
5.671749275E1,3.942127526E-1,-1.442985684E-1,-1.689597666E-1
5.672753275E1,4.095306993E-1,-1.638738662E-1,-1.649522483E-1
5.673757375E1,4.376364946E-1,-1.711831391E-1,-1.472091228E-1
5.674761375E1,4.553103149E-1,-1.579719931E-1,-1.254356503E-1
5.675765375E1,4.632328153E-1,-1.349527389E-1,-1.105452031E-1
5.676769475E1,4.609001577E-1,-1.046584845E-1,-1.106629148E-1
5.677773475E1,4.470035434E-1,-7.887275517E-2,-1.160605848E-1
5.678777475E1,4.277816415E-1,-6.057976559E-2,-1.200987399E-1
5.679781575E1,4.032909274E-1,-5.176391080E-2,-1.292399764E-1
5.680785575E1,3.738262355E-1,-5.496449769E-2,-1.495524347E-1
5.681789575E1,3.538148105E-1,-7.063564658E-2,-1.818963736E-1
5.682793675E1,3.478591740E-1,-8.642525971E-2,-2.199311107E-1
5.683797675E1,3.413371444E-1,-1.028365716E-1,-2.488726974E-1
5.684801675E1,3.291071355E-1,-1.220906973E-1,-2.699801326E-1
5.685805775E1,3.144344389E-1,-1.519039124E-1,-2.737901211E-1
5.686809775E1,3.040566444E-1,-2.034006566E-1,-2.608780563E-1
5.687813775E1,2.913037539E-1,-2.682262063E-1,-2.336839437E-1
5.688817875E1,2.811390162E-1,-3.350100219E-1,-1.979160905E-1
5.689821875E1,2.756612301E-1,-3.853646815E-1,-1.550832540E-1
5.690825875E1,2.740649283E-1,-4.071434736E-1,-1.121650785E-1
5.691829975E1,2.738399804E-1,-3.895533979E-1,-7.795068622E-2
5.692833975E1,2.709672451E-1,-3.512113392E-1,-5.059443042E-2
5.693837975E1,2.656191289E-1,-3.041615188E-1,-3.474209458E-2
5.694842075E1,2.631924748E-1,-2.560475171E-1,-3.125362098E-2
5.695846075E1,2.605454028E-1,-2.110375613E-1,-4.127335176E-2
5.696850075E1,2.612564564E-1,-1.660298705E-1,-6.181111932E-2
5.697854175E1,2.651354373E-1,-1.270433515E-1,-9.061118960E-2
5.698858175E1,2.719123960E-1,-1.037689298E-1,-1.294368804E-1
5.699862175E1,2.749637365E-1,-1.074014977E-1,-1.616438031E-1
5.700866275E1,2.682986259E-1,-1.194488406E-1,-1.833181977E-1
5.701870275E1,2.469590902E-1,-1.364949942E-1,-1.930533201E-1
5.702874275E1,2.161681503E-1,-1.433134824E-1,-1.880524457E-1
5.703878375E1,1.826152802E-1,-1.346217096E-1,-1.676340550E-1
5.704882375E1,1.442082375E-1,-1.088407114E-1,-1.325993687E-1
5.705886475E1,1.162947640E-1,-7.032444328E-2,-8.818491548E-2
5.706890475E1,9.732879698E-2,-3.623411432E-2,-3.973402828E-2
5.707894475E1,8.257768303E-2,-2.057195455E-2,-3.014441114E-3
5.708898575E1,6.661070138E-2,-2.782267705E-2,2.527125925E-2
5.709902575E1,5.388045311E-2,-6.903065741E-2,3.978756443E-2
5.710906575E1,4.566060379E-2,-1.360248625E-1,4.152634367E-2
5.711910675E1,3.659360483E-2,-2.198768854E-1,3.054373153E-2
5.712914675E1,3.036926687E-2,-3.107554018E-1,1.683191396E-2
5.713918675E1,3.473447636E-2,-3.742161989E-1,-1.488486072E-3
5.714922775E1,4.367337748E-2,-4.024946988E-1,-1.946482249E-2
5.715926775E1,5.974548310E-2,-3.859065175E-1,-3.438257053E-2
5.716930775E1,7.310283184E-2,-3.363663554E-1,-4.647598416E-2
5.717934875E1,8.463307470E-2,-2.705549598E-1,-5.621519685E-2
5.718938875E1,8.415583521E-2,-1.974165887E-1,-6.082272902E-2
5.719942875E1,7.976828516E-2,-1.180236861E-1,-6.603169441E-2
5.720946975E1,6.359943002E-2,-3.664494306E-2,-6.414724141E-2
5.721950975E1,4.431819916E-2,6.035905331E-2,-5.069299415E-2
5.722954975E1,1.906637102E-2,1.391356289E-1,-2.765958197E-2
5.723959075E1,-1.116051525E-2,1.833205968E-1,-7.233586628E-3
5.724963075E1,-4.142201319E-2,1.829064786E-1,8.205557242E-3
5.725967075E1,-7.291632891E-2,1.484477520E-1,1.783782430E-2
5.726971275E1,-1.038092598E-1,9.318662435E-2,2.110445872E-2
5.727975275E1,-1.321074814E-1,2.921004221E-2,1.991855167E-2
5.728979275E1,-1.556279957E-1,-3.225997463E-2,2.213856392E-2
5.729983375E1,-1.674511284E-1,-8.580530435E-2,2.155201882E-2
5.730987375E1,-1.713137776E-1,-1.282020211E-1,2.119329013E-2
5.731991375E1,-1.654772907E-1,-1.510816664E-1,1.413231436E-2
5.732995475E1,-1.552787125E-1,-1.546771973E-1,1.203732681E-3
5.733999475E1,-1.424614489E-1,-1.393699646E-1,-1.375126280E-2
5.735003575E1,-1.331939101E-1,-1.145612821E-1,-2.148614824E-2
5.736007575E1,-1.229717880E-1,-7.976298779E-2,-2.337833866E-2
5.737011575E1,-1.102402881E-1,-4.570115730E-2,-2.396157011E-2
5.738015675E1,-9.609587491E-2,-2.048651315E-2,-2.138976566E-2
5.739019675E1,-8.178137988E-2,2.282181522E-3,-1.549219619E-2
5.740023675E1,-7.284660637E-2,1.250841096E-2,-1.195499301E-2
5.741027775E1,-6.800711155E-2,1.984755136E-2,-1.098640077E-2
5.742031775E1,-7.036845386E-2,2.170073614E-2,-1.058855467E-2
5.743035775E1,-7.197780162E-2,2.724597044E-2,-9.372554719E-3
5.744039875E1,-7.430513948E-2,2.808826044E-2,-2.524419688E-3
5.745043875E1,-7.015220821E-2,1.576101966E-2,-8.689988172E-4
5.746047875E1,-6.115471572E-2,-6.154971197E-5,1.473434852E-3
5.747051975E1,-4.882294685E-2,-2.222171426E-2,5.903070793E-3
5.748055975E1,-3.937279806E-2,-4.739167541E-2,1.026882045E-2
5.749059975E1,-3.365126252E-2,-6.303960830E-2,1.008932292E-2
5.750064075E1,-3.248444572E-2,-7.573333383E-2,1.288845949E-2
5.751068075E1,-3.737400845E-2,-8.444027603E-2,1.430872269E-2
5.752072075E1,-4.292123392E-2,-8.816102147E-2,1.492124517E-2
5.753076175E1,-4.542354122E-2,-9.141300619E-2,1.733407006E-2
5.754080175E1,-4.878175259E-2,-8.902467787E-2,1.733453572E-2
5.755084175E1,-4.898734763E-2,-8.318462968E-2,1.704505086E-2
5.756088275E1,-4.924112558E-2,-6.996582448E-2,1.583332941E-2
5.757092275E1,-4.974872246E-2,-5.474239215E-2,1.361491624E-2
5.758096275E1,-5.148596689E-2,-3.889527544E-2,1.266696304E-2
5.759100375E1,-5.391317233E-2,-2.321964130E-2,1.136334427E-2
5.760104375E1,-6.062538177E-2,-1.314336341E-2,1.177961379E-2
5.761108475E1,-6.439428777E-2,-8.766458370E-3,1.325580478E-2
5.762112475E1,-6.776191294E-2,-6.905195303E-3,1.327564474E-2
5.763116475E1,-6.641302258E-2,-1.222406141E-2,1.468099561E-2
5.764120575E1,-6.495021284E-2,-1.828095317E-2,1.485114545E-2
5.765124575E1,-6.395711750E-2,-2.661185525E-2,1.392516494E-2
5.766128575E1,-6.209779903E-2,-3.429703787E-2,1.429082640E-2
5.767132675E1,-6.103147194E-2,-4.167958722E-2,1.234512124E-2
5.768136675E1,-5.786467716E-2,-4.829194024E-2,1.166301966E-2
5.769140675E1,-5.071355775E-2,-5.407632515E-2,1.104330271E-2
5.770144775E1,-4.010405764E-2,-5.880503356E-2,6.424049381E-3
5.771148775E1,-3.088229522E-2,-5.931049213E-2,2.181036863E-3
5.772152775E1,-2.021261491E-2,-5.781146511E-2,-4.457341973E-3
5.773156875E1,-1.243858133E-2,-5.609638989E-2,-1.057648752E-2
5.774160875E1,-6.129733287E-3,-4.934824631E-2,-1.435455587E-2
5.775164875E1,-1.522682142E-4,-4.647789150E-2,-1.878632233E-2
5.776168975E1,7.316339295E-3,-4.538857937E-2,-1.743544452E-2
5.777172975E1,1.678174734E-2,-4.864881933E-2,-1.386041846E-2
5.778176975E1,2.233405411E-2,-5.248241499E-2,-1.189909596E-2
5.779181075E1,2.542705089E-2,-6.083248928E-2,-1.337235607E-2
5.780185075E1,2.673496678E-2,-6.937130541E-2,-1.053197496E-2
5.781189075E1,2.354343608E-2,-7.164910436E-2,-9.017169476E-3
5.782193175E1,2.171815932E-2,-6.744641811E-2,-9.253435768E-3
5.783197175E1,1.807495393E-2,-5.842842162E-2,-8.497896604E-3
5.784201275E1,1.651661471E-2,-4.577285424E-2,-6.958601531E-3
5.785205275E1,1.349445898E-2,-3.390847147E-2,-7.510408293E-3
5.786209275E1,1.134366728E-2,-2.057450078E-2,-7.886730134E-3
5.787213375E1,1.009144820E-2,-1.326705329E-2,-1.031473465E-2
5.788217375E1,8.588407189E-3,-2.862199442E-3,-8.280576207E-3
5.789221375E1,6.391032599E-3,7.132378407E-3,-6.286933552E-3
5.790225475E1,4.478061106E-3,1.868123561E-2,-1.850924455E-3
5.791229475E1,-1.482892549E-3,2.146051079E-2,4.748388659E-3
5.792233475E1,-4.046083428E-3,1.551483758E-2,8.971888572E-3
5.793237575E1,-8.461072110E-3,1.260586642E-2,1.221961342E-2
5.794241575E1,-1.197066344E-2,8.209359832E-3,1.143880002E-2
5.795245575E1,-1.576620154E-2,1.886483282E-3,9.580979124E-3
5.796249675E1,-1.882971637E-2,-7.745836861E-3,1.246640272E-2
5.797253675E1,-2.078474313E-2,-1.496540010E-2,1.552104857E-2
5.798257675E1,-1.927621663E-2,-1.898043789E-2,2.005246282E-2
5.799261775E1,-1.748843677E-2,-2.066808380E-2,2.280031331E-2
5.800265775E1,-1.314514969E-2,-2.121645026E-2,2.433921769E-2
5.801269775E1,-1.038105413E-2,-2.442768961E-2,2.633845247E-2
5.802273875E1,-7.517561316E-3,-2.772732452E-2,2.862757631E-2
5.803277875E1,-6.903436035E-3,-3.126506880E-2,3.105158545E-2
5.804281875E1,-7.807352580E-3,-3.653128073E-2,3.154415265E-2
5.805285975E1,-6.627838127E-3,-4.061204568E-2,3.210501373E-2
5.806289975E1,-7.146888413E-3,-4.404645786E-2,2.925942466E-2
5.807294075E1,-7.142361253E-3,-4.340942949E-2,2.688068897E-2
5.808298075E1,-5.664737895E-3,-4.282210022E-2,2.442924120E-2
5.809302075E1,-3.309704363E-3,-3.816635907E-2,2.281323634E-2
5.810306175E1,-6.306499708E-4,-3.538332134E-2,2.198616788E-2
5.811310175E1,3.847455606E-3,-3.144770116E-2,2.196725830E-2
5.812314175E1,6.882370450E-3,-3.015574254E-2,2.156883106E-2
5.813318275E1,7.191563491E-3,-2.928196080E-2,2.186071314E-2
5.814322275E1,5.600410514E-3,-2.700579353E-2,2.020544931E-2
5.815326275E1,2.706886036E-3,-2.314420976E-2,1.967042126E-2
5.816330375E1,-2.197959460E-3,-2.235734835E-2,1.896282844E-2
5.817334375E1,-5.163655616E-3,-2.042336017E-2,1.604160666E-2
5.818338375E1,-5.531421863E-3,-1.567160897E-2,1.202539355E-2
5.819342475E1,-6.044613197E-3,-1.113731228E-2,9.885810316E-3
5.820346475E1,-5.140869878E-3,-1.066391263E-2,6.563596427E-3
5.821350475E1,-3.555490403E-3,-1.064207405E-2,4.698318429E-3
5.822354575E1,-1.669282559E-3,-1.011977624E-2,2.482240321E-3
5.823358575E1,2.916026860E-4,-7.160205394E-3,9.466616320E-4
5.824362575E1,-1.481600106E-3,-5.600482225E-3,-1.564486534E-3
5.825366675E1,-2.286673523E-3,-8.297199383E-3,2.366091940E-4
5.826370675E1,-2.724264516E-3,-1.064855512E-2,1.381691778E-3
5.827374662E1,-3.372731153E-4,-1.225657202E-2,4.335670266E-3
5.828378762E1,2.052720170E-3,-6.323184818E-3,8.425947279E-3
5.829382762E1,2.923041349E-3,2.079088474E-3,8.406773210E-3
5.830386862E1,4.942154512E-3,1.454074588E-2,1.171686687E-2
5.831390862E1,5.632445682E-3,2.230545878E-2,1.295603625E-2
5.832394863E1,5.521086976E-3,2.684260346E-2,1.182806492E-2
5.833398962E1,5.354639608E-3,2.642155811E-2,1.187680103E-2
5.834402963E1,3.392861690E-3,2.193942666E-2,1.142824814E-2
5.835406962E1,4.493279848E-3,1.381145790E-2,1.063808799E-2
5.836411062E1,1.140866056E-2,8.747003973E-3,1.187042985E-2
5.837415062E1,1.698345505E-2,-1.319744624E-3,1.440309547E-2
5.838419062E1,1.987630874E-2,-1.049052551E-2,1.007453725E-2
5.839423162E1,2.146967873E-2,-1.533854194E-2,7.951466367E-3
5.840427162E1,2.238741145E-2,-1.641039550E-2,2.803227166E-3
5.841431163E1,2.133572847E-2,-8.817191236E-3,3.168612951E-3
5.842435262E1,1.816255599E-2,-3.121893853E-3,3.393548308E-3
5.843439263E1,1.555905119E-2,-2.848284785E-4,5.857238546E-3
5.844443262E1,1.589712128E-2,-2.793016843E-3,7.370281033E-3
5.845447362E1,1.264034212E-2,-6.703602616E-3,8.062436245E-3
5.846451362E1,1.136461832E-2,-8.465643041E-3,9.075974114E-3
5.847455362E1,1.010467671E-2,-1.321752183E-2,5.960874725E-3
5.848459462E1,6.444397382E-3,-1.740109175E-2,3.775547259E-3
5.849463462E1,5.845718551E-3,-2.045973204E-2,3.085522214E-3
5.850467563E1,6.886106916E-3,-1.790486649E-2,2.003569622E-3
5.851471562E1,7.595039904E-3,-1.506753638E-2,-5.975399399E-4
5.852475562E1,5.921243690E-3,-9.846940637E-3,7.340406301E-4
5.853479662E1,4.789321683E-3,-5.974597298E-3,5.626297090E-3
5.854483662E1,3.436905099E-3,-3.574311035E-3,7.814217359E-3
5.855487662E1,3.843898885E-4,-1.201700885E-3,7.594239898E-3
5.856491762E1,8.773562731E-4,-8.796283510E-4,8.383552544E-3
5.857495763E1,1.261384110E-3,-2.365139546E-3,3.179469379E-3
5.858499762E1,3.061078722E-3,-7.470510900E-3,-1.237175544E-3
5.859503863E1,3.557492048E-3,-1.353958808E-2,-3.698735032E-3
5.860507862E1,7.316887379E-3,-1.776027307E-2,-7.067923900E-3
5.861511862E1,1.120377146E-2,-1.855655760E-2,-5.666835234E-3
5.862515962E1,1.630059257E-2,-1.667870022E-2,-4.301151261E-3
5.863519962E1,1.869557425E-2,-1.942255534E-2,-4.769334570E-3
5.864523963E1,2.366843820E-2,-2.239490114E-2,-5.536954850E-3
5.865528062E1,2.224444598E-2,-2.443248592E-2,-6.410471164E-3
5.866532063E1,1.879196241E-2,-2.390802838E-2,-2.749567619E-3
5.867536062E1,1.627074741E-2,-1.911913231E-2,2.331577707E-5
5.868540162E1,1.313776616E-2,-1.427039597E-2,2.381688450E-3
5.869544162E1,1.198861189E-2,-1.387864444E-2,4.285315983E-3
5.870548262E1,1.056874171E-2,-1.477471460E-2,5.263112951E-3
5.871552262E1,9.735172614E-3,-1.745678671E-2,6.182969082E-3
5.872556262E1,9.131846949E-3,-1.287429780E-2,5.247434136E-3
5.873560362E1,9.372596629E-3,-9.481430054E-3,4.666864872E-3
5.874564362E1,6.760576274E-3,-4.405376036E-3,4.378895275E-3
5.875568363E1,5.346437916E-3,-4.793132190E-3,3.014291171E-3
5.876572462E1,4.541919567E-3,-9.643872268E-3,4.117392935E-3
5.877576462E1,1.273422036E-3,-1.532173157E-2,5.981340073E-3
5.878580462E1,4.102147650E-4,-1.777360030E-2,5.722768605E-3
5.879584562E1,-2.604483394E-3,-1.616504975E-2,4.654308315E-3
5.880588562E1,-4.075613804E-3,-1.250373572E-2,4.441255238E-3
5.881592562E1,-6.689772010E-3,-7.477818523E-3,5.180282518E-3
5.882596663E1,-5.710451864E-3,-6.709068082E-3,6.071620621E-3
5.883600662E1,-6.610067561E-3,-8.539991453E-3,7.367781363E-3
5.884604662E1,-3.991088830E-3,-1.468019560E-2,1.014401857E-2
5.885608762E1,-3.468843410E-3,-2.043635026E-2,7.300827652E-3
5.886612762E1,-3.620777046E-3,-2.444429696E-2,9.102914482E-3
5.887616862E1,-5.364349112E-3,-2.395161241E-2,8.988931775E-3
5.888620862E1,-9.125788696E-3,-2.199411765E-2,5.850047804E-3
5.889624863E1,-9.969478473E-3,-1.907635853E-2,4.002613015E-3
5.890628962E1,-1.170883607E-2,-1.259224489E-2,1.768715563E-3
5.891632963E1,-1.174532063E-2,-9.627347812E-3,2.073381096E-3
5.892636962E1,-9.180070832E-3,-9.443289600E-3,3.042582888E-3
5.893641062E1,-7.161927875E-3,-1.237756014E-2,2.699834062E-3
5.894645062E1,-5.169968586E-3,-1.614323445E-2,3.704484785E-3
5.895649062E1,-2.669793088E-3,-1.689211465E-2,3.209136659E-3
5.896653162E1,-1.935915090E-3,-1.504760981E-2,7.715211832E-4
5.897657162E1,-2.819018904E-3,-1.439753175E-2,1.662881230E-3
5.898661163E1,-7.044841535E-3,-1.435845345E-2,-2.826568903E-3
5.899665262E1,-8.499193937E-3,-1.224736497E-2,7.993249455E-4
5.900669263E1,-1.166072953E-2,-1.584776305E-2,9.817129467E-5
5.901673262E1,-1.278325170E-2,-1.859987341E-2,5.902264733E-3
5.902677362E1,-1.324327104E-2,-1.856156066E-2,7.252139505E-3
5.903681362E1,-1.365180127E-2,-2.083110623E-2,9.897191077E-3
5.904685462E1,-1.465221681E-2,-1.830840483E-2,9.589133784E-3
5.905689462E1,-1.467272267E-2,-1.716244780E-2,6.305456161E-3
5.906693462E1,-1.433828659E-2,-1.609477773E-2,6.347708870E-3
5.907697563E1,-1.562113129E-2,-1.421538461E-2,1.507992856E-4
5.908701562E1,-1.448500436E-2,-1.580827869E-2,7.438741159E-5
5.909705562E1,-1.463547256E-2,-1.703040488E-2,1.333263703E-3
5.910709662E1,-1.142541412E-2,-1.927462593E-2,3.077266505E-3
5.911713662E1,-9.208066389E-3,-1.951138116E-2,6.023255177E-3
5.912717662E1,-6.240216084E-3,-1.890796609E-2,3.748669056E-3
5.913721762E1,-3.416466061E-3,-2.096818760E-2,-4.645348527E-3
5.914725763E1,1.034733490E-3,-2.723201364E-2,-1.456634048E-2
5.915729762E1,2.731966088E-3,-2.883843146E-2,-2.134861238E-2
5.916733863E1,-1.163560711E-2,-2.903173864E-2,-2.284733392E-2
5.917737862E1,-3.454651684E-2,-4.550099373E-2,-2.542074583E-2
5.918741862E1,-3.333900124E-2,-5.500626937E-2,-2.979273535E-2
5.919745962E1,-1.883275993E-2,-5.940794200E-2,-2.937595174E-2
5.920749962E1,8.376426995E-3,-5.047785118E-2,-7.211399265E-3
5.921754062E1,1.956463233E-2,-2.398685738E-2,3.895556182E-2
5.922758062E1,-1.949533354E-3,-1.225319691E-2,7.407398522E-2
5.923762063E1,-2.577097714E-2,3.738552332E-3,8.175773174E-2
5.924766162E1,-3.918558359E-2,2.483105473E-2,7.348143309E-2
5.925770162E1,-4.364957288E-2,4.337970540E-2,5.950702354E-2
5.926774062E1,-3.837024420E-2,5.195480213E-2,2.411710098E-2
5.927778162E1,-1.104967296E-2,3.052700683E-2,-1.907857321E-2
5.928782163E1,2.335549332E-2,-8.411116898E-3,-4.931028560E-2
5.929786162E1,4.814765975E-2,-4.838436842E-2,-6.895962358E-2
5.930790263E1,5.873932317E-2,-7.615174353E-2,-7.570096105E-2
5.931794262E1,4.679344967E-2,-8.942440152E-2,-7.100554556E-2
5.932798262E1,1.284626964E-2,-8.962798864E-2,-6.100370735E-2
5.933802362E1,-2.215299383E-2,-8.649877459E-2,-4.402339458E-2
5.934806362E1,-5.382868648E-2,-9.365467727E-2,-2.019085549E-2
5.935810363E1,-7.473982871E-2,-1.019078121E-1,1.023442857E-2
5.936814462E1,-8.352734894E-2,-1.099402308E-1,3.784878924E-2
5.937818463E1,-8.359872550E-2,-1.134862304E-1,5.873409659E-2
5.938822462E1,-7.759530842E-2,-1.147344783E-1,6.239711121E-2
5.939826563E1,-7.146497816E-2,-1.099831313E-1,5.231118575E-2
5.940830562E1,-5.843536556E-2,-1.097705439E-1,3.234328330E-2
5.941834662E1,-4.625806212E-2,-1.072011217E-1,1.201936882E-2
5.942838662E1,-3.856920451E-2,-1.043077111E-1,-5.045597441E-3
5.943842662E1,-3.641124442E-2,-1.040808111E-1,-1.572034508E-2
5.944846762E1,-4.160286486E-2,-1.060365885E-1,-2.240829729E-2
5.945850762E1,-4.609694704E-2,-1.073282212E-1,-2.264611796E-2
5.946854763E1,-5.587577820E-2,-1.067654863E-1,-1.737072505E-2
5.947858862E1,-5.916664749E-2,-9.650433064E-2,-7.086929400E-3
5.948862862E1,-6.502441317E-2,-8.398956060E-2,5.597721785E-3
5.949866862E1,-6.966656446E-2,-6.810193509E-2,1.799500175E-2
5.950870962E1,-7.113039494E-2,-5.596064031E-2,2.129763737E-2
5.951874962E1,-7.349981368E-2,-5.577714741E-2,1.985926554E-2
5.952878962E1,-7.234953344E-2,-6.580366194E-2,1.583243720E-2
5.953883063E1,-6.915853173E-2,-7.898844033E-2,7.045604289E-3
5.954887062E1,-6.292156875E-2,-9.233385324E-2,-2.979807556E-3
5.955891062E1,-5.725462362E-2,-1.039135456E-1,-1.107528433E-2
5.956895162E1,-5.033164099E-2,-1.148633733E-1,-1.323104370E-2
5.957899162E1,-4.129340500E-2,-1.257924587E-1,-1.226617955E-2
5.958903262E1,-3.502188995E-2,-1.293338537E-1,-7.004187442E-3
5.959907262E1,-3.010542691E-2,-1.279721707E-1,-3.686954034E-3
5.960911263E1,-2.750953473E-2,-1.172021329E-1,2.515075728E-3
5.961915362E1,-2.702856809E-2,-1.023307741E-1,7.679743692E-3
5.962919363E1,-2.627207339E-2,-8.046138287E-2,1.169732865E-2
5.963923362E1,-2.695810422E-2,-5.896060914E-2,1.594294049E-2
5.964927463E1,-2.625448257E-2,-3.347242251E-2,1.710817404E-2
5.965931462E1,-2.111244947E-2,-7.046141662E-3,1.605223119E-2
5.966935462E1,-1.260374300E-2,1.976786181E-2,1.546626352E-2
5.967939562E1,-1.741775312E-3,4.300101474E-2,1.092211157E-2
5.968943562E1,9.220813401E-3,5.561146513E-2,4.947540350E-3
5.969947563E1,2.019676566E-2,6.175218523E-2,-5.452290643E-4
5.970951662E1,2.921063267E-2,5.830030516E-2,-4.794911481E-3
5.971955663E1,3.460779414E-2,4.745085537E-2,-1.117824204E-2
5.972959662E1,3.620276973E-2,3.246717900E-2,-1.639492437E-2
5.973963762E1,3.522459045E-2,1.731805317E-2,-1.904263906E-2
5.974967762E1,3.582003713E-2,1.100947708E-2,-1.969177276E-2
5.975971762E1,3.341626748E-2,4.033859354E-3,-1.502697822E-2
5.976975862E1,3.291628137E-2,-8.374983445E-4,-1.016714703E-2
5.977979862E1,3.215088695E-2,-9.051426314E-4,-2.664755564E-3
5.978983863E1,3.334677219E-2,-2.989650238E-4,1.073795487E-3
5.979987962E1,3.162104636E-2,4.154106602E-3,1.016271184E-3
5.980991962E1,3.103835322E-2,9.896483272E-3,-8.767861873E-4
5.981996062E1,2.612269111E-2,1.776026562E-2,-5.037176423E-3
5.983000062E1,2.283042669E-2,2.520191483E-2,-6.233073305E-3
5.984004062E1,1.548756100E-2,3.284039348E-2,-8.010732941E-3
5.985008162E1,7.281092927E-3,3.823145106E-2,-9.615150280E-3
5.986012163E1,5.536455661E-3,4.043388739E-2,-1.032940950E-2
5.987016162E1,3.242173698E-3,4.635063931E-2,-1.121896971E-2
5.988020263E1,2.149212407E-3,4.934829473E-2,-1.324536931E-2
5.989024262E1,8.663597982E-4,5.230060965E-2,-1.484957431E-2
5.990028262E1,-6.553705316E-4,5.226918310E-2,-1.458139438E-2
5.991032362E1,-1.358554466E-3,5.542725697E-2,-1.433149725E-2
5.992036362E1,-2.035530051E-3,5.622593686E-2,-1.841412298E-2
5.993040363E1,-4.378546961E-3,5.530236289E-2,-2.048532851E-2
5.994044462E1,-2.931651892E-3,4.757706448E-2,-2.261798829E-2
5.995048463E1,-2.608401468E-3,4.059160501E-2,-2.454700880E-2
5.996052462E1,-3.000951605E-3,3.355659544E-2,-2.265536599E-2
5.997056563E1,-6.465597078E-3,1.999506168E-2,-1.945116743E-2
5.998060562E1,-9.999345057E-3,1.662323438E-2,-1.497732289E-2
5.999064562E1,-1.073892787E-2,6.843100302E-3,-1.806679415E-3
6.000068662E1,-1.696433313E-2,1.456324360E-3,4.761474673E-3
6.001072662E1,-2.209652588E-2,6.712732837E-3,1.841220632E-2
6.002076663E1,-3.267407045E-2,2.817301638E-2,2.170360461E-2
6.003080762E1,-3.663156182E-2,4.985672981E-2,2.684330381E-2
6.004084763E1,-4.375045747E-2,5.087459087E-2,2.803267166E-2
6.005088862E1,-4.802962393E-2,5.335932225E-2,2.873148583E-2
6.006092862E1,-5.683616549E-2,3.345032781E-2,2.989608608E-2
6.007096862E1,-5.745241046E-2,3.084902093E-2,4.048473015E-2
6.008100962E1,-7.759921998E-2,2.494665608E-2,3.879095986E-2
6.009104962E1,-8.463697881E-2,3.156997636E-2,2.944178134E-2
6.010108962E1,-8.601064235E-2,3.119340539E-2,3.040211834E-2
6.011113063E1,-7.566762716E-2,6.603610516E-2,3.132097796E-2
6.012117062E1,-5.857732147E-2,8.038362116E-2,2.588573098E-2
6.013121062E1,-5.067435279E-2,1.010231972E-1,1.283875946E-2
6.014125162E1,-4.066832364E-2,4.475992545E-2,1.338523999E-2
6.015129162E1,-1.727015711E-2,9.193042293E-3,2.729574032E-2
6.016133162E1,-8.387451060E-3,-3.599718679E-3,4.231703654E-2
6.017137262E1,-1.324369293E-2,-4.453914985E-2,4.114944115E-2
6.018141263E1,-2.366304584E-2,-5.750661343E-2,3.036896139E-2
6.019145262E1,-2.534217574E-2,-5.638442934E-2,2.186797000E-2
6.020149363E1,-3.781295940E-2,-2.888702601E-2,9.134862572E-3
6.021153362E1,-6.113553792E-2,-2.985353395E-2,6.376580801E-3
6.022157362E1,-6.922329217E-2,-1.738807559E-2,7.886326872E-3
6.023161462E1,-7.703853399E-2,-2.122080699E-2,1.117165945E-2
6.024165462E1,-7.182539999E-2,-1.289177034E-2,8.636329323E-3
6.025169463E1,-6.832447648E-2,-2.228802629E-2,1.352503803E-2
6.026173562E1,-5.530108511E-2,-2.475145087E-2,1.784521714E-2
6.027177662E1,-4.864825681E-2,-2.551271953E-2,1.553935185E-2
6.028181662E1,-4.012560844E-2,-4.668165371E-2,8.043885231E-3
6.029185763E1,-3.571123257E-2,-7.125853002E-2,2.939789556E-5
6.030189762E1,-3.269493580E-2,-1.139221042E-1,-3.311271314E-3
6.031193762E1,-2.280064300E-2,-1.310987175E-1,-6.344385911E-4
6.032197862E1,-1.968927309E-2,-1.559020728E-1,2.340844832E-3
6.033201862E1,-1.536115631E-2,-1.795287877E-1,8.608374745E-3
6.034205962E1,-1.406260021E-2,-1.932778805E-1,1.594138891E-2
6.035209962E1,-1.024485007E-2,-1.888475120E-1,2.192637511E-2
6.036213963E1,-1.093594078E-2,-1.746352762E-1,2.854459547E-2
6.037218062E1,-1.619746722E-2,-1.609643251E-1,3.007295169E-2
6.038222063E1,-2.266548760E-2,-1.305587441E-1,3.144580871E-2
6.039226062E1,-3.175306320E-2,-1.026822329E-1,3.261793032E-2
6.040230162E1,-3.426655382E-2,-6.567441672E-2,2.552459948E-2
6.041234162E1,-3.306432813E-2,-1.767260209E-2,2.252972871E-2
6.042238162E1,-3.219959885E-2,2.246096916E-2,1.695919596E-2
6.043242262E1,-3.301500902E-2,3.645363078E-2,1.027016900E-2
6.044246262E1,-3.263018280E-2,2.744548954E-2,7.171439938E-4
6.045250263E1,-2.655541897E-2,2.231627330E-2,-8.421154693E-3
6.046254362E1,-2.198223770E-2,3.289514780E-2,-9.960727766E-3
6.047258362E1,-1.544366777E-2,4.352761060E-2,-1.253469102E-2
6.048262362E1,-1.815689728E-2,3.648035228E-2,-1.328304037E-2
6.049266462E1,-7.245276123E-3,4.026498646E-2,-5.181992427E-3
6.050270462E1,5.830578040E-3,5.677871779E-2,4.090478178E-4
6.051274462E1,1.788335666E-2,7.053784281E-2,1.000962220E-5
6.052278562E1,3.084442765E-2,7.293788344E-2,-4.859846551E-3
6.053282562E1,3.580674902E-2,6.078800932E-2,-1.374909561E-2
6.054286563E1,4.600585625E-2,5.488671362E-2,-2.196574584E-2
6.055290662E1,4.846605659E-2,4.279515147E-2,-2.722036093E-2
6.056294662E1,3.630179912E-2,7.493619807E-3,-2.788721584E-2
6.057298662E1,4.202962667E-2,-1.336413901E-2,-2.470462769E-2
6.058302762E1,2.221837081E-2,-2.499123476E-2,-2.954066172E-2
6.059306762E1,1.936443336E-2,-2.569198795E-2,-3.095475398E-2
6.060310762E1,9.606610984E-3,-4.037639126E-2,-4.037382454E-2
6.061314863E1,-5.193506368E-3,-6.308847666E-2,-3.482212499E-2
6.062318862E1,-9.619413875E-3,-1.000459641E-1,-2.773651853E-2
6.063322862E1,-2.243716829E-2,-1.086659953E-1,-1.044582762E-2
6.064326962E1,-3.659639508E-2,-1.131433025E-1,7.668462116E-3
6.065330962E1,-5.059428513E-2,-1.303104460E-1,1.301205996E-2
6.066334962E1,-5.532139540E-2,-1.329134405E-1,5.194369005E-4
6.067339062E1,-5.191885680E-2,-1.115743592E-1,-7.894665003E-3
6.068343063E1,-4.114903137E-2,-7.576096803E-2,-1.249767281E-2
6.069347162E1,-3.919628635E-2,-5.723653361E-2,-1.151765231E-2
6.070351163E1,-3.592459112E-2,-5.239251256E-2,-7.533296943E-3
6.071355162E1,-3.048314899E-2,-5.112954602E-2,-3.468463430E-3
6.072359262E1,-2.416133881E-2,-4.081672058E-2,-4.220806062E-3
6.073363262E1,-1.885199919E-2,-2.794484608E-2,-4.725072533E-3
6.074367262E1,-2.978374064E-2,-4.050431401E-2,5.863922182E-3
6.075371362E1,-6.104578078E-2,-1.120404750E-1,1.127298549E-2
6.076375362E1,-4.345826805E-2,-1.123941466E-1,2.683492843E-3
6.077379363E1,-1.707454212E-2,-8.169060946E-2,2.449089661E-3
6.078383462E1,-2.744249441E-2,-1.183479577E-1,2.329513431E-3
6.079387463E1,-4.343128577E-2,-2.436054200E-1,-7.464703638E-3
6.080391462E1,-9.302466363E-2,-2.584179044E-1,-8.793088607E-3
6.081395562E1,-6.438998878E-2,-2.302830517E-1,1.162766572E-2
6.082399562E1,5.288178101E-2,-1.352383047E-1,-7.090894505E-3
6.083403562E1,8.132672310E-2,-1.891236193E-2,9.910625406E-3
6.084407662E1,8.398402482E-2,-3.324549645E-2,3.604742140E-2
6.085411662E1,7.709792256E-2,-1.353108734E-1,1.831549592E-2
6.086415663E1,4.281558096E-2,-2.742328048E-1,7.133681327E-3
6.087419762E1,3.539032862E-2,-3.976991177E-1,2.032638155E-2
6.088423762E1,3.483505920E-2,-4.543972611E-1,6.708039902E-3
6.089427762E1,1.284947060E-2,-4.313447177E-1,3.277627053E-3
6.090431862E1,1.294774096E-2,-3.692390025E-1,-1.000595465E-2
6.091435862E1,8.650481701E-3,-3.486380577E-1,-1.590332389E-2
6.092439862E1,1.447108667E-2,-3.873161972E-1,-1.226571202E-2
6.093443963E1,1.855558529E-2,-4.949190021E-1,-1.913755015E-2
6.094447962E1,2.333196439E-2,-6.260863543E-1,-2.757604234E-2
6.095451962E1,8.564281277E-3,-6.863513589E-1,-5.027616769E-2
6.096456062E1,2.310167812E-2,-6.729500890E-1,-5.369380116E-2
6.097460062E1,9.772333503E-2,-6.862764955E-1,-3.718068451E-2
6.098464062E1,1.150567830E-1,-6.973307729E-1,-5.251649767E-2
6.099468162E1,1.060948074E-1,-6.631118059E-1,-7.002902776E-2
6.100472163E1,1.170156300E-1,-6.562483311E-1,-5.104921386E-2
6.101476162E1,1.342889220E-1,-6.929475665E-1,-4.465919361E-2
6.102480263E1,1.360279769E-1,-7.285990715E-1,-5.569479987E-2
6.103484262E1,1.485129446E-1,-6.950424314E-1,-5.539852008E-2
6.104488262E1,1.735639721E-1,-6.770485044E-1,-4.826950654E-2
6.105492362E1,1.599077582E-1,-6.278177500E-1,-4.409557208E-2
6.106496362E1,1.229564026E-1,-5.772597790E-1,-3.146259859E-2
6.107500363E1,1.128829420E-1,-5.188584328E-1,-2.492794953E-2
6.108504462E1,1.349618733E-1,-5.072478652E-1,-1.614937186E-2
6.109508463E1,1.599777490E-1,-5.346230268E-1,-1.749325311E-4
6.110512462E1,1.433568001E-1,-5.555055141E-1,5.444503855E-3
6.111516563E1,1.240350455E-1,-5.165620446E-1,1.097314339E-2
6.112520562E1,1.210384518E-1,-4.591988623E-1,2.444021590E-2
6.113524562E1,1.180543080E-1,-4.537496567E-1,3.635549545E-2
6.114528662E1,1.333986372E-1,-5.326593518E-1,3.577892110E-2
6.115532662E1,1.490543783E-1,-6.290256381E-1,2.552297339E-2
6.116536663E1,1.536462009E-1,-6.626437902E-1,1.854948699E-2
6.117540762E1,1.356615126E-1,-6.175739169E-1,2.063076384E-2
6.118544763E1,1.292227805E-1,-5.558743477E-1,2.806524374E-2
6.119548762E1,1.523389667E-1,-5.565593243E-1,4.104003310E-2
6.120552862E1,1.759923548E-1,-5.902405381E-1,3.717898205E-2
6.121556862E1,1.985329390E-1,-5.961220264E-1,3.401744366E-2
6.122560962E1,1.857500374E-1,-5.799704790E-1,2.818351984E-2
6.123564962E1,1.109288186E-1,-4.499042332E-1,-4.266180564E-3
6.124568962E1,1.047422960E-1,-3.637155592E-1,2.553565614E-2
6.125573063E1,1.311535984E-1,-4.900170565E-1,6.187701970E-2
6.126577062E1,1.421223730E-1,-6.478818059E-1,3.767261282E-2
6.127580975E1,1.383250952E-1,-6.744479537E-1,3.871577606E-2
6.128585075E1,1.559253931E-1,-6.824172139E-1,3.064480424E-2
6.129589075E1,1.525943130E-1,-6.358486414E-1,1.954767853E-2
6.130593075E1,1.406356543E-1,-5.805014968E-1,2.431633323E-2
6.131597175E1,1.341480613E-1,-6.021251678E-1,4.817443714E-2
6.132601175E1,1.478388458E-1,-6.568771005E-1,6.335072964E-2
6.133605175E1,1.390866935E-1,-6.646677256E-1,6.328658015E-2
6.134609275E1,1.022900492E-1,-6.051051021E-1,5.813469738E-2
6.135613275E1,9.832491726E-2,-6.066679955E-1,4.866008833E-2
6.136617275E1,1.042797416E-1,-6.610888839E-1,3.410751000E-2
6.137621375E1,7.581988722E-2,-6.644493937E-1,3.087293357E-2
6.138625375E1,3.120101802E-2,-5.606476665E-1,3.985710815E-2
6.139629375E1,2.986216918E-2,-4.721989036E-1,4.292563349E-2
6.140633475E1,4.536016658E-2,-4.510920048E-1,4.703036323E-2
6.141637475E1,4.263363034E-2,-4.457384646E-1,3.703783080E-2
6.142641475E1,5.030246824E-2,-5.054417253E-1,3.794916719E-2
6.143645575E1,8.063053340E-2,-5.708630085E-1,5.728042126E-2
6.144649575E1,1.250768304E-1,-6.636179686E-1,7.193153352E-2
6.145653575E1,1.298153847E-1,-7.126049995E-1,7.132415473E-2
6.146657675E1,1.053667665E-1,-6.722410917E-1,4.925746471E-2
6.147661675E1,9.588446468E-2,-6.283888221E-1,4.596536607E-2
6.148665675E1,1.273188293E-1,-6.512901187E-1,5.193271115E-2
6.149669775E1,1.497224569E-1,-6.618093848E-1,5.879509449E-2
6.150673775E1,1.222506166E-1,-6.246918440E-1,5.018536001E-2
6.151677775E1,7.750553638E-2,-5.420448184E-1,3.991577774E-2
6.152681875E1,4.758731276E-2,-4.491582513E-1,2.756510302E-2
6.153685875E1,6.856295466E-2,-4.207325280E-1,3.309111297E-2
6.154689875E1,9.406911582E-2,-4.176075757E-1,3.901717812E-2
6.155693975E1,6.559393555E-2,-3.819516897E-1,2.458436415E-2
6.156697975E1,5.051760469E-3,-3.039746284E-1,1.727398671E-2
6.157701975E1,-7.832299918E-3,-3.026425838E-1,2.140234783E-2
6.158706075E1,-1.910228748E-3,-3.212862909E-1,4.110468179E-2
6.159710075E1,1.730982028E-2,-3.743587136E-1,5.172893032E-2
6.160714075E1,3.242432326E-2,-4.060215652E-1,5.687628686E-2
6.161718175E1,4.490455613E-2,-3.838459253E-1,5.326876789E-2
6.162722175E1,4.227521643E-2,-3.284060955E-1,5.378222466E-2
6.163726175E1,6.339231879E-2,-2.929853499E-1,5.483672023E-2
6.164730275E1,8.134441823E-2,-2.663097978E-1,6.172498688E-2
6.165734275E1,8.619957417E-2,-2.287163138E-1,6.796190143E-2
6.166738275E1,7.959920168E-2,-1.707504839E-1,6.305608898E-2
6.167742375E1,7.256861031E-2,-1.063658595E-1,6.255214661E-2
6.168746375E1,8.373364806E-2,-1.313731968E-1,7.559017837E-2
6.169750375E1,8.884076774E-2,-1.738215387E-1,7.932605594E-2
6.170754475E1,9.641932696E-2,-1.646416187E-1,6.790908426E-2
6.171758475E1,9.486792982E-2,-1.063168943E-1,5.028482899E-2
6.172762475E1,8.289355785E-2,-6.226741523E-2,3.701829538E-2
6.173766575E1,7.413209230E-2,-5.187227577E-2,2.114039101E-2
6.174770575E1,6.527841091E-2,-2.794324234E-2,1.513310056E-2
6.175774575E1,5.211643130E-2,1.291860733E-2,3.335052636E-3
6.176778675E1,4.187124968E-2,4.329355806E-2,-5.202242639E-3
6.177782675E1,2.911627665E-2,2.501041442E-2,-1.624337211E-2
6.178786675E1,2.187860385E-2,-4.032624513E-2,-2.381340787E-2
6.179790775E1,2.722207271E-2,-5.413517356E-2,-1.428597327E-2
6.180794775E1,4.359412566E-2,-7.058738172E-2,3.418188542E-3
6.181798775E1,4.842280969E-2,-7.737907767E-2,1.384383067E-2
6.182802875E1,5.043482780E-2,-7.997112721E-2,1.022832282E-2
6.183806875E1,4.579286650E-2,-6.087609008E-2,9.070596658E-3
6.184810875E1,4.564985633E-2,-2.520677447E-2,9.951303713E-3
6.185814975E1,4.589183629E-2,6.112169009E-3,8.852239698E-3
6.186818975E1,3.621870279E-2,4.327578098E-2,6.766185164E-3
6.187822975E1,3.097139858E-2,2.482013591E-2,-1.006388222E-3
6.188827075E1,2.157150395E-2,1.479626354E-2,-4.641070496E-3
6.189831075E1,1.795747690E-2,2.759011835E-2,-8.635894395E-3
6.190835075E1,1.239732932E-2,3.708428890E-2,-1.260693371E-2
6.191839175E1,7.247300819E-3,6.470786035E-2,-1.722477190E-2
6.192843175E1,3.875206225E-3,1.095315218E-1,-1.233707182E-2
6.193847175E1,8.403919637E-3,9.947602451E-2,-3.813175950E-3
6.194851275E1,1.009396184E-2,8.530747145E-2,1.388509991E-3
6.195855275E1,1.723445207E-2,6.511639804E-2,7.853198331E-4
6.196859275E1,1.513508335E-2,1.631162944E-3,-3.653370775E-3
6.197863375E1,1.552209840E-3,-4.581317306E-2,-4.841374233E-3
6.198867375E1,-8.208541200E-3,-4.558280855E-2,1.812533708E-3
6.199871375E1,-1.999057643E-2,-3.308597207E-2,7.478626445E-3
6.200875475E1,-2.752545848E-2,-1.296605542E-2,1.941757649E-2
6.201879475E1,-2.498571388E-2,-1.476785261E-2,2.889613248E-2
6.202883475E1,-2.003569528E-2,-7.193024270E-3,4.576859251E-2
6.203887575E1,-1.133458409E-2,-1.244530082E-2,5.935117602E-2
6.204891575E1,-4.970427603E-3,2.375190845E-3,8.109296113E-2
6.205895575E1,-7.264997065E-2,-1.275021434E-1,9.167549759E-2
6.206899675E1,-1.073701307E-1,-2.296106666E-1,8.901633322E-2
6.207903675E1,-1.504288912E-1,-4.415221810E-1,8.321731538E-2
6.208907675E1,-1.729286164E-1,-6.299813390E-1,6.685592234E-2
6.209911775E1,-1.933837682E-1,-6.399624348E-1,4.288403690E-2
6.210915775E1,-2.177309245E-1,-5.651028156E-1,3.765438870E-2
6.211919775E1,-2.237381935E-1,-4.746882319E-1,4.261738807E-2
6.212923875E1,-2.074769288E-1,-4.180137515E-1,4.463579878E-2
6.213927875E1,-1.778631508E-1,-3.586272895E-1,4.922971874E-2
6.214931875E1,-1.081964523E-1,-2.638994455E-1,6.219611689E-2
6.215935975E1,-3.122744337E-2,-1.898695081E-1,7.136426866E-2
6.216939975E1,4.454588145E-2,-1.219772920E-1,7.275896519E-2
6.217943975E1,1.344073266E-1,-9.227831662E-2,6.222864240E-2
6.218948075E1,2.155178785E-1,-6.225223839E-2,5.260211602E-2
6.219952075E1,2.678561807E-1,-1.446920447E-2,3.968117386E-2
6.220956075E1,3.235066831E-1,6.896230578E-2,3.345736489E-2
6.221960175E1,3.727552593E-1,1.149896756E-1,3.566767275E-2
6.222964175E1,4.170700014E-1,2.855066210E-2,5.808243155E-2
6.223968175E1,3.197131157E-1,-3.575483859E-1,3.190490603E-2