"Time (s)","X (rad/s)","Y (rad/s)","Z (rad/s)"
2.949999180E-5,7.481152564E-2,-4.319050536E-2,-5.385762081E-2
1.006949999E-2,6.828811765E-2,1.778345555E-1,-8.184557408E-2
2.011049999E-2,1.514460295E-1,3.180739582E-1,-9.589926898E-2
3.015149999E-2,2.368171215E-1,4.251481891E-1,-1.104390621E-1
4.019249999E-2,2.805062234E-1,5.491619110E-1,-1.320139468E-1
5.023250001E-2,2.895013094E-1,6.564596295E-1,-1.613819450E-1
6.027349998E-2,2.532937825E-1,7.497054338E-1,-1.980965585E-1
7.031449999E-2,2.079015225E-1,8.474266529E-1,-2.127173096E-1
8.035450001E-2,1.625364125E-1,8.473652005E-1,-2.172442079E-1
9.039550001E-2,1.140727401E-1,7.772409916E-1,-2.053087205E-1
1.004365000E-1,8.784654737E-2,6.883280873E-1,-1.843436956E-1
1.104765000E-1,7.839125395E-2,6.380428076E-1,-1.573927701E-1
1.205175000E-1,8.606833965E-2,6.833661199E-1,-1.088769734E-1
1.305585000E-1,6.704724580E-2,7.660287619E-1,-7.950816303E-2
1.405995000E-1,3.583646938E-2,8.362592459E-1,-5.595919862E-2
1.506395000E-1,1.001765672E-2,9.027243257E-1,-3.676712885E-2
1.606805000E-1,-3.159031970E-3,9.514873624E-1,-2.325984836E-2
1.707215000E-1,-1.351553202E-2,1.048788190E0,8.811738808E-4
1.807615000E-1,-4.078771174E-2,1.143524289E0,3.736869898E-3
1.908025000E-1,-4.400507733E-2,1.186175585E0,-9.741121903E-3
2.008435000E-1,-5.013538525E-2,1.133929014E0,-3.799754754E-2
2.108835000E-1,-6.218618527E-2,1.025155425E0,-5.243001506E-2
2.209245000E-1,-7.586804032E-2,9.322630167E-1,-5.573409051E-2
2.309655000E-1,-1.215164885E-1,9.061565995E-1,-8.109883964E-2
2.410065000E-1,-1.566736400E-1,9.342648983E-1,-1.109447330E-1
2.510465000E-1,-1.639430076E-1,9.439489841E-1,-1.304585189E-1
2.610875000E-1,-1.789949834E-1,8.819710016E-1,-1.445914507E-1
2.711285000E-1,-1.635499895E-1,7.141460180E-1,-1.368712187E-1
2.811685000E-1,-1.498496681E-1,4.436694980E-1,-1.449946761E-1
2.912095000E-1,-1.143268198E-1,1.451794803E-1,-1.242611706E-1
3.012505000E-1,-5.876294896E-2,-1.327490620E-2,-8.208578825E-2
3.112905000E-1,1.539805322E-3,-4.520297516E-3,-5.067699775E-2
3.213315000E-1,3.455626592E-2,1.087360084E-1,-4.859394580E-2
3.313725000E-1,3.062464111E-2,2.006433010E-1,-6.007935852E-2
3.414135000E-1,6.886345334E-3,2.316247225E-1,-6.827647239E-2
3.514535000E-1,-8.363714442E-3,2.390794456E-1,-6.639548391E-2
3.614945000E-1,-1.042512339E-2,2.252701968E-1,-5.640227720E-2
3.715355000E-1,-1.646570489E-2,2.073913366E-1,-5.867608637E-2
3.815755000E-1,-9.754926898E-3,1.555066556E-1,-5.136169493E-2
3.916165000E-1,-9.406628087E-4,1.143293902E-1,-4.480712116E-2
4.016575000E-1,7.577545941E-3,9.357481450E-2,-3.907586262E-2
4.116975000E-1,1.103805751E-2,7.462110370E-2,-4.010757059E-2
4.217385000E-1,1.323049329E-2,7.249984890E-2,-3.607071191E-2
4.317795000E-1,1.595730521E-2,8.227684349E-2,-3.337399662E-2
4.418205000E-1,2.014958486E-2,9.450433403E-2,-3.202265501E-2
4.518605000E-1,2.277040482E-2,1.112271249E-1,-2.923965268E-2
4.619015000E-1,2.555057593E-2,1.227499023E-1,-2.534259483E-2
4.719425000E-1,2.871893905E-2,1.294267178E-1,-2.284161933E-2
4.819825000E-1,3.318814561E-2,1.353102922E-1,-2.092964947E-2
4.920235000E-1,3.848543763E-2,1.370764971E-1,-2.221835218E-2
5.020645000E-1,4.509793594E-2,1.413144022E-1,-2.454153448E-2
5.121045000E-1,5.372364819E-2,1.467435211E-1,-2.617325261E-2
5.221455000E-1,6.123532727E-2,1.480448097E-1,-2.980830707E-2
5.321865000E-1,7.255935669E-2,1.442569941E-1,-3.434526548E-2
5.422275000E-1,8.527584374E-2,1.404238194E-1,-3.774884343E-2
5.522675000E-1,9.499771893E-2,1.336263716E-1,-4.182214662E-2
5.623085000E-1,1.009202451E-1,1.262921244E-1,-4.605739191E-2
5.723495000E-1,9.822539240E-2,1.194435284E-1,-4.455270618E-2
5.823895000E-1,9.690806270E-2,1.275466681E-1,-4.263918847E-2
5.924305000E-1,9.281637520E-2,1.498463899E-1,-3.621777147E-2
6.024715000E-1,8.926194906E-2,1.737115085E-1,-3.089577332E-2
6.125115000E-1,8.346983790E-2,1.939054579E-1,-3.352511302E-2
6.225525000E-1,7.216139138E-2,2.065496445E-1,-3.696787730E-2
6.325935000E-1,5.962349102E-2,2.119284272E-1,-4.255545512E-2
6.426335000E-1,4.684575647E-2,2.059748173E-1,-4.940652847E-2
6.526745000E-1,2.639374509E-2,1.945935339E-1,-5.698961392E-2
6.627155000E-1,2.476083813E-3,1.875644475E-1,-6.054740027E-2
6.727565000E-1,-2.089688368E-2,1.837707609E-1,-6.212185696E-2
6.827965000E-1,-4.132748768E-2,1.748098433E-1,-5.687058717E-2
6.928375000E-1,-6.273450702E-2,1.629723608E-1,-4.980335757E-2
7.028785000E-1,-8.228671551E-2,1.528958529E-1,-3.718772531E-2
7.129185000E-1,-9.684595466E-2,1.580599844E-1,-1.914347894E-2
7.229595000E-1,-1.160241738E-1,1.647471488E-1,5.212628748E-4
7.330005000E-1,-1.383835375E-1,1.723776311E-1,1.438168436E-2
7.430405000E-1,-1.577822864E-1,1.620485038E-1,2.154999226E-2
7.530815000E-1,-1.701207161E-1,1.403147131E-1,3.009687550E-2
7.631225000E-1,-1.728882939E-1,1.079038978E-1,3.327936679E-2
7.731635000E-1,-1.671584994E-1,6.878845394E-2,3.251291066E-2
7.832035000E-1,-1.586932987E-1,3.451538086E-2,3.404243663E-2
7.932445000E-1,-1.476451755E-1,3.918058239E-3,2.804526314E-2
8.032855000E-1,-1.284963340E-1,-2.382969484E-2,2.088382654E-2
8.133255000E-1,-1.084017232E-1,-3.824645281E-2,1.328662783E-2
8.233665000E-1,-9.015589952E-2,-3.565806523E-2,3.054122441E-3
8.334075000E-1,-6.764660031E-2,-2.145249583E-2,-4.311914556E-3
8.434475000E-1,-4.640555009E-2,3.303906182E-3,-1.554042660E-2
8.534885000E-1,-2.818739787E-2,3.326047584E-2,-2.259753644E-2
8.635295000E-1,-1.830206439E-2,6.393419951E-2,-2.732095122E-2
8.735695000E-1,-1.301568933E-2,8.402694762E-2,-2.836837247E-2
8.836105000E-1,-8.178834803E-3,8.881168067E-2,-3.205213323E-2
8.936515000E-1,-1.383247087E-3,8.004748076E-2,-3.915771469E-2
9.036925000E-1,1.212389581E-2,6.167615205E-2,-3.922185302E-2
9.137325000E-1,2.659923956E-2,3.810318187E-2,-2.971516736E-2
9.237735000E-1,4.298782349E-2,1.162643544E-2,-1.860101521E-2
9.338145000E-1,5.179223418E-2,-1.996158436E-2,-1.088450663E-2
9.438545000E-1,5.649129301E-2,-5.016344041E-2,-7.138435729E-3
9.538955000E-1,5.742526427E-2,-7.261256129E-2,-6.822851487E-3
9.639365000E-1,5.987691134E-2,-6.946504116E-2,-4.013042431E-3
9.739765000E-1,6.335660070E-2,-3.791537508E-2,3.787888912E-3
9.840175000E-1,6.120603159E-2,3.322679549E-4,8.432222530E-3
9.940585000E-1,5.358885974E-2,3.554138914E-2,1.327704452E-2
1.004098500E0,3.357703239E-2,5.466698110E-2,1.156672277E-2
1.014139500E0,1.304885559E-2,5.755704641E-2,8.392235264E-3
1.024180500E0,-8.040960878E-3,4.192598164E-2,8.190281689E-3
1.034220500E0,-1.997991093E-2,1.836419664E-2,4.254928790E-3
1.044261500E0,-3.067747317E-2,-4.318729974E-3,-5.276382435E-4
1.054302500E0,-3.573615104E-2,-2.030808292E-2,-5.088567734E-3
1.064343500E0,-4.068333656E-2,-2.718497999E-2,-1.131430268E-2
1.074383500E0,-4.413106292E-2,-1.840640232E-2,-1.437374204E-2
1.084424500E0,-5.456931517E-2,-9.147546254E-3,-1.204940677E-2
1.094465500E0,-6.218249351E-2,4.077711608E-3,-1.020463556E-2
1.104505500E0,-7.222503424E-2,1.386009622E-2,-4.236332141E-3
1.114546500E0,-7.772153616E-2,2.139444649E-2,-2.234810963E-4
1.124587500E0,-7.715145499E-2,2.594330907E-2,-5.979784764E-4
1.134627500E0,-7.205576450E-2,2.579044178E-2,3.587445477E-3
1.144668500E0,-6.691128761E-2,1.994822919E-2,4.179353826E-3
1.154709500E0,-6.984795630E-2,1.256488170E-2,3.595854854E-3
1.164749500E0,-7.436905801E-2,7.009885274E-3,-9.637072217E-4
1.174790500E0,-7.688068599E-2,7.614423055E-3,-7.341179065E-3
1.184831500E0,-7.468059659E-2,9.563885629E-3,-1.269146334E-2
1.194872500E0,-6.956332922E-2,1.458820514E-2,-1.878025010E-2
1.204912500E0,-6.583728641E-2,1.724835485E-2,-1.798549108E-2
1.214953500E0,-5.738787353E-2,2.391184866E-2,-1.673673466E-2
1.224994500E0,-4.967929795E-2,2.575003915E-2,-1.478747651E-2
1.235034500E0,-4.008232802E-2,2.500355430E-2,-1.502476260E-2
1.245075500E0,-3.439445794E-2,2.086720057E-2,-1.435179170E-2
1.255116500E0,-2.535195835E-2,9.279253893E-3,-1.867143810E-2
1.265156500E0,-1.457940787E-2,4.419131204E-3,-2.184463479E-2
1.275197500E0,9.643979138E-4,5.864162464E-3,-2.246515267E-2
1.285238500E0,1.617665216E-2,9.148973972E-3,-2.209324762E-2
1.295278500E0,2.849909849E-2,9.391321801E-3,-2.397690155E-2
1.305320375E0,3.662424535E-2,7.293435745E-3,-2.341371775E-2
1.315361375E0,4.415886104E-2,7.535250857E-3,-2.382464334E-2
1.325402375E0,4.727643356E-2,1.355900150E-2,-1.989080757E-2
1.335442375E0,4.527160525E-2,2.577678487E-2,-1.620339602E-2
1.345483375E0,4.244828969E-2,4.457249492E-2,-1.410382334E-2
1.355524375E0,4.494047537E-2,5.539265275E-2,-1.512647700E-2
1.365564375E0,5.089206621E-2,6.107795984E-2,-1.590169407E-2
1.375605375E0,5.474885553E-2,5.778362975E-2,-1.616907679E-2
1.385646375E0,5.639158189E-2,4.864788800E-2,-1.727763936E-2
1.395686375E0,5.637906492E-2,4.351091757E-2,-1.969339326E-2
1.405727375E0,5.301916599E-2,4.275268689E-2,-1.926462166E-2
1.415768375E0,5.227188021E-2,4.640601203E-2,-1.923319697E-2
1.425808375E0,4.735930637E-2,4.870070517E-2,-1.738302782E-2
1.435849375E0,4.360078648E-2,4.870256782E-2,-1.126601361E-2
1.445890375E0,3.904668987E-2,4.544688761E-2,-8.262616582E-3
1.455930375E0,3.378614783E-2,4.035705328E-2,-4.327263683E-3
1.465971375E0,2.834118158E-2,3.631168976E-2,-2.723685931E-3
1.476012375E0,2.375415340E-2,3.577506170E-2,-3.690413199E-3
1.486052375E0,2.273457311E-2,3.271917626E-2,-3.691707971E-3
1.496093375E0,2.416255884E-2,3.276098520E-2,-3.779326333E-3
1.506134375E0,2.819976956E-2,3.315743804E-2,-4.386830144E-3
1.516175375E0,3.423821926E-2,3.353534266E-2,-4.307467956E-3
1.526215375E0,4.112462327E-2,3.261309117E-2,-3.580158576E-3
1.536256375E0,4.511536658E-2,2.189199999E-2,-6.479275413E-3
1.546297375E0,4.823172465E-2,5.814284086E-3,-9.561969899E-3
1.556337375E0,4.948633909E-2,-1.111569721E-2,-1.044134609E-2
1.566378375E0,5.393831432E-2,-1.880391687E-2,-1.205267198E-2
1.576419375E0,5.670879781E-2,-1.663850062E-2,-1.288677379E-2
1.586459375E0,5.968846381E-2,-6.882319227E-3,-1.228617225E-2
1.596500375E0,5.910389870E-2,1.147458330E-2,-1.035484765E-2
1.606541375E0,5.855417997E-2,3.374366090E-2,-9.866395965E-3
1.616581375E0,5.332905799E-2,5.034873635E-2,-9.830176830E-3
1.626622375E0,4.833712056E-2,5.933381990E-2,-9.173641913E-3
1.636663375E0,4.472214356E-2,6.215144694E-2,-6.680124439E-3
1.646703375E0,3.781791031E-2,5.681347474E-2,-3.150776029E-3
1.656744375E0,3.593425825E-2,5.309037492E-2,-2.108414890E-3
1.666785375E0,3.316473216E-2,4.571365193E-2,-2.462850884E-3
1.676825375E0,3.180811927E-2,3.855294362E-2,-3.376315115E-3
1.686866375E0,2.803450823E-2,3.329721093E-2,-6.137539633E-3
1.696907375E0,2.435348555E-2,3.425328434E-2,-6.075488403E-3
1.706947375E0,2.100082114E-2,4.189595580E-2,-6.908650976E-3
1.716988375E0,1.500711124E-2,5.307617411E-2,-7.209321018E-3
1.727029375E0,1.227833796E-2,6.310502440E-2,-4.328114912E-3
1.737069375E0,3.153282916E-3,7.298428565E-2,-2.143523423E-3
1.747110375E0,-1.766940113E-3,7.662887871E-2,-1.654945547E-3
1.757151375E0,-5.302818958E-3,7.750985026E-2,-3.128738608E-3
1.767192375E0,-8.069517091E-3,7.237823308E-2,-4.458732903E-3
1.777232375E0,-8.876988664E-3,6.189469993E-2,-3.354852553E-3
1.787273375E0,-6.432418246E-3,4.907032847E-2,-2.896419493E-3
1.797314375E0,-6.812451873E-3,3.436674923E-2,-1.396260923E-3
1.807354375E0,-3.743548878E-3,1.814392954E-2,7.769272779E-4
1.817395375E0,-9.501818568E-5,8.499025367E-3,9.662780212E-4
1.827436375E0,5.381503142E-4,1.471982221E-3,1.335857669E-4
1.837476375E0,1.479311497E-3,-6.330813281E-3,-7.670952473E-4
1.847517375E0,1.054472290E-3,-1.151293796E-2,1.320240553E-4
1.857558375E0,6.603244692E-4,-9.285470471E-3,-1.817143522E-3
1.867598375E0,2.876803279E-3,-2.308615018E-3,-1.401272137E-3
1.877639375E0,6.484854035E-3,6.789808627E-3,-5.397611298E-3
1.887680375E0,8.790542372E-3,9.829059243E-3,-4.791828804E-3
1.897720375E0,6.284773815E-3,1.832853816E-2,-4.238157999E-3
1.907761375E0,6.034518592E-3,2.206750959E-2,-4.589460324E-3
1.917802375E0,2.971350914E-3,2.024883777E-2,-4.401441198E-3
1.927842375E0,3.920036834E-4,1.823580451E-2,-3.204712877E-3
1.937883375E0,-2.341997577E-3,1.365463436E-2,9.760691319E-5
1.947924375E0,7.378332084E-4,1.022970956E-2,3.527681576E-3
1.957964375E0,2.374079311E-3,1.169498079E-2,3.787339665E-3
1.968005375E0,1.960044960E-3,9.476053528E-3,3.608060302E-3
1.978046375E0,2.068169182E-3,6.834995933E-3,1.270870212E-3
1.988086375E0,-1.127836062E-3,4.067782778E-3,-9.186803363E-4
1.998127375E0,-4.036274739E-3,4.792162683E-3,-3.198879072E-3
2.008168375E0,-7.944462821E-3,7.871309295E-3,1.621442614E-3
2.018208375E0,-5.210195668E-3,1.657984592E-2,3.181255888E-3
2.028249375E0,-4.304926842E-3,1.940628327E-2,5.107768811E-3
2.038290375E0,-4.755001049E-3,1.532951556E-2,7.686507888E-3
2.048331375E0,-7.700234652E-3,1.016750094E-2,5.849747919E-3
2.058371375E0,-1.102599036E-2,1.394333038E-2,9.129963815E-3
2.068412375E0,-1.636897214E-2,1.883844659E-2,1.087280735E-2
2.078453375E0,-1.930643804E-2,2.981146798E-2,1.361213438E-2
2.088493375E0,-2.051446959E-2,3.872413188E-2,1.500657760E-2
2.098534375E0,-2.175656706E-2,4.373753443E-2,1.563535072E-2
2.108575375E0,-2.579236031E-2,5.105175078E-2,1.233835332E-2
2.118615375E0,-2.900306880E-2,5.486593023E-2,9.808083996E-3
2.128656375E0,-3.347994760E-2,5.439492688E-2,6.920487154E-3
2.138697375E0,-3.438062966E-2,5.334670842E-2,6.735930219E-3
2.148737375E0,-3.497065231E-2,5.619519949E-2,4.080299288E-3
2.158778375E0,-3.318792954E-2,5.763570592E-2,2.028866205E-3
2.168819375E0,-3.461289033E-2,5.355769023E-2,-3.191641299E-4
2.178859375E0,-3.723743558E-2,4.378069565E-2,-1.938099740E-3
2.188900375E0,-4.014909267E-2,2.951613441E-2,-4.549050238E-3
2.198941375E0,-4.091288894E-2,1.092780195E-2,-7.111544255E-3
2.208981375E0,-4.427338392E-2,-8.773690090E-3,-7.189909928E-3
2.219022375E0,-4.455700889E-2,-2.786083147E-2,-6.719063036E-3
2.229063375E0,-4.635759071E-2,-4.374992102E-2,-2.084352775E-3
2.239103375E0,-4.612509906E-2,-5.386273935E-2,1.154850004E-3
2.249144375E0,-4.762572423E-2,-5.675452203E-2,4.542623647E-3
2.259185375E0,-4.488053918E-2,-5.238160864E-2,6.544788368E-3
2.269225375E0,-4.473166913E-2,-4.375962541E-2,8.342955261E-3
2.279266375E0,-4.614926875E-2,-3.304066882E-2,1.065590978E-2
2.289307375E0,-4.434477910E-2,-2.019420825E-2,8.830199949E-3
2.299347375E0,-3.960382193E-2,-6.884166505E-4,8.130054921E-3
2.309387875E0,-3.355735540E-2,1.360565238E-2,4.188712221E-3
2.319428875E0,-2.266129665E-2,2.472301759E-2,7.625890430E-5
2.329468875E0,-1.131518744E-2,2.741773240E-2,-5.064430181E-3
2.339509875E0,-5.520221312E-4,2.994986624E-2,-8.700976148E-3
2.349550875E0,1.179040875E-2,2.838106640E-2,-8.279535919E-3
2.359590875E0,2.143930830E-2,2.766281180E-2,-8.137855679E-3
2.369631875E0,2.791150287E-2,2.371465601E-2,-9.159935638E-3
2.379672875E0,3.144871071E-2,1.606525853E-2,-1.488253567E-2
2.389712875E0,2.665321156E-2,-8.124455344E-4,-1.497004740E-2
2.399753875E0,2.223236486E-2,-2.485573106E-2,-9.848788381E-3
2.409794875E0,1.659213193E-2,-4.604069516E-2,-6.512551103E-3
2.419834875E0,1.616123132E-2,-5.460648611E-2,-5.841967184E-3
2.429875875E0,2.090795338E-2,-4.275337607E-2,-4.463332705E-3
2.439916875E0,2.905083448E-2,-1.072859764E-2,-5.526200868E-3
2.449956875E0,3.282405436E-2,1.974123903E-2,-6.235027686E-3
2.459997875E0,3.244961426E-2,3.819667920E-2,-8.115751669E-3
2.470038875E0,2.725919895E-2,4.821231216E-2,-1.114514284E-2
2.480078875E0,1.791336946E-2,5.551523343E-2,-7.536826190E-3
2.490119875E0,8.334701881E-3,6.080299243E-2,-8.971031755E-3
2.500160875E0,3.761111293E-4,6.333592534E-2,-8.261831477E-3
2.510200875E0,-5.216206890E-3,5.881608278E-2,-7.623101119E-3
2.520241875E0,-7.403194439E-3,4.778766632E-2,-4.403339233E-3
2.530282875E0,-6.403774954E-3,3.445760161E-2,7.682871073E-4
2.540322875E0,-4.125174135E-3,1.770525239E-2,5.709468969E-4
2.550363875E0,-7.682058495E-4,8.517425507E-3,-3.863643855E-3
2.560404875E0,-8.084196597E-4,-2.377832774E-3,-3.580816556E-3
2.570444875E0,2.708085813E-4,-1.069025695E-2,-1.002562931E-4
2.580485875E0,-2.232562983E-3,-1.235420071E-2,1.434789738E-3
2.590526875E0,-2.301836852E-3,-8.245949633E-3,7.400950417E-3
2.600566875E0,-4.817991517E-3,-2.772354754E-3,8.798577823E-3
2.610607875E0,-5.447775126E-3,3.178824205E-3,8.345683105E-3
2.620648875E0,-4.085302353E-3,8.164261468E-3,7.626629435E-3
2.630688875E0,-1.524233725E-3,9.854874574E-3,7.188983262E-3
2.640729875E0,1.023612218E-3,1.326638460E-2,3.743652022E-3
2.650770875E0,6.124660373E-3,1.527954638E-2,-7.942568045E-4
2.660810875E0,8.888754994E-3,1.880743541E-2,-4.049438518E-3
2.670851875E0,8.756482042E-3,2.224826068E-2,-2.690999070E-3
2.680892875E0,9.864090942E-3,2.865049988E-2,-1.769545488E-3
2.690932875E0,6.158312783E-3,3.054274432E-2,-7.393069100E-4
2.700973875E0,5.141251720E-3,2.564226277E-2,1.164320507E-3
2.711014875E0,3.625624813E-3,1.698578522E-2,1.098018023E-3
2.721054875E0,4.106591921E-3,1.179102343E-2,2.380862832E-3
2.731095875E0,6.912124343E-3,4.613912199E-3,1.018171431E-3
2.741136875E0,7.525450550E-3,1.369649312E-3,2.034700010E-3
2.751176875E0,8.646322414E-3,5.337413400E-3,1.047620899E-3
2.761217875E0,1.292522252E-2,7.992851548E-3,1.056409325E-3
2.771258875E0,1.733270101E-2,1.225835551E-2,2.036605962E-3
2.781298875E0,1.940091327E-2,1.404507086E-2,-9.826198220E-4
2.791339875E0,2.195162326E-2,1.974901184E-2,-3.299255157E-3
2.801380875E0,2.399240434E-2,2.993187495E-2,-5.360808223E-3
2.811420875E0,2.649873681E-2,4.035263509E-2,-1.079728827E-2
2.821461875E0,2.609526739E-2,5.065107718E-2,-1.223992370E-2
2.831502875E0,2.487419918E-2,5.850639939E-2,-1.262964960E-2
2.841542875E0,2.273781039E-2,5.929762125E-2,-1.025757194E-2
2.851583875E0,2.184385061E-2,5.760120973E-2,-7.832277566E-3
2.861624875E0,2.087046579E-2,4.993050545E-2,-6.181384437E-3
2.871664875E0,2.328479290E-2,3.967498243E-2,-5.672259722E-3
2.881705875E0,2.392075583E-2,2.710565925E-2,-5.521791056E-3
2.891746875E0,2.535220422E-2,1.826955751E-2,-7.563370280E-3
2.901786875E0,2.598976530E-2,1.212777570E-2,-4.495408852E-3
2.911827875E0,2.242285386E-2,9.149461985E-3,-3.643004922E-3
2.921868875E0,1.968246140E-2,1.299639791E-2,-1.980925910E-3
2.931908875E0,1.576995850E-2,1.466478873E-2,-5.850099260E-4
2.941949875E0,1.512813661E-2,1.283173449E-2,-9.306881111E-4
2.951990875E0,1.358530298E-2,6.955053657E-3,-2.010843949E-3
2.962030875E0,1.393151376E-2,3.137145890E-3,-2.349065384E-3
2.972071875E0,1.361455582E-2,5.233760457E-4,-4.115228541E-3
2.982112875E0,1.285635401E-2,3.569499822E-3,-6.995703094E-3
2.992152875E0,1.335780602E-2,8.617916144E-3,-7.175456733E-3
3.002193875E0,1.045868825E-2,9.930588305E-3,-7.893711329E-3
3.012234875E0,7.279437035E-3,1.244228892E-2,-9.177000262E-3
3.022274875E0,5.379271694E-3,1.608815789E-2,-8.094425313E-3
3.032315875E0,6.473087706E-3,2.294467762E-2,-8.280707523E-3
3.042356875E0,7.403862663E-3,2.978846803E-2,-8.204541169E-3
3.052396875E0,1.144684851E-2,3.188185766E-2,-7.431464270E-3
3.062437875E0,1.135576889E-2,3.112072684E-2,-4.750193562E-3
3.072478875E0,1.023997925E-2,2.685775608E-2,-3.176427446E-3
3.082518875E0,1.194493473E-2,2.104620636E-2,-3.302927595E-3
3.092559875E0,1.065879781E-2,1.361935865E-2,-3.517142730E-3
3.102600875E0,9.750660509E-3,9.420619346E-3,-2.137092408E-3
3.112640875E0,1.041993406E-2,9.600254707E-3,1.076802611E-3
3.122681875E0,7.934406400E-3,1.288553048E-2,-3.131011035E-4
3.132722875E0,5.149921402E-3,1.453638636E-2,-2.670178190E-3
3.142762875E0,3.860152792E-3,1.530257799E-2,-2.463783138E-3
3.152803875E0,3.339644289E-3,1.750884019E-2,-3.721525427E-3
3.162843875E0,6.327178329E-3,1.655063406E-2,-3.086095210E-3
3.172884875E0,8.577537723E-3,1.303559355E-2,-5.818646401E-3
3.182925875E0,1.276855450E-2,4.300958477E-3,-7.799239829E-3
3.192965875E0,1.873513125E-2,-3.273662413E-3,-7.325074635E-3
3.203006875E0,2.242414281E-2,-8.547253907E-3,-9.162123315E-3
3.213047875E0,2.435844019E-2,-1.189323887E-2,-5.296561867E-3
3.223087875E0,2.028273791E-2,-9.266030975E-3,-4.116514698E-3
3.233128875E0,1.685451344E-2,-9.885106701E-4,-1.479478786E-3
3.243169875E0,1.182859764E-2,8.366641589E-3,3.365306766E-4
3.253209875E0,1.005558111E-2,1.914641261E-2,6.428521010E-4
3.263250875E0,1.088595577E-2,2.929705195E-2,1.187468530E-3
3.273291875E0,9.252671152E-3,3.810460120E-2,-1.059318893E-3
3.283331875E0,7.812432945E-3,4.464000091E-2,-1.014045207E-3
3.293372875E0,7.453796454E-3,4.793641716E-2,-2.678463468E-3
3.303413875E0,8.553681895E-3,4.911433160E-2,-6.166938227E-3
3.313453792E0,1.122516580E-2,4.655571282E-2,-4.986645654E-3
3.323494792E0,1.355330087E-2,4.221502692E-2,-6.491065025E-3
3.333535792E0,1.456356980E-2,3.223160282E-2,-5.950669758E-3
3.343575792E0,1.722033881E-2,2.459925041E-2,-6.706475280E-3
3.353616792E0,1.656221598E-2,2.005934529E-2,-4.489325453E-3
3.363657792E0,1.511398889E-2,2.170224860E-2,-5.980163347E-3
3.373697792E0,8.985384367E-3,3.074238263E-2,-6.312574260E-3
3.383738792E0,4.388236441E-3,4.102591425E-2,-3.322377102E-3
3.393779792E0,7.896558382E-4,5.411831290E-2,-3.566411091E-3
3.403819792E0,-1.553393435E-3,7.094177604E-2,-4.860707559E-3
3.413860792E0,-3.217667341E-3,8.101156354E-2,-6.373893470E-3
3.423901792E0,-3.966814373E-3,8.781434596E-2,-8.418136276E-3
3.433941792E0,-5.429848563E-3,8.715564013E-2,-8.080484346E-3
3.443982792E0,-9.638441727E-3,8.538091183E-2,-5.041284952E-3
3.454022792E0,-1.882321574E-2,7.904722542E-2,-3.599959658E-3
3.464063792E0,-2.544836141E-2,7.422930747E-2,1.671767910E-3
3.474104792E0,-3.408041224E-2,6.410637498E-2,4.980943631E-3
3.484144792E0,-3.758939356E-2,4.603629559E-2,5.926632322E-3
3.494185792E0,-3.901719674E-2,2.638860233E-2,5.257858895E-3
3.504226792E0,-3.547998518E-2,9.349166416E-3,3.810963128E-3
3.514266792E0,-3.239072114E-2,-7.866572589E-3,1.682298491E-3
3.524307792E0,-2.265979722E-2,-1.719189808E-2,1.311320113E-3
3.534348792E0,-1.074410509E-2,-2.130144462E-2,8.263862692E-4
3.544388792E0,-1.244833693E-4,-1.410078909E-2,8.535505040E-4
3.554429792E0,8.180318400E-3,-4.118195269E-3,-1.781380968E-3
3.564470792E0,1.301555336E-2,5.493419245E-3,-3.731347388E-3
3.574510792E0,1.313582528E-2,9.695262648E-3,-5.540004000E-3
3.584551792E0,1.028650906E-2,8.675805293E-3,-4.556764849E-3
3.594592792E0,5.994523875E-3,4.477655981E-3,-1.359764254E-3
3.604632792E0,6.526173092E-5,3.084290307E-3,3.438598942E-4
3.614673792E0,-8.255834691E-4,3.795548808E-3,3.707891330E-3
3.624714792E0,-5.845674314E-4,2.920966828E-3,6.032564677E-3
3.634754792E0,-9.585297666E-4,-4.026236013E-3,4.958929494E-3
3.644795792E0,-1.022978220E-3,-1.444319077E-2,4.880365916E-3
3.654835792E0,-1.706191571E-3,-1.666096598E-2,3.475848818E-3
3.664876792E0,2.955405740E-3,-1.280044671E-2,3.065988189E-3
3.674917792E0,8.702552877E-3,-4.979531281E-3,-6.496672286E-4
3.684957792E0,1.596952043E-2,4.054443445E-3,-2.154619666E-3
3.694998792E0,2.182707563E-2,9.960119613E-3,-6.080898456E-3
3.705039792E0,2.486281283E-2,1.649099030E-2,-7.140570320E-3
3.715079792E0,2.110740729E-2,2.355959825E-2,-6.342000328E-3
3.725120792E0,1.450729463E-2,2.718123235E-2,-2.318496117E-3
3.735161792E0,9.808286093E-3,2.823561057E-2,6.538204034E-4
3.745201792E0,5.762943998E-3,2.751549147E-2,3.818454687E-3
3.755242792E0,3.288160078E-3,2.836905979E-2,5.755284801E-3
3.765283792E0,2.964852378E-3,3.023833223E-2,8.630699478E-3
3.775323792E0,3.814897966E-3,2.756191045E-2,6.093177013E-3
3.785364792E0,5.242618732E-3,2.260124125E-2,4.047868773E-3
3.795405792E0,6.226413883E-3,1.089971885E-2,3.289333312E-3
3.805445792E0,8.164129220E-3,-3.699800000E-4,1.606215606E-3
3.815486792E0,8.670396172E-3,-9.827397764E-3,6.075301790E-4
3.825526792E0,1.013753191E-2,-1.234701462E-2,-7.938251365E-4
3.835567792E0,1.087062061E-2,-9.477679618E-3,-4.026152194E-3
3.845608792E0,8.755005896E-3,-2.328423783E-3,-5.973455496E-3
3.855648792E0,1.005227491E-2,6.994517520E-3,-9.515003301E-3
3.865689792E0,6.507607177E-3,1.829164661E-2,-1.043805480E-2
3.875730792E0,1.409613877E-3,2.927933820E-2,-1.003753860E-2
3.885770792E0,-8.615323342E-3,3.709571809E-2,-7.054265589E-3
3.895811792E0,-1.628923416E-2,4.194685817E-2,-2.303848742E-3
3.905852792E0,-2.117427066E-2,4.261665046E-2,3.800648963E-3
3.915892792E0,-2.654563449E-2,3.573243320E-2,1.271598879E-2
3.925933792E0,-2.875605971E-2,3.186392784E-2,1.653416269E-2
3.935973792E0,-2.905847691E-2,2.819212154E-2,1.571174711E-2
3.946014792E0,-3.169367462E-2,2.132302895E-2,1.332875155E-2
3.956055792E0,-3.227989376E-2,1.326901652E-2,1.045108866E-2
3.966095792E0,-2.859408036E-2,7.276904769E-3,4.175083712E-3
3.976136792E0,-2.327771857E-2,3.736672690E-3,-2.383857034E-3
3.986177792E0,-1.552152913E-2,3.393124789E-3,-7.614305243E-3
3.996217792E0,-9.807402268E-3,1.097275876E-2,-8.977321908E-3
4.006258792E0,-5.216112360E-3,2.706943639E-2,-9.252692573E-3
4.016299792E0,-6.671033800E-3,5.444705859E-2,-7.795535959E-3
4.026339792E0,-9.155762382E-3,7.874280959E-2,1.691796351E-4
4.036380792E0,-1.401551161E-2,8.696418256E-2,8.436299860E-3
4.046421792E0,-1.777056791E-2,8.030468225E-2,1.678690687E-2
4.056461792E0,-2.284466475E-2,6.678795069E-2,2.335665375E-2
4.066502792E0,-2.417784184E-2,5.550866202E-2,2.670584433E-2
4.076542792E0,-1.955277845E-2,4.663526639E-2,2.459929511E-2
4.086583792E0,-9.345682338E-3,4.148577899E-2,2.018697001E-2
4.096624792E0,9.702390525E-4,3.701883554E-2,1.463776268E-2
4.106664792E0,4.527157173E-3,3.525688872E-2,7.307412103E-3
4.116705792E0,1.808022731E-3,3.295769915E-2,-4.898394691E-4
4.126746792E0,-1.028991956E-2,2.253434993E-2,-4.493103363E-3
4.136786792E0,-2.117149904E-2,5.366643425E-3,-4.576687701E-3
4.146827792E0,-2.480618097E-2,-9.458109736E-3,-2.493829466E-3
4.156868792E0,-2.216487005E-2,-1.062331162E-2,1.580279786E-5
4.166908792E0,-1.707370579E-2,1.321232528E-3,1.988938777E-3
4.176949792E0,-1.495230291E-2,1.896338910E-2,3.731400706E-3
4.186989792E0,-1.787192747E-2,4.143061489E-2,5.451004021E-3
4.197030792E0,-2.094540745E-2,5.536236241E-2,9.127276018E-3
4.207071792E0,-2.210255340E-2,5.697783828E-2,9.392526932E-3
4.217111792E0,-2.298962511E-2,4.676714912E-2,7.432434708E-3
4.227152792E0,-2.106442675E-2,3.833717853E-2,4.351424053E-3
4.237193792E0,-2.011470683E-2,3.010928631E-2,-1.981980633E-3
4.247233792E0,-1.783024706E-2,2.528683282E-2,-5.548752379E-3
4.257274792E0,-1.972225681E-2,3.026985191E-2,-6.452608854E-3
4.267315792E0,-2.917061932E-2,4.696520790E-2,-6.018247455E-3
4.277355792E0,-4.162845761E-2,6.936728954E-2,-4.197877832E-3
4.287396792E0,-5.026242509E-2,9.240869433E-2,-2.955513075E-3
4.297436792E0,-5.534610525E-2,1.116654873E-1,-4.545770586E-3
4.307477500E0,-5.953019857E-2,1.297555566E-1,-6.943947170E-3
4.317518500E0,-5.897082016E-2,1.376601607E-1,-7.828804664E-3
4.327558500E0,-5.957482383E-2,1.317522079E-1,-4.664436914E-3
4.337599500E0,-5.950937420E-2,1.187966466E-1,-7.909892593E-4
4.347640500E0,-5.773277953E-2,1.059133410E-1,6.964135915E-3
4.357680500E0,-5.975689739E-2,8.674674481E-2,1.430369541E-2
4.367721500E0,-6.500811875E-2,5.966665968E-2,1.960178837E-2
4.377762500E0,-6.805375218E-2,3.019124269E-2,1.386289857E-2
4.387802500E0,-6.594133377E-2,4.042461514E-3,1.203437243E-2
4.397843500E0,-5.484760180E-2,-7.960716262E-3,1.163200662E-2
4.407883500E0,-4.135975614E-2,-5.765739363E-3,9.893761948E-3
4.417924500E0,-2.770072222E-2,1.026434824E-2,8.178428747E-3
4.427965500E0,-1.920443960E-2,2.961168066E-2,5.820732098E-3
4.438005500E0,-2.036325820E-2,4.402003065E-2,8.407206275E-3
4.448046500E0,-2.900361829E-2,4.907843843E-2,1.180380210E-2
4.458087500E0,-3.347384930E-2,4.943173379E-2,1.387126837E-2
4.468127500E0,-3.650106490E-2,4.589772224E-2,1.676212996E-2
4.478168500E0,-3.698113188E-2,5.125177652E-2,2.110049874E-2
4.488209500E0,-3.977185860E-2,6.847230345E-2,2.626143955E-2
4.498249500E0,-4.035012424E-2,8.533848077E-2,2.982086129E-2
4.508290500E0,-4.175547510E-2,9.426911920E-2,2.876198851E-2
4.518330500E0,-3.952184319E-2,1.007498652E-1,2.804039791E-2
4.528371500E0,-4.115942121E-2,1.070437133E-1,2.450824715E-2
4.538412500E0,-4.837309942E-2,1.185021028E-1,2.732533403E-2
4.548452500E0,-6.136719510E-2,1.292815059E-1,2.681826800E-2
4.558493500E0,-7.858982682E-2,1.403371692E-1,3.366209567E-2
4.568534500E0,-9.854196012E-2,1.444243193E-1,4.446201399E-2
4.578574500E0,-1.239292398E-1,1.327551901E-1,5.949900299E-2
4.588615500E0,-1.350175738E-1,1.228769794E-1,7.840079069E-2
4.598655500E0,-1.308160722E-1,1.104402393E-1,8.837071806E-2
4.608696500E0,-1.207836941E-1,8.984814584E-2,7.556996495E-2
4.618737500E0,-1.157861128E-1,6.275065243E-2,5.285761878E-2
4.628777500E0,-1.102438122E-1,4.430613667E-2,2.091592923E-2
4.638818500E0,-9.490431100E-2,3.589060530E-2,-6.418615580E-3
4.648859500E0,-7.027540356E-2,4.055353254E-2,-3.511684015E-2
4.658899500E0,-4.028537124E-2,5.547979474E-2,-6.025054306E-2
4.668940500E0,-1.252005156E-2,7.776752859E-2,-7.712885737E-2
4.678980500E0,1.327396743E-2,1.049159765E-1,-8.453966677E-2
4.689021500E0,3.829489648E-2,1.296900213E-1,-7.999338955E-2
4.699062500E0,7.206924260E-2,1.682527065E-1,-6.636330485E-2
4.709102500E0,1.077715755E-1,2.061811835E-1,-4.314028099E-2
4.719143500E0,1.479387432E-1,2.277927250E-1,-1.303982176E-2
4.729184500E0,1.778202057E-1,2.208070010E-1,2.108352631E-2
4.739224500E0,1.888133138E-1,1.989269555E-1,6.306909025E-2
4.749265500E0,1.799785495E-1,1.837346852E-1,1.069332138E-1
4.759305500E0,1.559830904E-1,1.693834364E-1,1.491185129E-1
4.769346500E0,1.202117726E-1,1.716737449E-1,1.855348349E-1
4.779387500E0,8.450930566E-2,2.100436538E-1,2.117206156E-1
4.789427500E0,5.302887410E-2,2.947558761E-1,2.202198356E-1
4.799468500E0,2.542454377E-2,4.186674953E-1,1.970620900E-1
4.809509500E0,1.453381218E-2,5.215325952E-1,1.478567272E-1
4.819549500E0,1.286611240E-2,5.546169281E-1,7.482141256E-2
4.829590500E0,2.222523093E-3,4.999166727E-1,-7.968544960E-3
4.839630500E0,-2.092320472E-2,3.632425964E-1,-1.032712758E-1
4.849671500E0,-6.172016636E-2,1.683324873E-1,-1.995482743E-1
4.859712500E0,-1.199919879E-1,-2.391358465E-2,-2.831628919E-1
4.869752500E0,-1.858455688E-1,-1.492999941E-1,-3.437916040E-1
4.879793500E0,-2.587943375E-1,-2.014420927E-1,-3.797306418E-1
4.889834500E0,-3.263019919E-1,-1.872783452E-1,-3.905926347E-1
4.899874500E0,-3.765393198E-1,-1.267860234E-1,-3.838610947E-1
4.909915500E0,-4.003370404E-1,-3.681511804E-2,-3.727517128E-1
4.919955500E0,-4.000650644E-1,4.821230844E-2,-3.626556695E-1
4.929996500E0,-3.849430978E-1,1.238114610E-1,-3.482325375E-1
4.940037500E0,-3.531549275E-1,2.029371560E-1,-3.388222456E-1
4.950077500E0,-2.974123061E-1,2.726256847E-1,-3.367370069E-1
4.960118500E0,-2.255644947E-1,3.236294091E-1,-3.372504711E-1
4.970159500E0,-1.455588788E-1,3.410648406E-1,-3.357399106E-1
4.980199500E0,-6.404750049E-2,3.401276767E-1,-3.364986479E-1
4.990240500E0,6.387246773E-3,3.194471598E-1,-3.302010894E-1
5.000280500E0,5.495100096E-2,2.822848856E-1,-3.164935410E-1
5.010321500E0,8.978728205E-2,2.275537103E-1,-2.849784791E-1
5.020362500E0,1.079993621E-1,1.771267205E-1,-2.485043257E-1
5.030402500E0,1.117711961E-1,1.431607753E-1,-2.061147988E-1
5.040443500E0,1.028211191E-1,1.149116755E-1,-1.571021527E-1
5.050484500E0,8.443039656E-2,8.699482679E-2,-9.711205214E-2
5.060524500E0,5.227292702E-2,5.824538693E-2,-4.164545238E-2
5.070565500E0,1.587284170E-2,4.046825320E-2,1.610626280E-2
5.080605500E0,-1.554847136E-2,4.453297704E-2,6.917883456E-2
5.090646500E0,-3.696481138E-2,6.498419493E-2,1.099260002E-1
5.100687500E0,-5.284211785E-2,9.134006500E-2,1.313921213E-1
5.110727500E0,-7.228532434E-2,1.212063581E-1,1.336507499E-1
5.120768500E0,-9.934692085E-2,1.494290382E-1,1.199110821E-1
5.130809500E0,-1.337568313E-1,1.792140901E-1,1.033028141E-1
5.140849500E0,-1.681706756E-1,2.153118700E-1,8.570174128E-2
5.150890500E0,-2.001544386E-1,2.513697445E-1,7.906194776E-2
5.160930500E0,-2.238570303E-1,2.756264210E-1,7.457358390E-2
5.170971500E0,-2.460736483E-1,2.854955494E-1,6.426315010E-2
5.181012500E0,-2.764340639E-1,2.789167166E-1,5.503541231E-2
5.191052500E0,-3.066345751E-1,2.709195316E-1,3.736507148E-2
5.201093500E0,-3.366616666E-1,2.542219758E-1,3.696887521E-3
5.211133500E0,-3.725387156E-1,2.215346098E-1,-4.126978666E-2
5.221174500E0,-3.969981372E-1,1.808842272E-1,-8.289151639E-2
5.231215500E0,-4.044323564E-1,1.289139688E-1,-1.201659217E-1
5.241255500E0,-3.995535672E-1,5.185089260E-2,-1.601506323E-1
5.251296500E0,-3.980694115E-1,-4.792124033E-2,-1.932726353E-1
5.261337500E0,-3.996503055E-1,-1.501573324E-1,-2.150008380E-1
5.271377500E0,-4.058072865E-1,-2.623137236E-1,-2.156825960E-1
5.281418500E0,-4.055710435E-1,-3.735040724E-1,-1.940157861E-1
5.291458500E0,-3.974622488E-1,-4.572868347E-1,-1.603683382E-1
5.301499500E0,-3.670755923E-1,-4.924132228E-1,-1.272326261E-1
5.311541000E0,-3.172667623E-1,-4.741252959E-1,-1.054213345E-1
5.321581000E0,-2.624423206E-1,-4.176273048E-1,-9.780627489E-2
5.331622000E0,-2.086515427E-1,-3.650687337E-1,-9.733835608E-2
5.341662000E0,-1.429997087E-1,-3.470308185E-1,-1.094581783E-1
5.351703000E0,-5.001516268E-2,-3.412653506E-1,-1.341259778E-1
5.361744000E0,6.617563963E-2,-3.235374093E-1,-1.556668133E-1
5.371784000E0,1.802899539E-1,-2.553208172E-1,-1.761121750E-1
5.381825000E0,2.519408762E-1,-1.520201266E-1,-1.996911019E-1
5.391866000E0,2.613037825E-1,-4.952916503E-2,-2.368762791E-1
5.401906000E0,2.247720361E-1,-1.085516810E-2,-2.600811124E-1
5.411947000E0,1.758401841E-1,-3.634055331E-2,-2.392210811E-1
5.421987000E0,1.278724223E-1,-8.799402416E-2,-1.760418415E-1
5.432028000E0,1.167886108E-1,-1.327700168E-1,-8.336384594E-2
5.442069000E0,1.324858814E-1,-1.213434488E-1,3.467810154E-2
5.452109000E0,1.477740109E-1,-3.619685769E-2,1.671791524E-1
5.462150000E0,1.542504281E-1,8.058906347E-2,3.027556539E-1
5.472190000E0,1.574558020E-1,1.776479632E-1,4.127202332E-1
5.482231000E0,1.752933115E-1,2.343124300E-1,4.785326719E-1
5.492272000E0,1.979451030E-1,2.297285944E-1,4.872252345E-1
5.502312000E0,2.237810493E-1,1.461292505E-1,4.478145540E-1
5.512353000E0,2.573587298E-1,7.453393191E-3,3.897547126E-1
5.522394000E0,2.957484424E-1,-1.048335359E-1,3.424102366E-1
5.532434000E0,3.376474380E-1,-1.905502975E-1,3.329831660E-1
5.542475000E0,3.854480982E-1,-2.424176633E-1,3.543076515E-1
5.552515000E0,4.378103614E-1,-2.491962016E-1,4.016623795E-1
5.562556000E0,4.860451519E-1,-2.263748795E-1,4.490993917E-1
5.572597000E0,5.384987593E-1,-1.689722985E-1,4.923888147E-1
5.582637000E0,5.793752074E-1,-6.117510796E-2,5.303395391E-1
5.592678000E0,5.858999491E-1,5.152480677E-2,5.777621865E-1
5.602718000E0,5.633463860E-1,1.318350136E-1,6.194456220E-1
5.612759000E0,5.279510617E-1,1.522745043E-1,6.375074387E-1
5.622800000E0,4.850443304E-1,1.342935711E-1,6.269056201E-1
5.632840000E0,4.373703003E-1,9.215595573E-2,5.944896340E-1
5.642881000E0,3.867312372E-1,4.121393710E-2,5.264268517E-1
5.652921000E0,3.448378444E-1,1.996031590E-2,4.347331524E-1
5.662962000E0,3.097196817E-1,3.866890818E-2,3.309431970E-1
5.673003000E0,2.784019709E-1,8.264994621E-2,2.287414670E-1
5.683043000E0,2.515634894E-1,1.500916630E-1,1.350000650E-1
5.693084000E0,2.294645905E-1,2.351825982E-1,5.179519951E-2
5.703125000E0,2.249139845E-1,3.147746027E-1,-2.726872079E-2
5.713165000E0,2.356718183E-1,3.716530800E-1,-9.858417511E-2
5.723206000E0,2.513797283E-1,4.116778970E-1,-1.686935276E-1
5.733246000E0,2.564858198E-1,4.294869900E-1,-2.289763093E-1
5.743287000E0,2.491404563E-1,4.357537925E-1,-2.636898160E-1
5.753328000E0,2.345385998E-1,4.274151623E-1,-2.726537287E-1
5.763368000E0,2.272438258E-1,4.146189392E-1,-2.452911884E-1
5.773409000E0,2.342612445E-1,3.862530887E-1,-1.954956651E-1
5.783449000E0,2.480203956E-1,3.654794693E-1,-1.422778666E-1
5.793490000E0,2.533065081E-1,3.559666574E-1,-1.055587381E-1
5.803531000E0,2.667663693E-1,3.496619463E-1,-9.656243771E-2
5.813571000E0,2.845024765E-1,3.384175599E-1,-1.130452752E-1
5.823612000E0,3.057962358E-1,3.260715902E-1,-1.368886828E-1
5.833653000E0,3.176608682E-1,3.396624923E-1,-1.422975659E-1
5.843693000E0,3.533082008E-1,3.679391742E-1,-1.219859123E-1
5.853734000E0,4.291145504E-1,3.530758023E-1,-7.249612361E-2
5.863774000E0,5.152093768E-1,2.434141189E-1,-1.522723306E-2
5.873815000E0,5.681043267E-1,5.531186983E-2,4.046239331E-2
5.883856000E0,5.601294041E-1,-1.987954080E-1,9.538860619E-2
5.893896000E0,4.946340024E-1,-4.851520658E-1,1.526468396E-1
5.903937000E0,3.725616336E-1,-6.660466194E-1,2.434014976E-1
5.913977000E0,2.218083739E-1,-5.851160884E-1,4.198715985E-1
5.924018000E0,9.349960834E-2,-2.962102592E-1,6.410599351E-1
5.934059000E0,-1.091325954E-1,2.452302724E-2,8.037415147E-1
5.944099000E0,-4.834352136E-1,2.429745048E-1,9.219012260E-1
5.954140000E0,-9.270741940E-1,3.095577955E-1,9.900935888E-1
5.964180000E0,-1.211192369E0,2.033068836E-1,9.780693650E-1
5.974221000E0,-1.231366158E0,-8.522158861E-2,9.086820483E-1
5.984262000E0,-1.121715426E0,-4.611995816E-1,7.571867108E-1
5.994302000E0,-9.879639149E-1,-7.630499601E-1,5.040273666E-1
6.004343000E0,-8.583999872E-1,-8.968429565E-1,1.926668137E-1
6.014383000E0,-6.806193590E-1,-8.210896254E-1,-6.689365208E-2
6.024424000E0,-3.771095574E-1,-5.505710840E-1,-1.936670244E-1
6.034465000E0,-2.608814463E-2,-1.972141117E-1,-2.439094186E-1
6.044505000E0,2.031831294E-1,9.111914784E-2,-2.718577087E-1
6.054546000E0,2.292980850E-1,2.023971975E-1,-3.468911946E-1
6.064586000E0,1.083940268E-1,8.074472100E-2,-5.015095472E-1
6.074627000E0,-6.834452599E-2,-1.847095937E-1,-6.712930202E-1
6.084668000E0,-2.467759550E-1,-4.227741063E-1,-7.665326595E-1
6.094708000E0,-3.899272680E-1,-5.525619388E-1,-7.769647837E-1
6.104749000E0,-4.777391553E-1,-5.545253754E-1,-7.365292311E-1
6.114790000E0,-5.268681049E-1,-4.494977593E-1,-6.802497506E-1
6.124830000E0,-5.579808950E-1,-3.459669352E-1,-6.386086941E-1
6.134871000E0,-5.744264722E-1,-2.681826651E-1,-6.293725967E-1
6.144911000E0,-5.883921981E-1,-1.938988715E-1,-6.606014371E-1
6.154952000E0,-5.882254839E-1,-1.380388141E-1,-6.972308159E-1
6.164993000E0,-5.683108568E-1,-1.237927303E-1,-7.237909436E-1
6.175033000E0,-5.368562341E-1,-1.404324323E-1,-7.356281877E-1
6.185074000E0,-4.768999219E-1,-1.614409685E-1,-7.206971049E-1
6.195114000E0,-4.027154446E-1,-1.804008186E-1,-6.790138483E-1
6.205155000E0,-3.335861862E-1,-1.605761051E-1,-6.210516095E-1
6.215196000E0,-2.787423730E-1,-8.609680831E-2,-5.476850271E-1
6.225236000E0,-2.396550030E-1,3.481866047E-2,-4.503601789E-1
6.235277000E0,-2.171891183E-1,1.842883080E-1,-3.306263387E-1
6.245317000E0,-2.168388367E-1,3.229089379E-1,-1.942345351E-1
6.255358000E0,-2.357906848E-1,4.481278360E-1,-5.637466162E-2
6.265399000E0,-2.489305884E-1,5.642414689E-1,6.748242676E-2
6.275439000E0,-2.463212311E-1,6.554976106E-1,1.879861951E-1
6.285480000E0,-2.196011692E-1,6.858220696E-1,2.994064689E-1
6.295520000E0,-1.768792719E-1,6.366335154E-1,3.818265200E-1
6.305561000E0,-1.282821298E-1,5.310692191E-1,4.043710828E-1
6.315601250E0,-8.432186395E-2,4.449407458E-1,3.690056503E-1
6.325641250E0,-3.631563112E-2,4.000336826E-1,3.059928715E-1
6.335682250E0,6.529305130E-3,3.785425127E-1,2.499327958E-1
6.345722250E0,2.977224812E-2,3.676245809E-1,2.040228397E-1
6.355763250E0,2.367414348E-2,3.384323418E-1,1.847687215E-1
6.365804250E0,-2.004078776E-2,3.060861528E-1,1.734329611E-1
6.375844250E0,-1.100750715E-1,2.796745300E-1,1.696209162E-1
6.385885250E0,-2.426480502E-1,2.837175727E-1,1.957823336E-1
6.395925250E0,-3.914735019E-1,2.965987325E-1,2.651411593E-1
6.405966250E0,-5.128688216E-1,2.830250561E-1,3.262379467E-1
6.416007250E0,-5.498449802E-1,2.231646329E-1,2.936781347E-1
6.426047250E0,-4.896554053E-1,5.132423341E-2,1.343243122E-1
6.436088250E0,-3.710626960E-1,-2.554961443E-1,-1.729240417E-1
6.446128250E0,-2.624687552E-1,-6.290720701E-1,-5.244434476E-1
6.456169250E0,-1.690698117E-1,-9.249226451E-1,-7.390809059E-1
6.466210250E0,-5.200990662E-2,-1.101951480E0,-8.051756620E-1
6.476250250E0,-4.392853938E-3,-1.144527674E0,-7.876228094E-1
6.486291250E0,-5.494591221E-2,-1.008946061E0,-7.198326588E-1
6.496331250E0,-1.174234003E-1,-7.159014940E-1,-6.301224828E-1
6.506372250E0,-8.718428761E-2,-3.739615381E-1,-5.643936396E-1
6.516413250E0,1.592292078E-2,-9.645613283E-2,-5.447608232E-1
6.526453250E0,1.175858900E-1,1.374899000E-1,-5.483881831E-1
6.536494250E0,1.597216278E-1,3.980935216E-1,-5.931546092E-1
6.546534250E0,2.467360049E-1,6.235179305E-1,-6.222124100E-1
6.556575250E0,3.576201797E-1,8.004309535E-1,-5.548930168E-1
6.566616250E0,4.404562116E-1,7.602843046E-1,-3.736419678E-1
6.576656250E0,4.742466807E-1,6.326578856E-1,-1.552947164E-1
6.586697250E0,4.750722945E-1,5.118460655E-1,5.742233992E-2
6.596737250E0,4.359084070E-1,2.618186176E-1,2.530704141E-1
6.606778250E0,3.568377197E-1,-7.679428160E-2,4.424022436E-1
6.616819250E0,2.893428206E-1,-3.444465101E-1,6.207778454E-1
6.626859250E0,2.670722604E-1,-4.451050758E-1,7.769160867E-1
6.636900250E0,2.973470688E-1,-4.478052557E-1,8.984051943E-1
6.646940250E0,3.717401028E-1,-4.993115962E-1,9.156023264E-1
6.656981250E0,4.667584896E-1,-6.091811657E-1,8.674923182E-1
6.667022250E0,5.633281469E-1,-7.355697155E-1,8.036344647E-1
6.677062250E0,6.359741092E-1,-8.225190043E-1,7.570685744E-1
6.687103250E0,6.834571958E-1,-7.278501391E-1,7.281956077E-1
6.697143250E0,7.078171372E-1,-4.649021029E-1,7.027965188E-1
6.707184250E0,7.205276489E-1,-1.508020163E-1,6.815986037E-1
6.717225250E0,7.435224056E-1,1.477849483E-1,6.603279710E-1
6.727265250E0,7.668905854E-1,3.948936760E-1,6.315678954E-1
6.737306250E0,8.017372489E-1,5.890234709E-1,5.913805366E-1
6.747346250E0,8.497965932E-1,7.381999493E-1,5.573497415E-1
6.757387250E0,8.986035585E-1,8.601040244E-1,5.265902281E-1
6.767428250E0,9.567354321E-1,9.599501491E-1,4.853537083E-1
6.777468250E0,1.022717476E0,1.029742360E0,4.066255987E-1
6.787509250E0,1.069413424E0,1.042015433E0,2.820867598E-1
6.797549250E0,1.071625710E0,1.003081799E0,1.403064430E-1
6.807590250E0,1.033982635E0,9.639056325E-1,1.460590586E-2
6.817631250E0,9.707362652E-1,8.552494645E-1,-8.210998029E-2
6.827671250E0,8.809134960E-1,6.527953148E-1,-1.917447299E-1
6.837712250E0,7.584797740E-1,4.839860499E-1,-3.143345714E-1
6.847752250E0,6.242396235E-1,3.572253883E-1,-4.120146334E-1
6.857793250E0,4.825245440E-1,2.396694422E-1,-4.714984596E-1
6.867834250E0,3.345156908E-1,1.285063773E-1,-4.804891944E-1
6.877874250E0,2.050269395E-1,4.494278133E-2,-4.426222146E-1
6.887915250E0,1.422797889E-1,-2.757986635E-2,-3.629609346E-1
6.897955250E0,1.368128508E-1,-8.483196795E-2,-2.735186815E-1
6.907996250E0,1.605374068E-1,-9.224078804E-2,-1.958673000E-1
6.918036250E0,1.796035022E-1,-5.339406058E-2,-1.602698863E-1
6.928077250E0,2.052852213E-1,1.024313364E-2,-1.321891248E-1
6.938118250E0,2.818939984E-1,1.060508862E-1,-6.659279764E-2
6.948158250E0,3.854276836E-1,1.112773418E-1,3.863707930E-2
6.958199250E0,4.363387823E-1,-1.492693275E-2,1.703738123E-1
6.968239250E0,4.138289094E-1,-2.123018652E-1,3.204129636E-1
6.978280250E0,3.428618014E-1,-4.499450326E-1,4.146910012E-1
6.988321250E0,2.715673745E-1,-6.293023825E-1,4.595262408E-1
6.998361250E0,1.642387956E-1,-5.742132664E-1,5.186470747E-1
7.008402250E0,7.867037505E-2,-2.850584686E-1,6.491534710E-1
7.018442250E0,1.156031433E-2,1.300574988E-1,7.639617920E-1
7.028483250E0,-1.816221923E-1,4.906980991E-1,8.401144743E-1
7.038524250E0,-4.238497615E-1,6.044640541E-1,9.304395914E-1
7.048564250E0,-6.130582690E-1,4.568651319E-1,1.006863952E0
7.058605250E0,-6.610292792E-1,1.199328899E-1,1.069976926E0
7.068645250E0,-5.952596068E-1,-2.125376165E-1,1.008889794E0
7.078686250E0,-5.326936841E-1,-4.639061987E-1,8.309082985E-1
7.088727250E0,-3.940152228E-1,-5.451309681E-1,5.884609222E-1
7.098767250E0,-1.084556282E-1,-5.708637238E-1,3.499511778E-1
7.108808250E0,1.727980524E-1,-5.382676125E-1,1.570914239E-1
7.118848250E0,3.526168168E-1,-4.972405732E-1,-2.310884884E-4
7.128889250E0,3.797527552E-1,-4.923099577E-1,-1.491585225E-1
7.138930250E0,2.617970705E-1,-5.544931293E-1,-3.281615674E-1
7.148970250E0,2.214143239E-2,-6.678173542E-1,-5.439622998E-1
7.159011250E0,-2.763682902E-1,-7.682981491E-1,-7.434730530E-1
7.169051250E0,-5.166427493E-1,-7.716594934E-1,-8.612558246E-1
7.179092250E0,-6.607320309E-1,-6.855871677E-1,-8.721774220E-1
7.189132250E0,-7.387943268E-1,-5.017473698E-1,-8.433346152E-1
7.199173250E0,-7.768061757E-1,-2.731901109E-1,-8.370620608E-1
7.209214250E0,-7.706838250E-1,-1.218150109E-1,-8.450265527E-1
7.219254250E0,-7.483939528E-1,-2.095044777E-2,-8.900113106E-1
7.229295250E0,-7.177386284E-1,5.704624578E-2,-9.152005315E-1
7.239335250E0,-7.053501606E-1,1.790869609E-2,-9.278675914E-1
7.249376250E0,-7.039782405E-1,-8.504003286E-2,-9.023105502E-1
7.259417250E0,-7.062914968E-1,-2.009903342E-1,-8.281732202E-1
7.269457250E0,-7.073168159E-1,-2.459369600E-1,-7.105466127E-1
7.279498250E0,-7.066659331E-1,-2.016198337E-1,-5.939254761E-1
7.289538250E0,-7.018299103E-1,-5.320745334E-2,-4.894106388E-1
7.299579250E0,-6.781341434E-1,1.759061515E-1,-3.726110458E-1
7.309620250E0,-6.425117850E-1,4.063396156E-1,-2.343929857E-1
7.319660750E0,-5.912155509E-1,5.917336941E-1,-9.880240262E-2
7.329701750E0,-5.269935131E-1,7.115499973E-1,1.757746935E-2
7.339741750E0,-4.634308219E-1,7.580216527E-1,1.236594319E-1
7.349782750E0,-4.202356339E-1,7.376008034E-1,2.325656712E-1
7.359822750E0,-3.886116743E-1,6.321830750E-1,3.390090466E-1
7.369863750E0,-3.781768382E-1,5.339086652E-1,3.865023851E-1
7.379904750E0,-4.023924172E-1,5.357995033E-1,3.540094197E-1
7.389944750E0,-4.403231144E-1,5.944176912E-1,2.927327156E-1
7.399985750E0,-4.793493450E-1,6.356375217E-1,2.578026950E-1
7.410025750E0,-4.928528666E-1,6.300190091E-1,2.423963249E-1
7.420066750E0,-4.801253676E-1,6.220694780E-1,2.070404738E-1
7.430107750E0,-4.573203623E-1,6.234868169E-1,1.638523936E-1
7.440147750E0,-4.660869539E-1,5.915925503E-1,1.507653445E-1
7.450188750E0,-5.310121775E-1,4.397912323E-1,1.676414013E-1
7.460228750E0,-6.049180627E-1,1.553901583E-1,1.507617533E-1
7.470269750E0,-5.978370309E-1,-2.775820792E-1,-2.953331918E-2
7.480309750E0,-5.151141882E-1,-7.040500045E-1,-4.027953148E-1
7.490350750E0,-4.519340992E-1,-9.639130831E-1,-7.655045390E-1
7.500391750E0,-4.105552137E-1,-9.668481350E-1,-9.960706234E-1
7.510431750E0,-3.304612935E-1,-8.701174855E-1,-1.089026928E0
7.520472750E0,-1.790057272E-1,-7.787902355E-1,-1.061148167E0
7.530512750E0,-1.559697278E-2,-6.600441933E-1,-9.587223530E-1
7.540553750E0,1.105678827E-1,-3.554121256E-1,-8.724460602E-1
7.550594750E0,2.551556528E-1,8.953312784E-2,-8.732746840E-1
7.560634750E0,4.335040748E-1,4.457290471E-1,-9.342077971E-1
7.570675750E0,4.859916568E-1,5.915385485E-1,-9.814035892E-1
7.580715750E0,4.430055618E-1,3.826896846E-1,-8.783722520E-1
7.590756750E0,4.333400726E-1,-2.058386803E-2,-6.738654375E-1
7.600796750E0,4.232075512E-1,-1.239904165E-1,-4.320120513E-1
7.610837750E0,3.530020416E-1,4.959237296E-3,-1.170419976E-1
7.620878750E0,2.170271873E-1,4.999009520E-2,1.888148636E-1
7.630918750E0,6.537222117E-2,-9.753468633E-2,4.066955447E-1
7.640959750E0,-3.691820428E-2,-2.727901340E-1,5.564061999E-1
7.650999750E0,-4.074243829E-2,-3.720826507E-1,6.510988474E-1
7.661040750E0,3.552463651E-2,-3.517632782E-1,6.946876049E-1
7.671081750E0,1.345108300E-1,-2.250549048E-1,7.176283598E-1
7.681121750E0,2.040097564E-1,-8.010730147E-2,7.192350626E-1
7.691162750E0,2.536113858E-1,-1.030364074E-2,6.795081496E-1
7.701202750E0,3.009482622E-1,-1.391994767E-2,6.106039286E-1
7.711243750E0,3.426225185E-1,-4.831971973E-2,5.459370613E-1
7.721283750E0,3.804708421E-1,-1.001562849E-1,5.225092173E-1
7.731324750E0,4.241195321E-1,-1.663195938E-1,5.418254137E-1
7.741365750E0,4.854960740E-1,-1.481959820E-1,5.603604317E-1
7.751405750E0,5.800619125E-1,-9.284258634E-2,5.735684037E-1
7.761446750E0,6.983624697E-1,-6.898545474E-2,5.967884660E-1
7.771486750E0,8.250741959E-1,-8.017963916E-2,6.433195472E-1
7.781527750E0,9.564362168E-1,-8.756591380E-2,6.796080470E-1
7.791567750E0,1.067652702E0,-8.250617981E-2,6.725944281E-1
7.801608750E0,1.136370420E0,-3.912141547E-2,6.343655586E-1
7.811649750E0,1.163439035E0,8.009403199E-2,5.600957274E-1
7.821689750E0,1.149321675E0,2.883827686E-1,4.444218576E-1
7.831730750E0,1.100304604E0,5.204917789E-1,3.066054285E-1
7.841770750E0,1.030876756E0,7.286074162E-1,1.720910221E-1
7.851811750E0,9.623293877E-1,8.945655823E-1,5.369019881E-2
7.861852750E0,9.104888439E-1,9.682188034E-1,-3.008805588E-2
7.871892750E0,8.821412325E-1,8.461370468E-1,-9.724564850E-2
7.881933750E0,8.349894285E-1,6.758577228E-1,-2.590752840E-1
7.891973750E0,7.634047866E-1,4.844448566E-1,-4.979404807E-1
7.902014750E0,6.717552543E-1,3.218852282E-1,-6.959212422E-1
7.912054750E0,5.662270188E-1,2.126153260E-1,-7.520725131E-1
7.922095750E0,4.466593564E-1,1.586748511E-1,-6.867619753E-1
7.932136750E0,3.253167868E-1,1.267021149E-1,-5.601078272E-1
7.942176750E0,2.252005637E-1,1.341973096E-1,-3.992483914E-1
7.952217750E0,1.489594579E-1,1.657363474E-1,-2.356876880E-1
7.962257750E0,7.921339571E-2,2.333257794E-1,-9.686748683E-2
7.972298750E0,5.026691407E-2,2.807109654E-1,1.001462527E-2
7.982338750E0,9.998627007E-2,2.285263389E-1,1.082961932E-1
7.992379750E0,1.911857724E-1,3.192947432E-2,2.375539094E-1
8.002420750E0,2.560888529E-1,-2.411292344E-1,3.760427833E-1
8.012460750E0,2.832078338E-1,-4.626244009E-1,4.592462182E-1
8.022501750E0,3.101313114E-1,-6.641771793E-1,4.863750339E-1
8.032541750E0,3.218741119E-1,-7.739517093E-1,4.904379547E-1
8.042582750E0,2.192068696E-1,-5.853277445E-1,4.612334669E-1
8.052623750E0,9.983754717E-3,-1.583898813E-1,5.163543820E-1
8.062663750E0,-1.811062992E-1,3.181071877E-1,7.127372026E-1
8.072704750E0,-4.010578394E-1,7.492111325E-1,9.162216187E-1
8.082744750E0,-7.107946873E-1,9.826616645E-1,1.012939930E0
8.092785750E0,-1.007973075E0,8.929752111E-1,1.053371429E0
8.102825750E0,-1.085485458E0,4.878578186E-1,1.157474160E0
8.112866750E0,-1.045550942E0,-7.379035652E-2,1.165306807E0
8.122907750E0,-1.075443268E0,-4.007727504E-1,9.017319083E-1
8.132947750E0,-9.548815489E-1,-4.673973918E-1,5.596140623E-1
8.142988750E0,-5.970235467E-1,-3.669613302E-1,3.190558255E-1
8.153028750E0,-1.704858094E-1,-2.157694548E-1,1.236916557E-1
8.163069750E0,1.842264682E-1,-1.997798383E-1,-6.061719730E-2
8.173109750E0,3.765479326E-1,-3.470338881E-1,-2.355191112E-1
8.183150750E0,3.714421093E-1,-5.904664993E-1,-4.374780655E-1
8.193191750E0,2.037919462E-1,-8.285239339E-1,-6.389033198E-1
8.203231750E0,-6.900363415E-2,-9.604185820E-1,-8.299641013E-1
8.213272750E0,-3.459934294E-1,-9.396994114E-1,-9.488823414E-1
8.223312750E0,-5.394025445E-1,-7.731490135E-1,-9.601717591E-1
8.233353750E0,-6.780301332E-1,-5.500364304E-1,-8.941461444E-1
8.243394750E0,-7.524164915E-1,-3.413426578E-1,-8.239904642E-1
8.253434750E0,-7.939534187E-1,-1.383439004E-1,-8.168866038E-1
8.263475750E0,-7.915983796E-1,7.536146045E-2,-8.409757018E-1
8.273515750E0,-7.613793612E-1,2.289656848E-1,-8.263403177E-1
8.283556750E0,-7.405987382E-1,2.632778585E-1,-7.815651298E-1
8.293596750E0,-7.306197882E-1,1.982565522E-1,-7.140933871E-1
8.303637750E0,-7.388747931E-1,7.483555377E-2,-6.382641196E-1
8.313679000E0,-7.717639208E-1,-7.998615503E-2,-5.832870603E-1
8.323719000E0,-8.168733716E-1,-2.201864123E-1,-5.364993215E-1
8.333760000E0,-8.607440591E-1,-2.921584845E-1,-4.841881692E-1
8.343800000E0,-8.761792183E-1,-2.530760467E-1,-4.045751095E-1
8.353841000E0,-8.613479733E-1,-9.875800461E-2,-2.686689496E-1
8.363881000E0,-8.248110414E-1,1.126290783E-1,-1.156559587E-1
8.373922000E0,-7.717472315E-1,3.095338643E-1,2.698601596E-2
8.383963000E0,-7.083280683E-1,4.557200968E-1,1.552806050E-1
8.394003000E0,-6.344494820E-1,5.258125663E-1,2.635941803E-1
8.404044000E0,-5.592812300E-1,5.302320719E-1,3.363038003E-1
8.414084000E0,-4.945417047E-1,5.287331343E-1,3.561251760E-1
8.424125000E0,-4.551378489E-1,5.394587517E-1,3.320086300E-1
8.434165000E0,-4.199808538E-1,5.532943010E-1,3.145120740E-1
8.444206000E0,-3.898431957E-1,5.817552209E-1,3.018910885E-1
8.454247000E0,-3.591108620E-1,6.412339807E-1,2.738913894E-1
8.464287000E0,-3.080373406E-1,6.976786852E-1,2.257909924E-1
8.474328000E0,-2.403268218E-1,7.604381442E-1,1.633643508E-1
8.484368000E0,-1.829570085E-1,7.986683846E-1,1.291472614E-1
8.494409000E0,-1.684655845E-1,7.375649214E-1,1.497843564E-1
8.504449000E0,-1.769988835E-1,5.063543320E-1,1.721280217E-1
8.514490000E0,-2.018969059E-1,1.359265596E-1,9.181002527E-2
8.524531000E0,-2.541361451E-1,-3.153974712E-1,-1.655847728E-1
8.534571000E0,-3.122006953E-1,-7.635901570E-1,-5.539938807E-1
8.544612000E0,-3.482162058E-1,-1.031019926E0,-8.579670787E-1
8.554652000E0,-3.201379776E-1,-1.050256848E0,-9.628266692E-1
8.564693000E0,-2.825234830E-1,-9.888368845E-1,-9.427528381E-1
8.574733000E0,-2.788687646E-1,-8.803445101E-1,-8.686563373E-1
8.584774000E0,-2.809716165E-1,-5.899195671E-1,-8.191018701E-1
8.594815000E0,-2.310554981E-1,-1.630699039E-1,-8.702139258E-1
8.604855000E0,-1.666781157E-1,2.493016720E-1,-9.952208400E-1
8.614896000E0,-1.507605463E-1,5.681999326E-1,-1.134817362E0
8.624936000E0,-7.550681382E-2,4.850368202E-1,-1.173635602E0
8.634977000E0,7.057274878E-2,2.096115947E-1,-1.053153634E0
8.645017000E0,1.521331370E-1,2.110792696E-1,-7.766679525E-1
8.655058000E0,1.441215575E-1,1.812167764E-1,-4.248509407E-1
8.665099000E0,3.125678748E-2,-1.481211744E-2,-1.326747537E-1
8.675139000E0,-1.289578974E-1,-2.596910894E-1,8.238442242E-2
8.685180000E0,-2.053062022E-1,-4.120659828E-1,2.941685915E-1
8.695220000E0,-1.604549140E-1,-4.334300458E-1,5.253427029E-1
8.705261000E0,-4.683326930E-2,-3.837365210E-1,7.460172772E-1
8.715301000E0,6.874611229E-2,-3.341376185E-1,9.034449458E-1
8.725342000E0,1.604323685E-1,-3.246043026E-1,9.690673351E-1
8.735383000E0,2.549415529E-1,-3.276796937E-1,9.880823493E-1
8.745423000E0,3.481729627E-1,-3.322890699E-1,1.017046928E0
8.755464000E0,4.101149440E-1,-3.386744857E-1,1.051681757E0
8.765504000E0,4.635323584E-1,-2.873745561E-1,1.067601085E0
8.775545000E0,5.268411040E-1,-1.208101213E-1,1.064516544E0
8.785585000E0,5.872724652E-1,9.322440624E-2,1.030686378E0
8.795626000E0,6.553811431E-1,2.361562848E-1,9.829434156E-1
8.805667000E0,7.391796708E-1,2.739944756E-1,9.309358597E-1
8.815707000E0,8.329773545E-1,2.358322740E-1,8.547635674E-1
8.825748000E0,9.427120686E-1,1.806393266E-1,7.408950329E-1
8.835788000E0,1.075534821E0,1.803968251E-1,5.975998044E-1
8.845829000E0,1.223539710E0,2.981120050E-1,4.698986113E-1
8.855869000E0,1.372457981E0,5.324959755E-1,3.828292191E-1
8.865910000E0,1.474948049E0,7.941451669E-1,2.956245244E-1
8.875950000E0,1.516567111E0,9.587517381E-1,1.811537445E-1
8.885991000E0,1.475717187E0,1.002281427E0,6.385853142E-2
8.896032000E0,1.370139241E0,9.832015038E-1,-4.476181045E-2
8.906072000E0,1.243759990E0,8.505537510E-1,-1.091969907E-1
8.916113000E0,1.082533121E0,5.032553077E-1,-1.096213758E-1
8.926153000E0,8.909924030E-1,1.645406634E-1,-1.783338487E-1
8.936194000E0,7.346453667E-1,-3.449628502E-2,-3.634331524E-1
8.946234000E0,6.601594090E-1,-1.095886379E-1,-5.867950916E-1
8.956275000E0,6.527132988E-1,-8.790112287E-2,-7.128395438E-1
8.966316000E0,6.954512000E-1,-3.153132647E-2,-7.190425992E-1
8.976356000E0,7.268662453E-1,3.318796679E-2,-6.286492348E-1
8.986397000E0,7.268617153E-1,1.330969930E-1,-4.650219381E-1
8.996437000E0,7.217141390E-1,2.994526029E-1,-2.709864378E-1
9.006478000E0,7.260146141E-1,4.522266984E-1,-1.001861989E-1
9.016518000E0,7.832382917E-1,4.584462345E-1,1.616544649E-2
9.026559000E0,8.785482645E-1,2.636312246E-1,1.383744478E-1
9.036600000E0,9.179087281E-1,-2.781573310E-2,3.425410092E-1
9.046640000E0,8.865593076E-1,-3.032531738E-1,5.459508896E-1
9.056681000E0,7.647623420E-1,-4.151973426E-1,6.663618088E-1
9.066721000E0,5.265976787E-1,-2.887520492E-1,7.591090798E-1
9.076762000E0,2.800714672E-1,3.586789221E-2,8.649752140E-1
9.086802000E0,5.531959608E-2,5.238215923E-1,9.713495970E-1
9.096843000E0,-3.094679713E-1,7.879985571E-1,1.071532369E0
9.106884000E0,-8.042374849E-1,7.946274281E-1,1.162673473E0
9.116924000E0,-1.107413411E0,5.184163451E-1,1.200730920E0
9.126965000E0,-1.120444536E0,-8.873322606E-2,1.161972642E0
9.137005000E0,-1.012518048E0,-7.525613308E-1,1.028599381E0
9.147046000E0,-9.350723028E-1,-1.003302217E0,7.674052119E-1
9.157086000E0,-7.906422615E-1,-9.040986300E-1,4.331683815E-1
9.167127000E0,-4.169866741E-1,-6.894204617E-1,1.358110309E-1
9.177168000E0,1.144125611E-1,-5.617610812E-1,-4.512013495E-2
9.187208000E0,5.149027109E-1,-5.057430863E-1,-8.852327615E-2
9.197249000E0,5.847902298E-1,-4.684508145E-1,-1.180694625E-1
9.207289000E0,3.491780162E-1,-6.033510566E-1,-2.637976408E-1
9.217330000E0,2.039152198E-2,-7.944198847E-1,-4.723287225E-1
9.227370000E0,-2.785919905E-1,-8.667223454E-1,-6.899670362E-1
9.237411000E0,-5.244377255E-1,-7.756870985E-1,-8.409186602E-1
9.247451000E0,-6.934943795E-1,-5.956116319E-1,-8.670676947E-1
9.257492000E0,-8.021678329E-1,-3.788415194E-1,-8.077692986E-1
9.267533000E0,-8.767869473E-1,-1.606024057E-1,-7.650852203E-1
9.277573000E0,-9.044683576E-1,-3.926695883E-2,-7.789105177E-1
9.287614000E0,-9.006711841E-1,2.895923704E-2,-8.422591090E-1
9.297654000E0,-8.877109289E-1,8.454955369E-2,-9.304825664E-1
9.307695000E0,-8.670988679E-1,3.425043076E-2,-9.943640828E-1
9.317735000E0,-8.602285385E-1,-1.244960800E-1,-9.888102412E-1
9.327776000E0,-8.599779010E-1,-3.124497235E-1,-9.412829280E-1
9.337817000E0,-8.822271824E-1,-4.311003983E-1,-8.389871716E-1
9.347857000E0,-9.036344886E-1,-4.716278315E-1,-7.233465910E-1
9.357898000E0,-8.930855393E-1,-4.109379351E-1,-5.903887749E-1
9.367938000E0,-8.516041636E-1,-2.412349433E-1,-4.269572794E-1
9.377979000E0,-7.888822556E-1,-1.678805798E-2,-2.635817826E-1
9.388019000E0,-7.389687300E-1,1.881624311E-1,-1.273333877E-1
9.398060000E0,-7.073167562E-1,3.670454621E-1,-2.415589616E-2
9.408100000E0,-7.031297684E-1,5.369108915E-1,5.784469843E-2
9.418141000E0,-7.205085754E-1,7.057943344E-1,1.359393746E-1
9.428182000E0,-7.303340435E-1,8.022002578E-1,2.308160961E-1
9.438222000E0,-7.343914509E-1,7.837588191E-1,3.081586957E-1
9.448263000E0,-7.381177545E-1,7.446748018E-1,3.378076553E-1
9.458303000E0,-7.396213412E-1,7.141422033E-1,3.440551758E-1
9.468344000E0,-7.210401893E-1,6.981318593E-1,3.489889503E-1
9.478384000E0,-6.572816372E-1,6.845731139E-1,3.608245552E-1
9.488425000E0,-5.637141466E-1,6.310262680E-1,3.586314619E-1
9.498466000E0,-4.645785987E-1,5.754172802E-1,3.145707846E-1
9.508506000E0,-3.990699053E-1,5.875946283E-1,2.238222212E-1
9.518547000E0,-4.155565202E-1,6.390243173E-1,1.418300122E-1
9.528587000E0,-4.951632023E-1,5.836476088E-1,1.153909490E-1
9.538628000E0,-5.570858121E-1,3.506270647E-1,1.422352195E-1
9.548668000E0,-5.377991796E-1,-4.716102779E-2,9.982544929E-2
9.558709000E0,-4.272717237E-1,-5.549640059E-1,-1.363283694E-1
9.568749000E0,-3.173801005E-1,-1.028541923E0,-5.012258887E-1
9.578790000E0,-2.641713023E-1,-1.270442009E0,-8.180007935E-1
9.588831000E0,-1.960793138E-1,-1.182458639E0,-9.822084308E-1
9.598871000E0,-1.171584353E-1,-8.978291750E-1,-9.937399626E-1
9.608912000E0,-2.714119107E-2,-5.955861807E-1,-9.314371943E-1
9.618952000E0,9.116381407E-2,-2.854184508E-1,-8.860652447E-1
9.628993000E0,3.339567482E-1,7.360549271E-2,-9.520112276E-1
9.639033000E0,5.200441480E-1,4.297719598E-1,-1.126867533E0
9.649074000E0,5.082042813E-1,6.239805222E-1,-1.261839747E0
9.659115000E0,4.975640178E-1,3.515125811E-1,-1.147829771E0
9.669155000E0,5.705575943E-1,-1.850275323E-2,-9.151076674E-1
9.679196000E0,5.784465075E-1,-6.282242388E-2,-6.189545393E-1
9.689236000E0,4.356763363E-1,-3.790003806E-2,-2.800550461E-1
9.699277000E0,1.291653812E-1,-3.959993273E-2,5.460150540E-2
9.709317000E0,-1.931759864E-1,-1.992773265E-1,2.932108939E-1
9.719358000E0,-3.998515904E-1,-4.081817567E-1,4.688422084E-1
9.729398000E0,-4.239979386E-1,-6.077499390E-1,5.858285427E-1
9.739439000E0,-3.234921694E-1,-6.918571591E-1,6.737924814E-1
9.749480000E0,-1.956801713E-1,-6.432065368E-1,7.424631119E-1
9.759520000E0,-8.965253830E-2,-5.292900801E-1,7.617666125E-1
9.769561000E0,1.143253129E-2,-4.453173876E-1,7.150102854E-1
9.779601000E0,1.290545613E-1,-3.698438406E-1,6.659097672E-1
9.789642000E0,2.527440190E-1,-2.979656458E-1,6.646929383E-1
9.799682000E0,3.653074503E-1,-2.412927300E-1,6.958821416E-1
9.809723000E0,4.718227088E-1,-1.619260162E-1,7.466832399E-1
9.819763000E0,5.792964101E-1,-8.450826630E-3,7.719907761E-1
9.829804000E0,6.783175468E-1,1.122316495E-1,7.708832026E-1
9.839845000E0,7.514514327E-1,1.475109309E-1,7.563404441E-1
9.849885000E0,8.110843897E-1,1.151135787E-1,7.346771955E-1
9.859926000E0,8.695785999E-1,3.691803291E-2,6.957732439E-1
9.869966000E0,9.310422540E-1,-1.059648674E-2,6.478770971E-1
9.880007000E0,1.004544497E0,4.827011749E-2,6.120487452E-1
9.890047000E0,1.069543719E0,2.242571265E-1,5.577554107E-1
9.900088000E0,1.103222609E0,4.840389490E-1,4.668733478E-1
9.910128000E0,1.110795259E0,7.207342982E-1,3.461450636E-1
9.920169000E0,1.097618103E0,8.312126994E-1,2.178997397E-1
9.930210000E0,1.103508711E0,8.697978854E-1,9.122835845E-2
9.940250000E0,1.120414376E0,7.802667618E-1,1.958372816E-2
9.950291000E0,1.120650291E0,6.044347286E-1,-3.517299145E-2
9.960331000E0,1.088915944E0,4.808871448E-1,-1.604359895E-1
9.970372000E0,1.005158782E0,4.170322716E-1,-3.556408882E-1
9.980412000E0,8.913431764E-1,3.602074683E-1,-5.363924503E-1
9.990453000E0,7.935671210E-1,2.955107689E-1,-6.282389760E-1
1.000049300E1,7.275729775E-1,2.756330967E-1,-6.295943856E-1
1.001053400E1,6.802613735E-1,2.914197743E-1,-5.701861978E-1
1.002057500E1,6.145303249E-1,3.457979262E-1,-4.738202393E-1
1.003061500E1,5.201449394E-1,3.872108757E-1,-3.581008315E-1
1.004065600E1,4.609761238E-1,3.853033185E-1,-2.070033550E-1
1.005069600E1,4.702524543E-1,2.601786852E-1,-3.175803646E-2
1.006073700E1,5.192305446E-1,-3.001047997E-3,1.741691679E-1
1.007077700E1,5.406639576E-1,-2.915534675E-1,4.063779116E-1
1.008081800E1,5.336774588E-1,-5.811535120E-1,6.114808917E-1
1.009085800E1,4.977343380E-1,-8.075741529E-1,7.626235485E-1
1.010089900E1,3.539662063E-1,-7.200744748E-1,7.845994830E-1
1.011094000E1,1.103189141E-1,-3.684074879E-1,6.685080528E-1
1.012098000E1,-1.280062348E-1,1.460414976E-1,6.365164518E-1
1.013102100E1,-4.326497614E-1,7.271313071E-1,7.494875193E-1
1.014106100E1,-8.254611492E-1,1.107823253E0,9.171097875E-1
1.015110200E1,-1.119774580E0,9.317882657E-1,1.077396274E0
1.016114200E1,-1.209519386E0,4.934147298E-1,1.152770519E0
1.017118300E1,-1.143901944E0,-3.804968297E-2,1.020687580E0
1.018122300E1,-1.139771700E0,-4.736034572E-1,6.961023808E-1
1.019126400E1,-1.050696373E0,-5.720112920E-1,3.615531921E-1
1.020130400E1,-7.282282710E-1,-4.623167515E-1,1.673322916E-1
1.021134500E1,-3.108376861E-1,-3.585147262E-1,7.235756516E-2
1.022138600E1,3.775074333E-2,-3.835909665E-1,1.571360230E-2
1.023142600E1,2.282234877E-1,-4.814549387E-1,-5.058552697E-2
1.024146700E1,2.100092471E-1,-6.521250606E-1,-1.688607633E-1
1.025150700E1,5.029734969E-2,-8.336042762E-1,-3.307063878E-1
1.026154800E1,-1.584895700E-1,-9.279729128E-1,-5.311809182E-1
1.027158800E1,-3.791380525E-1,-8.200078607E-1,-7.178578377E-1
1.028162900E1,-5.220943093E-1,-5.774663687E-1,-7.964134812E-1
1.029166900E1,-5.913594365E-1,-3.096362948E-1,-7.927047610E-1
1.030171000E1,-6.145728230E-1,-1.130954549E-1,-7.894388437E-1
1.031175100E1,-5.991730690E-1,-4.512255080E-3,-8.209613562E-1
1.032179100E1,-5.676850080E-1,4.579251632E-2,-8.702762723E-1
1.033183200E1,-5.358993411E-1,4.255730659E-2,-9.199104309E-1
1.034187200E1,-5.173064470E-1,7.268062793E-3,-9.340469241E-1
1.035191300E1,-5.183725357E-1,-7.280067354E-2,-8.804521561E-1
1.036195300E1,-5.570423603E-1,-2.072152048E-1,-7.845219970E-1
1.037199400E1,-6.287458539E-1,-3.197569549E-1,-6.600985527E-1
1.038203400E1,-7.113386989E-1,-3.831691444E-1,-5.430707335E-1
1.039207500E1,-7.791746855E-1,-3.764159083E-1,-4.492629766E-1
1.040211500E1,-8.158899546E-1,-3.039725721E-1,-3.566742539E-1
1.041215600E1,-7.984084487E-1,-1.551910788E-1,-2.436528802E-1
1.042219700E1,-7.346374989E-1,7.518726587E-2,-1.132592857E-1
1.043223700E1,-6.570079923E-1,3.331895173E-1,-2.443024656E-3
1.044227800E1,-5.968441963E-1,5.585910082E-1,7.269898057E-2
1.045231800E1,-5.735692382E-1,7.276013494E-1,1.369014084E-1
1.046235900E1,-5.727957487E-1,7.878741622E-1,2.170226127E-1
1.047239900E1,-6.211595535E-1,8.238952756E-1,2.785834372E-1
1.048244000E1,-6.863559484E-1,8.445236087E-1,3.397446573E-1
1.049248000E1,-7.347782850E-1,8.498307467E-1,4.064794779E-1
1.050252100E1,-7.467728853E-1,8.287299871E-1,4.510007501E-1
1.051256100E1,-7.086361051E-1,7.457788587E-1,4.591793120E-1
1.052260200E1,-6.513427496E-1,6.274771094E-1,4.434959590E-1
1.053264300E1,-5.848087072E-1,4.991647005E-1,3.882872760E-1
1.054268300E1,-5.326932669E-1,4.355755448E-1,2.718428671E-1
1.055272400E1,-5.296847224E-1,4.326290190E-1,1.483105272E-1
1.056276400E1,-5.537493229E-1,3.482572138E-1,7.683365047E-2
1.057280500E1,-5.375304222E-1,1.019286737E-1,7.384319603E-2
1.058284500E1,-4.787859619E-1,-3.065083325E-1,4.472329468E-2
1.059288600E1,-3.881503344E-1,-7.911466956E-1,-1.373407841E-1
1.060292600E1,-2.905673981E-1,-1.172704101E0,-4.893900454E-1
1.061296700E1,-2.074109912E-1,-1.225165725E0,-8.250434399E-1
1.062300700E1,-9.447410703E-2,-9.133372903E-1,-9.929479361E-1
1.063304800E1,1.006391868E-1,-4.220142066E-1,-1.022612095E0
1.064308900E1,3.376759589E-1,6.188490242E-2,-1.026504636E0
1.065312900E1,5.626310706E-1,4.125419855E-1,-1.094448566E0
1.066317000E1,7.074311376E-1,4.831519723E-1,-1.223247528E0
1.067321000E1,7.448351979E-1,2.618946731E-1,-1.261908054E0
1.068325100E1,6.987594366E-1,-4.859497026E-2,-1.171994805E0
1.069329100E1,7.330169678E-1,-1.471010447E-1,-1.008327007E0
1.070333200E1,7.879199386E-1,-6.681811064E-2,-6.611477137E-1
1.071337200E1,7.096924782E-1,-2.576542320E-3,-2.351287454E-1
1.072341300E1,4.878836274E-1,4.633826669E-3,1.162945256E-1
1.073345300E1,1.746519506E-1,-3.793706745E-2,3.538684845E-1
1.074349400E1,-1.274812669E-1,-9.323095530E-2,5.190547705E-1
1.075353400E1,-3.301345110E-1,-1.469660848E-1,6.245545745E-1
1.076357500E1,-3.714843392E-1,-1.688038260E-1,7.057716846E-1
1.077361600E1,-2.584278286E-1,-1.304734796E-1,7.974736691E-1
1.078365600E1,-8.053939790E-2,-4.668283090E-2,8.306028843E-1
1.079369700E1,8.370812982E-2,2.641880885E-2,7.685036063E-1
1.080373700E1,2.337836772E-1,4.427067190E-2,6.688088179E-1
1.081377800E1,3.632290065E-1,1.642119512E-2,5.893424749E-1
1.082381800E1,4.522127807E-1,-2.486200072E-2,5.578522086E-1
1.083385900E1,5.174623728E-1,-5.743379518E-2,5.591247082E-1
1.084389900E1,5.839506984E-1,-6.593906879E-2,5.385740995E-1
1.085394000E1,6.655260324E-1,-1.103813648E-1,5.041484833E-1
1.086398000E1,7.731842399E-1,-1.231034473E-1,4.884900451E-1
1.087402100E1,8.819861412E-1,-1.284502745E-1,5.317445993E-1
1.088406200E1,9.860391021E-1,-1.730998605E-1,6.171754003E-1
1.089410200E1,1.066516042E0,-2.248184532E-1,6.977325678E-1
1.090414300E1,1.107373595E0,-2.514905334E-1,7.057710886E-1
1.091418300E1,1.109097719E0,-1.921459734E-1,6.558719873E-1
1.092422400E1,1.095653534E0,-2.084066626E-3,5.619390011E-1
1.093426400E1,1.068510294E0,3.077515662E-1,4.332843125E-1
1.094430500E1,1.029473186E0,6.155456901E-1,2.806670666E-1
1.095434500E1,1.000944614E0,8.331065178E-1,1.390777081E-1
1.096438600E1,9.777745605E-1,9.669523835E-1,3.290981753E-3
1.097442600E1,9.754499197E-1,8.535779119E-1,-6.306248158E-2
1.098446700E1,9.550957084E-1,5.698860884E-1,-6.978878379E-2
1.099450700E1,8.356286883E-1,3.649947047E-1,-1.913761944E-1
1.100454800E1,6.753833890E-1,2.767418921E-1,-4.028217793E-1
1.101458900E1,5.548116565E-1,2.508445382E-1,-5.852273107E-1
1.102462900E1,4.913913906E-1,2.316216677E-1,-6.795948744E-1
1.103467000E1,4.444406629E-1,2.319926471E-1,-6.777256131E-1
1.104471000E1,3.868729174E-1,2.360564023E-1,-5.909036398E-1
1.105475100E1,3.212108314E-1,1.843924075E-1,-4.408952296E-1
1.106479100E1,2.408916652E-1,1.049462482E-1,-2.558264434E-1
1.107483200E1,1.753347516E-1,6.284650881E-3,-6.468524784E-2
1.108487200E1,1.883264333E-1,-1.674528420E-1,1.184304804E-1
1.109491300E1,2.425118983E-1,-3.789046109E-1,2.985603213E-1
1.110495300E1,2.822202146E-1,-5.637874007E-1,4.665620923E-1
1.111499400E1,2.789807618E-1,-6.222328544E-1,5.757545829E-1
1.112503400E1,1.350397021E-1,-4.590981007E-1,6.302623749E-1
1.113507500E1,-6.454718858E-2,-1.287396252E-1,7.504774332E-1
1.114511500E1,-2.129323334E-1,3.688671589E-1,9.228028655E-1
1.115515600E1,-4.710035622E-1,7.145638466E-1,1.094665408E0
1.116519700E1,-9.361956716E-1,7.705550790E-1,1.265911698E0
1.117523700E1,-1.280419946E0,6.044017673E-1,1.317219615E0
1.118527800E1,-1.387165666E0,2.825697660E-1,1.193919182E0
1.119531800E1,-1.364634037E0,-7.721877098E-2,9.704732895E-1
1.120535900E1,-1.229534388E0,-2.730211616E-1,7.113545537E-1
1.121539900E1,-9.514311552E-1,-3.762242496E-1,4.305513799E-1
1.122544000E1,-4.633830488E-1,-4.466320574E-1,2.156972587E-1
1.123548000E1,1.316259950E-1,-4.243480563E-1,1.067428142E-1
1.124552100E1,5.841267705E-1,-3.731672168E-1,1.672046445E-2
1.125556100E1,7.206891775E-1,-3.855463862E-1,-1.226683259E-1
1.126560200E1,5.693730712E-1,-5.321172476E-1,-3.208813667E-1
1.127564200E1,3.163008392E-1,-7.139152288E-1,-5.192866325E-1
1.128568300E1,2.818741649E-2,-7.660093307E-1,-6.817285419E-1
1.129572300E1,-2.423767000E-1,-7.041419744E-1,-8.435552120E-1
1.130576400E1,-4.220270514E-1,-5.804023147E-1,-9.296461940E-1
1.131580479E1,-5.417677760E-1,-3.773813248E-1,-9.217739105E-1
1.132584479E1,-6.332131028E-1,-1.446008682E-1,-8.886914253E-1
1.133588579E1,-6.965680718E-1,1.088513155E-2,-8.863171935E-1
1.134592579E1,-7.191194296E-1,1.134986579E-1,-9.256975055E-1
1.135596679E1,-7.236763239E-1,1.896203309E-1,-9.994662404E-1
1.136600679E1,-7.232317924E-1,1.914999783E-1,-1.039096117E0
1.137604779E1,-7.437056303E-1,7.554355264E-2,-1.020719528E0
1.138608779E1,-7.785770893E-1,-1.029596701E-1,-9.644996524E-1
1.139612879E1,-8.401344419E-1,-2.793405652E-1,-8.473503590E-1
1.140616879E1,-9.059590697E-1,-4.233494401E-1,-7.077614069E-1
1.141620979E1,-9.721034765E-1,-4.561965764E-1,-5.768364072E-1
1.142624979E1,-1.003230810E0,-3.598706126E-1,-4.562369883E-1
1.143629079E1,-9.627763033E-1,-1.894943416E-1,-3.040376008E-1
1.144633079E1,-9.012372494E-1,-1.306983177E-4,-1.382583082E-1
1.145637179E1,-8.568434715E-1,1.617487520E-1,9.143659845E-3
1.146641279E1,-8.207400441E-1,3.009185791E-1,1.488487273E-1
1.147645279E1,-7.751091719E-1,3.718377650E-1,3.167578578E-1
1.148649379E1,-7.289711833E-1,3.682403564E-1,4.774144292E-1
1.149653379E1,-6.848684549E-1,3.550561070E-1,5.704040527E-1
1.150657479E1,-6.226399541E-1,3.649343848E-1,5.808766484E-1
1.151661479E1,-5.615997314E-1,4.712586999E-1,5.252341628E-1
1.152665579E1,-5.098031759E-1,6.316968203E-1,4.543195069E-1
1.153669579E1,-4.689087570E-1,7.519116402E-1,3.898329139E-1
1.154673679E1,-4.328569770E-1,7.799918652E-1,3.116725981E-1
1.155677679E1,-3.611697555E-1,7.376313210E-1,2.213991731E-1
1.156681779E1,-2.586455345E-1,6.767229438E-1,1.383057684E-1
1.157685779E1,-1.940066218E-1,6.219425201E-1,9.720414132E-2
1.158689879E1,-1.792244464E-1,5.107757449E-1,1.346944720E-1
1.159693879E1,-1.620819420E-1,2.670887709E-1,1.932038516E-1
1.160697979E1,-1.361083388E-1,-1.096132919E-1,1.461911500E-1
1.161701979E1,-1.144392490E-1,-5.579958558E-1,-1.760822386E-1
1.162706079E1,-8.298856020E-2,-8.815562129E-1,-5.315896273E-1
1.163710179E1,-4.871927202E-2,-9.883763790E-1,-7.680407763E-1
1.164714179E1,1.205272041E-2,-9.401616454E-1,-8.852995038E-1
1.165718279E1,7.872442156E-2,-8.251698017E-1,-8.843942881E-1
1.166722279E1,1.246532351E-1,-6.276949048E-1,-8.129150271E-1
1.167726379E1,1.694297642E-1,-3.517844975E-1,-7.603064179E-1
1.168730379E1,2.993631959E-1,-2.062167227E-2,-7.605721951E-1
1.169734479E1,4.634735882E-1,3.046243191E-1,-8.351441622E-1
1.170738479E1,5.131907463E-1,4.608385563E-1,-9.613949656E-1
1.171742579E1,4.922601879E-1,3.325844407E-1,-1.012133479E0
1.172746579E1,5.850769281E-1,-7.873935252E-2,-8.916359544E-1
1.173750679E1,6.236064434E-1,-1.331264228E-1,-7.040231824E-1
1.174754679E1,5.498964787E-1,-5.765412375E-2,-4.536307752E-1
1.175758779E1,3.280918896E-1,1.043278724E-2,-1.959659457E-1
1.176762779E1,2.916520834E-2,-6.549455971E-2,5.227192864E-2
1.177766879E1,-2.231096476E-1,-2.196537703E-1,2.828406990E-1
1.178770879E1,-3.361145854E-1,-3.912995756E-1,4.696987271E-1
1.179774979E1,-3.109048307E-1,-5.375244021E-1,6.249538064E-1
1.180779079E1,-2.184013724E-1,-5.666848421E-1,7.234033942E-1
1.181783079E1,-1.080192178E-1,-4.910137951E-1,7.444785833E-1
1.182787179E1,8.360227570E-3,-3.963316679E-1,7.292358875E-1
1.183791179E1,1.178518385E-1,-3.414297998E-1,7.081156969E-1
1.184795279E1,2.234315276E-1,-3.387957811E-1,7.086309791E-1
1.185799279E1,3.153132498E-1,-3.372591436E-1,7.475344539E-1
1.186803379E1,3.972575665E-1,-3.030817509E-1,8.075408936E-1
1.187807379E1,4.873027802E-1,-1.883719414E-1,8.298091888E-1
1.188811479E1,5.819640160E-1,-3.208936378E-2,8.203147650E-1
1.189815479E1,6.684418917E-1,7.920893282E-2,8.052676320E-1
1.190819579E1,7.479092479E-1,1.208886653E-1,7.967644930E-1
1.191823579E1,8.241693974E-1,9.738919884E-2,7.927920818E-1
1.192827679E1,8.936005831E-1,3.310330212E-2,7.734222412E-1
1.193831679E1,9.511906505E-1,-6.562616210E-3,7.254547477E-1
1.194835779E1,1.005477428E0,7.358871400E-2,6.573171020E-1
1.195839779E1,1.057830930E0,2.786345482E-1,5.503717065E-1
1.196843879E1,1.093917966E0,5.627781749E-1,3.983997703E-1
1.197847879E1,1.107700348E0,7.999403477E-1,2.366454899E-1
1.198851979E1,1.099786878E0,9.597039819E-1,9.359779954E-2
1.199855979E1,1.098677874E0,8.646810651E-1,4.068265110E-2
1.200860079E1,1.074233174E0,6.298505664E-1,-2.578248736E-3
1.201864179E1,9.777391553E-1,4.967801273E-1,-1.734392047E-1
1.202868179E1,8.556596041E-1,4.477030635E-1,-3.826883137E-1
1.203872279E1,7.385686636E-1,3.695576787E-1,-5.298407674E-1
1.204876279E1,6.256493330E-1,2.746341825E-1,-6.016783118E-1
1.205880379E1,5.456873775E-1,2.035648078E-1,-6.060783863E-1
1.206884379E1,4.867824614E-1,1.481900215E-1,-5.430290103E-1
1.207888479E1,4.253100455E-1,1.239134371E-1,-4.219462574E-1
1.208892479E1,3.744294047E-1,1.472174078E-1,-2.559008598E-1
1.209896579E1,3.431191742E-1,1.674465090E-1,-9.863266349E-2
1.210900579E1,3.436463475E-1,1.200284213E-1,2.352495678E-2
1.211904679E1,4.189280570E-1,-1.114351675E-1,1.269368380E-1
1.212908679E1,4.969019592E-1,-3.706347644E-1,2.520068884E-1
1.213912779E1,5.025238991E-1,-5.113199949E-1,3.775999546E-1
1.214916779E1,4.607973099E-1,-5.800609589E-1,4.612956643E-1
1.215920879E1,3.408679664E-1,-5.296041369E-1,4.851906002E-1
1.216924879E1,1.153929159E-1,-2.597567141E-1,5.115379095E-1
1.217928979E1,-5.603982508E-2,1.854790896E-1,6.790310144E-1
1.218932979E1,-2.343363017E-1,5.276045799E-1,9.144092798E-1
1.219937079E1,-5.416480899E-1,5.786248446E-1,1.088496566E0
1.220941079E1,-8.569707274E-1,4.718000293E-1,1.239701152E0
1.221945179E1,-1.008295894E0,1.932288855E-1,1.243350983E0
1.222949179E1,-9.827316999E-1,-2.001875341E-1,1.143932462E0
1.223953279E1,-8.290981650E-1,-4.365630746E-1,9.990592003E-1
1.224957279E1,-5.608487129E-1,-5.229057670E-1,7.436912060E-1
1.225961379E1,-1.112317890E-1,-5.804148912E-1,4.164547324E-1
1.226965479E1,4.164067805E-1,-6.184945107E-1,1.490065455E-1
1.227969479E1,8.140433431E-1,-6.561276317E-1,-8.935223520E-2
1.228973579E1,9.245409966E-1,-7.399362922E-1,-3.173711300E-1
1.229977579E1,7.384712696E-1,-8.779253364E-1,-4.912649095E-1
1.230981679E1,3.795973361E-1,-9.980514050E-1,-6.184349060E-1
1.231985667E1,-2.326089889E-2,-9.755908251E-1,-7.685831785E-1
1.232989767E1,-3.568442166E-1,-8.102078438E-1,-8.865870237E-1
1.233993767E1,-5.703138709E-1,-5.727002025E-1,-9.332139492E-1
1.234997867E1,-7.083972692E-1,-3.319226503E-1,-9.119396806E-1
1.236001867E1,-8.025125861E-1,-1.109495386E-1,-8.893254399E-1
1.237005967E1,-8.609585166E-1,6.690921634E-2,-9.180421233E-1
1.238009967E1,-8.596245646E-1,2.004963011E-1,-9.572547674E-1
1.239014067E1,-8.217208385E-1,2.612601817E-1,-9.737129211E-1
1.240018067E1,-7.887088060E-1,2.587333620E-1,-9.893094301E-1
1.241022167E1,-7.675985098E-1,1.597302705E-1,-9.997622371E-1
1.242026167E1,-7.638189793E-1,4.491944332E-3,-9.614813924E-1
1.243030267E1,-7.755932212E-1,-1.575381011E-1,-8.714352846E-1
1.244034267E1,-7.992793918E-1,-2.886678874E-1,-7.479913831E-1
1.245038367E1,-8.113126755E-1,-3.362708986E-1,-6.103032827E-1
1.246042367E1,-8.047828674E-1,-2.453109026E-1,-4.460597336E-1
1.247046467E1,-8.006834984E-1,-6.441965699E-2,-2.684878111E-1
1.248050467E1,-8.199567795E-1,1.268432438E-1,-1.068179235E-1
1.249054567E1,-8.463315368E-1,2.667572200E-1,5.107452348E-2
1.250058567E1,-8.493129611E-1,3.140105009E-1,2.131502479E-1
1.251062667E1,-8.182850480E-1,3.613931537E-1,3.703869581E-1
1.252066667E1,-7.577950358E-1,4.517496824E-1,4.869583249E-1
1.253070767E1,-6.778268814E-1,5.379208922E-1,5.405921340E-1
1.254074867E1,-5.970116258E-1,6.515872478E-1,5.527632833E-1
1.255078867E1,-5.178100467E-1,7.684862018E-1,5.559141040E-1
1.256082967E1,-4.444727600E-1,8.162302971E-1,5.532016754E-1
1.257086967E1,-3.879849911E-1,7.563145161E-1,5.109360814E-1
1.258091067E1,-3.419431746E-1,6.369529963E-1,4.001908600E-1
1.259095067E1,-3.086856902E-1,5.837434530E-1,2.607777715E-1
1.260099167E1,-3.100769222E-1,6.223837733E-1,1.398497522E-1
1.261103167E1,-3.415099680E-1,6.046051383E-1,1.032518670E-1
1.262107267E1,-3.639447093E-1,3.900898993E-1,1.359592080E-1
1.263111267E1,-3.332410455E-1,-8.545605466E-3,1.246772707E-1
1.264115367E1,-2.810066044E-1,-5.336543918E-1,-8.788052946E-2
1.265119367E1,-2.373711020E-1,-1.015808225E0,-5.015332699E-1
1.266123467E1,-2.024248391E-1,-1.147070169E0,-8.222181201E-1
1.267127467E1,-1.615789235E-1,-9.806249738E-1,-1.008464932E0
1.268131567E1,-8.425164968E-2,-7.139027119E-1,-1.080591321E0
1.269135567E1,2.824898064E-2,-4.116910398E-1,-1.061849117E0
1.270139667E1,1.340619624E-1,-1.166285053E-1,-1.024996758E0
1.271143667E1,2.943248451E-1,2.253095955E-1,-1.044196486E0
1.272147767E1,4.269191027E-1,5.828005672E-1,-1.153949022E0
1.273151767E1,4.475786984E-1,6.689743996E-1,-1.194756508E0
1.274155867E1,4.311866760E-1,3.050028682E-1,-1.043999553E0
1.275159867E1,4.155772626E-1,3.314694390E-2,-9.277665019E-1
1.276163967E1,4.362418056E-1,-2.115571126E-2,-6.942535639E-1
1.277167967E1,3.629374802E-1,-8.881907910E-3,-3.975148797E-1
1.278172067E1,1.436250955E-1,1.909699477E-2,-1.123326793E-1
1.279176067E1,-1.396024525E-1,-8.436209708E-2,1.212040260E-1
1.280180167E1,-3.550702929E-1,-2.463922948E-1,3.460382223E-1
1.281184167E1,-4.223941863E-1,-4.043007791E-1,5.402473807E-1
1.282188267E1,-3.619529307E-1,-4.916782975E-1,6.795994639E-1
1.283192267E1,-2.114817649E-1,-4.442102313E-1,7.842122316E-1
1.284196367E1,-3.795072064E-2,-3.265576363E-1,8.506378531E-1
1.285200367E1,1.253744960E-1,-2.322810441E-1,8.509103060E-1
1.286204467E1,2.848309875E-1,-1.834711581E-1,8.110441566E-1
1.287208467E1,4.152197242E-1,-1.543473750E-1,7.811072469E-1
1.288212567E1,5.161474347E-1,-1.550480574E-1,7.805549502E-1
1.289216567E1,5.810896754E-1,-1.425703913E-1,7.795636058E-1
1.290220667E1,6.289948821E-1,-1.089999080E-1,7.379594445E-1
1.291224667E1,6.773492098E-1,-9.041754901E-2,6.728762388E-1
1.292228767E1,7.231912613E-1,-8.766117692E-2,6.160750389E-1
1.293232867E1,7.506091595E-1,-9.735733271E-2,5.804550052E-1
1.294236867E1,7.753805518E-1,-1.133450866E-1,5.583185554E-1
1.295240967E1,7.857307792E-1,-1.105816737E-1,5.584711432E-1
1.296244967E1,7.878288627E-1,-3.854316473E-2,5.358970761E-1
1.297249067E1,8.066530228E-1,1.744190603E-1,4.881344736E-1
1.298253067E1,8.613964319E-1,4.956713915E-1,4.040251970E-1
1.299257167E1,9.280425310E-1,8.425878286E-1,2.961669564E-1
1.300261167E1,9.849830866E-1,1.111786366E0,1.999916732E-1
1.301265267E1,1.038485765E0,1.279887915E0,1.181148887E-1
1.302269267E1,1.062188148E0,1.353719592E0,4.217245430E-2
1.303273367E1,1.058304429E0,1.149359345E0,1.876689494E-2
1.304277367E1,1.003348708E0,8.250145912E-1,-6.558553874E-2
1.305281467E1,9.029651880E-1,6.094418764E-1,-2.303602844E-1
1.306285467E1,8.150244355E-1,4.535468221E-1,-3.848918080E-1
1.307289567E1,7.532173395E-1,2.753964961E-1,-4.922191501E-1
1.308293567E1,6.753992438E-1,9.016804397E-2,-5.354419947E-1
1.309297667E1,5.429903865E-1,-4.430820420E-2,-5.177049041E-1
1.310301667E1,3.801327646E-1,-6.398283690E-2,-4.264796972E-1
1.311305767E1,2.451906651E-1,2.130592242E-2,-2.723111808E-1
1.312309767E1,1.623008400E-1,2.045375258E-1,-1.024883389E-1
1.313313867E1,1.609741449E-1,3.285015821E-1,5.238434300E-2
1.314317867E1,2.749403715E-1,1.539380252E-1,1.660139561E-1
1.315321967E1,4.145169258E-1,-1.522019356E-1,2.927577794E-1
1.316325967E1,4.983875751E-1,-3.564919531E-1,3.990682662E-1
1.317330067E1,5.166888237E-1,-4.716650546E-1,4.312114716E-1
1.318334067E1,4.254553616E-1,-4.999840558E-1,4.041790366E-1
1.319338167E1,2.095307559E-1,-3.570671976E-1,3.509864807E-1
1.320342167E1,2.539420500E-2,4.822916165E-2,4.365431964E-1
1.321346267E1,-8.571513742E-2,5.140821934E-1,6.304979920E-1
1.322350267E1,-3.428465426E-1,7.423398495E-1,8.460478783E-1
1.323354367E1,-6.503306627E-1,7.051771879E-1,1.005719543E0
1.324358367E1,-8.365460634E-1,4.535683990E-1,1.070307374E0
1.325362467E1,-8.900868893E-1,7.417806983E-2,1.039952397E0
1.326366467E1,-9.189467430E-1,-2.916870117E-1,9.017436504E-1
1.327370567E1,-9.348915219E-1,-4.917763472E-1,6.795570254E-1
1.328374567E1,-7.883105874E-1,-4.525165558E-1,4.528051317E-1
1.329378667E1,-4.621093571E-1,-3.612087965E-1,2.603375316E-1
1.330382667E1,-1.014542431E-1,-2.954484224E-1,1.308759600E-1
1.331386767E1,1.677376926E-1,-2.748768926E-1,2.029420994E-2
1.332390775E1,2.290021181E-1,-2.764374912E-1,-1.194631606E-1
1.333394875E1,8.987469971E-2,-3.552073538E-1,-3.068012595E-1
1.334398875E1,-1.559936404E-1,-5.057151318E-1,-5.111197829E-1
1.335402975E1,-4.384123385E-1,-6.292915344E-1,-7.184801102E-1
1.336406975E1,-7.125946283E-1,-6.620718241E-1,-8.892337680E-1
1.337411075E1,-8.966149092E-1,-5.999629498E-1,-9.473572969E-1
1.338415075E1,-9.986150265E-1,-4.915704131E-1,-9.324587584E-1
1.339419175E1,-1.051510096E0,-3.698915243E-1,-9.080165625E-1
1.340423175E1,-1.056224942E0,-2.272318751E-1,-9.241337180E-1
1.341427275E1,-1.010098100E0,-9.794735909E-2,-9.821498990E-1
1.342431275E1,-9.277253747E-1,-4.284415767E-2,-1.028972149E0
1.343435375E1,-8.662271500E-1,-3.884206712E-2,-1.025928974E0
1.344439375E1,-8.448171616E-1,-8.884717524E-2,-9.931572080E-1
1.345443475E1,-8.692069054E-1,-1.666597724E-1,-9.072262645E-1
1.346447475E1,-9.160806537E-1,-2.135718912E-1,-7.902913690E-1
1.347451575E1,-9.546442032E-1,-1.952011734E-1,-6.427175999E-1
1.348455575E1,-9.760856032E-1,-1.167391315E-1,-4.944309294E-1
1.349459675E1,-9.654412270E-1,-1.223870832E-2,-3.556327224E-1
1.350463675E1,-9.185797572E-1,1.353709996E-1,-2.123256177E-1
1.351467775E1,-8.674435019E-1,2.767617404E-1,-5.915139243E-2
1.352471775E1,-8.277474642E-1,4.030789137E-1,8.179454505E-2
1.353475875E1,-7.872633934E-1,5.214436054E-1,2.089678943E-1
1.354479875E1,-7.287971377E-1,5.997709036E-1,3.354794979E-1
1.355483975E1,-6.332821250E-1,5.520467162E-1,4.636930525E-1
1.356487975E1,-5.371260047E-1,4.836293459E-1,5.361123681E-1
1.357492075E1,-4.477810264E-1,4.877854884E-1,5.516749024E-1
1.358496075E1,-3.636341989E-1,5.476560593E-1,5.540765524E-1
1.359500175E1,-2.843326628E-1,6.270485520E-1,5.558133721E-1
1.360504175E1,-2.159573436E-1,6.664670706E-1,5.712346435E-1
1.361508275E1,-1.653757691E-1,6.230216622E-1,5.664446354E-1
1.362512275E1,-1.210650355E-1,5.351232290E-1,4.981132448E-1
1.363516375E1,-9.460264444E-2,4.783370197E-1,3.856382370E-1
1.364520375E1,-1.220987141E-1,4.361514747E-1,2.799408436E-1
1.365524475E1,-2.119979411E-1,3.309406638E-1,1.983768195E-1
1.366528475E1,-2.758573592E-1,1.193139106E-1,1.295996308E-1
1.367532575E1,-2.702963054E-1,-2.043647319E-1,2.319449931E-2
1.368536575E1,-2.039782554E-1,-6.188546419E-1,-1.926858723E-1
1.369540675E1,-1.237593219E-1,-9.920966625E-1,-5.307145715E-1
1.370544675E1,-7.668022066E-2,-1.105268955E0,-8.432615399E-1
1.371548775E1,-2.310428023E-2,-9.243746400E-1,-1.028328061E0
1.372552775E1,3.619206324E-2,-5.832442045E-1,-1.088384509E0
1.373556875E1,1.160830855E-1,-2.049710155E-1,-1.050638676E0
1.374560875E1,2.241981179E-1,1.281353086E-1,-1.003024220E0
1.375564975E1,3.774210513E-1,4.449554086E-1,-1.060784817E0
1.376568975E1,4.859288931E-1,6.180680394E-1,-1.161477923E0
1.377573075E1,4.983714819E-1,3.998486996E-1,-1.105406523E0
1.378577075E1,4.856048226E-1,4.134410247E-2,-9.805502892E-1
1.379581175E1,5.323044062E-1,-5.204017460E-2,-7.810028195E-1
1.380585175E1,5.691409707E-1,-9.533460252E-3,-4.283611774E-1
1.381589275E1,4.968782365E-1,-3.058990464E-2,-7.101617754E-2
1.382593275E1,3.093027472E-1,-1.560652703E-1,1.934165508E-1
1.383597375E1,1.149887368E-1,-3.096194565E-1,4.031733871E-1
1.384601375E1,-9.130958933E-4,-4.067452252E-1,5.907949805E-1
1.385605475E1,-1.505821012E-2,-4.404834807E-1,7.219356894E-1
1.386609475E1,5.932174996E-2,-4.239740074E-1,7.915464640E-1
1.387613575E1,1.780828238E-1,-3.860085607E-1,8.217114210E-1
1.388617575E1,2.816741765E-1,-3.251364231E-1,8.169054985E-1
1.389621675E1,3.740143776E-1,-2.731972039E-1,7.703251243E-1
1.390625675E1,4.547784626E-1,-2.430227995E-1,7.084234357E-1
1.391629775E1,5.291520953E-1,-2.180203050E-1,6.825243235E-1
1.392633775E1,5.890071988E-1,-2.022274882E-1,6.798065901E-1
1.393637875E1,6.444804072E-1,-1.357201040E-1,6.669920087E-1
1.394641875E1,7.064473629E-1,-3.160567954E-2,6.188783050E-1
1.395645975E1,7.746687531E-1,6.379986554E-2,5.607466698E-1
1.396649975E1,8.337568045E-1,1.147844940E-1,5.186119676E-1
1.397654075E1,8.935338855E-1,1.005097479E-1,5.022307634E-1
1.398658075E1,9.402598143E-1,2.050093189E-2,5.128309131E-1
1.399662175E1,9.649401307E-1,-6.848067790E-2,5.344988704E-1
1.400666175E1,9.607440829E-1,-7.432737947E-2,5.376336575E-1
1.401670275E1,9.290604591E-1,4.262924194E-2,5.111411214E-1
1.402674275E1,8.837270737E-1,2.745551467E-1,4.327978194E-1
1.403678375E1,8.373159170E-1,5.496100783E-1,3.177382052E-1
1.404682375E1,8.038458228E-1,7.618099451E-1,2.184382677E-1
1.405686475E1,8.089925051E-1,7.895322442E-1,1.648578346E-1
1.406690475E1,8.433779478E-1,6.288709641E-1,1.440449655E-1
1.407694575E1,8.384755850E-1,4.963261187E-1,5.545691028E-2
1.408698575E1,7.832980752E-1,4.697957337E-1,-9.864077717E-2
1.409702675E1,6.992300153E-1,4.586952925E-1,-2.476470470E-1
1.410706675E1,5.942189097E-1,4.182924628E-1,-3.643648922E-1
1.411710775E1,4.974838197E-1,3.878773451E-1,-4.308637083E-1
1.412714775E1,4.354239106E-1,3.790492117E-1,-4.587704241E-1
1.413718875E1,3.719616532E-1,3.756467402E-1,-4.534718990E-1
1.414722875E1,2.912673354E-1,3.761162460E-1,-4.103390574E-1
1.415726975E1,2.260385007E-1,3.838219345E-1,-3.389261663E-1
1.416730975E1,1.950901598E-1,3.419738114E-1,-2.547513843E-1
1.417735075E1,2.346600443E-1,1.822691858E-1,-1.240403578E-1
1.418739075E1,3.362450004E-1,-9.285505861E-2,5.035301298E-2
1.419743175E1,3.954854310E-1,-3.445460796E-1,2.457663119E-1
1.420747175E1,3.949727714E-1,-5.007596612E-1,4.128493071E-1
1.421751275E1,3.692550361E-1,-6.247328520E-1,5.158331990E-1
1.422755275E1,3.079424202E-1,-7.040447593E-1,5.370168090E-1
1.423759375E1,1.453717649E-1,-6.044952869E-1,4.966889620E-1
1.424763375E1,1.839943603E-2,-2.574998140E-1,5.540404320E-1
1.425767475E1,-4.842463881E-2,2.169229984E-1,7.072834373E-1
1.426771475E1,-2.785262764E-1,5.467557311E-1,8.487462997E-1
1.427775575E1,-6.044234633E-1,6.274113059E-1,1.032034636E0
1.428779575E1,-7.948480248E-1,4.382674992E-1,1.155863643E0
1.429783675E1,-7.943068743E-1,6.134179235E-2,1.169297457E0
1.430787675E1,-6.980431676E-1,-3.280115426E-1,1.044516683E0
1.431791800E1,-5.705994368E-1,-5.573340654E-1,8.051538467E-1
1.432795800E1,-3.325311840E-1,-6.078158617E-1,4.818572998E-1
1.433799900E1,3.295141459E-2,-5.839449763E-1,2.019051164E-1
1.434803900E1,4.181206822E-1,-5.302811861E-1,3.320105746E-2
1.435808000E1,6.835310459E-1,-5.442314148E-1,-4.708343744E-2
1.436812000E1,7.180491090E-1,-6.213304400E-1,-1.248903498E-1
1.437816100E1,5.253214836E-1,-7.389053106E-1,-2.262670398E-1
1.438820100E1,2.134021670E-1,-9.044918418E-1,-3.764440417E-1
1.439824200E1,-1.294841319E-1,-9.918228984E-1,-5.381082892E-1
1.440828200E1,-4.292282462E-1,-9.100359082E-1,-6.502382755E-1
1.441832300E1,-6.160489917E-1,-6.967266798E-1,-6.787484288E-1
1.442836300E1,-7.354542613E-1,-4.494055212E-1,-6.835725307E-1
1.443840400E1,-8.201093674E-1,-1.800562441E-1,-7.206570506E-1
1.444844400E1,-8.453638554E-1,-1.755361632E-2,-8.038496971E-1
1.445848500E1,-8.126085401E-1,6.563671678E-2,-8.985555172E-1
1.446852500E1,-7.701883912E-1,8.364021778E-2,-9.814046025E-1
1.447856600E1,-7.722168565E-1,4.495431855E-2,-1.047653675E0
1.448860600E1,-8.036746383E-1,-3.746519238E-2,-1.053991437E0
1.449864700E1,-8.601028919E-1,-1.478033960E-1,-1.000544190E0
1.450868700E1,-9.220930338E-1,-2.284353971E-1,-9.006623030E-1
1.451872800E1,-9.660169482E-1,-2.191931754E-1,-7.678648829E-1
1.452876800E1,-9.646866918E-1,-1.042407602E-1,-6.080837250E-1
1.453880900E1,-9.277589321E-1,7.741647214E-2,-4.270560443E-1
1.454884900E1,-8.936398029E-1,2.637280226E-1,-2.468079627E-1
1.455889000E1,-8.731955886E-1,4.306409955E-1,-8.993809670E-2
1.456893000E1,-8.627985716E-1,5.541893244E-1,5.241798609E-2
1.457897100E1,-8.452576995E-1,6.183689833E-1,1.993779093E-1
1.458901100E1,-8.135327697E-1,6.687115431E-1,3.229035437E-1
1.459905200E1,-7.651481628E-1,6.861202717E-1,4.037775099E-1
1.460909200E1,-7.120002508E-1,6.676321030E-1,4.121105373E-1
1.461913300E1,-6.667141318E-1,6.432312727E-1,3.720864356E-1
1.462917300E1,-6.305766106E-1,6.388239861E-1,3.044432104E-1
1.463921400E1,-5.782039762E-1,6.272336245E-1,2.475768775E-1
1.464925400E1,-5.026810169E-1,5.794919133E-1,2.317249477E-1
1.465929500E1,-4.145981073E-1,4.880059063E-1,2.098251879E-1
1.466933500E1,-3.218740225E-1,3.945068419E-1,1.552250534E-1
1.467937600E1,-2.757702470E-1,3.233507872E-1,7.618024200E-2
1.468941600E1,-3.017363548E-1,2.727043927E-1,4.976638593E-3
1.469945700E1,-3.680915534E-1,1.799054593E-1,-2.270231955E-2
1.470949700E1,-4.333611131E-1,-3.239321336E-2,-2.910855412E-2
1.471953800E1,-4.568654001E-1,-3.506419361E-1,-1.209192127E-1
1.472957800E1,-4.191462398E-1,-7.150233984E-1,-3.712952435E-1
1.473961900E1,-3.318624496E-1,-9.549170732E-1,-6.487455964E-1
1.474965900E1,-2.488298714E-1,-9.050512910E-1,-8.339900374E-1
1.475970000E1,-1.756384224E-1,-6.235160232E-1,-8.979664445E-1
1.476974000E1,-2.104618959E-2,-2.589564323E-1,-8.908278346E-1
1.477978100E1,1.887591332E-1,4.973340407E-2,-8.754284978E-1
1.478982100E1,3.708913624E-1,2.893827558E-1,-9.506976604E-1
1.479986200E1,4.782660007E-1,3.609756827E-1,-1.064583659E0
1.480990200E1,4.982194602E-1,1.084395573E-1,-1.106081605E0
1.481994300E1,4.868049324E-1,-1.789647192E-1,-1.127395153E0
1.482998300E1,5.324307084E-1,-2.217100561E-1,-1.036742806E0
1.484002400E1,5.532360077E-1,-1.800224334E-1,-7.553805113E-1
1.485006400E1,3.866204023E-1,-1.787438542E-1,-4.221250415E-1
1.486010500E1,5.917561799E-2,-2.236735225E-1,-1.457266808E-1
1.487014500E1,-2.268247157E-1,-3.130907416E-1,8.775956184E-2
1.488018600E1,-3.641615212E-1,-4.495558739E-1,2.940826714E-1
1.489022600E1,-3.659748733E-1,-5.967310071E-1,4.981966615E-1
1.490026700E1,-2.796550393E-1,-6.512621045E-1,6.612125635E-1
1.491030700E1,-1.566013098E-1,-5.732511878E-1,7.790028453E-1
1.492034800E1,-2.329043485E-2,-4.484834969E-1,8.226222992E-1
1.493038800E1,1.185106412E-1,-3.367713392E-1,8.080654740E-1
1.494042900E1,2.625359893E-1,-2.481734753E-1,7.572684884E-1
1.495046900E1,4.012249112E-1,-1.864887923E-1,7.168443799E-1
1.496051000E1,5.123987794E-1,-1.244868338E-1,7.154142857E-1
1.497055000E1,5.954356194E-1,-1.028675400E-2,7.103452086E-1
1.498059100E1,6.537134647E-1,1.296758503E-1,6.860987544E-1
1.499063100E1,7.201574445E-1,2.130223960E-1,6.467681527E-1
1.500067200E1,7.907753587E-1,2.242181152E-1,6.126579642E-1
1.501071200E1,8.548712730E-1,1.724441350E-1,6.068102121E-1
1.502075300E1,9.084360600E-1,5.537082255E-2,6.194325686E-1
1.503079300E1,9.367212057E-1,-6.021116674E-2,6.302844286E-1
1.504083400E1,9.316485524E-1,-9.277635813E-2,6.310443878E-1
1.505087400E1,9.259805679E-1,-1.081305090E-2,6.078429818E-1
1.506091500E1,9.410750270E-1,1.823736578E-1,5.168614984E-1
1.507095500E1,9.467518330E-1,4.627789557E-1,3.654735386E-1
1.508099600E1,9.289277792E-1,7.405468225E-1,2.278855592E-1
1.509103600E1,9.132465720E-1,8.420143723E-1,1.321907192E-1
1.510107700E1,9.310042262E-1,6.510896683E-1,1.213647053E-1
1.511111700E1,9.170229435E-1,4.794284701E-1,2.714419551E-2
1.512115800E1,8.627918363E-1,4.442284703E-1,-1.890289932E-1
1.513119800E1,8.059562445E-1,4.732609093E-1,-3.826927245E-1
1.514123900E1,7.495460510E-1,4.722161293E-1,-5.065257549E-1
1.515127900E1,6.749002934E-1,4.276137650E-1,-5.749660730E-1
1.516132000E1,5.964689255E-1,3.674716651E-1,-5.872991085E-1
1.517136000E1,5.308004022E-1,2.904157639E-1,-5.332374573E-1
1.518140100E1,4.591657221E-1,2.316645533E-1,-4.107206166E-1
1.519144100E1,3.680627048E-1,2.341090590E-1,-2.417140156E-1
1.520148200E1,2.755456865E-1,2.636956871E-1,-9.727270901E-2
1.521152200E1,2.456532866E-1,2.216805965E-1,2.502337657E-2
1.522156300E1,3.066617548E-1,6.045281421E-3,1.413087398E-1
1.523160300E1,3.836891651E-1,-2.722728848E-1,2.753725648E-1
1.524164400E1,4.387287796E-1,-4.834570587E-1,4.182333350E-1
1.525168400E1,4.747826457E-1,-6.117771864E-1,5.244889259E-1
1.526172500E1,4.175061882E-1,-6.358979344E-1,5.606214404E-1
1.527176500E1,2.237801403E-1,-4.961410761E-1,5.625541210E-1
1.528180600E1,5.645340681E-2,-1.101625115E-1,6.985694766E-1
1.529184600E1,-7.357250899E-2,3.870486021E-1,8.945025206E-1
1.530188700E1,-4.107353985E-1,7.278341055E-1,1.007518291E0
1.531192700E1,-8.276492357E-1,8.216487765E-1,1.159411669E0
1.532196800E1,-1.048747659E0,6.470205188E-1,1.268868089E0
1.533200800E1,-1.068400502E0,2.615175843E-1,1.232303381E0
1.534204900E1,-9.445449114E-1,-1.735289544E-1,1.058317780E0
1.535208900E1,-7.724573016E-1,-4.884267151E-1,7.809948921E-1
1.536213000E1,-5.420342088E-1,-6.298424006E-1,4.310005307E-1
1.537217000E1,-2.161607891E-1,-5.854791403E-1,1.423050612E-1
1.538221100E1,1.088577360E-1,-4.481043816E-1,-3.168027103E-2
1.539225100E1,3.207100630E-1,-3.702961206E-1,-1.485347152E-1
1.540229200E1,3.583635390E-1,-3.943649232E-1,-2.583612502E-1
1.541233200E1,2.391085327E-1,-5.115551949E-1,-3.777568936E-1
1.542237300E1,1.867163926E-2,-6.778531075E-1,-5.442361832E-1
1.543241300E1,-2.566187978E-1,-7.446305156E-1,-7.415053248E-1
1.544245400E1,-5.064793229E-1,-6.514546871E-1,-8.675584793E-1
1.545249400E1,-6.678615808E-1,-4.401030838E-1,-9.059809446E-1
1.546253500E1,-7.699095607E-1,-1.913187206E-1,-9.001537561E-1
1.547257500E1,-8.292330503E-1,2.994496003E-2,-8.962469101E-1
1.548261600E1,-8.478678465E-1,1.829690039E-1,-9.183471203E-1
1.549265600E1,-8.312222958E-1,2.678463459E-1,-9.652088881E-1
1.550269700E1,-8.006922603E-1,2.852448523E-1,-9.975864291E-1
1.551273700E1,-7.756028771E-1,2.185712755E-1,-1.002348185E0
1.552277800E1,-7.734569907E-1,7.319521904E-2,-9.911599159E-1
1.553281800E1,-7.939015627E-1,-9.243661910E-2,-9.308550358E-1
1.554285900E1,-8.402311206E-1,-2.194435298E-1,-8.018878102E-1
1.555289900E1,-8.895698786E-1,-2.880859971E-1,-6.360615492E-1
1.556294000E1,-9.149219394E-1,-2.923275828E-1,-4.808767438E-1
1.557298000E1,-8.924504519E-1,-2.331388146E-1,-3.194167316E-1
1.558302000E1,-8.277543783E-1,-1.317306608E-1,-1.474169791E-1
1.559306100E1,-7.478795052E-1,-2.667761175E-3,5.048993509E-3
1.560310100E1,-6.607975364E-1,1.122427881E-1,1.243347824E-1
1.561314200E1,-5.854170322E-1,2.157183141E-1,2.191052288E-1
1.562318200E1,-5.310978889E-1,3.403976858E-1,2.834065557E-1
1.563322300E1,-4.865144491E-1,4.547303915E-1,3.204977214E-1
1.564326300E1,-4.559951127E-1,5.256577730E-1,3.420457840E-1
1.565330400E1,-4.427709281E-1,5.682781935E-1,3.420050442E-1
1.566334400E1,-4.292519689E-1,6.079258919E-1,3.298886716E-1
1.567338500E1,-4.024613798E-1,6.680326462E-1,3.042451143E-1
1.568342500E1,-3.521696031E-1,6.918671131E-1,2.577205002E-1
1.569346600E1,-2.761701941E-1,6.695333123E-1,1.916991323E-1
1.570350600E1,-1.769875586E-1,6.481255293E-1,1.149147227E-1
1.571354700E1,-1.157630831E-1,6.628432274E-1,8.069176972E-2
1.572358700E1,-1.225294173E-1,6.065428257E-1,1.113876700E-1
1.573362800E1,-1.734309494E-1,3.907532692E-1,1.692022383E-1
1.574366800E1,-1.984375417E-1,3.901778534E-2,1.868425161E-1
1.575370900E1,-1.776824594E-1,-4.454322457E-1,2.643792517E-2
1.576374900E1,-1.102580875E-1,-9.502102733E-1,-2.694106400E-1
1.577379000E1,-2.855896577E-2,-1.151322603E0,-5.655887723E-1
1.578383000E1,4.058837146E-2,-1.083312511E0,-7.871986628E-1
1.579387100E1,1.164264083E-1,-8.276663423E-1,-8.489584327E-1
1.580391100E1,1.937068105E-1,-5.400556326E-1,-8.209374547E-1
1.581395200E1,2.761792541E-1,-2.039111853E-1,-7.710050941E-1
1.582399200E1,3.976818621E-1,1.316991895E-1,-7.393258810E-1
1.583403300E1,5.527843833E-1,4.264677167E-1,-7.662770748E-1
1.584407300E1,6.427264214E-1,6.251315475E-1,-8.500866890E-1
1.585411400E1,6.627640128E-1,4.842221141E-1,-8.613563776E-1
1.586415400E1,6.500378847E-1,7.613931596E-2,-8.295853734E-1
1.587419500E1,6.372509599E-1,-5.059652403E-2,-7.542709112E-1
1.588423500E1,6.053912044E-1,-2.160958759E-2,-5.257359147E-1
1.589427600E1,4.791712463E-1,-2.943608724E-2,-2.732589543E-1
1.590431600E1,2.585209906E-1,-7.411569357E-2,-3.940282017E-2
1.591435700E1,2.800014615E-2,-2.310608476E-1,1.866537482E-1
1.592439700E1,-1.497856826E-1,-4.288608432E-1,3.813017905E-1
1.593443800E1,-2.227962464E-1,-6.108407378E-1,5.043593049E-1
1.594447800E1,-1.971243471E-1,-7.064700723E-1,5.575825572E-1
1.595451900E1,-1.075800955E-1,-6.590200067E-1,6.130154729E-1
1.596455900E1,8.269896731E-3,-5.291208625E-1,6.664003730E-1
1.597460000E1,1.335130334E-1,-4.048271477E-1,6.546545029E-1
1.598464000E1,2.605379522E-1,-3.318527639E-1,6.100125909E-1
1.599468100E1,3.783652484E-1,-2.866900861E-1,6.038079858E-1
1.600472100E1,4.596483707E-1,-2.360306382E-1,6.226146817E-1
1.601476200E1,5.247306824E-1,-1.668768674E-1,6.492776871E-1
1.602480200E1,5.918284059E-1,-3.838076442E-2,6.639006138E-1
1.603484300E1,6.720558405E-1,8.599338681E-2,6.836168170E-1
1.604488300E1,7.527971268E-1,2.056435943E-1,7.293560505E-1
1.605492400E1,8.216728568E-1,2.714180946E-1,7.701058984E-1
1.606496400E1,8.718314171E-1,2.728080750E-1,7.916350961E-1
1.607500500E1,9.043424726E-1,2.616353035E-1,7.779203653E-1
1.608504500E1,9.464756250E-1,2.782681286E-1,7.202526331E-1
1.609508600E1,9.878473282E-1,3.389794230E-1,6.217665672E-1
1.610512600E1,1.015390515E0,4.575236142E-1,4.792338014E-1
1.611516700E1,9.950178862E-1,6.193953156E-1,3.214322031E-1
1.612520700E1,9.198471904E-1,7.366856933E-1,1.777720898E-1
1.613524700E1,8.241552711E-1,7.014166117E-1,5.364722013E-2
1.614528800E1,7.229971290E-1,5.859667063E-1,-9.328716248E-2
1.615532800E1,6.395480633E-1,4.670488834E-1,-2.506735921E-1
1.616536900E1,5.734240413E-1,3.852639198E-1,-3.862126470E-1
1.617540900E1,5.010001659E-1,3.163892329E-1,-4.855227470E-1
1.618545000E1,4.240013957E-1,2.520394325E-1,-5.311112404E-1
1.619549000E1,3.568412662E-1,2.350463271E-1,-5.316630006E-1
1.620553100E1,3.162556589E-1,2.352678627E-1,-4.863971472E-1
1.621557100E1,2.868085504E-1,2.627075016E-1,-3.875240982E-1
1.622561200E1,2.455833107E-1,3.257815540E-1,-2.551994920E-1
1.623565200E1,2.021894902E-1,3.904675841E-1,-1.275096983E-1
1.624569300E1,1.984256059E-1,3.295690119E-1,-2.731243707E-2
1.625573300E1,2.335923910E-1,1.215487048E-1,7.850028574E-2
1.626577400E1,2.670162320E-1,-1.512655020E-1,2.047927678E-1
1.627581400E1,2.948819399E-1,-3.922946155E-1,3.599645197E-1
1.628585500E1,3.214711249E-1,-5.658685565E-1,4.928926528E-1
1.629589500E1,3.233294785E-1,-6.518423557E-1,5.684776902E-1
1.630593600E1,2.655999660E-1,-5.809627771E-1,5.822868347E-1
1.631597600E1,1.713962406E-1,-3.473151326E-1,6.113547087E-1
1.632601650E1,1.111889109E-1,6.364711374E-2,7.640228271E-1
1.633605650E1,-3.473500907E-2,4.793388546E-1,9.085000753E-1
1.634609750E1,-3.826075494E-1,6.561387777E-1,9.324607253E-1
1.635613750E1,-7.716168761E-1,5.774567127E-1,9.713868499E-1
1.636617850E1,-9.410639405E-1,3.666557372E-1,1.069016099E0
1.637621850E1,-8.447169065E-1,-2.070609294E-2,1.068738341E0
1.638625950E1,-6.070007086E-1,-4.923269153E-1,9.357495904E-1
1.639629950E1,-3.483428359E-1,-7.407329679E-1,7.158923149E-1
1.640634050E1,-5.546648055E-2,-7.414745092E-1,4.010181725E-1
1.641638050E1,3.373710811E-1,-6.716448069E-1,1.109493151E-1
1.642642150E1,7.309834957E-1,-5.940803885E-1,-7.128411531E-2
1.643646150E1,9.546632171E-1,-5.550751686E-1,-1.546730101E-1
1.644650250E1,9.067455530E-1,-5.900847912E-1,-2.253793925E-1
1.645654250E1,6.418023109E-1,-6.963550448E-1,-2.966684699E-1
1.646658350E1,2.758998275E-1,-8.026715517E-1,-3.798252344E-1
1.647662350E1,-8.457342535E-2,-8.235536814E-1,-4.989393353E-1
1.648666450E1,-3.591388166E-1,-7.150606513E-1,-5.816270709E-1
1.649670450E1,-5.252668262E-1,-5.074371696E-1,-5.893042088E-1
1.650674550E1,-6.227816939E-1,-2.646674216E-1,-5.661100149E-1
1.651678550E1,-6.809879541E-1,-6.633035094E-2,-5.790823102E-1
1.652682550E1,-6.907603145E-1,4.543624446E-2,-6.355698109E-1
1.653686650E1,-6.601840258E-1,8.930889517E-2,-7.362128496E-1
1.654690650E1,-6.259383559E-1,8.948946744E-2,-8.182102442E-1
1.655694750E1,-6.175901294E-1,6.902173907E-2,-8.517436981E-1
1.656698750E1,-6.209614873E-1,-1.057548542E-2,-8.505378366E-1
1.657702850E1,-6.581693292E-1,-1.499911696E-1,-8.041562438E-1
1.658706850E1,-7.192500830E-1,-2.849677503E-1,-7.238749266E-1
1.659710950E1,-7.973781824E-1,-3.588430285E-1,-6.266642213E-1
1.660714950E1,-8.683335185E-1,-3.403112292E-1,-5.263238549E-1
1.661719050E1,-8.980123401E-1,-2.182108760E-1,-3.958350420E-1
1.662723050E1,-8.989102840E-1,-1.252064249E-3,-2.537711263E-1
1.663727150E1,-8.976489902E-1,2.280261219E-1,-1.241603941E-1
1.664731150E1,-9.058848619E-1,4.204950035E-1,-1.369895600E-2
1.665735250E1,-9.178259373E-1,5.820665956E-1,6.854824722E-2
1.666739250E1,-9.280270934E-1,7.015617490E-1,1.439559758E-1
1.667743350E1,-9.405194521E-1,7.544795275E-1,2.423536628E-1
1.668747350E1,-9.572853446E-1,7.441433668E-1,3.265211582E-1
1.669751450E1,-9.673123956E-1,6.774572730E-1,3.729642928E-1
1.670755450E1,-9.464408755E-1,5.795261264E-1,3.770383000E-1
1.671759550E1,-8.942762017E-1,4.744814634E-1,3.501177430E-1
1.672763550E1,-8.165377975E-1,3.758622408E-1,2.847656608E-1
1.673767650E1,-7.254971266E-1,2.916815877E-1,1.904199719E-1
1.674771650E1,-6.286609769E-1,2.531831563E-1,9.014551342E-2
1.675775750E1,-5.415665507E-1,2.672574222E-1,1.338841952E-2
1.676779750E1,-4.709291160E-1,2.425725609E-1,-2.973570488E-2
1.677783850E1,-4.118612707E-1,9.958796203E-2,-4.519828409E-2
1.678787850E1,-3.409176171E-1,-1.630080342E-1,-6.239445135E-2
1.679791950E1,-2.376346290E-1,-4.768000841E-1,-1.715981811E-1
1.680795950E1,-1.042793319E-1,-7.964863777E-1,-3.680312932E-1
1.681799950E1,-2.489556000E-2,-1.031689644E0,-6.322121024E-1
1.682804050E1,-8.575358428E-3,-1.081883311E0,-8.303524256E-1
1.683808050E1,-6.433111615E-3,-9.768797159E-1,-8.710181117E-1
1.684812150E1,6.857932359E-2,-7.643011808E-1,-8.138598800E-1
1.685816150E1,1.976954937E-1,-4.290387630E-1,-7.869704366E-1
1.686820250E1,3.437899947E-1,-1.336950529E-2,-8.356255889E-1
1.687824250E1,4.724728763E-1,3.638246357E-1,-9.570878148E-1
1.688828350E1,4.603865445E-1,6.714961529E-1,-1.120291471E0
1.689832350E1,3.398734331E-1,7.351115942E-1,-1.204878211E0
1.690836450E1,2.264353037E-1,4.364812076E-1,-1.037306547E0
1.691840450E1,6.899426877E-2,1.681520492E-1,-7.849606276E-1
1.692844550E1,-1.280292124E-1,1.947819069E-2,-5.237206817E-1
1.693848550E1,-3.071126640E-1,-1.048538834E-1,-2.368638813E-1
1.694852650E1,-4.934368432E-1,-1.967007965E-1,1.890728250E-2
1.695856650E1,-6.509745717E-1,-2.866272330E-1,1.981393546E-1
1.696860750E1,-6.850931048E-1,-4.011265337E-1,3.441787660E-1
1.697864750E1,-6.030544043E-1,-5.073826909E-1,4.621618688E-1
1.698868850E1,-4.667775929E-1,-5.220702291E-1,5.261386633E-1
1.699872850E1,-3.258684278E-1,-4.411576092E-1,5.670757294E-1
1.700876950E1,-1.892674565E-1,-3.615959883E-1,5.738317966E-1
1.701880950E1,-6.538093835E-2,-3.092512786E-1,5.537382364E-1
1.702885050E1,5.524266139E-2,-2.682559788E-1,5.368824601E-1
1.703889050E1,1.604814678E-1,-2.352769822E-1,5.529761910E-1
1.704893150E1,2.443148047E-1,-2.205341458E-1,6.013059020E-1
1.705897150E1,3.200119734E-1,-2.083035707E-1,6.475213170E-1
1.706901250E1,3.990246654E-1,-1.907128096E-1,6.542986631E-1
1.707905250E1,4.944963455E-1,-1.853824854E-1,6.351433396E-1
1.708909250E1,5.891054869E-1,-1.550814211E-1,6.065721512E-1
1.709913350E1,6.807531118E-1,-6.512944400E-2,5.633383989E-1
1.710917350E1,7.584901452E-1,2.958324365E-2,5.122696161E-1
1.711921450E1,8.204728365E-1,7.055065036E-2,4.498997331E-1
1.712925450E1,8.542491794E-1,1.106281281E-1,3.752454221E-1
1.713929550E1,8.799140453E-1,1.952050626E-1,2.880460620E-1
1.714933550E1,9.121200442E-1,3.559916914E-1,1.909293979E-1
1.715937650E1,9.347355962E-1,5.688054562E-1,8.623389155E-2
1.716941650E1,9.490754008E-1,7.473276854E-1,-7.561450824E-3
1.717945750E1,9.589552283E-1,7.856510878E-1,-7.157745212E-2
1.718949750E1,9.420394301E-1,7.131829262E-1,-1.317941695E-1
1.719953850E1,8.908598423E-1,5.824981928E-1,-2.086268961E-1
1.720957850E1,7.897872925E-1,4.875743389E-1,-3.067618608E-1
1.721961950E1,6.397520304E-1,4.226275682E-1,-3.864596188E-1
1.722965950E1,4.540108740E-1,3.691054881E-1,-4.310918450E-1
1.723970050E1,2.685784400E-1,3.064556718E-1,-4.480487108E-1
1.724974050E1,1.340889633E-1,2.538384795E-1,-4.242268503E-1
1.725978150E1,8.553473651E-2,1.990455538E-1,-3.622164726E-1
1.726982150E1,1.031984910E-1,1.445047110E-1,-2.734119594E-1
1.727986250E1,1.422686577E-1,1.041658148E-1,-1.873468310E-1
1.728990250E1,1.817590147E-1,8.730946481E-2,-1.326490194E-1
1.729994350E1,2.572212815E-1,8.958833665E-2,-1.082233116E-1
1.730998350E1,3.527361453E-1,1.539238244E-1,-1.097891480E-1
1.732002412E1,4.396390915E-1,2.546445727E-1,-1.405721009E-1
1.733006512E1,5.137895942E-1,3.329378366E-1,-1.731994450E-1
1.734010513E1,5.495928526E-1,3.657791317E-1,-1.334994286E-1
1.735014613E1,5.601976514E-1,2.791058123E-1,2.509000711E-2
1.736018613E1,5.447177887E-1,8.286784589E-2,2.648770213E-1
1.737022713E1,5.066634417E-1,-1.352313757E-1,4.871592820E-1
1.738026713E1,4.255211949E-1,-3.066023290E-1,6.369277239E-1
1.739030813E1,3.292116225E-1,-3.889533579E-1,7.417937517E-1
1.740034812E1,2.476102412E-1,-2.867564261E-1,8.503908515E-1
1.741038912E1,1.871969998E-1,-3.309982643E-2,1.026680231E0
1.742042912E1,1.580694765E-1,4.773616791E-2,1.193998933E0
1.743047012E1,3.705992177E-2,-7.976653427E-2,1.255621314E0
1.744051012E1,-1.621256173E-1,-2.015542239E-1,1.238796830E0
1.745055112E1,-2.640296817E-1,-3.104749918E-1,1.164954543E0
1.746059113E1,-2.605550289E-1,-4.926666319E-1,1.000256419E0
1.747063213E1,-2.105491906E-1,-6.710773110E-1,8.177785873E-1
1.748067213E1,-6.482634693E-2,-7.024570704E-1,6.672561765E-1
1.749071313E1,1.186293513E-1,-5.288873911E-1,5.575487614E-1
1.750075313E1,3.181288838E-1,-2.415378690E-1,4.957695603E-1
1.751079413E1,5.446172357E-1,-3.191111609E-2,4.500215054E-1
1.752083412E1,6.813372374E-1,8.465544134E-2,3.726513684E-1
1.753087412E1,6.420691013E-1,1.292367429E-1,2.268089354E-1
1.754091512E1,5.021229386E-1,1.936883666E-2,4.949432984E-2
1.755095512E1,3.438424468E-1,-1.839905530E-1,-1.274386495E-1
1.756099612E1,1.893937588E-1,-3.812953532E-1,-2.757330239E-1
1.757103613E1,5.746267736E-2,-5.228365660E-1,-3.481035531E-1
1.758107713E1,-5.136739835E-2,-5.804532766E-1,-3.627847731E-1
1.759111713E1,-1.591816396E-1,-5.574667454E-1,-3.457337618E-1
1.760115813E1,-2.472353280E-1,-4.674215019E-1,-3.573789597E-1
1.761119812E1,-3.001002073E-1,-3.817749321E-1,-4.227647483E-1
1.762123913E1,-3.040952086E-1,-3.248799741E-1,-5.128645301E-1
1.763127912E1,-2.644819915E-1,-3.213684857E-1,-5.686847568E-1
1.764132012E1,-2.084562778E-1,-3.526118994E-1,-5.964607000E-1
1.765136012E1,-1.526256353E-1,-3.817521036E-1,-5.981553197E-1
1.766140112E1,-1.122055054E-1,-3.468508422E-1,-5.559311509E-1
1.767144112E1,-9.625223279E-2,-2.339224964E-1,-4.918476939E-1
1.768148212E1,-1.073421687E-1,-7.776459306E-2,-4.035399556E-1
1.769152213E1,-1.281213611E-1,9.635589272E-2,-3.023197055E-1
1.770156313E1,-1.534594744E-1,2.922441661E-1,-1.879760623E-1
1.771160313E1,-1.656218171E-1,4.828914702E-1,-7.051573694E-2
1.772164413E1,-1.557899714E-1,6.051239371E-1,5.566030368E-2
1.773168412E1,-1.264937222E-1,6.461703181E-1,1.949934959E-1
1.774172412E1,-7.351066172E-2,6.029506326E-1,3.376699686E-1
1.775176512E1,-6.993480958E-3,4.923318624E-1,4.553991556E-1
1.776180512E1,8.150894940E-2,3.226847649E-1,5.083220005E-1
1.777184612E1,1.834636033E-1,1.191799715E-1,4.747231007E-1
1.778188613E1,2.940891683E-1,-6.107182801E-2,3.657409549E-1
1.779192712E1,4.121678472E-1,-1.352862120E-1,2.274809033E-1
1.780196713E1,5.563322306E-1,-1.440306902E-1,1.328393519E-1
1.781200813E1,7.012391686E-1,-1.485260725E-1,7.363818586E-2
1.782204813E1,8.268216252E-1,-1.486674845E-1,4.348214716E-2
1.783208913E1,9.031673074E-1,-1.226839051E-1,3.869254887E-2
1.784212912E1,9.367588162E-1,-8.991105109E-2,7.691637427E-2
1.785217012E1,9.389881492E-1,-7.345807552E-2,1.753779054E-1
1.786221012E1,9.311781526E-1,-6.754319370E-2,3.313060105E-1
1.787225112E1,9.367553592E-1,-6.634233892E-2,5.072166324E-1
1.788229112E1,9.351150990E-1,-4.888345301E-2,6.391174197E-1
1.789233212E1,9.234210849E-1,-2.891089208E-2,6.866751313E-1
1.790237213E1,9.121196866E-1,-3.617732972E-2,6.694929600E-1
1.791241312E1,9.134227037E-1,-8.821300417E-2,6.051895022E-1
1.792245313E1,9.475612044E-1,-1.893950105E-1,5.159502029E-1
1.793249313E1,1.015423894E0,-3.019259274E-1,4.121271968E-1
1.794253413E1,1.100258112E0,-3.373992145E-1,2.789832652E-1
1.795257412E1,1.140772223E0,-2.063802034E-1,1.098808348E-1
1.796261512E1,1.177138209E0,1.246595085E-1,-7.279869914E-2
1.797265512E1,1.295157552E0,4.784245491E-1,-2.726158202E-1
1.798269612E1,1.422553062E0,6.728885770E-1,-5.235633254E-1
1.799273612E1,1.519595146E0,5.070418715E-1,-6.997041702E-1
1.800277712E1,1.604364872E0,1.339699887E-2,-6.845906973E-1
1.801281713E1,1.659768581E0,-4.130647182E-1,-5.089966059E-1
1.802285813E1,1.689030886E0,-6.463565826E-1,-3.017001450E-1
1.803289813E1,1.725016713E0,-7.343374491E-1,-9.499044716E-2
1.804293913E1,1.769086957E0,-6.752040982E-1,1.583712399E-1
1.805297913E1,1.798156261E0,-4.762681723E-1,4.037643671E-1
1.806302013E1,1.819829702E0,-2.762168348E-1,5.890021324E-1
1.807306012E1,1.819943428E0,-1.188210994E-1,7.451858521E-1
1.808310112E1,1.809517622E0,-2.803766541E-2,8.564215899E-1
1.809314112E1,1.811249495E0,2.832996845E-2,9.260545969E-1
1.810318212E1,1.852152467E0,6.442059577E-2,9.383234978E-1
1.811322212E1,1.951765299E0,9.302063286E-2,8.946593404E-1
1.812326213E1,2.106280088E0,1.102933660E-1,8.155312538E-1
1.813330313E1,2.299972057E0,1.365390271E-1,7.093806863E-1
1.814334313E1,2.495256901E0,1.765567511E-1,6.058356166E-1
1.815338413E1,2.663074493E0,2.344893217E-1,5.294057131E-1
1.816342412E1,2.810252905E0,3.182422817E-1,4.861631691E-1
1.817346513E1,2.913330078E0,4.001710713E-1,4.773837030E-1
1.818350512E1,2.980927229E0,4.640464485E-1,5.140184164E-1
1.819354612E1,3.018419981E0,4.831516743E-1,5.944465995E-1
1.820358612E1,3.025795698E0,4.568207562E-1,6.751744747E-1
1.821362712E1,3.007529259E0,4.345775545E-1,7.230046988E-1
1.822366712E1,2.969801664E0,4.307963848E-1,7.540166974E-1
1.823370812E1,2.916119814E0,4.272968769E-1,7.899864316E-1
1.824374813E1,2.839057684E0,4.422971308E-1,8.188170195E-1
1.825378913E1,2.749676943E0,4.683539271E-1,8.183947206E-1
1.826382913E1,2.664429903E0,4.650028646E-1,7.783104181E-1
1.827387013E1,2.581602812E0,4.388610423E-1,7.006366253E-1
1.828391012E1,2.523395777E0,3.903153539E-1,5.959839821E-1
1.829395113E1,2.456377029E0,3.050484359E-1,4.591099024E-1
1.830399112E1,2.371244669E0,2.016250938E-1,3.062774837E-1
1.831403112E1,2.268090725E0,1.062212065E-1,1.654279381E-1
1.832407154E1,2.161553621E0,4.318977892E-2,5.270139873E-2
1.833411154E1,2.051850319E0,5.873858463E-3,-1.374790072E-2
1.834415254E1,1.927041292E0,-5.186249502E-3,-3.939280659E-2
1.835419254E1,1.772495389E0,-5.297604948E-4,-4.640417919E-2
1.836423354E1,1.567072988E0,2.495749108E-2,-4.178279638E-2
1.837427354E1,1.377398729E0,5.981481820E-2,-2.681222744E-3
1.838431454E1,1.249808192E0,1.164557338E-1,8.339161426E-2
1.839435454E1,1.194218278E0,1.500421166E-1,1.749408841E-1
1.840439554E1,1.183154106E0,7.565231621E-2,2.390833795E-1
1.841443554E1,1.159145474E0,-7.668899745E-2,2.537555695E-1
1.842447654E1,1.099355936E0,-2.129277885E-1,2.278880179E-1
1.843451654E1,1.063043833E0,-2.942432761E-1,1.879819483E-1
1.844455754E1,1.082522750E0,-3.272403777E-1,1.498462707E-1
1.845459754E1,1.135907292E0,-3.100751936E-1,1.280481070E-1
1.846463754E1,1.157995224E0,-2.222995311E-1,1.161110178E-1
1.847467854E1,1.108245850E0,-9.261839837E-2,1.445527524E-1
1.848471854E1,1.052143931E0,-7.282193284E-3,2.769914865E-1
1.849475954E1,9.946486354E-1,9.143082425E-3,5.042874217E-1
1.850479954E1,8.612631559E-1,1.032884941E-1,7.315528393E-1
1.851484054E1,6.963692904E-1,2.356017232E-1,8.442666531E-1
1.852488054E1,5.937952399E-1,1.708040833E-1,7.782756090E-1
1.853492154E1,5.598195791E-1,-1.347142458E-2,6.073426604E-1
1.854496154E1,5.783059001E-1,-1.593990773E-1,4.218896925E-1
1.855500254E1,5.936895013E-1,-2.063995302E-1,2.382989824E-1
1.856504254E1,5.722191334E-1,-1.950866878E-1,2.984474879E-3
1.857508354E1,5.307219028E-1,-1.939615309E-1,-2.230945230E-1
1.858512354E1,4.959482253E-1,-2.337249219E-1,-3.794175684E-1
1.859516454E1,4.871416986E-1,-2.713607848E-1,-4.519783556E-1
1.860520454E1,5.061070919E-1,-2.886071503E-1,-4.997024834E-1
1.861524554E1,5.188320875E-1,-2.664974630E-1,-5.569882989E-1
1.862528554E1,5.164879560E-1,-2.127074897E-1,-6.074687839E-1
1.863532554E1,4.989860058E-1,-1.158145517E-1,-6.621819139E-1
1.864536654E1,4.548853934E-1,-2.554990537E-2,-7.080646753E-1
1.865540654E1,3.990704417E-1,5.178092048E-2,-7.184376121E-1
1.866544754E1,3.530667424E-1,1.252700537E-1,-6.981821060E-1
1.867548754E1,3.403729498E-1,1.968560815E-1,-6.619207859E-1
1.868552854E1,3.639589846E-1,2.563822269E-1,-6.077366471E-1
1.869556854E1,4.031934440E-1,2.761425376E-1,-5.288556218E-1
1.870560954E1,4.530962706E-1,2.533474863E-1,-4.421952665E-1
1.871564954E1,4.971635044E-1,2.311702222E-1,-3.495219052E-1
1.872569054E1,5.339561701E-1,2.013758421E-1,-2.577118278E-1
1.873573054E1,5.483391881E-1,1.730425507E-1,-1.825806797E-1
1.874577154E1,5.374913812E-1,1.392161399E-1,-1.156559736E-1
1.875581154E1,5.093453526E-1,8.294942975E-2,-6.088723242E-2
1.876585254E1,4.737482071E-1,1.798880845E-2,-2.674950287E-2
1.877589254E1,4.438928664E-1,-3.860592470E-2,-5.216024816E-3
1.878593254E1,4.150092900E-1,-8.501816541E-2,-2.065410279E-2
1.879597354E1,3.771457374E-1,-1.042653397E-1,-5.785337090E-2
1.880601354E1,3.362595439E-1,-9.574268758E-2,-1.040959656E-1
1.881605454E1,2.925787270E-1,-6.204390526E-2,-1.267478615E-1
1.882609454E1,2.561416030E-1,-3.003270738E-2,-1.225147694E-1
1.883613554E1,2.366891950E-1,-1.610832661E-2,-1.183771864E-1
1.884617554E1,2.286555022E-1,7.985025644E-3,-1.057298332E-1
1.885621654E1,2.219232321E-1,3.885728121E-2,-6.414893270E-2
1.886625654E1,2.067091316E-1,7.322404534E-2,-4.914098885E-3
1.887629754E1,1.930651665E-1,1.178791896E-1,6.809631735E-2
1.888633754E1,1.817067862E-1,1.536488980E-1,1.363206506E-1
1.889637854E1,1.779952496E-1,1.809996814E-1,1.709156036E-1
1.890641854E1,1.709272265E-1,2.082392871E-1,1.731694490E-1
1.891645854E1,1.581069529E-1,2.284865528E-1,1.708520800E-1
1.892649954E1,1.329137236E-1,2.487063408E-1,1.582214981E-1
1.893653954E1,1.104930043E-1,2.676832080E-1,1.409445107E-1
1.894658054E1,9.015231580E-2,2.803441584E-1,1.207007468E-1
1.895662054E1,7.249870151E-2,2.660630345E-1,7.845626026E-2
1.896666154E1,6.328070164E-2,1.997540742E-1,5.055367947E-4
1.897670154E1,4.757300764E-2,9.150344878E-2,-9.178082645E-2
1.898674254E1,3.155382723E-2,-5.544498563E-2,-1.788313091E-1
1.899678254E1,1.712417975E-2,-2.188853621E-1,-2.430550903E-1
1.900682354E1,4.559869412E-4,-3.699382544E-1,-2.851697803E-1
1.901686354E1,-4.011880606E-3,-4.824133217E-1,-3.196890056E-1
1.902690454E1,4.736816045E-4,-4.725244641E-1,-3.412454128E-1
1.903694454E1,2.078261040E-2,-3.384062946E-1,-3.479335606E-1
1.904698554E1,6.883695722E-2,-1.691853106E-1,-3.431305587E-1
1.905702554E1,1.465405226E-1,-5.605802312E-2,-3.233485222E-1
1.906706654E1,2.128364593E-1,1.718724961E-3,-2.904238403E-1
1.907710654E1,2.550741732E-1,3.390545398E-2,-2.579560578E-1
1.908714654E1,2.605440617E-1,4.342066124E-2,-2.312935591E-1
1.909718754E1,2.552362978E-1,1.047921460E-2,-1.885791570E-1
1.910722754E1,2.484939545E-1,-7.060738653E-2,-1.287698895E-1
1.911726854E1,2.439092100E-1,-1.571831256E-1,-7.007486373E-2
1.912730854E1,2.620802224E-1,-2.166595012E-1,1.237931894E-3
1.913734954E1,2.990035713E-1,-2.544028461E-1,8.128974587E-2
1.914738954E1,3.231872022E-1,-2.951175272E-1,1.476818174E-1
1.915743054E1,3.237558603E-1,-3.277247250E-1,1.805218458E-1
1.916747054E1,3.219611645E-1,-3.250865936E-1,1.992100328E-1
1.917751154E1,3.391224742E-1,-2.975193858E-1,2.292191088E-1
1.918755154E1,3.873155713E-1,-2.300287634E-1,2.844522595E-1
1.919759154E1,4.475766718E-1,-1.324336082E-1,3.507484794E-1
1.920763254E1,5.117723942E-1,-5.572178215E-2,4.131937623E-1
1.921767254E1,5.573987961E-1,-3.762583435E-2,4.297107756E-1
1.922771354E1,5.667927861E-1,-6.283798069E-2,4.225058556E-1
1.923775354E1,5.527004600E-1,-9.475739300E-2,4.331231713E-1
1.924779454E1,5.188452601E-1,-1.343966872E-1,4.980196357E-1
1.925783454E1,4.883364439E-1,-1.332221478E-1,5.920772552E-1
1.926787554E1,4.784585238E-1,-9.471125156E-2,6.717534661E-1
1.927791554E1,4.875890613E-1,-2.556494623E-2,7.283618450E-1
1.928795654E1,5.003077984E-1,4.413610697E-2,7.635352612E-1
1.929799654E1,5.121915340E-1,1.075077802E-1,7.581040859E-1
1.930803754E1,5.357909203E-1,1.335604191E-1,7.294991016E-1
1.931807792E1,5.605106950E-1,1.288550943E-1,6.944333315E-1
1.932811792E1,5.710264444E-1,1.028639674E-1,6.483678818E-1
1.933815892E1,5.723726153E-1,8.055176586E-2,5.811297894E-1
1.934819892E1,5.620720387E-1,7.614369690E-2,4.808630943E-1
1.935823992E1,5.400174260E-1,8.193539083E-2,3.451091945E-1
1.936827992E1,5.094240904E-1,1.040526778E-1,1.882333159E-1
1.937832092E1,4.736393690E-1,1.549453437E-1,4.247060046E-2
1.938836092E1,4.292841554E-1,2.224881649E-1,-7.527334243E-2
1.939840192E1,3.781448305E-1,2.645581365E-1,-1.629807353E-1
1.940844192E1,3.336247802E-1,2.782848775E-1,-2.230339646E-1
1.941848292E1,2.915071845E-1,2.695610225E-1,-2.548278272E-1
1.942852292E1,2.529541850E-1,2.529900372E-1,-2.679140568E-1
1.943856392E1,2.192091495E-1,2.334652096E-1,-2.682349980E-1
1.944860392E1,1.866181791E-1,2.111684233E-1,-2.729125917E-1
1.945864392E1,1.564935595E-1,2.030859888E-1,-2.783789933E-1
1.946868492E1,1.384035051E-1,1.971689761E-1,-2.771664560E-1
1.947872492E1,1.385811418E-1,1.783287078E-1,-2.661220431E-1
1.948876592E1,1.539057791E-1,1.635340601E-1,-2.524062395E-1
1.949880592E1,1.807281822E-1,1.659139395E-1,-2.292792052E-1
1.950884692E1,2.283641398E-1,1.797708869E-1,-2.096541077E-1
1.951888692E1,2.774416804E-1,2.071258575E-1,-2.145004719E-1
1.952892792E1,3.328588903E-1,2.186565399E-1,-2.048726082E-1
1.953896792E1,3.997151554E-1,1.419654936E-1,-1.357188374E-1
1.954900892E1,4.579832554E-1,-6.349870563E-2,-4.243683070E-2
1.955904892E1,4.810195863E-1,-2.757813931E-1,4.403281584E-2
1.956908892E1,4.782136679E-1,-3.985621929E-1,1.062655970E-1
1.957912992E1,4.712691009E-1,-4.317303300E-1,1.630547345E-1
1.958916992E1,4.004830718E-1,-3.785605729E-1,2.269626111E-1
1.959921092E1,2.981375158E-1,-2.060058713E-1,3.610673547E-1
1.960925092E1,2.104529440E-1,5.115721747E-2,5.490109324E-1
1.961929192E1,8.408798277E-2,2.283907980E-1,6.989414692E-1
1.962933192E1,-1.355125457E-1,2.509054244E-1,8.253529072E-1
1.963937292E1,-3.921184540E-1,2.224835306E-1,9.290390611E-1
1.964941292E1,-5.765809417E-1,1.690700948E-1,1.014682889E0
1.965945392E1,-5.350499153E-1,-5.248721316E-2,9.409914017E-1
1.966949392E1,-3.668960631E-1,-3.273478150E-1,7.069799304E-1
1.967953492E1,-2.558969259E-1,-4.432307780E-1,4.935386181E-1
1.968957492E1,-1.412382722E-1,-4.852703512E-1,2.444121838E-1
1.969961492E1,6.149338186E-2,-4.505267143E-1,5.061143637E-2
1.970965592E1,3.132678270E-1,-2.990887165E-1,-5.576267466E-2
1.971969592E1,5.008581281E-1,-1.135042384E-1,-1.559604555E-1
1.972973692E1,5.304173827E-1,2.114767674E-3,-1.577972323E-1
1.973977692E1,4.104032218E-1,-3.710957617E-2,-2.434183657E-1
1.974981792E1,1.892900318E-1,-2.012764215E-1,-3.462166190E-1
1.975985792E1,-1.008560508E-1,-3.566290140E-1,-5.373438001E-1
1.976989892E1,-4.165655375E-1,-4.792633057E-1,-6.297165751E-1
1.977993892E1,-6.701231003E-1,-5.093030930E-1,-7.023726702E-1
1.978997992E1,-8.426480293E-1,-4.418777227E-1,-6.398879886E-1
1.980001992E1,-9.306851029E-1,-3.014216125E-1,-6.741837859E-1
1.981006092E1,-9.492624998E-1,-1.971913725E-1,-6.734644771E-1
1.982010092E1,-9.406270981E-1,-1.370583475E-1,-7.880700827E-1
1.983014092E1,-9.472492933E-1,-1.047717631E-1,-7.967674136E-1
1.984018192E1,-9.687470198E-1,-1.706287265E-2,-9.076924920E-1
1.985022192E1,-1.004878998E0,7.733233273E-2,-8.852236271E-1
1.986026292E1,-1.034068823E0,1.631410718E-1,-9.247831106E-1
1.987030292E1,-1.043200016E0,2.034187168E-1,-8.219696283E-1
1.988034392E1,-1.009922385E0,2.446714640E-1,-8.086791635E-1
1.989038392E1,-9.406412840E-1,3.076717556E-1,-6.437597275E-1
1.990042492E1,-8.490261436E-1,3.935016990E-1,-5.940321088E-1
1.991046492E1,-7.667374015E-1,4.512733817E-1,-3.926744759E-1
1.992050492E1,-6.968770623E-1,4.711752534E-1,-2.892874777E-1
1.993054592E1,-6.412231326E-1,4.494861960E-1,-5.441959575E-2
1.994058592E1,-5.811458826E-1,4.254994690E-1,4.813306779E-2
1.995062692E1,-5.391930938E-1,3.993637562E-1,2.389738709E-1
1.996066692E1,-5.150411725E-1,3.933636844E-1,2.642129958E-1
1.997070792E1,-5.044466257E-1,3.693284094E-1,3.366693556E-1
1.998074792E1,-4.766308963E-1,3.236670494E-1,2.739812732E-1
1.999078892E1,-4.256060421E-1,2.741881907E-1,2.627826929E-1
2.000082892E1,-3.451242745E-1,2.782996595E-1,1.599022597E-1
2.001086992E1,-2.642320991E-1,3.236977756E-1,1.647699922E-1
2.002090992E1,-2.041520923E-1,3.561308384E-1,9.051021188E-2
2.003095092E1,-1.793053299E-1,3.574014306E-1,1.009966731E-1
2.004099092E1,-1.896993965E-1,3.447750509E-1,4.782678559E-2
2.005103092E1,-2.299418896E-1,3.337500989E-1,8.378265798E-2
2.006107192E1,-2.877891362E-1,3.378005624E-1,6.230356917E-2
2.007111192E1,-3.556779027E-1,3.234301507E-1,1.407967806E-1
2.008115292E1,-4.073701799E-1,2.807860672E-1,1.706554294E-1
2.009119292E1,-4.302653670E-1,2.019274831E-1,2.140495181E-1
2.010123392E1,-4.025153220E-1,4.520788789E-2,1.220796183E-1
2.011127392E1,-3.387680352E-1,-2.070746869E-1,2.145714127E-2
2.012131492E1,-2.749080062E-1,-4.319783151E-1,-1.737580597E-1
2.013135492E1,-2.430371493E-1,-5.176978111E-1,-2.898289859E-1
2.014139592E1,-2.140794694E-1,-6.150912046E-1,-4.132077694E-1
2.015143592E1,-1.861037612E-1,-7.517960668E-1,-4.796693325E-1
2.016147592E1,-1.811144352E-1,-8.382181525E-1,-5.555075407E-1
2.017151692E1,-2.114920467E-1,-8.048732281E-1,-5.565059781E-1
2.018155692E1,-2.118573338E-1,-6.470286846E-1,-5.570572615E-1
2.019159792E1,-1.327910125E-1,-4.479396045E-1,-5.144461393E-1
2.020163792E1,-1.134281280E-3,-2.636152804E-1,-5.557816029E-1
2.021167892E1,1.610093564E-1,-5.396725982E-2,-6.637027264E-1
2.022171892E1,2.802390754E-1,1.735167652E-1,-7.695066929E-1
2.023175992E1,3.250265419E-1,3.294801414E-1,-7.792623043E-1
2.024179992E1,3.374578357E-1,3.523718417E-1,-7.108939290E-1
2.025184092E1,3.139322698E-1,2.562160194E-1,-5.868747830E-1
2.026188092E1,2.488008440E-1,1.514203250E-1,-4.724439383E-1
2.027192092E1,1.636803597E-1,8.918385953E-2,-3.268414736E-1
2.028196192E1,4.590397328E-2,8.152291924E-2,-1.582608819E-1
2.029200192E1,-9.838582575E-2,-2.491804212E-2,-2.786559425E-2
2.030204292E1,-2.355669439E-1,-2.301135212E-1,6.572967023E-2
2.031208292E1,-3.370978236E-1,-3.807267249E-1,1.832515001E-1
2.032212350E1,-3.694893122E-1,-4.167994857E-1,2.984896600E-1
2.033216350E1,-3.297104836E-1,-4.002612531E-1,3.747490048E-1
2.034220450E1,-2.428909093E-1,-3.548069596E-1,4.397370815E-1
2.035224450E1,-1.289116144E-1,-2.607486546E-1,4.772913754E-1
2.036228550E1,-1.740258373E-2,-2.043003589E-1,4.440691173E-1
2.037232550E1,6.004267558E-2,-2.160456926E-1,3.938043416E-1
2.038236550E1,1.059566513E-1,-2.343202978E-1,3.561680317E-1
2.039240650E1,1.223731786E-1,-2.043453455E-1,3.532696962E-1
2.040244650E1,1.367196292E-1,-1.480280161E-1,3.664653897E-1
2.041248750E1,1.755743474E-1,-7.429787517E-2,3.923947215E-1
2.042252750E1,2.363584787E-1,4.614434671E-3,4.119725525E-1
2.043256850E1,2.990974784E-1,9.673264623E-2,4.419836998E-1
2.044260850E1,3.480659425E-1,1.767127067E-1,4.664997160E-1
2.045264950E1,3.559750021E-1,2.257383019E-1,4.796123207E-1
2.046268950E1,3.200395107E-1,2.274714559E-1,4.746661782E-1
2.047273050E1,2.654713392E-1,2.084205300E-1,4.482553303E-1
2.048277050E1,1.982707083E-1,2.096111178E-1,3.892973065E-1
2.049281150E1,1.304572970E-1,2.334490716E-1,2.935563922E-1
2.050285150E1,6.326622516E-2,2.652323842E-1,1.734400243E-1
2.051289150E1,5.353391636E-3,2.877520919E-1,4.505301267E-2
2.052293250E1,-5.013402551E-2,2.784264684E-1,-8.575030416E-2
2.053297250E1,-1.267960519E-1,2.512888610E-1,-2.053499371E-1
2.054301350E1,-2.137763202E-1,2.274464071E-1,-3.024939895E-1
2.055305350E1,-2.986142337E-1,1.843561977E-1,-3.591588736E-1
2.056309450E1,-3.779250085E-1,1.151230559E-1,-3.797150552E-1
2.057313450E1,-4.464606643E-1,5.791995302E-2,-3.662620783E-1
2.058317550E1,-4.929804206E-1,4.226693511E-2,-3.324261308E-1
2.059321550E1,-5.120018125E-1,5.916469172E-2,-3.008492887E-1
2.060325650E1,-4.997599721E-1,1.011739075E-1,-2.847963274E-1
2.061329650E1,-4.566215575E-1,1.528685242E-1,-2.906638086E-1
2.062333650E1,-4.150251150E-1,1.851548553E-1,-3.030586243E-1
2.063337750E1,-3.680485487E-1,1.749634743E-1,-3.377537429E-1
2.064341750E1,-3.215414882E-1,1.543402225E-1,-3.591045737E-1
2.065345850E1,-2.617311478E-1,1.652711630E-1,-3.345789909E-1
2.066349850E1,-1.613459289E-1,1.769786775E-1,-2.443742901E-1
2.067353950E1,-4.720658436E-2,1.921608299E-1,-1.217756644E-1
2.068357950E1,5.195324868E-2,1.610299796E-1,-2.030250058E-2
2.069362050E1,1.221363321E-1,6.957995147E-2,2.748339623E-2
2.070366050E1,1.618426740E-1,-6.770191342E-2,4.438984767E-2
2.071370150E1,1.809860021E-1,-1.937695593E-1,4.908233881E-2
2.072374150E1,1.756870300E-1,-2.500610054E-1,4.690428451E-2
2.073378150E1,8.285163343E-2,-2.597048283E-1,2.844591625E-2
2.074382250E1,-1.404111683E-1,-2.189328671E-1,6.091338769E-2
2.075386250E1,-3.734712899E-1,-4.154903069E-2,2.490694374E-1
2.076390350E1,-5.011047125E-1,3.568582535E-1,5.889313817E-1
2.077394350E1,-6.154376864E-1,7.217320800E-1,8.822135925E-1
2.078398450E1,-8.281506896E-1,6.706264019E-1,1.051475286E0
2.079402450E1,-1.136314511E0,3.852423429E-1,1.039434314E0
2.080406550E1,-1.322157621E0,5.662928149E-2,9.101045132E-1
2.081410550E1,-1.285671949E0,-2.433973849E-1,6.544256210E-1
2.082414650E1,-1.215649486E0,-4.889610708E-1,3.878690302E-1
2.083418650E1,-1.166644931E0,-6.172943115E-1,1.899868399E-1
2.084422650E1,-1.005491853E0,-5.394862294E-1,9.430754185E-2
2.085426750E1,-7.540604472E-1,-2.957279086E-1,4.878319800E-2
2.086430750E1,-5.594472885E-1,-1.227324232E-1,-3.745787311E-3
2.087434850E1,-4.713464081E-1,-7.959640771E-2,-9.019785374E-2
2.088438850E1,-4.706675708E-1,-1.318582743E-1,-2.320045233E-1
2.089442950E1,-5.860084891E-1,-2.292429805E-1,-4.120266438E-1
2.090446950E1,-8.146023750E-1,-3.240206838E-1,-5.697540641E-1
2.091451050E1,-1.086268425E0,-3.392132223E-1,-6.826809049E-1
2.092455050E1,-1.341924787E0,-2.850391269E-1,-7.632048726E-1
2.093459150E1,-1.550961256E0,-2.614070475E-1,-7.962242961E-1
2.094463150E1,-1.691864967E0,-2.724968195E-1,-7.898029089E-1
2.095467250E1,-1.759282947E0,-3.045048118E-1,-7.834371924E-1
2.096471250E1,-1.757552624E0,-3.315323889E-1,-7.932179570E-1
2.097475250E1,-1.705035806E0,-3.551120162E-1,-8.078113198E-1
2.098479350E1,-1.619345784E0,-3.599593341E-1,-8.346545696E-1
2.099483350E1,-1.519008517E0,-3.567640483E-1,-8.723393679E-1
2.100487450E1,-1.430257320E0,-3.665123582E-1,-9.029154778E-1
2.101491450E1,-1.356258273E0,-3.828780055E-1,-9.285561442E-1
2.102495550E1,-1.295878887E0,-3.776131272E-1,-9.262571931E-1
2.103499550E1,-1.242992043E0,-3.473207355E-1,-8.960806131E-1
2.104503650E1,-1.191416383E0,-3.191085160E-1,-8.092465997E-1
2.105507650E1,-1.136787415E0,-2.795347571E-1,-6.700562239E-1
2.106511750E1,-1.066414475E0,-1.819026917E-1,-4.953810275E-1
2.107515750E1,-1.004155636E0,-7.718642242E-3,-3.016650975E-1
2.108519750E1,-9.708644152E-1,2.211787701E-1,-1.100814715E-1
2.109523850E1,-9.693831801E-1,4.679097235E-1,6.802062690E-2
2.110527850E1,-9.816768169E-1,6.976210475E-1,2.375233173E-1
2.111531950E1,-9.880595803E-1,8.549092412E-1,4.075967968E-1
2.112535950E1,-9.685204029E-1,9.229347706E-1,5.869434476E-1
2.113540050E1,-9.438286424E-1,9.197887778E-1,7.363414764E-1
2.114544050E1,-9.363051057E-1,8.706097007E-1,8.163471818E-1
2.115548150E1,-9.411347508E-1,7.627732754E-1,8.261801004E-1
2.116552150E1,-9.459331036E-1,6.128685474E-1,7.703807950E-1
2.117556150E1,-9.353939295E-1,4.347249568E-1,6.563237309E-1
2.118560250E1,-8.841157556E-1,2.392410487E-1,4.592337608E-1
2.119564250E1,-8.160909414E-1,9.918513149E-2,1.990929991E-1
2.120568350E1,-7.584444284E-1,1.166853402E-2,-3.670608252E-2
2.121572350E1,-7.376951575E-1,-5.733530223E-2,-2.232525200E-1
2.122576450E1,-7.310831547E-1,-9.909197688E-2,-3.574450612E-1
2.123580450E1,-7.388164401E-1,-1.235413849E-1,-4.018151760E-1
2.124584550E1,-7.596219778E-1,-1.919385195E-1,-3.533346057E-1
2.125588550E1,-7.587785721E-1,-3.291541338E-1,-2.692887187E-1
2.126592650E1,-7.520442605E-1,-4.989017546E-1,-2.073201090E-1
2.127596650E1,-7.719013095E-1,-6.374241710E-1,-2.068284899E-1
2.128600750E1,-8.153032660E-1,-7.317476273E-1,-2.687088549E-1
2.129604750E1,-8.522077799E-1,-7.101269960E-1,-3.181712031E-1
2.130608750E1,-8.423259854E-1,-5.587444305E-1,-3.056074977E-1
2.131612850E1,-8.194019794E-1,-3.952146471E-1,-2.478467226E-1
2.132616825E1,-7.606037855E-1,-3.010140955E-1,-1.863929331E-1
2.133620925E1,-5.967805386E-1,-1.974155158E-1,-1.281972677E-1
2.134624925E1,-3.619847894E-1,-7.252575457E-2,-7.615958899E-2
2.135629025E1,-7.463423908E-2,5.805782601E-2,-1.104517803E-1
2.136633025E1,2.403843850E-1,2.210154384E-1,-2.753427327E-1
2.137637125E1,4.871589839E-1,3.743930161E-1,-4.816791117E-1
2.138641125E1,6.433467269E-1,3.890380263E-1,-6.221266985E-1
2.139645125E1,7.213714719E-1,2.401614785E-1,-6.574634314E-1
2.140649225E1,7.092672586E-1,-5.780972540E-3,-6.063753366E-1
2.141653225E1,6.305735111E-1,-2.977331877E-1,-5.344832540E-1
2.142657325E1,5.122928023E-1,-5.179328322E-1,-4.249509275E-1
2.143661325E1,3.734864295E-1,-6.137586832E-1,-2.776464224E-1
2.144665425E1,2.406554073E-1,-6.285350323E-1,-9.422650188E-2
2.145669425E1,1.365899891E-1,-6.099904180E-1,6.374315917E-2
2.146673525E1,1.117425933E-1,-6.542451978E-1,4.736433178E-2
2.147677525E1,1.358221024E-1,-6.346299648E-1,5.564622954E-2
2.148681625E1,2.161316872E-1,-5.102922916E-1,1.729522794E-1
2.149685625E1,3.386043310E-1,-3.245527744E-1,3.027073443E-1
2.150689625E1,4.826944768E-1,-1.434038281E-1,3.475016057E-1
2.151693725E1,6.142482162E-1,2.932079835E-3,3.054329753E-1
2.152697725E1,7.044800520E-1,1.410793215E-1,2.587296963E-1
2.153701825E1,7.683503628E-1,2.104357630E-1,2.356699109E-1
2.154705825E1,8.232746720E-1,1.687823683E-1,2.648798525E-1
2.155709925E1,8.716909289E-1,6.893832982E-2,3.300380707E-1
2.156713925E1,9.252581596E-1,2.161905635E-3,4.337275922E-1
2.157718025E1,1.002282619E0,-3.026900440E-2,5.643204451E-1
2.158722025E1,1.097844958E0,-3.940069675E-2,6.850597858E-1
2.159726125E1,1.184206247E0,-1.626288518E-2,7.867003679E-1
2.160730125E1,1.244063377E0,3.909523785E-2,8.344491124E-1
2.161734125E1,1.281198025E0,9.657344222E-2,8.237972856E-1
2.162738225E1,1.299010515E0,1.253004223E-1,7.718895674E-1
2.163742225E1,1.305757403E0,1.439010054E-1,6.904333234E-1
2.164746325E1,1.309074879E0,1.722564250E-1,5.968958139E-1
2.165750325E1,1.307403684E0,2.180071324E-1,5.135047436E-1
2.166754425E1,1.299337626E0,2.872802019E-1,4.313762486E-1
2.167758425E1,1.286635399E0,3.124901950E-1,3.375304639E-1
2.168762525E1,1.260022402E0,2.715466619E-1,2.383402586E-1
2.169766525E1,1.224883556E0,1.859305352E-1,1.467802525E-1
2.170770625E1,1.165468454E0,9.613765776E-2,5.682210252E-2
2.171774625E1,1.112891555E0,-3.286933992E-3,-1.722176559E-2
2.172778625E1,1.064063907E0,-9.738535434E-2,-5.815244839E-2
2.173782725E1,1.004928470E0,-1.487321705E-1,-6.918645650E-2
2.174786725E1,9.288920760E-1,-1.491764784E-1,-8.968210220E-2
2.175790825E1,8.263275623E-1,-1.124911755E-1,-1.359851509E-1
2.176794825E1,7.010012269E-1,-1.192750558E-1,-1.840038300E-1
2.177798925E1,5.944324732E-1,-1.297522038E-1,-1.895810217E-1
2.178802925E1,5.241943598E-1,-6.011687964E-2,-1.670396626E-1
2.179807025E1,4.939917028E-1,1.026416719E-1,-1.484779567E-1
2.180811025E1,4.973657131E-1,3.098640144E-1,-1.669474393E-1
2.181815025E1,4.891035557E-1,4.900383055E-1,-2.145421207E-1
2.182819125E1,4.653118253E-1,5.901015401E-1,-2.877859175E-1
2.183823125E1,4.634672999E-1,6.127650738E-1,-3.488554060E-1
2.184827225E1,4.950569868E-1,5.776394010E-1,-3.727919757E-1
2.185831225E1,5.436202884E-1,5.184870958E-1,-3.402547836E-1
2.186835325E1,6.035627127E-1,4.724731445E-1,-2.487786412E-1
2.187839325E1,6.742419004E-1,4.126859903E-1,-1.290397197E-1
2.188843425E1,7.480944991E-1,3.581860065E-1,-1.063562091E-2
2.189847425E1,8.403919339E-1,2.974289060E-1,7.136337459E-2
2.190851525E1,9.453946948E-1,2.323374301E-1,1.257124841E-1
2.191855525E1,1.005855918E0,2.096510381E-1,1.436254382E-1
2.192859525E1,9.117452502E-1,2.430697829E-1,1.226979345E-1
2.193863625E1,6.600131392E-1,4.256508052E-1,2.273889333E-1
2.194867625E1,4.821435213E-1,6.781323552E-1,6.508681178E-1
2.195871725E1,3.705592155E-1,8.638928533E-1,1.077067018E0
2.196875725E1,2.049818635E-1,8.717252016E-1,1.158505082E0
2.197879825E1,7.728995383E-2,5.546668172E-1,9.692223072E-1
2.198883825E1,2.273207717E-2,6.681567430E-2,6.611343026E-1
2.199887925E1,8.294188976E-2,-4.374085963E-1,3.175236583E-1
2.200891925E1,1.889710426E-1,-7.427796721E-1,5.556204170E-2
2.201896025E1,1.882501394E-1,-7.858701944E-1,-1.046521291E-1
2.202900025E1,9.456169605E-2,-5.906301141E-1,-1.731219739E-1
2.203904025E1,-6.322660297E-2,-2.906042635E-1,-1.656182557E-1
2.204908125E1,-2.240222991E-1,-1.607165486E-1,-8.856448531E-2
2.205912125E1,-3.585707545E-1,-1.894142479E-1,-1.911910251E-2
2.206916225E1,-4.843876660E-1,-2.349002808E-1,-2.978060953E-2
2.207920225E1,-6.431078315E-1,-2.671956122E-1,-1.236660928E-1
2.208924325E1,-8.381995559E-1,-2.238588184E-1,-2.782703340E-1
2.209928325E1,-1.061149240E0,-1.284118891E-1,-4.809815586E-1
2.210932425E1,-1.295535803E0,-1.063832715E-1,-6.793354154E-1
2.211936425E1,-1.501611471E0,-2.094310969E-1,-8.226430416E-1
2.212940425E1,-1.634502292E0,-3.786790669E-1,-8.790201545E-1
2.213944525E1,-1.684274316E0,-5.273494720E-1,-8.784278631E-1
2.214948525E1,-1.659054637E0,-5.915192962E-1,-8.548077941E-1
2.215952625E1,-1.577065706E0,-5.813981891E-1,-8.152931333E-1
2.216956625E1,-1.448444724E0,-5.469260812E-1,-7.935427427E-1
2.217960725E1,-1.312154770E0,-5.076811910E-1,-7.832013965E-1
2.218964725E1,-1.189091444E0,-5.051246881E-1,-7.704448104E-1
2.219968825E1,-1.096498370E0,-5.242549777E-1,-7.312459946E-1
2.220972825E1,-1.033362985E0,-5.335892439E-1,-6.530750990E-1
2.221976925E1,-9.880064130E-1,-4.683487415E-1,-5.360331535E-1
2.222980925E1,-9.525617957E-1,-3.116349578E-1,-3.914159834E-1
2.223984925E1,-9.198490977E-1,-4.728507623E-2,-2.286960483E-1
2.224989025E1,-8.909215927E-1,2.511515319E-1,-6.870562583E-2
2.225993025E1,-8.752288818E-1,4.940903783E-1,7.517697662E-2
2.226997125E1,-8.629018664E-1,5.747020841E-1,2.349641472E-1
2.228001125E1,-8.458024859E-1,5.121873021E-1,3.808824718E-1
2.229005225E1,-8.194070458E-1,4.034714699E-1,4.501704276E-1
2.230009225E1,-7.742861509E-1,3.086051643E-1,4.260949194E-1
2.231013325E1,-7.184233665E-1,2.454704940E-1,3.447509706E-1
2.232017325E1,-6.432916522E-1,2.179565728E-1,2.525898814E-1
2.233021404E1,-5.737082958E-1,2.050780654E-1,1.564260572E-1
2.234025504E1,-5.260645747E-1,2.170974314E-1,5.948567018E-2
2.235029504E1,-5.070597529E-1,2.849462628E-1,-1.985682873E-3
2.236033604E1,-5.137189627E-1,3.695466220E-1,-1.941500790E-2
2.237037604E1,-5.331817865E-1,4.213455915E-1,1.551674679E-3
2.238041704E1,-5.502646565E-1,4.397911727E-1,6.081872806E-2
2.239045704E1,-5.888285041E-1,4.732669592E-1,1.410770416E-1
2.240049804E1,-6.490455270E-1,5.178985596E-1,2.340365350E-1
2.241053804E1,-7.088381052E-1,5.026156902E-1,3.296156228E-1
2.242057904E1,-7.422677279E-1,4.375948906E-1,3.737758994E-1
2.243061904E1,-7.169255614E-1,3.212993145E-1,3.034268916E-1
2.244065904E1,-6.309826970E-1,1.773980707E-1,2.064835727E-1
2.245070004E1,-5.269836187E-1,9.863128886E-3,1.097184345E-1
2.246074004E1,-4.394172728E-1,-1.808498353E-1,-2.951349504E-2
2.247078104E1,-3.529544771E-1,-3.940242529E-1,-2.011118233E-1
2.248082104E1,-2.647343576E-1,-5.273751020E-1,-3.262937069E-1
2.249086204E1,-2.079202980E-1,-5.274543762E-1,-3.853525519E-1
2.250090204E1,-1.230943650E-1,-5.048332214E-1,-3.884577751E-1
2.251094304E1,3.844767809E-2,-4.952117205E-1,-3.805976808E-1
2.252098304E1,2.582836151E-1,-4.751365483E-1,-3.704936504E-1
2.253102304E1,4.999114275E-1,-4.252175093E-1,-3.799173832E-1
2.254106404E1,7.263914347E-1,-3.353491426E-1,-4.345334768E-1
2.255110404E1,9.094122648E-1,-2.028318346E-1,-5.072132349E-1
2.256114504E1,9.933111668E-1,-9.784042835E-2,-5.518813729E-1
2.257118504E1,9.961127043E-1,-6.617315859E-2,-5.485451818E-1
2.258122604E1,9.548608661E-1,-1.096687093E-1,-4.696831405E-1
2.259126604E1,8.609332442E-1,-1.799435765E-1,-3.184334934E-1
2.260130704E1,7.670829296E-1,-2.409057319E-1,-1.272931099E-1
2.261134704E1,6.939887404E-1,-2.574332952E-1,5.997771025E-2
2.262138804E1,6.124086380E-1,-2.129183114E-1,2.044872195E-1
2.263142804E1,5.243683457E-1,-1.250984669E-1,2.751344740E-1
2.264146804E1,4.730090201E-1,-1.150905713E-1,2.476160228E-1
2.265150904E1,4.614952803E-1,-9.463027865E-2,2.242401838E-1
2.266154904E1,4.994663894E-1,-2.350976318E-2,2.380755693E-1
2.267159004E1,5.774411559E-1,1.934030280E-2,2.618158758E-1
2.268163004E1,6.689625382E-1,5.329560488E-2,2.798907459E-1
2.269167104E1,7.613916397E-1,1.030096784E-1,2.818621397E-1
2.270171104E1,8.281882405E-1,1.158213466E-1,2.597531080E-1
2.271175204E1,8.585960269E-1,8.479329944E-2,2.340648621E-1
2.272179204E1,8.647971749E-1,1.189748757E-3,2.414013445E-1
2.273183304E1,8.603683114E-1,-1.087078601E-1,2.931665182E-1
2.274187304E1,8.711655736E-1,-2.214842141E-1,3.590206504E-1
2.275191304E1,9.218638539E-1,-3.088547587E-1,4.440329075E-1
2.276195404E1,1.008878112E0,-3.164647222E-1,5.245714188E-1
2.277199404E1,1.105488420E0,-2.542240918E-1,5.949411988E-1
2.278203504E1,1.184142590E0,-1.463578194E-1,6.309005618E-1
2.279207504E1,1.251208544E0,-2.179835737E-2,6.394148469E-1
2.280211604E1,1.312677145E0,1.189228073E-1,6.222787499E-1
2.281215604E1,1.363017321E0,2.597539127E-1,6.001024842E-1
2.282219704E1,1.389210582E0,3.496299982E-1,5.764605403E-1
2.283223704E1,1.386169076E0,3.840065598E-1,5.580811501E-1
2.284227704E1,1.352956533E0,3.991383910E-1,5.474820137E-1
2.285231804E1,1.300337315E0,3.993029296E-1,5.184015632E-1
2.286235804E1,1.231713772E0,3.924229145E-1,4.527972341E-1
2.287239904E1,1.166167378E0,3.649261892E-1,3.553732634E-1
2.288243904E1,1.099753737E0,2.948728204E-1,2.473085672E-1
2.289248004E1,1.020003676E0,1.963952780E-1,1.402804852E-1
2.290252004E1,9.239711165E-1,7.673837990E-2,3.630615771E-2
2.291256104E1,8.133545518E-1,-6.117021665E-2,-4.962552711E-2
2.292260104E1,7.172088623E-1,-1.726466715E-1,-1.075463593E-1
2.293264204E1,6.329752207E-1,-2.157161087E-1,-1.613315642E-1
2.294268204E1,5.505359173E-1,-2.132084221E-1,-2.109432220E-1
2.295272204E1,4.613216519E-1,-1.901150197E-1,-2.576104403E-1
2.296276304E1,3.540772200E-1,-1.266886443E-1,-2.873584926E-1
2.297280304E1,2.473993748E-1,-2.075923793E-2,-2.848158777E-1
2.298284404E1,1.663886756E-1,1.051036194E-1,-2.550268173E-1
2.299288404E1,1.427676678E-1,2.151853442E-1,-2.198308557E-1
2.300292504E1,1.878706962E-1,2.919232547E-1,-1.810909212E-1
2.301296504E1,2.770154178E-1,3.256533146E-1,-1.463213563E-1
2.302300604E1,3.761840761E-1,3.332126737E-1,-1.098584309E-1
2.303304604E1,4.608792067E-1,3.248380423E-1,-7.541323453E-2
2.304308704E1,5.075377822E-1,3.158975542E-1,-5.111455917E-2
2.305312704E1,5.117035508E-1,3.221717775E-1,-3.493726254E-2
2.306316704E1,5.047298074E-1,3.384655416E-1,8.523661643E-3
2.307320804E1,5.035192966E-1,3.091362715E-1,6.506339461E-2
2.308324804E1,5.021589994E-1,1.732990891E-1,1.272223592E-1
2.309328904E1,5.296456218E-1,5.271158181E-3,1.993638426E-1
2.310332904E1,5.984521508E-1,-7.524952292E-2,2.905752361E-1
2.311337004E1,6.708987951E-1,-4.205625877E-2,3.606968522E-1
2.312341004E1,6.239981651E-1,9.140112996E-2,3.744033277E-1
2.313345104E1,4.750130475E-1,3.578229249E-1,4.437319934E-1
2.314349104E1,3.631302118E-1,7.015891075E-1,6.905036569E-1
2.315353204E1,3.211194277E-1,8.948651552E-1,9.583531618E-1
2.316357204E1,2.062950879E-1,8.802827597E-1,1.021933675E0
2.317361204E1,-3.202993423E-2,6.130843759E-1,8.783468008E-1
2.318365304E1,-2.382371575E-1,2.316019982E-1,7.190780640E-1
2.319369304E1,-2.648951113E-1,-2.022910491E-2,5.820705295E-1
2.320373404E1,-2.277504057E-1,-1.548843831E-1,4.431552291E-1
2.321377404E1,-2.363883406E-1,-2.926850319E-1,3.510146141E-1
2.322381504E1,-2.364466637E-1,-3.978593946E-1,3.424048722E-1
2.323385504E1,-1.781387180E-1,-3.946998715E-1,3.664190471E-1
2.324389604E1,-9.850860387E-2,-3.387431204E-1,3.550398946E-1
2.325393604E1,-2.065294981E-2,-2.608959377E-1,2.989697754E-1
2.326397704E1,2.751351334E-2,-1.834115535E-1,1.997641027E-1
2.327401704E1,8.901025169E-3,-1.657210141E-1,9.568894655E-2
2.328405704E1,-7.698564976E-2,-2.085475773E-1,-6.570043974E-3
2.329409804E1,-1.912761480E-1,-2.586652339E-1,-1.272296458E-1
2.330413804E1,-3.073356152E-1,-2.702880800E-1,-2.687122226E-1
2.331417904E1,-4.238608778E-1,-2.386460751E-1,-3.886267841E-1
2.332421829E1,-5.511623621E-1,-1.951052547E-1,-4.723794758E-1
2.333425929E1,-6.525704861E-1,-1.611931920E-1,-5.325332880E-1
2.334429929E1,-7.110788226E-1,-1.618746966E-1,-5.686510801E-1
2.335434029E1,-7.249011397E-1,-1.930077821E-1,-5.830541253E-1
2.336438029E1,-6.997936368E-1,-2.090165764E-1,-5.976533294E-1
2.337442129E1,-6.371438503E-1,-1.911821812E-1,-6.201258898E-1
2.338446129E1,-5.560764670E-1,-1.554116756E-1,-6.395797133E-1
2.339450229E1,-4.796318114E-1,-9.680905193E-2,-6.617939472E-1
2.340454229E1,-4.157846570E-1,-3.068222851E-2,-6.834912300E-1
2.341458229E1,-3.747165501E-1,4.821355268E-2,-6.968964338E-1
2.342462329E1,-3.516525030E-1,1.143110842E-1,-6.878100038E-1
2.343466329E1,-3.414779007E-1,1.870198697E-1,-6.206064820E-1
2.344470429E1,-3.330796063E-1,2.672707736E-1,-5.165283084E-1
2.345474429E1,-3.468427360E-1,3.475041091E-1,-3.971917629E-1
2.346478529E1,-3.879552782E-1,3.612438738E-1,-2.515914440E-1
2.347482529E1,-4.364753366E-1,3.391700089E-1,-9.393761307E-2
2.348486629E1,-4.859376848E-1,3.095380664E-1,4.145323858E-2
2.349490629E1,-5.287882090E-1,2.767640948E-1,1.327300072E-1
2.350494729E1,-5.808463693E-1,2.289390415E-1,1.652256399E-1
2.351498729E1,-6.292057633E-1,1.743711233E-1,1.581490636E-1
2.352502729E1,-6.642817259E-1,1.359214634E-1,1.253817976E-1
2.353506829E1,-6.747028232E-1,1.034624875E-1,8.415289968E-2
2.354510829E1,-6.624421477E-1,1.098178551E-1,6.661146134E-2
2.355514929E1,-6.268581748E-1,1.433394104E-1,5.157087743E-2
2.356518929E1,-5.853410959E-1,2.000447661E-1,4.743152484E-2
2.357523029E1,-5.747426748E-1,2.585130632E-1,3.449963033E-2
2.358527029E1,-6.177082658E-1,3.080427945E-1,1.368942112E-2
2.359531129E1,-7.193301320E-1,3.275188208E-1,-2.481925115E-2
2.360535129E1,-8.694647551E-1,3.227994442E-1,-7.971978933E-2
2.361539229E1,-1.027948260E0,3.218340874E-1,-1.108189896E-1
2.362543229E1,-1.158726454E0,3.729239106E-1,-1.050455272E-1
2.363547329E1,-1.257923484E0,4.416673183E-1,-6.464268267E-2
2.364551329E1,-1.324029565E0,5.087773800E-1,-2.587370947E-2
2.365555329E1,-1.361091018E0,5.287922621E-1,1.081702113E-2
2.366559429E1,-1.350998759E0,3.986531794E-1,1.980758831E-2
2.367563429E1,-1.277072072E0,9.399327636E-2,-6.827725470E-2
2.368567529E1,-1.156607389E0,-2.890779376E-1,-2.224175483E-1
2.369571529E1,-1.037734151E0,-6.059572697E-1,-4.120555520E-1
2.370575629E1,-9.423417449E-1,-7.554146647E-1,-6.296781898E-1
2.371579629E1,-8.418738246E-1,-6.922073960E-1,-7.965493798E-1
2.372583729E1,-7.217700481E-1,-4.550589919E-1,-7.874003649E-1
2.373587729E1,-5.366355777E-1,-2.231313884E-1,-6.691854000E-1
2.374591829E1,-2.158958912E-1,-6.028041989E-2,-5.272916555E-1
2.375595829E1,1.688549370E-1,1.497185081E-1,-3.906248212E-1
2.376599929E1,5.908259153E-1,3.799016476E-1,-3.654353321E-1
2.377603929E1,9.439451098E-1,5.505887270E-1,-4.615647197E-1
2.378608029E1,9.969097972E-1,4.656528234E-1,-6.047613025E-1
2.379612029E1,8.709191084E-1,2.498379946E-1,-6.736356020E-1
2.380616029E1,7.597033978E-1,3.800137341E-2,-6.284444332E-1
2.381620129E1,6.632023454E-1,-1.870600730E-1,-4.857631326E-1
2.382624129E1,5.523498654E-1,-3.601639569E-1,-3.092360497E-1
2.383628229E1,4.369053245E-1,-4.577831030E-1,-1.215443090E-1
2.384632229E1,2.967074811E-1,-5.436418653E-1,6.439386308E-2
2.385636329E1,1.256598830E-1,-6.806687117E-1,2.066987008E-1
2.386640329E1,-4.546312243E-2,-7.967582941E-1,2.363197058E-1
2.387644429E1,-1.950864047E-1,-7.198471427E-1,2.298159301E-1
2.388648429E1,-2.655147612E-1,-5.472708941E-1,2.819723189E-1
2.389652529E1,-2.366602868E-1,-3.514190614E-1,3.515384197E-1
2.390656529E1,-1.376663297E-1,-1.347778291E-1,3.775516450E-1
2.391660629E1,-1.103326771E-2,1.108005792E-1,3.605847955E-1
2.392664629E1,9.900588542E-2,3.433983922E-1,3.149755001E-1
2.393668729E1,1.864036620E-1,4.942039847E-1,2.603994608E-1
2.394672729E1,2.642478645E-1,5.033306479E-1,2.093354911E-1
2.395676729E1,3.120175600E-1,3.965784609E-1,1.774971336E-1
2.396680829E1,3.348366022E-1,2.475860715E-1,1.708648056E-1
2.397684829E1,3.595711589E-1,7.280792296E-2,1.693269610E-1
2.398688929E1,3.852069974E-1,-9.879551828E-2,1.983551383E-1
2.399692929E1,4.042717516E-1,-2.215460539E-1,2.514650226E-1
2.400697029E1,4.167553186E-1,-2.675079405E-1,3.186448514E-1
2.401701029E1,4.285013080E-1,-2.816705108E-1,3.941278458E-1
2.402705129E1,4.412304163E-1,-2.466952205E-1,4.466578960E-1
2.403709129E1,4.649497569E-1,-1.753114760E-1,4.731107950E-1
2.404713229E1,5.036398768E-1,-7.448925078E-2,4.745694101E-1
2.405717229E1,5.386420488E-1,2.810453810E-2,4.441926479E-1
2.406721329E1,5.676785111E-1,1.170301512E-1,3.795686364E-1
2.407725329E1,5.871641040E-1,1.893368065E-1,3.003488779E-1
2.408729429E1,5.898461938E-1,2.079618871E-1,2.143128067E-1
2.409733429E1,5.788903832E-1,2.120492011E-1,1.236056089E-1
2.410737429E1,5.592061877E-1,2.386962622E-1,1.722403616E-2
2.411741529E1,5.335300565E-1,2.454346269E-1,-7.329755276E-2
2.412745529E1,5.020725727E-1,2.082086951E-1,-1.447040886E-1
2.413749629E1,4.869367778E-1,1.287431568E-1,-2.045104653E-1
2.414753629E1,4.877541065E-1,5.075568706E-2,-2.456368655E-1
2.415757729E1,4.784705043E-1,-8.236509748E-3,-2.588034272E-1
2.416761729E1,4.531347752E-1,-5.947839096E-2,-2.673351169E-1
2.417765829E1,4.228799343E-1,-9.196625650E-2,-2.760223448E-1
2.418769829E1,3.874244690E-1,-9.293005615E-2,-2.776596546E-1
2.419773929E1,3.575199842E-1,-5.372950435E-2,-2.767538428E-1
2.420777929E1,3.591000438E-1,2.455970645E-2,-2.594688833E-1
2.421782029E1,3.938513994E-1,1.434010267E-1,-2.240432799E-1
2.422786029E1,4.697538912E-1,2.957780361E-1,-1.731963456E-1
2.423790129E1,5.770657063E-1,4.849972725E-1,-1.019838601E-1
2.424794129E1,6.835402250E-1,6.435093880E-1,-3.432065994E-2
2.425798129E1,7.807413340E-1,7.081001401E-1,8.702975698E-3
2.426802229E1,8.490495682E-1,6.487478614E-1,4.299410060E-2
2.427806229E1,8.755396008E-1,4.752400219E-1,5.793534219E-2
2.428810329E1,8.641902804E-1,2.739119828E-1,6.010901555E-2
2.429814329E1,8.560788631E-1,8.288649470E-2,9.175855666E-2
2.430818429E1,8.567520976E-1,-6.230479106E-2,1.488056034E-1
2.431822429E1,8.554865122E-1,-1.710568517E-1,2.096572220E-1
2.432826637E1,8.586772680E-1,-2.532185614E-1,2.584620416E-1
2.433830637E1,8.860637546E-1,-3.049626350E-1,3.302892447E-1
2.434834737E1,9.368084669E-1,-2.612031698E-1,3.868736923E-1
2.435838737E1,8.835822940E-1,-1.301934421E-1,3.922826648E-1
2.436842837E1,7.571226358E-1,1.222454607E-1,5.162983537E-1
2.437846838E1,6.970569491E-1,5.776585340E-1,8.331479430E-1
2.438850937E1,5.837026834E-1,1.094835401E0,1.150586128E0
2.439854938E1,1.851616353E-1,1.211673856E0,1.350722790E0
2.440859038E1,-3.469949365E-1,8.280494809E-1,1.422965884E0
2.441863038E1,-7.624349594E-1,4.125231206E-1,1.407457113E0
2.442867138E1,-9.711269140E-1,1.043780595E-1,1.207265139E0
2.443871137E1,-1.069537401E0,-2.202201039E-1,9.302670956E-1
2.444875137E1,-1.067138195E0,-5.702113509E-1,7.435749769E-1
2.445879237E1,-9.512150288E-1,-8.347041607E-1,6.332682371E-1
2.446883237E1,-7.192670703E-1,-8.611711860E-1,5.083345175E-1
2.447887337E1,-4.020146132E-1,-7.431432605E-1,3.498722613E-1
2.448891338E1,-4.802696034E-2,-6.036990881E-1,1.797916293E-1
2.449895438E1,2.251342833E-1,-5.325220823E-1,-1.012517698E-2
2.450899438E1,2.995371521E-1,-5.139832497E-1,-2.560521066E-1
2.451903538E1,2.181997299E-1,-4.335682094E-1,-5.289747715E-1
2.452907538E1,4.427720234E-2,-3.075551391E-1,-7.680368423E-1
2.453911638E1,-1.858941019E-1,-1.929541826E-1,-9.338509440E-1
2.454915637E1,-4.220924973E-1,-1.086957604E-1,-1.007068276E0
2.455919737E1,-6.323552728E-1,-4.168646783E-2,-9.754832983E-1
2.456923737E1,-8.091998100E-1,-3.795546712E-3,-8.725912571E-1
2.457927837E1,-9.164574742E-1,-2.555179968E-2,-7.451067567E-1
2.458931837E1,-9.334105849E-1,-6.712267548E-2,-6.161099076E-1
2.459935937E1,-8.662920594E-1,-1.022939086E-1,-5.399270654E-1
2.460939938E1,-7.392342091E-1,-1.182041690E-1,-5.365664363E-1
2.461944038E1,-5.966283679E-1,-1.095205024E-1,-6.034271717E-1
2.462948038E1,-4.461198151E-1,-1.476894617E-1,-6.956399083E-1
2.463952037E1,-2.937829494E-1,-2.856447399E-1,-7.718082666E-1
2.464956138E1,-1.611468643E-1,-4.429502189E-1,-8.012636304E-1
2.465960137E1,-6.180690601E-2,-5.653928518E-1,-7.602484822E-1
2.466964237E1,-2.626673318E-3,-5.913800001E-1,-6.650109291E-1
2.467968237E1,6.313672662E-2,-5.252725482E-1,-5.348163843E-1
2.468972337E1,1.439924240E-1,-4.114898145E-1,-3.972433507E-1
2.469976337E1,2.216486633E-1,-2.481590360E-1,-2.638125420E-1
2.470980437E1,2.742165327E-1,-7.301198691E-2,-1.272256672E-1
2.471984438E1,2.919617593E-1,6.589752436E-2,3.457202110E-3
2.472988538E1,3.078389764E-1,1.568857580E-1,1.154540405E-1
2.473992538E1,3.229228854E-1,2.426200211E-1,2.224234343E-1
2.474996638E1,3.338479698E-1,3.386685252E-1,3.074786663E-1
2.476000637E1,3.369382024E-1,3.948807716E-1,3.675249219E-1
2.477004738E1,3.301106393E-1,4.029949009E-1,4.092582464E-1
2.478008737E1,3.310705423E-1,3.815870285E-1,4.207926393E-1
2.479012837E1,3.514530361E-1,3.669455051E-1,4.167419672E-1
2.480016837E1,3.902863264E-1,3.993164003E-1,3.835431039E-1
2.481020937E1,4.183773696E-1,4.566547871E-1,3.217447400E-1
2.482024937E1,4.109206796E-1,4.961223602E-1,2.442531288E-1
2.483028938E1,3.757086098E-1,5.278618932E-1,1.722239554E-1
2.484033038E1,3.083702326E-1,5.325108767E-1,1.232669055E-1
2.485037038E1,2.140679508E-1,5.053647757E-1,1.123527363E-1
2.486041138E1,1.048716828E-1,4.567524493E-1,1.242096275E-1
2.487045137E1,-5.165067501E-3,3.644667268E-1,1.525693536E-1
2.488049237E1,-9.024884552E-2,2.072671205E-1,1.928003877E-1
2.489053237E1,-1.427354962E-1,-3.703049943E-2,2.098496705E-1
2.490057337E1,-1.419705600E-1,-3.532620370E-1,1.388435662E-1
2.491061337E1,-1.107434034E-1,-6.639589071E-1,-5.339645222E-2
2.492065437E1,-1.085272059E-1,-8.792259097E-1,-3.069075346E-1
2.493069438E1,-1.302657872E-1,-9.459194541E-1,-5.367534757E-1
2.494073537E1,-1.483855247E-1,-8.548966646E-1,-6.832176447E-1
2.495077538E1,-1.156773791E-1,-5.760213733E-1,-7.506304979E-1
2.496081638E1,-6.395001709E-2,-2.158976048E-1,-7.771807313E-1
2.497085638E1,1.952144131E-2,1.379068047E-1,-7.666252851E-1
2.498089738E1,1.767532378E-1,4.208879173E-1,-7.942922711E-1
2.499093737E1,3.727384508E-1,4.650862813E-1,-8.859388828E-1
2.500097837E1,5.134942532E-1,2.257476151E-1,-9.627155662E-1
2.501101837E1,6.095150113E-1,-5.471359566E-2,-9.159230590E-1
2.502105937E1,6.494476795E-1,-1.797828376E-1,-7.481971979E-1
2.503109937E1,6.341411471E-1,-1.633772254E-1,-5.381544828E-1
2.504114037E1,5.833161473E-1,-1.849748939E-1,-3.500443995E-1
2.505118038E1,4.368652403E-1,-2.671491504E-1,-1.885678768E-1
2.506122137E1,2.636708319E-1,-3.300510645E-1,-1.447290927E-2
2.507126138E1,1.522372514E-1,-3.391441405E-1,2.009009272E-1
2.508130138E1,1.076819897E-1,-3.410316706E-1,4.387472868E-1
2.509134238E1,1.352017671E-1,-3.382366896E-1,6.522883177E-1
2.510138237E1,2.347833514E-1,-3.008504808E-1,7.914271355E-1
2.511142337E1,3.619157374E-1,-2.448263615E-1,8.506593108E-1
2.512146337E1,4.806199074E-1,-1.874057949E-1,8.407843709E-1
2.513150437E1,5.808988214E-1,-1.173209772E-1,7.937705517E-1
2.514154437E1,6.584206223E-1,-7.359322906E-2,7.441038489E-1
2.515158537E1,7.117354870E-1,-4.803487286E-2,7.096004486E-1
2.516162538E1,7.462296486E-1,-5.279153585E-2,7.006664276E-1
2.517166638E1,7.826422453E-1,-6.652386487E-2,7.044792771E-1
2.518170638E1,8.290792704E-1,-8.938029408E-2,7.275446057E-1
2.519174738E1,8.774457574E-1,-1.078474522E-1,7.714305520E-1
2.520178738E1,9.273884892E-1,-1.386213601E-1,8.016214967E-1
2.521182838E1,9.806495905E-1,-1.559950262E-1,7.996768951E-1
2.522186837E1,1.026743054E0,-1.372698992E-1,7.905221581E-1
2.523190937E1,1.063496351E0,-8.126281947E-2,7.706069946E-1
2.524194937E1,1.067928076E0,-2.043339983E-2,7.220206261E-1
2.525199037E1,1.044016004E0,4.350137338E-2,6.448632479E-1
2.526203037E1,9.835275412E-1,1.396775991E-1,5.686160922E-1
2.527207137E1,9.138605595E-1,2.087248415E-1,4.343592823E-1
2.528211138E1,8.627279997E-1,2.296680510E-1,3.120538294E-1
2.529215238E1,8.344883919E-1,2.126427293E-1,1.949165463E-1
2.530219238E1,7.941473126E-1,1.891239733E-1,5.928872526E-2
2.531223237E1,7.432987690E-1,2.007643878E-1,-7.562701404E-2
2.532227338E1,6.794191599E-1,2.546583116E-1,-1.582226902E-1
2.533231312E1,6.040165424E-1,3.128470480E-1,-1.691246033E-1
2.534235412E1,4.995295405E-1,3.523107469E-1,-1.430633515E-1
2.535239412E1,3.765399754E-1,3.303750753E-1,-1.173947453E-1
2.536243512E1,2.743376195E-1,2.940048873E-1,-9.135401994E-2
2.537247513E1,2.276151031E-1,2.560982406E-1,-7.081145793E-2
2.538251612E1,2.290404141E-1,2.323271036E-1,-6.771158427E-2
2.539255613E1,2.739626467E-1,2.297848612E-1,-9.545879066E-2
2.540259713E1,3.161737919E-1,2.642396986E-1,-1.348989904E-1
2.541263713E1,3.423505425E-1,3.355120122E-1,-1.296065003E-1
2.542267813E1,3.787201643E-1,3.782293499E-1,-1.349224448E-1
2.543271812E1,4.162097573E-1,3.883427083E-1,-1.720847338E-1
2.544275912E1,4.655208886E-1,3.933564723E-1,-2.299385816E-1
2.545279912E1,5.368205905E-1,3.533408940E-1,-2.617276609E-1
2.546284012E1,5.874750018E-1,2.205854207E-1,-2.156090438E-1
2.547288012E1,5.858821273E-1,1.200158615E-2,-1.261547953E-1
2.548292112E1,5.302359462E-1,-2.233659923E-1,-2.587981289E-3
2.549296113E1,4.445673227E-1,-4.646686316E-1,1.347712129E-1
2.550300213E1,3.863460720E-1,-6.283130646E-1,2.639867365E-1
2.551304213E1,3.234555423E-1,-6.563734412E-1,3.376066387E-1
2.552308313E1,1.905305386E-1,-5.362977982E-1,3.818170130E-1
2.553312313E1,9.723680466E-2,-2.000310868E-1,5.080633163E-1
2.554316413E1,4.683814943E-2,2.131084949E-1,7.169463634E-1
2.555320412E1,-1.130460575E-1,4.856316447E-1,9.861677289E-1
2.556324412E1,-3.685718775E-1,5.762407780E-1,1.182497859E0
2.557328512E1,-5.471845269E-1,4.564933181E-1,1.223117352E0
2.558332512E1,-5.828546286E-1,2.051194608E-1,1.116824150E0
2.559336612E1,-5.330635905E-1,-1.104992256E-1,9.101859331E-1
2.560340613E1,-4.135743678E-1,-3.126231432E-1,6.635612845E-1
2.561344713E1,-2.271600068E-1,-3.226824403E-1,4.288007319E-1
2.562348713E1,5.610312894E-2,-2.955773473E-1,2.376759946E-1
2.563352813E1,3.870538771E-1,-3.206715286E-1,1.315753907E-1
2.564356813E1,6.299038529E-1,-3.943786621E-1,6.253739446E-2
2.565360913E1,6.660378575E-1,-4.935667515E-1,-2.255193517E-2
2.566364912E1,4.977253973E-1,-6.309270263E-1,-1.690396369E-1
2.567369012E1,2.019850910E-1,-7.146775723E-1,-3.580771983E-1
2.568373012E1,-1.258251667E-1,-7.526075840E-1,-5.633079410E-1
2.569377112E1,-4.046698511E-1,-7.560081482E-1,-6.925657988E-1
2.570381112E1,-6.202687025E-1,-6.837070584E-1,-7.469060421E-1
2.571385212E1,-7.506336570E-1,-5.688478947E-1,-7.416428328E-1
2.572389213E1,-8.209612370E-1,-4.248259068E-1,-7.379715443E-1
2.573393313E1,-8.438944817E-1,-2.625768185E-1,-7.341304421E-1
2.574397313E1,-8.408001661E-1,-1.503496319E-1,-7.293722630E-1
2.575401413E1,-8.248606324E-1,-7.660325617E-2,-7.128257751E-1
2.576405413E1,-8.145392537E-1,-3.848079592E-2,-6.979100108E-1
2.577409513E1,-8.196349740E-1,-2.326402627E-2,-6.746464968E-1
2.578413512E1,-8.373581171E-1,-6.277245283E-2,-6.652016640E-1
2.579417612E1,-8.542904854E-1,-1.471733600E-1,-6.593451500E-1
2.580421612E1,-8.629044294E-1,-2.510348856E-1,-6.314495206E-1
2.581425712E1,-8.521202803E-1,-3.022613227E-1,-5.741140246E-1
2.582429712E1,-8.153464198E-1,-2.378609478E-1,-4.804419279E-1
2.583433812E1,-7.525395155E-1,-5.470417440E-2,-3.571335673E-1
2.584437813E1,-6.849625707E-1,2.030095309E-1,-2.207605988E-1
2.585441913E1,-6.263980865E-1,4.602716863E-1,-1.046784744E-1
2.586445913E1,-5.903495550E-1,6.431540251E-1,-8.228815161E-3
2.587450013E1,-5.620153546E-1,6.946590543E-1,9.450928122E-2
2.588454013E1,-5.285794735E-1,6.276409030E-1,2.045779377E-1
2.589458012E1,-4.926315844E-1,5.527434945E-1,2.670788467E-1
2.590462112E1,-4.498383701E-1,5.062699914E-1,2.920668423E-1
2.591466112E1,-3.933644593E-1,5.011412501E-1,2.889235020E-1
2.592470212E1,-3.306700885E-1,5.373480320E-1,2.691826820E-1
2.593474213E1,-2.554222047E-1,5.910078287E-1,2.445569634E-1
2.594478312E1,-1.853343099E-1,6.406311989E-1,2.257447690E-1
2.595482313E1,-1.330873519E-1,6.558056474E-1,2.248667330E-1
2.596486413E1,-1.267374903E-1,6.181051731E-1,2.365186065E-1
2.597490413E1,-1.503128558E-1,5.278288126E-1,2.379753590E-1
2.598494513E1,-1.899570376E-1,4.183028042E-1,2.230192423E-1
2.599498512E1,-2.445688844E-1,3.370993137E-1,2.063696831E-1
2.600502612E1,-2.944739163E-1,2.505016029E-1,2.126564831E-1
2.601506612E1,-3.326420784E-1,1.251117438E-1,2.250660062E-1
2.602510712E1,-3.226853013E-1,-3.906302154E-2,1.779787987E-1
2.603514712E1,-2.617908120E-1,-2.854917049E-1,3.978016973E-2
2.604518812E1,-1.938381344E-1,-5.764679909E-1,-1.802407950E-1
2.605522813E1,-1.760303676E-1,-7.892426252E-1,-4.293006659E-1
2.606526912E1,-1.876187623E-1,-8.847509623E-1,-6.235454679E-1
2.607530913E1,-2.000410706E-1,-8.846254945E-1,-7.368320823E-1
2.608535013E1,-1.881345809E-1,-8.087482452E-1,-7.430523038E-1
2.609539013E1,-1.619165689E-1,-6.021314263E-1,-6.888202429E-1
2.610543113E1,-1.037741303E-1,-2.790416777E-1,-6.370580196E-1
2.611547112E1,-2.024331130E-3,9.253905714E-2,-6.275486350E-1
2.612551212E1,1.294388473E-1,4.193253219E-1,-7.157282829E-1
2.613555212E1,2.321348637E-1,5.491464138E-1,-8.203502893E-1
2.614559312E1,2.679079771E-1,4.920996726E-1,-8.561212420E-1
2.615563312E1,2.513825297E-1,2.866066992E-1,-7.900447249E-1
2.616567412E1,1.674617082E-1,8.742444217E-2,-6.717246771E-1
2.617571413E1,4.284147173E-2,-3.754466027E-2,-5.179423094E-1
2.618575512E1,-5.187468976E-2,-9.187225252E-2,-3.150539696E-1
2.619579513E1,-1.251039058E-1,-1.062269583E-1,-9.982234985E-2
2.620583613E1,-2.224813551E-1,-1.626970321E-1,5.159432814E-2
2.621587613E1,-2.946170866E-1,-2.781208158E-1,1.363459677E-1
2.622591713E1,-2.843814492E-1,-3.582890630E-1,2.370655686E-1
2.623595712E1,-2.191800922E-1,-3.905681670E-1,3.859482706E-1
2.624599812E1,-1.166486070E-1,-3.329108953E-1,4.995751679E-1
2.625603812E1,2.498336136E-2,-2.154993117E-1,5.214431882E-1
2.626607912E1,1.696890146E-1,-7.926756144E-2,4.762882590E-1
2.627611912E1,2.965281904E-1,5.407851189E-2,3.942655623E-1
2.628615913E1,3.964039385E-1,1.394044757E-1,3.254191279E-1
2.629620013E1,4.559863210E-1,1.765515655E-1,3.117264807E-1
2.630624013E1,4.707645774E-1,1.679027677E-1,3.618502617E-1
2.631628113E1,4.759814441E-1,1.200204715E-1,4.537064135E-1
2.632632100E1,4.925231934E-1,5.220194533E-2,5.504152775E-1
2.633636200E1,5.306131244E-1,1.768418588E-2,6.376425624E-1
2.634640200E1,5.969203115E-1,1.048037969E-2,7.010586858E-1
2.635644300E1,6.751506329E-1,6.988709792E-3,7.325998545E-1
2.636648300E1,7.404662371E-1,2.135475911E-2,7.456126213E-1
2.637652400E1,7.755243778E-1,4.265099391E-2,7.760943770E-1
2.638656400E1,8.013000488E-1,5.270852894E-2,7.322924733E-1
2.639660500E1,8.148204088E-1,9.796042740E-2,6.466668248E-1
2.640664500E1,8.185917139E-1,1.820772737E-1,5.552628040E-1
2.641668600E1,8.141596913E-1,2.514467537E-1,4.475672245E-1
2.642672600E1,7.940469384E-1,3.079216778E-1,3.194282353E-1
2.643676700E1,7.481691837E-1,3.703158200E-1,1.750593632E-1
2.644680700E1,6.825843453E-1,4.202109277E-1,1.875848696E-2
2.645684800E1,6.056413651E-1,4.244387150E-1,-1.311897337E-1
2.646688800E1,5.335398912E-1,3.718733788E-1,-2.518242598E-1
2.647692900E1,4.649075568E-1,2.762541771E-1,-3.379554152E-1
2.648696900E1,3.919017315E-1,1.789593846E-1,-3.879718184E-1
2.649701000E1,3.091336191E-1,9.733722359E-2,-4.085615277E-1
2.650705000E1,2.101093382E-1,3.251761943E-2,-4.092797935E-1
2.651709100E1,1.077864319E-1,-4.178271070E-2,-4.047960937E-1
2.652713100E1,2.915309370E-2,-1.082435921E-1,-3.786461949E-1
2.653717200E1,-1.643835939E-2,-1.394249499E-1,-3.316808343E-1
2.654721200E1,-2.912817150E-2,-1.392899752E-1,-2.781567276E-1
2.655725300E1,-2.794705704E-2,-8.926382661E-2,-2.092991173E-1
2.656729300E1,-1.820020005E-2,2.124539344E-3,-1.435560584E-1
2.657733400E1,-9.377412498E-3,1.243111640E-1,-9.445162117E-2
2.658737400E1,2.415556088E-2,2.725398839E-1,-5.942735821E-2
2.659741500E1,9.623694420E-2,3.958399594E-1,-2.806624025E-2
2.660745500E1,1.795429140E-1,4.237367809E-1,3.615307435E-2
2.661749600E1,2.584518492E-1,3.242205679E-1,1.712784171E-1
2.662753600E1,3.389250636E-1,1.461486965E-1,2.899824083E-1
2.663757700E1,4.173024297E-1,-1.534884423E-2,3.155583441E-1
2.664761700E1,4.969748259E-1,-1.562204212E-1,3.034743667E-1
2.665765800E1,5.583319068E-1,-2.599018216E-1,2.994985580E-1
2.666769800E1,5.835050344E-1,-2.939693332E-1,3.288934231E-1
2.667773900E1,5.894497633E-1,-1.769644171E-1,4.087171555E-1
2.668777900E1,6.029307842E-1,1.324044634E-2,5.549136400E-1
2.669782000E1,5.569052100E-1,6.121276692E-2,7.393004894E-1
2.670786000E1,3.321636319E-1,5.955323204E-2,9.645763040E-1
2.671790100E1,1.275126357E-2,9.474477172E-2,1.137478828E0
2.672794100E1,-2.273538411E-1,2.407272533E-2,1.238247752E0
2.673798100E1,-2.985707521E-1,-2.182882428E-1,1.198229313E0
2.674802200E1,-2.706381977E-1,-5.457981229E-1,1.040195704E0
2.675806200E1,-1.958015114E-1,-7.032700181E-1,8.908901811E-1
2.676810300E1,-1.206628159E-1,-5.942495465E-1,7.683323026E-1
2.677814300E1,1.943809725E-2,-3.562590778E-1,6.280950308E-1
2.678818400E1,2.723637521E-1,-1.056570560E-1,4.388658702E-1
2.679822400E1,5.252295732E-1,4.912267253E-2,2.409490645E-1
2.680826500E1,6.270659566E-1,1.553097367E-1,1.458947808E-1
2.681830500E1,5.601244569E-1,9.930185974E-2,1.556339860E-2
2.682834600E1,3.829066455E-1,-8.406209201E-2,-2.091711611E-1
2.683838600E1,1.749238819E-1,-3.130531907E-1,-4.694213867E-1
2.684842700E1,-2.841550484E-2,-5.022610426E-1,-6.456093788E-1
2.685846700E1,-2.204643041E-1,-5.665984750E-1,-7.217345238E-1
2.686850800E1,-3.948818147E-1,-5.418288708E-1,-7.402890921E-1
2.687854800E1,-5.357364416E-1,-4.933731854E-1,-7.251876593E-1
2.688858900E1,-6.357735395E-1,-4.668034315E-1,-7.085425258E-1
2.689862900E1,-7.014672756E-1,-4.716195166E-1,-7.208540440E-1
2.690867000E1,-7.388779521E-1,-4.791444242E-1,-7.179996967E-1
2.691871000E1,-7.572921515E-1,-4.603640735E-1,-7.201520801E-1
2.692875100E1,-7.554645538E-1,-4.310394228E-1,-7.284712195E-1
2.693879100E1,-7.325955033E-1,-3.802082241E-1,-7.299628258E-1
2.694883200E1,-6.783229113E-1,-3.211854696E-1,-7.089235187E-1
2.695887200E1,-6.037362814E-1,-2.472196370E-1,-6.566869617E-1
2.696891300E1,-4.992227256E-1,-1.277759373E-1,-5.725314021E-1
2.697895300E1,-3.925524950E-1,5.072243512E-2,-4.633665383E-1
2.698899400E1,-3.082492650E-1,2.693457901E-1,-3.431593180E-1
2.699903400E1,-2.657673061E-1,4.844000638E-1,-2.070041150E-1
2.700907500E1,-2.696125805E-1,6.130194664E-1,-7.052367181E-2
2.701911500E1,-2.974735200E-1,6.541559696E-1,6.844726205E-2
2.702915600E1,-3.321797848E-1,6.648529172E-1,1.953103989E-1
2.703919600E1,-3.496005833E-1,6.382316947E-1,3.024016917E-1
2.704923700E1,-3.334726095E-1,5.738446116E-1,3.951324224E-1
2.705927700E1,-2.901355326E-1,4.704444408E-1,4.603724182E-1
2.706931800E1,-2.335889488E-1,3.556991220E-1,4.857169688E-1
2.707935800E1,-1.685026139E-1,2.793263197E-1,4.673936069E-1
2.708939900E1,-8.711460233E-2,2.527750134E-1,4.268558025E-1
2.709943900E1,-8.328710683E-3,2.457951456E-1,3.934949040E-1
2.710948000E1,5.264034867E-2,2.182284445E-1,3.768202066E-1
2.711952000E1,8.332209289E-2,1.741493940E-1,3.658841848E-1
2.712956100E1,9.550394863E-2,1.105222479E-1,3.436117172E-1
2.713960100E1,8.918479830E-2,4.333282262E-2,3.086758554E-1
2.714964200E1,7.767415792E-2,-1.785579324E-2,2.756974995E-1
2.715968200E1,7.209642977E-2,-3.766358644E-2,2.624011338E-1
2.716972300E1,7.453832775E-2,-5.958744325E-3,2.774493694E-1
2.717976300E1,7.856502384E-2,5.519515648E-2,3.076650500E-1
2.718980400E1,8.239895850E-2,1.279917061E-1,3.141146600E-1
2.719984400E1,8.947630972E-2,1.771888137E-1,2.785505354E-1
2.720988500E1,1.188104972E-1,1.050544307E-1,2.549821138E-1
2.721992500E1,1.567735970E-1,-1.229140162E-1,2.539906204E-1
2.722996600E1,1.746471077E-1,-3.727694750E-1,2.189291716E-1
2.724000600E1,1.761901379E-1,-5.532057881E-1,1.232497916E-1
2.725004700E1,1.788960993E-1,-6.230964661E-1,4.679981153E-3
2.726008700E1,2.146514356E-1,-5.957533121E-1,-8.912055194E-2
2.727012800E1,2.442073524E-1,-5.251175165E-1,-1.710094064E-1
2.728016800E1,2.554086149E-1,-4.156605303E-1,-2.404332161E-1
2.729020900E1,3.399908543E-1,-2.127256840E-1,-2.946315706E-1
2.730024900E1,5.542762876E-1,1.129096672E-1,-3.414920270E-1
2.731029000E1,8.302285671E-1,4.557737112E-1,-3.984425366E-1
2.732033000E1,1.069267035E0,7.241750956E-1,-4.979086816E-1
2.733037092E1,1.175695062E0,8.004276752E-1,-5.803914070E-1
2.734041092E1,1.257186174E0,5.397146344E-1,-5.810558796E-1
2.735045192E1,1.332410455E0,1.353361458E-1,-3.953399956E-1
2.736049192E1,1.311480403E0,-1.760113388E-1,-5.174987018E-2
2.737053292E1,1.263873458E0,-4.743373096E-1,2.782887518E-1
2.738057292E1,1.221835613E0,-6.109828353E-1,5.431739688E-1
2.739061392E1,1.213169813E0,-5.507625341E-1,7.620744109E-1
2.740065392E1,1.234917402E0,-3.991863132E-1,9.544907212E-1
2.741069492E1,1.273760080E0,-3.109951317E-1,1.069257975E0
2.742073492E1,1.312491179E0,-2.558354735E-1,1.083884358E0
2.743077592E1,1.371271253E0,-1.911167800E-1,1.085460424E0
2.744081592E1,1.451739430E0,-1.228663474E-1,1.064442277E0
2.745085592E1,1.562628746E0,-7.207494974E-2,1.014670849E0
2.746089692E1,1.685353279E0,-4.684362933E-2,9.267464280E-1
2.747093692E1,1.815626979E0,-6.415504217E-2,7.934792638E-1
2.748097792E1,1.965721607E0,-8.729445189E-2,6.573549509E-1
2.749101792E1,2.100634575E0,-6.382292509E-2,5.735893250E-1
2.750105892E1,2.224236965E0,-2.271650359E-2,5.618951321E-1
2.751109892E1,2.358396053E0,-1.069257036E-2,6.137782931E-1
2.752113992E1,2.510837555E0,5.791863427E-3,6.916131377E-1
2.753117992E1,2.671218872E0,4.784978554E-2,7.912158370E-1
2.754122092E1,2.830368042E0,8.255450428E-2,9.075789452E-1
2.755126092E1,2.983415842E0,8.866705000E-2,1.027323365E0
2.756130192E1,3.095777273E0,9.447193891E-2,1.110102654E0
2.757134192E1,3.154396296E0,1.375262290E-1,1.144249320E0
2.758138292E1,3.167768002E0,2.103985846E-1,1.141964436E0
2.759142292E1,3.155709505E0,2.704674602E-1,1.125862360E0
2.760146392E1,3.142608643E0,2.689012587E-1,1.109017849E0
2.761150392E1,3.146380663E0,1.992205083E-1,1.081488371E0
2.762154492E1,3.166524887E0,1.061827019E-1,9.897778630E-1
2.763158492E1,3.197657824E0,2.491110004E-2,8.291447163E-1
2.764162592E1,3.209680557E0,5.531276111E-3,6.527246833E-1
2.765166592E1,3.193066597E0,-1.516230498E-2,4.688828588E-1
2.766170692E1,3.138686180E0,-1.560359169E-2,3.095214367E-1
2.767174692E1,3.038186312E0,-1.195045188E-2,2.033240199E-1
2.768178792E1,2.891901255E0,2.663049661E-2,1.690257043E-1
2.769182792E1,2.714067698E0,9.274265915E-2,1.628916264E-1
2.770186892E1,2.527249336E0,1.444037110E-1,1.744177938E-1
2.771190892E1,2.337584019E0,1.492232829E-1,1.897904426E-1
2.772194992E1,2.151737452E0,1.363668740E-1,2.020857334E-1
2.773198992E1,1.976566911E0,1.341557950E-1,1.979115158E-1
2.774203092E1,1.813973546E0,1.339738965E-1,1.750341654E-1
2.775207092E1,1.669376373E0,1.480118781E-1,1.404808462E-1
2.776211192E1,1.541326761E0,1.814651787E-1,1.127581447E-1
2.777215192E1,1.441561460E0,2.340320796E-1,1.062455252E-1
2.778219292E1,1.381815791E0,2.722143531E-1,1.209605560E-1
2.779223292E1,1.327010989E0,3.055173755E-1,1.341782510E-1
2.780227392E1,1.278571010E0,3.356731534E-1,1.337950230E-1
2.781231392E1,1.283586383E0,3.631213605E-1,1.464693993E-1
2.782235492E1,1.317026854E0,3.627357185E-1,1.666452438E-1
2.783239492E1,1.361079574E0,3.074302971E-1,1.485379636E-1
2.784243592E1,1.383705020E0,2.282356173E-1,9.668037295E-2
2.785247592E1,1.364718437E0,1.512891650E-1,4.369596764E-2
2.786251692E1,1.317333221E0,6.781797111E-2,1.836983860E-2
2.787255692E1,1.267303944E0,-3.396802023E-2,3.640692309E-2
2.788259792E1,1.229206324E0,-1.494522691E-1,8.314140886E-2
2.789263792E1,1.196330667E0,-2.536600530E-1,1.438834667E-1
2.790267892E1,1.159480691E0,-3.480648696E-1,2.089985609E-1
2.791271892E1,1.126892567E0,-4.389093220E-1,2.580992579E-1
2.792275992E1,1.089220524E0,-5.078241825E-1,2.842480242E-1
2.793279992E1,1.047606349E0,-5.423784256E-1,2.991181016E-1
2.794284092E1,1.007007837E0,-5.381501317E-1,2.948913574E-1
2.795288092E1,9.640478492E-1,-4.717798233E-1,2.828601599E-1
2.796292192E1,9.056468606E-1,-3.466703594E-1,2.778067887E-1
2.797296192E1,8.306739926E-1,-2.194508165E-1,3.122459650E-1
2.798300292E1,7.425409555E-1,-1.350054443E-1,3.973994553E-1
2.799304292E1,6.445594430E-1,-5.710482225E-2,5.028288364E-1
2.800308392E1,5.324070454E-1,-1.980725117E-2,5.529508591E-1
2.801312392E1,4.198950827E-1,-5.567418411E-2,5.080142617E-1
2.802316492E1,3.396670818E-1,-9.149396420E-2,4.608600438E-1
2.803320492E1,3.136079907E-1,-1.918413192E-1,3.920102417E-1
2.804324592E1,3.425243199E-1,-3.138247430E-1,3.430304527E-1
2.805328592E1,4.218485653E-1,-4.409193993E-1,3.103886843E-1
2.806332692E1,5.354004502E-1,-5.191561580E-1,2.689850330E-1
2.807336692E1,6.791920066E-1,-5.055672526E-1,2.073376775E-1
2.808340792E1,8.095321655E-1,-4.057095945E-1,1.498536021E-1
2.809344792E1,8.949015737E-1,-2.367371172E-1,1.587299109E-1
2.810348892E1,9.114925265E-1,-1.278851926E-1,1.569338739E-1
2.811352892E1,8.503373265E-1,-6.171205640E-2,7.520004362E-2
2.812356992E1,7.421565652E-1,-8.793978952E-3,-4.938929155E-2
2.813360992E1,5.946487188E-1,-2.157201432E-2,-2.215296924E-1
2.814365092E1,4.244724810E-1,-4.923826084E-2,-4.022235870E-1
2.815369092E1,2.621859610E-1,-4.027204588E-2,-5.019264221E-1
2.816373192E1,1.614196748E-1,-2.514689043E-2,-5.472430587E-1
2.817377192E1,1.252478212E-1,-3.928667679E-2,-5.873864889E-1
2.818381292E1,1.416030824E-1,-1.206433177E-1,-6.444990039E-1
2.819385292E1,1.892633140E-1,-2.367830724E-1,-6.948574781E-1
2.820389392E1,2.362095267E-1,-3.029884696E-1,-7.281294465E-1
2.821393392E1,2.783281207E-1,-3.079327345E-1,-7.568877935E-1
2.822397492E1,3.129737079E-1,-2.811152339E-1,-7.698422074E-1
2.823401492E1,3.458943069E-1,-2.154929787E-1,-7.680238485E-1
2.824405592E1,3.820131421E-1,-1.625788957E-1,-7.451632619E-1
2.825409592E1,4.095171392E-1,-1.056964174E-1,-6.864908934E-1
2.826413692E1,4.309646189E-1,-2.606923319E-2,-6.146162152E-1
2.827417692E1,4.346065819E-1,7.222259045E-2,-4.973086715E-1
2.828421792E1,4.273113906E-1,1.709206551E-1,-3.318920135E-1
2.829425792E1,4.111849368E-1,2.594589889E-1,-1.598186493E-1
2.830429892E1,3.931204677E-1,3.214674890E-1,2.610327210E-4
2.831433892E1,3.775501847E-1,3.410820067E-1,1.391854286E-1
2.832437992E1,3.592795730E-1,3.459604084E-1,2.334498763E-1
2.833442050E1,3.438939750E-1,3.376260102E-1,2.931392789E-1
2.834446150E1,3.164287806E-1,3.158567846E-1,2.922369838E-1
2.835450150E1,2.774759233E-1,2.832503915E-1,2.566945553E-1
2.836454250E1,2.257685065E-1,2.563029528E-1,1.912806630E-1
2.837458250E1,1.745383739E-1,2.547662258E-1,1.321521401E-1
2.838462350E1,1.172596365E-1,2.821152806E-1,6.517070532E-2
2.839466350E1,5.406105891E-2,3.217457831E-1,2.950749174E-2
2.840470450E1,-3.000588529E-2,3.492644727E-1,4.348402843E-2
2.841474450E1,-1.345312744E-1,3.627178669E-1,9.390275925E-2
2.842478550E1,-2.552331984E-1,3.536995947E-1,1.687112153E-1
2.843482550E1,-3.804785311E-1,3.081404269E-1,2.434601486E-1
2.844486650E1,-4.988776147E-1,2.391001135E-1,3.049157858E-1
2.845490650E1,-5.881957412E-1,1.468033344E-1,3.301718831E-1
2.846494750E1,-6.191656590E-1,-3.581906669E-3,2.803129852E-1
2.847498750E1,-5.877756476E-1,-1.458333135E-1,1.657733619E-1
2.848502850E1,-4.945096076E-1,-2.920997143E-1,1.227781270E-2
2.849506850E1,-3.597491682E-1,-4.742977023E-1,-1.485079527E-1
2.850510950E1,-2.257317305E-1,-6.252374053E-1,-2.703262568E-1
2.851514950E1,-1.118825972E-1,-6.872866750E-1,-3.510472775E-1
2.852519050E1,-3.470632061E-2,-6.908705235E-1,-4.389321506E-1
2.853523050E1,2.049248666E-2,-5.726338625E-1,-5.151225328E-1
2.854527150E1,3.242930770E-2,-3.603999019E-1,-5.598657727E-1
2.855531150E1,3.391278163E-2,-1.440990567E-1,-5.272455215E-1
2.856535250E1,8.513867855E-2,1.244714856E-2,-4.994325638E-1
2.857539250E1,1.727958769E-1,1.483190656E-1,-5.254247785E-1
2.858543350E1,2.797247469E-1,2.487615198E-1,-5.607451797E-1
2.859547350E1,3.518468142E-1,2.683194578E-1,-6.157423258E-1
2.860551450E1,3.442381620E-1,2.202419192E-1,-6.883036494E-1
2.861555450E1,3.071379960E-1,1.765672863E-1,-7.071744800E-1
2.862559550E1,3.040133119E-1,1.872409731E-1,-5.908326507E-1
2.863563550E1,3.380767703E-1,1.536743343E-1,-3.812563717E-1
2.864567650E1,3.482684195E-1,1.232305728E-2,-1.765396893E-1
2.865571650E1,2.962455153E-1,-2.009066939E-1,-1.702915132E-2
2.866575750E1,2.038000077E-1,-4.283955097E-1,1.483254433E-1
2.867579750E1,1.148236543E-1,-5.640959144E-1,3.562403321E-1
2.868583850E1,5.614249408E-2,-5.764998794E-1,5.975033045E-1
2.869587850E1,5.407686532E-2,-5.102703571E-1,8.033844829E-1
2.870591950E1,1.041861027E-1,-4.333433807E-1,8.957719207E-1
2.871595950E1,2.055577934E-1,-3.970153928E-1,8.816834688E-1
2.872600050E1,3.223443329E-1,-3.586549461E-1,8.239994049E-1
2.873604050E1,4.124689698E-1,-2.674044669E-1,7.840558290E-1
2.874608150E1,4.570423067E-1,-1.379085183E-1,7.714183331E-1
2.875612150E1,4.584597349E-1,3.303290904E-2,7.494438887E-1
2.876616250E1,4.570695758E-1,2.334158123E-1,6.888029575E-1
2.877620250E1,4.724332094E-1,4.126886129E-1,6.443121433E-1
2.878624350E1,5.122411251E-1,5.441395640E-1,6.314131021E-1
2.879628350E1,5.845317841E-1,6.418194771E-1,6.296439171E-1
2.880632450E1,6.654982567E-1,6.936142445E-1,6.404123902E-1
2.881636450E1,7.297859788E-1,6.805663705E-1,6.440224648E-1
2.882640550E1,7.831192613E-1,5.839614868E-1,6.539198160E-1
2.883644550E1,8.288168311E-1,4.349487722E-1,5.889061093E-1
2.884648650E1,8.522962928E-1,2.719097733E-1,4.242585599E-1
2.885652650E1,8.508015871E-1,1.383056343E-1,2.072543204E-1
2.886656750E1,8.219385147E-1,4.304808378E-2,1.331254281E-2
2.887660750E1,7.637744546E-1,-3.222669475E-4,-1.353892982E-1
2.888664850E1,6.984492540E-1,1.374135353E-2,-2.336090654E-1
2.889668850E1,6.317504644E-1,3.980838507E-2,-2.912228405E-1
2.890672950E1,5.625783205E-1,3.603042662E-2,-3.109035790E-1
2.891676950E1,5.073718429E-1,1.922179013E-2,-3.002510965E-1
2.892681050E1,4.582567811E-1,2.324130014E-2,-2.594847679E-1
2.893685050E1,4.265451431E-1,2.577345632E-2,-2.272007763E-1
2.894689150E1,4.014171362E-1,1.556742284E-2,-2.386465073E-1
2.895693150E1,3.597000539E-1,4.200815782E-2,-2.494473904E-1
2.896697250E1,3.221630752E-1,7.925459743E-2,-2.654293180E-1
2.897701250E1,2.819968462E-1,1.504604667E-1,-2.638830245E-1
2.898705350E1,2.513230741E-1,2.095594704E-1,-2.429452389E-1
2.899709350E1,2.660652697E-1,2.711809576E-1,-2.058372051E-1
2.900713450E1,3.302154839E-1,3.310312629E-1,-1.670751572E-1
2.901717450E1,4.280353785E-1,3.222102821E-1,-1.153867245E-1
2.902721550E1,5.376364589E-1,1.932972968E-1,-1.520526130E-2
2.903725550E1,6.260997057E-1,-2.541830018E-2,1.029535010E-1
2.904729650E1,6.696271896E-1,-2.346309125E-1,1.825378090E-1
2.905733650E1,6.497199535E-1,-3.883380890E-1,1.975236237E-1
2.906737750E1,5.496292710E-1,-4.140487909E-1,1.981172413E-1
2.907741750E1,3.532741964E-1,-2.653591037E-1,2.673278749E-1
2.908745850E1,1.822398603E-1,-3.168030828E-2,4.721843600E-1
2.909749850E1,5.633381754E-2,2.255524546E-1,7.430957556E-1
2.910753950E1,-1.815732867E-1,2.941525578E-1,8.964794874E-1
2.911757950E1,-5.595230460E-1,2.237642407E-1,9.446541071E-1
2.912762050E1,-8.626224399E-1,1.866038144E-1,1.038376927E0
2.913766050E1,-9.340050220E-1,4.437530413E-2,1.024675488E0
2.914770150E1,-7.654522061E-1,-2.825413048E-1,8.122574687E-1
2.915774150E1,-5.052599907E-1,-5.657794476E-1,5.344862342E-1
2.916778250E1,-2.906201184E-1,-6.244243979E-1,2.596871555E-1
2.917782250E1,-1.024790928E-1,-5.720834732E-1,-6.079045124E-4
2.918786350E1,1.537468284E-1,-4.062803388E-1,-1.166594028E-1
2.919790350E1,4.330462515E-1,-2.130903900E-1,-1.228898019E-1
2.920794450E1,5.534775257E-1,-1.145046875E-1,-1.136779264E-1
2.921798450E1,4.888029099E-1,-7.991512120E-2,-6.900896132E-2
2.922802550E1,2.939628661E-1,-1.997472495E-1,-1.059296951E-1
2.923806550E1,3.333618492E-2,-3.973440230E-1,-2.100634873E-1
2.924810650E1,-2.218801379E-1,-5.485385656E-1,-3.592817485E-1
2.925814650E1,-4.343332946E-1,-6.521904469E-1,-5.137119293E-1
2.926818750E1,-5.761636496E-1,-6.546714902E-1,-6.025450826E-1
2.927822750E1,-6.483701468E-1,-5.830160379E-1,-6.298751831E-1
2.928826850E1,-6.712293625E-1,-4.689709842E-1,-6.667461395E-1
2.929830850E1,-6.544989347E-1,-3.329714537E-1,-7.456164360E-1
2.930834950E1,-6.230903864E-1,-2.323255539E-1,-8.598080277E-1
2.931838950E1,-6.016833782E-1,-1.372453272E-1,-9.848478436E-1
2.932843050E1,-5.788576603E-1,-6.839756668E-2,-1.077965498E0
2.933846975E1,-5.572457314E-1,-4.443562031E-2,-1.103826284E0
2.934851075E1,-5.273411274E-1,-7.368911803E-2,-1.071732283E0
2.935855075E1,-4.841471910E-1,-1.311897486E-1,-9.863334298E-1
2.936859175E1,-4.382164478E-1,-1.608890444E-1,-8.339540362E-1
2.937863175E1,-3.961589038E-1,-1.662736535E-1,-6.338905692E-1
2.938867275E1,-3.520670831E-1,-1.237019598E-1,-4.074441493E-1
2.939871275E1,-3.184304833E-1,-6.331750005E-2,-1.854034811E-1
2.940875375E1,-2.958423495E-1,4.152821749E-2,3.847835213E-2
2.941879375E1,-2.805133164E-1,1.538598686E-1,2.464236170E-1
2.942883475E1,-2.638901472E-1,2.385129780E-1,4.124035537E-1
2.943887475E1,-2.383432537E-1,3.069027960E-1,5.094192028E-1
2.944891575E1,-2.087278366E-1,3.669885099E-1,5.397081375E-1
2.945895575E1,-2.019304633E-1,4.396062195E-1,5.126571059E-1
2.946899675E1,-1.967892349E-1,4.820996225E-1,4.597156048E-1
2.947903675E1,-1.776546538E-1,4.896058142E-1,4.023355246E-1
2.948907775E1,-1.409597695E-1,5.035261512E-1,3.453162014E-1
2.949911775E1,-9.222093970E-2,5.206508040E-1,2.908251882E-1
2.950915875E1,-5.868188292E-2,5.179316998E-1,2.298153490E-1
2.951919875E1,-3.503103182E-2,5.078644753E-1,1.617120355E-1
2.952923975E1,-2.809483185E-2,5.166880488E-1,8.203158528E-2
2.953927975E1,-8.014366031E-2,5.395959020E-1,3.041615523E-2
2.954932075E1,-1.836487353E-1,5.015843511E-1,5.569807440E-2
2.955936075E1,-2.706630528E-1,3.309235573E-1,1.549671739E-1
2.956940175E1,-2.965630889E-1,6.732974946E-2,2.190550715E-1
2.957944175E1,-2.681107223E-1,-2.976214588E-1,9.015700966E-2
2.958948275E1,-1.937494129E-1,-6.625211239E-1,-1.407126933E-1
2.959952275E1,-1.400814205E-1,-7.967268825E-1,-3.601157367E-1
2.960956375E1,-1.208214462E-1,-8.134043813E-1,-5.472219586E-1
2.961960375E1,-7.943534851E-2,-7.382968664E-1,-6.873379946E-1
2.962964475E1,-2.774259262E-2,-5.498784781E-1,-7.575258613E-1
2.963968475E1,-3.637023270E-2,-2.683672607E-1,-7.848938107E-1
2.964972575E1,-6.130088493E-2,4.863917455E-2,-7.434960008E-1
2.965976575E1,-3.647512943E-2,3.060632944E-1,-6.632236838E-1
2.966980675E1,8.047758788E-2,4.441812038E-1,-5.935234427E-1
2.967984675E1,2.402999699E-1,4.850457907E-1,-6.174414158E-1
2.968988775E1,3.416633606E-1,4.255046844E-1,-6.671088338E-1
2.969992775E1,3.556303084E-1,2.447165996E-1,-7.048525810E-1
2.970996875E1,3.245576024E-1,6.363496929E-2,-7.077444792E-1
2.972000875E1,3.311195076E-1,5.426418409E-2,-5.936987400E-1
2.973004975E1,3.591921628E-1,1.109740734E-1,-4.013391137E-1
2.974008975E1,3.354891837E-1,1.136394590E-1,-2.366634458E-1
2.975013075E1,2.776027024E-1,1.225797273E-2,-1.154233068E-1
2.976017075E1,2.155657560E-1,-1.434402019E-1,1.677780040E-2
2.977021175E1,1.509111375E-1,-2.663325667E-1,1.882177293E-1
2.978025175E1,7.825312018E-2,-3.527551591E-1,3.919179440E-1
2.979029275E1,2.773188613E-2,-3.502405882E-1,5.803278089E-1
2.980033275E1,4.253842309E-2,-2.609256804E-1,7.133533359E-1
2.981037375E1,9.431772679E-2,-1.645251364E-1,7.539575100E-1
2.982041375E1,1.762108058E-1,-1.069763452E-1,7.218949199E-1
2.983045475E1,2.667503059E-1,-9.052307159E-2,6.882445216E-1
2.984049475E1,3.259111047E-1,-5.452718213E-2,6.856355667E-1
2.985053575E1,3.340377510E-1,1.940376684E-2,7.135052681E-1
2.986057575E1,3.484884202E-1,9.047152847E-2,7.402945161E-1
2.987061675E1,3.893064260E-1,1.883251220E-1,7.345359921E-1
2.988065675E1,4.540180862E-1,2.767038345E-1,7.128065825E-1
2.989069775E1,5.285705924E-1,3.041165471E-1,6.963461041E-1
2.990073775E1,5.895737410E-1,2.777292132E-1,6.824840307E-1
2.991077875E1,6.456311345E-1,1.949040890E-1,6.652480364E-1
2.992081875E1,6.855909228E-1,9.552262723E-2,6.857814789E-1
2.993085975E1,7.137578726E-1,-2.728265151E-2,6.626979709E-1
2.994089975E1,7.387807965E-1,-1.109515354E-1,5.743171573E-1
2.995094075E1,7.531416416E-1,-1.108828261E-1,4.196346104E-1
2.996098075E1,7.454523444E-1,-3.756189346E-2,2.212561965E-1
2.997102175E1,6.965345740E-1,7.841956615E-2,1.532087661E-2
2.998106175E1,6.268943548E-1,1.984603703E-1,-1.716623008E-1
2.999110275E1,5.608807206E-1,2.921066880E-1,-3.294684589E-1
3.000114275E1,5.103020668E-1,3.290249407E-1,-4.329798222E-1
3.001118375E1,4.770421088E-1,3.066168427E-1,-4.780101478E-1
3.002122375E1,4.415221512E-1,2.449440956E-1,-4.709177613E-1
3.003126475E1,3.895638883E-1,1.893881559E-1,-4.277436435E-1
3.004130475E1,3.216607869E-1,1.501851529E-1,-3.739976883E-1
3.005134575E1,2.684854567E-1,1.136915907E-1,-3.195264637E-1
3.006138575E1,2.580121458E-1,9.009554237E-2,-2.708211243E-1
3.007142675E1,2.660436928E-1,6.436061114E-2,-2.337571234E-1
3.008146675E1,2.723778188E-1,3.881734237E-2,-1.844256818E-1
3.009150775E1,3.126512170E-1,6.821597368E-2,-1.237053424E-1
3.010154775E1,3.848864436E-1,1.140913144E-1,-7.459453493E-2
3.011158875E1,4.919250011E-1,1.098382398E-1,-3.158021718E-2
3.012162875E1,6.129351258E-1,-3.201906802E-3,3.328444809E-2
3.013166975E1,6.814332604E-1,-2.450044155E-1,1.054792851E-1
3.014170975E1,6.614055037E-1,-5.260133743E-1,2.125928253E-1
3.015175075E1,5.590341687E-1,-6.630471349E-1,3.335325420E-1
3.016179075E1,3.475817144E-1,-5.016255975E-1,4.483213127E-1
3.017183175E1,8.723773062E-2,-1.087531075E-1,6.594241858E-1
3.018187175E1,-9.382811934E-2,3.519265354E-1,9.454467893E-1
3.019191275E1,-2.508451641E-1,6.584504843E-1,1.212677598E0
3.020195275E1,-5.455835462E-1,7.440881729E-1,1.400552154E0
3.021199375E1,-8.850125074E-1,6.464551091E-1,1.428732991E0
3.022203375E1,-1.036249042E0,3.488180041E-1,1.312129855E0
3.023207475E1,-9.624328017E-1,-8.323857188E-2,1.052352071E0
3.024211575E1,-8.213051558E-1,-3.528933227E-1,7.893458009E-1
3.025215575E1,-6.260077953E-1,-4.712404609E-1,5.031545758E-1
3.026219575E1,-3.047731221E-1,-5.692901611E-1,1.918673068E-1
3.027223675E1,1.216357127E-1,-5.785113573E-1,-1.633277535E-2
3.028227775E1,5.054997206E-1,-5.218585730E-1,-1.168761626E-1
3.029231775E1,6.747158766E-1,-4.956001043E-1,-1.820804775E-1
3.030235875E1,5.786495209E-1,-5.512493253E-1,-2.712900937E-1
3.031239875E1,3.271842897E-1,-6.627824903E-1,-3.666906655E-1
3.032243975E1,2.084245719E-2,-8.059681654E-1,-5.145539045E-1
3.033247992E1,-2.728227079E-1,-8.907352686E-1,-6.960078478E-1
3.034252092E1,-4.866936505E-1,-8.853160739E-1,-8.133577704E-1
3.035256092E1,-6.184939742E-1,-7.493747473E-1,-8.341003656E-1
3.036260192E1,-7.185705900E-1,-5.087472796E-1,-8.267241120E-1
3.037264192E1,-7.817535400E-1,-2.345503867E-1,-8.547120690E-1
3.038268292E1,-8.076580763E-1,-1.091257203E-2,-8.870214224E-1
3.039272292E1,-8.160041571E-1,1.304927468E-1,-9.376302361E-1
3.040276392E1,-8.135333657E-1,2.198109329E-1,-9.859214425E-1
3.041280392E1,-8.170644641E-1,2.687731385E-1,-1.011900783E0
3.042284492E1,-8.022574782E-1,2.496033162E-1,-1.005466819E0
3.043288492E1,-7.903483510E-1,1.564725786E-1,-9.545331001E-1
3.044292592E1,-7.909268737E-1,8.491758490E-4,-8.747867942E-1
3.045296592E1,-7.919774652E-1,-1.482713372E-1,-7.746497989E-1
3.046300692E1,-7.784027457E-1,-2.481481582E-1,-6.310919523E-1
3.047304692E1,-7.562143207E-1,-2.333241999E-1,-4.480494261E-1
3.048308792E1,-7.318592072E-1,-1.513967663E-1,-2.468253672E-1
3.049312792E1,-6.986394525E-1,-4.413369671E-2,-5.082017556E-2
3.050316892E1,-6.574314833E-1,6.783509254E-2,1.362890899E-1
3.051320892E1,-6.085920334E-1,1.822274476E-1,3.058347106E-1
3.052324992E1,-5.548972487E-1,2.913314402E-1,4.474640489E-1
3.053328992E1,-4.935950339E-1,3.882566690E-1,5.528666377E-1
3.054333092E1,-4.330056608E-1,4.536118209E-1,6.007289290E-1
3.055337092E1,-3.789453506E-1,4.773874581E-1,5.733944774E-1
3.056341192E1,-3.178724051E-1,4.739547372E-1,4.723865688E-1
3.057345192E1,-2.222079337E-1,4.644016922E-1,3.458744287E-1
3.058349292E1,-1.025930718E-1,4.685912430E-1,2.522006631E-1
3.059353292E1,3.883299651E-3,4.799024761E-1,1.827715039E-1
3.060357392E1,7.639072835E-2,4.786308408E-1,1.056211442E-1
3.061361392E1,7.194244862E-2,4.604589939E-1,9.221374989E-3
3.062365492E1,-4.228609428E-2,4.171648920E-1,-5.344825983E-2
3.063369492E1,-1.996139288E-1,3.296494186E-1,-1.596373692E-2
3.064373592E1,-2.993279397E-1,1.971025020E-1,1.057218239E-1
3.065377592E1,-3.239179552E-1,-3.502048925E-2,1.856677979E-1
3.066381692E1,-2.782069445E-1,-4.840432405E-1,2.250966849E-3
3.067385692E1,-2.251519561E-1,-8.929886222E-1,-3.178050518E-1
3.068389792E1,-2.317797840E-1,-1.043200016E0,-5.591566563E-1
3.069393792E1,-2.402268052E-1,-9.441311359E-1,-7.375466228E-1
3.070397892E1,-1.875168979E-1,-6.492183208E-1,-8.264626861E-1
3.071401892E1,-1.136117727E-1,-3.101632595E-1,-8.309437037E-1
3.072405992E1,-2.949719690E-2,-6.794501562E-3,-8.172265887E-1
3.073409992E1,1.089855805E-1,2.689020634E-1,-8.233065605E-1
3.074414092E1,2.723184228E-1,4.437848926E-1,-8.625776768E-1
3.075418092E1,3.782674968E-1,4.800007045E-1,-9.037117958E-1
3.076422192E1,3.993666768E-1,3.780342638E-1,-8.979433179E-1
3.077426192E1,3.712503612E-1,1.837017983E-1,-8.318785429E-1
3.078430292E1,3.269362748E-1,5.936191604E-2,-7.249698639E-1
3.079434292E1,2.808255255E-1,4.040393978E-2,-4.994696081E-1
3.080438392E1,1.771527678E-1,2.671407536E-2,-2.176904231E-1
3.081442392E1,-5.788810551E-3,6.612268277E-3,2.005502395E-2
3.082446492E1,-2.087300122E-1,-1.002773717E-1,2.115284503E-1
3.083450492E1,-3.578880727E-1,-2.772220373E-1,3.879365027E-1
3.084454592E1,-4.075219035E-1,-4.480316937E-1,5.183131695E-1
3.085458592E1,-3.380354941E-1,-5.359048247E-1,5.963425040E-1
3.086462692E1,-1.893757284E-1,-4.992637932E-1,6.457200050E-1
3.087466692E1,-1.878003031E-2,-3.629744053E-1,6.807792187E-1
3.088470792E1,1.417413652E-1,-2.110696435E-1,6.518067718E-1
3.089474792E1,2.793855071E-1,-1.168201044E-1,5.886315107E-1
3.090478892E1,3.833631873E-1,-8.262899518E-2,5.513794422E-1
3.091482892E1,4.508282542E-1,-8.087877184E-2,5.530335307E-1
3.092486992E1,4.994577467E-1,-5.799546465E-2,5.687812567E-1
3.093490992E1,5.529276133E-1,6.560361013E-3,5.798429847E-1
3.094495092E1,6.085641980E-1,1.221399978E-1,5.788420439E-1
3.095499092E1,6.819454432E-1,2.442997247E-1,5.967286229E-1
3.096503192E1,7.709413767E-1,3.147301674E-1,6.410522461E-1
3.097507192E1,8.486606479E-1,3.218365312E-1,6.820667982E-1
3.098511292E1,8.975216746E-1,2.960294485E-1,7.198120356E-1
3.099515292E1,9.377995729E-1,2.665330768E-1,7.278265953E-1
3.100519392E1,9.740290046E-1,2.428850681E-1,6.741914153E-1
3.101523392E1,1.016308546E0,2.358697653E-1,5.653874874E-1
3.102527492E1,1.050115466E0,2.357944995E-1,4.222867191E-1
3.103531492E1,1.039410114E0,2.285784036E-1,2.363339067E-1
3.104535592E1,9.814038873E-1,2.406530231E-1,3.658795357E-2
3.105539592E1,9.002410769E-1,2.503935397E-1,-1.356890053E-1
3.106543692E1,8.002265692E-1,2.365159690E-1,-2.920868397E-1
3.107547692E1,6.832326055E-1,1.875122041E-1,-4.033971131E-1
3.108551792E1,5.577930212E-1,1.275442094E-1,-4.697675407E-1
3.109555792E1,4.307251275E-1,7.558274269E-2,-4.846604764E-1
3.110559892E1,3.050349951E-1,9.975791723E-2,-4.492076337E-1
3.111563892E1,2.222074717E-1,2.041327953E-1,-3.580074012E-1
3.112567992E1,1.990360618E-1,3.492521346E-1,-2.415419817E-1
3.113571992E1,2.092916369E-1,4.498306811E-1,-1.623614132E-1
3.114576092E1,2.231749296E-1,4.659130573E-1,-1.275261343E-1
3.115580092E1,2.192819268E-1,4.455108345E-1,-1.085926592E-1
3.116584192E1,1.919250935E-1,3.803502321E-1,-1.013210714E-1
3.117588192E1,1.565231532E-1,2.925506234E-1,-8.067385107E-2
3.118592292E1,1.863278449E-1,9.478303790E-2,-2.248548344E-2
3.119596292E1,2.444185764E-1,-1.751826704E-1,1.293213516E-1
3.120600392E1,2.943255007E-1,-3.954516351E-1,3.337530494E-1
3.121604392E1,2.897898555E-1,-4.760604501E-1,4.575341046E-1
3.122608492E1,1.654028296E-1,-3.251083195E-1,5.528727174E-1
3.123612492E1,-4.055831954E-2,-3.323971108E-2,6.688209176E-1
3.124616592E1,-2.216539532E-1,2.860653698E-1,7.912592888E-1
3.125620592E1,-4.014524817E-1,4.028242230E-1,8.828105330E-1
3.126624692E1,-6.582240462E-1,3.299554586E-1,9.494524598E-1
3.127628692E1,-8.801063895E-1,2.229270041E-1,9.854397178E-1
3.128632792E1,-9.313485622E-1,3.212116892E-3,9.316586256E-1
3.129636792E1,-8.135018349E-1,-2.718333006E-1,7.543416023E-1
3.130640892E1,-6.192631125E-1,-4.287759960E-1,5.537669659E-1
3.131644892E1,-3.994274139E-1,-4.936974645E-1,3.520580530E-1
3.132648992E1,-9.585523605E-2,-5.268025994E-1,1.571156979E-1
3.133652962E1,3.077665269E-1,-4.523299932E-1,7.481069118E-2
3.134657062E1,6.965513825E-1,-3.398480415E-1,1.663777232E-2
3.135661062E1,8.744375110E-1,-2.821306586E-1,-7.403141260E-2
3.136665162E1,8.016956449E-1,-2.453318387E-1,-7.820338011E-2
3.137669262E1,5.894390345E-1,-2.771837711E-1,-9.548809379E-2
3.138673262E1,3.070259690E-1,-3.855419755E-1,-1.692982316E-1
3.139677362E1,2.344246022E-2,-4.650605023E-1,-3.054624796E-1
3.140681362E1,-1.950746626E-1,-5.159436464E-1,-4.299305379E-1
3.141685462E1,-3.478216231E-1,-4.915173650E-1,-4.785026014E-1
3.142689463E1,-4.491933286E-1,-3.893005848E-1,-4.706561863E-1
3.143693563E1,-5.231927037E-1,-2.389055043E-1,-4.903281629E-1
3.144697563E1,-5.417401791E-1,-1.276375204E-1,-5.605414510E-1
3.145701663E1,-5.286504626E-1,-6.419915706E-2,-6.743971705E-1
3.146705662E1,-5.174202323E-1,-1.781169698E-2,-7.987666130E-1
3.147709763E1,-5.263719559E-1,5.435970053E-2,-9.256401658E-1
3.148713762E1,-5.452061296E-1,1.288578361E-1,-9.917705655E-1
3.149717862E1,-5.830089450E-1,1.666036099E-1,-9.678170085E-1
3.150721862E1,-6.268515587E-1,1.739735752E-1,-8.903170228E-1
3.151725962E1,-6.676580906E-1,1.343164444E-1,-7.671423554E-1
3.152729962E1,-6.801623702E-1,1.314190030E-1,-6.061658859E-1
3.153734062E1,-6.503813267E-1,2.128773630E-1,-4.104506969E-1
3.154738063E1,-6.055424213E-1,2.931903899E-1,-2.140266895E-1
3.155742163E1,-5.452580452E-1,3.261547387E-1,-4.005330428E-2
3.156746163E1,-4.876024127E-1,3.317569494E-1,1.264117509E-1
3.157750263E1,-4.552908242E-1,3.535996377E-1,2.893242240E-1
3.158754262E1,-4.511136711E-1,3.684224784E-1,4.042328596E-1
3.159758362E1,-4.473205209E-1,4.074199498E-1,4.829308689E-1
3.160762362E1,-4.317466319E-1,4.684277773E-1,5.164175630E-1
3.161766462E1,-3.963817060E-1,5.242042542E-1,4.994513392E-1
3.162770462E1,-3.420289755E-1,5.605028868E-1,4.361688495E-1
3.163774562E1,-2.634649277E-1,5.846180320E-1,3.235831857E-1
3.164778563E1,-1.849940270E-1,5.928056836E-1,2.251502872E-1
3.165782662E1,-1.464434266E-1,5.294195414E-1,1.520017833E-1
3.166786663E1,-1.695493013E-1,4.275786877E-1,8.155667037E-2
3.167790763E1,-2.336774170E-1,3.311562836E-1,2.418285795E-2
3.168794763E1,-3.511320055E-1,2.223371118E-1,-3.847405687E-2
3.169798863E1,-4.869281948E-1,1.323355883E-1,-7.522461563E-2
3.170802862E1,-5.951316357E-1,4.352279007E-2,-2.883977443E-2
3.171806962E1,-6.411870122E-1,-9.256181121E-2,3.306167945E-2
3.172810962E1,-6.157266498E-1,-3.841615021E-1,-1.361726820E-1
3.173815062E1,-5.209109187E-1,-7.341424227E-1,-4.161894321E-1
3.174819062E1,-4.468764067E-1,-8.562579751E-1,-6.549444795E-1
3.175823162E1,-4.252318442E-1,-7.060093284E-1,-8.219822049E-1
3.176827163E1,-4.012930095E-1,-3.964485526E-1,-8.926743269E-1
3.177831262E1,-2.974595428E-1,-2.269864269E-2,-8.627718091E-1
3.178835263E1,-1.160930172E-1,2.793172300E-1,-8.147521615E-1
3.179839363E1,9.690260887E-2,2.639702260E-1,-8.115769029E-1
3.180843363E1,2.457920462E-1,1.032794937E-1,-8.418867588E-1
3.181847463E1,3.281567097E-1,-1.596993580E-2,-8.872710466E-1
3.182851462E1,3.422393501E-1,-1.979996711E-1,-9.036245346E-1
3.183855562E1,3.158005476E-1,-3.659753501E-1,-8.492571712E-1
3.184859562E1,2.911645770E-1,-3.683429062E-1,-6.917233467E-1
3.185863662E1,2.166810334E-1,-2.951059639E-1,-4.205323458E-1
3.186867662E1,4.853464290E-2,-2.634373903E-1,-1.493744403E-1
3.187871762E1,-1.551449895E-1,-2.438836843E-1,5.194988102E-2
3.188875763E1,-2.939561009E-1,-2.104248703E-1,2.463302016E-1
3.189879862E1,-3.317559361E-1,-2.169916928E-1,4.527792633E-1
3.190883863E1,-2.678110600E-1,-2.726945877E-1,6.130432487E-1
3.191887963E1,-1.073896959E-1,-2.691887915E-1,7.223870158E-1
3.192891963E1,7.964047790E-2,-1.851075143E-1,7.666407824E-1
3.193896063E1,2.307186723E-1,-4.531020299E-2,7.460029125E-1
3.194900062E1,3.588804305E-1,5.321155488E-2,6.647769213E-1
3.195904162E1,4.677874744E-1,1.009567082E-1,5.940332413E-1
3.196908162E1,5.434377789E-1,7.886068523E-2,5.575580001E-1
3.197912262E1,5.853468776E-1,1.838562824E-2,5.633631945E-1
3.198916262E1,6.090669036E-1,-4.875431582E-2,5.936320424E-1
3.199920362E1,6.258152723E-1,-9.750828147E-2,6.366378069E-1
3.200924363E1,6.492646933E-1,-1.196590438E-1,6.823119521E-1
3.201928462E1,6.798667908E-1,-9.587675333E-2,7.368968725E-1
3.202932463E1,7.192308903E-1,-2.519476600E-2,7.881000638E-1
3.203936563E1,7.665637732E-1,3.622651845E-2,7.972685695E-1
3.204940563E1,7.935757041E-1,4.596692324E-2,7.627615333E-1
3.205944663E1,8.132786155E-1,2.453167178E-2,6.823201776E-1
3.206948662E1,8.244049549E-1,2.651077323E-2,5.713062286E-1
3.207952762E1,8.186581731E-1,1.148515567E-1,4.406912327E-1
3.208956762E1,8.046022058E-1,2.471202016E-1,2.669875622E-1
3.209960862E1,7.911780477E-1,3.464300334E-1,7.344153523E-2
3.210964862E1,7.833091617E-1,3.975200057E-1,-1.065689474E-1
3.211968962E1,7.701741457E-1,4.400717020E-1,-2.542638481E-1
3.212972963E1,7.395409346E-1,4.701515436E-1,-3.509119451E-1
3.213977062E1,6.925526857E-1,4.766808152E-1,-3.990009129E-1
3.214981063E1,6.389540434E-1,4.622223973E-1,-3.848100007E-1
3.215985163E1,5.749588013E-1,4.420947433E-1,-3.172250986E-1
3.216989163E1,4.830127954E-1,4.238179922E-1,-2.230642438E-1
3.217993263E1,3.755393326E-1,3.611841798E-1,-1.314797401E-1
3.218997363E1,2.916749120E-1,2.622992992E-1,-3.570180014E-2
3.220001362E1,2.635090649E-1,1.738210768E-1,3.641606867E-2
3.221005362E1,2.676236033E-1,1.505733877E-1,7.026827335E-2
3.222009462E1,2.839077711E-1,1.948513687E-1,6.971326470E-2
3.223013562E1,3.087210655E-1,2.690749466E-1,3.465874866E-2
3.224017562E1,3.688651025E-1,3.019117117E-1,1.265012287E-2
3.225021662E1,4.751873016E-1,1.897592098E-1,2.638506936E-3
3.226025662E1,5.480177999E-1,-3.349518031E-2,1.826247387E-2
3.227029762E1,5.709609985E-1,-2.768440545E-1,8.676031232E-2
3.228033763E1,5.636551380E-1,-4.522424936E-1,2.167923450E-1
3.229037863E1,5.187254548E-1,-5.076641440E-1,3.183145523E-1
3.230041863E1,3.470000029E-1,-4.057737589E-1,3.620157242E-1
3.231045963E1,1.267327368E-1,-1.062975079E-1,4.769815803E-1
3.232049962E1,-5.862512812E-2,2.648973465E-1,6.961117983E-1
3.233054063E1,-2.759768665E-1,4.235607088E-1,8.862985373E-1
3.234058079E1,-6.619943380E-1,4.017235935E-1,9.549777508E-1
3.235062179E1,-1.006541133E0,2.814286053E-1,1.070213556E0
3.236066179E1,-1.110766411E0,2.614551922E-3,1.147949338E0
3.237070279E1,-1.056104541E0,-3.342125416E-1,1.048981190E0
3.238074279E1,-8.844336867E-1,-5.147205591E-1,8.669263721E-1
3.239078379E1,-6.183348894E-1,-5.040340424E-1,5.950741172E-1
3.240082379E1,-2.143730521E-1,-4.136053622E-1,2.930631340E-1
3.241086479E1,3.318133950E-1,-4.207535684E-1,7.998949289E-2
3.242090479E1,8.159369230E-1,-4.305374622E-1,-4.688163474E-2
3.243094579E1,1.032314181E0,-3.763144612E-1,-2.048423439E-1
3.244098579E1,9.219205976E-1,-3.066629469E-1,-3.916718960E-1
3.245102679E1,5.999233127E-1,-3.702569604E-1,-5.633034706E-1
3.246106679E1,2.044427991E-1,-5.253048539E-1,-6.919184327E-1
3.247110779E1,-1.497454196E-1,-6.948253512E-1,-7.840955257E-1
3.248114779E1,-4.173773825E-1,-7.113558650E-1,-7.801172733E-1
3.249118879E1,-6.009781957E-1,-5.723451972E-1,-6.795912385E-1
3.250122879E1,-7.451819777E-1,-3.385399282E-1,-5.599716306E-1
3.251126979E1,-8.415871263E-1,-1.182381660E-1,-4.899397790E-1
3.252130979E1,-8.653585315E-1,6.644326448E-2,-4.594287276E-1
3.253135079E1,-8.325826526E-1,1.578040123E-1,-4.868958890E-1
3.254139079E1,-7.846812010E-1,1.903755367E-1,-5.856432915E-1
3.255143179E1,-7.150166035E-1,1.823219657E-1,-7.193931341E-1
3.256147179E1,-6.573114991E-1,1.123309061E-1,-8.385946155E-1
3.257151279E1,-6.209198833E-1,-1.560877543E-2,-9.172670245E-1
3.258155279E1,-6.113876700E-1,-1.819450259E-1,-9.410617948E-1
3.259159379E1,-6.041499972E-1,-3.307116032E-1,-8.937070966E-1
3.260163379E1,-5.869544744E-1,-3.964948654E-1,-7.575292587E-1
3.261167479E1,-5.539038181E-1,-3.683840632E-1,-5.638645291E-1
3.262171479E1,-5.248758793E-1,-2.585489154E-1,-3.693312407E-1
3.263175579E1,-5.155832171E-1,-1.029481590E-1,-1.843747944E-1
3.264179579E1,-5.315153003E-1,6.068817154E-2,-2.443572693E-2
3.265183679E1,-5.738132596E-1,2.020507157E-1,1.188526824E-1
3.266187679E1,-6.092237234E-1,3.009170890E-1,2.459989190E-1
3.267191779E1,-6.284049749E-1,3.503588736E-1,3.624954820E-1
3.268195779E1,-6.421213150E-1,3.410303593E-1,4.399716258E-1
3.269199879E1,-6.502289772E-1,3.190079331E-1,4.732562006E-1
3.270203879E1,-6.539185047E-1,3.243297338E-1,4.585275948E-1
3.271207979E1,-6.522319913E-1,3.306084573E-1,4.048178792E-1
3.272211979E1,-6.450856924E-1,3.227124512E-1,3.221597672E-1
3.273216079E1,-6.111939549E-1,3.227896094E-1,2.154733986E-1
3.274220079E1,-5.712694526E-1,3.784800470E-1,1.312101781E-1
3.275224179E1,-5.552025437E-1,4.306768775E-1,1.279183924E-1
3.276228179E1,-5.632892251E-1,3.942323327E-1,1.687172204E-1
3.277232279E1,-5.821368098E-1,2.175034285E-1,2.066509128E-1
3.278236279E1,-5.932384729E-1,-7.285862416E-2,1.114508808E-1
3.279240379E1,-5.760719776E-1,-4.930160046E-1,-2.084771246E-1
3.280244379E1,-5.443004966E-1,-8.163426518E-1,-5.395149589E-1
3.281248479E1,-5.385807157E-1,-9.010902643E-1,-7.592775822E-1
3.282252479E1,-4.957581162E-1,-7.650349140E-1,-8.879050612E-1
3.283256579E1,-3.967119455E-1,-4.543351233E-1,-9.409781694E-1
3.284260579E1,-2.329294682E-1,-4.590791836E-2,-9.457749128E-1
3.285264679E1,-3.185674921E-2,3.435180783E-1,-9.393083453E-1
3.286268679E1,1.913643479E-1,5.235171318E-1,-9.671351910E-1
3.287272779E1,4.053727984E-1,4.641689360E-1,-1.044994950E0
3.288276779E1,5.282512903E-1,3.383569419E-1,-1.109753132E0
3.289280879E1,5.534208417E-1,6.416636705E-2,-1.045649052E0
3.290284879E1,5.131924748E-1,-1.674013585E-1,-9.387745857E-1
3.291288979E1,4.798049629E-1,-1.896751970E-1,-7.425062656E-1
3.292292979E1,4.232069254E-1,-1.131921411E-1,-4.268076718E-1
3.293297079E1,2.716501057E-1,-3.454843909E-2,-1.046926528E-1
3.294301079E1,2.442513406E-2,6.060240790E-3,1.653518826E-1
3.295305179E1,-2.203271389E-1,-8.621908724E-2,3.574144840E-1
3.296309179E1,-3.729632795E-1,-2.619951665E-1,5.083152652E-1
3.297313279E1,-4.018791616E-1,-4.297402501E-1,6.102772951E-1
3.298317379E1,-3.416514993E-1,-5.094105601E-1,6.523741484E-1
3.299321379E1,-2.048682123E-1,-4.314777851E-1,6.777656674E-1
3.300325479E1,-3.023967519E-2,-2.085064799E-1,7.047861218E-1
3.301329479E1,1.315652281E-1,5.809609592E-2,6.806480885E-1
3.302333579E1,2.673696578E-1,2.342503518E-1,6.010376811E-1
3.303337579E1,3.744454384E-1,3.206259012E-1,5.120759010E-1
3.304341679E1,4.300058782E-1,3.149677515E-1,4.508829117E-1
3.305345679E1,4.618910551E-1,2.809938192E-1,4.222156405E-1
3.306349779E1,4.766210020E-1,2.690684497E-1,4.135148227E-1
3.307353779E1,4.993312061E-1,2.682769597E-1,4.255214036E-1
3.308357879E1,5.417889357E-1,2.974870503E-1,4.688052237E-1
3.309361879E1,6.013830304E-1,3.530898392E-1,5.293848515E-1
3.310365979E1,6.678946614E-1,3.828873932E-1,5.798043609E-1
3.311369979E1,7.169040442E-1,3.503538668E-1,6.135715246E-1
3.312374079E1,7.291391492E-1,2.605685890E-1,6.326330900E-1
3.313378079E1,7.202373743E-1,1.917246431E-1,6.374610066E-1
3.314382179E1,7.183390856E-1,1.883450896E-1,5.814555287E-1
3.315386179E1,7.246362567E-1,2.162266970E-1,4.782043695E-1
3.316390279E1,7.361882329E-1,2.338059545E-1,3.451408744E-1
3.317394279E1,7.533047199E-1,2.375427485E-1,1.912157238E-1
3.318398379E1,7.564467192E-1,2.595633566E-1,3.440558910E-2
3.319402379E1,7.261035442E-1,2.821064293E-1,-1.151653826E-1
3.320406479E1,6.634878516E-1,2.721827030E-1,-2.673978209E-1
3.321410479E1,5.757856369E-1,2.126903981E-1,-3.979535401E-1
3.322414579E1,4.679725766E-1,1.288937628E-1,-4.776211977E-1
3.323418579E1,3.493096828E-1,8.884199709E-2,-4.946554601E-1
3.324422679E1,2.433009595E-1,9.670604765E-2,-4.368795156E-1
3.325426679E1,1.691238135E-1,1.446660757E-1,-3.118700683E-1
3.326430779E1,1.235065237E-1,1.964637637E-1,-1.910911798E-1
3.327434779E1,7.789068669E-2,2.619794309E-1,-8.287405223E-2
3.328438879E1,4.232923314E-2,3.451294601E-1,9.007665329E-3
3.329442879E1,3.725566715E-2,4.194029570E-1,7.620415092E-2
3.330446979E1,1.044243202E-1,3.695517778E-1,9.324571490E-2
3.331450979E1,1.977145970E-1,2.098803520E-1,1.084214747E-1
3.332455079E1,2.930586934E-1,8.028976619E-3,1.704893857E-1
3.333459125E1,3.930207789E-1,-1.774258912E-1,2.883583605E-1
3.334463225E1,4.922418892E-1,-2.917135954E-1,3.706614971E-1
3.335467225E1,5.238814950E-1,-2.603931129E-1,3.612098098E-1
3.336471325E1,4.108132422E-1,-6.792433560E-2,3.633358181E-1
3.337475325E1,2.600635886E-1,2.320679128E-1,5.081999898E-1
3.338479425E1,1.937689930E-1,5.182147622E-1,6.944734454E-1
3.339483425E1,-4.822808504E-2,7.053510547E-1,9.173077345E-1
3.340487525E1,-4.891716540E-1,6.526356936E-1,1.119500279E0
3.341491525E1,-7.825711370E-1,3.620209098E-1,1.193186045E0
3.342495625E1,-8.094459176E-1,-1.159773692E-1,1.098492861E0
3.343499625E1,-7.006276250E-1,-6.707265973E-1,8.390445113E-1
3.344503725E1,-5.908145308E-1,-9.596439004E-1,5.406628847E-1
3.345507725E1,-4.877109528E-1,-9.530988336E-1,2.437630445E-1
3.346511825E1,-2.573432624E-1,-7.795078158E-1,1.577941701E-2
3.347515825E1,1.036241800E-1,-5.379444957E-1,-7.867226750E-2
3.348519925E1,4.338926077E-1,-2.776098549E-1,-6.359132379E-2
3.349523925E1,5.652890205E-1,-7.586300373E-2,-6.649075449E-2
3.350528025E1,4.975437820E-1,-2.750825323E-2,-1.801262498E-1
3.351532025E1,3.196901977E-1,-1.216339245E-1,-3.612365425E-1
3.352536125E1,1.073704809E-1,-2.533479929E-1,-5.275259614E-1
3.353540125E1,-1.219038144E-1,-3.131423593E-1,-6.590042710E-1
3.354544225E1,-3.058267832E-1,-2.729371488E-1,-7.108227015E-1
3.355548225E1,-4.236004353E-1,-1.768179089E-1,-6.908996701E-1
3.356552325E1,-4.962208569E-1,-6.437684596E-2,-6.484832168E-1
3.357556325E1,-5.273150802E-1,-5.204443820E-3,-6.289690137E-1
3.358560425E1,-5.248415470E-1,2.208097279E-2,-6.458643675E-1
3.359564425E1,-4.998957217E-1,1.107466128E-2,-6.829025745E-1
3.360568525E1,-4.802280366E-1,-3.576155379E-2,-7.143710256E-1
3.361572525E1,-4.770430326E-1,-6.212520599E-2,-7.160819769E-1
3.362576625E1,-4.756312966E-1,-1.165516973E-1,-7.032538056E-1
3.363580625E1,-4.782265723E-1,-2.307193130E-1,-6.629940867E-1
3.364584725E1,-4.918920696E-1,-3.674545288E-1,-6.081588268E-1
3.365588725E1,-5.164182186E-1,-4.487207830E-1,-5.557577014E-1
3.366592825E1,-5.259853601E-1,-4.424498379E-1,-4.903171957E-1
3.367596825E1,-5.193471909E-1,-3.159550428E-1,-3.897421360E-1
3.368600925E1,-5.125129819E-1,-1.040859222E-1,-2.647706568E-1
3.369604925E1,-5.043516159E-1,1.494388729E-1,-1.327657998E-1
3.370609025E1,-4.954100251E-1,3.572043180E-1,-1.681042835E-2
3.371613025E1,-4.957290292E-1,4.837624133E-1,8.367570490E-2
3.372617125E1,-4.955255687E-1,5.500165224E-1,1.739539355E-1
3.373621125E1,-4.962920249E-1,5.729612112E-1,2.522108853E-1
3.374625225E1,-4.944967628E-1,5.715885758E-1,2.907036841E-1
3.375629225E1,-4.836354852E-1,5.494570136E-1,2.960461080E-1
3.376633325E1,-4.539614916E-1,5.092589855E-1,2.955147922E-1
3.377637325E1,-4.165212214E-1,4.636351466E-1,2.960843444E-1
3.378641425E1,-3.835510314E-1,4.036130905E-1,2.860192060E-1
3.379645425E1,-3.593654931E-1,3.229915798E-1,2.657812536E-1
3.380649525E1,-3.419561386E-1,2.295662761E-1,2.329748422E-1
3.381653525E1,-3.297912776E-1,1.698313653E-1,1.643489748E-1
3.382657625E1,-3.312946260E-1,1.690121740E-1,6.894841045E-2
3.383661625E1,-3.552020490E-1,1.701077819E-1,1.645661891E-2
3.384665725E1,-3.819479048E-1,1.203852296E-1,3.788494691E-2
3.385669725E1,-4.095248878E-1,1.493901666E-2,6.393150240E-2
3.386673825E1,-4.070295095E-1,-1.946293861E-1,1.898107119E-2
3.387677825E1,-3.435247838E-1,-5.145409107E-1,-1.697380394E-1
3.388681925E1,-3.050519526E-1,-7.788028717E-1,-4.241580963E-1
3.389685925E1,-3.211487234E-1,-8.368545175E-1,-6.214174032E-1
3.390690025E1,-3.108130097E-1,-6.595354080E-1,-7.215546370E-1
3.391694025E1,-2.507344782E-1,-3.088879883E-1,-7.539569736E-1
3.392698125E1,-1.744535714E-1,8.137217909E-2,-7.809424996E-1
3.393702125E1,-7.143767178E-2,4.117867649E-1,-8.054286242E-1
3.394706225E1,7.840322703E-2,5.297956467E-1,-8.518949151E-1
3.395710225E1,2.016481459E-1,4.185022116E-1,-8.877534866E-1
3.396714325E1,2.578419149E-1,1.714721769E-1,-8.514325023E-1
3.397718425E1,2.724266648E-1,-1.219678894E-1,-7.811622620E-1
3.398722425E1,3.148492277E-1,-2.536513507E-1,-6.811925173E-1
3.399726425E1,3.719181418E-1,-2.166500241E-1,-4.749619663E-1
3.400730525E1,3.406840563E-1,-2.264648378E-1,-2.406429350E-1
3.401734625E1,2.474649400E-1,-2.431842983E-1,-8.549142629E-2
3.402738625E1,1.462624222E-1,-2.905837893E-1,2.136897482E-2
3.403742725E1,5.101168528E-2,-3.523936272E-1,1.373503655E-1
3.404746725E1,1.574094058E-3,-3.831182420E-1,2.851318419E-1
3.405750825E1,2.055184683E-3,-4.018263817E-1,4.321666360E-1
3.406754825E1,5.810913071E-2,-3.911473751E-1,5.500365496E-1
3.407758925E1,1.458685398E-1,-3.114788830E-1,6.294749975E-1
3.408762925E1,2.409753501E-1,-1.973707080E-1,6.597737670E-1
3.409767025E1,3.489442170E-1,-1.009833366E-1,6.631362438E-1
3.410771025E1,4.509795010E-1,-1.144413929E-2,6.857882738E-1
3.411775125E1,5.085824728E-1,4.630524293E-2,7.504165173E-1
3.412779125E1,5.528751016E-1,9.051664174E-2,8.084542751E-1
3.413783225E1,6.116793156E-1,1.722599715E-1,8.360334635E-1
3.414787225E1,6.753429770E-1,2.648282647E-1,8.359064460E-1
3.415791325E1,7.400938272E-1,3.478758633E-1,7.970474362E-1
3.416795325E1,7.917844057E-1,4.189755917E-1,7.532403469E-1
3.417799425E1,8.398966789E-1,4.566688836E-1,7.236104012E-1
3.418803425E1,8.876841664E-1,4.404342771E-1,7.130064964E-1
3.419807525E1,9.313709140E-1,3.815497160E-1,6.820131540E-1
3.420811525E1,9.750310779E-1,3.145488501E-1,6.208344698E-1
3.421815625E1,1.002390385E0,2.630751729E-1,5.459850430E-1
3.422819625E1,1.000937343E0,2.581759989E-1,4.188504815E-1
3.423823725E1,9.626507163E-1,2.581197619E-1,2.442908138E-1
3.424827725E1,8.839647174E-1,2.656519711E-1,4.847151786E-2
3.425831825E1,7.665614486E-1,2.887041569E-1,-1.428345591E-1
3.426835825E1,6.447471380E-1,3.062956631E-1,-2.981991172E-1
3.427839925E1,5.391016603E-1,2.915760875E-1,-4.050427675E-1
3.428843925E1,4.549953043E-1,2.447966039E-1,-4.695226550E-1
3.429848025E1,3.801069856E-1,2.013207376E-1,-4.977029264E-1
3.430852025E1,3.037576079E-1,1.866272837E-1,-4.776091278E-1
3.431856125E1,2.314353883E-1,1.870055348E-1,-3.987942934E-1
3.432860125E1,1.752059460E-1,1.810448468E-1,-2.898172140E-1
3.433864150E1,1.309833825E-1,1.453305483E-1,-2.139881402E-1
3.434868150E1,9.096512198E-2,1.221054047E-1,-1.608980298E-1
3.435872250E1,9.079588205E-2,1.153645590E-1,-1.043479070E-1
3.436876250E1,1.387735307E-1,1.272489130E-1,-7.138729841E-2
3.437880350E1,2.650479376E-1,8.256552368E-2,-3.966340050E-2
3.438884350E1,4.375909567E-1,-1.478979643E-2,3.712245449E-2
3.439888450E1,5.610585213E-1,-1.815374792E-1,1.451371610E-1
3.440892450E1,6.155324578E-1,-3.540022075E-1,2.559611499E-1
3.441896550E1,6.299858689E-1,-4.685593843E-1,3.172359765E-1
3.442900550E1,6.294841170E-1,-5.271891356E-1,3.243338168E-1
3.443904650E1,5.518034697E-1,-4.385243952E-1,3.112187982E-1
3.444908650E1,4.149321616E-1,-1.048777327E-1,3.897181153E-1
3.445912750E1,3.128613234E-1,3.647629023E-1,5.603977442E-1
3.446916750E1,1.575806588E-1,6.181848049E-1,7.838315964E-1
3.447920850E1,-1.570224166E-1,6.613268852E-1,1.047809362E0
3.448924850E1,-5.165616274E-1,6.155157089E-1,1.155819416E0
3.449928950E1,-6.924859285E-1,3.228502572E-1,1.118391633E0
3.450932950E1,-6.620430350E-1,-1.898274422E-1,9.846894741E-1
3.451937050E1,-5.170239210E-1,-6.568655372E-1,8.366191983E-1
3.452941050E1,-3.208972812E-1,-8.096708059E-1,6.121379137E-1
3.453945150E1,-8.697345853E-2,-7.305433750E-1,3.399768174E-1
3.454949150E1,2.224539071E-1,-6.015033722E-1,1.625256091E-1
3.455953250E1,5.168972015E-1,-5.529469848E-1,8.950036019E-2
3.456957250E1,6.516228318E-1,-5.742213726E-1,4.346069321E-2
3.457961350E1,5.394881368E-1,-6.169620156E-1,-6.303883344E-2
3.458965350E1,2.638150156E-1,-6.876537800E-1,-2.333160341E-1
3.459969450E1,-6.163784117E-2,-7.270219922E-1,-4.311285615E-1
3.460973450E1,-3.363871276E-1,-7.228168249E-1,-6.501610279E-1
3.461977550E1,-5.088292956E-1,-6.911018491E-1,-7.639702559E-1
3.462981550E1,-6.366346478E-1,-5.480027199E-1,-7.839892507E-1
3.463985650E1,-7.423087955E-1,-3.275369108E-1,-7.934237719E-1
3.464989650E1,-8.074235916E-1,-1.520148963E-1,-8.243760467E-1
3.465993750E1,-8.428313732E-1,-4.845543206E-2,-8.833217621E-1
3.466997750E1,-8.486106992E-1,4.512139037E-2,-9.463489056E-1
3.468001850E1,-8.620020151E-1,1.574566066E-1,-1.006513953E0
3.469005850E1,-8.829534054E-1,2.679996192E-1,-1.035267234E0
3.470009950E1,-9.141669273E-1,2.744052112E-1,-1.030449867E0
3.471013950E1,-9.485240579E-1,1.602083147E-1,-9.709088206E-1
3.472018050E1,-9.698815942E-1,-9.858227335E-3,-8.662380576E-1
3.473022050E1,-9.678198099E-1,-1.632238179E-1,-7.398322225E-1
3.474026150E1,-9.335157871E-1,-2.336019874E-1,-5.972772837E-1
3.475030150E1,-8.885800242E-1,-2.022832036E-1,-4.238597155E-1
3.476034250E1,-8.607922196E-1,-9.747772664E-2,-2.425133735E-1
3.477038250E1,-8.320346475E-1,3.886786103E-2,-7.818701118E-2
3.478042350E1,-7.955897450E-1,2.058552653E-1,6.937130541E-2
3.479046350E1,-7.408982515E-1,3.885995150E-1,1.988701820E-1
3.480050450E1,-6.731272936E-1,5.437777042E-1,3.019479513E-1
3.481054450E1,-6.090313792E-1,6.244746447E-1,3.664382398E-1
3.482058550E1,-5.609570742E-1,6.413986087E-1,3.802011609E-1
3.483062550E1,-5.178735256E-1,6.113097072E-1,3.629643917E-1
3.484066650E1,-4.877320826E-1,5.662556887E-1,3.177324235E-1
3.485070650E1,-4.622618854E-1,5.196530223E-1,2.850602269E-1
3.486074750E1,-4.325736463E-1,4.488202035E-1,2.723139226E-1
3.487078750E1,-4.018681943E-1,3.605681062E-1,2.468575388E-1
3.488082850E1,-3.809867799E-1,3.088614643E-1,1.896408349E-1
3.489086850E1,-3.915826976E-1,2.970817685E-1,1.204830706E-1
3.490090950E1,-4.344535768E-1,2.509901524E-1,7.889087498E-2
3.491094950E1,-4.687252641E-1,1.203637049E-1,8.957760781E-2
3.492099050E1,-4.609770775E-1,-1.061653793E-1,1.094683632E-1
3.493103050E1,-3.994575143E-1,-4.933165610E-1,-2.309687808E-2
3.494107150E1,-3.109629750E-1,-8.587378860E-1,-2.849166095E-1
3.495111150E1,-2.658556700E-1,-9.965942502E-1,-5.442925096E-1
3.496115250E1,-2.584805489E-1,-9.071250558E-1,-7.515928745E-1
3.497119250E1,-2.198735029E-1,-6.392427683E-1,-8.493460417E-1
3.498123350E1,-1.252316684E-1,-2.864089608E-1,-8.739931583E-1
3.499127350E1,2.218601294E-2,7.470315695E-2,-8.815235496E-1
3.500131450E1,1.860511601E-1,3.443602920E-1,-9.115453959E-1
3.501135450E1,3.247480690E-1,3.711239994E-1,-9.618764520E-1
3.502139550E1,3.807602525E-1,2.633013725E-1,-1.038332343E0
3.503143550E1,3.858823180E-1,4.453282431E-2,-1.040919662E0
3.504147650E1,3.543405533E-1,-2.058064640E-1,-9.676412344E-1
3.505151650E1,3.019929230E-1,-2.659326494E-1,-8.412308693E-1
3.506155750E1,2.336203903E-1,-1.690592468E-1,-5.412430763E-1
3.507159750E1,7.592130452E-2,-7.257452607E-2,-2.062600255E-1
3.508163850E1,-1.694396883E-1,5.128134042E-3,3.976199403E-2
3.509167850E1,-3.844931424E-1,3.845822066E-3,2.193163037E-1
3.510171950E1,-4.864133000E-1,-9.941304475E-2,3.702304661E-1
3.511175950E1,-4.734932482E-1,-2.505988479E-1,4.998063147E-1
3.512180050E1,-3.900694251E-1,-3.611614108E-1,5.848329067E-1
3.513184050E1,-2.456302047E-1,-3.629537225E-1,6.312211752E-1
3.514188150E1,-9.183309227E-2,-2.398288697E-1,6.912647486E-1
3.515192150E1,4.818073660E-2,-7.545430213E-2,7.218490243E-1
3.516196250E1,1.851847023E-1,1.591333374E-2,7.009741068E-1
3.517200250E1,3.002145886E-1,2.921289392E-2,6.715528369E-1
3.518204350E1,3.820483983E-1,2.788339928E-2,6.876427531E-1
3.519208350E1,4.465743899E-1,3.295618668E-2,7.352907062E-1
3.520212450E1,5.091456771E-1,7.220543176E-2,7.684950233E-1
3.521216450E1,5.859571099E-1,1.247770265E-1,7.736330628E-1
3.522220550E1,6.597587466E-1,1.943258196E-1,7.732585073E-1
3.523224550E1,7.355352640E-1,2.408696115E-1,7.852286100E-1
3.524228650E1,7.900028825E-1,2.306268066E-1,7.958828211E-1
3.525232650E1,8.165175319E-1,1.784674674E-1,7.936777472E-1
3.526236750E1,8.494894505E-1,1.254583448E-1,7.523750067E-1
3.527240750E1,8.897647262E-1,1.259536892E-1,6.729715466E-1
3.528244850E1,9.242814183E-1,1.839711964E-1,5.601658821E-1
3.529248850E1,9.543016553E-1,2.506375611E-1,4.388615787E-1
3.530252950E1,9.764606953E-1,2.862693071E-1,3.143341839E-1
3.531256950E1,9.686363339E-1,2.940486670E-1,1.526267976E-1
3.532261050E1,9.191645384E-1,2.747686505E-1,-2.619041875E-2
3.533265050E1,8.431035876E-1,2.430932671E-1,-2.159925699E-1
3.534269188E1,7.454091311E-1,1.881843060E-1,-3.975539505E-1
3.535273187E1,6.156759262E-1,1.104618162E-1,-5.721760988E-1
3.536277287E1,4.599373937E-1,3.900120407E-2,-7.156762481E-1
3.537281287E1,3.308545053E-1,-1.098206919E-2,-7.932440042E-1
3.538285387E1,2.451524585E-1,-1.874007471E-2,-7.895286679E-1
3.539289387E1,1.737712175E-1,1.763897203E-2,-7.015694976E-1
3.540293487E1,1.104136556E-1,1.207474545E-1,-5.337653160E-1
3.541297488E1,8.514345437E-2,2.728349864E-1,-3.378959894E-1
3.542301587E1,9.432467073E-2,4.330912232E-1,-1.726644933E-1
3.543305588E1,1.291271299E-1,4.598810077E-1,-8.669766784E-2
3.544309688E1,1.868164688E-1,2.991830111E-1,-5.045191944E-2
3.545313688E1,2.311951071E-1,-1.011599600E-2,4.539817572E-2
3.546317788E1,2.283101678E-1,-3.224911690E-1,2.145511657E-1
3.547321787E1,2.029334307E-1,-4.605851173E-1,4.622581601E-1
3.548325887E1,1.954169273E-1,-4.040715694E-1,6.360861063E-1
3.549329887E1,1.071909294E-1,-1.492278278E-1,7.093880177E-1
3.550333987E1,9.852567455E-4,2.590845823E-1,8.028834462E-1
3.551337987E1,-1.151535474E-2,7.193807960E-1,9.270725250E-1
3.552342087E1,-7.792057097E-2,8.142071962E-1,9.363094568E-1
3.553346088E1,-4.374284148E-1,6.674867272E-1,9.608739018E-1
3.554350187E1,-8.267982602E-1,5.269296169E-1,9.835557342E-1
3.555354188E1,-9.977851510E-1,2.311222255E-1,9.061430097E-1
3.556358288E1,-1.024381518E0,-2.132581919E-1,7.262768745E-1
3.557362288E1,-9.693094492E-1,-4.962930977E-1,5.552864671E-1
3.558366388E1,-8.226862550E-1,-5.689329505E-1,3.823306561E-1
3.559370387E1,-5.335471034E-1,-4.970462322E-1,2.452148646E-1
3.560374487E1,-1.407022625E-1,-3.709082007E-1,1.728601307E-1
3.561378487E1,2.062836587E-1,-2.457265854E-1,1.539596766E-1
3.562382587E1,3.417016268E-1,-2.267803103E-1,7.331072539E-2
3.563386587E1,2.586416304E-1,-3.418568373E-1,-1.051410437E-1
3.564390687E1,5.560160801E-2,-5.171487927E-1,-3.430001140E-1
3.565394688E1,-1.949238181E-1,-6.561029553E-1,-5.794602633E-1
3.566398787E1,-4.379906654E-1,-6.707577705E-1,-7.371587753E-1
3.567402788E1,-6.227359772E-1,-5.641823411E-1,-7.970468998E-1
3.568406888E1,-7.495726347E-1,-4.066635668E-1,-7.753376961E-1
3.569410888E1,-8.269175291E-1,-2.232623398E-1,-7.345269322E-1
3.570414988E1,-8.636413813E-1,-1.072461829E-1,-7.258690000E-1
3.571418987E1,-8.629587889E-1,-8.878701180E-2,-7.489895225E-1
3.572423087E1,-8.406224251E-1,-1.223713532E-1,-7.727316022E-1
3.573427087E1,-8.159782887E-1,-1.674725115E-1,-7.738488317E-1
3.574431187E1,-7.834377885E-1,-1.919623911E-1,-7.653895617E-1
3.575435187E1,-7.395110726E-1,-2.228870094E-1,-7.330757976E-1
3.576439287E1,-7.078976035E-1,-2.805672884E-1,-6.734768152E-1
3.577443288E1,-7.019762993E-1,-3.376183510E-1,-5.877763033E-1
3.578447387E1,-7.100949287E-1,-3.465443254E-1,-4.931104481E-1
3.579451388E1,-7.270597816E-1,-2.895870209E-1,-3.898509145E-1
3.580455488E1,-7.464002967E-1,-1.419850141E-1,-2.715573013E-1
3.581459488E1,-7.552284002E-1,6.132895127E-2,-1.345980912E-1
3.582463588E1,-7.498396039E-1,2.462094426E-1,1.356125623E-2
3.583467587E1,-7.271295190E-1,3.730084002E-1,1.644887179E-1
3.584471687E1,-6.960507631E-1,4.271755219E-1,2.965759337E-1
3.585475687E1,-6.694273949E-1,4.415068030E-1,3.835211992E-1
3.586479787E1,-6.389583945E-1,4.117379189E-1,4.187760353E-1
3.587483787E1,-6.135047078E-1,3.586936295E-1,4.019246101E-1
3.588487887E1,-5.873360634E-1,2.952564359E-1,3.432921767E-1
3.589491888E1,-5.582602024E-1,2.490111589E-1,2.426174879E-1
3.590495987E1,-5.193891525E-1,2.428515553E-1,1.332798302E-1
3.591499988E1,-4.730671644E-1,2.689401507E-1,5.069547147E-2
3.592504088E1,-4.268819988E-1,2.880925536E-1,1.507606823E-2
3.593508088E1,-4.114769399E-1,2.768700123E-1,1.049676258E-2
3.594512188E1,-4.271660745E-1,2.587074935E-1,2.492653951E-2
3.595516187E1,-4.619277716E-1,3.014845252E-1,3.286382928E-2
3.596520287E1,-5.187244415E-1,3.813955188E-1,4.933419451E-2
3.597524287E1,-5.901360512E-1,4.419851005E-1,1.077101529E-1
3.598528387E1,-6.446316242E-1,4.709774852E-1,1.638000757E-1
3.599532387E1,-6.401812434E-1,3.743662536E-1,1.477345526E-1
3.600536487E1,-5.737991333E-1,7.607900351E-2,4.061979800E-2
3.601540488E1,-4.609769881E-1,-2.956990600E-1,-1.222982779E-1
3.602544587E1,-3.621068001E-1,-5.561732054E-1,-3.153037131E-1
3.603548588E1,-3.058105111E-1,-7.133082151E-1,-5.001662374E-1
3.604552688E1,-2.573677301E-1,-7.356846929E-1,-6.267805099E-1
3.605556688E1,-2.258486897E-1,-6.268564463E-1,-6.601663828E-1
3.606560788E1,-1.862421036E-1,-4.015346766E-1,-6.552250385E-1
3.607564787E1,-9.145725518E-2,-1.204950362E-1,-6.590527892E-1
3.608568887E1,1.066282243E-1,7.075718790E-2,-6.809546947E-1
3.609572887E1,3.451206684E-1,1.369266212E-1,-7.873498201E-1
3.610576987E1,5.072771311E-1,1.377243698E-1,-9.547688961E-1
3.611580987E1,5.695916414E-1,7.008247823E-2,-1.007175446E0
3.612585087E1,5.481677055E-1,-2.866132371E-2,-9.355143905E-1
3.613589088E1,4.982235432E-1,-1.692157798E-2,-8.149930239E-1
3.614593188E1,4.361946285E-1,2.971347421E-2,-5.766935349E-1
3.615597188E1,3.277658820E-1,1.244820189E-2,-3.058350980E-1
3.616601288E1,1.621721685E-1,-6.590829045E-2,-9.510108829E-2
3.617605288E1,-1.400897838E-2,-1.877833158E-1,7.886990905E-2
3.618609388E1,-1.293078661E-1,-3.493881524E-1,2.603001893E-1
3.619613387E1,-1.539178789E-1,-5.162264109E-1,4.640746415E-1
3.620617487E1,-1.047095209E-1,-5.995999575E-1,6.413768530E-1
3.621621487E1,3.040112788E-3,-5.823802352E-1,7.387744784E-1
3.622625587E1,1.510033607E-1,-5.300244093E-1,7.532246709E-1
3.623629587E1,3.007491827E-1,-4.575179815E-1,6.969537139E-1
3.624633687E1,4.388973415E-1,-3.715455234E-1,6.309239864E-1
3.625637688E1,5.495657921E-1,-2.788243890E-1,5.953114033E-1
3.626641788E1,6.333501339E-1,-1.901879907E-1,5.871347785E-1
3.627645788E1,6.911947727E-1,-1.057255641E-1,5.825743675E-1
3.628649888E1,7.309546471E-1,-3.381609172E-2,5.647426248E-1
3.629653888E1,7.633876801E-1,2.730451711E-2,5.377578735E-1
3.630657988E1,7.902226448E-1,7.016341388E-2,5.150943995E-1
3.631661987E1,8.315650225E-1,8.199530840E-2,5.079238415E-1
3.632666087E1,8.855303526E-1,8.132234216E-2,5.124381781E-1
3.633670087E1,9.361245036E-1,8.282995969E-2,5.351682305E-1
3.634674162E1,9.716423154E-1,5.466432869E-2,5.644592047E-1
3.635678162E1,1.000605822E0,5.217880011E-2,5.241482854E-1
3.636682262E1,1.036515951E0,9.679398686E-2,3.821635246E-1
3.637686263E1,1.049399853E0,1.402226835E-1,2.438666373E-1
3.638690363E1,1.021572351E0,1.668125242E-1,1.251602620E-1
3.639694363E1,9.442371130E-1,1.966484487E-1,-2.775489120E-4
3.640698463E1,8.297609091E-1,2.343078256E-1,-1.297374368E-1
3.641702462E1,6.983203292E-1,2.657179534E-1,-2.505038381E-1
3.642706563E1,5.668333769E-1,2.952591777E-1,-3.419714272E-1
3.643710562E1,4.529803097E-1,3.467543721E-1,-3.896561265E-1
3.644714662E1,3.584126234E-1,3.985957503E-1,-3.996745646E-1
3.645718662E1,2.766948640E-1,4.362392724E-1,-3.807272315E-1
3.646722762E1,2.101059258E-1,4.617069960E-1,-3.309431374E-1
3.647726762E1,1.774941832E-1,4.633160830E-1,-2.502240539E-1
3.648730862E1,1.900645494E-1,4.155233800E-1,-1.602836698E-1
3.649734863E1,2.315270454E-1,3.216205835E-1,-9.698086977E-2
3.650738963E1,2.736176252E-1,2.555157542E-1,-5.981466919E-2
3.651742963E1,3.140441179E-1,2.337270826E-1,-3.973416984E-2
3.652747063E1,3.563725352E-1,2.461110950E-1,-4.014951363E-2
3.653751062E1,3.989658058E-1,2.695785761E-1,-7.123206556E-2
3.654755163E1,4.617265165E-1,2.085473537E-1,-5.249510705E-2
3.655759162E1,5.237890482E-1,7.210003585E-2,1.106839627E-1
3.656763262E1,5.869193673E-1,-1.105637774E-1,2.994038165E-1
3.657767262E1,6.358416080E-1,-2.975011766E-1,4.267386198E-1
3.658771362E1,6.253780127E-1,-4.403167069E-1,4.773180485E-1
3.659775362E1,5.233365893E-1,-4.430853128E-1,5.181392431E-1
3.660779462E1,3.550302088E-1,-2.860745192E-1,5.713751316E-1
3.661783463E1,2.074966580E-1,-1.708699763E-2,6.679106951E-1
3.662787563E1,1.413854510E-1,1.457607001E-1,8.365676999E-1
3.663791563E1,9.746729396E-3,1.402250528E-1,1.092537999E0
3.664795663E1,-2.063857764E-1,8.317292482E-2,1.316654086E0
3.665799662E1,-3.729926050E-1,-7.165180892E-2,1.360116601E0
3.666803763E1,-4.553839862E-1,-2.860887647E-1,1.224700928E0
3.667807762E1,-4.347660840E-1,-5.477779508E-1,1.033931494E0
3.668811862E1,-3.206719756E-1,-7.236505151E-1,8.331284523E-1
3.669815862E1,-1.832627505E-1,-7.099437714E-1,5.950378180E-1
3.670819962E1,-1.484365948E-2,-5.826226473E-1,3.520024121E-1
3.671823962E1,1.970896423E-1,-4.868585467E-1,1.668778211E-1
3.672828062E1,3.382390738E-1,-3.966078460E-1,-1.373876911E-2
3.673832063E1,3.315286934E-1,-3.049399555E-1,-1.800174862E-1
3.674836163E1,1.875737756E-1,-2.503355145E-1,-3.411985338E-1
3.675840163E1,-1.303468831E-2,-2.485296577E-1,-5.441399217E-1
3.676844263E1,-2.101837695E-1,-2.613838911E-1,-7.031902075E-1
3.677848262E1,-3.535712957E-1,-2.520270944E-1,-7.370187044E-1
3.678852363E1,-4.449706376E-1,-2.213898301E-1,-6.418562531E-1
3.679856362E1,-4.990668595E-1,-1.578894109E-1,-5.143395662E-1
3.680860462E1,-5.175476670E-1,-1.019296572E-1,-4.116164446E-1
3.681864462E1,-5.114053488E-1,-9.315906465E-2,-3.565265536E-1
3.682868562E1,-4.941517711E-1,-1.242641807E-1,-3.363404274E-1
3.683872562E1,-4.687995613E-1,-1.635732502E-1,-3.518709242E-1
3.684876662E1,-4.201576412E-1,-1.898783296E-1,-3.894939423E-1
3.685880663E1,-3.383437097E-1,-1.937029064E-1,-4.309186041E-1
3.686884763E1,-2.173782885E-1,-1.899988204E-1,-4.592308998E-1
3.687888763E1,-6.831583381E-2,-1.866616160E-1,-4.613936543E-1
3.688892863E1,9.077571332E-2,-1.709509194E-1,-4.192125499E-1
3.689896862E1,2.402573526E-1,-1.375346482E-1,-3.397001326E-1
3.690900862E1,3.622860014E-1,-3.807739541E-2,-2.223074287E-1
3.691904962E1,4.455838203E-1,9.663567692E-2,-9.182639420E-2
3.692909062E1,4.876907170E-1,2.273700088E-1,2.839783579E-2
3.693913062E1,4.893056750E-1,2.943690121E-1,1.666960418E-1
3.694917162E1,4.729993343E-1,2.744507194E-1,3.273851573E-1
3.695921162E1,4.518136084E-1,2.031113058E-1,4.512868524E-1
3.696925163E1,4.509999156E-1,1.132629290E-1,5.010634661E-1
3.697929263E1,4.981296062E-1,1.674784161E-2,4.677385092E-1
3.698933263E1,5.920239091E-1,-5.844660476E-2,4.534382522E-1
3.699937363E1,7.084195018E-1,-9.371937811E-2,4.500757158E-1
3.700941362E1,8.391399384E-1,-1.033094004E-1,4.345764816E-1
3.701945462E1,9.514574409E-1,-8.516421914E-2,4.036638439E-1
3.702949462E1,1.039717674E0,-3.050944395E-2,3.578641713E-1
3.703953562E1,1.093983531E0,2.655011602E-2,3.108242154E-1
3.704957562E1,1.114574194E0,1.011622027E-1,2.971612215E-1
3.705961662E1,1.107238889E0,2.010416687E-1,3.173615336E-1
3.706965663E1,1.086071610E0,2.851656079E-1,3.801502585E-1
3.707969763E1,1.069275022E0,3.597349226E-1,4.761630595E-1
3.708973763E1,1.073779106E0,4.156936109E-1,5.799681544E-1
3.709977863E1,1.080441475E0,4.296027720E-1,6.596254110E-1
3.710981863E1,1.053083062E0,4.017427564E-1,6.893033385E-1
3.711985963E1,9.970666170E-1,2.530467510E-1,6.756439805E-1
3.712989962E1,9.390279651E-1,-1.804002747E-2,6.287808418E-1
3.713994062E1,8.932223916E-1,-2.958439589E-1,5.244235396E-1
3.714998062E1,8.893567920E-1,-4.911313057E-1,3.514775634E-1
3.716002162E1,9.051663876E-1,-5.757859945E-1,1.776447594E-1
3.717006162E1,9.294282198E-1,-5.723993182E-1,4.774929956E-2
3.718010262E1,9.567599893E-1,-5.320388675E-1,-4.568371177E-2
3.719014263E1,9.717215896E-1,-4.643991292E-1,-1.139390692E-1
3.720018363E1,9.630855322E-1,-3.642560244E-1,-1.562854648E-1
3.721022363E1,9.506899118E-1,-2.233003080E-1,-2.092839032E-1
3.722026463E1,9.389347434E-1,-5.048394203E-3,-2.743153870E-1
3.723030463E1,9.425106049E-1,3.026729822E-1,-3.459215462E-1
3.724034563E1,1.027572513E0,5.858297944E-1,-4.207877815E-1
3.725038562E1,1.228599072E0,7.126131654E-1,-4.365924597E-1
3.726042662E1,1.527167678E0,4.687552154E-1,-2.482931167E-1
3.727046662E1,1.795220494E0,2.005241066E-1,4.936852679E-2
3.728050762E1,1.954944134E0,1.958491951E-1,2.289278954E-1
3.729054762E1,2.077694654E0,1.797988713E-1,3.397596180E-1
3.730058862E1,2.168473244E0,1.071675420E-1,4.787172377E-1
3.731062863E1,2.232771873E0,-2.225589380E-2,6.372980475E-1
3.732066963E1,2.292864561E0,-1.471626759E-1,7.642570734E-1
3.733070963E1,2.353670835E0,-2.396167219E-1,8.815002441E-1
3.734075054E1,2.402016878E0,-2.728484571E-1,9.854083061E-1
3.735079054E1,2.444821119E0,-2.935626507E-1,1.071903467E0
3.736083154E1,2.503392220E0,-3.474567831E-1,1.116843820E0
3.737087154E1,2.582761526E0,-3.905113935E-1,1.105239630E0
3.738091254E1,2.662007809E0,-4.000740051E-1,1.045227647E0
3.739095254E1,2.713632822E0,-2.845822275E-1,9.385408163E-1
3.740099354E1,2.741461277E0,-5.751341209E-2,8.058027625E-1
3.741103354E1,2.770511866E0,2.415086031E-1,6.813964248E-1
3.742107454E1,2.801949263E0,5.443467498E-1,5.993625522E-1
3.743111454E1,2.848340988E0,7.941104770E-1,5.658823848E-1
3.744115554E1,2.897839308E0,9.355637431E-1,6.185533404E-1
3.745119554E1,2.939781189E0,9.166166186E-1,7.039932013E-1
3.746123654E1,2.933941603E0,7.759096026E-1,7.460538745E-1
3.747127654E1,2.867984533E0,5.797094107E-1,7.367649674E-1
3.748131754E1,2.735983133E0,3.739680052E-1,6.941136122E-1
3.749135754E1,2.531147480E0,1.755743623E-1,6.272670031E-1
3.750139854E1,2.269713402E0,3.123795986E-2,5.201764703E-1
3.751143854E1,1.987444401E0,-7.760155946E-2,4.121967554E-1
3.752147954E1,1.728981376E0,-1.970890909E-1,3.548879325E-1
3.753151954E1,1.509152889E0,-3.476106524E-1,3.199134767E-1
3.754156054E1,1.331207633E0,-4.311390817E-1,2.753590345E-1
3.755160054E1,1.199876666E0,-4.051787555E-1,2.164210677E-1
3.756164154E1,1.121676922E0,-3.216966391E-1,1.480505317E-1
3.757168154E1,1.076989651E0,-1.842482984E-1,8.404399455E-2
3.758172254E1,1.051977754E0,-3.086767625E-3,3.457683697E-2
3.759176254E1,1.042391896E0,1.851270795E-1,1.926819328E-3
3.760180354E1,1.042454123E0,3.635894954E-1,-2.292207256E-2
3.761184354E1,1.032085896E0,5.042974949E-1,-5.467274040E-2
3.762188454E1,9.834055901E-1,5.892521143E-1,-9.767133743E-2
3.763192454E1,9.141712189E-1,6.233386397E-1,-1.123615056E-1
3.764196554E1,8.559036255E-1,6.288194060E-1,-7.104016840E-2
3.765200554E1,8.045466542E-1,5.870864987E-1,-2.828808874E-2
3.766204654E1,7.471190691E-1,5.327407122E-1,1.323865610E-3
3.767208654E1,7.271964550E-1,4.560483992E-1,3.188269585E-2
3.768212754E1,7.328599095E-1,3.628417552E-1,6.345367432E-2
3.769216754E1,7.518016100E-1,2.429139763E-1,8.017796278E-2
3.770220854E1,7.795176506E-1,9.899115562E-2,6.397075951E-2
3.771224854E1,7.942317724E-1,-5.522896349E-2,2.048527449E-2
3.772228954E1,7.816213965E-1,-1.867417097E-1,-2.192263678E-2
3.773232954E1,7.530186176E-1,-2.872163057E-1,-5.070678517E-2
3.774237054E1,7.487319708E-1,-3.612753451E-1,-5.381442606E-2
3.775241054E1,7.888054252E-1,-4.212812781E-1,-2.434707619E-2
3.776245154E1,8.673151135E-1,-4.757815301E-1,2.689081244E-2
3.777249154E1,9.549561739E-1,-5.411869884E-1,7.958724350E-2
3.778253254E1,1.024971724E0,-5.953146815E-1,1.217259094E-1
3.779257254E1,1.066641927E0,-5.754061341E-1,1.403743774E-1
3.780261354E1,1.067290306E0,-4.075036347E-1,1.587405950E-1
3.781265354E1,9.925183058E-1,-8.385409415E-2,2.223472148E-1
3.782269454E1,8.858070374E-1,3.253283501E-1,3.784745038E-1
3.783273454E1,7.769193053E-1,6.024339795E-1,6.381438375E-1
3.784277554E1,6.083809137E-1,6.969522238E-1,8.481433988E-1
3.785281554E1,3.969066739E-1,6.945103407E-1,8.949638009E-1
3.786285554E1,3.265962899E-1,5.021973252E-1,8.254054785E-1
3.787289654E1,3.810900152E-1,1.385299265E-1,7.330727577E-1
3.788293654E1,4.838408828E-1,-2.119031847E-1,6.444960237E-1
3.789297754E1,5.899683833E-1,-4.299056232E-1,5.388189554E-1
3.790301754E1,7.293915153E-1,-5.058190227E-1,4.003361464E-1
3.791305854E1,9.378814697E-1,-5.470525026E-1,2.866638899E-1
3.792309854E1,1.152066469E0,-6.004353166E-1,2.196049690E-1
3.793313954E1,1.261209607E0,-6.108068228E-1,1.262862682E-1
3.794317954E1,1.199884415E0,-6.031510234E-1,-3.256064281E-2
3.795322054E1,9.839104414E-1,-5.956383348E-1,-2.328792959E-1
3.796326054E1,6.922215819E-1,-5.185036063E-1,-4.194363952E-1
3.797330154E1,4.175639153E-1,-3.760485351E-1,-5.425475240E-1
3.798334154E1,2.164380103E-1,-2.039268464E-1,-6.022492051E-1
3.799338254E1,1.061901301E-1,-1.865368895E-2,-6.261050105E-1
3.800342254E1,7.171977311E-2,1.160359457E-1,-6.387872696E-1
3.801346354E1,7.345006615E-2,1.549872458E-1,-6.492369175E-1
3.802350354E1,7.798969001E-2,1.481751502E-1,-6.732173562E-1
3.803354454E1,6.172783300E-2,1.326937228E-1,-7.166087031E-1
3.804358454E1,3.106260300E-2,1.404475123E-1,-7.469024062E-1
3.805362554E1,7.939574309E-3,1.726385951E-1,-7.182811499E-1
3.806366554E1,3.337099450E-3,1.564463079E-1,-6.501556635E-1
3.807370654E1,1.929835603E-2,7.804825157E-2,-5.556854010E-1
3.808374654E1,5.801858753E-2,-6.735901535E-2,-4.520029426E-1
3.809378754E1,1.019158885E-1,-2.031299323E-1,-3.388099074E-1
3.810382754E1,1.492192298E-1,-2.366998792E-1,-1.901224256E-1
3.811386854E1,2.029753625E-1,-2.284138054E-1,-4.768531024E-2
3.812390854E1,2.642394900E-1,-2.008844316E-1,6.991615891E-2
3.813394954E1,3.303206563E-1,-1.648669243E-1,1.558645964E-1
3.814398954E1,3.915818930E-1,-1.190208718E-1,2.349461019E-1
3.815403054E1,4.323569834E-1,-8.905988932E-2,2.744802833E-1
3.816407054E1,4.361099005E-1,-7.717553526E-2,2.551638484E-1
3.817411154E1,4.221049249E-1,-8.779916912E-2,2.171500772E-1
3.818415154E1,3.980195820E-1,-1.153676808E-1,1.471368968E-1
3.819419254E1,3.863837719E-1,-1.252282858E-1,8.485169709E-2
3.820423254E1,3.734408319E-1,-1.006542295E-1,2.264983952E-2
3.821427354E1,3.689541221E-1,-4.090296105E-2,-2.746646851E-2
3.822431354E1,3.660283685E-1,1.552462764E-2,-5.103384703E-2
3.823435454E1,3.565630317E-1,6.258012354E-2,-6.048943102E-2
3.824439454E1,3.367062509E-1,9.747818112E-2,-4.675631225E-2
3.825443554E1,2.984602451E-1,1.573695987E-1,-2.175855823E-2
3.826447554E1,2.360853106E-1,2.536910772E-1,5.407016724E-3
3.827451654E1,1.671269387E-1,3.451337516E-1,6.053354964E-2
3.828455654E1,1.057711765E-1,3.807514012E-1,1.251969635E-1
3.829459754E1,5.557839572E-2,3.231602907E-1,1.859543324E-1
3.830463754E1,2.568467893E-2,1.408970058E-1,2.330539376E-1
3.831467854E1,5.403685383E-3,-1.387555450E-1,2.823229432E-1
3.832471854E1,-1.447761059E-2,-4.260352552E-1,2.880993485E-1
3.833475954E1,-2.254458703E-2,-6.386780739E-1,1.836831570E-1
3.834479975E1,6.724884734E-3,-6.255899668E-1,2.667809464E-2
3.835484075E1,6.854370981E-2,-4.349597692E-1,-9.724611789E-2
3.836488075E1,1.818404496E-1,-1.493975222E-1,-2.036673725E-1
3.837492175E1,3.154850006E-1,8.548429608E-2,-3.205307424E-1
3.838496175E1,4.394080043E-1,1.651266515E-1,-4.891226888E-1
3.839500275E1,5.610870123E-1,2.023165375E-1,-6.952966452E-1
3.840504275E1,6.168714166E-1,2.273843288E-1,-8.844271302E-1
3.841508375E1,5.719316602E-1,1.766903698E-1,-9.966650009E-1
3.842512375E1,5.539790392E-1,7.526814193E-2,-9.465890527E-1
3.843516475E1,6.248285770E-1,-5.166575313E-3,-7.235331535E-1
3.844520475E1,6.997837424E-1,-5.799224228E-2,-4.293425083E-1
3.845524575E1,7.166846395E-1,-1.362693757E-1,-1.487764865E-1
3.846528575E1,6.617153883E-1,-1.685514152E-1,9.326704592E-2
3.847532675E1,5.789046288E-1,-1.782016456E-1,2.618088722E-1
3.848536675E1,5.149434805E-1,-1.824323386E-1,4.060685933E-1
3.849540775E1,4.957447052E-1,-1.545153558E-1,5.792286396E-1
3.850544775E1,5.266496539E-1,-6.642518193E-2,7.957319021E-1
3.851548875E1,5.963814855E-1,3.410224617E-2,9.535224438E-1
3.852552875E1,6.874512434E-1,2.561475150E-2,9.660350084E-1
3.853556975E1,7.937286496E-1,-5.353123322E-2,8.761215210E-1
3.854560975E1,8.924858570E-1,-1.366580874E-1,7.532707453E-1
3.855565075E1,9.406621456E-1,-1.340932101E-1,6.677791476E-1
3.856569075E1,9.482635856E-1,-7.708586007E-2,6.385698915E-1
3.857573175E1,9.625800252E-1,-8.973388001E-3,6.484287381E-1
3.858577175E1,9.968996048E-1,1.142979413E-1,6.568192840E-1
3.859581275E1,1.025420547E0,2.053884119E-1,6.443316340E-1
3.860585275E1,1.023096919E0,2.778945863E-1,6.370566487E-1
3.861589275E1,9.868857265E-1,2.922107279E-1,6.467450857E-1
3.862593375E1,9.025524259E-1,2.770171165E-1,6.233007312E-1
3.863597375E1,7.988435626E-1,2.316645086E-1,5.436232090E-1
3.864601475E1,6.919213533E-1,2.357577980E-1,4.810048044E-1
3.865605475E1,5.933234692E-1,3.133026958E-1,4.419187009E-1
3.866609575E1,5.040274262E-1,4.090348184E-1,3.778600991E-1
3.867613575E1,4.241086841E-1,4.548426569E-1,2.942406237E-1
3.868617675E1,3.474671841E-1,4.443868101E-1,2.095819414E-1
3.869621675E1,2.749059200E-1,4.116418362E-1,1.352957785E-1
3.870625775E1,2.267341465E-1,3.843636215E-1,8.797965944E-2
3.871629775E1,2.134645134E-1,3.655419946E-1,5.170901492E-2
3.872633875E1,2.261613905E-1,3.358576000E-1,2.267696895E-3
3.873637875E1,2.581660748E-1,2.788251042E-1,-4.465371743E-2
3.874641975E1,2.983931303E-1,2.022584230E-1,-9.065263718E-2
3.875645975E1,3.358925879E-1,1.196398437E-1,-1.578441858E-1
3.876650075E1,3.538891673E-1,6.751592457E-2,-2.217025161E-1
3.877654075E1,3.438177109E-1,5.327880010E-2,-2.682635784E-1
3.878658175E1,3.175674677E-1,5.284097791E-2,-2.896572948E-1
3.879662175E1,2.991552353E-1,5.693217367E-2,-2.712478638E-1
3.880666275E1,3.331060112E-1,2.299577929E-2,-2.464807183E-1
3.881670275E1,4.182051420E-1,-1.125957351E-2,-1.978051066E-1
3.882674375E1,5.213536620E-1,-1.002706215E-2,-1.353310794E-1
3.883678375E1,6.170969605E-1,3.190616518E-2,-9.383761883E-2
3.884682475E1,7.052337527E-1,8.687408268E-2,-7.594969869E-2
3.885686475E1,7.725184560E-1,1.181496382E-1,-8.041547239E-2
3.886690575E1,8.201413155E-1,1.187115684E-1,-8.619985729E-2
3.887694575E1,8.578697443E-1,1.022572517E-1,-6.548602879E-2
3.888698675E1,9.059099555E-1,3.990785778E-2,2.012320329E-3
3.889702675E1,9.536113143E-1,-1.069727093E-1,1.202715263E-1
3.890706775E1,9.884817004E-1,-2.812651694E-1,2.635860741E-1
3.891710775E1,9.991506338E-1,-4.193619490E-1,3.855536878E-1
3.892714875E1,9.688153863E-1,-4.812452793E-1,4.731400013E-1
3.893718875E1,8.833200932E-1,-4.478144050E-1,5.305910110E-1
3.894722975E1,7.815108895E-1,-3.138451576E-1,5.552548170E-1
3.895726975E1,6.706300974E-1,-6.320171803E-2,6.087713242E-1
3.896731075E1,4.943749011E-1,1.595296413E-1,6.869974136E-1
3.897735075E1,2.058691233E-1,3.055543900E-1,7.970065475E-1
3.898739175E1,-9.830275923E-2,2.827944756E-1,8.139703870E-1
3.899743175E1,-2.947051525E-1,8.490471542E-2,7.435721159E-1
3.900747275E1,-3.129877746E-1,-1.925868094E-1,6.309667826E-1
3.901751275E1,-2.370900065E-1,-4.242329001E-1,4.919940829E-1
3.902755375E1,-1.177854463E-1,-5.768547058E-1,3.460943997E-1
3.903759375E1,8.065276593E-2,-6.179262400E-1,2.133684009E-1
3.904763475E1,3.396417201E-1,-4.707794189E-1,1.121027693E-1
3.905767475E1,6.681699753E-1,-2.533470988E-1,5.372849107E-2
3.906771575E1,1.027404308E0,-1.104418486E-1,2.169332653E-2
3.907775575E1,1.293426991E0,-3.238076344E-2,4.352210462E-2
3.908779675E1,1.356012821E0,1.775341458E-3,1.001803204E-1
3.909783675E1,1.239984393E0,-1.227428243E-1,5.950225890E-2
3.910787775E1,1.038671494E0,-2.794101834E-1,-3.469294682E-2
3.911791775E1,8.321557641E-1,-3.605411053E-1,-1.711630672E-1
3.912795875E1,6.778455973E-1,-3.703420460E-1,-3.009913564E-1
3.913799875E1,5.832264423E-1,-3.197184801E-1,-3.451527655E-1
3.914803975E1,5.341060162E-1,-2.453715503E-1,-3.392152488E-1
3.915807975E1,5.109087229E-1,-1.966469437E-1,-3.572356403E-1
3.916812075E1,4.910887182E-1,-1.966213733E-1,-4.320805967E-1
3.917816075E1,4.725945890E-1,-2.284101099E-1,-5.361248255E-1
3.918820175E1,4.456008077E-1,-2.936764657E-1,-6.361020207E-1
3.919824175E1,3.993363380E-1,-3.346018195E-1,-7.003120184E-1
3.920828275E1,3.450533748E-1,-3.470560908E-1,-7.357383966E-1
3.921832275E1,2.878871262E-1,-3.373465836E-1,-7.468729019E-1
3.922836375E1,2.330662161E-1,-2.923444808E-1,-7.243609428E-1
3.923840375E1,1.908843964E-1,-2.271781862E-1,-6.742894650E-1
3.924844475E1,1.639869958E-1,-1.485917568E-1,-5.927357674E-1
3.925848475E1,1.466657221E-1,-4.155267030E-2,-4.913273752E-1
3.926852475E1,1.212423816E-1,8.784686029E-2,-3.857237101E-1
3.927856575E1,6.646408886E-2,2.153763324E-1,-2.879529297E-1
3.928860575E1,-4.054814577E-3,3.478632569E-1,-1.804752350E-1
3.929864675E1,-9.264926612E-2,4.600772858E-1,-8.773785830E-2
3.930868675E1,-1.798643172E-1,5.453261137E-1,-9.205495939E-3
3.931872775E1,-2.276264876E-1,5.861589313E-1,7.181137800E-2
3.932876775E1,-2.343203425E-1,5.651588440E-1,1.407893747E-1
3.933880888E1,-1.942890584E-1,4.786157906E-1,1.853512079E-1
3.934884888E1,-1.347319931E-1,3.396832049E-1,2.065065503E-1
3.935888988E1,-7.460783422E-2,1.776003540E-1,2.047521770E-1
3.936892987E1,-2.892183512E-2,5.462435633E-2,1.976942718E-1
3.937897087E1,1.028965693E-2,-3.331262991E-2,1.858467311E-1
3.938901087E1,2.457272261E-2,-9.308301657E-2,1.719559431E-1
3.939905187E1,-4.657864571E-3,-9.011389315E-2,1.518410444E-1
3.940909187E1,-6.559232622E-2,-4.664551467E-2,1.604766101E-1
3.941913287E1,-1.517035663E-1,-2.914103121E-2,1.977452934E-1
3.942917288E1,-2.291842401E-1,-2.748640999E-2,2.655376494E-1
3.943921388E1,-2.832223773E-1,-4.344595596E-2,3.119700551E-1
3.944925388E1,-3.230986893E-1,-9.232401103E-2,2.643266320E-1
3.945929488E1,-3.343550563E-1,-2.379133999E-1,9.705650061E-2
3.946933488E1,-3.326396942E-1,-4.281885624E-1,-1.404567212E-1
3.947937588E1,-3.452074826E-1,-5.399104357E-1,-3.849146664E-1
3.948941587E1,-3.777752817E-1,-5.603829026E-1,-5.847867727E-1
3.949945687E1,-3.814583421E-1,-4.808521569E-1,-7.100618482E-1
3.950949687E1,-3.297722638E-1,-2.875250280E-1,-7.257819772E-1
3.951953787E1,-3.275204599E-1,-8.679091185E-2,-6.993049383E-1
3.952957787E1,-3.439548314E-1,1.238576695E-1,-7.111117840E-1
3.953961887E1,-2.474883497E-1,3.109174073E-1,-7.290388942E-1
3.954965888E1,-4.922506586E-2,3.698949814E-1,-7.502182126E-1
3.955969988E1,1.185741350E-1,2.720425129E-1,-7.974945903E-1
3.956973988E1,1.641967595E-1,9.390126169E-2,-7.885665894E-1
3.957978088E1,1.680780500E-1,-7.335834205E-2,-6.893894672E-1
3.958982088E1,1.891630888E-1,-2.089081705E-1,-5.281465650E-1
3.959986188E1,2.373500615E-1,-3.787909746E-1,-3.035858274E-1
3.960990187E1,2.795081735E-1,-5.088280439E-1,-1.197819188E-1
3.961994287E1,2.826909125E-1,-4.244005680E-1,5.597441271E-2
3.962998287E1,2.629307806E-1,-2.246544212E-1,2.892130017E-1
3.964002387E1,2.209230065E-1,-1.267395020E-1,5.049430132E-1
3.965006387E1,1.842246354E-1,-7.649390399E-2,6.726132631E-1
3.966010487E1,1.892662495E-1,-3.798861802E-2,8.330220580E-1
3.967014488E1,2.132035345E-1,1.629363978E-3,9.803140163E-1
3.968018588E1,2.569074035E-1,2.033778280E-2,1.050073862E0
3.969022588E1,3.433229923E-1,2.093166858E-2,1.022627354E0
3.970026688E1,4.644869268E-1,4.436578229E-2,9.540557861E-1
3.971030688E1,5.896416903E-1,8.286896348E-2,8.804606199E-1
3.972034788E1,7.069319487E-1,8.409872651E-2,7.897809148E-1
3.973038787E1,8.249411583E-1,4.732473940E-2,7.131050825E-1
3.974042887E1,9.660878778E-1,2.836932056E-2,6.520391107E-1
3.975046887E1,1.125252008E0,6.308469176E-2,6.117063165E-1
3.976050987E1,1.286592722E0,7.116737962E-2,5.824598074E-1
3.977054987E1,1.412495732E0,5.932030827E-2,5.808570981E-1
3.978059087E1,1.509823680E0,2.301659621E-2,5.912600756E-1
3.979063088E1,1.558822036E0,-3.318648785E-2,6.005588174E-1
3.980067188E1,1.555944324E0,-6.097733229E-2,5.851716995E-1
3.981071188E1,1.512235999E0,-1.412433479E-2,5.371266603E-1
3.982075187E1,1.457158089E0,8.338215947E-2,4.684304595E-1
3.983079288E1,1.403744936E0,1.678291261E-1,3.791961968E-1
3.984083287E1,1.350674272E0,2.439673096E-1,2.927848697E-1
3.985087387E1,1.293642998E0,3.118866980E-1,2.002581507E-1
3.986091387E1,1.233872294E0,3.611351252E-1,8.823524415E-2
3.987095487E1,1.172121286E0,3.851900995E-1,-4.301864654E-2
3.988099488E1,1.102926373E0,3.752083778E-1,-1.655230969E-1
3.989103587E1,1.032453775E0,3.379819095E-1,-2.624048889E-1
3.990107588E1,9.617024660E-1,2.854675353E-1,-3.273224533E-1
3.991111688E1,8.993541598E-1,2.253224403E-1,-3.637230694E-1
3.992115688E1,8.599634171E-1,1.770671010E-1,-3.769574463E-1
3.993119788E1,8.500990868E-1,1.332615763E-1,-3.628179431E-1
3.994123787E1,8.629770875E-1,8.761196584E-2,-3.285872042E-1
3.995127887E1,9.016760588E-1,1.782355830E-2,-2.782726586E-1
3.996131887E1,9.740399718E-1,-5.650383979E-2,-2.434497774E-1
3.997135987E1,1.064637780E0,-9.635138512E-2,-2.413623929E-1
3.998139987E1,1.142833114E0,-8.458452672E-2,-2.795191705E-1
3.999144087E1,1.191898942E0,-1.316946559E-2,-3.181065023E-1
4.000148088E1,1.213736415E0,1.374869347E-1,-3.111300468E-1
4.001152187E1,1.187327504E0,3.094826639E-1,-2.376808375E-1
4.002156188E1,1.093572855E0,3.947659135E-1,-1.029958874E-1
4.003160288E1,9.859278798E-1,3.411373198E-1,1.424237341E-1
4.004164288E1,8.923214078E-1,2.006414384E-1,4.446176589E-1
4.005168388E1,7.926595211E-1,5.523257703E-2,6.430870891E-1
4.006172387E1,7.012435794E-1,-1.231332049E-1,6.436358690E-1
4.007176487E1,5.977376699E-1,-2.791196108E-1,5.564226508E-1
4.008180487E1,5.026317835E-1,-3.517433107E-1,4.722905159E-1
4.009184587E1,4.064176679E-1,-3.254640400E-1,3.763133883E-1
4.010188587E1,3.114246428E-1,-1.962627023E-1,2.697665989E-1
4.011192687E1,1.750881076E-1,-9.669458121E-2,1.735921502E-1
4.012196688E1,-7.562751323E-2,-3.323585168E-2,1.416879892E-1
4.013200787E1,-4.189901948E-1,8.414403349E-2,2.128686905E-1
4.014204788E1,-7.116790414E-1,2.219208777E-1,3.576510549E-1
4.015208888E1,-8.338987231E-1,1.913680285E-1,5.351214409E-1
4.016212888E1,-8.408462405E-1,-3.179572895E-2,6.830710769E-1
4.017216988E1,-8.190024495E-1,-3.129113019E-1,7.506206036E-1
4.018220987E1,-7.974175215E-1,-6.130119562E-1,7.303655744E-1
4.019225087E1,-7.849313021E-1,-8.278733492E-1,6.214725971E-1
4.020229087E1,-7.574890256E-1,-8.957703710E-1,4.641836286E-1
4.021233187E1,-6.747803092E-1,-8.857566714E-1,3.268385530E-1
4.022237187E1,-5.343304276E-1,-7.657353878E-1,2.388257682E-1
4.023241287E1,-3.953102529E-1,-4.961435497E-1,2.184115648E-1
4.024245288E1,-3.111983538E-1,-2.596869171E-1,2.268575430E-1
4.025249387E1,-3.616247773E-1,-2.125782669E-1,1.336863190E-1
4.026253388E1,-4.898473918E-1,-3.144584298E-1,-6.271571666E-2
4.027257488E1,-6.589570642E-1,-3.985349536E-1,-2.965622842E-1
4.028261488E1,-8.210219145E-1,-3.689089417E-1,-5.262192488E-1
4.029265588E1,-9.271430373E-1,-2.578372657E-1,-6.834861040E-1
4.030269587E1,-9.599924684E-1,-1.382661313E-1,-7.583515048E-1
4.031273687E1,-9.646247625E-1,-9.278413653E-2,-7.584838271E-1
4.032277687E1,-9.981800318E-1,-1.616953164E-1,-7.316768765E-1
4.033281687E1,-1.065384150E0,-2.937364280E-1,-7.150121331E-1
4.034285812E1,-1.152402401E0,-4.303018451E-1,-6.832737923E-1
4.035289813E1,-1.229241252E0,-5.180817842E-1,-6.447756886E-1
4.036293912E1,-1.279015899E0,-5.112068653E-1,-6.034460664E-1
4.037297913E1,-1.312076688E0,-4.162556231E-1,-5.704271197E-1
4.038302013E1,-1.321597338E0,-2.874932587E-1,-5.400649309E-1
4.039306013E1,-1.308186531E0,-1.541929841E-1,-5.116665959E-1
4.040310113E1,-1.259101868E0,-3.674636036E-2,-4.927109182E-1
4.041314112E1,-1.184538960E0,5.873036385E-2,-4.809594452E-1
4.042318212E1,-1.099090695E0,1.473910213E-1,-4.667083025E-1
4.043322212E1,-1.018103242E0,2.406706363E-1,-4.442711771E-1
4.044326312E1,-9.388734102E-1,3.240545392E-1,-4.237076342E-1
4.045330312E1,-8.605594635E-1,3.765254617E-1,-3.843756914E-1
4.046334412E1,-7.930801511E-1,3.966396153E-1,-3.436073363E-1
4.047338413E1,-7.552284002E-1,3.892184496E-1,-2.910873890E-1
4.048342512E1,-7.424331307E-1,3.662727177E-1,-2.259362489E-1
4.049346513E1,-7.348260880E-1,3.259644508E-1,-1.534343511E-1
4.050350613E1,-7.064725757E-1,2.737782896E-1,-7.582858205E-2
4.051354613E1,-6.712751985E-1,2.254677713E-1,1.897702366E-2
4.052358713E1,-6.249858737E-1,1.792650074E-1,1.186684892E-1
4.053362712E1,-5.616047978E-1,1.335473210E-1,2.221679837E-1
4.054366812E1,-4.785562158E-1,1.089961678E-1,2.936440706E-1
4.055370812E1,-4.055674970E-1,1.065468639E-1,2.988244593E-1
4.056374912E1,-3.503438234E-1,1.550094485E-1,2.511119843E-1
4.057378912E1,-3.142659962E-1,2.628722787E-1,1.777496338E-1
4.058383012E1,-3.128057718E-1,3.800511360E-1,1.248935163E-1
4.059387013E1,-3.409111500E-1,4.495953321E-1,9.656520188E-2
4.060391112E1,-4.073074460E-1,3.919644654E-1,8.720775694E-2
4.061395113E1,-4.826085865E-1,2.100562006E-1,8.113361895E-2
4.062399213E1,-5.342931747E-1,-3.788217530E-2,5.323446169E-2
4.063403213E1,-5.455293059E-1,-2.869471312E-1,-7.534614764E-3
4.064407313E1,-5.232370496E-1,-4.731857777E-1,-1.074160784E-1
4.065411312E1,-4.975633621E-1,-5.747976303E-1,-2.192613780E-1
4.066415412E1,-4.396835566E-1,-4.881135225E-1,-2.975233197E-1
4.067419412E1,-2.986710668E-1,-2.884265184E-1,-2.913639545E-1
4.068423512E1,-1.675750613E-1,-5.361529440E-2,-3.460824788E-1
4.069427512E1,-1.904470921E-1,1.647436768E-1,-5.113009810E-1
4.070431612E1,-2.625660598E-1,3.404539526E-1,-6.862926483E-1
4.071435613E1,-3.082515001E-1,5.336527228E-1,-7.603684664E-1
4.072439712E1,-3.842768669E-1,6.794335842E-1,-7.730101943E-1
4.073443713E1,-4.855414331E-1,6.040298939E-1,-7.624566555E-1
4.074447813E1,-4.697167575E-1,2.414862961E-1,-6.849073172E-1
4.075451813E1,-3.049054444E-1,-1.527840495E-1,-5.796298981E-1
4.076455913E1,-1.174874380E-1,-3.482734263E-1,-4.677553773E-1
4.077459912E1,1.871993951E-2,-4.361737370E-1,-3.340769410E-1
4.078464012E1,1.438063383E-1,-4.346383512E-1,-2.056274861E-1
4.079468012E1,2.716915905E-1,-3.579017520E-1,-4.396615550E-2
4.080472112E1,3.372572958E-1,-3.628767133E-1,1.182966605E-1
4.081476112E1,3.296838105E-1,-4.175506234E-1,2.711378634E-1
4.082480113E1,2.891559601E-1,-4.192900360E-1,4.320026934E-1
4.083484213E1,2.737274766E-1,-3.634022772E-1,6.167650819E-1
4.084488213E1,3.245300353E-1,-3.055365682E-1,8.048115373E-1
4.085492313E1,4.481100142E-1,-2.554709911E-1,9.421864152E-1
4.086496313E1,6.172652245E-1,-2.625684142E-1,9.871520996E-1
4.087500413E1,7.828826308E-1,-2.643367350E-1,9.636864066E-1
4.088504412E1,8.883290291E-1,-2.303013653E-1,9.100270271E-1
4.089508512E1,9.284564257E-1,-1.577568650E-1,8.302067518E-1
4.090512512E1,9.554105401E-1,-4.347926006E-2,7.568237185E-1
4.091516612E1,9.868073463E-1,8.677753806E-2,6.975904703E-1
4.092520612E1,1.012570500E0,2.160732001E-1,6.521027684E-1
4.093524712E1,1.029883623E0,3.246140480E-1,6.189948916E-1
4.094528713E1,1.046247363E0,3.933201730E-1,6.051359177E-1
4.095532813E1,1.054703116E0,4.570477605E-1,6.044893265E-1
4.096536813E1,1.063383818E0,5.548492670E-1,5.940393806E-1
4.097540913E1,1.067239523E0,6.782807112E-1,5.251615047E-1
4.098544913E1,1.058860183E0,7.560189366E-1,4.008079767E-1
4.099549013E1,1.037262559E0,7.534274459E-1,2.508544326E-1
4.100553012E1,1.005964994E0,6.498044729E-1,1.156272665E-1
4.101557112E1,9.570211768E-1,4.991020560E-1,-3.880357742E-2
4.102561112E1,8.987882733E-1,3.684500754E-1,-1.996629387E-1
4.103565212E1,8.331932425E-1,2.505676448E-1,-3.194268942E-1
4.104569212E1,7.641503811E-1,1.807236224E-1,-3.728351593E-1
4.105573312E1,7.082365155E-1,1.825454980E-1,-3.815031946E-1
4.106577313E1,6.567690372E-1,2.116660923E-1,-3.735014796E-1
4.107581413E1,5.985254645E-1,2.218231261E-1,-3.647742867E-1
4.108585413E1,5.232603550E-1,2.196704745E-1,-3.413537145E-1
4.109589513E1,4.485309720E-1,2.120498419E-1,-3.042295277E-1
4.110593513E1,4.072572589E-1,1.950384378E-1,-2.771044970E-1
4.111597613E1,3.934482336E-1,1.728647053E-1,-2.627298236E-1
4.112601612E1,4.062674940E-1,1.647509933E-1,-2.647290230E-1
4.113605712E1,4.223452806E-1,2.022525668E-1,-2.788930535E-1
4.114609712E1,4.316949248E-1,2.572300434E-1,-3.073681295E-1
4.115613812E1,4.320304692E-1,3.268890083E-1,-3.329424858E-1
4.116617812E1,4.234509170E-1,4.130913019E-1,-3.150129914E-1
4.117621912E1,4.112954736E-1,4.016658068E-1,-2.259417027E-1
4.118625913E1,3.994036019E-1,2.263018936E-1,-7.278104872E-2
4.119630013E1,3.656238019E-1,-2.524964511E-2,8.788932115E-2
4.120634013E1,3.269699812E-1,-2.689464390E-1,2.396285385E-1
4.121638012E1,2.746796310E-1,-4.170743823E-1,3.590925932E-1
4.122642113E1,2.156228870E-1,-4.785209000E-1,4.188610017E-1
4.123646112E1,1.723060310E-1,-4.609232843E-1,3.846015632E-1
4.124650212E1,1.581457257E-1,-3.236616254E-1,2.614755332E-1
4.125654212E1,1.041836813E-1,-1.264049858E-1,9.727994353E-2
4.126658312E1,-5.960895121E-2,1.255186647E-1,-2.429748513E-2
4.127662312E1,-3.879961371E-1,4.263610542E-1,-5.483595654E-2
4.128666412E1,-8.433068395E-1,6.891982555E-1,8.888176829E-2
4.129670413E1,-1.241665721E0,7.701042891E-1,3.513088524E-1
4.130674513E1,-1.494709849E0,6.563658714E-1,5.798727274E-1
4.131678513E1,-1.619943857E0,4.136821032E-1,7.069537640E-1
4.132682613E1,-1.583534718E0,1.102025583E-1,8.100551963E-1
4.133686612E1,-1.412480116E0,-1.584305018E-1,8.549078703E-1
4.134690679E1,-1.170315862E0,-3.462506533E-1,7.379046679E-1
4.135694679E1,-8.815922737E-1,-4.585018456E-1,4.849738777E-1
4.136698779E1,-5.588045120E-1,-5.027388930E-1,2.015139610E-1
4.137702779E1,-2.323622108E-1,-5.939822793E-1,-4.017243162E-2
4.138706879E1,2.099621110E-2,-7.428641915E-1,-1.994992942E-1
4.139710879E1,1.173403189E-1,-7.746354342E-1,-1.984297633E-1
4.140714979E1,7.326342911E-2,-8.071648479E-1,-2.080013007E-1
4.141718979E1,-7.757908106E-2,-8.439681530E-1,-2.918442786E-1
4.142723079E1,-2.531032264E-1,-8.287084699E-1,-4.382301271E-1
4.143727079E1,-4.218586683E-1,-7.107253671E-1,-5.590242147E-1
4.144731179E1,-5.872764587E-1,-4.797640443E-1,-5.825226903E-1
4.145735179E1,-7.366957664E-1,-2.268300503E-1,-5.380111337E-1
4.146739279E1,-8.528851867E-1,-2.499629743E-2,-4.682350159E-1
4.147743279E1,-9.276086688E-1,8.170085400E-2,-4.139001369E-1
4.148747379E1,-9.693453312E-1,7.388306409E-2,-3.879666924E-1
4.149751379E1,-1.001691222E0,-1.460159896E-3,-3.731134534E-1
4.150755479E1,-1.039947629E0,-6.172071397E-2,-4.026010334E-1
4.151759479E1,-1.084500194E0,-8.164434880E-2,-4.604670107E-1
4.152763579E1,-1.120295644E0,-1.013922170E-1,-5.168905854E-1
4.153767579E1,-1.155420065E0,-1.443633884E-1,-5.602399111E-1
4.154771679E1,-1.171874523E0,-1.665624529E-1,-5.912287831E-1
4.155775679E1,-1.165455461E0,-1.830687225E-1,-6.140813828E-1
4.156779779E1,-1.122823477E0,-2.075753212E-1,-6.169067621E-1
4.157783779E1,-1.054666758E0,-2.138899416E-1,-5.860309005E-1
4.158787879E1,-9.855124354E-1,-1.943378150E-1,-5.186321735E-1
4.159791879E1,-9.285303950E-1,-1.714053303E-1,-4.278761744E-1
4.160795979E1,-8.805992007E-1,-1.517399400E-1,-3.335902691E-1
4.161799979E1,-8.368573189E-1,-1.590734869E-1,-2.412560880E-1
4.162804079E1,-7.661973834E-1,-1.848193109E-1,-1.626653671E-1
4.163808079E1,-6.644814014E-1,-1.779691279E-1,-1.032209471E-1
4.164812079E1,-5.519476533E-1,-1.654688120E-1,-5.624261126E-2
4.165816179E1,-4.453828931E-1,-1.042070538E-1,-3.234207258E-2
4.166820179E1,-3.678717911E-1,-2.103023604E-2,-3.990748152E-2
4.167824279E1,-3.139275908E-1,6.390809268E-2,-4.026993737E-2
4.168828279E1,-2.669361532E-1,1.342739910E-1,-3.012116998E-2
4.169832379E1,-2.132068723E-1,1.718147099E-1,-2.191003412E-3
4.170836379E1,-1.637891978E-1,1.852912456E-1,4.541065544E-2
4.171840479E1,-1.338534057E-1,1.852667332E-1,1.063011661E-1
4.172844479E1,-1.351904571E-1,2.014199495E-1,1.636666209E-1
4.173848579E1,-1.547385901E-1,2.614510655E-1,2.012712508E-1
4.174852579E1,-1.887054294E-1,3.823472261E-1,2.242752612E-1
4.175856679E1,-2.307175845E-1,5.265009403E-1,2.366658896E-1
4.176860679E1,-2.942214012E-1,5.934860706E-1,2.133932412E-1
4.177864779E1,-3.550637066E-1,4.962426126E-1,1.536779851E-1
4.178868779E1,-3.937985897E-1,1.869768500E-1,8.831726015E-2
4.179872879E1,-4.104899466E-1,-2.538301051E-1,-2.583247796E-2
4.180876879E1,-4.040380716E-1,-6.884334087E-1,-2.317645401E-1
4.181880979E1,-4.019597471E-1,-1.026725531E0,-4.775657952E-1
4.182884979E1,-3.950942457E-1,-1.114503860E0,-6.536312103E-1
4.183889079E1,-3.379340172E-1,-9.318575859E-1,-6.886379719E-1
4.184893079E1,-2.755715847E-1,-5.606406927E-1,-6.659090519E-1
4.185897179E1,-2.767907977E-1,-2.008141130E-1,-6.675229073E-1
4.186901179E1,-2.275587022E-1,1.583077759E-1,-7.122681141E-1
4.187905279E1,-8.742503077E-2,5.507929921E-1,-7.503643632E-1
4.188909279E1,6.082968786E-2,8.709103465E-1,-8.000447750E-1
4.189913379E1,7.947740704E-2,9.514062405E-1,-9.131755829E-1
4.190917379E1,-6.888229400E-4,6.572163701E-1,-9.489784241E-1
4.191921479E1,-4.273454100E-2,2.136871070E-1,-8.035975099E-1
4.192925479E1,-8.617424965E-2,-1.234304383E-1,-5.020653605E-1
4.193929579E1,-6.695927680E-2,-4.188524783E-1,-1.932444274E-1
4.194933579E1,2.140382677E-2,-5.279000401E-1,7.426019758E-2
4.195937679E1,1.314637512E-1,-3.921006918E-1,3.362707496E-1
4.196941679E1,2.219553888E-1,-1.590426564E-1,6.108418703E-1
4.197945779E1,2.764159739E-1,-6.464237720E-2,7.712385058E-1
4.198949779E1,2.982707322E-1,-1.136943419E-2,8.589063287E-1
4.199953879E1,3.370732367E-1,3.451310098E-2,8.902589083E-1
4.200957879E1,3.993676901E-1,1.537401695E-2,8.542259932E-1
4.201961879E1,5.010386705E-1,-6.527023017E-2,7.718871832E-1
4.202965979E1,6.377446055E-1,-1.118263379E-1,6.743770242E-1
4.203969979E1,7.712875009E-1,-1.083999127E-1,5.893705487E-1
4.204974079E1,8.635776043E-1,-5.831719190E-2,5.345136523E-1
4.205978079E1,9.144203067E-1,-1.226900518E-2,5.075198412E-1
4.206982179E1,9.531563520E-1,3.859921172E-2,5.231853724E-1
4.207986179E1,9.922819138E-1,8.217678219E-2,5.758693218E-1
4.208990279E1,1.035277963E0,1.060910225E-1,6.299029589E-1
4.209994279E1,1.072163224E0,1.392508447E-1,6.744448543E-1
4.210998379E1,1.090056181E0,1.449450105E-1,6.978863478E-1
4.212002379E1,1.094812036E0,1.243587658E-1,6.960591078E-1
4.213006479E1,1.088753104E0,1.182982773E-1,6.573069096E-1
4.214010479E1,1.057213783E0,1.605240256E-1,5.719030499E-1
4.215014579E1,9.964439869E-1,2.445455343E-1,4.754685760E-1
4.216018579E1,9.423269629E-1,3.591485620E-1,3.626688123E-1
4.217022679E1,8.885414004E-1,5.151863694E-1,2.411084920E-1
4.218026679E1,8.340605497E-1,6.273624301E-1,1.225978285E-1
4.219030779E1,7.823981643E-1,6.636717916E-1,1.436491031E-2
4.220034779E1,7.220551968E-1,6.936147809E-1,-1.285027713E-1
4.221038879E1,6.673206687E-1,6.876232624E-1,-2.750626206E-1
4.222042879E1,6.286036372E-1,6.304973960E-1,-3.868472278E-1
4.223046979E1,6.016203165E-1,5.506228805E-1,-4.491442442E-1
4.224050979E1,5.779895782E-1,4.646826684E-1,-4.815852940E-1
4.225055079E1,5.412896872E-1,3.860871196E-1,-4.937035441E-1
4.226059079E1,5.013002157E-1,3.296073377E-1,-4.793411195E-1
4.227063179E1,4.740109742E-1,2.929274440E-1,-4.340323210E-1
4.228067179E1,4.996590912E-1,2.603599131E-1,-3.716840148E-1
4.229071279E1,5.552206635E-1,2.095798403E-1,-3.199803233E-1
4.230075279E1,6.085326076E-1,1.812736243E-1,-2.898610234E-1
4.231079379E1,6.615595818E-1,2.259707749E-1,-2.699987292E-1
4.232083379E1,6.911755204E-1,3.509356081E-1,-2.604097724E-1
4.233087379E1,7.043256760E-1,5.336124897E-1,-2.416208088E-1
4.234091438E1,7.027802467E-1,7.355650663E-1,-1.914638877E-1
4.235095437E1,6.697032452E-1,8.622165322E-1,-1.116350144E-1
4.236099537E1,5.911618471E-1,8.446750641E-1,1.025147457E-2
4.237103537E1,5.497499108E-1,4.881320000E-1,2.478874177E-1
4.238107637E1,5.320188403E-1,-8.616749197E-2,5.190366507E-1
4.239111637E1,4.193844497E-1,-4.540250599E-1,6.277315617E-1
4.240115737E1,2.533787191E-1,-5.562001467E-1,6.149475574E-1
4.241119738E1,1.000131741E-1,-4.865853190E-1,5.168686509E-1
4.242123838E1,-4.749638587E-2,-3.723399639E-1,3.859609663E-1
4.243127838E1,-2.211023271E-1,-1.981457025E-1,3.013136089E-1
4.244131938E1,-4.665254056E-1,7.192680240E-2,2.790162861E-1
4.245135938E1,-8.305423260E-1,3.713428080E-1,3.371736407E-1
4.246140038E1,-1.155737162E0,5.548591018E-1,4.912063479E-1
4.247144037E1,-1.244476914E0,4.502171874E-1,7.018681169E-1
4.248148137E1,-1.194198608E0,1.814488620E-1,8.218064904E-1
4.249152137E1,-1.145445347E0,-7.800268382E-2,7.672125697E-1
4.250156237E1,-1.050998449E0,-2.503243685E-1,5.795097947E-1
4.251160237E1,-8.092221022E-1,-3.453207910E-1,3.256730139E-1
4.252164337E1,-4.738158882E-1,-3.977605402E-1,8.527638018E-2
4.253168338E1,-9.390242398E-2,-4.505360126E-1,-8.054557443E-2
4.254172438E1,2.472264022E-1,-5.202926993E-1,-1.440260112E-1
4.255176438E1,4.482796788E-1,-5.237277150E-1,-7.756290585E-2
4.256180538E1,4.795073867E-1,-5.588590503E-1,-7.079421729E-2
4.257184538E1,3.718016744E-1,-6.345145702E-1,-1.442849487E-1
4.258188638E1,1.920079142E-1,-6.730930805E-1,-2.332419902E-1
4.259192637E1,-1.665629260E-2,-6.248399019E-1,-3.053411543E-1
4.260196737E1,-2.462506145E-1,-4.792020023E-1,-3.346207738E-1
4.261200737E1,-4.610760212E-1,-2.798485756E-1,-3.027547002E-1
4.262204837E1,-6.357157826E-1,-1.140726283E-1,-2.282498330E-1
4.263208837E1,-7.559304237E-1,-8.888537064E-3,-1.598696858E-1
4.264212937E1,-8.248157501E-1,2.778878435E-2,-1.284782141E-1
4.265216938E1,-8.429836035E-1,-1.124923117E-2,-1.436738074E-1
4.266221038E1,-8.275405169E-1,-1.248836443E-1,-1.957913339E-1
4.267225038E1,-8.155739307E-1,-2.416925132E-1,-2.859359980E-1
4.268229037E1,-8.067838550E-1,-3.189473450E-1,-4.028684795E-1
4.269233138E1,-7.899545431E-1,-3.496357501E-1,-5.115596056E-1
4.270237137E1,-7.655879855E-1,-3.376581967E-1,-5.895012617E-1
4.271241237E1,-7.355184555E-1,-2.835286260E-1,-6.247488856E-1
4.272245237E1,-6.952144504E-1,-2.275271118E-1,-6.206918359E-1
4.273249337E1,-6.499191523E-1,-1.990410686E-1,-5.914283395E-1
4.274253337E1,-5.961786509E-1,-2.011921108E-1,-5.292810798E-1
4.275257437E1,-5.279287696E-1,-2.042559534E-1,-4.359396696E-1
4.276261438E1,-4.703722894E-1,-1.693174094E-1,-3.232890368E-1
4.277265538E1,-4.339046776E-1,-1.102432907E-1,-2.186688632E-1
4.278269538E1,-4.161318243E-1,-6.051354483E-2,-1.123706475E-1
4.279273638E1,-3.995724618E-1,-2.362681739E-2,-8.783917874E-3
4.280277637E1,-3.662328720E-1,-9.095013142E-3,7.561911643E-2
4.281281738E1,-3.166370094E-1,-2.749618515E-2,1.103711575E-1
4.282285737E1,-2.400753796E-1,-3.897094727E-2,8.305884153E-2
4.283289837E1,-1.487687528E-1,-3.925275803E-2,3.761562333E-2
4.284293837E1,-7.334216684E-2,-5.379210226E-3,-1.371227857E-2
4.285297937E1,-2.026366070E-2,6.808759272E-2,-4.575506225E-2
4.286301937E1,-6.959573366E-3,1.610122025E-1,-4.018425941E-2
4.287306037E1,-2.130015753E-2,2.558503449E-1,2.192803659E-3
4.288310038E1,-6.064250693E-2,3.340500593E-1,6.822241843E-2
4.289314138E1,-1.293462962E-1,3.815632164E-1,1.628071815E-1
4.290318138E1,-2.320545763E-1,4.077495635E-1,2.454128414E-1
4.291322238E1,-3.537095785E-1,4.185983539E-1,2.393723130E-1
4.292326237E1,-4.617896974E-1,4.392620921E-1,1.801912934E-1
4.293330338E1,-5.608904958E-1,4.391225874E-1,1.563563943E-1
4.294334337E1,-6.410034299E-1,3.525320590E-1,1.413084716E-1
4.295338437E1,-6.746546626E-1,1.627937406E-1,9.773821384E-2
4.296342437E1,-6.612616777E-1,-8.403760940E-2,2.350605838E-2
4.297346438E1,-6.373738647E-1,-3.576832414E-1,-6.249269471E-2
4.298350537E1,-6.075765491E-1,-6.472598910E-1,-1.667839438E-1
4.299354538E1,-5.876932144E-1,-9.057656527E-1,-3.201516569E-1
4.300358638E1,-6.090586782E-1,-1.082009435E0,-4.951556921E-1
4.301362638E1,-6.362738013E-1,-1.081736088E0,-6.002696157E-1
4.302366738E1,-6.441295743E-1,-8.673174977E-1,-6.008089185E-1
4.303370737E1,-6.436226964E-1,-5.218489170E-1,-5.561813712E-1
4.304374837E1,-6.662550569E-1,-1.776127219E-1,-5.366311073E-1
4.305378837E1,-6.599780321E-1,1.831597388E-1,-6.090497971E-1
4.306382937E1,-5.776551962E-1,5.856672525E-1,-7.038375735E-1
4.307386937E1,-4.307481647E-1,8.769658804E-1,-7.818658948E-1
4.308391037E1,-2.821150124E-1,9.198406339E-1,-8.654406667E-1
4.309395038E1,-2.005680501E-1,6.715214849E-1,-9.111667871E-1
4.310399137E1,-1.467660666E-1,2.767181695E-1,-8.719829321E-1
4.311403138E1,-1.241409257E-1,-1.085773036E-1,-7.968016267E-1
4.312407238E1,-8.720962703E-2,-4.033532441E-1,-6.721177101E-1
4.313411238E1,-1.304611284E-2,-6.248401999E-1,-4.302852452E-1
4.314415338E1,5.344662815E-2,-7.174955606E-1,-1.136841103E-1
4.315419337E1,8.135209233E-2,-6.131055951E-1,1.897565573E-1
4.316423437E1,5.784383789E-2,-4.473845065E-1,4.346280992E-1
4.317427437E1,-2.596735209E-2,-3.141616583E-1,6.121561527E-1
4.318431537E1,-9.227260947E-2,-1.349016279E-1,7.043529153E-1
4.319435537E1,-1.091170311E-1,5.738542974E-2,7.303193212E-1
4.320439637E1,-7.905793190E-2,1.494884491E-1,7.126508355E-1
4.321443638E1,6.517157890E-3,1.550168693E-1,6.679014564E-1
4.322447737E1,1.125692874E-1,1.472534984E-1,6.101878285E-1
4.323451738E1,2.146076709E-1,1.345107257E-1,5.427290201E-1
4.324455838E1,3.105975688E-1,9.784645587E-2,4.667966962E-1
4.325459838E1,3.990677297E-1,6.465420127E-2,4.236229658E-1
4.326463938E1,4.771364331E-1,4.659637064E-2,4.275178313E-1
4.327467937E1,5.463826060E-1,5.656065792E-2,4.517812431E-1
4.328471937E1,6.044288874E-1,5.870743468E-2,4.809186161E-1
4.329476037E1,6.477608681E-1,3.071317822E-2,5.194515586E-1
4.330480037E1,6.775033474E-1,-2.639165521E-2,5.698121786E-1
4.331484137E1,6.934400201E-1,-7.875878364E-2,6.009681225E-1
4.332488138E1,6.989817619E-1,-8.580843359E-2,6.000623703E-1
4.333492238E1,6.985682249E-1,-6.165745109E-2,5.499703884E-1
4.334496238E1,6.750285625E-1,3.762146458E-2,4.494602978E-1
4.335500400E1,6.170972586E-1,2.306671441E-1,3.228276372E-1
4.336504400E1,5.388213992E-1,4.553985000E-1,2.026024461E-1
4.337508500E1,4.474746585E-1,6.480164528E-1,8.615829796E-2
4.338512500E1,3.690703809E-1,7.623081207E-1,-1.826477796E-2
4.339516600E1,3.263191879E-1,7.549402118E-1,-1.327400059E-1
4.340520600E1,2.952046990E-1,7.175150514E-1,-2.355292439E-1
4.341524700E1,2.584342062E-1,6.775725484E-1,-3.240635395E-1
4.342528700E1,2.022108883E-1,6.175350547E-1,-4.099872410E-1
4.343532800E1,1.174412295E-1,5.370962024E-1,-4.769723117E-1
4.344536800E1,4.619078711E-3,4.466187358E-1,-5.186734200E-1
4.345540900E1,-1.094308421E-1,3.634702563E-1,-5.172981024E-1
4.346544900E1,-2.148089260E-1,2.967351675E-1,-4.853473902E-1
4.347549000E1,-2.785373926E-1,2.407621890E-1,-4.357483387E-1
4.348553000E1,-3.070209622E-1,1.910447031E-1,-3.792935908E-1
4.349557100E1,-3.146342039E-1,1.271211654E-1,-3.248097301E-1
4.350561100E1,-2.958639562E-1,8.588797599E-2,-2.963176072E-1
4.351565200E1,-2.888211012E-1,1.170881912E-1,-2.834863663E-1
4.352569200E1,-2.915012836E-1,2.081488669E-1,-2.723386288E-1
4.353573300E1,-2.692979872E-1,3.153602779E-1,-2.470508367E-1
4.354577300E1,-2.095315754E-1,3.651952147E-1,-2.066150010E-1
4.355581400E1,-1.195931062E-1,2.727871835E-1,-1.194594502E-1
4.356585400E1,-4.665817693E-2,4.571276158E-2,1.414894313E-2
4.357589400E1,-3.264451399E-2,-1.844026744E-1,1.334525496E-1
4.358593500E1,-6.159121171E-2,-3.264338672E-1,2.177282721E-1
4.359597500E1,-8.010952920E-2,-3.788710833E-1,2.638066411E-1
4.360601600E1,-6.694232672E-2,-3.117828667E-1,2.891332805E-1
4.361605600E1,-2.528302744E-2,-1.498396844E-1,3.369797170E-1
4.362609700E1,-1.985523850E-2,1.158726886E-1,4.579996169E-1
4.363613700E1,-1.679250449E-1,3.563664854E-1,6.019514203E-1
4.364617800E1,-4.437955022E-1,4.716280997E-1,7.061643600E-1
4.365621800E1,-7.539801598E-1,4.926571250E-1,7.989410758E-1
4.366625900E1,-1.019128442E0,3.608546257E-1,8.683478236E-1
4.367629900E1,-1.203808665E0,6.597471237E-2,8.888835907E-1
4.368634000E1,-1.287668467E0,-1.663666517E-1,8.988198042E-1
4.369638000E1,-1.257155895E0,-2.515988350E-1,8.251582384E-1
4.370642100E1,-1.170930505E0,-2.560465634E-1,6.862802505E-1
4.371646100E1,-1.024463534E0,-2.055880725E-1,5.538675785E-1
4.372650200E1,-7.815630436E-1,-1.038388088E-1,4.712815583E-1
4.373654200E1,-4.659957290E-1,-1.392909233E-2,4.124215841E-1
4.374658300E1,-1.705683321E-1,3.691180144E-3,3.158226013E-1
4.375662300E1,2.367083542E-2,-3.787408397E-2,1.758139133E-1
4.376666400E1,4.977114499E-2,-5.069240928E-2,2.291863970E-2
4.377670400E1,-5.474673584E-2,-7.126422971E-2,-1.434322000E-1
4.378674500E1,-2.529841661E-1,-1.614247561E-1,-3.015651107E-1
4.379678500E1,-4.869169295E-1,-3.360451460E-1,-4.303081632E-1
4.380682600E1,-7.312587500E-1,-5.278638601E-1,-5.464349985E-1
4.381686600E1,-9.408720732E-1,-6.429259777E-1,-6.029092669E-1
4.382690700E1,-1.085438848E0,-6.350308061E-1,-6.029899716E-1
4.383694700E1,-1.167789459E0,-5.407558680E-1,-5.864711404E-1
4.384698700E1,-1.186412692E0,-4.246571958E-1,-5.998402238E-1
4.385702800E1,-1.159596682E0,-3.489511907E-1,-6.473072767E-1
4.386706800E1,-1.103821278E0,-3.316177428E-1,-7.479875684E-1
4.387710900E1,-1.045942068E0,-3.493455052E-1,-8.595098257E-1
4.388714900E1,-9.958171248E-1,-3.327675760E-1,-9.549921751E-1
4.389719000E1,-9.421852827E-1,-2.500675321E-1,-1.028084040E0
4.390723000E1,-9.007419348E-1,-1.407812536E-1,-1.069176078E0
4.391727100E1,-8.685173988E-1,-2.439978346E-2,-1.069842696E0
4.392731100E1,-8.407547474E-1,6.012601778E-2,-1.031137109E0
4.393735200E1,-8.094757795E-1,1.048984677E-1,-9.509800673E-1
4.394739200E1,-7.767977715E-1,1.371674538E-1,-8.488236070E-1
4.395743300E1,-7.545564175E-1,1.508529633E-1,-7.026862502E-1
4.396747300E1,-7.640114427E-1,1.920382231E-1,-5.083304048E-1
4.397751400E1,-7.727052569E-1,2.792228460E-1,-2.873397171E-1
4.398755400E1,-7.306853533E-1,3.520065248E-1,-7.293049246E-2
4.399759500E1,-6.351104975E-1,3.673483729E-1,1.299622208E-1
4.400763500E1,-5.163114071E-1,3.153775930E-1,2.883111238E-1
4.401767600E1,-3.955339491E-1,2.180554569E-1,3.728719056E-1
4.402771600E1,-2.823882401E-1,1.105849147E-1,3.852750361E-1
4.403775700E1,-1.718403399E-1,2.052640915E-2,3.274274468E-1
4.404779700E1,-6.898026913E-2,-2.291287296E-3,2.418244034E-1
4.405783800E1,1.981151849E-2,4.486569017E-2,1.515080631E-1
4.406787800E1,8.052360266E-2,1.204608455E-1,5.382864177E-2
4.407791900E1,1.033270285E-1,1.928520501E-1,-8.080846164E-4
4.408795900E1,6.782363355E-2,2.363561094E-1,-1.437981986E-2
4.409800000E1,-2.744694427E-2,2.576198876E-1,-9.170587175E-3
4.410804000E1,-1.704584211E-1,2.704725564E-1,-1.610492729E-2
4.411808000E1,-3.622467220E-1,2.950241268E-1,-6.502358709E-3
4.412812100E1,-5.809636712E-1,3.052826226E-1,6.166391075E-2
4.413816100E1,-7.991722822E-1,2.849970460E-1,1.792073399E-1
4.414820200E1,-9.556884170E-1,1.831095815E-1,2.905546129E-1
4.415824200E1,-1.023994803E0,-6.201708689E-2,2.976823151E-1
4.416828300E1,-1.016210675E0,-5.039582849E-1,6.382268667E-2
4.417832300E1,-9.940098524E-1,-8.550400734E-1,-2.334267646E-1
4.418836400E1,-9.578928947E-1,-9.272916317E-1,-4.910021126E-1
4.419840400E1,-8.745319843E-1,-7.515168786E-1,-7.039054632E-1
4.420844500E1,-7.274482846E-1,-4.203988314E-1,-8.463851213E-1
4.421848500E1,-5.322183967E-1,-6.144720316E-2,-9.290465117E-1
4.422852600E1,-2.740696669E-1,1.826083511E-1,-1.024061918E0
4.423856600E1,4.307318851E-2,1.868684441E-1,-1.118634820E0
4.424860700E1,3.266361952E-1,4.246331751E-2,-1.216261506E0
4.425864700E1,4.349539578E-1,-1.308092475E-2,-1.245371938E0
4.426868800E1,4.303315282E-1,-1.023719236E-1,-1.094042659E0
4.427872800E1,3.488363922E-1,-2.447409779E-1,-8.970195651E-1
4.428876900E1,2.380824536E-1,-2.698977292E-1,-6.854314208E-1
4.429880900E1,1.347070187E-1,-2.063724548E-1,-3.468563259E-1
4.430885000E1,-1.293890178E-2,-1.449066997E-1,-9.421821684E-3
4.431889000E1,-2.227615416E-1,-7.230195403E-2,2.556016445E-1
4.432893100E1,-4.032282829E-1,-1.005000398E-1,4.555456638E-1
4.433897100E1,-4.960934818E-1,-1.838241816E-1,6.221722960E-1
4.434901200E1,-4.731889367E-1,-3.205948174E-1,7.340988517E-1
4.435905200E1,-3.732414246E-1,-4.025295079E-1,7.953001261E-1
4.436909200E1,-2.206556350E-1,-3.369851112E-1,8.512720466E-1
4.437913300E1,-3.035125136E-2,-1.950268000E-1,8.540568948E-1
4.438917300E1,1.538161933E-1,-7.564821094E-2,7.508811951E-1
4.439921400E1,3.197419047E-1,-1.291896775E-2,6.046261787E-1
4.440925400E1,4.612625539E-1,-4.279673100E-3,5.119279623E-1
4.441929500E1,5.525039434E-1,-2.893643454E-2,5.114229918E-1
4.442933500E1,6.005827785E-1,-4.463576898E-2,5.634539723E-1
4.443937600E1,6.209281683E-1,-3.465388343E-2,6.257260442E-1
4.444941600E1,6.223010421E-1,7.019450516E-2,6.859443784E-1
4.445945700E1,6.347248554E-1,2.165419608E-1,7.189850211E-1
4.446949700E1,6.379395723E-1,3.144187331E-1,7.477077246E-1
4.447953800E1,6.505411267E-1,3.327705860E-1,8.131718040E-1
4.448957800E1,6.738091707E-1,2.806714475E-1,8.881695867E-1
4.449961900E1,7.062880397E-1,1.844461709E-1,8.952150941E-1
4.450965900E1,7.510811090E-1,1.183406562E-1,8.175573349E-1
4.451970000E1,7.972257137E-1,8.601334691E-2,6.908454895E-1
4.452974000E1,8.232650161E-1,8.961340785E-2,5.444735885E-1
4.453978100E1,8.211246729E-1,1.347201765E-1,3.681971431E-1
4.454982100E1,7.613162398E-1,1.956399977E-1,1.255637258E-1
4.455986200E1,6.470654607E-1,2.691814899E-1,-1.415908933E-1
4.456990200E1,5.078063607E-1,3.255371749E-1,-3.768582642E-1
4.457994300E1,3.705565631E-1,3.094512224E-1,-5.500141978E-1
4.458998300E1,2.495025843E-1,2.139193565E-1,-6.358982325E-1
4.460002400E1,1.486641169E-1,1.133666560E-1,-6.233073473E-1
4.461006400E1,7.016903162E-2,3.922026232E-2,-5.372787118E-1
4.462010400E1,2.516890690E-2,-3.194528632E-3,-4.105150700E-1
4.463014500E1,3.755846620E-2,-1.767599955E-2,-2.756246328E-1
4.464018500E1,1.035830304E-1,-3.367463872E-2,-1.725780964E-1
4.465022600E1,1.918087602E-1,-1.487937756E-2,-1.035779938E-1
4.466026600E1,2.646058500E-1,2.898000181E-2,-8.984023333E-2
4.467030700E1,3.149228096E-1,1.394513845E-1,-1.175115407E-1
4.468034700E1,3.438724577E-1,2.267245352E-1,-1.715419739E-1
4.469038800E1,4.160382450E-1,2.194961905E-1,-1.930680424E-1
4.470042800E1,5.522342324E-1,1.226328015E-1,-1.105450913E-1
4.471046900E1,6.747982502E-1,-7.324129343E-3,1.201227382E-1
4.472050900E1,7.613228559E-1,-1.500494927E-1,3.469533622E-1
4.473055000E1,7.868085504E-1,-3.208976686E-1,4.282218516E-1
4.474059000E1,6.930027604E-1,-3.838633597E-1,4.819441736E-1
4.475063100E1,4.680351615E-1,-2.116673589E-1,5.503610373E-1
4.476067100E1,2.431943268E-1,1.785624176E-1,6.660771370E-1
4.477071200E1,5.700394511E-2,5.874822736E-1,8.126673698E-1
4.478075200E1,-2.652601898E-1,7.815875411E-1,9.967480302E-1
4.479079300E1,-7.161661386E-1,7.465952039E-1,1.150345325E0
4.480083300E1,-1.061923862E0,4.833152592E-1,1.215471148E0
4.481087400E1,-1.113394976E0,9.584183991E-2,1.198553324E0
4.482091400E1,-9.354665279E-1,-2.846099734E-1,1.007521033E0
4.483095500E1,-7.074711919E-1,-5.104122162E-1,6.730564237E-1
4.484099500E1,-4.260266423E-1,-5.545936823E-1,3.092448413E-1
4.485103500E1,-8.632687479E-2,-5.138468146E-1,2.562270686E-2
4.486107600E1,3.358937502E-1,-4.840937257E-1,-1.627757996E-1
4.487111600E1,7.993540764E-1,-4.344819784E-1,-2.516521513E-1
4.488115700E1,1.138618112E0,-3.803495765E-1,-2.882933915E-1
4.489119700E1,1.193490148E0,-3.822228611E-1,-2.858443558E-1
4.490123800E1,9.846038222E-1,-4.391870797E-1,-2.610369921E-1
4.491127800E1,6.470873356E-1,-5.307406783E-1,-3.118785918E-1
4.492131900E1,2.965672612E-1,-5.500645638E-1,-3.963754475E-1
4.493135900E1,-2.487706207E-2,-5.041956306E-1,-4.856097102E-1
4.494140000E1,-2.873529792E-1,-3.868710995E-1,-4.962034225E-1
4.495144000E1,-4.867978990E-1,-1.917697787E-1,-4.366085231E-1
4.496148100E1,-6.258404851E-1,3.553153947E-2,-3.629289865E-1
4.497152100E1,-6.797082424E-1,1.870310605E-1,-3.298546672E-1
4.498156200E1,-6.547866464E-1,2.498528212E-1,-3.686607778E-1
4.499160200E1,-6.049003005E-1,1.899972111E-1,-4.977343678E-1
4.500164300E1,-5.853878260E-1,8.368942142E-2,-6.716334224E-1
4.501168300E1,-5.935711861E-1,-1.828541048E-2,-8.386554718E-1
4.502172400E1,-6.256437898E-1,-8.735015243E-2,-9.628999829E-1
4.503176400E1,-6.850924492E-1,-1.338811815E-1,-1.006511092E0
4.504180500E1,-7.339808345E-1,-2.002473325E-1,-9.720675349E-1
4.505184500E1,-7.585561872E-1,-2.936680913E-1,-8.715710044E-1
4.506188600E1,-7.474342585E-1,-3.696725965E-1,-7.429634929E-1
4.507192600E1,-7.177857757E-1,-4.040052891E-1,-5.894048810E-1
4.508196700E1,-6.848908663E-1,-3.768836856E-1,-4.186736345E-1
4.509200700E1,-6.405247450E-1,-2.963156104E-1,-2.258045971E-1
4.510204700E1,-5.868361592E-1,-1.358812302E-1,-2.401432954E-2
4.511208800E1,-5.381287932E-1,5.344474688E-2,1.642900705E-1
4.512212800E1,-4.873451293E-1,2.137818038E-1,3.199549913E-1
4.513216900E1,-4.408697784E-1,3.281049132E-1,4.486101866E-1
4.514220900E1,-3.997851908E-1,3.911105692E-1,5.123865604E-1
4.515225000E1,-3.569543660E-1,4.206285179E-1,4.802877605E-1
4.516229000E1,-3.025484681E-1,4.412315190E-1,3.811710775E-1
4.517233100E1,-2.302968949E-1,4.485775828E-1,2.788985074E-1
4.518237100E1,-1.548642367E-1,4.169506133E-1,1.995786875E-1
4.519241200E1,-9.405308217E-2,3.448327184E-1,1.465447545E-1
4.520245200E1,-7.701691985E-2,2.386759371E-1,1.052232236E-1
4.521249300E1,-9.852167964E-2,1.137033850E-1,6.112154946E-2
4.522253300E1,-1.426730752E-1,2.884519659E-2,1.230896730E-2
4.523257400E1,-1.886118054E-1,3.334114328E-2,-1.293487009E-2
4.524261400E1,-2.344385982E-1,1.399552226E-1,9.759806097E-3
4.525265500E1,-3.074824214E-1,2.488236427E-1,6.491680443E-2
4.526269500E1,-3.891715705E-1,2.836433053E-1,9.069307894E-2
4.527273600E1,-4.193987250E-1,1.144678891E-1,1.572855562E-2
4.528277600E1,-3.947187960E-1,-3.205958307E-1,-1.840564460E-1
4.529281700E1,-4.034550190E-1,-7.761555910E-1,-4.556152523E-1
4.530285700E1,-4.578313231E-1,-8.997794390E-1,-6.587201953E-1
4.531289800E1,-4.828400016E-1,-8.085360527E-1,-7.988815904E-1
4.532293800E1,-3.942469656E-1,-5.886980891E-1,-8.623668551E-1
4.533297800E1,-2.775261998E-1,-3.555799425E-1,-9.113117456E-1
4.534301900E1,-1.545742601E-1,-1.092076525E-1,-9.695363045E-1
4.535305887E1,4.960922524E-2,1.058644354E-1,-1.060936689E0
4.536309987E1,2.526935935E-1,2.421036661E-1,-1.189588666E0
4.537313988E1,3.647676706E-1,2.754453719E-1,-1.317233682E0
4.538318088E1,3.719125092E-1,1.763649881E-1,-1.352882147E0
4.539322088E1,2.881209552E-1,3.913948312E-2,-1.237393022E0
4.540326188E1,2.066278756E-1,-2.339018136E-2,-9.947036505E-1
4.541330187E1,1.626971662E-1,-4.361502454E-2,-6.164852381E-1
4.542334288E1,1.132095754E-1,-3.895854577E-2,-2.284625471E-1
4.543338287E1,5.232780240E-3,-3.329799697E-2,7.302886993E-2
4.544342387E1,-1.113848239E-1,-1.242292225E-1,3.011448681E-1
4.545346387E1,-1.920911223E-1,-2.511408329E-1,4.843375981E-1
4.546350487E1,-2.043875903E-1,-3.685880005E-1,6.172892451E-1
4.547354487E1,-1.533505172E-1,-4.125812948E-1,7.364678383E-1
4.548358587E1,-4.126741365E-2,-3.625786304E-1,8.351178169E-1
4.549362588E1,1.094454005E-1,-3.090911806E-1,8.175764084E-1
4.550366688E1,2.716462910E-1,-2.799412608E-1,7.384659648E-1
4.551370688E1,4.329148233E-1,-2.742775083E-1,6.794021130E-1
4.552374788E1,5.893422961E-1,-2.925970852E-1,6.731884480E-1
4.553378787E1,7.481486797E-1,-2.639105916E-1,6.945539117E-1
4.554382888E1,9.067782164E-1,-1.577560604E-1,7.085847855E-1
4.555386887E1,1.046257496E0,2.194154449E-2,7.180467248E-1
4.556390887E1,1.153831720E0,2.052980065E-1,7.264172435E-1
4.557394987E1,1.222365022E0,3.492280245E-1,7.344123125E-1
4.558398988E1,1.225015640E0,4.558485150E-1,7.363868952E-1
4.559403087E1,1.179837823E0,5.238036513E-1,7.226255536E-1
4.560407088E1,1.122005820E0,5.636855960E-1,7.168309093E-1
4.561411188E1,1.077554941E0,5.830888152E-1,6.934544444E-1
4.562415188E1,1.066380143E0,5.920144916E-1,6.355612278E-1
4.563419288E1,1.083646774E0,5.431729555E-1,5.553183556E-1
4.564423287E1,1.110413551E0,4.429484010E-1,4.631803334E-1
4.565427387E1,1.102661967E0,3.783827126E-1,3.164926171E-1
4.566431387E1,1.051225305E0,3.674160242E-1,1.165974736E-1
4.567435487E1,9.417557120E-1,3.535958230E-1,-1.115105301E-1
4.568439487E1,7.655533552E-1,3.087129593E-1,-3.754158616E-1
4.569443587E1,5.465850830E-1,2.335076928E-1,-5.974039435E-1
4.570447588E1,3.171727955E-1,1.435523331E-1,-6.902840137E-1
4.571451687E1,1.041279212E-1,7.757624984E-2,-6.765810251E-1
4.572455688E1,-9.024627507E-2,-1.140983589E-2,-5.756004453E-1
4.573459788E1,-2.570352554E-1,-1.066034660E-1,-4.300070107E-1
4.574463788E1,-3.772478998E-1,-1.734786928E-1,-2.932910919E-1
4.575467888E1,-4.457491934E-1,-2.528661788E-1,-1.984793693E-1
4.576471887E1,-4.599244595E-1,-3.358273208E-1,-1.630053967E-1
4.577475987E1,-4.310067892E-1,-3.401024938E-1,-1.776799411E-1
4.578479987E1,-3.755476475E-1,-2.189138830E-1,-2.291244715E-1
4.579483987E1,-3.263476193E-1,8.813295513E-3,-3.141064644E-1
4.580488087E1,-2.854046822E-1,3.277961910E-1,-3.969340324E-1
4.581492088E1,-2.348299176E-1,6.668293476E-1,-4.256777763E-1
4.582496188E1,-1.602118611E-1,9.154074788E-1,-3.714086413E-1
4.583500188E1,-3.498097137E-2,9.125874639E-1,-2.020550370E-1
4.584504288E1,1.415328532E-1,3.476952016E-1,5.118309706E-2
4.585508288E1,2.323610187E-1,-1.039542481E-1,1.794673055E-1
4.586512388E1,3.402395844E-1,-3.522736430E-1,2.524714470E-1
4.587516387E1,4.662486613E-1,-5.244057178E-1,3.097227812E-1
4.588520487E1,5.366314650E-1,-5.797656775E-1,2.890025079E-1
4.589524487E1,5.273141265E-1,-4.352622926E-1,2.480132580E-1
4.590528587E1,5.308099389E-1,-8.625360578E-2,3.437829614E-1
4.591532587E1,4.634327590E-1,2.781496644E-1,5.450028777E-1
4.592536687E1,1.306957901E-1,4.158978462E-1,8.152219057E-1
4.593540688E1,-3.873684108E-1,4.053786397E-1,1.011247396E0
4.594544788E1,-8.050079942E-1,3.031134605E-1,1.131974220E0
4.595548788E1,-9.719818234E-1,7.944068313E-2,1.127697110E0
4.596552888E1,-9.631832242E-1,-2.732796371E-1,9.855914712E-1
4.597556888E1,-8.169519901E-1,-5.544586182E-1,6.477652788E-1
4.598560988E1,-5.876580477E-1,-6.797854900E-1,2.435333431E-1
4.599564987E1,-3.113998771E-1,-6.863006353E-1,-4.119931906E-2
4.600569087E1,1.515386999E-2,-6.437618136E-1,-1.995181441E-1
4.601573087E1,3.464854360E-1,-5.597338080E-1,-3.138662875E-1
4.602577087E1,5.441783071E-1,-4.605667591E-1,-3.785371780E-1
4.603581187E1,5.083199143E-1,-4.058329165E-1,-4.013029337E-1
4.604585188E1,2.951065600E-1,-5.100310445E-1,-4.888145924E-1
4.605589288E1,6.337083876E-3,-6.540009975E-1,-6.309211254E-1
4.606593288E1,-3.089035749E-1,-7.085238099E-1,-7.897002697E-1
4.607597388E1,-6.040667892E-1,-6.116303205E-1,-8.277608752E-1
4.608601387E1,-8.315533400E-1,-4.085076153E-1,-7.373474240E-1
4.609605488E1,-1.012764096E0,-1.626762748E-1,-6.130793095E-1
4.610609487E1,-1.168353081E0,-6.100603379E-3,-5.151864886E-1
4.611613587E1,-1.276979208E0,4.951871559E-2,-4.581742883E-1
4.612617587E1,-1.363079309E0,2.682827227E-2,-4.719099104E-1
4.613621687E1,-1.455585241E0,-3.281588480E-2,-5.375874639E-1
4.614625687E1,-1.548467875E0,-1.314740330E-1,-6.367800832E-1
4.615629787E1,-1.627444506E0,-2.098844200E-1,-7.341396809E-1
4.616633788E1,-1.677921414E0,-2.456142455E-1,-8.148114681E-1
4.617637888E1,-1.703432918E0,-2.442959845E-1,-8.813111186E-1
4.618641888E1,-1.704359174E0,-2.282795012E-1,-9.067460299E-1
4.619645988E1,-1.671439528E0,-1.585938931E-1,-8.764235377E-1
4.620649987E1,-1.617579341E0,-7.614939660E-2,-8.135719299E-1
4.621654088E1,-1.590712547E0,1.737949252E-2,-7.373970151E-1
4.622658087E1,-1.602073669E0,1.348139793E-1,-6.499592662E-1
4.623662187E1,-1.654504895E0,2.620187998E-1,-5.447173119E-1
4.624666187E1,-1.742939711E0,3.677937090E-1,-4.420354068E-1
4.625670287E1,-1.841735721E0,4.373742342E-1,-3.552491069E-1
4.626674287E1,-1.929530859E0,4.493176937E-1,-2.801795006E-1
4.627678288E1,-1.998223424E0,3.840382695E-1,-2.134768963E-1
4.628682388E1,-2.042843580E0,2.658889592E-1,-1.616584212E-1
4.629686388E1,-2.051349401E0,1.184249520E-1,-1.385144889E-1
4.630690488E1,-2.030944347E0,-2.313002571E-2,-1.574404836E-1
4.631694487E1,-1.995846272E0,-1.375058740E-1,-2.018457651E-1
4.632698587E1,-1.976084828E0,-1.983062327E-1,-2.716557682E-1
4.633702587E1,-1.981121898E0,-2.041936815E-1,-3.351577818E-1
4.634706679E1,-2.025773287E0,-1.667086333E-1,-3.702214360E-1
4.635710679E1,-2.099729300E0,-1.451522112E-1,-3.520762622E-1
4.636714779E1,-2.194256783E0,-1.684652567E-1,-2.952478826E-1
4.637718779E1,-2.290314436E0,-2.005403638E-1,-2.344628125E-1
4.638722879E1,-2.315731049E0,-1.962459385E-1,-1.836780608E-1
4.639726879E1,-2.264439583E0,-6.450203061E-2,-1.756933779E-1
4.640730979E1,-2.258581400E0,1.840435714E-1,-2.532961369E-1
4.641734979E1,-2.303956270E0,4.412018359E-1,-3.894092143E-1
4.642739079E1,-2.323570728E0,5.045339465E-1,-4.959158003E-1
4.643743079E1,-2.273872614E0,3.196532726E-1,-5.136442184E-1
4.644747179E1,-2.186728001E0,1.032447144E-1,-4.918650091E-1
4.645751179E1,-2.082392693E0,-7.613649219E-2,-4.620738328E-1
4.646755279E1,-1.990808368E0,-2.762619853E-1,-4.574678838E-1
4.647759279E1,-1.937649012E0,-4.504039586E-1,-4.788317680E-1
4.648763379E1,-1.945295572E0,-5.223845840E-1,-5.140708089E-1
4.649767379E1,-1.990483284E0,-5.226849914E-1,-5.295194983E-1
4.650771479E1,-2.028117657E0,-4.662493169E-1,-5.289105177E-1
4.651775479E1,-2.044702291E0,-3.858972192E-1,-5.077666640E-1
4.652779479E1,-2.063877344E0,-2.727080882E-1,-4.954200387E-1
4.653783579E1,-2.097180605E0,-1.461477578E-1,-5.040124059E-1
4.654787579E1,-2.128929377E0,-6.198542565E-2,-5.477265716E-1
4.655791679E1,-2.121432304E0,2.013021335E-2,-6.310499310E-1
4.656795679E1,-2.055283546E0,9.697017819E-2,-7.046273947E-1
4.657799779E1,-1.982712984E0,1.042762995E-1,-7.345607877E-1
4.658803779E1,-1.946085334E0,5.833189189E-2,-7.548344731E-1
4.659807879E1,-1.938735485E0,5.635156482E-2,-7.727351785E-1
4.660811879E1,-1.930115938E0,7.769642770E-2,-7.617791891E-1
4.661815979E1,-1.903226018E0,1.088639349E-1,-6.814923286E-1
4.662819979E1,-1.846365452E0,7.445465773E-2,-5.260983109E-1
4.663824079E1,-1.780092716E0,-1.426775195E-2,-3.075151145E-1
4.664828079E1,-1.699211240E0,-1.255500615E-1,-9.027971327E-2
4.665832179E1,-1.623441696E0,-2.358933389E-1,9.408000857E-2
4.666836179E1,-1.569313288E0,-3.098825216E-1,2.545857430E-1
4.667840279E1,-1.551758528E0,-3.520685732E-1,3.887078464E-1
4.668844279E1,-1.566446662E0,-3.346399367E-1,5.125813484E-1
4.669848379E1,-1.606400728E0,-2.237482965E-1,6.670880914E-1
4.670852379E1,-1.627969384E0,-1.448032558E-1,7.390864491E-1
4.671856479E1,-1.614044547E0,-1.119867191E-1,6.875079274E-1
4.672860479E1,-1.551046729E0,-6.033977866E-2,5.795817375E-1
4.673864579E1,-1.452427745E0,5.015255418E-3,4.530003667E-1
4.674868579E1,-1.343692660E0,6.526283175E-2,3.410159349E-1
4.675872579E1,-1.243925571E0,1.473169625E-1,2.899764478E-1
4.676876679E1,-1.154519081E0,2.262179255E-1,2.455421835E-1
4.677880679E1,-1.084646225E0,2.749316692E-1,1.950129569E-1
4.678884779E1,-1.019391656E0,2.957245409E-1,1.367128789E-1
4.679888779E1,-9.620838761E-1,3.219116628E-1,7.953003049E-2
4.680892879E1,-9.136481881E-1,3.524410725E-1,2.512954548E-2
4.681896879E1,-8.707504869E-1,3.843414783E-1,-1.461520512E-2
4.682900979E1,-8.339147568E-1,3.865614533E-1,-5.247554928E-2
4.683904979E1,-8.070594668E-1,3.675885499E-1,-8.101371676E-2
4.684909079E1,-7.944552302E-1,3.272612989E-1,-1.018395796E-1
4.685913079E1,-7.962635159E-1,2.364219278E-1,-1.398665905E-1
4.686917179E1,-8.003241420E-1,1.186363697E-1,-1.791296601E-1
4.687921179E1,-7.957930565E-1,2.191809472E-4,-2.018490732E-1
4.688925279E1,-7.796589136E-1,-1.346624494E-1,-2.190057039E-1
4.689929279E1,-7.482905984E-1,-2.663954496E-1,-2.520097196E-1
4.690933379E1,-6.972633600E-1,-3.643069863E-1,-2.896109521E-1
4.691937379E1,-6.415500045E-1,-4.028916657E-1,-3.291993737E-1
4.692941479E1,-5.756831765E-1,-4.049816430E-1,-3.753956556E-1
4.693945479E1,-4.973084927E-1,-3.636032939E-1,-4.154666662E-1
4.694949579E1,-3.967800736E-1,-2.936574519E-1,-4.473110139E-1
4.695953579E1,-2.794387937E-1,-1.995828599E-1,-4.731447399E-1
4.696957679E1,-1.487559229E-1,-9.395771474E-2,-4.823336005E-1
4.697961679E1,-2.830061503E-2,2.595750988E-2,-4.705174267E-1
4.698965679E1,8.577602357E-2,1.784624755E-1,-4.280770123E-1
4.699969779E1,2.066286653E-1,3.451744914E-1,-3.635899127E-1
4.700973779E1,3.460711837E-1,5.038503408E-1,-2.823800743E-1
4.701977879E1,4.928480983E-1,6.599853039E-1,-1.773383319E-1
4.702981879E1,6.142229438E-1,7.813008428E-1,-7.680500299E-2
4.703985979E1,6.840637922E-1,8.636340499E-1,-1.128616044E-3
4.704989979E1,6.886284947E-1,8.931059837E-1,9.128178656E-2
4.705994079E1,6.651447415E-1,8.261495829E-1,2.087969631E-1
4.706998079E1,6.441918612E-1,6.655644178E-1,3.043884933E-1
4.708002179E1,6.108882427E-1,4.566807151E-1,3.715597987E-1
4.709006179E1,5.723808408E-1,1.679684073E-1,4.074300230E-1
4.710010279E1,5.209653378E-1,-1.157251000E-1,4.549437463E-1
4.711014279E1,4.133511782E-1,-2.561913133E-1,5.406665206E-1
4.712018379E1,2.444580346E-1,-2.596217394E-1,6.466051936E-1
4.713022379E1,7.140915841E-2,-1.911426783E-1,7.244496346E-1
4.714026479E1,-9.154034406E-2,-1.202996671E-1,7.344285250E-1
4.715030479E1,-2.401470393E-1,-9.248667210E-2,6.705417037E-1
4.716034579E1,-3.446151018E-1,-7.073929906E-2,5.566949844E-1
4.717038579E1,-4.435296357E-1,-3.601812571E-2,4.000384212E-1
4.718042679E1,-5.412319899E-1,-1.500258874E-2,2.267553508E-1
4.719046679E1,-6.204488873E-1,-3.422337770E-2,7.035253197E-2
4.720050779E1,-6.904322505E-1,-8.901897818E-2,-4.407098517E-2
4.721054779E1,-7.207720280E-1,-1.327438205E-1,-1.127416566E-1
4.722058879E1,-6.699546576E-1,-1.408558041E-1,-1.348083317E-1
4.723062879E1,-5.333474874E-1,-1.729320586E-1,-1.208257601E-1
4.724066879E1,-3.482852578E-1,-2.032353729E-1,-1.099707186E-1
4.725070979E1,-1.830440015E-1,-2.305349112E-1,-1.141149402E-1
4.726074979E1,-8.383300155E-2,-3.158556521E-1,-1.493093967E-1
4.727079079E1,-9.607809037E-2,-4.705314040E-1,-2.274718881E-1
4.728083079E1,-2.160729468E-1,-6.320920587E-1,-3.087280989E-1
4.729087179E1,-4.010384381E-1,-8.018912673E-1,-4.051279426E-1
4.730091179E1,-5.945293903E-1,-8.370388746E-1,-4.727852941E-1
4.731095279E1,-7.286309004E-1,-7.126805186E-1,-5.112907887E-1
4.732099279E1,-7.996526361E-1,-5.000894070E-1,-5.408135056E-1
4.733103379E1,-8.246344328E-1,-2.812916040E-1,-5.943967104E-1
4.734107379E1,-8.302220106E-1,-1.351892501E-1,-6.571929455E-1
4.735111512E1,-8.269637823E-1,-7.733130455E-2,-7.457070947E-1
4.736115512E1,-8.305824995E-1,-6.925846636E-2,-8.550029993E-1
4.737119612E1,-8.281934857E-1,-8.329456300E-2,-9.488481283E-1
4.738123612E1,-8.246919513E-1,-1.029875726E-1,-9.983978271E-1
4.739127712E1,-8.198752403E-1,-1.094600335E-1,-9.919320345E-1
4.740131713E1,-8.249033093E-1,-1.188255772E-1,-9.629712105E-1
4.741135813E1,-8.260735273E-1,-1.690109968E-1,-9.045547843E-1
4.742139813E1,-8.075754642E-1,-2.589187920E-1,-8.344414830E-1
4.743143913E1,-7.756064534E-1,-3.097553849E-1,-7.251737714E-1
4.744147913E1,-7.294764519E-1,-3.136760890E-1,-5.533996224E-1
4.745152013E1,-6.873928905E-1,-2.877661288E-1,-3.881492317E-1
4.746156012E1,-6.563694477E-1,-2.264591157E-1,-2.265646011E-1
4.747160112E1,-6.373581290E-1,-1.416165978E-1,-8.512773365E-2
4.748164112E1,-6.158288717E-1,-7.037225366E-2,1.847748458E-2
4.749168112E1,-5.858116746E-1,3.647259437E-3,8.814904094E-2
4.750172212E1,-5.478293896E-1,7.306281477E-2,1.229312569E-1
4.751176213E1,-4.937415123E-1,1.138930321E-1,1.227756217E-1
4.752180313E1,-4.245656431E-1,1.200864762E-1,1.008897647E-1
4.753184313E1,-3.349732757E-1,1.227935329E-1,7.824107260E-2
4.754188413E1,-2.467054725E-1,1.453744769E-1,4.949677736E-2
4.755192413E1,-1.792598963E-1,1.891780496E-1,2.380742878E-2
4.756196513E1,-1.466668099E-1,2.489486933E-1,3.045521304E-2
4.757200512E1,-1.203780994E-1,3.118371964E-1,7.848680764E-2
4.758204612E1,-1.082505956E-1,3.682874441E-1,1.358142793E-1
4.759208612E1,-1.395980865E-1,4.063997567E-1,1.854105443E-1
4.760212712E1,-2.326103151E-1,4.168973863E-1,2.069086581E-1
4.761216712E1,-3.770441711E-1,4.460591376E-1,2.267249227E-1
4.762220812E1,-5.108331442E-1,4.532603025E-1,2.926213741E-1
4.763224813E1,-5.869428515E-1,3.500200510E-1,3.597410321E-1
4.764228913E1,-6.062209606E-1,9.794522077E-2,3.397923708E-1
4.765232913E1,-5.940477848E-1,-2.494235784E-1,2.072520852E-1
4.766237013E1,-5.423198938E-1,-5.925045013E-1,-1.680311933E-2
4.767241013E1,-4.805641472E-1,-7.916080356E-1,-2.854470909E-1
4.768245113E1,-3.990064561E-1,-7.717624307E-1,-5.144566298E-1
4.769249112E1,-2.952002585E-1,-5.288405418E-1,-6.560177207E-1
4.770253212E1,-1.802158952E-1,-1.683569402E-1,-7.319644094E-1
4.771257212E1,-6.006308645E-2,9.910099953E-2,-7.543075681E-1
4.772261312E1,6.411771476E-2,8.446905762E-2,-8.489546776E-1
4.773265312E1,1.250505745E-1,1.406676508E-2,-9.883555174E-1
4.774269313E1,1.084015518E-1,-9.195048362E-2,-1.035572052E0
4.775273413E1,6.602782011E-2,-2.485936582E-1,-9.883813858E-1
4.776277413E1,3.676500916E-2,-2.997425795E-1,-9.167308807E-1
4.777281513E1,3.108166531E-2,-2.121277303E-1,-6.728728414E-1
4.778285512E1,5.216779187E-3,-1.275265515E-1,-3.014833629E-1
4.779289612E1,-1.055980399E-1,-1.073362604E-1,2.490077168E-2
4.780293612E1,-2.709334791E-1,-1.535812467E-1,2.660382986E-1
4.781297712E1,-4.190497100E-1,-2.173538804E-1,4.436172843E-1
4.782301712E1,-4.860092998E-1,-2.581425905E-1,5.772461891E-1
4.783305812E1,-4.639734328E-1,-2.785488367E-1,6.793719530E-1
4.784309813E1,-3.829803169E-1,-2.568318248E-1,7.886435986E-1
4.785313912E1,-2.608410716E-1,-1.466152072E-1,8.824447989E-1
4.786317913E1,-1.223193929E-1,-2.147833444E-2,8.897399902E-1
4.787322013E1,2.957176603E-2,2.936965786E-2,8.129549026E-1
4.788326013E1,1.637905538E-1,2.932198718E-2,7.196385264E-1
4.789330113E1,2.655261457E-1,3.488182276E-2,6.663094759E-1
4.790334112E1,3.576678038E-1,3.067003004E-2,6.480942369E-1
4.791338212E1,4.300199151E-1,4.722978547E-2,6.459340453E-1
4.792342212E1,5.011521578E-1,1.074252203E-1,6.577467322E-1
4.793346312E1,5.595501065E-1,1.838917285E-1,7.075682282E-1
4.794350312E1,5.920928717E-1,2.597548068E-1,7.466440201E-1
4.795354412E1,6.257419586E-1,2.506687641E-1,7.609425783E-1
4.796358413E1,6.591028571E-1,1.378567219E-1,8.251795769E-1
4.797362512E1,7.004253268E-1,-3.096607327E-2,8.638471961E-1
4.798366513E1,7.269208431E-1,-1.326833814E-1,8.143779635E-1
4.799370513E1,7.399896979E-1,-1.560199857E-1,6.943051219E-1
4.800374613E1,7.385465503E-1,-9.885416180E-2,5.418133140E-1
4.801378612E1,7.243660092E-1,-2.010796219E-3,3.623668849E-1
4.802382712E1,6.875094771E-1,1.234584451E-1,1.621152759E-1
4.803386712E1,6.348692179E-1,2.302485704E-1,-3.837060183E-2
4.804390812E1,5.667966604E-1,2.684327066E-1,-2.347297221E-1
4.805394812E1,4.845803380E-1,2.378571928E-1,-4.073034227E-1
4.806398912E1,3.948288560E-1,1.592726260E-1,-5.475931764E-1
4.807402913E1,2.974880636E-1,9.714489430E-2,-6.355071068E-1
4.808407013E1,1.978325695E-1,5.349808186E-2,-6.480290294E-1
4.809411013E1,1.244762838E-1,3.847638145E-2,-5.783098936E-1
4.810415113E1,6.924258918E-2,8.736748993E-2,-4.394364357E-1
4.811419113E1,2.363609150E-2,2.101976871E-1,-2.887821794E-1
4.812423213E1,1.293817163E-2,3.529875875E-1,-1.906196624E-1
4.813427212E1,7.059726864E-2,4.073703289E-1,-1.277053207E-1
4.814431312E1,1.855094880E-1,3.979168832E-1,-8.930680156E-2
4.815435312E1,2.907975018E-1,2.838961780E-1,-9.092067927E-2
4.816439412E1,3.321912885E-1,4.758537561E-2,-6.310156733E-2
4.817443412E1,3.194375336E-1,-2.779103518E-1,7.658857852E-2
4.818447512E1,3.050553799E-1,-5.051424503E-1,3.268511593E-1
4.819451513E1,3.300520182E-1,-6.071872115E-1,5.031095147E-1
4.820455613E1,3.585878015E-1,-5.348807573E-1,6.097150445E-1
4.821459613E1,3.243003786E-1,-2.904380262E-1,6.920239925E-1
4.822463713E1,2.568805814E-1,6.009814888E-2,7.502659559E-1
4.823467713E1,1.661737859E-1,4.453912675E-1,8.762838840E-1
4.824471712E1,-8.347758651E-2,6.458340883E-1,9.770741463E-1
4.825475812E1,-4.839787483E-1,6.410585046E-1,1.075714707E0
4.826479812E1,-8.017410040E-1,5.051465034E-1,1.165405273E0
4.827483912E1,-8.530281782E-1,2.213767618E-1,1.112406850E0
4.828487912E1,-6.973320246E-1,-1.979584545E-1,9.089956284E-1
4.829492012E1,-4.312099218E-1,-4.823177457E-1,6.791911721E-1
4.830496013E1,-1.297123879E-1,-5.478224158E-1,4.173843563E-1
4.831500113E1,1.947088689E-1,-5.326362252E-1,1.492103487E-1
4.832504113E1,5.317132473E-1,-4.979869127E-1,-2.383973263E-2
4.833508213E1,7.752687335E-1,-4.650991857E-1,-9.873241186E-2
4.834512212E1,7.998433709E-1,-4.665042758E-1,-1.491250098E-1
4.835516225E1,5.995113254E-1,-5.544664264E-1,-2.574338317E-1
4.836520225E1,2.716210485E-1,-6.716284752E-1,-4.043716192E-1
4.837524325E1,-6.934458017E-2,-7.395815253E-1,-5.545480251E-1
4.838528325E1,-3.559792638E-1,-7.031475902E-1,-6.663491130E-1
4.839532425E1,-5.457702875E-1,-5.859824419E-1,-6.908956170E-1
4.840536425E1,-6.679326892E-1,-4.057663083E-1,-6.714103222E-1
4.841540525E1,-7.380538583E-1,-2.080007643E-1,-6.633520722E-1
4.842544525E1,-7.556487918E-1,-6.952836365E-2,-6.981495023E-1
4.843548625E1,-7.147647142E-1,-2.478089882E-3,-7.439310551E-1
4.844552625E1,-6.685644388E-1,3.193927184E-2,-8.151575327E-1
4.845556725E1,-6.267994046E-1,2.510440722E-2,-8.963304758E-1
4.846560725E1,-5.920880437E-1,5.225508939E-3,-9.363745451E-1
4.847564825E1,-5.777459145E-1,-3.245211020E-2,-9.298048019E-1
4.848568825E1,-5.993486643E-1,-9.001526982E-2,-8.904798031E-1
4.849572925E1,-6.476411223E-1,-1.980879456E-1,-8.268216848E-1
4.850576925E1,-7.082943320E-1,-3.212985694E-1,-7.424657941E-1
4.851580925E1,-7.552469969E-1,-3.970153630E-1,-6.134158373E-1
4.852585025E1,-7.593317628E-1,-3.834817111E-1,-4.291751087E-1
4.853589025E1,-7.347952724E-1,-2.954390347E-1,-2.151884735E-1
4.854593125E1,-6.845344901E-1,-1.519947946E-1,-1.452141069E-2
4.855597125E1,-6.299923062E-1,3.100936674E-2,1.752205044E-1
4.856601225E1,-5.766156316E-1,2.228672206E-1,3.318212926E-1
4.857605225E1,-5.243706703E-1,3.696795702E-1,4.452794790E-1
4.858609325E1,-4.749333858E-1,4.479903579E-1,5.124456882E-1
4.859613325E1,-4.219594300E-1,4.582407176E-1,5.288723707E-1
4.860617425E1,-3.660841882E-1,4.458559752E-1,4.785468280E-1
4.861621425E1,-3.175255954E-1,4.384907186E-1,3.743568063E-1
4.862625525E1,-2.696526051E-1,4.564119279E-1,2.499354929E-1
4.863629525E1,-2.318231612E-1,4.920907319E-1,1.452390254E-1
4.864633625E1,-2.152532339E-1,4.967459440E-1,7.488709688E-2
4.865637625E1,-2.236523181E-1,4.725108743E-1,2.093513310E-2
4.866641725E1,-2.343590260E-1,4.461881816E-1,-2.121391706E-2
4.867645725E1,-2.640594542E-1,4.401596785E-1,-5.024726689E-2
4.868649825E1,-3.201863766E-1,4.152894914E-1,-2.583540045E-2
4.869653825E1,-3.908925354E-1,3.115150332E-1,7.115132362E-2
4.870657925E1,-4.705122709E-1,9.426261485E-2,1.785523593E-1
4.871661925E1,-5.165408254E-1,-2.360630333E-1,1.555595398E-1
4.872666025E1,-4.933041930E-1,-6.434380412E-1,-8.418594301E-2
4.873670025E1,-4.554020762E-1,-8.369363546E-1,-3.355006874E-1
4.874674125E1,-4.168309867E-1,-7.491982579E-1,-5.345690846E-1
4.875678125E1,-3.351052999E-1,-5.138300657E-1,-6.636703014E-1
4.876682125E1,-2.045808434E-1,-2.128944546E-1,-7.248561382E-1
4.877686225E1,-5.152162164E-2,6.064780056E-2,-7.898582220E-1
4.878690225E1,1.135834381E-1,2.156387120E-1,-8.652286530E-1
4.879694325E1,3.061012328E-1,1.520283967E-1,-9.626759291E-1
4.880698325E1,4.645723701E-1,3.486128151E-2,-1.135123372E0
4.881702425E1,5.541705489E-1,-7.683431357E-2,-1.189954281E0
4.882706425E1,5.580390096E-1,-1.969511360E-1,-1.067063212E0
4.883710525E1,5.058504939E-1,-2.518548369E-1,-8.974856138E-1
4.884714525E1,4.339875281E-1,-2.180620134E-1,-6.230841279E-1
4.885718625E1,3.167592883E-1,-1.811043173E-1,-2.866139412E-1
4.886722625E1,1.240007505E-1,-1.039954275E-1,-2.144937962E-2
4.887726725E1,-7.770056278E-2,-3.094038181E-2,1.802883297E-1
4.888730725E1,-2.220636010E-1,-1.951994747E-2,3.674611449E-1
4.889734825E1,-2.670178711E-1,-8.899950236E-2,5.638709664E-1
4.890738825E1,-2.179315686E-1,-1.805725545E-1,7.091383934E-1
4.891742925E1,-1.011919752E-1,-2.172320187E-1,7.766320109E-1
4.892746925E1,6.123448163E-2,-1.787306964E-1,7.554351091E-1
4.893751025E1,2.225074619E-1,-1.213240698E-1,6.722119451E-1
4.894755025E1,3.679373562E-1,-8.656769246E-2,5.581626296E-1
4.895759125E1,4.925658703E-1,-8.997350186E-2,4.782094061E-1
4.896763125E1,5.840707421E-1,-1.238821968E-1,4.596346617E-1
4.897767225E1,6.369673014E-1,-1.345548481E-1,4.834933579E-1
4.898771225E1,6.674098969E-1,-9.777366370E-2,5.417960882E-1
4.899775325E1,6.888386011E-1,-3.986551613E-2,6.080773473E-1
4.900779325E1,7.225731015E-1,3.785404563E-2,6.628034115E-1
4.901783425E1,7.538200617E-1,1.157960743E-1,7.269760966E-1
4.902787425E1,7.719873190E-1,1.451092064E-1,7.890661359E-1
4.903791425E1,7.884305120E-1,1.077875346E-1,8.186869025E-1
4.904795525E1,8.015191555E-1,5.271043256E-2,7.988141775E-1
4.905799525E1,8.003183007E-1,2.073975280E-2,7.456526756E-1
4.906803625E1,7.866376042E-1,4.371644184E-2,6.377876997E-1
4.907807625E1,7.732035518E-1,1.123801917E-1,4.979571402E-1
4.908811725E1,7.623202801E-1,2.084284276E-1,3.324283659E-1
4.909815725E1,7.515640855E-1,2.932605147E-1,1.461261362E-1
4.910819825E1,7.324532270E-1,3.603513837E-1,-6.670916826E-2
4.911823825E1,7.040982246E-1,3.884331584E-1,-3.010499179E-1
4.912827925E1,6.598567367E-1,3.846881986E-1,-5.029399395E-1
4.913831925E1,5.965093970E-1,3.292160630E-1,-6.293516159E-1
4.914836025E1,5.132712126E-1,2.623144984E-1,-6.851413846E-1
4.915840025E1,4.134969413E-1,2.051366121E-1,-6.620900035E-1
4.916844125E1,3.233638704E-1,1.965585798E-1,-5.673688054E-1
4.917848125E1,2.644522190E-1,2.200811952E-1,-4.212966561E-1
4.918852225E1,2.264920771E-1,2.173152268E-1,-2.895428836E-1
4.919856225E1,1.787878722E-1,2.363305241E-1,-1.883681417E-1
4.920860325E1,1.513551772E-1,2.652351260E-1,-1.089761108E-1
4.921864325E1,1.604043096E-1,2.262488008E-1,-3.798973933E-2
4.922868425E1,2.026862502E-1,1.229887232E-1,1.448305603E-2
4.923872425E1,2.873666286E-1,1.067618607E-3,8.080647886E-2
4.924876525E1,3.598730564E-1,-1.749399006E-1,1.755798608E-1
4.925880525E1,3.688202798E-1,-3.577810526E-1,3.050765991E-1
4.926884625E1,3.580336869E-1,-4.903114140E-1,3.964800239E-1
4.927888625E1,3.172301352E-1,-5.097675323E-1,4.422901273E-1
4.928892625E1,1.789425462E-1,-3.522202671E-1,5.029814243E-1
4.929896725E1,-1.683890261E-2,-7.948529720E-2,5.982407928E-1
4.930900725E1,-1.540827751E-1,3.209145665E-1,7.360290289E-1
4.931904825E1,-2.345753163E-1,6.420508027E-1,9.000577331E-1
4.932908825E1,-3.460871875E-1,5.997862220E-1,1.024999976E0
4.933912925E1,-5.335443020E-1,3.924154937E-1,1.046449423E0
4.934916925E1,-6.610764265E-1,8.456526697E-2,9.764918685E-1
4.935921113E1,-6.594334245E-1,-2.326996028E-1,8.480383754E-1
4.936925112E1,-6.111133099E-1,-3.702140749E-1,7.078256011E-1
4.937929212E1,-5.089322925E-1,-3.847545981E-1,5.254122615E-1
4.938933212E1,-3.220755756E-1,-2.941599786E-1,3.666495085E-1
4.939937312E1,-1.037454829E-1,-1.653578430E-1,1.995421797E-1
4.940941312E1,1.005474702E-1,-1.085765809E-1,7.272166014E-2
4.941945412E1,1.935350597E-1,-1.828525662E-1,-7.230768912E-3
4.942949413E1,1.453089416E-1,-3.850088716E-1,-1.379477680E-1
4.943953513E1,-4.365654662E-3,-5.924727321E-1,-3.047136664E-1
4.944957513E1,-2.414740622E-1,-7.373441458E-1,-4.954575002E-1
4.945961613E1,-5.177698731E-1,-8.335266113E-1,-6.985517740E-1
4.946965613E1,-7.577677965E-1,-8.153894544E-1,-8.046659827E-1
4.947969713E1,-9.293771386E-1,-6.877135634E-1,-8.270733953E-1
4.948973712E1,-1.034068108E0,-5.240266323E-1,-8.570874333E-1
4.949977812E1,-1.067932367E0,-3.850812018E-1,-9.033541679E-1
4.950981812E1,-1.062346101E0,-2.533063889E-1,-9.802867770E-1
4.951985912E1,-1.058793068E0,-1.396856010E-1,-1.074993968E0
4.952989912E1,-1.063417435E0,-4.964145645E-2,-1.138084769E0
4.953994012E1,-1.062438607E0,2.535519749E-2,-1.149015069E0
4.954998013E1,-1.067113042E0,5.593361333E-2,-1.103510380E0
4.956002113E1,-1.075198293E0,4.252906516E-2,-1.005646348E0
4.957006113E1,-1.072612047E0,1.945490576E-2,-8.743657470E-1
4.958010113E1,-1.045876026E0,5.369337648E-2,-6.892743707E-1
4.959014213E1,-9.894700646E-1,1.132025048E-1,-4.920494258E-1
4.960018212E1,-9.388880134E-1,1.761974692E-1,-3.042126596E-1
4.961022312E1,-8.962993026E-1,2.364253849E-1,-1.080961451E-1
4.962026312E1,-8.596398830E-1,2.992445230E-1,1.102612093E-1
4.963030412E1,-8.194775581E-1,3.533650339E-1,3.116497099E-1
4.964034412E1,-7.779673338E-1,3.838892281E-1,4.641068578E-1
4.965038512E1,-7.226836085E-1,3.719894290E-1,5.830750465E-1
4.966042513E1,-6.372392178E-1,3.254815340E-1,6.623426080E-1
4.967046613E1,-5.340992212E-1,2.785560787E-1,6.639695168E-1
4.968050613E1,-4.195777774E-1,2.583776712E-1,5.842410326E-1
4.969054713E1,-3.075801432E-1,2.764634788E-1,4.709983468E-1
4.970058713E1,-2.122935653E-1,3.240914047E-1,3.693880439E-1
4.971062813E1,-1.299012303E-1,3.589364886E-1,2.885040939E-1
4.972066812E1,-4.642710462E-2,3.692098558E-1,1.925841719E-1
4.973070912E1,3.580864519E-2,4.011901617E-1,9.424163401E-2
4.974074912E1,9.472970665E-2,4.747507870E-1,3.531599045E-2
4.975079012E1,1.072516218E-1,5.387944579E-1,4.731113464E-2
4.976083012E1,7.209201157E-2,5.382812023E-1,1.032363176E-1
4.977087112E1,2.835944854E-2,4.131102562E-1,1.345604211E-1
4.978091113E1,4.390935414E-3,7.667054981E-2,3.538499773E-2
4.979095213E1,-2.727697790E-2,-5.411831141E-1,-2.446056306E-1
4.980099213E1,-5.733365938E-2,-9.281911850E-1,-5.137874484E-1
4.981103313E1,-9.457397461E-2,-9.936317205E-1,-6.973996758E-1
4.982107313E1,-1.094792634E-1,-8.781539202E-1,-7.885701656E-1
4.983111413E1,-8.625517040E-2,-6.917116046E-1,-8.002662063E-1
4.984115412E1,-5.425741896E-2,-4.279131591E-1,-7.999336123E-1
4.985119412E1,6.243484095E-2,-9.280652553E-2,-8.471978307E-1
4.986123512E1,2.666687369E-1,1.786028147E-1,-9.664942026E-1
4.987127513E1,4.011895359E-1,3.121171892E-1,-1.098767519E0
4.988131612E1,3.984797001E-1,3.035478294E-1,-1.169521689E0
4.989135613E1,3.279349804E-1,1.143174320E-1,-1.090980530E0
4.990139713E1,2.112908065E-1,-1.202277467E-1,-9.455927610E-1
4.991143713E1,7.919082791E-2,-2.245965004E-1,-7.637507915E-1
4.992147813E1,-5.278638005E-2,-2.158602178E-1,-4.620378017E-1
4.993151812E1,-2.119419426E-1,-8.517251164E-2,-1.401132941E-1
4.994155912E1,-4.159240425E-1,-1.977636479E-2,1.119922027E-1
4.995159912E1,-5.962597132E-1,-8.856661618E-2,3.266246021E-1
4.996164012E1,-6.572253108E-1,-2.412782460E-1,5.289323926E-1
4.997168012E1,-6.230340600E-1,-3.708541095E-1,6.698871255E-1
4.998172112E1,-4.979655743E-1,-3.871455491E-1,7.486145496E-1
4.999176113E1,-3.104662299E-1,-3.070336580E-1,7.668188214E-1
5.000180212E1,-1.139876842E-1,-2.242920995E-1,7.170285583E-1
5.001184213E1,7.157285511E-2,-1.765677184E-1,6.308691502E-1
5.002188313E1,2.385651618E-1,-1.795868576E-1,5.724321008E-1
5.003192313E1,3.681801260E-1,-2.212506682E-1,5.793120861E-1
5.004196413E1,4.678562284E-1,-2.815667689E-1,6.294304132E-1
5.005200412E1,5.610756874E-1,-2.912004590E-1,6.780147552E-1
5.006204512E1,6.665325761E-1,-2.325183153E-1,7.135142684E-1
5.007208512E1,7.744768858E-1,-1.089425758E-1,7.496126294E-1
5.008212612E1,8.625127673E-1,2.240473777E-2,7.945669293E-1
5.009216612E1,9.282033443E-1,1.062993705E-1,8.357530236E-1
5.010220712E1,9.593238235E-1,1.301654726E-1,8.546612263E-1
5.011224713E1,9.688366055E-1,1.408322304E-1,8.070724010E-1
5.012228812E1,9.756487608E-1,2.074043900E-1,7.172417045E-1
5.013232813E1,9.719384313E-1,3.310991824E-1,5.815885067E-1
5.014236813E1,9.569748640E-1,5.001119375E-1,4.158804119E-1
5.015240913E1,9.284987450E-1,6.699635983E-1,2.400923222E-1
5.016244912E1,8.795171380E-1,7.733961344E-1,7.304032147E-2
5.017249012E1,8.070327640E-1,7.822290659E-1,-8.324488997E-2
5.018253012E1,7.002494335E-1,7.446472049E-1,-2.351728529E-1
5.019257112E1,5.734726191E-1,6.487854123E-1,-4.039136767E-1
5.020261112E1,4.452634752E-1,5.099697113E-1,-5.856610537E-1
5.021265212E1,3.287363350E-1,3.239876032E-1,-7.332443595E-1
5.022269213E1,2.369472384E-1,1.554336101E-1,-7.957909107E-1
5.023273313E1,1.825100929E-1,4.474970326E-2,-7.576773763E-1
5.024277313E1,1.624425203E-1,-1.566422358E-2,-6.351639032E-1
5.025281413E1,1.665395349E-1,-1.652895100E-2,-4.907052219E-1
5.026285413E1,1.856599003E-1,1.332970429E-2,-3.713088930E-1
5.027289513E1,2.416675091E-1,6.003835425E-2,-2.715564668E-1
5.028293512E1,3.261848986E-1,1.470238715E-1,-1.657719612E-1
5.029297612E1,4.204831719E-1,2.099951208E-1,-7.073332369E-2
5.030301612E1,4.920988381E-1,2.370309979E-1,-1.321036462E-2
5.031305712E1,5.251585245E-1,2.041103244E-1,4.489048943E-2
5.032309712E1,5.286381245E-1,1.075458601E-1,2.086432576E-1
5.033313812E1,5.399757028E-1,-2.011143602E-2,4.763801694E-1
5.034317813E1,5.526656508E-1,-1.357286125E-1,6.552931070E-1
5.035321937E1,5.470943451E-1,-1.982018501E-1,6.935446262E-1
5.036325938E1,5.360426307E-1,-2.045686692E-1,7.047476768E-1
5.037330038E1,5.319224596E-1,-1.722024679E-1,7.139688730E-1
5.038334038E1,5.370298624E-1,-3.597949818E-2,7.441009879E-1
5.039338138E1,5.624821782E-1,2.209449708E-1,8.086627126E-1
5.040342137E1,4.604086876E-1,4.131823480E-1,9.121298194E-1
5.041346137E1,1.377965212E-1,3.850764036E-1,1.036394238E0
5.042350237E1,-2.348066121E-1,2.760828435E-1,1.160482407E0
5.043354237E1,-4.845114946E-1,1.359089613E-1,1.130705118E0
5.044358337E1,-6.180033088E-1,-1.548384875E-1,9.725054502E-1
5.045362338E1,-6.325590611E-1,-4.909893572E-1,7.924523354E-1
5.046366438E1,-5.491592288E-1,-6.618015766E-1,5.523428321E-1
5.047370438E1,-4.130647779E-1,-6.656879187E-1,2.861566544E-1
5.048374538E1,-1.706655025E-1,-6.028079391E-1,8.458540589E-2
5.049378538E1,1.194105297E-1,-5.236630440E-1,-1.849464700E-2
5.050382638E1,3.084521890E-1,-4.254136682E-1,-7.716504484E-2
5.051386637E1,3.304672241E-1,-3.394417763E-1,-1.521876305E-1
5.052390737E1,1.582878530E-1,-3.202088773E-1,-2.624596357E-1
5.053394737E1,-1.388633996E-1,-3.858523071E-1,-4.316143095E-1
5.054398837E1,-4.545423388E-1,-4.734527171E-1,-6.028190851E-1
5.055402837E1,-7.155784965E-1,-5.423963666E-1,-6.948859096E-1
5.056406937E1,-8.824139833E-1,-5.551262498E-1,-7.015290260E-1
5.057410938E1,-9.685086608E-1,-5.147734880E-1,-6.555961967E-1
5.058415038E1,-9.837932587E-1,-4.474087954E-1,-6.138766408E-1
5.059419038E1,-9.485441446E-1,-3.987698853E-1,-6.024383903E-1
5.060423138E1,-9.000180364E-1,-3.678395450E-1,-6.109165549E-1
5.061427138E1,-8.580383658E-1,-3.570220768E-1,-6.495254636E-1
5.062431238E1,-8.383384347E-1,-3.854926527E-1,-7.066210508E-1
5.063435237E1,-8.526343107E-1,-4.778148532E-1,-7.573702931E-1
5.064439337E1,-9.024844170E-1,-5.790128708E-1,-7.768101096E-1
5.065443337E1,-9.656465650E-1,-6.675986648E-1,-7.529103160E-1
5.066447437E1,-1.039120078E0,-6.931896210E-1,-6.856366396E-1
5.067451437E1,-1.083569646E0,-6.264859438E-1,-5.979376435E-1
5.068455537E1,-1.078321934E0,-4.449911714E-1,-4.802488089E-1
5.069459538E1,-1.032570362E0,-1.850315034E-1,-3.447197378E-1
5.070463538E1,-9.902271032E-1,9.233238548E-2,-2.214384228E-1
5.071467638E1,-9.602599144E-1,3.153444529E-1,-1.112663746E-1
5.072471637E1,-9.515805840E-1,4.551200569E-1,-1.475975476E-2
5.073475738E1,-9.501816034E-1,5.014857054E-1,9.177441150E-2
5.074479737E1,-9.385698438E-1,4.400970340E-1,2.043171674E-1
5.075483837E1,-9.284905791E-1,3.695235252E-1,2.807706594E-1
5.076487837E1,-8.877776265E-1,2.514998019E-1,3.403820693E-1
5.077491937E1,-8.047853112E-1,1.172341555E-1,3.854198456E-1
5.078495937E1,-6.968177557E-1,5.057082046E-3,4.025784433E-1
5.079500037E1,-5.812464356E-1,-6.348282844E-2,3.889640868E-1
5.080504038E1,-4.734874368E-1,-9.496898204E-2,3.651861250E-1
5.081508138E1,-3.770445287E-1,-9.408348054E-2,3.318566680E-1
5.082512138E1,-2.928481400E-1,-7.328951359E-2,3.021532893E-1
5.083516238E1,-2.248752266E-1,-2.651348710E-2,2.842454016E-1
5.084520237E1,-1.837153882E-1,3.234069049E-2,2.842383385E-1
5.085524338E1,-1.858653575E-1,7.586233318E-2,3.123650551E-1
5.086528337E1,-2.268133163E-1,1.034851372E-1,3.613317311E-1
5.087532437E1,-2.999373376E-1,1.469772160E-1,4.004980624E-1
5.088536437E1,-3.936309814E-1,2.200059444E-1,4.041546583E-1
5.089540537E1,-4.816756248E-1,3.396716118E-1,3.432545364E-1
5.090544537E1,-5.349479914E-1,4.742890894E-1,2.448001206E-1
5.091548637E1,-5.472302437E-1,5.557096601E-1,1.418580264E-1
5.092552638E1,-5.271055102E-1,4.877427518E-1,5.076660216E-2
5.093556738E1,-5.064923763E-1,3.346770406E-1,-5.885629728E-2
5.094560738E1,-4.952378571E-1,1.207948849E-1,-1.920906901E-1
5.095564838E1,-4.835644066E-1,-1.310240328E-1,-3.414990902E-1
5.096568837E1,-4.902250171E-1,-3.700383008E-1,-4.922791421E-1
5.097572938E1,-5.350214839E-1,-5.669878125E-1,-6.090121865E-1
5.098576937E1,-6.190686226E-1,-7.440034747E-1,-6.673793197E-1
5.099581037E1,-7.354511619E-1,-8.657552004E-1,-6.876182556E-1
5.100585037E1,-8.530955315E-1,-8.808373809E-1,-6.535774469E-1
5.101589038E1,-9.614704847E-1,-8.363738060E-1,-5.512409806E-1
5.102593137E1,-1.001514077E0,-7.431636453E-1,-4.147917926E-1
5.103597138E1,-9.444302320E-1,-4.812800884E-1,-2.955080271E-1
5.104601238E1,-7.639940977E-1,6.532079726E-2,-2.848455310E-1
5.105605238E1,-4.058670998E-1,8.095870018E-1,-4.106926620E-1
5.106609338E1,1.869450323E-2,1.588020802E0,-7.154879570E-1
5.107613337E1,2.785114348E-1,1.908497930E0,-9.525769353E-1
5.108617437E1,4.363617599E-1,1.187407017E0,-6.945427656E-1
5.109621437E1,4.622181058E-1,5.143526196E-1,-5.584216714E-1
5.110625537E1,4.365852177E-1,6.248011254E-3,-4.947939515E-1
5.111629537E1,3.872626722E-1,-3.777100444E-1,-3.199878037E-1
5.112633637E1,2.647471130E-1,-5.932397246E-1,-8.642173558E-2
5.113637638E1,7.560863346E-2,-7.629349828E-1,1.324229836E-1
5.114641737E1,-1.356410682E-1,-9.095866084E-1,3.478543162E-1
5.115645738E1,-3.115428686E-1,-9.539365172E-1,5.321314931E-1
5.116649838E1,-3.724512160E-1,-8.674972653E-1,6.849449873E-1
5.117653838E1,-2.582758963E-1,-7.009450197E-1,8.207821846E-1
5.118657938E1,-2.051314898E-2,-4.365330338E-1,9.188097119E-1
5.119661937E1,2.500688136E-1,-1.149401069E-1,9.413546920E-1
5.120666037E1,4.789820910E-1,1.758969128E-1,8.678405285E-1
5.121670037E1,6.287029386E-1,3.765628934E-1,7.423499823E-1
5.122674137E1,6.774236560E-1,4.750221074E-1,5.869271159E-1
5.123678137E1,6.522277594E-1,5.222601891E-1,4.511503875E-1
5.124682237E1,5.843360424E-1,5.242517591E-1,3.589148521E-1
5.125686238E1,5.101108551E-1,4.712332785E-1,3.001961410E-1
5.126690337E1,4.426652193E-1,4.098788798E-1,2.812799811E-1
5.127694338E1,4.125272930E-1,3.430670798E-1,2.881237566E-1
5.128698438E1,4.010510445E-1,2.779850960E-1,3.005736768E-1
5.129702438E1,3.888210058E-1,2.329268157E-1,3.319177330E-1
5.130706437E1,3.682228327E-1,2.082806677E-1,3.582429588E-1
5.131710537E1,3.345612586E-1,1.867724359E-1,3.473434448E-1
5.132714537E1,2.994500995E-1,1.434812397E-1,2.918910384E-1
5.133718637E1,2.675579488E-1,8.841000497E-2,2.235431522E-1
5.134722637E1,2.519072890E-1,7.319492102E-2,1.971977353E-1
5.135726700E1,2.784097195E-1,6.905370951E-2,2.193885297E-1
5.136730700E1,3.293396831E-1,7.866887748E-2,2.611793280E-1
5.137734800E1,3.809778690E-1,1.071817502E-1,2.703941464E-1
5.138738800E1,4.034946561E-1,1.022136882E-1,2.414259911E-1
5.139742900E1,3.886379302E-1,2.846942656E-2,2.007693797E-1
5.140746900E1,3.614277244E-1,-6.428918988E-2,1.818456501E-1
5.141751000E1,3.808480501E-1,-1.436870694E-1,2.308981419E-1
5.142755000E1,4.501056969E-1,-2.546755373E-1,2.698856890E-1
5.143759100E1,5.169662237E-1,-3.260360062E-1,2.597448826E-1
5.144763100E1,5.613074899E-1,-3.248312771E-1,2.345347553E-1
5.145767200E1,5.777540803E-1,-3.007121086E-1,2.079444379E-1
5.146771200E1,5.744870901E-1,-2.498934269E-1,1.844816208E-1
5.147775300E1,5.572934747E-1,-2.098682523E-1,1.468974948E-1
5.148779300E1,5.536261797E-1,-2.122831047E-1,7.831726223E-2
5.149783400E1,5.526775718E-1,-2.168269902E-1,-5.511059426E-3
5.150787400E1,5.277702808E-1,-1.922786236E-1,-1.093056053E-1
5.151791500E1,4.735978246E-1,-1.261454076E-1,-1.979241520E-1
5.152795500E1,4.352105856E-1,-3.220345825E-2,-2.471670657E-1
5.153799600E1,4.101054966E-1,5.429521203E-2,-2.847381234E-1
5.154803600E1,3.604400754E-1,1.341736913E-1,-3.243080974E-1
5.155807700E1,2.716242075E-1,2.119893879E-1,-3.597371876E-1
5.156811700E1,1.591752619E-1,3.070791960E-1,-3.583587110E-1
5.157815800E1,5.295108259E-2,4.168853164E-1,-2.993193567E-1
5.158819800E1,-1.954058930E-2,5.086293817E-1,-1.819082350E-1
5.159823800E1,-5.750714615E-2,5.424712300E-1,-4.527422041E-2
5.160827900E1,-8.341462165E-2,5.037260652E-1,5.401952565E-2
5.161831900E1,-1.003286242E-1,3.846806288E-1,8.942998201E-2
5.162836000E1,-1.254465133E-1,2.386681885E-1,7.758512348E-2
5.163840000E1,-1.449496448E-1,1.140615493E-1,2.669584006E-2
5.164844100E1,-1.389515251E-1,-5.205061752E-4,-4.772661254E-2
5.165848100E1,-9.729142487E-2,-9.569309652E-2,-1.131469011E-1
5.166852200E1,-3.224295378E-2,-1.586713642E-1,-1.512889266E-1
5.167856200E1,4.552587494E-2,-1.859163046E-1,-1.665746719E-1
5.168860300E1,1.252001375E-1,-1.886536777E-1,-1.732254773E-1
5.169864300E1,1.960844249E-1,-1.824833900E-1,-1.760345846E-1
5.170868400E1,2.534873784E-1,-1.628936231E-1,-1.706391275E-1
5.171872400E1,3.018043041E-1,-1.283351183E-1,-1.457761228E-1
5.172876500E1,3.429650664E-1,-6.107965484E-2,-1.154679731E-1
5.173880500E1,3.709343970E-1,3.914441913E-2,-9.070590138E-2
5.174884600E1,3.787010610E-1,1.713946164E-1,-7.209625095E-2
5.175888600E1,3.765372336E-1,2.936909497E-1,-4.623056203E-2
5.176892700E1,3.695199490E-1,3.456187546E-1,-8.079427294E-3
5.177896700E1,3.630652428E-1,3.287590742E-1,2.967434376E-2
5.178900800E1,3.557683825E-1,2.744474113E-1,5.766153336E-2
5.179904800E1,3.457948267E-1,2.158812881E-1,6.606220454E-2
5.180908900E1,3.380911052E-1,1.605794579E-1,5.078982189E-2
5.181912900E1,3.398315012E-1,1.039273664E-1,2.611110732E-2
5.182917000E1,3.516609371E-1,5.960240588E-2,-7.827386726E-4
5.183921000E1,3.648127019E-1,2.109496295E-2,-2.678477764E-2
5.184925100E1,3.770306110E-1,-1.033794694E-2,-5.410191044E-2
5.185929100E1,3.814269602E-1,-3.105254844E-2,-7.857635617E-2
5.186933200E1,3.790342808E-1,-3.665055707E-2,-9.455889463E-2
5.187937200E1,3.654409647E-1,-3.359803930E-2,-1.036687717E-1
5.188941300E1,3.407832980E-1,-2.022630908E-2,-1.070592403E-1
5.189945300E1,3.122736216E-1,-1.814279007E-3,-1.010359675E-1
5.190949300E1,2.815559208E-1,1.545079798E-2,-9.363676608E-2
5.191953400E1,2.507173419E-1,3.841257468E-2,-7.804130018E-2
5.192957400E1,2.236208469E-1,5.271383002E-2,-5.638831854E-2
5.193961500E1,2.021139562E-1,2.985325456E-2,-3.424892575E-2
5.194965500E1,1.889897436E-1,-2.035390772E-2,-2.766304463E-2
5.195969600E1,1.859103292E-1,-6.999203563E-2,-3.479845077E-2
5.196973600E1,1.808676571E-1,-9.645453840E-2,-4.007172957E-2
5.197977700E1,1.877244860E-1,-9.795390069E-2,-3.521332517E-2
5.198981700E1,1.942767054E-1,-9.095043689E-2,-2.309465036E-2
5.199985800E1,1.995425671E-1,-8.544462174E-2,-1.970657706E-2
5.200989800E1,2.065419704E-1,-8.380044997E-2,-1.363970432E-2
5.201993900E1,2.107588202E-1,-7.557287812E-2,-8.708328940E-3
5.202997900E1,2.104140967E-1,-6.604900211E-2,-5.427448777E-4
5.204002000E1,2.113336772E-1,-5.268072709E-2,1.104067452E-2
5.205006000E1,2.151971906E-1,-3.557157144E-2,1.571919397E-2
5.206010100E1,2.174060047E-1,-1.792333834E-2,1.239157468E-2
5.207014100E1,2.118555158E-1,-7.204734720E-4,3.792283125E-3
5.208018200E1,2.068692744E-1,2.367461473E-2,7.690626662E-4
5.209022200E1,2.074611336E-1,4.420470074E-2,1.797947800E-3
5.210026300E1,2.040261924E-1,5.398542807E-2,4.383344669E-3
5.211030300E1,1.974591017E-1,5.359131843E-2,7.590948371E-4
5.212034400E1,1.847009659E-1,4.447638243E-2,-9.259717539E-3
5.213038400E1,1.695303023E-1,3.073407710E-2,-2.143088914E-2
5.214042500E1,1.504639387E-1,1.450930070E-2,-2.343039028E-2
5.215046500E1,1.346237659E-1,-1.829536632E-4,-1.907611452E-2
5.216050600E1,1.160490215E-1,-1.228915155E-2,-1.411917247E-2
5.217054600E1,9.616774321E-2,-2.627626993E-2,-1.971939579E-2
5.218058700E1,7.743719965E-2,-3.737685829E-2,-2.663642541E-2
5.219062700E1,6.045819819E-2,-4.835371673E-2,-3.399545327E-2
5.220066800E1,4.841644689E-2,-5.715146661E-2,-3.390730172E-2
5.221070800E1,4.086348042E-2,-5.900788680E-2,-2.976834774E-2
5.222074900E1,3.431769460E-2,-4.667878151E-2,-2.919097431E-2
5.223078900E1,2.340969816E-2,-2.430462837E-2,-2.979310602E-2
5.224082900E1,9.271509014E-3,-8.704097942E-3,-2.844581380E-2
5.225087000E1,-1.396071399E-3,-1.844397048E-3,-2.920388617E-2
5.226091000E1,-5.625703372E-3,-2.922710730E-3,-3.022600897E-2
5.227095100E1,-2.320644213E-3,-9.411131032E-4,-3.424426541E-2
5.228099100E1,-4.116414115E-3,-1.093142945E-2,-4.696991295E-2
5.229103200E1,-5.678700283E-3,-2.362425998E-2,-5.845471844E-2
5.230107200E1,-6.296020932E-3,-3.352829069E-2,-6.296371669E-2
5.231111300E1,-5.946435966E-3,-4.583952576E-2,-5.750793219E-2
5.232115300E1,9.680958465E-5,-5.810524896E-2,-4.349410906E-2
5.233119400E1,4.769588821E-3,-7.043785602E-2,-2.531888150E-2
5.234123400E1,7.002382539E-3,-7.004211098E-2,-8.028043434E-3
5.235127500E1,5.581212696E-3,-5.984060839E-2,7.295191288E-3
5.236131487E1,9.518398438E-4,-4.484488070E-2,1.712358557E-2
5.237135587E1,-4.040166736E-3,-2.808669955E-2,2.053692937E-2
5.238139588E1,-7.212258410E-3,-1.983622462E-2,1.608705521E-2
5.239143688E1,-9.857404046E-3,-1.437013689E-2,1.003282890E-2
5.240147688E1,-9.318646975E-3,-1.014503092E-2,4.143248312E-3
5.241151788E1,-9.721865878E-3,-6.622465327E-3,1.506407280E-3
5.242155788E1,-1.110937260E-2,-1.023797225E-2,1.511246664E-4
5.243159888E1,-1.381458994E-2,-2.146236412E-2,-2.335376339E-3
5.244163887E1,-1.365879644E-2,-3.008168377E-2,-1.270013303E-2
5.245167987E1,-1.269832812E-2,-3.419269249E-2,-1.831676252E-2
5.246171987E1,-1.611622982E-2,-2.769484371E-2,-1.689649932E-2
5.247176087E1,-2.499381453E-2,-2.359313890E-2,-1.372431125E-2
5.248180087E1,-3.772026300E-2,-2.998472378E-2,-5.545476452E-3
5.249184187E1,-4.664810747E-2,-4.758407548E-2,1.144674374E-3
5.250188188E1,-5.256538466E-2,-7.570917904E-2,4.575625062E-3
5.251192288E1,-5.460371822E-2,-9.742682427E-2,3.203617875E-3
5.252196288E1,-5.614302680E-2,-1.079159528E-1,-6.324106827E-3
5.253200388E1,-5.324160308E-2,-1.011517942E-1,-1.402065810E-2
5.254204388E1,-5.049987882E-2,-9.090901166E-2,-1.771419682E-2
5.255208488E1,-4.162948579E-2,-6.853228062E-2,-2.044115216E-2
5.256212487E1,-3.423522040E-2,-4.284182936E-2,-1.908853278E-2
5.257216587E1,-2.636187524E-2,-2.486156486E-2,-1.534106769E-2
5.258220587E1,-2.216127142E-2,-2.125591226E-2,-8.504733443E-3
5.259224687E1,-2.491795085E-2,-1.545032393E-2,1.698673004E-3
5.260228687E1,-2.683516033E-2,-6.880004890E-3,1.234386023E-2
5.261232688E1,-2.403498068E-2,-1.264217123E-2,1.878415979E-2
5.262236788E1,-2.640812285E-2,-1.359292027E-2,1.860093512E-2
5.263240788E1,-3.358742967E-2,-5.018164404E-3,1.321873721E-2
5.264244888E1,-4.587472230E-2,-9.485881310E-4,9.236246347E-3
5.265248887E1,-5.101511255E-2,-2.496012021E-3,5.586657673E-3
5.266252988E1,-5.266653746E-2,-7.890777662E-3,-6.370136514E-3
5.267256987E1,-4.670236632E-2,-1.308653504E-2,-1.741838828E-2
5.268261087E1,-3.714987263E-2,-2.004404180E-2,-1.933266968E-2
5.269265087E1,-2.386889607E-2,-1.989560574E-2,-2.297426760E-2
5.270269187E1,-1.725973003E-2,-1.774323732E-2,-2.675968409E-2
5.271273187E1,-1.455524191E-2,-1.025269181E-2,-2.591305785E-2
5.272277287E1,-1.183828712E-2,-6.565546151E-3,-2.067968063E-2
5.273281288E1,-1.105588675E-2,-3.345584031E-3,-9.863433428E-3
5.274285388E1,-2.658407670E-3,3.431628225E-3,4.401256330E-3
5.275289388E1,6.900519133E-3,4.532948136E-3,1.550686639E-2
5.276293488E1,1.533981040E-2,3.340916941E-3,1.788134128E-2
5.277297487E1,1.838295907E-2,-1.689667115E-3,1.783286408E-2
5.278301588E1,1.800638810E-2,-1.738926768E-2,1.834179461E-2
5.279305587E1,1.701882109E-2,-2.853214182E-2,1.901249960E-2
5.280309687E1,1.469974034E-2,-2.489825897E-2,1.655147225E-2
5.281313687E1,2.052573860E-2,-2.416514792E-2,1.480192039E-2
5.282317787E1,2.648988739E-2,-2.710874006E-2,1.369963773E-2
5.283321787E1,3.024323657E-2,-3.154557943E-2,1.389425248E-2
5.284325887E1,2.582425624E-2,-3.013037331E-2,1.199595071E-2
5.285329888E1,1.581696048E-2,-2.710001916E-2,1.328453142E-2
5.286333988E1,6.739842240E-3,-2.418385819E-2,7.503874600E-3
5.287337988E1,5.196275190E-3,-2.516553551E-2,5.786092952E-3
5.288342088E1,4.327285569E-3,-3.044179082E-2,2.596158301E-3
5.289346087E1,9.332896210E-3,-3.932174295E-2,-1.162461471E-3
5.290350188E1,1.802252419E-2,-3.773316741E-2,-5.546823610E-3
5.291354187E1,2.610932291E-2,-3.003551811E-2,-9.116949514E-3
5.292358287E1,3.354859725E-2,-2.798302099E-2,-7.744622417E-3
5.293362287E1,3.835340589E-2,-3.143392503E-2,-3.476830898E-3
5.294366288E1,3.747402877E-2,-3.490695357E-2,1.451082528E-3
5.295370388E1,3.277077153E-2,-3.472806886E-2,8.885410614E-3
5.296374388E1,2.722181007E-2,-3.165797517E-2,1.451719739E-2
5.297378488E1,2.120631188E-2,-2.652345598E-2,1.576631889E-2
5.298382488E1,1.489648316E-2,-2.872908488E-2,1.501876861E-2
5.299386588E1,1.290452853E-2,-3.741794080E-2,1.288874261E-2
5.300390587E1,6.887116469E-3,-5.241686478E-2,1.015207823E-2
5.301394687E1,5.648987368E-3,-5.722530931E-2,1.549619483E-3
5.302398687E1,8.182452060E-3,-4.644722864E-2,-1.008386724E-2
5.303402787E1,9.256929159E-3,-3.466274962E-2,-1.899513230E-2
5.304406787E1,8.997803554E-3,-3.192049265E-2,-1.706860028E-2
5.305410887E1,8.223179728E-3,-3.270028904E-2,-1.362489723E-2
5.306414888E1,7.757126354E-3,-2.384927310E-2,-6.572313607E-3
5.307418988E1,2.230865881E-3,-1.254231203E-2,-2.468526363E-4
5.308422988E1,-4.349272698E-3,4.721363075E-3,7.244885899E-3
5.309427088E1,-1.053963415E-2,1.640266925E-2,9.848996066E-3
5.310431088E1,-1.587927155E-2,1.797313429E-2,8.544580080E-3
5.311435188E1,-1.969005726E-2,1.351832971E-2,6.716794334E-3
5.312439187E1,-2.068980783E-2,6.340844091E-3,2.163588069E-3
5.313443287E1,-1.674451306E-2,1.316959853E-3,-7.695551962E-3
5.314447287E1,-9.338529781E-3,-5.029086489E-3,-1.978124306E-2
5.315451387E1,-2.564509399E-3,-4.029565956E-3,-2.160839364E-2
5.316455387E1,4.298989195E-3,8.798880503E-3,-2.251866087E-2
5.317459487E1,4.161191639E-3,2.049300633E-2,-2.213052288E-2
5.318463488E1,5.712506827E-4,2.752774581E-2,-1.920477487E-2
5.319467588E1,-2.049365081E-3,2.979871631E-2,-1.353846677E-2
5.320471588E1,-3.492031246E-4,1.911091991E-2,-7.179370150E-3
5.321475688E1,5.000042729E-3,1.370910322E-3,2.921913052E-3
5.322479688E1,1.252453774E-2,-1.222532522E-2,8.731332608E-3
5.323483788E1,1.951622590E-2,-1.539211534E-2,4.418581259E-3
5.324487787E1,2.449420653E-2,-1.088444889E-2,1.453950303E-3
5.325491887E1,2.663125098E-2,-5.886984523E-3,-5.836834665E-3
5.326495887E1,2.456756681E-2,-8.109126240E-3,-7.339656819E-3
5.327499987E1,2.589911036E-2,-1.330072246E-2,-4.757858813E-3
5.328503987E1,2.705066092E-2,-1.457877457E-2,-3.697387641E-3
5.329507988E1,2.804655209E-2,-8.984422311E-3,-3.820181126E-3
5.330512088E1,2.794987895E-2,2.392335329E-3,-6.035132334E-3
5.331516088E1,2.730610222E-2,1.517545991E-2,-5.621070974E-3
5.332520188E1,2.415424958E-2,2.431702614E-2,-5.026653409E-3
5.333524188E1,1.764508709E-2,2.697424963E-2,-1.006011618E-3
5.334528288E1,8.907789364E-3,2.708530426E-2,4.153174814E-4
5.335532312E1,-9.675889742E-4,3.190767393E-2,2.389367204E-3
5.336536412E1,-1.113926619E-2,3.615009040E-2,3.818952246E-3
5.337540412E1,-1.958377287E-2,3.581164777E-2,2.784953685E-3
5.338544512E1,-2.476708405E-2,2.841897868E-2,2.531154547E-3
5.339548512E1,-2.798666991E-2,1.495162770E-2,2.372681163E-3
5.340552612E1,-3.059310652E-2,1.433421741E-3,3.434483428E-3
5.341556613E1,-3.835903853E-2,-5.390277598E-3,1.675928244E-3
5.342560713E1,-4.460494965E-2,-8.414030075E-3,4.945500405E-4
5.343564713E1,-4.734199122E-2,-8.805633523E-3,1.850435277E-3
5.344568813E1,-4.398880526E-2,-8.943584748E-3,4.410798661E-3
5.345572813E1,-3.581314161E-2,-6.180183496E-3,7.698652800E-3
5.346576913E1,-3.063435853E-2,-1.784902532E-3,6.973207463E-3
5.347580912E1,-2.619986422E-2,4.271867219E-3,2.344245091E-3
5.348585012E1,-2.356812917E-2,9.894066490E-3,-2.582602901E-3
5.349589012E1,-2.079957351E-2,1.173170470E-2,4.982641549E-4
5.350593112E1,-1.559389103E-2,1.570147928E-3,3.896457609E-3
5.351597112E1,-7.838766091E-3,-1.274620742E-2,5.016316660E-3
5.352601212E1,-3.558162134E-4,-2.030851878E-2,4.281550646E-3
5.353605213E1,5.270443391E-3,-1.130047068E-2,3.292529145E-4
5.354609313E1,1.278631389E-3,9.633859154E-4,-1.550672576E-3
5.355613313E1,-4.671362694E-3,7.135631051E-3,2.504218137E-3
5.356617413E1,-8.983819745E-3,4.008813761E-3,1.005055103E-2
5.357621413E1,-7.895602845E-3,1.472630654E-3,1.389332395E-2
5.358625513E1,-6.980274804E-3,5.654059816E-3,1.521904580E-2
5.359629512E1,-6.099279039E-3,1.873181202E-2,1.002064813E-2
5.360633612E1,-6.854018196E-3,3.563063592E-2,7.867215201E-3
5.361637612E1,-1.216868870E-2,4.791638628E-2,8.474272676E-3
5.362641612E1,-1.531494781E-2,5.118914694E-2,9.062032215E-3
5.363645712E1,-1.649348624E-2,4.320554435E-2,1.027939282E-2
5.364649713E1,-1.328144781E-2,3.362029791E-2,7.714236155E-3
5.365653813E1,-9.468998760E-3,2.949224412E-2,5.904595368E-3
5.366657813E1,-4.028692842E-3,2.953938209E-2,2.798284870E-3
5.367661913E1,-2.561624395E-3,2.741054446E-2,3.344940487E-4
5.368665913E1,-3.837011987E-3,2.530664764E-2,-1.145148417E-4
5.369670013E1,-5.908329971E-3,2.128045633E-2,6.051738746E-3
5.370674012E1,-1.064103376E-2,1.482868381E-2,1.164943725E-2
5.371678112E1,-1.441509183E-2,5.239923485E-3,1.790780574E-2
5.372682112E1,-1.249521971E-2,-5.707266741E-3,2.083195560E-2
5.373686212E1,-1.023603417E-2,-1.896783896E-2,1.997912861E-2
5.374690212E1,-1.081101038E-2,-2.383955941E-2,1.398222148E-2
5.375694312E1,-1.063288841E-2,-1.917114109E-2,9.947836399E-3
5.376698313E1,-9.760171175E-3,-1.173559576E-2,1.069804840E-2
5.377702413E1,-1.403832249E-2,-1.211184449E-2,1.210383233E-2
5.378706413E1,-1.664822176E-2,-1.243462041E-2,1.430733223E-2
5.379710513E1,-1.974412426E-2,-1.629373804E-2,1.624358818E-2
5.380714512E1,-2.343180217E-2,-1.978700608E-2,1.744307578E-2
5.381718613E1,-2.816079557E-2,-2.231384628E-2,2.110909298E-2
5.382722612E1,-3.317259625E-2,-2.043791488E-2,2.424256690E-2
5.383726712E1,-3.587184474E-2,-2.181218565E-2,2.568153851E-2
5.384730712E1,-3.955553100E-2,-2.199700847E-2,2.239865996E-2
5.385734812E1,-4.146470129E-2,-2.374393865E-2,2.293711528E-2
5.386738812E1,-4.145378247E-2,-2.453223616E-2,1.844249852E-2
5.387742912E1,-4.073013738E-2,-2.573368140E-2,1.472242922E-2
5.388746913E1,-4.022520408E-2,-2.359463088E-2,1.409845054E-2
5.389751013E1,-3.754899278E-2,-1.936659589E-2,1.592484489E-2
5.390755013E1,-3.613805026E-2,-1.665789448E-2,1.607211865E-2
5.391759113E1,-3.609148785E-2,-1.770009287E-2,1.225664560E-2
5.392763112E1,-3.528055549E-2,-2.112864517E-2,9.028361179E-3
5.393767213E1,-3.715850413E-2,-2.767301537E-2,5.679321475E-3
5.394771212E1,-3.985149413E-2,-3.416793421E-2,7.255757228E-4
5.395775312E1,-4.030806944E-2,-3.138874099E-2,-2.106581116E-3
5.396779312E1,-4.344873503E-2,-2.289378829E-2,-3.336961381E-3
5.397783412E1,-4.313724115E-2,-9.705331177E-3,-1.960434485E-3
5.398787412E1,-4.396628216E-2,9.864615276E-4,3.182662185E-3
5.399791413E1,-4.430352151E-2,1.839230303E-3,4.007740878E-3
5.400795513E1,-4.434134066E-2,2.029912546E-3,1.714758924E-3
5.401799513E1,-4.100499675E-2,-6.722668186E-4,-3.721509129E-4
5.402803613E1,-3.938233480E-2,-6.041198969E-3,-5.943750031E-3
5.403807612E1,-3.438415751E-2,-1.448918786E-2,-1.094308682E-2
5.404811712E1,-2.529132552E-2,-1.994680613E-2,-1.142937969E-2
5.405815712E1,-1.791488193E-2,-2.298616432E-2,-1.039562654E-2
5.406819812E1,-8.977314457E-3,-2.516702749E-2,-6.488503423E-3
5.407823812E1,-6.043441594E-3,-2.658028714E-2,-4.305841401E-3
5.408827912E1,-4.548609257E-3,-2.712676860E-2,8.210095693E-4
5.409831913E1,-3.846399486E-3,-2.668618783E-2,3.697123611E-3
5.410836012E1,-2.241046168E-3,-2.569043264E-2,7.401847281E-3
5.411840013E1,2.681807149E-3,-2.153989486E-2,6.485452875E-3
5.412844113E1,4.211793188E-3,-1.561729237E-2,5.849224515E-3
5.413848113E1,7.137053646E-3,-1.370207220E-2,5.961350631E-3
5.414852213E1,9.886501357E-3,-1.475721784E-2,4.416983575E-3
5.415856212E1,1.137962472E-2,-1.457167603E-2,3.254095791E-3
5.416860312E1,1.076842938E-2,-1.391281001E-2,1.545677893E-3
5.417864312E1,1.428346802E-2,-1.354017667E-2,-3.568534506E-3
5.418868412E1,1.461316738E-2,-1.085650921E-2,-5.544333719E-3
5.419872412E1,1.379573159E-2,-7.492220029E-3,-9.219648317E-3
5.420876512E1,1.111472771E-2,-7.425640710E-3,-9.298477322E-3
5.421880513E1,9.797485545E-3,-1.254806854E-2,-6.153513212E-3
5.422884612E1,4.756121431E-3,-1.727997139E-2,-2.169690561E-3
5.423888613E1,9.039250435E-4,-2.536085993E-2,-3.005246632E-3
5.424892713E1,-6.705357227E-4,-2.973456867E-2,-5.703184288E-4
5.425896713E1,-5.379470531E-3,-3.399145976E-2,-1.540940721E-3
5.426900813E1,-9.534800425E-3,-3.646074235E-2,-7.659608964E-4
5.427904812E1,-1.471762825E-2,-3.486808017E-2,-3.197747283E-3
5.428908912E1,-1.435969863E-2,-2.867623232E-2,-4.675801378E-3
5.429912912E1,-1.385091897E-2,-2.667821199E-2,-7.581378333E-3
5.430917012E1,-1.264290977E-2,-3.205247223E-2,-1.162512228E-2
5.431921012E1,-1.014721673E-2,-3.263635933E-2,-1.319930889E-2
5.432925112E1,-8.073412813E-3,-3.619407862E-2,-1.325150672E-2
5.433929113E1,-7.668945938E-3,-3.461423144E-2,-1.262980327E-2
5.434933113E1,-4.526415840E-3,-3.451809287E-2,-1.337868441E-2
5.435937192E1,-7.533601020E-4,-3.554505482E-2,-1.264935173E-2
5.436941192E1,-5.559300072E-3,-3.031167574E-2,-7.618108299E-3
5.437945292E1,-9.768058546E-3,-2.449695766E-2,-8.542477153E-3
5.438949292E1,-1.669920236E-2,-1.832295209E-2,-4.769310355E-3
5.439953392E1,-1.864283346E-2,-9.000159800E-3,-2.916067606E-3
5.440957392E1,-1.794721559E-2,-2.633872675E-3,-1.760255545E-3
5.441961492E1,-1.338311285E-2,3.669529920E-3,-2.782203490E-3
5.442965492E1,-1.188162249E-2,3.142490517E-3,-9.938906878E-4
5.443969592E1,-1.480297651E-2,4.095218144E-3,-2.459449926E-3
5.444973592E1,-2.143771201E-2,5.011611618E-3,-4.195830785E-3
5.445977692E1,-2.873066626E-2,1.005119272E-2,1.193759497E-3
5.446981692E1,-3.596008569E-2,1.281182654E-2,5.432180129E-3
5.447985792E1,-3.976103663E-2,8.394198492E-3,4.251096398E-3
5.448989792E1,-4.320370406E-2,2.532314975E-3,-3.271434689E-4
5.449993892E1,-4.381614178E-2,-7.886714302E-4,-7.033277769E-3
5.450997892E1,-4.366514087E-2,9.445137111E-4,-1.260381192E-2
5.452001992E1,-4.611622542E-2,6.096676923E-3,-1.332258433E-2
5.453005992E1,-5.216985941E-2,1.049914956E-2,-1.228075568E-2
5.454010092E1,-5.659685284E-2,1.270524226E-2,-9.381509386E-3
5.455014092E1,-6.166698039E-2,1.275877189E-2,-7.620627061E-3
5.456018192E1,-6.372540444E-2,7.478313055E-3,-7.629293483E-3
5.457022192E1,-6.209980696E-2,4.645242356E-3,-4.470784217E-3
5.458026292E1,-6.155883521E-2,1.599058392E-3,-2.380277961E-3
5.459030292E1,-5.431317538E-2,2.182823373E-3,-1.822079299E-3
5.460034392E1,-4.815378785E-2,-8.053379133E-6,-6.018505897E-3
5.461038392E1,-4.182611778E-2,-2.376935445E-3,-5.644065328E-3
5.462042492E1,-3.767797723E-2,-5.888845306E-3,-1.020499505E-2
5.463046492E1,-3.221396729E-2,-1.112541929E-2,-9.177015163E-3
5.464050592E1,-2.449293621E-2,-1.553085633E-2,-6.140790880E-3
5.465054592E1,-2.358639613E-2,-1.798708923E-2,-8.398618549E-3
5.466058692E1,-2.512132935E-2,-1.506708190E-2,-1.064213458E-2
5.467062692E1,-2.853656560E-2,-1.057006884E-2,-9.015209042E-3
5.468066792E1,-3.197412938E-2,-3.328794613E-3,-6.517423317E-3
5.469070792E1,-3.579416871E-2,4.803167656E-3,-6.565893069E-3
5.470074792E1,-3.065921739E-2,5.470105447E-3,-5.773718003E-3
5.471078892E1,-2.317839861E-2,3.998975269E-3,-5.645619705E-3
5.472082892E1,-1.355550904E-2,1.893951674E-3,-6.146367639E-3
5.473086992E1,-4.297030158E-3,3.553367220E-3,-7.890738547E-3
5.474090992E1,2.161558485E-3,2.686996013E-3,-6.965130568E-3
5.475095092E1,8.576846682E-3,-8.331704885E-4,-6.921720691E-3
5.476099092E1,1.368150488E-2,4.232968204E-4,-2.664672676E-3
5.477103192E1,2.102916688E-2,2.349827671E-3,2.006778028E-3
5.478107192E1,2.429529093E-2,6.090077106E-3,4.886369221E-3
5.479111292E1,2.393096872E-2,3.361668438E-3,8.456869051E-3
5.480115292E1,2.808545530E-2,-6.134274416E-3,8.093029261E-3
5.481119392E1,2.792247012E-2,-1.660768688E-2,7.392086089E-3
5.482123392E1,3.042542189E-2,-2.234432101E-2,6.031895056E-3
5.483127492E1,3.622152656E-2,-2.586395480E-2,4.439857323E-3
5.484131492E1,3.906304762E-2,-3.020534664E-2,2.164085861E-3
5.485135592E1,4.119038209E-2,-3.654659912E-2,4.567331634E-4
5.486139592E1,4.185890406E-2,-4.447865114E-2,-3.997037187E-3
5.487143692E1,3.839199990E-2,-4.339927062E-2,-8.886867203E-3
5.488147692E1,3.654205427E-2,-4.151855782E-2,-1.136580296E-2
5.489151792E1,3.218166158E-2,-3.391869366E-2,-9.528221563E-3
5.490155792E1,3.010082245E-2,-3.220723569E-2,-9.452294558E-3
5.491159892E1,3.095969185E-2,-3.915915266E-2,-1.110265590E-2
5.492163892E1,3.182482347E-2,-4.015102983E-2,-6.972336210E-3
5.493167992E1,3.011480719E-2,-3.908017278E-2,-3.197837621E-3
5.494171992E1,2.663589828E-2,-4.068928584E-2,5.307620158E-4
5.495176092E1,2.176364511E-2,-4.349359125E-2,2.527067438E-3
5.496180092E1,1.624524035E-2,-5.073197186E-2,1.381274313E-3
5.497184192E1,1.035432797E-2,-5.300178379E-2,-1.435018377E-3
5.498188192E1,6.626036949E-3,-4.715203494E-2,-3.166360781E-3
5.499192292E1,5.122948904E-3,-3.930183500E-2,-5.456146784E-3
5.500196292E1,4.009015858E-3,-3.653064370E-2,-1.126386784E-2
5.501200392E1,-3.085010685E-4,-3.828912973E-2,-1.173098665E-2
5.502204392E1,-2.797892084E-3,-4.764203355E-2,-9.244414978E-3
5.503208492E1,-2.611737000E-3,-5.970162526E-2,-1.127241272E-2
5.504212492E1,-6.178156473E-3,-7.090014219E-2,-1.294557657E-2
5.505216492E1,-1.310104411E-2,-7.691701502E-2,-1.544761658E-2
5.506220592E1,-1.856850833E-2,-8.048728853E-2,-2.006424777E-2
5.507224592E1,-2.320666984E-2,-7.975997776E-2,-2.393382043E-2
5.508228692E1,-2.209393494E-2,-7.433175296E-2,-2.285726927E-2
5.509232692E1,-1.977751777E-2,-7.629556209E-2,-2.068706043E-2
5.510236792E1,-1.067454461E-2,-7.854187489E-2,-1.849380881E-2
5.511240792E1,-1.113530248E-3,-8.279787004E-2,-1.392329298E-2
5.512244892E1,4.589147400E-3,-8.929215372E-2,-1.081591379E-2
5.513248892E1,1.036873925E-2,-9.037153423E-2,-6.362043321E-3
5.514252992E1,2.171073668E-2,-8.897481859E-2,-1.565441722E-3
5.515256992E1,3.140490875E-2,-8.418618888E-2,3.291309695E-4
5.516261092E1,4.235637560E-2,-9.124752879E-2,2.811022103E-3
5.517265092E1,4.585070908E-2,-1.068427339E-1,2.930597868E-3
5.518269192E1,4.563684389E-2,-1.234734133E-1,1.741405344E-3
5.519273192E1,4.379792884E-2,-1.386869699E-1,1.562917605E-4
5.520277292E1,3.619504720E-2,-1.495769173E-1,-5.507467315E-3
5.521281292E1,2.478286996E-2,-1.549032480E-1,-9.309129789E-3
5.522285392E1,1.752741635E-2,-1.590615958E-1,-8.369734511E-3
5.523289392E1,1.256914344E-2,-1.633721888E-1,-6.675165147E-3
5.524293492E1,1.378266048E-2,-1.613934487E-1,-1.240421785E-3
5.525297492E1,1.666366681E-2,-1.562687159E-1,2.544729039E-3
5.526301592E1,1.727497578E-2,-1.482144296E-1,5.420029629E-3
5.527305592E1,1.539611444E-2,-1.387948245E-1,4.997918382E-3
5.528309692E1,7.402370684E-3,-1.302319318E-1,-2.711014822E-4
5.529313692E1,1.301601180E-3,-1.200639904E-1,-5.507408641E-3
5.530317792E1,-4.842274357E-4,-1.047111973E-1,-7.713112980E-3
5.531321792E1,-5.931507330E-4,-9.059032053E-2,-1.117948350E-2
5.532325892E1,-1.011775108E-3,-7.745895535E-2,-1.258837990E-2
5.533329892E1,-5.312513560E-3,-6.326004863E-2,-8.691642433E-3
5.534333992E1,-1.655218564E-2,-4.837238789E-2,-3.614470363E-3
5.535338004E1,-2.779072523E-2,-3.331194818E-2,1.852466608E-3
5.536342104E1,-3.795146197E-2,-2.515861019E-2,8.071084507E-3
5.537346104E1,-4.686293006E-2,-2.090980485E-2,1.296091452E-2
5.538350204E1,-5.058174580E-2,-5.526782945E-3,1.475868560E-2
5.539354204E1,-5.168642476E-2,1.565014198E-2,5.489553325E-3
5.540358204E1,-4.958097637E-2,3.292939067E-2,-4.042440560E-3
5.541362304E1,-4.924222082E-2,3.068061545E-2,-8.835065179E-3
5.542366304E1,-4.746037349E-2,1.851851493E-2,-1.090586279E-2
5.543370404E1,-4.946786165E-2,7.840836421E-3,-1.501165796E-2
5.544374404E1,-4.942021146E-2,-1.112349518E-2,-1.737868041E-2
5.545378504E1,-4.813097790E-2,-2.891660668E-2,-1.698905975E-2
5.546382504E1,-4.285245389E-2,-4.113267735E-2,-1.147979964E-2
5.547386604E1,-4.115522280E-2,-4.940205812E-2,-8.631548844E-3
5.548390604E1,-4.079594091E-2,-5.518823862E-2,-5.753501318E-4
5.549394704E1,-4.511718452E-2,-6.514180452E-2,6.951807998E-3
5.550398704E1,-5.152643472E-2,-7.883583009E-2,1.565975510E-2
5.551402804E1,-5.936971307E-2,-9.187679738E-2,1.931813918E-2
5.552406804E1,-6.315038353E-2,-1.008954570E-1,2.163215168E-2
5.553410904E1,-6.454854459E-2,-1.063940898E-1,8.548574522E-3
5.554414904E1,-6.770798564E-2,-1.063803881E-1,3.656324698E-3
5.555419004E1,-7.039564848E-2,-9.932700545E-2,3.708522767E-3
5.556423004E1,-7.646705955E-2,-8.899536729E-2,-1.809261739E-4
5.557427104E1,-8.311910182E-2,-7.937416434E-2,3.722123802E-4
5.558431104E1,-9.267888963E-2,-7.744232565E-2,5.710724741E-3
5.559435204E1,-1.014814377E-1,-8.511089534E-2,1.397557929E-2
5.560439204E1,-1.116911098E-1,-1.034320965E-1,1.941643283E-2
5.561443304E1,-1.232436299E-1,-1.243277863E-1,2.051791549E-2
5.562447304E1,-1.320542246E-1,-1.532201022E-1,1.707457006E-2
5.563451404E1,-1.447407305E-1,-1.796011180E-1,1.159724686E-2
5.564455404E1,-1.578315347E-1,-2.023805529E-1,8.763726801E-3
5.565459504E1,-1.683419645E-1,-2.111085355E-1,6.147171371E-3
5.566463504E1,-1.757726222E-1,-2.074821442E-1,2.689291723E-3
5.567467604E1,-1.824094951E-1,-1.963844895E-1,-1.767774578E-3
5.568471604E1,-1.877423525E-1,-1.851785332E-1,-6.800905801E-3
5.569475704E1,-1.961020082E-1,-1.704453975E-1,-6.748707965E-3
5.570479704E1,-2.047615051E-1,-1.677606106E-1,-1.329617202E-2
5.571483804E1,-2.202930599E-1,-1.534879208E-1,-1.648877002E-2
5.572487804E1,-2.385981530E-1,-1.417250484E-1,-1.602948084E-2
5.573491904E1,-2.536785603E-1,-1.383492202E-1,-1.666544378E-2
5.574495904E1,-2.606313527E-1,-1.369779110E-1,-1.449084934E-2
5.575500004E1,-2.570241094E-1,-1.126917526E-1,-2.520794421E-2
5.576504004E1,-2.507134676E-1,-1.003997326E-1,-3.337386623E-2
5.577508004E1,-2.492287904E-1,-1.264065653E-1,-3.103560768E-2
5.578512104E1,-3.116097748E-1,-4.464229941E-1,-1.887973212E-2
5.579516104E1,-3.240281045E-1,-6.048837304E-1,-2.407662384E-2
5.580520204E1,-2.892682552E-1,-4.379475117E-1,-3.482865170E-2
5.581524204E1,-2.469900697E-1,-2.346835881E-1,-3.364567831E-2
5.582528304E1,-1.971994191E-1,-7.290346920E-2,-1.315847784E-2
5.583532304E1,-1.834670901E-1,-1.770758443E-2,1.280627679E-2
5.584536404E1,-2.006988078E-1,-2.085810341E-2,3.617178649E-2
5.585540404E1,-2.176479697E-1,-1.263339370E-1,3.889114037E-2
5.586544504E1,-2.083864212E-1,-1.129628047E-1,4.067232832E-2
5.587548504E1,-1.895900965E-1,-1.430361159E-2,4.175490513E-2
5.588552604E1,-1.840865910E-1,7.292710245E-2,4.287921637E-2
5.589556604E1,-1.968567073E-1,1.134055555E-1,4.690724611E-2
5.590560704E1,-2.108960897E-1,9.190616012E-2,5.439503491E-2
5.591564704E1,-2.164149582E-1,5.538063869E-2,6.092111021E-2
5.592568804E1,-2.063767165E-1,5.306688324E-2,5.981723219E-2
5.593572804E1,-1.805166155E-1,1.012107134E-1,4.853262007E-2
5.594576904E1,-1.649629474E-1,9.266522527E-2,2.081297897E-2
5.595580904E1,-1.642566770E-1,-1.319888700E-2,-4.540048540E-3
5.596585004E1,-1.709497273E-1,-1.125622243E-1,-3.226621822E-2
5.597589004E1,-1.629437357E-1,-1.374979317E-1,-4.501556978E-2
5.598593104E1,-1.580782682E-1,-1.618596166E-1,-5.363304913E-2
5.599597104E1,-1.701546460E-1,-1.845121980E-1,-3.911296278E-2
5.600601204E1,-2.005623132E-1,-2.117892951E-1,-2.070824988E-2
5.601605204E1,-2.348704934E-1,-2.685053051E-1,6.752667949E-3
5.602609304E1,-2.660154402E-1,-2.947131097E-1,2.610176615E-2
5.603613304E1,-2.882336676E-1,-2.795136571E-1,3.427500650E-2
5.604617404E1,-2.918451726E-1,-2.525076270E-1,3.886864707E-2
5.605621404E1,-2.994897664E-1,-2.215563804E-1,4.769196734E-2
5.606625504E1,-3.054352999E-1,-2.182769924E-1,5.260620639E-2
5.607629504E1,-3.193074465E-1,-2.301251292E-1,5.793305859E-2
5.608633604E1,-3.260530531E-1,-1.761519611E-1,7.257692516E-2
5.609637604E1,-3.379485905E-1,-1.316641122E-1,7.894720882E-2
5.610641604E1,-3.405876458E-1,-9.237688035E-2,7.983934134E-2
5.611645704E1,-3.367851675E-1,2.128604054E-2,8.426524699E-2
5.612649704E1,-3.178994358E-1,3.081028759E-1,7.969930023E-2
5.613653804E1,-3.390281498E-1,6.151272655E-1,5.463309214E-2
5.614657804E1,-3.798779845E-1,3.154146969E-1,4.505021870E-2
5.615661904E1,-2.971844375E-1,-1.774565279E-1,9.668251872E-2
5.616665904E1,-2.349698693E-1,-1.153219789E-1,9.920594096E-2
5.617670004E1,-1.861770302E-1,-7.725794613E-2,8.978074789E-2
5.618674004E1,-1.520234644E-1,-9.744931757E-2,9.489834309E-2
5.619678104E1,-1.455122977E-1,-1.533538550E-1,1.011205465E-1
5.620682104E1,-1.583096087E-1,-1.363877654E-1,8.839632571E-2
5.621686204E1,-1.627589464E-1,-1.067537069E-1,4.937115684E-2
5.622690204E1,-1.550351381E-1,-4.496832564E-2,2.526353300E-2
5.623694304E1,-1.435342729E-1,1.153090224E-2,2.468242869E-2
5.624698304E1,-1.266571432E-1,5.142470822E-2,2.917796001E-2
5.625702404E1,-1.080805287E-1,8.847060800E-2,2.633237280E-2
5.626706404E1,-9.606896341E-2,9.265492111E-2,1.560749486E-2
5.627710504E1,-8.387967944E-2,5.938937515E-2,1.043616980E-2
5.628714504E1,-7.608576119E-2,-2.310254797E-2,1.787494123E-2
5.629718604E1,-7.162496448E-2,-8.548229933E-2,3.032841533E-2
5.630722604E1,-7.641947269E-2,-1.149830073E-1,3.634303063E-2
5.631726704E1,-8.570724726E-2,-1.164477468E-1,4.813497514E-2
5.632730704E1,-9.816813469E-2,-1.075640619E-1,5.620893091E-2
5.633734804E1,-1.046337560E-1,-8.224778622E-2,5.838739499E-2
5.634738804E1,-1.032709256E-1,-4.511470906E-3,5.826539174E-2
5.635742892E1,-8.998414874E-2,6.712154951E-3,7.478924096E-2
5.636746892E1,-6.806549430E-2,-7.439477369E-3,7.719329000E-2
5.637750992E1,-4.840203747E-2,-3.121990710E-2,7.096761465E-2
5.638754992E1,-4.023339227E-2,-5.692308396E-2,5.747269839E-2
5.639759092E1,-5.202959850E-2,-8.151071519E-2,4.464878142E-2
5.640763092E1,-5.647190660E-2,-9.492927045E-2,2.924542874E-2
5.641767192E1,-6.661456078E-2,-8.836591244E-2,2.361923456E-2
5.642771192E1,-6.572870165E-2,-6.286370754E-2,3.145724535E-2
5.643775292E1,-5.353221670E-2,-4.275284335E-2,3.498619795E-2
5.644779292E1,-3.464465961E-2,-5.236667022E-2,4.093368724E-2
5.645783292E1,-1.608642004E-2,-7.922465354E-2,4.226207361E-2
5.646787392E1,2.533814404E-4,-9.790546447E-2,3.828503564E-2
5.647791392E1,1.335453615E-2,-1.188698635E-1,4.847056046E-2
5.648795492E1,9.811421856E-3,-1.329000741E-1,5.376997590E-2
5.649799492E1,-2.649775473E-3,-1.210729778E-1,5.484110117E-2
5.650803592E1,-1.624871790E-2,-9.758585691E-2,5.568988994E-2
5.651807592E1,-2.839859203E-2,-7.652904093E-2,4.896567389E-2
5.652811692E1,-3.552474454E-2,-5.362739414E-2,4.927738756E-2
5.653815692E1,-3.052412719E-2,-5.108540878E-2,3.956483305E-2
5.654819792E1,-1.185521297E-2,-4.174339026E-2,2.565233037E-2
5.655823792E1,1.325120591E-2,-3.180926666E-2,4.914029036E-3
5.656827892E1,2.346098796E-2,-5.317733437E-2,2.018777421E-3
5.657831892E1,3.355543315E-2,-5.860032886E-2,1.430218923E-3
5.658835992E1,4.037576169E-2,-3.608154505E-2,-9.426340461E-3
5.659839992E1,4.182239249E-2,-8.223015815E-3,-1.655775309E-2
5.660844092E1,4.726046324E-2,9.270748124E-3,-1.225680858E-2
5.661848092E1,4.803917184E-2,1.165454276E-2,-4.687839188E-3
5.662852192E1,5.686339363E-2,2.239714377E-5,8.009375073E-3
5.663856192E1,6.499163061E-2,-4.837605637E-3,1.213407889E-2
5.664860292E1,5.732971802E-2,-5.735054612E-3,1.002623327E-2
5.665864292E1,4.029294476E-2,-1.267601503E-3,1.183931343E-2
5.666868392E1,1.786723547E-2,-5.882965866E-3,1.457339805E-2
5.667872392E1,2.052586526E-3,-1.493238658E-2,1.648954302E-2
5.668876492E1,6.740711397E-4,-1.788174361E-2,1.397888176E-2
5.669880492E1,1.173045021E-2,-1.827695780E-2,1.207285747E-2
5.670884592E1,2.586560138E-2,-1.561384182E-2,1.093851030E-2
5.671888592E1,2.547384985E-2,-2.768941224E-2,8.199715056E-3
5.672892692E1,2.194668911E-2,-2.966172993E-2,6.820274051E-3
5.673896692E1,2.036690153E-2,-2.796822414E-2,1.202728599E-2
5.674900792E1,1.973040774E-2,-3.566735238E-2,1.675288938E-2
5.675904792E1,2.097969875E-2,-6.153596938E-2,2.464809641E-2
5.676908892E1,1.967554912E-2,-7.407652587E-2,2.962714247E-2
5.677912892E1,2.401814237E-2,-6.137923151E-2,3.097231314E-2
5.678916992E1,2.113640122E-2,-3.597973287E-2,2.138765156E-2
5.679920992E1,2.145038731E-2,-9.117223322E-3,1.228842884E-2
5.680924992E1,1.949460618E-2,9.297149256E-3,1.305381069E-3
5.681929092E1,2.573465928E-2,1.969226450E-2,-1.092784945E-2
5.682933092E1,2.925283089E-2,2.506021224E-2,-1.361930463E-2
5.683937192E1,3.849906102E-2,3.748252615E-2,-9.586745873E-3
5.684941192E1,4.615635797E-2,4.978498816E-2,-3.358692396E-3
5.685945292E1,5.204940215E-2,5.395523086E-2,1.717825071E-3
5.686949292E1,5.496682972E-2,5.484508723E-2,1.477147639E-2
5.687953392E1,-3.583567217E-3,6.426335871E-2,2.298759297E-2
5.688957392E1,-1.666054130E-1,1.039676443E-1,4.792118818E-2
5.689961492E1,-2.932195663E-1,1.528821737E-1,8.135584742E-2
5.690965492E1,-2.853002250E-1,1.488722563E-1,9.475845098E-2
5.691969592E1,-2.420283556E-1,1.073895171E-1,5.907315761E-2
5.692973592E1,-1.689629406E-1,9.649825841E-2,1.766686514E-2
5.693977692E1,-1.621734798E-1,1.631276309E-1,-3.420044668E-3
5.694981692E1,-2.574084103E-1,2.613106072E-1,8.099413477E-3
5.695985792E1,-4.051153064E-1,3.005975783E-1,4.850355908E-2
5.696989792E1,-4.990278482E-1,3.432041407E-1,9.594077617E-2
5.697993892E1,-4.672107995E-1,3.026215434E-1,1.068837047E-1
5.698997892E1,-3.394854069E-1,1.597101837E-1,8.834116906E-2
5.700001992E1,-1.557433009E-1,3.796324134E-2,5.814544111E-2
5.701005992E1,-1.628077589E-3,2.957783453E-2,2.186701261E-2
5.702010092E1,1.190328225E-1,5.400567874E-2,-9.646971710E-3
5.703014092E1,2.092478871E-1,1.864488982E-2,-2.663746104E-2
5.704018192E1,2.836307585E-1,-9.187762439E-2,-3.231718391E-2
5.705022192E1,3.468546867E-1,-2.377383709E-1,-3.870008141E-2
5.706026292E1,3.822398484E-1,-3.515831828E-1,-4.642404616E-2
5.707030292E1,3.794533610E-1,-3.929181397E-1,-5.570019037E-2
5.708034392E1,3.664416969E-1,-3.857246637E-1,-8.150249720E-2
5.709038392E1,3.228939176E-1,-2.995328307E-1,-9.734493494E-2
5.710042492E1,2.209390700E-1,-1.701101214E-1,-1.819765195E-2