"Time (s)","X (m/s^2)","Y (m/s^2)","Z (m/s^2)"
1.158583327E-3,-1.002615051E1,-3.143463135E-2,8.406518555E-1
1.119758331E-2,-9.494007111E0,7.604187012E-2,1.192570038E0
2.123758331E-2,-9.406888275E0,7.649093628E-2,1.608554993E0
3.127758333E-2,-9.621541901E0,1.676513672E-2,1.332379303E0
4.131758332E-2,-9.575437775E0,-1.088237000E-1,1.249601440E0
5.135758332E-2,-9.508526917E0,-1.570234680E-1,1.284029846E0
6.139758331E-2,-9.462871857E0,-4.520599365E-2,1.195863190E0
7.143758330E-2,-9.467063141E0,-1.960922241E-2,1.047072601E0
8.147658332E-2,-9.593400421E0,-7.634124756E-3,1.072070618E0
9.151658331E-2,-9.722881165E0,4.490661621E-2,1.066382446E0
1.015565833E-1,-9.829459534E0,5.568420410E-2,1.117725677E0
1.115965833E-1,-9.884544983E0,5.179229736E-2,1.207239532E0
1.216365833E-1,-9.853709106E0,9.160949707E-2,1.394051056E0
1.316765833E-1,-9.889185333E0,1.755848694E-1,1.424288177E0
1.417165833E-1,-9.749376068E0,4.206253052E-2,1.085093536E0
1.517565833E-1,-9.642348633E0,7.783813477E-3,1.230740662E0
1.617955833E-1,-9.638456726E0,4.445755005E-2,1.208437042E0
1.718355833E-1,-9.614207153E0,-5.852828979E-2,1.149908752E0
1.818755833E-1,-9.580527191E0,-2.859054565E-2,1.348845062E0
1.919155833E-1,-9.562564545E0,-4.026626587E-2,1.373094635E0
2.019555833E-1,-9.569300537E0,-7.454498291E-2,1.352886658E0
2.119955833E-1,-9.575437775E0,-6.825805664E-2,1.318757629E0
2.220355833E-1,-9.493707733E0,-2.484832764E-2,1.360221405E0
2.320745833E-1,-9.574839020E0,7.409591675E-2,1.401385803E0
2.421145833E-1,-9.739197235E0,1.706451416E-2,1.195863190E0
2.521545833E-1,-9.725874939E0,-1.227447510E-2,1.262025604E0
2.621945833E-1,-9.731563110E0,4.730163574E-2,1.331630859E0
2.722345833E-1,-9.716444550E0,5.867797852E-2,1.239572296E0
2.822745833E-1,-9.684261475E0,5.044509888E-2,1.169667664E0
2.923145833E-1,-9.643396454E0,2.514770508E-2,1.262324982E0
3.023535833E-1,-9.598639526E0,1.332229614E-2,1.323547668E0
3.123935833E-1,-9.602082367E0,4.490661621E-4,1.360969849E0
3.224335833E-1,-9.636510773E0,8.532257080E-3,1.383722534E0
3.324735833E-1,-9.578880615E0,3.068618774E-2,1.395398254E0
3.425135833E-1,-9.704469452E0,6.855743408E-2,1.376088409E0
3.525535833E-1,-9.875563660E0,-1.103205872E-1,1.127006378E0
3.625935833E-1,-9.829908600E0,-9.819580078E-2,1.462907867E0
3.726325833E-1,-9.658515015E0,2.215393066E-2,1.410965881E0
3.826725833E-1,-9.640103302E0,-1.407073975E-2,1.246008911E0
3.927125833E-1,-9.615105286E0,5.388793945E-2,1.347497864E0
4.027525833E-1,-9.671388245E0,8.098159790E-2,1.355281677E0
4.127925833E-1,-9.724078674E0,1.264869690E-1,1.318907318E0
4.228325833E-1,-9.660610657E0,1.234931946E-1,1.298699341E0
4.328725833E-1,-9.596394196E0,8.262817383E-2,1.322200470E0
4.429125833E-1,-9.599986725E0,7.903564453E-2,1.334474945E0
4.529515833E-1,-9.617949371E0,2.784210205E-2,1.296903076E0
4.629915833E-1,-9.658365326E0,-2.634521484E-2,1.308279419E0
4.730315833E-1,-9.652228088E0,-5.553451538E-2,1.414408722E0
4.830715833E-1,-9.640552368E0,-6.032455444E-2,1.407073975E0
4.931115833E-1,-9.616153107E0,-3.143463135E-2,1.441951447E0
5.031515833E-1,-9.588011627E0,-7.484436035E-3,1.424288177E0
5.131915833E-1,-9.614805908E0,1.197509766E-3,1.437161407E0
5.232305833E-1,-9.617500305E0,2.634521484E-2,1.434616699E0
5.332705833E-1,-9.675729218E0,1.077758789E-2,1.379082184E0
5.433105833E-1,-9.695338440E0,2.784210205E-2,1.285975800E0
5.533505833E-1,-9.687554626E0,2.110610962E-2,1.263073425E0
5.633905833E-1,-9.652078400E0,2.559677124E-2,1.285526733E0
5.734305833E-1,-9.642797699E0,3.817062378E-2,1.312470703E0
5.834705833E-1,-9.649833069E0,4.849914551E-2,1.374591522E0
5.935095833E-1,-9.675878906E0,4.026626587E-2,1.370400238E0
6.035495833E-1,-9.696535950E0,2.574645996E-2,1.369801483E0
6.135895833E-1,-9.674382019E0,6.301895142E-2,1.375489655E0
6.236295833E-1,-9.655670929E0,6.152206421E-2,1.370849304E0
6.336695833E-1,-9.637857971E0,4.041595459E-2,1.403032379E0
6.437095833E-1,-9.640702057E0,1.137634277E-2,1.423689423E0
6.537495833E-1,-9.643246765E0,-1.631607056E-2,1.420396271E0
6.637885833E-1,-9.622140656E0,-2.739303589E-2,1.420246582E0
6.738285833E-1,-9.628726959E0,7.933502197E-3,1.397942963E0
6.838685833E-1,-9.657317505E0,4.490661621E-4,1.390757904E0
6.939085833E-1,-9.672436066E0,-1.736389160E-2,1.423839111E0
7.039485833E-1,-9.659413147E0,1.107696533E-2,1.407523041E0
7.139885833E-1,-9.633067932E0,2.814147949E-2,1.362616425E0
7.240285833E-1,-9.617649994E0,5.448669434E-2,1.354982300E0
7.340675833E-1,-9.637708282E0,6.885681152E-2,1.318158875E0
7.441075833E-1,-9.692194977E0,8.322692871E-2,1.351090393E0
7.541475833E-1,-9.688003693E0,7.843688965E-2,1.376986542E0
7.641875833E-1,-9.604776764E0,6.481521606E-2,1.370250549E0
7.742275833E-1,-9.582922211E0,5.972579956E-2,1.408570862E0
7.842675833E-1,-9.644144897E0,5.882766724E-2,1.402882690E0
7.943075833E-1,-9.729467468E0,3.981719971E-2,1.394350433E0
8.043475833E-1,-9.743388519E0,5.583389282E-2,1.423090668E0
8.143865833E-1,-9.642498322E0,7.514373779E-2,1.412612457E0
8.244265833E-1,-9.554780731E0,6.840774536E-2,1.330283661E0
8.344665833E-1,-9.552385712E0,7.454498291E-2,1.315614166E0
8.445065833E-1,-9.596244507E0,5.912704468E-2,1.287322998E0
8.545465833E-1,-9.702224121E0,7.828720093E-2,1.339264984E0
8.645865833E-1,-9.679621124E0,6.601272583E-2,1.348545685E0
8.746265833E-1,-9.587412872E0,3.248245239E-2,1.382674713E0
8.846653333E-1,-9.561965790E0,3.143463135E-2,1.398392029E0
8.947053333E-1,-9.543105011E0,2.604583740E-2,1.403331757E0
9.047453333E-1,-9.579179993E0,2.469863892E-2,1.414857788E0
9.147853333E-1,-9.666298828E0,3.023712158E-2,1.434616699E0
9.248253333E-1,-9.743089142E0,1.706451416E-2,1.378782806E0
9.348653333E-1,-9.703571320E0,4.131408691E-2,1.365310822E0
9.449053333E-1,-9.682614899E0,7.274871826E-2,1.386416931E0
9.549443333E-1,-9.690997467E0,9.220825195E-2,1.315165100E0
9.649843333E-1,-9.692793732E0,7.903564453E-2,1.337768097E0
9.750243333E-1,-9.644593964E0,6.451583862E-2,1.367256775E0
9.850643333E-1,-9.594897308E0,5.852828979E-2,1.363813934E0
9.951043333E-1,-9.598639526E0,3.981719971E-2,1.356778564E0
1.005144333E0,-9.590706024E0,4.715194702E-2,1.374142456E0
1.015184333E0,-9.608219604E0,7.125183105E-2,1.377136230E0
1.025223333E0,-9.696985016E0,2.035766602E-2,1.348695374E0
1.035263333E0,-9.721234589E0,2.529739380E-2,1.338516541E0
1.045303333E0,-9.630972290E0,1.541793823E-2,1.286574554E0
1.055343333E0,-9.563612366E0,6.556365967E-2,1.309177551E0
1.065383333E0,-9.616302795E0,8.217910767E-2,1.317410431E0
1.075423333E0,-9.707463226E0,8.262817383E-2,1.283281403E0
1.085463333E0,-9.691745911E0,8.861572266E-2,1.257085876E0
1.095502333E0,-9.593999176E0,8.262817383E-2,1.295855255E0
1.105542333E0,-9.573641510E0,6.421646118E-2,1.338666229E0
1.115582333E0,-9.600435791E0,6.541397095E-2,1.374741211E0
1.125622333E0,-9.662107544E0,4.894821167E-2,1.348246307E0
1.135662333E0,-9.747879181E0,2.544708252E-2,1.329086151E0
1.145702333E0,-9.762698364E0,1.975891113E-2,1.299298096E0
1.155742333E0,-9.719288635E0,3.832031250E-2,1.332079926E0
1.165781333E0,-9.641450500E0,6.481521606E-2,1.282532959E0
1.175821333E0,-9.503587189E0,8.053253174E-2,1.246757355E0
1.185861333E0,-9.520951080E0,9.969268799E-2,1.231938171E0
1.195901333E0,-9.560618591E0,1.008901978E-1,1.212029572E0
1.205941333E0,-9.623787231E0,1.504371643E-1,1.147813110E0
1.215981333E0,-9.679920502E0,2.387535095E-1,1.160087585E0
1.226021333E0,-9.710606689E0,9.789642334E-2,1.148262177E0
1.236061333E0,-9.749675446E0,1.451980591E-2,1.137783966E0
1.246100333E0,-9.753866730E0,1.435514832E-1,1.162332916E0
1.256140333E0,-9.767488403E0,6.182144165E-2,1.132544861E0
1.266180333E0,-9.785001984E0,4.071533203E-2,1.128802643E0
1.276220333E0,-9.697284393E0,1.204994202E-1,1.083446960E0
1.286260333E0,-9.598190460E0,9.894424438E-2,1.088237000E0
1.296300333E0,-9.588760071E0,1.175056458E-1,1.124012604E0
1.306340333E0,-9.637857971E0,1.306782532E-1,1.204994202E0
1.316379333E0,-9.599537659E0,1.417552185E-1,1.207389221E0
1.326419333E0,-9.592053223E0,9.669891357E-2,1.157542877E0
1.336459333E0,-9.669741669E0,4.460723877E-2,1.057101746E0
1.346499333E0,-9.659712524E0,7.125183105E-2,9.782157898E-1
1.356539333E0,-9.557924194E0,1.592687988E-1,8.551716614E-1
1.366579333E0,-9.585317230E0,6.631210327E-2,8.985813904E-1
1.376619333E0,-9.454189911E0,1.630110168E-1,9.015751648E-1
1.386658333E0,-9.529183960E0,1.258882141E-1,8.628057861E-1
1.396698333E0,-9.678722992E0,5.089416504E-3,7.795788574E-1
1.406738333E0,-9.743388519E0,-1.047821045E-3,6.004014587E-1
1.416778333E0,-9.787696381E0,3.966751099E-2,5.950126648E-1
1.426818333E0,-9.712852020E0,9.909393311E-2,6.021977234E-1
1.436858333E0,-9.711355133E0,6.975494385E-2,5.019062805E-1
1.446898333E0,-9.852511597E0,6.676116943E-2,3.520678711E-1
1.456937333E0,-9.918075256E0,1.646575928E-1,2.715353394E-1
1.466977333E0,-9.871372375E0,1.942959595E-1,3.393443298E-1
1.477017333E0,-9.732311554E0,3.273692322E-1,3.020718384E-1
1.487057333E0,-9.657766571E0,3.556604004E-1,2.823129272E-1
1.497097333E0,-9.566306763E0,2.597099304E-1,3.351530457E-1
1.507137333E0,-9.576036530E0,1.646575928E-1,5.662724304E-1
1.517177333E0,-9.773026886E0,1.154100037E-1,4.284091187E-1
1.527216333E0,-9.797725525E0,1.249900818E-1,3.833528137E-1
1.537256333E0,-9.921518097E0,7.993377686E-2,3.661386108E-1
1.547296333E0,-1.002839584E1,3.412902832E-2,3.930825806E-1
1.557336333E0,-9.930349731E0,-1.082249451E-1,1.194515991E-1
1.567376333E0,-9.884095917E0,-1.884580994E-1,-5.718109131E-2
1.577416333E0,-9.866732025E0,-9.759704590E-2,3.505709839E-1
1.587456333E0,-9.740394745E0,5.643264771E-2,3.074606323E-1
1.597495333E0,-9.755064240E0,7.364685059E-2,1.237925720E-1
1.607535333E0,-9.730515289E0,8.113128662E-2,8.771759033E-2
1.617575333E0,-9.735305328E0,1.484912109E-1,1.407073975E-2
1.627615333E0,-9.733359375E0,1.746867371E-1,-1.139131165E-1
1.637655333E0,-9.728269958E0,1.371148682E-1,-1.532812500E-1
1.647695333E0,-9.699230347E0,6.346801758E-2,-1.076261902E-1
1.657735333E0,-9.750573578E0,3.607498169E-2,1.706451416E-2
1.667774333E0,-9.832153931E0,1.348695374E-1,4.445755005E-2
1.677814333E0,-9.808503113E0,2.291734314E-1,-4.924758911E-2
1.687854333E0,-9.776170349E0,1.312770081E-1,-4.745132446E-2
1.697894333E0,-9.906549225E0,-1.511856079E-2,4.640350342E-3
1.707934333E0,-9.824519806E0,6.182144165E-2,-1.751358032E-2
1.717974333E0,-9.566306763E0,1.609153748E-1,-6.271957397E-2
1.728014333E0,-9.600136414E0,1.115180969E-1,-1.347198486E-2
1.738053333E0,-9.748927002E0,4.266128540E-2,-7.304809570E-2
1.748093333E0,-9.764794006E0,1.309776306E-1,-1.664538574E-1
1.758133333E0,-9.733059998E0,1.037342834E-1,-2.203417969E-1
1.768173333E0,-9.796827393E0,6.197113037E-2,-2.248324585E-1
1.778213333E0,-9.755213928E0,6.361770630E-2,-2.189945984E-1
1.788253333E0,-9.811945953E0,5.568420410E-2,-1.585203552E-1
1.798293333E0,-9.797276459E0,6.122268677E-2,-8.532257080E-2
1.808333333E0,-9.773176575E0,9.160949707E-2,-4.385879517E-2
1.818372333E0,-9.794432373E0,1.065783691E-1,2.918930054E-2
1.828412333E0,-9.719438324E0,4.146377563E-2,2.305206299E-2
1.838452333E0,-9.664502563E0,1.204994202E-1,2.993774414E-4
1.848492333E0,-9.702224121E0,2.637515259E-1,-1.493893433E-1
1.858532333E0,-9.789043579E0,1.862127686E-1,-2.896476746E-1
1.868572333E0,-9.729317780E0,1.604663086E-1,-1.034349060E-1
1.878611917E0,-9.565109253E0,1.745370483E-1,-2.650987244E-1
1.888650917E0,-9.572593689E0,1.481918335E-1,-3.382965088E-1
1.898690917E0,-9.756561127E0,2.128573608E-1,-3.613485718E-1
1.908730917E0,-9.873917084E0,2.231858826E-1,-4.528083801E-1
1.918770917E0,-9.892328796E0,1.787283325E-1,-4.460723877E-1
1.928810917E0,-9.834998016E0,1.547781372E-1,-3.863465881E-1
1.938850917E0,-9.775421906E0,1.196012878E-1,-3.047662354E-1
1.948890917E0,-9.739496613E0,1.347198486E-1,-2.404000854E-1
1.958929917E0,-9.703122253E0,1.534309387E-1,-1.797761536E-1
1.968969917E0,-9.656569061E0,1.511856079E-1,-3.706292725E-1
1.979009917E0,-9.660610657E0,1.243913269E-1,-3.568579102E-1
1.989049917E0,-9.711355133E0,1.447489929E-1,-4.261637878E-1
1.999089917E0,-9.739646301E0,1.519340515E-1,-5.143304443E-1
2.009129917E0,-9.734556885E0,1.212478638E-1,-5.450166321E-1
2.019169917E0,-9.775870972E0,2.724334717E-2,-5.505551147E-1
2.029208917E0,-9.804162140E0,-8.577163696E-2,-5.273533630E-1
2.039248917E0,-9.787846069E0,-1.116677856E-1,-4.598437500E-1
2.049288917E0,-9.779313812E0,-9.310638428E-2,-4.941224670E-1
2.059328917E0,-9.777816925E0,-1.363664246E-1,-6.218069458E-1
2.069368917E0,-9.831106110E0,-1.383123779E-1,-5.670208740E-1
2.079408917E0,-9.812395020E0,-8.173004150E-2,-5.140310669E-1
2.089448917E0,-9.794132996E0,7.005432129E-2,-5.240602112E-1
2.099487917E0,-9.846673737E0,1.881587219E-1,-5.081932068E-1
2.109527917E0,-9.821675720E0,2.248324585E-1,-4.831951904E-1
2.119567917E0,-9.747430115E0,2.071691895E-1,-5.041516113E-1
2.129607917E0,-9.730066223E0,2.492317200E-1,-5.668711853E-1
2.139647917E0,-9.657916260E0,2.465373230E-1,-4.589456177E-1
2.149687917E0,-9.646240540E0,2.514770508E-1,-5.545967102E-1
2.159727917E0,-9.664951630E0,2.377056885E-1,-6.604266357E-1
2.169766917E0,-9.677974548E0,1.869612122E-1,-7.219487000E-1
2.179806917E0,-9.671088867E0,8.292755127E-2,-7.512876892E-1
2.189846917E0,-9.694440308E0,2.933898926E-2,-7.641609192E-1
2.199886917E0,-9.744136963E0,-1.691482544E-2,-6.976991272E-1
2.209926917E0,-9.805958405E0,-6.511459351E-2,-6.466552734E-1
2.219966917E0,-9.861941986E0,-3.083587646E-2,-6.701564026E-1
2.230006917E0,-9.897268524E0,-9.056167603E-2,-9.095086670E-1
2.240045917E0,-9.970166931E0,-1.401086426E-1,-8.910969543E-1
2.250085917E0,-1.000474503E1,-1.086740112E-1,-8.247848511E-1
2.260125917E0,-9.956096191E0,-1.167572021E-1,-8.458909607E-1
2.270165917E0,-9.805808716E0,-4.864883423E-2,-8.602610779E-1
2.280205917E0,-9.662257233E0,-2.829116821E-2,-7.887098694E-1
2.290245917E0,-9.628726959E0,-1.047821045E-3,-8.246351624E-1
2.300285917E0,-9.630672913E0,-1.002914429E-2,-7.731422424E-1
2.310324917E0,-9.602232056E0,-2.993774414E-2,-6.562353516E-1
2.320364917E0,-9.629026337E0,-6.316864014E-2,-5.863307190E-1
2.330404917E0,-9.606573029E0,-9.759704590E-2,-5.980064392E-1
2.340444917E0,-9.619595947E0,-1.284329224E-1,-6.128256226E-1
2.350484917E0,-9.693093109E0,-1.457968140E-1,-6.307882690E-1
2.360524917E0,-9.747130737E0,-1.603166199E-1,-6.530918884E-1
2.370564917E0,-9.769134979E0,-1.553768921E-1,-7.161108398E-1
2.380604917E0,-9.790839844E0,-1.225950623E-1,-7.680528259E-1
2.390643917E0,-9.785001984E0,-9.475296021E-2,-7.932005310E-1
2.400683917E0,-9.707463226E0,-7.559280396E-2,-7.689509583E-1
2.410723917E0,-9.742041321E0,-3.487747192E-2,-9.783654785E-1
2.420763917E0,-9.819580078E0,-7.334747314E-3,-9.129515076E-1
2.430803917E0,-9.685009918E0,8.382568359E-3,-7.860154724E-1
2.440843917E0,-9.701176300E0,3.412902832E-2,-7.241940308E-1
2.450883917E0,-9.650282135E0,5.553451538E-2,-7.366181946E-1
2.460922917E0,-9.628427582E0,5.897735596E-2,-7.056326294E-1
2.470962917E0,-9.585766296E0,2.395019531E-2,-7.893086243E-1
2.481002917E0,-9.598938904E0,2.784210205E-2,-9.157955933E-1
2.491042917E0,-9.639205170E0,5.748046875E-2,-9.026229858E-1
2.501082917E0,-9.639504547E0,6.092330933E-2,-8.943901062E-1
2.511122917E0,-9.658215637E0,6.436614990E-2,-9.657916260E-1
2.521162917E0,-9.695937195E0,6.915618896E-2,-9.978250122E-1
2.531201917E0,-9.714199219E0,6.676116943E-2,-9.906399536E-1
2.541241917E0,-9.744286652E0,1.073268127E-1,-9.452842712E-1
2.551281917E0,-9.749825134E0,1.598675537E-1,-9.445358276E-1
2.561321917E0,-9.735155640E0,1.805245972E-1,-9.017248535E-1
2.571361917E0,-9.722881165E0,2.002835083E-1,-9.732760620E-1
2.581401917E0,-9.831704865E0,1.728904724E-1,-9.963281250E-1
2.591441917E0,-9.756261749E0,1.100212097E-1,-9.084608459E-1
2.601480917E0,-9.732311554E0,8.367599487E-2,-9.035211182E-1
2.611520917E0,-9.711205444E0,5.194198608E-2,-9.108558655E-1
2.621560917E0,-9.694290619E0,6.945556641E-2,-9.536668396E-1
2.631600917E0,-9.683063965E0,8.367599487E-2,-9.306147766E-1
2.641640917E0,-9.692494354E0,9.415420532E-2,-9.075627136E-1
2.651680917E0,-9.712852020E0,7.978408813E-2,-8.875044250E-1
2.661720917E0,-9.749226379E0,7.439529419E-2,-8.984317017E-1
2.671759917E0,-9.793534241E0,7.304809570E-2,-9.210346985E-1
2.681799917E0,-9.800120544E0,8.517288208E-2,-9.199868774E-1
2.691839917E0,-9.769284668E0,8.891510010E-2,-1.034049683E0
2.701879917E0,-9.758956146E0,9.849517822E-2,-1.045276337E0
2.711919917E0,-9.724378052E0,1.124162292E-1,-9.598040771E-1
2.721959917E0,-9.644144897E0,1.351689148E-1,-9.255253601E-1
2.731999917E0,-9.637857971E0,1.422042847E-1,-9.684860229E-1
2.742039917E0,-9.643995209E0,1.471440125E-1,-1.014440460E0
2.752078917E0,-9.666149139E0,1.323248291E-1,-1.017583923E0
2.762118917E0,-9.729018402E0,1.121168518E-1,-1.005010071E0
2.772158917E0,-9.758806458E0,9.624984741E-2,-1.004261627E0
2.782198917E0,-9.733658752E0,9.565109253E-2,-1.023870850E0
2.792238917E0,-9.695637817E0,1.273851013E-1,-9.783654785E-1
2.802278917E0,-9.616901550E0,1.480421448E-1,-9.267228699E-1
2.812318917E0,-9.593699799E0,1.335223389E-1,-8.809181213E-1
2.822357917E0,-9.563312988E0,9.205856323E-2,-7.958949280E-1
2.832397917E0,-9.566157074E0,6.646179199E-2,-8.437953186E-1
2.842437917E0,-9.752070465E0,2.933898926E-2,-7.815248108E-1
2.852477917E0,-9.773475952E0,3.936813354E-2,-7.053332520E-1
2.862517917E0,-9.695787506E0,4.535568237E-2,-7.104226685E-1
2.872557917E0,-9.645342407E0,6.646179199E-2,-7.515870667E-1
2.882598417E0,-9.628876648E0,8.277786255E-2,-7.744894409E-1
2.892637417E0,-9.618697815E0,8.681945801E-2,-7.475454712E-1
2.902677417E0,-9.626331940E0,9.520202637E-2,-7.092251587E-1
2.912717417E0,-9.638905792E0,8.367599487E-2,-6.608757019E-1
2.922757417E0,-9.657317505E0,8.143066406E-2,-5.743556213E-1
2.932797417E0,-9.705367584E0,9.400451660E-2,-4.712200928E-1
2.942837417E0,-9.850565643E0,1.359173584E-1,-3.790118408E-1
2.952877417E0,-9.972711639E0,1.826202393E-1,-3.439846802E-1
2.962916417E0,-9.959688721E0,2.125579834E-1,-3.697311401E-1
2.972956417E0,-9.818382568E0,2.679428101E-1,-4.339476013E-1
2.982996417E0,-9.652377777E0,3.287164307E-1,-5.423222351E-1
2.993036417E0,-9.554181976E0,3.478765869E-1,-5.683680725E-1
3.003076417E0,-9.510772247E0,3.315605164E-1,-4.885839844E-1
3.013116417E0,-9.487869873E0,3.604504395E-1,-4.406835938E-1
3.023156417E0,-9.499096527E0,4.552033997E-1,-4.215234375E-1
3.033195417E0,-9.574389954E0,5.599855042E-1,-4.137396240E-1
3.043235417E0,-9.689201202E0,6.418652344E-1,-4.569996643E-1
3.053275417E0,-9.743388519E0,7.321275330E-1,-5.731581116E-1
3.063315417E0,-9.730814667E0,7.306306458E-1,-6.741979980E-1
3.073355417E0,-9.680219879E0,6.767427063E-1,-7.689509583E-1
3.083395417E0,-9.663903809E0,6.517446899E-1,-8.345146179E-1
3.093435417E0,-9.593699799E0,6.721023560E-1,-8.556207275E-1
3.103474417E0,-9.504784698E0,7.149133301E-1,-8.041278076E-1
3.113514417E0,-9.512568512E0,7.972421265E-1,-7.583230591E-1
3.123554417E0,-9.694290619E0,8.143066406E-1,-6.753955078E-1
3.133594417E0,-9.754016418E0,6.857240295E-1,-5.846841431E-1
3.143634417E0,-9.805060272E0,5.529501343E-1,-5.788462830E-1
3.153674417E0,-9.751172333E0,4.825964355E-1,-6.432124329E-1
3.163714417E0,-9.729916534E0,4.908293152E-1,-6.954537964E-1
3.173753417E0,-9.685758362E0,4.439767456E-1,-6.860234070E-1
3.183793417E0,-9.639654236E0,2.615061951E-1,-6.421646118E-1
3.193833417E0,-9.643246765E0,8.457412720E-2,-6.240522766E-1
3.203873417E0,-9.584269409E0,-3.502716064E-2,-6.503974915E-1
3.213913417E0,-9.637109528E0,-1.101708984E-1,-5.701643372E-1
3.223953417E0,-9.752070465E0,-1.095721436E-1,-4.110452271E-1
3.233993417E0,-9.775272217E0,-1.930984497E-2,-3.525169373E-1
3.244033417E0,-9.778415680E0,1.498384094E-1,-4.041595459E-1
3.254072417E0,-9.833351440E0,3.579057312E-1,-5.748046875E-1
3.264112417E0,-9.918224945E0,5.444178772E-1,-7.955955505E-1
3.274152417E0,-1.005608826E1,6.471043396E-1,-9.211843872E-1
3.284192417E0,-1.003513184E1,6.661148071E-1,-9.789642334E-1
3.294232417E0,-9.935588837E0,4.849914551E-1,-1.016685791E0
3.304272417E0,-9.831255798E0,1.794767761E-1,-8.948391724E-1
3.314312417E0,-9.683662720E0,-2.082170105E-1,-7.670050049E-1
3.324351417E0,-9.542655945E0,-6.167175293E-1,-6.334826660E-1
3.334391417E0,-9.457782440E0,-9.397457886E-1,-4.490661621E-1
3.344431417E0,-9.468709717E0,-1.165177002E0,-3.637435913E-1
3.354471417E0,-9.685758362E0,-1.158590698E0,-4.683760071E-1
3.364511417E0,-9.938582611E0,-9.030720520E-1,-7.556286621E-1
3.374551417E0,-1.005294479E1,-5.465135193E-1,-1.063238983E0
3.384591417E0,-1.003842499E1,-2.890489197E-1,-1.289268951E0
3.394630417E0,-9.847122803E0,-2.528242493E-1,-1.381327515E0
3.404670417E0,-9.520502014E0,-3.201841736E-1,-1.351090393E0
3.414710417E0,-9.248218231E0,-5.676196289E-1,-1.256636810E0
3.424750417E0,-9.169931030E0,-9.599537659E-1,-1.224004669E0
3.434790417E0,-9.259444885E0,-1.212478638E0,-1.251098328E0
3.444830417E0,-9.242679749E0,-1.349294128E0,-1.320853271E0
3.454870417E0,-9.236392822E0,-1.324745178E0,-1.397344208E0
3.464909417E0,-9.245823212E0,-1.225351868E0,-1.562001801E0
3.474949417E0,-9.123826904E0,-1.161883850E0,-1.599573669E0
3.484989417E0,-9.019793243E0,-1.133442993E0,-1.439406738E0
3.495029417E0,-8.898545380E0,-1.108594666E0,-9.108558655E-1
3.505069417E0,-8.781339111E0,-1.275946655E0,-1.290316772E-1
3.515109417E0,-8.847501526E0,-1.658101959E0,4.703219604E-1
3.525149417E0,-9.185498657E0,-2.058519287E0,6.387217712E-1
3.535189417E0,-9.678273926E0,-2.205214233E0,4.574487305E-1
3.545228417E0,-1.005324417E1,-1.903741150E0,-1.916015625E-2
3.555268417E0,-1.034364029E1,-1.370549927E0,-3.188369751E-1
3.565308417E0,-1.052266800E1,-7.780819702E-1,-5.213658142E-1
3.575348417E0,-1.060873901E1,-3.279679871E-1,-5.602848816E-1
3.585388417E0,-1.060260178E1,-1.856140137E-2,-4.396357727E-1
3.595428417E0,-1.054063065E1,1.811233521E-1,-3.109034729E-1
3.605468417E0,-1.033286270E1,1.371148682E-1,-2.282752991E-1
3.615507417E0,-1.018032990E1,-1.902543640E-1,-2.174977112E-1
3.625547417E0,-1.007405090E1,-6.527925110E-1,-3.465293884E-1
3.635587417E0,-9.788295135E0,-1.035845947E0,-5.057981873E-1
3.645627417E0,-9.670490112E0,-1.261426849E0,-6.917115784E-1
3.655667417E0,-9.515861664E0,-1.227597198E0,-8.731343079E-1
3.665707417E0,-9.323511658E0,-1.070124664E0,-9.842033386E-1
3.675747417E0,-9.292526093E0,-8.652008057E-1,-9.978250122E-1
3.685786417E0,-9.122629395E0,-6.282435608E-1,-9.289682007E-1
3.695826417E0,-9.066795502E0,-3.805087280E-1,-7.014413452E-1
3.705866417E0,-9.088200989E0,-2.148033142E-1,-4.945715332E-1
3.715906417E0,-9.112151184E0,-1.152603149E-1,-3.932322693E-1
3.725946417E0,-9.084009705E0,-1.213975525E-1,-3.570075989E-1
3.735986417E0,-9.171278229E0,-2.016307068E-1,-3.823049927E-1
3.746026417E0,-9.311686249E0,-3.129991150E-1,-3.808081055E-1
3.756065417E0,-9.293723602E0,-4.185296631E-1,-3.565585327E-1
3.766105417E0,-9.294022980E0,-5.032534790E-1,-3.851490784E-1
3.776145417E0,-9.343569946E0,-6.089337158E-1,-4.517605591E-1
3.786185417E0,-9.506431274E0,-6.929090881E-1,-5.457650757E-1
3.796225417E0,-9.704918518E0,-7.430548096E-1,-5.339396667E-1
3.806265417E0,-9.856852570E0,-7.306306458E-1,-5.297483826E-1
3.816305417E0,-9.974208527E0,-6.813830566E-1,-5.246589661E-1
3.826345417E0,-9.876461792E0,-6.483018494E-1,-4.710704041E-1
3.836384417E0,-9.664352875E0,-5.843847656E-1,-3.887416077E-1
3.846424417E0,-9.515861664E0,-5.664221191E-1,-2.409988403E-1
3.856464417E0,-9.464967499E0,-6.589297485E-1,-1.092727661E-1
3.866504417E0,-9.412576447E0,-7.560777283E-1,-1.471440125E-1
3.876544208E0,-9.435778198E0,-8.457412720E-1,-2.273771667E-1
3.886584208E0,-9.430239716E0,-8.913963318E-1,-2.306703186E-1
3.896624208E0,-9.454638977E0,-1.006956024E0,-2.436932373E-1
3.906663208E0,-9.530231781E0,-1.129102020E0,-2.154020691E-1
3.916703208E0,-9.716444550E0,-1.247655487E0,-9.624984741E-2
3.926743208E0,-9.909542999E0,-1.404678955E0,7.065307617E-2
3.936783208E0,-1.018197647E1,-1.485510864E0,1.507365417E-1
3.946823208E0,-1.043345352E1,-1.446741486E0,7.095245361E-2
3.956863208E0,-1.070708450E1,-1.340911560E0,-8.831634521E-3
3.966903208E0,-1.095137650E1,-1.164877625E0,-1.020877075E-1
3.976942208E0,-1.115689911E1,-1.032552795E0,5.014572144E-2
3.986982208E0,-1.124761047E1,-9.864486694E-1,2.044747925E-1
3.997022208E0,-1.129640900E1,-1.097068634E0,2.435435486E-1
4.007062208E0,-1.130838409E1,-1.395547943E0,3.481759644E-1
4.017102208E0,-1.131257538E1,-1.702260132E0,4.308041382E-1
4.027142208E0,-1.136317017E1,-1.804796906E0,3.442840576E-1
4.037182208E0,-1.143606857E1,-1.809287567E0,5.987548828E-2
4.047222208E0,-1.159758270E1,-1.830842743E0,-1.695973206E-1
4.057261208E0,-1.183708466E1,-1.862127686E0,-4.153862000E-1
4.067301208E0,-1.203257812E1,-1.884730682E0,-7.012916565E-1
4.077341208E0,-1.218466187E1,-1.994003448E0,-1.010398865E0
4.087381208E0,-1.235740265E1,-2.120340729E0,-1.345701599E0
4.097421208E0,-1.255035141E1,-1.855990448E0,-1.851350098E0
4.107461208E0,-1.224812988E1,-1.349294128E0,-2.478695526E0
4.117501208E0,-1.143771515E1,-9.065148926E-1,-2.887196045E0
4.127540208E0,-1.048779053E1,-5.255570984E-1,-3.062032471E0
4.137580208E0,-9.814041595E0,-5.733078003E-2,-3.248993683E0
4.147620208E0,-9.306147766E0,2.544708252E-1,-3.246898041E0
4.157660208E0,-8.877439270E0,3.285667419E-1,-3.026705933E0
4.167700208E0,-8.619226227E0,1.836680603E-1,-2.647993469E0
4.177740208E0,-8.525670776E0,3.442840576E-2,-2.278861084E0
4.187780208E0,-8.554411011E0,-7.783813477E-3,-2.126028900E0
4.197820208E0,-8.699758759E0,2.185455322E-2,-2.149080963E0
4.207859208E0,-8.989406433E0,6.960525513E-2,-2.241289215E0
4.217899208E0,-9.400152283E0,1.529818726E-1,-2.377356262E0
4.227939208E0,-9.798174591E0,2.023791504E-1,-2.521955566E0
4.237979208E0,-1.015458344E1,1.435514832E-1,-2.561174011E0
4.248019208E0,-1.033660492E1,-2.784210205E-2,-2.583627319E0
4.258059208E0,-1.037327866E1,-3.603007507E-1,-2.531835022E0
4.268099208E0,-1.038630157E1,-7.484436035E-1,-2.445464630E0
4.278138208E0,-1.026789780E1,-8.963360596E-1,-2.419119415E0
4.288178208E0,-9.785001984E0,-8.089178467E-1,-2.410736847E0
4.298218208E0,-9.202413483E0,-5.827381897E-1,-2.291884003E0
4.308258208E0,-8.651708679E0,-1.438508606E-1,-2.098635864E0
4.318298208E0,-8.130342865E0,2.980302429E-1,-1.930984497E0
4.328338208E0,-7.835755463E0,7.613168335E-1,-1.810185699E0
4.338378208E0,-7.666158142E0,1.245559845E0,-1.682201843E0
4.348418208E0,-7.577692108E0,1.594933319E0,-1.522633667E0
4.358457208E0,-7.514673157E0,1.919907532E0,-1.438658295E0
4.368497208E0,-7.533983002E0,2.013762360E0,-1.427132263E0
4.378537208E0,-7.591762848E0,1.934127960E0,-1.491348724E0
4.388577208E0,-7.600145416E0,1.637145538E0,-1.711690521E0
4.398617208E0,-7.607031097E0,1.204395447E0,-1.918111267E0
4.408657208E0,-7.810308380E0,9.291178894E-1,-1.950593719E0
4.418697208E0,-8.033194885E0,5.779481506E-1,-1.943708038E0
4.428736208E0,-8.241262207E0,5.147795105E-1,-1.804796906E0
4.438776208E0,-8.543334045E0,4.087998962E-1,-1.544787598E0
4.448816208E0,-8.817414093E0,3.806584167E-1,-1.144669647E0
4.458856208E0,-9.043294373E0,3.632945251E-1,-8.161029053E-1
4.468896208E0,-9.237440643E0,4.725672913E-1,-5.933660889E-1
4.478936208E0,-9.215735779E0,6.325845337E-1,-4.995112610E-1
4.488976208E0,-9.097631378E0,6.789880371E-1,-5.605842590E-1
4.499016208E0,-8.968300323E0,6.691085815E-1,-6.761439514E-1
4.509055208E0,-8.879834290E0,6.679110718E-1,-6.643185425E-1
4.519095208E0,-8.830287323E0,7.493417358E-1,-4.837939453E-1
4.529135208E0,-8.859626312E0,6.780899048E-1,-3.430865479E-1
4.539175208E0,-8.785979462E0,7.375163269E-1,-2.082170105E-1
4.549215208E0,-8.708740082E0,6.968009949E-1,-3.427871704E-2
4.559255208E0,-8.745563507E0,5.610333252E-1,7.170089722E-2
4.569295208E0,-8.872798920E0,4.204756165E-1,1.932481384E-1
4.579334208E0,-9.021439819E0,3.844006348E-1,1.276844788E-1
4.589374208E0,-9.229058075E0,3.236270142E-1,-1.276844788E-1
4.599414208E0,-9.493408356E0,4.391867065E-1,-3.493734741E-1
4.609454208E0,-9.761051788E0,5.953120422E-1,-3.353027344E-1
4.619494208E0,-9.988279266E0,7.447013855E-1,-2.005828857E-2
4.629534208E0,-1.020068756E1,8.081694031E-1,3.278182983E-1
4.639574208E0,-1.048344955E1,8.189469910E-1,4.014651489E-1
4.649614208E0,-1.076067307E1,9.039701843E-1,3.697311401E-2
4.659653208E0,-1.093925171E1,1.326391754E0,-5.635780334E-1
4.669693208E0,-1.094074860E1,2.035616913E0,-7.691006470E-1
4.679733208E0,-1.108070755E1,2.741698608E0,-6.165678406E-1
4.689773208E0,-1.129790588E1,3.112776947E0,-3.212319946E-1
4.699813208E0,-1.154638916E1,3.102897491E0,2.201921082E-1
4.709853208E0,-1.199156342E1,3.000360718E0,5.917195129E-1
4.719893208E0,-1.244586868E1,2.697989502E0,5.465135193E-1
4.729932208E0,-1.293984146E1,2.128274231E0,2.918930054E-1
4.739972208E0,-1.344429245E1,1.544188843E0,-3.115022278E-1
4.750012208E0,-1.396176636E1,1.342707825E0,-1.401236115E0
4.760052208E0,-1.441322754E1,1.668430481E0,-2.805615692E0
4.770092208E0,-1.445050003E1,2.417472839E0,-4.026177521E0
4.780132208E0,-1.379905472E1,2.917283478E0,-4.712799683E0
4.790172208E0,-1.228540237E1,2.921474762E0,-4.825066223E0
4.800212208E0,-1.092218719E1,2.559228058E0,-4.620142365E0
4.810251208E0,-9.799372101E0,1.730102234E0,-4.240831146E0
4.820291208E0,-8.429869995E0,8.202941895E-1,-3.839365997E0
4.830331208E0,-7.328759766E0,1.140628052E-1,-3.309916992E0
4.840371208E0,-6.648574219E0,-2.158511353E-1,-2.749781799E0
4.850411208E0,-6.406377869E0,-1.477427673E-1,-2.309547272E0
4.860451208E0,-6.532415771E0,4.685256958E-2,-1.975741425E0
4.870491208E0,-6.966063995E0,2.508782959E-1,-1.873803406E0
4.880530542E0,-7.444768524E0,4.493655396E-1,-1.952389984E0
4.890570542E0,-8.035140839E0,5.852828979E-1,-1.976938934E0
4.900610542E0,-8.720266113E0,6.137237549E-1,-1.994751892E0
4.910650542E0,-9.411678314E0,6.288423157E-1,-2.140848083E0
4.920690542E0,-1.002016296E1,7.141648865E-1,-2.354004822E0
4.930730542E0,-1.045455963E1,8.232879639E-1,-2.658172302E0
4.940770542E0,-1.088416626E1,8.168513489E-1,-2.840193787E0
4.950810542E0,-1.096035782E1,8.391549683E-1,-3.061134338E0
4.960849542E0,-1.028705795E1,4.990621948E-1,-3.179837494E0
4.970889542E0,-9.486672363E0,2.504292297E-1,-2.940335541E0
4.980929542E0,-8.542585602E0,2.375559998E-1,-2.515518951E0
4.990969542E0,-7.605833588E0,-2.574645996E-2,-1.944007416E0
5.001009542E0,-6.959777069E0,-3.731739807E-1,-1.403182068E0
5.011049542E0,-6.695277100E0,-5.974076843E-1,-9.759704590E-1
5.021089542E0,-6.474635925E0,-7.608677673E-1,-7.027885437E-1
5.031128542E0,-6.493197327E0,-8.024812317E-1,-5.584886169E-1
5.041168542E0,-6.666536865E0,-7.500901794E-1,-5.592370605E-1
5.051208542E0,-6.799759827E0,-6.426136780E-1,-5.498066711E-1
5.061248542E0,-7.128326569E0,-5.674699402E-1,-5.086422729E-1
5.071288542E0,-7.494315491E0,-5.794450378E-1,-5.584886169E-1
5.081328542E0,-7.885901184E0,-6.544390869E-1,-6.625222778E-1
5.091368542E0,-8.292006683E0,-6.373745728E-1,-8.824150085E-1
5.101408542E0,-8.664881287E0,-5.408253479E-1,-1.128952332E0
5.111447542E0,-9.057215424E0,-4.146377563E-1,-1.382375336E0
5.121487542E0,-9.338929596E0,-2.070195007E-1,-1.506467285E0
5.131527542E0,-9.531129913E0,-2.978805542E-2,-1.500629425E0
5.141567542E0,-9.540111237E0,1.199006653E-1,-1.435664520E0
5.151607542E0,-9.363927612E0,2.869532776E-1,-1.309476929E0
5.161647542E0,-9.219178619E0,4.737648010E-1,-1.157243500E0
5.171687542E0,-9.077872467E0,6.506968689E-1,-1.016685791E0
5.181727542E0,-9.020841064E0,7.791297913E-1,-8.536747742E-1
5.191766542E0,-9.084009705E0,7.849676514E-1,-5.987548828E-1
5.201806542E0,-9.188193054E0,7.438032532E-1,-2.903961182E-1
5.211846542E0,-9.213340759E0,6.629713440E-1,-2.963836670E-2
5.221886542E0,-9.129814453E0,4.104464722E-1,1.853146362E-1
5.231926542E0,-9.147777100E0,-3.308120728E-2,3.240760803E-1
5.241966542E0,-9.428593140E0,-5.275030518E-1,2.818638611E-1
5.252006542E0,-9.889484711E0,-8.045768738E-1,6.765930176E-2
5.262045542E0,-1.036848862E1,-9.750723267E-1,-1.378633118E-1
5.272085542E0,-1.077878540E1,-1.249152374E0,-2.296224976E-1
5.282125542E0,-1.123743164E1,-1.522334290E0,-2.815644836E-1
5.292165542E0,-1.181163757E1,-1.571731567E0,-2.568658447E-1
5.302205542E0,-1.252610184E1,-1.284927979E0,-1.769320679E-1
5.312245542E0,-1.329819626E1,-7.454498291E-1,-9.774673462E-2
5.322285542E0,-1.387030655E1,-5.912704468E-2,-5.538482666E-3
5.332325542E0,-1.420890244E1,5.999523926E-1,5.284011841E-2
5.342364542E0,-1.424946808E1,8.896000671E-1,-1.405577087E-1
5.352404542E0,-1.385084702E1,4.924758911E-1,-6.379733276E-1
5.362444542E0,-1.347213455E1,-4.879852295E-1,-1.429976349E0
5.372484542E0,-1.337049591E1,-1.556163940E0,-2.429447937E0
5.382524542E0,-1.350536545E1,-2.379302216E0,-3.551664276E0
5.392564542E0,-1.366702927E1,-2.777474213E0,-4.608167267E0
5.402604542E0,-1.342139008E1,-2.227368164E0,-5.396278381E0
5.412644542E0,-1.194141769E1,-8.704399109E-1,-5.623056793E0
5.422683542E0,-9.855954437E0,4.096980286E-1,-5.161416779E0
5.432723542E0,-7.854316864E0,1.265468445E0,-4.060156860E0
5.442763542E0,-6.505621490E0,1.814676361E0,-3.017724609E0
5.452803542E0,-6.435267792E0,1.944007416E0,-2.227368164E0
5.462843542E0,-7.462132416E0,1.515149231E0,-1.556313629E0
5.472883542E0,-8.510402527E0,1.037342834E0,-1.344653778E0
5.482923542E0,-9.506730652E0,5.939648438E-1,-1.299447784E0
5.492962542E0,-1.028690826E1,2.444416809E-1,-1.297801208E0
5.503002542E0,-1.066442322E1,7.798782349E-2,-1.659748535E0
5.513042542E0,-1.076007431E1,-4.206253052E-2,-2.213147736E0
5.523082542E0,-1.076995377E1,-5.451663208E-1,-2.560724945E0
5.533122542E0,-1.084165466E1,-1.278341675E0,-2.779569855E0
5.543162542E0,-1.085587509E1,-1.813329163E0,-2.809058533E0
5.553202542E0,-1.058733353E1,-1.945504303E0,-2.741548920E0
5.563242542E0,-9.727072449E0,-1.571881256E0,-2.696043549E0
5.573281542E0,-8.803642731E0,-9.623487854E-1,-2.395318909E0
5.583321542E0,-7.842341766E0,-2.951861572E-1,-1.978585510E0
5.593361542E0,-6.914571075E0,1.859133911E-1,-1.600022736E0
5.603401542E0,-6.347400513E0,5.408253479E-1,-1.290765839E0
5.613441542E0,-6.003565521E0,1.013991394E0,-1.146615601E0
5.623481542E0,-5.784121857E0,1.483714600E0,-1.067130890E0
5.633521542E0,-5.824687500E0,1.895358582E0,-1.013542328E0
5.643560542E0,-5.975723419E0,2.336940308E0,-1.111887817E0
5.653600542E0,-6.323150940E0,2.475102997E0,-1.319805450E0
5.663640542E0,-6.773863678E0,2.346071320E0,-1.652264099E0
5.673680542E0,-7.101083221E0,2.111209717E0,-2.013612671E0
5.683720542E0,-7.618557129E0,1.743873596E0,-2.155367889E0
5.693760542E0,-8.169411621E0,1.206940155E0,-2.187550964E0
5.703800542E0,-8.542435913E0,9.303153992E-1,-2.039508820E0
5.713840542E0,-8.728199615E0,6.951544189E-1,-1.711241455E0
5.723879542E0,-8.836723938E0,5.957611084E-1,-1.405128021E0
5.733919542E0,-8.703051910E0,7.737409973E-1,-1.038839722E0
5.743959542E0,-8.372090149E0,8.780740356E-1,-7.596702576E-1
5.753999542E0,-8.165669403E0,9.443861389E-1,-6.036946106E-1
5.764039542E0,-8.308472443E0,9.830058289E-1,-3.914360046E-1
5.774079542E0,-8.584498444E0,8.807684326E-1,-1.179547119E-1
5.784119542E0,-8.962312775E0,6.744973755E-1,-4.939727783E-3
5.794159542E0,-9.448651428E0,4.896318054E-1,-9.460327148E-2
5.804198542E0,-1.003528152E1,3.872447205E-1,-9.924362183E-2
5.814238542E0,-1.047386948E1,4.025129700E-1,-1.119671631E-1
5.824278542E0,-1.048015640E1,4.308041382E-1,-1.573228455E-1
5.834318542E0,-9.926008759E0,4.085005188E-1,-3.284170532E-1
5.844358542E0,-9.348359985E0,3.930825806E-1,-5.716612244E-1
5.854398542E0,-9.100924530E0,6.221063232E-1,-6.378236389E-1
5.864438542E0,-9.404792633E0,1.310524750E0,-5.716612244E-1
5.874478542E0,-1.023272095E1,2.054477692E0,-1.965412903E-1
5.884517417E0,-1.108684479E1,2.550396423E0,2.706372070E-1
5.894557417E0,-1.180729660E1,2.838696899E0,6.035449219E-1
5.904597417E0,-1.228390549E1,2.826123047E0,7.286846924E-1
5.914637417E0,-1.250469635E1,2.424957275E0,7.240443420E-1
5.924677417E0,-1.261307098E1,1.767374725E0,7.295828247E-1
5.934717417E0,-1.256681717E1,1.029559021E0,7.560777283E-1
5.944757417E0,-1.236907837E1,4.863386536E-1,3.896397400E-1
5.954797417E0,-1.218915253E1,-8.801696777E-2,-4.466711426E-1
5.964836417E0,-1.230770599E1,-6.075865173E-1,-1.890568542E0
5.974876417E0,-1.270632706E1,-8.617579651E-1,-3.750750275E0
5.984916417E0,-1.305809555E1,-4.092489624E-1,-5.564977570E0
5.994956417E0,-1.302456528E1,9.562115479E-1,-6.503376160E0
6.004996417E0,-1.214319809E1,1.711091766E0,-7.020251312E0
6.015036417E0,-1.118324432E1,1.714534607E0,-7.252867584E0
6.025076417E0,-1.009650421E1,1.523082733E0,-6.911726990E0
6.035115417E0,-9.189689941E0,1.547781372E0,-5.861810303E0
6.045155417E0,-8.715027008E0,1.858684845E0,-4.514761505E0
6.055195417E0,-8.537945251E0,2.118694153E0,-3.431613922E0
6.065235417E0,-8.672964478E0,1.916764069E0,-2.605781250E0
6.075275417E0,-9.054521027E0,1.331181793E0,-1.994602203E0
6.085315417E0,-9.389823761E0,7.261399841E-1,-1.743274841E0
6.095355417E0,-9.644593964E0,3.954776001E-1,-1.890269165E0
6.105395417E0,-9.742191010E0,2.025288391E-1,-2.238744507E0
6.115434417E0,-9.761500854E0,1.492396545E-1,-2.570454712E0
6.125474417E0,-9.625433807E0,2.113604736E-1,-2.795137482E0
6.135514417E0,-9.358239441E0,2.594105530E-1,-2.871778107E0
6.145554417E0,-9.127120056E0,2.553689575E-1,-2.717898102E0
6.155594417E0,-8.839717712E0,2.493814087E-1,-2.505639496E0
6.165634417E0,-8.381819916E0,2.625540161E-1,-2.353705444E0
6.175674417E0,-7.912246399E0,3.742218018E-1,-2.258054352E0
6.185714417E0,-7.329059143E0,5.911207581E-1,-2.174528046E0
6.195753417E0,-6.612050171E0,7.209008789E-1,-1.986818390E0
6.205793417E0,-6.226302338E0,7.810757446E-1,-1.592238922E0
6.215833417E0,-6.289920044E0,7.448510742E-1,-1.109941864E0
6.225873417E0,-6.421945496E0,5.381309509E-1,-8.538244629E-1
6.235913417E0,-6.775510254E0,1.758842468E-1,-8.252339172E-1
6.245953417E0,-7.283104706E0,-2.276765442E-1,-8.596623230E-1
6.255993417E0,-7.632178802E0,-6.030958557E-1,-1.049766998E0
6.266033417E0,-7.939789124E0,-9.768685913E-1,-1.222358093E0
6.276072417E0,-8.196654968E0,-1.251547394E0,-1.216220856E0
6.286112417E0,-8.455466766E0,-1.356479187E0,-1.138382721E0
6.296152417E0,-8.710686035E0,-1.261277161E0,-1.062640228E0
6.306192417E0,-8.921298065E0,-9.732760620E-1,-9.696835327E-1
6.316232417E0,-9.193581848E0,-6.474037170E-1,-8.699908447E-1
6.326272417E0,-9.354646912E0,-2.987786865E-1,-8.355624390E-1
6.336312417E0,-9.304800568E0,-4.760101318E-2,-8.015830994E-1
6.346352417E0,-9.111702118E0,1.197509766E-1,-7.039860535E-1
6.356391417E0,-8.780890045E0,2.743794250E-1,-5.746549988E-1
6.366431417E0,-8.382119293E0,2.996768188E-1,-4.541555786E-1
6.376471417E0,-8.091274109E0,3.043171692E-1,-4.439767456E-1
6.386511417E0,-8.049211578E0,4.089495850E-1,-3.793112183E-1
6.396551417E0,-8.265362091E0,5.342390442E-1,-1.603166199E-1
6.406591417E0,-8.739126892E0,6.462062073E-1,2.005828857E-2
6.416631417E0,-9.258097687E0,7.015910339E-1,1.007405090E-1
6.426671417E0,-9.645941162E0,6.475534058E-1,-1.496887207E-3
6.436710417E0,-9.908345490E0,4.867877197E-1,-3.076103210E-1
6.446750417E0,-1.006671616E1,1.808239746E-1,-6.014492798E-1
6.456790417E0,-1.011371841E1,-2.320175171E-1,-8.542735291E-1
6.466830417E0,-1.021341110E1,-7.569758606E-1,-9.699829102E-1
6.476870417E0,-1.046803162E1,-1.368005219E0,-7.358697510E-1
6.486910417E0,-1.095287338E1,-1.889371033E0,-2.224374390E-1
6.496950417E0,-1.161584473E1,-2.096839600E0,2.324665833E-1
6.506990417E0,-1.227731918E1,-1.921254730E0,4.119433594E-1
6.517029417E0,-1.276994476E1,-1.473984833E0,2.896476746E-1
6.527069417E0,-1.330044159E1,-8.171507263E-1,-6.376739502E-2
6.537109417E0,-1.386177429E1,-1.227447510E-1,-5.721102905E-1
6.547149417E0,-1.388198227E1,2.387535095E-1,-1.175206146E0
6.557189417E0,-1.356060059E1,7.634124756E-3,-2.007026367E0
6.567229417E0,-1.343501175E1,-5.875282288E-1,-3.210673370E0
6.577269417E0,-1.422581726E1,-1.373693390E0,-4.555925903E0
6.587309417E0,-1.543620026E1,-2.033072205E0,-5.789810028E0
6.597348417E0,-1.592673019E1,-1.687440948E0,-6.559509430E0
6.607388417E0,-1.425934753E1,-3.459306335E-1,-6.645879822E0
6.617428417E0,-1.188244034E1,1.071471863E0,-5.939349060E0
6.627468417E0,-9.571845245E0,2.305355988E0,-4.842430115E0
6.637508417E0,-7.167694702E0,3.299438782E0,-3.435505829E0
6.647548417E0,-5.727389832E0,3.649710388E0,-2.229463806E0
6.657588417E0,-5.820346527E0,3.039728851E0,-1.462309113E0
6.667628417E0,-6.738986206E0,1.823208618E0,-1.220112762E0
6.677667417E0,-7.970175934E0,1.758842468E-1,-1.079555054E0
6.687707417E0,-9.009165344E0,-1.097667389E0,-8.747808838E-1
6.697747417E0,-9.749825134E0,-1.625769196E0,-8.149053955E-1
6.707787417E0,-1.018467087E1,-1.796414337E0,-9.412426758E-1
6.717827417E0,-1.044872177E1,-1.847757568E0,-1.206191711E0
6.727867417E0,-1.095362183E1,-1.915267181E0,-1.648372192E0
6.737907417E0,-1.141062149E1,-1.865271149E0,-2.326312408E0
6.747947417E0,-1.144011017E1,-1.586101685E0,-3.164419556E0
6.757986417E0,-1.121063736E1,-1.250050507E0,-3.522325287E0
6.768026417E0,-1.052985306E1,-9.892927551E-1,-3.163521423E0
6.778066417E0,-9.464069366E0,-6.643185425E-1,-2.499651947E0
6.788106417E0,-8.354127502E0,-3.743714905E-1,-1.802701263E0
6.798146417E0,-7.450157318E0,-1.466949463E-1,-1.423839111E0
6.808186417E0,-6.791826324E0,2.142045593E-1,-1.183738403E0
6.818226417E0,-6.394552460E0,7.472460938E-1,-9.840536499E-1
6.828266417E0,-6.232439575E0,1.401236115E0,-7.743397522E-1
6.838305417E0,-5.983656921E0,2.035317535E0,-6.360273743E-1
6.848345417E0,-5.810317383E0,2.454745331E0,-5.873785400E-1
6.858385417E0,-5.667514343E0,2.581232300E0,-7.631130981E-1
6.868425417E0,-5.861959991E0,2.413580933E0,-1.025816803E0
6.878465417E0,-6.176755371E0,2.091750183E0,-1.244212646E0
6.888505417E0,-6.675368500E0,1.768272858E0,-1.370699615E0
6.898545417E0,-7.306156769E0,1.584754486E0,-1.371148682E0
6.908585417E0,-8.022716675E0,1.240320740E0,-1.224154358E0
6.918625417E0,-8.613687744E0,1.016985168E0,-9.481283569E-1
6.928664417E0,-8.868308258E0,9.545649719E-1,-6.948550415E-1
6.938704417E0,-8.850345612E0,9.577084351E-1,-4.903802490E-1
6.948744417E0,-8.649163971E0,9.601034546E-1,-3.975732422E-1
6.958784417E0,-8.456514587E0,9.668394470E-1,-4.577481079E-1
6.968824417E0,-8.385562134E0,9.333091736E-1,-5.861810303E-1
6.978864417E0,-8.547225952E0,8.196954346E-1,-7.812254333E-1
6.988904417E0,-9.132508850E0,6.194119263E-1,-7.303312683E-1
6.998944417E0,-9.928553467E0,4.221221924E-1,-3.784130859E-1
7.008983417E0,-1.059466827E1,2.264790344E-1,-6.855743408E-2
7.019023417E0,-1.105705673E1,2.409988403E-2,-3.622467041E-2
7.029063417E0,-1.127919479E1,-2.372566223E-1,-3.013233948E-1
7.039103417E0,-1.096185471E1,-2.818638611E-1,-7.053332520E-1
7.049143417E0,-1.021131546E1,-9.071136475E-2,-1.225501556E0
7.059183417E0,-9.665400696E0,4.951702881E-1,-1.521585846E0
7.069223417E0,-9.585017853E0,1.335672455E0,-1.274449768E0
7.079263417E0,-9.757459259E0,2.285148010E0,-5.255570984E-1
7.089302417E0,-1.018182678E1,3.279979248E0,2.854563904E-1
7.099342417E0,-1.086680237E1,4.009262695E0,9.653425598E-1
7.109382417E0,-1.154354507E1,4.147275696E0,1.250499573E0
7.119422417E0,-1.195967972E1,3.664230194E0,1.070424042E0
7.129462417E0,-1.225935654E1,3.018173676E0,5.095404053E-1
7.139502417E0,-1.243524078E1,2.478545837E0,-1.553768921E-1
7.149542417E0,-1.253223907E1,2.082768860E0,-7.535330200E-1
7.159582417E0,-1.273641449E1,1.802252197E0,-1.577569427E0
7.169622417E0,-1.345222595E1,1.682950287E0,-2.734962616E0
7.179661417E0,-1.425321030E1,1.751807098E0,-3.993096313E0
7.189701417E0,-1.501557495E1,1.875599670E0,-5.144501953E0
7.199741417E0,-1.478834747E1,1.905088348E0,-6.028114471E0
7.209781417E0,-1.360401031E1,1.617536316E0,-6.512357483E0
7.219821417E0,-1.174682236E1,1.060843964E0,-6.272556152E0
7.229861417E0,-9.870025177E0,4.070036316E-1,-5.368286591E0
7.239901417E0,-8.368796997E0,-2.130070496E-1,-4.211791534E0
7.249941417E0,-7.368127899E0,-4.472698975E-1,-3.060834961E0
7.259980417E0,-7.011419678E0,-3.442840576E-1,-2.132615204E0
7.270020417E0,-7.072342987E0,-1.529818726E-1,-1.504671021E0
7.280060417E0,-7.427853699E0,1.242416382E-1,-1.095871124E0
7.290100417E0,-7.893535309E0,4.519102478E-1,-1.063837738E0
7.300140417E0,-8.339607697E0,7.165599060E-1,-1.363813934E0
7.310180417E0,-8.810378723E0,9.145980835E-1,-1.750010834E0
7.320220417E0,-9.265731812E0,1.061592407E0,-2.244881744E0
7.330260417E0,-9.635762329E0,1.140927429E0,-2.870580597E0
7.340299417E0,-9.776918793E0,9.089099121E-1,-3.393592987E0
7.350339417E0,-1.012404694E1,4.599934387E-1,-3.671864319E0
7.360379417E0,-1.024035507E1,2.900967407E-1,-3.809428253E0
7.370419417E0,-9.675280151E0,2.302212524E-1,-3.813170471E0
7.380459417E0,-8.696764984E0,1.122665405E-2,-3.583098907E0
7.390499417E0,-7.757318573E0,-2.363584900E-1,-3.065625000E0
7.400539417E0,-7.141948242E0,-2.396516418E-1,-2.308050385E0
7.410579417E0,-6.706503754E0,-6.436614990E-2,-1.637444916E0
7.420619417E0,-6.374643860E0,6.765930176E-2,-1.114582214E0
7.430658417E0,-6.378535767E0,1.763333130E-1,-5.908213806E-1
7.440698417E0,-6.508016510E0,2.261796570E-1,-2.451901245E-1
7.450738417E0,-6.805897064E0,2.945874023E-1,-2.329156494E-1
7.460778417E0,-7.162455597E0,2.191442871E-1,-4.278103638E-1
7.470818417E0,-7.360493774E0,1.119671631E-1,-7.111711121E-1
7.480858417E0,-7.463479614E0,-6.346801758E-2,-1.041085052E0
7.490898417E0,-7.677384796E0,-3.222798157E-1,-1.243464203E0
7.500938417E0,-7.816894684E0,-5.941145325E-1,-1.336420898E0
7.510978417E0,-7.997119904E0,-7.234455872E-1,-1.328786774E0
7.521017417E0,-8.201295319E0,-6.700067139E-1,-1.397942963E0
7.531057417E0,-8.465495911E0,-5.322930908E-1,-1.366508331E0
7.541097417E0,-8.731792145E0,-4.466711426E-1,-1.111588440E0
7.551137417E0,-8.889863434E0,-3.471281433E-1,-8.476872253E-1
7.561177417E0,-8.813372498E0,-2.486329651E-1,-5.821394348E-1
7.571217417E0,-8.656648407E0,-2.435435486E-1,-3.318598938E-1
7.581257417E0,-8.566386108E0,-1.631607056E-1,-2.398013306E-1
7.591297417E0,-8.538544006E0,3.263214111E-2,-3.016227722E-1
7.601336417E0,-8.697363739E0,1.776805115E-1,-3.950285339E-1
7.611376417E0,-9.015003204E0,2.644999695E-1,-4.695735168E-1
7.621416417E0,-9.303603058E0,3.128494263E-1,-3.839515686E-1
7.631456417E0,-9.515262909E0,3.567082214E-1,-3.577560425E-1
7.641496417E0,-9.665999451E0,3.538641357E-1,-5.674699402E-1
7.651536417E0,-9.821226654E0,3.329077148E-1,-9.919871521E-1
7.661576417E0,-1.011596375E1,2.615061951E-1,-1.410965881E0
7.671616417E0,-1.065454376E1,2.664459229E-2,-1.494941254E0
7.681656417E0,-1.140134079E1,-3.423381042E-1,-1.110241241E0
7.691695417E0,-1.213032486E1,-5.402265930E-1,-4.258644104E-1
7.701735417E0,-1.282458115E1,-3.565585327E-1,1.639091492E-1
7.711775417E0,-1.363439713E1,9.550140381E-2,4.391867065E-1
7.721815417E0,-1.452848785E1,6.128256226E-1,5.037025452E-1
7.731855417E0,-1.507604919E1,8.557704163E-1,5.275030518E-1
7.741895417E0,-1.492725861E1,6.559359741E-1,3.279679871E-1
7.751935417E0,-1.425904816E1,1.716929626E-1,-4.490661621E-4
7.761975417E0,-1.346210541E1,-7.003935242E-1,-2.074685669E-1
7.772015417E0,-1.287098465E1,-1.470691681E0,-8.452922058E-1
7.782054417E0,-1.243224701E1,-2.187401276E0,-2.223326569E0
7.792094417E0,-1.199380875E1,-2.724484406E0,-3.926784210E0
7.802134417E0,-1.161779068E1,-2.576891327E0,-5.708379364E0
7.812174417E0,-1.147184418E1,-1.525477753E0,-7.082222443E0
7.822214417E0,-1.076576248E1,-5.269042969E-2,-7.467820587E0
7.832254417E0,-9.240584106E0,1.283131714E0,-6.360273743E0
7.842294417E0,-7.920628967E0,2.019151154E0,-4.363426208E0
7.852334417E0,-7.304659882E0,2.163002014E0,-2.973267059E0
7.862374417E0,-7.238048401E0,1.727707214E0,-2.585124207E0
7.872413417E0,-7.561525726E0,1.508862305E0,-2.577041016E0
7.882453292E0,-8.112380219E0,1.467099152E0,-2.537972260E0
7.892493292E0,-9.103918304E0,1.173559570E0,-2.441872101E0
7.902533292E0,-1.016191818E1,7.217990112E-1,-2.393522644E0
7.912573292E0,-1.103340591E1,2.332150269E-1,-2.228266296E0
7.922613292E0,-1.157018967E1,-3.183879089E-1,-2.172731781E0
7.932653292E0,-1.163216080E1,-7.905061340E-1,-2.339185638E0
7.942693292E0,-1.151390671E1,-1.304088135E0,-2.547402649E0
7.952733292E0,-1.113324829E1,-1.727557526E0,-2.538870392E0
7.962772292E0,-1.041833496E1,-1.850751343E0,-2.470762024E0
7.972812292E0,-9.347461853E0,-1.638941803E0,-2.440824280E0
7.982852292E0,-8.202492828E0,-1.168470154E0,-2.312091980E0
7.992892292E0,-7.420219574E0,-7.620652771E-1,-1.978286133E0
8.002932292E0,-6.892417145E0,-3.044668579E-1,-1.554217987E0
8.012972292E0,-6.615343323E0,6.676116943E-2,-1.257684631E0
8.023012292E0,-6.624923401E0,4.239184570E-1,-1.187031555E0
8.033052292E0,-6.632258148E0,1.013392639E0,-1.273701324E0
8.043092292E0,-6.835685120E0,1.538650360E0,-1.245110779E0
8.053131292E0,-6.936725006E0,1.846560059E0,-1.242266693E0
8.063171292E0,-6.867868195E0,1.883533173E0,-1.332229614E0
8.073211292E0,-6.951244812E0,1.803000641E0,-1.469793549E0
8.083251292E0,-6.936874695E0,1.688339081E0,-1.552870789E0
8.093291292E0,-7.129524078E0,1.429377594E0,-1.565294952E0
8.103331292E0,-7.529342651E0,1.198557587E0,-1.420246582E0
8.113371292E0,-7.927215271E0,1.038540344E0,-1.306932220E0
8.123411292E0,-8.284971313E0,1.012793884E0,-1.257235565E0
8.133451292E0,-8.510252838E0,9.909393311E-1,-1.246907043E0
8.143490292E0,-8.563691711E0,1.002016296E0,-1.158890076E0
8.153530292E0,-8.444539490E0,1.075663147E0,-8.795709229E-1
8.163570292E0,-8.412206726E0,1.143172760E0,-4.263134766E-1
8.173610292E0,-8.557853851E0,1.155297546E0,1.887574768E-1
8.183650292E0,-8.771459656E0,1.012344818E0,6.656657410E-1
8.193690292E0,-9.024882660E0,7.970924377E-1,5.563929749E-1
8.203730292E0,-9.319320374E0,6.215075684E-1,2.607577515E-1
8.213770292E0,-9.622889099E0,5.504054260E-1,-1.945953369E-3
8.223810292E0,-9.578431549E0,5.083428955E-1,-3.231779480E-1
8.233850292E0,-9.156159668E0,3.610491943E-1,-5.707630920E-1
8.243889292E0,-8.646768951E0,2.363584900E-1,-7.912545776E-1
8.253929292E0,-8.403375092E0,3.595523071E-1,-1.171763306E0
8.263969292E0,-8.622070312E0,8.033793640E-1,-1.347647552E0
8.274009292E0,-9.205706635E0,1.536405029E0,-1.279090118E0
8.284049292E0,-1.038300842E1,2.290536804E0,-8.059240723E-1
8.294089292E0,-1.172571625E1,2.506387939E0,-6.137237549E-2
8.304129292E0,-1.263148270E1,2.545307007E0,2.812651062E-1
8.314169292E0,-1.317634964E1,2.440674591E0,5.014572144E-1
8.324209292E0,-1.366283798E1,2.077978821E0,6.782395935E-1
8.334248292E0,-1.418734726E1,1.771416321E0,2.743794250E-1
8.344288292E0,-1.431293610E1,1.581760712E0,-2.577639771E-1
8.354328292E0,-1.414693130E1,1.378932495E0,-1.083297272E0
8.364368292E0,-1.392868515E1,1.096918945E0,-2.776725769E0
8.374408292E0,-1.418345535E1,1.036145325E0,-4.769531708E0
8.384448292E0,-1.408031982E1,1.145268402E0,-6.028264160E0
8.394488292E0,-1.359098740E1,8.574169922E-1,-6.502777405E0
8.404528292E0,-1.263208145E1,6.197113037E-1,-6.568041687E0
8.414568292E0,-1.119611755E1,6.216572571E-1,-6.253096619E0
8.424608292E0,-9.788295135E0,7.490423584E-1,-5.592819672E0
8.434647292E0,-8.860823822E0,1.098415833E0,-4.830305328E0
8.444687292E0,-8.579259338E0,1.685195618E0,-4.234693909E0
8.454727292E0,-8.590785370E0,1.960024109E0,-3.692371674E0
8.464767292E0,-8.699010315E0,1.930535431E0,-3.065175934E0
8.474807292E0,-8.686286774E0,1.854493561E0,-2.538121948E0
8.484847292E0,-8.568781128E0,1.680555267E0,-2.276615753E0
8.494887292E0,-8.563542023E0,1.493294678E0,-2.248623962E0
8.504927292E0,-8.639733582E0,1.253193970E0,-2.403851166E0
8.514967292E0,-8.731043701E0,1.021625519E0,-2.575095062E0
8.525006292E0,-8.702752533E0,8.042774963E-1,-2.696492615E0
8.535046292E0,-8.500523071E0,4.691244507E-1,-2.697989502E0
8.545086292E0,-8.244405670E0,-1.434017944E-1,-2.538571014E0
8.555126292E0,-8.457263031E0,-6.165678406E-1,-2.281854858E0
8.565166292E0,-8.249345398E0,-6.409671021E-1,-2.310744781E0
8.575206292E0,-7.754923553E0,-4.716691589E-1,-2.446961517E0
8.585246292E0,-7.044500885E0,-3.884422302E-1,-2.521057434E0
8.595286292E0,-6.272855530E0,-5.743556213E-1,-2.223326569E0
8.605326292E0,-5.889053650E0,-7.426057434E-1,-1.814826050E0
8.615366292E0,-5.803282013E0,-7.256909180E-1,-1.479673004E0
8.625405292E0,-5.932912445E0,-6.737489319E-1,-1.229992218E0
8.635445292E0,-6.355783081E0,-5.198689270E-1,-1.057700500E0
8.645485292E0,-6.990313568E0,-2.832110596E-1,-1.059646454E0
8.655525292E0,-7.456294556E0,-1.166075134E-1,-1.140777740E0
8.665565292E0,-8.022267609E0,-1.631607056E-1,-1.216520233E0
8.675605292E0,-8.597072296E0,-2.935395813E-1,-1.360221405E0
8.685645292E0,-9.038354645E0,-3.198847961E-1,-1.491648102E0
8.695685292E0,-9.307794342E0,-2.335144043E-1,-1.521436157E0
8.705725292E0,-9.466464386E0,-8.277786255E-2,-1.458716583E0
8.715765292E0,-9.651329956E0,1.496887207E-3,-1.241069183E0
8.725804292E0,-9.818232880E0,1.496887207E-4,-8.767268372E-1
8.735844292E0,-9.846673737E0,7.933502197E-3,-5.478607178E-1
8.745884292E0,-9.803114319E0,6.167175293E-2,-3.326083374E-1
8.755924292E0,-9.599537659E0,1.425036621E-1,-2.393522644E-1
8.765964292E0,-9.211993561E0,1.722917175E-1,-3.073109436E-1
8.776004292E0,-8.748407593E0,1.827699280E-1,-2.784210205E-1
8.786044292E0,-8.340805206E0,2.291734314E-1,-1.526824951E-1
8.796084292E0,-8.074808350E0,3.468287659E-1,3.472778320E-2
8.806124292E0,-7.867788849E0,5.114863586E-1,2.824626160E-1
8.816164292E0,-7.921826477E0,6.909631348E-1,4.026626587E-1
8.826203292E0,-8.357720032E0,9.205856323E-1,2.649490356E-1
8.836243292E0,-9.103319550E0,1.125210114E0,-1.085243225E-1
8.846283292E0,-9.840686188E0,1.060394897E0,-6.971003723E-1
8.856323292E0,-1.034528687E1,7.165599060E-1,-1.153650970E0
8.866363292E0,-1.083761307E1,1.083746338E-1,-1.245410156E0
8.876403292E0,-1.147259262E1,-4.340972900E-1,-9.732760620E-1
8.886443667E0,-1.222822128E1,-4.959187317E-1,-5.054988098E-1
8.896483667E0,-1.311707291E1,-2.023791504E-1,-8.786727905E-2
8.906523667E0,-1.391117157E1,1.663041687E-1,2.140548706E-1
8.916563667E0,-1.436188431E1,5.402265930E-1,2.719844055E-1
8.926602667E0,-1.442924423E1,6.700067139E-1,5.822891235E-2
8.936642667E0,-1.400263138E1,1.522334290E-1,-2.927911377E-1
8.946682667E0,-1.336510712E1,-7.532336426E-1,-9.651928711E-1
8.956722667E0,-1.300540512E1,-1.511257324E0,-2.010169830E0
8.966762667E0,-1.289747955E1,-2.093097382E0,-3.240611115E0
8.976802667E0,-1.293714706E1,-2.795137482E0,-4.415667572E0
8.986842667E0,-1.296738419E1,-2.922372894E0,-5.326972504E0
8.996882667E0,-1.255304581E1,-2.018552399E0,-6.064039764E0
9.006922667E0,-1.150462601E1,-5.617817688E-1,-6.249055023E0
9.016962667E0,-1.014111145E1,6.557862854E-1,-5.678142242E0
9.027001667E0,-8.797355804E0,1.307231598E0,-4.586761780E0
9.037041667E0,-7.844886475E0,1.551224213E0,-3.478915558E0
9.047081667E0,-7.935298462E0,1.473535767E0,-2.756218414E0
9.057121667E0,-8.672964478E0,1.469943237E0,-2.445314941E0
9.067161667E0,-9.492959290E0,1.467398529E0,-2.346071320E0
9.077201667E0,-1.015847534E1,1.190474396E0,-2.262694702E0
9.087241667E0,-1.053045181E1,8.075706482E-1,-2.249671783E0
9.097281667E0,-1.064780777E1,3.969744873E-1,-2.329455872E0
9.107321667E0,-1.045306274E1,-5.194198608E-2,-2.425556030E0
9.117361667E0,-1.008722351E1,-6.833290100E-1,-2.328108673E0
9.127400667E0,-9.866582336E0,-1.366208954E0,-2.249372406E0
9.137440667E0,-9.625433807E0,-1.880838776E0,-2.241887970E0
9.147480667E0,-9.283245392E0,-2.129172363E0,-2.299967194E0
9.157520667E0,-8.744665375E0,-1.991009674E0,-2.377356262E0
9.167560667E0,-7.936196594E0,-1.482816467E0,-2.303110657E0
9.177600667E0,-7.176975403E0,-8.358618164E-1,-2.068548431E0
9.187640667E0,-6.512058105E0,-3.209326172E-1,-1.782942352E0
9.197680667E0,-5.993386688E0,1.618135071E-1,-1.463356934E0
9.207720667E0,-5.730084229E0,7.801776123E-1,-1.292412415E0
9.217760667E0,-5.754034424E0,1.447789307E0,-1.293160858E0
9.227800667E0,-6.198460236E0,2.081721039E0,-1.339414673E0
9.237839667E0,-6.695576477E0,2.620001678E0,-1.448388062E0
9.247879667E0,-7.131020966E0,2.885998535E0,-1.589993591E0
9.257919667E0,-7.476652222E0,2.935246124E0,-1.755399628E0
9.267959667E0,-7.722291412E0,2.695594482E0,-1.921105042E0
9.277999667E0,-8.123307495E0,2.263892212E0,-2.049687653E0
9.288039667E0,-8.808582458E0,1.730850677E0,-2.122136993E0
9.298079667E0,-9.332942047E0,1.175056458E0,-2.140848083E0
9.308119667E0,-9.577832794E0,7.975415039E-1,-2.042502594E0
9.318159667E0,-9.517957306E0,7.602690125E-1,-1.767374725E0
9.328199667E0,-9.183552704E0,9.485774231E-1,-1.386716309E0
9.338238667E0,-8.739126892E0,1.148262177E0,-9.833052063E-1
9.348278667E0,-8.357570343E0,1.179098053E0,-5.731581116E-1
9.358318667E0,-8.101452942E0,1.072220306E0,-2.435435486E-1
9.368358667E0,-7.996521149E0,8.937913513E-1,-4.041595459E-2
9.378398667E0,-8.120613098E0,7.686515808E-1,1.013392639E-1
9.388438667E0,-8.381221161E0,7.427554321E-1,1.380130005E-1
9.398478667E0,-8.710236969E0,6.204597473E-1,1.248403931E-1
9.408518667E0,-9.085207214E0,4.189787292E-1,4.640350342E-2
9.418558667E0,-9.470955048E0,3.330574036E-1,-1.679507446E-1
9.428598667E0,-9.776020660E0,3.644920349E-1,-4.351451111E-1
9.438638667E0,-1.004291565E1,4.441264343E-1,-7.414082336E-1
9.448677667E0,-1.033855087E1,6.256988525E-1,-1.102756805E0
9.458717667E0,-1.052715866E1,9.277706909E-1,-1.585802307E0
9.468757667E0,-1.074300980E1,1.447489929E0,-1.934427338E0
9.478797667E0,-1.087024521E1,2.070045319E0,-1.813179474E0
9.488837667E0,-1.101170105E1,2.582729187E0,-1.209335175E0
9.498877667E0,-1.146795227E1,2.894680481E0,-3.155438232E-1
9.508917667E0,-1.182885178E1,3.008294220E0,5.370831299E-1
9.518957667E0,-1.193962143E1,2.907703400E0,9.511221313E-1
9.528997667E0,-1.197255295E1,2.562670898E0,7.864645386E-1
9.539037667E0,-1.204440353E1,1.944456482E0,3.487747192E-1
9.549076667E0,-1.222672440E1,1.318458252E0,-4.321513367E-1
9.559116667E0,-1.268716690E1,1.019230499E0,-1.680555267E0
9.569156667E0,-1.328202988E1,1.217418365E0,-3.207829285E0
9.579196667E0,-1.364083374E1,1.368603973E0,-4.715943146E0
9.589236667E0,-1.359787308E1,1.050814819E0,-5.967640228E0
9.599276667E0,-1.320928116E1,6.634204102E-1,-7.090455322E0
9.609316667E0,-1.180714691E1,1.240919495E-1,-7.545059967E0
9.619356667E0,-1.033780243E1,-4.453239441E-1,-7.076534271E0
9.629396667E0,-9.023086395E0,-6.445596313E-1,-5.931116180E0
9.639436667E0,-8.032745819E0,-3.490740967E-1,-4.414320374E0
9.649476667E0,-7.593858490E0,1.163081360E-1,-3.051404572E0
9.659515667E0,-7.625891876E0,4.688250732E-1,-2.248025208E0
9.669555667E0,-7.807015228E0,7.517367554E-1,-1.750459900E0
9.679595667E0,-8.132588196E0,1.089584198E0,-1.553319855E0
9.689635667E0,-8.594078522E0,1.408271484E0,-1.485211487E0
9.699675667E0,-9.175170135E0,1.679806824E0,-1.428629150E0
9.709715667E0,-9.646390228E0,1.864073639E0,-1.531165924E0
9.719755667E0,-1.003992188E1,1.931283875E0,-1.909129944E0
9.729795667E0,-1.033271301E1,1.804497528E0,-2.408940582E0
9.739835667E0,-1.054272629E1,1.495540009E0,-2.755619659E0
9.749875667E0,-1.053329590E1,1.079704742E0,-2.893932037E0
9.759915667E0,-1.019080811E1,7.135661316E-1,-2.940335541E0
9.769954667E0,-9.574240265E0,4.436773682E-1,-2.946921844E0
9.779994667E0,-8.793613586E0,3.266207886E-1,-2.765948181E0
9.790034667E0,-8.001311188E0,2.647993469E-1,-2.379302216E0
9.800074667E0,-7.361242218E0,2.818638611E-1,-1.828597412E0
9.810114667E0,-6.821464691E0,2.854563904E-1,-1.207089844E0
9.820154667E0,-6.566544800E0,1.776805115E-1,-6.457571411E-1
9.830194667E0,-6.379284210E0,5.837860107E-2,-4.116439819E-1
9.840234667E0,-6.391109619E0,-1.043330383E-1,-4.382885742E-1
9.850274667E0,-6.616840210E0,-1.868115234E-1,-7.143145752E-1
9.860314667E0,-6.895560608E0,-2.450404358E-1,-9.690847778E-1
9.870354667E0,-7.196584625E0,-3.649411011E-1,-1.143023071E0
9.880393667E0,-7.393275604E0,-5.020559692E-1,-1.271455994E0
9.890432958E0,-7.618108063E0,-6.659651184E-1,-1.278790741E0
9.900472958E0,-7.959847412E0,-7.491920471E-1,-1.193318481E0
9.910512958E0,-8.357720032E0,-7.291337585E-1,-1.122515717E0
9.920552958E0,-8.781339111E0,-6.602769470E-1,-1.052611084E0
9.930592958E0,-9.073830872E0,-6.010002136E-1,-9.922865295E-1
9.940632958E0,-9.159602509E0,-6.819818115E-1,-8.671467590E-1
9.950672958E0,-9.067244568E0,-7.903564453E-1,-6.450086975E-1
9.960712958E0,-8.902137909E0,-8.220904541E-1,-5.595364380E-1
9.970752958E0,-8.712033234E0,-6.833290100E-1,-5.254074097E-1
9.980792958E0,-8.578211517E0,-3.799099731E-1,-4.927752686E-1
9.990831958E0,-8.581205292E0,-3.233276367E-2,-4.138893127E-1
1.000087196E1,-8.794960785E0,2.850073242E-1,-3.905378723E-1
1.001091196E1,-9.126221924E0,6.285429382E-1,-5.375321960E-1
1.002095196E1,-9.387129364E0,9.159452820E-1,-7.972421265E-1
1.003099196E1,-9.754764862E0,1.105451202E0,-1.020128632E0
1.004103196E1,-1.015188904E1,1.233584747E0,-1.209933929E0
1.005107196E1,-1.037507492E1,1.232087860E0,-1.216220856E0
1.006111196E1,-1.056053925E1,9.009764099E-1,-1.014290771E0
1.007115196E1,-1.075034454E1,3.360511780E-1,-6.536906433E-1
1.008119196E1,-1.100436630E1,-3.412902832E-1,-2.151026917E-1
1.009123196E1,-1.144100830E1,-1.056952057E0,1.595681763E-1
1.010127196E1,-1.199560501E1,-1.656006317E0,3.135978699E-1
1.011131096E1,-1.264555344E1,-1.836830292E0,3.010240173E-1
1.012135096E1,-1.306108932E1,-1.487456818E0,1.652563477E-1
1.013139096E1,-1.315614166E1,-9.517208862E-1,1.886077881E-2
1.014143096E1,-1.308069855E1,-3.727249146E-1,-4.565505981E-2
1.015147096E1,-1.285062698E1,1.001417542E-1,-1.218466187E-1
1.016151096E1,-1.253687943E1,2.077679443E-1,-4.264631653E-1
1.017155096E1,-1.227327759E1,-3.396437073E-1,-9.289682007E-1
1.018159096E1,-1.257594818E1,-1.239721985E0,-1.919308777E0
1.019163096E1,-1.353739883E1,-2.231858826E0,-3.441792755E0
1.020167096E1,-1.455183929E1,-2.783910828E0,-4.807402954E0
1.021171096E1,-1.454435486E1,-1.973795471E0,-5.711971893E0
1.022174996E1,-1.263582367E1,-2.860551453E-1,-5.875431976E0
1.023178996E1,-1.002091141E1,1.009800110E0,-5.190755768E0
1.024182996E1,-7.677384796E0,1.629960480E0,-3.822002106E0
1.025186996E1,-6.180796967E0,1.774859161E0,-2.525548096E0
1.026190996E1,-5.923631744E0,1.544338531E0,-1.812580719E0
1.027194996E1,-6.527476044E0,1.116228790E0,-1.574126587E0
1.028198996E1,-7.489226074E0,4.348457336E-1,-1.625469818E0
1.029202996E1,-8.603658600E0,-3.276686096E-1,-1.693129120E0
1.030206996E1,-9.681118011E0,-7.228468323E-1,-1.693428497E0
1.031210996E1,-1.047371979E1,-7.812254333E-1,-1.650318146E0
1.032214996E1,-1.078462326E1,-7.451504517E-1,-1.705403595E0
1.033218996E1,-1.092682755E1,-8.032296753E-1,-1.944007416E0
1.034222896E1,-1.102622086E1,-9.150471497E-1,-2.324516144E0
1.035226896E1,-1.089808731E1,-8.282276917E-1,-2.777174835E0
1.036230896E1,-1.042522064E1,-4.549040222E-1,-3.210823059E0
1.037234896E1,-9.677525482E0,4.490661621E-4,-3.402873688E0
1.038238896E1,-8.725056152E0,2.465373230E-1,-3.143463135E0
1.039242896E1,-7.902516632E0,3.418890381E-1,-2.656974792E0
1.040246896E1,-7.378606110E0,5.010081482E-1,-2.039209442E0
1.041250896E1,-7.083270264E0,7.556286621E-1,-1.488504639E0
1.042254896E1,-7.032974854E0,1.133293304E0,-1.130449219E0
1.043258896E1,-6.988816681E0,1.620081024E0,-8.318202209E-1
1.044262896E1,-7.115153961E0,1.970801697E0,-5.469625854E-1
1.045266796E1,-7.211104431E0,2.145937500E0,-4.692741394E-1
1.046270796E1,-7.200177155E0,2.218536530E0,-6.945556641E-1
1.047274796E1,-7.130571899E0,2.144141235E0,-1.030008087E0
1.048278796E1,-7.209906921E0,1.779349823E0,-1.252894592E0
1.049282796E1,-7.574548645E0,1.263821869E0,-1.416803741E0
1.050286796E1,-7.882158966E0,8.828640747E-1,-1.473236389E0
1.051290796E1,-8.192763062E0,6.653663635E-1,-1.361718292E0
1.052294796E1,-8.578959961E0,5.755531311E-1,-1.143023071E0
1.053298796E1,-8.813522186E0,5.484594727E-1,-8.628057861E-1
1.054302796E1,-8.943601685E0,5.432203674E-1,-5.831872559E-1
1.055306796E1,-9.027277679E0,5.367837524E-1,-3.038681030E-1
1.056310796E1,-9.033564606E0,4.948709106E-1,-7.813751221E-2
1.057314696E1,-9.068591766E0,4.236190796E-1,-1.841171265E-2
1.058318696E1,-9.136101379E0,3.903881836E-1,-1.207987976E-1
1.059322696E1,-9.334438934E0,4.221221924E-1,-1.538800049E-1
1.060326696E1,-9.619595947E0,4.700225830E-1,-6.646179199E-2
1.061330696E1,-9.956545258E0,4.346960449E-1,5.613327026E-2
1.062334696E1,-1.007360184E1,2.854563904E-1,1.725910950E-1
1.063338696E1,-9.951605530E0,1.731898499E-1,2.299218750E-1
1.064342696E1,-9.609417114E0,3.484753418E-1,1.119671631E-1
1.065346696E1,-9.252409515E0,7.833210754E-1,-2.715353394E-1
1.066350696E1,-9.126521301E0,1.331780548E0,-8.319699097E-1
1.067354696E1,-9.510622559E0,1.885479126E0,-1.067579956E0
1.068358696E1,-1.016715729E1,2.507286072E0,-8.286767578E-1
1.069362596E1,-1.108564728E1,3.330723724E0,-3.498225403E-1
1.070366596E1,-1.205039108E1,3.717369690E0,2.899470520E-1
1.071370596E1,-1.283640656E1,3.763773193E0,5.773493958E-1
1.072374596E1,-1.311707291E1,3.737427979E0,3.318598938E-1
1.073378596E1,-1.292457321E1,3.300486603E0,8.442443848E-2
1.074382596E1,-1.251861740E1,2.625390472E0,-1.781295776E-2
1.075386596E1,-1.212927704E1,1.934876404E0,-1.902543640E-1
1.076390596E1,-1.185953796E1,1.078656921E0,-7.307803345E-1
1.077394596E1,-1.173858948E1,7.053332520E-1,-1.585951996E0
1.078398596E1,-1.169667664E1,7.533833313E-1,-2.643203430E0
1.079402596E1,-1.155372391E1,7.411088562E-1,-3.793261871E0
1.080406596E1,-1.139176071E1,2.489323425E-1,-4.868625641E0
1.081410596E1,-1.109492798E1,-5.631289673E-1,-5.738466797E0
1.082414496E1,-1.057281372E1,-9.913883972E-1,-6.455775146E0
1.083418496E1,-1.012195129E1,-8.129594421E-1,-6.549180908E0
1.084422496E1,-9.629325714E0,-3.863465881E-1,-6.159840546E0
1.085426496E1,-9.475894775E0,1.157093811E-1,-5.474715271E0
1.086430496E1,-9.547146606E0,2.671943665E-1,-4.737348633E0
1.087434496E1,-9.828262024E0,8.622070312E-2,-4.082011414E0
1.088438579E1,-9.969268799E0,1.703457642E-1,-3.497177582E0
1.089442579E1,-9.934241638E0,5.197192383E-1,-3.200943604E0
1.090446579E1,-9.858648834E0,9.297166443E-1,-3.166365509E0
1.091450579E1,-9.664352875E0,1.300645294E0,-3.221750336E0
1.092454579E1,-9.441616058E0,1.492097168E0,-3.093467102E0
1.093458579E1,-9.137598267E0,1.599873047E0,-2.747087402E0
1.094462479E1,-8.729696503E0,1.634600830E0,-2.425106964E0
1.095466479E1,-8.262218628E0,1.375339966E0,-2.175276489E0
1.096470479E1,-8.175548859E0,9.939331055E-1,-1.951791229E0
1.097474479E1,-7.836054840E0,8.134085083E-1,-1.936223602E0
1.098478479E1,-7.178771667E0,4.986131287E-1,-1.833836517E0
1.099482479E1,-6.716383209E0,1.811233521E-2,-1.593137054E0
1.100486479E1,-6.448290710E0,-3.586541748E-1,-1.262324982E0
1.101490479E1,-6.351741486E0,-5.625302124E-1,-9.837542725E-1
1.102494479E1,-6.396797791E0,-7.111711121E-1,-8.059240723E-1
1.103498479E1,-6.754404144E0,-9.169931030E-1,-7.213499451E-1
1.104502479E1,-7.216193848E0,-1.164129181E0,-7.641609192E-1
1.105506479E1,-7.653883667E0,-1.397344208E0,-8.605604553E-1
1.106510379E1,-8.032596130E0,-1.497336273E0,-1.042132874E0
1.107514379E1,-8.297096100E0,-1.423988800E0,-1.387614441E0
1.108518379E1,-8.446036377E0,-1.256936188E0,-1.705403595E0
1.109522379E1,-8.595126343E0,-9.674382019E-1,-1.874551849E0
1.110526379E1,-8.760831757E0,-6.203100586E-1,-1.940115509E0
1.111530379E1,-8.965007172E0,-3.474275208E-1,-1.797162781E0
1.112534379E1,-9.170529785E0,-1.630110168E-1,-1.505868530E0
1.113538379E1,-9.283395081E0,-6.556365967E-2,-1.115779724E0
1.114542379E1,-9.213789825E0,-1.401086426E-1,-7.752378845E-1
1.115546379E1,-9.107810211E0,-3.219804382E-1,-5.932164001E-1
1.116550379E1,-9.005872192E0,-3.800596619E-1,-6.557862854E-1
1.117554379E1,-8.899443512E0,-3.468287659E-1,-8.988807678E-1
1.118558279E1,-8.808432770E0,-2.863545227E-1,-1.152004395E0
1.119562279E1,-8.760532379E0,-1.267863464E-1,-1.166374512E0
1.120566279E1,-8.755742340E0,5.718109131E-2,-9.364526367E-1
1.121570279E1,-8.758586426E0,2.510279846E-1,-6.423143005E-1
1.122574279E1,-8.787626038E0,5.227130127E-1,-3.341052246E-1
1.123578279E1,-8.945847015E0,8.048762512E-1,-1.751358032E-2
1.124582279E1,-9.124874725E0,1.015787659E0,1.746867371E-1
1.125586279E1,-9.339977417E0,1.132395172E0,8.217910767E-2
1.126590279E1,-9.620494080E0,1.151555328E0,-2.883004761E-1
1.127594279E1,-9.906249847E0,1.045276337E0,-8.020321655E-1
1.128598279E1,-1.016730698E1,7.701484680E-1,-1.283431091E0
1.129602279E1,-1.044378204E1,2.311193848E-1,-1.153501282E0
1.130606179E1,-1.083701431E1,-4.058061218E-1,-4.002676392E-1
1.131610179E1,-1.122695343E1,-8.587641907E-1,3.273692322E-1
1.132614179E1,-1.147678391E1,-1.179397430E0,8.014334106E-1
1.133618179E1,-1.195039902E1,-1.248254242E0,1.025367737E0
1.134622179E1,-1.274719208E1,-1.106798401E0,7.948471069E-1
1.135626179E1,-1.357556946E1,-9.871971130E-1,1.228944397E-1
1.136630179E1,-1.418824539E1,-8.499325562E-1,-8.487350464E-1
1.137634179E1,-1.449750229E1,-7.830216980E-1,-1.919009399E0
1.138638179E1,-1.444002182E1,-9.508227539E-1,-3.068169708E0
1.139642179E1,-1.438299042E1,-1.297651520E0,-4.256847839E0
1.140646179E1,-1.441547287E1,-1.830393677E0,-5.205125885E0
1.141650179E1,-1.439077423E1,-2.145039368E0,-5.919739838E0
1.142654179E1,-1.378303802E1,-1.434167633E0,-6.542893982E0
1.143658079E1,-1.219693634E1,-1.240919495E-1,-6.560706940E0
1.144662079E1,-1.018631744E1,1.074166260E0,-5.796995087E0
1.145666079E1,-8.247399445E0,1.988315277E0,-4.431235199E0
1.146670079E1,-6.779701538E0,2.461930389E0,-3.016976166E0
1.147674079E1,-6.440506897E0,2.197131042E0,-2.130669250E0
1.148678079E1,-7.108118591E0,1.432820435E0,-1.823507996E0
1.149682079E1,-8.169411621E0,5.134323120E-1,-1.870959320E0
1.150686079E1,-9.182055817E0,-3.776646423E-1,-2.058668976E0
1.151690079E1,-9.996212769E0,-1.083147583E0,-2.187700653E0
1.152694079E1,-1.053164932E1,-1.439706116E0,-2.369572449E0
1.153698079E1,-1.083910995E1,-1.509760437E0,-2.781665497E0
1.154702079E1,-1.084928879E1,-1.588646393E0,-3.256178741E0
1.155706079E1,-1.078312637E1,-1.691632233E0,-3.320993958E0
1.156709979E1,-1.049183212E1,-1.500030670E0,-3.190465393E0
1.157713979E1,-9.864935760E0,-1.094673615E0,-3.015030212E0
1.158717979E1,-9.146429901E0,-6.253994751E-1,-2.666554871E0
1.159721979E1,-8.312963104E0,-7.214996338E-2,-2.302661591E0
1.160725979E1,-7.581883392E0,4.242178345E-1,-2.101929016E0
1.161729979E1,-6.919660492E0,8.613088989E-1,-1.985171814E0
1.162733979E1,-6.427184601E0,1.197060699E0,-1.727557526E0
1.163737979E1,-6.157894592E0,1.595382385E0,-1.522034912E0
1.164741979E1,-6.093079376E0,2.104024658E0,-1.361119537E0
1.165745979E1,-6.093678131E0,2.555036774E0,-1.069376221E0
1.166749979E1,-6.156248016E0,2.646945648E0,-8.451425171E-1
1.167753979E1,-6.471193085E0,2.490221558E0,-8.222401428E-1
1.168757879E1,-6.924001465E0,2.216590576E0,-9.503736877E-1
1.169761879E1,-7.344327393E0,1.869761810E0,-1.187181244E0
1.170765879E1,-7.899073792E0,1.399140472E0,-1.491049347E0
1.171769879E1,-8.517737274E0,8.656498718E-1,-1.693428497E0
1.172773879E1,-8.935668182E0,4.656816101E-1,-1.662143555E0
1.173777879E1,-9.114995270E0,1.363664246E-1,-1.548529816E0
1.174781879E1,-8.975784760E0,1.552272034E-1,-1.309476929E0
1.175785879E1,-8.699459381E0,3.730242920E-1,-1.010847931E0
1.176789879E1,-8.638985138E0,5.885760498E-1,-6.505471802E-1
1.177793879E1,-8.925189972E0,6.831793213E-1,-1.692979431E-1
1.178797879E1,-9.239536285E0,5.809419250E-1,1.701960754E-1
1.179801879E1,-9.419611816E0,3.869453430E-1,6.930587769E-2
1.180805879E1,-9.527238007E0,3.435356140E-1,-4.293072510E-1
1.181809779E1,-9.624535675E0,4.364923096E-1,-8.852590942E-1
1.182813779E1,-9.654623108E0,3.056643677E-1,-7.734416199E-1
1.183817779E1,-9.334738312E0,1.014889526E-1,-4.604425049E-1
1.184821779E1,-8.742869110E0,-3.772155762E-2,-3.600013733E-1
1.185825779E1,-8.392148438E0,-5.777984619E-2,-7.161108398E-1
1.186829779E1,-8.477920074E0,1.995350647E-1,-1.440753937E0
1.187833779E1,-9.016799469E0,8.735833740E-1,-1.968855743E0
1.188837729E1,-9.911189575E0,1.745220795E0,-1.861528931E0
1.189841729E1,-1.103355560E1,2.398162994E0,-9.490264893E-1
1.190845729E1,-1.194111832E1,2.651735687E0,3.367996216E-2
1.191849729E1,-1.261322067E1,2.625839539E0,4.026626587E-1
1.192853729E1,-1.309656555E1,2.272574158E0,1.707948303E-1
1.193857729E1,-1.342857513E1,1.974543915E0,-4.044589233E-1
1.194861629E1,-1.351045486E1,1.682351532E0,-8.675958252E-1
1.195865629E1,-1.358215576E1,1.517993317E0,-1.430126038E0
1.196869629E1,-1.351494553E1,1.567390594E0,-2.131268005E0
1.197873629E1,-1.350072510E1,1.709894257E0,-2.802172852E0
1.198877629E1,-1.324954742E1,2.128723297E0,-3.516936493E0
1.199881629E1,-1.282697617E1,2.544857941E0,-4.108955383E0
1.200885629E1,-1.225471619E1,2.412233734E0,-4.522245941E0
1.201889629E1,-1.139206009E1,2.008373566E0,-4.881199493E0
1.202893629E1,-1.062580353E1,1.311572571E0,-5.042713623E0
1.203897629E1,-9.786798248E0,5.129832458E-1,-4.993466034E0
1.204901629E1,-9.019793243E0,-2.061213684E-1,-4.612358551E0
1.205905629E1,-8.284971313E0,-6.321354675E-1,-3.958518219E0
1.206909529E1,-7.741152191E0,-6.396199036E-1,-3.383713531E0
1.207913529E1,-7.574249268E0,-2.845582581E-1,-2.953059082E0
1.208917529E1,-7.587721252E0,1.378633118E-1,-2.652783508E0
1.209921529E1,-7.832162933E0,4.605921936E-1,-2.521057434E0
1.210925529E1,-8.312064972E0,6.695576477E-1,-2.526745605E0
1.211929529E1,-8.897796936E0,7.447013855E-1,-2.591710510E0
1.212933529E1,-9.477691040E0,8.177494812E-1,-2.740950165E0
1.213937529E1,-9.898166656E0,8.649014282E-1,-2.907404022E0
1.214941529E1,-1.005773483E1,8.996292114E-1,-3.021616516E0
1.215945529E1,-9.828561401E0,8.967851257E-1,-3.086581421E0
1.216949529E1,-9.279203796E0,9.307644653E-1,-3.079995117E0
1.217953529E1,-8.578361206E0,8.611592102E-1,-2.887345734E0
1.218957429E1,-7.919431458E0,6.794371033E-1,-2.567011871E0
1.219961429E1,-7.355853424E0,5.170248413E-1,-2.250719604E0
1.220965429E1,-7.025789795E0,3.570075989E-1,-1.863923950E0
1.221969429E1,-6.849007416E0,1.236428833E-1,-1.522933044E0
1.222973429E1,-6.808591461E0,-1.793270874E-1,-1.289718018E0
1.223977429E1,-6.907086639E0,-4.589456177E-1,-1.165925446E0
1.224981429E1,-7.039561157E0,-7.490423584E-1,-1.094673615E0
1.225985429E1,-7.310348053E0,-1.014141083E0,-1.033301239E0
1.226989429E1,-7.536228333E0,-1.051862640E0,-1.140927429E0
1.227993429E1,-7.648045807E0,-9.032217407E-1,-1.367256775E0
1.228997429E1,-7.722740479E0,-6.478527832E-1,-1.572480011E0
1.230001429E1,-7.846832428E0,-4.330494690E-1,-1.731150055E0
1.231005429E1,-8.104297028E0,-2.603086853E-1,-1.841171265E0
1.232009329E1,-8.414751434E0,-1.362167358E-1,-1.823507996E0
1.233013329E1,-8.682694244E0,1.152603149E-2,-1.662442932E0
1.234017329E1,-8.876391449E0,1.466949463E-1,-1.428629150E0
1.235021329E1,-8.993597717E0,2.767744446E-1,-1.212628326E0
1.236025329E1,-9.066196747E0,3.092568970E-1,-1.031654663E0
1.237029329E1,-9.085955658E0,2.815644836E-1,-9.039701843E-1
1.238033329E1,-9.053922272E0,1.465452576E-1,-8.535250854E-1
1.239037329E1,-8.967402191E0,1.595681763E-1,-8.771759033E-1
1.240041329E1,-8.820258179E0,3.138972473E-1,-8.384065247E-1
1.241045329E1,-8.856632538E0,5.044509888E-1,-7.631130981E-1
1.242049329E1,-8.997789001E0,5.382806396E-1,-6.608757019E-1
1.243053329E1,-9.153016205E0,4.397854614E-1,-6.873706055E-1
1.244057329E1,-9.413773956E0,3.692820740E-1,-7.581733704E-1
1.245061229E1,-9.866582336E0,3.656895447E-1,-8.382568359E-1
1.246065229E1,-1.028196854E1,4.581971741E-1,-1.041234741E0
1.247069229E1,-1.051129166E1,4.760101318E-1,-1.449136505E0
1.248073229E1,-1.058269318E1,2.236349487E-1,-1.706152039E0
1.249077229E1,-1.066232758E1,-2.757266235E-1,-1.426234131E0
1.250081229E1,-1.095960938E1,-9.327104187E-1,-6.921606445E-1
1.251085229E1,-1.140149048E1,-1.458117828E0,7.304809570E-2
1.252089229E1,-1.197135544E1,-1.644779663E0,5.539979553E-1
1.253093229E1,-1.283191589E1,-1.424587555E0,8.144563293E-1
1.254097229E1,-1.370280487E1,-1.088386688E0,7.819738770E-1
1.255101229E1,-1.427596298E1,-7.436535645E-1,1.297801208E-1
1.256105229E1,-1.431997147E1,-5.626799011E-1,-9.095086670E-1
1.257109229E1,-1.389051453E1,-7.152127075E-1,-1.968107300E0
1.258113129E1,-1.337618408E1,-1.323098602E0,-2.949316864E0
1.259117129E1,-1.314102310E1,-1.892963562E0,-3.848646698E0
1.260121129E1,-1.316437454E1,-2.077080688E0,-4.717290344E0
1.261125129E1,-1.312710205E1,-1.811832275E0,-5.427713013E0
1.262129129E1,-1.245964005E1,-7.409591675E-1,-5.899082794E0
1.263133129E1,-1.103909409E1,6.957531738E-1,-5.947282562E0
1.264137129E1,-9.368118896E0,2.009571075E0,-5.486840057E0
1.265141129E1,-7.785010986E0,2.834355927E0,-4.580774231E0
1.266145129E1,-6.703360291E0,2.989583130E0,-3.468736725E0
1.267149129E1,-6.732399902E0,2.595752106E0,-2.633473663E0
1.268153129E1,-7.563022614E0,1.974693604E0,-2.174078979E0
1.269157129E1,-8.498577118E0,1.093027039E0,-2.016307068E0
1.270161129E1,-9.526040497E0,8.098159790E-2,-1.941013641E0
1.271165029E1,-1.051129166E1,-6.539900208E-1,-2.008523254E0
1.272169029E1,-1.115076187E1,-1.036444702E0,-2.146386566E0
1.273173029E1,-1.142648849E1,-1.154848480E0,-2.381397858E0
1.274177029E1,-1.167841461E1,-1.269510040E0,-2.714455261E0
1.275181029E1,-1.177211975E1,-1.419947205E0,-3.038531342E0
1.276185029E1,-1.140598114E1,-1.410217438E0,-3.172951813E0
1.277189029E1,-1.057371185E1,-1.121318207E0,-3.180286560E0
1.278193029E1,-9.339678040E0,-6.400689697E-1,-2.820135498E0
1.279197029E1,-8.011939087E0,-1.450483704E-1,-2.347568207E0
1.280201029E1,-7.001540222E0,1.803749084E-1,-2.031725006E0
1.281205029E1,-6.164929962E0,5.677693176E-1,-1.737137604E0
1.282209029E1,-5.524860992E0,1.173409882E0,-1.521885223E0
1.283212929E1,-5.422324219E0,1.759590912E0,-1.313967590E0
1.284216929E1,-5.424419861E0,2.222727814E0,-1.090781708E0
1.285220929E1,-5.700146484E0,2.462978210E0,-8.292755127E-1
1.286224929E1,-6.052962799E0,2.530188446E0,-6.412664795E-1
1.287228929E1,-6.452781372E0,2.377356262E0,-6.578819275E-1
1.288232892E1,-6.691834259E0,2.060614929E0,-9.012757874E-1
1.289236892E1,-6.839726715E0,1.747466125E0,-1.280437317E0
1.290240892E1,-7.154073029E0,1.397793274E0,-1.654509430E0
1.291244892E1,-7.710316315E0,9.843530273E-1,-1.812431030E0
1.292248892E1,-8.299940186E0,5.074447632E-1,-1.790875854E0
1.293252892E1,-8.728199615E0,3.100053406E-1,-1.532213745E0
1.294256892E1,-8.893156586E0,3.727249146E-1,-1.210382996E0
1.295260892E1,-8.781339111E0,5.959107971E-1,-9.768685913E-1
1.296264792E1,-8.452323303E0,9.196875000E-1,-8.476872253E-1
1.297268792E1,-8.224796448E0,1.112785950E0,-7.134164429E-1
1.298272792E1,-8.249195709E0,1.189127197E0,-5.915698242E-1
1.299276792E1,-8.602910156E0,1.175206146E0,-4.911286926E-1
1.300280792E1,-9.172026672E0,1.070124664E0,-4.288581848E-1
1.301284792E1,-9.735455017E0,8.397537231E-1,-4.218228149E-1
1.302288792E1,-1.017898270E1,5.646258545E-1,-4.041595459E-1
1.303292792E1,-1.041279648E1,1.859133911E-1,-3.847000122E-1
1.304296792E1,-1.039618103E1,-2.502795410E-1,-4.643344116E-1
1.305300792E1,-1.025128235E1,-4.897814941E-1,-6.870712280E-1
1.306304792E1,-1.008887009E1,-4.291575623E-1,-1.018182678E0
1.307308792E1,-1.021266266E1,-9.160949707E-2,-1.224304047E0
1.308312792E1,-1.044423111E1,5.878276062E-1,-1.072220306E0
1.309316692E1,-1.066786606E1,1.554217987E0,-7.882608032E-1
1.310320692E1,-1.122276215E1,2.552492065E0,-3.564088440E-1
1.311324692E1,-1.187854843E1,3.118614807E0,3.059637451E-1
1.312328692E1,-1.247251328E1,3.464844818E0,3.879931641E-1
1.313332692E1,-1.270288422E1,3.356619873E0,-9.026229858E-2
1.314336692E1,-1.285377045E1,2.929408264E0,-5.605842590E-1
1.315340692E1,-1.282248550E1,2.424957275E0,-8.702902222E-1
1.316344692E1,-1.285302200E1,1.822460175E0,-1.246907043E0
1.317348692E1,-1.296618668E1,1.475332031E0,-2.082170105E0
1.318352692E1,-1.330373474E1,1.735790405E0,-3.267106018E0
1.319356692E1,-1.331870361E1,2.537074127E0,-4.275708618E0
1.320360692E1,-1.319266571E1,2.881208496E0,-5.128634949E0
1.321364692E1,-1.277877640E1,2.497256927E0,-5.995781708E0
1.322368692E1,-1.190878555E1,1.777104492E0,-6.526428223E0
1.323372592E1,-1.071142548E1,7.111711121E-1,-6.213429108E0
1.324376592E1,-9.324260101E0,-2.103126526E-1,-5.335055695E0
1.325380592E1,-8.211474152E0,-5.292993164E-1,-4.246669006E0
1.326384592E1,-7.484436035E0,-4.577481079E-1,-3.121009827E0
1.327388592E1,-7.255262604E0,-2.445913696E-1,-2.467618561E0
1.328392592E1,-7.530091095E0,5.688171387E-2,-2.377805328E0
1.329396592E1,-8.055049438E0,4.152365112E-1,-2.496957550E0
1.330400592E1,-8.616082764E0,7.445516968E-1,-2.634671173E0
1.331404592E1,-9.064400482E0,1.015039215E0,-2.832559662E0
1.332408592E1,-9.416468353E0,1.094074860E0,-2.993774414E0
1.333412592E1,-9.535620575E0,1.000968475E0,-3.128793640E0
1.334416592E1,-9.413324890E0,8.223898315E-1,-3.226989441E0
1.335420592E1,-9.213340759E0,4.655319214E-1,-3.189716949E0
1.336424492E1,-9.326505432E0,-7.978408813E-2,-2.986439667E0
1.337428492E1,-9.347910919E0,-1.829196167E-1,-2.864293671E0
1.338432492E1,-8.828191681E0,1.721420288E-2,-2.868185577E0
1.339436492E1,-8.036488037E0,2.799179077E-2,-2.706671448E0
1.340440492E1,-7.475155334E0,-4.894821167E-2,-2.301464081E0
1.341444492E1,-7.051087189E0,-5.733078003E-2,-1.822909241E0
1.342448492E1,-6.780749359E0,6.825805664E-2,-1.338965607E0
1.343452492E1,-6.549031219E0,2.149530029E-1,-9.979747009E-1
1.344456492E1,-6.368356934E0,1.279838562E-1,-7.646099854E-1
1.345460492E1,-6.611601105E0,-7.978408813E-2,-6.631210327E-1
1.346464492E1,-7.115303650E0,-2.809657288E-1,-8.187973022E-1
1.347468492E1,-7.493567047E0,-4.450245667E-1,-1.080004120E0
1.348472492E1,-7.748786316E0,-6.345304871E-1,-1.287322998E0
1.349476392E1,-8.015980682E0,-7.646099854E-1,-1.425036621E0
1.350480392E1,-8.234825592E0,-8.689430237E-1,-1.478475494E0
1.351484392E1,-8.449628906E0,-8.704399109E-1,-1.442999268E0
1.352488392E1,-8.690777435E0,-7.581733704E-1,-1.312770081E0
1.353492392E1,-8.926986237E0,-5.734574890E-1,-1.135388947E0
1.354496392E1,-9.079968109E0,-3.736230469E-1,-9.981243896E-1
1.355500392E1,-9.098828888E0,-2.326162720E-1,-8.605604553E-1
1.356504392E1,-9.027427368E0,-9.894424438E-2,-7.173083496E-1
1.357508392E1,-8.912765808E0,-1.257385254E-2,-6.304888916E-1
1.358512392E1,-8.784033508E0,-2.110610962E-2,-5.737568665E-1
1.359516392E1,-8.686735840E0,-3.577560425E-2,-4.923262024E-1
1.360520392E1,-8.618627472E0,3.906875610E-2,-3.713777161E-1
1.361524392E1,-8.655450897E0,1.917512512E-1,-2.154020691E-1
1.362528292E1,-8.777447205E0,2.981799316E-1,-6.691085815E-2
1.363532292E1,-9.047635345E0,2.877017212E-1,-8.981323242E-3
1.364536292E1,-9.378447418E0,3.068618774E-1,-1.082249451E-1
1.365540292E1,-9.632618866E0,2.242337036E-1,-2.356100464E-1
1.366544292E1,-9.798473969E0,-9.744735718E-2,-5.821394348E-1
1.367548292E1,-1.000264938E1,-5.448669434E-1,-1.169517975E0
1.368552292E1,-1.031250504E1,-1.014290771E0,-1.522933044E0
1.369556292E1,-1.088147186E1,-1.353784790E0,-1.199156342E0
1.370560292E1,-1.150387756E1,-1.538500671E0,-3.879931641E-1
1.371564292E1,-1.203108124E1,-1.442250824E0,3.808081055E-1
1.372568292E1,-1.263387772E1,-9.279203796E-1,7.047344971E-1
1.373572292E1,-1.323487793E1,-4.819976807E-2,4.312532043E-1
1.374576292E1,-1.384441040E1,1.066382446E0,-2.362088013E-1
1.375580292E1,-1.414558411E1,1.960323486E0,-9.645941162E-1
1.376584192E1,-1.379860565E1,2.057471466E0,-1.583107910E0
1.377588192E1,-1.298429901E1,1.219364319E0,-2.002835083E0
1.378592192E1,-1.262459702E1,-7.634124756E-3,-2.675536194E0
1.379596192E1,-1.309746368E1,-1.346749420E0,-3.830085297E0
1.380600192E1,-1.403256912E1,-2.595303040E0,-5.128036194E0
1.381604192E1,-1.476035568E1,-3.075205078E0,-6.224506073E0
1.382608192E1,-1.446322357E1,-2.136956177E0,-7.047045593E0
1.383612192E1,-1.248089584E1,-3.547622681E-1,-7.108567657E0
1.384616192E1,-1.001193008E1,1.025517426E0,-5.997128906E0
1.385620192E1,-7.670499115E0,1.792821808E0,-4.320914612E0
1.386624192E1,-6.116131439E0,1.938618622E0,-2.838397522E0
1.387628192E1,-6.214925995E0,1.431173859E0,-1.818867645E0
1.388632254E1,-7.389832764E0,7.957452393E-1,-1.518442383E0
1.389636154E1,-8.624315643E0,1.339714050E-1,-1.692380676E0
1.390640154E1,-9.646090851E0,-5.022056580E-1,-1.822011108E0
1.391644154E1,-1.036818924E1,-7.225474548E-1,-1.898651733E0
1.392648154E1,-1.068687653E1,-6.342311096E-1,-2.111958160E0
1.393652154E1,-1.061727127E1,-6.938072205E-1,-2.526296539E0
1.394656154E1,-1.055110886E1,-1.172062683E0,-2.935246124E0
1.395660154E1,-1.065693878E1,-1.783092041E0,-3.190166016E0
1.396664154E1,-1.052775742E1,-2.156116333E0,-3.372337189E0
1.397668154E1,-1.003483246E1,-2.252665558E0,-3.477867737E0
1.398672154E1,-9.161398773E0,-1.827699280E0,-3.390000458E0
1.399676154E1,-8.107290802E0,-8.325686646E-1,-3.056194611E0
1.400680154E1,-7.141798553E0,-4.939727783E-3,-2.600991211E0
1.401684154E1,-6.358627167E0,4.270619202E-1,-2.045196991E0
1.402688054E1,-5.788163452E0,8.663983154E-1,-1.667083282E0
1.403692054E1,-5.738466797E0,1.511107635E0,-1.493444366E0
1.404696054E1,-5.895340576E0,2.357148285E0,-1.455273743E0
1.405700054E1,-6.178551636E0,3.193758545E0,-1.384620667E0
1.406704054E1,-6.450536041E0,3.594026184E0,-1.400936737E0
1.407708054E1,-6.758745117E0,3.529660034E0,-1.533111877E0
1.408712054E1,-7.083120575E0,3.120860138E0,-1.634151764E0
1.409716054E1,-7.302564240E0,2.509232025E0,-1.729054413E0
1.410720054E1,-7.694449310E0,1.798060913E0,-1.810185699E0
1.411724054E1,-8.138725433E0,1.086889801E0,-1.788630524E0
1.412728054E1,-8.405321045E0,6.032455444E-1,-1.670975189E0
1.413732054E1,-8.558302917E0,3.052153015E-1,-1.479523315E0
1.414736054E1,-8.537795563E0,1.962419128E-1,-1.211730194E0
1.415740054E1,-8.414751434E0,2.519261169E-1,-9.822573853E-1
1.416743954E1,-8.314160614E0,3.348536682E-1,-7.231462097E-1
1.417747954E1,-8.453221436E0,3.667373657E-1,-3.763174438E-1
1.418751954E1,-8.753197632E0,3.502716064E-1,-1.299298096E-1
1.419755954E1,-9.022637329E0,2.598596191E-1,-2.501298523E-1
1.420759954E1,-9.247170410E0,5.927673340E-2,-5.324427795E-1
1.421763954E1,-9.454638977E0,-2.050735474E-2,-7.054829407E-1
1.422767954E1,-9.546697540E0,-7.649093628E-2,-7.029382324E-1
1.423771954E1,-9.610914001E0,-1.968406677E-1,-6.297404480E-1
1.424775954E1,-9.734706573E0,-1.862127686E-1,-7.240443420E-1
1.425779954E1,-9.901310120E0,-2.799179077E-2,-1.229094086E0
1.426783954E1,-1.012030472E1,3.236270142E-1,-1.989213409E0
1.427787954E1,-1.047012726E1,9.068142700E-1,-2.459385681E0
1.428791954E1,-1.090751770E1,1.467248840E0,-2.394720154E0
1.429795954E1,-1.148501678E1,1.843117218E0,-1.521136780E0
1.430799854E1,-1.201850739E1,2.141895905E0,-5.872288513E-1
1.431803854E1,-1.226205093E1,2.313888245E0,-1.670526123E-1
1.432807854E1,-1.250230133E1,2.192640381E0,-5.987548828E-4
1.433811854E1,-1.275901749E1,2.094594269E0,-3.158432007E-2
1.434815854E1,-1.278087204E1,2.152823181E0,-3.025209045E-1
1.435819854E1,-1.280886383E1,2.420167236E0,-9.912387085E-1
1.436823854E1,-1.289613235E1,2.904859314E0,-2.045945435E0
1.437827854E1,-1.289927582E1,3.131937103E0,-3.009791107E0
1.438831854E1,-1.247790207E1,2.965483246E0,-3.678750000E0
1.439835854E1,-1.207613754E1,2.466720428E0,-4.468507690E0
1.440839854E1,-1.145433060E1,1.816322937E0,-5.332960052E0
1.441843854E1,-1.087757996E1,1.178798676E0,-6.016588440E0
1.442847854E1,-1.012973511E1,4.779560852E-1,-6.112688599E0
1.443851854E1,-9.238787842E0,-1.640588379E-1,-5.723797302E0
1.444855754E1,-8.301586761E0,-6.792874146E-1,-4.793631592E0
1.445859754E1,-7.559729462E0,-9.045689392E-1,-3.753744049E0
1.446863754E1,-7.174281006E0,-7.313790894E-1,-2.973865814E0
1.447867754E1,-7.085814972E0,-4.391867065E-1,-2.500101013E0
1.448871754E1,-7.410938873E0,-9.086105347E-2,-2.314487000E0
1.449875754E1,-8.057145081E0,2.785707092E-1,-2.326611786E0
1.450879754E1,-8.886719971E0,4.839436340E-1,-2.462678833E0
1.451883754E1,-9.817783813E0,5.559439087E-1,-2.663860474E0
1.452887754E1,-1.058014847E1,5.110372925E-1,-2.817740479E0
1.453891754E1,-1.122994720E1,3.206332397E-1,-2.804717560E0
1.454895754E1,-1.138592285E1,3.628454590E-1,-2.801125031E0
1.455899754E1,-1.083402054E1,8.411009216E-1,-2.978655853E0
1.456903754E1,-9.702523499E0,1.388063507E0,-3.161425781E0
1.457907754E1,-8.428822174E0,1.378034363E0,-3.098406830E0
1.458911654E1,-7.730075226E0,1.003962250E0,-2.704426117E0
1.459915654E1,-7.158114624E0,7.080276489E-1,-2.214045868E0
1.460919654E1,-6.710096283E0,5.087919617E-1,-1.756447449E0
1.461923654E1,-6.484216003E0,3.279679871E-1,-1.335971832E0
1.462927654E1,-6.312972107E0,1.541793823E-1,-1.062490540E0
1.463931654E1,-6.405928802E0,-1.122665405E-2,-8.378077698E-1
1.464935654E1,-6.634653168E0,-9.595046997E-2,-7.159611511E-1
1.465939654E1,-6.826105042E0,-1.776805115E-1,-7.342231750E-1
1.466943654E1,-7.059769135E0,-3.968247986E-1,-8.834628296E-1
1.467947654E1,-7.325616302E0,-7.336244202E-1,-1.013991394E0
1.468951654E1,-7.667205963E0,-1.075513458E0,-1.159488831E0
1.469955654E1,-8.016729126E0,-1.305435333E0,-1.286275177E0
1.470959654E1,-8.414452057E0,-1.332379303E0,-1.359323273E0
1.471963654E1,-8.700357513E0,-1.185534668E0,-1.385818176E0
1.472967554E1,-8.987759857E0,-9.632469177E-1,-1.293460236E0
1.473971554E1,-9.238189087E0,-7.412585449E-1,-1.167721710E0
1.474975554E1,-9.272767181E0,-4.652325439E-1,-1.086889801E0
1.475979554E1,-9.218579865E0,-1.573228455E-1,-9.837542725E-1
1.476983554E1,-9.156159668E0,1.127156067E-1,-8.867559814E-1
1.477987554E1,-9.063352661E0,4.004173279E-1,-8.581654358E-1
1.478991554E1,-8.974287872E0,6.432124329E-1,-7.626640320E-1
1.479995554E1,-9.003327484E0,8.866062927E-1,-6.718029785E-1
1.480999554E1,-9.165440369E0,1.147364044E0,-5.774990845E-1
1.482003554E1,-9.367819519E0,1.408570862E0,-5.080435181E-1
1.483007554E1,-9.543703766E0,1.612446899E0,-5.084925842E-1
1.484011554E1,-9.695937195E0,1.692081299E0,-7.566764832E-1
1.485015554E1,-9.967921600E0,1.575623474E0,-1.056802368E0
1.486019454E1,-1.044857208E1,1.021924896E0,-1.175056458E0
1.487023454E1,-1.111798004E1,1.119671631E-1,-1.020278320E0
1.488027454E1,-1.182570831E1,-8.607101440E-1,-6.375242615E-1
1.489031379E1,-1.256008118E1,-1.638792114E0,-9.699829102E-2
1.490035379E1,-1.337693253E1,-1.996697845E0,3.195854187E-1
1.491039379E1,-1.408795395E1,-1.855840759E0,4.149371338E-1
1.492043379E1,-1.456620941E1,-1.370699615E0,4.625381470E-2
1.493047379E1,-1.471110809E1,-8.614585876E-1,-6.994953918E-1
1.494051379E1,-1.430215851E1,-5.056484985E-1,-1.350641327E0
1.495055379E1,-1.336675369E1,-4.215234375E-1,-1.833237762E0
1.496059379E1,-1.243509109E1,-7.496411133E-1,-2.503543854E0
1.497063379E1,-1.206715622E1,-1.460213470E0,-3.533851318E0
1.498067379E1,-1.232941086E1,-2.233505402E0,-4.870721283E0
1.499071379E1,-1.269914200E1,-2.301464081E0,-5.894592133E0
1.500075379E1,-1.220666611E1,-1.221310272E0,-6.140530701E0
1.501079279E1,-1.059257263E1,3.586541748E-1,-5.733976135E0
1.502083279E1,-8.894054718E0,1.597627716E0,-4.902604980E0
1.503087279E1,-7.427254944E0,2.187850342E0,-3.859723663E0
1.504091279E1,-6.732250214E0,2.177222443E0,-2.875370636E0
1.505095279E1,-7.331454163E0,1.837578735E0,-2.329904938E0
1.506099279E1,-8.411158905E0,1.455273743E0,-2.415077820E0
1.507103279E1,-9.605225830E0,9.919871521E-1,-2.540966034E0
1.508107279E1,-1.061607376E1,5.119354248E-1,-2.485281830E0
1.509111279E1,-1.117950211E1,2.191442871E-1,-2.427352295E0
1.510115279E1,-1.108639572E1,-1.736389160E-2,-2.422412567E0
1.511119279E1,-1.077249847E1,-3.953279114E-1,-2.351609802E0
1.512123279E1,-1.062550415E1,-8.146060181E-1,-2.411934357E0
1.513127279E1,-1.024918671E1,-1.123563538E0,-2.588716736E0
1.514131279E1,-9.826316071E0,-1.310824127E0,-2.687361603E0
1.515135179E1,-9.260941772E0,-1.284029846E0,-2.818488922E0
1.516139179E1,-8.558302917E0,-9.871971130E-1,-2.842738495E0
1.517143179E1,-7.736960907E0,-4.912783813E-1,-2.573448486E0
1.518147179E1,-6.884184265E0,-5.538482666E-3,-2.210902405E0
1.519151179E1,-6.160738678E0,4.246669006E-1,-1.851799164E0
1.520155179E1,-5.844446411E0,8.020321655E-1,-1.484013977E0
1.521159179E1,-5.696104889E0,1.196012878E0,-1.266516266E0
1.522163179E1,-5.597909088E0,1.714684296E0,-1.119222565E0
1.523167179E1,-5.810467072E0,2.271526337E0,-8.804690552E-1
1.524171179E1,-6.248306580E0,2.641556854E0,-7.119195557E-1
1.525175179E1,-6.551725616E0,2.661615143E0,-6.559359741E-1
1.526179179E1,-6.696324921E0,2.437231750E0,-7.563771057E-1
1.527183179E1,-6.872508545E0,2.040107574E0,-9.705816650E-1
1.528187179E1,-7.288044434E0,1.667532349E0,-1.254690857E0
1.529191079E1,-7.893535309E0,1.373992767E0,-1.506317596E0
1.530195079E1,-8.457412720E0,1.073567505E0,-1.603914642E0
1.531199079E1,-8.765322418E0,7.714956665E-1,-1.436862030E0
1.532203079E1,-8.895701294E0,5.387297058E-1,-1.128952332E0
1.533207079E1,-8.882528687E0,4.454736328E-1,-7.900570679E-1
1.534211079E1,-8.847501526E0,4.418811035E-1,-5.795947266E-1
1.535215079E1,-8.921148376E0,4.361929321E-1,-4.346960449E-1
1.536219079E1,-9.007219391E0,3.611988831E-1,-5.164260864E-1
1.537223079E1,-9.125623169E0,2.983296204E-1,-7.339237976E-1
1.538227079E1,-9.384584656E0,4.044589233E-1,-8.762777710E-1
1.539231079E1,-9.560169525E0,5.068460083E-1,-8.563691711E-1
1.540235079E1,-9.576784973E0,4.541555786E-1,-7.131170654E-1
1.541239079E1,-9.486971741E0,1.498384094E-1,-6.294410706E-1
1.542243079E1,-9.504335632E0,-1.365161133E-1,-8.515791321E-1
1.543246979E1,-9.829010468E0,-1.197509766E-2,-1.214574280E0
1.544250979E1,-1.040381516E1,6.870712280E-1,-1.237326965E0
1.545254979E1,-1.096230377E1,1.765428772E0,-8.448431396E-1
1.546258979E1,-1.185579575E1,2.808459778E0,-3.387455750E-1
1.547262979E1,-1.278670990E1,3.417393494E0,-3.891906738E-2
1.548266979E1,-1.328861618E1,3.555256805E0,-2.486329651E-1
1.549270979E1,-1.368618942E1,3.132984924E0,-9.231303406E-1
1.550274979E1,-1.381372421E1,2.280357971E0,-1.804048462E0
1.551278979E1,-1.416938461E1,1.350491638E0,-2.831362152E0
1.552282979E1,-1.462548615E1,8.430468750E-1,-3.719764709E0
1.553286979E1,-1.469778580E1,1.208437042E0,-4.611011353E0
1.554290979E1,-1.433179688E1,1.870210876E0,-5.465434570E0
1.555294979E1,-1.369801483E1,2.007325745E0,-6.200406189E0
1.556298979E1,-1.272698410E1,1.792522430E0,-6.821315002E0
1.557302979E1,-1.134251312E1,1.426683197E0,-6.862629089E0
1.558306879E1,-9.888137512E0,6.695576477E-1,-6.056705017E0
1.559310879E1,-8.474926300E0,-5.583389282E-2,-4.840184784E0
1.560314879E1,-7.350015564E0,-3.047662354E-1,-3.768862610E0
1.561318879E1,-6.705156555E0,-2.130070496E-1,-3.021915894E0
1.562322879E1,-6.629414062E0,2.859054565E-2,-2.408192139E0
1.563326879E1,-7.054380341E0,5.090913391E-1,-2.015259247E0
1.564330879E1,-7.686964874E0,1.077908478E0,-1.793420563E0
1.565334879E1,-8.380622406E0,1.332079926E0,-1.677262115E0
1.566338879E1,-9.096733246E0,1.426683197E0,-1.694626007E0
1.567342879E1,-9.680968323E0,1.454225922E0,-1.950294342E0
1.568346879E1,-9.832303619E0,1.085093536E0,-2.261946259E0
1.569350879E1,-9.878557434E0,3.294648743E-1,-2.460583191E0
1.570354879E1,-9.695188751E0,-9.924362183E-2,-2.724783783E0
1.571358879E1,-9.077872467E0,-2.118095398E-1,-2.904859314E0
1.572362879E1,-8.380772095E0,-2.502795410E-1,-2.915337524E0
1.573366779E1,-7.729027405E0,-5.517526245E-1,-2.734214172E0
1.574370779E1,-7.542664948E0,-8.205935669E-1,-2.428849182E0
1.575374779E1,-7.510631561E0,-8.909472656E-1,-2.117346954E0
1.576378779E1,-7.302564240E0,-8.613088989E-1,-1.808389435E0
1.577382779E1,-7.066804504E0,-6.746470642E-1,-1.542392578E0
1.578386779E1,-6.894812164E0,-3.944297791E-1,-1.447639618E0
1.579390779E1,-6.823260956E0,-1.757345581E-1,-1.386865997E0
1.580394779E1,-6.799909515E0,4.505630493E-2,-1.330283661E0
1.581398779E1,-6.871760101E0,1.814227295E-1,-1.312470703E0
1.582402779E1,-7.021897888E0,2.023791504E-1,-1.344803467E0
1.583406779E1,-7.199728088E0,1.990859985E-1,-1.440005493E0
1.584410779E1,-7.516319733E0,-1.916015625E-2,-1.534459076E0
1.585414779E1,-7.970924377E0,-3.055146790E-1,-1.711540833E0
1.586418779E1,-8.514893188E0,-5.016069031E-1,-1.866169281E0
1.587422679E1,-8.962761841E0,-6.042933655E-1,-1.901795197E0
1.588426679E1,-9.204658813E0,-6.219566345E-1,-1.813927917E0
1.589430692E1,-9.240135040E0,-5.041516113E-1,-1.630409546E0
1.590434692E1,-9.134604492E0,-2.920426941E-1,-1.450184326E0
1.591438692E1,-8.940158844E0,-1.315763855E-1,-1.287622375E0
1.592442692E1,-8.661438446E0,5.777984619E-2,-1.113983459E0
1.593446692E1,-8.487799530E0,2.763253784E-1,-9.154962158E-1
1.594450692E1,-8.540789337E0,4.016148376E-1,-7.545808411E-1
1.595454692E1,-8.745713196E0,4.302053833E-1,-5.692662048E-1
1.596458692E1,-9.024283905E0,4.412823486E-1,-3.655398560E-1
1.597462692E1,-9.276210022E0,3.833528137E-1,-2.724334717E-1
1.598466692E1,-9.526190186E0,2.945874023E-1,-3.198847961E-1
1.599470692E1,-9.861043854E0,3.820056152E-1,-5.742059326E-1
1.600474692E1,-1.029693741E1,4.986131287E-1,-1.029559021E0
1.601478692E1,-1.062745010E1,2.746788025E-1,-1.366807709E0
1.602482592E1,-1.090422455E1,-2.151026917E-1,-1.437909851E0
1.603486592E1,-1.117950211E1,-7.583230591E-1,-1.172062683E0
1.604490592E1,-1.134625534E1,-1.002764740E0,-6.206094360E-1
1.605494592E1,-1.136840927E1,-1.033750305E0,-2.619552612E-2
1.606498592E1,-1.153965317E1,-8.764274597E-1,4.656816101E-1
1.607502592E1,-1.183843185E1,-4.813989258E-1,5.605842590E-1
1.608506592E1,-1.220666611E1,-6.975494385E-2,2.360591125E-1
1.609510592E1,-1.265633102E1,1.660047913E-1,-4.954696655E-1
1.610514592E1,-1.296109726E1,1.814227295E-1,-1.503473511E0
1.611518592E1,-1.335163513E1,1.272354126E-2,-2.905158691E0
1.612522592E1,-1.391641068E1,-5.034031677E-1,-4.364474030E0
1.613526592E1,-1.469673798E1,-1.512604523E0,-5.296585693E0
1.614530592E1,-1.539488617E1,-2.093396759E0,-6.064788208E0
1.615534592E1,-1.488429794E1,-1.836830292E0,-6.660998383E0
1.616538592E1,-1.321092773E1,-1.011446686E0,-6.840175781E0
1.617542492E1,-1.111079498E1,1.284329224E-1,-6.563700714E0
1.618546492E1,-8.826694794E0,1.089135132E0,-5.445376282E0
1.619550492E1,-7.068002014E0,1.540746002E0,-3.879482574E0
1.620554492E1,-6.356381836E0,1.724713440E0,-2.669099579E0
1.621558492E1,-6.751260681E0,1.476679230E0,-1.782642975E0
1.622562492E1,-7.678881683E0,8.348139954E-1,-1.100511475E0
1.623566492E1,-8.717571716E0,6.062393188E-2,-6.867718506E-1
1.624570492E1,-9.651329956E0,-4.555027771E-1,-8.056246948E-1
1.625574492E1,-1.017688705E1,-5.725593567E-1,-1.445693665E0
1.626578492E1,-1.037163208E1,-5.072950745E-1,-2.310445404E0
1.627582492E1,-1.047791107E1,-6.965016174E-1,-3.002905426E0
1.628586492E1,-1.080752563E1,-1.164129181E0,-3.484753418E0
1.629590492E1,-1.097008759E1,-1.620530090E0,-3.688928833E0
1.630594492E1,-1.076666061E1,-1.851050720E0,-3.638783112E0
1.631598492E1,-1.010024643E1,-1.719624023E0,-3.250789948E0
1.632602392E1,-9.207353210E0,-1.321452026E0,-2.458786926E0
1.633606392E1,-8.176147614E0,-7.661068726E-1,-1.879192200E0
1.634610392E1,-7.331005096E0,-2.662962341E-1,-1.547332306E0
1.635614392E1,-6.608757019E0,3.510200500E-1,-1.460363159E0
1.636618392E1,-6.372248840E0,1.040935364E0,-1.482966156E0
1.637622392E1,-6.443350983E0,1.795965271E0,-1.502276001E0
1.638626392E1,-6.433172150E0,2.498005371E0,-1.336420898E0
1.639630392E1,-6.469097443E0,2.839744720E0,-1.056652679E0
1.640634392E1,-6.437363434E0,2.763553162E0,-9.252259827E-1
1.641638392E1,-6.374344482E0,2.526745605E0,-1.095721436E0
1.642642392E1,-6.503974915E0,2.206112366E0,-1.388662262E0
1.643646392E1,-6.978039093E0,1.844763794E0,-1.619631958E0
1.644650392E1,-7.601941681E0,1.492995300E0,-1.804347839E0
1.645654392E1,-8.202193451E0,1.178948364E0,-1.855990448E0
1.646658392E1,-8.575666809E0,9.997709656E-1,-1.722917175E0
1.647662292E1,-8.710835724E0,9.509724426E-1,-1.530118103E0
1.648666292E1,-8.684640198E0,1.030307465E0,-1.421144714E0
1.649670292E1,-8.533903656E0,1.103654938E0,-1.378633118E0
1.650674292E1,-8.467142487E0,1.086291046E0,-1.294208679E0
1.651678292E1,-8.660091248E0,1.044228516E0,-9.898915100E-1
1.652682292E1,-8.846603394E0,9.406439209E-1,-6.397695923E-1
1.653686292E1,-8.962312775E0,7.905061340E-1,-7.596702576E-1
1.654690292E1,-9.129814453E0,6.572831726E-1,-9.547146606E-1
1.655694292E1,-9.335486755E0,6.312373352E-1,-8.783734131E-1
1.656698292E1,-9.491163025E0,7.337741089E-1,-5.478607178E-1
1.657702292E1,-9.438322906E0,8.267308044E-1,-2.204914856E-1
1.658706292E1,-9.172475739E0,7.667056274E-1,4.340972900E-2
1.659710292E1,-9.040749664E0,7.726931763E-1,1.826202393E-2
1.660714292E1,-9.197473755E0,1.028810577E0,-6.174659729E-1
1.661718292E1,-1.012524445E1,1.521885223E0,-1.454525299E0
1.662722192E1,-1.118653748E1,2.063908081E0,-1.895358582E0
1.663726192E1,-1.183379150E1,2.308948517E0,-1.752854919E0
1.664730192E1,-1.220367233E1,2.165995789E0,-1.151854706E0
1.665734192E1,-1.228166016E1,1.764830017E0,-4.790039062E-1
1.666738192E1,-1.228510300E1,1.187779999E0,8.487350464E-2
1.667742192E1,-1.233075806E1,6.086343384E-1,4.580474854E-1
1.668746192E1,-1.223001755E1,7.499404907E-2,7.726931763E-1
1.669750192E1,-1.205802521E1,-9.445358276E-2,7.626640320E-1
1.670754192E1,-1.182765427E1,8.786727905E-2,3.712280273E-1
1.671758192E1,-1.160312119E1,3.302133179E-1,-5.683680725E-1
1.672762192E1,-1.167616928E1,7.315287781E-1,-2.097138977E0
1.673766192E1,-1.197015793E1,1.583706665E0,-3.720213776E0
1.674770192E1,-1.218825439E1,2.391427002E0,-4.961881714E0
1.675774192E1,-1.229333588E1,2.478396149E0,-5.901028748E0
1.676778192E1,-1.232626740E1,2.319426727E0,-6.910679169E0
1.677782192E1,-1.180939224E1,1.930984497E0,-7.612419891E0
1.678786092E1,-1.063089294E1,1.073118439E0,-7.397915955E0
1.679790092E1,-9.519154816E0,5.143304443E-1,-6.248605957E0
1.680794092E1,-8.583899689E0,4.324507141E-1,-4.809348907E0
1.681798092E1,-8.082292786E0,4.264631653E-1,-3.545676727E0
1.682802092E1,-7.986641693E0,3.947291565E-1,-2.644251251E0
1.683806092E1,-8.173752594E0,3.218307495E-1,-1.996248779E0
1.684810092E1,-8.484356689E0,2.359094238E-1,-1.702858887E0
1.685814092E1,-8.995244293E0,1.592687988E-1,-1.826651459E0
1.686818092E1,-9.554780731E0,2.469863892E-1,-2.186503143E0
1.687822092E1,-9.836644592E0,4.727169800E-1,-2.624941406E0
1.688826092E1,-9.889335022E0,6.641688538E-1,-3.038231964E0
1.689830083E1,-9.765991516E0,8.464897156E-1,-3.328179016E0
1.690834083E1,-9.379794617E0,1.050964508E0,-3.461252289E0
1.691838083E1,-8.782835999E0,1.124611359E0,-3.436553650E0
1.692842083E1,-8.268954620E0,1.056053925E0,-3.257825317E0
1.693846083E1,-7.861052856E0,9.395960999E-1,-2.973566437E0
1.694849983E1,-7.345075836E0,7.219487000E-1,-2.646496582E0
1.695853983E1,-6.937623138E0,4.475692749E-1,-2.205513611E0
1.696857983E1,-6.647526398E0,1.460961914E-1,-1.616189117E0
1.697861983E1,-6.530170441E0,-1.221459961E-1,-1.066382446E0
1.698865983E1,-6.567592621E0,-2.827619934E-1,-7.045848083E-1
1.699869983E1,-6.759942627E0,-3.695814514E-1,-5.632786560E-1
1.700873983E1,-6.981481934E0,-3.011737061E-1,-6.848258972E-1
1.701877983E1,-7.313491516E0,-1.817221069E-1,-7.993377686E-1
1.702881983E1,-7.665559387E0,-1.079255676E-1,-9.226812744E-1
1.703885983E1,-7.933053131E0,-1.878593445E-1,-1.083297272E0
1.704889983E1,-8.174950104E0,-3.944297791E-1,-1.287921753E0
1.705893983E1,-8.391998749E0,-4.824467468E-1,-1.424737244E0
1.706897983E1,-8.625662842E0,-3.504212952E-1,-1.548978882E0
1.707901983E1,-8.865164795E0,-1.537303162E-1,-1.621727600E0
1.708905983E1,-9.025780792E0,4.939727783E-2,-1.618584137E0
1.709909983E1,-8.995094604E0,2.173480225E-1,-1.551074524E0
1.710913883E1,-8.921447754E0,3.956272888E-1,-1.382824402E0
1.711917883E1,-8.830137634E0,5.575904846E-1,-1.202449493E0
1.712921883E1,-8.790021057E0,6.225553894E-1,-1.008602600E0
1.713925883E1,-8.802894287E0,5.779481506E-1,-7.740403748E-1
1.714929883E1,-8.965456238E0,5.165757751E-1,-5.465135193E-1
1.715933883E1,-9.223818970E0,4.174818420E-1,-3.586541748E-1
1.716937883E1,-9.484576721E0,2.630030823E-1,-2.022294617E-1
1.717941883E1,-9.701475677E0,2.038760376E-1,-1.998344421E-1
1.718945883E1,-9.858499146E0,2.371069336E-1,-5.206173706E-1
1.719949883E1,-9.950707397E0,2.338137817E-1,-9.093589783E-1
1.720953883E1,-1.003797592E1,3.263214111E-2,-1.164278870E0
1.721957883E1,-1.023825943E1,-5.249583435E-1,-1.254990234E0
1.722961883E1,-1.079719711E1,-1.290915527E0,-1.098864899E0
1.723965883E1,-1.157468033E1,-1.993255005E0,-5.801934814E-1
1.724969883E1,-1.225651245E1,-2.348915405E0,2.095642090E-3
1.725973783E1,-1.281485138E1,-2.006577301E0,2.917433167E-1
1.726977783E1,-1.328053299E1,-1.187630310E0,1.460961914E-1
1.727981783E1,-1.374187363E1,-1.085243225E-1,-2.570155334E-1
1.728985783E1,-1.402328842E1,9.014254761E-1,-8.065228271E-1
1.729989783E1,-1.396011978E1,1.483265533E0,-1.254840546E0
1.730993783E1,-1.338830887E1,1.516346741E0,-1.552870789E0
1.731997783E1,-1.264600250E1,7.545808411E-1,-1.873653717E0
1.733001783E1,-1.232551895E1,-4.896318054E-1,-2.721490631E0
1.734005783E1,-1.239692047E1,-1.335522766E0,-4.147874451E0
1.735009783E1,-1.232746490E1,-1.591939545E0,-5.493276672E0
1.736013783E1,-1.211370941E1,-9.758207703E-1,-6.278843079E0
1.737017783E1,-1.130613876E1,5.072950745E-1,-6.257287903E0
1.738021783E1,-9.779912567E0,1.801204376E0,-5.370681610E0
1.739025783E1,-8.400680695E0,2.123035126E0,-4.100872192E0
1.740029783E1,-7.679480438E0,1.809586945E0,-3.251239014E0
1.741033783E1,-7.963589630E0,1.500629425E0,-3.000660095E0
1.742037683E1,-8.580905914E0,1.346599731E0,-3.097209320E0
1.743041683E1,-9.246421967E0,1.027463379E0,-3.204985199E0
1.744045683E1,-9.867181091E0,4.424798584E-1,-3.152444458E0
1.745049683E1,-1.027538223E1,-1.872605896E-1,-2.837050323E0
1.746053683E1,-1.042941193E1,-6.737489319E-1,-2.423310699E0
1.747057683E1,-1.042402313E1,-9.889933777E-1,-2.186952209E0
1.748061683E1,-1.039094193E1,-1.035396881E0,-2.130220184E0
1.749065683E1,-1.017733612E1,-8.872050476E-1,-2.195035400E0
1.750069683E1,-9.748328247E0,-7.581733704E-1,-2.461331635E0
1.751073683E1,-9.126820679E0,-4.968168640E-1,-2.797083435E0
1.752077683E1,-8.404722290E0,-1.471440125E-1,-2.825075226E0
1.753081683E1,-7.691904602E0,2.336640930E-1,-2.620001678E0
1.754085683E1,-7.003635864E0,6.153703308E-1,-2.302362213E0
1.755089683E1,-6.461163940E0,9.205856323E-1,-1.885030060E0
1.756093683E1,-6.278094635E0,1.099613342E0,-1.450783081E0
1.757097683E1,-6.203100586E0,1.275946655E0,-1.172062683E0
1.758101583E1,-6.266119537E0,1.534758453E0,-1.004710693E0
1.759105583E1,-6.607709198E0,1.835483093E0,-9.099577332E-1
1.760109583E1,-7.042255554E0,2.054926758E0,-8.659492493E-1
1.761113583E1,-7.364385681E0,1.973346405E0,-1.010548553E0
1.762117583E1,-7.590565338E0,1.693129120E0,-1.288370819E0
1.763121583E1,-7.767946472E0,1.356030121E0,-1.565444641E0
1.764125583E1,-8.061935120E0,9.961784363E-1,-1.802252197E0
1.765129583E1,-8.503965912E0,6.114784241E-1,-1.939367065E0
1.766133583E1,-8.978628845E0,2.835104370E-1,-1.865420837E0
1.767137583E1,-9.241332550E0,1.022373962E-1,-1.595981140E0
1.768141583E1,-9.191336517E0,1.380130005E-1,-1.248104553E0
1.769145583E1,-9.008117523E0,3.990701294E-1,-8.640032959E-1
1.770149583E1,-8.868907013E0,6.668632507E-1,-3.553610229E-1
1.771153583E1,-8.824000397E0,8.307723999E-1,2.098635864E-1
1.772157583E1,-8.770262146E0,8.680448914E-1,5.897735596E-1
1.773161583E1,-8.720715179E0,8.934919739E-1,5.278024292E-1
1.774165483E1,-8.914262695E0,9.430389404E-1,2.680924988E-1
1.775169483E1,-9.173224182E0,8.647517395E-1,5.538482666E-2
1.776173483E1,-9.284891968E0,7.412585449E-1,-1.945953369E-3
1.777177483E1,-9.252259827E0,5.722599792E-1,-1.496887207E-3
1.778181483E1,-8.960965576E0,4.840933228E-1,-1.990859985E-1
1.779185483E1,-8.579409027E0,5.313949585E-1,-8.177494812E-1
1.780189483E1,-8.409961395E0,9.680369568E-1,-1.548080750E0
1.781193483E1,-8.557704163E0,1.863774261E0,-1.743723907E0
1.782197483E1,-9.163195038E0,2.947969666E0,-1.282832336E0
1.783201483E1,-1.045635590E1,3.529510345E0,-3.092568970E-1
1.784205483E1,-1.168110901E1,3.458258514E0,5.059478760E-1
1.785209483E1,-1.260199402E1,3.164269867E0,6.490502930E-1
1.786213483E1,-1.324715240E1,2.606529694E0,4.878355408E-1
1.787217483E1,-1.355102051E1,1.823807373E0,2.321672058E-1
1.788221483E1,-1.360236374E1,1.188229065E0,-2.844085693E-2
1.789225479E1,-1.334594696E1,8.509803772E-1,-3.110531616E-1
1.790229479E1,-1.307980042E1,9.150471497E-1,-9.268725586E-1
1.791233379E1,-1.295211594E1,1.488804016E0,-2.212249603E0
1.792237379E1,-1.329729813E1,2.197131042E0,-3.751947784E0
1.793241379E1,-1.346150665E1,2.710263977E0,-5.195545807E0
1.794245379E1,-1.307441162E1,2.574795685E0,-6.363716583E0
1.795249379E1,-1.231249603E1,2.051932983E0,-7.058721313E0
1.796253379E1,-1.149729126E1,1.300794983E0,-6.941365356E0
1.797257379E1,-1.039947418E1,3.709286499E-1,-5.925428009E0
1.798261379E1,-9.242530060E0,-8.038284302E-2,-4.755161591E0
1.799265379E1,-8.320148163E0,9.939331055E-2,-3.749403076E0
1.800269379E1,-7.864495697E0,4.803511047E-1,-3.019520874E0
1.801273379E1,-7.887248383E0,6.245013428E-1,-2.405797119E0
1.802277379E1,-8.190068665E0,7.508386230E-1,-1.944007416E0
1.803281379E1,-8.711584167E0,9.744735718E-1,-1.737736359E0
1.804285379E1,-9.203760681E0,1.083746338E0,-1.898052979E0
1.805289379E1,-9.725874939E0,1.079105988E0,-2.288141785E0
1.806293379E1,-1.002405487E1,9.913883972E-1,-2.659669189E0
1.807297379E1,-9.951755219E0,5.933660889E-1,-2.862048340E0
1.808301279E1,-1.027687912E1,1.544787598E-1,-2.791544952E0
1.809305279E1,-1.010578491E1,2.050735474E-1,-2.771336975E0
1.810309279E1,-9.580976257E0,6.313870239E-1,-2.912343750E0
1.811313279E1,-8.821006622E0,1.030008087E0,-3.032992859E0
1.812317279E1,-7.932005310E0,1.027912445E0,-2.887196045E0
1.813321279E1,-7.454049225E0,8.470884705E-1,-2.451003113E0
1.814325279E1,-7.097041626E0,7.262896729E-1,-1.907034302E0
1.815329279E1,-6.843019867E0,5.748046875E-1,-1.356030121E0
1.816333279E1,-6.481671295E0,3.803590393E-1,-8.003855896E-1
1.817337279E1,-6.151008911E0,1.405577087E-1,-3.212319946E-1
1.818341279E1,-6.118676147E0,-2.016307068E-1,-1.339714050E-1
1.819345279E1,-6.343957672E0,-5.535488892E-1,-1.951940918E-1
1.820349279E1,-6.786287842E0,-8.167016602E-1,-4.933740234E-1
1.821353279E1,-7.310497742E0,-9.607022095E-1,-8.515791321E-1
1.822357279E1,-7.686964874E0,-1.000369720E0,-1.136436768E0
1.823361279E1,-7.935298462E0,-9.815089417E-1,-1.401236115E0
1.824365279E1,-8.191266174E0,-9.235794067E-1,-1.531165924E0
1.825369179E1,-8.437504120E0,-7.662565613E-1,-1.425036621E0
1.826373179E1,-8.745862885E0,-6.138734436E-1,-1.236578522E0
1.827377179E1,-9.066645813E0,-4.330494690E-1,-1.091380463E0
1.828381179E1,-9.241931305E0,-1.875599670E-1,-9.434880066E-1
1.829385179E1,-9.216184845E0,2.290237427E-2,-6.975494385E-1
1.830389179E1,-9.061556396E0,1.749861145E-1,-5.848338318E-1
1.831393179E1,-8.920399933E0,2.823129272E-1,-5.834866333E-1
1.832397179E1,-8.831784210E0,3.433859253E-1,-5.703140259E-1
1.833401179E1,-8.808582458E0,4.549040222E-1,-5.581892395E-1
1.834405179E1,-8.903634796E0,6.659651184E-1,-5.930667114E-1
1.835409179E1,-9.056017914E0,8.396040344E-1,-6.131250000E-1
1.836413179E1,-9.208999786E0,8.107141113E-1,-5.072950745E-1
1.837417179E1,-9.334738312E0,7.539820862E-1,-2.980302429E-1
1.838421179E1,-9.411528625E0,6.152206421E-1,-1.377136230E-1
1.839425179E1,-9.496551819E0,3.423381042E-1,-1.417552185E-1
1.840429179E1,-9.685608673E0,-8.622070312E-2,-4.754113770E-1
1.841433179E1,-1.003513184E1,-6.135740662E-1,-8.578660583E-1
1.842437179E1,-1.066876419E1,-1.063089294E0,-1.047821045E0
1.843441179E1,-1.140717865E1,-1.334624634E0,-1.035097504E0
1.844445079E1,-1.219424194E1,-1.323397980E0,-5.782475281E-1
1.845449079E1,-1.296439041E1,-9.291178894E-1,1.272354126E-2
1.846453079E1,-1.349383942E1,-2.983296204E-1,3.385958862E-1
1.847457079E1,-1.377899643E1,3.376977539E-1,2.965333557E-1
1.848461079E1,-1.396056885E1,9.740245056E-1,-9.325607300E-2
1.849465079E1,-1.374935806E1,1.167272644E0,-7.424560547E-1
1.850469079E1,-1.312934738E1,6.294410706E-1,-1.575623474E0
1.851473079E1,-1.273132507E1,-3.888912964E-1,-2.658920746E0
1.852477079E1,-1.263282990E1,-1.459315338E0,-3.817361755E0
1.853481079E1,-1.285900955E1,-2.504591675E0,-5.024301910E0
1.854485079E1,-1.319685699E1,-3.206482086E0,-5.951473846E0
1.855489079E1,-1.322844131E1,-2.582878876E0,-6.534212036E0
1.856493079E1,-1.209050766E1,-8.732839966E-1,-6.328988800E0
1.857497079E1,-1.025173141E1,3.498225403E-1,-5.088218994E0
1.858501079E1,-8.505612488E0,9.624984741E-1,-3.723506927E0
1.859505079E1,-7.180867310E0,1.234333191E0,-2.748733978E0
1.860509079E1,-7.015161896E0,1.314566345E0,-2.305954742E0
1.861513079E1,-7.822433167E0,1.338666229E0,-2.221380615E0
1.862517079E1,-8.920699310E0,1.148411865E0,-2.307002563E0
1.863521079E1,-9.877958679E0,7.804769897E-1,-2.343077545E0
1.864524979E1,-1.049332901E1,2.785707092E-1,-2.257904663E0
1.865528979E1,-1.096993790E1,1.019380188E-1,-2.331252136E0
1.866532979E1,-1.094194611E1,8.726852417E-2,-2.509531403E0
1.867536979E1,-1.080198715E1,1.886077881E-2,-2.814297638E0
1.868540979E1,-1.073387878E1,-2.802172852E-1,-3.150498505E0
1.869544979E1,-1.035576508E1,-6.921606445E-1,-3.348237305E0
1.870548979E1,-9.782457275E0,-9.556127930E-1,-3.474125519E0
1.871552979E1,-9.095086670E0,-9.309141541E-1,-3.392994232E0
1.872556979E1,-8.284372559E0,-6.965016174E-1,-2.940335541E0
1.873560979E1,-7.337591400E0,-4.580474854E-1,-2.336640930E0
1.874564979E1,-6.606212311E0,-2.257305908E-1,-1.885778503E0
1.875568979E1,-5.985303497E0,1.965412903E-1,-1.554667053E0
1.876572979E1,-5.637127533E0,7.780819702E-1,-1.226998444E0
1.877576979E1,-5.586383057E0,1.408421173E0,-9.318122864E-1
1.878580979E1,-5.634882202E0,1.926044769E0,-6.569837952E-1
1.879584979E1,-5.917195129E0,2.145488434E0,-5.695655823E-1
1.880588979E1,-6.247109070E0,2.142943726E0,-8.152047729E-1
1.881592979E1,-6.434519348E0,2.059866486E0,-1.170116730E0
1.882596979E1,-6.628815308E0,1.878144379E0,-1.455124054E0
1.883600979E1,-7.080575867E0,1.573976898E0,-1.640738068E0
1.884604979E1,-7.604785767E0,1.246457977E0,-1.650168457E0
1.885608879E1,-8.158783722E0,1.009800110E0,-1.550775146E0
1.886612879E1,-8.577612762E0,9.379495239E-1,-1.392554169E0
1.887616879E1,-8.837622070E0,1.020577698E0,-1.255289612E0
1.888620879E1,-8.852890320E0,1.131946106E0,-1.220262451E0
1.889624896E1,-8.823551331E0,1.171613617E0,-1.059347076E0
1.890628896E1,-8.922046509E0,1.107995911E0,-6.550378418E-1
1.891632896E1,-9.071286163E0,8.488847351E-1,-1.841171265E-1
1.892636896E1,-9.279203796E0,5.680686951E-1,2.395019531E-2
1.893640896E1,-9.607620850E0,3.294648743E-1,1.257385254E-2
1.894644896E1,-9.917775879E0,6.646179199E-2,-8.472381592E-2
1.895648896E1,-1.013497421E1,-1.224453735E-1,-2.462379456E-1
1.896652896E1,-9.826615448E0,-1.767823792E-1,-5.261558533E-1
1.897656896E1,-9.031768341E0,-6.346801758E-2,-9.395960999E-1
1.898660896E1,-8.368347931E0,3.811074829E-1,-1.489702148E0
1.899664896E1,-8.462951202E0,1.210832062E0,-1.721719666E0
1.900668896E1,-9.177714844E0,2.353855133E0,-1.346300354E0
1.901672896E1,-1.037208115E1,3.348985748E0,-4.818479919E-1
1.902676896E1,-1.183977905E1,3.644920349E0,4.222718811E-1
1.903680896E1,-1.284434006E1,3.322790222E0,4.962181091E-1
1.904684896E1,-1.338756042E1,2.310595093E0,-1.053808594E-1
1.905688896E1,-1.387644379E1,1.315614166E0,-9.921368408E-1
1.906692896E1,-1.415067352E1,5.331912231E-1,-1.679208069E0
1.907696896E1,-1.431398392E1,-2.177970886E-1,-2.011367340E0
1.908700896E1,-1.453776855E1,-3.591032410E-1,-2.541415100E0
1.909704796E1,-1.481439331E1,6.605763245E-1,-3.572321320E0
1.910708796E1,-1.502680161E1,2.237846375E0,-4.606969757E0
1.911712796E1,-1.436966812E1,3.176993408E0,-5.194797363E0
1.912716796E1,-1.281021103E1,3.327131195E0,-5.704487457E0
1.913720796E1,-1.093042007E1,2.527943115E0,-6.031856689E0
1.914724796E1,-9.299561462E0,1.235231323E0,-5.857469330E0
1.915728796E1,-7.921227722E0,8.637039185E-2,-5.074297943E0
1.916732796E1,-7.146887970E0,-5.930667114E-1,-4.069587250E0
1.917736796E1,-6.869963837E0,-5.861810303E-1,-3.174299011E0
1.918740796E1,-7.025041351E0,-3.833528137E-1,-2.607876892E0
1.919744796E1,-7.615713043E0,-1.255888367E-1,-2.393672333E0
1.920748796E1,-8.432414703E0,1.502874756E-1,-2.319277039E0
1.921752796E1,-9.209448853E0,3.291654968E-1,-2.346819763E0
1.922756796E1,-9.835147705E0,4.022135925E-1,-2.461631012E0
1.923760796E1,-1.026310776E1,5.071453857E-1,-2.613415375E0
1.924764796E1,-1.038764877E1,6.747967529E-1,-2.911744995E0
1.925768796E1,-1.024245071E1,7.643106079E-1,-3.363804932E0
1.926772796E1,-1.011207184E1,7.978408813E-1,-3.697461090E0
1.927776796E1,-9.560618591E0,9.364526367E-1,-3.861370239E0
1.928780796E1,-8.797505493E0,1.069226532E0,-3.725602570E0
1.929784796E1,-8.044122162E0,1.202449493E0,-3.275638275E0
1.930788796E1,-7.413633270E0,1.403930511E0,-2.789449310E0
1.931792796E1,-6.825206909E0,1.451531525E0,-2.285297699E0
1.932796796E1,-6.296356659E0,1.289119263E0,-1.712289276E0
1.933800796E1,-6.139931946E0,9.066645813E-1,-1.225950623E0
1.934804796E1,-6.136788483E0,3.730242920E-1,-1.019829254E0
1.935808796E1,-6.278843079E0,-1.754351807E-1,-1.000968475E0
1.936812696E1,-6.585106201E0,-6.674620056E-1,-1.101110229E0
1.937816696E1,-6.913074188E0,-9.888436890E-1,-1.222058716E0
1.938820696E1,-7.237150269E0,-1.210083618E0,-1.411414948E0
1.939824696E1,-7.542215881E0,-1.296903076E0,-1.611099701E0
1.940828696E1,-7.780071259E0,-1.292861481E0,-1.736389160E0
1.941832696E1,-8.029452667E0,-1.168470154E0,-1.740430756E0
1.942836696E1,-8.369545441E0,-8.919950867E-1,-1.622476044E0
1.943840696E1,-8.731642456E0,-5.903723145E-1,-1.429078217E0
1.944844696E1,-8.961115265E0,-3.457809448E-1,-1.235830078E0
1.945848696E1,-9.150172119E0,-1.785786438E-1,-1.050365753E0
1.946852696E1,-9.146130524E0,-3.008743286E-2,-9.145980835E-1
1.947856696E1,-8.953630829E0,5.568420410E-2,-7.967930603E-1
1.948860696E1,-8.715625763E0,1.109193420E-1,-7.869136047E-1
1.949864696E1,-8.399183807E0,2.342628479E-1,-8.556207275E-1
1.950868696E1,-8.203091583E0,5.396278381E-1,-7.759863281E-1
1.951872696E1,-8.202792206E0,8.702902222E-1,-5.728587341E-1
1.952876696E1,-8.368347931E0,1.156045990E0,-4.417314148E-1
1.953880696E1,-8.685238953E0,1.259630585E0,-4.673281860E-1
1.954884696E1,-9.060957642E0,1.246457977E0,-6.233038330E-1
1.955888696E1,-9.393416290E0,1.134790192E0,-8.128097534E-1
1.956892696E1,-9.725874939E0,1.052910461E0,-1.093625793E0
1.957896696E1,-1.011940659E1,9.548643494E-1,-1.338815918E0
1.958900696E1,-1.063283890E1,6.641688538E-1,-1.399290161E0
1.959904696E1,-1.124192230E1,9.011260986E-2,-1.330133972E0
1.960908696E1,-1.194560898E1,-5.852828979E-1,-1.114432526E0
1.961912696E1,-1.269764511E1,-1.108145599E0,-7.520361328E-1
1.962916696E1,-1.340058334E1,-1.286873932E0,-2.932402039E-1
1.963920696E1,-1.389964554E1,-1.036444702E0,-3.263214111E-2
1.964924696E1,-1.420740555E1,-5.236111450E-1,-1.728904724E-1
1.965928696E1,-1.445274536E1,1.257385254E-2,-5.215155029E-1
1.966932696E1,-1.428808777E1,2.293231201E-1,-9.705816650E-1
1.967936696E1,-1.368544098E1,1.428030396E-1,-1.677711182E0
1.968940596E1,-1.296648605E1,-4.667294312E-1,-2.675087128E0
1.969944596E1,-1.282038986E1,-1.560654602E0,-3.831282806E0
1.970948596E1,-1.318158875E1,-2.539618835E0,-5.186265106E0
1.971952596E1,-1.336720276E1,-2.740501099E0,-6.456822968E0
1.972956596E1,-1.283221527E1,-1.585951996E0,-7.011868744E0
1.973960596E1,-1.148606461E1,2.424957275E-1,-6.495292969E0
1.974964596E1,-9.894274750E0,1.547332306E0,-5.227130127E0
1.975968596E1,-8.087681580E0,2.232906647E0,-4.043092346E0
1.976972596E1,-6.283782806E0,2.453248444E0,-3.247347107E0
1.977976596E1,-5.734574890E0,2.356399841E0,-2.687361603E0
1.978980596E1,-6.470744019E0,1.846859436E0,-2.268981628E0
1.979984596E1,-7.464826813E0,1.163380737E0,-2.080822906E0
1.980988596E1,-8.596772919E0,2.016307068E-1,-1.697619781E0
1.981992596E1,-9.865684204E0,-7.768844604E-1,-1.346450043E0
1.982996596E1,-1.111962662E1,-1.369651794E0,-1.406175842E0
1.984000596E1,-1.164817749E1,-1.601369934E0,-1.813628540E0
1.985004596E1,-1.154204819E1,-1.641336823E0,-2.338437195E0
1.986008596E1,-1.146136597E1,-1.714235229E0,-2.983894958E0
1.987012596E1,-1.131691635E1,-1.761237488E0,-3.535048828E0
1.988016596E1,-1.098685272E1,-1.577719116E0,-3.693569183E0
1.989020579E1,-1.025113266E1,-1.217717743E0,-3.443589020E0
1.990024579E1,-9.269324341E0,-7.707472229E-1,-2.853815460E0
1.991028579E1,-8.430468750E0,-3.475772095E-1,-2.244582367E0
1.992032579E1,-7.655230865E0,1.731898499E-1,-1.771865387E0
1.993036579E1,-7.022646332E0,7.948471069E-1,-1.502276001E0
1.994040579E1,-6.505920868E0,1.426084442E0,-1.265019379E0
1.995044579E1,-6.048921204E0,1.960323486E0,-1.027762756E0
1.996048579E1,-5.760171661E0,2.338736572E0,-7.490423584E-1
1.997052579E1,-5.738167419E0,2.475851440E0,-5.578898621E-1
1.998056579E1,-5.754633179E0,2.445015564E0,-5.616320801E-1
1.999060579E1,-5.754932556E0,2.202370148E0,-7.298822021E-1
2.000064579E1,-5.946384430E0,1.907034302E0,-9.315129089E-1
2.001068579E1,-6.399791565E0,1.433868256E0,-1.240769806E0
2.002072579E1,-7.043303375E0,9.208850098E-1,-1.465602264E0
2.003076579E1,-7.765551453E0,6.096821594E-1,-1.593885498E0
2.004080579E1,-8.397836609E0,4.177812195E-1,-1.689835968E0
2.005084579E1,-8.824150085E0,3.727249146E-1,-1.623374176E0
2.006088579E1,-9.023984528E0,4.617897034E-1,-1.509461060E0
2.007092579E1,-8.897347870E0,6.601272583E-1,-1.337917786E0
2.008096579E1,-8.716972961E0,8.321195984E-1,-1.110390930E0
2.009100579E1,-8.650660858E0,8.699908447E-1,-7.705975342E-1
2.010104479E1,-8.733438721E0,7.448510742E-1,-4.899311829E-1
2.011108479E1,-9.046138458E0,5.472619629E-1,-4.852908325E-1
2.012112479E1,-9.683812408E0,4.513114929E-1,-5.105882263E-1
2.013116479E1,-1.040052200E1,5.382806396E-1,-4.043092346E-1
2.014120479E1,-1.083686462E1,7.060816956E-1,-2.992277527E-1
2.015124479E1,-1.076815750E1,9.168434143E-1,-3.004252625E-1
2.016128479E1,-1.015353561E1,1.128652954E0,-5.177732849E-1
2.017132479E1,-9.416767731E0,1.357826385E0,-8.556207275E-1
2.018136479E1,-9.121581573E0,1.758692780E0,-1.232387238E0
2.019140479E1,-9.311686249E0,2.362686768E0,-1.230441284E0
2.020144479E1,-9.746981049E0,3.009491730E0,-6.962022400E-1
2.021148479E1,-1.031040939E1,3.367247772E0,4.370910645E-2
2.022152479E1,-1.112037506E1,3.185825043E0,6.864724731E-1
2.023156479E1,-1.177496384E1,2.688259735E0,8.170010376E-1
2.024160479E1,-1.212568451E1,2.126028900E0,5.168751526E-1
2.025164479E1,-1.231968109E1,1.642534332E0,1.805245972E-1
2.026168479E1,-1.244347366E1,1.259630585E0,-2.598596191E-1
2.027172479E1,-1.253164032E1,8.372090149E-1,-7.991880798E-1
2.028176479E1,-1.264061371E1,5.953120422E-1,-1.638043671E0
2.029180479E1,-1.299178345E1,6.701564026E-1,-2.926863556E0
2.030184479E1,-1.340133179E1,1.387464752E0,-4.416715393E0
2.031188479E1,-1.346914078E1,1.798509979E0,-5.635630646E0
2.032192479E1,-1.334130661E1,1.650767212E0,-6.465953979E0
2.033196479E1,-1.274659332E1,1.273701324E0,-6.820865936E0
2.034200479E1,-1.172062683E1,7.699987793E-1,-6.684499512E0
2.035204479E1,-1.040935364E1,2.888992310E-2,-6.091881866E0
2.036208479E1,-9.057365112E0,-7.538323975E-1,-4.938679962E0
2.037212479E1,-8.364006958E0,-7.735913086E-1,-4.123774567E0
2.038216479E1,-8.056696014E0,-2.218386841E-1,-3.570525055E0
2.039220479E1,-7.912396088E0,2.412982178E-1,-2.974763947E0
2.040224479E1,-7.970325623E0,4.472698975E-1,-2.391277313E0
2.041228479E1,-8.152646484E0,5.613327026E-1,-2.043251038E0
2.042232479E1,-8.426127777E0,6.713539124E-1,-1.873953094E0
2.043236479E1,-8.820108490E0,9.647438049E-1,-1.819017334E0
2.044240479E1,-9.079968109E0,1.409468994E0,-2.187101898E0
2.045244479E1,-9.247469788E0,1.658251648E0,-2.781964874E0
2.046248479E1,-9.369017029E0,1.740281067E0,-3.295846252E0
2.047252479E1,-9.236093445E0,1.667682037E0,-3.652105408E0
2.048256479E1,-8.935518494E0,1.382674713E0,-3.733236694E0
2.049260479E1,-8.622669067E0,1.071172485E0,-3.569177856E0
2.050264479E1,-8.142916718E0,6.732998657E-1,-3.133733368E0
2.051268479E1,-7.669451294E0,3.483256531E-1,-2.510429535E0
2.052272479E1,-7.267387390E0,1.342707825E-1,-1.883383484E0
2.053276479E1,-7.032226410E0,1.287322998E-2,-1.352736969E0
2.054280479E1,-6.993756409E0,-4.775070190E-2,-9.119036865E-1
2.055284479E1,-6.978488159E0,-1.811233521E-2,-6.176156616E-1
2.056288479E1,-7.111411743E0,-3.742218018E-3,-4.858895874E-1
2.057292479E1,-7.412585449E0,2.125579834E-2,-5.712121582E-1
2.058296479E1,-7.651039581E0,1.781295776E-2,-8.080197144E-1
2.059300479E1,-7.857310638E0,-1.258882141E-1,-1.101708984E0
2.060304479E1,-8.108787689E0,-3.785627747E-1,-1.414408722E0
2.061308479E1,-8.318800964E0,-5.480104065E-1,-1.580563202E0
2.062312479E1,-8.521778870E0,-5.806425476E-1,-1.597478027E0
2.063316479E1,-8.727900238E0,-4.595443726E-1,-1.663939819E0
2.064320479E1,-8.939709778E0,-2.941383362E-1,-1.668430481E0
2.065324479E1,-9.164991302E0,-6.706054688E-2,-1.618434448E0
2.066328479E1,-9.248218231E0,1.553768921E-1,-1.525477753E0
2.067332479E1,-9.206904144E0,4.147874451E-1,-1.358275452E0
2.068336479E1,-9.033863983E0,5.379812622E-1,-1.138083344E0
2.069340479E1,-8.811276855E0,4.752616882E-1,-9.330097961E-1
2.070344479E1,-8.604407043E0,4.495152283E-1,-7.940986633E-1
2.071348479E1,-8.550369415E0,4.194277954E-1,-6.676116943E-1
2.072352479E1,-8.604856110E0,4.421804810E-1,-5.252577209E-1
2.073356479E1,-8.764573975E0,5.180726624E-1,-3.523672485E-1
2.074360479E1,-9.023685150E0,5.304968262E-1,-1.354682922E-1
2.075364479E1,-9.263486481E0,4.555027771E-1,1.676513672E-2
2.076368479E1,-9.429191895E0,4.276606750E-1,-6.271957397E-2
2.077372479E1,-9.513167267E0,4.523593140E-1,-4.090992737E-1
2.078376479E1,-9.500144348E0,5.040019226E-1,-1.062640228E0
2.079380479E1,-9.483828278E0,4.694238281E-1,-1.769620056E0
2.080384479E1,-9.680668945E0,3.177891541E-1,-2.057471466E0
2.081388479E1,-1.026071274E1,-4.595443726E-2,-1.598974915E0
2.082392479E1,-1.117486176E1,-4.367916870E-1,-6.831793213E-1
2.083396379E1,-1.192046127E1,-6.500981140E-1,-7.035369873E-3
2.084400379E1,-1.249676285E1,-5.842350769E-1,2.700384521E-1
2.085404379E1,-1.335447922E1,-1.050814819E-1,1.237925720E-1
2.086408379E1,-1.430155975E1,4.887336731E-1,-4.613406372E-1
2.087412379E1,-1.491558289E1,7.830216980E-1,-1.317260742E0
2.088416379E1,-1.477457611E1,5.176235962E-1,-2.231559448E0
2.089420483E1,-1.367765717E1,-2.381547546E-1,-2.775677948E0
2.090424483E1,-1.262070511E1,-1.291364594E0,-3.380869446E0
2.091428483E1,-1.225127335E1,-2.320324860E0,-4.559817810E0
2.092432483E1,-1.247131577E1,-2.989433441E0,-5.836512909E0
2.093436483E1,-1.266366577E1,-2.943928070E0,-6.489155731E0
2.094440483E1,-1.206880280E1,-1.719174957E0,-6.450236664E0
2.095444483E1,-1.075333832E1,-2.151026917E-1,-5.666167145E0
2.096448483E1,-9.259444885E0,8.466394043E-1,-4.439767456E0
2.097452483E1,-7.639513550E0,1.557660828E0,-3.183879089E0
2.098456483E1,-6.694079590E0,1.887724457E0,-2.117496643E0
2.099460483E1,-7.015910339E0,1.917662201E0,-1.662891998E0
2.100464483E1,-8.041128387E0,1.552870789E0,-1.747466125E0
2.101468483E1,-9.271120605E0,6.758445740E-1,-2.064506836E0
2.102472483E1,-1.044468018E1,-3.073109436E-1,-2.573897552E0
2.103476483E1,-1.116692825E1,-9.589059448E-1,-3.049159241E0
2.104480483E1,-1.126272903E1,-1.294957123E0,-3.262914734E0
2.105484483E1,-1.096125595E1,-1.565294952E0,-3.253933411E0
2.106488483E1,-1.051757858E1,-1.873054962E0,-3.136427765E0
2.107492483E1,-1.019993912E1,-2.039658508E0,-3.031645660E0
2.108496483E1,-9.883946228E0,-1.992356873E0,-2.950514374E0
2.109500483E1,-9.256600800E0,-1.749262390E0,-2.815794525E0
2.110504483E1,-8.651409302E0,-1.314117279E0,-2.532583466E0
2.111508483E1,-7.948022003E0,-7.937992859E-1,-2.218536530E0
2.112512483E1,-7.346872101E0,-4.324507141E-1,-1.976489868E0
2.113516483E1,-6.812483368E0,-9.639953613E-2,-1.823807373E0
2.114520483E1,-6.562203827E0,3.585044861E-1,-1.609004059E0
2.115524483E1,-6.452931061E0,8.219407654E-1,-1.452429657E0
2.116528483E1,-6.597530365E0,1.351838837E0,-1.291813660E0
2.117532483E1,-6.977889404E0,1.994452515E0,-1.133442993E0
2.118536483E1,-7.268734589E0,2.404449921E0,-1.244212646E0
2.119540483E1,-7.370073853E0,2.476450195E0,-1.473236389E0
2.120544483E1,-7.455396423E0,2.311343536E0,-1.695075073E0
2.121548483E1,-7.685617676E0,2.052831116E0,-1.818268890E0
2.122552483E1,-8.076305237E0,1.842368774E0,-1.862427063E0
2.123556483E1,-8.533005524E0,1.624122620E0,-1.805245972E0
2.124560483E1,-8.883726196E0,1.494342499E0,-1.582958221E0
2.125564483E1,-9.026678925E0,1.509461060E0,-1.256487122E0
2.126568483E1,-8.996142426E0,1.573378143E0,-9.273216248E-1
2.127572483E1,-8.828191681E0,1.568588104E0,-7.000941467E-1
2.128576483E1,-8.628506927E0,1.439406738E0,-6.149212646E-1
2.129580483E1,-8.649613037E0,1.205293579E0,-6.586303711E-1
2.130584483E1,-8.820258179E0,8.282276917E-1,-6.987469482E-1
2.131588483E1,-9.094487915E0,4.236190796E-1,-5.420228577E-1
2.132592483E1,-9.193731537E0,5.897735596E-2,-3.394940186E-1
2.133596483E1,-9.175469513E0,-3.421884155E-1,-2.342628479E-1
2.134600483E1,-9.105415192E0,-5.456153870E-1,-3.366499329E-1
2.135604483E1,-8.922944641E0,-3.823049927E-1,-5.236111450E-1
2.136608483E1,-8.852141876E0,-1.472937012E-1,-4.754113770E-1
2.137612483E1,-8.856482849E0,1.294807434E-1,-5.914201355E-1
2.138616483E1,-8.920100555E0,5.698649597E-1,-1.088686066E0
2.139620483E1,-9.012608185E0,1.107097778E0,-1.522184601E0
2.140624483E1,-8.960666199E0,1.545685730E0,-1.711091766E0
2.141628483E1,-9.122030640E0,2.006427612E0,-1.599573669E0
2.142632483E1,-9.828561401E0,2.478096771E0,-1.182241516E0
2.143636483E1,-1.074061478E1,2.951861572E0,-7.168592834E-1
2.144640483E1,-1.121812180E1,3.195554810E0,-4.773573303E-1
2.145644483E1,-1.137170242E1,2.746039581E0,-3.638932800E-1
2.146648483E1,-1.170565796E1,1.722617798E0,-4.083508301E-1
2.147652483E1,-1.220292389E1,7.002438354E-1,-7.894583130E-1
2.148656483E1,-1.242940292E1,-1.065783691E-1,-1.475332031E0
2.149660483E1,-1.246383133E1,-6.334826660E-1,-2.199975128E0
2.150664483E1,-1.254840546E1,-5.502557373E-1,-2.773432617E0
2.151668483E1,-1.266576141E1,1.402583313E-1,-3.029550018E0
2.152672483E1,-1.283251465E1,9.747729492E-1,-3.138224030E0
2.153676483E1,-1.283775375E1,1.800455933E0,-3.154240723E0
2.154680483E1,-1.274389893E1,2.309996338E0,-3.146157532E0
2.155684483E1,-1.219154755E1,1.152902527E0,-3.739673309E0
2.156688483E1,-1.198033676E1,-3.353027344E-1,-5.741909637E0
2.157692483E1,-1.257579849E1,-2.948867798E-2,-7.571704559E0
2.158696483E1,-1.225516525E1,9.894424438E-2,-7.245981903E0
2.159700483E1,-1.101993393E1,-5.701643372E-1,-5.725743256E0
2.160704483E1,-9.286688232E0,-1.170416107E0,-4.431534576E0
2.161708483E1,-7.594307556E0,-1.731449432E0,-3.398233337E0
2.162712483E1,-6.434369659E0,-2.280657349E0,-2.446662140E0
2.163716483E1,-5.823340302E0,-2.478695526E0,-1.661544800E0
2.164720483E1,-5.670358429E0,-2.082918549E0,-1.160536652E0
2.165724483E1,-5.929469604E0,-1.161285095E0,-1.012793884E0
2.166728483E1,-6.478378143E0,-2.445913696E-1,-1.177900543E0
2.167732483E1,-7.351811829E0,3.382965088E-1,-1.455124054E0
2.168736483E1,-8.433163147E0,6.165678406E-1,-1.790127411E0
2.169740483E1,-8.983568573E0,6.379733276E-1,-2.038161621E0
2.170744483E1,-9.353299713E0,4.311035156E-1,-2.283501434E0
2.171748483E1,-9.408834229E0,2.737806702E-1,-2.656226349E0
2.172752483E1,-9.347162476E0,1.646575928E-3,-3.068319397E0
2.173756483E1,-9.277557220E0,-2.393522644E-1,-3.386407928E0
2.174760483E1,-9.181756439E0,-2.377056885E-1,-3.406915283E0
2.175764483E1,-9.087302856E0,-4.460723877E-1,-3.151696014E0
2.176768483E1,-9.090296631E0,-7.204518127E-1,-2.750530243E0
2.177772483E1,-8.981472931E0,-8.265811157E-1,-2.251318359E0
2.178776483E1,-8.788524170E0,-8.214916992E-1,-1.657802582E0
2.179780483E1,-8.457263031E0,-8.321195984E-1,-1.021026764E0
2.180784483E1,-8.123906250E0,-8.987310791E-1,-5.659730530E-1
2.181788483E1,-7.912845154E0,-1.128503265E0,-4.242178345E-1
2.182792483E1,-8.097411346E0,-1.536405029E0,-4.700225830E-1
2.183796483E1,-8.641230469E0,-1.816472626E0,-7.464976501E-1
2.184800383E1,-9.179361420E0,-1.902693329E0,-1.159189453E0
2.185804383E1,-9.625733185E0,-1.656904449E0,-1.620979156E0
2.186808383E1,-9.875863037E0,-1.221310272E0,-2.040257263E0
2.187812383E1,-1.003588028E1,-7.714956665E-1,-2.269131317E0
2.188816383E1,-1.010803024E1,-4.305047607E-1,-2.309098206E0
2.189820354E1,-1.002734802E1,-1.372645569E-1,-2.196382599E0
2.190824354E1,-9.737700348E0,5.897735596E-2,-1.986818390E0
2.191828354E1,-9.381890259E0,2.204914856E-1,-1.755699005E0
2.192832354E1,-8.978179779E0,2.246827698E-1,-1.577868805E0
2.193836354E1,-8.740923157E0,1.297801208E-1,-1.441502380E0
2.194840354E1,-8.643176422E0,1.422042847E-2,-1.318607941E0
2.195844354E1,-8.634045410E0,-1.082249451E-1,-1.262624359E0
2.196848354E1,-8.659941559E0,-1.776805115E-1,-1.202599182E0
2.197852354E1,-8.701555023E0,-1.609153748E-1,-1.115929413E0
2.198856354E1,-8.702004089E0,-1.179547119E-1,-9.997709656E-1
2.199860354E1,-8.552015991E0,-8.906478882E-2,-9.157955933E-1
2.200864354E1,-8.317453766E0,-1.381626892E-1,-9.035211182E-1
2.201868354E1,-8.117469635E0,-2.728825378E-1,-9.443861389E-1
2.202872354E1,-8.143665161E0,-5.108876038E-1,-1.028361511E0
2.203876354E1,-8.474028168E0,-8.740324402E-1,-1.100960541E0
2.204880354E1,-9.018446045E0,-1.283431091E0,-8.860075378E-1
2.205884354E1,-9.791887665E0,-1.477727051E0,-6.412664795E-1
2.206888354E1,-1.072384964E1,-1.499282227E0,-5.276527405E-1
2.207892354E1,-1.145462997E1,-1.440155182E0,-4.956193542E-1
2.208896354E1,-1.228465393E1,-1.046773224E0,-8.532257080E-1
2.209900354E1,-1.282592834E1,-5.231620789E-1,-1.529519348E0
2.210904354E1,-1.311901886E1,-3.044668579E-1,-2.288441162E0
2.211908354E1,-1.373468857E1,-1.996847534E-1,-3.324586487E0
2.212912354E1,-1.511661484E1,-6.721023560E-2,-4.547543335E0
2.213916354E1,-1.710163696E1,-2.038760376E-1,-5.594316559E0
2.214920354E1,-1.799527863E1,-8.581654358E-1,-6.007906494E0
2.215924354E1,-1.627924713E1,-1.676214294E0,-5.337151337E0
2.216928354E1,-1.333442093E1,-1.597028961E0,-4.086202698E0
2.217932354E1,-1.083102676E1,-1.201701050E0,-3.310366058E0
2.218936354E1,-8.582402802E0,-8.048762512E-1,-2.817141724E0
2.219940354E1,-6.727609863E0,-3.267704773E-1,-2.350412292E0
2.220944354E1,-5.568420410E0,-1.416055298E-1,-1.761686554E0
2.221948354E1,-4.942871246E0,-4.186793518E-1,-1.133442993E0
2.222952354E1,-4.709057465E0,-1.088237000E0,-6.988966370E-1
2.223956354E1,-4.939129028E0,-1.907633057E0,-4.206253052E-1
2.224960354E1,-5.588478699E0,-2.483934631E0,-2.555186462E-1
2.225964354E1,-6.579717407E0,-2.487078094E0,-4.177812195E-1
2.226968354E1,-7.936645660E0,-1.996398468E0,-8.964857483E-1
2.227972354E1,-9.414073334E0,-1.344953156E0,-1.523232422E0
2.228976354E1,-1.064451462E1,-9.142987061E-1,-2.196532288E0
2.229980354E1,-1.154908356E1,-5.080435181E-1,-2.855911102E0
2.230984354E1,-1.201251984E1,-3.053649902E-2,-3.604803772E0
2.231988354E1,-1.212822922E1,3.981719971E-1,-4.281247101E0
2.232992354E1,-1.201820801E1,6.533912659E-1,-4.665647736E0
2.233996354E1,-1.134730316E1,9.406439209E-1,-4.784650269E0
2.235000354E1,-1.062730042E1,1.218316498E0,-4.197421417E0
2.236004354E1,-9.918973389E0,1.274150391E0,-3.092718658E0
2.237008354E1,-9.158255310E0,1.049916687E0,-2.129322052E0
2.238012354E1,-8.468190308E0,7.131170654E-1,-1.434916077E0
2.239016354E1,-8.005352783E0,5.839356995E-1,-9.551637268E-1
2.240020354E1,-7.639513550E0,6.563850403E-1,-7.545808411E-1
2.241024354E1,-7.336244202E0,7.628137207E-1,-7.390132141E-1
2.242028354E1,-7.240144043E0,8.303233337E-1,-8.226892090E-1
2.243032354E1,-7.328610077E0,7.934999084E-1,-9.620494080E-1
2.244036354E1,-7.656428375E0,6.503974915E-1,-1.183289337E0
2.245040354E1,-8.180638275E0,5.358856201E-1,-1.417402496E0
2.246044354E1,-8.718020782E0,5.649252319E-1,-1.683249664E0
2.247048354E1,-9.144334259E0,7.458988953E-1,-1.857038269E0
2.248052354E1,-9.195378113E0,8.628057861E-1,-1.892813873E0
2.249056354E1,-9.152417450E0,8.993298340E-1,-1.871109009E0
2.250060354E1,-9.184750214E0,9.416917419E-1,-1.819765778E0
2.251064354E1,-9.100625153E0,1.021176453E0,-1.723216553E0
2.252068354E1,-8.944499817E0,1.150806885E0,-1.467548218E0
2.253072354E1,-8.729397125E0,1.296154633E0,-1.130748596E0
2.254076354E1,-8.529412994E0,1.487157440E0,-8.081694031E-1
2.255080354E1,-8.414452057E0,1.584305420E0,-4.819976807E-1
2.256084354E1,-8.456664276E0,1.652862854E0,-2.553689575E-1
2.257088254E1,-8.549770660E0,1.693578186E0,-1.089733887E-1
2.258092254E1,-8.581205292E0,1.522933044E0,-5.403762817E-2
2.259096254E1,-8.547076263E0,1.203796692E0,-2.308200073E-1
2.260100254E1,-8.388555908E0,9.403445435E-1,-6.489006042E-1
2.261104254E1,-8.131540375E0,8.424481201E-1,-1.047371979E0
2.262108254E1,-7.918233948E0,8.818162537E-1,-1.210981750E0
2.263112254E1,-7.824977875E0,9.620494080E-1,-1.322050781E0
2.264116254E1,-8.059989166E0,1.025966492E0,-1.429826660E0
2.265120254E1,-8.756041718E0,1.187330933E0,-1.614243164E0
2.266124254E1,-9.591005402E0,1.445693665E0,-1.636097717E0
2.267128254E1,-1.023092468E1,1.730850677E0,-1.539847870E0
2.268132254E1,-1.072444839E1,1.864373016E0,-1.472338257E0
2.269136254E1,-1.109986771E1,1.828148346E0,-1.378782806E0
2.270140254E1,-1.123758133E1,1.707648926E0,-1.384171600E0
2.271144254E1,-1.112202164E1,1.416204987E0,-1.414857788E0
2.272148254E1,-1.100975510E1,1.066083069E0,-1.305285645E0
2.273152254E1,-1.101948486E1,7.821235657E-1,-1.066532135E0
2.274156254E1,-1.135344040E1,5.155279541E-1,-8.774752808E-1
2.275160254E1,-1.202224960E1,4.586462402E-1,-1.068478088E0
2.276164254E1,-1.311138474E1,1.038091278E0,-1.713187408E0
2.277168254E1,-1.399634445E1,2.006128235E0,-2.509830780E0
2.278172254E1,-1.466784805E1,2.920576630E0,-3.166964264E0
2.279176254E1,-1.497246460E1,3.542533264E0,-3.502266998E0
2.280180254E1,-1.465063385E1,3.814817047E0,-3.886218567E0
2.281184254E1,-1.370115829E1,3.360062714E0,-4.013304291E0
2.282188254E1,-1.241952347E1,2.303260345E0,-3.663332062E0
2.283192254E1,-1.103849533E1,1.251397705E0,-3.137475586E0
2.284196254E1,-9.687404938E0,3.303630066E-1,-2.831511841E0
2.285200254E1,-8.579858093E0,-4.189787292E-1,-2.842738495E0
2.286204254E1,-7.540269928E0,-1.078656921E0,-2.778372345E0
2.287208254E1,-6.671326904E0,-1.540147247E0,-2.527793427E0
2.288212254E1,-5.957910461E0,-1.745071106E0,-2.157164154E0
2.289216254E1,-5.370382233E0,-1.718576202E0,-1.830992432E0
2.290220196E1,-5.033283234E0,-1.488354950E0,-1.595232697E0
2.291224196E1,-5.100194092E0,-9.228309631E-1,-1.473236389E0
2.292228196E1,-5.699547729E0,-2.228865051E-1,-1.536554718E0
2.293232196E1,-6.622528381E0,3.430865479E-1,-1.781295776E0
2.294236196E1,-7.732919312E0,6.819818115E-1,-2.131717072E0
2.295240196E1,-8.910221100E0,7.982899475E-1,-2.636317749E0
2.296244196E1,-9.730215912E0,9.089099121E-1,-3.256927185E0
2.297248196E1,-1.012105316E1,1.030307465E0,-3.722758484E0
2.298252196E1,-1.037208115E1,1.155896301E0,-3.882476349E0
2.299256196E1,-1.038091278E1,1.158441010E0,-3.847149811E0
2.300260196E1,-1.043225601E1,1.112935638E0,-3.613336029E0
2.301264196E1,-1.036893768E1,9.782157898E-1,-3.327729950E0
2.302268196E1,-1.018901184E1,7.195536804E-1,-2.931354218E0
2.303272196E1,-9.852361908E0,3.106040955E-1,-2.495011597E0
2.304276196E1,-9.553732910E0,-1.240919495E-1,-2.139351196E0
2.305280196E1,-9.099277954E0,-4.790039062E-1,-1.834135895E0
2.306284196E1,-8.694519653E0,-8.271798706E-1,-1.482217712E0
2.307288196E1,-8.309969330E0,-1.262624359E0,-1.182540894E0
2.308292196E1,-8.053402863E0,-1.718576202E0,-9.370513916E-1
2.309296196E1,-7.890840912E0,-1.988315277E0,-8.656498718E-1
2.310300196E1,-7.840395813E0,-1.991309052E0,-8.904981995E-1
2.311304196E1,-7.866441650E0,-1.734742584E0,-1.009201355E0
2.312308196E1,-7.912994843E0,-1.312171326E0,-1.226100311E0
2.313312196E1,-8.013435974E0,-9.286688232E-1,-1.522334290E0
2.314316196E1,-8.221353607E0,-6.150709534E-1,-1.790726166E0
2.315320196E1,-8.566535797E0,-3.600013733E-1,-1.979932709E0
2.316324096E1,-9.053173828E0,-1.743873596E-1,-2.072739716E0
2.317328096E1,-9.413474579E0,-7.694000244E-2,-2.077080688E0
2.318332096E1,-9.556876373E0,-8.502319336E-2,-2.088457031E0
2.319336096E1,-9.520052948E0,-2.851570129E-1,-2.033371582E0
2.320340096E1,-9.377549286E0,-5.495072937E-1,-1.911075897E0
2.321344096E1,-9.135652313E0,-7.316784668E-1,-1.604513397E0
2.322348096E1,-8.876690826E0,-7.424560547E-1,-1.202000427E0
2.323352096E1,-8.778345337E0,-5.282514954E-1,-7.717950439E-1
2.324356096E1,-8.809480591E0,-3.022215271E-1,-3.977229309E-1
2.325360096E1,-8.941506042E0,-2.242337036E-1,-1.547781372E-1
2.326364096E1,-9.147777100E0,-2.971321106E-1,-2.258802795E-1
2.327368096E1,-9.245374146E0,-4.373904419E-1,-4.959187317E-1
2.328372096E1,-9.236392822E0,-4.376898193E-1,-8.270301819E-1
2.329376096E1,-9.377249908E0,-3.303630066E-1,-1.143172760E0
2.330380096E1,-9.625284119E0,-3.267704773E-1,-1.265318756E0
2.331384096E1,-9.892927551E0,-3.787124634E-1,-1.176104279E0
2.332388096E1,-1.024424698E1,-2.634521484E-1,-1.060095520E0
2.333392096E1,-1.076202026E1,-1.941462708E-1,-9.472302246E-1
2.334396096E1,-1.124042542E1,-2.938389587E-1,-8.795709229E-1
2.335400096E1,-1.172107590E1,-2.380050659E-1,-8.375083923E-1
2.336404096E1,-1.222717346E1,-8.083190918E-3,-8.807684326E-1
2.337408096E1,-1.264001495E1,2.441423035E-1,-9.788145447E-1
2.338412096E1,-1.295391220E1,3.739224243E-1,-1.184037781E0
2.339416096E1,-1.316751801E1,3.312611389E-1,-1.660946045E0
2.340420096E1,-1.339100327E1,1.350192261E-1,-2.609972534E0
2.341424096E1,-1.375863876E1,-3.270698547E-1,-3.747606812E0
2.342428096E1,-1.435454956E1,-1.054107971E0,-4.476740570E0
2.343432096E1,-1.488354950E1,-1.794318695E0,-4.805307312E0
2.344436096E1,-1.458956085E1,-1.898202667E0,-5.142406311E0
2.345440096E1,-1.307845322E1,-1.127305756E0,-5.518125000E0
2.346444096E1,-1.100271973E1,-2.862048340E-1,-5.431604919E0
2.347448096E1,-8.922794952E0,6.770420837E-1,-4.950804749E0
2.348452096E1,-6.980134735E0,1.591939545E0,-4.131109314E0
2.349456096E1,-5.822741547E0,2.106120300E0,-3.334915009E0
2.350460096E1,-5.626499634E0,1.951940918E0,-2.711012421E0
2.351464096E1,-6.169420624E0,1.087039490E0,-1.987267456E0
2.352468096E1,-7.055577850E0,-8.666976929E-2,-1.321002960E0
2.353472096E1,-8.160579987E0,-1.053958282E0,-7.949967957E-1
2.354476096E1,-9.302704926E0,-1.760638733E0,-6.077362061E-1
2.355480096E1,-1.009201355E1,-2.134411469E0,-1.026565247E0
2.356484096E1,-1.066172882E1,-2.220632172E0,-1.830243988E0
2.357488096E1,-1.143487106E1,-2.096989288E0,-2.730621643E0
2.358492096E1,-1.207074875E1,-1.825903015E0,-3.457959137E0
2.359496096E1,-1.218600906E1,-1.603615265E0,-3.797453156E0
2.360500096E1,-1.182705551E1,-1.407073975E0,-3.800746307E0
2.361504096E1,-1.088716003E1,-1.085692291E0,-3.419040070E0
2.362508096E1,-9.679621124E0,-7.176077271E-1,-2.773582306E0
2.363512096E1,-8.610244904E0,-3.137475586E-1,-2.155667267E0
2.364516096E1,-7.633675690E0,1.468446350E-1,-1.815574493E0
2.365520096E1,-6.752158813E0,6.188131714E-1,-1.502874756E0
2.366524096E1,-6.323899384E0,1.031205597E0,-1.223256226E0
2.367528096E1,-6.204298096E0,1.402583313E0,-1.022823029E0
2.368532096E1,-6.286626892E0,1.667232971E0,-8.090675354E-1
2.369536096E1,-6.357429657E0,1.763931885E0,-6.764433289E-1
2.370540096E1,-6.343358917E0,1.687141571E0,-7.731422424E-1
2.371544096E1,-6.460714874E0,1.520837402E0,-1.116079102E0
2.372548096E1,-6.735393677E0,1.261875916E0,-1.448388062E0
2.373551996E1,-7.104076996E0,1.071172485E0,-1.753303986E0
2.374555996E1,-7.621251526E0,8.891510010E-1,-1.994452515E0
2.375559996E1,-8.207133179E0,6.973997498E-1,-2.030078430E0
2.376563996E1,-8.665480042E0,6.524931335E-1,-1.901495819E0
2.377567996E1,-8.874445496E0,7.812254333E-1,-1.672023010E0
2.378571996E1,-8.868907013E0,1.022373962E0,-1.381477203E0
2.379575996E1,-8.751251678E0,1.264270935E0,-1.118623810E0
2.380579996E1,-8.734037476E0,1.563199310E0,-9.618997192E-1
2.381583996E1,-8.797206116E0,1.749412079E0,-8.795709229E-1
2.382587996E1,-8.867110748E0,1.726958771E0,-8.143066406E-1
2.383591996E1,-8.932524719E0,1.487157440E0,-7.608677673E-1
2.384595996E1,-9.071136475E0,1.150956573E0,-6.216572571E-1
2.385599996E1,-9.302405548E0,7.882608032E-1,-4.540058899E-1
2.386603996E1,-9.537267151E0,4.294569397E-1,-3.589535522E-1
2.387607996E1,-9.660910034E0,1.278341675E-1,-3.312611389E-1
2.388611996E1,-9.527687073E0,-2.121089172E-1,-3.336561584E-1
2.389616029E1,-9.232201538E0,-3.872447205E-1,-4.076023865E-1
2.390620029E1,-8.913963318E0,-3.270698547E-1,-6.550378418E-1
2.391624029E1,-8.992699585E0,-1.032852173E-2,-1.117875366E0
2.392628029E1,-9.395511932E0,6.206094360E-1,-1.476080475E0
2.393632029E1,-9.882299652E0,1.419647827E0,-1.408870239E0
2.394636029E1,-1.060529617E1,2.360890503E0,-9.792636108E-1
2.395640029E1,-1.138128250E1,3.042722626E0,-3.381468201E-1
2.396644029E1,-1.191312653E1,3.260370026E0,1.248403931E-1
2.397648029E1,-1.231848358E1,3.132535858E0,1.463955688E-1
2.398652029E1,-1.276874725E1,3.007246399E0,-5.014572144E-2
2.399656029E1,-1.320434143E1,3.037782898E0,-1.041833496E-1
2.400660029E1,-1.352991440E1,3.000360718E0,-3.293151855E-1
2.401664029E1,-1.374890900E1,2.888842621E0,-1.079105988E0
2.402668029E1,-1.386566620E1,2.777773590E0,-2.324965210E0
2.403672029E1,-1.371702530E1,2.694696350E0,-3.679648132E0
2.404676029E1,-1.353904541E1,2.409988403E0,-4.656965790E0
2.405680029E1,-1.301723053E1,1.750010834E0,-5.399870911E0
2.406684029E1,-1.234961884E1,9.095086670E-1,-5.785169678E0
2.407688029E1,-1.172631500E1,2.725831604E-1,-5.571863251E0
2.408692029E1,-1.060933777E1,-2.264790344E-1,-5.006938019E0
2.409696029E1,-9.211095428E0,-6.918612671E-1,-4.162394257E0
2.410700029E1,-7.933502197E0,-1.146465912E0,-3.137924652E0
2.411704029E1,-7.227270813E0,-1.203497314E0,-2.429747314E0
2.412708029E1,-6.999294891E0,-6.825805664E-1,-2.111509094E0
2.413712029E1,-7.133865051E0,2.152523804E-1,-1.937570801E0
2.414716029E1,-7.457042999E0,1.125509491E0,-1.833537140E0
2.415720029E1,-7.816894684E0,1.712289276E0,-1.804796906E0
2.416724029E1,-8.369246063E0,1.918859711E0,-1.846260681E0
2.417728029E1,-9.054670715E0,1.880240021E0,-1.941313019E0
2.418732029E1,-9.655970306E0,1.725162506E0,-2.252066803E0
2.419736029E1,-1.007539810E1,1.348994751E0,-2.717449036E0
2.420740029E1,-1.026205994E1,9.268725586E-1,-3.140469360E0
2.421744029E1,-1.009845016E1,6.798861694E-1,-3.389551392E0
2.422748029E1,-9.749226379E0,4.695735168E-1,-3.363505554E0
2.423752029E1,-9.223070526E0,2.894979858E-1,-3.191662903E0
2.424756029E1,-8.596024475E0,1.181044006E-1,-2.999163208E0
2.425759929E1,-8.123606873E0,-2.694396973E-3,-2.818189545E0
2.426763929E1,-7.802225189E0,-4.026626587E-2,-2.565065918E0
2.427767929E1,-7.453300781E0,-1.559756470E-1,-2.241738281E0
2.428771929E1,-7.074288940E0,-2.971321106E-1,-1.852397919E0
2.429775929E1,-6.707701263E0,-4.456233215E-1,-1.502425690E0
2.430779929E1,-6.517147522E0,-5.863307190E-1,-1.253493347E0
2.431783929E1,-6.549629974E0,-6.614744568E-1,-1.134939880E0
2.432787929E1,-6.712790680E0,-7.755372620E-1,-1.113684082E0
2.433791929E1,-6.994953918E0,-8.448431396E-1,-1.113085327E0
2.434795929E1,-7.303761749E0,-9.044192505E-1,-1.137634277E0
2.435799929E1,-7.632627869E0,-9.339079285E-1,-1.178050232E0
2.436803929E1,-7.993527374E0,-8.463400269E-1,-1.315614166E0
2.437807929E1,-8.332123260E0,-7.027885437E-1,-1.453178101E0
2.438811929E1,-8.635841675E0,-5.212161255E-1,-1.554217987E0
2.439815929E1,-8.845405884E0,-2.793191528E-1,-1.589993591E0
2.440819929E1,-8.942104797E0,1.377136230E-2,-1.448537750E0
2.441823929E1,-9.028924255E0,2.356100464E-1,-1.270707550E0
2.442827929E1,-9.090895386E0,2.797682190E-1,-1.145418091E0
2.443831929E1,-9.151369629E0,2.206411743E-1,-1.105750580E0
2.444835929E1,-9.230405273E0,3.429368591E-1,-1.043031006E0
2.445839929E1,-9.400002594E0,5.601351929E-1,-8.409512329E-1
2.446843929E1,-9.695787506E0,7.244934082E-1,-6.255491638E-1
2.447847929E1,-1.001537292E1,8.547225952E-1,-4.751119995E-1
2.448851929E1,-1.022463776E1,9.448352051E-1,-3.517684937E-1
2.449855929E1,-1.021116577E1,9.876461792E-1,-3.460803223E-1
2.450859929E1,-9.981393585E0,9.154962158E-1,-4.432283020E-1
2.451863929E1,-9.586814117E0,5.689668274E-1,-6.245013428E-1
2.452867929E1,-9.279802551E0,1.092727661E-2,-8.196954346E-1
2.453871929E1,-9.343270569E0,-5.384303284E-1,-7.848179626E-1
2.454875929E1,-9.925559692E0,-1.008003845E0,-3.302133179E-1
2.455879929E1,-1.075708054E1,-1.488354950E0,4.855902100E-1
2.456883929E1,-1.173230255E1,-1.793270874E0,1.174308014E0
2.457887929E1,-1.266366577E1,-1.676513672E0,1.395398254E0
2.458891929E1,-1.344429245E1,-1.189875641E0,1.114582214E0
2.459895929E1,-1.411998734E1,-8.089178467E-1,3.538641357E-1
2.460899929E1,-1.455902435E1,-5.243595886E-1,-8.473878479E-1
2.461903929E1,-1.458701614E1,-4.233197021E-1,-2.342927856E0
2.462907929E1,-1.420156769E1,-7.182064819E-1,-3.772155762E0
2.463911929E1,-1.434751419E1,-1.310973816E0,-4.788242798E0
2.464915929E1,-1.494207779E1,-2.074236603E0,-5.582341461E0
2.465919929E1,-1.506018219E1,-2.091450806E0,-6.350993042E0
2.466923929E1,-1.359472961E1,-1.072070618E0,-6.595584412E0
2.467927929E1,-1.112277008E1,4.031117249E-1,-6.219865723E0
2.468931929E1,-8.677305450E0,1.550326080E0,-5.267845459E0
2.469935929E1,-6.723717957E0,2.188149719E0,-3.959715729E0
2.470939929E1,-5.809568939E0,2.488724670E0,-2.802322540E0
2.471943929E1,-6.068081360E0,2.304457855E0,-2.040556641E0
2.472947929E1,-6.834936676E0,1.672023010E0,-1.839075623E0
2.473951929E1,-7.899822235E0,8.313711548E-1,-1.738035736E0
2.474955929E1,-9.092841339E0,1.207987976E-1,-1.670675812E0
2.475959929E1,-1.004007156E1,-2.610571289E-1,-1.856738892E0
2.476963929E1,-1.047731232E1,-5.050497437E-1,-2.213746490E0
2.477967929E1,-1.068912186E1,-8.857081604E-1,-2.704725494E0
2.478971929E1,-1.115600098E1,-1.234931946E0,-3.219055939E0
2.479975929E1,-1.123234222E1,-1.348845062E0,-3.501069489E0
2.480979929E1,-1.075977493E1,-1.263372803E0,-3.689228210E0
2.481983929E1,-1.016790573E1,-1.158590698E0,-3.546125793E0
2.482987929E1,-9.288634186E0,-9.297166443E-1,-3.014132080E0
2.483991929E1,-8.248147888E0,-6.397695923E-1,-2.383194122E0
2.484995929E1,-7.356901245E0,-2.899470520E-1,-1.862576752E0
2.485999929E1,-6.607858887E0,4.640350342E-2,-1.451232147E0
2.487003929E1,-6.226152649E0,4.549040222E-1,-1.146914978E0
2.488007929E1,-6.047424316E0,1.033899994E0,-1.036295013E0
2.489011929E1,-6.097570038E0,1.479074249E0,-9.165440369E-1
2.490015958E1,-6.413862305E0,1.766626282E0,-8.505313110E-1
2.491019958E1,-6.681805115E0,1.948947144E0,-9.521699524E-1
2.492023958E1,-6.898704071E0,1.901346130E0,-1.204694824E0
2.493027958E1,-7.047494659E0,1.768572235E0,-1.483864288E0
2.494031958E1,-7.417225800E0,1.452429657E0,-1.704505463E0
2.495035958E1,-8.058941345E0,1.092428284E0,-1.850901031E0
2.496039958E1,-8.635242920E0,9.160949707E-1,-1.941462708E0
2.497043958E1,-8.997789001E0,8.818162537E-1,-1.908980255E0
2.498047958E1,-9.078022156E0,9.342073059E-1,-1.763033752E0
2.499051958E1,-8.887618103E0,1.015637970E0,-1.503174133E0
2.500055958E1,-8.488398285E0,1.169817352E0,-1.137634277E0
2.501059958E1,-8.142617340E0,1.371897125E0,-8.180488586E-1
2.502063958E1,-8.111182709E0,1.415306854E0,-5.213658142E-1
2.503067958E1,-8.259823608E0,1.279389496E0,-2.754272461E-1
2.504071958E1,-8.565338287E0,1.013991394E0,-1.472937012E-1
2.505075858E1,-8.884025574E0,7.515870667E-1,-2.239343262E-1
2.506079958E1,-9.044791260E0,4.917274475E-1,-4.119433594E-1
2.507083958E1,-9.110953674E0,3.237767029E-1,-4.799020386E-1
2.508087958E1,-9.045090637E0,4.171824646E-1,-3.848497009E-1
2.509091958E1,-8.740773468E0,7.415579224E-1,-2.350112915E-1
2.510095858E1,-8.630901947E0,1.254541168E0,-3.472778320E-1
2.511099858E1,-8.950487366E0,1.804198151E0,-8.785231018E-1
2.512103958E1,-9.623188477E0,2.365830231E0,-1.404978333E0
2.513107958E1,-1.041923309E1,2.887046356E0,-1.351090393E0
2.514111858E1,-1.112815887E1,3.203787689E0,-9.279203796E-1
2.515115858E1,-1.175999496E1,3.023861847E0,-3.832031250E-1
2.516119858E1,-1.226309875E1,2.378104706E0,-4.834945679E-2
2.517123958E1,-1.266097137E1,1.755249939E0,-2.514770508E-2
2.518127958E1,-1.283595749E1,1.091230774E0,-2.619552612E-2
2.519131858E1,-1.301229080E1,5.269042969E-1,-4.894821167E-2
2.520135858E1,-1.323278229E1,2.558180237E-1,-3.640429688E-1
2.521139958E1,-1.352287903E1,2.568658447E-1,-1.073567505E0
2.522143958E1,-1.386671402E1,7.029382324E-1,-2.376009064E0
2.523147958E1,-1.408540924E1,1.511556702E0,-3.879033508E0
2.524151858E1,-1.393197830E1,2.301015015E0,-5.013524323E0
2.525155958E1,-1.307231598E1,2.634521484E0,-5.585784302E0
2.526159958E1,-1.166374512E1,2.318229218E0,-5.827531586E0
2.527163858E1,-1.040890457E1,1.665736084E0,-5.648204498E0
2.528167958E1,-9.468260651E0,1.037193146E0,-5.052742767E0
2.529171958E1,-8.503666534E0,6.360273743E-1,-4.394711151E0
2.530175958E1,-7.731572113E0,3.863465881E-1,-3.656446381E0
2.531179958E1,-7.496111755E0,1.962419128E-1,-3.145109711E0
2.532183958E1,-7.726931763E0,2.386038208E-1,-2.989283752E0
2.533187958E1,-8.226293335E0,6.393205261E-1,-2.989583130E0
2.534191958E1,-8.799750824E0,1.083446960E0,-2.997816010E0
2.535195958E1,-9.536668396E0,1.371897125E0,-3.149600372E0
2.536199958E1,-1.032567764E1,1.491648102E0,-3.250490570E0
2.537203958E1,-1.081441132E1,1.438957672E0,-3.194656677E0
2.538207958E1,-1.094763428E1,1.292861481E0,-3.214415588E0
2.539211958E1,-1.068388275E1,1.069525909E0,-3.380869446E0
2.540215958E1,-1.014305740E1,8.608598328E-1,-3.247945862E0
2.541219958E1,-9.391769714E0,7.385641479E-1,-2.827170868E0
2.542223958E1,-8.537047119E0,6.430627441E-1,-2.318528595E0
2.543227958E1,-7.768395538E0,5.613327026E-1,-1.843715973E0
2.544231958E1,-7.056925049E0,4.311035156E-1,-1.306483154E0
2.545235958E1,-6.599476318E0,1.996847534E-1,-8.608598328E-1
2.546239958E1,-6.345304871E0,-4.580474854E-2,-6.638694763E-1
2.547243958E1,-6.430627441E0,-2.435435486E-1,-7.174580383E-1
2.548247958E1,-6.778504028E0,-4.040098572E-1,-8.187973022E-1
2.549251958E1,-7.175029449E0,-5.038522339E-1,-8.488847351E-1
2.550255958E1,-7.553143158E0,-6.116281128E-1,-9.062155151E-1
2.551259958E1,-7.736062775E0,-8.262817383E-1,-1.235231323E0
2.552263958E1,-7.737559662E0,-8.994795227E-1,-1.449735260E0
2.553267958E1,-7.558082886E0,-8.494834900E-1,-1.380878448E0
2.554271958E1,-7.403604126E0,-7.688012695E-1,-1.204096069E0
2.555275958E1,-7.453749847E0,-7.006929016E-1,-1.034199371E0
2.556279958E1,-7.695646820E0,-7.473957825E-1,-9.470805359E-1
2.557283958E1,-7.983049164E0,-7.220983887E-1,-9.128018188E-1
2.558287958E1,-8.253985748E0,-5.415737915E-1,-8.988807678E-1
2.559291958E1,-8.486602020E0,-2.862048340E-1,-7.982899475E-1
2.560295958E1,-8.710236969E0,-1.550775146E-1,-6.168672180E-1
2.561299958E1,-8.939709778E0,-1.122665405E-1,-5.029541016E-1
2.562303958E1,-9.139843597E0,-1.199006653E-1,-4.534071350E-1
2.563307958E1,-9.314081268E0,-3.802093506E-2,-4.581971741E-1
2.564311958E1,-9.531878357E0,1.321751404E-1,-5.695655823E-1
2.565315958E1,-9.734257507E0,3.559597778E-1,-7.078779602E-1
2.566319958E1,-9.818532257E0,5.918692017E-1,-6.590794373E-1
2.567323958E1,-9.709858246E0,7.042854309E-1,-5.128335571E-1
2.568327958E1,-9.582922211E0,7.602690125E-1,-3.365002441E-1
2.569331958E1,-9.457483063E0,9.147477722E-1,-3.195854187E-1
2.570335958E1,-9.373507690E0,1.095871124E0,-4.975653076E-1
2.571339958E1,-9.504784698E0,9.994715881E-1,-7.493417358E-1
2.572343958E1,-9.947863312E0,5.472619629E-1,-9.298663330E-1
2.573347958E1,-1.053703812E1,-6.975494385E-2,-7.894583130E-1
2.574351958E1,-1.121228394E1,-5.969586182E-1,-4.215234375E-1
2.575355958E1,-1.193123886E1,-8.189469910E-1,-2.993774414E-2
2.576359958E1,-1.259645554E1,-7.470964050E-1,7.753875732E-2
2.577363958E1,-1.324984680E1,-4.538562012E-1,-1.945953369E-1
2.578367958E1,-1.397448990E1,-2.062710571E-1,-4.281097412E-1
2.579371958E1,-1.436293213E1,-2.236349487E-1,-2.312690735E-1
2.580375958E1,-1.425410843E1,-4.972659302E-1,-7.708969116E-2
2.581379958E1,-1.371433090E1,-1.129102020E0,-4.034111023E-1
2.582383958E1,-1.327304855E1,-1.916614380E0,-1.334325256E0
2.583387958E1,-1.321032898E1,-2.642904053E0,-2.570754089E0
2.584391958E1,-1.327798828E1,-3.078797607E0,-3.878883820E0
2.585395958E1,-1.307306442E1,-2.635569305E0,-4.976700897E0
2.586399958E1,-1.220816299E1,-1.135987701E0,-5.469027100E0
2.587403958E1,-1.055140823E1,4.709207153E-1,-5.181325378E0
2.588407958E1,-8.713679810E0,1.509011993E0,-4.383035431E0
2.589411958E1,-7.273374939E0,1.977238312E0,-3.388503571E0
2.590415879E1,-6.836433563E0,1.896107025E0,-2.804418182E0
2.591419879E1,-7.358398132E0,1.625020752E0,-2.711012421E0
2.592423879E1,-8.162076874E0,1.368005219E0,-2.736010437E0
2.593427879E1,-9.195527802E0,1.077459412E0,-2.581381989E0
2.594431879E1,-1.020562729E1,8.358618164E-1,-2.397264862E0
2.595435879E1,-1.090542206E1,5.158273315E-1,-2.385289764E0
2.596439879E1,-1.133802246E1,5.269042969E-2,-2.390229492E0
2.597443879E1,-1.167422333E1,-3.987707520E-1,-2.391277313E0
2.598447879E1,-1.182495987E1,-7.554789734E-1,-2.411634979E0
2.599451879E1,-1.147798141E1,-1.008602600E0,-2.508483582E0
2.600455979E1,-1.092024124E1,-1.168170776E0,-2.584675140E0
2.601459979E1,-1.018257523E1,-1.247655487E0,-2.582729187E0
2.602463979E1,-9.237141266E0,-1.082099762E0,-2.504441986E0
2.603467979E1,-8.205336914E0,-7.144642639E-1,-2.242636414E0
2.604471979E1,-7.186854858E0,-1.971400452E-1,-1.919159088E0
2.605475979E1,-6.439608765E0,2.610571289E-1,-1.592987366E0
2.606479979E1,-6.163882141E0,6.466552734E-1,-1.226399689E0
2.607483979E1,-6.127358093E0,1.099763031E0,-1.043929138E0
2.608487979E1,-6.075266418E0,1.590592346E0,-1.053209839E0
2.609491979E1,-6.177354126E0,1.898651733E0,-1.200653229E0
2.610495979E1,-6.220015411E0,2.032772827E0,-1.348695374E0
2.611499979E1,-6.143374786E0,2.033072205E0,-1.445394287E0
2.612503979E1,-6.134992218E0,1.908082123E0,-1.548080750E0
2.613507979E1,-6.412215729E0,1.586700439E0,-1.687440948E0
2.614511979E1,-6.898554382E0,1.221010895E0,-1.719624023E0
2.615515979E1,-7.496111755E0,8.770262146E-1,-1.793420563E0
2.616519979E1,-8.121211853E0,7.158114624E-1,-1.826801147E0
2.617523979E1,-8.663983154E0,7.023394775E-1,-1.716779938E0
2.618527979E1,-9.010213165E0,8.397537231E-1,-1.543590088E0
2.619531979E1,-9.097032623E0,9.735754395E-1,-1.270108795E0
2.620535979E1,-9.031618652E0,1.005159760E0,-9.610015869E-1
2.621539979E1,-8.981173553E0,9.945318604E-1,-7.116201782E-1
2.622543979E1,-8.984317017E0,1.035995636E0,-5.998027039E-1
2.623547979E1,-8.984317017E0,1.040785675E0,-5.953120422E-1
2.624551979E1,-9.200617218E0,9.816586304E-1,-4.001179504E-1
2.625555979E1,-9.431886292E0,8.946894836E-1,-1.875599670E-1
2.626559979E1,-9.612410889E0,8.876541138E-1,-2.095642090E-3
2.627563979E1,-9.724078674E0,9.169931030E-1,1.025367737E-1
2.628567979E1,-9.736652527E0,1.026415558E0,8.487350464E-2
2.629571979E1,-9.592651978E0,1.231638794E0,-1.920506287E-1
2.630575979E1,-9.380393372E0,1.503323822E0,-7.197033691E-1
2.631579979E1,-9.290729828E0,1.830094299E0,-1.239123230E0
2.632583979E1,-9.494905243E0,2.286195831E0,-1.323697357E0
2.633587979E1,-1.000249969E1,2.841091919E0,-1.191372528E0
2.634591979E1,-1.074540482E1,3.157982941E0,-9.571096802E-1
2.635595979E1,-1.165536255E1,3.126697998E0,-6.236032104E-1
2.636599979E1,-1.227402603E1,2.922223206E0,-5.463638306E-1
2.637604079E1,-1.258403137E1,2.695444794E0,-6.933581543E-1
2.638608079E1,-1.284209473E1,2.258353729E0,-9.157955933E-1
2.639612079E1,-1.294987061E1,1.621278534E0,-1.293310547E0
2.640616079E1,-1.370684647E1,1.068927155E0,-2.145937500E0
2.641620079E1,-1.443568085E1,1.196611633E0,-3.387306061E0
2.642624079E1,-1.478774872E1,1.876497803E0,-4.659360809E0
2.643628079E1,-1.448747314E1,2.351011047E0,-5.515729980E0
2.644632079E1,-1.358904144E1,2.368824005E0,-5.787864075E0
2.645636079E1,-1.217717743E1,1.863474884E0,-5.415737915E0
2.646640079E1,-1.057296341E1,1.153351593E0,-4.616699524E0
2.647644079E1,-9.017547913E0,4.472698975E-1,-3.700903931E0
2.648648079E1,-7.684270477E0,8.562194824E-2,-2.854713593E0
2.649652079E1,-6.709796906E0,1.556762695E-2,-2.217488708E0
2.650656079E1,-6.304439850E0,-5.763015747E-2,-1.748813324E0
2.651660079E1,-6.628815308E0,9.984237671E-2,-1.685794373E0
2.652664079E1,-7.460036774E0,7.135661316E-1,-1.986519012E0
2.653668079E1,-8.438252563E0,1.227597198E0,-2.199226685E0
2.654672079E1,-9.342522125E0,1.320404205E0,-2.344574432E0
2.655676079E1,-9.983638916E0,1.174757080E0,-2.373913422E0
2.656680079E1,-1.033885025E1,9.476792908E-1,-2.369422760E0
2.657684079E1,-1.053958282E1,6.715036011E-1,-2.591560822E0
2.658688079E1,-1.070169571E1,4.067042542E-1,-2.894680481E0
2.659692079E1,-1.081096848E1,2.426454163E-1,-3.063828735E0
2.660696079E1,-1.065589096E1,2.697390747E-1,-3.041375427E0
2.661700079E1,-1.022688309E1,2.152523804E-1,-2.999013519E0
2.662704079E1,-9.341474304E0,1.279838562E-1,-2.847229156E0
2.663708079E1,-8.293054504E0,3.293151855E-2,-2.593955841E0
2.664712079E1,-7.366331635E0,-2.454895020E-2,-2.126028900E0
2.665716179E1,-6.728058929E0,-3.742218018E-2,-1.623972931E0
2.666720179E1,-6.377937012E0,1.945953369E-3,-1.262324982E0
2.667724179E1,-6.276897125E0,2.170486450E-2,-1.070274353E0
2.668728179E1,-6.455475769E0,8.951385498E-2,-9.451345825E-1
2.669732179E1,-6.799161072E0,1.287322998E-1,-9.851014709E-1
2.670736179E1,-7.059320068E0,1.402583313E-1,-1.112187195E0
2.671740179E1,-7.194788361E0,8.427474976E-2,-1.190624084E0
2.672744179E1,-7.276368713E0,-9.250762939E-2,-1.196461945E0
2.673748179E1,-7.356751556E0,-3.650907898E-1,-1.197659454E0
2.674752179E1,-7.491172028E0,-5.713618469E-1,-1.253044281E0
2.675756179E1,-7.806865540E0,-5.430706787E-1,-1.418150940E0
2.676760179E1,-8.292006683E0,-4.239184570E-1,-1.557511139E0
2.677764179E1,-8.734785919E0,-2.347119141E-1,-1.522933044E0
2.678768179E1,-9.024583282E0,-1.829196167E-1,-1.264420624E0
2.679772179E1,-9.198820953E0,-2.046244812E-1,-9.815089417E-1
2.680776179E1,-9.101672974E0,-2.041754150E-1,-7.132667542E-1
2.681780179E1,-8.940458221E0,-1.300794983E-1,-5.477110291E-1
2.682784179E1,-8.817414093E0,-3.622467041E-2,-5.354365540E-1
2.683788179E1,-8.760831757E0,1.841171265E-2,-5.617817688E-1
2.684792179E1,-8.785231018E0,1.139131165E-1,-5.816903687E-1
2.685796179E1,-8.985514526E0,2.513273621E-1,-5.471122742E-1
2.686800179E1,-9.258097687E0,4.602928162E-1,-3.818559265E-1
2.687804179E1,-9.576036530E0,6.984475708E-1,-2.204914856E-1
2.688808179E1,-9.831405487E0,9.370513916E-1,-1.950444031E-1
2.689812379E1,-9.977351990E0,1.137933655E0,-3.855981445E-1
2.690816379E1,-1.007120682E1,1.258732452E0,-7.282356262E-1
2.691820379E1,-1.026161087E1,1.137334900E0,-8.921447754E-1
2.692824379E1,-1.060784088E1,6.330335999E-1,-6.704557800E-1
2.693828379E1,-1.113699051E1,-1.487905884E-1,-2.324665833E-1
2.694832379E1,-1.164189056E1,-8.614585876E-1,6.676116943E-2
2.695836379E1,-1.212448700E1,-1.362167358E0,1.719923401E-1
2.696840379E1,-1.272653503E1,-1.584604797E0,2.365081787E-2
2.697844379E1,-1.339788895E1,-1.739382935E0,-3.122506714E-1
2.698848379E1,-1.402089340E1,-1.707499237E0,-8.837622070E-1
2.699852379E1,-1.446861237E1,-1.483415222E0,-1.727557526E0
2.700856379E1,-1.476903763E1,-1.347048798E0,-2.748284912E0
2.701860379E1,-1.494088028E1,-1.465003510E0,-3.617677002E0
2.702864379E1,-1.485840179E1,-1.781445465E0,-4.337080994E0
2.703868379E1,-1.444106964E1,-2.005230103E0,-5.100792847E0
2.704872379E1,-1.349758163E1,-1.563798065E0,-5.901777191E0
2.705876379E1,-1.187690186E1,-6.008505249E-1,-6.213129730E0
2.706880379E1,-1.003872437E1,5.791456604E-1,-5.776787109E0
2.707884379E1,-8.281977539E0,1.681453400E0,-4.842579803E0
2.708888379E1,-6.830146637E0,2.367476807E0,-3.682941284E0
2.709892379E1,-6.175557861E0,2.577041016E0,-2.586621094E0
2.710896479E1,-6.509812775E0,2.378104706E0,-1.820663910E0
2.711900479E1,-7.231162720E0,1.830094299E0,-1.484163666E0
2.712904479E1,-8.210725708E0,1.063837738E0,-1.495989075E0
2.713908479E1,-9.227261810E0,3.109034729E-1,-1.772164764E0
2.714912479E1,-9.963131561E0,-2.543211365E-1,-2.190844116E0
2.715916479E1,-1.043465103E1,-6.923103333E-1,-2.525847473E0
2.716920479E1,-1.099568436E1,-1.060843964E0,-2.890788574E0
2.717924479E1,-1.160806091E1,-1.337319031E0,-3.319646759E0
2.718928479E1,-1.149504593E1,-1.406325531E0,-3.755839691E0
2.719932479E1,-1.096933914E1,-1.360520782E0,-3.910917206E0
2.720936479E1,-1.028436356E1,-1.297352142E0,-3.639980621E0
2.721940479E1,-9.404493256E0,-1.080752563E0,-3.043770447E0
2.722944479E1,-8.498577118E0,-6.951544189E-1,-2.465522919E0
2.723948479E1,-7.568710785E0,-2.796185303E-1,-2.042652283E0
2.724952479E1,-6.809040527E0,1.681004333E-1,-1.614692230E0
2.725956479E1,-6.321055298E0,8.164022827E-1,-1.304088135E0
2.726960479E1,-6.086642761E0,1.501826935E0,-9.879455566E-1
2.727964479E1,-6.056705017E0,2.033970337E0,-7.545808411E-1
2.728968479E1,-6.251450043E0,2.272125092E0,-6.442602539E-1
2.729972479E1,-6.397995300E0,2.319875793E0,-6.583309937E-1
2.730976479E1,-6.496789856E0,2.198478241E0,-7.584727478E-1
2.731980579E1,-6.548582153E0,2.075434113E0,-9.220825195E-1
2.732984579E1,-6.819369049E0,1.844763794E0,-1.149609375E0
2.733988579E1,-7.319179688E0,1.595532074E0,-1.367107086E0
2.734992579E1,-7.923922119E0,1.365011444E0,-1.506916351E0
2.735996579E1,-8.607251129E0,1.272354126E0,-1.580563202E0
2.737000579E1,-9.103618927E0,1.288520508E0,-1.539099426E0
2.738004579E1,-9.263336792E0,1.367556152E0,-1.409468994E0
2.739008579E1,-9.134305115E0,1.485361176E0,-1.211281128E0
2.740012579E1,-8.879534912E0,1.545086975E0,-1.024918671E0
2.741016579E1,-8.731941833E0,1.484163666E0,-7.870632935E-1
2.742020579E1,-8.815767517E0,1.301393738E0,-4.080514526E-1
2.743024579E1,-9.062005463E0,1.085093536E0,-2.264790344E-1
2.744028579E1,-9.520951080E0,8.771759033E-1,-1.432521057E-1
2.745032579E1,-9.960886230E0,7.990383911E-1,-1.366658020E-1
2.746036579E1,-9.942025452E0,7.827223206E-1,-2.326162720E-1
2.747040579E1,-9.368717651E0,6.929090881E-1,-4.403842163E-1
2.748044579E1,-8.623567200E0,6.279441833E-1,-6.987469482E-1
2.749048579E1,-8.311615906E0,5.757028198E-1,-1.024469604E0
2.750052579E1,-8.430468750E0,5.903723145E-1,-1.421893158E0
2.751056679E1,-9.001381531E0,8.849597168E-1,-1.466051331E0
2.752060679E1,-9.892179108E0,1.517544250E0,-1.162332916E0
2.753064679E1,-1.102846619E1,1.980681152E0,-4.575984192E-1
2.754068679E1,-1.205847427E1,1.962568817E0,3.748205566E-1
2.755072679E1,-1.278656021E1,1.897603912E0,6.523434448E-1
2.756076679E1,-1.319805450E1,1.810784454E0,2.975811768E-1
2.757080679E1,-1.351105362E1,1.553619232E0,-3.692820740E-1
2.758084679E1,-1.373379044E1,1.387913818E0,-9.369017029E-1
2.759088679E1,-1.384890106E1,1.265917511E0,-1.352587280E0
2.760092679E1,-1.386626495E1,1.395248566E0,-2.142344971E0
2.761096679E1,-1.398362091E1,2.053729248E0,-3.125350800E0
2.762100679E1,-1.387824005E1,3.119213562E0,-3.713777161E0
2.763104679E1,-1.313383804E1,3.973038025E0,-4.070784760E0
2.764108679E1,-1.185579575E1,4.076472931E0,-4.679718475E0
2.765112679E1,-1.065514252E1,3.307222595E0,-5.287155304E0
2.766116679E1,-9.664203186E0,2.099833374E0,-5.423821106E0
2.767120679E1,-8.784183197E0,1.061891785E0,-5.130281525E0
2.768124679E1,-7.888146515E0,2.519261169E-1,-4.558470612E0
2.769128679E1,-7.415130157E0,-2.920426941E-1,-3.837569733E0
2.770132679E1,-7.452702026E0,-4.364923096E-1,-3.165916443E0
2.771136779E1,-7.749235382E0,-1.811233521E-1,-2.784659271E0
2.772140779E1,-8.129145355E0,5.748046875E-2,-2.504891052E0
2.773144779E1,-8.573421478E0,-5.942642212E-2,-2.311044159E0
2.774148779E1,-9.110654297E0,-3.608995056E-1,-2.384541321E0
2.775152779E1,-9.656269684E0,-5.652246094E-1,-2.635718994E0
2.776156779E1,-1.013048355E1,-5.334906006E-1,-2.958447876E0
2.777160779E1,-1.034738251E1,-2.227368164E-1,-3.192860413E0
2.778164779E1,-1.017149826E1,2.300715637E-1,-3.300336914E0
2.779168779E1,-9.753118286E0,6.123765564E-1,-3.266956329E0
2.780172779E1,-9.331295471E0,9.047186279E-1,-3.144361267E0
2.781176779E1,-8.802145844E0,1.277443542E0,-3.066223755E0
2.782180779E1,-8.170160065E0,1.534459076E0,-2.906655579E0
2.783184779E1,-7.437733154E0,1.532064056E0,-2.621498566E0
2.784188779E1,-6.870712280E0,1.417851562E0,-2.297123108E0
2.785192779E1,-6.451883240E0,1.254541168E0,-1.920655975E0
2.786196779E1,-6.295159149E0,1.048270111E0,-1.493144989E0
2.787200779E1,-6.381679230E0,7.361691284E-1,-1.087488556E0
2.788204779E1,-6.708000641E0,2.894979858E-1,-7.575746155E-1
2.789208779E1,-7.203619995E0,-1.806742859E-1,-6.137237549E-1
2.790212829E1,-7.559280396E0,-5.513035583E-1,-7.602690125E-1
2.791216829E1,-7.789202271E0,-7.625143433E-1,-1.050964508E0
2.792220829E1,-7.937094727E0,-9.650431824E-1,-1.253343658E0
2.793224829E1,-8.070167999E0,-1.112336884E0,-1.352736969E0
2.794228829E1,-8.198451233E0,-1.190324707E0,-1.313368835E0
2.795232829E1,-8.347391510E0,-1.132544861E0,-1.159937897E0
2.796236829E1,-8.554560699E0,-9.906399536E-1,-9.125024414E-1
2.797240829E1,-8.752598877E0,-8.418493652E-1,-6.575825500E-1
2.798244829E1,-8.901090088E0,-7.087760925E-1,-5.150788879E-1
2.799248829E1,-9.035510559E0,-5.810916138E-1,-4.743635559E-1
2.800252829E1,-9.122479706E0,-4.327500916E-1,-5.336402893E-1
2.801256829E1,-9.091045074E0,-2.716850281E-1,-6.065386963E-1
2.802260829E1,-8.999585266E0,-4.834945679E-2,-6.701564026E-1
2.803264829E1,-8.904981995E0,1.583706665E-1,-6.661148071E-1
2.804268829E1,-8.906478882E0,3.279679871E-1,-6.222560120E-1
2.805272829E1,-9.000184021E0,4.592449951E-1,-5.733078003E-1
2.806276829E1,-9.209598541E0,5.989045715E-1,-5.406756592E-1
2.807280829E1,-9.497000885E0,7.271878052E-1,-6.072871399E-1
2.808284829E1,-9.824370117E0,8.189469910E-1,-8.750802612E-1
2.809288929E1,-1.011581406E1,8.578660583E-1,-1.275497589E0
2.810292929E1,-1.037058426E1,6.574328613E-1,-1.560504913E0
2.811296929E1,-1.069930069E1,1.052311707E-1,-1.594184875E0
2.812300929E1,-1.111184280E1,-6.459068298E-1,-1.224154358E0
2.813304929E1,-1.169967041E1,-1.214723969E0,-7.541317749E-1
2.814308929E1,-1.238404724E1,-1.455872498E0,-3.535647583E-1
2.815312929E1,-1.310345123E1,-1.323248291E0,-1.146615601E-1
2.816316929E1,-1.363978592E1,-8.607101440E-1,-4.215234375E-1
2.817320929E1,-1.389231079E1,-3.692820740E-1,-1.126557312E0
2.818324929E1,-1.392314667E1,-1.594184875E-1,-1.899250488E0
2.819328929E1,-1.380743729E1,-2.975811768E-1,-2.633024597E0
2.820332929E1,-1.366059265E1,-8.782237244E-1,-3.172353058E0
2.821336929E1,-1.370415207E1,-1.710193634E0,-3.824995880E0
2.822340929E1,-1.387494690E1,-2.209854584E0,-4.759203186E0
2.823344929E1,-1.347692459E1,-1.739532623E0,-5.522465973E0
2.824348929E1,-1.216041229E1,-4.168830872E-1,-5.680836639E0
2.825352929E1,-1.040231827E1,1.141825562E0,-5.392835541E0
2.826356929E1,-8.544381866E0,2.462828522E0,-4.666096802E0
2.827360929E1,-6.790928192E0,3.179238739E0,-3.582500153E0
2.828365029E1,-5.895041199E0,3.180136871E0,-2.655028839E0
2.829369029E1,-6.505920868E0,2.425705719E0,-2.121837616E0
2.830373029E1,-7.741451569E0,1.507515106E0,-2.164648590E0
2.831377029E1,-8.952133942E0,4.791535950E-1,-2.346370697E0
2.832381029E1,-1.010563522E1,-4.342469788E-1,-2.359393616E0
2.833385029E1,-1.101813766E1,-9.045689392E-1,-2.430944824E0
2.834389029E1,-1.157258469E1,-1.139879608E0,-2.624043274E0
2.835393029E1,-1.198692307E1,-1.361718292E0,-2.899320831E0
2.836397029E1,-1.202195023E1,-1.520538025E0,-3.268303528E0
2.837401029E1,-1.157962006E1,-1.529818726E0,-3.509901123E0
2.838405029E1,-1.081755478E1,-1.438807983E0,-3.612587585E0
2.839409029E1,-9.810000000E0,-1.287322998E0,-3.370241547E0
2.840413029E1,-8.850195923E0,-9.583071899E-1,-2.802172852E0
2.841417029E1,-7.943531342E0,-5.770500183E-1,-2.310445404E0
2.842421029E1,-6.821913757E0,-6.256988525E-2,-1.926194458E0
2.843425029E1,-5.887107697E0,5.487588501E-1,-1.574425964E0
2.844429029E1,-5.426964569E0,1.102607117E0,-1.219813385E0
2.845433029E1,-5.133724365E0,1.614093475E0,-1.005908203E0
2.846437029E1,-5.179080048E0,1.963317261E0,-8.898994446E-1
2.847441129E1,-5.541925507E0,2.252366180E0,-9.157955933E-1
2.848445129E1,-5.869594116E0,2.346370697E0,-9.750723267E-1
2.849449129E1,-6.076014862E0,2.266885986E0,-1.109043732E0
2.850453129E1,-6.325845337E0,2.061063995E0,-1.370549927E0
2.851457129E1,-6.771019592E0,1.626218262E0,-1.670675812E0
2.852461129E1,-7.489375763E0,1.154698792E0,-1.833088074E0
2.853465129E1,-8.266110535E0,8.469387817E-1,-1.969005432E0
2.854469129E1,-8.923393707E0,6.795867920E-1,-1.975591736E0
2.855473129E1,-9.244925079E0,6.803352356E-1,-1.780098267E0
2.856477129E1,-9.254355469E0,8.478369141E-1,-1.400487671E0
2.857481129E1,-9.066496124E0,1.016985168E0,-1.047072601E0
2.858485129E1,-8.918304291E0,1.044078827E0,-7.421566772E-1
2.859489129E1,-8.997789001E0,9.339079285E-1,-6.215075684E-1
2.860493129E1,-9.195976868E0,7.725434875E-1,-5.022056580E-1
2.861497129E1,-9.562265167E0,7.475454712E-1,-4.156855774E-1
2.862501129E1,-9.951755219E0,7.723937988E-1,-3.397933960E-1
2.863505129E1,-1.022194336E1,6.830296326E-1,-2.311193848E-1
2.864509129E1,-1.012659164E1,6.494993591E-1,-1.386117554E-1
2.865513129E1,-9.517358551E0,7.508386230E-1,-2.405497742E-1
2.866517229E1,-8.882678375E0,8.303233337E-1,-4.831951904E-1
2.867521229E1,-8.822503510E0,1.054706726E0,-8.542735291E-1
2.868525229E1,-9.308692474E0,1.523082733E0,-1.133592682E0
2.869529229E1,-9.924811249E0,1.991608429E0,-1.116378479E0
2.870533229E1,-1.074914703E1,2.177372131E0,-7.065307617E-1
2.871537229E1,-1.170984924E1,2.077679443E0,-2.755769348E-1
2.872541229E1,-1.233000961E1,1.839973755E0,-3.061134338E-1
2.873545229E1,-1.286529648E1,1.450334015E0,-7.207511902E-1
2.874549229E1,-1.334849167E1,1.230740662E0,-1.287023621E0
2.875553229E1,-1.360475876E1,9.505233765E-1,-1.798210602E0
2.876557229E1,-1.396760422E1,7.065307617E-1,-2.334994354E0
2.877561229E1,-1.439586365E1,9.704319763E-1,-3.431164856E0
2.878565229E1,-1.457399323E1,1.916614380E0,-4.883145447E0
2.879569229E1,-1.428239960E1,2.934198303E0,-5.950575714E0
2.880573229E1,-1.338052505E1,3.203338623E0,-6.354435883E0
2.881577229E1,-1.208392136E1,2.887944489E0,-6.459068298E0
2.882581229E1,-1.056068893E1,2.148781586E0,-6.021378479E0
2.883585229E1,-9.038654022E0,1.327738953E0,-4.917873230E0
2.884589229E1,-7.824977875E0,6.036946106E-1,-3.588188324E0
2.885593329E1,-6.946754150E0,1.224453735E-1,-2.496508484E0
2.886597329E1,-6.521488495E0,-4.355941772E-2,-1.904040527E0
2.887601329E1,-6.832990723E0,3.891906738E-2,-1.822759552E0
2.888605329E1,-7.671397247E0,4.206253052E-1,-2.118993530E0
2.889609329E1,-8.664731598E0,8.162525940E-1,-2.492616577E0
2.890613329E1,-9.544901276E0,1.023571472E0,-2.867586823E0
2.891617329E1,-1.023945694E1,1.031055908E0,-3.220403137E0
2.892621329E1,-1.062370789E1,9.508227539E-1,-3.397634583E0
2.893625329E1,-1.070424042E1,8.141569519E-1,-3.625161438E0
2.894629329E1,-1.049781967E1,6.225553894E-1,-3.830833740E0
2.895633329E1,-1.025667114E1,2.760260010E-1,-3.730691986E0
2.896637329E1,-1.004770569E1,3.077600098E-1,-3.443439331E0
2.897641329E1,-9.385033722E0,6.795867920E-1,-3.135379944E0
2.898645329E1,-8.274044037E0,9.951306152E-1,-2.895578613E0
2.899649329E1,-7.191495209E0,9.228309631E-1,-2.492616577E0
2.900653329E1,-6.648274841E0,6.292913818E-1,-1.943857727E0
2.901657329E1,-6.320755920E0,3.981719971E-1,-1.454375610E0
2.902661329E1,-6.128256226E0,2.821632385E-1,-1.159638519E0
2.903665329E1,-6.002517700E0,1.303788757E-1,-1.025367737E0
2.904669329E1,-6.122717743E0,-1.293310547E-1,-1.021625519E0
2.905673429E1,-6.461313629E0,-4.287084961E-1,-1.185085602E0
2.906677429E1,-6.998995514E0,-7.288343811E-1,-1.380279694E0
2.907681429E1,-7.489076385E0,-9.758207703E-1,-1.604962463E0
2.908685429E1,-7.835605774E0,-1.063388672E0,-1.721420288E0
2.909689429E1,-8.150401154E0,-1.055155792E0,-1.850601654E0
2.910693429E1,-8.385861511E0,-1.014889526E0,-1.929786987E0
2.911697429E1,-8.695866852E0,-9.234297180E-1,-1.900747375E0
2.912701429E1,-9.040899353E0,-8.367599487E-1,-1.771566010E0
2.913705429E1,-9.227411499E0,-6.722520447E-1,-1.564097443E0
2.914709429E1,-9.204060059E0,-4.454736328E-1,-1.283281403E0
2.915713429E1,-9.027127991E0,-2.833607483E-1,-1.030756531E0
2.916717429E1,-8.849597168E0,-2.598596191E-1,-8.619076538E-1
2.917721429E1,-8.703351288E0,-3.089575195E-1,-7.926017761E-1
2.918725429E1,-8.552465057E0,-2.305206299E-1,-8.273295593E-1
2.919729429E1,-8.450527039E0,-7.484436035E-4,-7.939489746E-1
2.920733429E1,-8.445138245E0,2.975811768E-1,-6.653663635E-1
2.921737429E1,-8.564290466E0,4.981640625E-1,-4.790039062E-1
2.922741429E1,-8.830736389E0,5.191204834E-1,-3.375480652E-1
2.923745429E1,-9.155860291E0,5.691165161E-1,-3.682342529E-1
2.924749429E1,-9.446256409E0,6.462062073E-1,-5.400769043E-1
2.925753529E1,-9.669292603E0,6.640191650E-1,-8.060737610E-1
2.926757529E1,-9.840686188E0,6.087840271E-1,-1.008901978E0
2.927761529E1,-1.001642075E1,4.174818420E-1,-1.091380463E0
2.928765529E1,-1.025277924E1,1.603166199E-1,-1.017883301E0
2.929769529E1,-1.062879730E1,-1.312770081E-1,-8.201445007E-1
2.930773529E1,-1.103565125E1,-5.357359314E-1,-5.309458923E-1
2.931777529E1,-1.154788605E1,-8.400531006E-1,-2.389031982E-1
2.932781529E1,-1.219289474E1,-7.423063660E-1,-3.951782227E-2
2.933785529E1,-1.288011566E1,-3.071612549E-1,-8.741821289E-2
2.934789529E1,-1.343156891E1,2.782713318E-1,-2.095642090E-1
2.935793529E1,-1.362421829E1,9.114546204E-1,-5.472619629E-1
2.936797529E1,-1.342453354E1,1.330882416E0,-9.963281250E-1
2.937801529E1,-1.293370422E1,1.268162842E0,-1.371897125E0
2.938805529E1,-1.230815506E1,6.563850403E-1,-1.900148621E0
2.939809529E1,-1.208257416E1,-4.436773682E-1,-2.754871216E0
2.940813529E1,-1.227357697E1,-1.497336273E0,-3.907923431E0
2.941817529E1,-1.249122437E1,-2.110760651E0,-5.057083740E0
2.942821529E1,-1.245485001E1,-2.247576141E0,-5.757177887E0
2.943825529E1,-1.189845703E1,-1.448388062E0,-5.996530151E0
2.944829629E1,-1.075767929E1,-1.933978271E-1,-5.313650208E0
2.945833629E1,-9.357041931E0,5.777984619E-1,-4.088747406E0
2.946837629E1,-8.153394928E0,6.396199036E-1,-3.089275818E0
2.947841629E1,-7.687114563E0,3.763174438E-1,-2.563269653E0
2.948845629E1,-8.149802399E0,3.049159241E-1,-2.398462372E0
2.949849629E1,-9.085805969E0,2.303709412E-1,-2.603386230E0
2.950853629E1,-1.007150620E1,-2.260299683E-2,-2.890489197E0
2.951857629E1,-1.087039490E1,-2.377056885E-1,-2.956202545E0
2.952861629E1,-1.136481674E1,-4.107458496E-1,-2.931204529E0
2.953865629E1,-1.142304565E1,-5.788462830E-1,-3.024610291E0
2.954869629E1,-1.108819199E1,-8.173004150E-1,-3.130290527E0
2.955873629E1,-1.064675995E1,-1.173110504E0,-3.185076599E0
2.956877629E1,-1.019754410E1,-1.448837128E0,-3.182232513E0
2.957881629E1,-9.460925903E0,-1.515448608E0,-3.112776947E0
2.958885629E1,-8.672814789E0,-1.357227631E0,-2.932252350E0
2.959889629E1,-8.026608582E0,-9.467811584E-1,-2.706222382E0
2.960893629E1,-7.466024323E0,-4.104464722E-1,-2.461032257E0
2.961897629E1,-6.958878937E0,1.016386414E-1,-2.110910339E0
2.962901629E1,-6.539451141E0,5.291496277E-1,-1.679357758E0
2.963905629E1,-6.235433350E0,9.687854004E-1,-1.302142181E0
2.964909729E1,-6.115682373E0,1.542392578E0,-1.095272369E0
2.965913729E1,-6.360423431E0,2.226919098E0,-1.146316223E0
2.966917729E1,-6.716832275E0,2.873274994E0,-1.349294128E0
2.967921729E1,-6.946155396E0,3.199746094E0,-1.582359467E0
2.968925729E1,-7.098837891E0,3.132386169E0,-1.677561493E0
2.969929729E1,-7.161707153E0,2.760709076E0,-1.651665344E0
2.970933729E1,-7.277117157E0,2.171833649E0,-1.694326630E0
2.971937729E1,-7.490872650E0,1.648521881E0,-1.697021027E0
2.972941729E1,-8.008945312E0,1.151555328E0,-1.686393127E0
2.973945729E1,-8.413254547E0,7.045848083E-1,-1.633103943E0
2.974949729E1,-8.690777435E0,4.659809875E-1,-1.427581329E0
2.975953729E1,-8.779842224E0,4.245172119E-1,-1.204545135E0
2.976957729E1,-8.716823273E0,6.330335999E-1,-1.029708710E0
2.977961729E1,-8.577014008E0,9.134005737E-1,-8.997789001E-1
2.978965729E1,-8.649762726E0,9.614506531E-1,-5.893244934E-1
2.979969729E1,-8.796158295E0,8.478369141E-1,-2.427951050E-1
2.980973729E1,-8.928183746E0,7.375163269E-1,-2.402503967E-1
2.981977729E1,-9.176068268E0,6.039939880E-1,-3.673361206E-1
2.982981729E1,-9.501341858E0,5.084925842E-1,-5.254074097E-1
2.983985729E1,-9.830657043E0,4.276606750E-1,-5.312452698E-1
2.984989829E1,-1.000444565E1,3.068618774E-1,-4.275109863E-1
2.985993829E1,-9.926008759E0,2.091151428E-1,-2.935395813E-1
2.986997829E1,-9.671537933E0,1.646575928E-1,-3.770658875E-1
2.988001829E1,-9.505533142E0,3.095562744E-1,-7.927514648E-1
2.989005829E1,-9.559271393E0,6.842271423E-1,-1.301393738E0
2.990009829E1,-9.995614014E0,1.183289337E0,-1.339264984E0
2.991013858E1,-1.035501663E1,1.612297211E0,-9.283694458E-1
2.992017858E1,-1.085797073E1,1.880539398E0,-4.571493530E-1
2.993021858E1,-1.143546982E1,1.980681152E0,-1.137634277E-1
2.994025858E1,-1.190324707E1,2.060914307E0,-1.022373962E-1
2.995029858E1,-1.250783981E1,2.176623688E0,-4.830455017E-1
2.996033858E1,-1.288894730E1,2.032024384E0,-9.431886292E-1
2.997037858E1,-1.343426331E1,1.631756744E0,-1.807341614E0
2.998041858E1,-1.419423294E1,1.529219971E0,-3.082539825E0
2.999045858E1,-1.482367401E1,2.203717346E0,-4.305346985E0
3.000049858E1,-1.474014771E1,3.093018036E0,-4.930746460E0
3.001053858E1,-1.413121399E1,3.547323303E0,-5.185666351E0
3.002057858E1,-1.295555878E1,3.566184082E0,-5.598657532E0
3.003061858E1,-1.146540756E1,3.044369202E0,-5.719156952E0
3.004065858E1,-1.016670822E1,2.045047302E0,-5.252128143E0
3.005069958E1,-8.871451721E0,9.256750488E-1,-4.407734070E0
3.006073958E1,-7.685018921E0,7.933502197E-3,-3.505859528E0
3.007077958E1,-6.857389984E0,-5.803431702E-1,-2.759361877E0
3.008081958E1,-6.596931610E0,-8.827143860E-1,-2.187251587E0
3.009085958E1,-6.839427338E0,-8.425978088E-1,-2.087558899E0
3.010089958E1,-7.502099304E0,-4.878355408E-1,-2.276316376E0
3.011093958E1,-8.351732483E0,-1.297801208E-1,-2.322270813E0
3.012097958E1,-9.156608734E0,2.080673218E-2,-2.432292023E0
3.013101958E1,-9.707313538E0,1.718426514E-1,-2.627336426E0
3.014105958E1,-1.001252884E1,4.649331665E-1,-2.925815735E0
3.015109958E1,-1.008557693E1,7.421566772E-1,-3.285368042E0
3.016113958E1,-1.004590942E1,8.611592102E-1,-3.426075439E0
3.017117958E1,-9.802665253E0,9.713301086E-1,-3.469784546E0
3.018121958E1,-9.398206329E0,1.120420074E0,-3.466341705E0
3.019125958E1,-8.991053009E0,1.250948639E0,-3.323688354E0
3.020129958E1,-8.544082489E0,1.280287628E0,-2.979703674E0
3.021133958E1,-8.074508972E0,1.188378754E0,-2.477048950E0
3.022137958E1,-7.583230591E0,9.575587463E-1,-1.931433563E0
3.023141958E1,-7.305707703E0,7.176077271E-1,-1.411265259E0
3.024145958E1,-7.124284973E0,4.688250732E-1,-1.084045715E0
3.025150058E1,-6.949747925E0,1.821711731E-1,-9.005273438E-1
3.026154058E1,-6.986571350E0,-1.085243225E-1,-9.404942322E-1
3.027158058E1,-7.099436646E0,-3.930825806E-1,-1.127006378E0
3.028162058E1,-7.210056610E0,-6.511459351E-1,-1.277593231E0
3.029166058E1,-7.295379181E0,-8.668473816E-1,-1.276395721E0
3.030170058E1,-7.495662689E0,-1.099613342E0,-1.196012878E0
3.031174058E1,-7.813152466E0,-1.256936188E0,-1.193767548E0
3.032178058E1,-8.234675903E0,-1.306782532E0,-1.237626343E0
3.033182058E1,-8.570876770E0,-1.155147858E0,-1.215173035E0
3.034186058E1,-8.820856934E0,-8.675958252E-1,-1.110390930E0
3.035190058E1,-8.986861725E0,-6.285429382E-1,-9.202862549E-1
3.036194058E1,-9.039252777E0,-4.394860840E-1,-8.000862122E-1
3.037198058E1,-9.021290131E0,-1.799258423E-1,-7.623646545E-1
3.038202058E1,-8.927285614E0,1.526824951E-2,-7.315287781E-1
3.039206058E1,-8.800648956E0,1.344204712E-1,-7.602690125E-1
3.040210058E1,-8.654702454E0,2.351609802E-1,-7.658074951E-1
3.041214058E1,-8.565937042E0,2.847079468E-1,-6.973997498E-1
3.042218058E1,-8.633296967E0,3.007246399E-1,-6.569837952E-1
3.043222058E1,-8.754844208E0,3.353027344E-1,-7.330256653E-1
3.044226058E1,-8.947194214E0,2.935395813E-1,-6.378236389E-1
3.045230158E1,-9.177864532E0,1.950444031E-1,-4.339476013E-1
3.046234158E1,-9.448801117E0,1.255888367E-1,-2.930905151E-1
3.047238158E1,-9.734107819E0,2.754272461E-2,-3.625460815E-1
3.048242158E1,-9.991871796E0,-1.188528442E-1,-6.391708374E-1
3.049246158E1,-1.031579819E1,-3.778143311E-1,-9.916877747E-1
3.050250158E1,-1.082473984E1,-7.653584290E-1,-1.244062958E0
3.051254158E1,-1.144385239E1,-1.020577698E0,-1.239871674E0
3.052258158E1,-1.199800003E1,-9.957293701E-1,-9.111552429E-1
3.053262158E1,-1.240230927E1,-6.891668701E-1,-3.761677551E-1
3.054266158E1,-1.287412811E1,-1.743873596E-1,4.101470947E-2
3.055270158E1,-1.338860825E1,4.867877197E-1,3.228785706E-1
3.056274158E1,-1.366208954E1,1.062939606E0,2.618055725E-1
3.057278158E1,-1.366193985E1,1.240919495E0,-1.441502380E-1
3.058282158E1,-1.333127747E1,7.253915405E-1,-6.976991272E-1
3.059286158E1,-1.304537201E1,-2.528242493E-1,-1.458716583E0
3.060290158E1,-1.292367508E1,-1.326840820E0,-2.381098480E0
3.061294158E1,-1.280811539E1,-2.181413727E0,-3.421135712E0
3.062298158E1,-1.262998581E1,-2.599644012E0,-4.539460144E0
3.063302158E1,-1.228375580E1,-2.394570465E0,-5.496420135E0
3.064306158E1,-1.177541290E1,-1.508862305E0,-6.151008911E0
3.065310258E1,-1.092652817E1,1.407073975E-2,-6.041586456E0
3.066314258E1,-9.654473419E0,1.309776306E0,-5.164859619E0
3.067318258E1,-8.434061279E0,1.748663635E0,-4.109554138E0
3.068322258E1,-7.773335266E0,1.564696198E0,-3.422782288E0
3.069326258E1,-7.824528809E0,1.540147247E0,-3.008892975E0
3.070330258E1,-8.241561584E0,1.751058655E0,-2.767295380E0
3.071334258E1,-8.922794952E0,1.601669312E0,-2.680775299E0
3.072338258E1,-9.761500854E0,9.689350891E-1,-2.598895569E0
3.073342258E1,-1.044018951E1,2.642005920E-1,-2.456541595E0
3.074346258E1,-1.079809525E1,-3.597019958E-1,-2.372266846E0
3.075350258E1,-1.069960007E1,-8.499325562E-1,-2.416874084E0
3.076354258E1,-1.040456360E1,-1.103205872E0,-2.550246735E0
3.077358258E1,-1.023212219E1,-1.162632294E0,-2.692151642E0
3.078362258E1,-9.840087433E0,-1.188378754E0,-2.861000519E0
3.079366258E1,-9.440568237E0,-1.098266144E0,-2.979553986E0
3.080370258E1,-8.797505493E0,-8.937913513E-1,-2.897674255E0
3.081374258E1,-8.097411346E0,-6.071374512E-1,-2.598296814E0
3.082378258E1,-7.504494324E0,-3.511697388E-1,-2.257006531E0
3.083382258E1,-6.922803955E0,-1.657054138E-1,-1.900897064E0
3.084386258E1,-6.591842194E0,6.691085815E-2,-1.582958221E0
3.085390258E1,-6.606212311E0,4.917274475E-1,-1.428928528E0
3.086394358E1,-6.660100250E0,8.765771484E-1,-1.276096344E0
3.087398358E1,-6.853198700E0,1.328637085E0,-1.134341125E0
3.088402358E1,-7.126081238E0,1.736838226E0,-1.163680115E0
3.089406358E1,-7.115153961E0,1.922302551E0,-1.341959381E0
3.090410304E1,-7.052434387E0,1.962119751E0,-1.540596313E0
3.091414304E1,-6.988367615E0,1.824106750E0,-1.606010284E0
3.092418304E1,-7.125931549E0,1.617985382E0,-1.689985657E0
3.093422304E1,-7.436685333E0,1.456620941E0,-1.697021027E0
3.094426304E1,-7.874674530E0,1.393452301E0,-1.600920868E0
3.095430304E1,-8.343798981E0,1.416803741E0,-1.589245148E0
3.096434304E1,-8.778345337E0,1.563199310E0,-1.493743744E0
3.097438304E1,-8.917256470E0,1.656605072E0,-1.192120972E0
3.098442304E1,-8.907826080E0,1.600022736E0,-8.834628296E-1
3.099446304E1,-8.984915771E0,1.407972107E0,-5.544470215E-1
3.100450304E1,-9.078022156E0,1.170565796E0,-2.486329651E-1
3.101454304E1,-9.170829163E0,9.138496399E-1,-1.140628052E-1
3.102458304E1,-9.372310181E0,6.783892822E-1,-5.463638306E-2
3.103462304E1,-9.648635559E0,4.456233215E-1,2.933898926E-2
3.104466304E1,-9.907896423E0,1.916015625E-1,1.398092651E-1
3.105470304E1,-1.011641281E1,-6.810836792E-2,1.785786438E-1
3.106474404E1,-1.016925293E1,-2.453398132E-1,9.580078125E-2
3.107478404E1,-9.909243622E0,-3.311114502E-1,-1.389111328E-1
3.108482404E1,-9.427994385E0,-3.408412170E-1,-3.894900513E-1
3.109486404E1,-9.032666473E0,-1.847158813E-1,-5.096900940E-1
3.110490404E1,-8.906179504E0,3.354524231E-1,-7.134164429E-1
3.111494404E1,-9.217232666E0,1.143322449E0,-8.406518555E-1
3.112498404E1,-9.730814667E0,2.050585785E0,-6.246510315E-1
3.113502404E1,-1.057685532E1,2.996917877E0,-2.194436646E-1
3.114506404E1,-1.147887955E1,3.748954010E0,7.364685059E-2
3.115510404E1,-1.214020432E1,4.077371063E0,8.232879639E-3
3.116514404E1,-1.269734573E1,4.060306549E0,-5.984555054E-1
3.117518404E1,-1.299672318E1,3.388353882E0,-1.483265533E0
3.118522404E1,-1.322634567E1,2.176324310E0,-2.567161560E0
3.119526404E1,-1.385084702E1,1.056802368E0,-3.924838257E0
3.120530404E1,-1.466111206E1,8.475375366E-1,-4.993765411E0
3.121534404E1,-1.462937805E1,1.513053589E0,-5.329367523E0
3.122538404E1,-1.379830627E1,2.093995514E0,-5.313500519E0
3.123542404E1,-1.263567398E1,2.388133850E0,-5.345833282E0
3.124546404E1,-1.155102951E1,2.229763184E0,-5.033881989E0
3.125550404E1,-1.041728714E1,1.766775970E0,-4.456083527E0
3.126554404E1,-9.083860016E0,1.312919769E0,-3.733236694E0
3.127558504E1,-7.905959473E0,6.194119263E-1,-2.917582855E0
3.128562504E1,-7.086413727E0,-2.140548706E-2,-2.331551514E0
3.129566504E1,-6.807843018E0,-3.647914124E-1,-2.148033142E0
3.130570504E1,-7.179520111E0,-3.174897766E-1,-2.239193573E0
3.131574504E1,-7.965685272E0,-1.707948303E-1,-2.567910004E0
3.132578504E1,-8.806486816E0,-1.465452576E-1,-2.954555969E0
3.133582504E1,-9.537716217E0,-1.423539734E-1,-3.195554810E0
3.134586504E1,-1.002420456E1,-1.197509766E-1,-3.249293060E0
3.135590504E1,-1.046159500E1,-1.422042847E-2,-3.248095551E0
3.136594504E1,-1.045785278E1,4.212240601E-1,-3.436853027E0
3.137598504E1,-9.886940002E0,8.831634521E-1,-3.594026184E0
3.138602504E1,-9.379644928E0,1.163081360E0,-3.527564392E0
3.139606504E1,-8.871751099E0,1.283580780E0,-3.341501312E0
3.140610504E1,-8.355175323E0,1.317859497E0,-3.194357300E0
3.141614504E1,-7.814050598E0,1.307530975E0,-2.941233673E0
3.142618504E1,-7.402107239E0,1.297352142E0,-2.512525177E0
3.143622504E1,-6.975644073E0,1.190175018E0,-2.024090881E0
3.144626504E1,-6.612948303E0,9.550140381E-1,-1.531914368E0
3.145630504E1,-6.505621490E0,5.545967102E-1,-1.168170776E0
3.146634504E1,-6.623127136E0,1.559756470E-1,-9.496252441E-1
3.147638504E1,-6.832391968E0,-1.910028076E-1,-9.367520142E-1
3.148642604E1,-7.183711395E0,-6.289920044E-1,-1.010698242E0
3.149646604E1,-7.516768799E0,-1.033600616E0,-1.124461670E0
3.150650604E1,-7.719147949E0,-1.324296112E0,-1.266366577E0
3.151654604E1,-7.892487488E0,-1.438957672E0,-1.498084717E0
3.152658604E1,-8.177494812E0,-1.384021912E0,-1.698368225E0
3.153662604E1,-8.561446381E0,-1.294807434E0,-1.714235229E0
3.154666604E1,-8.987759857E0,-1.114133148E0,-1.618883514E0
3.155670604E1,-9.307644653E0,-8.753796387E-1,-1.444346466E0
3.156674604E1,-9.468859406E0,-6.325845337E-1,-1.147064667E0
3.157678604E1,-9.482181702E0,-4.052073669E-1,-9.491761780E-1
3.158682604E1,-9.379195862E0,-2.384541321E-1,-8.647517395E-1
3.159686604E1,-9.190887451E0,-1.122665405E-1,-8.098159790E-1
3.160690604E1,-8.923393707E0,-5.972579956E-2,-7.601193237E-1
3.161694604E1,-8.651259613E0,8.397537231E-2,-6.571334839E-1
3.162698604E1,-8.521329803E0,2.935395813E-1,-4.558021545E-1
3.163702604E1,-8.543783112E0,5.254074097E-1,-2.314187622E-1
3.164706604E1,-8.674910431E0,7.635621643E-1,-1.252894592E-1
3.165710604E1,-8.862919464E0,1.041234741E0,-1.249900818E-1
3.166714604E1,-9.089248810E0,1.264720001E0,-1.927990723E-1
3.167718604E1,-9.330097961E0,1.324894867E0,-3.757186890E-1
3.168722704E1,-9.443562012E0,1.271755371E0,-6.933581543E-1
3.169726704E1,-9.376501465E0,9.303153992E-1,-1.080303497E0
3.170730704E1,-9.332343292E0,2.592608643E-1,-1.311572571E0
3.171734704E1,-9.594298553E0,-6.372248840E-1,-1.118623810E0
3.172738704E1,-1.043974045E1,-1.393302612E0,-4.757107544E-1
3.173742704E1,-1.169368286E1,-1.744771729E0,2.026785278E-1
3.174746704E1,-1.266591110E1,-1.848955078E0,5.321434021E-1
3.175750704E1,-1.347108673E1,-1.426084442E0,4.544549561E-1
3.176754704E1,-1.417522247E1,-5.851332092E-1,5.328918457E-2
3.177758704E1,-1.485376144E1,3.923341370E-1,-6.730004883E-1
3.178762704E1,-1.498354156E1,1.165925446E0,-1.429227905E0
3.179766704E1,-1.415950516E1,1.353335724E0,-1.883982239E0
3.180770704E1,-1.268641846E1,8.291258240E-1,-2.366878052E0
3.181774704E1,-1.155581955E1,-2.089654541E-1,-2.898871765E0
3.182778704E1,-1.137035522E1,-1.483415222E0,-3.616180115E0
3.183782704E1,-1.165506317E1,-2.597847748E0,-4.610113220E0
3.184786704E1,-1.183693497E1,-3.026406555E0,-5.592520294E0
3.185790704E1,-1.149968628E1,-2.388732605E0,-6.310577087E0
3.186794704E1,-1.046488815E1,-9.589059448E-1,-6.217770081E0
3.187798704E1,-9.152866516E0,3.613485718E-1,-5.544919281E0
3.188802704E1,-8.103398895E0,1.154549103E0,-4.611759796E0
3.189806804E1,-7.696694641E0,1.235680389E0,-3.730392609E0
3.190810871E1,-8.229885864E0,1.076112213E0,-3.052302704E0
3.191814871E1,-9.254505157E0,9.436376953E-1,-2.789000244E0
3.192818871E1,-1.051638107E1,4.842430115E-1,-2.805765381E0
3.193822871E1,-1.170431076E1,-2.604583740E-1,-2.694247284E0
3.194826871E1,-1.243643829E1,-1.073717194E0,-2.565215607E0
3.195830871E1,-1.234408035E1,-1.643731842E0,-2.505040741E0
3.196834871E1,-1.168515060E1,-1.886976013E0,-2.564018097E0
3.197838871E1,-1.105226669E1,-1.889371033E0,-2.715503082E0
3.198842871E1,-1.048704208E1,-1.798509979E0,-2.657872925E0
3.199846871E1,-9.730365601E0,-1.525777130E0,-2.518812103E0
3.200850871E1,-8.940158844E0,-1.097218323E0,-2.412533112E0
3.201854871E1,-7.951464844E0,-6.104306030E-1,-2.163451080E0
3.202858871E1,-7.074139252E0,-9.729766846E-2,-1.748663635E0
3.203862871E1,-6.375541992E0,2.342628479E-1,-1.408421173E0
3.204866871E1,-5.895041199E0,3.683839417E-1,-1.134640503E0
3.205870871E1,-5.776637421E0,5.279521179E-1,-1.015787659E0
3.206874871E1,-5.839506683E0,7.758366394E-1,-1.111289062E0
3.207878871E1,-6.008355560E0,1.046922913E0,-1.134041748E0
3.208882871E1,-6.439758453E0,1.402283936E0,-1.165027313E0
3.209886971E1,-6.898105316E0,1.485061798E0,-1.361269226E0
3.210890971E1,-7.252268829E0,1.478325806E0,-1.451830902E0
3.211894971E1,-7.527845764E0,1.405726776E0,-1.535506897E0
3.212898971E1,-7.891888733E0,1.242566071E0,-1.710642700E0
3.213902971E1,-8.536448364E0,1.037941589E0,-2.089504852E0
3.214906971E1,-9.172475739E0,8.786727905E-1,-2.371817780E0
3.215910971E1,-9.610015869E0,8.032296753E-1,-2.438279572E0
3.216914971E1,-9.731413422E0,8.053253174E-1,-2.262994080E0
3.217918971E1,-9.760003967E0,8.321195984E-1,-1.938319244E0
3.218922971E1,-9.426198120E0,1.040037231E0,-1.441053314E0
3.219926971E1,-9.065597992E0,1.302890625E0,-1.025816803E0
3.220930971E1,-8.840316467E0,1.448837128E0,-7.725434875E-1
3.221934971E1,-8.819360046E0,1.367107086E0,-6.664141846E-1
3.222938971E1,-8.939260712E0,1.105451202E0,-7.066804504E-1
3.223942971E1,-8.956774292E0,8.131091309E-1,-9.298663330E-1
3.224946971E1,-8.821904755E0,5.369334412E-1,-1.092727661E0
3.225950971E1,-8.682544556E0,3.266207886E-1,-9.868977356E-1
3.226954971E1,-8.589138794E0,2.517764282E-1,-6.116281128E-1
3.227958971E1,-8.574020233E0,2.535726929E-1,-1.778302002E-1
3.228962971E1,-8.682843933E0,2.824626160E-1,7.484436035E-4
3.229967071E1,-8.832382965E0,3.094065857E-1,-1.559756470E-1
3.230971071E1,-8.974138184E0,2.805166626E-1,-4.971162415E-1
3.231975071E1,-9.027876434E0,3.037184143E-1,-8.306227112E-1
3.232979071E1,-8.875942383E0,3.867956543E-1,-1.097667389E0
3.233983071E1,-8.763526154E0,5.569917297E-1,-1.411864014E0
3.234987071E1,-8.971443787E0,8.870553589E-1,-1.443598022E0
3.235991071E1,-9.256600800E0,1.255588989E0,-1.141975250E0
3.236995071E1,-9.835596771E0,1.626367950E0,-8.054750061E-1
3.237999071E1,-1.069690567E1,2.146236877E0,-6.810836792E-1
3.239003071E1,-1.137260056E1,2.624492340E0,-7.746391296E-1
3.240007071E1,-1.194665680E1,2.882555695E0,-9.885443115E-1
3.241011071E1,-1.224169327E1,2.776276703E0,-1.478625183E0
3.242015071E1,-1.261816040E1,2.205663300E0,-2.347418518E0
3.243019071E1,-1.333501968E1,1.582060089E0,-3.400029602E0
3.244023071E1,-1.442999268E1,1.176553345E0,-4.424648895E0
3.245027071E1,-1.532438278E1,1.090632019E0,-5.451513519E0
3.246031071E1,-1.597388214E1,1.034648438E0,-6.354136505E0
3.247035071E1,-1.587823105E1,1.027912445E0,-6.948999481E0
3.248039071E1,-1.445319443E1,1.004710693E0,-6.680906982E0
3.249043071E1,-1.240964401E1,8.526269531E-1,-5.397176514E0
3.250047171E1,-1.049362839E1,8.681945801E-1,-3.951782227E0
3.251051171E1,-8.800798645E0,4.682263184E-1,-2.845283203E0
3.252055171E1,-7.393574982E0,-2.941383362E-1,-2.018851776E0
3.253059171E1,-6.266418915E0,-1.204245758E0,-1.598825226E0
3.254063171E1,-5.490282898E0,-2.152972870E0,-1.459465027E0
3.255067171E1,-5.140160980E0,-2.806064758E0,-1.450483704E0
3.256071171E1,-5.390590210E0,-2.818638611E0,-1.472038879E0
3.257075171E1,-5.824388123E0,-2.232607269E0,-1.443897400E0
3.258079171E1,-6.556665344E0,-1.631906433E0,-1.436263275E0
3.259083171E1,-7.564519501E0,-9.261241150E-1,-1.634151764E0
3.260087171E1,-8.506959686E0,-2.261796570E-1,-1.932331696E0
3.261091171E1,-9.415869598E0,2.418969727E-1,-2.395019531E0
3.262095171E1,-1.027568161E1,3.564088440E-1,-2.960393829E0
3.263099171E1,-1.102202957E1,2.772235107E-1,-3.418291626E0
3.264103171E1,-1.145148651E1,4.520599365E-2,-3.730242920E0
3.265107171E1,-1.153441406E1,-1.775308228E-1,-3.828289032E0
3.266111171E1,-1.118474121E1,-3.201841736E-1,-3.835923157E0
3.267115171E1,-1.039887543E1,-5.087919617E-1,-3.716621246E0
3.268119171E1,-9.748178558E0,-6.334826660E-1,-3.292403412E0
3.269123171E1,-8.972491608E0,-6.598278809E-1,-2.725831604E0
3.270127271E1,-8.202343140E0,-7.849676514E-1,-2.146236877E0
3.271131271E1,-7.610473938E0,-8.602610779E-1,-1.580862579E0
3.272135271E1,-7.003336487E0,-7.312294006E-1,-1.186432800E0
3.273139271E1,-6.608757019E0,-5.968089294E-1,-1.024469604E0
3.274143271E1,-6.598428497E0,-5.019062805E-1,-1.023870850E0
3.275147271E1,-6.929689636E0,-4.828958130E-1,-1.057101746E0
3.276151271E1,-7.398963776E0,-5.369334412E-1,-1.035845947E0
3.277155271E1,-7.883506165E0,-6.900650024E-1,-1.002914429E0
3.278159271E1,-8.224048004E0,-8.190966797E-1,-1.090632019E0
3.279163271E1,-8.483608246E0,-9.074130249E-1,-1.300944672E0
3.280167271E1,-8.501121826E0,-1.128802643E0,-1.514700165E0
3.281171271E1,-8.451574860E0,-1.248703308E0,-1.754202118E0
3.282175271E1,-8.450377350E0,-1.301393738E0,-1.894310760E0
3.283179271E1,-8.423433380E0,-1.405128021E0,-1.911225586E0
3.284183271E1,-8.380173340E0,-1.513053589E0,-1.845362549E0
3.285187271E1,-8.687933350E0,-1.376088409E0,-1.765728149E0
3.286191271E1,-9.056017914E0,-1.176852722E0,-1.617536316E0
3.287195271E1,-9.412426758E0,-8.337661743E-1,-1.594334564E0
3.288199271E1,-9.688452759E0,-4.278103638E-1,-1.463356934E0
3.289203271E1,-9.877060547E0,-7.888595581E-2,-1.111887817E0
3.290207371E1,-9.968819733E0,-2.619552612E-2,-7.110214233E-1
3.291211308E1,-1.017703674E1,5.628295898E-2,-4.694238281E-1
3.292215308E1,-1.034319122E1,2.423460388E-1,-3.671864319E-1
3.293219308E1,-1.041878403E1,4.592449951E-1,-4.486170959E-1
3.294223308E1,-1.044288391E1,5.745053101E-1,-6.134243774E-1
3.295227308E1,-1.031205597E1,4.315525818E-1,-8.931925964E-1
3.296231308E1,-1.007794281E1,-1.031355286E-1,-1.136287079E0
3.297235308E1,-9.924661560E0,-6.959028625E-1,-1.332229614E0
3.298239308E1,-9.960886230E0,-1.101259918E0,-1.406624908E0
3.299243308E1,-1.027987289E1,-1.234183502E0,-1.237626343E0
3.300247308E1,-1.075468552E1,-1.070873108E0,-1.008752289E0
3.301251308E1,-1.119731506E1,-8.678952026E-1,-8.722361755E-1
3.302255308E1,-1.161225220E1,-5.195695496E-1,-1.123563538E0
3.303259308E1,-1.194515991E1,-1.570234680E-1,-1.773961029E0
3.304263308E1,-1.223196350E1,-1.035845947E-1,-2.664908295E0
3.305267308E1,-1.282577866E1,-6.572831726E-1,-3.805087280E0
3.306271308E1,-1.408960052E1,-1.826950836E0,-5.268893280E0
3.307275308E1,-1.586431000E1,-3.413950653E0,-6.735393677E0
3.308279308E1,-1.650602554E1,-4.693639526E0,-7.456294556E0
3.309283408E1,-1.441472443E1,-4.326453094E0,-7.098688202E0
3.310287408E1,-1.152094208E1,-2.713407440E0,-5.963299255E0
3.311291408E1,-9.363179169E0,-1.289418640E0,-4.357887726E0
3.312295408E1,-7.633825378E0,-2.610571289E-1,-2.801723785E0
3.313299408E1,-6.703659668E0,5.848338318E-1,-1.494641876E0
3.314303408E1,-6.507567444E0,1.069825287E0,-6.283932495E-1
3.315307408E1,-6.782994690E0,1.110091553E0,-2.683918762E-1
3.316311408E1,-7.365433502E0,7.607180786E-1,-2.448907471E-1
3.317315408E1,-8.201445007E0,2.643502808E-1,-7.080276489E-1
3.318319408E1,-9.023086395E0,-1.874102783E-1,-1.506916351E0
3.319323408E1,-9.728269958E0,-5.745053101E-1,-2.243085480E0
3.320327408E1,-1.050455566E1,-1.154848480E0,-2.718496857E0
3.321331408E1,-1.105541016E1,-1.459465027E0,-3.141666870E0
3.322335408E1,-1.106948090E1,-1.411265259E0,-3.603755951E0
3.323339408E1,-1.081575851E1,-1.218615875E0,-3.914659424E0
3.324343408E1,-1.027448410E1,-9.699829102E-1,-4.211641846E0
3.325347408E1,-9.387428741E0,-8.243357849E-1,-4.176015930E0
3.326351408E1,-8.641080780E0,-7.439529419E-1,-3.529959412E0
3.327355408E1,-7.895331573E0,-5.671705627E-1,-2.841840363E0
3.328359408E1,-7.244485016E0,-2.836601257E-1,-2.340981903E0
3.329363508E1,-6.714287567E0,-2.544708252E-3,-1.955832825E0
3.330367508E1,-6.332281952E0,3.911366272E-1,-1.503024445E0
3.331371508E1,-6.274502106E0,9.142987061E-1,-1.183588715E0
3.332375508E1,-6.340215454E0,1.263372803E0,-1.048419800E0
3.333379508E1,-6.426885223E0,1.481020203E0,-1.192420349E0
3.334383508E1,-6.596781921E0,1.656605072E0,-1.481020203E0
3.335387508E1,-7.035220184E0,1.842668152E0,-1.945055237E0
3.336391508E1,-7.689509583E0,2.059417419E0,-2.494861908E0
3.337395508E1,-8.515941010E0,2.067949677E0,-2.876867523E0
3.338399508E1,-9.314680023E0,1.900897064E0,-3.081192627E0
3.339403508E1,-9.959089966E0,1.657054138E0,-2.998265076E0
3.340407508E1,-1.022748184E1,1.435365143E0,-2.697989502E0
3.341411508E1,-1.021445892E1,1.354233856E0,-2.299817505E0
3.342415508E1,-9.937834167E0,1.402433624E0,-1.946552124E0
3.343419508E1,-9.534722443E0,1.443897400E0,-1.676813049E0
3.344423508E1,-9.178313599E0,1.475481720E0,-1.434317322E0
3.345427508E1,-8.973539429E0,1.467099152E0,-1.188678131E0
3.346431508E1,-8.910819855E0,1.413959656E0,-9.598040771E-1
3.347435508E1,-8.853788452E0,1.246757355E0,-5.990542603E-1
3.348439608E1,-8.890162811E0,9.452842712E-1,-1.742376709E-1
3.349443608E1,-8.883875885E0,6.411167908E-1,1.692979431E-1
3.350447608E1,-8.828491058E0,3.203338623E-1,2.815644836E-1
3.351451608E1,-8.743467865E0,8.472381592E-2,8.472381592E-2
3.352455608E1,-8.981772308E0,-4.819976807E-2,-9.250762939E-2
3.353459608E1,-9.371412048E0,-2.020797729E-2,-2.435435486E-1
3.354463608E1,-9.617799683E0,2.826123047E-1,-5.652246094E-1
3.355467608E1,-9.684710541E0,6.180647278E-1,-8.430468750E-1
3.356471608E1,-9.633516998E0,9.358538818E-1,-1.054257660E0
3.357475608E1,-9.628876648E0,1.635948029E0,-1.395547943E0
3.358479608E1,-9.598789215E0,2.438429260E0,-1.647773438E0
3.359483608E1,-9.625583496E0,2.953957214E0,-1.547032928E0
3.360487608E1,-9.996212769E0,3.102298737E0,-1.097817078E0
3.361491608E1,-1.054197784E1,2.869682465E0,-5.617817688E-1
3.362495608E1,-1.103894440E1,2.424358521E0,-1.785786438E-1
3.363499608E1,-1.152124146E1,1.738933868E0,-7.694000244E-2
3.364503608E1,-1.202988373E1,7.238946533E-1,-3.161425781E-1
3.365507608E1,-1.251487518E1,-2.392025757E-1,-9.116043091E-1
3.366511608E1,-1.311647415E1,-9.773176575E-1,-1.742676086E0
3.367515708E1,-1.383228561E1,-1.083896027E0,-2.812501373E0
3.368519708E1,-1.422027878E1,-2.866539001E-1,-3.790268097E0
3.369523708E1,-1.430799637E1,4.040098572E-1,-4.399501190E0
3.370527708E1,-1.390099274E1,8.156538391E-1,-5.134622498E0
3.371531708E1,-1.305869431E1,1.154998169E0,-5.828729095E0
3.372535708E1,-1.205907303E1,1.129551086E0,-5.938151550E0
3.373539708E1,-1.072280182E1,7.382647705E-1,-5.504503326E0
3.374543708E1,-9.193881226E0,3.568579102E-1,-4.714595947E0
3.375547708E1,-7.759563904E0,3.562591553E-2,-3.831282806E0
3.376551708E1,-6.586154022E0,-2.270777893E-1,-2.903961182E0
3.377555708E1,-5.834417267E0,-3.179388428E-1,-2.119143219E0
3.378559708E1,-5.530100098E0,-1.818717957E-1,-1.563498688E0
3.379563708E1,-5.878425751E0,1.803749084E-1,-1.242865448E0
3.380567708E1,-6.864724731E0,7.238946533E-1,-1.344504089E0
3.381571708E1,-7.909701691E0,1.254241791E0,-1.775308228E0
3.382575708E1,-8.929530945E0,1.626068573E0,-2.286794586E0
3.383579708E1,-9.731712799E0,1.867067413E0,-2.747386780E0
3.384583708E1,-1.013901581E1,2.016756134E0,-3.092568970E0
3.385587708E1,-1.026520340E1,2.079475708E0,-3.430715790E0
3.386591808E1,-1.003468277E1,1.938768311E0,-3.676953735E0
3.387595808E1,-9.688303070E0,1.612446899E0,-3.779939575E0
3.388599808E1,-9.338330841E0,1.028062134E0,-3.672014008E0
3.389603808E1,-8.881181488E0,3.391946411E-1,-3.223247223E0
3.390607817E1,-8.462053070E0,-2.240840149E-1,-2.606080627E0
3.391611817E1,-8.012088776E0,-5.581892395E-1,-2.045196991E0
3.392615817E1,-7.715854797E0,-7.150630188E-1,-1.607058105E0
3.393619817E1,-7.513176270E0,-7.095245361E-1,-1.215173035E0
3.394623817E1,-7.471712494E0,-6.542893982E-1,-9.469308472E-1
3.395627817E1,-7.440128174E0,-5.457650757E-1,-8.048762512E-1
3.396631817E1,-7.379953308E0,-3.614982605E-1,-7.280859375E-1
3.397635817E1,-7.358697510E0,-1.999841309E-1,-7.411088562E-1
3.398639817E1,-7.419471130E0,-1.522334290E-1,-7.445516968E-1
3.399643817E1,-7.664511566E0,-1.782792664E-1,-7.676037598E-1
3.400647817E1,-8.118367767E0,-2.182461548E-1,-8.860075378E-1
3.401651817E1,-8.696615295E0,-2.576142883E-1,-1.160836029E0
3.402655817E1,-9.209897919E0,-2.980302429E-1,-1.491498413E0
3.403659817E1,-9.556427307E0,-3.706292725E-1,-1.676363983E0
3.404663817E1,-9.748028870E0,-5.406756592E-1,-1.651964722E0
3.405667917E1,-9.828561401E0,-7.035369873E-1,-1.489552460E0
3.406671917E1,-9.815538483E0,-8.810678101E-1,-1.206940155E0
3.407675917E1,-9.693841553E0,-1.079255676E0,-9.851014709E-1
3.408679917E1,-9.457632751E0,-1.082698517E0,-8.322692871E-1
3.409683917E1,-9.205257568E0,-9.048683167E-1,-7.680528259E-1
3.410687917E1,-9.082812195E0,-7.586224365E-1,-6.875202942E-1
3.411691917E1,-9.076525269E0,-5.724096680E-1,-6.420149231E-1
3.412695917E1,-9.094936981E0,-3.198847961E-1,-5.906716919E-1
3.413699917E1,-9.046886902E0,-1.496887207E-3,-3.128494263E-1
3.414703917E1,-9.000333710E0,2.757266235E-1,3.607498169E-2
3.415707917E1,-8.908873901E0,4.213737488E-1,1.290316772E-1
3.416711917E1,-8.716523895E0,5.297483826E-1,-4.326004028E-2
3.417715917E1,-8.553812256E0,4.110452271E-1,-3.665876770E-1
3.418719917E1,-8.689879303E0,-5.014572144E-2,-7.113208008E-1
3.419723917E1,-9.240434418E0,-6.394702148E-1,-7.840695190E-1
3.420727917E1,-1.007899063E1,-1.182391205E0,-4.815486145E-1
3.421731917E1,-1.100810852E1,-1.591041412E0,-4.879852295E-2
3.422735917E1,-1.187076462E1,-1.939516754E0,2.534230042E-1
3.423740017E1,-1.270917114E1,-1.947450256E0,1.853146362E-1
3.424744017E1,-1.358499985E1,-1.650767212E0,-2.877017212E-1
3.425748017E1,-1.441382629E1,-1.227746887E0,-9.373507690E-1
3.426752017E1,-1.508712616E1,-7.234455872E-1,-1.736538849E0
3.427756017E1,-1.533680695E1,-3.258723450E-1,-2.472408600E0
3.428760017E1,-1.487816071E1,-3.900888062E-1,-3.081791382E0
3.429764017E1,-1.414004562E1,-9.232800293E-1,-3.700005798E0
3.430768017E1,-1.371358246E1,-1.557361450E0,-4.451892242E0
3.431772017E1,-1.362272141E1,-2.039359131E0,-4.996908875E0
3.432776017E1,-1.335193451E1,-1.990261230E0,-5.154680786E0
3.433780017E1,-1.202224960E1,-1.275647278E0,-5.200186157E0
3.434784017E1,-1.014769775E1,-2.757266235E-1,-5.149591370E0
3.435788017E1,-8.363557892E0,8.966354370E-1,-4.821623383E0
3.436792017E1,-6.705904999E0,1.923649750E0,-4.139192505E0
3.437796017E1,-5.613776093E0,2.532882843E0,-3.237916718E0
3.438800017E1,-5.545068970E0,2.560724945E0,-2.462080078E0
3.439804017E1,-6.239774323E0,2.015558624E0,-1.969903564E0
3.440808017E1,-7.244485016E0,1.262774048E0,-1.751208344E0
3.441812017E1,-8.482261047E0,5.860313416E-1,-1.668879547E0
3.442816117E1,-9.857451324E0,4.939727783E-2,-1.921853485E0
3.443820117E1,-1.087772964E1,-3.426374817E-1,-2.540067902E0
3.444824117E1,-1.155073013E1,-7.315287781E-1,-3.136427765E0
3.445828117E1,-1.223301132E1,-1.068478088E0,-3.709286499E0
3.446832117E1,-1.264196091E1,-1.226399689E0,-4.186344452E0
3.447836117E1,-1.214963470E1,-1.226399689E0,-4.272864532E0
3.448840117E1,-1.095466965E1,-1.271006927E0,-3.882326660E0
3.449844117E1,-9.399104462E0,-1.282982025E0,-3.206182709E0
3.450848117E1,-8.085436249E0,-1.096020813E0,-2.733465729E0
3.451852117E1,-7.164102173E0,-8.192463684E-1,-2.372865601E0
3.452856117E1,-6.405629425E0,-4.050576782E-1,-2.042801971E0
3.453860117E1,-5.903274078E0,6.721023560E-2,-1.742825775E0
3.454864117E1,-5.728587341E0,6.158193970E-1,-1.404229889E0
3.455868117E1,-5.681884460E0,1.128203888E0,-9.635462952E-1
3.456872117E1,-5.762566681E0,1.468596039E0,-5.694158936E-1
3.457876117E1,-5.896388397E0,1.716181183E0,-5.575904846E-1
3.458880117E1,-6.069727936E0,1.907932434E0,-8.235873413E-1
3.459884117E1,-6.232140198E0,1.916464691E0,-1.138233032E0
3.460888217E1,-6.590494995E0,1.747166748E0,-1.464704132E0
3.461892217E1,-7.285350037E0,1.545086975E0,-1.751358032E0
3.462896217E1,-8.089926910E0,1.390009460E0,-2.007774811E0
3.463900217E1,-8.841813354E0,1.343156891E0,-2.215393066E0
3.464904217E1,-9.427695007E0,1.385369110E0,-2.294428711E0
3.465908217E1,-9.651779022E0,1.387464752E0,-2.167043610E0
3.466912217E1,-9.570198669E0,1.368454285E0,-1.970951385E0
3.467916217E1,-9.412875824E0,1.452279968E0,-1.696422272E0
3.468920217E1,-9.220076752E0,1.552272034E0,-1.269060974E0
3.469924217E1,-9.341923370E0,1.483564911E0,-8.023315430E-1
3.470928217E1,-9.539961548E0,1.261576538E0,-4.234693909E-1
3.471932217E1,-9.664053497E0,1.007405090E0,-2.329156494E-1
3.472936217E1,-9.649683380E0,8.216413879E-1,-2.633024597E-1
3.473940217E1,-9.258097687E0,6.662644958E-1,-4.694238281E-1
3.474944217E1,-8.724307709E0,4.867877197E-1,-6.854246521E-1
3.475948217E1,-8.373886414E0,2.567161560E-1,-7.988887024E-1
3.476952217E1,-8.315358124E0,5.748046875E-2,-8.945397949E-1
3.477956217E1,-8.576115875E0,9.639953613E-2,-1.210682373E0
3.478960317E1,-9.049431610E0,4.724176025E-1,-1.673819275E0
3.479964317E1,-9.474697266E0,1.080453186E0,-1.798210602E0
3.480968317E1,-1.026714935E1,1.678459625E0,-1.362915802E0
3.481972317E1,-1.127156067E1,1.935624847E0,-7.241940308E-1
3.482976317E1,-1.206760529E1,1.973496094E0,-4.818479919E-1
3.483980317E1,-1.286664368E1,1.896556091E0,-7.728428650E-1
3.484984317E1,-1.340372681E1,1.580263824E0,-1.252295837E0
3.485988317E1,-1.384216507E1,1.040336609E0,-1.834734650E0
3.486992317E1,-1.408885208E1,4.719685364E-1,-2.479294281E0
3.487996317E1,-1.431488205E1,6.900650024E-2,-3.370690613E0
3.489000317E1,-1.432895279E1,3.384461975E-1,-4.628973999E0
3.490004317E1,-1.410621597E1,1.319805450E0,-5.679339752E0
3.491008304E1,-1.358035950E1,2.142644348E0,-5.965095520E0
3.492012304E1,-1.246907043E1,2.604583740E0,-5.975723419E0
3.493016304E1,-1.133323242E1,2.588267670E0,-5.736820221E0
3.494020304E1,-1.027912445E1,1.991309052E0,-4.949607239E0
3.495024304E1,-9.052874451E0,1.312321014E0,-3.932023315E0
3.496028304E1,-7.820636902E0,5.972579956E-1,-3.007695465E0
3.497032404E1,-7.048692169E0,1.827699280E-1,-2.383044434E0
3.498036404E1,-6.700366516E0,1.799258423E-1,-2.031725006E0
3.499040404E1,-6.699618073E0,3.477268982E-1,-1.966460724E0
3.500044404E1,-7.052135010E0,4.535568237E-1,-2.081421661E0
3.501048404E1,-7.690557404E0,4.992118835E-1,-2.165247345E0
3.502052404E1,-8.475525055E0,4.837939453E-1,-2.255359955E0
3.503056404E1,-9.282347260E0,4.290078735E-1,-2.447709961E0
3.504060404E1,-9.939780121E0,3.430865479E-1,-2.774031372E0
3.505064404E1,-1.039842636E1,3.225791931E-1,-3.204236755E0
3.506068404E1,-1.054078033E1,3.082090759E-1,-3.478167114E0
3.507072404E1,-1.038240967E1,2.883004761E-1,-3.541485443E0
3.508076404E1,-9.897717590E0,3.092568970E-1,-3.484903107E0
3.509080404E1,-9.230255585E0,3.507206726E-1,-3.292852478E0
3.510084404E1,-8.545429688E0,4.102967834E-1,-2.988086243E0
3.511088404E1,-7.802225189E0,4.816983032E-1,-2.542163544E0
3.512092404E1,-7.144942017E0,5.974076843E-1,-1.971849518E0
3.513096404E1,-6.714137878E0,5.906716919E-1,-1.413809967E0
3.514100504E1,-6.466702423E0,4.567002869E-1,-1.062041473E0
3.515104504E1,-6.520740051E0,2.550695801E-1,-9.401948547E-1
3.516108504E1,-6.737489319E0,6.077362061E-2,-1.068478088E0
3.517112504E1,-7.051236877E0,-5.269042969E-2,-1.275647278E0
3.518116504E1,-7.388186188E0,-1.734892273E-1,-1.326990509E0
3.519120504E1,-7.592960358E0,-2.917433167E-1,-1.379231873E0
3.520124504E1,-7.714507599E0,-4.481680298E-1,-1.493294678E0
3.521128504E1,-7.919730835E0,-5.834866333E-1,-1.536554718E0
3.522132504E1,-8.210426331E0,-6.454577637E-1,-1.565294952E0
3.523136504E1,-8.515641632E0,-6.532415771E-1,-1.560504913E0
3.524140504E1,-8.777896271E0,-6.098318481E-1,-1.433568878E0
3.525144504E1,-8.866811371E0,-5.345384216E-1,-1.225202179E0
3.526148504E1,-8.781638489E0,-4.983137512E-1,-1.113983459E0
3.527152504E1,-8.701555023E0,-5.276527405E-1,-1.038240967E0
3.528156504E1,-8.722960510E0,-5.325924683E-1,-9.301657104E-1
3.529160504E1,-8.722062378E0,-4.867877197E-1,-8.044271851E-1
3.530164504E1,-8.610693970E0,-4.620890808E-1,-7.027885437E-1
3.531168504E1,-8.572673035E0,-3.959266663E-1,-6.316864014E-1
3.532172604E1,-8.672216034E0,-2.366578674E-1,-5.671705627E-1
3.533176604E1,-8.932524719E0,-5.014572144E-2,-4.781057739E-1
3.534180604E1,-9.241033173E0,8.816665649E-2,-5.054988098E-1
3.535184604E1,-9.628726959E0,1.902543640E-1,-6.423143005E-1
3.536188604E1,-1.004980133E1,4.011657715E-1,-8.878038025E-1
3.537192604E1,-1.034813095E1,5.676196289E-1,-1.081650696E0
3.538196604E1,-1.053673874E1,5.135820007E-1,-1.142574005E0
3.539200604E1,-1.083985840E1,2.761756897E-1,-1.305884399E0
3.540204604E1,-1.131362320E1,-1.493893433E-1,-1.418300629E0
3.541208604E1,-1.189157135E1,-5.623805237E-1,-1.287772064E0
3.542212604E1,-1.242341537E1,-7.705975342E-1,-9.499246216E-1
3.543216604E1,-1.272907974E1,-7.298822021E-1,-5.325924683E-1
3.544220604E1,-1.290002426E1,-4.867877197E-1,-1.191522217E-1
3.545224604E1,-1.308459045E1,-1.757345581E-1,1.070274353E-1
3.546228604E1,-1.326631256E1,-9.624984741E-2,5.194198608E-2
3.547232604E1,-1.322619598E1,-3.082090759E-1,-4.537065125E-1
3.548236704E1,-1.288400757E1,-9.662406921E-1,-1.328337708E0
3.549240704E1,-1.278281799E1,-1.891316986E0,-2.556683350E0
3.550244704E1,-1.311856979E1,-2.528691559E0,-4.433480530E0
3.551248704E1,-1.382599869E1,-2.797382812E0,-6.204298096E0
3.552252704E1,-1.423794205E1,-1.979034576E0,-7.252418518E0
3.553256704E1,-1.298370026E1,-1.883084106E-1,-7.283853149E0
3.554260704E1,-1.065514252E1,1.357077942E0,-6.270610199E0
3.555264704E1,-8.385861511E0,2.167342987E0,-4.854554901E0
3.556268704E1,-6.486910400E0,2.541415100E0,-3.541036377E0
3.557272704E1,-5.980663147E0,2.631677399E0,-2.623594208E0
3.558276704E1,-6.568490753E0,2.403402100E0,-2.310744781E0
3.559280704E1,-7.470514984E0,1.793420563E0,-2.349514160E0
3.560284704E1,-8.565937042E0,8.732839966E-1,-2.395318909E0
3.561288704E1,-9.584568787E0,-3.577560425E-2,-2.146835632E0
3.562292704E1,-1.042552002E1,-7.391629028E-1,-1.823058929E0
3.563296704E1,-1.097667389E1,-1.249302063E0,-1.623972931E0
3.564300704E1,-1.143112885E1,-1.493444366E0,-1.799408112E0
3.565304804E1,-1.155581955E1,-1.490151215E0,-2.311343536E0
3.566308804E1,-1.117381393E1,-1.346899109E0,-2.903362427E0
3.567312804E1,-1.066412384E1,-1.116228790E0,-3.311413879E0
3.568316804E1,-9.837991791E0,-9.383985901E-1,-3.304977264E0
3.569320804E1,-8.909772034E0,-7.545808411E-1,-2.886896667E0
3.570324804E1,-8.016130371E0,-4.640350342E-1,-2.385888519E0
3.571328804E1,-7.131020966E0,-1.583706665E-1,-1.878294067E0
3.572332804E1,-6.554420013E0,2.139051819E-1,-1.422940979E0
3.573336804E1,-6.221212921E0,7.349716187E-1,-1.084195404E0
3.574340804E1,-6.007307739E0,1.219364319E0,-8.759783936E-1
3.575344804E1,-6.026318207E0,1.691183167E0,-6.816824341E-1
3.576348804E1,-6.401887207E0,2.003583527E0,-4.448748779E-1
3.577352804E1,-6.794520721E0,2.010618896E0,-4.156855774E-1
3.578356804E1,-6.960675201E0,1.873354340E0,-7.442523193E-1
3.579360804E1,-7.146588593E0,1.681752777E0,-1.253493347E0
3.580364804E1,-7.495812378E0,1.412013702E0,-1.751058655E0
3.581368804E1,-8.002359009E0,1.049916687E0,-2.130220184E0
3.582372904E1,-8.502319336E0,7.515870667E-1,-2.357148285E0
3.583376904E1,-8.863368530E0,5.605842590E-1,-2.354004822E0
3.584380904E1,-9.127120056E0,4.941224670E-1,-2.011367340E0
3.585384904E1,-9.055119781E0,5.545967102E-1,-1.497785339E0
3.586388904E1,-8.785979462E0,7.400610352E-1,-1.085991669E0
3.587392904E1,-8.456664276E0,9.024732971E-1,-7.702981567E-1
3.588396904E1,-8.255632324E0,9.223818970E-1,-6.056405640E-1
3.589400904E1,-8.404572601E0,8.960366821E-1,-3.728746033E-1
3.590404904E1,-8.796307983E0,7.994874573E-1,-5.927673340E-2
3.591408904E1,-9.291478271E0,5.752537537E-1,1.260379028E-1
3.592412904E1,-9.670190735E0,2.736309814E-1,9.131011963E-2
3.593416904E1,-9.929152222E0,4.490661621E-3,-1.722917175E-1
3.594420904E1,-9.826914825E0,-1.014889526E-1,-4.781057739E-1
3.595424904E1,-9.402247925E0,3.712280273E-2,-7.458988953E-1
3.596428904E1,-8.885522461E0,3.915856934E-1,-9.610015869E-1
3.597432904E1,-8.734336853E0,1.154698792E0,-1.204096069E0
3.598436904E1,-9.061556396E0,2.259102173E0,-1.068178711E0
3.599441004E1,-9.806108093E0,3.286415863E0,-5.962101746E-1
3.600445004E1,-1.093835358E1,3.805087280E0,1.049317932E-1
3.601449004E1,-1.208676544E1,3.834276581E0,5.575904846E-1
3.602453004E1,-1.273671387E1,3.477418671E0,4.327500916E-1
3.603457004E1,-1.294597870E1,2.647694092E0,3.742218018E-2
3.604461004E1,-1.288191193E1,1.477277985E0,-4.185296631E-1
3.605465004E1,-1.301438644E1,4.975653076E-1,-8.764274597E-1
3.606469004E1,-1.316168015E1,-7.619155884E-2,-1.410217438E0
3.607473004E1,-1.340073303E1,-1.136137390E-1,-2.108515320E0
3.608477004E1,-1.377884674E1,9.038204956E-1,-2.949915619E0
3.609481004E1,-1.388407791E1,2.222129059E0,-3.742966461E0
3.610485004E1,-1.330074097E1,2.966830444E0,-4.458628235E0
3.611489004E1,-1.251472549E1,2.937491455E0,-5.537584534E0
3.612493004E1,-1.143786484E1,2.364632721E0,-6.527625732E0
3.613497004E1,-1.041070084E1,1.430874481E0,-6.581962738E0
3.614501004E1,-9.296867065E0,5.298980713E-1,-5.625751190E0
3.615505104E1,-8.486452332E0,1.329235840E-1,-4.259691925E0
3.616509104E1,-8.204588470E0,3.632945251E-1,-3.215463409E0
3.617513104E1,-8.340655518E0,6.752458191E-1,-2.973566437E0
3.618517104E1,-8.766669617E0,7.345225525E-1,-2.902613983E0
3.619521104E1,-9.276060333E0,6.242019653E-1,-2.639461212E0
3.620525104E1,-9.577683105E0,3.674858093E-1,-2.460283813E0
3.621529104E1,-9.683812408E0,8.382568359E-2,-2.553539886E0
3.622533104E1,-9.439969482E0,3.083587646E-2,-2.909200287E0
3.623537104E1,-8.904233551E0,2.336640930E-1,-3.096610565E0
3.624541104E1,-8.445437622E0,4.349954224E-1,-3.017724609E0
3.625545104E1,-8.285719757E0,5.798941040E-1,-2.890040131E0
3.626549104E1,-8.163873138E0,8.457412720E-1,-2.816992035E0
3.627553104E1,-7.859855347E0,1.040785675E0,-2.865042114E0
3.628557104E1,-7.721093903E0,9.816586304E-1,-2.859054565E0
3.629561104E1,-7.598947906E0,8.982820129E-1,-2.751428375E0
3.630565104E1,-7.256460114E0,8.556207275E-1,-2.470312958E0
3.631569204E1,-6.928342438E0,7.271878052E-1,-2.090402985E0
3.632573204E1,-6.573729858E0,4.264631653E-1,-1.685944061E0
3.633577204E1,-6.502927094E0,-1.601669312E-2,-1.197958832E0
3.634581204E1,-6.691534882E0,-4.556524658E-1,-7.921527100E-1
3.635585204E1,-6.959028625E0,-8.141569519E-1,-4.013154602E-1
3.636589204E1,-7.368726654E0,-1.109043732E0,-2.432441711E-1
3.637593204E1,-7.818840637E0,-1.263073425E0,-4.893324280E-1
3.638597204E1,-8.191415863E0,-1.299896851E0,-8.774752808E-1
3.639601204E1,-8.566685486E0,-1.299747162E0,-1.137933655E0
3.640605204E1,-8.895850983E0,-1.170715485E0,-1.343905334E0
3.641609204E1,-9.138945465E0,-9.535171509E-1,-1.473984833E0
3.642613204E1,-9.320517883E0,-7.141648865E-1,-1.520987091E0
3.643617204E1,-9.364825745E0,-4.399351501E-1,-1.437011719E0
3.644621204E1,-9.292226715E0,-8.681945801E-2,-1.250798950E0
3.645625204E1,-9.201515350E0,2.041754150E-1,-1.013242950E0
3.646629204E1,-9.061556396E0,3.595523071E-1,-7.899073792E-1
3.647633204E1,-8.943152618E0,3.037184143E-1,-5.950126648E-1
3.648637304E1,-8.782536621E0,1.567240906E-1,-4.189787292E-1
3.649641304E1,-8.683742065E0,6.256988525E-2,-2.561174011E-1
3.650645304E1,-8.575068054E0,7.978408813E-2,-9.056167603E-2
3.651649304E1,-8.430319061E0,1.627116394E-1,2.679428101E-2
3.652653304E1,-8.399932251E0,2.703378296E-1,2.619552612E-2
3.653657304E1,-8.717122650E0,2.053729248E-1,-1.423539734E-1
3.654661304E1,-9.135352936E0,7.828720093E-2,-5.066963196E-1
3.655665304E1,-9.444460144E0,-4.191284180E-2,-9.348060608E-1
3.656669304E1,-9.687704315E0,-1.191522217E-1,-1.359023895E0
3.657673304E1,-9.998907166E0,-2.606080627E-1,-1.578766937E0
3.658677304E1,-1.055365356E1,-6.447093201E-1,-1.282832336E0
3.659681304E1,-1.115106125E1,-1.309476929E0,-6.984475708E-1
3.660685304E1,-1.183244431E1,-1.846410370E0,-1.425036621E-1
3.661689304E1,-1.267938309E1,-1.859283600E0,1.990859985E-1
3.662693304E1,-1.349488724E1,-1.254391479E0,2.059716797E-1
3.663697404E1,-1.421249496E1,-3.923341370E-1,-3.237767029E-1
3.664701404E1,-1.485855148E1,5.646258545E-1,-1.234931946E0
3.665705404E1,-1.483190689E1,1.355281677E0,-2.127076721E0
3.666709404E1,-1.385264328E1,1.687590637E0,-2.708018646E0
3.667713404E1,-1.251472549E1,1.122964783E0,-3.048410797E0
3.668717404E1,-1.183304306E1,-2.133064270E-1,-3.418740692E0
3.669721404E1,-1.203197937E1,-1.475481720E0,-4.227808228E0
3.670725404E1,-1.229498245E1,-2.259551239E0,-5.293142853E0
3.671729404E1,-1.226534409E1,-2.160307617E0,-6.228547668E0
3.672733404E1,-1.160836029E1,-1.003363495E0,-6.673272858E0
3.673737404E1,-1.014949402E1,4.445755005E-1,-6.129004669E0
3.674741404E1,-8.538094940E0,1.372346191E0,-4.904850311E0
3.675745404E1,-7.171885986E0,1.733395386E0,-3.402873688E0
3.676749404E1,-6.562054138E0,1.622625732E0,-2.235750732E0
3.677753404E1,-7.119195557E0,1.421294403E0,-1.858684845E0
3.678757404E1,-8.246800690E0,1.212328949E0,-2.036515045E0
3.679761504E1,-9.413773956E0,8.665480042E-1,-2.428400116E0
3.680765504E1,-1.046428940E1,4.700225830E-1,-2.803819427E0
3.681769504E1,-1.125135269E1,1.836680603E-1,-3.200943604E0
3.682773504E1,-1.161344971E1,-7.798782349E-2,-3.554957428E0
3.683777504E1,-1.173559570E1,-4.339476013E-1,-3.772604828E0
3.684781504E1,-1.161674286E1,-8.791218567E-1,-3.735182648E0
3.685785504E1,-1.136586456E1,-1.303339691E0,-3.572171631E0
3.686789504E1,-1.058778259E1,-1.481020203E0,-3.386108551E0
3.687793504E1,-9.555978241E0,-1.275048523E0,-3.165916443E0
3.688797504E1,-8.536448364E0,-8.366102600E-1,-2.847528534E0
3.689801504E1,-7.686515808E0,-3.953279114E-1,-2.468067627E0
3.690805579E1,-6.910679169E0,-8.831634521E-3,-2.050585785E0
3.691809579E1,-6.298751678E0,2.676434326E-1,-1.665736084E0
3.692813579E1,-6.010451202E0,7.045848083E-1,-1.440454559E0
3.693817579E1,-6.038293304E0,1.177451477E0,-1.188079376E0
3.694821579E1,-6.037694550E0,1.613345032E0,-9.011260986E-1
3.695825679E1,-6.132746887E0,1.943258972E0,-9.095086670E-1
3.696829679E1,-6.320905609E0,2.022743683E0,-1.120420074E0
3.697833679E1,-6.365812225E0,1.959575043E0,-1.372795258E0
3.698837679E1,-6.433621216E0,1.676064606E0,-1.544039154E0
3.699841679E1,-6.837631073E0,1.331032104E0,-1.657353516E0
3.700845679E1,-7.376959534E0,1.107097778E0,-1.696871338E0
3.701849679E1,-7.818092194E0,9.598040771E-1,-1.634600830E0
3.702853679E1,-8.181985474E0,8.951385498E-1,-1.439706116E0
3.703857679E1,-8.331225128E0,9.259744263E-1,-1.148860931E0
3.704861679E1,-8.363108826E0,1.105900269E0,-8.795709229E-1
3.705865679E1,-8.330626373E0,1.328936462E0,-7.807763672E-1
3.706869679E1,-8.365952911E0,1.446142731E0,-7.502398682E-1
3.707873679E1,-8.451574860E0,1.427880707E0,-6.337820435E-1
3.708877679E1,-8.725804596E0,1.253044281E0,-4.171824646E-1
3.709881679E1,-9.189839630E0,9.913883972E-1,-2.275268555E-2
3.710885679E1,-9.534572754E0,7.191046143E-1,8.801696777E-2
3.711889779E1,-9.775122528E0,5.361849976E-1,-1.625619507E-1
3.712893779E1,-1.008123596E1,3.435356140E-1,-3.372486877E-1
3.713897779E1,-1.011012589E1,1.040336609E-1,-6.900650024E-1
3.714901779E1,-9.759105835E0,-3.457809448E-2,-1.297352142E0
3.715905779E1,-9.209748230E0,3.622467041E-2,-2.039508820E0
3.716909779E1,-9.005123749E0,4.993615723E-1,-2.406844940E0
3.717913779E1,-9.298513641E0,1.426084442E0,-2.100881195E0
3.718917779E1,-1.002315674E1,2.423011322E0,-1.240620117E0
3.719921779E1,-1.129625931E1,3.004552002E0,9.654922485E-2
3.720925779E1,-1.228285767E1,3.078947296E0,1.027463379E0
3.721929779E1,-1.288984543E1,2.648592224E0,1.006506958E0
3.722933779E1,-1.348171463E1,1.644330597E0,4.399351501E-1
3.723937779E1,-1.404304733E1,7.228468323E-1,-4.379891968E-1
3.724941779E1,-1.435574707E1,-7.229965210E-2,-1.290765839E0
3.725945779E1,-1.440664124E1,-6.914122009E-1,-2.030677185E0
3.726949879E1,-1.438089478E1,-7.455995178E-1,-2.951711884E0
3.727953879E1,-1.437311096E1,2.240840149E-1,-4.348756714E0
3.728957879E1,-1.446337326E1,1.475332031E0,-5.570066986E0
3.729961879E1,-1.363469650E1,2.234253845E0,-6.314768372E0
3.730965879E1,-1.225965591E1,2.581082611E0,-6.814129944E0
3.731969879E1,-1.096634537E1,2.088606720E0,-7.049141235E0
3.732973879E1,-9.493857422E0,1.004411316E0,-6.469247131E0
3.733977879E1,-8.062384186E0,4.261637878E-1,-5.280419312E0
3.734981879E1,-7.084168396E0,4.348457336E-1,-3.954476624E0
3.735985879E1,-6.609355774E0,8.716374207E-1,-2.818788300E0
3.736989879E1,-6.460565186E0,1.179247742E0,-2.048490143E0
3.737993879E1,-6.720125427E0,1.259480896E0,-1.563348999E0
3.738997879E1,-7.394772491E0,1.270557861E0,-1.505569153E0
3.740001879E1,-8.190368042E0,1.243164825E0,-1.746717682E0
3.741005879E1,-9.126072235E0,1.186432800E0,-2.079475708E0
3.742009979E1,-9.977950745E0,1.272503815E0,-2.490221558E0
3.743013979E1,-1.040591080E1,1.383722534E0,-2.989583130E0
3.744017979E1,-1.038944504E1,1.211730194E0,-3.288062439E0
3.745021979E1,-9.982142029E0,6.828799438E-1,-3.212918701E0
3.746025979E1,-9.478140106E0,2.297721863E-1,-3.085832977E0
3.747029979E1,-8.794811096E0,2.046244812E-1,-3.063828735E0
3.748033979E1,-8.002658386E0,1.704954529E-1,-3.019969940E0
3.749037979E1,-7.231162720E0,8.741821289E-2,-2.869532776E0
3.750041979E1,-6.696773987E0,1.597178650E-1,-2.512974243E0
3.751045979E1,-6.561754761E0,3.339555359E-1,-1.980830841E0
3.752049979E1,-6.450086975E0,4.665797424E-1,-1.300046539E0
3.753053979E1,-6.514902191E0,4.784051514E-1,-6.935078430E-1
3.754057979E1,-6.755451965E0,4.644841003E-1,-3.540138245E-1
3.755061979E1,-7.035669250E0,3.475772095E-1,-2.653981018E-1
3.756065979E1,-7.330556030E0,1.317260742E-1,-5.096900940E-1
3.757069979E1,-7.633975067E0,-1.957928467E-1,-8.575666809E-1
3.758074079E1,-7.957751770E0,-5.634283447E-1,-1.225202179E0
3.759078079E1,-8.299341431E0,-8.351133728E-1,-1.545536041E0
3.760082079E1,-8.615484009E0,-1.030457153E0,-1.710792389E0
3.761086079E1,-8.903036041E0,-1.088087311E0,-1.735491028E0
3.762090079E1,-9.156159668E0,-1.023122406E0,-1.547332306E0
3.763094079E1,-9.313781891E0,-8.834628296E-1,-1.165177002E0
3.764098079E1,-9.227860565E0,-7.747888184E-1,-8.744815063E-1
3.765102079E1,-9.014105072E0,-6.030958557E-1,-7.165599060E-1
3.766106079E1,-8.728049927E0,-3.787124634E-1,-6.325845337E-1
3.767110079E1,-8.534203033E0,-8.577163696E-2,-6.074368286E-1
3.768114079E1,-8.487799530E0,3.097059631E-1,-6.189628601E-1
3.769118079E1,-8.519982605E0,6.474037170E-1,-5.535488892E-1
3.770122079E1,-8.664581909E0,8.533753967E-1,-4.519102478E-1
3.771126079E1,-8.809480591E0,9.256750488E-1,-3.742218018E-1
3.772130079E1,-8.957822113E0,9.906399536E-1,-3.782633972E-1
3.773134179E1,-9.044491882E0,1.009650421E0,-5.249583435E-1
3.774138179E1,-9.107810211E0,8.478369141E-1,-8.244854736E-1
3.775142179E1,-9.326954498E0,4.107458496E-1,-1.332079926E0
3.776146179E1,-9.735155640E0,-1.493893433E-1,-1.738185425E0
3.777150179E1,-1.037208115E1,-6.899153137E-1,-1.569037170E0
3.778154179E1,-1.104672821E1,-1.222507782E0,-8.541238403E-1
3.779158179E1,-1.181103882E1,-1.408870239E0,-9.235794067E-2
3.780162179E1,-1.263238083E1,-9.053173828E-1,3.180885315E-1
3.781166179E1,-1.336944809E1,-6.750961304E-2,3.198847961E-1
3.782170179E1,-1.404738831E1,7.744894409E-1,-9.445358276E-2
3.783174179E1,-1.445050003E1,1.470092926E0,-8.659492493E-1
3.784178179E1,-1.417836594E1,1.762135620E0,-1.666783905E0
3.785182179E1,-1.335058731E1,1.321152649E0,-2.594704285E0
3.786186179E1,-1.282413208E1,4.011657715E-1,-3.462300110E0
3.787190179E1,-1.287876846E1,-6.355783081E-1,-4.228556671E0
3.788194279E1,-1.302471497E1,-1.522034912E0,-5.086123352E0
3.789198279E1,-1.273656418E1,-1.929786987E0,-5.905669098E0
3.790202279E1,-1.203572159E1,-1.449585571E0,-6.470893707E0
3.791206217E1,-1.083027832E1,-2.125579834E-1,-6.432723083E0
3.792210217E1,-9.339378662E0,7.920030212E-1,-5.543422394E0
3.793214217E1,-7.885901184E0,1.149759064E0,-4.251159668E0
3.794218217E1,-6.743327179E0,1.040785675E0,-3.053949280E0
3.795222217E1,-6.739734650E0,6.981481934E-1,-2.268981628E0
3.796226217E1,-7.461383972E0,5.056484985E-1,-2.026785278E0
3.797230217E1,-8.576564941E0,2.894979858E-1,-2.047142944E0
3.798234217E1,-9.761800232E0,-5.388793945E-2,-2.063159637E0
3.799238217E1,-1.082099762E1,-3.739224243E-1,-2.016606445E0
3.800242217E1,-1.165910477E1,-5.408253479E-1,-2.168989563E0
3.801246217E1,-1.193722641E1,-6.080355835E-1,-2.602488098E0
3.802250217E1,-1.182570831E1,-6.494993591E-1,-3.142864380E0
3.803254217E1,-1.152273834E1,-7.084767151E-1,-3.447630615E0
3.804258317E1,-1.091979218E1,-8.446934509E-1,-3.415297852E0
3.805262317E1,-1.007794281E1,-1.045126648E0,-3.206182709E0
3.806266317E1,-9.194030914E0,-1.082249451E0,-2.915038147E0
3.807270317E1,-8.385412445E0,-8.666976929E-1,-2.603086853E0
3.808274317E1,-7.565866699E0,-5.703140259E-1,-2.220632172E0
3.809278317E1,-6.832541656E0,-2.659968567E-1,-1.780547333E0
3.810282317E1,-6.469396820E0,8.801696777E-2,-1.455423431E0
3.811286317E1,-6.353837128E0,6.011499023E-1,-1.307680664E0
3.812290317E1,-6.453529816E0,1.268462219E0,-1.069675598E0
3.813294317E1,-6.383176117E0,1.926493835E0,-8.352630615E-1
3.814298317E1,-6.323150940E0,2.224823456E0,-8.960366821E-1
3.815302317E1,-6.372997284E0,2.204316101E0,-1.044378204E0
3.816306317E1,-6.393354950E0,2.210453339E0,-1.191372528E0
3.817310317E1,-6.511459351E0,2.127076721E0,-1.311422882E0
3.818314317E1,-6.829697571E0,1.948198700E0,-1.401984558E0
3.819318417E1,-7.331005096E0,1.786534882E0,-1.407223663E0
3.820322417E1,-7.854167175E0,1.567091217E0,-1.388662262E0
3.821326417E1,-8.220455475E0,1.333427124E0,-1.406774597E0
3.822330417E1,-8.555159454E0,1.166973267E0,-1.328936462E0
3.823334417E1,-8.643924866E0,1.017733612E0,-1.247655487E0
3.824338417E1,-8.551267548E0,9.566606140E-1,-1.181792450E0
3.825342417E1,-8.600365448E0,9.282197571E-1,-9.328601074E-1
3.826346417E1,-8.820407867E0,8.598120117E-1,-4.740641785E-1
3.827350417E1,-9.159452820E0,7.132667542E-1,-2.064207458E-1
3.828354417E1,-9.632169800E0,5.331912231E-1,-2.131567383E-1
3.829358417E1,-1.015039215E1,3.245251465E-1,-4.129911804E-1
3.830362417E1,-1.032163605E1,2.353106689E-1,-7.497908020E-1
3.831366417E1,-9.877210236E0,1.953437805E-1,-1.048868866E0
3.832370417E1,-9.023984528E0,9.160949707E-2,-1.135987701E0
3.833374417E1,-8.386011200E0,4.775070190E-2,-1.131946106E0
3.834378517E1,-8.255931702E0,3.552113342E-1,-1.151106262E0
3.835382517E1,-8.861871643E0,1.112785950E0,-8.023315430E-1
3.836386517E1,-9.688003693E0,1.861379242E0,-2.836601257E-1
3.837390517E1,-1.096454910E1,2.333347778E0,2.377056885E-1
3.838394517E1,-1.210517715E1,2.567610626E0,5.718109131E-1
3.839398517E1,-1.306647812E1,2.398462372E0,5.093907166E-1
3.840402517E1,-1.360595627E1,2.087558899E0,-6.436614990E-3
3.841406517E1,-1.407388321E1,1.684447174E0,-7.813751221E-1
3.842410517E1,-1.447430054E1,1.207987976E0,-1.585951996E0
3.843414517E1,-1.499132538E1,7.948471069E-1,-2.600392456E0
3.844418517E1,-1.516092270E1,7.872129822E-1,-4.056863708E0
3.845422517E1,-1.527827866E1,1.481469269E0,-5.433251495E0
3.846426517E1,-1.490226059E1,2.210004272E0,-6.074368286E0
3.847430517E1,-1.377226044E1,2.509082336E0,-6.249953156E0
3.848434517E1,-1.218062027E1,2.444716187E0,-6.362968140E0
3.849438617E1,-1.059586578E1,1.845961304E0,-6.064788208E0
3.850442617E1,-9.079818420E0,9.821076965E-1,-5.346282349E0
3.851446617E1,-7.864495697E0,2.415975952E-1,-4.450844421E0
3.852450617E1,-6.937772827E0,5.508544922E-2,-3.525468750E0
3.853454617E1,-6.402485962E0,3.053649902E-1,-2.717598724E0
3.854458617E1,-6.422993317E0,5.670208740E-1,-2.165247345E0
3.855462617E1,-6.731501770E0,7.753875732E-1,-1.939666443E0
3.856466617E1,-7.204817505E0,8.898994446E-1,-1.816173248E0
3.857470617E1,-7.826923828E0,8.602610779E-1,-1.861977997E0
3.858474617E1,-8.493637390E0,8.358618164E-1,-2.032922516E0
3.859478617E1,-9.129365387E0,8.419990540E-1,-2.239343262E0
3.860482617E1,-9.603579254E0,8.481362915E-1,-2.567011871E0
3.861486617E1,-9.864786072E0,7.206015015E-1,-2.880759430E0
3.862490617E1,-1.006447083E1,2.333647156E-1,-3.010240173E0
3.863494617E1,-1.040740768E1,9.580078125E-3,-3.131937103E0
3.864498717E1,-1.006596771E1,2.673440552E-1,-3.420237579E0
3.865502717E1,-9.197623444E0,4.581971741E-1,-3.442391510E0
3.866506717E1,-8.214168549E0,4.037104797E-1,-3.071013794E0
3.867510717E1,-7.541317749E0,3.746708679E-1,-2.541415100E0
3.868514717E1,-7.063810730E0,3.745211792E-1,-2.039209442E0
3.869518717E1,-6.670279083E0,3.264710999E-1,-1.618733826E0
3.870522717E1,-6.488257599E0,2.489323425E-1,-1.289718018E0
3.871526717E1,-6.463858337E0,1.851649475E-1,-1.136586456E0
3.872530717E1,-6.471941528E0,9.624984741E-2,-1.106199646E0
3.873534717E1,-6.636150055E0,-1.140628052E-1,-1.107546844E0
3.874538717E1,-6.836283875E0,-3.592529297E-1,-1.103954315E0
3.875542717E1,-7.085665283E0,-6.477030945E-1,-1.100960541E0
3.876546717E1,-7.449708252E0,-9.346563721E-1,-1.219214630E0
3.877550717E1,-7.905660095E0,-1.071022797E0,-1.389859772E0
3.878554717E1,-8.382418671E0,-1.081650696E0,-1.537752228E0
3.879558817E1,-8.801547089E0,-1.011296997E0,-1.659748535E0
3.880562817E1,-9.085356903E0,-8.394543457E-1,-1.717977448E0
3.881566817E1,-9.201215973E0,-6.538403320E-1,-1.575024719E0
3.882570817E1,-9.111402740E0,-4.932243347E-1,-1.323098602E0
3.883574817E1,-8.968899078E0,-3.553610229E-1,-1.087338867E0
3.884578817E1,-8.786129150E0,-2.372566223E-1,-8.122109985E-1
3.885582817E1,-8.621022491E0,-1.360670471E-1,-5.138813782E-1
3.886586817E1,-8.600964203E0,6.750961304E-2,-3.826043701E-1
3.887590817E1,-8.714877319E0,2.992277527E-1,-3.092568970E-1
3.888594817E1,-8.941206665E0,4.860392761E-1,-2.463876343E-1
3.889598817E1,-9.159452820E0,5.984555054E-1,-2.618055725E-1
3.890602817E1,-9.258247375E0,7.027885437E-1,-4.146377563E-1
3.891606842E1,-9.323511658E0,6.765930176E-1,-7.098239136E-1
3.892610842E1,-9.506281586E0,4.296066284E-1,-1.012644196E0
3.893614942E1,-9.933343506E0,-1.362167358E-2,-1.209484863E0
3.894618942E1,-1.063508423E1,-5.004093933E-1,-1.048719177E0
3.895622942E1,-1.130060028E1,-9.782157898E-1,-5.737568665E-1
3.896626942E1,-1.182166672E1,-1.185834045E0,-5.942642212E-2
3.897630942E1,-1.243763580E1,-9.074130249E-1,1.495390320E-1
3.898634942E1,-1.307261536E1,-2.770738220E-1,-3.323089600E-2
3.899638942E1,-1.379067215E1,5.086422729E-1,-5.849835205E-1
3.900642942E1,-1.430126038E1,1.204545135E0,-1.366208954E0
3.901646942E1,-1.428569275E1,1.625469818E0,-2.148482208E0
3.902650942E1,-1.366568207E1,1.396296387E0,-2.831811218E0
3.903654942E1,-1.328188019E1,4.361929321E-1,-3.654799805E0
3.904658942E1,-1.359637619E1,-1.043031006E0,-4.561314697E0
3.905662942E1,-1.423854080E1,-2.442620544E0,-5.261259155E0
3.906666942E1,-1.425560532E1,-2.856360168E0,-5.831423492E0
3.907670942E1,-1.302202057E1,-1.833986206E0,-6.216572571E0
3.908675042E1,-1.112681168E1,-2.378553772E-1,-6.295608215E0
3.909679042E1,-9.238488464E0,8.684939575E-1,-5.553002472E0
3.910683042E1,-7.493866425E0,1.414708099E0,-4.155807953E0
3.911687042E1,-6.390211487E0,1.536255341E0,-2.821033630E0
3.912691042E1,-6.441554718E0,1.098565521E0,-1.919458466E0
3.913695042E1,-7.384294281E0,4.331991577E-1,-1.530866547E0
3.914699042E1,-8.493338013E0,-1.550775146E-1,-1.391506348E0
3.915703042E1,-9.735305328E0,-5.137316895E-1,-1.432521057E0
3.916707042E1,-1.067684738E1,-5.035528564E-1,-1.931732941E0
3.917711042E1,-1.109702362E1,-2.815644836E-1,-2.749781799E0
3.918715042E1,-1.127335693E1,-3.236270142E-1,-3.454815674E0
3.919719042E1,-1.163844772E1,-6.804849243E-1,-4.015998688E0
3.920723042E1,-1.171823181E1,-1.081051941E0,-4.352798309E0
3.921727042E1,-1.123024658E1,-1.351090393E0,-4.321513367E0
3.922731042E1,-1.036145325E1,-1.241817627E0,-4.088597717E0
3.923735142E1,-9.231153717E0,-9.906399536E-1,-3.431464233E0
3.924739142E1,-8.070018311E0,-6.472540283E-1,-2.661166077E0
3.925743142E1,-7.109914856E0,-2.109114075E-1,-2.154320068E0
3.926747142E1,-6.276597748E0,2.857557678E-1,-1.755399628E0
3.927751142E1,-5.702990570E0,8.078700256E-1,-1.499282227E0
3.928755142E1,-5.453160095E0,1.283431091E0,-1.337618408E0
3.929759142E1,-5.629194031E0,1.761536865E0,-1.200952606E0
3.930763142E1,-5.842201080E0,2.179318085E0,-1.192270660E0
3.931767142E1,-5.953569489E0,2.431244202E0,-1.270258484E0
3.932771142E1,-6.059399414E0,2.386187897E0,-1.382225647E0
3.933775142E1,-6.273753662E0,2.045346680E0,-1.534459076E0
3.934779142E1,-6.633455658E0,1.656006317E0,-1.672771454E0
3.935783142E1,-7.098837891E0,1.329834595E0,-1.711091766E0
3.936787142E1,-7.608977051E0,1.022074585E0,-1.736987915E0
3.937791242E1,-8.073161774E0,8.773255920E-1,-1.738784180E0
3.938795242E1,-8.455466766E0,8.836125183E-1,-1.654958496E0
3.939799242E1,-8.676257629E0,9.809101868E-1,-1.454076233E0
3.940803242E1,-8.794960785E0,1.200204163E0,-1.288221130E0
3.941807242E1,-8.905281372E0,1.390907593E0,-1.132544861E0
3.942811242E1,-9.030570831E0,1.467248840E0,-9.433383179E-1
3.943815242E1,-9.289682007E0,1.392105103E0,-7.378157043E-1
3.944819242E1,-9.669891357E0,1.146765289E0,-5.780978394E-1
3.945823242E1,-9.992171173E0,8.098159790E-1,-5.575904846E-1
3.946827242E1,-1.015054184E1,5.063969421E-1,-6.077362061E-1
3.947831242E1,-9.790839844E0,3.336561584E-1,-6.679110718E-1
3.948835242E1,-9.152267761E0,2.195933533E-1,-6.959028625E-1
3.949839242E1,-8.620573425E0,1.953437805E-1,-6.776408386E-1
3.950843242E1,-8.497978363E0,4.372407532E-1,-8.533753967E-1
3.951847242E1,-8.918304291E0,9.313632202E-1,-1.137783966E0
3.952851342E1,-9.610614624E0,1.520987091E0,-1.090182953E0
3.953855342E1,-1.055634796E1,2.160307617E0,-9.277706909E-1
3.954859342E1,-1.150477570E1,2.602637787E0,-5.977070618E-1
3.955863342E1,-1.236279144E1,2.816692657E0,-4.122427368E-1
3.956867342E1,-1.280422348E1,2.739453278E0,-6.454577637E-1
3.957871342E1,-1.300899765E1,2.277064819E0,-9.357041931E-1
3.958875342E1,-1.324026672E1,1.748364258E0,-1.224902802E0
3.959879342E1,-1.328412552E1,1.310375061E0,-1.495240631E0
3.960883342E1,-1.341046280E1,8.643026733E-1,-1.851200409E0
3.961887342E1,-1.354533234E1,8.707392883E-1,-2.678230591E0
3.962891342E1,-1.346225510E1,1.807042236E0,-3.893703003E0
3.963895342E1,-1.334295319E1,2.849474487E0,-4.981341248E0
3.964899342E1,-1.260873001E1,2.915936279E0,-5.789660339E0
3.965903342E1,-1.173439819E1,2.283651123E0,-6.458918610E0
3.966907442E1,-1.074600357E1,1.520538025E0,-6.510710907E0
3.967911442E1,-9.774823151E0,7.544311523E-1,-5.778283997E0
3.968915442E1,-8.871002655E0,1.502874756E-1,-4.645589447E0
3.969919442E1,-8.196954346E0,-5.628295898E-2,-3.701352997E0
3.970923442E1,-7.795938263E0,3.068618774E-2,-3.077151031E0
3.971927442E1,-7.745493164E0,1.347198486E-1,-2.681972809E0
3.972931442E1,-7.883955231E0,2.161505127E-1,-2.403701477E0
3.973935442E1,-8.118367767E0,3.362008667E-1,-2.244732056E0
3.974939442E1,-8.310568085E0,4.117936707E-1,-2.336790619E0
3.975943442E1,-8.543184357E0,4.278103638E-1,-2.530188446E0
3.976947442E1,-8.885672150E0,4.516108704E-1,-2.641407166E0
3.977951442E1,-9.259893951E0,4.586462402E-1,-2.766996002E0
3.978955442E1,-9.531878357E0,4.695735168E-1,-2.918031921E0
3.979959442E1,-9.775272217E0,4.108955383E-1,-2.964734802E0
3.980963542E1,-9.830956421E0,3.686833191E-1,-2.981949005E0
3.981967542E1,-9.470655670E0,3.659889221E-1,-3.036435699E0
3.982971542E1,-8.891510010E0,2.984793091E-1,-2.985691223E0
3.983975542E1,-8.298592987E0,1.905537415E-1,-2.790946198E0
3.984979542E1,-7.781268768E0,1.249900818E-1,-2.447560272E0
3.985983542E1,-7.291786652E0,9.999206543E-2,-2.030826874E0
3.986987542E1,-6.964267731E0,-1.137634277E-2,-1.579216003E0
3.987991542E1,-6.969057770E0,-1.437011719E-1,-1.254541168E0
3.988995542E1,-7.082671509E0,-2.387535095E-1,-1.156045990E0
3.989999542E1,-7.292984161E0,-3.580554199E-1,-1.125359802E0
3.991003483E1,-7.493567047E0,-3.561094666E-1,-1.242715759E0
3.992007483E1,-7.644153900E0,-2.667453003E-1,-1.367406464E0
3.993011483E1,-7.763755188E0,-2.002835083E-1,-1.417851562E0
3.994015483E1,-7.842192078E0,-1.868115234E-1,-1.491498413E0
3.995019483E1,-7.977061615E0,-2.396516418E-1,-1.485660553E0
3.996023583E1,-8.192912750E0,-3.739224243E-1,-1.441951447E0
3.997027583E1,-8.395890656E0,-4.564009094E-1,-1.363664246E0
3.998031583E1,-8.578660583E0,-5.053491211E-1,-1.282532959E0
3.999035583E1,-8.692424011E0,-4.074526978E-1,-1.152902527E0
4.000039583E1,-8.703950043E0,-3.013233948E-1,-1.061293030E0
4.001043583E1,-8.693771210E0,-3.092568970E-1,-9.837542725E-1
4.002047583E1,-8.668773193E0,-3.026705933E-1,-9.415420532E-1
4.003051583E1,-8.638236694E0,-2.386038208E-1,-7.884104919E-1
4.004055583E1,-8.696315918E0,-2.264790344E-1,-5.240602112E-1
4.005059583E1,-8.790619812E0,-2.282752991E-1,-3.192860413E-1
4.006063583E1,-8.847501526E0,-1.556762695E-1,-2.098635864E-1
4.007067583E1,-8.964558105E0,-9.879455566E-3,-2.320175171E-1
4.008071583E1,-9.201215973E0,1.335223389E-1,-3.538641357E-1
4.009075583E1,-9.460327148E0,3.122506714E-1,-6.122268677E-1
4.010079683E1,-9.639953613E0,4.354444885E-1,-9.934840393E-1
4.011083683E1,-9.862989807E0,4.978646851E-1,-1.415755920E0
4.012087683E1,-1.011506561E1,3.606001282E-1,-1.556613007E0
4.013091683E1,-1.041623932E1,-2.095642090E-2,-1.220711517E0
4.014095683E1,-1.079330521E1,-6.030958557E-1,-6.876699829E-1
4.015099683E1,-1.137379807E1,-1.115929413E0,-1.847158813E-1
4.016103683E1,-1.212927704E1,-1.190923462E0,1.359173584E-1
4.017107683E1,-1.293175827E1,-8.000862122E-1,1.655557251E-1
4.018111683E1,-1.362406860E1,-2.436932373E-1,-1.097218323E-1
4.019115683E1,-1.409828247E1,3.366499329E-1,-5.059478760E-1
4.020119683E1,-1.419228699E1,7.764353943E-1,-9.660910034E-1
4.021123683E1,-1.368274658E1,8.030799866E-1,-1.192120972E0
4.022127683E1,-1.300525543E1,3.736230469E-1,-1.334025879E0
4.023131683E1,-1.257340347E1,-3.390449524E-1,-1.676214294E0
4.024135783E1,-1.241114090E1,-1.298998718E0,-2.343825989E0
4.025139783E1,-1.239287888E1,-2.122885437E0,-3.419189758E0
4.026143783E1,-1.232013016E1,-2.506687317E0,-4.695286102E0
4.027147783E1,-1.197060699E1,-1.933229828E0,-5.868546295E0
4.028151783E1,-1.106319397E1,-5.307962036E-1,-6.359824677E0
4.029155783E1,-9.661658478E0,8.463400269E-1,-5.821244659E0
4.030159783E1,-8.075407104E0,1.750609589E0,-4.620142365E0
4.031163783E1,-6.808741150E0,1.983375549E0,-3.444786530E0
4.032167783E1,-6.493945770E0,1.613644409E0,-2.556683350E0
4.033171783E1,-7.100783844E0,9.876461792E-1,-2.056573334E0
4.034175783E1,-8.229436798E0,5.713618469E-1,-1.843566284E0
4.035179783E1,-9.502389679E0,3.332070923E-1,-2.006726990E0
4.036183783E1,-1.070364166E1,1.131646729E-1,-2.377955017E0
4.037187783E1,-1.162692169E1,-1.580712891E-1,-2.683469696E0
4.038191883E1,-1.218556000E1,-4.034111023E-1,-3.057392120E0
4.039195883E1,-1.223450821E1,-5.357359314E-1,-3.566782837E0
4.040199883E1,-1.183244431E1,-7.493417358E-1,-3.841910706E0
4.041203883E1,-1.129087051E1,-1.063688049E0,-3.818708954E0
4.042207883E1,-1.070962921E1,-1.194515991E0,-3.498225403E0
4.043211883E1,-9.827214203E0,-1.061442719E0,-3.068469086E0
4.044215883E1,-8.698261871E0,-6.033952332E-1,-2.741249542E0
4.045219883E1,-7.776029663E0,-5.553451538E-2,-2.471061401E0
4.046223883E1,-7.087910614E0,3.603007507E-1,-2.167642365E0
4.047227883E1,-6.524332581E0,5.688171387E-1,-1.850451965E0
4.048231883E1,-6.101312256E0,8.087681580E-1,-1.688788147E0
4.049235883E1,-5.792654114E0,1.149010620E0,-1.565294952E0
4.050239883E1,-5.723647614E0,1.544488220E0,-1.326691132E0
4.051243883E1,-5.636528778E0,1.819616089E0,-1.037193146E0
4.052247983E1,-5.536237335E0,1.888472900E0,-8.704399109E-1
4.053251983E1,-5.554050293E0,2.019749908E0,-8.213420105E-1
4.054255983E1,-5.691614227E0,2.176473999E0,-8.617579651E-1
4.055259983E1,-6.097270660E0,2.161654816E0,-9.144483948E-1
4.056263983E1,-6.833140411E0,2.032323761E0,-1.027014313E0
4.057267983E1,-7.723039856E0,1.901495819E0,-1.173858948E0
4.058271983E1,-8.401728516E0,1.728156281E0,-1.332229614E0
4.059275983E1,-8.906927948E0,1.513652344E0,-1.271306305E0
4.060279983E1,-9.173673248E0,1.304836578E0,-1.016685791E0
4.061283983E1,-9.175319824E0,1.017583923E0,-6.637197876E-1
4.062287983E1,-9.153465271E0,6.038442993E-1,-3.236270142E-1
4.063291983E1,-9.225764923E0,2.405497742E-1,-2.745291138E-1
4.064295983E1,-9.497749329E0,2.993774414E-3,-2.724334717E-1
4.065300083E1,-1.000279907E1,-1.323248291E-1,-1.326242065E-1
4.066304083E1,-1.043869263E1,-2.835104370E-1,7.933502197E-3
4.067308083E1,-1.049512527E1,-4.602928162E-1,1.766326904E-2
4.068312083E1,-1.022194336E1,-6.012995911E-1,-2.189945984E-1
4.069316083E1,-9.822873230E0,-5.611830139E-1,-6.870712280E-1
4.070320083E1,-9.592202911E0,-3.010240173E-1,-1.253493347E0
4.071324083E1,-9.526938629E0,2.444416809E-1,-1.634600830E0
4.072328083E1,-9.572144623E0,9.996212769E-1,-1.778451691E0
4.073332083E1,-9.990823975E0,1.764680328E0,-1.387913818E0
4.074336083E1,-1.059706329E1,2.372715912E0,-4.899311829E-1
4.075340083E1,-1.125135269E1,2.884950714E0,2.088157654E-1
4.076344083E1,-1.182226547E1,3.284769287E0,4.080514526E-1
4.077348083E1,-1.230321533E1,3.202889557E0,1.386117554E-1
4.078352083E1,-1.254496262E1,2.616409149E0,-1.613644409E-1
4.079356183E1,-1.281425262E1,1.968406677E0,-6.792874146E-1
4.080360183E1,-1.310120590E1,1.330732727E0,-1.436412964E0
4.081364183E1,-1.331166824E1,8.238867188E-1,-2.315834198E0
4.082368183E1,-1.346779358E1,7.842192078E-1,-3.435954895E0
4.083372183E1,-1.342348572E1,1.745220795E0,-4.713099060E0
4.084376183E1,-1.300450699E1,2.491119690E0,-5.552403717E0
4.085380183E1,-1.213855774E1,2.368973694E0,-6.024372253E0
4.086384183E1,-1.109417953E1,1.724863129E0,-6.228248291E0
4.087388183E1,-1.005489075E1,9.822573853E-1,-5.792205048E0
4.088392183E1,-9.048832855E0,3.068618774E-1,-4.809648285E0
4.089396183E1,-8.043673096E0,-7.738906860E-2,-3.820505219E0
4.090400183E1,-7.315287781E0,-2.005828857E-2,-3.166664886E0
4.091404254E1,-7.255262604E0,2.911445618E-1,-2.788102112E0
4.092408354E1,-7.767198029E0,5.002597046E-1,-2.469863892E0
4.093412354E1,-8.679101715E0,5.769003296E-1,-2.294129333E0
4.094416354E1,-9.600136414E0,6.216572571E-1,-2.515219574E0
4.095420354E1,-1.040097107E1,7.057823181E-1,-2.933000793E0
4.096424354E1,-1.104433319E1,7.762857056E-1,-3.253484344E0
4.097428354E1,-1.131916168E1,8.232879639E-1,-3.511547699E0
4.098432354E1,-1.125180176E1,9.166937256E-1,-3.673361206E0
4.099436354E1,-1.086365891E1,1.075064392E0,-3.683540039E0
4.100440354E1,-1.031100815E1,1.063688049E0,-3.569926300E0
4.101444354E1,-9.621242523E0,8.964857483E-1,-3.412902832E0
4.102448354E1,-8.863817596E0,7.857160950E-1,-3.282523956E0
4.103452354E1,-8.128696289E0,7.114704895E-1,-2.992726593E0
4.104456354E1,-7.481591949E0,7.134164429E-1,-2.532882843E0
4.105460354E1,-6.918013916E0,7.532336426E-1,-2.015408936E0
4.106464454E1,-6.438710632E0,7.801776123E-1,-1.545985107E0
4.107468454E1,-6.032754822E0,7.370672607E-1,-1.170116730E0
4.108472454E1,-5.829627228E0,5.108876038E-1,-9.150471497E-1
4.109476454E1,-5.904920654E0,2.679428101E-1,-8.262817383E-1
4.110480454E1,-6.252497864E0,2.933898926E-2,-9.342073059E-1
4.111484454E1,-6.733148346E0,-2.291734314E-1,-1.164877625E0
4.112488454E1,-7.109615479E0,-5.294490051E-1,-1.413061523E0
4.113492454E1,-7.450756073E0,-8.575666809E-1,-1.617835693E0
4.114496454E1,-7.716303864E0,-1.105151825E0,-1.788630524E0
4.115500454E1,-7.878566437E0,-1.178798676E0,-1.836830292E0
4.116504454E1,-8.077053680E0,-1.069675598E0,-1.776056671E0
4.117508454E1,-8.350984039E0,-8.482859802E-1,-1.637145538E0
4.118512454E1,-8.647517395E0,-5.981561279E-1,-1.468446350E0
4.119516554E1,-8.862620087E0,-3.957769775E-1,-1.209484863E0
4.120520554E1,-9.026678925E0,-2.350112915E-1,-8.864566040E-1
4.121524554E1,-9.145681458E0,-1.471440125E-1,-6.737489319E-1
4.122528554E1,-9.114246826E0,-6.227050781E-2,-5.754034424E-1
4.123532554E1,-9.079219666E0,3.936813354E-2,-5.496569824E-1
4.124536554E1,-9.095984802E0,1.565744019E-1,-5.754034424E-1
4.125540554E1,-9.164093170E0,1.862127686E-1,-5.980064392E-1
4.126544554E1,-9.291927338E0,2.085163879E-1,-4.773573303E-1
4.127548554E1,-9.454189911E0,2.544708252E-1,-3.421884155E-1
4.128552554E1,-9.585167542E0,3.766168213E-1,-3.372486877E-1
4.129556554E1,-9.625134430E0,5.617817688E-1,-4.872367859E-1
4.130560554E1,-9.600884857E0,6.283932495E-1,-7.625143433E-1
4.131564554E1,-9.695338440E0,5.128335571E-1,-1.091081085E0
4.132568554E1,-9.987231445E0,2.885998535E-1,-1.253343658E0
4.133572654E1,-1.031759445E1,-6.346801758E-2,-1.153950348E0
4.134576654E1,-1.069166656E1,-4.508624268E-1,-6.707551575E-1
4.135580654E1,-1.119447098E1,-6.388714600E-1,-9.729766846E-2
4.136584654E1,-1.175894714E1,-5.875282288E-1,3.059637451E-1
4.137588654E1,-1.237027588E1,-3.291654968E-1,4.221221924E-1
4.138592654E1,-1.303579193E1,7.185058594E-2,1.442999268E-1
4.139596654E1,-1.351270020E1,4.314028931E-1,-5.294490051E-1
4.140600654E1,-1.370205643E1,5.655239868E-1,-1.369801483E0
4.141604654E1,-1.357197693E1,3.709286499E-1,-2.310894470E0
4.142608654E1,-1.328277832E1,-2.748284912E-1,-3.501967621E0
4.143612654E1,-1.334310287E1,-1.250200195E0,-4.899461517E0
4.144616654E1,-1.374486740E1,-2.137854309E0,-6.010301514E0
4.145620654E1,-1.398886002E1,-2.257754974E0,-6.720574493E0
4.146624754E1,-1.338890762E1,-1.101259918E0,-7.078629913E0
4.147628754E1,-1.160072617E1,5.972579956E-1,-6.624324646E0
4.148632754E1,-9.344168701E0,1.524729309E0,-5.210514679E0
4.149636754E1,-7.326664124E0,1.689237213E0,-3.523373108E0
4.150640754E1,-6.376739502E0,1.523232422E0,-2.425705719E0
4.151644754E1,-6.705455933E0,1.299148407E0,-2.171384583E0
4.152648754E1,-7.527995453E0,1.036444702E0,-2.332299957E0
4.153652754E1,-8.606652374E0,6.198609924E-1,-2.476450195E0
4.154656754E1,-9.814939728E0,2.386038208E-1,-2.518812103E0
4.155660754E1,-1.066172882E1,4.026626587E-2,-2.491568756E0
4.156664754E1,-1.105436234E1,-1.541793823E-1,-2.681972809E0
4.157668754E1,-1.127260849E1,-3.606001282E-1,-3.073109436E0
4.158672754E1,-1.142334503E1,-6.906637573E-1,-3.443439331E0
4.159676854E1,-1.138412659E1,-1.189576263E0,-3.650608521E0
4.160680854E1,-1.071262299E1,-1.615440674E0,-3.559298401E0
4.161684854E1,-9.750423889E0,-1.856289825E0,-3.271297302E0
4.162688854E1,-8.783434753E0,-1.770218811E0,-2.898871765E0
4.163692854E1,-7.943531342E0,-1.506766663E0,-2.520758057E0
4.164696854E1,-7.090155945E0,-1.136586456E0,-2.174228668E0
4.165700854E1,-6.533014526E0,-6.718029785E-1,-1.782193909E0
4.166704854E1,-6.237079926E0,-1.856140137E-2,-1.500180359E0
4.167708854E1,-6.106102295E0,9.436376953E-1,-1.301094360E0
4.168712854E1,-6.198310547E0,1.875749359E0,-9.096583557E-1
4.169716854E1,-6.175408173E0,2.325863342E0,-6.496490479E-1
4.170720854E1,-6.249504089E0,2.424657898E0,-8.385562134E-1
4.171724854E1,-6.213129730E0,2.323168945E0,-1.309327240E0
4.172728854E1,-6.147117004E0,2.138602753E0,-1.758842468E0
4.173732954E1,-6.426735535E0,1.961970062E0,-2.088756409E0
4.174736954E1,-6.957531738E0,1.791923676E0,-2.231858826E0
4.175740954E1,-7.664062500E0,1.522184601E0,-2.193987579E0
4.176744954E1,-8.306526489E0,1.228195953E0,-2.025138702E0
4.177748954E1,-8.666976929E0,1.048120422E0,-1.768572235E0
4.178752954E1,-8.856931915E0,1.039887543E0,-1.480720825E0
4.179756954E1,-8.924142151E0,1.152453461E0,-1.233734436E0
4.180760954E1,-8.875193939E0,1.264720001E0,-9.964778137E-1
4.181764954E1,-8.874894562E0,1.272204437E0,-6.508465576E-1
4.182768954E1,-9.029073944E0,9.740245056E-1,-2.636018372E-1
4.183772954E1,-9.262887726E0,6.023474121E-1,-5.777984619E-2
4.184776954E1,-9.560319214E0,3.623963928E-1,-3.053649902E-2
4.185780954E1,-1.015473312E1,1.555265808E-1,-4.191284180E-3
4.186785054E1,-1.071995773E1,1.083746338E-1,2.350112915E-2
4.187789054E1,-1.067954178E1,1.672023010E-1,-2.305206299E-2
4.188793054E1,-1.015847534E1,1.221459961E-1,-1.552272034E-1
4.189797054E1,-9.513017578E0,7.828720093E-2,-2.975811768E-1
4.190801054E1,-9.251511383E0,1.778302002E-1,-5.046006775E-1
4.191804992E1,-9.496402130E0,6.176156616E-1,-8.954379272E-1
4.192808992E1,-1.016236725E1,1.348545685E0,-1.090781708E0
4.193812992E1,-1.086216202E1,2.079026642E0,-7.800279236E-1
4.194816992E1,-1.164069305E1,2.607876892E0,-2.781216431E-1
4.195820992E1,-1.247041763E1,2.790946198E0,3.427871704E-2
4.196824992E1,-1.294508057E1,2.686313782E0,-1.672023010E-1
4.197828992E1,-1.332618805E1,2.219135284E0,-8.261320496E-1
4.198832992E1,-1.341689941E1,1.476080475E0,-1.663041687E0
4.199837092E1,-1.360954880E1,8.331674194E-1,-2.744692383E0
4.200841092E1,-1.420845337E1,1.077309723E0,-4.308490448E0
4.201845092E1,-1.437520660E1,2.067500610E0,-5.723048859E0
4.202849092E1,-1.385428986E1,2.497406616E0,-6.569089508E0
4.203853092E1,-1.259675491E1,2.021546173E0,-6.915169830E0
4.204857092E1,-1.108115662E1,1.397942963E0,-6.694678345E0
4.205861092E1,-9.539063416E0,7.676037598E-1,-5.843099213E0
4.206865092E1,-8.152197418E0,4.216731262E-1,-4.686454468E0
4.207869092E1,-7.225175171E0,4.643344116E-1,-3.627257080E0
4.208873092E1,-6.892866211E0,8.068222046E-1,-2.857407990E0
4.209877092E1,-7.288343811E0,1.024619293E0,-2.554887085E0
4.210881092E1,-8.177794189E0,1.012943573E0,-2.464774475E0
4.211885192E1,-9.184750214E0,8.982820129E-1,-2.423759766E0
4.212889192E1,-1.002375549E1,8.535250854E-1,-2.546205139E0
4.213893192E1,-1.034513718E1,9.195378113E-1,-2.871179352E0
4.214897192E1,-1.022299118E1,9.310638428E-1,-3.176244965E0
4.215901192E1,-9.837991791E0,8.831634521E-1,-3.350482635E0
4.216905192E1,-9.721683655E0,7.788304138E-1,-3.312761078E0
4.217909192E1,-9.815987549E0,7.921527100E-1,-3.169059906E0
4.218913192E1,-9.264234924E0,1.040635986E0,-3.121608582E0
4.219917192E1,-8.534203033E0,1.048120422E0,-3.014880524E0
4.220921192E1,-8.048163757E0,8.737330627E-1,-2.678380280E0
4.221925192E1,-7.517068176E0,7.738906860E-1,-2.328258362E0
4.222929192E1,-7.083120575E0,7.752378845E-1,-1.904339905E0
4.223933192E1,-6.667135620E0,7.414082336E-1,-1.349743195E0
4.224937292E1,-6.294261017E0,6.445596313E-1,-8.087681580E-1
4.225941292E1,-6.099216614E0,4.688250732E-1,-3.649411011E-1
4.226945292E1,-6.207142181E0,2.953358459E-1,-1.752854919E-1
4.227949292E1,-6.488407288E0,1.868115234E-1,-3.227288818E-1
4.228953292E1,-6.853498077E0,8.038284302E-2,-7.137158203E-1
4.229957292E1,-7.230264587E0,-8.113128662E-2,-1.161584473E0
4.230961292E1,-7.604336700E0,-2.462379456E-1,-1.511257324E0
4.231965292E1,-7.927664337E0,-4.388873291E-1,-1.704355774E0
4.232969292E1,-8.279432831E0,-6.152206421E-1,-1.655557251E0
4.233973292E1,-8.634344788E0,-7.578739929E-1,-1.493594055E0
4.234977292E1,-8.986412659E0,-8.303233337E-1,-1.288969574E0
4.235981292E1,-9.350755005E0,-8.722361755E-1,-1.111139374E0
4.236985292E1,-9.520202637E0,-8.116122437E-1,-9.352551270E-1
4.237989392E1,-9.391320648E0,-6.168672180E-1,-7.571255493E-1
4.238993392E1,-9.086255035E0,-4.613406372E-1,-6.363267517E-1
4.239997392E1,-8.826694794E0,-3.258723450E-1,-5.284011841E-1
4.241001392E1,-8.692274323E0,-8.307723999E-2,-5.105882263E-1
4.242005392E1,-8.694519653E0,2.073188782E-1,-4.251159668E-1
4.243009392E1,-8.884923706E0,5.321434021E-1,-2.880010986E-1
4.244013392E1,-9.167086945E0,8.225395203E-1,-2.338137817E-1
4.245017392E1,-9.454189911E0,9.566606140E-1,-3.194357300E-1
4.246021392E1,-9.616751862E0,9.803114319E-1,-5.153782654E-1
4.247025392E1,-9.620045013E0,8.476872253E-1,-7.581733704E-1
4.248029392E1,-9.587861938E0,4.526586914E-1,-1.002914429E0
4.249033392E1,-9.763746185E0,-9.280700684E-2,-1.213825836E0
4.250037392E1,-1.039677979E1,-6.376739502E-1,-1.127006378E0
4.251041492E1,-1.138427628E1,-1.120869141E0,-6.029461670E-1
4.252045492E1,-1.236967712E1,-1.592987366E0,-5.164260864E-2
4.253049492E1,-1.330268692E1,-1.651066589E0,3.103047180E-1
4.254053492E1,-1.398975815E1,-1.234333191E0,2.204914856E-1
4.255057492E1,-1.443388458E1,-4.388873291E-1,-4.779560852E-1
4.256061492E1,-1.462937805E1,3.740721130E-1,-1.394200745E0
4.257065492E1,-1.417207901E1,9.892927551E-1,-2.118843842E0
4.258069492E1,-1.295555878E1,1.086141357E0,-2.618654480E0
4.259073492E1,-1.182451080E1,5.944139099E-1,-3.147804108E0
4.260077492E1,-1.149309998E1,-2.415975952E-1,-4.025578766E0
4.261081492E1,-1.182211578E1,-1.122216339E0,-5.107229462E0
4.262085492E1,-1.206012085E1,-1.489253082E0,-6.010151825E0
4.263089492E1,-1.159144547E1,-7.081773376E-1,-6.452631683E0
4.264093592E1,-1.031400192E1,7.708969116E-1,-6.119574280E0
4.265097592E1,-8.754694519E0,1.741029510E0,-5.074148254E0
4.266101592E1,-7.540868683E0,1.905537415E0,-3.848946075E0
4.267105592E1,-7.198530579E0,1.616039429E0,-3.023562469E0
4.268109592E1,-7.728728027E0,1.272354126E0,-2.814746704E0
4.269113592E1,-8.681496735E0,9.794132996E-1,-2.796334991E0
4.270117592E1,-9.773026886E0,4.643344116E-1,-2.785707092E0
4.271121592E1,-1.073387878E1,-8.427474976E-2,-2.767594757E0
4.272125592E1,-1.141571091E1,-5.225633240E-1,-2.752176819E0
4.273129592E1,-1.166015259E1,-8.960366821E-1,-2.780467987E0
4.274133592E1,-1.159653488E1,-1.131047974E0,-2.859653320E0
4.275137592E1,-1.146675476E1,-1.227896576E0,-3.026256866E0
4.276141692E1,-1.095257401E1,-1.255139923E0,-3.181334381E0
4.277145692E1,-1.027223877E1,-1.114881592E0,-3.310665436E0
4.278149692E1,-9.629475403E0,-8.294252014E-1,-3.412304077E0
4.279153692E1,-8.855734406E0,-6.004014587E-1,-3.170407104E0
4.280157692E1,-8.169261932E0,-3.962260437E-1,-2.758763123E0
4.281161692E1,-7.468419342E0,-1.342707825E-1,-2.290836182E0
4.282165692E1,-6.792275391E0,1.797761536E-1,-1.786834259E0
4.283169692E1,-6.333030396E0,6.140231323E-1,-1.428629150E0
4.284173692E1,-6.237229614E0,1.139879608E0,-1.211730194E0
4.285177692E1,-6.179749146E0,1.628912659E0,-1.028511200E0
4.286181692E1,-6.227499847E0,1.972897339E0,-9.452842712E-1
4.287185692E1,-6.275250549E0,2.103725281E0,-1.133592682E0
4.288189692E1,-6.348448334E0,1.941612396E0,-1.386267242E0
4.289193792E1,-6.447542267E0,1.712289276E0,-1.601819000E0
4.290197792E1,-6.717281342E0,1.373094635E0,-1.755399628E0
4.291201779E1,-7.186555481E0,1.042881317E0,-1.861528931E0
4.292205779E1,-7.696844330E0,8.225395203E-1,-1.823807373E0
4.293209779E1,-8.200247498E0,7.429051208E-1,-1.710942078E0
4.294213779E1,-8.593629456E0,8.324189758E-1,-1.593735809E0
4.295217779E1,-8.799900513E0,9.858499146E-1,-1.537003784E0
4.296221779E1,-8.763825531E0,1.161285095E0,-1.553469543E0
4.297225779E1,-8.725505219E0,1.242416382E0,-1.496438141E0
4.298229779E1,-8.838819580E0,1.189426575E0,-1.207688599E0
4.299233779E1,-8.940907288E0,1.048270111E0,-8.845106506E-1
4.300237779E1,-9.018595734E0,8.903485107E-1,-6.216572571E-1
4.301241779E1,-9.225465546E0,7.762857056E-1,-2.862048340E-1
4.302245879E1,-9.465117188E0,7.168592834E-1,3.906875610E-2
4.303249879E1,-9.581425323E0,6.686595154E-1,2.049238586E-1
4.304253879E1,-9.647587738E0,6.577322388E-1,1.914518738E-1
4.305257879E1,-9.584419098E0,6.966513062E-1,1.182540894E-2
4.306261879E1,-9.413773956E0,7.036866760E-1,-2.836601257E-1
4.307265879E1,-9.282347260E0,6.002517700E-1,-7.740403748E-1
4.308269879E1,-9.346264343E0,5.337899780E-1,-1.475930786E0
4.309273879E1,-9.758207703E0,7.060816956E-1,-1.952389984E0
4.310277879E1,-1.011506561E1,9.375004578E-1,-1.909129944E0
4.311281879E1,-1.060873901E1,1.121318207E0,-1.379381561E0
4.312285879E1,-1.099837875E1,1.374292145E0,-7.447013855E-1
4.313289879E1,-1.138412659E1,1.619033203E0,-2.853067017E-1
4.314293979E1,-1.179816559E1,1.588047638E0,1.040336609E-1
4.315297979E1,-1.237491623E1,1.469943237E0,1.826202393E-1
4.316301979E1,-1.311991699E1,1.256487122E0,-1.978884888E-1
4.317305979E1,-1.350177292E1,1.192570038E0,-1.072070618E0
4.318309979E1,-1.385264328E1,1.563049622E0,-2.567311249E0
4.319313979E1,-1.412447800E1,2.314786377E0,-4.151616669E0
4.320317979E1,-1.413465683E1,2.990181885E0,-5.127287750E0
4.321321979E1,-1.366882553E1,3.203188934E0,-5.291795654E0
4.322325979E1,-1.262250137E1,3.112327881E0,-5.347030792E0
4.323329979E1,-1.133682495E1,2.722538452E0,-5.453908539E0
4.324333979E1,-1.033765274E1,1.947300568E0,-5.148094482E0
4.325337979E1,-9.308692474E0,9.865983582E-1,-4.477638702E0
4.326341979E1,-8.525670776E0,1.163081360E-1,-3.642225952E0
4.327346079E1,-8.053402863E0,-5.074447632E-2,-3.169359283E0
4.328350079E1,-7.693551178E0,2.691403198E-1,-3.022963715E0
4.329354079E1,-7.574997711E0,4.740641785E-1,-2.849624176E0
4.330358079E1,-7.666008453E0,4.616400146E-1,-2.755170593E0
4.331362079E1,-7.926466827E0,3.911366272E-1,-2.698139191E0
4.332366079E1,-8.318202209E0,4.107458496E-1,-2.728975067E0
4.333370079E1,-8.815019073E0,5.143304443E-1,-2.994822235E0
4.334374079E1,-9.432335358E0,6.177653503E-1,-3.476071472E0
4.335378079E1,-9.958341522E0,6.432124329E-1,-3.901337128E0
4.336382079E1,-1.020203476E1,6.083349609E-1,-4.109105072E0
4.337386079E1,-1.012195129E1,5.875282288E-1,-4.066294098E0
4.338390079E1,-9.719737701E0,6.239025879E-1,-3.755240936E0
4.339394179E1,-9.072633362E0,7.596702576E-1,-3.355572052E0
4.340398179E1,-8.288114777E0,9.818083191E-1,-2.793041840E0
4.341402179E1,-7.535030823E0,1.073268127E0,-2.240391083E0
4.342406179E1,-6.971303101E0,1.087338867E0,-1.866768036E0
4.343410179E1,-6.627019043E0,1.039737854E0,-1.656455383E0
4.344414179E1,-6.488706665E0,8.554710388E-1,-1.464554443E0
4.345418179E1,-6.597380676E0,5.051994324E-1,-1.348096619E0
4.346422179E1,-6.828350372E0,1.299298096E-1,-1.272503815E0
4.347426179E1,-7.135361938E0,-2.228865051E-1,-1.287772064E0
4.348430179E1,-7.339088287E0,-5.074447632E-1,-1.377585297E0
4.349434179E1,-7.539671173E0,-7.259902954E-1,-1.485061798E0
4.350438179E1,-7.825127563E0,-8.434959412E-1,-1.576671295E0
4.351442279E1,-8.217461700E0,-9.336085510E-1,-1.642534332E0
4.352446279E1,-8.588540039E0,-9.232800293E-1,-1.742077332E0
4.353450279E1,-8.875792694E0,-7.551795959E-1,-1.798360291E0
4.354454279E1,-9.144034882E0,-5.490582275E-1,-1.712289276E0
4.355458279E1,-9.319470062E0,-3.706292725E-1,-1.514700165E0
4.356462279E1,-9.385632477E0,-1.549278259E-1,-1.371747437E0
4.357466279E1,-9.293124847E0,-3.173400879E-2,-1.154100037E0
4.358470279E1,-9.173972626E0,-7.185058594E-3,-8.846603394E-1
4.359474279E1,-9.132808228E0,-4.176315308E-2,-6.822811890E-1
4.360478279E1,-9.156009979E0,-1.766326904E-2,-5.804928589E-1
4.361482279E1,-9.257947998E0,4.520599365E-2,-4.959187317E-1
4.362486279E1,-9.370513916E0,1.874102783E-1,-5.057981873E-1
4.363490279E1,-9.379046173E0,3.379971313E-1,-6.414161682E-1
4.364494379E1,-9.215286713E0,4.376898193E-1,-7.188052368E-1
4.365498379E1,-9.054820404E0,4.983137512E-1,-6.057902527E-1
4.366502379E1,-8.952882385E0,5.712121582E-1,-4.242178345E-1
4.367506379E1,-8.953032074E0,6.462062073E-1,-4.034111023E-1
4.368510379E1,-9.007369080E0,6.652166748E-1,-6.441105652E-1
4.369514379E1,-9.196276245E0,4.661306763E-1,-9.389973450E-1
4.370518379E1,-9.633816376E0,3.861968994E-2,-1.098715210E0
4.371522379E1,-1.036684204E1,-3.766168213E-1,-9.964778137E-1
4.372526379E1,-1.123488693E1,-7.961943054E-1,-4.728666687E-1
4.373530379E1,-1.194336365E1,-1.234782257E0,6.960525513E-2
4.374534379E1,-1.247520767E1,-1.420845337E0,2.348616028E-1
4.375538379E1,-1.302681061E1,-1.218166809E0,-8.472381592E-2
4.376542479E1,-1.355027206E1,-8.264314270E-1,-7.179071045E-1
4.377546479E1,-1.379067215E1,-4.656816101E-1,-1.566941528E0
4.378550479E1,-1.370370300E1,-3.671864319E-1,-2.735411682E0
4.379554479E1,-1.325882812E1,-4.902305603E-1,-4.123924255E0
4.380558479E1,-1.307890228E1,-9.410929871E-1,-5.426216125E0
4.381562479E1,-1.363080460E1,-1.535656586E0,-6.447691956E0
4.382566479E1,-1.424288177E1,-1.529070282E0,-7.141948242E0
4.383570479E1,-1.358305389E1,-4.791535950E-1,-7.124434662E0
4.384574479E1,-1.157453064E1,7.310797119E-1,-6.318959656E0
4.385578479E1,-9.602980499E0,1.466051331E0,-5.352419586E0
4.386582479E1,-7.840695190E0,1.936073914E0,-4.283193054E0
4.387586579E1,-6.808741150E0,2.264490967E0,-3.192860413E0
4.388590579E1,-6.962022400E0,2.107617188E0,-2.362986145E0
4.389594579E1,-7.638615417E0,1.544937286E0,-1.882036285E0
4.390598579E1,-8.484207001E0,5.749543762E-1,-1.472487946E0
4.391602679E1,-9.376351776E0,-5.051994324E-1,-1.203347626E0
4.392606679E1,-1.013781830E1,-1.279090118E0,-1.310225372E0
4.393610679E1,-1.053628967E1,-1.851050720E0,-1.531465302E0
4.394614679E1,-1.074121353E1,-2.317480774E0,-1.830094299E0
4.395618679E1,-1.086874832E1,-2.417173462E0,-2.224524078E0
4.396622679E1,-1.076022400E1,-2.287992096E0,-2.585124207E0
4.397626679E1,-1.049781967E1,-2.169588318E0,-2.909499664E0
4.398630679E1,-9.924661560E0,-1.921703796E0,-2.946921844E0
4.399634779E1,-9.185348969E0,-1.473386078E0,-2.644999695E0
4.400638779E1,-8.254285126E0,-8.276289368E-1,-2.338586884E0
4.401642779E1,-7.405849457E0,-2.591111755E-1,-1.979783020E0
4.402646779E1,-6.850055237E0,2.151026917E-1,-1.699565735E0
4.403650779E1,-6.482270050E0,6.816824341E-1,-1.545086975E0
4.404654779E1,-6.294859772E0,1.244961090E0,-1.354533234E0
4.405658779E1,-6.268813934E0,1.698218536E0,-1.153351593E0
4.406662779E1,-6.418352966E0,1.865121460E0,-8.387059021E-1
4.407666779E1,-6.633455658E0,1.897304535E0,-7.438032532E-1
4.408670779E1,-6.831643524E0,1.879641266E0,-9.595046997E-1
4.409674779E1,-6.867119751E0,1.809137878E0,-1.200653229E0
4.410678779E1,-7.099736023E0,1.545386353E0,-1.442849579E0
4.411682879E1,-7.576195221E0,1.197659454E0,-1.654509430E0
4.412686879E1,-8.072712708E0,8.060737610E-1,-1.766626282E0
4.413690879E1,-8.559949493E0,4.686753845E-1,-1.723515930E0
4.414694879E1,-8.914113007E0,4.058061218E-1,-1.454375610E0
4.415698879E1,-9.041198730E0,6.015989685E-1,-1.092727661E0
4.416702879E1,-9.016200714E0,8.803193665E-1,-6.789880371E-1
4.417706879E1,-9.068591766E0,1.167721710E0,-3.591032410E-1
4.418710879E1,-9.260941772E0,1.318009186E0,-1.215472412E-1
4.419714879E1,-9.480385437E0,1.134790192E0,-1.392105103E-2
4.420718879E1,-9.641001434E0,7.360194397E-1,-8.996292114E-2
4.421722879E1,-9.696535950E0,2.601589966E-1,-1.890568542E-1
4.422726879E1,-9.664951630E0,-1.851649475E-1,-2.885998535E-1
4.423730979E1,-9.574539642E0,-4.427792358E-1,-3.255729675E-1
4.424734979E1,-9.464817810E0,-5.909710693E-1,-2.640509033E-1
4.425738979E1,-9.370663605E0,-6.556365967E-1,-1.785786438E-1
4.426742979E1,-9.121731262E0,-5.453160095E-1,-5.614823914E-1
4.427746979E1,-8.976682892E0,-1.974394226E-1,-1.332379303E0
4.428750979E1,-8.953630829E0,3.248245239E-1,-1.842967529E0
4.429754979E1,-9.130263519E0,9.128018188E-1,-1.986668701E0
4.430758979E1,-9.917326813E0,1.562750244E0,-1.445693665E0
4.431762979E1,-1.085482727E1,2.127974854E0,-6.262976074E-1
4.432766979E1,-1.178259796E1,2.495610352E0,-2.284249878E-1
4.433770979E1,-1.238464600E1,2.607876892E0,-4.975653076E-1
4.434774979E1,-1.277877640E1,2.169139252E0,-1.245410156E0
4.435779079E1,-1.345132782E1,1.220112762E0,-2.212548981E0
4.436783079E1,-1.399394943E1,3.719764709E-1,-3.287613373E0
4.437787079E1,-1.438793015E1,1.902543640E-1,-4.245022430E0
4.438791079E1,-1.420126831E1,3.863465881E-1,-4.823719025E0
4.439795079E1,-1.377929581E1,4.282594299E-1,-5.277126160E0
4.440799079E1,-1.347677490E1,5.078938293E-1,-5.897286530E0
4.441803079E1,-1.299283127E1,6.764433289E-1,-6.692283325E0
4.442807079E1,-1.221400085E1,3.342549133E-1,-6.947801971E0
4.443811079E1,-1.121273300E1,-1.920506287E-1,-6.198460236E0
4.444815079E1,-9.954150238E0,-6.243516541E-1,-4.902455292E0
4.445819079E1,-8.494685211E0,-1.024469604E0,-3.593128052E0
4.446823179E1,-7.056475983E0,-1.351539459E0,-2.513572998E0
4.447827179E1,-6.093977509E0,-1.460363159E0,-1.743723907E0
4.448831179E1,-5.825735321E0,-1.404828644E0,-1.378782806E0
4.449835179E1,-6.166726227E0,-1.088536377E0,-1.527872772E0
4.450839179E1,-7.000193024E0,-5.060975647E-1,-2.020947418E0
4.451843179E1,-8.043373718E0,2.978805542E-1,-2.694546661E0
4.452847179E1,-8.971743164E0,8.313711548E-1,-3.294349365E0
4.453851179E1,-9.753417664E0,1.002615051E0,-3.585643616E0
4.454855179E1,-1.016176849E1,8.044271851E-1,-3.552263031E0
4.455859179E1,-1.019739441E1,4.203259277E-1,-3.426225128E0
4.456863179E1,-9.924811249E0,5.957611084E-2,-3.471281433E0
4.457867179E1,-9.424102478E0,-2.115101624E-1,-3.572920074E0
4.458871279E1,-8.947792969E0,-3.514691162E-1,-3.531456299E0
4.459875279E1,-8.486751709E0,-4.564009094E-1,-3.335364075E0
4.460879279E1,-7.912096710E0,-6.494993591E-1,-2.927612000E0
4.461883279E1,-7.411687317E0,-8.839118958E-1,-2.310744781E0
4.462887279E1,-7.049440613E0,-1.059945831E0,-1.668879547E0
4.463891279E1,-6.953340454E0,-1.176553345E0,-1.138382721E0
4.464895279E1,-6.941515045E0,-1.181642761E0,-9.464817810E-1
4.465899279E1,-7.023245087E0,-1.081201630E0,-9.672885132E-1
4.466903279E1,-7.109465790E0,-9.901908875E-1,-1.159638519E0
4.467907279E1,-7.309599609E0,-9.854008484E-1,-1.395248566E0
4.468911279E1,-7.534282379E0,-1.016386414E0,-1.651964722E0
4.469915279E1,-7.675887909E0,-1.020727386E0,-1.817520447E0
4.470919379E1,-7.874075775E0,-9.351054382E-1,-2.019300842E0
4.471923379E1,-8.224646759E0,-7.943980408E-1,-2.268233185E0
4.472927379E1,-8.768914948E0,-6.607260132E-1,-2.431094513E0
4.473931379E1,-9.399703217E0,-5.137316895E-1,-2.537672882E0
4.474935379E1,-9.850415955E0,-3.532653809E-1,-2.571801910E0
4.475939379E1,-1.000594254E1,-1.285826111E-1,-2.471360779E0
4.476943379E1,-9.787995758E0,1.279838562E-1,-2.247576141E0
4.477947379E1,-9.451645203E0,3.302133179E-1,-1.811532898E0
4.478951379E1,-9.176517334E0,4.215234375E-1,-1.290915527E0
4.479955379E1,-8.987011414E0,5.272036743E-1,-8.764274597E-1
4.480959379E1,-8.973988495E0,5.565426636E-1,-5.692662048E-1
4.481963479E1,-9.133107605E0,4.355941772E-1,-4.102967834E-1
4.482967479E1,-9.298813019E0,2.128573608E-1,-4.752616882E-1
4.483971479E1,-9.375154266E0,-7.155120850E-2,-7.982899475E-1
4.484975479E1,-9.221573639E0,-5.071453857E-1,-1.308728485E0
4.485979479E1,-8.927135925E0,-1.072968750E0,-1.932182007E0
4.486983479E1,-8.875193939E0,-1.654359741E0,-2.208058319E0
4.487987479E1,-9.264983368E0,-2.132465515E0,-1.850601654E0
4.488991479E1,-1.013811768E1,-2.279609528E0,-9.785151672E-1
4.489995479E1,-1.109971802E1,-2.085463257E0,-1.796264648E-1
4.490999479E1,-1.190818680E1,-1.636546783E0,2.375559998E-1
4.492003454E1,-1.265363663E1,-1.015039215E0,-1.751358032E-2
4.493007554E1,-1.351255051E1,-2.824626160E-1,-8.324189758E-1
4.494011554E1,-1.428015427E1,5.246589661E-1,-1.836830292E0
4.495015554E1,-1.431982178E1,8.301736450E-1,-2.877915344E0
4.496019554E1,-1.330807571E1,1.905537415E-1,-3.678001556E0
4.497023554E1,-1.230650848E1,-7.737409973E-1,-4.196972351E0
4.498027554E1,-1.223510696E1,-2.006577301E0,-4.764442291E0
4.499031554E1,-1.323547668E1,-3.502716064E0,-5.088368683E0
4.500035554E1,-1.393751678E1,-4.304598541E0,-5.122348022E0
4.501039554E1,-1.287906784E1,-3.915407867E0,-5.002896423E0
4.502043554E1,-1.087608307E1,-2.970422974E0,-4.617298279E0
4.503047554E1,-9.011710052E0,-1.735640717E0,-3.869603119E0
4.504051654E1,-7.541617126E0,-6.051914978E-1,-2.829416199E0
4.505055654E1,-6.807693329E0,1.679507446E-1,-2.001637573E0
4.506059654E1,-6.870263214E0,5.695655823E-1,-1.717229004E0
4.507063654E1,-7.453600159E0,5.987548828E-1,-1.709295502E0
4.508067654E1,-8.398884430E0,2.234852600E-1,-1.601819000E0
4.509071654E1,-9.274713135E0,-2.306703186E-1,-1.809137878E0
4.510075654E1,-9.687704315E0,-3.954776001E-1,-2.428400116E0
4.511079654E1,-9.577084351E0,-4.854405212E-1,-3.025658112E0
4.512083654E1,-9.650132446E0,-7.101232910E-1,-3.365451508E0
4.513087654E1,-1.015443375E1,-8.955876160E-1,-3.379222870E0
4.514091654E1,-1.040680893E1,-1.006506958E0,-3.348237305E0
4.515095654E1,-1.026565247E1,-1.000669098E0,-3.368744659E0
4.516099754E1,-9.890382843E0,-8.315208435E-1,-3.364104309E0
4.517103754E1,-9.076225891E0,-6.429130554E-1,-3.256178741E0
4.518107754E1,-8.162525940E0,-5.351371765E-1,-2.964285736E0
4.519111754E1,-7.448211365E0,-5.041516113E-1,-2.621648254E0
4.520115754E1,-6.954388275E0,-3.679348755E-1,-2.280507660E0
4.521119754E1,-6.730004883E0,4.939727783E-3,-2.040706329E0
4.522123754E1,-6.912325745E0,3.999682617E-1,-1.816772003E0
4.523127754E1,-7.245083771E0,7.903564453E-1,-1.617686005E0
4.524131754E1,-7.692353668E0,1.206042023E0,-1.471290436E0
4.525135754E1,-8.035889282E0,1.549877014E0,-1.511856079E0
4.526139754E1,-8.126001892E0,1.671573944E0,-1.696871338E0
4.527143854E1,-8.208330688E0,1.656156006E0,-2.013313293E0
4.528147854E1,-8.555009766E0,1.508413239E0,-2.328857117E0
4.529151854E1,-9.055119781E0,1.302291870E0,-2.581082611E0
4.530155854E1,-9.624385986E0,1.112636261E0,-2.575394440E0
4.531159854E1,-9.807305603E0,9.831555176E-1,-2.302811279E0
4.532163854E1,-9.700876923E0,8.909472656E-1,-2.018103333E0
4.533167854E1,-9.472901001E0,9.171427917E-1,-1.794019318E0
4.534171854E1,-9.078171844E0,1.112785950E0,-1.615590363E0
4.535175854E1,-8.834927673E0,1.258433075E0,-1.403930511E0
4.536179854E1,-8.865913239E0,1.337618408E0,-1.098715210E0
4.537183854E1,-8.853638763E0,1.226998444E0,-8.243357849E-1
4.538187954E1,-8.733139343E0,9.562115479E-1,-6.481521606E-1
4.539191954E1,-8.465645599E0,5.834866333E-1,-6.004014587E-1
4.540195954E1,-8.063432007E0,2.838098145E-1,-6.491999817E-1
4.541199954E1,-7.719597015E0,2.200424194E-1,-6.718029785E-1
4.542203954E1,-7.594606934E0,4.748126221E-1,-8.672964478E-1
4.543207954E1,-7.971672821E0,9.749226379E-1,-7.809260559E-1
4.544211954E1,-8.582702179E0,1.547481995E0,-5.137316895E-1
4.545215954E1,-9.162596283E0,1.947001190E0,-5.210664368E-1
4.546219954E1,-9.677226105E0,2.107317810E0,-8.578660583E-1
4.547223954E1,-1.005025040E1,2.024839325E0,-1.506616974E0
4.548227954E1,-1.042177780E1,1.807191925E0,-1.919458466E0
4.549231954E1,-1.069810318E1,1.469344482E0,-1.920506287E0
4.550236054E1,-1.133083740E1,1.092128906E0,-1.462159424E0
4.551240054E1,-1.199021622E1,7.020401001E-1,-8.927435303E-1
4.552244054E1,-1.241623032E1,2.865042114E-1,-6.520440674E-1
4.553248054E1,-1.280122971E1,-1.655557251E-1,-6.435118103E-1
4.554252054E1,-1.329400497E1,-8.105644226E-1,-8.881031799E-1
4.555256054E1,-1.413854874E1,-1.218166809E0,-1.523980865E0
4.556260054E1,-1.499596573E1,-5.815406799E-1,-2.789149933E0
4.557264054E1,-1.545176788E1,9.318122864E-1,-4.146227875E0
4.558268054E1,-1.485136642E1,2.112107849E0,-5.048102417E0
4.559272054E1,-1.364712067E1,2.178270264E0,-5.532195740E0
4.560276054E1,-1.219858292E1,1.746418304E0,-5.595214691E0
4.561280154E1,-1.065469345E1,1.202299805E0,-5.270240479E0
4.562284154E1,-9.082961884E0,5.541476440E-1,-4.592749329E0
4.563288154E1,-7.560328217E0,9.610015869E-2,-3.771557007E0
4.564292154E1,-6.323150940E0,-8.831634521E-2,-2.988834686E0
4.565296154E1,-5.600004730E0,-1.243913269E-1,-2.394271088E0
4.566300154E1,-5.493725739E0,-1.139131165E-1,-2.136357422E0
4.567304154E1,-6.002817078E0,-1.368154907E-1,-2.210603027E0
4.568308154E1,-6.952142944E0,5.987548828E-3,-2.381547546E0
4.569312154E1,-7.856113129E0,3.773652649E-1,-2.623743896E0
4.570316154E1,-8.500822449E0,7.403604126E-1,-2.701582031E0
4.571320154E1,-9.098529510E0,1.063987427E0,-2.807411957E0
4.572324254E1,-9.438622284E0,1.255139923E0,-2.910846863E0
4.573328254E1,-9.676477661E0,1.381028137E0,-3.016227722E0
4.574332254E1,-9.838889923E0,1.265618134E0,-3.119962006E0
4.575336254E1,-9.829758911E0,9.638456726E-1,-3.260220337E0
4.576340254E1,-9.745184784E0,6.253994751E-1,-3.446433105E0
4.577344254E1,-9.489666138E0,2.324665833E-1,-3.385509796E0
4.578348254E1,-8.903934174E0,-1.764830017E-1,-2.967728577E0
4.579352254E1,-8.226592712E0,-4.733157349E-1,-2.384840698E0
4.580356254E1,-7.694898376E0,-5.671705627E-1,-1.894610138E0
4.581360254E1,-7.394024048E0,-6.198609924E-1,-1.468446350E0
4.582364254E1,-7.363487549E0,-6.897656250E-1,-1.157393188E0
4.583368354E1,-7.511679382E0,-6.800358582E-1,-9.842033386E-1
4.584372354E1,-7.723339233E0,-6.155200195E-1,-9.159452820E-1
4.585376354E1,-7.852819977E0,-6.137237549E-1,-9.475296021E-1
4.586380354E1,-7.894882507E0,-6.985972595E-1,-1.032552795E0
4.587384354E1,-7.852370911E0,-8.087681580E-1,-1.233135681E0
4.588388354E1,-7.832612000E0,-8.545729065E-1,-1.400038605E0
4.589392354E1,-7.960745544E0,-7.614665222E-1,-1.625020752E0
4.590396354E1,-8.234077148E0,-5.402265930E-1,-1.832339630E0
4.591400354E1,-8.550519104E0,-2.155517578E-1,-1.899699554E0
4.592404346E1,-8.805438995E0,5.343887329E-2,-1.836081848E0
4.593408346E1,-9.063352661E0,1.769320679E-1,-1.709594879E0
4.594412446E1,-9.151968384E0,1.689985657E-1,-1.547332306E0
4.595416446E1,-9.140142975E0,2.724334717E-2,-1.432371368E0
4.596420446E1,-9.064101105E0,-6.391708374E-2,-1.367256775E0
4.597424446E1,-9.106912079E0,-1.923500061E-1,-1.231638794E0
4.598428446E1,-9.335486755E0,-4.258644104E-1,-1.020128632E0
4.599432446E1,-9.590855713E0,-5.074447632E-1,-8.901988220E-1
4.600436446E1,-9.865983582E0,-3.230282593E-1,-8.613088989E-1
4.601440446E1,-1.002600082E1,-1.776805115E-1,-1.024768982E0
4.602444446E1,-9.949360199E0,-3.704795837E-1,-1.353635101E0
4.603448446E1,-9.859097900E0,-9.288185120E-1,-1.730251923E0
4.604452446E1,-9.968670044E0,-1.670526123E0,-1.881437531E0
4.605456446E1,-1.031400192E1,-2.273771667E0,-1.655856628E0
4.606460546E1,-1.099269058E1,-2.473606110E0,-1.052910461E0
4.607464546E1,-1.172975784E1,-2.266885986E0,-3.707789612E-1
4.608468546E1,-1.229468307E1,-1.808090057E0,1.152603149E-2
4.609472546E1,-1.288221130E1,-1.170116730E0,-2.128573608E-1
4.610476546E1,-1.340821747E1,-5.358856201E-1,-9.416917419E-1
4.611480546E1,-1.381896332E1,5.553451538E-2,-2.090253296E0
4.612484546E1,-1.396071854E1,2.859054565E-1,-3.184178467E0
4.613488546E1,-1.351509521E1,-3.221301270E-1,-3.763324127E0
4.614492546E1,-1.275198212E1,-1.162033539E0,-4.165388031E0
4.615496546E1,-1.212822922E1,-1.629361725E0,-4.607119446E0
4.616500546E1,-1.186268143E1,-1.910028076E0,-4.838837585E0
4.617504646E1,-1.163590302E1,-1.637444916E0,-4.964276733E0
4.618508646E1,-1.102173019E1,-7.155120850E-1,-5.040318604E0
4.619512646E1,-9.890382843E0,2.896476746E-1,-4.851411438E0
4.620516646E1,-8.623567200E0,1.083297272E0,-4.314477997E0
4.621520646E1,-7.525600433E0,1.745819550E0,-3.559597778E0
4.622524646E1,-6.992109833E0,2.100731506E0,-2.958747253E0
4.623528646E1,-7.382198639E0,1.940564575E0,-2.477048950E0
4.624532646E1,-8.155340881E0,1.451082458E0,-2.151925049E0
4.625536646E1,-9.038654022E0,7.429051208E-1,-2.036964111E0
4.626540646E1,-1.014874557E1,4.834945679E-2,-2.120789795E0
4.627544646E1,-1.116393448E1,-5.060975647E-1,-2.499053192E0
4.628548746E1,-1.178169983E1,-8.746311951E-1,-3.077450409E0
4.629552746E1,-1.210517715E1,-9.283694458E-1,-3.553909607E0
4.630556746E1,-1.197869019E1,-8.476872253E-1,-3.955973511E0
4.631560746E1,-1.151480484E1,-6.885681152E-1,-4.172423401E0
4.632564746E1,-1.056742493E1,-4.806504822E-1,-4.032913513E0
4.633568746E1,-9.487420807E0,-3.107537842E-1,-3.613336029E0
4.634572746E1,-8.466244354E0,-1.413061523E-1,-3.049159241E0
4.635576746E1,-7.614964600E0,1.781295776E-2,-2.602338409E0
4.636580746E1,-6.892566833E0,2.091151428E-1,-2.233655090E0
4.637584746E1,-6.324198761E0,4.550537109E-1,-1.834884338E0
4.638588746E1,-6.041137390E0,7.258406067E-1,-1.550625458E0
4.639592846E1,-5.845943298E0,9.807604980E-1,-1.356030121E0
4.640596846E1,-5.890999603E0,1.086141357E0,-1.245410156E0
4.641600846E1,-6.054010620E0,1.173709259E0,-1.207688599E0
4.642604846E1,-6.277046814E0,1.259480896E0,-1.216071167E0
4.643608846E1,-6.570436707E0,1.360969849E0,-1.392254791E0
4.644612846E1,-6.837032318E0,1.288370819E0,-1.658551025E0
4.645616846E1,-7.122339020E0,1.095571747E0,-1.827699280E0
4.646620846E1,-7.596403198E0,8.427474976E-1,-2.013612671E0
4.647624846E1,-8.174501038E0,6.867718506E-1,-2.187700653E0
4.648628846E1,-8.766070862E0,6.988966370E-1,-2.280507660E0
4.649632846E1,-9.145531769E0,8.199948120E-1,-2.084714813E0
4.650636846E1,-9.240883484E0,9.997709656E-1,-1.708846436E0
4.651640946E1,-9.080566864E0,1.334774323E0,-1.356928253E0
4.652644946E1,-8.924441528E0,1.662143555E0,-1.078956299E0
4.653648946E1,-8.948990479E0,1.744921417E0,-7.999365234E-1
4.654652946E1,-9.196875000E0,1.625469818E0,-5.334906006E-1
4.655656946E1,-9.398505707E0,1.375339966E0,-3.787124634E-1
4.656660946E1,-9.399254150E0,1.097966766E0,-3.857478333E-1
4.657664946E1,-9.372459869E0,8.512797546E-1,-4.188290405E-1
4.658668946E1,-9.473499756E0,6.198609924E-1,-1.610650635E-1
4.659672946E1,-9.631271667E0,3.073109436E-1,3.144960022E-1
4.660676946E1,-9.670340424E0,-3.487747192E-2,5.313949585E-1
4.661680946E1,-9.625433807E0,-3.246748352E-1,2.537223816E-1
4.662685046E1,-9.589209137E0,-4.035607910E-1,-5.192701721E-1
4.663689046E1,-9.633217621E0,-1.681004333E-1,-1.679956512E0
4.664693046E1,-9.713450775E0,3.864962769E-1,-2.446811829E0
4.665697046E1,-9.778565369E0,1.187779999E0,-2.411934357E0
4.666701046E1,-1.016341507E1,1.939816132E0,-1.542691956E0
4.667705046E1,-1.102637054E1,2.500101013E0,-4.884342957E-1
4.668709046E1,-1.195264435E1,3.004851379E0,-3.652404785E-2
4.669713046E1,-1.266755768E1,3.334765320E0,-1.320254517E-1
4.670717046E1,-1.311916855E1,3.388054504E0,-7.725434875E-1
4.671721046E1,-1.344923218E1,2.836601257E0,-1.425335999E0
4.672725046E1,-1.359712463E1,2.014810181E0,-2.114951935E0
4.673729146E1,-1.369756577E1,1.416055298E0,-2.968177643E0
4.674733146E1,-1.351255051E1,1.498234406E0,-3.717968445E0
4.675737146E1,-1.325448715E1,2.136507111E0,-4.129313049E0
4.676741146E1,-1.262070511E1,2.604434052E0,-4.420158234E0
4.677745146E1,-1.192495193E1,2.542462921E0,-4.949158173E0
4.678749146E1,-1.118833374E1,1.996548157E0,-5.314997406E0
4.679753146E1,-1.038465500E1,1.369801483E0,-5.243595886E0
4.680757146E1,-9.327253876E0,6.637197876E-1,-4.723876648E0
4.681761146E1,-8.303233337E0,5.269042969E-2,-3.919599152E0
4.682765146E1,-7.479795685E0,-2.276765442E-1,-3.061284027E0
4.683769146E1,-6.941515045E0,-2.116598511E-1,-2.423310699E0
4.684773146E1,-6.747368774E0,-1.871109009E-1,-2.044747925E0
4.685777246E1,-7.010072479E0,-1.956431580E-1,-1.932780762E0
4.686781246E1,-7.632478180E0,-1.188528442E-1,-2.134411469E0
4.687785246E1,-8.451425171E0,-4.685256958E-2,-2.426753540E0
4.688789246E1,-9.295220490E0,9.145980835E-2,-2.759212189E0
4.689793246E1,-1.000549347E1,3.062631226E-1,-3.143463135E0
4.690797246E1,-1.040052200E1,5.150788879E-1,-3.452720032E0
4.691801242E1,-1.027972321E1,5.415737915E-1,-3.523373108E0
4.692805242E1,-1.015069153E1,5.131329346E-1,-3.383414154E0
4.693809242E1,-9.698631592E0,7.668553162E-1,-3.339705048E0
4.694813242E1,-8.862171021E0,1.019380188E0,-3.257376251E0
4.695817242E1,-8.034991150E0,9.708810425E-1,-2.961291962E0
4.696821342E1,-7.447762299E0,8.907975769E-1,-2.429298248E0
4.697825342E1,-7.140451355E0,8.604107666E-1,-1.892364807E0
4.698829342E1,-6.844067688E0,7.836204529E-1,-1.397643585E0
4.699833342E1,-6.652017059E0,5.629792786E-1,-9.797126770E-1
4.700837342E1,-6.710395660E0,2.022294617E-1,-7.379653931E-1
4.701841342E1,-6.923851776E0,-1.549278259E-1,-7.066804504E-1
4.702845342E1,-7.229067078E0,-4.474195862E-1,-8.225395203E-1
4.703849342E1,-7.483088837E0,-6.665638733E-1,-1.023870850E0
4.704853342E1,-7.742349701E0,-8.149053955E-1,-1.204694824E0
4.705857342E1,-8.081394653E0,-9.645941162E-1,-1.329834595E0
4.706861342E1,-8.446036377E0,-9.698332214E-1,-1.386267242E0
4.707865442E1,-8.742719421E0,-9.226812744E-1,-1.439406738E0
4.708869442E1,-8.899443512E0,-7.479945374E-1,-1.448388062E0
4.709873442E1,-8.977131958E0,-5.629792786E-1,-1.330133972E0
4.710877442E1,-9.044342194E0,-4.070036316E-1,-1.119971008E0
4.711881442E1,-9.117689667E0,-2.107617188E-1,-9.214837646E-1
4.712885442E1,-9.177565155E0,-7.454498291E-2,-8.024812317E-1
4.713889442E1,-9.095984802E0,6.047424316E-2,-7.086264038E-1
4.714893442E1,-8.908873901E0,1.678010559E-1,-6.045927429E-1
4.715897442E1,-8.756191406E0,2.032772827E-1,-5.436694336E-1
4.716901442E1,-8.616082764E0,1.781295776E-1,-5.394781494E-1
4.717905442E1,-8.590036926E0,7.933502197E-2,-5.001100159E-1
4.718909442E1,-8.825796661E0,3.577560425E-2,-3.659889221E-1
4.719913542E1,-9.171128540E0,9.340576172E-2,-2.209405518E-1
4.720917542E1,-9.514364777E0,1.203497314E-1,-2.841091919E-1
4.721921542E1,-9.721084900E0,-1.160087585E-1,-6.822811890E-1
4.722925542E1,-9.740544434E0,-5.748046875E-1,-1.491648102E0
4.723929542E1,-9.749974823E0,-1.097667389E0,-2.131417694E0
4.724933542E1,-1.009815079E1,-1.458267517E0,-2.073338470E0
4.725937542E1,-1.093296478E1,-1.406924286E0,-1.332379303E0
4.726941542E1,-1.164159119E1,-1.111588440E0,-2.950364685E-1
4.727945542E1,-1.218316498E1,-8.548722839E-1,6.489006042E-1
4.728949542E1,-1.298504745E1,-5.727090454E-1,1.136885834E0
4.729953542E1,-1.381552048E1,-5.104385376E-2,7.095245361E-1
4.730957642E1,-1.443672867E1,5.090913391E-1,-4.716691589E-1
4.731961642E1,-1.449705322E1,5.800437927E-1,-1.775308228E0
4.732965642E1,-1.383153717E1,-4.430786133E-2,-2.746338959E0
4.733969642E1,-1.315075287E1,-8.568182373E-1,-3.287912750E0
4.734973642E1,-1.269135818E1,-1.324445801E0,-3.506308594E0
4.735977642E1,-1.239287888E1,-1.562750244E0,-3.995042267E0
4.736981642E1,-1.218106934E1,-1.610650635E0,-4.497696991E0
4.737985642E1,-1.169338348E1,-1.211430817E0,-4.930447083E0
4.738989642E1,-1.083836151E1,-9.894424438E-2,-5.224585419E0
4.739993642E1,-9.676627350E0,1.254840546E0,-5.105732574E0
4.740997642E1,-8.296946411E0,2.028132477E0,-4.407883759E0
4.742001742E1,-7.038962402E0,2.082020416E0,-3.455564117E0
4.743005742E1,-6.749763794E0,1.656754761E0,-2.704126740E0
4.744009742E1,-7.340734863E0,1.150657196E0,-2.376757507E0
4.745013742E1,-8.196804657E0,6.882687378E-1,-2.228715363E0
4.746017742E1,-9.516460419E0,9.759704590E-2,-2.147135010E0
4.747021742E1,-1.095691498E1,-4.299060059E-1,-2.308798828E0
4.748025742E1,-1.214544342E1,-8.279283142E-1,-2.529140625E0
4.749029742E1,-1.241129059E1,-1.073717194E0,-2.972967682E0
4.750033742E1,-1.200623291E1,-1.065035248E0,-3.528462524E0
4.751037742E1,-1.159848083E1,-9.671388245E-1,-3.663332062E0
4.752041742E1,-1.136197266E1,-9.529183960E-1,-3.448379059E0
4.753045742E1,-1.081486038E1,-8.568182373E-1,-3.190166016E0
4.754049842E1,-9.919272766E0,-6.186634827E-1,-2.959495697E0
4.755053842E1,-8.919202423E0,-2.923420715E-1,-2.622247009E0
4.756057842E1,-7.935597839E0,1.616638184E-2,-2.247127075E0
4.757061842E1,-7.068750458E0,2.053729248E-1,-1.803749084E0
4.758065842E1,-6.546037445E0,3.785627747E-1,-1.358275452E0
4.759069842E1,-6.219117279E0,6.375242615E-1,-1.109941864E0
4.760073842E1,-5.898334351E0,9.574090576E-1,-9.871971130E-1
4.761077842E1,-5.877377930E0,1.296753387E0,-8.580157471E-1
4.762081842E1,-5.899232483E0,1.637444916E0,-8.126600647E-1
4.763085842E1,-5.946983185E0,1.767075348E0,-9.068142700E-1
4.764089842E1,-6.201454010E0,1.697021027E0,-1.124761047E0
4.765093942E1,-6.485862579E0,1.532064056E0,-1.460512848E0
4.766097942E1,-6.781348114E0,1.384470978E0,-1.695075073E0
4.767101942E1,-7.255112915E0,1.274150391E0,-1.782792664E0
4.768105942E1,-7.824977875E0,1.217867432E0,-1.767823792E0
4.769109942E1,-8.378975830E0,1.171912994E0,-1.747915192E0
4.770113942E1,-8.841963043E0,1.190474396E0,-1.722767487E0
4.771117942E1,-8.983119507E0,1.318757629E0,-1.563199310E0
4.772121942E1,-8.839717712E0,1.420246582E0,-1.319955139E0
4.773125942E1,-8.749605103E0,1.443598022E0,-1.004561005E0
4.774129942E1,-8.770561523E0,1.417402496E0,-6.595285034E-1
4.775133942E1,-8.886570282E0,1.411115570E0,-3.620970154E-1
4.776138042E1,-9.038803711E0,1.325343933E0,-2.341131592E-1
4.777142042E1,-9.232351227E0,1.072669373E0,-2.787203979E-1
4.778146042E1,-9.520052948E0,7.033872986E-1,-2.689906311E-1
4.779150042E1,-9.673483887E0,3.836521912E-1,-3.444337463E-1
4.780154042E1,-9.568103027E0,2.368075562E-1,-4.745132446E-1
4.781158042E1,-9.176217957E0,1.487905884E-1,-6.084846497E-1
4.782162042E1,-8.670719147E0,1.454974365E-1,-7.346722412E-1
4.783166042E1,-8.455616455E0,4.318519592E-1,-1.164278870E0
4.784170042E1,-8.676856384E0,1.061293030E0,-1.614243164E0
4.785174042E1,-9.401798859E0,1.846859436E0,-1.528321838E0
4.786178042E1,-1.058598633E1,2.489024048E0,-8.002359009E-1
4.787182142E1,-1.158081757E1,2.805166626E0,-9.026229858E-2
4.788186142E1,-1.224857895E1,2.631078644E0,6.406677246E-2
4.789190142E1,-1.268537064E1,1.914369049E0,-9.924362183E-2
4.790194142E1,-1.315150131E1,1.332379303E0,-7.423063660E-1
4.791198142E1,-1.357706635E1,7.872129822E-1,-1.535506897E0
4.792202142E1,-1.404125107E1,2.556683350E-1,-2.221230927E0
4.793206142E1,-1.460168564E1,5.837860107E-2,-3.023562469E0
4.794210142E1,-1.506721756E1,9.092092896E-1,-4.312532043E0
4.795214142E1,-1.482726654E1,2.155966644E0,-5.461692352E0
4.796218142E1,-1.379052246E1,2.700534210E0,-6.038892059E0
4.797222142E1,-1.235156479E1,2.542013855E0,-6.096821594E0
4.798226242E1,-1.091515182E1,1.951641541E0,-5.660778351E0
4.799230242E1,-9.461973724E0,8.743318176E-1,-4.767286377E0
4.800234242E1,-8.405620422E0,-4.296066284E-2,-3.838168488E0
4.801238242E1,-7.814349976E0,-1.107696533E-2,-3.437302094E0
4.802242242E1,-7.439679108E0,4.646337891E-1,-3.250340881E0
4.803246242E1,-7.617209930E0,7.565267944E-1,-2.950364685E0
4.804250242E1,-8.204887848E0,8.482859802E-1,-2.662812653E0
4.805254242E1,-8.786578217E0,1.007554779E0,-2.581082611E0
4.806258242E1,-9.231902161E0,1.159189453E0,-2.788850555E0
4.807262242E1,-9.589059448E0,1.261426849E0,-3.039279785E0
4.808266242E1,-9.839638367E0,1.342558136E0,-3.318748627E0
4.809270242E1,-9.953850861E0,1.451082458E0,-3.698359222E0
4.810274342E1,-9.872719574E0,1.442550201E0,-3.996988220E0
4.811278342E1,-9.590855713E0,1.210682373E0,-4.046834564E0
4.812282342E1,-9.188941498E0,9.183403015E-1,-3.750151520E0
4.813286342E1,-8.702902222E0,6.259982300E-1,-3.298390961E0
4.814290342E1,-8.197104034E0,4.065545654E-1,-2.828368378E0
4.815294342E1,-7.721542969E0,2.471360779E-1,-2.296973419E0
4.816298342E1,-7.257507935E0,1.669029236E-1,-1.807191925E0
4.817302342E1,-6.887477417E0,1.375639343E-1,-1.451232147E0
4.818306342E1,-6.708000641E0,9.041198730E-2,-1.241069183E0
4.819310342E1,-6.709048462E0,-2.559677124E-2,-1.295855255E0
4.820314342E1,-6.805597687E0,-1.904040527E-1,-1.579515381E0
4.821318442E1,-6.976093140E0,-4.032614136E-1,-1.915716248E0
4.822322442E1,-7.203769684E0,-5.733078003E-1,-2.155218201E0
4.823326442E1,-7.301965485E0,-6.496490479E-1,-2.251318359E0
4.824330442E1,-7.362290039E0,-6.409671021E-1,-2.192341003E0
4.825334442E1,-7.575596466E0,-5.619314575E-1,-2.082619171E0
4.826338442E1,-7.982899475E0,-5.312452698E-1,-1.989213409E0
4.827342442E1,-8.527317352E0,-4.980143738E-1,-1.895657959E0
4.828346442E1,-8.960965576E0,-3.847000122E-1,-1.789229279E0
4.829350442E1,-9.129365387E0,-3.010240173E-1,-1.595532074E0
4.830354442E1,-9.168583832E0,-2.945874023E-1,-1.329086151E0
4.831358442E1,-9.132359161E0,-4.093986511E-1,-1.060694275E0
4.832362442E1,-9.100026398E0,-6.310876465E-1,-8.289761353E-1
4.833366542E1,-9.066795502E0,-7.388635254E-1,-7.189549255E-1
4.834370542E1,-9.027277679E0,-6.704557800E-1,-6.517446899E-1
4.835374542E1,-9.097481689E0,-5.751040649E-1,-5.653742981E-1
4.836378542E1,-9.228758698E0,-3.869453430E-1,-5.450166321E-1
4.837382542E1,-9.276210022E0,-1.275347900E-1,-5.777984619E-1
4.838386542E1,-9.281449127E0,6.182144165E-2,-6.228547668E-1
4.839390542E1,-9.254654846E0,2.088157654E-1,-6.186634827E-1
4.840394542E1,-9.123527527E0,3.359014893E-1,-6.402186584E-1
4.841398542E1,-9.004075928E0,3.478765869E-1,-6.965016174E-1
4.842402542E1,-8.928932190E0,2.818638611E-1,-8.147557068E-1
4.843406542E1,-8.930578766E0,7.828720093E-2,-1.045725403E0
4.844410642E1,-9.082512817E0,-1.586700439E-1,-1.309626617E0
4.845414642E1,-9.443262634E0,-2.665956116E-1,-1.458566895E0
4.846418642E1,-9.951755219E0,-3.986210632E-1,-1.345701599E0
4.847422642E1,-1.056428146E1,-6.598278809E-1,-8.674461365E-1
4.848426642E1,-1.130568970E1,-9.560618591E-1,-1.160087585E-1
4.849430642E1,-1.213227081E1,-1.114881592E0,4.755610657E-1
4.850434642E1,-1.273551636E1,-8.885522461E-1,4.339476013E-1
4.851438642E1,-1.321182587E1,-4.096980286E-1,-1.932481384E-1
4.852442642E1,-1.357901230E1,-6.361770630E-2,-1.078207855E0
4.853446642E1,-1.364712067E1,2.134561157E-1,-2.010918274E0
4.854450642E1,-1.335762268E1,4.290078735E-1,-2.683170319E0
4.855454742E1,-1.288565414E1,2.426454163E-1,-3.110980682E0
4.856458742E1,-1.274240204E1,-3.342549133E-1,-3.562292175E0
4.857462742E1,-1.296304321E1,-1.173409882E0,-4.172722778E0
4.858466742E1,-1.316587143E1,-1.813628540E0,-4.843777313E0
4.859470742E1,-1.291319687E1,-1.597478027E0,-5.537734222E0
4.860474742E1,-1.191911407E1,-4.043092346E-1,-6.139033813E0
4.861478742E1,-1.038705002E1,9.165440369E-1,-5.945486298E0
4.862482742E1,-8.637338562E0,1.848955078E0,-4.920417938E0
4.863486742E1,-6.905739441E0,2.351759491E0,-3.755091248E0
4.864490742E1,-6.137087860E0,2.189496918E0,-2.861000519E0
4.865494742E1,-6.646328888E0,1.573078766E0,-2.479144592E0
4.866498742E1,-7.810308380E0,8.607101440E-1,-2.356399841E0
4.867502842E1,-9.144184570E0,1.315763855E-1,-2.148033142E0
4.868506842E1,-1.059122543E1,-5.319937134E-1,-1.933080139E0
4.869510842E1,-1.176927567E1,-9.777667236E-1,-1.938468933E0
4.870514842E1,-1.228195953E1,-1.285377045E0,-2.387984161E0
4.871518842E1,-1.220531891E1,-1.510209503E0,-3.124003601E0
4.872522842E1,-1.203407501E1,-1.736838226E0,-3.571123810E0
4.873526842E1,-1.170131699E1,-2.080224152E0,-3.516786804E0
4.874530842E1,-1.093790451E1,-2.344275055E0,-3.188070374E0
4.875534842E1,-9.901908875E0,-2.309547272E0,-2.857407990E0
4.876538842E1,-8.898395691E0,-1.834285583E0,-2.543061676E0
4.877542842E1,-8.052504730E0,-1.128802643E0,-2.409539337E0
4.878546942E1,-7.290289764E0,-4.767585754E-1,-2.327509918E0
4.879550942E1,-6.793772278E0,1.234931946E-1,-2.166594543E0
4.880554942E1,-6.369404755E0,9.047186279E-1,-2.009271698E0
4.881558942E1,-6.245163116E0,1.777254181E0,-1.810185699E0
4.882562942E1,-6.249653778E0,2.540217590E0,-1.568288727E0
4.883566942E1,-6.073769531E0,3.030897217E0,-1.339115295E0
4.884570942E1,-5.901926880E0,3.144510956E0,-1.241667938E0
4.885574942E1,-5.826034698E0,2.931054840E0,-1.315015411E0
4.886578942E1,-6.039939880E0,2.648592224E0,-1.491797791E0
4.887582942E1,-6.436465302E0,2.232008514E0,-1.715582428E0
4.888586942E1,-7.030729523E0,1.732946320E0,-1.792971497E0
4.889590942E1,-7.660170593E0,1.335522766E0,-1.745071106E0
4.890595042E1,-8.253836060E0,9.852511597E-1,-1.620380402E0
4.891599042E1,-8.699609070E0,7.195536804E-1,-1.471440125E0
4.892603042E1,-8.929680634E0,6.346801758E-1,-1.405128021E0
4.893607042E1,-9.057814178E0,6.806346130E-1,-1.367406464E0
4.894611042E1,-9.069489899E0,7.479945374E-1,-1.320703583E0
4.895615042E1,-8.980724487E0,7.725434875E-1,-1.218615875E0
4.896619042E1,-8.979676666E0,6.900650024E-1,-9.702822876E-1
4.897623042E1,-9.081015930E0,5.312452698E-1,-6.150709534E-1
4.898627042E1,-9.214837646E0,4.049079895E-1,-3.348536682E-1
4.899631042E1,-9.514065399E0,3.606001282E-1,-1.197509766E-3
4.900635042E1,-9.764045563E0,3.200344849E-1,2.662962341E-1
4.901639142E1,-9.875413971E0,3.397933960E-1,2.354603577E-1
4.902643142E1,-9.842482452E0,5.203179932E-1,-2.454895020E-2
4.903647142E1,-9.542057190E0,6.349795532E-1,-3.703298950E-1
4.904651142E1,-9.156908112E0,5.770500183E-1,-7.798782349E-1
4.905655142E1,-8.912765808E0,6.629713440E-1,-1.292562103E0
4.906659142E1,-9.047934723E0,1.146914978E0,-1.578168182E0
4.907663142E1,-9.397607574E0,1.877845001E0,-1.407223663E0
4.908667142E1,-1.002510269E1,2.578388214E0,-7.361691284E-1
4.909671142E1,-1.105091949E1,2.969674530E0,2.086660767E-1
4.910675142E1,-1.182825302E1,3.054997101E0,7.589218140E-1
4.911679142E1,-1.229468307E1,2.753673706E0,8.934919739E-1
4.912683142E1,-1.278476395E1,2.379900970E0,5.728587341E-1
4.913687242E1,-1.313024551E1,1.954036560E0,-4.161346436E-2
4.914691242E1,-1.349997665E1,1.443598022E0,-8.991801453E-1
4.915695242E1,-1.405457336E1,9.806108093E-1,-2.080373840E0
4.916699242E1,-1.444960190E1,1.024020538E0,-3.659440155E0
4.917703242E1,-1.456336533E1,1.578467560E0,-4.947960663E0
4.918707242E1,-1.393407394E1,1.629062347E0,-5.660928040E0
4.919711242E1,-1.295466064E1,1.199455719E0,-6.297853546E0
4.920715242E1,-1.169547913E1,7.991880798E-1,-6.599925385E0
4.921719242E1,-1.043869263E1,2.451901245E-1,-6.128555603E0
4.922723242E1,-9.154812469E0,-1.686991882E-1,-5.175038452E0
4.923727242E1,-8.043523407E0,-1.383123779E-1,-4.242777100E0
4.924731342E1,-7.367529144E0,2.029779053E-1,-3.497776337E0
4.925735342E1,-7.355104980E0,6.370751953E-1,-2.816692657E0
4.926739342E1,-7.761958923E0,1.006956024E0,-2.288141785E0
4.927743342E1,-8.207731934E0,1.382974091E0,-2.046693878E0
4.928747342E1,-8.717721405E0,1.591490479E0,-2.118095398E0
4.929751342E1,-9.248816986E0,1.693578186E0,-2.313738556E0
4.930755342E1,-9.701325989E0,1.631008301E0,-2.608924713E0
4.931759342E1,-9.957293701E0,1.418749695E0,-2.951412506E0
4.932763342E1,-1.004366409E1,1.174008636E0,-3.277584229E0
4.933767342E1,-9.900711365E0,8.967851257E-1,-3.488196259E0
4.934771342E1,-9.685608673E0,7.192543030E-1,-3.557053070E0
4.935775442E1,-9.069340210E0,5.960604858E-1,-3.589385834E0
4.936779442E1,-8.390801239E0,3.923341370E-1,-3.440445557E0
4.937783442E1,-7.737559662E0,2.359094238E-1,-3.064277802E0
4.938787442E1,-7.169640656E0,2.170486450E-1,-2.574795685E0
4.939791442E1,-6.664890289E0,3.074606323E-1,-2.054926758E0
4.940795442E1,-6.259233856E0,2.838098145E-1,-1.376088409E0
4.941799442E1,-6.108647003E0,1.193019104E-1,-6.944059753E-1
4.942803442E1,-6.329587555E0,-2.064207458E-1,-1.999841309E-1
4.943807442E1,-6.668482819E0,-5.761518860E-1,-5.553451538E-2
4.944811442E1,-7.053033142E0,-8.638536072E-1,-2.535726929E-1
4.945815442E1,-7.394173737E0,-1.025816803E0,-5.644761658E-1
4.946819442E1,-7.597900085E0,-1.051712952E0,-8.693920898E-1
4.947823542E1,-7.864495697E0,-1.022074585E0,-1.113384705E0
4.948827542E1,-8.225245514E0,-9.978250122E-1,-1.301244049E0
4.949831542E1,-8.541088715E0,-9.633966064E-1,-1.403481445E0
4.950835542E1,-8.810827789E0,-9.072633362E-1,-1.324745178E0
4.951839542E1,-9.107211456E0,-7.485932922E-1,-1.162482605E0
4.952843542E1,-9.274413757E0,-4.559518433E-1,-9.102571106E-1
4.953847542E1,-9.200018463E0,-2.624043274E-1,-7.102729797E-1
4.954851542E1,-9.085356903E0,-2.029779053E-1,-6.012995911E-1
4.955855542E1,-8.907227325E0,-1.444496155E-1,-5.691165161E-1
4.956859542E1,-8.761131134E0,1.002914429E-2,-6.509962463E-1
4.957863542E1,-8.658744049E0,1.306782532E-1,-6.113287354E-1
4.958867642E1,-8.589737549E0,2.906954956E-1,-4.776567078E-1
4.959871642E1,-8.618926849E0,4.866380310E-1,-3.294648743E-1
4.960875642E1,-8.748257904E0,6.185137939E-1,-2.610571289E-1
4.961879642E1,-8.954379272E0,6.692582703E-1,-3.695814514E-1
4.962883642E1,-9.250164185E0,6.908134460E-1,-6.948550415E-1
4.963887642E1,-9.520352325E0,5.671705627E-1,-1.081051941E0
4.964891642E1,-9.841584320E0,2.734812927E-1,-1.375639343E0
4.965895642E1,-1.022508682E1,-1.435514832E-1,-1.491648102E0
4.966899642E1,-1.066157913E1,-6.650669861E-1,-1.363963623E0
4.967903642E1,-1.113399673E1,-1.209784241E0,-1.009800110E0
4.968907642E1,-1.157318344E1,-1.556313629E0,-5.213658142E-1
4.969911742E1,-1.211071564E1,-1.430575104E0,-1.821711731E-1
4.970915742E1,-1.288041504E1,-7.673043823E-1,-1.463955688E-1
4.971919742E1,-1.378333740E1,-7.649093628E-2,-3.397933960E-1
4.972923742E1,-1.450648361E1,4.709207153E-1,-8.321195984E-1
4.973927742E1,-1.474838058E1,9.599537659E-1,-1.735940094E0
4.974931742E1,-1.441217972E1,9.891430664E-1,-2.866688690E0
4.975935742E1,-1.388422760E1,2.305206299E-1,-3.931274872E0
4.976939742E1,-1.408106827E1,-8.791218567E-1,-4.737049255E0
4.977943742E1,-1.441682007E1,-1.953587494E0,-5.298381958E0
4.978947742E1,-1.414887726E1,-2.450404358E0,-5.568869476E0
4.979951742E1,-1.292472290E1,-1.904938660E0,-5.843997345E0
4.980955842E1,-1.118638779E1,-5.794450378E-1,-6.051765289E0
4.981959842E1,-9.329199829E0,7.039860535E-1,-5.774242401E0
4.982963842E1,-7.390581207E0,1.598675537E0,-4.694687347E0
4.983967842E1,-6.149811401E0,1.881886597E0,-3.268004150E0
4.984971842E1,-6.053711243E0,1.598226471E0,-2.248174896E0
4.985975842E1,-6.694229279E0,1.001716919E0,-1.765129395E0
4.986979842E1,-7.671097870E0,3.103047180E-1,-1.463806000E0
4.987983842E1,-8.781189423E0,-3.023712158E-1,-1.304537201E0
4.988987842E1,-9.880353699E0,-6.057902527E-1,-1.546434174E0
4.989991842E1,-1.056473053E1,-6.001020813E-1,-2.156116333E0
4.990995842E1,-1.083387085E1,-6.530918884E-1,-2.966830444E0
4.991999979E1,-1.110630432E1,-7.188052368E-1,-3.661685486E0
4.993003979E1,-1.127260849E1,-8.445437622E-1,-4.029470673E0
4.994007979E1,-1.112366821E1,-8.361611938E-1,-3.948489075E0
4.995011979E1,-1.041189835E1,-7.083270264E-1,-3.782783661E0
4.996015979E1,-9.341025238E0,-5.746549988E-1,-3.526366882E0
4.997019979E1,-8.314160614E0,-3.186872864E-1,-3.029550018E0
4.998023979E1,-7.427404633E0,-2.305206299E-2,-2.468067627E0
4.999027979E1,-6.643933868E0,2.565664673E-1,-1.833836517E0
5.000031979E1,-6.162085876E0,5.363346863E-1,-1.394500122E0
5.001035979E1,-6.100713501E0,9.012757874E-1,-1.132993927E0
5.002039979E1,-6.250252533E0,1.448986816E0,-9.452842712E-1
5.003043979E1,-6.306236115E0,1.929337921E0,-8.300239563E-1
5.004048079E1,-6.265221405E0,2.222727814E0,-9.014254761E-1
5.005052079E1,-6.330036621E0,2.261497192E0,-1.027014313E0
5.006056079E1,-6.414011993E0,2.049238586E0,-1.278341675E0
5.007060079E1,-6.512507172E0,1.723366241E0,-1.484912109E0
5.008064079E1,-7.021897888E0,1.328337708E0,-1.621428223E0
5.009068079E1,-7.611072693E0,8.520281982E-1,-1.725312195E0
5.010072079E1,-8.141569519E0,4.785548401E-1,-1.667831726E0
5.011076079E1,-8.521778870E0,4.046086121E-1,-1.518143005E0
5.012080079E1,-8.630452881E0,5.013075256E-1,-1.349144440E0
5.013084079E1,-8.555009766E0,6.445596313E-1,-1.159788208E0
5.014088079E1,-8.425529022E0,7.631130981E-1,-8.470884705E-1
5.015092179E1,-8.485703888E0,7.985893250E-1,-5.102888489E-1
5.016096179E1,-8.920848999E0,7.987390137E-1,-3.135978699E-1
5.017100179E1,-9.476493530E0,8.096662903E-1,-3.393443298E-1
5.018104179E1,-1.003707779E1,6.688092041E-1,-5.071453857E-1
5.019108179E1,-1.029798523E1,4.085005188E-1,-8.159532166E-1
5.020112179E1,-9.956694946E0,7.499404907E-2,-1.082099762E0
5.021116179E1,-9.266031189E0,-2.073188782E-1,-1.257834320E0
5.022120179E1,-8.673563232E0,-1.755848694E-1,-1.359173584E0
5.023124179E1,-8.733738098E0,5.016069031E-1,-1.517693939E0
5.024128179E1,-9.372310181E0,1.704505463E0,-1.322200470E0
5.025132279E1,-1.021415955E1,2.972518616E0,-5.553451538E-1
5.026136279E1,-1.120390137E1,3.983965302E0,3.677851868E-1
5.027140279E1,-1.216849548E1,4.452490997E0,7.679031372E-1
5.028144279E1,-1.293370422E1,4.407883759E0,1.957928467E-1
5.029148279E1,-1.354218887E1,3.823948059E0,-1.035995636E0
5.030152279E1,-1.402209091E1,2.691702576E0,-2.218835907E0
5.031156279E1,-1.442056229E1,1.333277435E0,-3.495081940E0
5.032160279E1,-1.512320114E1,2.634521484E-1,-4.924758911E0
5.033164279E1,-1.542796738E1,2.047741699E-1,-6.245612183E0
5.034168279E1,-1.544278656E1,7.321275330E-1,-7.104076996E0
5.035172279E1,-1.480181946E1,1.380878448E0,-7.017107849E0
5.036176379E1,-1.313234116E1,1.911524963E0,-6.491850128E0
5.037180379E1,-1.117531082E1,1.755100250E0,-5.566474457E0
5.038184379E1,-9.245823212E0,1.201551361E0,-4.513414307E0
5.039188379E1,-7.502698059E0,5.574407959E-1,-3.455564117E0
5.040192379E1,-6.403683472E0,1.083746338E-1,-2.569706268E0
5.041196379E1,-5.831273804E0,-4.805007935E-2,-2.023941193E0
5.042200379E1,-5.964347076E0,1.007405090E-1,-1.761985931E0
5.043204379E1,-6.802005157E0,4.510121155E-1,-1.876348114E0
5.044208379E1,-7.794141998E0,8.352630615E-1,-2.211201782E0
5.045212379E1,-8.712332611E0,8.994795227E-1,-2.512525177E0
5.046216379E1,-9.518406372E0,6.490502930E-1,-2.711162109E0
5.047220479E1,-1.058299255E1,4.903802490E-1,-2.926414490E0
5.048224479E1,-1.082548828E1,6.709048462E-1,-3.412453766E0
5.049228479E1,-1.044213547E1,7.902067566E-1,-3.759432220E0
5.050232479E1,-1.024634262E1,6.095324707E-1,-3.748205566E0
5.051236479E1,-1.000863693E1,3.641926575E-1,-3.576213226E0
5.052240479E1,-9.380393372E0,2.246827698E-1,-3.490890656E0
5.053244479E1,-8.495134277E0,2.198927307E-1,-3.344195709E0
5.054248479E1,-7.580087128E0,3.412902832E-1,-2.938688965E0
5.055252479E1,-6.811435547E0,3.929328918E-1,-2.260599060E0
5.056256479E1,-6.152805176E0,3.219804382E-1,-1.569336548E0
5.057260479E1,-5.829178162E0,1.648072815E-1,-1.021475830E0
5.058264579E1,-5.825435944E0,-1.871109009E-2,-7.397616577E-1
5.059268579E1,-5.962999878E0,-2.303709412E-1,-6.689588928E-1
5.060272579E1,-6.419550476E0,-3.555107117E-1,-7.164102173E-1
5.061276579E1,-6.856791229E0,-4.236190796E-1,-8.532257080E-1
5.062280579E1,-7.215146027E0,-5.607339478E-1,-1.039887543E0
5.063284579E1,-7.528594208E0,-7.524851990E-1,-1.300046539E0
5.064288579E1,-7.831713867E0,-9.307644653E-1,-1.569635925E0
5.065292579E1,-8.057294769E0,-1.029109955E0,-1.740131378E0
5.066296579E1,-8.347391510E0,-1.016087036E0,-1.765279083E0
5.067300579E1,-8.584947510E0,-8.550219727E-1,-1.667083282E0
5.068304579E1,-8.698561249E0,-5.779481506E-1,-1.513951721E0
5.069308679E1,-8.790769501E0,-3.342549133E-1,-1.370998993E0
5.070312679E1,-8.920399933E0,-1.318757629E-1,-1.218316498E0
5.071316679E1,-9.059760132E0,1.064286804E-1,-1.094972992E0
5.072320679E1,-9.062604218E0,3.845503235E-1,-1.072819061E0
5.073324679E1,-8.963061218E0,6.270460510E-1,-1.089584198E0
5.074328679E1,-8.949888611E0,8.776249695E-1,-1.082548828E0
5.075332679E1,-9.029073944E0,1.147962799E0,-9.415420532E-1
5.076336679E1,-9.165140991E0,1.280587006E0,-6.625222778E-1
5.077340679E1,-9.449399872E0,1.271306305E0,-4.914280701E-1
5.078344679E1,-9.700128479E0,1.103804626E0,-6.237528992E-1
5.079348679E1,-9.780511322E0,6.765930176E-1,-1.043629761E0
5.080352779E1,-9.917326813E0,1.743873596E-1,-1.625769196E0
5.081356779E1,-1.025637177E1,-3.579057312E-1,-1.968406677E0
5.082360779E1,-1.083012863E1,-1.009051666E0,-1.702559509E0
5.083364779E1,-1.149489624E1,-1.667232971E0,-9.855505371E-1
5.084368779E1,-1.208781326E1,-1.988315277E0,-1.577719116E-1
5.085372779E1,-1.269510040E1,-1.829046478E0,5.185217285E-1
5.086376779E1,-1.337528595E1,-1.268911285E0,6.544390869E-1
5.087380779E1,-1.396580795E1,-5.998027039E-1,7.978408813E-2
5.088384779E1,-1.437071594E1,-1.272354126E-1,-1.075663147E0
5.089388779E1,-1.432446213E1,5.568420410E-2,-2.353705444E0
5.090392879E1,-1.367645966E1,-1.734892273E-1,-3.320993958E0
5.091396879E1,-1.307890228E1,-7.488926697E-1,-4.030219116E0
5.092400833E1,-1.289613235E1,-1.420396271E0,-4.744533691E0
5.093404833E1,-1.292262726E1,-1.704804840E0,-5.389093323E0
5.094408833E1,-1.252026398E1,-1.241817627E0,-5.668262787E0
5.095412833E1,-1.145627655E1,-1.987866211E-1,-5.780679016E0
5.096416833E1,-1.007524841E1,1.098116455E0,-5.649102631E0
5.097420833E1,-8.452472992E0,2.187101898E0,-5.137017517E0
5.098424833E1,-6.770420837E0,2.856210480E0,-4.245172119E0
5.099428833E1,-5.855373688E0,2.879112854E0,-3.293900299E0
5.100432833E1,-5.991291046E0,2.262245636E0,-2.567910004E0
5.101436933E1,-6.707701263E0,1.397194519E0,-2.138153687E0
5.102440933E1,-7.868237915E0,4.617897034E-1,-1.792372742E0
5.103444933E1,-9.163793793E0,-1.927990723E-1,-1.711241455E0
5.104448933E1,-1.043704605E1,-5.867797852E-1,-1.832339630E0
5.105452933E1,-1.146855103E1,-7.996371460E-1,-2.166893921E0
5.106456933E1,-1.195563812E1,-1.071771240E0,-2.746338959E0
5.107460933E1,-1.235680389E1,-1.377285919E0,-3.389701080E0
5.108464933E1,-1.254376511E1,-1.566342773E0,-3.781885529E0
5.109468933E1,-1.211879883E1,-1.571282501E0,-3.834276581E0
5.110472933E1,-1.125210114E1,-1.433568878E0,-3.532354431E0
5.111477033E1,-1.021939865E1,-1.234632568E0,-2.943628693E0
5.112481033E1,-9.122030640E0,-8.517288208E-1,-2.342329102E0
5.113485033E1,-8.127648468E0,-3.552113342E-1,-2.075284424E0
5.114489033E1,-7.367379456E0,2.522254944E-1,-1.921404419E0
5.115493033E1,-6.756050720E0,8.545729065E-1,-1.680854645E0
5.116497033E1,-6.441255341E0,1.418899384E0,-1.419049072E0
5.117501033E1,-6.274202728E0,1.897753601E0,-1.103954315E0
5.118505033E1,-6.045178986E0,2.196382599E0,-7.743397522E-1
5.119509033E1,-5.900280304E0,2.303410034E0,-5.786965942E-1
5.120513033E1,-5.756878510E0,2.258054352E0,-6.277944946E-1
5.121517033E1,-5.771997070E0,2.035317535E0,-7.740403748E-1
5.122521133E1,-6.017785950E0,1.701212311E0,-9.512718201E-1
5.123525133E1,-6.504573669E0,1.293609924E0,-1.175056458E0
5.124529133E1,-7.207661591E0,9.066645813E-1,-1.270857239E0
5.125533133E1,-7.960895233E0,7.261399841E-1,-1.292262726E0
5.126537133E1,-8.554261322E0,7.283853149E-1,-1.328786774E0
5.127541133E1,-8.796757050E0,8.584648132E-1,-1.395547943E0
5.128545133E1,-8.678353271E0,1.100212097E0,-1.577270050E0
5.129549133E1,-8.584498444E0,1.278790741E0,-1.512305145E0
5.130553133E1,-8.673263855E0,1.278191986E0,-1.037642212E0
5.131557133E1,-8.830886078E0,1.238823853E0,-4.736151123E-1
5.132561133E1,-9.283993835E0,1.219514008E0,-5.224136353E-2
5.133565233E1,-9.904154205E0,1.221909027E0,3.429368591E-1
5.134569233E1,-1.027732819E1,1.081351318E0,4.917274475E-1
5.135573233E1,-1.030996033E1,7.246430969E-1,2.255809021E-1
5.136577233E1,-1.009081604E1,3.100053406E-1,-4.361929321E-1
5.137581233E1,-9.687704315E0,-4.460723877E-2,-1.119372253E0
5.138585233E1,-9.251661072E0,-1.989363098E-1,-1.638043671E0
5.139589233E1,-8.910071411E0,2.290237427E-2,-2.108215942E0
5.140593233E1,-8.622519379E0,6.295907593E-1,-2.038011932E0
5.141597233E1,-8.588090973E0,1.637145538E0,-1.397643585E0
5.142601233E1,-9.317075043E0,2.553390198E0,-2.531236267E-1
5.143605333E1,-1.050904633E1,3.025957489E0,8.705895996E-1
5.144609333E1,-1.150223099E1,3.190615082E0,1.254391479E0
5.145613333E1,-1.221055801E1,2.668949890E0,1.016985168E0
5.146617333E1,-1.282338364E1,1.771416321E0,3.626957703E-1
5.147621333E1,-1.321960968E1,7.587721252E-1,-1.402583313E-1
5.148625333E1,-1.353694977E1,-1.499880981E-1,-4.414320374E-1
5.149629333E1,-1.369771545E1,-6.472540283E-1,-8.692424011E-1
5.150633333E1,-1.370475082E1,-5.887257385E-1,-1.616787872E0
5.151637333E1,-1.377390701E1,3.983216858E-1,-2.740950165E0
5.152641333E1,-1.385024826E1,1.897454224E0,-3.919000397E0
5.153645333E1,-1.338651260E1,2.988086243E0,-4.475692749E0
5.154649433E1,-1.238808884E1,3.404220886E0,-4.923112335E0
5.155653433E1,-1.117096985E1,3.025059357E0,-5.735023956E0
5.156657433E1,-1.020966888E1,1.923500061E0,-6.282884674E0
5.157661433E1,-9.405990143E0,6.857240295E-1,-6.150260468E0
5.158665433E1,-8.703201599E0,-1.826202393E-2,-5.453609161E0
5.159669433E1,-8.163124695E0,-7.843688965E-2,-4.589156799E0
5.160673433E1,-7.754624176E0,1.386117554E-1,-3.641028442E0
5.161677433E1,-7.458539886E0,2.839595032E-1,-2.655328217E0
5.162681433E1,-7.660170593E0,4.498146057E-1,-1.827549591E0
5.163685433E1,-8.269553375E0,6.682104492E-1,-1.608255615E0
5.164689533E1,-9.159003754E0,9.584568787E-1,-1.958377533E0
5.165693533E1,-1.024649231E1,1.288969574E0,-2.816243591E0
5.166697533E1,-1.104732697E1,1.429676971E0,-3.726051636E0
5.167701533E1,-1.123952728E1,1.300495605E0,-4.320315857E0
5.168705533E1,-1.092128906E1,9.398954773E-1,-4.399501190E0
5.169709533E1,-1.033211426E1,8.132588196E-1,-4.262985077E0
5.170713533E1,-9.270671539E0,9.837542725E-1,-4.085454254E0
5.171717533E1,-7.995323639E0,1.016685791E0,-3.800746307E0
5.172721533E1,-7.063960419E0,9.306147766E-1,-3.302582245E0
5.173725533E1,-6.520590363E0,8.264314270E-1,-2.597548370E0
5.174729533E1,-6.198160858E0,7.936495972E-1,-1.882934418E0
5.175733633E1,-6.106401672E0,7.623646545E-1,-1.334175568E0
5.176737633E1,-6.135441284E0,6.215075684E-1,-9.541159058E-1
5.177741633E1,-6.235732727E0,3.858975220E-1,-7.506889343E-1
5.178745633E1,-6.518045654E0,8.217910767E-2,-6.794371033E-1
5.179749633E1,-6.930587769E0,-1.971400452E-1,-7.759863281E-1
5.180753633E1,-7.164251862E0,-4.086502075E-1,-1.059047699E0
5.181757633E1,-7.270979919E0,-6.459068298E-1,-1.320404205E0
5.182761633E1,-7.514224091E0,-9.184899902E-1,-1.454375610E0
5.183765633E1,-7.793692932E0,-1.071471863E0,-1.568737793E0
5.184769633E1,-8.164322205E0,-1.134341125E0,-1.509011993E0
5.185773733E1,-8.639583893E0,-1.142424316E0,-1.485211487E0
5.186777733E1,-9.006770325E0,-1.020278320E0,-1.501527557E0
5.187781733E1,-9.275461578E0,-8.234376526E-1,-1.499731293E0
5.188785733E1,-9.339228973E0,-4.790039062E-1,-1.363963623E0
5.189789733E1,-9.313332825E0,-1.799258423E-1,-1.103205872E0
5.190793733E1,-9.315578156E0,-2.409988403E-2,-9.080117798E-1
5.191797733E1,-9.222471771E0,7.723937988E-2,-7.984396362E-1
5.192801692E1,-9.084309082E0,3.246748352E-1,-6.755451965E-1
5.193805692E1,-8.985065460E0,6.240522766E-1,-6.011499023E-1
5.194809692E1,-8.907077637E0,8.150550842E-1,-5.968089294E-1
5.195813792E1,-8.843908997E0,7.942483521E-1,-5.709127808E-1
5.196817792E1,-8.799002380E0,6.584806824E-1,-5.418731689E-1
5.197821792E1,-8.752598877E0,5.869294739E-1,-5.535488892E-1
5.198825792E1,-8.670569458E0,5.492079163E-1,-6.021977234E-1
5.199829792E1,-8.701405334E0,4.526586914E-1,-8.047265625E-1
5.200833792E1,-9.107810211E0,3.097059631E-1,-1.080752563E0
5.201837792E1,-9.722132721E0,1.047821045E-3,-1.336869965E0
5.202841792E1,-1.029319519E1,-4.978646851E-1,-1.275048523E0
5.203845792E1,-1.091709778E1,-9.915380859E-1,-8.231382751E-1
5.204849792E1,-1.173065598E1,-1.253044281E0,-2.424957275E-1
5.205853792E1,-1.264989441E1,-1.220262451E0,1.883084106E-1
5.206857892E1,-1.350297043E1,-9.851014709E-1,2.540217590E-1
5.207861892E1,-1.415007477E1,-5.792953491E-1,-8.143066406E-2
5.208865892E1,-1.445064972E1,-2.041754150E-1,-6.716532898E-1
5.209869892E1,-1.421518936E1,2.080673218E-2,-1.287921753E0
5.210873892E1,-1.352826782E1,-4.625381470E-2,-1.746118927E0
5.211877892E1,-1.287173309E1,-1.505868530E-1,-2.120191040E0
5.212881892E1,-1.258507919E1,-5.572911072E-1,-2.608475647E0
5.213885892E1,-1.267549118E1,-1.360371094E0,-3.392844543E0
5.214889892E1,-1.285227356E1,-2.172881470E0,-4.577930145E0
5.215893892E1,-1.283341278E1,-2.455044708E0,-5.770200806E0
5.216897992E1,-1.225082428E1,-1.657203827E0,-6.558611298E0
5.217901992E1,-1.074181229E1,-7.933502197E-3,-6.579867096E0
5.218905992E1,-8.897198181E0,1.413061523E0,-5.712420959E0
5.219909992E1,-7.155869293E0,2.157164154E0,-4.392316132E0
5.220913992E1,-6.023174744E0,2.032024384E0,-3.132386169E0
5.221917992E1,-6.027515717E0,1.487307129E0,-2.207758942E0
5.222921992E1,-6.787036285E0,1.240620117E0,-1.849853210E0
5.223925992E1,-7.760162659E0,1.017284546E0,-1.899400177E0
5.224929992E1,-9.033265228E0,5.153782654E-1,-1.925146637E0
5.225933992E1,-1.038585251E1,3.532653809E-2,-1.911824341E0
5.226937992E1,-1.148875900E1,-3.924838257E-1,-2.058818665E0
5.227942092E1,-1.216131042E1,-7.484436035E-1,-2.491718445E0
5.228946092E1,-1.245260468E1,-1.072369995E0,-3.115321655E0
5.229950092E1,-1.246667542E1,-1.405427399E0,-3.725901947E0
5.230954092E1,-1.222537720E1,-1.721420288E0,-3.973038025E0
5.231958092E1,-1.135538635E1,-1.736987915E0,-3.823648682E0
5.232962092E1,-1.004890320E1,-1.454375610E0,-3.425925751E0
5.233966092E1,-8.678952026E0,-1.015787659E0,-2.828368378E0
5.234970092E1,-7.563771057E0,-5.382806396E-1,-2.376009064E0
5.235974092E1,-6.657705231E0,-1.068777466E-1,-2.010618896E0
5.236978092E1,-5.995781708E0,4.293072510E-1,-1.736987915E0
5.237982192E1,-5.692662048E0,9.705816650E-1,-1.448238373E0
5.238986192E1,-5.637426910E0,1.617536316E0,-1.144969025E0
5.239990192E1,-5.580694885E0,2.163151703E0,-8.354127502E-1
5.240994192E1,-5.619164886E0,2.369273071E0,-6.101312256E-1
5.241998192E1,-5.687872009E0,2.389331360E0,-5.845344543E-1
5.243002192E1,-5.842500458E0,2.314337311E0,-7.533833313E-1
5.244006192E1,-6.095025330E0,2.040856018E0,-1.005010071E0
5.245010192E1,-6.552024994E0,1.568737793E0,-1.267713776E0
5.246014192E1,-7.274273071E0,1.106199646E0,-1.509910126E0
5.247018192E1,-8.018824768E0,7.394622803E-1,-1.581012268E0
5.248022292E1,-8.734336853E0,4.742138672E-1,-1.477876740E0
5.249026292E1,-9.238488464E0,3.182382202E-1,-1.245260468E0
5.250030292E1,-9.466913452E0,1.790277100E-1,-1.006956024E0
5.251034292E1,-9.607022095E0,5.703140259E-2,-8.381071472E-1
5.252038292E1,-9.525591431E0,6.182144165E-2,-8.018824768E-1
5.253042292E1,-9.481433258E0,7.634124756E-2,-7.659571838E-1
5.254046292E1,-9.617200928E0,3.517684937E-2,-5.989045715E-1
5.255050292E1,-9.777667236E0,6.092330933E-2,-3.501219177E-1
5.256054292E1,-1.000923569E1,1.469943237E-1,-8.951385498E-2
5.257058292E1,-1.018931122E1,2.424957275E-1,9.145980835E-2
5.258062392E1,-1.012404694E1,3.790118408E-1,1.561253357E-1
5.259066392E1,-9.764045563E0,5.929170227E-1,-5.313949585E-2
5.260070392E1,-9.325607300E0,8.421487427E-1,-6.556365967E-1
5.261074392E1,-9.158404999E0,1.210083618E0,-1.332229614E0
5.262078392E1,-9.448352051E0,1.761686554E0,-1.551673279E0
5.263082392E1,-9.922416229E0,2.467618561E0,-1.399739227E0
5.264086392E1,-1.077175003E1,2.918181610E0,-8.949888611E-1
5.265090392E1,-1.160746216E1,2.932102661E0,-3.332070923E-1
5.266094392E1,-1.234707413E1,2.950813751E0,-2.263293457E-1
5.267098392E1,-1.289927582E1,2.738704834E0,-4.074526978E-1
5.268102392E1,-1.325044556E1,2.167492676E0,-1.008602600E0
5.269106492E1,-1.356404343E1,1.502725067E0,-2.068847809E0
5.270110492E1,-1.403077286E1,1.069525909E0,-3.607947235E0
5.271114492E1,-1.458821365E1,1.228645020E0,-5.379513245E0
5.272118492E1,-1.483190689E1,1.468296661E0,-6.605463867E0
5.273122492E1,-1.437730225E1,1.386716309E0,-6.637946320E0
5.274126492E1,-1.295989975E1,1.217268677E0,-6.030060425E0
5.275130492E1,-1.107067841E1,1.067430267E0,-5.289400635E0
5.276134492E1,-9.145681458E0,9.494755554E-1,-4.563560028E0
5.277138492E1,-7.691455536E0,3.673361206E-1,-3.774550781E0
5.278142492E1,-7.089706879E0,1.748364258E-1,-3.258424072E0
5.279146592E1,-7.027286682E0,6.032455444E-1,-3.117267609E0
5.280150592E1,-7.389383698E0,1.045575714E0,-3.021915894E0
5.281154592E1,-7.986641693E0,1.223405914E0,-2.886896667E0
5.282158592E1,-8.575517120E0,1.103056183E0,-2.779569855E0
5.283162592E1,-9.191635895E0,9.208850098E-1,-2.699636078E0
5.284166592E1,-9.613907776E0,8.102650452E-1,-2.671344910E0
5.285170592E1,-1.006941055E1,7.003935242E-1,-2.602787476E0
5.286174592E1,-1.038884628E1,5.875282288E-1,-2.714455261E0
5.287178592E1,-1.019514908E1,7.899073792E-1,-3.026256866E0
5.288182592E1,-9.818083191E0,1.148262177E0,-3.347937927E0
5.289186692E1,-9.292526093E0,1.180295563E0,-3.548969879E0
5.290190692E1,-9.048982544E0,9.202862549E-1,-3.433709564E0
5.291194692E1,-8.705746307E0,5.830375671E-1,-3.165766754E0
5.292198692E1,-8.184979248E0,3.118016052E-1,-2.778671722E0
5.293202667E1,-7.651189270E0,1.392105103E-1,-2.233355713E0
5.294206667E1,-7.157665558E0,1.377136230E-2,-1.607956238E0
5.295210667E1,-6.770420837E0,-1.073268127E-1,-9.993218994E-1
5.296214667E1,-6.605613556E0,-2.251318359E-1,-6.584806824E-1
5.297218667E1,-6.651567993E0,-3.156935120E-1,-6.084846497E-1
5.298222667E1,-6.933581543E0,-3.670367432E-1,-8.352630615E-1
5.299226767E1,-7.287894745E0,-4.079017639E-1,-1.201251984E0
5.300230767E1,-7.482041016E0,-4.207749939E-1,-1.501527557E0
5.301234767E1,-7.531288605E0,-4.915777588E-1,-1.654210052E0
5.302238767E1,-7.666607208E0,-5.559439087E-1,-1.642234955E0
5.303242767E1,-7.870483246E0,-5.538482666E-1,-1.506018219E0
5.304246767E1,-8.212821350E0,-5.551954651E-1,-1.282682648E0
5.305250767E1,-8.578211517E0,-5.716612244E-1,-1.051862640E0
5.306254767E1,-8.826245728E0,-5.289999390E-1,-9.223818970E-1
5.307258767E1,-8.931327209E0,-4.619393921E-1,-8.893006897E-1
5.308262767E1,-8.989556122E0,-4.239184570E-1,-8.340655518E-1
5.309266867E1,-8.959768066E0,-4.068539429E-1,-7.830216980E-1
5.310270867E1,-8.831035767E0,-3.350033569E-1,-8.036787415E-1
5.311274867E1,-8.687633972E0,-1.847158813E-1,-7.680528259E-1
5.312278867E1,-8.585546265E0,-5.239105225E-3,-6.679110718E-1
5.313282867E1,-8.609346771E0,1.667532349E-1,-4.929249573E-1
5.314286867E1,-8.757388916E0,3.339555359E-1,-4.408332825E-1
5.315290867E1,-8.984466705E0,4.993615723E-1,-4.159849548E-1
5.316294867E1,-9.300459595E0,6.114784241E-1,-3.938310242E-1
5.317298867E1,-9.600286102E0,6.791377258E-1,-4.309538269E-1
5.318302967E1,-9.768985291E0,6.706054688E-1,-6.831793213E-1
5.319306967E1,-9.799521790E0,4.284091187E-1,-1.044228516E0
5.320310967E1,-1.002225861E1,-1.170565796E-1,-1.435514832E0
5.321314967E1,-1.056682617E1,-7.592211914E-1,-1.683848419E0
5.322318967E1,-1.135897888E1,-1.229692841E0,-1.462758179E0
5.323322967E1,-1.204036194E1,-1.482517090E0,-8.440946960E-1
5.324326967E1,-1.250798950E1,-1.296753387E0,-1.755848694E-1
5.325330967E1,-1.267294647E1,-6.477030945E-1,1.517843628E-1
5.326334967E1,-1.293130920E1,2.534230042E-1,8.786727905E-2
5.327338967E1,-1.328562241E1,1.136137390E0,-4.138893127E-1
5.328343067E1,-1.332379303E1,1.713786163E0,-1.195563812E0
5.329347067E1,-1.294478119E1,1.597178650E0,-1.965412903E0
5.330351067E1,-1.263672180E1,5.839356995E-1,-2.686313782E0
5.331355067E1,-1.291214905E1,-6.282435608E-1,-3.577710114E0
5.332359067E1,-1.361628479E1,-1.602717133E0,-4.600832520E0
5.333363067E1,-1.407178757E1,-2.191143494E0,-5.448070679E0
5.334367067E1,-1.365670074E1,-1.878743134E0,-6.269412689E0
5.335371067E1,-1.201536392E1,-6.080355835E-1,-6.750212860E0
5.336375067E1,-9.761051788E0,6.647676086E-1,-6.295308838E0
5.337379067E1,-7.696844330E0,1.384470978E0,-4.997357941E0
5.338383167E1,-6.352489929E0,1.655257874E0,-3.720962219E0
5.339387167E1,-6.217171326E0,1.483115845E0,-2.798280945E0
5.340391167E1,-6.944359131E0,1.110690308E0,-2.195035400E0
5.341395167E1,-7.810009003E0,7.774832153E-1,-1.914668427E0
5.342399167E1,-8.746611328E0,4.284091187E-1,-1.766326904E0
5.343403167E1,-9.546547852E0,1.487905884E-1,-1.711989899E0
5.344407167E1,-1.002076172E1,-1.041833496E-1,-1.736688538E0
5.345411167E1,-1.045665527E1,-3.644920349E-1,-2.056872711E0
5.346415167E1,-1.085812042E1,-5.495072937E-1,-2.624941406E0
5.347419267E1,-1.092892319E1,-7.527845764E-1,-3.215014343E0
5.348423267E1,-1.077189972E1,-9.437873840E-1,-3.708388367E0
5.349427267E1,-1.066606979E1,-1.059646454E0,-3.848047943E0
5.350431267E1,-1.022119492E1,-9.092092896E-1,-3.611390076E0
5.351435267E1,-9.378148041E0,-6.122268677E-1,-3.089425507E0
5.352439267E1,-8.569379883E0,-3.194357300E-1,-2.577041016E0
5.353443267E1,-7.882757721E0,8.098159790E-2,-2.204316101E0
5.354447267E1,-7.419620819E0,5.240602112E-1,-1.927841034E0
5.355451267E1,-7.005581818E0,1.030307465E0,-1.687440948E0
5.356455267E1,-6.905440063E0,1.512903900E0,-1.437610474E0
5.357459367E1,-7.001240845E0,1.774559784E0,-1.259780273E0
5.358463367E1,-6.990313568E0,1.822310486E0,-1.126856689E0
5.359467367E1,-6.920408936E0,1.828896790E0,-1.061742096E0
5.360471367E1,-6.847211151E0,1.675166473E0,-1.090482330E0
5.361475367E1,-6.819219360E0,1.460512848E0,-1.265468445E0
5.362479367E1,-6.876849518E0,1.175954590E0,-1.407672729E0
5.363483367E1,-7.161108398E0,8.910969543E-1,-1.560504913E0
5.364487367E1,-7.635621643E0,7.511380005E-1,-1.644031219E0
5.365491367E1,-8.079299011E0,6.420149231E-1,-1.562450867E0
5.366495467E1,-8.362360382E0,6.117778015E-1,-1.445543976E0
5.367499467E1,-8.504265289E0,6.339317322E-1,-1.258882141E0
5.368503467E1,-8.633147278E0,6.794371033E-1,-1.097667389E0
5.369507467E1,-8.810229034E0,8.575666809E-1,-9.818083191E-1
5.370511467E1,-8.986562347E0,1.048270111E0,-9.000782776E-1
5.371515467E1,-9.054970093E0,1.071322174E0,-7.710466003E-1
5.372519467E1,-9.048982544E0,9.927355957E-1,-6.741979980E-1
5.373523467E1,-8.983119507E0,8.660989380E-1,-6.403683472E-1
5.374527467E1,-9.005572815E0,7.123686218E-1,-4.546046448E-1
5.375531467E1,-9.138047333E0,7.068301392E-1,-1.615141296E-1
5.376535567E1,-9.206305389E0,7.306306458E-1,5.194198608E-2
5.377539567E1,-9.189091187E0,6.725514221E-1,6.376739502E-2
5.378543567E1,-9.049730988E0,5.056484985E-1,-5.733078003E-2
5.379547567E1,-8.970246277E0,3.872447205E-1,-3.085084534E-1
5.380551567E1,-9.135802002E0,5.465135193E-1,-8.897497559E-1
5.381555567E1,-9.615105286E0,9.876461792E-1,-1.496438141E0
5.382559567E1,-1.035980667E1,1.719773712E0,-1.714983673E0
5.383563567E1,-1.122845032E1,2.507884827E0,-1.473236389E0
5.384567567E1,-1.212358887E1,3.088527374E0,-9.648934937E-1
5.385571667E1,-1.283071838E1,3.340752869E0,-6.418652344E-1
5.386575667E1,-1.308533890E1,3.203338623E0,-6.161187744E-1
5.387579667E1,-1.317979248E1,2.644700317E0,-8.469387817E-1
5.388583667E1,-1.318997131E1,2.045047302E0,-1.300345917E0
5.389587667E1,-1.311467789E1,1.403930511E0,-1.806293793E0
5.390591667E1,-1.314566345E1,9.261241150E-1,-2.362686768E0
5.391595667E1,-1.321990906E1,1.230590973E0,-3.107687531E0
5.392599771E1,-1.304986267E1,2.370620270E0,-3.971840515E0
5.393603771E1,-1.225157272E1,3.057841187E0,-4.597988434E0
5.394607871E1,-1.153171967E1,2.807262268E0,-5.354964294E0
5.395611871E1,-1.100795883E1,2.040257263E0,-5.986351318E0
5.396615871E1,-1.042626846E1,1.055904236E0,-6.160139923E0
5.397619871E1,-9.550140381E0,2.146536255E-1,-5.636528778E0
5.398623871E1,-8.716523895E0,-1.700463867E-1,-4.732708282E0
5.399627871E1,-8.066874847E0,-2.401007080E-1,-3.670367432E0
5.400631871E1,-7.838599548E0,-2.616558838E-1,-2.812501373E0
5.401635871E1,-8.117170258E0,-4.105961609E-1,-2.312391357E0
5.402639871E1,-8.691376190E0,-3.712280273E-1,-2.261796570E0
5.403643971E1,-9.420360260E0,-1.291813660E-1,-2.696492615E0
5.404647971E1,-1.000549347E1,4.385879517E-2,-3.254382477E0
5.405651971E1,-1.046907944E1,3.462300110E-1,-3.717818756E0
5.406655971E1,-1.044438080E1,9.154962158E-1,-4.110302582E0
5.407659971E1,-9.841883698E0,1.354832611E0,-4.181704102E0
5.408663971E1,-9.226213989E0,1.530118103E0,-3.836521912E0
5.409667971E1,-8.613538055E0,1.643432465E0,-3.373684387E0
5.410671971E1,-7.981252899E0,1.686243439E0,-2.938389587E0
5.411675971E1,-7.407645721E0,1.640289001E0,-2.638263702E0
5.412680071E1,-7.057972870E0,1.507515106E0,-2.400707703E0
5.413684071E1,-6.808441772E0,1.262025604E0,-2.096839600E0
5.414688071E1,-6.769672394E0,1.022074585E0,-1.725761261E0
5.415692071E1,-6.747817841E0,8.292755127E-1,-1.365011444E0
5.416696071E1,-6.782845001E0,5.993536377E-1,-1.099912720E0
5.417700071E1,-7.003486176E0,2.830613708E-1,-8.969348145E-1
5.418704071E1,-7.273674316E0,-1.871109009E-2,-8.210426331E-1
5.419708071E1,-7.499404907E0,-3.040177917E-1,-9.556127930E-1
5.420712071E1,-7.813451843E0,-6.406677246E-1,-1.166075134E0
5.421716171E1,-8.215665436E0,-9.476792908E-1,-1.370250549E0
5.422720171E1,-8.557105408E0,-1.082997894E0,-1.558409271E0
5.423724171E1,-8.773106232E0,-1.087189178E0,-1.751358032E0
5.424728171E1,-8.892557831E0,-9.473799133E-1,-1.864373016E0
5.425732171E1,-8.929830322E0,-7.518864441E-1,-1.789229279E0
5.426736171E1,-8.970695343E0,-4.303550720E-1,-1.627266083E0
5.427740171E1,-9.010063477E0,-9.580078125E-3,-1.484013977E0
5.428744171E1,-9.061406708E0,3.787124634E-1,-1.316811676E0
5.429748171E1,-9.113049316E0,6.207591248E-1,-1.098116455E0
5.430752271E1,-9.137149200E0,7.490423584E-1,-8.970845032E-1
5.431756271E1,-9.187444611E0,8.797206116E-1,-8.081694031E-1
5.432760271E1,-9.204958191E0,8.753796387E-1,-7.776329041E-1
5.433764271E1,-9.158554688E0,8.205935669E-1,-8.192463684E-1
5.434768271E1,-9.031768341E0,7.072792053E-1,-7.494914246E-1
5.435772271E1,-8.952882385E0,6.283932495E-1,-6.042933655E-1
5.436776271E1,-9.024882660E0,6.083349609E-1,-4.578977966E-1
5.437780271E1,-9.195078735E0,6.930587769E-1,-3.668870544E-1
5.438784271E1,-9.347461853E0,8.035290527E-1,-4.134402466E-1
5.439788371E1,-9.487570496E0,7.758366394E-1,-6.072871399E-1
5.440792371E1,-9.561217346E0,5.212161255E-1,-9.716294861E-1
5.441796371E1,-9.715396729E0,7.544311523E-2,-1.444047089E0
5.442800371E1,-9.909542999E0,-4.321513367E-1,-1.666185150E0
5.443804371E1,-1.024020538E1,-8.726852417E-1,-1.528022461E0
5.444808371E1,-1.077519287E1,-1.263372803E0,-1.254092102E0
5.445812371E1,-1.148262177E1,-1.384321289E0,-1.085093536E0
5.446816371E1,-1.233704498E1,-1.259031830E0,-1.002764740E0
5.447820371E1,-1.319940170E1,-9.737251282E-1,-1.115779724E0
5.448824471E1,-1.383423157E1,-6.472540283E-1,-1.660646667E0
5.449828471E1,-1.400427795E1,-4.002676392E-1,-2.571352844E0
5.450832471E1,-1.383722534E1,-2.974314880E-1,-3.809727631E0
5.451836471E1,-1.370220612E1,-3.540138245E-1,-4.771477661E0
5.452840471E1,-1.391626099E1,-8.171507263E-1,-4.943919067E0
5.453844471E1,-1.419902298E1,-1.430575104E0,-4.734953613E0
5.454848471E1,-1.377211075E1,-1.359173584E0,-4.465064850E0
5.455852471E1,-1.241727814E1,-5.397775269E-1,-4.296515350E0
5.456856571E1,-1.076366684E1,5.104385376E-1,-4.343367920E0
5.457860571E1,-9.067993011E0,1.617835693E0,-4.305945740E0
5.458864571E1,-7.428153076E0,2.661315765E0,-3.957320709E0
5.459868571E1,-6.180048523E0,3.506907349E0,-3.425776062E0
5.460872571E1,-5.746250610E0,3.750899963E0,-2.908900909E0
5.461876571E1,-5.818550262E0,3.144960022E0,-2.435136108E0
5.462880571E1,-6.514004059E0,1.951042786E0,-2.035916290E0
5.463884571E1,-7.688461761E0,9.530680847E-1,-1.911974030E0
5.464888571E1,-8.995094604E0,1.513352966E-1,-2.037862244E0
5.465892671E1,-1.019709503E1,-5.724096680E-1,-2.486479340E0
5.466896671E1,-1.138173157E1,-8.241860962E-1,-3.250789948E0
5.467900671E1,-1.203437439E1,-4.342469788E-1,-4.043990479E0
5.468904671E1,-1.193947174E1,1.916015625E-2,-4.392615509E0
5.469908671E1,-1.136137390E1,1.499880981E-1,-4.250860291E0
5.470912671E1,-1.073612411E1,4.700225830E-2,-3.918551331E0
5.471916671E1,-1.011222153E1,3.502716064E-2,-3.519181824E0
5.472920671E1,-9.384584656E0,-1.317260742E-2,-2.909799042E0
5.473924771E1,-8.439300385E0,2.694396973E-3,-2.343376923E0
5.474928771E1,-7.637866974E0,1.740879822E-1,-1.895807648E0
5.475932771E1,-7.065606995E0,5.049000549E-1,-1.591340790E0
5.476936771E1,-6.588698730E0,8.312214661E-1,-1.359622650E0
5.477940771E1,-6.491401062E0,1.017583923E0,-1.090182953E0
5.478944771E1,-6.687044220E0,1.293759613E0,-8.129594421E-1
5.479948771E1,-6.892417145E0,1.592987366E0,-4.998106384E-1
5.480952771E1,-6.884483643E0,1.711690521E0,-3.638932800E-1
5.481956771E1,-6.918462982E0,1.700613556E0,-6.024971008E-1
5.482960871E1,-7.080575867E0,1.583856354E0,-1.029409332E0
5.483964871E1,-7.373516693E0,1.410666504E0,-1.458716583E0
5.484968871E1,-7.883206787E0,1.098715210E0,-1.865271149E0
5.485972871E1,-8.519234161E0,8.123606873E-1,-2.164648590E0
5.486976871E1,-9.009315033E0,6.589297485E-1,-2.235301666E0
5.487980871E1,-9.229656830E0,6.427633667E-1,-2.085612946E0
5.488984871E1,-9.149273987E0,6.866221619E-1,-1.861079865E0
5.489988871E1,-8.848848724E0,8.092172241E-1,-1.639390869E0
5.490992871E1,-8.555907898E0,1.023721161E0,-1.351988525E0
5.491996971E1,-8.449329529E0,1.251846771E0,-1.058448944E0
5.493000967E1,-8.475824432E0,1.373843079E0,-7.870632935E-1
5.494004967E1,-8.589138794E0,1.298250275E0,-5.397775269E-1
5.495008967E1,-8.832083588E0,1.153650970E0,-3.909869385E-1
5.496012967E1,-9.084758148E0,1.188229065E0,-5.219645691E-1
5.497016967E1,-9.376950531E0,1.267264709E0,-7.482939148E-1
5.498020967E1,-9.651779022E0,1.312321014E0,-8.628057861E-1
5.499024967E1,-9.724378052E0,1.190025330E0,-1.000519409E0
5.500029067E1,-9.628427582E0,1.007405090E0,-1.109343109E0
5.501033067E1,-9.595945129E0,9.303153992E-1,-1.197210388E0
5.502037067E1,-9.628427582E0,9.605525208E-1,-1.370849304E0
5.503041067E1,-9.952353973E0,1.202748871E0,-1.618733826E0
5.504045067E1,-1.046713348E1,1.780547333E0,-1.917662201E0
5.505049067E1,-1.077234879E1,2.183659058E0,-1.987716522E0
5.506053067E1,-1.104193817E1,2.311642914E0,-1.733245697E0
5.507057067E1,-1.141376495E1,2.258353729E0,-1.263971558E0
5.508061167E1,-1.185564606E1,2.205812988E0,-8.568182373E-1
5.509065167E1,-1.240141113E1,2.110461273E0,-8.662486267E-1
5.510069167E1,-1.312231201E1,2.027683411E0,-1.773212585E0
5.511073167E1,-1.370220612E1,1.974693604E0,-3.289259949E0
5.512077167E1,-1.399335068E1,2.010020142E0,-4.839436340E0
5.513081167E1,-1.375564499E1,2.160157928E0,-5.620362396E0
5.514085167E1,-1.322290283E1,2.134261780E0,-5.540278931E0
5.515089167E1,-1.187375839E1,2.056723022E0,-5.307363281E0
5.516093267E1,-1.020472916E1,1.923799438E0,-5.011728058E0
5.517097267E1,-8.964857483E0,1.819466400E0,-4.441114655E0
5.518101267E1,-8.177045746E0,1.775008850E0,-3.804638214E0
5.519105267E1,-7.717052307E0,1.654060364E0,-3.229683838E0
5.520109267E1,-7.591613159E0,1.415905609E0,-2.940335541E0
5.521113267E1,-7.600594482E0,1.147513733E0,-2.744842072E0
5.522117267E1,-7.824528809E0,1.014440460E0,-2.424657898E0
5.523121267E1,-8.106991425E0,1.166075134E0,-2.194736023E0
5.524125267E1,-8.348289642E0,1.454974365E0,-2.258054352E0
5.525129367E1,-8.642278290E0,1.729204102E0,-2.487377472E0
5.526133367E1,-8.960516510E0,1.909129944E0,-2.808908844E0
5.527137367E1,-9.335636444E0,1.918560333E0,-3.169808350E0
5.528141367E1,-9.720486145E0,1.809137878E0,-3.495531006E0
5.529145367E1,-1.000893631E1,1.651815033E0,-3.739523621E0
5.530149367E1,-1.003857468E1,1.376836853E0,-3.742816772E0
5.531153367E1,-9.910590820E0,9.919871521E-1,-3.654201050E0
5.532157367E1,-9.663155365E0,5.981561279E-1,-3.605701904E0
5.533161467E1,-9.139244843E0,2.758763123E-1,-3.391497345E0
5.534165467E1,-8.629405060E0,7.035369873E-3,-3.065026245E0
5.535169467E1,-8.243956604E0,-9.131011963E-2,-2.706521759E0
5.536173467E1,-7.964188385E0,-1.222956848E-1,-2.282603302E0
5.537177467E1,-7.781867523E0,-1.055305481E-1,-1.925745392E0
5.538181467E1,-7.827073517E0,-1.128652954E-1,-1.588945770E0
5.539185467E1,-7.943830719E0,-1.249900818E-1,-1.395398254E0
5.540189467E1,-8.001011810E0,-1.984872437E-1,-1.427132263E0
5.541193567E1,-7.984695740E0,-2.496807861E-1,-1.563947754E0
5.542197567E1,-8.046666870E0,-2.790197754E-1,-1.674118652E0
5.543201567E1,-8.223000183E0,-2.640509033E-1,-1.796863403E0
5.544205567E1,-8.343798981E0,-2.408491516E-1,-1.871258698E0
5.545209567E1,-8.567284241E0,-2.487826538E-1,-1.832189941E0
5.546213567E1,-8.945697327E0,-2.806663513E-1,-1.699116669E0
5.547217567E1,-9.320817261E0,-2.897973633E-1,-1.637744293E0
5.548221567E1,-9.487570496E0,-1.833686829E-1,-1.598525848E0
5.549225667E1,-9.435029755E0,-7.948471069E-2,-1.424886932E0
5.550229667E1,-9.281000061E0,-1.257385254E-2,-1.159788208E0
5.551233667E1,-9.040001221E0,-1.047821045E-2,-9.542655945E-1
5.552237667E1,-8.741671600E0,-1.231938171E-1,-7.677534485E-1
5.553241667E1,-8.468339996E0,-3.135978699E-1,-5.661227417E-1
5.554245667E1,-8.323591003E0,-4.242178345E-1,-5.138813782E-1
5.555249667E1,-8.333470459E0,-5.258564758E-1,-6.120771790E-1
5.556253667E1,-8.447682953E0,-6.012995911E-1,-6.918612671E-1
5.557257767E1,-8.766968994E0,-4.926255798E-1,-7.447013855E-1
5.558261767E1,-9.196725311E0,-3.692820740E-1,-6.899153137E-1
5.559265767E1,-9.533375244E0,-3.249742126E-1,-4.983137512E-1
5.560269767E1,-9.735305328E0,-3.097059631E-1,-4.164340210E-1
5.561273767E1,-9.784403229E0,-2.058219910E-1,-5.975573730E-1
5.562277767E1,-9.882898407E0,-2.499801636E-2,-9.993218994E-1
5.563281767E1,-9.798923035E0,-5.373825073E-2,-1.413061523E0
5.564285767E1,-9.680070190E0,-4.204756165E-1,-1.614542542E0
5.565289867E1,-9.897418213E0,-7.072792053E-1,-1.512454834E0
5.566293867E1,-1.040186920E1,-4.709207153E-1,-1.354383545E0
5.567297867E1,-1.087533463E1,-5.882766724E-2,-1.111588440E0
5.568301867E1,-1.123069565E1,3.885919189E-1,-1.136137390E0
5.569305867E1,-1.145747406E1,8.430468750E-1,-1.573527832E0
5.570309867E1,-1.171404053E1,1.328038330E0,-2.400408325E0
5.571313867E1,-1.220082825E1,1.832040253E0,-3.663182373E0
5.572317867E1,-1.285706360E1,2.080673218E0,-4.979095917E0
5.573321967E1,-1.367226837E1,1.963017883E0,-6.001170502E0
5.574325967E1,-1.437760162E1,1.288819885E0,-6.698270874E0
5.575329967E1,-1.452429657E1,5.909710693E-1,-6.907535706E0
5.576333967E1,-1.354727829E1,2.956352234E-1,-6.445446625E0
5.577337967E1,-1.181807419E1,3.799099731E-1,-5.753136292E0
5.578341967E1,-1.012135254E1,8.458909607E-1,-5.184468842E0
5.579345967E1,-8.499026184E0,1.135388947E0,-4.329297180E0
5.580349967E1,-7.379055176E0,1.342258759E0,-3.303330688E0
5.581354067E1,-6.699019318E0,1.394799500E0,-2.377955017E0
5.582358067E1,-6.770121460E0,1.065933380E0,-1.473535767E0
5.583362067E1,-7.306605835E0,5.424719238E-1,-9.346563721E-1
5.584366067E1,-7.701334991E0,4.490661621E-2,-8.418493652E-1
5.585370067E1,-8.211474152E0,-4.640350342E-1,-8.518785095E-1
5.586374067E1,-8.846753082E0,-7.897576904E-1,-1.136137390E0
5.587378067E1,-9.568851471E0,-8.731343079E-1,-1.864822083E0
5.588382067E1,-1.026655060E1,-4.824467468E-1,-2.745141449E0
5.589386167E1,-1.063014450E1,2.885998535E-1,-3.501967621E0
5.590390167E1,-1.059421921E1,1.052311707E0,-4.009113007E0
5.591394167E1,-9.852661285E0,1.517244873E0,-4.144431610E0
5.592398104E1,-8.801696777E0,1.635798340E0,-3.853287048E0
5.593402104E1,-7.880213013E0,1.490001526E0,-3.202141113E0
5.594406104E1,-7.193141785E0,1.309626617E0,-2.627336426E0
5.595410104E1,-6.879244537E0,1.270408173E0,-2.206262054E0
5.596414104E1,-6.776408386E0,1.316512299E0,-1.765279083E0
5.597418204E1,-6.773414612E0,1.417851562E0,-1.290915527E0
5.598422204E1,-6.825506287E0,1.531016235E0,-9.710307312E-1
5.599426204E1,-6.910230103E0,1.506616974E0,-8.542735291E-1
5.600430204E1,-7.052584076E0,1.504970398E0,-8.331674194E-1
5.601434204E1,-7.418123932E0,1.499731293E0,-9.397457886E-1
5.602438204E1,-7.950117645E0,1.453627167E0,-1.218466187E0
5.603442204E1,-8.458909607E0,1.452579346E0,-1.582958221E0
5.604446204E1,-8.937763824E0,1.478475494E0,-1.915716248E0
5.605450304E1,-9.380093994E0,1.556613007E0,-2.304457855E0
5.606454304E1,-9.699529724E0,1.834135895E0,-2.621049500E0
5.607458304E1,-9.889185333E0,2.191293182E0,-2.607278137E0
5.608462304E1,-1.002944366E1,2.690056000E0,-2.293979645E0
5.609466304E1,-9.790241089E0,3.222947845E0,-1.901795197E0
5.610470304E1,-9.594747620E0,3.573518829E0,-1.453028412E0
5.611474304E1,-9.444460144E0,3.473676453E0,-9.883946228E-1
5.612478304E1,-9.434431000E0,2.910098419E0,-5.120851135E-1
5.613482404E1,-9.602531433E0,2.101779327E0,-5.867797852E-2
5.614486404E1,-9.695637817E0,1.330133972E0,1.871109009E-2
5.615490404E1,-9.691596222E0,7.087760925E-1,-2.136058044E-1
5.616494404E1,-9.509425049E0,2.100132751E-1,-4.532574463E-1
5.617498404E1,-9.210796051E0,-3.667373657E-1,-6.692582703E-1
5.618502404E1,-8.984616394E0,-7.162605286E-1,-7.914042664E-1
5.619506404E1,-8.996741180E0,-6.074368286E-1,-7.360194397E-1
5.620510504E1,-8.941056976E0,-2.019300842E-1,-7.776329041E-1
5.621514504E1,-9.097481689E0,5.155279541E-1,-9.569599915E-1
5.622518504E1,-9.608369293E0,1.300794983E0,-1.027313690E0
5.623522504E1,-1.046443909E1,1.959575043E0,-7.426057434E-1
5.624526504E1,-1.121168518E1,2.502795410E0,-5.432203674E-1
5.625530504E1,-1.174652298E1,2.710413666E0,-7.009922791E-1
5.626534504E1,-1.231923203E1,2.855312347E0,-1.060245209E0
5.627538504E1,-1.292726761E1,3.063828735E0,-1.537752228E0
5.628542604E1,-1.358260483E1,2.933000793E0,-2.145338745E0
5.629546604E1,-1.376747040E1,2.891537018E0,-3.356470184E0
5.630550604E1,-1.394574966E1,3.328029327E0,-5.005590820E0
5.631554604E1,-1.410486877E1,3.735931091E0,-5.956263885E0
5.632558604E1,-1.371148682E1,3.912563782E0,-6.114634552E0
5.633562604E1,-1.280886383E1,3.997736664E0,-5.941145325E0
5.634566604E1,-1.132814301E1,3.693269806E0,-5.660778351E0
5.635570704E1,-9.949060822E0,3.028801575E0,-5.248236237E0
5.636574704E1,-8.878936157E0,2.277064819E0,-4.629572754E0
5.637578704E1,-7.889793091E0,1.413061523E0,-3.754791870E0
5.638582704E1,-7.040758667E0,4.519102478E-1,-2.779120789E0
5.639586704E1,-6.399641876E0,-3.635939026E-1,-2.063608704E0
5.640590704E1,-6.298452301E0,-1.041983185E0,-1.859732666E0
5.641594704E1,-6.617738342E0,-1.456770630E0,-2.016606445E0
5.642598704E1,-7.301217041E0,-1.430874481E0,-2.305355988E0
5.643602804E1,-8.045020294E0,-1.227447510E0,-2.641556854E0
5.644606804E1,-8.686885529E0,-8.747808838E-1,-3.071013794E0
5.645610804E1,-9.647737427E0,-4.659809875E-1,-3.473826141E0
5.646614804E1,-1.027762756E1,6.167175293E-2,-3.824995880E0
5.647618804E1,-1.034199371E1,5.436694336E-1,-4.040397949E0
5.648622804E1,-1.011925690E1,7.735913086E-1,-4.090843048E0
5.649626804E1,-9.656119995E0,9.234297180E-1,-3.881877594E0
5.650630804E1,-8.882378998E0,1.170266418E0,-3.723656616E0
5.651634904E1,-8.047415314E0,1.375789032E0,-3.543581085E0
5.652638904E1,-7.413333893E0,1.434766388E0,-3.184328156E0
5.653642904E1,-7.018754425E0,1.323248291E0,-2.633473663E0
5.654646904E1,-6.894812164E0,1.171164551E0,-2.109263763E0
5.655650904E1,-6.857240295E0,1.074615326E0,-1.782642975E0
5.656654904E1,-6.831344147E0,8.809181213E-1,-1.595532074E0
5.657658904E1,-7.058122559E0,5.240602112E-1,-1.385818176E0
5.658663004E1,-7.375013580E0,7.664062500E-2,-1.250649261E0
5.659667004E1,-7.616012421E0,-4.204756165E-1,-1.212628326E0
5.660671004E1,-7.806715851E0,-8.698411560E-1,-1.282532959E0
5.661675004E1,-7.921826477E0,-1.184037781E0,-1.465302887E0
5.662679004E1,-8.124505005E0,-1.296304321E0,-1.666185150E0
5.663683004E1,-8.407716064E0,-1.184636536E0,-1.789678345E0
5.664687004E1,-8.772208099E0,-9.517208862E-1,-1.864223328E0
5.665691004E1,-9.128766632E0,-6.607260132E-1,-1.859433289E0
5.666695104E1,-9.313033447E0,-3.209326172E-1,-1.786385193E0
5.667699104E1,-9.357790375E0,-1.128652954E-1,-1.639690247E0
5.668703104E1,-9.298363953E0,-2.065704346E-2,-1.457519073E0
5.669707104E1,-9.153764648E0,4.550537109E-2,-1.323996735E0
5.670711104E1,-8.979676666E0,7.574249268E-2,-1.150058441E0
5.671715104E1,-8.892857208E0,2.239343262E-1,-9.412426758E-1
5.672719104E1,-8.925189972E0,3.623963928E-1,-7.402107239E-1
5.673723104E1,-9.020691376E0,5.525010681E-1,-5.119354248E-1
5.674727204E1,-9.202712860E0,7.256909180E-1,-3.739224243E-1
5.675731204E1,-9.447902985E0,8.839118958E-1,-4.358935547E-1
5.676735204E1,-9.679471436E0,1.079555054E0,-8.286767578E-1
5.677739204E1,-9.750274200E0,1.115929413E0,-1.243464203E0
5.678743204E1,-9.799970856E0,8.530760193E-1,-1.614841919E0
5.679747204E1,-9.981243896E0,3.767665100E-1,-1.768871613E0
5.680751204E1,-1.031190628E1,-6.271957397E-2,-1.714384918E0
5.681755304E1,-1.077115128E1,-4.315525818E-1,-1.342109070E0
5.682759304E1,-1.127859604E1,-7.485932922E-1,-6.649172974E-1
5.683763304E1,-1.198273178E1,-9.988728333E-1,4.939727783E-3
5.684767304E1,-1.288415726E1,-9.647438049E-1,3.728746033E-1
5.685771304E1,-1.367151993E1,-5.909710693E-1,2.406994629E-1
5.686775304E1,-1.420411240E1,-4.248165894E-1,-3.697311401E-1
5.687779304E1,-1.443448334E1,-4.620890808E-1,-1.309626617E0
5.688783304E1,-1.406520126E1,-6.135740662E-1,-2.296973419E0
5.689787404E1,-1.326272003E1,-8.710386658E-1,-3.062182159E0
5.690791404E1,-1.262205231E1,-1.087787933E0,-3.735631714E0
5.691795404E1,-1.239572296E1,-1.414259033E0,-4.530927887E0
5.692799408E1,-1.252819748E1,-1.620380402E0,-5.353317719E0
5.693803408E1,-1.252535339E1,-1.233884125E0,-5.849086761E0
5.694807408E1,-1.154040161E1,-1.600172424E-1,-5.837411041E0
5.695811408E1,-9.793833618E0,1.010249176E0,-5.450316010E0
5.696815508E1,-7.777526550E0,1.658251648E0,-4.711302795E0
5.697819508E1,-6.228547668E0,1.905238037E0,-3.822451172E0
5.698823508E1,-5.857319641E0,1.760039978E0,-3.006647644E0
5.699827508E1,-6.451284485E0,1.356329498E0,-2.456541595E0
5.700831508E1,-7.355554047E0,6.647676086E-1,-2.107317810E0
5.701835508E1,-8.510252838E0,-5.658233643E-2,-1.701661377E0
5.702839508E1,-9.847721558E0,-3.652404785E-1,-1.457219696E0
5.703843508E1,-1.085886887E1,-2.320175171E-1,-1.588047638E0
5.704847608E1,-1.128817612E1,3.143463135E-2,-1.998793488E0
5.705851608E1,-1.143112885E1,7.200027466E-2,-2.554887085E0
5.706855608E1,-1.153710846E1,-9.265731812E-2,-3.111429749E0
5.707859608E1,-1.141166931E1,-2.218386841E-1,-3.434458008E0
5.708863608E1,-1.099104401E1,-2.471360779E-1,-3.604354706E0
5.709867608E1,-1.013991394E1,-3.047662354E-1,-3.571872253E0
5.710871608E1,-9.229058075E0,-3.818559265E-1,-3.096909943E0
5.711875708E1,-8.269703064E0,-3.495231628E-1,-2.485281830E0
5.712879708E1,-7.300318909E0,-1.895059204E-1,-1.925595703E0
5.713883708E1,-6.687044220E0,9.235794067E-2,-1.464554443E0
5.714887708E1,-6.538103943E0,4.337979126E-1,-1.040635986E0
5.715891708E1,-6.459517365E0,7.515870667E-1,-7.610174561E-1
5.716895708E1,-6.527925110E0,1.106349335E0,-5.989045715E-1
5.717899708E1,-6.526278534E0,1.435963898E0,-6.682104492E-1
5.718903708E1,-6.498735809E0,1.636397095E0,-9.292675781E-1
5.719907808E1,-6.327641602E0,1.625469818E0,-1.083446960E0
5.720911808E1,-6.261030121E0,1.423390045E0,-1.100361786E0
5.721915808E1,-6.491550751E0,1.151555328E0,-1.147513733E0
5.722919808E1,-7.008425903E0,8.530760193E-1,-1.262474670E0
5.723923808E1,-7.787106628E0,6.506968689E-1,-1.313069458E0
5.724927808E1,-8.539142761E0,6.048921204E-1,-1.289268951E0
5.725931808E1,-8.990154877E0,7.382647705E-1,-1.264720001E0
5.726935908E1,-9.004225616E0,9.232800293E-1,-1.231040039E0
5.727939908E1,-8.701555023E0,1.115180969E0,-1.239272919E0
5.728943908E1,-8.488847351E0,1.241218872E0,-1.062340851E0
5.729947908E1,-8.577463074E0,1.247206421E0,-5.992039490E-1
5.730951908E1,-8.881331177E0,1.330283661E0,-2.595602417E-1
5.731955908E1,-9.392667847E0,1.563947754E0,-1.222956848E-1
5.732959908E1,-9.804461517E0,1.787882080E0,-2.909948730E-1
5.733964008E1,-1.015009277E1,1.716630249E0,-6.233038330E-1
5.734968008E1,-1.025682083E1,1.302291870E0,-9.577084351E-1
5.735972008E1,-9.947114868E0,8.674461365E-1,-1.325343933E0
5.736976008E1,-9.371861115E0,5.884263611E-1,-1.581760712E0
5.737980008E1,-8.849597168E0,4.694238281E-1,-1.580563202E0
5.738984008E1,-8.729397125E0,9.154962158E-1,-1.359023895E0
5.739988008E1,-9.106762390E0,1.813329163E0,-7.381150818E-1
5.740992008E1,-1.010368927E1,2.743345184E0,7.798782349E-2
5.741996108E1,-1.148471741E1,3.212020569E0,7.455995178E-1
5.743000108E1,-1.246682510E1,3.271896057E0,7.110214233E-1
5.744004108E1,-1.309147614E1,3.066822510E0,1.420545959E-1
5.745008108E1,-1.335732330E1,2.430645447E0,-5.938151550E-1
5.746012108E1,-1.343246704E1,1.531315613E0,-1.286724243E0
5.747016108E1,-1.371986938E1,6.500981140E-1,-2.191592560E0
5.748020108E1,-1.444526093E1,1.806742859E-1,-3.410956879E0
5.749024208E1,-1.504551270E1,8.806187439E-1,-4.732558594E0
5.750028208E1,-1.511257324E1,1.850152588E0,-5.357209625E0
5.751032208E1,-1.439107361E1,2.324516144E0,-5.558091888E0
5.752036208E1,-1.274524612E1,2.308948517E0,-5.801785126E0
5.753040208E1,-1.087054459E1,1.649270325E0,-5.520370331E0
5.754044208E1,-9.290280762E0,9.581575012E-1,-4.539460144E0
5.755048208E1,-7.868986359E0,3.275189209E-1,-3.468287659E0
5.756052208E1,-6.710545349E0,-1.573228455E-1,-2.628533936E0
5.757056308E1,-6.167025604E0,-5.987548828E-1,-2.117945709E0
5.758060308E1,-6.414161682E0,-3.700305176E-1,-2.021097107E0
5.759064308E1,-7.063960419E0,4.044589233E-1,-2.173629913E0
5.760068308E1,-7.791597290E0,1.039887543E0,-2.199975128E0
5.761072308E1,-8.523724823E0,1.311123505E0,-2.098635864E0
5.762076308E1,-9.137298889E0,1.361718292E0,-2.183659058E0
5.763080308E1,-9.643246765E0,1.288071442E0,-2.435435486E0
5.764084408E1,-1.007958939E1,1.094673615E0,-2.853516083E0
5.765088408E1,-1.034872971E1,8.116122437E-1,-3.369642792E0
5.766092408E1,-1.055095917E1,3.459306335E-1,-3.725003815E0
5.767096408E1,-1.085767136E1,-5.927673340E-2,-3.843257904E0
5.768100408E1,-1.062116318E1,4.969665527E-2,-3.832929382E0
5.769104408E1,-9.887538757E0,1.363664246E-1,-3.617527313E0
5.770108408E1,-9.035809937E0,1.019380188E-1,-3.150648193E0
5.771112408E1,-8.153095551E0,1.916015625E-1,-2.513273621E0
5.772116508E1,-7.451504517E0,3.607498169E-1,-1.897005157E0
5.773120508E1,-6.814279633E0,4.945715332E-1,-1.420545959E0
5.774124508E1,-6.302793274E0,4.824467468E-1,-1.010099487E0
5.775128508E1,-6.036197662E0,3.098556519E-1,-7.595205688E-1
5.776132508E1,-6.111042023E0,8.277786255E-2,-6.840774536E-1
5.777136508E1,-6.378984833E0,-1.941462708E-1,-7.455995178E-1
5.778140508E1,-6.752158813E0,-4.484674072E-1,-8.175997925E-1
5.779144608E1,-7.029831390E0,-7.080276489E-1,-9.116043091E-1
5.780148608E1,-7.213499451E0,-8.972341919E-1,-1.059496765E0
5.781152608E1,-7.479945374E0,-9.605525208E-1,-1.152154083E0
5.782156608E1,-7.818690948E0,-9.726773071E-1,-1.254092102E0
5.783160608E1,-8.244106293E0,-8.086184692E-1,-1.485061798E0
5.784164608E1,-8.690627747E0,-5.574407959E-1,-1.663640442E0
5.785168608E1,-9.045240326E0,-2.622546387E-1,-1.740281067E0
5.786172708E1,-9.205407257E0,4.251159668E-2,-1.725012817E0
5.787176708E1,-9.137747955E0,3.522175598E-1,-1.687440948E0
5.788180708E1,-8.806935883E0,6.670129395E-1,-1.558409271E0
5.789184708E1,-8.460107117E0,8.431965637E-1,-1.429227905E0
5.790188708E1,-8.395291901E0,9.409432983E-1,-1.331331482E0
5.791192708E1,-8.567284241E0,9.110055542E-1,-1.112785950E0
5.792196708E1,-9.012159119E0,8.554710388E-1,-8.081694031E-1
5.793200704E1,-9.442663879E0,7.744894409E-1,-5.786965942E-1
5.794204804E1,-9.784852295E0,5.777984619E-1,-4.731660461E-1
5.795208804E1,-9.987530823E0,2.838098145E-1,-4.828958130E-1
5.796212804E1,-1.008393036E1,-8.786727905E-2,-6.144721985E-1
5.797216804E1,-1.016341507E1,-4.436773682E-1,-9.005273438E-1
5.798220804E1,-1.031579819E1,-7.035369873E-1,-1.284778290E0
5.799224804E1,-1.056562866E1,-1.042731628E0,-1.488953705E0
5.800228804E1,-1.102068237E1,-1.372645569E0,-1.401535492E0
5.801232904E1,-1.167137924E1,-1.532213745E0,-1.147663422E0
5.802236904E1,-1.231534012E1,-1.475481720E0,-7.976911926E-1
5.803240904E1,-1.292487259E1,-1.106948090E0,-5.054988098E-1
5.804244904E1,-1.355236771E1,-4.697232056E-1,-4.760101318E-1
5.805248904E1,-1.416309769E1,2.398013306E-1,-8.361611938E-1
5.806252904E1,-1.458656708E1,7.893086243E-1,-1.521585846E0
5.807256904E1,-1.449361038E1,7.544311523E-1,-2.370769958E0
5.808261004E1,-1.416339706E1,-6.481521606E-2,-3.145858154E0
5.809265004E1,-1.404334671E1,-1.344653778E0,-3.849245453E0
5.810269004E1,-1.413555496E1,-2.542762299E0,-4.814288635E0
5.811273004E1,-1.400023636E1,-3.040776672E0,-5.757177887E0
5.812277004E1,-1.289658142E1,-2.344275055E0,-6.247857513E0
5.813281004E1,-1.098505646E1,-7.447013855E-1,-6.164031830E0
5.814285004E1,-8.912316742E0,8.656498718E-1,-5.422623596E0
5.815289004E1,-6.878196716E0,1.975591736E0,-4.186344452E0
5.816293104E1,-5.592071228E0,2.397264862E0,-3.033890991E0
5.817297104E1,-5.601501617E0,2.299218750E0,-2.292183380E0
5.818301104E1,-6.285878448E0,1.758094025E0,-2.029180298E0
5.819305104E1,-7.118896179E0,9.014254761E-1,-2.102078705E0
5.820309104E1,-8.065976715E0,1.534309387E-1,-2.144440613E0
5.821313104E1,-9.226513367E0,-1.797761536E-1,-2.057321777E0
5.822317104E1,-1.014200958E1,-2.709365845E-1,-2.218686218E0
5.823321204E1,-1.071711365E1,-4.297563171E-1,-2.539169769E0
5.824325204E1,-1.127515320E1,-6.138734436E-1,-3.048560486E0
5.825329204E1,-1.179532150E1,-6.245013428E-1,-3.691323853E0
5.826333204E1,-1.203811661E1,-5.601351929E-1,-4.031416626E0
5.827337204E1,-1.164458496E1,-4.541555786E-1,-4.056714020E0
5.828341204E1,-1.042252625E1,-5.016069031E-1,-3.525019684E0
5.829345204E1,-9.046138458E0,-5.689668274E-1,-2.631827087E0
5.830349304E1,-7.939190369E0,-4.152365112E-1,-1.962868195E0
5.831353304E1,-6.963519287E0,-1.691482544E-2,-1.625170441E0
5.832357304E1,-6.381080475E0,5.918692017E-1,-1.423090668E0
5.833361304E1,-6.163283386E0,1.285526733E0,-1.254241791E0
5.834365304E1,-6.286028137E0,1.838476868E0,-9.568103027E-1
5.835369304E1,-6.508764954E0,2.196981354E0,-7.738906860E-1
5.836373304E1,-6.591542816E0,2.274819489E0,-8.059240723E-1
5.837377304E1,-6.541397095E0,2.201921082E0,-1.007255402E0
5.838381404E1,-6.543343048E0,1.975292358E0,-1.319057007E0
5.839385404E1,-6.571933594E0,1.617835693E0,-1.639989624E0
5.840389404E1,-6.850653992E0,1.156644745E0,-1.912273407E0
5.841393404E1,-7.425009613E0,7.421566772E-1,-2.073637848E0
5.842397404E1,-8.051905975E0,5.556445312E-1,-2.025138702E0
5.843401404E1,-8.457562408E0,5.074447632E-1,-1.793420563E0
5.844405404E1,-8.547375641E0,5.926176453E-1,-1.400038605E0
5.845409504E1,-8.453670502E0,6.803352356E-1,-9.741741943E-1
5.846413504E1,-8.414152679E0,7.535330200E-1,-6.637197876E-1
5.847417504E1,-8.406518555E0,7.948471069E-1,-5.655239868E-1
5.848421504E1,-8.477471008E0,6.568341064E-1,-6.240522766E-1
5.849425504E1,-8.790470123E0,4.685256958E-1,-6.451583862E-1
5.850429504E1,-9.356443176E0,3.447331238E-1,-5.315446472E-1
5.851433504E1,-9.723030853E0,3.820056152E-1,-4.074526978E-1
5.852437604E1,-9.829609222E0,4.891827393E-1,-4.228706360E-1
5.853441604E1,-9.809700623E0,5.878276062E-1,-5.051994324E-1
5.854445604E1,-9.615554352E0,5.691165161E-1,-6.381230164E-1
5.855449604E1,-9.436077576E0,4.052073669E-1,-7.207511902E-1
5.856453604E1,-9.444609833E0,4.087998962E-1,-8.339158630E-1
5.857457604E1,-9.642049255E0,7.333250427E-1,-1.110241241E0
5.858461604E1,-1.002375549E1,1.374890900E0,-1.373094635E0
5.859465704E1,-1.064316742E1,2.226320343E0,-1.369053040E0
5.860469704E1,-1.121662491E1,2.911744995E0,-1.039737854E0
5.861473704E1,-1.191612030E1,3.079396362E0,-5.589376831E-1
5.862477704E1,-1.249466721E1,2.934497681E0,-2.460882568E-1
5.863481704E1,-1.273791138E1,2.825823669E0,-1.733395386E-1
5.864485704E1,-1.258986923E1,2.639161835E0,-2.294728088E-1
5.865489704E1,-1.229827560E1,2.291135559E0,-4.561015320E-1
5.866493804E1,-1.205922272E1,1.932032318E0,-1.015637970E0
5.867497804E1,-1.198033676E1,1.592687988E0,-1.876647491E0
5.868501804E1,-1.202015396E1,1.382674713E0,-2.839295654E0
5.869505804E1,-1.208466980E1,1.535656586E0,-3.893104248E0
5.870509804E1,-1.181717606E1,1.603315887E0,-4.768184509E0
5.871513804E1,-1.133038834E1,1.149309998E0,-5.304668884E0
5.872517804E1,-1.085707260E1,8.135581970E-1,-5.728287964E0
5.873521804E1,-1.041354492E1,5.451663208E-1,-5.992787933E0
5.874525904E1,-9.883048096E0,4.611909485E-1,-5.845045166E0
5.875529904E1,-9.298513641E0,4.059558105E-1,-5.227429504E0
5.876533904E1,-8.720864868E0,3.876937866E-1,-4.365521851E0
5.877537904E1,-8.294701080E0,2.562670898E-1,-3.696113892E0
5.878541904E1,-8.123008118E0,-5.239105225E-2,-3.107687531E0
5.879545904E1,-8.469986572E0,-1.827699280E-1,-2.621648254E0
5.880549904E1,-9.144184570E0,-2.469863892E-2,-2.510728912E0
5.881554004E1,-9.904752960E0,2.704875183E-1,-2.717898102E0
5.882558004E1,-1.042132874E1,6.075865173E-1,-2.999163208E0
5.883562004E1,-1.057745407E1,8.759783936E-1,-3.152145081E0
5.884566004E1,-1.035007690E1,9.948312378E-1,-3.203188934E0
5.885570004E1,-9.797875214E0,1.070424042E0,-3.241658936E0
5.886574004E1,-9.260043640E0,1.128353577E0,-3.178490295E0
5.887578004E1,-8.617280273E0,1.137634277E0,-3.133733368E0
5.888582104E1,-8.035440216E0,1.085392914E0,-3.024161224E0
5.889586104E1,-7.695347443E0,9.569599915E-1,-2.744842072E0
5.890590104E1,-7.453600159E0,7.771838379E-1,-2.335144043E0
5.891594104E1,-7.357350311E0,6.366261292E-1,-1.986519012E0
5.892598104E1,-7.386539612E0,5.141807556E-1,-1.662442932E0
5.893602083E1,-7.339088287E0,3.481759644E-1,-1.494043121E0
5.894606083E1,-7.204518127E0,1.163081360E-1,-1.472637634E0
5.895610183E1,-7.263046417E0,-1.936972046E-1,-1.410367126E0
5.896614183E1,-7.387737122E0,-5.275030518E-1,-1.358574829E0
5.897618183E1,-7.442074127E0,-8.155041504E-1,-1.388961639E0
5.898622183E1,-7.551346893E0,-1.077309723E0,-1.426683197E0
5.899626183E1,-7.677534485E0,-1.280886383E0,-1.373843079E0
5.900630183E1,-7.852520599E0,-1.329235840E0,-1.342558136E0
5.901634183E1,-8.060288544E0,-1.320104828E0,-1.272054749E0
5.902638283E1,-8.363707581E0,-1.249900818E0,-1.162033539E0
5.903642283E1,-8.605604553E0,-1.131646729E0,-9.798623657E-1
5.904646283E1,-8.711883545E0,-9.416917419E-1,-8.596623230E-1
5.905650283E1,-8.679999847E0,-6.833290100E-1,-8.259823608E-1
5.906654283E1,-8.646918640E0,-4.179309082E-1,-8.592132568E-1
5.907658283E1,-8.664282532E0,-1.420545959E-1,-9.303153992E-1
5.908662283E1,-8.669521637E0,8.502319336E-2,-9.327104187E-1
5.909666383E1,-8.592881012E0,3.384461975E-1,-9.027726746E-1
5.910670383E1,-8.493338013E0,6.409671021E-1,-8.036787415E-1
5.911674383E1,-8.525371399E0,9.264234924E-1,-6.497987366E-1
5.912678383E1,-8.698860626E0,1.148112488E0,-5.291496277E-1
5.913682383E1,-8.978329468E0,1.259181519E0,-4.634362793E-1
5.914686383E1,-9.278305664E0,1.266067200E0,-4.852908325E-1
5.915690383E1,-9.485923920E0,1.191222839E0,-6.972500610E-1
5.916694383E1,-9.569001160E0,1.056652679E0,-1.088087311E0
5.917698483E1,-9.620643768E0,7.342231750E-1,-1.437311096E0
5.918702483E1,-9.846524048E0,1.927990723E-1,-1.731299744E0
5.919706483E1,-1.035127441E1,-4.228706360E-1,-1.618584137E0
5.920710483E1,-1.104298599E1,-1.048270111E0,-9.469308472E-1
5.921714483E1,-1.189157135E1,-1.706900482E0,1.257385254E-2
5.922718483E1,-1.288266037E1,-2.129621429E0,8.875044250E-1
5.923722483E1,-1.367870499E1,-2.074835358E0,1.344354401E0
5.924726583E1,-1.415860703E1,-1.659748535E0,1.119821320E0
5.925730583E1,-1.445738571E1,-1.114731903E0,5.403762817E-2
5.926734583E1,-1.448627563E1,-5.692662048E-1,-1.389859772E0
5.927738583E1,-1.409618683E1,-2.124082947E-1,-2.598147125E0
5.928742583E1,-1.339968521E1,-2.610571289E-1,-3.357068939E0
5.929746583E1,-1.295645691E1,-6.236032104E-1,-4.064348145E0
5.930750683E1,-1.310494812E1,-1.211879883E0,-4.668491821E0
5.931754683E1,-1.310449905E1,-1.724863129E0,-5.184768219E0
5.932758683E1,-1.249332001E1,-1.316811676E0,-5.639372864E0
5.933762683E1,-1.118803436E1,9.041198730E-2,-5.876629486E0
5.934766683E1,-9.546098785E0,1.539698181E0,-5.533243561E0
5.935770683E1,-7.921078033E0,2.356549530E0,-4.659360809E0
5.936774683E1,-6.831793213E0,2.468367004E0,-3.672163696E0
5.937778683E1,-6.659351807E0,2.233655090E0,-2.976111145E0
5.938782783E1,-7.268135834E0,1.767225037E0,-2.576142883E0
5.939786783E1,-8.400231628E0,9.798623657E-1,-2.254761200E0
5.940790783E1,-9.617051239E0,2.077679443E-1,-2.149230652E0
5.941794783E1,-1.071771240E1,-3.784130859E-1,-2.246228943E0
5.942798783E1,-1.137709122E1,-8.708889771E-1,-2.519859924E0
5.943802783E1,-1.141900406E1,-1.330433350E0,-2.940784607E0
5.944806783E1,-1.121857086E1,-1.782044220E0,-3.217559052E0
5.945810883E1,-1.098460739E1,-2.002984772E0,-3.387306061E0
5.946814883E1,-1.055544983E1,-1.949246521E0,-3.293750610E0
5.947818883E1,-9.970765686E0,-1.809437256E0,-3.153192902E0
5.948822883E1,-9.334588623E0,-1.466650085E0,-2.906954956E0
5.949826883E1,-8.600964203E0,-9.713301086E-1,-2.473905487E0
5.950830883E1,-7.891888733E0,-5.203179932E-1,-2.070045319E0
5.951834883E1,-7.395520935E0,-1.523831177E-1,-1.786834259E0
5.952838983E1,-6.985822906E0,3.014730835E-1,-1.577120361E0
5.953842983E1,-6.688990173E0,9.330097961E-1,-1.466949463E0
5.954846983E1,-6.607110443E0,1.589245148E0,-1.379531250E0
5.955850983E1,-6.263125763E0,2.206860809E0,-1.322050781E0
5.956854983E1,-6.057752838E0,2.531835022E0,-1.322799225E0
5.957858983E1,-6.020779724E0,2.430795135E0,-1.335522766E0
5.958862983E1,-6.088289337E0,2.154020691E0,-1.399140472E0
5.959867083E1,-6.288123779E0,1.919009399E0,-1.507964172E0
5.960871083E1,-6.729705505E0,1.606159973E0,-1.640588379E0
5.961875083E1,-7.393425293E0,1.255738678E0,-1.738634491E0
5.962879083E1,-8.012687531E0,1.095871124E0,-1.785337372E0
5.963883083E1,-8.486003265E0,1.087638245E0,-1.779200134E0
5.964887083E1,-8.758137360E0,1.199006653E0,-1.568887482E0
5.965891083E1,-8.878936157E0,1.329535217E0,-1.131796417E0
5.966895183E1,-9.054071960E0,1.553319855E0,-5.749543762E-1
5.967899183E1,-9.199120331E0,1.733245697E0,-7.634124756E-2
5.968903183E1,-9.243577881E0,1.442849579E0,2.808160400E-1
5.969907183E1,-9.359436951E0,8.628057861E-1,2.633024597E-1
5.970911183E1,-9.503287811E0,3.513194275E-1,-2.969824219E-1
5.971915183E1,-9.646988983E0,1.004411316E-1,-9.181906128E-1
5.972919183E1,-9.686357117E0,1.534309387E-1,-1.284778290E0
5.973923283E1,-9.407487030E0,2.501298523E-1,-1.261426849E0
5.974927283E1,-8.633147278E0,2.715353394E-1,-1.131047974E0
5.975931283E1,-8.001909943E0,4.296066284E-1,-1.122066650E0
5.976935283E1,-8.049211578E0,1.097817078E0,-1.283281403E0
5.977939283E1,-8.751251678E0,2.108215942E0,-1.370549927E0
5.978943283E1,-9.896071014E0,2.881956940E0,-1.138831787E0
5.979947283E1,-1.126332779E1,2.938838654E0,-6.680607605E-1
5.980951383E1,-1.251322861E1,2.444117432E0,-5.153782654E-1
5.981955383E1,-1.326661194E1,1.564396820E0,-6.976991272E-1
5.982959383E1,-1.366029327E1,7.487429810E-1,-8.337661743E-1
5.983963383E1,-1.358514954E1,1.234931946E-1,-1.021775208E0
5.984967383E1,-1.351464615E1,-6.963519287E-1,-1.192719727E0
5.985971383E1,-1.366448456E1,-1.333726501E0,-1.642534332E0
5.986975383E1,-1.408136765E1,-9.220825195E-1,-2.797083435E0
5.987979483E1,-1.445379318E1,7.232958984E-1,-4.375550995E0
5.988983483E1,-1.437924820E1,2.172731781E0,-5.472170563E0
5.989987483E1,-1.363334930E1,2.855911102E0,-5.992488556E0
5.990991483E1,-1.219139786E1,2.885399780E0,-6.455924835E0
5.991995483E1,-1.075723022E1,2.272574158E0,-6.301745453E0
5.992999483E1,-9.208251343E0,1.391356659E0,-5.362748108E0
5.994003504E1,-7.774083710E0,7.104226685E-1,-4.060755615E0
5.995007604E1,-7.026388550E0,4.324507141E-1,-3.060535583E0
5.996011604E1,-6.798113251E0,5.980064392E-1,-2.520009613E0
5.997015604E1,-7.031178589E0,9.089099121E-1,-2.297272797E0
5.998019604E1,-7.588320007E0,1.023122406E0,-2.229164429E0
5.999023604E1,-8.153694305E0,1.062340851E0,-2.195035400E0
6.000027604E1,-8.588689728E0,9.936337280E-1,-2.334096222E0
6.001031604E1,-9.041049042E0,8.433462524E-1,-2.575693817E0
6.002035704E1,-9.868977356E0,8.276289368E-1,-2.755469971E0
6.003039704E1,-1.011102402E1,1.162632294E0,-3.074007568E0
6.004043704E1,-9.704319763E0,1.501826935E0,-3.516337738E0
6.005047704E1,-9.472901001E0,1.423240356E0,-3.693718872E0
6.006051704E1,-9.361981659E0,1.165626068E0,-3.703448639E0
6.007055704E1,-9.088200989E0,9.780661011E-1,-3.638932800E0
6.008059704E1,-8.562643890E0,8.765771484E-1,-3.366948395E0
6.009063704E1,-7.943082275E0,8.023315430E-1,-2.848726044E0
6.010067804E1,-7.232509918E0,6.385720825E-1,-2.232906647E0
6.011071804E1,-6.760391693E0,4.433779907E-1,-1.759291534E0
6.012075804E1,-6.513554993E0,3.112028503E-1,-1.493743744E0
6.013079804E1,-6.368506622E0,1.437011719E-1,-1.348695374E0
6.014083804E1,-6.604266357E0,-1.646575928E-3,-1.213825836E0
6.015087804E1,-6.970704346E0,-8.547225952E-2,-1.267264709E0
6.016091904E1,-7.291936340E0,-2.017803955E-1,-1.368005219E0
6.017095904E1,-7.641309814E0,-3.953279114E-1,-1.419049072E0
6.018099904E1,-7.941136322E0,-6.144721985E-1,-1.396895142E0
6.019103904E1,-8.231831818E0,-8.009843445E-1,-1.409918060E0
6.020107904E1,-8.581205292E0,-9.235794067E-1,-1.441502380E0
6.021111904E1,-9.017847290E0,-9.427395630E-1,-1.478026428E0
6.022115904E1,-9.379495239E0,-8.945397949E-1,-1.506167908E0
6.023119904E1,-9.440268860E0,-8.009843445E-1,-1.523980865E0
6.024124004E1,-9.340576172E0,-7.129673767E-1,-1.490001526E0
6.025128004E1,-9.219627686E0,-5.893244934E-1,-1.395248566E0
6.026132004E1,-9.061706085E0,-4.438270569E-1,-1.281185760E0
6.027136004E1,-8.902736664E0,-2.459385681E-1,-1.171463928E0
6.028140004E1,-8.801696777E0,-8.981323242E-4,-9.357041931E-1
6.029144004E1,-8.823850708E0,1.939965820E-1,-6.578819275E-1
6.030148104E1,-8.982969818E0,3.357518005E-1,-4.201762390E-1
6.031152104E1,-9.190288696E0,5.194198608E-1,-2.897973633E-1
6.032156104E1,-9.357490997E0,7.943980408E-1,-3.195854187E-1
6.033160104E1,-9.374106445E0,9.666897583E-1,-4.200265503E-1
6.034164104E1,-9.324110413E0,8.162525940E-1,-4.421804810E-1
6.035168104E1,-9.375753021E0,6.203100586E-1,-5.059478760E-1
6.036172104E1,-9.514514465E0,3.885919189E-1,-6.484515381E-1
6.037176204E1,-9.716743927E0,1.303788757E-1,-8.464897156E-1
6.038180204E1,-1.003393433E1,-9.654922485E-2,-1.057700500E0
6.039184204E1,-1.045785278E1,-3.797602844E-1,-1.102008362E0
6.040188204E1,-1.099478622E1,-5.968089294E-1,-9.538165283E-1
6.041192204E1,-1.157707535E1,-7.533833313E-1,-6.093827820E-1
6.042196204E1,-1.214185089E1,-7.077282715E-1,-2.746788025E-1
6.043200204E1,-1.267369492E1,-4.508624268E-1,-2.139051819E-1
6.044204304E1,-1.314192123E1,-1.136137390E-1,-4.005670166E-1
6.045208304E1,-1.336361023E1,2.097138977E-1,-8.791218567E-1
6.046212304E1,-1.342588074E1,4.601431274E-1,-1.617686005E0
6.047216304E1,-1.334938980E1,2.838098145E-1,-2.521057434E0
6.048220304E1,-1.320987991E1,-4.989125061E-1,-3.512894897E0
6.049224304E1,-1.310494812E1,-1.511556702E0,-4.436174927E0
6.050228304E1,-1.286245239E1,-2.166893921E0,-5.233117676E0
6.051232404E1,-1.232521957E1,-1.994452515E0,-5.910459137E0
6.052236404E1,-1.127545258E1,-8.855584717E-1,-6.152954865E0
6.053240404E1,-9.960886230E0,4.477189636E-1,-5.712570648E0
6.054244404E1,-8.662935333E0,1.246607666E0,-4.654720459E0
6.055248404E1,-7.568561096E0,1.400337982E0,-3.405418396E0
6.056252404E1,-7.238647156E0,1.100661163E0,-2.561623077E0
6.057256404E1,-7.752079468E0,7.637118530E-1,-2.357747040E0
6.058260504E1,-8.568781128E0,5.734574890E-1,-2.553240509E0
6.059264504E1,-9.467362518E0,4.108955383E-1,-2.668201447E0
6.060268504E1,-1.022673340E1,2.290237427E-1,-2.782713318E0
6.061272504E1,-1.068912186E1,7.933502197E-2,-3.010689240E0
6.062276504E1,-1.081261505E1,-1.152603149E-1,-3.234473877E0
6.063280504E1,-1.095706467E1,-3.631448364E-1,-3.461701355E0
6.064284504E1,-1.108340195E1,-5.192701721E-1,-3.545676727E0
6.065288604E1,-1.088251968E1,-6.903643799E-1,-3.463497620E0
6.066292604E1,-1.044947021E1,-7.671546936E-1,-3.349285126E0
6.067296604E1,-9.734407196E0,-6.512956238E-1,-3.170407104E0
6.068300604E1,-8.741072845E0,-5.022056580E-1,-2.914888458E0
6.069304604E1,-7.962990875E0,-4.147874451E-1,-2.472857666E0
6.070308604E1,-7.269333344E0,-2.121089172E-1,-2.093247070E0
6.071312604E1,-6.727909241E0,1.172062683E-1,-1.796414337E0
6.072316704E1,-6.465953979E0,5.312452698E-1,-1.494492188E0
6.073320704E1,-6.524631958E0,1.089135132E0,-1.179696808E0
6.074324704E1,-6.589447174E0,1.572779388E0,-8.584648132E-1
6.075328704E1,-6.712790680E0,1.767374725E0,-7.155120850E-1
6.076332704E1,-6.805148621E0,1.781295776E0,-8.499325562E-1
6.077336704E1,-6.970554657E0,1.658850403E0,-1.122815094E0
6.078340704E1,-7.308701477E0,1.436562653E0,-1.357826385E0
6.079344804E1,-7.760911102E0,1.188977509E0,-1.522334290E0
6.080348804E1,-8.339308319E0,9.927355957E-1,-1.639989624E0
6.081352804E1,-8.838520203E0,7.903564453E-1,-1.647623749E0
6.082356804E1,-9.062005463E0,6.267466736E-1,-1.578467560E0
6.083360804E1,-9.085805969E0,5.707630920E-1,-1.456471252E0
6.084364804E1,-8.895401917E0,6.840774536E-1,-1.312620392E0
6.085368804E1,-8.694519653E0,7.592211914E-1,-9.698332214E-1
6.086372904E1,-8.621920624E0,7.084767151E-1,-4.287084961E-1
6.087376904E1,-8.745563507E0,5.977070618E-1,5.418731689E-2
6.088380904E1,-8.954528961E0,4.336482239E-1,1.664538574E-1
6.089384904E1,-9.311835938E0,1.821711731E-1,-3.008743286E-2
6.090388904E1,-9.674980774E0,1.377136230E-1,-4.451742554E-1
6.091392904E1,-9.788893890E0,2.624043274E-1,-8.077203369E-1
6.092396904E1,-9.629325714E0,3.076103210E-1,-8.825646973E-1
6.093401067E1,-9.219328308E0,3.811074829E-1,-8.339158630E-1
6.094405067E1,-8.960366821E0,4.650828552E-1,-8.924441528E-1
6.095409067E1,-9.133257294E0,5.492079163E-1,-1.104253693E0
6.096413067E1,-9.530680847E0,8.635542297E-1,-1.418001251E0
6.097417067E1,-9.872869263E0,1.239272919E0,-1.491648102E0
6.098421067E1,-1.007824219E1,1.479074249E0,-1.283580780E0
6.099425067E1,-1.036130356E1,1.542242889E0,-9.973759460E-1
6.100429167E1,-1.074106384E1,1.544787598E0,-6.798861694E-1
6.101433167E1,-1.125374771E1,1.619482269E0,-5.806425476E-1
6.102437167E1,-1.195399155E1,1.426683197E0,-7.762857056E-1
6.103441167E1,-1.277009445E1,9.413923645E-1,-1.336570587E0
6.104445167E1,-1.395053970E1,6.358776855E-1,-2.576741638E0
6.105449167E1,-1.494147903E1,1.075663147E0,-4.376898193E0
6.106453167E1,-1.528097305E1,1.831441498E0,-6.014492798E0
6.107457267E1,-1.484433105E1,1.940564575E0,-6.657705231E0
6.108461267E1,-1.350326981E1,1.380130005E0,-6.599626007E0
6.109465267E1,-1.190414520E1,1.102906494E0,-5.936205597E0
6.110469267E1,-1.035172348E1,1.082249451E0,-4.907694397E0
6.111473267E1,-8.898246002E0,8.041278076E-1,-3.738775177E0
6.112477267E1,-7.810458069E0,1.448986816E-1,-2.642604675E0
6.113481367E1,-7.196135559E0,-2.857557678E-1,-2.080373840E0
6.114485367E1,-6.899901581E0,-2.474354553E-1,-2.058070221E0
6.115489367E1,-6.934329987E0,7.858657837E-2,-2.187550964E0
6.116493367E1,-7.279362488E0,4.457730103E-1,-2.292931824E0
6.117497367E1,-7.692203979E0,5.358856201E-1,-2.242037659E0
6.118501367E1,-8.646469574E0,4.806504822E-1,-2.050286407E0
6.119505367E1,-9.686207428E0,7.545808411E-1,-2.245929565E0
6.120509467E1,-1.009216324E1,1.288969574E0,-2.776576080E0
6.121513467E1,-1.022194336E1,1.385518799E0,-3.243604889E0
6.122517467E1,-1.050590286E1,1.231638794E0,-3.468587036E0
6.123521467E1,-1.051159103E1,1.029409332E0,-3.530558167E0
6.124525467E1,-1.018526962E1,8.226892090E-1,-3.525169373E0
6.125529467E1,-9.663305054E0,6.340814209E-1,-3.250340881E0
6.126533467E1,-9.037007446E0,4.096980286E-1,-2.778222656E0
6.127537567E1,-8.491990814E0,1.844165039E-1,-2.337239685E0
6.128541567E1,-8.081544342E0,-5.763015747E-2,-1.980980530E0
6.129545567E1,-7.802524567E0,-2.550695801E-1,-1.743723907E0
6.130549567E1,-7.574997711E0,-3.014730835E-1,-1.541344757E0
6.131553567E1,-7.475604401E0,-2.918930054E-1,-1.372645569E0
6.132557567E1,-7.503147125E0,-3.064128113E-1,-1.225202179E0
6.133561567E1,-7.637118530E0,-4.445755005E-1,-1.063688049E0
6.134565667E1,-7.787555695E0,-6.369255066E-1,-9.372010803E-1
6.135569667E1,-7.830965424E0,-8.593629456E-1,-9.376501465E-1
6.136573667E1,-7.920030212E0,-1.145717468E0,-1.204994202E0
6.137577667E1,-8.100405121E0,-1.283131714E0,-1.599274292E0
6.138581667E1,-8.417894897E0,-1.260977783E0,-1.894011383E0
6.139585667E1,-8.844956818E0,-1.006506958E0,-2.035467224E0
6.140589767E1,-9.181606750E0,-5.740562439E-1,-1.995500336E0
6.141593767E1,-9.382339325E0,-2.380050659E-1,-1.745969238E0
6.142597767E1,-9.407487030E0,4.984634399E-2,-1.479074249E0
6.143601767E1,-9.390123138E0,2.511776733E-1,-1.277742920E0
6.144605767E1,-9.310039673E0,3.424877930E-1,-1.158890076E0
6.145609767E1,-9.125623169E0,2.579136658E-1,-9.648934937E-1
6.146613767E1,-8.924441528E0,3.128494263E-2,-9.180409241E-1
6.147617867E1,-8.691076813E0,-2.495310974E-1,-9.807604980E-1
6.148621867E1,-8.602461090E0,-4.818479919E-1,-1.041833496E0
6.149625867E1,-8.807983704E0,-3.852987671E-1,-1.178798676E0
6.150629867E1,-9.227411499E0,-4.221221924E-2,-1.343007202E0
6.151633867E1,-9.640402679E0,3.489244080E-1,-1.472038879E0
6.152637867E1,-9.986183624E0,5.764512634E-1,-1.761836243E0
6.153641867E1,-1.027448410E1,6.399192810E-1,-2.133812714E0
6.154645967E1,-1.040156982E1,5.698649597E-1,-2.390079803E0
6.155649967E1,-1.036115387E1,3.679348755E-1,-2.220632172E0
6.156653967E1,-1.033645523E1,7.125183105E-2,-1.682201843E0
6.157657967E1,-1.038450531E1,-1.499880981E-1,-1.167272644E0
6.158661967E1,-1.055155792E1,-7.828720093E-2,-7.714956665E-1
6.159665967E1,-1.073807007E1,2.510279846E-1,-5.977070618E-1
6.160670067E1,-1.077878540E1,6.825805664E-1,-6.213578796E-1
6.161674067E1,-1.072384964E1,1.097667389E0,-7.722441101E-1
6.162678067E1,-1.062041473E1,1.425785065E0,-1.003662872E0
6.163682067E1,-1.050874695E1,1.776356049E0,-1.310824127E0
6.164686067E1,-1.039543259E1,1.720372467E0,-1.622176666E0
6.165690067E1,-1.044797333E1,1.469793549E0,-2.025138702E0
6.166694067E1,-1.059451859E1,1.318907318E0,-2.781515808E0
6.167698167E1,-1.073866882E1,1.115180969E0,-3.713028717E0
6.168702167E1,-1.113684082E1,1.000369720E0,-4.533472595E0
6.169706167E1,-1.164144150E1,7.626640320E-1,-4.993316345E0
6.170710167E1,-1.182016983E1,3.162922668E-1,-4.964276733E0
6.171714167E1,-1.126527374E1,2.724334717E-2,-4.618795166E0
6.172718167E1,-1.010069550E1,-7.155120850E-2,-4.222569122E0
6.173722267E1,-8.984616394E0,-2.585124207E-1,-3.719764709E0
6.174726267E1,-8.401878204E0,-6.132746887E-1,-3.121009827E0
6.175730267E1,-8.192613373E0,-7.961943054E-1,-2.490071869E0
6.176734267E1,-8.173153839E0,-6.956034851E-1,-1.933678894E0
6.177738267E1,-8.250093842E0,-3.703298950E-1,-1.418450317E0
6.178742267E1,-8.445886688E0,8.547225952E-2,-9.996212769E-1
6.179746267E1,-8.918753357E0,4.996609497E-1,-8.484356689E-1
6.180750367E1,-9.795629883E0,7.610174561E-1,-9.686357117E-1
6.181754367E1,-1.059796143E1,1.035396881E0,-1.218466187E0
6.182758367E1,-1.099179245E1,1.068927155E0,-1.582359467E0
6.183762367E1,-1.108175537E1,8.210426331E-1,-2.079775085E0
6.184766367E1,-1.100601288E1,6.053411865E-1,-2.680176544E0
6.185770367E1,-1.091200836E1,4.393363953E-1,-3.284170532E0
6.186774467E1,-1.065469345E1,4.406835938E-1,-3.690276031E0
6.187778467E1,-1.000998413E1,5.592370605E-1,-3.693868561E0
6.188782467E1,-9.132808228E0,6.975494385E-1,-3.238964539E0
6.189786467E1,-8.396788788E0,8.846603394E-1,-2.655926971E0
6.190790467E1,-7.895331573E0,1.120719452E0,-2.164648590E0
6.191794467E1,-7.662116547E0,1.474134521E0,-1.848056946E0
6.192798567E1,-7.613916779E0,1.825154572E0,-1.635199585E0
6.193802492E1,-7.685467987E0,2.085612946E0,-1.511856079E0
6.194806492E1,-7.801027679E0,2.142644348E0,-1.440903625E0
6.195810492E1,-7.892786865E0,2.082170105E0,-1.512454834E0
6.196814492E1,-7.970774689E0,1.922601929E0,-1.810784454E0
6.197818492E1,-8.224048004E0,1.702409821E0,-2.151925049E0
6.198822592E1,-8.629255371E0,1.483115845E0,-2.457888794E0
6.199826592E1,-9.063202972E0,1.275647278E0,-2.654130707E0
6.200830592E1,-9.451196136E0,1.117426300E0,-2.582579498E0
6.201834592E1,-9.665700073E0,9.752220154E-1,-2.383493500E0
6.202838592E1,-9.786798248E0,9.045689392E-1,-2.221979370E0
6.203842592E1,-9.910291443E0,9.113049316E-1,-2.138003998E0
6.204846592E1,-9.937235413E0,9.636959839E-1,-2.224374390E0
6.205850692E1,-9.876312103E0,9.972262573E-1,-2.342778168E0
6.206854692E1,-9.779014435E0,1.028361511E0,-2.407892761E0
6.207858692E1,-9.562414856E0,1.011895752E0,-2.464026031E0
6.208862692E1,-9.343120880E0,1.017284546E0,-2.439926147E0
6.209866692E1,-9.128317566E0,1.057550812E0,-2.338437195E0
6.210870692E1,-9.001231842E0,1.137634277E0,-2.085912323E0
6.211874792E1,-9.028475189E0,1.322948914E0,-1.798509979E0
6.212878792E1,-9.141041107E0,1.542991333E0,-1.670226746E0
6.213882792E1,-9.318272552E0,1.538500671E0,-1.666933594E0
6.214886792E1,-9.653575287E0,1.468596039E0,-1.635498962E0
6.215890792E1,-9.976004791E0,1.341510315E0,-1.685794373E0
6.216894792E1,-1.013287857E1,9.613009644E-1,-1.668729858E0
6.217898892E1,-1.016880386E1,4.047583008E-1,-1.636546783E0
6.218902892E1,-1.019649628E1,-2.035766602E-2,-1.772314453E0
6.219906892E1,-1.018497025E1,-6.137237549E-2,-2.136058044E0
6.220910892E1,-1.004501129E1,2.151026917E-1,-2.589914246E0
6.221914892E1,-9.843829651E0,5.580395508E-1,-2.800376587E0
6.222918892E1,-9.666897583E0,8.059240723E-1,-2.769091644E0
6.223922992E1,-9.474397888E0,9.389973450E-1,-2.661764832E0
6.224926992E1,-9.265432434E0,1.015488281E0,-2.482138367E0
6.225930992E1,-9.012308807E0,1.035247192E0,-2.283800812E0
6.226934992E1,-8.801846466E0,1.006806335E0,-2.165546722E0
6.227938992E1,-8.714128876E0,9.999206543E-1,-2.097887421E0
6.228942992E1,-8.766669617E0,9.695338440E-1,-2.046693878E0
6.229947092E1,-8.898395691E0,9.723779297E-1,-2.013313293E0
6.230951092E1,-9.019942932E0,8.961863708E-1,-2.023342438E0
6.231955092E1,-9.108408966E0,7.602690125E-1,-1.988165588E0
6.232959092E1,-9.167835388E0,5.704637146E-1,-1.922751617E0
6.233963092E1,-9.244326324E0,3.077600098E-1,-1.902693329E0
6.234967092E1,-9.387428741E0,1.254391479E-1,-1.860930176E0
6.235971192E1,-9.558522949E0,-9.430389404E-3,-1.851649475E0
6.236975192E1,-9.727671204E0,-8.696914673E-2,-1.871109009E0
6.237979192E1,-9.907147980E0,-9.744735718E-2,-1.909728699E0
6.238983192E1,-9.995464325E0,-1.721420288E-2,-2.087558899E0
6.239987192E1,-1.006102798E1,1.450483704E-1,-2.286046143E0
6.240991192E1,-1.004007156E1,2.646496582E-1,-2.377805328E0
6.241995292E1,-9.919721832E0,3.643423462E-1,-2.343376923E0
6.242999292E1,-9.715247040E0,4.090992737E-1,-2.223925323E0
6.244003292E1,-9.550589447E0,4.808001709E-1,-2.083816681E0
6.245007292E1,-9.396410065E0,5.553451538E-1,-1.983674927E0
6.246011292E1,-9.317524109E0,6.650669861E-1,-1.968855743E0
6.247015292E1,-9.285341034E0,7.116201782E-1,-1.933828583E0
6.248019392E1,-9.291777649E0,6.548881531E-1,-1.908381500E0
6.249023392E1,-9.355545044E0,5.322930908E-1,-1.870659943E0
6.250027392E1,-9.466913452E0,4.418811035E-1,-1.802850952E0
6.251031392E1,-9.607171783E0,4.092489624E-1,-1.786235504E0
6.252035392E1,-9.726024628E0,4.293072510E-1,-1.825304260E0
6.253039492E1,-9.739346924E0,4.399351501E-1,-1.892813873E0
6.254043492E1,-9.715247040E0,4.287084961E-1,-1.992955627E0
6.255047492E1,-9.667795715E0,5.098397827E-1,-2.091151428E0
6.256051492E1,-9.593699799E0,6.048921204E-1,-2.193089447E0
6.257055492E1,-9.499994659E0,6.574328613E-1,-2.277663574E0
6.258059492E1,-9.415420532E0,6.521937561E-1,-2.220033417E0
6.259063592E1,-9.363777924E0,6.283932495E-1,-2.160157928E0
6.260067592E1,-9.401798859E0,6.527925110E-1,-2.122136993E0
6.261071592E1,-9.469458160E0,6.884184265E-1,-2.050136719E0
6.262075592E1,-9.507928162E0,6.680607605E-1,-2.010020142E0
6.263079592E1,-9.514065399E0,6.387217712E-1,-1.996248779E0
6.264083592E1,-9.520052948E0,6.077362061E-1,-1.955683136E0
6.265087692E1,-9.538165283E0,5.474116516E-1,-1.855391693E0
6.266091692E1,-9.573491821E0,4.830455017E-1,-1.751507721E0
6.267095692E1,-9.674531708E0,4.402345276E-1,-1.719923401E0
6.268099692E1,-9.771679688E0,4.674778748E-1,-1.750160522E0
6.269103692E1,-9.823471985E0,5.423222351E-1,-1.813179474E0
6.270107692E1,-9.770931244E0,5.749543762E-1,-1.897304535E0
6.271111792E1,-9.615105286E0,5.731581116E-1,-1.976040802E0
6.272115792E1,-9.493558044E0,5.700146484E-1,-2.004331970E0
6.273119792E1,-9.416318665E0,5.752537537E-1,-1.956880646E0
6.274123792E1,-9.362131348E0,5.836363220E-1,-1.912722473E0
6.275127792E1,-9.336384888E0,5.891748047E-1,-1.870659943E0
6.276131892E1,-9.388626251E0,5.706134033E-1,-1.877395935E0
6.277135892E1,-9.418563995E0,5.843847656E-1,-1.940115509E0
6.278139892E1,-9.460027771E0,5.640270996E-1,-1.982327728E0
6.279143892E1,-9.604926453E0,5.761518860E-1,-1.908531189E0
6.280147892E1,-9.752519531E0,5.917195129E-1,-1.829495544E0
6.281151892E1,-9.822124786E0,6.271957397E-1,-1.750609589E0
6.282155992E1,-9.793833618E0,6.442602539E-1,-1.697470093E0
6.283159992E1,-9.727371826E0,6.206094360E-1,-1.677711182E0
6.284163992E1,-9.625134430E0,5.915698242E-1,-1.707199860E0
6.285167992E1,-9.542506256E0,6.056405640E-1,-1.705253906E0
6.286171992E1,-9.520202637E0,6.044430542E-1,-1.670077057E0
6.287176092E1,-9.526938629E0,6.042933655E-1,-1.669328613E0
6.288180092E1,-9.520651703E0,5.915698242E-1,-1.699865112E0
6.289184092E1,-9.562115479E0,5.858816528E-1,-1.726659393E0
6.290188092E1,-9.625583496E0,4.914280701E-1,-1.731449432E0
6.291192092E1,-9.683962097E0,3.888912964E-1,-1.726659393E0
6.292196092E1,-9.697134705E0,4.053570557E-1,-1.754202118E0
6.293200192E1,-9.643546143E0,4.023632813E-1,-1.735640717E0
6.294204192E1,-9.636959839E0,4.038601685E-1,-1.725611572E0
6.295208192E1,-9.605375519E0,4.352947998E-1,-1.742227020E0
6.296212192E1,-9.582772522E0,5.304968262E-1,-1.721270599E0
6.297216192E1,-9.545050964E0,6.255491638E-1,-1.736239471E0
6.298220292E1,-9.508975983E0,6.462062073E-1,-1.712588654E0
6.299224292E1,-9.510023804E0,6.152206421E-1,-1.673070831E0
6.300228292E1,-9.517957306E0,5.486091614E-1,-1.699266357E0
6.301232292E1,-9.535021820E0,5.125341797E-1,-1.726360016E0
6.302236292E1,-9.547595673E0,4.978646851E-1,-1.766177216E0
6.303240292E1,-9.563312988E0,4.721182251E-1,-1.790426788E0
6.304244392E1,-9.632918243E0,4.775070190E-1,-1.801503754E0
6.305248392E1,-9.637259216E0,4.749623108E-1,-1.813628540E0
6.306252392E1,-9.613458710E0,4.662803650E-1,-1.807042236E0
6.307256392E1,-9.587712250E0,4.815486145E-1,-1.796264648E0
6.308260392E1,-9.592352600E0,5.132826233E-1,-1.767225037E0
6.309264492E1,-9.583221588E0,5.034031677E-1,-1.769320679E0
6.310268492E1,-9.547296295E0,4.734654236E-1,-1.700314178E0
6.311272492E1,-9.531578979E0,4.288581848E-1,-1.632205811E0
6.312276492E1,-9.561217346E0,4.388873291E-1,-1.638043671E0
6.313280492E1,-9.587412872E0,4.123924255E-1,-1.673370209E0
6.314284492E1,-9.621092834E0,4.138893127E-1,-1.713337097E0
6.315288592E1,-9.627230072E0,4.346960449E-1,-1.756597137E0
6.316292592E1,-9.598190460E0,4.174818420E-1,-1.803000641E0
6.317296592E1,-9.595196686E0,4.450245667E-1,-1.804198151E0
6.318300592E1,-9.600435791E0,4.766088867E-1,-1.797312469E0
6.319304592E1,-9.613758087E0,5.339396667E-1,-1.817221069E0
6.320308692E1,-9.597142639E0,5.769003296E-1,-1.828747101E0
6.321312692E1,-9.584718475E0,5.899232483E-1,-1.802401886E0
6.322316692E1,-9.584718475E0,5.998027039E-1,-1.742227020E0
6.323320692E1,-9.574389954E0,5.544470215E-1,-1.659748535E0
6.324324692E1,-9.553882599E0,4.658312988E-1,-1.620230713E0
6.325328792E1,-9.543254700E0,4.064048767E-1,-1.601220245E0
6.326332792E1,-9.541907501E0,3.778143311E-1,-1.605261841E0
6.327336792E1,-9.569001160E0,4.073030090E-1,-1.658251648E0
6.328340792E1,-9.585017853E0,4.632865906E-1,-1.751807098E0
6.329344792E1,-9.596244507E0,5.258564758E-1,-1.810036011E0
6.330348792E1,-9.612859955E0,5.614823914E-1,-1.841620331E0
6.331352892E1,-9.606273651E0,5.863307190E-1,-1.801054688E0
6.332356892E1,-9.619895325E0,5.764512634E-1,-1.763333130E0
6.333360892E1,-9.637408905E0,5.417234802E-1,-1.758543091E0
6.334364892E1,-9.610015869E0,4.825964355E-1,-1.753902740E0
6.335368892E1,-9.572294312E0,4.402345276E-1,-1.780247955E0
6.336372992E1,-9.550140381E0,4.397854614E-1,-1.823058929E0
6.337376992E1,-9.544452209E0,4.610412598E-1,-1.848506012E0
6.338380992E1,-9.607321472E0,5.197192383E-1,-1.833088074E0
6.339384992E1,-9.632020111E0,5.522016907E-1,-1.798060913E0
6.340388992E1,-9.649833069E0,5.614823914E-1,-1.793869629E0
6.341393092E1,-9.628277893E0,5.845344543E-1,-1.780996399E0
6.342397092E1,-9.572144623E0,5.697152710E-1,-1.761536865E0
6.343401092E1,-9.516011353E0,5.569917297E-1,-1.778002625E0
6.344405092E1,-9.521250458E0,5.195695496E-1,-1.786085815E0
6.345409092E1,-9.519304504E0,5.057981873E-1,-1.773661652E0
6.346413092E1,-9.508077850E0,4.825964355E-1,-1.770069122E0
6.347417192E1,-9.493558044E0,4.685256958E-1,-1.755848694E0
6.348421192E1,-9.496701508E0,4.854405212E-1,-1.785636749E0
6.349425192E1,-9.552236023E0,4.902305603E-1,-1.785337372E0
6.350429192E1,-9.618248749E0,5.203179932E-1,-1.771865387E0
6.351433192E1,-9.646390228E0,5.255570984E-1,-1.804647217E0
6.352437292E1,-9.652527466E0,5.263055420E-1,-1.836381226E0
6.353441292E1,-9.625882874E0,5.028044128E-1,-1.848356323E0
6.354445292E1,-9.591454468E0,4.737648010E-1,-1.854493561E0
6.355449292E1,-9.573791199E0,4.610412598E-1,-1.845661926E0
6.356453292E1,-9.561067657E0,4.854405212E-1,-1.811981964E0
6.357457392E1,-9.560169525E0,5.349874878E-1,-1.777403870E0
6.358461392E1,-9.548044739E0,5.875282288E-1,-1.753453674E0
6.359465392E1,-9.544901276E0,6.069877625E-1,-1.723665619E0
6.360469392E1,-9.557774506E0,6.143225098E-1,-1.724863129E0
6.361473392E1,-9.584868164E0,6.237528992E-1,-1.763632507E0
6.362477492E1,-9.591604156E0,6.382727051E-1,-1.800306244E0
6.363481492E1,-9.592352600E0,6.212081909E-1,-1.829794922E0
6.364485492E1,-9.579778748E0,5.629792786E-1,-1.801204376E0
6.365489492E1,-9.574240265E0,5.239105225E-1,-1.778302002E0
6.366493492E1,-9.575288086E0,5.028044128E-1,-1.757345581E0
6.367497492E1,-9.583071899E0,4.805007935E-1,-1.717229004E0
6.368501592E1,-9.588460693E0,4.796026611E-1,-1.738035736E0
6.369505592E1,-9.598340149E0,4.466711426E-1,-1.741029510E0
6.370509592E1,-9.599986725E0,4.318519592E-1,-1.739532623E0
6.371513592E1,-9.596094818E0,4.746629333E-1,-1.795815582E0
6.372517592E1,-9.615554352E0,5.189707947E-1,-1.808239746E0
6.373521692E1,-9.609566803E0,5.275030518E-1,-1.786085815E0
6.374525692E1,-9.624984741E0,5.454656982E-1,-1.739981689E0
6.375529692E1,-9.612710266E0,5.649252319E-1,-1.687590637E0
6.376533692E1,-9.579179993E0,5.396278381E-1,-1.648521881E0
6.377537692E1,-9.572144623E0,5.289999390E-1,-1.651515656E0
6.378541792E1,-9.554032288E0,4.766088867E-1,-1.667981415E0
6.379545792E1,-9.571396179E0,4.578977966E-1,-1.698966980E0
6.380549792E1,-9.596843262E0,5.035528564E-1,-1.731748810E0
6.381553792E1,-9.613309021E0,5.399272156E-1,-1.780247955E0
6.382557792E1,-9.621392212E0,5.382806396E-1,-1.812281342E0
6.383561892E1,-9.641450500E0,5.478607178E-1,-1.821112976E0
6.384565892E1,-9.643695831E0,5.433700562E-1,-1.824705505E0
6.385569892E1,-9.616153107E0,4.942721558E-1,-1.828298035E0
6.386573892E1,-9.568851471E0,4.537065125E-1,-1.794019318E0
6.387577892E1,-9.545050964E0,4.724176025E-1,-1.765578461E0
6.388581992E1,-9.529183960E0,5.315446472E-1,-1.769620056E0
6.389585992E1,-9.552834778E0,5.493576050E-1,-1.775158539E0
6.390589992E1,-9.599837036E0,5.659730530E-1,-1.764979706E0
6.391593992E1,-9.626481628E0,5.739065552E-1,-1.743424530E0
6.392597992E1,-9.559421082E0,5.412744141E-1,-1.715133362E0
6.393602008E1,-9.508826294E0,5.017565918E-1,-1.670675812E0
6.394606108E1,-9.496701508E0,5.034031677E-1,-1.659748535E0
6.395610108E1,-9.540111237E0,5.146298218E-1,-1.700164490E0
6.396614108E1,-9.616751862E0,5.272036743E-1,-1.748064880E0
6.397618108E1,-9.675429840E0,5.310955811E-1,-1.778302002E0
6.398622108E1,-9.689350891E0,5.334906006E-1,-1.783391418E0
6.399626208E1,-9.654024353E0,5.322930908E-1,-1.760189667E0
6.400630208E1,-9.606872406E0,5.020559692E-1,-1.732497253E0
6.401634208E1,-9.552086334E0,4.746629333E-1,-1.698966980E0
6.402638208E1,-9.535470886E0,4.772076416E-1,-1.691033478E0
6.403642208E1,-9.523196411E0,4.843927002E-1,-1.738035736E0
6.404646308E1,-9.552236023E0,4.831951904E-1,-1.722019043E0
6.405650308E1,-9.593400421E0,4.890330505E-1,-1.731449432E0
6.406654308E1,-9.658365326E0,4.941224670E-1,-1.747316437E0
6.407658308E1,-9.648485870E0,5.294490051E-1,-1.733245697E0
6.408662308E1,-9.613907776E0,5.583389282E-1,-1.722917175E0
6.409666408E1,-9.591155090E0,5.480104065E-1,-1.727108459E0
6.410670408E1,-9.548942871E0,5.358856201E-1,-1.742376709E0
6.411674408E1,-9.526788940E0,5.092410278E-1,-1.761836243E0
6.412678408E1,-9.514813843E0,4.978646851E-1,-1.747615814E0
6.413682408E1,-9.523196411E0,5.315446472E-1,-1.763183441E0
6.414686508E1,-9.549691315E0,5.545967102E-1,-1.745969238E0
6.415690508E1,-9.583071899E0,5.613327026E-1,-1.760638733E0
6.416694508E1,-9.595645752E0,5.483097839E-1,-1.768422546E0
6.417698508E1,-9.584119720E0,5.050497437E-1,-1.784738617E0
6.418702508E1,-9.578132172E0,4.495152283E-1,-1.844165039E0
6.419706608E1,-9.552834778E0,4.245172119E-1,-1.907633057E0
6.420710608E1,-9.523346100E0,4.504133606E-1,-1.942061462E0
6.421714608E1,-9.489815826E0,4.995112610E-1,-1.900148621E0
6.422718608E1,-9.472002869E0,5.364843750E-1,-1.836680603E0
6.423722608E1,-9.471404114E0,5.533992004E-1,-1.807491302E0
6.424726708E1,-9.466015320E0,5.260061646E-1,-1.786085815E0
6.425730708E1,-9.455387421E0,4.936734009E-1,-1.803000641E0
6.426734708E1,-9.490264893E0,4.550537109E-1,-1.862427063E0
6.427738708E1,-9.575737152E0,4.326004028E-1,-1.896107025E0
6.428742708E1,-9.671238556E0,4.581971741E-1,-1.880988464E0
6.429746808E1,-9.796827393E0,4.650828552E-1,-1.886377258E0
6.430750808E1,-9.859097900E0,4.529580688E-1,-1.860331421E0
6.431754808E1,-9.859247589E0,4.767585754E-1,-1.832339630E0
6.432758808E1,-9.754615173E0,4.989125061E-1,-1.796114960E0
6.433762808E1,-9.591155090E0,5.405259705E-1,-1.787732391E0
6.434766908E1,-9.475894775E0,5.394781494E-1,-1.804497528E0
6.435770908E1,-9.392817535E0,5.255570984E-1,-1.912872162E0
6.436774908E1,-9.412426758E0,4.902305603E-1,-2.010020142E0
6.437778908E1,-9.517508240E0,5.069956970E-1,-2.007625122E0
6.438782908E1,-9.676627350E0,5.532495117E-1,-1.985471191E0
6.439787008E1,-9.784403229E0,5.969586182E-1,-2.009720764E0
6.440791008E1,-9.784552917E0,6.137237549E-1,-1.956581268E0
6.441795008E1,-9.739496613E0,5.936654663E-1,-1.914668427E0
6.442799008E1,-9.621392212E0,5.990542603E-1,-1.865869904E0
6.443803008E1,-9.502539368E0,5.834866333E-1,-1.794318695E0
6.444807008E1,-9.496402130E0,5.682183838E-1,-1.721869354E0
6.445811108E1,-9.556427307E0,4.975653076E-1,-1.691482544E0
6.446815108E1,-9.677226105E0,4.846920776E-1,-1.748513947E0
6.447819108E1,-9.790091400E0,5.218148804E-1,-1.787882080E0
6.448823108E1,-9.855355682E0,5.475613403E-1,-1.827399902E0
6.449827108E1,-9.867630157E0,4.923262024E-1,-1.789079590E0
6.450831208E1,-9.789492645E0,4.366419983E-1,-1.705403595E0
6.451835208E1,-9.638456726E0,4.629872131E-1,-1.652563477E0
6.452839208E1,-9.523944855E0,5.134323120E-1,-1.534159698E0
6.453843208E1,-9.472451935E0,6.123765564E-1,-1.437760162E0
6.454847208E1,-9.525292053E0,6.358776855E-1,-1.404080200E0
6.455851308E1,-9.686057739E0,6.483018494E-1,-1.399739227E0
6.456855308E1,-9.843081207E0,6.554869080E-1,-1.405427399E0
6.457859308E1,-9.927355957E0,6.587800598E-1,-1.385518799E0
6.458863308E1,-9.829010468E0,6.644682312E-1,-1.343605957E0
6.459867308E1,-9.609566803E0,6.385720825E-1,-1.335522766E0
6.460871408E1,-9.382938080E0,6.256988525E-1,-1.342857513E0
6.461875408E1,-9.294921112E0,6.459068298E-1,-1.352587280E0
6.462879408E1,-9.348060608E0,6.921606445E-1,-1.440155182E0
6.463883408E1,-9.518556061E0,6.899153137E-1,-1.535207520E0
6.464887408E1,-9.732161865E0,6.430627441E-1,-1.587748260E0
6.465891508E1,-9.944719849E0,5.364843750E-1,-1.642234955E0
6.466895508E1,-9.992470551E0,4.569996643E-1,-1.536255341E0
6.467899508E1,-9.896819458E0,3.353027344E-1,-1.356928253E0
6.468903508E1,-9.628128204E0,2.176473999E-1,-1.136885834E0
6.469907508E1,-9.294771423E0,2.588117981E-1,-8.098159790E-1
6.470911608E1,-9.092841339E0,4.324507141E-1,-5.054988098E-1
6.471915608E1,-9.095984802E0,5.867797852E-1,-3.911366272E-1
6.472919608E1,-9.244625702E0,7.047344971E-1,-6.313870239E-1
6.473923608E1,-9.455237732E0,8.364605713E-1,-1.006656647E0
6.474927608E1,-9.810898132E0,6.985972595E-1,-1.240919495E0
6.475931708E1,-1.014934433E1,5.339396667E-1,-1.357676697E0
6.476935708E1,-1.009605515E1,5.941145325E-1,-1.487905884E0
6.477939708E1,-9.942175140E0,4.788542175E-1,-1.376387787E0
6.478943708E1,-9.668244781E0,5.469625854E-1,-1.178349609E0
6.479947708E1,-9.361382904E0,5.998027039E-1,-9.213340759E-1
6.480951808E1,-9.360634460E0,5.063969421E-1,-8.355624390E-1
6.481955808E1,-9.419911194E0,3.724255371E-1,-1.055155792E0
6.482959808E1,-9.397457886E0,6.002517700E-1,-4.260140991E-1
6.483963808E1,-9.343270569E0,6.878196716E-1,-1.044378204E0
6.484967808E1,-9.555529175E0,6.990463257E-1,-9.949809265E-1
6.485971908E1,-9.951306152E0,5.836363220E-1,-9.921368408E-1
6.486975908E1,-1.013392639E1,4.337979126E-1,-1.105002136E0
6.487979908E1,-1.011296997E1,3.234773254E-1,-1.029559021E0
6.488983908E1,-9.846074982E0,3.742218018E-1,-8.813671875E-1
6.489987908E1,-9.688003693E0,5.836363220E-1,-7.342231750E-1
6.490992008E1,-9.655072174E0,4.096980286E-1,-5.195695496E-1
6.491996008E1,-9.510622559E0,4.463717651E-1,-5.932164001E-1
6.493000008E1,-8.979826355E0,8.396040344E-1,-8.563691711E-1
6.494004021E1,-8.971443787E0,7.852670288E-1,-9.452842712E-1
6.495008021E1,-9.380842438E0,5.376818848E-1,-1.320703583E0
6.496012121E1,-9.845775604E0,6.180647278E-1,-1.332528992E0
6.497016121E1,-9.892328796E0,7.649093628E-1,-1.202299805E0
6.498020121E1,-9.846973114E0,8.181985474E-1,-1.384920044E0
6.499024121E1,-9.655970306E0,7.319778442E-1,-1.251397705E0
6.500028121E1,-9.642947388E0,4.906796265E-1,-9.503736877E-1
6.501032221E1,-9.804012451E0,2.320175171E-1,-3.556604004E-1
6.502036221E1,-1.005698639E1,3.511697388E-1,1.110690308E-1
6.503040221E1,-1.019230499E1,6.632707214E-1,-1.435514832E-1
6.504044221E1,-1.037282959E1,9.473799133E-1,-7.450007629E-1
6.505048221E1,-1.091949280E1,5.129832458E-1,-1.143023071E0
6.506052321E1,-1.060903839E1,1.483415222E-1,-1.349144440E0
6.507056321E1,-1.015593063E1,5.523513794E-2,-1.406325531E0
6.508060321E1,-9.743238831E0,-3.113525391E-2,-9.966275024E-1
6.509064321E1,-9.157955933E0,6.297404480E-1,-7.238946533E-1
6.510068321E1,-9.413624268E0,9.547146606E-1,-7.246430969E-1
6.511072421E1,-1.023990601E1,7.897576904E-1,-8.605604553E-1
6.512076421E1,-1.094434113E1,8.747808838E-1,-6.201603699E-1
6.513080421E1,-1.081560883E1,5.216651917E-1,3.367996216E-2
6.514084421E1,-9.901609497E0,4.894821167E-1,5.845344543E-1
6.515088421E1,-9.341623993E0,7.699987793E-1,6.167175293E-1
6.516092521E1,-9.336085510E0,6.376739502E-1,3.947291565E-1
6.517096521E1,-9.233249359E0,5.574407959E-1,4.231700134E-1
6.518100521E1,-9.328601074E0,7.059320068E-1,2.399510193E-1
6.519104521E1,-9.604926453E0,3.917353821E-1,3.282673645E-1
6.520108521E1,-9.630223846E0,3.749702454E-1,7.301815796E-1
6.521112621E1,-9.027127991E0,4.493655396E-1,9.553134155E-1
6.522116621E1,-9.046886902E0,4.914280701E-1,1.097966766E0
6.523120621E1,-9.228609009E0,4.698728943E-1,1.476978607E0
6.524124621E1,-9.690099335E0,3.682342529E-1,2.036515045E0
6.525128621E1,-9.652377777E0,2.806663513E-1,2.189945984E0
6.526132721E1,-9.528285828E0,2.763253784E-1,1.908231812E0
6.527136721E1,-9.126820679E0,4.143383789E-1,1.491199036E0
6.528140721E1,-8.808881836E0,4.345463562E-1,1.243464203E0
6.529144721E1,-8.660240936E0,4.586462402E-1,1.230890350E0
6.530148721E1,-9.235045624E0,2.375559998E-1,1.357826385E0
6.531152821E1,-1.008243347E1,3.004252625E-1,1.300794983E0
6.532156821E1,-1.020727386E1,2.597099304E-1,1.565294952E0
6.533160821E1,-1.020008881E1,2.671943665E-1,2.102976837E0
6.534164821E1,-1.011356873E1,2.906954956E-1,2.549797668E0
6.535168821E1,-9.615105286E0,3.811074829E-1,2.587369537E0
6.536172921E1,-9.471254425E0,4.971162415E-1,2.407443695E0
6.537176921E1,-9.486971741E0,5.956114197E-1,2.438279572E0
6.538180921E1,-9.359137573E0,6.706054688E-1,2.447260895E0
6.539184921E1,-9.065747681E0,4.523593140E-1,2.331401825E0
6.540188921E1,-8.846453705E0,4.064048767E-1,2.109862518E0
6.541193021E1,-9.003327484E0,4.608915710E-1,1.861828308E0
6.542197021E1,-9.143136749E0,3.812571716E-1,2.067799988E0
6.543201021E1,-9.209448853E0,3.490740967E-1,2.309996338E0
6.544205021E1,-9.401349792E0,3.632945251E-1,2.436632996E0
6.545209021E1,-9.365125122E0,3.658392334E-1,2.465373230E0
6.546213121E1,-9.242230682E0,4.366419983E-1,2.514770508E0
6.547217121E1,-9.357041931E0,4.303550720E-1,2.536175995E0
6.548221121E1,-9.338181152E0,5.023553467E-1,2.307900696E0
6.549225121E1,-9.188492432E0,4.727169800E-1,2.200274506E0
6.550229121E1,-9.476643219E0,5.213658142E-1,2.108365631E0
6.551233221E1,-9.554032288E0,4.544549561E-1,2.236798553E0
6.552237221E1,-9.824819183E0,3.197351074E-1,2.426005096E0
6.553241221E1,-9.726922760E0,2.249821472E-1,2.638862457E0
6.554245221E1,-9.535770264E0,3.450325012E-1,2.839445343E0
6.555249221E1,-9.319020996E0,2.820135498E-1,2.533780975E0
6.556253321E1,-9.424551544E0,3.492237854E-1,2.108814697E0
6.557257321E1,-9.644743652E0,5.242098999E-1,1.654808807E0
6.558261321E1,-9.345515900E0,4.635859680E-1,1.568887482E0
6.559265321E1,-9.104517059E0,4.117936707E-1,1.841770020E0
6.560269321E1,-9.648036804E0,3.641926575E-1,2.206112366E0
6.561273421E1,-9.926607513E0,4.300556946E-1,2.402354279E0
6.562277421E1,-9.682764587E0,4.149371338E-1,2.437980194E0
6.563281421E1,-9.380393372E0,4.420307922E-1,2.321672058E0
6.564285421E1,-9.303453369E0,5.957611084E-1,1.932331696E0
6.565289421E1,-9.265881500E0,5.993536377E-1,1.852248230E0
6.566293521E1,-9.260941772E0,5.777984619E-1,1.879641266E0
6.567297521E1,-9.361532593E0,4.056564331E-1,1.973346405E0
6.568301521E1,-9.357041931E0,3.296145630E-1,1.931583252E0
6.569305521E1,-9.491911469E0,3.082090759E-1,2.418221283E0
6.570309521E1,-9.704918518E0,3.894900513E-1,2.527643738E0
6.571313621E1,-1.009366013E1,3.043171692E-1,2.311942291E0
6.572317621E1,-1.019963974E1,3.026705933E-1,1.892664185E0
6.573321621E1,-9.833800507E0,3.155438232E-1,1.269210663E0
6.574325621E1,-9.501491547E0,3.550616455E-1,1.488804016E0
6.575329621E1,-9.010961609E0,4.619393921E-1,2.056573334E0
6.576333721E1,-9.063502350E0,4.947212219E-1,2.588716736E0
6.577337721E1,-9.102870483E0,5.207670593E-1,2.625091095E0
6.578341721E1,-9.361981659E0,5.451663208E-1,2.330803070E0
6.579345721E1,-9.778864746E0,6.209088135E-1,1.777403870E0
6.580349721E1,-9.811945953E0,5.650749207E-1,1.654808807E0
6.581353821E1,-9.628427582E0,5.096900940E-1,1.779050446E0
6.582357821E1,-9.407337341E0,4.065545654E-1,2.207309875E0
6.583361821E1,-9.231602783E0,2.926414490E-1,2.534230042E0
6.584365821E1,-9.168583832E0,3.338058472E-1,2.665057983E0
6.585369821E1,-9.513915710E0,2.526745605E-1,2.616109772E0
6.586373921E1,-9.867181091E0,2.350112915E-1,2.140399017E0
6.587377921E1,-9.605375519E0,2.013313293E-1,1.958078156E0