"Time (s)","X (m/s^2)","Y (m/s^2)","Z (m/s^2)"
2.125662500E-2,-8.225544891E0,-8.861572266E-2,5.386847992E0
3.129662501E-2,-7.829917603E0,2.342628479E-1,5.876629486E0
4.133662500E-2,-8.101902008E0,6.331832886E-2,6.124813385E0
5.137762500E-2,-7.913443909E0,1.047821045E-1,5.948480072E0
6.141762499E-2,-7.808212738E0,2.499801636E-2,5.951922913E0
7.145762500E-2,-7.830067291E0,-1.863624573E-1,6.098617859E0
8.149862500E-2,-7.795638885E0,-1.384620667E-1,6.293213196E0
9.153862500E-2,-7.686515808E0,-1.487905884E-1,5.984255676E0
1.015796250E-1,-7.726482697E0,-2.077679443E-1,5.811963959E0
1.116196250E-1,-7.788902893E0,-2.589614868E-1,5.815107422E0
1.216596250E-1,-7.722291412E0,-1.682501221E-1,5.778882751E0
1.317006250E-1,-7.721992035E0,-9.190887451E-2,5.688321075E0
1.417406250E-1,-7.807015228E0,-1.031355286E-1,5.637875977E0
1.517816250E-1,-7.840246124E0,-6.541397095E-2,5.681884460E0
1.618216250E-1,-7.850574646E0,-1.826202393E-2,5.676196289E0
1.718616250E-1,-7.939938812E0,-5.867797852E-2,5.610632629E0
1.819026250E-1,-7.993078308E0,-3.562591553E-2,5.707032166E0
1.919426250E-1,-7.950566711E0,4.445755005E-2,5.731581116E0
2.019836250E-1,-7.904462585E0,5.284011841E-2,5.630092163E0
2.120236250E-1,-7.910300446E0,9.984237671E-2,5.629493408E0
2.220636250E-1,-7.914791107E0,1.574725342E-1,5.599106598E0
2.321046250E-1,-8.022417297E0,1.764830017E-1,5.512885895E0
2.421446250E-1,-8.160579987E0,1.434017944E-1,5.608087921E0
2.521856250E-1,-8.164920959E0,1.408570862E-1,5.708978119E0
2.622256250E-1,-8.113727417E0,1.698966980E-1,5.759423218E0
2.722656250E-1,-8.015681305E0,1.716929626E-1,5.725443878E0
2.823066250E-1,-7.907606049E0,1.592687988E-1,5.640869751E0
2.923466250E-1,-7.916287994E0,1.044827271E-1,5.545817413E0
3.023876250E-1,-7.952961731E0,8.652008057E-2,5.537285156E0
3.124276250E-1,-7.999215546E0,6.571334839E-2,5.602699127E0
3.224676250E-1,-8.101452942E0,5.388793945E-3,5.621110840E0
3.325086250E-1,-8.170160065E0,-2.095642090E-3,5.587281189E0
3.425486250E-1,-8.054899750E0,4.640350342E-2,5.484445038E0
3.525896250E-1,-8.177494812E0,3.532653809E-2,5.406457214E0
3.626296250E-1,-8.255482635E0,-3.817062378E-2,5.541177063E0
3.726696250E-1,-8.030799866E0,4.595443726E-2,5.617368622E0
3.827106250E-1,-7.864495697E0,1.204994202E-1,5.539680176E0
3.927506250E-1,-7.840096436E0,1.267863464E-1,5.416636047E0
4.027906250E-1,-7.834258575E0,1.145118713E-1,5.306764526E0
4.128316250E-1,-8.040379944E0,8.771759033E-2,5.310357056E0
4.228716250E-1,-8.222251740E0,6.062393188E-2,5.271887054E0
4.329126250E-1,-8.300538940E0,-7.035369873E-3,5.273084564E0
4.429526250E-1,-8.381370850E0,2.335144043E-2,5.606740723E0
4.529926250E-1,-8.233328705E0,3.338058472E-2,5.629493408E0
4.630336250E-1,-8.084238739E0,2.110610962E-2,5.445226593E0
4.730736250E-1,-8.071066132E0,3.338058472E-2,5.313650208E0
4.831146250E-1,-8.018375702E0,6.167175293E-2,5.187462616E0
4.931546250E-1,-7.947572937E0,8.996292114E-2,5.178032227E0
5.031946250E-1,-7.994874573E0,7.050338745E-2,5.198689270E0
5.132356250E-1,-8.133935394E0,1.721420288E-2,5.197192383E0
5.232756250E-1,-8.194559326E0,-3.023712158E-2,5.194797363E0
5.333166250E-1,-8.311017151E0,-5.284011841E-2,5.026696930E0
5.433566250E-1,-8.338709564E0,-2.754272461E-2,4.494553528E0
5.533966250E-1,-8.487949219E0,2.266287231E-1,4.319118347E0
5.634376250E-1,-8.584199066E0,1.803749084E-1,4.451293488E0
5.734776250E-1,-8.699609070E0,1.486408997E-1,4.246369629E0
5.835186250E-1,-8.692124634E0,2.088157654E-1,4.096680908E0
5.935586250E-1,-8.629854126E0,1.630110168E-1,3.862418060E0
6.035986250E-1,-8.550070038E0,1.196012878E-1,3.682192841E0
6.136396250E-1,-8.383316803E0,9.116043091E-2,3.581003265E0
6.236796250E-1,-8.609945526E0,4.550537109E-2,3.466192017E0
6.337206250E-1,-9.328002319E0,2.224374390E-1,2.863694916E0
6.437606250E-1,-1.006297394E1,4.466711426E-1,2.110461273E0
6.538006250E-1,-1.035516632E1,3.984713745E-1,1.908830566E0
6.638416250E-1,-1.023032593E1,2.236349487E-1,2.040406952E0
6.738816250E-1,-9.842632141E0,1.300794983E-1,2.139500885E0
6.839226250E-1,-9.488917694E0,1.833686829E-1,2.173629913E0
6.939626250E-1,-9.352401581E0,1.977388000E-1,2.203417969E0
7.040026250E-1,-9.315727844E0,1.969903564E-1,2.129022675E0
7.140436250E-1,-9.291777649E0,1.896556091E-1,1.970202942E0
7.240836250E-1,-9.311536560E0,2.562670898E-1,1.850302277E0
7.341246250E-1,-9.420210571E0,2.540217590E-1,1.726509705E0
7.441646250E-1,-9.446256409E0,2.758763123E-1,1.731599121E0
7.542046250E-1,-9.527537384E0,2.812651062E-1,1.731299744E0
7.642456250E-1,-9.604776764E0,2.098635864E-1,1.659000092E0
7.742856250E-1,-9.770931244E0,1.664538574E-1,1.609004059E0
7.843256250E-1,-9.978100433E0,1.410067749E-1,1.548529816E0
7.943666250E-1,-1.005309448E1,1.389111328E-1,1.573976898E0
8.044066250E-1,-1.000938538E1,1.356179810E-1,1.554517365E0
8.144476250E-1,-9.951006775E0,1.315763855E-1,1.562301178E0
8.244876250E-1,-9.912387085E0,1.243913269E-1,1.626218262E0
8.345276250E-1,-9.831854553E0,1.190025330E-1,1.617985382E0
8.445686250E-1,-9.726922760E0,1.353186035E-1,1.594334564E0
8.546091667E-1,-9.651479645E0,1.348695374E-1,1.592089233E0
8.646501667E-1,-9.612560577E0,1.101708984E-1,1.509610748E0
8.746901667E-1,-9.678423615E0,1.445993042E-1,1.419348450E0
8.847301667E-1,-9.737550659E0,1.993853760E-1,1.377435608E0
8.947711667E-1,-9.753567352E0,2.046244812E-1,1.378184052E0
9.048111667E-1,-9.703122253E0,1.842668152E-1,1.410965881E0
9.148521667E-1,-9.631121979E0,2.405497742E-1,1.438358917E0
9.248921667E-1,-9.526040497E0,3.294648743E-1,1.497036896E0
9.349321667E-1,-9.541159058E0,3.218307495E-1,1.507365417E0
9.449731667E-1,-9.619446259E0,2.680924988E-1,1.477876740E0
9.550131667E-1,-9.729617157E0,2.320175171E-1,1.423090668E0
9.650541667E-1,-9.839488678E0,1.683998108E-1,1.361867981E0
9.750941667E-1,-9.807006226E0,1.851649475E-1,1.358125763E0
9.851341667E-1,-9.682016144E0,1.895059204E-1,1.427431641E0
9.951751667E-1,-9.608219604E0,1.785786438E-1,1.360371094E0
1.005215167E0,-9.670490112E0,1.694476318E-1,1.296603699E0
1.015256167E0,-9.753717041E0,9.086105347E-2,1.257385254E0
1.025296167E0,-9.535620575E0,1.892065430E-1,1.280437317E0
1.035336167E0,-9.480984192E0,2.877017212E-1,1.317560120E0
1.045377167E0,-9.478140106E0,3.516188049E-1,1.370549927E0
1.055417167E0,-9.508227539E0,3.996688843E-1,1.444645844E0
1.065458167E0,-9.511071625E0,3.002755737E-1,1.481768646E0
1.075498167E0,-9.440119171E0,2.160008240E-1,1.419797516E0
1.085538167E0,-9.441765747E0,2.562670898E-1,1.235530701E0
1.095579167E0,-9.547745361E0,2.201921082E-1,1.056053925E0
1.105619167E0,-9.685908051E0,2.062710571E-1,8.884025574E-1
1.115660167E0,-9.778116302E0,2.059716797E-1,8.342152405E-1
1.125700167E0,-9.863289185E0,2.128573608E-1,8.524772644E-1
1.135740167E0,-9.888137512E0,2.788700867E-1,9.156459045E-1
1.145781167E0,-9.820927277E0,2.604583740E-1,8.885522461E-1
1.155821167E0,-9.699230347E0,2.760260010E-1,7.987390137E-1
1.165862167E0,-9.594597931E0,3.983216858E-1,7.583230591E-1
1.175902167E0,-9.695338440E0,3.614982605E-1,7.265890503E-1
1.185942167E0,-9.729617157E0,3.576063538E-1,7.075785828E-1
1.195983167E0,-9.768536224E0,4.156855774E-1,6.846762085E-1
1.206023167E0,-9.897268524E0,4.149371338E-1,7.155120850E-1
1.216064167E0,-9.944121094E0,4.053570557E-1,8.175997925E-1
1.226104167E0,-9.946665802E0,3.975732422E-1,8.416996765E-1
1.236144167E0,-9.954449615E0,3.444337463E-1,6.533912659E-1
1.246185167E0,-9.829908600E0,3.839515686E-1,5.514532471E-1
1.256225167E0,-9.659413147E0,4.334985352E-1,5.523513794E-1
1.266266167E0,-9.536518707E0,4.290078735E-1,5.625302124E-1
1.276306167E0,-9.496551819E0,4.309538269E-1,6.438111877E-1
1.286346167E0,-9.504784698E0,3.788621521E-1,5.807922363E-1
1.296387167E0,-9.545649719E0,3.929328918E-1,5.059478760E-1
1.306427167E0,-9.694889374E0,3.270698547E-1,4.516108704E-1
1.316468167E0,-9.724078674E0,3.110531616E-1,4.760101318E-1
1.326508167E0,-9.670190735E0,3.129991150E-1,5.733078003E-1
1.336548167E0,-9.686506805E0,2.960842896E-1,5.748046875E-1
1.346589167E0,-9.687854004E0,3.209326172E-1,5.725593567E-1
1.356629167E0,-9.668394470E0,3.902384949E-1,6.346801758E-1
1.366670167E0,-9.636510773E0,3.344046021E-1,6.864724731E-1
1.376710167E0,-9.711953888E0,2.957849121E-1,5.583389282E-1
1.386751167E0,-9.844129028E0,3.252735901E-1,4.522096252E-1
1.396791167E0,-9.923763428E0,3.403921509E-1,3.921844482E-1
1.406831167E0,-9.974208527E0,3.408412170E-1,3.230282593E-1
1.416872167E0,-9.985584869E0,3.700305176E-1,2.929408264E-1
1.426912167E0,-9.867630157E0,3.896397400E-1,3.793112183E-1
1.436953167E0,-9.701026611E0,3.884422302E-1,4.926255798E-1
1.446993167E0,-9.564660187E0,3.529660034E-1,6.002517700E-1
1.457033167E0,-9.486073608E0,3.372486877E-1,6.914122009E-1
1.467074167E0,-9.505982208E0,3.158432007E-1,7.134164429E-1
1.477114167E0,-9.618248749E0,3.242257690E-1,6.679110718E-1
1.487155167E0,-9.771080933E0,3.210823059E-1,5.640270996E-1
1.497195167E0,-9.917775879E0,3.326083374E-1,5.167254639E-1
1.507235167E0,-9.952353973E0,3.556604004E-1,5.228627014E-1
1.517276167E0,-9.894723816E0,3.216810608E-1,5.656736755E-1
1.527316167E0,-9.957443390E0,2.829116821E-2,5.270539856E-1
1.537357167E0,-9.864337006E0,3.876937866E-2,4.980143738E-1
1.547397167E0,-9.728569336E0,2.417472839E-1,6.143225098E-1
1.557437167E0,-9.552385712E0,4.924758911E-1,8.093669128E-1
1.567478167E0,-9.588760071E0,6.560856628E-1,7.665559387E-1
1.577518167E0,-9.734107819E0,6.722520447E-1,7.702981567E-1
1.587559167E0,-9.860594788E0,6.330335999E-1,7.551795959E-1
1.597599167E0,-9.956096191E0,6.161187744E-1,7.351213074E-1
1.607639167E0,-9.976902924E0,7.188052368E-1,7.870632935E-1
1.617680167E0,-9.325008545E0,7.533833313E-1,7.204518127E-1
1.627720167E0,-8.541687469E0,4.129911804E-1,5.757028198E-1
1.637761167E0,-9.425898743E0,1.895059204E-1,8.309220886E-1
1.647801167E0,-9.871372375E0,2.856060791E-1,7.081773376E-1
1.657841167E0,-9.874515839E0,4.444258118E-1,8.026309204E-1
1.667882167E0,-9.961335297E0,4.549040222E-1,9.768685913E-1
1.677922167E0,-9.901010742E0,4.722679138E-1,9.237290955E-1
1.687963167E0,-9.940229187E0,4.602928162E-1,8.695417786E-1
1.698003167E0,-9.955946503E0,4.869374084E-1,8.080197144E-1
1.708043167E0,-9.957892456E0,5.288502502E-1,7.867639160E-1
1.718084167E0,-9.870923309E0,5.746549988E-1,7.940986633E-1
1.728124167E0,-9.770482178E0,6.177653503E-1,7.768844604E-1
1.738165167E0,-9.695338440E0,6.210585022E-1,8.063731384E-1
1.748205167E0,-9.627080383E0,6.177653503E-1,8.626560974E-1
1.758245167E0,-9.590706024E0,6.137237549E-1,9.241781616E-1
1.768286167E0,-9.590556335E0,6.023474121E-1,9.976753235E-1
1.778326167E0,-9.612710266E0,5.869294739E-1,9.918374634E-1
1.788367167E0,-9.629924469E0,5.556445312E-1,9.569599915E-1
1.798407167E0,-9.638606415E0,5.158273315E-1,9.681866455E-1
1.808447167E0,-9.653275909E0,4.864883423E-1,9.964778137E-1
1.818488167E0,-9.688303070E0,4.559518433E-1,1.010398865E0
1.828528167E0,-9.726024628E0,4.598437500E-1,1.024918671E0
1.838569167E0,-9.742789764E0,4.851411438E-1,1.039139099E0
1.848609167E0,-9.770033112E0,5.008584595E-1,1.018631744E0
1.858648542E0,-9.774224396E0,5.167254639E-1,1.021326141E0
1.868689542E0,-9.773925018E0,5.255570984E-1,1.050515442E0
1.878729542E0,-9.777816925E0,4.981640625E-1,1.024170227E0
1.888770542E0,-9.766590271E0,4.587959290E-1,1.025068359E0
1.898810542E0,-9.735005951E0,4.102967834E-1,1.012644196E0
1.908850542E0,-9.717492371E0,3.649411011E-1,1.004261627E0
1.918891542E0,-9.702523499E0,3.267704773E-1,9.874964905E-1
1.928931542E0,-9.681567078E0,2.920426941E-1,9.430389404E-1
1.938972542E0,-9.667795715E0,2.868035889E-1,9.241781616E-1
1.949012542E0,-9.666747894E0,3.071612549E-1,8.815168762E-1
1.959052542E0,-9.660460968E0,3.272195435E-1,8.458909607E-1
1.969093542E0,-9.663903809E0,3.600013733E-1,8.120613098E-1
1.979133542E0,-9.694140930E0,3.968247986E-1,7.649093628E-1
1.989174542E0,-9.724677429E0,4.246669006E-1,7.180567932E-1
1.999214542E0,-9.783505096E0,4.372407532E-1,6.807843018E-1
2.009254542E0,-9.839638367E0,4.535568237E-1,6.346801758E-1
2.019295542E0,-9.840686188E0,4.635859680E-1,5.697152710E-1
2.029335542E0,-9.825118561E0,4.599934387E-1,5.405259705E-1
2.039376542E0,-9.785151672E0,4.822970581E-1,5.177732849E-1
2.049416542E0,-9.752070465E0,4.854405212E-1,5.044509888E-1
2.059457542E0,-9.724677429E0,5.183720398E-1,4.929249573E-1
2.069497542E0,-9.703421631E0,5.424719238E-1,5.043013000E-1
2.079537542E0,-9.719588013E0,6.083349609E-1,5.053491211E-1
2.089578542E0,-9.713899841E0,6.354286194E-1,4.719685364E-1
2.099618542E0,-9.719438324E0,6.902146912E-1,4.382885742E-1
2.109659542E0,-9.743238831E0,7.200027466E-1,3.803590393E-1
2.119699542E0,-9.717043304E0,7.481442261E-1,3.344046021E-1
2.129739542E0,-9.671987000E0,7.557783508E-1,3.406915283E-1
2.139780542E0,-9.618997192E0,7.369175720E-1,4.058061218E-1
2.149820542E0,-9.556726685E0,6.899153137E-1,4.700225830E-1
2.159861542E0,-9.547745361E0,6.165678406E-1,5.231620789E-1
2.169901542E0,-9.589358826E0,5.439688110E-1,5.742059326E-1
2.179941542E0,-9.651479645E0,4.849914551E-1,5.891748047E-1
2.189982542E0,-9.689650269E0,4.358935547E-1,6.035449219E-1
2.200022542E0,-9.748328247E0,3.948788452E-1,6.089337158E-1
2.210063542E0,-9.765841827E0,3.659889221E-1,5.975573730E-1
2.220103542E0,-9.663454742E0,2.969824219E-1,6.595285034E-1
2.230143542E0,-9.605974274E0,3.583547974E-1,8.752299500E-1
2.240184542E0,-9.541458435E0,1.496887207E-3,1.212478638E0
2.250224542E0,-9.856553192E0,-2.195933533E-1,1.366807709E0
2.260265542E0,-9.861492920E0,2.251318359E-1,1.659598846E0
2.270305542E0,-9.677525482E0,1.063388672E0,1.978286133E0
2.280345542E0,-9.423204346E0,1.377585297E0,1.623972931E0
2.290386542E0,-9.337133331E0,9.404942322E-1,1.010099487E0
2.300426542E0,-9.604926453E0,-1.308279419E-1,9.205856323E-1
2.310467542E0,-1.015099091E1,-9.334588623E-1,1.107247467E0
2.320507542E0,-1.036175262E1,-1.163680115E0,1.223854980E0
2.330547542E0,-1.034423904E1,-8.196954346E-1,1.041983185E0
2.340588542E0,-1.018961060E1,-1.651066589E-1,7.616162109E-1
2.350628542E0,-1.006821304E1,3.526666260E-1,8.080197144E-1
2.360669542E0,-9.961335297E0,4.468208313E-1,1.094523926E0
2.370709542E0,-9.798923035E0,3.908372498E-1,1.290466461E0
2.380750542E0,-9.653724976E0,3.799099731E-1,1.294358368E0
2.390790542E0,-9.533375244E0,5.016069031E-1,1.191671906E0
2.400830542E0,-9.399553528E0,7.476951599E-1,1.098266144E0
2.410871542E0,-9.282646637E0,9.762698364E-1,1.149759064E0
2.420911542E0,-9.174272003E0,1.080303497E0,1.235979767E0
2.430952542E0,-9.075926514E0,1.037941589E0,1.304387512E0
2.440992542E0,-9.016949158E0,8.637039185E-1,1.275647278E0
2.451032542E0,-9.031319275E0,6.385720825E-1,1.142274628E0
2.461073542E0,-9.107959900E0,4.510121155E-1,1.015039215E0
2.471113542E0,-9.232800293E0,3.466790771E-1,9.984237671E-1
2.481154542E0,-9.368717651E0,2.749781799E-1,1.036744080E0
2.491194542E0,-9.538764038E0,1.812730408E-1,1.071920929E0
2.501234542E0,-9.735005951E0,8.577163696E-2,1.065634003E0
2.511275542E0,-9.906848602E0,3.562591553E-2,1.018482056E0
2.521315542E0,-1.005698639E1,5.897735596E-2,9.780661011E-1
2.531356542E0,-1.015757721E1,9.475296021E-2,9.562115479E-1
2.541396542E0,-1.025382706E1,1.323248291E-1,8.969348145E-1
2.551437542E0,-1.028825546E1,1.681004333E-1,8.734336853E-1
2.561477542E0,-1.022059616E1,2.300715637E-1,8.686436462E-1
2.571517542E0,-1.010309052E1,3.052153015E-1,8.424481201E-1
2.581558542E0,-9.962682495E0,3.719764709E-1,8.348139954E-1
2.591598542E0,-9.796378326E0,4.623884583E-1,8.761280823E-1
2.601639542E0,-9.638756104E0,5.171745300E-1,9.223818970E-1
2.611679542E0,-9.530531158E0,5.664221191E-1,9.857002258E-1
2.621719542E0,-9.481133881E0,5.822891235E-1,1.035396881E0
2.631760542E0,-9.437275085E0,5.507048035E-1,1.086291046E0
2.641800542E0,-9.411229248E0,5.530998230E-1,1.134191437E0
2.651841542E0,-9.419911194E0,5.325924683E-1,1.214723969E0
2.661881542E0,-9.446106720E0,4.706213379E-1,1.260379028E0
2.671922542E0,-9.492959290E0,4.543052673E-1,1.247655487E0
2.681962542E0,-9.530231781E0,4.104464722E-1,1.241518250E0
2.692002542E0,-9.566306763E0,3.704795837E-1,1.216520233E0
2.702043542E0,-9.610614624E0,3.254232788E-1,1.193318481E0
2.712083542E0,-9.670340424E0,2.927911377E-1,1.156944122E0
2.722124542E0,-9.718091125E0,2.820135498E-1,1.078507233E0
2.732164542E0,-9.766739960E0,2.921923828E-1,1.016985168E0
2.742204542E0,-9.817334747E0,3.129991150E-1,9.421408081E-1
2.752245542E0,-9.837243347E0,3.146456909E-1,8.646020508E-1
2.762285542E0,-9.848020935E0,3.293151855E-1,8.161029053E-1
2.772326542E0,-9.880204010E0,3.297642517E-1,7.902067566E-1
2.782366542E0,-9.883048096E0,2.996768188E-1,7.644602966E-1
2.792406542E0,-9.883497162E0,3.019221497E-1,7.469467163E-1
2.802447542E0,-9.872420197E0,2.936892700E-1,7.322772217E-1
2.812487542E0,-9.902208252E0,2.766247559E-1,7.551795959E-1
2.822528542E0,-9.877210236E0,2.782713318E-1,7.457492065E-1
2.832568542E0,-9.851164398E0,2.989283752E-1,7.126679993E-1
2.842609542E0,-9.818532257E0,3.243754578E-1,7.336244202E-1
2.852649542E0,-9.770781555E0,3.385958862E-1,7.515870667E-1
2.862690000E0,-9.746981049E0,3.326083374E-1,7.409591675E-1
2.872731000E0,-9.720785522E0,3.016227722E-1,7.761360168E-1
2.882771000E0,-9.694589996E0,2.529739380E-1,7.964936829E-1
2.892812000E0,-9.666897583E0,2.374063110E-1,7.921527100E-1
2.902852000E0,-9.650431824E0,2.490820312E-1,7.843688965E-1
2.912893000E0,-9.670190735E0,2.691403198E-1,7.833210754E-1
2.922933000E0,-9.708660736E0,2.600093079E-1,7.670050049E-1
2.932973000E0,-9.725725250E0,2.680924988E-1,7.479945374E-1
2.943014000E0,-9.727671204E0,2.656974792E-1,7.036866760E-1
2.953054000E0,-9.698332214E0,2.508782959E-1,6.744973755E-1
2.963095000E0,-9.663754120E0,2.679428101E-1,6.746470642E-1
2.973135000E0,-9.599537659E0,2.914439392E-1,6.917115784E-1
2.983175000E0,-9.550589447E0,3.098556519E-1,7.217990112E-1
2.993216000E0,-9.532177734E0,2.957849121E-1,7.336244202E-1
3.003256000E0,-9.540560303E0,3.035687256E-1,7.747888184E-1
3.013297000E0,-9.573192444E0,2.826123047E-1,7.914042664E-1
3.023337000E0,-9.617799683E0,2.471360779E-1,8.003855896E-1
3.033378000E0,-9.677824860E0,2.219883728E-1,8.131091309E-1
3.043418000E0,-9.694739685E0,2.633024597E-1,8.234376526E-1
3.053458000E0,-9.686506805E0,3.019221497E-1,7.943980408E-1
3.063499000E0,-9.659562836E0,3.186872864E-1,7.812254333E-1
3.073539000E0,-9.686656494E0,3.351530457E-1,7.469467163E-1
3.083580000E0,-9.749825134E0,3.650907898E-1,6.990463257E-1
3.093620000E0,-9.786798248E0,3.691323853E-1,6.429130554E-1
3.103661000E0,-9.826016693E0,3.641926575E-1,6.248007202E-1
3.113701000E0,-9.834249573E0,3.483256531E-1,6.412664795E-1
3.123741000E0,-9.828561401E0,3.200344849E-1,6.236032104E-1
3.133782000E0,-9.843230896E0,2.992277527E-1,6.245013428E-1
3.143822000E0,-9.812245331E0,3.083587646E-1,6.316864014E-1
3.153863000E0,-9.777218170E0,3.403921509E-1,6.750961304E-1
3.163903000E0,-9.723479919E0,3.487747192E-1,7.071295166E-1
3.173944000E0,-9.668993225E0,3.591032410E-1,7.457492065E-1
3.183984000E0,-9.681118011E0,3.571572876E-1,7.744894409E-1
3.194024000E0,-9.687404938E0,3.674858093E-1,7.958949280E-1
3.204065000E0,-9.730814667E0,3.631448364E-1,7.896080017E-1
3.214105000E0,-9.763446808E0,3.634442139E-1,7.729925537E-1
3.224146000E0,-9.781259766E0,3.326083374E-1,7.535330200E-1
3.234186000E0,-9.791588287E0,3.034190369E-1,7.271878052E-1
3.244227000E0,-9.792486420E0,2.573149109E-1,6.884184265E-1
3.254267000E0,-9.789342957E0,2.414479065E-1,6.620732117E-1
3.264307000E0,-9.765392761E0,2.498304749E-1,6.364764404E-1
3.274348000E0,-9.740095367E0,2.730322266E-1,6.406677246E-1
3.284388000E0,-9.699529724E0,3.068618774E-1,6.759942627E-1
3.294429000E0,-9.696535950E0,3.198847961E-1,7.195536804E-1
3.304469000E0,-9.722132721E0,3.348536682E-1,7.375163269E-1
3.314510000E0,-9.730365601E0,3.396437073E-1,7.405101013E-1
3.324550000E0,-9.727820892E0,3.079096985E-1,7.708969116E-1
3.334590000E0,-9.732760620E0,2.781216431E-1,7.744894409E-1
3.344631000E0,-9.734107819E0,2.333647156E-1,7.762857056E-1
3.354671000E0,-9.748178558E0,2.317181396E-1,7.611671448E-1
3.364712000E0,-9.761500854E0,2.245330811E-1,7.204518127E-1
3.374752000E0,-9.783654785E0,2.291734314E-1,6.876699829E-1
3.384793000E0,-9.790091400E0,2.615061951E-1,6.719526672E-1
3.394833000E0,-9.766889648E0,3.098556519E-1,6.656657410E-1
3.404873000E0,-9.749226379E0,3.430865479E-1,6.819818115E-1
3.414914000E0,-9.753267975E0,3.650907898E-1,6.999444580E-1
3.424954000E0,-9.783205719E0,3.610491943E-1,7.078779602E-1
3.434995000E0,-9.789342957E0,3.556604004E-1,7.391629028E-1
3.445035000E0,-9.777966614E0,3.508703613E-1,7.436535645E-1
3.455076000E0,-9.765243073E0,3.336561584E-1,7.426057434E-1
3.465116000E0,-9.735155640E0,3.156935120E-1,7.622149658E-1
3.475156000E0,-9.702523499E0,3.052153015E-1,7.521858215E-1
3.485197000E0,-9.682914276E0,3.222798157E-1,7.447013855E-1
3.495237000E0,-9.660460968E0,3.531156921E-1,7.556286621E-1
3.505278000E0,-9.670789490E0,3.652404785E-1,7.333250427E-1
3.515318000E0,-9.671987000E0,3.601510620E-1,7.256909180E-1
3.525359000E0,-9.682165833E0,3.106040955E-1,7.273374939E-1
3.535399000E0,-9.694889374E0,2.839595032E-1,7.225474548E-1
3.545440000E0,-9.717342682E0,2.528242493E-1,7.279362488E-1
3.555480000E0,-9.737850037E0,2.486329651E-1,7.020401001E-1
3.565520000E0,-9.757309570E0,2.409988403E-1,6.906637573E-1
3.575561000E0,-9.760453033E0,2.371069336E-1,6.768923950E-1
3.585601000E0,-9.754615173E0,2.194436646E-1,6.524931335E-1
3.595642000E0,-9.736652527E0,2.179467773E-1,6.423143005E-1
3.605682000E0,-9.723928986E0,2.225871277E-1,6.632707214E-1
3.615723000E0,-9.726324005E0,2.218386841E-1,6.827302551E-1
3.625763000E0,-9.713151398E0,2.369572449E-1,7.261399841E-1
3.635803000E0,-9.706864471E0,2.523751831E-1,7.081773376E-1
3.645844000E0,-9.708810425E0,2.862048340E-1,7.255412292E-1
3.655884000E0,-9.707912292E0,2.595602417E-1,7.300318909E-1
3.665925000E0,-9.703421631E0,2.386038208E-1,7.274871826E-1
3.675965000E0,-9.717941437E0,2.353106689E-1,7.074288940E-1
3.686006000E0,-9.707313538E0,2.236349487E-1,7.069798279E-1
3.696046000E0,-9.690398712E0,2.552192688E-1,7.207511902E-1
3.706086000E0,-9.657916260E0,2.784210205E-1,7.045848083E-1
3.716127000E0,-9.664652252E0,2.782713318E-1,7.002438354E-1
3.726167000E0,-9.672436066E0,2.987786865E-1,6.976991272E-1
3.736208000E0,-9.693392487E0,3.243754578E-1,6.631210327E-1
3.746248000E0,-9.711804199E0,3.276686096E-1,6.352789307E-1
3.756289000E0,-9.737400970E0,3.011737061E-1,6.379733276E-1
3.766329000E0,-9.739496613E0,2.859054565E-1,6.472540283E-1
3.776370000E0,-9.715247040E0,2.875520325E-1,6.662644958E-1
3.786410000E0,-9.695637817E0,2.806663513E-1,6.789880371E-1
3.796450000E0,-9.692344666E0,2.829116821E-1,6.888674927E-1
3.806491000E0,-9.687704315E0,3.164419556E-1,7.283853149E-1
3.816531000E0,-9.664652252E0,3.620970154E-1,7.725434875E-1
3.826572000E0,-9.673334198E0,4.050576782E-1,7.991880798E-1
3.836612000E0,-9.661808167E0,4.059558105E-1,8.120613098E-1
3.846653000E0,-9.675280151E0,4.173321533E-1,8.059240723E-1
3.856693167E0,-9.689201202E0,3.960763550E-1,7.969427490E-1
3.866734167E0,-9.721234589E0,4.129911804E-1,7.737409973E-1
3.876774167E0,-9.748477936E0,4.523593140E-1,7.613168335E-1
3.886814167E0,-9.774224396E0,4.674778748E-1,7.541317749E-1
3.896855167E0,-9.805509338E0,4.709207153E-1,7.517367554E-1
3.906895167E0,-9.806706848E0,4.477189636E-1,7.634124756E-1
3.916936167E0,-9.795629883E0,3.914360046E-1,8.099656677E-1
3.926976167E0,-9.753567352E0,3.677851868E-1,8.259823608E-1
3.937017167E0,-9.720935211E0,3.529660034E-1,7.975415039E-1
3.947057167E0,-9.702523499E0,3.855981445E-1,7.747888184E-1
3.957097167E0,-9.688602448E0,4.423301697E-1,7.668553162E-1
3.967138167E0,-9.672286377E0,4.481680298E-1,8.044271851E-1
3.977178167E0,-9.686656494E0,4.468208313E-1,8.434959412E-1
3.987219167E0,-9.693242798E0,4.083508301E-1,8.425978088E-1
3.997259167E0,-9.725425873E0,3.707789612E-1,8.408015442E-1
4.007300167E0,-9.729916534E0,3.333567810E-1,8.201445007E-1
4.017340167E0,-9.740394745E0,3.150947571E-1,7.994874573E-1
4.027381167E0,-9.743089142E0,3.091072083E-1,8.090675354E-1
4.037421167E0,-9.738448792E0,3.097059631E-1,8.539741516E-1
4.047461167E0,-9.723030853E0,2.874023438E-1,8.876541138E-1
4.057502167E0,-9.727970581E0,2.811154175E-1,9.470805359E-1
4.067542167E0,-9.742939453E0,2.653981018E-1,9.833052063E-1
4.077583167E0,-9.746531982E0,2.769241333E-1,9.659413147E-1
4.087623167E0,-9.740245056E0,2.722837830E-1,9.526190186E-1
4.097664167E0,-9.732910309E0,2.689906311E-1,9.572593689E-1
4.107704167E0,-9.701924744E0,2.844085693E-1,9.557624817E-1
4.117745167E0,-9.686357117E0,3.011737061E-1,9.439370728E-1
4.127785167E0,-9.687854004E0,2.974314880E-1,9.527687073E-1
4.137825167E0,-9.708511047E0,3.083587646E-1,9.557624817E-1
4.147866167E0,-9.728120270E0,3.222798157E-1,9.276210022E-1
4.157906167E0,-9.755962372E0,3.013233948E-1,9.135502625E-1
4.167947167E0,-9.757908325E0,2.884501648E-1,9.189390564E-1
4.177987167E0,-9.766889648E0,3.221301270E-1,9.410929871E-1
4.188028167E0,-9.762249298E0,3.697311401E-1,9.828561401E-1
4.198068167E0,-9.773625641E0,3.752696228E-1,9.915380859E-1
4.208109167E0,-9.800120544E0,3.186872864E-1,1.040785675E0
4.218149167E0,-9.775272217E0,2.192939758E-1,1.038540344E0
4.228189167E0,-9.764045563E0,8.143066406E-2,1.052461395E0
4.238230167E0,-9.740843811E0,-4.460723877E-2,1.042581940E0
4.248270167E0,-9.722881165E0,-1.092727661E-1,9.636959839E-1
4.258311167E0,-9.669591980E0,-1.887574768E-1,8.663983154E-1
4.268351167E0,-9.596244507E0,-3.354524231E-1,8.029302979E-1
4.278392167E0,-9.451944580E0,-5.266049194E-1,7.655081177E-1
4.288432167E0,-9.276958466E0,-6.429130554E-1,7.387138367E-1
4.298473167E0,-9.084458771E0,-7.342231750E-1,7.186555481E-1
4.308513167E0,-8.985963593E0,-7.943980408E-1,8.155041504E-1
4.318553167E0,-9.012608185E0,-8.267308044E-1,9.816586304E-1
4.328594167E0,-9.134903870E0,-7.798782349E-1,1.101708984E0
4.338634167E0,-9.246571655E0,-7.125183105E-1,1.187929688E0
4.348675167E0,-9.427096252E0,-6.104306030E-1,1.317709808E0
4.358715167E0,-9.696535950E0,-4.623884583E-1,1.466949463E0
4.368756167E0,-9.942175140E0,-2.354603577E-1,1.596280518E0
4.378796167E0,-1.035127441E1,4.490661621E-3,1.657054138E0
4.388837167E0,-1.072130493E1,1.806742859E-1,1.575623474E0
4.398877167E0,-1.079644867E1,3.589535522E-1,1.442699890E0
4.408917167E0,-1.059347076E1,5.659730530E-1,1.419797516E0
4.418958167E0,-1.021550674E1,6.613247681E-1,1.561702423E0
4.428998167E0,-9.919572144E0,7.463479614E-1,1.682501221E0
4.439039167E0,-9.885742493E0,8.041278076E-1,1.688937836E0
4.449079167E0,-9.689500580E0,7.948471069E-1,1.682351532E0
4.459120167E0,-9.548493805E0,6.444099426E-1,1.756297760E0
4.469160167E0,-9.498198395E0,4.671784973E-1,1.799108734E0
4.479201167E0,-9.429191895E0,2.237846375E-1,1.815125427E0
4.489241167E0,-9.344767456E0,-5.897735596E-2,1.798659668E0
4.499282167E0,-9.277407532E0,-3.986210632E-1,1.759291534E0
4.509322167E0,-9.260043640E0,-6.936575317E-1,1.786684570E0
4.519362167E0,-9.263935547E0,-9.562115479E-1,1.787582703E0
4.529403167E0,-9.261241150E0,-1.162931671E0,1.791175232E0
4.539443167E0,-9.214388580E0,-1.286125488E0,1.809437256E0
4.549484167E0,-9.147328033E0,-1.317260742E0,1.828896790E0
4.559524167E0,-9.101223907E0,-1.243613892E0,1.867366791E0
4.569565167E0,-9.035211182E0,-1.077160034E0,1.929637299E0
4.579605167E0,-9.045090637E0,-8.554710388E-1,1.961670685E0
4.589646167E0,-9.045839081E0,-5.953120422E-1,1.966161346E0
4.599686167E0,-9.080566864E0,-3.659889221E-1,1.976789246E0
4.609726167E0,-9.103020172E0,-1.447489929E-1,1.991458740E0
4.619767167E0,-9.121282196E0,4.161346436E-2,2.039808197E0
4.629807167E0,-9.185498657E0,1.670526123E-1,2.074835358E0
4.639848167E0,-9.260792084E0,2.516267395E-1,2.099833374E0
4.649888167E0,-9.298513641E0,2.875520325E-1,2.034868469E0
4.659929167E0,-9.341174927E0,3.171903992E-1,1.969604187E0
4.669969167E0,-9.364676056E0,3.263214111E-1,1.907333679E0
4.680010167E0,-9.403595123E0,2.745291138E-1,1.878144379E0
4.690050167E0,-9.445807343E0,1.998344421E-1,1.900447998E0
4.700090167E0,-9.448950806E0,1.324745178E-1,1.946701813E0
4.710131167E0,-9.362730103E0,7.140151978E-2,2.049088898E0
4.720171167E0,-9.348509674E0,4.221221924E-2,2.105671234E0
4.730212167E0,-9.355994110E0,6.735992432E-3,2.187550964E0
4.740252167E0,-9.317973175E0,-1.901046753E-2,2.283950500E0
4.750293167E0,-9.266031189E0,-9.190887451E-2,2.337389374E0
4.760333167E0,-9.176367645E0,-1.589694214E-1,2.390977936E0
4.770374167E0,-9.043144684E0,-2.318678284E-1,2.390229492E0
4.780414167E0,-8.900341644E0,-2.809657288E-1,2.405348053E0
4.790455167E0,-8.777896271E0,-3.276686096E-1,2.400857391E0
4.800495167E0,-8.667875061E0,-4.562512207E-1,2.454296265E0
4.810535167E0,-8.610693970E0,-5.740562439E-1,2.590363312E0
4.820576167E0,-8.598868561E0,-6.738986206E-1,2.783461761E0
4.830616167E0,-8.672665100E0,-7.255412292E-1,2.954705658E0
4.840657167E0,-8.757239227E0,-7.851173401E-1,3.080743561E0
4.850697167E0,-8.929381256E0,-8.521778870E-1,3.146606598E0
4.860737792E0,-9.128766632E0,-9.139993286E-1,3.089575195E0
4.870777792E0,-9.350305939E0,-9.274713135E-1,2.898871765E0
4.880818792E0,-9.631571045E0,-9.330097961E-1,2.670297089E0
4.890858792E0,-9.958042145E0,-9.229806519E-1,2.473007355E0
4.900898792E0,-1.030771500E1,-8.348139954E-1,2.384840698E0
4.910939792E0,-1.062191162E1,-7.214996338E-1,2.401755524E0
4.920979792E0,-1.092682755E1,-5.845344543E-1,2.495310974E0
4.931020792E0,-1.127111160E1,-5.140310669E-1,2.562820587E0
4.941060792E0,-1.167287613E1,-3.659889221E-1,2.467917938E0
4.951101792E0,-1.210113556E1,-6.062393188E-2,2.323917389E0
4.961141792E0,-1.253059250E1,2.401007080E-1,2.145937500E0
4.971182792E0,-1.288640259E1,2.713856506E-1,1.725461884E0
4.981222792E0,-1.314850754E1,-1.627116394E-1,1.218915253E0
4.991263792E0,-1.323547668E1,-5.692662048E-1,8.334667969E-1
5.001303792E0,-1.312006668E1,-7.497908020E-1,6.439608765E-1
5.011343792E0,-1.288595352E1,-8.461903381E-1,6.312373352E-1
5.021384792E0,-1.269629791E1,-8.319699097E-1,7.619155884E-1
5.031424792E0,-1.250484604E1,-8.198451233E-1,8.717871094E-1
5.041465792E0,-1.212957642E1,-6.909631348E-1,7.424560547E-1
5.051505792E0,-1.163665146E1,-4.655319214E-1,5.686674500E-1
5.061546792E0,-1.106903183E1,-2.944377136E-1,3.222798157E-1
5.071586792E0,-1.050216064E1,-2.778222656E-1,6.137237549E-3
5.081627792E0,-9.875264282E0,-2.448907471E-1,-2.779719543E-1
5.091667792E0,-9.177714844E0,-1.278341675E-1,-5.598358154E-1
5.101707792E0,-8.454119568E0,7.694000244E-2,-7.735913086E-1
5.111748792E0,-7.733069000E0,3.555107117E-1,-8.442443848E-1
5.121788792E0,-7.167994080E0,6.225553894E-1,-6.653663635E-1
5.131829792E0,-6.862778778E0,8.939410400E-1,-4.079017639E-1
5.141869792E0,-6.696025543E0,1.186582489E0,-1.389111328E-1
5.151910792E0,-6.815028076E0,1.481169891E0,1.788780212E-1
5.161950792E0,-7.099885712E0,1.793869629E0,3.906875610E-1
5.171991792E0,-7.571255493E0,1.900148621E0,5.240602112E-1
5.182031792E0,-8.127049713E0,1.750609589E0,6.360273743E-1
5.192071792E0,-8.752598877E0,1.428180084E0,5.361849976E-1
5.202112792E0,-9.256002045E0,1.027313690E0,1.621128845E-1
5.212152792E0,-9.571246490E0,5.044509888E-1,-1.143621826E-1
5.222193792E0,-9.887389069E0,-2.380050659E-2,-1.366658020E-1
5.232233792E0,-1.037342834E1,-5.246589661E-1,-9.699829102E-2
5.242274792E0,-1.088042404E1,-8.196954346E-1,-1.399589539E-1
5.252314792E0,-1.133413055E1,-8.366102600E-1,-2.073188782E-1
5.262355792E0,-1.142888351E1,-6.195616150E-1,-1.577719116E-1
5.272395792E0,-1.125614273E1,-2.351609802E-1,7.065307617E-2
5.282435792E0,-1.104059097E1,1.495390320E-1,3.406915283E-1
5.292476792E0,-1.063059357E1,4.921765137E-1,5.019062805E-1
5.302516792E0,-1.018497025E1,7.408094788E-1,6.032455444E-1
5.312557792E0,-9.705517273E0,9.309141541E-1,7.845185852E-1
5.322597792E0,-9.178912354E0,1.097966766E0,9.415420532E-1
5.332638792E0,-8.634045410E0,1.263223114E0,1.051712952E0
5.342678792E0,-8.205935669E0,1.359622650E0,1.181493073E0
5.352719792E0,-7.817493439E0,1.418899384E0,1.274449768E0
5.362759792E0,-7.431296539E0,1.426832886E0,1.367556152E0
5.372799792E0,-7.118297424E0,1.390458527E0,1.383572845E0
5.382840792E0,-6.964267731E0,1.355581055E0,1.372196503E0
5.392880792E0,-6.932533722E0,1.383872223E0,1.424437866E0
5.402921792E0,-7.020850067E0,1.421593781E0,1.630110168E0
5.412961792E0,-7.282655640E0,1.466949463E0,1.808988190E0
5.423002792E0,-7.562573547E0,1.513502655E0,1.867815857E0
5.433042792E0,-7.910001068E0,1.534608765E0,1.916015625E0
5.443083792E0,-8.218210144E0,1.491797791E0,2.006128235E0
5.453123792E0,-8.293802948E0,1.410816193E0,2.084565125E0
5.463163792E0,-8.155939636E0,1.450483704E0,2.152074738E0
5.473204792E0,-8.120463409E0,1.585203552E0,2.290087738E0
5.483244792E0,-8.229287109E0,1.672172699E0,2.350412292E0
5.493285792E0,-8.449329529E0,1.646875305E0,2.420466614E0
5.503325792E0,-8.650211792E0,1.555415497E0,2.517315216E0
5.513366792E0,-8.808133392E0,1.429527283E0,2.612816620E0
5.523406792E0,-8.960067444E0,1.245410156E0,2.672991486E0
5.533447792E0,-9.205706635E0,1.059796143E0,2.741848297E0
5.543487792E0,-9.500443726E0,1.042881317E0,2.632276154E0
5.553527792E0,-9.790989532E0,1.048719177E0,2.389181671E0
5.563568792E0,-1.014620087E1,1.059796143E0,1.977238312E0
5.573608792E0,-1.054347473E1,1.045426025E0,1.486408997E0
5.583649792E0,-1.104253693E1,1.027313690E0,1.198258209E0
5.593689792E0,-1.148830994E1,1.144519958E0,1.455872498E0
5.603730792E0,-1.168589905E1,1.285377045E0,2.128124542E0
5.613770792E0,-1.170011948E1,1.296304321E0,2.991978149E0
5.623810792E0,-1.165386566E1,1.154549103E0,3.718417511E0
5.633851792E0,-1.182810333E1,7.782316589E-1,4.318968658E0
5.643891792E0,-1.207014999E1,4.167333984E-1,4.593946838E0
5.653932792E0,-1.209814178E1,3.628454590E-1,4.095483398E0
5.663972792E0,-1.176373718E1,3.159928894E-1,3.635340271E0
5.674013792E0,-1.145343246E1,-4.984634399E-2,3.790717163E0
5.684053792E0,-1.157737473E1,-2.471360779E-1,3.819756775E0
5.694094792E0,-1.233210526E1,5.571414185E-1,3.258573761E0
5.704134792E0,-1.311512695E1,2.081122284E0,1.989961853E0
5.714174792E0,-1.335073700E1,3.035687256E0,6.598278809E-1
5.724215792E0,-1.336016739E1,3.029849396E0,-3.430865479E-1
5.734255792E0,-1.314865723E1,2.718796234E0,-1.721270599E0
5.744296792E0,-1.298669403E1,2.268382874E0,-3.167862396E0
5.754336792E0,-1.284972885E1,1.678759003E0,-3.759432220E0
5.764377792E0,-1.252610184E1,1.033151550E0,-3.524720306E0
5.774417792E0,-1.185564606E1,3.188369751E-1,-2.900967407E0
5.784457792E0,-1.090721832E1,-3.522175598E-1,-2.152523804E0
5.794498792E0,-9.974358215E0,-8.536747742E-1,-1.539548492E0
5.804538792E0,-9.171278229E0,-1.366658020E0,-1.226848755E0
5.814579792E0,-8.652756500E0,-1.916015625E0,-8.887019348E-1
5.824619792E0,-8.594527588E0,-2.295476532E0,-5.331912231E-1
5.834660792E0,-8.678502960E0,-2.449955292E0,-7.259902954E-2
5.844700792E0,-8.634045410E0,-2.331850891E0,5.025050354E-1
5.854741792E0,-8.532257080E0,-1.794318695E0,1.041384430E0
5.864781625E0,-8.396040344E0,-9.621990967E-1,1.381477203E0
5.874821625E0,-8.238867188E0,-7.454498291E-2,1.515298920E0
5.884862625E0,-8.396190033E0,7.744894409E-1,1.413211212E0
5.894902625E0,-8.776549072E0,1.498533783E0,1.076561279E0
5.904943625E0,-9.171128540E0,1.924248505E0,7.379653931E-1
5.914983625E0,-9.341923370E0,2.082319794E0,4.462220764E-1
5.925024625E0,-9.153315582E0,2.026785278E0,1.944456482E-1
5.935064625E0,-8.762178955E0,1.834734650E0,3.397933960E-2
5.945104625E0,-8.526568909E0,1.467398529E0,-6.466552734E-2
5.955145625E0,-8.261769562E0,1.017733612E0,1.661544800E-2
5.965185625E0,-7.890691223E0,6.210585022E-1,2.035766602E-1
5.975226625E0,-7.484735413E0,2.576142883E-1,5.110372925E-1
5.985266625E0,-7.116650848E0,-1.948947144E-1,9.861492920E-1
5.995307625E0,-7.015910339E0,-8.249345398E-1,1.489103394E0
6.005347625E0,-6.740632782E0,-1.260977783E0,1.755549316E0
6.015387625E0,-6.499783630E0,-1.535656586E0,1.852996674E0
6.025428625E0,-6.990313568E0,-1.723665619E0,1.848506012E0
6.035468625E0,-7.501650238E0,-1.777254181E0,1.721420288E0
6.045509625E0,-7.698490906E0,-1.476978607E0,1.527723083E0
6.055549625E0,-8.032147064E0,-1.233734436E0,1.506317596E0
6.065590625E0,-8.737929382E0,-1.035845947E0,1.394799500E0
6.075630625E0,-9.060209198E0,-7.653584290E-1,1.297052765E0
6.085670625E0,-8.881031799E0,-4.878355408E-1,1.513951721E0
6.095711625E0,-8.751401367E0,-2.296224976E-1,1.808389435E0
6.105751625E0,-8.339607697E0,-2.380050659E-2,2.082020416E0
6.115792625E0,-7.866142273E0,3.517684937E-2,2.355651398E0
6.125832625E0,-7.566465454E0,-5.119354248E-2,2.552791443E0
6.135873625E0,-7.401658173E0,-1.263372803E-1,2.720293121E0
6.145913625E0,-7.288044434E0,-1.125659180E-1,2.919079742E0
6.155953625E0,-7.358697510E0,-6.840774536E-2,3.125051422E0
6.165994625E0,-7.651788025E0,-2.026785278E-1,3.125051422E0
6.176034625E0,-8.131091309E0,-3.291654968E-1,2.809507599E0
6.186075625E0,-8.663983154E0,-3.917353821E-1,2.509082336E0
6.196115625E0,-9.456135864E0,-4.237687683E-1,2.344873810E0
6.206156625E0,-1.020338196E1,-4.746629333E-1,2.076182556E0
6.216196625E0,-1.085273163E1,-6.427633667E-1,1.874551849E0
6.226237625E0,-1.160252243E1,-7.771838379E-1,1.631457367E0
6.236277625E0,-1.235830078E1,-8.211923218E-1,1.630409546E0
6.246317625E0,-1.297456924E1,-6.837780762E-1,2.475851440E0
6.256358625E0,-1.355491241E1,-2.499801636E-1,3.768563232E0
6.266398625E0,-1.405068146E1,4.372407532E-1,4.634512482E0
6.276439625E0,-1.427536423E1,1.175804901E0,4.836442566E0
6.286479625E0,-1.427835800E1,1.903142395E0,4.472100220E0
6.296520625E0,-1.383872223E1,2.724185028E0,3.536246338E0
6.306560625E0,-1.268956192E1,3.310665436E0,2.220033417E0
6.316600625E0,-1.178484329E1,2.965183868E0,1.198856964E0
6.326641625E0,-1.213765961E1,1.207838287E0,7.905061340E-1
6.336681625E0,-1.292442352E1,-7.117698669E-1,6.559359741E-1
6.346722625E0,-1.305120987E1,-1.974244537E0,-8.397537231E-2
6.356762625E0,-1.280197815E1,-2.751877441E0,-1.446591797E0
6.366803625E0,-1.262534546E1,-3.087778931E0,-2.615960083E0
6.376843625E0,-1.243494141E1,-2.755170593E0,-3.348536682E0
6.386883625E0,-1.183558777E1,-2.186203766E0,-3.209924927E0
6.396924625E0,-1.095901062E1,-1.315165100E0,-2.085014191E0
6.406964625E0,-1.009321106E1,-1.613644409E-1,-9.883946228E-1
6.417005625E0,-9.936636658E0,9.105564880E-1,-3.225791931E-1
6.427045625E0,-9.805659027E0,2.051483917E0,-2.043251038E-1
6.437085625E0,-9.605674896E0,2.828368378E0,-2.335144043E-2
6.447126625E0,-9.303902435E0,3.150797882E0,7.222480774E-1
6.457166625E0,-8.878337402E0,2.992277527E0,1.510508881E0
6.467207625E0,-8.452622681E0,2.453847198E0,2.062710571E0
6.477247625E0,-8.287066956E0,1.774260406E0,2.271825714E0
6.487288625E0,-8.277037811E0,1.135388947E0,2.117047577E0
6.497328625E0,-8.181087341E0,5.526507568E-1,1.780397644E0
6.507368625E0,-7.936645660E0,4.206253052E-2,1.334924011E0
6.517409625E0,-7.761360168E0,-4.680766296E-1,9.421408081E-1
6.527449625E0,-7.939639435E0,-8.437953186E-1,5.152285767E-1
6.537490625E0,-8.231981506E0,-9.903405762E-1,1.437011719E-1
6.547530625E0,-7.900121613E0,-9.422904968E-1,8.876541138E-2
6.557571625E0,-7.734565887E0,-7.092251587E-1,3.751199341E-1
6.567611625E0,-7.370073853E0,-2.219883728E-1,6.033952332E-1
6.577651625E0,-6.808741150E0,2.872526550E-1,7.566764832E-1
6.587692625E0,-6.317762146E0,8.032296753E-1,8.494834900E-1
6.597732625E0,-6.033353577E0,1.260229340E0,9.587562561E-1
6.607773625E0,-6.154900818E0,1.693278809E0,1.083147583E0
6.617813625E0,-6.328240356E0,2.001787262E0,1.213376770E0
6.627854625E0,-6.725813599E0,2.082170105E0,1.275198212E0
6.637894625E0,-7.285799103E0,2.099084930E0,1.229243774E0
6.647934625E0,-7.669301605E0,2.039059753E0,1.291214905E0
6.657975625E0,-8.028704224E0,1.878892822E0,1.404080200E0
6.668015625E0,-8.398435364E0,1.635648651E0,1.528022461E0
6.678056625E0,-8.643026733E0,1.420396271E0,1.709295502E0
6.688096625E0,-8.724756775E0,1.226250000E0,1.799557800E0
6.698137625E0,-8.447982330E0,1.110390930E0,1.890568542E0
6.708177625E0,-8.038583679E0,1.034349060E0,1.976190491E0
6.718217625E0,-7.733069000E0,9.906399536E-1,2.070195007E0
6.728258625E0,-7.632927246E0,9.717791748E-1,2.284399567E0
6.738298625E0,-7.624844055E0,1.052910461E0,2.630629578E0
6.748339625E0,-7.806416473E0,1.144969025E0,2.881657562E0
6.758379625E0,-8.080346832E0,1.203347626E0,2.754422150E0
6.768420625E0,-8.575666809E0,1.096918945E0,2.558030548E0
6.778460625E0,-9.188941498E0,9.484277344E-1,2.212998047E0
6.788500625E0,-9.900861053E0,8.638536072E-1,1.574425964E0
6.798541625E0,-1.079614929E1,9.599537659E-1,1.031055908E0
6.808581625E0,-1.179367493E1,1.206341400E0,1.088536377E0
6.818622625E0,-1.278670990E1,1.401685181E0,1.973346405E0
6.828662625E0,-1.336001770E1,1.555265808E0,3.078797607E0
6.838702625E0,-1.384261414E1,1.600771179E0,3.955225067E0
6.848743625E0,-1.442071198E1,1.658401337E0,3.961212616E0
6.858784125E0,-1.473715393E1,1.594484253E0,3.283272400E0
6.868825125E0,-1.481065109E1,6.635700989E-1,3.153342590E0
6.878865125E0,-1.463386871E1,-9.169931030E-1,2.799927521E0
6.888906125E0,-1.445304474E1,-1.534608765E0,1.541943512E0
6.898946125E0,-1.444960190E1,-2.490820312E-1,-6.262976074E-1
6.908986125E0,-1.430889450E1,1.657503204E0,-2.338586884E0
6.919027125E0,-1.383617752E1,2.837649078E0,-3.453767853E0
6.929067125E0,-1.319401291E1,3.019371185E0,-4.496200104E0
6.939108125E0,-1.286484741E1,2.491419067E0,-5.215304718E0
6.949148125E0,-1.279344589E1,1.627864838E0,-4.778063965E0
6.959188125E0,-1.251906647E1,9.135502625E-1,-3.412902832E0
6.969229125E0,-1.172287216E1,3.736230469E-1,-2.247426453E0
6.979269125E0,-1.069795349E1,-3.879931641E-1,-1.430126038E0
6.989310125E0,-9.738748169E0,-1.345402222E0,-8.095166016E-1
6.999350125E0,-9.269324341E0,-2.241738281E0,-2.932402039E-1
7.009391125E0,-9.256151733E0,-2.950664062E0,1.222956848E-1
7.019431125E0,-9.429191895E0,-3.224295044E0,3.986210632E-1
7.029471125E0,-9.324709167E0,-2.911595306E0,6.191125488E-1
7.039512125E0,-9.094188538E0,-2.026336212E0,8.526269531E-1
7.049552125E0,-8.831784210E0,-8.348139954E-1,1.031355286E0
7.059593125E0,-8.537945251E0,1.969903564E-1,1.131946106E0
7.069633125E0,-8.383915558E0,9.108558655E-1,1.130149841E0
7.079674125E0,-8.326884155E0,1.500180359E0,1.060095520E0
7.089714125E0,-8.178842010E0,1.957629089E0,8.607101440E-1
7.099754125E0,-8.082143097E0,2.252366180E0,5.086422729E-1
7.109795125E0,-7.931256866E0,2.347717896E0,1.683998108E-1
7.119835125E0,-7.745792542E0,2.317630463E0,-1.426533508E-1
7.129876125E0,-7.236850891E0,2.095043335E0,-2.923420715E-1
7.139916125E0,-6.476132812E0,1.644480286E0,-3.261717224E-1
7.149956125E0,-6.184239807E0,9.638456726E-1,-5.029541016E-2
7.159997125E0,-6.605763245E0,2.900967407E-1,1.920506287E-1
7.170037125E0,-6.752607880E0,-2.264790344E-1,3.119512939E-1
7.180078125E0,-6.983128510E0,-6.450086975E-1,4.543052673E-1
7.190118125E0,-7.347171478E0,-1.024918671E0,4.824467468E-1
7.200159125E0,-7.168293457E0,-1.321302338E0,7.252418518E-1
7.210199125E0,-7.303462372E0,-1.659898224E0,1.073717194E0
7.220239125E0,-7.915988617E0,-1.907932434E0,1.219364319E0
7.230280125E0,-8.114475861E0,-1.922152863E0,1.343755646E0
7.240320125E0,-8.219407654E0,-1.836381226E0,1.479223938E0
7.250361125E0,-8.554411011E0,-1.697619781E0,1.619332581E0
7.260401125E0,-8.627608795E0,-1.396895142E0,1.829645233E0
7.270441125E0,-8.445437622E0,-1.091230774E0,2.057621155E0
7.280482125E0,-8.146359558E0,-8.391549683E-1,2.273023224E0
7.290522125E0,-7.898025970E0,-6.502478027E-1,2.462379456E0
7.300563125E0,-7.744145966E0,-3.400927734E-1,2.542313232E0
7.310603125E0,-7.473059692E0,5.987548828E-4,2.351160736E0
7.320644125E0,-7.250921631E0,2.267784119E-1,2.158361664E0
7.330684125E0,-7.335196381E0,4.342469788E-1,2.056273956E0
7.340724125E0,-7.693251801E0,6.491999817E-1,1.972597961E0
7.350765125E0,-8.331374817E0,7.661068726E-1,1.813329163E0
7.360805125E0,-9.182953949E0,8.289761353E-1,1.423390045E0
7.370846125E0,-1.005249573E1,7.506889343E-1,9.355545044E-1
7.380886125E0,-1.090182953E1,4.736151123E-1,7.560777283E-1
7.390926125E0,-1.188917633E1,1.197509766E-3,1.083896027E0
7.400967125E0,-1.304507263E1,-3.312611389E-1,1.924098816E0
7.411007125E0,-1.417118088E1,-3.002755737E-1,3.098855896E0
7.421048125E0,-1.511481857E1,-1.092727661E-1,4.037404175E0
7.431088125E0,-1.581970276E1,-6.586303711E-3,4.226011963E0
7.441128125E0,-1.598600693E1,1.193019104E-1,3.690575409E0
7.451169125E0,-1.524414963E1,5.071453857E-1,2.991379395E0
7.461209125E0,-1.372974884E1,1.013692017E0,1.846859436E0
7.471250125E0,-1.246353195E1,1.016985168E0,5.038522339E-1
7.481290125E0,-1.242506195E1,1.231938171E-1,-1.287322998E-2
7.491331125E0,-1.283880157E1,-9.741741943E-1,-1.393601990E-1
7.501371125E0,-1.259870087E1,-1.612746277E0,-7.077282715E-1
7.511411125E0,-1.237207214E1,-2.092947693E0,-1.455423431E0
7.521452125E0,-1.217702774E1,-2.243235168E0,-2.203717346E0
7.531492125E0,-1.157812317E1,-1.876797180E0,-3.016826477E0
7.541533125E0,-1.083267334E1,-1.178050232E0,-3.306623840E0
7.551573125E0,-1.051293823E1,-1.281335449E-1,-2.786605225E0
7.561613125E0,-1.035771103E1,9.701325989E-1,-2.093845825E0
7.571654125E0,-1.046369064E1,1.797611847E0,-1.567240906E0
7.581694125E0,-1.036624329E1,2.596949615E0,-1.189426575E0
7.591735125E0,-1.048958679E1,3.043770447E0,-6.441105652E-1
7.601775125E0,-1.044153671E1,3.075654144E0,1.182540894E-1
7.611816125E0,-1.009455826E1,2.803520050E0,6.655160522E-1
7.621856125E0,-9.751471710E0,2.253713379E0,1.013242950E0
7.631896125E0,-9.490264893E0,1.660197601E0,1.177451477E0
7.641937125E0,-9.308842163E0,9.889933777E-1,1.097368011E0
7.651977125E0,-9.195976868E0,3.085084534E-1,8.994795227E-1
7.662018125E0,-9.026978302E0,-2.415975952E-1,6.132746887E-1
7.672058125E0,-8.640482025E0,-6.390211487E-1,3.103047180E-1
7.682098125E0,-8.039481812E0,-9.273216248E-1,5.373825073E-2
7.692139125E0,-7.369624786E0,-1.147962799E0,9.475296021E-2
7.702179125E0,-6.894063721E0,-1.150956573E0,2.174977112E-1
7.712220125E0,-6.384223938E0,-8.598120117E-1,2.731819153E-1
7.722260125E0,-6.051615601E0,-3.683839417E-1,3.532653809E-1
7.732300125E0,-5.760620728E0,3.014730835E-1,4.659809875E-1
7.742341125E0,-5.413791962E0,8.870553589E-1,4.971162415E-1
7.752381125E0,-5.314997406E0,1.403631134E0,4.400848389E-1
7.762422125E0,-5.459896088E0,1.814376984E0,3.995191956E-1
7.772462125E0,-5.508395233E0,2.080972595E0,5.831872559E-1
7.782503125E0,-5.765859833E0,2.122136993E0,8.846603394E-1
7.792543125E0,-6.154751129E0,2.132166138E0,1.191671906E0
7.802583125E0,-6.402785339E0,2.072140961E0,1.533411255E0
7.812624125E0,-6.792574768E0,1.807191925E0,1.826501770E0
7.822664125E0,-7.346423035E0,1.456171875E0,1.917961578E0
7.832705125E0,-7.908354492E0,1.131197662E0,1.966460724E0
7.842745125E0,-8.456664276E0,8.517288208E-1,2.115251312E0
7.852785125E0,-8.725355530E0,6.857240295E-1,2.304158478E0
7.862826375E0,-8.599467316E0,6.268963623E-1,2.469265137E0
7.872866375E0,-8.325536957E0,7.340734863E-1,2.624492340E0
7.882907375E0,-8.215515747E0,8.422984314E-1,2.822979584E0
7.892947375E0,-8.359366608E0,9.586065674E-1,3.071911926E0
7.902987375E0,-8.546477509E0,1.072369995E0,3.024011536E0
7.913028375E0,-8.691376190E0,1.120270386E0,2.739303589E0
7.923068375E0,-9.010811920E0,1.072669373E0,2.525847473E0
7.933109375E0,-9.409283295E0,9.544152832E-1,2.113754425E0
7.943149375E0,-1.008857071E1,8.583151245E-1,1.514550476E0
7.953190375E0,-1.106543930E1,8.987310791E-1,1.160836029E0
7.963230375E0,-1.200039505E1,1.113534393E0,1.541644135E0
7.973270375E0,-1.264046402E1,1.346150665E0,2.473007355E0
7.983311375E0,-1.307935135E1,1.477727051E0,3.463946686E0
7.993351375E0,-1.368424347E1,1.375639343E0,4.410129089E0
8.003392375E0,-1.417028275E1,1.148561554E0,4.846022644E0
8.013432375E0,-1.424901901E1,9.976753235E-1,4.160747681E0
8.023472375E0,-1.382779495E1,8.387059021E-1,3.129841461E0
8.033513375E0,-1.327738953E1,1.020877075E-1,2.786605225E0
8.043553375E0,-1.273207352E1,-1.032702484E0,2.010469208E0
8.053594375E0,-1.296618668E1,-8.562194824E-1,5.501060486E-1
8.063634375E0,-1.328173050E1,1.379082184E0,-1.322499847E0
8.073674375E0,-1.281604889E1,3.199147339E0,-2.972518616E0
8.083715375E0,-1.228944397E1,3.272794189E0,-4.255650330E0
8.093755375E0,-1.212014603E1,2.406695251E0,-5.350623322E0
8.103796375E0,-1.251712051E1,1.394649811E0,-5.701343994E0
8.113836375E0,-1.316856583E1,7.113208008E-1,-4.851860504E0
8.123876375E0,-1.339085358E1,3.565585327E-1,-3.456462250E0
8.133917375E0,-1.306049057E1,-9.280700684E-2,-2.330653381E0
8.143957375E0,-1.242416382E1,-6.713539124E-1,-1.631157990E0
8.153998375E0,-1.179142960E1,-1.537602539E0,-1.149309998E0
8.164038375E0,-1.132440079E1,-2.467169495E0,-6.328839111E-1
8.174079375E0,-1.100107315E1,-2.809357910E0,-2.017803955E-1
8.184119375E0,-1.064750839E1,-2.459385681E0,1.142124939E-1
8.194159375E0,-1.034274216E1,-1.640887756E0,5.043013000E-1
8.204200375E0,-9.971214752E0,-6.221063232E-1,9.229806519E-1
8.214240375E0,-9.520502014E0,2.745291138E-1,1.211580505E0
8.224281375E0,-9.001231842E0,8.460406494E-1,1.279539185E0
8.234321375E0,-8.595725098E0,1.126557312E0,1.074016571E0
8.244361375E0,-8.396040344E0,1.255289612E0,6.560856628E-1
8.254402375E0,-8.078400879E0,1.311123505E0,2.362088013E-1
8.264442375E0,-7.632029114E0,1.310375061E0,-1.113684082E-1
8.274483375E0,-7.305408325E0,1.269510040E0,-2.580633545E-1
8.284523375E0,-6.895410919E0,1.168170776E0,-2.704875183E-1
8.294563375E0,-6.068081360E0,1.034648438E0,-1.799258423E-1
8.304604375E0,-5.204527130E0,7.502398682E-1,8.906478882E-2
8.314644375E0,-4.949158173E0,2.137554932E-1,4.140390015E-1
8.324685375E0,-5.606291656E0,-3.284170532E-1,5.523513794E-1
8.334725375E0,-5.863307190E0,-6.119274902E-1,4.861889648E-1
8.344765375E0,-5.598807220E0,-6.228547668E-1,6.387217712E-1
8.354806375E0,-5.470973053E0,-6.445596313E-1,9.376501465E-1
8.364846375E0,-5.809419250E0,-8.144563293E-1,1.246158600E0
8.374887375E0,-6.654112701E0,-1.039887543E0,1.353186035E0
8.384927375E0,-7.594457245E0,-1.248852997E0,1.264869690E0
8.394967375E0,-8.103099518E0,-1.210382996E0,1.145717468E0
8.405008375E0,-8.450527039E0,-1.067729645E0,1.149759064E0
8.415048375E0,-8.740025024E0,-9.261241150E-1,1.328038330E0
8.425089375E0,-8.788224792E0,-8.843609619E-1,1.673220520E0
8.435129375E0,-8.601113892E0,-9.238787842E-1,2.070644073E0
8.445170375E0,-8.349487152E0,-9.175918579E-1,2.315534821E0
8.455210375E0,-8.096064148E0,-6.447093201E-1,2.365081787E0
8.465250375E0,-7.809859314E0,-2.194436646E-1,2.349214783E0
8.475291375E0,-7.563172302E0,2.195933533E-1,2.286345520E0
8.485331375E0,-7.636968842E0,5.092410278E-1,2.376757507E0
8.495372375E0,-7.994425507E0,6.444099426E-1,2.613714752E0
8.505412375E0,-8.693771210E0,5.310955811E-1,2.821482697E0
8.515452375E0,-9.690847778E0,2.570155334E-1,2.819536743E0
8.525493375E0,-1.073986633E1,-1.444496155E-1,2.441423035E0
8.535533375E0,-1.187226151E1,-8.038284302E-1,2.161355438E0
8.545574375E0,-1.321332275E1,-1.490151215E0,2.471809845E0
8.555614375E0,-1.441113190E1,-1.755100250E0,3.332220612E0
8.565654375E0,-1.516511398E1,-1.240620117E0,4.423601074E0
8.575695375E0,-1.536375092E1,-3.448828125E-1,4.879552917E0
8.585735375E0,-1.527842834E1,1.863624573E-1,4.409081268E0
8.595776375E0,-1.514191223E1,5.403762817E-1,3.544928284E0
8.605816375E0,-1.413181274E1,1.044677582E0,2.260748749E0
8.615856375E0,-1.242955261E1,1.357676697E0,5.948629761E-1
8.625897375E0,-1.126557312E1,8.675958252E-1,-6.409671021E-1
8.635937375E0,-1.146570694E1,-4.116439819E-1,-9.687854004E-1
8.645978375E0,-1.142753632E1,-1.162332916E0,-1.702110443E0
8.656018375E0,-1.137304962E1,-1.093176727E0,-2.691253510E0
8.666058375E0,-1.140777740E1,-8.292755127E-1,-3.383264465E0
8.676099375E0,-1.177316757E1,-3.634442139E-1,-3.368445282E0
8.686139375E0,-1.281724640E1,6.375242615E-1,-2.848875732E0
8.696180375E0,-1.386910904E1,1.623972931E0,-2.228266296E0
8.706220375E0,-1.423075699E1,2.181713104E0,-1.485361176E0
8.716260375E0,-1.396191605E1,2.267784119E0,-9.586065674E-1
8.726301375E0,-1.353769821E1,2.121538239E0,-8.628057861E-1
8.736341375E0,-1.279329620E1,1.848805389E0,-8.189469910E-1
8.746382375E0,-1.186926773E1,1.282832336E0,-3.760180664E-1
8.756422375E0,-1.089299789E1,5.878276062E-1,4.728666687E-1
8.766463375E0,-1.005728577E1,-1.766326904E-1,1.410067749E0
8.776503375E0,-9.522897034E0,-7.899073792E-1,2.212249603E0
8.786543375E0,-8.600964203E0,-1.060843964E0,2.393822021E0
8.796584375E0,-7.396568756E0,-1.118773499E0,2.246228943E0
8.806624375E0,-6.414311371E0,-1.067729645E0,1.973346405E0
8.816665375E0,-5.765710144E0,-9.566606140E-1,1.579964447E0
8.826705375E0,-5.312303009E0,-7.753875732E-1,1.119971008E0
8.836745375E0,-5.099146271E0,-5.254074097E-1,7.331753540E-1
8.846786375E0,-5.078788605E0,-2.893482971E-1,4.308041382E-1
8.856826375E0,-5.299280090E0,1.582209778E-1,2.742297363E-1
8.866866500E0,-5.276228027E0,6.626719666E-1,1.585203552E-1
8.876906500E0,-5.314548340E0,1.073866882E0,-4.939727783E-3
8.886946500E0,-5.283263397E0,1.483564911E0,-1.347198486E-2
8.896987500E0,-5.043162689E0,1.860032043E0,2.395019531E-1
8.907027500E0,-5.122797089E0,2.017354889E0,6.397695923E-1
8.917068500E0,-5.639073486E0,2.045346680E0,9.364526367E-1
8.927108500E0,-6.028264160E0,2.050136719E0,1.223705292E0
8.937148500E0,-6.562802582E0,1.880988464E0,1.542542267E0
8.947189500E0,-7.172933807E0,1.604214020E0,1.685644684E0
8.957229500E0,-7.613617401E0,1.267713776E0,1.795516205E0
8.967270500E0,-7.862699432E0,1.021924896E0,1.966161346E0
8.977310500E0,-7.783065033E0,9.252259827E-1,2.084265747E0
8.987350500E0,-7.464377747E0,8.976832581E-1,2.175875244E0
8.997391500E0,-7.342231750E0,8.737330627E-1,2.235900421E0
9.007431500E0,-7.301965485E0,8.698411560E-1,2.329006805E0
9.017472500E0,-7.396718445E0,8.634045410E-1,2.635120239E0
9.027512500E0,-7.704777832E0,8.316705322E-1,2.852019196E0
9.037552500E0,-8.135282593E0,6.926097107E-1,2.684816895E0
9.047593500E0,-8.820258179E0,4.948709106E-1,2.518363037E0
9.057633500E0,-9.857151947E0,2.468367004E-1,2.493514709E0
9.067674500E0,-1.116258728E1,1.654060364E-1,2.363135834E0
9.077714500E0,-1.251382736E1,2.486329651E-1,2.280956726E0
9.087754500E0,-1.376956604E1,4.305047607E-1,2.861150208E0
9.097795500E0,-1.469973175E1,7.711962891E-1,3.906875610E0
9.107835500E0,-1.506063126E1,1.194216614E0,4.983586578E0
9.117876500E0,-1.504132141E1,1.711989899E0,5.486540680E0
9.127916500E0,-1.488444763E1,2.162852325E0,4.614753571E0
9.137956500E0,-1.460093719E1,2.000589752E0,3.522175598E0
9.147997500E0,-1.417986282E1,7.303312683E-1,2.741099854E0
9.158037500E0,-1.406355469E1,-3.210823059E-1,1.401834869E0
9.168078500E0,-1.448358124E1,4.164340210E-1,-2.185455322E-2
9.178118500E0,-1.409873154E1,2.244582367E0,-1.181044006E0
9.188158500E0,-1.288475601E1,3.255430298E0,-2.658621368E0
9.198199500E0,-1.182361267E1,2.738255768E0,-4.079167328E0
9.208239500E0,-1.151345764E1,1.523382111E0,-4.803361359E0
9.218280500E0,-1.180205750E1,3.930825806E-1,-4.338128815E0
9.228320500E0,-1.210203369E1,-2.465373230E-1,-3.049907684E0
9.238360500E0,-1.191986252E1,-6.137237549E-1,-1.720522156E0
9.248401500E0,-1.150881729E1,-8.891510010E-1,-1.010698242E0
9.258441500E0,-1.134386032E1,-1.288670197E0,-6.465055847E-1
9.268482500E0,-1.144519958E1,-1.866468658E0,-2.814147949E-2
9.278522500E0,-1.154010223E1,-2.319426727E0,5.649252319E-1
9.288562500E0,-1.156510025E1,-2.204166412E0,8.511300659E-1
9.298603500E0,-1.125135269E1,-1.392404480E0,8.605604553E-1
9.308643500E0,-1.054063065E1,-2.242337036E-1,8.535250854E-1
9.318684500E0,-1.013422577E1,8.035290527E-1,8.587641907E-1
9.328724500E0,-9.821076965E0,1.541045380E0,9.445358276E-1
9.338764500E0,-9.544601898E0,2.078727264E0,8.818162537E-1
9.348805500E0,-8.963959351E0,2.457290039E0,6.342311096E-1
9.358845500E0,-8.075257416E0,2.629881134E0,3.456312561E-1
9.368886500E0,-7.250173187E0,2.600691833E0,1.025367737E-1
9.378926500E0,-6.328240356E0,2.445764008E0,-7.963439941E-2
9.388966500E0,-5.381159821E0,2.105222168E0,-5.688171387E-2
9.399007500E0,-4.880301361E0,1.404379578E0,3.016227722E-1
9.409047500E0,-4.900659027E0,4.556524658E-1,6.791377258E-1
9.419088500E0,-5.006339264E0,-4.490661621E-1,8.604107666E-1
9.429128500E0,-4.906047821E0,-9.857002258E-1,9.258247375E-1
9.439168500E0,-4.497247925E0,-1.191671906E0,9.358538818E-1
9.449209500E0,-4.571194153E0,-1.448837128E0,9.526190186E-1
9.459249500E0,-4.966072998E0,-1.669927368E0,1.175954590E0
9.469290500E0,-5.415887604E0,-1.861079865E0,1.442101135E0
9.479330500E0,-5.915249176E0,-1.820813599E0,1.816322937E0
9.489370500E0,-6.724765778E0,-1.682800598E0,2.067949677E0
9.499411500E0,-7.457641754E0,-1.418300629E0,2.067500610E0
9.509451500E0,-8.056246948E0,-1.196312256E0,2.123184814E0
9.519492500E0,-8.612041168E0,-1.095122681E0,2.396815796E0
9.529532500E0,-8.896749115E0,-1.012344818E0,2.693798218E0
9.539572500E0,-8.874146118E0,-9.488768005E-1,2.940485229E0
9.549613500E0,-8.752299500E0,-9.018745422E-1,3.089275818E0
9.559653500E0,-8.413853302E0,-6.512956238E-1,3.077001343E0
9.569694500E0,-7.915389862E0,-3.315605164E-1,2.976709900E0
9.579734500E0,-7.517816620E0,-7.469467163E-2,2.713706818E0
9.589774500E0,-7.319479065E0,2.124082947E-1,2.459834747E0
9.599815500E0,-7.429200897E0,4.634362793E-1,2.470612335E0
9.609855500E0,-7.834408264E0,6.806346130E-1,2.684517517E0
9.619896500E0,-8.422834625E0,8.349636841E-1,2.763253784E0
9.629936500E0,-9.278455353E0,7.747888184E-1,2.555186462E0
9.639976500E0,-1.030771500E1,3.793112183E-1,2.313738556E0
9.650017500E0,-1.170236481E1,-1.124162292E-1,2.309996338E0
9.660057500E0,-1.326691132E1,-2.950364685E-1,2.783611450E0
9.670098500E0,-1.468640945E1,-2.978805542E-2,3.892655182E0
9.680138500E0,-1.608330460E1,3.659889221E-1,5.326972504E0
9.690178500E0,-1.702754105E1,8.307723999E-1,6.017636261E0
9.700219500E0,-1.704789871E1,1.033750305E0,5.091063080E0
9.710259500E0,-1.647728531E1,8.779243469E-1,3.835623779E0
9.720300500E0,-1.471649689E1,9.333091736E-1,2.581681366E0
9.730340500E0,-1.223435852E1,1.049766998E0,4.087998962E-1
9.740380500E0,-1.143576920E1,2.790197754E-1,-9.705816650E-1
9.750421500E0,-1.259525803E1,-1.735191650E0,-3.734733582E-1
9.760461500E0,-1.262893799E1,-3.041974182E0,-6.008505249E-1
9.770502500E0,-1.194800400E1,-3.043920135E0,-2.050136719E0
9.780542500E0,-1.169652695E1,-2.413880310E0,-3.510350189E0
9.790583500E0,-1.190339676E1,-1.787133636E0,-4.382286987E0
9.800623500E0,-1.272863068E1,-7.774832153E-1,-4.127367096E0
9.810663500E0,-1.344114899E1,7.436535645E-1,-3.118614807E0
9.820704500E0,-1.371463028E1,2.079475708E0,-1.988464966E0
9.830744500E0,-1.368139938E1,2.773432617E0,-1.375040588E0
9.840785500E0,-1.309911026E1,3.118465118E0,-1.094823303E0
9.850825500E0,-1.259540771E1,3.129392395E0,-5.974076843E-1
9.860866625E0,-1.219229599E1,2.773282928E0,-2.362088013E-1
9.870907625E0,-1.136346954E1,2.264041901E0,2.559677124E-1
9.880947625E0,-1.036085449E1,1.538949738E0,1.201850739E0
9.890988625E0,-9.576485596E0,7.021897888E-1,2.033670959E0
9.901028625E0,-9.014703827E0,-2.439926147E-2,2.327659607E0
9.911068625E0,-8.458460541E0,-5.634283447E-1,2.142794037E0
9.921109625E0,-7.698191528E0,-9.250762939E-1,1.665287018E0
9.931149625E0,-6.902595978E0,-1.246907043E0,1.124461670E0
9.941190625E0,-6.259084167E0,-1.467847595E0,6.453080750E-1
9.951230625E0,-5.682183838E0,-1.521286469E0,3.011737061E-1
9.961270625E0,-5.173691254E0,-1.442250824E0,2.267784119E-1
9.971311625E0,-4.822671204E0,-1.196012878E0,1.336720276E-1
9.981351625E0,-4.742737427E0,-7.515870667E-1,1.197509766E-2
9.991392625E0,-4.816384277E0,-1.734892273E-1,-6.242019653E-2
1.000143262E1,-4.597988434E0,3.177891541E-1,-6.002517700E-2
1.001147263E1,-4.407734070E0,9.217831421E-1,3.293151855E-2
1.002151363E1,-4.318070526E0,1.450783081E0,2.790197754E-1
1.003155362E1,-4.492757263E0,1.781146088E0,5.554948425E-1
1.004159462E1,-4.777165833E0,2.029329987E0,8.289761353E-1
1.005163463E1,-5.305567017E0,2.125729523E0,1.134341125E0
1.006167562E1,-6.124514008E0,2.099983063E0,1.274599457E0
1.007171563E1,-7.112309875E0,2.114203491E0,1.299597473E0
1.008175562E1,-7.940088501E0,2.232457581E0,1.379381561E0
1.009179662E1,-8.765771484E0,2.266885986E0,1.575773163E0
1.010183663E1,-9.288185120E0,2.170037384E0,1.666484528E0
1.011187763E1,-9.196126556E0,2.015259247E0,1.725910950E0
1.012191763E1,-8.843908997E0,1.695823517E0,1.737886047E0
1.013195762E1,-8.522976379E0,1.293759613E0,1.748064880E0
1.014199862E1,-8.331075439E0,9.469308472E-1,2.029928741E0
1.015203863E1,-8.268505554E0,6.550378418E-1,2.349813538E0
1.016207963E1,-8.241262207E0,3.906875610E-1,2.520907745E0
1.017211963E1,-8.291258240E0,1.980381775E-1,2.598745880E0
1.018215963E1,-8.503666534E0,7.768844604E-2,2.353555756E0
1.019220062E1,-9.130113831E0,3.367996216E-2,1.931433563E0
1.020224063E1,-1.031055908E1,2.059716797E-1,1.572330322E0
1.021228163E1,-1.174667267E1,5.921685791E-1,1.895657959E0
1.022232162E1,-1.290870621E1,9.921368408E-1,2.983445892E0
1.023236262E1,-1.376941635E1,1.168320465E0,4.183500366E0
1.024240263E1,-1.463117432E1,1.090332642E0,5.177882538E0
1.025244263E1,-1.543964310E1,8.337661743E-1,5.501359863E0
1.026248363E1,-1.590248062E1,8.797206116E-1,4.421655121E0
1.027252362E1,-1.553993454E1,7.776329041E-1,3.117716675E0
1.028256462E1,-1.451232147E1,-4.571493530E-1,2.431992645E0
1.029260463E1,-1.380174911E1,-1.730401611E0,1.392105103E0
1.030264463E1,-1.408331360E1,-7.767347717E-1,-4.153862000E-1
1.031268563E1,-1.416654053E1,2.072440338E0,-2.516866150E0
1.032272562E1,-1.356613907E1,3.904630280E0,-4.154161377E0
1.033276662E1,-1.277937515E1,3.821253662E0,-5.345833282E0
1.034280663E1,-1.268013153E1,2.522704010E0,-5.764812012E0
1.035284763E1,-1.311467789E1,1.049467621E0,-5.246589661E0
1.036288763E1,-1.314880692E1,1.826202393E-1,-3.957919464E0
1.037292762E1,-1.256756561E1,-2.347119141E-1,-2.510579224E0
1.038296862E1,-1.174098450E1,-8.575666809E-1,-1.550625458E0
1.039300863E1,-1.091679840E1,-1.777553558E0,-1.070424042E0
1.040304963E1,-1.059317139E1,-2.676434326E0,-6.608757019E-1
1.041308962E1,-1.045126648E1,-3.262914734E0,-2.883004761E-1
1.042312963E1,-1.049602341E1,-3.156036987E0,1.320254517E-1
1.043317063E1,-1.039483383E1,-2.304457855E0,3.766168213E-1
1.044321063E1,-1.010713211E1,-9.398954773E-1,4.397854614E-1
1.045325163E1,-9.534722443E0,4.769082642E-1,6.334826660E-1
1.046329162E1,-9.070986786E0,1.428778839E0,8.593629456E-1
1.047333262E1,-8.784183197E0,1.979034576E0,9.541159058E-1
1.048337263E1,-8.473279724E0,2.224823456E0,8.779243469E-1
1.049341263E1,-7.996820526E0,2.302362213E0,6.328839111E-1
1.050345363E1,-7.467820587E0,2.294129333E0,2.659968567E-1
1.051349362E1,-6.948101349E0,2.142195282E0,-8.322692871E-2
1.052353462E1,-6.297254791E0,1.848805389E0,-2.296224976E-1
1.053357463E1,-5.588628387E0,1.375489655E0,-1.549278259E-1
1.054361563E1,-5.207221527E0,7.438032532E-1,1.676513672E-1
1.055365563E1,-5.124892731E0,1.285826111E-1,5.468128967E-1
1.056369562E1,-4.693040771E0,-4.564009094E-1,4.790039062E-1
1.057373662E1,-4.661905518E0,-8.360115051E-1,4.667294312E-1
1.058377663E1,-4.771777039E0,-1.127006378E0,7.906558228E-1
1.059381763E1,-4.851411438E0,-1.361119537E0,1.108295288E0
1.060385762E1,-5.266198883E0,-1.535357208E0,1.432371368E0
1.061389863E1,-5.581593018E0,-1.606159973E0,1.564097443E0
1.062393862E1,-6.230194244E0,-1.601070557E0,1.553469543E0
1.063397863E1,-7.072642365E0,-1.547332306E0,1.581910400E0
1.064401963E1,-7.864495697E0,-1.443598022E0,1.691931610E0
1.065405962E1,-8.512797546E0,-1.310375061E0,1.868414612E0
1.066410062E1,-8.925339661E0,-1.164428558E0,2.113005981E0
1.067414063E1,-8.796457672E0,-9.945318604E-1,2.408790894E0
1.068418063E1,-8.367898865E0,-8.735833740E-1,2.669099579E0
1.069422163E1,-8.081095276E0,-7.141648865E-1,2.664908295E0
1.070426162E1,-7.770341492E0,-4.571493530E-1,2.469414825E0
1.071430262E1,-7.542066193E0,-1.164578247E-1,2.227667542E0
1.072434263E1,-7.443720703E0,2.673440552E-1,2.183060303E0
1.073438363E1,-7.564669189E0,5.869294739E-1,2.387086029E0
1.074442363E1,-8.049211578E0,7.590715027E-1,2.522404633E0
1.075446362E1,-9.048383789E0,6.280938721E-1,2.378404083E0
1.076450462E1,-1.056053925E1,8.382568359E-2,2.048490143E0
1.077454463E1,-1.202778809E1,-4.207749939E-1,1.747765503E0
1.078458563E1,-1.327230011E1,-7.836204529E-1,2.243235168E0
1.079462562E1,-1.468581070E1,-8.993298340E-1,3.531156921E0
1.080466663E1,-1.632654877E1,-7.023394775E-1,4.762346649E0
1.081470662E1,-1.759605881E1,-3.682342529E-1,5.252876587E0
1.082474663E1,-1.811532898E1,-1.929487610E-1,4.475393372E0
1.083478763E1,-1.712873062E1,2.537223816E-1,2.852917328E0
1.084482762E1,-1.464105377E1,8.605604553E-1,5.352868652E-1
1.085486862E1,-1.283685562E1,8.779243469E-1,-1.725012817E0
1.086490863E1,-1.276799881E1,-2.160008240E-1,-2.583028564E0
1.087494962E1,-1.349488724E1,-1.726509705E0,-2.858306122E0
1.088498963E1,-1.335313202E1,-2.226470032E0,-3.650608521E0
1.089502962E1,-1.322110657E1,-2.203268280E0,-4.061504059E0
1.090507062E1,-1.326047470E1,-2.190395050E0,-3.851341095E0
1.091511063E1,-1.353994354E1,-1.864073639E0,-3.358416138E0
1.092515163E1,-1.420306458E1,-8.220904541E-1,-3.227438507E0
1.093519163E1,-1.411564636E1,8.687933350E-1,-3.465742950E0
1.094523263E1,-1.305794586E1,2.398911438E0,-3.277135162E0
1.095527262E1,-1.169128784E1,3.149151306E0,-2.650238800E0
1.096531362E1,-1.084434906E1,3.269351349E0,-1.707648926E0
1.097535363E1,-1.042941193E1,2.702180786E0,-5.156776428E-1
1.098539363E1,-1.028391449E1,1.815873871E0,6.860234070E-1
1.099543463E1,-1.001731888E1,1.153950348E0,1.707648926E0
1.100547462E1,-9.249266052E0,9.084608459E-1,2.352807312E0
1.101551562E1,-8.575816498E0,6.854246521E-1,2.492915955E0
1.102555563E1,-8.279133453E0,4.348457336E-1,2.129322052E0
1.103559663E1,-7.825127563E0,2.029779053E-1,1.406475220E0
1.104563663E1,-7.377109222E0,-3.472778320E-2,5.689668274E-1
1.105567663E1,-7.001689911E0,-4.555027771E-1,-3.188369751E-2
1.106571762E1,-6.674919434E0,-8.904981995E-1,-2.448907471E-1
1.107575763E1,-6.258186035E0,-1.162781982E0,-2.207908630E-1
1.108579863E1,-5.685626678E0,-1.242266693E0,-1.216969299E-1
1.109583862E1,-4.818779297E0,-1.066831512E0,-8.906478882E-2
1.110587962E1,-4.013753357E0,-7.261399841E-1,-9.729766846E-3
1.111591963E1,-3.990252228E0,-1.504371643E-1,1.368154907E-1
1.112595963E1,-4.206702118E0,5.334906006E-1,2.384541321E-1
1.113600063E1,-4.188889160E0,1.100960541E0,3.403921509E-1
1.114604062E1,-4.321513367E0,1.457219696E0,5.459147644E-1
1.115608162E1,-4.617897034E0,1.673519897E0,7.637118530E-1
1.116612163E1,-5.082081757E0,1.805844727E0,9.672885132E-1
1.117616263E1,-5.559588776E0,1.845661926E0,1.182690582E0
1.118620263E1,-6.109994202E0,1.906136169E0,1.428180084E0
1.119624363E1,-6.913223877E0,2.039209442E0,1.546583862E0
1.120628362E1,-7.700436859E0,2.175426178E0,1.576072540E0
1.121632363E1,-8.313112793E0,2.212848358E0,1.648222504E0
1.122636463E1,-8.705596619E0,2.207609253E0,1.713037720E0
1.123640463E1,-8.788973236E0,2.092498627E0,1.696871338E0
1.124644563E1,-8.686286774E0,1.780247955E0,1.717378693E0
1.125648562E1,-8.580905914E0,1.337019653E0,1.800605621E0
1.126652662E1,-8.553213501E0,8.681945801E-1,2.066752167E0
1.127656663E1,-8.637937317E0,4.191284180E-1,2.276615753E0
1.128660662E1,-8.853938141E0,-1.930984497E-2,2.452200623E0
1.129664763E1,-9.331445160E0,-4.090992737E-1,2.618953857E0
1.130668763E1,-1.020038818E1,-5.592370605E-1,2.515219574E0
1.131672862E1,-1.151824768E1,-2.580633545E-1,2.342029724E0
1.132676863E1,-1.297157547E1,4.426295471E-1,2.586770782E0
1.133680963E1,-1.414588348E1,1.118773499E0,3.546425171E0
1.134684962E1,-1.499895950E1,1.633103943E0,4.569397888E0
1.135689063E1,-1.569321579E1,2.135908356E0,4.808899841E0
1.136693063E1,-1.619976242E1,2.588267670E0,3.600762177E0
1.137697063E1,-1.604378677E1,2.297422485E0,2.318378906E0
1.138701163E1,-1.533815414E1,6.563850403E-1,1.018032990E0
1.139705162E1,-1.509191620E1,-7.900570679E-1,-1.001417542E0
1.140709262E1,-1.562405960E1,4.745132446E-2,-3.191812592E0
1.141713263E1,-1.562690369E1,1.940564575E0,-4.762047272E0
1.142717363E1,-1.516720963E1,2.791694641E0,-5.455405426E0
1.143721363E1,-1.438314011E1,2.593506775E0,-5.600902863E0
1.144725463E1,-1.354563171E1,2.077679443E0,-5.324727173E0
1.145729462E1,-1.291783722E1,1.460812225E0,-4.674928436E0
1.146733463E1,-1.223076599E1,7.484436035E-1,-3.600762177E0
1.147737563E1,-1.119177658E1,-3.204835510E-1,-2.334096222E0
1.148741563E1,-1.028960266E1,-1.448687439E0,-1.553170166E0
1.149745663E1,-9.804461517E0,-2.386187897E0,-1.006207581E0
1.150749662E1,-9.735455017E0,-3.120111694E0,-3.981719971E-1
1.151753762E1,-9.793085175E0,-3.274141388E0,2.174977112E-1
1.152757763E1,-9.883497162E0,-2.748135223E0,6.764433289E-1
1.153761863E1,-1.010563522E1,-1.934127960E0,1.004561005E0
1.154765863E1,-1.036489609E1,-9.759704590E-1,1.207987976E0
1.155769862E1,-1.054497162E1,-1.571731567E-2,1.036444702E0
1.156773962E1,-1.055739578E1,8.419990540E-1,6.730004883E-1
1.157777963E1,-1.022852966E1,1.576820984E0,3.402424622E-1
1.158782063E1,-9.748477936E0,2.067201233E0,4.894821167E-2
1.159786062E1,-9.374405823E0,2.396217041E0,-3.179388428E-1
1.160790163E1,-8.885223083E0,2.615361328E0,-6.104306030E-1
1.161794162E1,-8.344996490E0,2.570005646E0,-6.950047302E-1
1.162798262E1,-7.850574646E0,2.280807037E0,-5.289999390E-1
1.163802263E1,-6.950047302E0,1.961221619E0,-3.359014893E-1
1.164806262E1,-5.790408783E0,1.546284485E0,-1.047821045E-2
1.165810362E1,-4.774770813E0,9.767189026E-1,3.849993896E-1
1.166814363E1,-3.973786469E0,2.502795410E-1,7.289840698E-1
1.167818462E1,-3.430566101E0,-3.641926575E-1,9.931846619E-1
1.168822463E1,-3.323388977E0,-7.125183105E-1,1.033001862E0
1.169826563E1,-3.492686920E0,-9.196875000E-1,1.073866882E0
1.170830562E1,-4.161496124E0,-1.254241791E0,1.219963074E0
1.171834662E1,-4.855752411E0,-1.474433899E0,1.301543427E0
1.172838663E1,-5.289250946E0,-1.494342499E0,1.417701874E0
1.173842663E1,-5.948330383E0,-1.462458801E0,1.572180634E0
1.174846763E1,-6.427783356E0,-1.375938721E0,1.706301727E0
1.175850762E1,-6.877897339E0,-1.325643311E0,1.874252472E0
1.176854862E1,-7.302564240E0,-1.327439575E0,2.165397034E0
1.177858863E1,-7.544012146E0,-1.270108795E0,2.492616577E0
1.178862963E1,-7.634424133E0,-1.089883575E0,2.704126740E0
1.179866963E1,-7.789801025E0,-8.928932190E-1,2.664758606E0
1.180871063E1,-7.852221222E0,-5.613327026E-1,2.372117157E0
1.181875062E1,-7.882757721E0,-2.013313293E-1,2.116897888E0
1.182879063E1,-8.150401154E0,-5.059478760E-2,2.125579834E0
1.183883163E1,-8.619076538E0,3.667373657E-2,2.263892212E0
1.184887162E1,-9.398505707E0,-4.670288086E-2,2.309397583E0
1.185891263E1,-1.055559952E1,-3.134481812E-1,2.216141510E0
1.186895167E1,-1.174412796E1,-5.824388123E-1,2.054627380E0
1.187899267E1,-1.266875519E1,-9.800120544E-1,2.315534821E0
1.188903267E1,-1.363888779E1,-1.263522491E0,3.290906525E0
1.189907367E1,-1.470137833E1,-1.102158051E0,4.543202362E0
1.190911367E1,-1.566372711E1,-7.185058594E-1,5.505700836E0
1.191915467E1,-1.606429413E1,-5.507048035E-1,5.579497375E0
1.192919467E1,-1.638687332E1,-6.969506836E-1,4.609963531E0
1.193923467E1,-1.577509552E1,-3.730242920E-1,3.357368317E0
1.194927567E1,-1.393781616E1,5.439688110E-1,1.266665955E0
1.195931567E1,-1.254151978E1,1.518891449E0,-1.281485138E0
1.196935667E1,-1.270662643E1,9.963281250E-1,-2.336790619E0
1.197939667E1,-1.344189743E1,-3.059637451E-1,-2.174677734E0
1.198943767E1,-1.321661591E1,-6.265969849E-1,-2.525847473E0
1.199947767E1,-1.306034088E1,-4.168830872E-1,-3.038980408E0
1.200951867E1,-1.307096878E1,-1.865121460E-1,-3.396886139E0
1.201955867E1,-1.316661987E1,5.303471375E-1,-3.760180664E0
1.202959867E1,-1.375789032E1,1.643432465E0,-3.438948669E0
1.203963967E1,-1.444511124E1,2.231559448E0,-2.712958374E0
1.204967967E1,-1.448358124E1,2.321372681E0,-2.081122284E0
1.205972067E1,-1.360565689E1,2.312990112E0,-1.649869080E0
1.206976067E1,-1.231204697E1,2.246079254E0,-1.142574005E0
1.207980167E1,-1.127036316E1,1.864522705E0,-5.514532471E-1
1.208984167E1,-1.032807266E1,1.229543152E0,1.350192261E-1
1.209988267E1,-9.417815552E0,6.017486572E-1,1.093027039E0
1.210992267E1,-8.660390625E0,1.242416382E-2,1.820214844E0
1.211996367E1,-8.082592163E0,-4.420307922E-1,2.066153412E0
1.213000367E1,-7.464228058E0,-6.890171814E-1,1.957030334E0
1.214004367E1,-6.918163605E0,-8.909472656E-1,1.654509430E0
1.215008467E1,-6.465504913E0,-1.005010071E0,1.267414398E0
1.216012467E1,-5.946683807E0,-9.731263733E-1,9.231303406E-1
1.217016567E1,-5.320535889E0,-9.891430664E-1,5.674699402E-1
1.218020567E1,-4.822671204E0,-8.578660583E-1,4.004173279E-1
1.219024667E1,-4.641547852E0,-6.306385803E-1,3.924838257E-1
1.220028667E1,-4.894372101E0,-1.966909790E-1,3.356021118E-1
1.221032767E1,-4.801714783E0,2.733316040E-1,2.921923828E-1
1.222036767E1,-4.579277344E0,6.494993591E-1,2.537223816E-1
1.223040867E1,-4.442312164E0,1.010847931E0,1.297801208E-1
1.224044867E1,-4.428391113E0,1.414259033E0,1.101708984E-1
1.225048867E1,-4.736600189E0,1.762434998E0,3.382965088E-1
1.226052967E1,-5.244494019E0,1.951342163E0,6.671626282E-1
1.227056967E1,-5.666616211E0,2.024390259E0,9.889933777E-1
1.228061067E1,-6.128256226E0,1.991758118E0,1.295106812E0
1.229065067E1,-6.709647217E0,1.932780762E0,1.549128571E0
1.230069167E1,-7.499853973E0,2.060165863E0,1.717528381E0
1.231073167E1,-8.332722015E0,2.203717346E0,1.818867645E0
1.232077267E1,-8.928183746E0,2.235451355E0,1.881138153E0
1.233081267E1,-9.104217682E0,2.215093689E0,1.900597687E0
1.234085367E1,-8.902886353E0,2.163301392E0,1.849404144E0
1.235089367E1,-8.649163971E0,1.934876404E0,1.971250763E0
1.236093367E1,-8.462651825E0,1.524579620E0,2.368824005E0
1.237097467E1,-8.321794739E0,1.039887543E0,2.824775848E0
1.238101467E1,-8.274493103E0,4.703219604E-1,2.916385345E0
1.239105567E1,-8.356073456E0,-8.008346558E-2,2.752625885E0
1.240109567E1,-8.900940399E0,-5.667214966E-1,2.341580658E0
1.241113667E1,-1.030038025E1,-7.699987793E-1,1.767524414E0
1.242117667E1,-1.236743179E1,-5.074447632E-1,1.542691956E0
1.243121767E1,-1.439616302E1,2.442919922E-1,2.467618561E0
1.244125767E1,-1.558424240E1,1.087937622E0,3.972588959E0
1.245129867E1,-1.612372055E1,1.776655426E0,5.133275299E0
1.246133867E1,-1.654464523E1,2.345921631E0,5.203778687E0
1.247137867E1,-1.657308609E1,2.627635803E0,3.769311676E0
1.248141967E1,-1.584739517E1,1.913620605E0,2.475851440E0
1.249145967E1,-1.458432175E1,3.766168213E-1,1.216819611E0
1.250150067E1,-1.372810226E1,-3.547622681E-1,-6.038442993E-1
1.251154067E1,-1.388362885E1,9.973759460E-1,-2.710263977E0
1.252158167E1,-1.369307510E1,2.838098145E0,-4.492906952E0
1.253162167E1,-1.325059525E1,3.300935669E0,-5.466482391E0
1.254166267E1,-1.308788361E1,2.439477081E0,-5.718109131E0
1.255170267E1,-1.315509384E1,1.119521942E0,-5.385201416E0
1.256174367E1,-1.329759750E1,1.348695374E-1,-4.251758423E0
1.257178367E1,-1.298160461E1,-4.872367859E-1,-2.644550629E0
1.258182467E1,-1.249122437E1,-9.915380859E-1,-1.279988251E0
1.259186467E1,-1.177631104E1,-1.611848145E0,-7.599696350E-1
1.260190467E1,-1.109388016E1,-2.341430969E0,-4.167333984E-1
1.261194567E1,-1.061083466E1,-2.846331024E0,-7.259902954E-2
1.262198567E1,-1.011147308E1,-2.794239349E0,1.477427673E-1
1.263202667E1,-9.686955872E0,-2.098785553E0,4.567002869E-1
1.264206667E1,-9.148974609E0,-9.291178894E-1,6.631210327E-1
1.265210767E1,-8.485853577E0,3.206332397E-1,7.093748474E-1
1.266214767E1,-8.111931152E0,1.358724518E0,6.069877625E-1
1.267218867E1,-7.856562195E0,2.004481659E0,6.075865173E-1
1.268222867E1,-7.748037872E0,2.266137543E0,7.014413452E-1
1.269226967E1,-7.745942230E0,2.226320343E0,5.921685791E-1
1.270230967E1,-7.491920471E0,2.108665009E0,1.601669312E-1
1.271235067E1,-6.885980530E0,2.058818665E0,-2.836601257E-1
1.272239067E1,-6.146368561E0,1.882185974E0,-5.447172546E-1
1.273243067E1,-5.499114532E0,1.435814209E0,-5.049000549E-1
1.274247167E1,-4.979245605E0,7.604187012E-1,-1.422042847E-1
1.275251167E1,-5.039719849E0,-3.113525391E-2,3.165916443E-1
1.276255267E1,-5.585634613E0,-5.510041809E-1,2.650987244E-1
1.277259267E1,-5.994733887E0,-9.174421692E-1,1.495390320E-1
1.278263367E1,-5.515430603E0,-1.038091278E0,2.959346008E-1
1.279267367E1,-4.954696655E0,-1.132694550E0,6.373745728E-1
1.280271467E1,-4.914729767E0,-1.438059540E0,1.214274902E0
1.281275467E1,-5.485043793E0,-1.654659119E0,1.581161957E0
1.282279567E1,-6.136339417E0,-1.652713165E0,1.765279083E0
1.283283567E1,-6.490353241E0,-1.446442108E0,1.938468933E0
1.284287667E1,-6.867269440E0,-1.231638794E0,2.181264038E0
1.285291667E1,-7.382498016E0,-1.087338867E0,2.455643463E0
1.286295667E1,-7.708370361E0,-9.458830261E-1,2.644251251E0
1.287299779E1,-7.709567871E0,-8.442443848E-1,2.709216156E0
1.288303779E1,-7.669451294E0,-7.786807251E-1,2.698288879E0
1.289307879E1,-7.735314331E0,-6.047424316E-1,2.744842072E0
1.290311879E1,-7.892637177E0,-1.703457642E-1,2.572550354E0
1.291315979E1,-8.187523956E0,4.255650330E-1,2.388283539E0
1.292319979E1,-8.524622955E0,9.068142700E-1,2.313888245E0
1.293324079E1,-9.161249084E0,9.327104187E-1,2.109263763E0
1.294328079E1,-1.040635986E1,3.040177917E-1,1.936672668E0
1.295332179E1,-1.193243637E1,-3.179388428E-1,1.492845612E0
1.296336179E1,-1.347842148E1,-7.598199463E-1,1.383572845E0
1.297340279E1,-1.495614853E1,-1.092128906E0,2.869832153E0
1.298344279E1,-1.632699783E1,-7.539820862E-1,4.676275635E0
1.299348279E1,-1.737347168E1,2.615061951E-1,5.582042084E0
1.300352379E1,-1.781640060E1,9.551637268E-1,5.254822540E0
1.301356379E1,-1.760713577E1,1.189276886E0,3.820056152E0
1.302360479E1,-1.578228058E1,1.375639343E0,1.328038330E0
1.303364479E1,-1.321377182E1,1.323697357E0,-1.598974915E0
1.304368579E1,-1.180385376E1,3.312611389E-1,-3.080743561E0
1.305372579E1,-1.272818161E1,-1.563648376E0,-2.649190979E0
1.306376679E1,-1.306722656E1,-2.485581207E0,-2.751578064E0
1.307380679E1,-1.255903336E1,-2.267035675E0,-3.297043762E0
1.308384779E1,-1.179831528E1,-2.068847809E0,-3.300037537E0
1.309388779E1,-1.167901337E1,-1.800904999E0,-2.639012146E0
1.310392879E1,-1.298340088E1,-8.092172241E-1,-2.593656464E0
1.311396879E1,-1.390443558E1,8.397537231E-1,-2.998265076E0
1.312400879E1,-1.368050125E1,2.448458405E0,-2.862796783E0
1.313404979E1,-1.279479309E1,3.331172791E0,-2.448757782E0
1.314408979E1,-1.197988770E1,3.404220886E0,-1.725312195E0
1.315413079E1,-1.169996979E1,3.046913910E0,-7.797285461E-1
1.316417079E1,-1.138667130E1,2.267035675E0,7.244934082E-2
1.317421179E1,-1.083521805E1,1.508263550E0,8.536747742E-1
1.318425179E1,-1.011282028E1,9.214837646E-1,1.451980591E0
1.319429279E1,-9.559870148E0,2.384541321E-1,1.863175507E0
1.320433279E1,-9.135203247E0,-4.090992737E-1,1.951641541E0
1.321437379E1,-8.691525879E0,-8.366102600E-1,1.590143280E0
1.322441379E1,-8.008196869E0,-1.110989685E0,1.021176453E0
1.323445479E1,-7.422015839E0,-1.374591522E0,6.101312256E-1
1.324449479E1,-6.859934692E0,-1.513502655E0,2.725831604E-1
1.325453479E1,-6.377787323E0,-1.567091217E0,6.511459351E-2
1.326457579E1,-6.019582214E0,-1.476379852E0,-6.870712280E-2
1.327461579E1,-5.571114807E0,-1.073717194E0,-2.303709412E-1
1.328465679E1,-4.666695557E0,-5.574407959E-1,-3.233276367E-1
1.329469679E1,-4.091441803E0,-1.237925720E-1,-1.354682922E-1
1.330473779E1,-3.578458557E0,4.558021545E-1,5.463638306E-2
1.331477779E1,-3.191064148E0,1.051114197E0,2.498304749E-1
1.332481879E1,-3.160527649E0,1.574276276E0,5.298980713E-1
1.333485879E1,-3.213816833E0,1.980381775E0,8.282276917E-1
1.334489979E1,-3.594924316E0,2.164798279E0,1.025966492E0
1.335493979E1,-4.326303406E0,2.218686218E0,1.109792175E0
1.336498079E1,-5.291496277E0,2.187550964E0,1.197360077E0
1.337502079E1,-6.302044830E0,2.174228668E0,1.308878174E0
1.338506079E1,-7.189399567E0,2.170336761E0,1.513951721E0
1.339510179E1,-7.833510132E0,2.158960419E0,1.715732117E0
1.340514179E1,-8.045469360E0,2.114053802E0,1.900447998E0
1.341518279E1,-7.968679047E0,2.003583527E0,2.013313293E0
1.342522279E1,-7.921976166E0,1.772164764E0,2.109563141E0
1.343526379E1,-7.918533325E0,1.363664246E0,2.251468048E0
1.344530379E1,-8.016130371E0,8.090675354E-1,2.224224701E0
1.345534479E1,-8.441246338E0,1.887574768E-1,2.164349213E0
1.346538479E1,-9.261091461E0,-3.179388428E-1,1.957778778E0
1.347542579E1,-1.053868469E1,-4.677772522E-1,1.602417755E0
1.348546579E1,-1.234003876E1,-1.920506287E-1,1.647474060E0
1.349550579E1,-1.438254135E1,4.029620361E-1,2.657872925E0
1.350554679E1,-1.585233490E1,1.369202728E0,4.265978851E0
1.351558679E1,-1.643148056E1,2.147584076E0,5.520819397E0
1.352562779E1,-1.679402664E1,2.502496033E0,5.936355286E0
1.353566779E1,-1.707499237E1,2.598296814E0,4.749623108E0
1.354570879E1,-1.664538574E1,2.039808197E0,3.106639709E0
1.355574879E1,-1.550221298E1,4.147874451E-1,1.938169556E0
1.356578979E1,-1.446157700E1,-1.054706726E0,5.858816528E-1
1.357582979E1,-1.425395874E1,-3.405418396E-1,-9.108558655E-1
1.358587079E1,-1.410920975E1,1.824705505E0,-2.531685333E0
1.359591079E1,-1.356134903E1,3.016676788E0,-4.059408417E0
1.360595079E1,-1.295960037E1,2.636766815E0,-5.027295685E0
1.361599179E1,-1.270078857E1,1.500629425E0,-5.156177673E0
1.362603179E1,-1.287382874E1,5.144801331E-1,-4.484225006E0
1.363607279E1,-1.269824387E1,-1.001417542E-1,-3.262914734E0
1.364611279E1,-1.221564743E1,-6.869215393E-1,-1.794917450E0
1.365615379E1,-1.167691772E1,-1.274150391E0,-9.460327148E-1
1.366619379E1,-1.117261642E1,-1.934277649E0,-7.676037598E-1
1.367623479E1,-1.100077377E1,-2.597398682E0,-3.417393494E-1
1.368627479E1,-1.084120560E1,-2.806214447E0,-4.326004028E-2
1.369631579E1,-1.051204010E1,-2.512225800E0,3.891906738E-2
1.370635579E1,-1.009665390E1,-1.624721375E0,1.610650635E-1
1.371639579E1,-9.212292938E0,-3.095562744E-1,3.385958862E-1
1.372643679E1,-8.566835175E0,8.211923218E-1,4.504133606E-1
1.373647679E1,-8.657995605E0,1.700014801E0,3.858975220E-1
1.374651779E1,-8.488697662E0,2.299967194E0,3.688330078E-1
1.375655779E1,-8.194259949E0,2.654430084E0,4.023632813E-1
1.376659879E1,-7.733368378E0,2.922821960E0,2.769241333E-1
1.377663879E1,-7.153324585E0,2.947221222E0,1.351689148E-1
1.378667979E1,-6.437662811E0,2.717598724E0,3.981719971E-2
1.379671979E1,-5.462889862E0,2.337688751E0,1.484912109E-1
1.380676079E1,-4.511318665E0,1.751507721E0,3.808081055E-1
1.381680079E1,-3.904480591E0,8.764274597E-1,7.283853149E-1
1.382684079E1,-3.940106506E0,-9.595046997E-2,1.085692291E0
1.383688179E1,-3.913761292E0,-8.601113892E-1,1.221160583E0
1.384692179E1,-4.290228424E0,-1.292113037E0,1.222208405E0
1.385696279E1,-5.177882538E0,-1.651964722E0,1.107696533E0
1.386700329E1,-5.075495453E0,-1.729054413E0,1.238225098E0
1.387704429E1,-4.940027161E0,-1.760938110E0,1.688788147E0
1.388708429E1,-5.422473907E0,-1.805096283E0,2.198777618E0
1.389712529E1,-6.430028687E0,-1.917063446E0,2.563419342E0
1.390716529E1,-7.030130768E0,-1.689087524E0,2.713856506E0
1.391720629E1,-7.337142334E0,-1.262774048E0,2.772085419E0
1.392724629E1,-7.539970551E0,-8.460406494E-1,2.932252350E0
1.393728629E1,-7.672744446E0,-6.114784241E-1,3.016976166E0
1.394732729E1,-7.820487213E0,-4.846920776E-1,2.878663788E0
1.395736729E1,-8.056696014E0,-4.284091187E-1,2.624043274E0
1.396740829E1,-7.977660370E0,-2.086660767E-1,2.374063110E0
1.397744829E1,-7.889194336E0,2.243833923E-1,2.032323761E0
1.398748929E1,-8.009843445E0,6.628216553E-1,1.968406677E0
1.399752929E1,-8.386909332E0,8.219407654E-1,2.005529480E0
1.400757029E1,-9.359287262E0,3.912863159E-1,1.853296051E0
1.401761029E1,-1.098236206E1,-2.098635864E-1,1.391955414E0
1.402765029E1,-1.245305374E1,-5.075944519E-1,9.535171509E-1
1.403769129E1,-1.357961105E1,-9.138496399E-1,1.763033752E0
1.404773129E1,-1.466739899E1,-1.106049957E0,3.680246887E0
1.405777229E1,-1.607956238E1,-8.152047729E-1,5.388045502E0
1.406781229E1,-1.714848953E1,-2.227368164E-1,5.967490540E0
1.407785329E1,-1.764785110E1,9.654922485E-2,5.166057129E0
1.408789329E1,-1.726404922E1,3.763174438E-1,3.698508911E0
1.409793429E1,-1.523965897E1,9.163943481E-1,1.543889465E0
1.410797429E1,-1.316317703E1,1.103505249E0,-1.148711243E0
1.411801529E1,-1.297202454E1,1.356179810E-1,-2.576741638E0
1.412805529E1,-1.413046555E1,-1.422042847E0,-2.483186188E0
1.413809529E1,-1.438089478E1,-2.182311859E0,-2.561922455E0
1.414813629E1,-1.413106430E1,-2.208357697E0,-2.843037872E0
1.415817629E1,-1.344055023E1,-1.809586945E0,-2.985391846E0
1.416821729E1,-1.302157150E1,-1.106049957E0,-3.156785431E0
1.417825729E1,-1.376836853E1,5.074447632E-2,-3.387455750E0
1.418829829E1,-1.392434418E1,1.663790131E0,-3.391647034E0
1.419833829E1,-1.312800018E1,2.774330750E0,-2.636467438E0
1.420837929E1,-1.204006256E1,3.334465942E0,-1.685045929E0
1.421841929E1,-1.106439148E1,3.497926025E0,-7.316784668E-1
1.422845929E1,-1.078252762E1,3.120560760E0,2.727328491E-1
1.423850029E1,-1.054197784E1,2.394121399E0,8.743318176E-1
1.424854029E1,-9.733958130E0,1.582958221E0,1.401236115E0
1.425858129E1,-9.106313324E0,8.593629456E-1,1.812131653E0
1.426862129E1,-8.844358063E0,1.043330383E-1,1.739682312E0
1.427866229E1,-8.660540314E0,-6.285429382E-1,1.439706116E0
1.428870229E1,-8.286318512E0,-1.155297546E0,1.062041473E0
1.429874329E1,-7.629334717E0,-1.483714600E0,6.039939880E-1
1.430878329E1,-6.978488159E0,-1.654060364E0,4.089495850E-1
1.431882329E1,-6.227948914E0,-1.827848969E0,4.402345276E-1
1.432886429E1,-5.619763641E0,-1.855391693E0,6.204597473E-1
1.433890429E1,-4.939727783E0,-1.551972656E0,6.997947693E-1
1.434894529E1,-4.156706085E0,-1.072819061E0,7.092251587E-1
1.435898529E1,-3.995341644E0,-5.827381897E-1,6.688092041E-1
1.436902629E1,-4.111949158E0,1.631607056E-2,4.004173279E-1
1.437906629E1,-3.963607635E0,5.887257385E-1,1.202000427E-1
1.438910729E1,-3.788621521E0,1.189426575E0,1.209484863E-1
1.439914729E1,-3.748055878E0,1.715881805E0,4.225712585E-1
1.440918729E1,-3.998784485E0,2.090852051E0,7.631130981E-1
1.441922829E1,-4.549938354E0,2.339934082E0,1.002165985E0
1.442926829E1,-5.280569000E0,2.507435760E0,1.137185211E0
1.443930929E1,-6.143075409E0,2.627037048E0,1.177451477E0
1.444934929E1,-7.035968628E0,2.755769348E0,1.228794708E0
1.445939029E1,-7.746690674E0,2.880310364E0,1.353635101E0
1.446943029E1,-8.144712982E0,2.910248108E0,1.621428223E0
1.447947129E1,-8.339757385E0,2.765798492E0,1.940714264E0
1.448951129E1,-8.317004700E0,2.442919922E0,2.158211975E0
1.449955129E1,-8.245603180E0,1.956132202E0,2.315834198E0
1.450959229E1,-8.227041779E0,1.411115570E0,2.700983276E0
1.451963229E1,-8.235424347E0,8.035290527E-1,2.883603516E0
1.452967329E1,-8.541986847E0,1.103205872E-1,2.867137756E0
1.453971329E1,-9.155560913E0,-5.442681885E-1,2.790796509E0
1.454975429E1,-1.023257126E1,-1.021026764E0,2.417772217E0
1.455979429E1,-1.189276886E1,-1.015488281E0,2.065255280E0
1.456983529E1,-1.384935013E1,-5.349874878E-1,2.344873810E0
1.457987529E1,-1.540551407E1,2.505789185E-1,3.548071747E0
1.458991529E1,-1.598421066E1,1.131497040E0,4.790338440E0
1.459995629E1,-1.624511810E1,1.919757843E0,5.249733124E0
1.460999629E1,-1.648087784E1,2.522105255E0,4.205803986E0
1.462003729E1,-1.612162491E1,2.169887695E0,2.838996277E0
1.463007729E1,-1.521061935E1,5.236111450E-1,1.769620056E0
1.464011829E1,-1.442550201E1,-9.521699524E-1,3.195854187E-1
1.465015829E1,-1.438643326E1,-1.242416382E-1,-1.885928192E0
1.466019929E1,-1.416698959E1,2.074985046E0,-3.909869385E0
1.467023929E1,-1.353665039E1,3.290607147E0,-4.975952454E0
1.468027929E1,-1.293759613E1,2.919079742E0,-5.320386200E0
1.469032029E1,-1.257295441E1,1.847158813E0,-5.335055695E0
1.470036029E1,-1.228525269E1,1.051114197E0,-5.069807281E0
1.471040129E1,-1.179621964E1,3.641926575E-1,-3.800147552E0
1.472044129E1,-1.146989822E1,-5.343887329E-1,-2.074236603E0
1.473048229E1,-1.118578903E1,-1.459315338E0,-1.188678131E0
1.474052229E1,-1.096185471E1,-2.249222717E0,-8.316705322E-1
1.475056229E1,-1.091560089E1,-2.809657288E0,-3.191363525E-1
1.476060329E1,-1.087084396E1,-3.074306946E0,1.513352966E-1
1.477064329E1,-1.079210770E1,-2.859653320E0,4.260140991E-1
1.478068429E1,-1.068043991E1,-1.875599670E0,5.014572144E-1
1.479072429E1,-1.036384827E1,-3.065625000E-1,5.098397827E-1
1.480076529E1,-1.001672012E1,1.070723419E0,4.468208313E-1
1.481080529E1,-9.758956146E0,2.003134460E0,3.544628906E-1
1.482084629E1,-9.320817261E0,2.565664673E0,3.242257690E-1
1.483088629E1,-9.003926239E0,2.791095886E0,2.398013306E-1
1.484092629E1,-8.552015991E0,2.838846588E0,-4.400848389E-2
1.485096729E1,-7.883057098E0,2.783611450E0,-3.001258850E-1
1.486100729E1,-7.246430969E0,2.509531403E0,-3.817062378E-1
1.487104800E1,-6.491850128E0,2.025887146E0,-3.122506714E-1
1.488108800E1,-5.298531647E0,1.474733276E0,-1.046324158E-1
1.489112900E1,-4.181704102E0,8.523275757E-1,1.856140137E-1
1.490116900E1,-3.330124969E0,1.002914429E-1,5.505551147E-1
1.491120900E1,-3.196452942E0,-5.858816528E-1,9.213340759E-1
1.492125000E1,-4.122277679E0,-1.169218597E0,1.009500732E0
1.493129000E1,-4.532574463E0,-1.633852386E0,1.039139099E0
1.494133100E1,-4.648732910E0,-1.780996399E0,1.358874207E0
1.495137100E1,-5.145699463E0,-1.796713715E0,1.517394562E0
1.496141200E1,-5.659880219E0,-1.619931335E0,1.571731567E0
1.497145200E1,-6.127208405E0,-1.325792999E0,1.648521881E0
1.498149300E1,-6.570736084E0,-1.101259918E0,1.789079590E0
1.499153300E1,-7.053182831E0,-9.336085510E-1,2.030078430E0
1.500157300E1,-7.491172028E0,-8.024812317E-1,2.356250153E0
1.501161400E1,-7.683971100E0,-6.869215393E-1,2.651436310E0
1.502165400E1,-7.740104370E0,-6.183641052E-1,2.825673981E0
1.503169500E1,-7.858358459E0,-5.816903687E-1,2.783910828E0
1.504173500E1,-7.967481537E0,-4.836442566E-1,2.507585449E0
1.505177600E1,-8.142317963E0,-1.652563477E-1,2.050436096E0
1.506181600E1,-8.355474701E0,2.113604736E-1,1.876946869E0
1.507185600E1,-8.832233276E0,3.655398560E-1,2.005379791E0
1.508189700E1,-9.879904633E0,9.505233765E-2,2.171683960E0
1.509193700E1,-1.116543137E1,-2.375559998E-1,1.907782745E0
1.510197800E1,-1.245485001E1,-4.420307922E-1,1.281485138E0
1.511201800E1,-1.374531647E1,-7.626640320E-1,1.526974640E0
1.512205900E1,-1.502380783E1,-8.325686646E-1,2.849624176E0
1.513209900E1,-1.636112686E1,-3.715274048E-1,4.297563171E0
1.514213900E1,-1.732886444E1,3.606001282E-1,5.042713623E0
1.515218000E1,-1.743454468E1,9.473799133E-1,4.436324615E0
1.516222000E1,-1.685599777E1,1.366807709E0,3.123704224E0
1.517226100E1,-1.506482254E1,2.029329987E0,1.523681488E0
1.518230100E1,-1.237776031E1,2.510429535E0,-9.192384338E-1
1.519234200E1,-1.101080292E1,1.631457367E0,-2.617007904E0
1.520238200E1,-1.170715485E1,-5.155279541E-1,-2.596350861E0
1.521242300E1,-1.206910217E1,-1.891167297E0,-2.486479340E0
1.522246300E1,-1.190878555E1,-2.212099915E0,-2.944377136E0
1.523250300E1,-1.169817352E1,-2.334545288E0,-3.527115326E0
1.524254400E1,-1.135748199E1,-1.846260681E0,-3.937861176E0
1.525258400E1,-1.187555466E1,-5.646258545E-1,-4.300856323E0
1.526262500E1,-1.321571777E1,8.360115051E-1,-4.168531494E0
1.527266500E1,-1.435035828E1,1.831441498E0,-3.176394653E0
1.528270600E1,-1.445843353E1,2.489922180E0,-2.156415710E0
1.529274600E1,-1.355146957E1,2.759511566E0,-1.358574829E0
1.530278600E1,-1.277233978E1,2.723436584E0,-6.676116943E-1
1.531282700E1,-1.236982681E1,1.967209167E0,-1.202000427E-1
1.532286700E1,-1.168844376E1,1.047521667E0,4.635859680E-1
1.533290800E1,-1.093042007E1,3.935316467E-1,1.078806610E0
1.534294800E1,-1.060379929E1,-1.832189941E-1,1.573228455E0
1.535298900E1,-1.013497421E1,-5.643264771E-1,1.654958496E0
1.536302900E1,-9.295070801E0,-6.842271423E-1,1.571731567E0
1.537306900E1,-8.469537506E0,-7.484436035E-1,1.361867981E0
1.538311000E1,-7.639663239E0,-8.027806091E-1,1.008003845E0
1.539315000E1,-6.894063721E0,-7.875123596E-1,8.613088989E-1
1.540319100E1,-6.122118988E0,-8.202941895E-1,8.023315430E-1
1.541323100E1,-5.395829315E0,-7.664062500E-1,6.884184265E-1
1.542327200E1,-4.764741669E0,-5.507048035E-1,5.411247253E-1
1.543331200E1,-4.282145233E0,-2.398013306E-1,3.480262756E-1
1.544335200E1,-3.916904755E0,1.442999268E-1,2.568658447E-1
1.545339300E1,-3.354075165E0,5.986051941E-1,2.154020691E-1
1.546343300E1,-3.061284027E0,1.012045441E0,2.790197754E-1
1.547347400E1,-3.097957764E0,1.449136505E0,4.210743713E-1
1.548351400E1,-3.401825867E0,1.726509705E0,6.689588928E-1
1.549355500E1,-4.015549622E0,1.992805939E0,9.550140381E-1
1.550359500E1,-4.764442291E0,2.169288940E0,1.218316498E0
1.551363500E1,-5.525459747E0,2.075733490E0,1.402583313E0
1.552367600E1,-6.301895142E0,1.940564575E0,1.509311371E0
1.553371600E1,-6.975644073E0,1.863624573E0,1.672921143E0
1.554375700E1,-7.497159576E0,1.873354340E0,1.851499786E0
1.555379700E1,-7.816295929E0,1.834584961E0,2.023492126E0
1.556383800E1,-7.898624725E0,1.707798615E0,2.023941193E0
1.557387800E1,-7.946674805E0,1.493743744E0,2.060764618E0
1.558391800E1,-7.967182159E0,1.143023071E0,2.135459290E0
1.559395900E1,-7.991431732E0,7.301815796E-1,2.021246796E0
1.560399900E1,-8.174800415E0,2.481838989E-1,1.981279907E0
1.561404000E1,-8.655899963E0,-2.495310974E-1,1.949246521E0
1.562408000E1,-9.541009369E0,-5.670208740E-1,1.776206360E0
1.563412100E1,-1.092892319E1,-4.050576782E-1,1.558109894E0
1.564416100E1,-1.281889297E1,-4.775070190E-2,1.816772003E0
1.565420100E1,-1.471934097E1,3.851490784E-1,3.031495972E0
1.566424200E1,-1.568288727E1,1.029259644E0,4.394860840E0
1.567428200E1,-1.606773697E1,1.600621490E0,5.289999390E0
1.568432300E1,-1.661469955E1,2.257754974E0,4.719685364E0
1.569436300E1,-1.675106598E1,2.374661865E0,3.249293060E0
1.570440400E1,-1.638956772E1,1.257085876E0,2.243684235E0
1.571444400E1,-1.600651428E1,-1.722917175E-1,8.729846191E-1
1.572448400E1,-1.597133743E1,-1.986369324E-1,-9.639953613E-1
1.573452500E1,-1.584859268E1,1.110989685E0,-2.279759216E0
1.574456500E1,-1.530552200E1,2.327809296E0,-3.081492004E0
1.575460600E1,-1.461875015E1,3.072810059E0,-3.971990204E0
1.576464600E1,-1.363798965E1,3.041824493E0,-4.671784973E0
1.577468700E1,-1.302456528E1,2.343227234E0,-4.481081543E0
1.578472700E1,-1.235964798E1,1.514251099E0,-3.683839417E0
1.579476700E1,-1.121003860E1,6.869215393E-1,-2.630180511E0
1.580480800E1,-1.017598892E1,-3.677851868E-1,-1.557211761E0
1.581484800E1,-9.458381195E0,-1.388961639E0,-1.092428284E0
1.582488900E1,-9.287736053E0,-2.330653381E0,-6.816824341E-1
1.583492900E1,-9.733658752E0,-2.999462585E0,-8.846603394E-2
1.584497000E1,-9.976154480E0,-3.235222321E0,2.896476746E-1
1.585501000E1,-9.952803040E0,-2.969375153E0,6.225553894E-1
1.586505025E1,-9.936486969E0,-2.189197540E0,9.482780457E-1
1.587509125E1,-9.721683655E0,-1.037342834E0,1.021026764E0
1.588513125E1,-9.431137848E0,8.247848511E-2,8.289761353E-1
1.589517225E1,-9.448801117E0,1.090332642E0,5.322930908E-1
1.590521225E1,-9.482181702E0,1.914069672E0,2.706372070E-1
1.591525325E1,-9.181606750E0,2.594404907E0,8.622070312E-2
1.592529325E1,-8.622818756E0,3.097808075E0,-1.945953369E-1
1.593533325E1,-7.913294220E0,3.410507812E0,-4.378395081E-1
1.594537425E1,-7.115303650E0,3.383863220E0,-3.832031250E-1
1.595541425E1,-6.092181244E0,3.130440216E0,-1.240919495E-1
1.596545525E1,-4.887187042E0,2.605631561E0,1.857637024E-1
1.597549525E1,-3.971840515E0,1.787283325E0,5.861810303E-1
1.598553625E1,-3.503464508E0,7.441026306E-1,1.027912445E0
1.599557625E1,-3.797752533E0,-3.715274048E-1,1.343905334E0
1.600561625E1,-4.310436401E0,-1.185534668E0,1.302291870E0
1.601565725E1,-4.461172943E0,-1.740131378E0,1.242566071E0
1.602569725E1,-4.592749329E0,-2.025737457E0,1.391506348E0
1.603573825E1,-5.022056580E0,-2.236349487E0,1.609752502E0
1.604577825E1,-5.863007812E0,-2.455643463E0,1.873803406E0
1.605581925E1,-6.826404419E0,-2.535876617E0,2.045945435E0
1.606585925E1,-7.428452454E0,-2.354603577E0,2.223326569E0
1.607589925E1,-7.710016937E0,-2.061513062E0,2.481689301E0
1.608594025E1,-8.007298737E0,-1.798360291E0,2.749482422E0
1.609598025E1,-8.240962830E0,-1.553020477E0,3.000959473E0
1.610602125E1,-8.301287384E0,-1.350042572E0,3.155887299E0
1.611606125E1,-8.358169098E0,-1.043629761E0,2.979104919E0
1.612610225E1,-8.365503845E0,-6.502478027E-1,2.615361328E0
1.613614225E1,-8.349487152E0,-1.606159973E-1,2.293979645E0
1.614618225E1,-8.238418121E0,3.598516846E-1,2.095043335E0
1.615622325E1,-8.253836060E0,7.915539551E-1,2.168989563E0
1.616626325E1,-8.651409302E0,8.620573425E-1,2.189646606E0
1.617630425E1,-9.538464661E0,4.999603271E-1,2.057770844E0
1.618634425E1,-1.082159637E1,1.571731567E-2,1.866917725E0
1.619638525E1,-1.200353851E1,-3.321592712E-1,1.799557800E0
1.620642525E1,-1.300375854E1,-5.866300964E-1,2.685265961E0
1.621646525E1,-1.421743469E1,-4.670288086E-1,4.277504883E0
1.622650625E1,-1.560519882E1,1.916015625E-2,5.578000488E0
1.623654625E1,-1.653850800E1,4.661306763E-1,6.013295288E0
1.624658725E1,-1.667128189E1,4.122427368E-1,4.917573853E0
1.625662725E1,-1.613988693E1,4.028123474E-1,3.344794464E0
1.626666825E1,-1.419528076E1,8.366102600E-1,1.331032104E0
1.627670825E1,-1.201072357E1,1.153650970E0,-1.254690857E0
1.628674825E1,-1.189411606E1,2.547702026E-1,-2.588716736E0
1.629678925E1,-1.312964676E1,-1.422342224E0,-2.278412018E0
1.630682925E1,-1.331436264E1,-2.239193573E0,-2.445764008E0
1.631687025E1,-1.328906525E1,-2.167792053E0,-3.044967957E0
1.632691025E1,-1.317066147E1,-1.779649200E0,-3.486399994E0
1.633695025E1,-1.297456924E1,-8.725355530E-1,-3.984713745E0
1.634699125E1,-1.379830627E1,3.929328918E-1,-4.060007172E0
1.635703125E1,-1.470781494E1,1.558858337E0,-3.521726532E0
1.636707225E1,-1.475646378E1,2.264191589E0,-2.735261993E0
1.637711225E1,-1.385473892E1,2.529440002E0,-1.987716522E0
1.638715325E1,-1.257534943E1,2.683769073E0,-1.150507507E0
1.639719325E1,-1.156105865E1,2.737207947E0,-4.125421143E-1
1.640723325E1,-1.083297272E1,2.432441711E0,2.275268555E-1
1.641727425E1,-9.930649109E0,1.923949127E0,1.045875092E0
1.642731425E1,-8.943451996E0,1.360371094E0,1.816772003E0
1.643735525E1,-8.511001282E0,5.769003296E-1,2.221380615E0
1.644739525E1,-8.568182373E0,-1.362167358E-1,2.128423920E0
1.645743625E1,-8.172405396E0,-5.556445312E-1,1.679357758E0
1.646747625E1,-7.454348602E0,-7.738906860E-1,1.153351593E0
1.647751625E1,-6.727609863E0,-9.541159058E-1,8.283773804E-1
1.648755725E1,-6.027665405E0,-1.114582214E0,7.372169495E-1
1.649759725E1,-5.638923798E0,-1.241518250E0,6.902146912E-1
1.650763825E1,-5.199288025E0,-1.191372528E0,6.914122009E-1
1.651767825E1,-4.825664978E0,-9.821076965E-1,5.525010681E-1
1.652771925E1,-4.551584930E0,-6.538403320E-1,3.917353821E-1
1.653775925E1,-4.210594025E0,-2.281256104E-1,4.535568237E-1
1.654779925E1,-4.079317017E0,2.336640930E-1,6.054908752E-1
1.655784025E1,-4.089046783E0,7.777825928E-1,6.096821594E-1
1.656788025E1,-4.051325226E0,1.300196228E0,4.962181091E-1
1.657792125E1,-4.028422852E0,1.634002075E0,5.824388123E-1
1.658796125E1,-4.697681122E0,1.780996399E0,8.827143860E-1
1.659800125E1,-5.366041260E0,1.926942902E0,1.126856689E0
1.660804225E1,-6.104605408E0,1.992506561E0,1.325343933E0
1.661808225E1,-6.941814423E0,2.101929016E0,1.443448334E0
1.662812325E1,-7.703280945E0,2.221380615E0,1.556613007E0
1.663816325E1,-8.286617889E0,2.274520111E0,1.721869354E0
1.664820425E1,-8.684939575E0,2.293979645E0,1.810185699E0
1.665824425E1,-8.700058136E0,2.243085480E0,1.845512238E0
1.666828425E1,-8.471633148E0,2.109712830E0,1.956431580E0
1.667832525E1,-8.307574310E0,1.824705505E0,2.210153961E0
1.668836525E1,-8.279283142E0,1.420545959E0,2.544259186E0
1.669840625E1,-8.391100616E0,9.273216248E-1,2.592908020E0
1.670844625E1,-8.799750824E0,4.149371338E-1,2.710114288E0
1.671848725E1,-9.563013611E0,-1.706451416E-2,2.530936890E0
1.672852725E1,-1.072369995E1,-1.811233521E-1,1.845063171E0
1.673856725E1,-1.234662506E1,3.128494263E-2,1.209933929E0
1.674860825E1,-1.388961639E1,5.254074097E-1,1.580114136E0
1.675864825E1,-1.472398132E1,1.042881317E0,2.942281494E0
1.676868925E1,-1.506152939E1,1.370699615E0,4.210144958E0
1.677872925E1,-1.529893570E1,1.698368225E0,4.922513580E0
1.678876925E1,-1.575877945E1,2.038460999E0,4.170477448E0
1.679881025E1,-1.578946564E1,1.756597137E0,3.328927460E0
1.680885025E1,-1.528591278E1,3.758683777E-1,2.522853699E0
1.681889125E1,-1.481394424E1,-7.189549255E-1,6.313870239E-1
1.682893125E1,-1.485750366E1,1.983375549E-1,-2.243085480E0
1.683897225E1,-1.476843887E1,1.911075897E0,-4.691244507E0
1.684901225E1,-1.441188034E1,2.732567596E0,-5.665269012E0
1.685905225E1,-1.380818573E1,2.584076385E0,-5.664969635E0
1.686909292E1,-1.314491501E1,2.023492126E0,-5.553451538E0
1.687913292E1,-1.256606873E1,1.505120087E0,-5.106780396E0
1.688917392E1,-1.185699326E1,8.416996765E-1,-3.889212341E0
1.689921392E1,-1.112456635E1,-3.397933960E-2,-2.265688477E0
1.690925492E1,-1.043165726E1,-9.548643494E-1,-1.260678406E0
1.691929492E1,-1.012659164E1,-1.820065155E0,-6.988966370E-1
1.692933492E1,-9.973011017E0,-2.397414551E0,-4.266128540E-2
1.693937592E1,-9.786498871E0,-2.647694092E0,4.604425049E-1
1.694941592E1,-9.719288635E0,-2.475252686E0,7.789801025E-1
1.695945692E1,-9.975256348E0,-1.685494995E0,1.020727386E0
1.696949692E1,-9.892478485E0,-4.179309082E-1,9.851014709E-1
1.697953692E1,-9.500443726E0,6.212081909E-1,1.084794159E0
1.698957792E1,-9.466614075E0,1.240620117E0,1.153950348E0
1.699961792E1,-9.587562561E0,1.575773163E0,1.071172485E0
1.700965892E1,-9.502689056E0,1.876647491E0,7.939489746E-1
1.701969892E1,-9.234147491E0,2.057321777E0,2.655477905E-1
1.702973992E1,-8.743767242E0,2.118095398E0,-2.531236267E-1
1.703977992E1,-8.159382477E0,2.150128784E0,-5.622308350E-1
1.704981992E1,-7.678582306E0,1.956132202E0,-6.012995911E-1
1.705986092E1,-6.933880920E0,1.666783905E0,-5.025050354E-1
1.706990092E1,-5.677094421E0,1.360670471E0,-2.335144043E-1
1.707994192E1,-4.514761505E0,8.394543457E-1,1.305285645E-1
1.708998192E1,-4.039050751E0,2.094145203E-1,4.099974060E-1
1.710002292E1,-3.773652649E0,-3.760180664E-1,6.245013428E-1
1.711006292E1,-4.104464722E0,-7.852670288E-1,6.732998657E-1
1.712010292E1,-4.998555450E0,-1.157243500E0,6.409671021E-1
1.713014392E1,-5.550008698E0,-1.376986542E0,7.098239136E-1
1.714018392E1,-5.536836090E0,-1.306483154E0,1.069226532E0
1.715022492E1,-5.872737579E0,-1.302890625E0,1.496138763E0
1.716026492E1,-6.717281342E0,-1.332229614E0,1.667682037E0
1.717030492E1,-7.330855408E0,-1.291514282E0,1.799408112E0
1.718034592E1,-7.654482422E0,-1.207688599E0,2.033371582E0
1.719038592E1,-7.948022003E0,-1.180445251E0,2.362537079E0
1.720042692E1,-8.192463684E0,-1.138981476E0,2.565814362E0
1.721046692E1,-8.155041504E0,-9.846524048E-1,2.624492340E0
1.722050792E1,-7.971074066E0,-6.436614990E-1,2.536026306E0
1.723054792E1,-7.897127838E0,-2.285746765E-1,2.187251587E0
1.724058792E1,-7.805218964E0,2.677931213E-1,1.955383759E0
1.725062892E1,-7.703280945E0,6.857240295E-1,1.987117767E0
1.726066892E1,-7.910450134E0,7.676037598E-1,2.023342438E0
1.727070992E1,-8.647367706E0,3.896397400E-1,1.959125977E0
1.728074992E1,-1.004351440E1,-2.050735474E-1,1.753902740E0
1.729078992E1,-1.155761581E1,-5.944139099E-1,1.575922852E0
1.730083092E1,-1.285436920E1,-9.618997192E-1,2.173929291E0
1.731087092E1,-1.397808243E1,-9.798623657E-1,3.583098907E0
1.732091192E1,-1.537842041E1,-4.120930481E-1,4.852459259E0
1.733095192E1,-1.657937302E1,3.529660034E-1,5.405858459E0
1.734099292E1,-1.703023544E1,7.444020081E-1,4.774022369E0
1.735103292E1,-1.682426376E1,1.001267853E0,3.503314819E0
1.736107292E1,-1.520088959E1,1.526675262E0,2.211950226E0
1.737111392E1,-1.292801605E1,1.950593719E0,5.466632080E-1
1.738115392E1,-1.157962006E1,1.646276550E0,-1.163081360E0
1.739119492E1,-1.211849945E1,1.829196167E-1,-1.784888306E0
1.740123492E1,-1.265737885E1,-1.243913269E0,-1.951192474E0
1.741127592E1,-1.255828491E1,-1.785786438E0,-2.910846863E0
1.742131592E1,-1.253867569E1,-1.796264648E0,-3.800446930E0
1.743135592E1,-1.240425522E1,-1.693428497E0,-4.149521027E0
1.744139692E1,-1.296139664E1,-1.160386963E0,-3.903283081E0
1.745143692E1,-1.353799759E1,2.963836670E-2,-3.601660309E0
1.746147792E1,-1.372226440E1,1.164278870E0,-2.990630951E0
1.747151792E1,-1.353141129E1,1.885479126E0,-2.549049225E0
1.748155792E1,-1.256262589E1,2.255659332E0,-2.155966644E0
1.749159892E1,-1.178020294E1,2.364033966E0,-1.274300079E0
1.750163892E1,-1.139774826E1,2.175126801E0,-3.353027344E-1
1.751167992E1,-1.085587509E1,1.773511963E0,4.691244507E-1
1.752171992E1,-1.016461258E1,1.207688599E0,1.392404480E0
1.753176092E1,-9.490863647E0,5.408253479E-1,2.108964386E0
1.754180092E1,-9.195677490E0,-7.813751221E-2,2.369123383E0
1.755184092E1,-8.998986511E0,-4.987628174E-1,2.083816681E0
1.756188192E1,-8.726852417E0,-7.626640320E-1,1.356329498E0
1.757192192E1,-8.234526215E0,-9.759704590E-1,5.825885010E-1
1.758196292E1,-7.502847748E0,-1.262774048E0,1.916015625E-2
1.759200292E1,-7.078480225E0,-1.493594055E0,-1.145118713E-1
1.760204392E1,-6.384523315E0,-1.439556427E0,-2.380050659E-2
1.761208392E1,-5.418731689E0,-1.078656921E0,1.682501221E-1
1.762212392E1,-4.570894775E0,-6.432124329E-1,3.583547974E-1
1.763216492E1,-4.344266052E0,-3.143463135E-3,4.846920776E-1
1.764220492E1,-3.878883820E0,7.258406067E-1,4.558021545E-1
1.765224592E1,-3.742367706E0,1.369053040E0,3.900888062E-1
1.766228592E1,-4.078418884E0,2.002835083E0,4.432283020E-1
1.767232592E1,-4.537663879E0,2.510728912E0,6.732998657E-1
1.768236692E1,-5.022206268E0,2.763253784E0,1.018032990E0
1.769240692E1,-5.378016357E0,2.753823395E0,1.337319031E0
1.770244792E1,-5.933062134E0,2.465073853E0,1.570534058E0
1.771248792E1,-6.780599670E0,2.089804230E0,1.550326080E0
1.772252892E1,-7.670499115E0,1.844314728E0,1.552571411E0
1.773256892E1,-8.294401703E0,1.659149780E0,1.683099976E0
1.774260892E1,-8.675808563E0,1.467099152E0,1.803300018E0
1.775264992E1,-8.783434753E0,1.329385529E0,1.913919983E0
1.776268992E1,-8.473429413E0,1.241967316E0,2.038610687E0
1.777273092E1,-8.166268158E0,1.162781982E0,2.298470306E0
1.778277092E1,-8.055947571E0,1.034798126E0,2.631976776E0
1.779281192E1,-8.048014069E0,8.045768738E-1,2.825524292E0
1.780285192E1,-8.237519989E0,5.306465149E-1,2.687361603E0
1.781289192E1,-8.662486267E0,2.586621094E-1,2.449356537E0
1.782293292E1,-9.361682281E0,9.580078125E-2,2.034868469E0
1.783297292E1,-1.045306274E1,2.772235107E-1,1.398691406E0
1.784301392E1,-1.158994858E1,8.045768738E-1,1.015039215E0
1.785305392E1,-1.256711655E1,1.463806000E0,1.682501221E0
1.786309492E1,-1.326855789E1,2.144440613E0,3.363206177E0
1.787313475E1,-1.345057938E1,2.772085419E0,4.985382843E0
1.788317475E1,-1.376597351E1,3.223845978E0,6.036047974E0
1.789321575E1,-1.425515625E1,3.592080231E0,5.442382507E0
1.790325575E1,-1.448133591E1,3.342848511E0,3.581751709E0
1.791329675E1,-1.427012512E1,1.704056396E0,2.356848907E0
1.792333675E1,-1.398571655E1,-8.515791321E-1,1.118923187E0
1.793337675E1,-1.458028015E1,-2.108814697E0,-3.017724609E-1
1.794341775E1,-1.510389130E1,-8.271798706E-1,-1.910327454E0
1.795345775E1,-1.455513245E1,8.532257080E-1,-3.278931427E0
1.796349875E1,-1.369906265E1,1.224603424E0,-4.162394257E0
1.797353875E1,-1.318158875E1,6.965016174E-1,-4.772974548E0
1.798357975E1,-1.304477325E1,3.876937866E-2,-4.790787506E0
1.799361975E1,-1.279404465E1,-5.739065552E-1,-3.701951752E0
1.800366075E1,-1.222567657E1,-8.851094055E-1,-1.973945160E0
1.801370075E1,-1.146660507E1,-1.227896576E0,-7.330256653E-1
1.802374075E1,-1.100496506E1,-1.593436432E0,-5.257067871E-1
1.803378175E1,-1.055290512E1,-2.128423920E0,-2.342628479E-1
1.804382175E1,-1.046384033E1,-2.497556305E0,4.387376404E-1
1.805386275E1,-1.044408142E1,-2.238744507E0,8.351133728E-1
1.806390275E1,-1.009455826E1,-1.304686890E0,9.967771912E-1
1.807394375E1,-9.590706024E0,-1.444496155E-1,1.076411591E0
1.808398375E1,-9.709708557E0,1.011446686E0,8.660989380E-1
1.809402375E1,-9.913135529E0,1.952689362E0,6.399192810E-1
1.810406475E1,-9.876461792E0,2.523901520E0,6.108796692E-1
1.811410475E1,-9.710606689E0,2.762205963E0,5.730084229E-1
1.812414575E1,-9.436227264E0,2.847827911E0,3.933819580E-1
1.813418575E1,-8.959019623E0,2.884202271E0,1.930984497E-1
1.814422675E1,-8.253686371E0,2.688708801E0,1.730401611E-1
1.815426675E1,-7.395221558E0,2.297871552E0,3.510200500E-1
1.816430675E1,-6.544390869E0,1.700613556E0,7.204518127E-1
1.817434775E1,-5.697302399E0,9.948312378E-1,1.071172485E0
1.818438775E1,-4.888983307E0,3.517684937E-1,1.390308838E0
1.819442875E1,-4.824916534E0,-1.905537415E-1,1.418300629E0
1.820446875E1,-4.845124512E0,-7.214996338E-1,1.258433075E0
1.821450975E1,-4.808301086E0,-1.111887817E0,1.127006378E0
1.822454975E1,-4.758454742E0,-1.313219147E0,1.074315948E0
1.823458975E1,-4.783003693E0,-1.504820709E0,1.224154358E0
1.824463075E1,-5.144801331E0,-1.562899933E0,1.524429932E0
1.825467075E1,-5.834716644E0,-1.644629974E0,1.790875854E0
1.826471175E1,-6.790778503E0,-1.656455383E0,1.987117767E0
1.827475175E1,-7.375013580E0,-1.340761871E0,2.098785553E0
1.828479275E1,-7.723189545E0,-9.436376953E-1,2.278112640E0
1.829483275E1,-7.835306396E0,-5.667214966E-1,2.533481598E0
1.830487275E1,-7.813601532E0,-3.385958862E-1,2.837349701E0
1.831491375E1,-7.782915344E0,-2.862048340E-1,3.134631500E0
1.832495375E1,-7.842940521E0,-2.510279846E-1,3.284320221E0
1.833499475E1,-7.866591339E0,-7.768844604E-2,3.127596130E0
1.834503475E1,-7.812703400E0,1.835183716E-1,2.574645996E0
1.835507575E1,-7.776029663E0,4.715194702E-1,2.209704895E0
1.836511575E1,-7.888894958E0,5.304968262E-1,2.127825165E0
1.837515675E1,-8.309520264E0,2.731819153E-1,2.010768585E0
1.838519675E1,-9.263935547E0,-1.453477478E-1,1.744023285E0
1.839523675E1,-1.072549622E1,-2.278262329E-1,1.273401947E0
1.840527775E1,-1.206640778E1,1.202000427E-1,1.198407898E0
1.841531775E1,-1.328652054E1,5.137316895E-1,2.484533386E0
1.842535875E1,-1.454495361E1,1.041234741E0,4.377197571E0
1.843539875E1,-1.563094528E1,1.620979156E0,5.639223175E0
1.844543975E1,-1.646560959E1,2.122885437E0,5.711223450E0
1.845547975E1,-1.644629974E1,2.701582031E0,4.583618317E0
1.846551975E1,-1.512110550E1,3.098257141E0,2.488275604E0
1.847556075E1,-1.322499847E1,2.449057159E0,1.007405090E-1
1.848560075E1,-1.204081100E1,2.165995789E-1,-8.324189758E-1
1.849564175E1,-1.174128387E1,-2.020648041E0,-3.894900513E-1
1.850568175E1,-1.120614670E1,-3.126099243E0,-7.569758606E-1
1.851572275E1,-1.090721832E1,-3.795656891E0,-1.941462708E0
1.852576275E1,-1.101768860E1,-4.320315857E0,-2.730921021E0
1.853580375E1,-1.126632156E1,-4.710105286E0,-2.865042114E0
1.854584375E1,-1.191956314E1,-4.569996643E0,-2.554138641E0
1.855588375E1,-1.279883469E1,-3.070115662E0,-2.490670624E0
1.856592475E1,-1.348156494E1,-6.982978821E-1,-2.717149658E0
1.857596475E1,-1.401879776E1,1.142124939E0,-2.638862457E0
1.858600575E1,-1.440948532E1,2.286794586E0,-2.169288940E0
1.859604575E1,-1.385593643E1,2.692001953E0,-1.337019653E0
1.860608675E1,-1.258807297E1,2.466720428E0,-5.096900940E-1
1.861612675E1,-1.147453857E1,1.800156555E0,-7.798782349E-2
1.862616775E1,-1.092622879E1,7.792794800E-1,4.203259277E-1
1.863620775E1,-1.043674667E1,-9.969268799E-2,9.859996033E-1
1.864624775E1,-9.890682220E0,-7.740403748E-1,1.468596039E0
1.865628875E1,-9.782457275E0,-1.339115295E0,1.633403320E0
1.866632875E1,-9.611961823E0,-1.678160248E0,1.077609100E0
1.867636975E1,-9.199569397E0,-1.903741150E0,1.791773987E-1
1.868640975E1,-8.839118958E0,-2.236499176E0,-4.013154602E-1
1.869645075E1,-8.607849884E0,-2.505040741E0,-6.590794373E-1
1.870649075E1,-8.340056763E0,-2.438578949E0,-6.373745728E-1
1.871653175E1,-7.951614532E0,-2.074086914E0,-3.552113342E-1
1.872657175E1,-7.406597900E0,-1.545236664E0,-8.382568359E-3
1.873661175E1,-6.748865662E0,-8.394543457E-1,2.287243652E-1
1.874665275E1,-6.245312805E0,-7.319778442E-2,1.772314453E-1
1.875669275E1,-5.869594116E0,7.051835632E-1,-2.140548706E-2
1.876673375E1,-5.284610596E0,1.385668488E0,-1.142124939E-1
1.877677375E1,-5.169350281E0,1.871558075E0,-4.191284180E-2
1.878681475E1,-5.770649872E0,2.054328003E0,-1.293310547E-1
1.879685475E1,-6.408024445E0,2.119143219E0,-3.957769775E-1
1.880689575E1,-6.928192749E0,2.149829407E0,-4.143383789E-1
1.881693575E1,-7.411537628E0,2.094294891E0,-2.267784119E-1
1.882697575E1,-7.832013245E0,1.908531189E0,8.981323242E-2
1.883701675E1,-8.152496796E0,1.625918884E0,3.438349915E-1
1.884705675E1,-8.435857544E0,1.196312256E0,5.038522339E-1
1.885709775E1,-8.709338837E0,7.764353943E-1,7.467970276E-1
1.886713779E1,-8.845854950E0,4.969665527E-1,9.051676941E-1
1.887717879E1,-8.797505493E0,2.571652222E-1,9.623487854E-1
1.888721879E1,-8.755293274E0,5.553451538E-2,1.008752289E0
1.889725979E1,-8.730744324E0,-4.535568237E-2,1.113833771E0
1.890729979E1,-8.806486816E0,-2.918930054E-2,1.339115295E0
1.891733979E1,-8.945547638E0,1.392105103E-1,1.435814209E0
1.892738079E1,-9.077124023E0,4.662803650E-1,1.534608765E0
1.893742079E1,-9.159452820E0,7.011419678E-1,1.616488495E0
1.894746179E1,-9.249864807E0,9.437873840E-1,1.449585571E0
1.895750179E1,-9.407337341E0,1.255139923E0,1.073118439E0
1.896754279E1,-9.801168365E0,1.522633667E0,7.595205688E-1
1.897758279E1,-1.029798523E1,1.728904724E0,6.400689697E-1
1.898762379E1,-1.084165466E1,1.709295502E0,7.325765991E-1
1.899766379E1,-1.129087051E1,1.547332306E0,9.755213928E-1
1.900770379E1,-1.147244293E1,1.428629150E0,1.251697083E0
1.901774479E1,-1.138712036E1,1.238524475E0,1.414109344E0
1.902778479E1,-1.127365631E1,7.717950439E-1,1.449585571E0
1.903782579E1,-1.124042542E1,1.537303162E-1,1.293909302E0
1.904786579E1,-1.135912857E1,-6.342311096E-1,1.047072601E0
1.905790679E1,-1.175310928E1,-1.518442383E0,8.187973022E-1
1.906794679E1,-1.229004272E1,-2.242935791E0,3.559597778E-1
1.907798779E1,-1.289059387E1,-2.616858215E0,-1.710942078E-1
1.908802779E1,-1.354772736E1,-2.642155609E0,-8.348139954E-1
1.909806879E1,-1.419752609E1,-2.512375488E0,-1.468596039E0
1.910810879E1,-1.480631012E1,-2.179467773E0,-2.148631897E0
1.911814879E1,-1.477263016E1,-1.459914093E0,-2.703827362E0
1.912818979E1,-1.389635239E1,-8.623567200E-1,-2.769840088E0
1.913822979E1,-1.290182053E1,-6.234535217E-1,-2.201921082E0
1.914827079E1,-1.189231979E1,-5.334906006E-1,-1.560055847E0
1.915831079E1,-1.100182159E1,-3.400927734E-1,-1.154249725E0
1.916835179E1,-1.031370255E1,1.082249451E-1,-8.494834900E-1
1.917839179E1,-9.737700348E0,6.604266357E-1,-6.207591248E-1
1.918843279E1,-9.313183136E0,1.085392914E0,-3.007246399E-1
1.919847279E1,-8.996441803E0,1.323847046E0,1.308279419E-1
1.920851279E1,-8.645421753E0,1.350791016E0,5.692662048E-1
1.921855379E1,-8.512797546E0,1.072220306E0,9.955796814E-1
1.922859379E1,-8.789571991E0,6.405180359E-1,1.082399139E0
1.923863479E1,-8.906179504E0,3.135978699E-1,7.981402588E-1
1.924867479E1,-8.685388641E0,1.541793823E-2,4.719685364E-1
1.925871579E1,-8.460107117E0,-3.457809448E-1,2.107617188E-1
1.926875579E1,-8.323441315E0,-6.518943787E-1,3.502716064E-2
1.927879679E1,-8.177494812E0,-9.226812744E-1,9.280700684E-3
1.928883679E1,-7.981402588E0,-1.041384430E0,2.032772827E-1
1.929887779E1,-7.598349152E0,-9.961784363E-1,4.701722717E-1
1.930891779E1,-7.250023499E0,-1.045126648E0,7.131170654E-1
1.931895779E1,-7.215744781E0,-1.168470154E0,8.949888611E-1
1.932899879E1,-7.211254120E0,-1.109343109E0,9.803114319E-1
1.933903879E1,-7.127727814E0,-8.987310791E-1,1.077758789E0
1.934907979E1,-7.129075012E0,-7.045848083E-1,1.284927979E0
1.935911979E1,-7.384144592E0,-6.551875305E-1,1.545685730E0
1.936916079E1,-7.848778381E0,-7.116201782E-1,1.657652893E0
1.937920079E1,-8.417894897E0,-7.288343811E-1,1.614991608E0
1.938924179E1,-9.103768616E0,-7.467970276E-1,1.574126587E0
1.939928179E1,-9.732910309E0,-7.455995178E-1,1.482517090E0
1.940932279E1,-1.029738647E1,-6.221063232E-1,1.405876465E0
1.941936279E1,-1.073342972E1,-5.569917297E-1,1.307680664E0
1.942940279E1,-1.093401260E1,-5.698649597E-1,1.298699341E0
1.943944379E1,-1.080662750E1,-6.075865173E-1,1.346150665E0
1.944948379E1,-1.053419403E1,-5.996530151E-1,1.386716309E0
1.945952479E1,-1.004516098E1,-4.294569397E-1,1.385069733E0
1.946956479E1,-9.404642944E0,-1.655557251E-1,1.579964447E0
1.947960579E1,-8.756341095E0,1.145118713E-1,1.848805389E0
1.948964579E1,-8.311915283E0,2.104623413E-1,2.116299133E0
1.949968679E1,-7.967331848E0,2.174977112E-1,2.316133575E0
1.950972679E1,-7.796686707E0,1.839674377E-1,2.493814087E0
1.951976779E1,-7.715555420E0,1.273851013E-1,2.561473389E0
1.952980779E1,-7.807164917E0,2.484832764E-2,2.578088837E0
1.953984779E1,-8.003556519E0,-6.840774536E-2,2.579436035E0
1.954988879E1,-8.230035553E0,-1.700463867E-1,2.549647980E0
1.955992879E1,-8.416248322E0,-3.353027344E-1,2.502046967E0
1.956996979E1,-8.542286224E0,-5.475613403E-1,2.514770508E0
1.958000979E1,-8.623118134E0,-7.905061340E-1,2.479593658E0
1.959005079E1,-8.620274048E0,-1.025218048E0,2.401007080E0
1.960009079E1,-8.535999298E0,-1.146166534E0,2.384990387E0
1.961013179E1,-8.443341980E0,-1.114582214E0,2.404898987E0
1.962017179E1,-8.426277466E0,-9.626481628E-1,2.428699493E0
1.963021279E1,-8.486452332E0,-7.717950439E-1,2.453847198E0
1.964025279E1,-8.710386658E0,-6.789880371E-1,2.454595642E0
1.965029279E1,-9.066645813E0,-6.625222778E-1,2.393223267E0
1.966033379E1,-9.479487305E0,-7.396119690E-1,2.380350037E0
1.967037379E1,-9.993668060E0,-9.795629883E-1,2.650238800E0
1.968041479E1,-1.053164932E1,-1.279389496E0,2.958747253E0
1.969045479E1,-1.100137253E1,-1.572629700E0,3.187022552E0
1.970049579E1,-1.151779861E1,-1.819915466E0,3.461551666E0
1.971053579E1,-1.194186676E1,-1.954934692E0,3.765719147E0
1.972057679E1,-1.230037125E1,-2.177671509E0,4.155807953E0
1.973061679E1,-1.260678406E1,-2.443967743E0,4.548142090E0
1.974065779E1,-1.277263916E1,-2.606978760E0,4.872218170E0
1.975069779E1,-1.277817764E1,-2.584824829E0,4.931045837E0
1.976073879E1,-1.290661057E1,-2.529889069E0,4.212390289E0
1.977077879E1,-1.310000839E1,-2.217937775E0,3.492836609E0
1.978081879E1,-1.290690994E1,-1.479373627E0,3.310515747E0
1.979085979E1,-1.288191193E1,-6.189628601E-1,2.203417969E0
1.980089979E1,-1.339160202E1,-8.014334106E-1,9.360035706E-1
1.981094079E1,-1.400188293E1,-1.709145813E0,2.899470520E-1
1.982098079E1,-1.381327515E1,-1.898052979E0,-1.164578247E0
1.983102179E1,-1.324116486E1,-1.528321838E0,-2.992277527E0
1.984106179E1,-1.284688477E1,-1.191073151E0,-4.108805695E0
1.985110279E1,-1.251652176E1,-9.358538818E-1,-4.160298615E0
1.986114279E1,-1.207404190E1,-6.656657410E-1,-3.830384674E0
1.987118375E1,-1.173589508E1,-4.710704041E-1,-3.281326447E0
1.988122375E1,-1.146959885E1,7.304809570E-2,-2.649490356E0
1.989126475E1,-1.104448288E1,1.032403107E0,-2.312541046E0
1.990130475E1,-1.055395294E1,2.048789520E0,-2.329006805E0
1.991134475E1,-1.023840912E1,2.830014954E0,-2.461780701E0
1.992138575E1,-1.009620483E1,3.197800140E0,-2.256557465E0
1.993142575E1,-9.813592529E0,3.258274384E0,-1.487905884E0
1.994146675E1,-9.529782715E0,2.995720367E0,-4.526586914E-1
1.995150675E1,-9.075926514E0,2.547851715E0,4.210743713E-1
1.996154775E1,-8.614585876E0,1.965113525E0,1.128652954E0
1.997158775E1,-8.310867462E0,1.401535492E0,1.410217438E0
1.998162875E1,-7.948321381E0,1.022224274E0,1.155746613E0
1.999166875E1,-7.424410858E0,6.310876465E-1,7.917036438E-1
2.000170975E1,-7.164401550E0,-2.454895020E-2,5.960604858E-1
2.001174975E1,-6.978039093E0,-6.625222778E-1,4.493655396E-1
2.002178975E1,-6.843618622E0,-1.183439026E0,4.002676392E-1
2.003183075E1,-6.901997223E0,-1.536854095E0,3.881428528E-1
2.004187075E1,-6.925947418E0,-1.579814758E0,4.370910645E-1
2.005191175E1,-6.644083557E0,-1.303339691E0,5.144801331E-1
2.006195175E1,-6.361920319E0,-7.988887024E-1,6.599775696E-1
2.007199275E1,-6.350094910E0,-2.201921082E-1,7.711962891E-1
2.008203275E1,-6.730903015E0,3.531156921E-1,7.147636414E-1
2.009207375E1,-7.101232910E0,1.006207581E0,4.864883423E-1
2.010211375E1,-7.423512726E0,1.629062347E0,3.405418396E-1
2.011215475E1,-7.755073242E0,2.127226410E0,3.279679871E-1
2.012219475E1,-8.233179016E0,2.588417358E0,3.679348755E-1
2.013223575E1,-8.694968719E0,2.873274994E0,4.382885742E-1
2.014227575E1,-9.078471222E0,2.922073517E0,4.911286926E-1
2.015231575E1,-9.295669556E0,2.778222656E0,5.251080322E-1
2.016235675E1,-9.475445709E0,2.575993195E0,5.974076843E-1
2.017239675E1,-9.425000610E0,2.423011322E0,9.054670715E-1
2.018243775E1,-9.058113556E0,2.290536804E0,1.410516815E0
2.019247775E1,-8.548573151E0,2.108365631E0,1.907782745E0
2.020251875E1,-8.068970490E0,1.930086365E0,2.213447113E0
2.021255875E1,-7.583380280E0,1.801503754E0,2.365081787E0
2.022259975E1,-7.171885986E0,1.676513672E0,2.489323425E0
2.023263975E1,-6.851552124E0,1.514550476E0,2.674188995E0
2.024268075E1,-6.659950562E0,1.348395996E0,2.836152191E0
2.025272075E1,-6.575376434E0,1.172960815E0,2.777324524E0
2.026276175E1,-6.720125427E0,9.418414307E-1,2.541864166E0
2.027280175E1,-7.178023224E0,6.894662476E-1,2.049388275E0
2.028284275E1,-7.990982666E0,5.388793945E-1,1.233135681E0
2.029288275E1,-9.218579865E0,5.354365540E-1,5.572911072E-1
2.030292275E1,-1.071367081E1,6.532415771E-1,5.586383057E-1
2.031296375E1,-1.217912338E1,8.080197144E-1,1.379231873E0
2.032300375E1,-1.319895264E1,1.082698517E0,2.644101562E0
2.033304475E1,-1.397419052E1,1.426533508E0,3.973337402E0
2.034308475E1,-1.519340515E1,1.510359192E0,5.163662109E0
2.035312575E1,-1.634002075E1,1.231638794E0,5.648354187E0
2.036316575E1,-1.666304901E1,8.364605713E-1,4.694687347E0
2.037320675E1,-1.603540421E1,4.983137512E-1,2.985691223E0
2.038324675E1,-1.463147369E1,-3.731739807E-1,2.603236542E0
2.039328775E1,-1.327679077E1,-1.512155457E0,2.316283264E0
2.040332775E1,-1.279075150E1,-1.413360901E0,1.318009186E0
2.041336875E1,-1.285736298E1,6.179150391E-1,-6.095324707E-1
2.042340875E1,-1.272279282E1,2.810555420E0,-2.739602966E0
2.043344875E1,-1.270168671E1,3.576063538E0,-4.444856873E0
2.044348975E1,-1.291349625E1,3.042123871E0,-5.694308624E0
2.045352975E1,-1.335567673E1,2.160157928E0,-5.678890686E0
2.046357075E1,-1.340761871E1,1.633403320E0,-4.490062866E0
2.047361075E1,-1.273327103E1,1.455573120E0,-3.077001343E0
2.048365175E1,-1.147274231E1,1.094224548E0,-1.870510254E0
2.049369175E1,-1.016146912E1,1.764830017E-1,-1.076710968E0
2.050373275E1,-9.300908661E0,-1.055305481E0,-6.509962463E-1
2.051377275E1,-8.986861725E0,-2.274669800E0,-3.366499329E-1
2.052381375E1,-8.912167053E0,-3.112477570E0,-1.212478638E-2
2.053385375E1,-9.007668457E0,-3.258573761E0,4.932243347E-1
2.054389475E1,-8.857530670E0,-2.676733704E0,1.198407898E0
2.055393475E1,-8.498726807E0,-1.510658569E0,1.819915466E0
2.056397575E1,-8.169112244E0,-1.519340515E-1,1.980232086E0
2.057401575E1,-8.124355316E0,9.139993286E-1,1.852098541E0
2.058405575E1,-8.203091583E0,1.638492737E0,1.536854095E0
2.059409675E1,-8.179291077E0,2.082619171E0,1.199755096E0
2.060413675E1,-8.112380219E0,2.313289490E0,8.205935669E-1
2.061417775E1,-8.135132904E0,2.336640930E0,3.297642517E-1
2.062421775E1,-8.335266724E0,2.080224152E0,-1.392105103E-1
2.063425875E1,-8.453221436E0,1.736089783E0,-4.821473694E-1
2.064429875E1,-7.574698334E0,1.354982300E0,-4.008663940E-1
2.065433975E1,-6.688092041E0,8.238867188E-1,1.119671631E-1
2.066437975E1,-6.322252808E0,3.104544067E-1,4.113446045E-1
2.067442075E1,-6.195316772E0,-2.233355713E-1,6.129753113E-1
2.068446075E1,-5.982010345E0,-7.565267944E-1,9.211843872E-1
2.069450175E1,-5.871989136E0,-1.033301239E0,1.218466187E0
2.070454175E1,-6.060447235E0,-1.292412415E0,1.463506622E0
2.071458275E1,-6.333180084E0,-1.508263550E0,1.660796356E0
2.072462275E1,-6.540798340E0,-1.499431915E0,1.851350098E0
2.073466275E1,-6.797065430E0,-1.300196228E0,1.945354614E0
2.074470375E1,-7.195836182E0,-1.059347076E0,1.990111542E0
2.075474375E1,-7.595056000E0,-8.190966797E-1,2.024989014E0
2.076478475E1,-7.900420990E0,-5.825885010E-1,2.057621155E0
2.077482475E1,-7.926017761E0,-4.390370178E-1,2.241438904E0
2.078486575E1,-7.836204529E0,-4.104464722E-1,2.500400391E0
2.079490575E1,-7.774832153E0,-3.899391174E-1,2.625689850E0
2.080494675E1,-7.671247559E0,-2.321672058E-1,2.681374054E0
2.081498675E1,-7.529192963E0,-2.484832764E-2,2.782114563E0
2.082502775E1,-7.183861084E0,9.624984741E-2,2.689606934E0
2.083506775E1,-6.923402710E0,1.637594604E-1,2.361489258E0
2.084510875E1,-7.020101624E0,2.294728088E-1,2.287543030E0
2.085514875E1,-7.495513000E0,1.546284485E-1,2.288590851E0
2.086518975E1,-8.492888947E0,-1.652563477E-1,2.023192749E0
2.087522988E1,-9.722432098E0,-3.339555359E-1,1.650617523E0
2.088526987E1,-1.095916031E1,-5.523513794E-1,1.669927368E0
2.089531087E1,-1.232402206E1,-1.006806335E0,2.610421600E0
2.090535088E1,-1.375130402E1,-1.157093811E0,4.126468964E0
2.091539187E1,-1.517783752E1,-9.773176575E-1,5.513185272E0
2.092543188E1,-1.623134674E1,-6.295907593E-1,6.071823578E0
2.093547288E1,-1.675855042E1,-5.237608337E-1,5.125940552E0
2.094551287E1,-1.667562286E1,-3.125500488E-1,3.532803497E0
2.095555387E1,-1.527303955E1,3.658392334E-1,1.540296936E0
2.096559388E1,-1.377570328E1,1.018931122E0,-4.113446045E-1
2.097563487E1,-1.307935135E1,1.209185486E0,-1.486109619E0
2.098567488E1,-1.308503952E1,5.294490051E-1,-1.731150055E0
2.099571588E1,-1.293654831E1,-3.345542908E-1,-1.891167297E0
2.100575587E1,-1.267489243E1,-5.379812622E-1,-2.368824005E0
2.101579687E1,-1.262789017E1,-5.472619629E-1,-2.619552612E0
2.102583688E1,-1.262040573E1,-1.243913269E-1,-3.230282593E0
2.103587688E1,-1.295690598E1,6.008505249E-1,-3.620072021E0
2.104591788E1,-1.338546478E1,1.401236115E0,-3.147205353E0
2.105595787E1,-1.328382614E1,2.035467224E0,-2.455194397E0
2.106599887E1,-1.281500107E1,2.446662140E0,-1.858385468E0
2.107603888E1,-1.229917374E1,2.661315765E0,-1.335971832E0
2.108607988E1,-1.174891800E1,2.655178528E0,-7.250921631E-1
2.109611988E1,-1.108040817E1,2.358046417E0,-1.676513672E-2
2.110616088E1,-1.045830185E1,1.861528931E0,6.991960144E-1
2.111620087E1,-9.908794556E0,1.178648987E0,1.358724518E0
2.112624187E1,-9.678722992E0,3.031196594E-1,1.808539124E0
2.113628188E1,-9.257498932E0,-4.827461243E-1,1.916165314E0
2.114632288E1,-8.650361481E0,-1.073866882E0,1.713187408E0
2.115636288E1,-8.073910217E0,-1.532662811E0,1.407373352E0
2.116640388E1,-7.616611176E0,-1.738634491E0,8.502319336E-1
2.117644387E1,-7.203470306E0,-1.813628540E0,5.626799011E-1
2.118648388E1,-6.828949127E0,-1.696272583E0,4.337979126E-1
2.119652488E1,-6.428082733E0,-1.314117279E0,3.022215271E-1
2.120656487E1,-5.987548828E0,-8.134085083E-1,3.173400879E-1
2.121660588E1,-5.551206207E0,-2.070195007E-1,5.201683044E-1
2.122664587E1,-4.969815216E0,3.842509460E-1,6.893165588E-1
2.123668687E1,-4.466262360E0,7.759863281E-1,8.699908447E-1
2.124672688E1,-4.641996918E0,1.163231049E0,9.747729492E-1
2.125676788E1,-4.829107819E0,1.667382660E0,8.563691711E-1
2.126680787E1,-5.010231171E0,2.091600494E0,8.663983154E-1
2.127684888E1,-5.237907715E0,2.282004547E0,1.001118164E0
2.128688887E1,-5.594615936E0,2.310744781E0,1.196761322E0
2.129692987E1,-6.148015137E0,2.281405792E0,1.327738953E0
2.130696988E1,-6.655908966E0,2.135010223E0,1.317410431E0
2.131701088E1,-7.426057434E0,1.849703522E0,1.390308838E0
2.132705087E1,-8.295599213E0,1.807790680E0,1.283880157E0
2.133709088E1,-8.456514587E0,1.918859711E0,1.180594940E0
2.134713187E1,-8.547525330E0,1.781894531E0,1.439556427E0
2.135717188E1,-8.587941284E0,1.393751678E0,1.584754486E0
2.136721288E1,-8.297844543E0,1.031355286E0,1.758543091E0
2.137725287E1,-8.003855896E0,7.616162109E-1,2.045646057E0
2.138729387E1,-7.793094177E0,6.965016174E-1,2.314487000E0
2.139733388E1,-7.804620209E0,7.713459778E-1,2.549049225E0
2.140737487E1,-8.079897766E0,9.160949707E-1,2.664159851E0
2.141741488E1,-8.515941010E0,1.195264435E0,2.765948181E0
2.142745588E1,-8.854836273E0,1.480271759E0,2.768492889E0
2.143749587E1,-9.110504608E0,1.476679230E0,2.897674255E0
2.144753687E1,-9.616452484E0,1.009051666E0,3.194357300E0
2.145757688E1,-1.033765274E1,2.119592285E-1,3.687132568E0
2.146761688E1,-1.096050751E1,-6.309379578E-1,4.172423401E0
2.147765788E1,-1.140897491E1,-1.345102844E0,4.228556671E0
2.148769787E1,-1.189306824E1,-1.901495819E0,4.022584991E0
2.149773887E1,-1.243075012E1,-2.321821747E0,3.668421478E0
2.150777888E1,-1.278865585E1,-2.531835022E0,2.671195221E0
2.151781988E1,-1.303594162E1,-2.311493225E0,1.249451752E0
2.152785988E1,-1.327918579E1,-1.393302612E0,1.651066589E-1
2.153790088E1,-1.350416794E1,1.625619507E-1,-1.520837402E-1
2.154794087E1,-1.374905869E1,2.150128784E0,-9.258247375E-1
2.155798187E1,-1.432101929E1,3.809577942E0,-2.679877167E0
2.156802188E1,-1.522813293E1,4.662653961E0,-4.497996368E0
2.157806187E1,-1.562151489E1,4.912185059E0,-6.400240631E0
2.158810288E1,-1.543170959E1,4.827311554E0,-7.152426453E0
2.159814287E1,-1.502620285E1,4.509672089E0,-6.093827820E0
2.160818387E1,-1.445948135E1,3.629352722E0,-4.768483887E0
2.161822388E1,-1.371193588E1,2.023192749E0,-4.184248810E0
2.162826488E1,-1.287203247E1,2.921923828E-1,-3.952081604E0
2.163830487E1,-1.156300461E1,-6.899153137E-1,-3.503464508E0
2.164834588E1,-1.029813492E1,-1.105301514E0,-2.357447662E0
2.165838587E1,-9.574689331E0,-1.322050781E0,-1.023721161E0
2.166842687E1,-9.340725861E0,-9.988728333E-1,-6.316864014E-2
2.167846688E1,-9.351802826E0,-3.469784546E-1,6.806346130E-1
2.168850788E1,-9.436975708E0,1.698966980E-1,1.221459961E0
2.169854787E1,-9.686806183E0,2.143542480E-1,1.602717133E0
2.170858788E1,-1.020622604E1,-2.222877502E-1,1.563947754E0
2.171862887E1,-1.075229050E1,-7.951464844E-1,9.743238831E-1
2.172866888E1,-1.098595459E1,-1.018931122E0,7.469467163E-2
2.173870988E1,-1.096529755E1,-8.083190918E-1,-8.291258240E-1
2.174874987E1,-1.072923843E1,-2.546205139E-1,-1.495390320E0
2.175879087E1,-1.026071274E1,3.869453430E-1,-1.622775421E0
2.176883088E1,-9.607770538E0,9.379495239E-1,-1.416055298E0
2.177887187E1,-8.806935883E0,1.238524475E0,-1.034349060E0
2.178891188E1,-8.077053680E0,1.243164825E0,-6.454577637E-1
2.179895288E1,-7.522756348E0,1.086141357E0,-3.258723450E-1
2.180899287E1,-7.094347229E0,9.304650879E-1,-6.062393188E-2
2.181903288E1,-6.934030609E0,7.002438354E-1,1.341210938E-1
2.182907388E1,-6.827751617E0,4.222718811E-1,2.996768188E-1
2.183911388E1,-6.789431305E0,5.733078003E-2,4.764591980E-1
2.184915488E1,-7.202422485E0,-3.475772095E-1,4.513114929E-1
2.185919487E1,-7.653584290E0,-6.529421997E-1,2.728825378E-1
2.186923587E1,-7.928861847E0,-8.768765259E-1,4.071533203E-2
2.187927542E1,-8.192613373E0,-1.129850464E0,-1.251397705E-1
2.188931642E1,-8.459807739E0,-1.319955139E0,-1.860630798E-1
2.189935642E1,-8.530909882E0,-1.417851562E0,-1.442999268E-1
2.190939742E1,-8.568481750E0,-1.429078217E0,8.382568359E-3
2.191943742E1,-8.567882996E0,-1.359622650E0,1.507365417E-1
2.192947742E1,-8.696315918E0,-1.183289337E0,2.833607483E-1
2.193951842E1,-8.960217133E0,-9.442364502E-1,4.472698975E-1
2.194955842E1,-9.322463837E0,-6.807843018E-1,6.451583862E-1
2.195959942E1,-9.716594238E0,-4.968168640E-1,9.183403015E-1
2.196963942E1,-1.004321503E1,-4.552033997E-1,1.129551086E0
2.197968042E1,-1.028780640E1,-6.674620056E-1,1.082399139E0
2.198972042E1,-1.050096313E1,-1.086440735E0,8.770262146E-1
2.199976142E1,-1.048928741E1,-1.477577362E0,6.800358582E-1
2.200980142E1,-1.021251297E1,-1.659598846E0,6.509962463E-1
2.201984242E1,-9.810748444E0,-1.760788422E0,5.487588501E-1
2.202988242E1,-9.414672089E0,-1.857187958E0,5.996530151E-1
2.203992242E1,-9.041049042E0,-1.945953369E0,7.948471069E-1
2.204996342E1,-8.671018524E0,-2.180665283E0,1.047821045E0
2.206000342E1,-8.300538940E0,-2.609673157E0,1.388063507E0
2.207004442E1,-7.931705933E0,-3.193908234E0,1.796713715E0
2.208008442E1,-7.759563904E0,-3.629801788E0,2.122885437E0
2.209012542E1,-7.584577789E0,-3.681444397E0,2.166594543E0
2.210016542E1,-7.498357086E0,-3.479514313E0,2.075883179E0
2.211020642E1,-7.620652771E0,-3.146157532E0,1.916614380E0
2.212024642E1,-7.874824219E0,-2.788700867E0,1.744771729E0
2.213028742E1,-8.036488037E0,-2.468067627E0,1.570833435E0
2.214032742E1,-8.160430298E0,-2.265688477E0,1.519490204E0
2.215036742E1,-8.246201935E0,-2.142494659E0,1.549128571E0
2.216040842E1,-8.423134003E0,-2.185155945E0,1.580712891E0
2.217044842E1,-8.764274597E0,-2.299667816E0,1.567540283E0
2.218048942E1,-9.110953674E0,-2.351759491E0,1.593436432E0
2.219052942E1,-9.367819519E0,-2.347867584E0,1.658551025E0
2.220057042E1,-9.595496063E0,-2.455044708E0,1.749112701E0
2.221061042E1,-9.880503387E0,-2.780617676E0,1.894310760E0
2.222065142E1,-1.030187714E1,-3.333717499E0,2.008373566E0
2.223069142E1,-1.067460205E1,-3.915707245E0,2.036065979E0
2.224073142E1,-1.114118179E1,-4.073928223E0,1.777852936E0
2.225077242E1,-1.156510025E1,-3.622616730E0,1.470242615E0
2.226081242E1,-1.181837357E1,-3.096460876E0,1.530567169E0
2.227085342E1,-1.195324310E1,-2.699486389E0,1.623374176E0
2.228089342E1,-1.217104019E1,-2.278412018E0,1.574126587E0
2.229093442E1,-1.252131180E1,-1.609153748E0,1.123264160E0
2.230097442E1,-1.291678940E1,-6.441105652E-1,3.308120728E-1
2.231101542E1,-1.304088135E1,4.947212219E-1,-5.653742981E-1
2.232105542E1,-1.296648605E1,1.473835144E0,-1.281784515E0
2.233109642E1,-1.340058334E1,2.316582642E0,-2.145638123E0
2.234113642E1,-1.431173859E1,3.269950104E0,-3.414549408E0
2.235117642E1,-1.456576035E1,4.304748230E0,-4.203558655E0
2.236121742E1,-1.425006683E1,5.202431488E0,-3.830234985E0
2.237125742E1,-1.372376129E1,5.297184448E0,-2.533780975E0
2.238129842E1,-1.355491241E1,4.397255859E0,-7.945477295E-1
2.239133842E1,-1.328981369E1,3.338208160E0,5.037025452E-1
2.240137942E1,-1.247011826E1,2.482138367E0,1.314416656E0
2.241141942E1,-1.175490555E1,1.634600830E0,1.656904449E0
2.242146042E1,-1.142005188E1,1.033899994E0,1.369502106E0
2.243150042E1,-1.095451996E1,9.616003418E-1,9.036708069E-1
2.244154042E1,-1.014021332E1,1.230291595E0,9.087602234E-1
2.245158142E1,-9.073980560E0,1.615290985E0,1.169218597E0
2.246162142E1,-7.910001068E0,2.086660767E0,1.343456268E0
2.247166242E1,-7.066355438E0,2.392175446E0,1.385668488E0
2.248170242E1,-6.455026703E0,2.555336151E0,1.259031830E0
2.249174342E1,-6.165229340E0,2.628833313E0,1.008901978E0
2.250178342E1,-6.141129456E0,2.523452454E0,7.418572998E-1
2.251182442E1,-6.106401672E0,2.371368713E0,4.577481079E-1
2.252186442E1,-5.882018280E0,2.130369873E0,2.844085693E-1
2.253190442E1,-5.719456329E0,1.692680054E0,2.618055725E-1
2.254194542E1,-5.729036407E0,1.161135406E0,2.204914856E-1
2.255198542E1,-5.833519135E0,7.045848083E-1,2.067201233E-1
2.256202642E1,-6.074967041E0,4.415817261E-1,2.389031982E-1
2.257206642E1,-6.473139038E0,4.215234375E-1,2.538720703E-1
2.258210742E1,-6.941215668E0,6.261479187E-1,2.336640930E-1
2.259214742E1,-7.542964325E0,9.083111572E-1,2.796185303E-1
2.260218842E1,-8.140372009E0,1.097817078E0,3.857478333E-1
2.261222842E1,-8.693471832E0,1.226699066E0,4.584965515E-1
2.262226842E1,-9.134454803E0,1.450334015E0,5.200186157E-1
2.263230942E1,-9.465865631E0,1.707948303E0,5.661227417E-1
2.264234942E1,-9.811047821E0,1.795067139E0,5.301974487E-1
2.265239042E1,-1.009171417E1,1.681752777E0,4.478686523E-1
2.266243042E1,-1.028900391E1,1.383722534E0,3.986210632E-1
2.267247142E1,-1.035366943E1,1.054257660E0,3.156935120E-1
2.268251142E1,-1.024514511E1,7.854167175E-1,3.475772095E-1
2.269255242E1,-9.881700897E0,5.456153870E-1,4.993615723E-1
2.270259242E1,-9.377249908E0,4.167333984E-1,6.929090881E-1
2.271263242E1,-8.876990204E0,3.875440979E-1,9.195378113E-1
2.272267342E1,-8.334518280E0,5.210664368E-1,1.109343109E0
2.273271342E1,-7.751031647E0,6.761439514E-1,1.243613892E0
2.274275442E1,-7.306755524E0,7.090754700E-1,1.388811951E0
2.275279442E1,-7.023394775E0,7.246430969E-1,1.533111877E0
2.276283542E1,-6.882238312E0,7.517367554E-1,1.727407837E0
2.277287542E1,-6.889573059E0,7.628137207E-1,1.892963562E0
2.278291542E1,-6.954537964E0,7.545808411E-1,2.146536255E0
2.279295642E1,-7.033723297E0,7.476951599E-1,2.407294006E0
2.280299642E1,-7.192393341E0,6.918612671E-1,2.599494324E0
2.281303742E1,-7.470215607E0,5.520520020E-1,2.778671722E0
2.282307742E1,-7.939190369E0,1.784289551E-1,2.890189819E0
2.283311842E1,-8.783734131E0,-6.346801758E-1,2.947670288E0
2.284315842E1,-9.803563385E0,-1.732796631E0,2.898422699E0
2.285319942E1,-1.088760910E1,-2.860701141E0,2.728526001E0
2.286323942E1,-1.189471481E1,-3.966601410E0,2.598147125E0
2.287327942E1,-1.267938309E1,-4.781207428E0,2.350711670E0
2.288332062E1,-1.322410034E1,-5.236261139E0,2.023043060E0
2.289336063E1,-1.346090790E1,-5.073998566E0,1.779798889E0
2.290340163E1,-1.336750214E1,-4.197571106E0,1.782193909E0
2.291344163E1,-1.308698547E1,-2.964136047E0,2.084116058E0
2.292348263E1,-1.249975662E1,-1.577569427E0,2.659968567E0
2.293352262E1,-1.183439026E1,-6.011499023E-1,2.608475647E0
2.294356263E1,-1.123264160E1,3.168910217E-1,8.945397949E-1
2.295360363E1,-1.108400070E1,1.465003510E0,-1.760638733E0
2.296364363E1,-1.235051697E1,2.080373840E0,-3.822600861E0
2.297368463E1,-1.536360123E1,2.883004761E0,-5.073848877E0
2.298372462E1,-1.893218033E1,4.557572479E0,-4.707859955E0
2.299376562E1,-2.014450928E1,5.919590149E0,-3.683689728E0
2.300380563E1,-1.896017212E1,6.359076233E0,-3.395089874E0
2.301384663E1,-1.664209259E1,5.477858734E0,-3.472179565E0
2.302388663E1,-1.382794464E1,3.591930542E0,-3.410657501E0
2.303392663E1,-1.080183746E1,1.715732117E0,-3.300935669E0
2.304396762E1,-8.192763062E0,3.266207886E-1,-2.863694916E0
2.305400763E1,-6.453829193E0,-7.665559387E-1,-1.709594879E0
2.306404863E1,-5.795498199E0,-1.716929626E0,-2.984793091E-1
2.307408862E1,-6.074667664E0,-2.260599060E0,7.517367554E-1
2.308412963E1,-7.030430145E0,-2.281106415E0,7.789801025E-1
2.309416963E1,-8.810378723E0,-2.531236267E0,2.424957275E-1
2.310421062E1,-1.072145462E1,-3.175795898E0,-2.793191528E-1
2.311425063E1,-1.189770859E1,-3.648512878E0,-9.044192505E-1
2.312429062E1,-1.196297287E1,-3.087180176E0,-1.576222229E0
2.313433162E1,-1.132529892E1,-1.594633942E0,-2.004481659E0
2.314437163E1,-1.088955505E1,2.194436646E-1,-2.058219910E0
2.315441263E1,-1.043045975E1,2.075434113E0,-2.114652557E0
2.316445263E1,-9.724378052E0,3.738326111E0,-2.215542755E0
2.317449363E1,-8.921896820E0,5.011428680E0,-2.374811554E0
2.318453362E1,-8.040679321E0,5.672603760E0,-2.408940582E0
2.319457363E1,-7.233108673E0,5.618266754E0,-1.972298584E0
2.320461463E1,-6.584956512E0,5.045108643E0,-1.076710968E0
2.321465463E1,-6.071224823E0,3.865112457E0,-8.547225952E-2
2.322469563E1,-5.704936523E0,2.167792053E0,6.779402161E-1
2.323473562E1,-5.774092712E0,3.616479492E-1,1.015338593E0
2.324477662E1,-5.946683807E0,-1.259780273E0,9.207353210E-1
2.325481663E1,-6.274651794E0,-2.583178253E0,7.541317749E-1
2.326485662E1,-6.618935852E0,-3.469485168E0,7.292834473E-1
2.327489763E1,-6.804549866E0,-3.944746857E0,6.674620056E-1
2.328493762E1,-7.021748199E0,-4.120331726E0,5.269042969E-1
2.329497862E1,-7.366181946E0,-4.028123474E0,4.317022705E-1
2.330501863E1,-7.692054291E0,-3.680695953E0,4.441264343E-1
2.331505963E1,-8.033194885E0,-3.171903992E0,6.731501770E-1
2.332509962E1,-8.419391785E0,-2.470163269E0,8.626560974E-1
2.333513963E1,-8.737330627E0,-1.671723633E0,9.834548950E-1
2.334518063E1,-9.101223907E0,-9.608518982E-1,1.050964508E0
2.335522063E1,-9.306746521E0,-4.245172119E-1,1.118324432E0
2.336526163E1,-9.419611816E0,-6.212081909E-2,1.305884399E0
2.337530162E1,-9.450747070E0,1.237925720E-1,1.513951721E0
2.338534262E1,-9.506880341E0,5.688171387E-2,1.733844452E0
2.339538263E1,-9.655072174E0,-2.380050659E-1,1.917063446E0
2.340542363E1,-9.810898132E0,-6.854246521E-1,2.021097107E0
2.341546363E1,-9.774523773E0,-1.114282837E0,2.075583801E0
2.342550362E1,-9.666448517E0,-1.469793549E0,2.096390533E0
2.343554462E1,-9.552236023E0,-1.826352081E0,2.071093140E0
2.344558463E1,-9.410929871E0,-2.212548981E0,2.115850067E0
2.345562563E1,-9.205257568E0,-2.563868408E0,2.139051819E0
2.346566563E1,-9.064699860E0,-2.813549194E0,2.150727539E0
2.347570562E1,-8.964109039E0,-2.849923553E0,2.114951935E0
2.348574662E1,-8.860674133E0,-2.654430084E0,2.018253021E0
2.349578663E1,-8.787326660E0,-2.436333618E0,1.948049011E0
2.350582763E1,-8.759334869E0,-2.201172638E0,1.771416321E0
2.351586762E1,-8.757089539E0,-2.065404968E0,1.576222229E0
2.352590863E1,-8.778045959E0,-2.048340454E0,1.509610748E0
2.353594862E1,-8.812773743E0,-2.070494385E0,1.481469269E0
2.354598962E1,-8.819060669E0,-2.092947693E0,1.417252808E0
2.355602963E1,-8.809181213E0,-2.123783569E0,1.491797791E0
2.356606962E1,-8.799152069E0,-2.260748749E0,1.705403595E0
2.357611062E1,-8.895701294E0,-2.474504242E0,2.013762360E0
2.358615063E1,-9.185498657E0,-2.669698334E0,2.244432678E0
2.359619162E1,-9.675579529E0,-2.835852814E0,2.430196381E0
2.360623163E1,-1.027074188E1,-2.970123596E0,2.620600433E0
2.361627263E1,-1.083940933E1,-3.013832703E0,2.907254333E0
2.362631262E1,-1.138023468E1,-3.116519165E0,3.186423798E0
2.363635263E1,-1.188423660E1,-3.131637726E0,3.173700256E0
2.364639363E1,-1.248897903E1,-2.817141724E0,2.305206299E0
2.365643363E1,-1.270423141E1,-2.252066803E0,1.880389709E0
2.366647463E1,-1.263043488E1,-1.577270050E0,2.081571350E0
2.367651462E1,-1.266007324E1,-6.330335999E-1,2.010020142E0
2.368655562E1,-1.307022034E1,1.968406677E-1,1.611099701E0
2.369659563E1,-1.402658157E1,5.939648438E-1,1.018032990E0
2.370663562E1,-1.418016220E1,1.155297546E0,-1.429527283E-1
2.371667663E1,-1.310390030E1,1.907333679E0,-1.368903351E0
2.372671662E1,-1.214798813E1,2.318977661E0,-2.032772827E0
2.373675762E1,-1.186178329E1,2.205663300E0,-1.999990997E0
2.374679763E1,-1.178948364E1,1.738484802E0,-1.655108185E0
2.375683863E1,-1.185564606E1,1.181792450E0,-1.320853271E0
2.376687862E1,-1.190010361E1,6.762936401E-1,-7.107220459E-1
2.377691863E1,-1.178095139E1,3.923341370E-1,-2.454895020E-1
2.378695962E1,-1.155851395E1,3.203338623E-1,-5.915698242E-1
2.379699963E1,-1.137140305E1,6.710545349E-1,-1.251098328E0
2.380704063E1,-1.126287872E1,1.399290161E0,-1.462907867E0
2.381708062E1,-1.111348938E1,2.084565125E0,-9.991722107E-1
2.382712162E1,-1.068343369E1,2.564916229E0,-7.095245361E-2
2.383716163E1,-1.012359787E1,2.937491455E0,9.541159058E-1
2.384720163E1,-9.618847504E0,2.993924103E0,1.837429047E0
2.385724263E1,-9.347312164E0,2.915187836E0,2.293231201E0
2.386728262E1,-9.082662506E0,2.805466003E0,2.198328552E0
2.387732362E1,-8.998088379E0,2.427951050E0,1.830094299E0
2.388736363E1,-9.130413208E0,1.806742859E0,1.241368561E0
2.389740463E1,-9.307794342E0,7.699987793E-1,9.166937256E-1
2.390744463E1,-9.263785858E0,-2.887495422E-1,6.017486572E-1
2.391748462E1,-8.757388916E0,-9.669891357E-1,1.866618347E-1
2.392752562E1,-8.105195160E0,-1.469494171E0,1.444496155E-1
2.393756563E1,-7.426656189E0,-1.661844177E0,3.619473267E-1
2.394760663E1,-6.978039093E0,-1.460961914E0,6.179150391E-1
2.395764663E1,-6.682403870E0,-9.776170349E-1,7.144642639E-1
2.396768663E1,-6.381529541E0,-3.779640198E-1,8.159532166E-1
2.397772762E1,-6.176006927E0,7.918533325E-2,9.512718201E-1
2.398776763E1,-5.930068359E0,4.590953064E-1,9.851014709E-1
2.399780863E1,-5.927972717E0,7.806266785E-1,1.013841705E0
2.400784862E1,-6.064339142E0,1.080004120E0,9.166937256E-1
2.401788962E1,-6.577322388E0,1.168769531E0,9.039701843E-1
2.402792963E1,-7.392676849E0,1.055305481E0,7.833210754E-1
2.403796963E1,-8.046068115E0,1.022224274E0,5.968089294E-1
2.404801063E1,-8.595874786E0,1.052760773E0,5.613327026E-1
2.405805062E1,-8.978179779E0,9.038204956E-1,5.947132874E-1
2.406809162E1,-9.113648071E0,6.776408386E-1,6.560856628E-1
2.407813163E1,-9.176667023E0,4.358935547E-1,7.985893250E-1
2.408817263E1,-9.262738037E0,2.380050659E-1,8.907975769E-1
2.409821263E1,-9.269474030E0,1.196012878E-1,9.842033386E-1
2.410825262E1,-9.292825470E0,8.996292114E-2,1.338366852E0
2.411829362E1,-9.005123749E0,1.341210938E-1,1.428928528E0
2.412833363E1,-8.623417511E0,9.220825195E-2,1.501677246E0
2.413837463E1,-8.152646484E0,-1.796264648E-2,1.503024445E0
2.414841463E1,-7.782316589E0,-2.068698120E-1,1.520538025E0
2.415845563E1,-7.753875732E0,-3.201841736E-1,1.625769196E0
2.416849562E1,-8.037984924E0,-1.709445190E-1,1.756746826E0
2.417853563E1,-8.476872253E0,2.691403198E-1,1.914668427E0
2.418857663E1,-8.924740906E0,8.199948120E-1,2.027234344E0
2.419861662E1,-9.207652588E0,1.247954865E0,2.018103333E0
2.420865763E1,-9.384285278E0,1.537003784E0,1.954036560E0
2.421869763E1,-9.600585480E0,1.634301453E0,1.764830017E0
2.422873862E1,-9.913883972E0,1.525028687E0,1.615141296E0
2.423877863E1,-1.021520737E1,1.180594940E0,1.566193085E0
2.424881862E1,-1.040800644E1,7.083270264E-1,1.534010010E0
2.425885962E1,-1.042656784E1,1.619631958E-1,1.678309937E0
2.426889963E1,-1.038615189E1,-4.290078735E-1,1.991009674E0
2.427894063E1,-1.043884232E1,-1.085243225E0,2.407144318E0
2.428898063E1,-1.058853104E1,-1.700463867E0,2.790796509E0
2.429902062E1,-1.080258591E1,-2.111209717E0,3.130739594E0
2.430906162E1,-1.106034988E1,-2.337389374E0,3.556304626E0
2.431910163E1,-1.122216339E1,-2.433339844E0,3.925586700E0
2.432914263E1,-1.131541946E1,-2.285297699E0,4.048481140E0
2.433918263E1,-1.147872986E1,-1.700014801E0,3.153492279E0
2.434922363E1,-1.196566727E1,-7.340734863E-1,1.923350372E0
2.435926362E1,-1.252714966E1,3.035687256E-1,1.363963623E0
2.436930363E1,-1.304252792E1,1.467548218E0,1.189276886E0
2.437934463E1,-1.409049866E1,2.708916779E0,7.493417358E-1
2.438938462E1,-1.563962723E1,3.696712646E0,-7.527845764E-1
2.439942563E1,-1.676079575E1,3.786076813E0,-2.780917053E0
2.440946562E1,-1.704340805E1,2.960693207E0,-4.540358276E0
2.441950662E1,-1.661859146E1,1.798360291E0,-5.174439697E0
2.442954663E1,-1.560190567E1,1.014440460E0,-4.895569611E0
2.443958662E1,-1.390668091E1,7.676037598E-1,-4.410129089E0
2.444962762E1,-1.194845306E1,6.535409546E-1,-3.884871368E0
2.445966763E1,-9.865983582E0,4.707710266E-1,-3.311114502E0
2.446970862E1,-8.123157806E0,1.273851013E-1,-2.493215332E0
2.447974863E1,-6.933581543E0,-3.224295044E-1,-1.625619507E0
2.448978862E1,-6.389463043E0,-6.524931335E-1,-1.037941589E0
2.449982962E1,-6.440806274E0,-6.068380737E-1,-7.469467163E-1
2.450986963E1,-7.024292908E0,-2.146536255E-1,-6.908134460E-1
2.451991063E1,-7.819888458E0,1.052311707E-1,-5.894741821E-1
2.452995063E1,-8.508157196E0,2.520758057E-1,-3.013233948E-1
2.453999163E1,-9.113049316E0,3.284170532E-1,-5.343887329E-2
2.455003162E1,-9.634115753E0,4.017645264E-1,-1.784289551E-1
2.456007163E1,-9.980046387E0,4.516108704E-1,-4.906796265E-1
2.457011263E1,-1.024739044E1,4.748126221E-1,-7.286846924E-1
2.458015262E1,-1.046189438E1,5.589376831E-1,-1.001118164E0
2.459019363E1,-1.035307068E1,5.924679565E-1,-1.185983734E0
2.460023362E1,-9.904303894E0,4.605921936E-1,-1.276545410E0
2.461027462E1,-9.406139832E0,3.076103210E-1,-1.413061523E0
2.462031463E1,-8.900341644E0,9.205856323E-2,-1.472188568E0
2.463035462E1,-8.443042603E0,-1.101708984E-1,-1.293310547E0
2.464039562E1,-7.999514923E0,-2.406994629E-1,-9.755213928E-1
2.465043563E1,-7.581284637E0,-3.664379883E-1,-6.509962463E-1
2.466047662E1,-7.273824005E0,-4.763095093E-1,-3.948788452E-1
2.467051663E1,-7.085665283E0,-6.316864014E-1,-2.339634705E-1
2.468055662E1,-6.983278198E0,-8.482859802E-1,-1.483415222E-1
2.469059762E1,-7.056925049E0,-1.123563538E0,-1.332229614E-2
2.470063763E1,-7.489525452E0,-1.384770355E0,1.347198486E-2
2.471067863E1,-7.986791382E0,-1.498384094E0,1.706451416E-2
2.472071863E1,-8.588989105E0,-1.514999542E0,9.131011963E-2
2.473075963E1,-9.086404724E0,-1.440155182E0,8.607101440E-2
2.474079962E1,-9.344019012E0,-1.375489655E0,1.073268127E-1
2.475083963E1,-9.321715393E0,-1.292562103E0,1.451980591E-1
2.476088063E1,-9.320068817E0,-1.259031830E0,1.669029236E-1
2.477092063E1,-9.336384888E0,-1.264869690E0,1.493893433E-1
2.478096163E1,-9.396559753E0,-1.330133972E0,1.794767761E-1
2.479100162E1,-9.518556061E0,-1.455273743E0,3.101550293E-1
2.480104163E1,-9.607022095E0,-1.699266357E0,5.430706787E-1
2.481108263E1,-9.590556335E0,-2.066003723E0,7.963439941E-1
2.482112262E1,-9.355694733E0,-2.351310425E0,9.192384338E-1
2.483116363E1,-8.895102539E0,-2.445015564E0,9.256750488E-1
2.484120363E1,-8.408614197E0,-2.455194397E0,9.126521301E-1
2.485124462E1,-8.086484070E0,-2.552192688E0,1.061592407E0
2.486128463E1,-7.653883667E0,-2.705174561E0,1.404379578E0
2.487132462E1,-7.377258911E0,-2.958298187E0,1.806742859E0
2.488136575E1,-7.720944214E0,-3.388802948E0,1.988165588E0
2.489140575E1,-8.089477844E0,-3.684138794E0,1.656754761E0
2.490144675E1,-8.121660919E0,-3.745960236E0,1.305884399E0
2.491148675E1,-8.114475861E0,-3.701502686E0,1.133293304E0
2.492152775E1,-8.178991699E0,-3.616180115E0,9.303153992E-1
2.493156775E1,-8.378526764E0,-3.459306335E0,6.640191650E-1
2.494160775E1,-8.682095490E0,-3.182531891E0,3.854484558E-1
2.495164875E1,-8.885821838E0,-2.799029388E0,1.434017944E-1
2.496168875E1,-8.899892578E0,-2.401156769E0,1.781295776E-1
2.497172975E1,-9.105564880E0,-2.105820923E0,3.893403625E-1
2.498176975E1,-9.388925629E0,-1.903142395E0,5.095404053E-1
2.499180975E1,-9.587263184E0,-1.783241730E0,6.746470642E-1
2.500185075E1,-1.004246658E1,-1.790726166E0,7.803273010E-1
2.501189075E1,-1.062310913E1,-1.956730957E0,8.605604553E-1
2.502193175E1,-1.099194214E1,-2.260599060E0,9.286688232E-1
2.503197175E1,-1.107397156E1,-2.677182770E0,1.144819336E0
2.504201275E1,-1.124611359E1,-3.066822510E0,1.329684906E0
2.505205275E1,-1.154444321E1,-2.920726318E0,9.741741943E-1
2.506209275E1,-1.184756287E1,-2.340532837E0,5.776487732E-1
2.507213375E1,-1.186223236E1,-1.828597412E0,8.370593262E-1
2.508217375E1,-1.194396240E1,-1.539997559E0,9.653425598E-1
2.509221475E1,-1.284284317E1,-1.121168518E0,5.635780334E-1
2.510225475E1,-1.423809174E1,-4.643344116E-1,-3.393443298E-1
2.511229475E1,-1.540102341E1,3.055146790E-1,-1.395098877E0
2.512233575E1,-1.569216797E1,1.191971283E0,-2.428998871E0
2.513237575E1,-1.473056763E1,1.965412903E0,-2.842738495E0
2.514241675E1,-1.363559464E1,2.520608368E0,-2.734064484E0
2.515245675E1,-1.304327637E1,2.988535309E0,-2.518213348E0
2.516249775E1,-1.269959106E1,3.012036438E0,-1.858235779E0
2.517253775E1,-1.243943207E1,2.484383698E0,-7.809260559E-1
2.518257775E1,-1.220726486E1,1.617236938E0,1.371148682E-1
2.519261875E1,-1.180071030E1,8.652008057E-1,4.323010254E-1
2.520265875E1,-1.134909943E1,6.753955078E-1,2.125579834E-1
2.521269975E1,-1.101978424E1,9.395960999E-1,3.442840576E-3
2.522273975E1,-1.062430664E1,1.251996460E0,3.011737061E-1
2.523277975E1,-1.054916290E1,1.439556427E0,9.012757874E-1
2.524282075E1,-1.039872574E1,1.698517914E0,1.072669373E0
2.525286075E1,-1.011326935E1,2.098785553E0,1.056652679E0
2.526290175E1,-9.784852295E0,2.698887634E0,7.014413452E-1
2.527294175E1,-9.404044189E0,3.303779755E0,-7.993377686E-2
2.528298275E1,-9.028774567E0,3.476969604E0,-6.092330933E-1
2.529302275E1,-8.562793579E0,3.120111694E0,-6.373745728E-1
2.530306275E1,-8.068970490E0,2.414179688E0,-4.043092346E-1
2.531310375E1,-7.664212189E0,1.532662811E0,-1.273851013E-1
2.532314375E1,-7.431745605E0,5.634283447E-1,6.855743408E-2
2.533318475E1,-6.962022400E0,-2.275268555E-1,1.610650635E-1
2.534322475E1,-6.432872772E0,-6.965016174E-1,2.621049500E-1
2.535326475E1,-6.007607117E0,-7.225474548E-1,2.330653381E-1
2.536330575E1,-5.752836914E0,-5.156776428E-1,1.080752563E-1
2.537334575E1,-5.487139435E0,-1.216969299E-1,-4.101470947E-2
2.538338675E1,-5.385351105E0,2.100132751E-1,-1.258882141E-1
2.539342675E1,-5.539979553E0,4.504133606E-1,-1.272354126E-1
2.540346675E1,-5.852828979E0,6.414161682E-1,-1.136137390E-1
2.541350775E1,-6.173911285E0,8.322692871E-1,-1.742376709E-1
2.542354775E1,-6.432872772E0,1.019529877E0,-6.915618896E-2
2.543358875E1,-7.000941467E0,1.246158600E0,1.484912109E-1
2.544362875E1,-7.675139465E0,1.498533783E0,2.980302429E-1
2.545366975E1,-8.346194000E0,1.645528107E0,3.782633972E-1
2.546370975E1,-9.023086395E0,1.538051605E0,4.047583008E-1
2.547374975E1,-9.446406097E0,1.381327515E0,4.120930481E-1
2.548379075E1,-9.584718475E0,1.164727936E0,4.911286926E-1
2.549383075E1,-9.661359100E0,8.035290527E-1,6.643185425E-1
2.550387175E1,-9.658664703E0,3.558100891E-1,7.653584290E-1
2.551391175E1,-9.576485596E0,-9.026229858E-2,8.982820129E-1
2.552395175E1,-9.536668396E0,-4.080514526E-1,1.036744080E0
2.553399275E1,-9.497449951E0,-5.915698242E-1,1.081351318E0
2.554403275E1,-9.448801117E0,-5.038522339E-1,1.132694550E0
2.555407375E1,-9.498497772E0,-1.429527283E-1,1.196611633E0
2.556411375E1,-9.717192993E0,2.576142883E-1,1.253493347E0
2.557415475E1,-9.939331055E0,4.516108704E-1,1.393152924E0
2.558419475E1,-1.006791367E1,5.713618469E-1,1.532363434E0
2.559423475E1,-1.009395950E1,5.721102905E-1,1.683399353E0
2.560427575E1,-1.004082001E1,5.522016907E-1,1.936972046E0
2.561431575E1,-9.820478210E0,5.248086548E-1,2.341880035E0
2.562435675E1,-9.424701233E0,3.085084534E-1,2.837649078E0
2.563439675E1,-8.987909546E0,-1.736389160E-2,3.267405396E0
2.564443675E1,-8.556656342E0,-3.165916443E-1,3.631448364E0
2.565447775E1,-8.349487152E0,-7.616162109E-1,4.008514252E0
2.566451775E1,-8.495733032E0,-1.404229889E0,4.164489899E0
2.567455875E1,-8.828940125E0,-2.121238861E0,3.997137909E0
2.568459875E1,-9.264234924E0,-2.679428101E0,3.284020844E0
2.569463875E1,-9.755064240E0,-3.010838928E0,2.518812103E0
2.570467975E1,-1.037163208E1,-3.013233948E0,2.085313568E0
2.571471975E1,-1.128667923E1,-2.529889069E0,1.804048462E0
2.572476075E1,-1.208586731E1,-1.457519073E0,1.848655701E0
2.573480075E1,-1.274554550E1,-5.108876038E-1,2.312840424E0
2.574484175E1,-1.348485809E1,3.531156921E-1,2.215093689E0
2.575488175E1,-1.410501846E1,1.184187469E0,7.613168335E-1
2.576492175E1,-1.497336273E1,1.492396545E0,-5.373825073E-2
2.577496275E1,-1.581461334E1,1.721120911E0,-6.936575317E-1
2.578500275E1,-1.588885895E1,2.405048676E0,-2.230811005E0
2.579504375E1,-1.551388870E1,3.378324738E0,-4.004472656E0
2.580508375E1,-1.532707718E1,4.031716003E0,-5.222938843E0
2.581512375E1,-1.473655518E1,3.896846466E0,-6.059399414E0
2.582516475E1,-1.372166565E1,3.393592987E0,-6.265969849E0
2.583520475E1,-1.268567001E1,3.131637726E0,-5.965095520E0
2.584524575E1,-1.188962540E1,2.921474762E0,-5.020559692E0
2.585528575E1,-1.093027039E1,2.589315491E0,-3.523971863E0
2.586532575E1,-9.734257507E0,1.863923950E0,-1.760489044E0
2.587536650E1,-8.596323853E0,6.396199036E-1,-3.010240173E-1
2.588540650E1,-7.816595306E0,-7.213499451E-1,3.372486877E-1
2.589544750E1,-7.766150208E0,-2.113754425E0,3.299139404E-1
2.590548750E1,-8.369695129E0,-3.347488861E0,-4.670288086E-2
2.591552850E1,-9.167086945E0,-4.176015930E0,-4.776567078E-1
2.592556850E1,-9.627978516E0,-4.403542786E0,-7.104226685E-1
2.593560850E1,-9.749376068E0,-3.977079620E0,-6.906637573E-1
2.594564950E1,-9.579179993E0,-2.921624451E0,-6.857240295E-1
2.595568950E1,-9.213789825E0,-1.657652893E0,-6.581813049E-1
2.596573050E1,-8.818012848E0,-4.926255798E-1,-5.764512634E-1
2.597577050E1,-8.633746033E0,5.231620789E-1,-6.259982300E-1
2.598581050E1,-8.716074829E0,1.476679230E0,-8.201445007E-1
2.599585150E1,-8.576415253E0,2.338586884E0,-9.852511597E-1
2.600589150E1,-8.249944153E0,2.943179626E0,-9.707313538E-1
2.601593250E1,-7.967481537E0,3.181633759E0,-9.053173828E-1
2.602597250E1,-7.646848297E0,2.980601807E0,-8.339158630E-1
2.603601250E1,-7.302713928E0,2.410138092E0,-5.798941040E-1
2.604605350E1,-7.134613495E0,1.582958221E0,-2.137554932E-1
2.605609350E1,-7.027436371E0,7.435038757E-1,1.511856079E-2
2.606613450E1,-6.902446289E0,2.544708252E-2,1.140628052E-1
2.607617450E1,-6.804998932E0,-6.764433289E-1,1.245410156E-1
2.608621550E1,-6.847660217E0,-1.357976074E0,2.302212524E-1
2.609625550E1,-6.923402710E0,-1.884131927E0,3.094065857E-1
2.610629550E1,-7.267088013E0,-2.303110657E0,3.751199341E-1
2.611633650E1,-7.955506439E0,-2.534679108E0,3.764671326E-1
2.612637650E1,-8.705596619E0,-2.429747314E0,2.091151428E-1
2.613641750E1,-9.286089478E0,-2.255958710E0,9.505233765E-2
2.614645750E1,-9.626481628E0,-1.922601929E0,2.923420715E-1
2.615649750E1,-9.578132172E0,-1.671873322E0,6.030958557E-1
2.616653850E1,-9.790241089E0,-1.567240906E0,7.473957825E-1
2.617657850E1,-9.995164948E0,-1.309327240E0,7.680528259E-1
2.618661950E1,-9.907896423E0,-9.520202637E-1,8.824150085E-1
2.619665950E1,-9.724527740E0,-6.444099426E-1,1.076710968E0
2.620669950E1,-9.574240265E0,-4.266128540E-1,1.224004669E0
2.621674050E1,-9.407487030E0,-2.847079468E-1,1.287472687E0
2.622678050E1,-9.174870758E0,-2.815644836E-1,1.311422882E0
2.623682150E1,-8.916058960E0,-4.110452271E-1,1.299747162E0
2.624686150E1,-8.690927124E0,-6.126759338E-1,1.355880432E0
2.625690150E1,-8.526568909E0,-8.496331787E-1,1.318458252E0
2.626694250E1,-8.375982056E0,-1.065184937E0,1.302890625E0
2.627698250E1,-8.284073181E0,-1.351689148E0,1.355581055E0
2.628702350E1,-8.300089874E0,-1.709445190E0,1.415606232E0
2.629706350E1,-8.441396027E0,-2.075134735E0,1.453178101E0
2.630710450E1,-8.623118134E0,-2.354603577E0,1.393452301E0
2.631714450E1,-8.758736115E0,-2.549498291E0,1.393302612E0
2.632718450E1,-8.876241760E0,-2.661465454E0,1.404529266E0
2.633722550E1,-9.125174103E0,-2.764151917E0,1.429078217E0
2.634726550E1,-9.414522400E0,-2.732417908E0,1.487456818E0
2.635730650E1,-9.714797974E0,-2.549348602E0,1.679208069E0
2.636734650E1,-1.009590546E1,-2.336940308E0,2.083367615E0
2.637738650E1,-1.056398209E1,-2.129322052E0,2.593057709E0
2.638742750E1,-1.099987564E1,-1.943109283E0,3.038381653E0
2.639746750E1,-1.141990219E1,-2.005978546E0,3.434607697E0
2.640750850E1,-1.191028244E1,-2.184856567E0,3.412304077E0
2.641754850E1,-1.245739471E1,-2.183509369E0,2.517015839E0
2.642758850E1,-1.270542892E1,-2.012864227E0,1.449585571E0
2.643762950E1,-1.271156616E1,-1.839524689E0,8.689430237E-1
2.644766950E1,-1.304986267E1,-1.437011719E0,5.420228577E-1
2.645771050E1,-1.384740417E1,-6.622229004E-1,-1.245410156E-1
2.646775050E1,-1.441622131E1,-2.694396973E-2,-9.307644653E-1
2.647779150E1,-1.448747314E1,6.971003723E-1,-1.740730133E0
2.648783150E1,-1.401894745E1,1.554217987E0,-2.744842072E0
2.649787150E1,-1.328696960E1,2.137854309E0,-3.281925201E0
2.650791250E1,-1.291169998E1,2.133812714E0,-2.933150482E0
2.651795250E1,-1.284404068E1,1.859882355E0,-2.309547272E0
2.652799350E1,-1.226354782E1,1.797162781E0,-1.939516754E0
2.653803350E1,-1.142963196E1,1.848506012E0,-1.514550476E0
2.654807350E1,-1.061876816E1,2.045496368E0,-8.819659424E-1
2.655811450E1,-1.023571472E1,2.461032257E0,-3.969744873E-1
2.656815450E1,-1.012554382E1,2.967129822E0,-2.005828857E-2
2.657819550E1,-9.628277893E0,3.466491394E0,5.545967102E-1
2.658823550E1,-9.245074768E0,3.551065521E0,1.280736694E0
2.659827550E1,-9.151519318E0,3.064427490E0,1.866468658E0
2.660831650E1,-9.331145782E0,2.456092529E0,2.154170380E0
2.661835650E1,-9.427695007E0,1.944755859E0,2.019899597E0
2.662839750E1,-9.441616058E0,1.436862030E0,1.676363983E0
2.663843750E1,-9.454938354E0,7.957452393E-1,1.186133423E0
2.664847750E1,-9.383836212E0,-2.963836670E-2,7.424560547E-1
2.665851850E1,-9.132658539E0,-7.929011536E-1,3.474275208E-1
2.666855850E1,-8.871601410E0,-1.571282501E0,1.835183716E-1
2.667859950E1,-8.712781677E0,-2.235451355E0,2.438429260E-1
2.668863950E1,-8.096662903E0,-2.600392456E0,3.209326172E-1
2.669868050E1,-7.447313232E0,-2.581980743E0,5.643264771E-1
2.670872050E1,-7.028783569E0,-2.292782135E0,6.563850403E-1
2.671876050E1,-6.747219086E0,-1.757345581E0,3.812571716E-1
2.672880150E1,-6.351442108E0,-1.162332916E0,1.263372803E-1
2.673884150E1,-6.003415833E0,-5.566923523E-1,1.023870850E-1
2.674888250E1,-5.937103729E0,1.386117554E-1,5.942642212E-2
2.675892250E1,-5.962999878E0,8.678952026E-1,-3.592529297E-2
2.676896250E1,-6.181545410E0,1.634750519E0,-4.864883423E-2
2.677900350E1,-6.687193909E0,2.352957001E0,-8.666976929E-2
2.678904350E1,-7.369325409E0,2.703378296E0,-9.759704590E-2
2.679908450E1,-8.313262482E0,2.725382538E0,-1.562750244E-1
2.680912450E1,-8.865464172E0,2.665956116E0,-1.743873596E-1
2.681916450E1,-9.095535736E0,2.515219574E0,-1.362167358E-1
2.682920550E1,-9.282946014E0,2.238594818E0,1.115180969E-1
2.683924550E1,-9.468560028E0,1.789079590E0,4.019142151E-1
2.684928650E1,-9.508377228E0,1.183888092E0,7.194039917E-1
2.685932650E1,-9.419911194E0,4.514611816E-1,1.208137665E0
2.686936650E1,-9.241631927E0,-3.095562744E-1,1.670077057E0
2.687940817E1,-8.962163086E0,-9.596543884E-1,1.932182007E0
2.688944817E1,-8.621172180E0,-1.358874207E0,1.971400452E0
2.689948917E1,-8.317154388E0,-1.541045380E0,1.942061462E0
2.690952917E1,-8.006101227E0,-1.494492188E0,1.831441498E0
2.691956917E1,-7.742200012E0,-1.277443542E0,1.839075623E0
2.692961017E1,-7.581284637E0,-8.933422852E-1,1.973196716E0
2.693965017E1,-7.527845764E0,-4.197271729E-1,2.078727264E0
2.694969117E1,-7.632178802E0,-4.505630493E-2,2.163002014E0
2.695973117E1,-7.913593597E0,2.439926147E-1,2.090852051E0
2.696977117E1,-8.359366608E0,3.721261597E-1,1.977837067E0
2.697981217E1,-8.898096313E0,2.046244812E-1,1.879491577E0
2.698985217E1,-9.397008820E0,-2.203417969E-1,1.864522705E0
2.699989317E1,-9.847422180E0,-7.735913086E-1,1.994003448E0
2.700993317E1,-1.028211823E1,-1.254092102E0,2.229613495E0
2.701997417E1,-1.069870193E1,-1.678010559E0,2.450554047E0
2.703001417E1,-1.117201767E1,-2.071392517E0,2.807711334E0
2.704005417E1,-1.168320465E1,-2.318229218E0,3.223696289E0
2.705009517E1,-1.210757217E1,-2.280807037E0,3.421285400E0
2.706013517E1,-1.235934860E1,-2.036814423E0,3.585793304E0
2.707017617E1,-1.230141907E1,-1.642234955E0,3.548520813E0
2.708021617E1,-1.188513474E1,-7.957452393E-1,2.223625946E0
2.709025617E1,-1.184965851E1,5.304968262E-1,8.885522461E-1
2.710029717E1,-1.197973801E1,1.688339081E0,5.165757751E-1
2.711033717E1,-1.256217682E1,3.082839203E0,2.049238586E-1
2.712037817E1,-1.411025757E1,4.876110077E0,-1.407972107E0
2.713041817E1,-1.600846024E1,5.928721161E0,-4.114942932E0
2.714045817E1,-1.731090179E1,5.578000488E0,-6.322103119E0
2.715049917E1,-1.736389160E1,4.444707184E0,-7.376360779E0
2.716053917E1,-1.626188324E1,3.511398010E0,-7.388335876E0
2.717058017E1,-1.514939667E1,2.968926086E0,-6.550079041E0
2.718062017E1,-1.392150009E1,2.399061127E0,-5.521418152E0
2.719066017E1,-1.203212906E1,1.656754761E0,-4.345762939E0
2.720070117E1,-9.840536499E0,7.863148499E-1,-3.004402313E0
2.721074117E1,-8.467591553E0,-1.273851013E-1,-1.943408661E0
2.722078217E1,-7.784262543E0,-6.468049622E-1,-9.753717041E-1
2.723082217E1,-7.520061951E0,-6.828799438E-1,9.131011963E-3
2.724086217E1,-7.705675964E0,-4.110452271E-1,8.828640747E-1
2.725090317E1,-8.150251465E0,-7.768844604E-2,1.325194244E0
2.726094317E1,-8.826545105E0,1.278341675E-1,1.136885834E0
2.727098417E1,-9.569749603E0,-7.813751221E-2,5.007087708E-1
2.728102417E1,-1.026655060E1,-6.511459351E-1,-2.191442871E-1
2.729106517E1,-1.081126785E1,-1.221310272E0,-9.380992126E-1
2.730110517E1,-1.115061218E1,-1.465452576E0,-1.630110168E0
2.731114517E1,-1.138607254E1,-1.315314789E0,-2.183958435E0
2.732118617E1,-1.120824234E1,-9.948312378E-1,-2.396366730E0
2.733122617E1,-1.078626984E1,-6.265969849E-1,-2.155517578E0
2.734126717E1,-1.023391846E1,-2.576142883E-1,-1.552272034E0
2.735130717E1,-9.524693298E0,9.580078125E-3,-8.259823608E-1
2.736134717E1,-8.814719696E0,1.769320679E-1,-1.740879822E-1
2.737138817E1,-8.228239288E0,2.760260010E-1,1.960922241E-1
2.738142817E1,-7.707322540E0,3.362008667E-1,4.501139832E-1
2.739146917E1,-7.400610352E0,2.948867798E-1,6.258485413E-1
2.740150917E1,-7.223079529E0,2.041754150E-1,6.351292419E-1
2.741154917E1,-7.105124817E0,9.879455566E-2,5.457650757E-1
2.742159017E1,-7.056326294E0,8.352630615E-2,4.068539429E-1
2.743163017E1,-7.084467773E0,8.801696777E-2,2.751278687E-1
2.744167117E1,-7.216193848E0,7.454498291E-2,1.850152588E-1
2.745171117E1,-7.192543030E0,9.610015869E-2,9.160949707E-2
2.746175117E1,-7.194039917E0,1.338217163E-1,1.239422607E-1
2.747179217E1,-7.143145752E0,1.541793823E-1,1.549278259E-1
2.748183217E1,-7.139253845E0,5.209167480E-2,2.260299683E-1
2.749187317E1,-7.551346893E0,-1.595681763E-1,2.927911377E-1
2.750191317E1,-8.075556793E0,-5.334906006E-1,3.709286499E-1
2.751195317E1,-8.495433655E0,-9.186396790E-1,5.254074097E-1
2.752199417E1,-8.671018524E0,-1.250798950E0,7.902067566E-1
2.753203417E1,-8.898246002E0,-1.562600555E0,1.077160034E0
2.754207517E1,-9.240883484E0,-1.751807098E0,1.285975800E0
2.755211517E1,-9.425749054E0,-1.743873596E0,1.472487946E0
2.756215517E1,-9.389225006E0,-1.729054413E0,1.620979156E0
2.757219617E1,-9.372160492E0,-1.708247681E0,1.735341339E0
2.758223617E1,-9.283395081E0,-1.617386627E0,1.784439240E0
2.759227717E1,-9.174421692E0,-1.622326355E0,1.969753876E0
2.760231717E1,-9.061406708E0,-1.564546509E0,2.026485901E0
2.761235817E1,-8.802894287E0,-1.426234131E0,1.849104767E0
2.762239817E1,-8.436605988E0,-1.388811951E0,1.623374176E0
2.763243817E1,-7.960595856E0,-1.488654327E0,1.463806000E0
2.764247917E1,-7.579188995E0,-1.678609314E0,1.504072266E0
2.765251917E1,-7.364385681E0,-1.829944611E0,1.519639893E0
2.766256017E1,-7.501799927E0,-1.798659668E0,1.366358643E0
2.767260017E1,-7.976762238E0,-1.695973206E0,1.128503265E0
2.768264017E1,-8.254135437E0,-1.717827759E0,1.014290771E0
2.769268117E1,-8.352480927E0,-1.974843292E0,1.218466187E0
2.770272117E1,-8.599018250E0,-2.233655090E0,1.561702423E0
2.771276217E1,-8.863368530E0,-2.276016998E0,1.888323212E0
2.772280217E1,-9.277108154E0,-2.191442871E0,2.091899872E0
2.773284217E1,-9.969119110E0,-1.987117767E0,1.820214844E0
2.774288317E1,-1.076965439E1,-1.338666229E0,9.469308472E-1
2.775292317E1,-1.169592819E1,-6.180647278E-1,4.317022705E-1
2.776296417E1,-1.271081772E1,5.688171387E-3,2.161505127E-1
2.777300417E1,-1.363215179E1,4.718188477E-1,-9.220825195E-2
2.778304417E1,-1.488968674E1,7.488926697E-1,-7.074288940E-1
2.779308517E1,-1.607671829E1,8.057743835E-1,-1.390757904E0
2.780312517E1,-1.701077591E1,6.929090881E-1,-1.995500336E0
2.781316617E1,-1.770503220E1,7.499404907E-1,-3.130440216E0
2.782320617E1,-1.743903534E1,1.387015686E0,-4.454436951E0
2.783324617E1,-1.687650513E1,2.093995514E0,-4.872068481E0
2.784328717E1,-1.609333374E1,2.211052094E0,-4.401746521E0
2.785332717E1,-1.467982315E1,2.122586060E0,-3.514541473E0
2.786336817E1,-1.310988785E1,2.031275940E0,-2.464175720E0
2.787340817E1,-1.170490952E1,2.107467499E0,-1.553619232E0
2.788344767E1,-1.073372910E1,2.427202606E0,-7.990383911E-1
2.789348867E1,-1.008827133E1,2.792742462E0,-8.532257080E-2
2.790352867E1,-9.643246765E0,3.045716400E0,5.803431702E-1
2.791356967E1,-9.615704041E0,3.103047180E0,1.146765289E0
2.792360967E1,-9.497599640E0,3.062032471E0,1.494342499E0
2.793364967E1,-9.413025513E0,3.076552277E0,1.572180634E0
2.794369067E1,-9.203910370E0,3.153192902E0,1.204694824E0
2.795373067E1,-8.913065186E0,3.047063599E0,7.451504517E-1
2.796377167E1,-8.745413818E0,2.461481323E0,4.218228149E-1
2.797381167E1,-8.782087555E0,1.528022461E0,3.231779480E-1
2.798385167E1,-8.627010040E0,6.860234070E-1,1.609153748E-1
2.799389267E1,-8.167914734E0,3.502716064E-2,3.397933960E-2
2.800393267E1,-7.676935730E0,-4.990621948E-1,9.505233765E-2
2.801397367E1,-7.274123383E0,-8.431965637E-1,1.880090332E-1
2.802401367E1,-6.896159363E0,-9.496252441E-1,1.504371643E-1
2.803405367E1,-6.404581604E0,-9.524693298E-1,1.407073975E-2
2.804409467E1,-6.009253693E0,-9.229806519E-1,1.615141296E-1
2.805413467E1,-5.636379089E0,-7.557783508E-1,3.781137085E-1
2.806417567E1,-5.420677643E0,-4.128414917E-1,5.771997070E-1
2.807421567E1,-5.393284607E0,1.504371643E-1,6.559359741E-1
2.808425667E1,-5.698948975E0,8.662486267E-1,5.572911072E-1
2.809429667E1,-6.121969299E0,1.482068024E0,4.751119995E-1
2.810433667E1,-6.662944336E0,1.740131378E0,5.358856201E-1
2.811437767E1,-7.526797943E0,1.708846436E0,6.204597473E-1
2.812441767E1,-8.492589569E0,1.617985382E0,7.237449646E-1
2.813445867E1,-9.341174927E0,1.545386353E0,8.020321655E-1
2.814449867E1,-1.024275009E1,1.334025879E0,8.210426331E-1
2.815453867E1,-1.116977234E1,1.001267853E0,7.771838379E-1
2.816457967E1,-1.187645279E1,5.568420410E-1,6.777905273E-1
2.817461967E1,-1.244482086E1,1.556762695E-2,5.682183838E-1
2.818466067E1,-1.277368698E1,-4.846920776E-1,4.763095093E-1
2.819470067E1,-1.266516266E1,-8.378077698E-1,4.787045288E-1
2.820474067E1,-1.215352661E1,-9.219328308E-1,5.911207581E-1
2.821478167E1,-1.118069962E1,-7.650590515E-1,7.559280396E-1
2.822482167E1,-1.000818787E1,-7.665559387E-1,1.204694824E0
2.823486267E1,-9.113947449E0,-5.553451538E-1,1.539398804E0
2.824490267E1,-8.105943604E0,1.580712891E-1,1.617536316E0
2.825494267E1,-7.564818878E0,7.967930603E-1,2.091600494E0
2.826498367E1,-7.391030273E0,9.505233765E-1,2.324067078E0
2.827502367E1,-7.221732330E0,8.241860962E-1,2.270478516E0
2.828506467E1,-7.203919373E0,6.724017334E-1,2.105222168E0
2.829510467E1,-7.345973969E0,7.387138367E-1,1.914518738E0
2.830514467E1,-7.534731445E0,8.764274597E-1,1.719773712E0
2.831518567E1,-7.761958923E0,1.034049683E0,1.575922852E0
2.832522567E1,-8.147856445E0,1.200802917E0,1.506616974E0
2.833526667E1,-8.485404510E0,1.235081635E0,1.481469269E0
2.834530667E1,-8.736881561E0,1.162931671E0,1.532363434E0
2.835534667E1,-8.963809662E0,1.119971008E0,1.669328613E0
2.836538767E1,-9.185348969E0,1.052162018E0,1.849853210E0
2.837542767E1,-9.376501465E0,9.635462952E-1,1.966311035E0
2.838546867E1,-9.505533142E0,9.574090576E-1,1.988165588E0
2.839550867E1,-9.567055206E0,1.045426025E0,2.037712555E0
2.840554867E1,-9.595945129E0,1.184486847E0,2.135159912E0
2.841558967E1,-9.594148865E0,1.357077942E0,2.218237152E0
2.842562967E1,-9.547745361E0,1.457070007E0,2.232158203E0
2.843567067E1,-9.523795166E0,1.450783081E0,2.259251862E0
2.844571067E1,-9.578880615E0,1.371298370E0,2.397564240E0
2.845575067E1,-9.755962372E0,1.326092377E0,2.651735687E0
2.846579167E1,-1.008003845E1,1.429976349E0,2.972518616E0
2.847583167E1,-1.055739578E1,1.689985657E0,3.243006134E0
2.848587267E1,-1.107397156E1,2.026336212E0,3.343596954E0
2.849591267E1,-1.169353317E1,2.243833923E0,3.139870605E0
2.850595267E1,-1.235485794E1,2.098336487E0,2.594105530E0
2.851599367E1,-1.326032501E1,1.467398529E0,1.924996948E0
2.852603367E1,-1.448971848E1,8.080197144E-1,1.110390930E0
2.853607467E1,-1.577434708E1,5.396278381E-1,1.164578247E-1
2.854611467E1,-1.658356430E1,6.364764404E-1,-7.743397522E-1
2.855615467E1,-1.660556854E1,8.461903381E-1,-1.490899658E0
2.856619567E1,-1.605007370E1,1.088686066E0,-2.141895905E0
2.857623567E1,-1.530267792E1,1.116378479E0,-2.627186737E0
2.858627667E1,-1.398646500E1,1.049617310E0,-2.842738495E0
2.859631667E1,-1.246502884E1,8.580157471E-1,-2.557581482E0
2.860635667E1,-1.074256073E1,7.177574158E-1,-2.214644623E0
2.861639767E1,-9.020092621E0,3.137475586E-1,-1.689386902E0
2.862643767E1,-7.844587097E0,-5.523513794E-1,-1.058748322E0
2.863647867E1,-7.234605560E0,-1.477128296E0,-6.634204102E-1
2.864651867E1,-7.098837891E0,-2.167792053E0,-3.336561584E-1
2.865655867E1,-7.180268555E0,-2.433040466E0,-4.191284180E-3
2.866659967E1,-7.060218201E0,-2.368824005E0,4.016148376E-1
2.867663967E1,-7.058272247E0,-2.112556915E0,9.695338440E-1
2.868668067E1,-7.487130432E0,-1.595083008E0,1.326840820E0
2.869672067E1,-7.987390137E0,-8.791218567E-1,1.299148407E0
2.870676067E1,-8.403524780E0,-1.329235840E-1,1.095721436E0
2.871680167E1,-8.852141876E0,6.866221619E-1,8.069718933E-1
2.872684167E1,-9.301956482E0,1.473386078E0,4.921765137E-1
2.873688267E1,-9.686955872E0,2.145937500E0,1.607656860E-1
2.874692267E1,-9.915680237E0,2.651735687E0,-1.504371643E-1
2.875696267E1,-9.957742767E0,2.978356476E0,-4.320016479E-1
2.876700367E1,-9.739346924E0,2.887046356E0,-5.533992004E-1
2.877704367E1,-9.479038239E0,2.372416534E0,-3.818559265E-1
2.878708467E1,-8.957373047E0,1.649869080E0,-1.002914429E-1
2.879712467E1,-8.399034119E0,8.210426331E-1,2.329156494E-1
2.880716467E1,-7.920928345E0,2.020797729E-2,5.510041809E-1
2.881720567E1,-7.554041290E0,-7.553292847E-1,7.183561707E-1
2.882724567E1,-7.297474823E0,-1.416504364E0,8.324189758E-1
2.883728667E1,-6.954687653E0,-1.827998657E0,9.792636108E-1
2.884732667E1,-6.881938934E0,-2.112107849E0,1.139430542E0
2.885736667E1,-7.054530029E0,-2.182461548E0,1.172960815E0
2.886740767E1,-7.508685608E0,-1.932780762E0,1.164278870E0
2.887744767E1,-7.510781250E0,-1.498982849E0,1.180744629E0
2.888748913E1,-7.872129822E0,-1.257834320E0,1.345252533E0
2.889752912E1,-8.400830383E0,-9.958790588E-1,1.382824402E0
2.890756913E1,-8.802445221E0,-6.703060913E-1,1.357227631E0
2.891761013E1,-9.053473206E0,-3.261717224E-1,1.340911560E0
2.892765012E1,-9.326206055E0,-4.775070190E-2,1.438807983E0
2.893769113E1,-9.560319214E0,1.740879822E-1,1.615590363E0
2.894773113E1,-9.479487305E0,2.653981018E-1,1.827250214E0
2.895777113E1,-9.262288971E0,1.794767761E-1,1.995200958E0
2.896781213E1,-9.022487640E0,1.517843628E-1,2.158062286E0
2.897785212E1,-8.728349304E0,2.025288391E-1,2.311493225E0
2.898789312E1,-8.419391785E0,2.618055725E-1,2.367626495E0
2.899793313E1,-8.191266174E0,3.835025024E-1,2.291285248E0
2.900797313E1,-8.060737610E0,4.617897034E-1,2.170187073E0
2.901801413E1,-7.944429474E0,3.841012573E-1,2.091301117E0
2.902805412E1,-7.930059357E0,1.938468933E-1,1.996847534E0
2.903809512E1,-7.931107178E0,-1.377136230E-2,1.786684570E0
2.904813513E1,-8.058043213E0,-1.682501221E-1,1.409618683E0
2.905817512E1,-8.463849335E0,-2.727328491E-1,1.088536377E0
2.906821613E1,-9.198222198E0,-3.606001282E-1,9.452842712E-1
2.907825612E1,-9.909842377E0,-2.871029663E-1,1.190025330E0
2.908829712E1,-1.040875488E1,-7.409591675E-2,2.030078430E0
2.909833713E1,-1.098116455E1,2.624043274E-1,3.060086517E0
2.910837712E1,-1.166060165E1,8.243357849E-1,3.677702179E0
2.911841812E1,-1.247026794E1,1.493444366E0,3.927682343E0
2.912845813E1,-1.326990509E1,2.215093689E0,3.914360046E0
2.913849912E1,-1.373199417E1,2.901715851E0,3.589086456E0
2.914853913E1,-1.359128677E1,3.214565277E0,2.982996826E0
2.915857912E1,-1.305674835E1,2.782413940E0,2.054627380E0
2.916862012E1,-1.288430695E1,1.337917786E0,1.214574280E0
2.917866013E1,-1.339130264E1,-5.644761658E-1,1.053808594E0
2.918870113E1,-1.363783997E1,-2.306403809E0,1.077160034E0
2.919874113E1,-1.368753662E1,-3.902384949E0,2.794688416E-1
2.920878112E1,-1.387030655E1,-5.040318604E0,-1.354233856E0
2.921882212E1,-1.382315460E1,-5.456303558E0,-3.132835236E0
2.922886213E1,-1.350641327E1,-5.346432037E0,-4.391717377E0
2.923890313E1,-1.257220596E1,-4.661456451E0,-4.898413696E0
2.924894312E1,-1.148007706E1,-3.628304901E0,-4.525688782E0
2.925898313E1,-1.069226532E1,-2.277214508E0,-3.812721405E0
2.926902412E1,-1.039228912E1,-7.607180786E-1,-3.218756561E0
2.927906413E1,-1.048868866E1,7.065307617E-1,-2.747985535E0
2.928910513E1,-1.057790314E1,1.854493561E0,-2.327809296E0
2.929914512E1,-1.016581009E1,2.520159302E0,-1.596130829E0
2.930918513E1,-9.486672363E0,2.715952148E0,-7.444020081E-1
2.931922613E1,-9.104816437E0,2.381846924E0,7.828720093E-2
2.932926613E1,-9.043294373E0,1.696571960E0,4.125421143E-1
2.933930713E1,-9.176068268E0,9.870474243E-1,2.619552612E-1
2.934934712E1,-9.422904968E0,2.915936279E-1,6.735992432E-2
2.935938713E1,-9.683812408E0,-3.360511780E-1,-2.510279846E-1
2.936942813E1,-9.988728333E0,-9.840536499E-1,-5.888754272E-1
2.937946813E1,-1.041983185E1,-1.788331146E0,-8.455915833E-1
2.938950913E1,-1.051293823E1,-2.525697784E0,-1.063688049E0
2.939954912E1,-1.019919067E1,-3.149750061E0,-1.135239258E0
2.940958913E1,-9.840087433E0,-3.460054779E0,-1.141077118E0
2.941963013E1,-9.203311615E0,-3.274141388E0,-1.258433075E0
2.942967012E1,-8.645571442E0,-2.932252350E0,-1.376238098E0
2.943971113E1,-8.107290802E0,-2.504142609E0,-1.501826935E0
2.944975113E1,-7.770790558E0,-1.882635040E0,-1.757345581E0
2.945979113E1,-7.503596191E0,-1.144669647E0,-2.047592010E0
2.946983213E1,-7.600744171E0,-5.050497437E-1,-2.260449371E0
2.947987212E1,-8.156388702E0,7.484436035E-3,-2.519111481E0
2.948991312E1,-8.403075714E0,4.661306763E-1,-2.617007904E0
2.949995313E1,-8.524922333E0,7.969427490E-1,-2.474953308E0
2.950999313E1,-8.842262421E0,9.913883972E-1,-2.284249878E0
2.952003413E1,-9.208101654E0,1.090781708E0,-2.078876953E0
2.953007412E1,-9.478289795E0,1.163680115E0,-1.883832550E0
2.954011413E1,-9.615254974E0,1.070274353E0,-1.696571960E0
2.955015513E1,-9.720486145E0,7.801776123E-1,-1.467847595E0
2.956019512E1,-9.742939453E0,5.004093933E-1,-1.348246307E0
2.957023613E1,-9.700278168E0,2.064207458E-1,-1.325792999E0
2.958027612E1,-9.614506531E0,-1.005908203E-1,-1.282233582E0
2.959031613E1,-9.565258942E0,-3.011737061E-1,-1.184935913E0
2.960035713E1,-9.497000885E0,-2.996768188E-1,-1.060394897E0
2.961039712E1,-9.432185669E0,-8.532257080E-2,-9.892927551E-1
2.962043812E1,-9.472002869E0,3.070115662E-1,-9.729766846E-1
2.963047813E1,-9.368567963E0,7.476951599E-1,-9.262738037E-1
2.964051813E1,-9.204958191E0,1.157093811E0,-8.202941895E-1
2.965055913E1,-9.156758423E0,1.557511139E0,-6.786886597E-1
2.966059912E1,-9.141789551E0,1.968256989E0,-4.845423889E-1
2.967064012E1,-9.131311340E0,2.320624237E0,-2.878514099E-1
2.968068013E1,-9.104217682E0,2.659818878E0,-3.487747192E-2
2.969072012E1,-9.028624878E0,2.960094452E0,2.004331970E-1
2.970076113E1,-8.862320709E0,3.166515198E0,4.385879517E-1
2.971080112E1,-8.717871094E0,3.198398895E0,7.259902954E-1
2.972084212E1,-8.580756226E0,3.052003326E0,1.006956024E0
2.973088213E1,-8.450676727E0,2.880609741E0,1.228645020E0
2.974092212E1,-8.333769836E0,2.651735687E0,1.459764404E0
2.975096312E1,-8.362809448E0,2.425406342E0,1.774110718E0
2.976100313E1,-8.432265015E0,2.310894470E0,1.971699829E0
2.977104412E1,-8.483608246E0,2.263443146E0,2.140698395E0
2.978108413E1,-8.600215759E0,2.222129059E0,2.272723846E0
2.979112412E1,-8.743617554E0,2.161355438E0,2.260000305E0
2.980116512E1,-8.915759583E0,2.090253296E0,2.147284698E0
2.981120513E1,-9.117689667E0,2.115251312E0,2.006427612E0
2.982124613E1,-9.294771423E0,2.336191864E0,1.925146637E0
2.983128613E1,-9.395811310E0,2.593357086E0,1.864522705E0
2.984132612E1,-9.570498047E0,2.749931488E0,1.813478851E0
2.985136712E1,-9.832602997E0,2.806064758E0,1.772314453E0
2.986140713E1,-1.008482849E1,2.700683899E0,1.743125153E0
2.987144712E1,-1.033570679E1,2.368075562E0,1.886377258E0
2.988148742E1,-1.056637711E1,1.866318970E0,2.148781586E0
2.989152742E1,-1.079854431E1,1.353186035E0,2.420316925E0
2.990156842E1,-1.105855362E1,9.747729492E-1,2.665357361E0
2.991160842E1,-1.116902390E1,7.490423584E-1,2.857258301E0
2.992164842E1,-1.133742371E1,5.447172546E-1,3.111579437E0
2.993168942E1,-1.164009430E1,5.068460083E-1,3.051554260E0
2.994172942E1,-1.195758408E1,5.170248413E-1,2.641556854E0
2.995177042E1,-1.228106140E1,3.294648743E-1,2.055974579E0
2.996181042E1,-1.274255173E1,-1.463955688E-1,1.427581329E0
2.997185042E1,-1.338426727E1,-4.595443726E-1,3.362008667E-1
2.998189142E1,-1.390787842E1,-3.603007507E-1,-1.166224823E0
2.999193142E1,-1.391401566E1,-1.002914429E-1,-2.494113464E0
3.000197242E1,-1.362421829E1,-1.788780212E-1,-3.305126953E0
3.001201242E1,-1.313907715E1,-5.149291992E-1,-3.897894287E0
3.002205242E1,-1.229213837E1,-6.432124329E-1,-4.470453644E0
3.003209342E1,-1.112082413E1,-3.888912964E-1,-4.571343842E0
3.004213342E1,-1.020892044E1,-7.424560547E-2,-4.067940674E0
3.005217442E1,-9.845176849E0,4.056564331E-2,-3.334615631E0
3.006221442E1,-9.860894165E0,4.760101318E-2,-2.510579224E0
3.007225442E1,-1.001297791E1,4.640350342E-3,-1.514700165E0
3.008229542E1,-1.031639694E1,-1.844165039E-1,-6.087840271E-1
3.009233542E1,-1.065738785E1,-5.056484985E-1,-1.106199646E-1
3.010237642E1,-1.091994186E1,-8.707392883E-1,2.404000854E-1
3.011241642E1,-1.103160965E1,-1.220262451E0,4.296066284E-1
3.012245642E1,-1.087458618E1,-1.399589539E0,4.308041382E-1
3.013249742E1,-1.059242294E1,-1.323847046E0,2.891986084E-1
3.014253742E1,-1.023736130E1,-9.303153992E-1,1.228944397E-1
3.015257842E1,-9.934391327E0,-2.912942505E-1,3.293151855E-3
3.016261842E1,-9.654922485E0,3.293151855E-1,-9.131011963E-2
3.017265842E1,-9.335486755E0,8.509803772E-1,-1.116677856E-1
3.018269942E1,-9.067543945E0,1.180744629E0,-9.654922485E-2
3.019273942E1,-8.661737823E0,1.283730469E0,-3.023712158E-2
3.020278042E1,-8.075257416E0,1.103954315E0,1.284329224E-1
3.021282042E1,-7.635322266E0,7.402107239E-1,2.915936279E-1
3.022286042E1,-7.251819763E0,3.935316467E-1,2.974314880E-1
3.023290142E1,-6.857539673E0,5.224136353E-2,3.546125793E-1
3.024294142E1,-6.430477753E0,-1.996847534E-1,5.269042969E-1
3.025298142E1,-5.968538361E0,-4.189787292E-1,7.053332520E-1
3.026302242E1,-5.793552246E0,-6.948550415E-1,8.072712708E-1
3.027306242E1,-5.920488281E0,-8.298742676E-1,9.333091736E-1
3.028310342E1,-6.341562653E0,-6.959028625E-1,8.887019348E-1
3.029314342E1,-6.822213135E0,-3.323089600E-1,6.997947693E-1
3.030318342E1,-7.397616577E0,1.496887207E-1,5.758525085E-1
3.031322442E1,-7.889793091E0,6.725514221E-1,5.319937134E-1
3.032326442E1,-8.734336853E0,9.952803040E-1,6.355783081E-1
3.033330542E1,-9.401798859E0,1.238973541E0,7.253915405E-1
3.034334542E1,-9.728868713E0,1.389859772E0,8.866062927E-1
3.035338542E1,-9.897867279E0,1.390907593E0,1.121467896E0
3.036342642E1,-1.004471191E1,1.221609650E0,1.392554169E0
3.037346642E1,-1.012494507E1,8.970845032E-1,1.658251648E0
3.038350742E1,-9.887987823E0,5.745053101E-1,1.897454224E0
3.039354742E1,-9.343869324E0,2.996768188E-1,2.121538239E0
3.040358742E1,-8.731642456E0,6.466552734E-2,2.388732605E0
3.041362842E1,-8.168812866E0,-5.807922363E-2,2.740950165E0
3.042366842E1,-7.739206238E0,-1.685494995E-1,3.090173950E0
3.043370942E1,-7.435338135E0,-4.105961609E-1,3.188818817E0
3.044374942E1,-7.196734314E0,-6.873706055E-1,3.158132629E0
3.045378942E1,-7.195686493E0,-8.348139954E-1,3.065325623E0
3.046383042E1,-7.617808685E0,-8.303233337E-1,2.887345734E0
3.047387042E1,-8.286019135E0,-6.924600220E-1,2.653082886E0
3.048391042E1,-9.166039124E0,-5.050497437E-1,2.414329376E0
3.049395142E1,-1.048719177E1,-2.195933533E-1,1.869163055E0
3.050399142E1,-1.184426971E1,2.267784119E-1,1.140029297E0
3.051403242E1,-1.267189865E1,8.399034119E-1,1.153800659E0
3.052407242E1,-1.308833267E1,1.583107910E0,1.976340179E0
3.053411242E1,-1.331556015E1,2.251767426E0,3.118465118E0
3.054415342E1,-1.341854599E1,3.010689240E0,4.159699860E0
3.055419342E1,-1.303803726E1,3.910019073E0,4.466412048E0
3.056423442E1,-1.260843063E1,4.527035980E0,3.821553040E0
3.057427442E1,-1.214170120E1,4.839586029E0,3.140918427E0
3.058431442E1,-1.122336090E1,4.829407196E0,1.913620605E0
3.059435542E1,-1.068238586E1,3.529660034E0,1.065783691E-1
3.060439542E1,-1.180385376E1,7.198530579E-1,-3.540138245E-1
3.061443642E1,-1.312096481E1,-1.863624573E0,-2.101629639E-1
3.062447642E1,-1.358874207E1,-3.774850159E0,-1.494192810E0
3.063451642E1,-1.386252274E1,-4.920717316E0,-3.632496185E0
3.064455742E1,-1.419288574E1,-5.075495453E0,-5.372777252E0
3.065459742E1,-1.412118484E1,-4.489164734E0,-5.885311432E0
3.066463842E1,-1.379171997E1,-3.625610504E0,-4.986131287E0
3.067467842E1,-1.320479050E1,-2.649490356E0,-3.192710724E0
3.068471842E1,-1.239213043E1,-1.615141296E0,-1.434766388E0
3.069475942E1,-1.095332245E1,-2.309696960E-1,-7.445516968E-1
3.070479942E1,-9.428144073E0,1.094972992E0,-8.385562134E-1
3.071483942E1,-8.753197632E0,2.054328003E0,-7.661068726E-1
3.072488042E1,-8.389304352E0,2.624043274E0,-1.428030396E-1
3.073492042E1,-8.325836334E0,2.457888794E0,8.069718933E-1
3.074496142E1,-8.077951813E0,2.098336487E0,1.563947754E0
3.075500142E1,-7.658074951E0,1.659000092E0,1.997895355E0
3.076504142E1,-7.557484131E0,1.144070892E0,2.028132477E0
3.077508242E1,-7.537425842E0,6.565347290E-1,1.605411530E0
3.078512242E1,-7.600594482E0,2.616558838E-1,9.970765686E-1
3.079516342E1,-7.890691223E0,-2.451901245E-1,2.728825378E-1
3.080520342E1,-8.545729065E0,-8.077203369E-1,-5.089416504E-1
3.081524342E1,-9.422755280E0,-1.083147583E0,-1.196012878E0
3.082528442E1,-9.992171173E0,-9.996212769E-1,-1.383123779E0
3.083532442E1,-9.928254089E0,-7.237449646E-1,-1.126407623E0
3.084536542E1,-9.320667572E0,-3.315605164E-1,-5.966592407E-1
3.085540542E1,-8.442593536E0,1.510359192E-1,-1.152603149E-1
3.086544542E1,-7.446265411E0,7.743397522E-1,2.227368164E-1
3.087548642E1,-6.963519287E0,1.361568604E0,3.579057312E-1
3.088552700E1,-6.743925934E0,1.882185974E0,4.897814941E-1
3.089556800E1,-6.668333130E0,2.155816956E0,6.291416931E-1
3.090560800E1,-6.775959320E0,2.169139252E0,7.502398682E-1
3.091564800E1,-6.786587219E0,1.924248505E0,7.375163269E-1
3.092568900E1,-7.120243378E0,1.605261841E0,6.617738342E-1
3.093572900E1,-7.582332458E0,1.363813934E0,6.357279968E-1
3.094576900E1,-7.937693481E0,1.147962799E0,6.188131714E-1
3.095581000E1,-8.238268433E0,8.904981995E-1,6.469546509E-1
3.096585000E1,-8.503217468E0,7.204518127E-1,7.108717346E-1
3.097589100E1,-8.675958252E0,5.309458923E-1,8.478369141E-1
3.098593100E1,-8.596174164E0,4.339476013E-1,1.006057892E0
3.099597100E1,-8.252339172E0,5.381309509E-1,1.133892059E0
3.100601200E1,-7.580536194E0,7.265890503E-1,1.355431366E0
3.101605200E1,-7.011569366E0,8.541238403E-1,1.622925110E0
3.102609300E1,-6.759044495E0,9.074130249E-1,1.983076172E0
3.103613300E1,-6.729106750E0,1.086590424E0,2.210153961E0
3.104617300E1,-6.975793762E0,1.360520782E0,2.250569916E0
3.105621400E1,-7.536827087E0,1.494791565E0,2.485132141E0
3.106625400E1,-8.379724274E0,1.332229614E0,2.615361328E0
3.107629500E1,-9.360933838E0,9.927355957E-1,2.372117157E0
3.108633500E1,-1.032492920E1,7.135661316E-1,1.943109283E0
3.109637500E1,-1.136691238E1,4.403842163E-1,1.405128021E0
3.110641600E1,-1.215068253E1,9.580078125E-3,1.051563263E0
3.111645600E1,-1.243224701E1,-3.909869385E-1,1.348246307E0
3.112649600E1,-1.259855118E1,-7.135661316E-1,2.325414276E0
3.113653700E1,-1.283850220E1,-7.991880798E-1,3.236569519E0
3.114657700E1,-1.315449509E1,-5.607339478E-1,3.422183533E0
3.115661800E1,-1.358230545E1,-2.083666992E-1,3.093766479E0
3.116665800E1,-1.400323013E1,-2.634521484E-1,3.193159790E0
3.117669800E1,-1.420276520E1,-7.924520874E-1,2.927162933E0
3.118673900E1,-1.433718567E1,-6.427633667E-1,1.272204437E0
3.119677900E1,-1.450842957E1,9.289682007E-1,-1.547781372E0
3.120682000E1,-1.447909058E1,2.565514984E0,-3.863166504E0
3.121686000E1,-1.423285263E1,3.395389252E0,-5.374423828E0
3.122690000E1,-1.382869308E1,3.662284241E0,-6.282585297E0
3.123694100E1,-1.341151062E1,3.527414703E0,-6.614594879E0
3.124698100E1,-1.295496002E1,3.157982941E0,-5.935008087E0
3.125702200E1,-1.218256622E1,2.740800476E0,-4.492457886E0
3.126706200E1,-1.099269058E1,2.392025757E0,-3.287613373E0
3.127710200E1,-9.613309021E0,1.679806824E0,-2.388882294E0
3.128714300E1,-8.701854401E0,3.959266663E-1,-1.623523865E0
3.129718300E1,-8.698860626E0,-8.795709229E-1,-8.162525940E-1
3.130722300E1,-9.146579590E0,-1.753303986E0,-1.538800049E-1
3.131726400E1,-9.682914276E0,-2.182910614E0,2.492317200E-1
3.132730400E1,-1.009964767E1,-1.929786987E0,5.966592407E-1
3.133734500E1,-1.012539413E1,-1.074914703E0,8.143066406E-1
3.134738500E1,-1.007375153E1,-1.255888367E-1,9.542655945E-1
3.135742500E1,-9.986932068E0,4.562512207E-1,1.153650970E0
3.136746600E1,-9.985435181E0,6.944059753E-1,1.163829803E0
3.137750600E1,-9.896071014E0,8.906478882E-1,7.673043823E-1
3.138754700E1,-9.520202637E0,1.137484589E0,2.320175171E-1
3.139758700E1,-8.969048767E0,1.425186310E0,-3.628454590E-1
3.140762700E1,-8.202043762E0,1.680704956E0,-8.912466431E-1
3.141766800E1,-7.585176544E0,1.715881805E0,-1.201850739E0
3.142770800E1,-7.086862793E0,1.554367676E0,-1.280886383E0
3.143774900E1,-6.614295502E0,1.254241791E0,-1.082099762E0
3.144778900E1,-6.258635101E0,7.412585449E-1,-6.812333679E-1
3.145782900E1,-6.117778015E0,9.954299927E-2,-1.709445190E-1
3.146787000E1,-5.778882751E0,-4.185296631E-1,3.159928894E-1
3.147791000E1,-5.326523438E0,-8.012837219E-1,8.363108826E-1
3.148795000E1,-5.828579407E0,-1.097817078E0,8.975335693E-1
3.149799100E1,-6.472091217E0,-1.188229065E0,8.119116211E-1
3.150803100E1,-6.840175781E0,-1.033001862E0,9.728269958E-1
3.151807200E1,-7.477550354E0,-8.464897156E-1,1.039737854E0
3.152811200E1,-8.135282593E0,-7.214996338E-1,1.113983459E0
3.153815200E1,-8.411158905E0,-6.197113037E-1,1.188977509E0
3.154819300E1,-8.823251953E0,-5.779481506E-1,1.232686615E0
3.155823300E1,-9.104966125E0,-4.550537109E-1,1.299298096E0
3.156827400E1,-8.919202423E0,-2.736309814E-1,1.431922302E0
3.157831400E1,-8.543334045E0,-1.213975525E-1,1.537303162E0
3.158835400E1,-8.077353058E0,2.739303589E-2,1.609902191E0
3.159839500E1,-7.644004211E0,1.999841309E-1,1.894610138E0
3.160843500E1,-7.387886810E0,2.706372070E-1,2.152523804E0
3.161847500E1,-7.360194397E0,2.022294617E-1,2.076182556E0
3.162851600E1,-7.576943665E0,1.905537415E-1,1.800455933E0
3.163855600E1,-8.007897491E0,3.269201660E-1,1.508113861E0
3.164859700E1,-8.777746582E0,2.983296204E-1,1.332828369E0
3.165863700E1,-9.853409729E0,-1.122665405E-2,1.137185211E0
3.166867700E1,-1.092293564E1,-3.972738647E-1,8.108638000E-1
3.167871800E1,-1.203272781E1,-6.533912659E-1,5.152285767E-1
3.168875800E1,-1.300929703E1,-8.093669128E-1,8.202941895E-1
3.169879900E1,-1.372929977E1,-7.911048889E-1,1.751956787E0
3.170883900E1,-1.421039932E1,-4.900808716E-1,2.853516083E0
3.171887900E1,-1.446487015E1,-1.049317932E-1,3.530857544E0
3.172892000E1,-1.453163132E1,1.880090332E-1,3.506757660E0
3.173896000E1,-1.430784668E1,6.875202942E-1,3.125500488E0
3.174900100E1,-1.335208420E1,1.588347015E0,2.295626221E0
3.175904100E1,-1.208107727E1,2.645598450E0,7.237449646E-1
3.176908100E1,-1.143861328E1,2.777025146E0,-9.187893677E-1
3.177912200E1,-1.222028778E1,1.335822144E0,-1.772314453E0
3.178916200E1,-1.279614029E1,7.828720093E-2,-2.381248169E0
3.179920200E1,-1.268222717E1,-4.635859680E-1,-3.254681854E0
3.180924300E1,-1.272503815E1,-7.506889343E-1,-3.947291565E0
3.181928300E1,-1.286215302E1,-5.751040649E-1,-4.119433594E0
3.182932400E1,-1.300705170E1,-1.606159973E-1,-4.115541687E0
3.183936400E1,-1.294972092E1,1.983375549E-1,-3.472029877E0
3.184940400E1,-1.244886246E1,6.568341064E-1,-2.140548706E0
3.185944500E1,-1.182540894E1,1.236279144E0,-1.221909027E0
3.186948500E1,-1.110196335E1,1.813628540E0,-8.412506104E-1
3.187952600E1,-1.029948212E1,2.094145203E0,-7.551795959E-1
3.188956550E1,-9.649084625E0,2.088606720E0,-3.115022278E-1
3.189960550E1,-9.260941772E0,1.738035736E0,4.028123474E-1
3.190964650E1,-8.818012848E0,1.208137665E0,1.059646454E0
3.191968650E1,-8.204887848E0,6.345304871E-1,1.648821259E0
3.192972750E1,-7.772287445E0,8.352630615E-2,1.866618347E0
3.193976750E1,-7.760761414E0,-3.159928894E-1,1.505569153E0
3.194980750E1,-7.782765656E0,-5.357359314E-1,9.225315857E-1
3.195984850E1,-7.695048065E0,-5.887257385E-1,3.983216858E-1
3.196988850E1,-7.742349701E0,-4.773573303E-1,-1.781295776E-2
3.197992950E1,-7.914192352E0,-2.847079468E-1,-2.668949890E-1
3.198996950E1,-7.713759155E0,-1.782792664E-1,-3.752696228E-1
3.200000950E1,-7.506440277E0,2.095642090E-3,-2.975811768E-1
3.201005050E1,-7.322921906E0,2.838098145E-1,-2.185455322E-1
3.202009050E1,-7.023993530E0,7.017407227E-1,-1.736389160E-1
3.203013050E1,-6.746470642E0,1.126257935E0,4.954696655E-2
3.204017150E1,-6.386618958E0,1.534908142E0,3.005749512E-1
3.205021150E1,-5.845494232E0,1.879192200E0,5.225633240E-1
3.206025250E1,-5.746400299E0,2.109413452E0,8.657995605E-1
3.207029250E1,-5.904172211E0,2.232906647E0,1.051712952E0
3.208033250E1,-6.139482880E0,2.266736298E0,1.182989960E0
3.209037350E1,-6.596931610E0,2.203118591E0,1.124162292E0
3.210041350E1,-7.151528320E0,2.046244812E0,9.767189026E-1
3.211045450E1,-7.877069550E0,1.867516479E0,8.783734131E-1
3.212049450E1,-8.512498169E0,1.763782196E0,8.385562134E-1
3.213053450E1,-9.004375305E0,1.643133087E0,9.568103027E-1
3.214057550E1,-9.283844147E0,1.556912384E0,1.185983734E0
3.215061550E1,-9.119036865E0,1.621278534E0,1.392105103E0
3.216065650E1,-8.597820740E0,1.691632233E0,1.671274567E0
3.217069650E1,-8.220305786E0,1.611399078E0,1.901346130E0
3.218073650E1,-8.002359009E0,1.426533508E0,2.203118591E0
3.219077750E1,-7.971074066E0,1.237626343E0,2.626737671E0
3.220081750E1,-8.068671112E0,1.089434509E0,2.917882233E0
3.221085850E1,-8.156688080E0,9.286688232E-1,2.820883942E0
3.222089850E1,-8.568182373E0,5.821394348E-1,2.624043274E0
3.223093850E1,-9.149573364E0,3.824546814E-1,2.229314117E0
3.224097950E1,-9.797575836E0,5.230123901E-1,1.584904175E0
3.225101950E1,-1.076815750E1,9.683363342E-1,1.285826111E0
3.226106050E1,-1.200114349E1,1.445394287E0,1.786085815E0
3.227110050E1,-1.310105621E1,1.819915466E0,2.752027130E0
3.228114050E1,-1.379710876E1,2.102378082E0,3.571123810E0
3.229118150E1,-1.440963501E1,2.274520111E0,3.849095764E0
3.230122150E1,-1.502740036E1,2.210902405E0,3.268153839E0
3.231126250E1,-1.537318130E1,1.453477478E0,2.831212463E0
3.232130250E1,-1.535461990E1,-1.457968140E-1,2.439028015E0
3.233134250E1,-1.489821899E1,-1.510508881E0,1.441502380E0
3.234138350E1,-1.438134384E1,-9.907896423E-1,-3.740721130E-1
3.235142350E1,-1.383932098E1,8.884025574E-1,-2.222129059E0
3.236146450E1,-1.291439438E1,2.105222168E0,-3.540138245E0
3.237150450E1,-1.188393723E1,2.200723572E0,-4.620591431E0
3.238154450E1,-1.141122025E1,1.533111877E0,-5.301076355E0
3.239158550E1,-1.161285095E1,7.984396362E-1,-5.095404053E0
3.240162550E1,-1.162737076E1,4.779560852E-1,-3.968098297E0
3.241166650E1,-1.120210510E1,4.936734009E-1,-2.457290039E0
3.242170650E1,-1.062849792E1,2.393522644E-1,-1.049467621E0
3.243174650E1,-1.000534378E1,-2.574645996E-1,-3.754193115E-1
3.244178750E1,-9.645043030E0,-9.110055542E-1,-1.571731567E-2
3.245182750E1,-9.665251007E0,-1.565594330E0,3.427871704E-1
3.246186850E1,-9.831255798E0,-1.742526398E0,2.754272461E-1
3.247190850E1,-9.932595062E0,-1.412462769E0,2.395019531E-1
3.248194850E1,-9.816436615E0,-6.271957397E-1,4.712200928E-1
3.249198950E1,-9.786947937E0,4.454736328E-1,6.722520447E-1
3.250202950E1,-9.979747009E0,1.346899109E0,7.565267944E-1
3.251207050E1,-1.015143997E1,1.824555817E0,6.884184265E-1
3.252211050E1,-1.014171021E1,2.007924500E0,5.233117676E-1
3.253215050E1,-9.875563660E0,2.020348663E0,2.359094238E-1
3.254219150E1,-9.446406097E0,1.913620605E0,-1.122665405E-1
3.255223150E1,-9.068142700E0,1.620979156E0,-3.516188049E-1
3.256227250E1,-8.705297241E0,1.351389771E0,-4.397854614E-1
3.257231250E1,-8.125852203E0,1.065933380E0,-3.670367432E-1
3.258235250E1,-7.342531128E0,7.339237976E-1,-1.678010559E-1
3.259239350E1,-6.581813049E0,3.415896606E-1,8.891510010E-2
3.260243350E1,-5.854026489E0,-1.347198486E-3,5.011578369E-1
3.261247450E1,-5.328469391E0,-4.519102478E-1,8.922944641E-1
3.262251450E1,-5.487588501E0,-7.566764832E-1,9.412426758E-1
3.263255450E1,-5.910908203E0,-9.190887451E-1,9.599537659E-1
3.264259550E1,-5.960305481E0,-9.469308472E-1,1.115180969E0
3.265263550E1,-5.871540070E0,-8.610095215E-1,1.376537476E0
3.266267650E1,-6.147566071E0,-8.846603394E-1,1.560504913E0
3.267271650E1,-6.856940918E0,-9.291178894E-1,1.655108185E0
3.268275650E1,-7.438780975E0,-9.083111572E-1,1.637744293E0
3.269279750E1,-7.825426941E0,-8.175997925E-1,1.586251373E0
3.270283750E1,-8.061635742E0,-6.988966370E-1,1.700463867E0
3.271287850E1,-8.139473877E0,-6.231541443E-1,2.041454773E0
3.272291850E1,-8.075407104E0,-6.418652344E-1,2.427801361E0
3.273295850E1,-8.013286285E0,-6.761439514E-1,2.671045532E0
3.274299950E1,-7.928412781E0,-5.599855042E-1,2.824027405E0
3.275303950E1,-7.791447601E0,-3.632945251E-1,2.799777832E0
3.276308050E1,-7.659721527E0,-1.396595764E-1,2.428998871E0
3.277312050E1,-7.621101837E0,2.888992310E-2,1.942660217E0
3.278316150E1,-7.652985535E0,1.299298096E-1,1.709445190E0
3.279320150E1,-7.903265076E0,4.685256958E-2,1.609153748E0
3.280324150E1,-8.701255646E0,-3.028202820E-1,1.586999817E0
3.281328250E1,-9.702673187E0,-4.758604431E-1,1.472787323E0
3.282332250E1,-1.082893112E1,-5.896238708E-1,1.397942963E0
3.283336350E1,-1.206311462E1,-7.244934082E-1,2.142644348E0
3.284340350E1,-1.324745178E1,-5.900729370E-1,3.573668518E0
3.285344350E1,-1.426608353E1,-1.073268127E-1,4.853806458E0
3.286348450E1,-1.531180893E1,2.850073242E-1,5.518574066E0
3.287352450E1,-1.618748795E1,4.209246826E-1,4.948709106E0
3.288356600E1,-1.630095200E1,6.824308777E-1,3.865860901E0
3.289360600E1,-1.524295212E1,1.413360901E0,2.482886810E0
3.290364600E1,-1.347587677E1,2.156565399E0,9.659413147E-1
3.291368700E1,-1.237521561E1,2.286046143E0,1.902543640E-1
3.292372700E1,-1.278970367E1,1.025517426E0,2.658471680E-1
3.293376800E1,-1.303713913E1,-4.628375244E-1,-8.083190918E-3
3.294380800E1,-1.253792725E1,-1.361568604E0,-9.976753235E-1
3.295384900E1,-1.233045868E1,-1.953886871E0,-2.116598511E0
3.296388900E1,-1.247520767E1,-2.082170105E0,-3.002606049E0
3.297392900E1,-1.234228409E1,-1.596729584E0,-3.575464783E0
3.298397000E1,-1.211011688E1,-9.767189026E-1,-3.046315155E0
3.299401000E1,-1.194650711E1,-3.158432007E-1,-1.858984222E0
3.300405100E1,-1.128982269E1,6.821315002E-1,-1.216819611E0
3.301409100E1,-1.071995773E1,1.635798340E0,-1.008901978E0
3.302413100E1,-1.040082138E1,2.421813812E0,-9.629475403E-1
3.303417200E1,-1.011386810E1,2.800825653E0,-6.099815369E-1
3.304421200E1,-9.696086884E0,2.878663788E0,-2.395019531E-3
3.305425300E1,-8.915609894E0,2.663261719E0,8.174501038E-1
3.306429300E1,-8.274642792E0,2.101929016E0,1.630110168E0
3.307433400E1,-7.699838104E0,1.404529266E0,2.105521545E0
3.308437400E1,-7.230264587E0,7.119195557E-1,2.076481934E0
3.309441400E1,-7.288942566E0,1.332229614E-2,1.722168732E0
3.310445500E1,-7.369475098E0,-5.131329346E-1,1.152004395E0
3.311449500E1,-7.375762024E0,-8.942404175E-1,5.896238708E-1
3.312453600E1,-7.181016998E0,-1.016835480E0,1.287322998E-1
3.313457600E1,-7.485034790E0,-1.079105988E0,-1.519340515E-1
3.314461600E1,-7.990533600E0,-9.973759460E-1,-4.043092346E-1
3.315465700E1,-7.979306946E0,-5.981561279E-1,-4.909790039E-1
3.316469700E1,-7.434140625E0,-8.232879639E-2,-2.242337036E-1
3.317473800E1,-7.133266296E0,3.264710999E-1,8.202941895E-2
3.318477800E1,-6.855743408E0,8.168513489E-1,2.406994629E-1
3.319481900E1,-6.704557800E0,1.429976349E0,2.896476746E-1
3.320485900E1,-6.580615540E0,2.008972321E0,3.692820740E-1
3.321489900E1,-6.317313080E0,2.340233459E0,5.014572144E-1
3.322494000E1,-6.337371368E0,2.379002838E0,7.670050049E-1
3.323498000E1,-6.624773712E0,2.380200348E0,1.009800110E0
3.324502100E1,-6.892866211E0,2.349663849E0,1.148561554E0
3.325506100E1,-7.342531128E0,2.263892212E0,1.226848755E0
3.326510100E1,-7.771688690E0,2.108814697E0,1.243613892E0
3.327514200E1,-8.163424072E0,1.949396210E0,1.276994476E0
3.328518200E1,-8.636590118E0,1.750160522E0,1.349593506E0
3.329522300E1,-8.945847015E0,1.603914642E0,1.409768372E0
3.330526300E1,-8.730744324E0,1.522483978E0,1.537153473E0
3.331530400E1,-8.330027618E0,1.334774323E0,1.849703522E0
3.332534400E1,-8.003107452E0,1.076860657E0,2.120340729E0
3.333538400E1,-7.850424957E0,8.795709229E-1,2.437082062E0
3.334542500E1,-7.884703674E0,7.860154724E-1,2.747835846E0
3.335546500E1,-8.056097260E0,7.355703735E-1,2.600691833E0
3.336550600E1,-8.468489685E0,5.807922363E-1,2.387684784E0
3.337554600E1,-9.148076477E0,3.517684937E-1,2.060914307E0
3.338558700E1,-9.989776154E0,3.935316467E-1,1.341061249E0
3.339562700E1,-1.098924774E1,8.143066406E-1,8.123606873E-1
3.340566700E1,-1.230201782E1,1.368753662E0,1.124761047E0
3.341570800E1,-1.339175171E1,1.745220795E0,2.304158478E0
3.342574800E1,-1.406834473E1,2.005230103E0,3.371139679E0
3.343578900E1,-1.477487549E1,2.441572723E0,3.477418671E0
3.344582900E1,-1.552137314E1,2.603535919E0,3.160078583E0
3.345587000E1,-1.588332047E1,1.688189392E0,2.701432343E0
3.346591000E1,-1.576880859E1,1.556762695E-2,1.680106201E0
3.347595000E1,-1.537482788E1,-9.192384338E-1,-2.842588806E-1
3.348599100E1,-1.484702545E1,-2.775228882E-1,-2.544259186E0
3.349603100E1,-1.404229889E1,8.948391724E-1,-4.116888885E0
3.350607200E1,-1.326137283E1,1.554217987E0,-4.832999725E0
3.351611200E1,-1.272294250E1,1.605860596E0,-5.235363007E0
3.352615200E1,-1.233405121E1,1.229543152E0,-5.239853668E0
3.353619300E1,-1.198048645E1,8.548722839E-1,-4.381239166E0
3.354623300E1,-1.129610962E1,6.342311096E-1,-3.097808075E0
3.355627400E1,-1.052296738E1,1.538800049E-1,-1.861528931E0
3.356631400E1,-9.958341522E0,-6.414161682E-1,-1.205143890E0
3.357635500E1,-9.735904083E0,-1.409468994E0,-1.003213806E0
3.358639500E1,-9.893077240E0,-1.930685120E0,-7.458988953E-1
3.359643500E1,-1.012539413E1,-2.019600220E0,-4.432283020E-1
3.360647600E1,-1.020682480E1,-1.632954254E0,-1.859133911E-1
3.361651600E1,-1.001252884E1,-8.614585876E-1,9.026229858E-2
3.362655700E1,-9.700876923E0,6.960525513E-2,3.052153015E-1
3.363659700E1,-9.574240265E0,8.837622070E-1,4.152365112E-1
3.364663800E1,-9.649234314E0,1.368454285E0,4.168830872E-1
3.365667800E1,-9.603279877E0,1.627415771E0,3.204835510E-1
3.366671800E1,-9.310638428E0,1.769170990E0,1.517843628E-1
3.367675900E1,-8.787027283E0,1.825903015E0,-2.230361938E-2
3.368679900E1,-8.305478668E0,1.708397369E0,-2.239343262E-1
3.369684000E1,-7.714208221E0,1.536105652E0,-3.906875610E-1
3.370688000E1,-7.112758942E0,1.230141907E0,-3.100053406E-1
3.371692100E1,-6.573580170E0,7.161108398E-1,-1.043330383E-1
3.372696100E1,-6.053860931E0,2.094145203E-1,1.751358032E-1
3.373700100E1,-5.438640289E0,-2.177970886E-1,3.938310242E-1
3.374704200E1,-5.174290009E0,-6.593788147E-1,3.815565491E-1
3.375708200E1,-5.455555115E0,-1.037492523E0,2.981799316E-1
3.376712300E1,-5.788313141E0,-1.171314240E0,4.029620361E-1
3.377716300E1,-5.851332092E0,-1.139580231E0,7.539820862E-1
3.378720400E1,-5.817951508E0,-1.059347076E0,1.060245209E0
3.379724400E1,-6.010900269E0,-8.493338013E-1,1.179247742E0
3.380728400E1,-6.649322662E0,-7.074288940E-1,1.169967041E0
3.381732500E1,-7.433392181E0,-5.578898621E-1,1.187181244E0
3.382736500E1,-8.018824768E0,-4.134402466E-1,1.320254517E0
3.383740600E1,-8.471034393E0,-3.406915283E-1,1.415157166E0
3.384744600E1,-8.871900787E0,-3.751199341E-1,1.550775146E0
3.385748700E1,-9.071435852E0,-4.655319214E-1,1.658700714E0
3.386752700E1,-8.962612152E0,-5.158273315E-1,1.714384918E0
3.387756700E1,-8.670120392E0,-4.049079895E-1,1.821262665E0
3.388760850E1,-8.329877930E0,-1.613644409E-1,1.883682861E0
3.389764850E1,-8.014783173E0,5.553451538E-2,1.873504028E0
3.390768950E1,-7.817643127E0,2.897973633E-1,1.889969788E0
3.391772950E1,-7.788603516E0,4.541555786E-1,1.910626831E0
3.392777050E1,-8.198301544E0,3.192860413E-1,1.789828033E0
3.393781050E1,-9.201515350E0,-1.255888367E-1,1.472937012E0
3.394785050E1,-1.041893372E1,-5.685177612E-1,9.737251282E-1
3.395789150E1,-1.159773239E1,-8.810678101E-1,6.126759338E-1
3.396793150E1,-1.264974472E1,-1.195414124E0,1.135987701E0
3.397797250E1,-1.373199417E1,-1.182540894E0,2.470462646E0
3.398801250E1,-1.494372437E1,-7.875123596E-1,3.777993622E0
3.399805350E1,-1.602492599E1,-2.219883728E-1,4.386328583E0
3.400809350E1,-1.660990952E1,2.251318359E-1,3.923341370E0
3.401813450E1,-1.635573807E1,7.494914246E-1,2.839145966E0
3.402817450E1,-1.487726257E1,1.382674713E0,1.227896576E0
3.403821450E1,-1.293939240E1,1.846859436E0,-5.927673340E-1
3.404825550E1,-1.217104019E1,1.500030670E0,-1.523082733E0
3.405829550E1,-1.256352402E1,1.567240906E-1,-1.443747711E0
3.406833650E1,-1.249751129E1,-8.640032959E-1,-1.604962463E0
3.407837650E1,-1.234363129E1,-1.296454010E0,-2.437980194E0
3.408841750E1,-1.239257950E1,-1.544937286E0,-3.210224304E0
3.409845750E1,-1.221250397E1,-1.470541992E0,-3.854484558E0
3.410849750E1,-1.191402466E1,-8.399034119E-1,-3.942202148E0
3.411853850E1,-1.173784103E1,2.932402039E-1,-3.295696564E0
3.412857850E1,-1.173215286E1,1.159339142E0,-2.558030548E0
3.413861950E1,-1.160895905E1,1.817670135E0,-2.127226410E0
3.414865950E1,-1.146211441E1,2.138153687E0,-1.958676910E0
3.415870050E1,-1.143532013E1,2.260898438E0,-1.566342773E0
3.416874050E1,-1.093401260E1,2.390229492E0,-7.777825928E-1
3.417878050E1,-1.029349457E1,2.097588043E0,1.261875916E-1
3.418882150E1,-9.743388519E0,1.376238098E0,9.942324829E-1
3.419886150E1,-9.283844147E0,6.114784241E-1,1.482966156E0
3.420890250E1,-8.879534912E0,4.610412598E-2,1.423689423E0
3.421894250E1,-8.503816223E0,-3.544628906E-1,9.852511597E-1
3.422898350E1,-8.335117035E0,-6.349795532E-1,4.004173279E-1
3.423902350E1,-8.112529907E0,-8.747808838E-1,-1.013392639E-1
3.424906450E1,-7.516768799E0,-1.055455170E0,-3.353027344E-1
3.425910450E1,-7.072043610E0,-1.121617584E0,-4.086502075E-1
3.426914450E1,-6.805897064E0,-9.479786682E-1,-4.336482239E-1
3.427918550E1,-6.558311920E0,-4.757107544E-1,-4.418811035E-1
3.428922550E1,-5.818400574E0,-7.484436035E-3,-2.302212524E-1
3.429926650E1,-5.381758575E0,3.016227722E-1,1.091230774E-1
3.430930650E1,-4.970114594E0,6.565347290E-1,3.269201660E-1
3.431934750E1,-4.698279877E0,1.135388947E0,4.647834778E-1
3.432938750E1,-4.900209961E0,1.669627991E0,5.902226257E-1
3.433942750E1,-5.387596436E0,2.205513611E0,6.459068298E-1
3.434946850E1,-5.609135742E0,2.525997162E0,7.929011536E-1
3.435950850E1,-6.080804901E0,2.456990662E0,9.624984741E-1
3.436954950E1,-6.587800598E0,2.282603302E0,9.168434143E-1
3.437958950E1,-7.096143494E0,2.054178314E0,9.521699524E-1
3.438963050E1,-7.792495422E0,1.825304260E0,1.032552795E0
3.439967050E1,-8.351882172E0,1.605112152E0,1.097218323E0
3.440971150E1,-8.708141327E0,1.405876465E0,1.259331207E0
3.441975150E1,-8.879983978E0,1.215472412E0,1.471440125E0
3.442979150E1,-8.780740356E0,1.174607391E0,1.763482819E0
3.443983250E1,-8.522377625E0,1.102607117E0,2.071542206E0
3.444987250E1,-8.402926025E0,9.610015869E-1,2.271376648E0
3.445991350E1,-8.400231628E0,8.640032959E-1,2.534080353E0
3.446995350E1,-8.462202759E0,8.255332947E-1,2.613714752E0
3.447999450E1,-8.707392883E0,7.098239136E-1,2.511177979E0
3.449003450E1,-9.211843872E0,4.397854614E-1,2.401007080E0
3.450007450E1,-9.874964905E0,3.296145630E-1,1.851499786E0
3.451011550E1,-1.074181229E1,5.640270996E-1,1.244961090E0
3.452015550E1,-1.193602890E1,1.087338867E0,1.277742920E0
3.453019650E1,-1.305525146E1,1.697021027E0,2.160906372E0
3.454023650E1,-1.379935410E1,2.068847809E0,3.436254272E0
3.455027750E1,-1.442415482E1,2.281256104E0,4.328099670E0
3.456031750E1,-1.504027359E1,2.551593933E0,4.189188538E0
3.457035850E1,-1.537138504E1,2.456092529E0,3.423680420E0
3.458039850E1,-1.529908539E1,1.274150391E0,2.858006744E0
3.459043850E1,-1.478714996E1,-4.625381470E-1,1.804946594E0
3.460047950E1,-1.449600540E1,-1.085392914E0,8.666976929E-2
3.461051950E1,-1.429976349E1,3.299139404E-1,-2.051932983E0
3.462056050E1,-1.356688751E1,1.920356598E0,-3.716770935E0
3.463060050E1,-1.258088791E1,2.259850616E0,-4.714895325E0
3.464064150E1,-1.199665283E1,1.673370209E0,-5.115013275E0
3.465068150E1,-1.192614944E1,9.930349731E-1,-4.992867279E0
3.466072250E1,-1.168065994E1,6.144721985E-1,-4.203558655E0
3.467076250E1,-1.113010483E1,3.456312561E-1,-2.804717560E0
3.468080250E1,-1.056742493E1,-7.918533325E-2,-1.407223663E0
3.469084350E1,-9.959239655E0,-6.602769470E-1,-8.563691711E-1
3.470088350E1,-9.729467468E0,-1.354533234E0,-6.719526672E-1
3.471092450E1,-9.854457550E0,-1.889221344E0,-3.600013733E-1
3.472096450E1,-9.992620239E0,-2.033072205E0,-1.228944397E-1
3.473100550E1,-1.029020142E1,-1.634151764E0,4.026626587E-2
3.474104550E1,-1.042417282E1,-7.081773376E-1,1.892065430E-1
3.475108550E1,-1.036699173E1,5.613327026E-1,2.393522644E-1
3.476112650E1,-1.028705795E1,1.569635925E0,2.412982178E-1
3.477116650E1,-1.030247589E1,2.048340454E0,3.261717224E-1
3.478120750E1,-1.019604721E1,2.223326569E0,3.360511780E-1
3.479124750E1,-9.927805023E0,2.226470032E0,1.441502380E-1
3.480128850E1,-9.488019562E0,2.087259521E0,-2.025288391E-1
3.481132850E1,-8.791068878E0,1.920805664E0,-4.462220764E-1
3.482136950E1,-8.015232239E0,1.742676086E0,-4.426295471E-1
3.483140950E1,-7.275919647E0,1.475032654E0,-1.933978271E-1
3.484144950E1,-6.397546234E0,1.008602600E0,7.050338745E-2
3.485149050E1,-5.424120483E0,5.005590820E-1,3.838018799E-1
3.486153050E1,-4.193529510E0,-1.001417542E-1,7.174580383E-1
3.487157150E1,-3.902384949E0,-7.255412292E-1,1.182091827E0
3.488161150E1,-4.507576447E0,-1.195863190E0,1.317260742E0
3.489165225E1,-5.118605804E0,-1.526525574E0,1.132245483E0
3.490169225E1,-5.436993713E0,-1.591340790E0,1.068627777E0
3.491173325E1,-5.481002197E0,-1.448388062E0,1.324894867E0
3.492177325E1,-5.962550812E0,-1.341510315E0,1.707798615E0
3.493181325E1,-6.558611298E0,-1.158590698E0,1.879341888E0
3.494185425E1,-6.877148895E0,-9.430389404E-1,1.937421112E0
3.495189425E1,-7.250622253E0,-8.084687805E-1,2.028132477E0
3.496193525E1,-7.673193512E0,-6.301895142E-1,2.033670959E0
3.497197525E1,-7.897127838E0,-4.511618042E-1,2.148182831E0
3.498201625E1,-7.820038147E0,-3.025209045E-1,2.329605560E0
3.499205625E1,-7.778424683E0,-1.511856079E-1,2.455344086E0
3.500209725E1,-7.861651611E0,8.996292114E-2,2.533930664E0
3.501213725E1,-7.883655853E0,3.499722290E-1,2.425406342E0
3.502217725E1,-7.978259125E0,5.632786560E-1,2.012564850E0
3.503221825E1,-8.172555084E0,7.229965210E-1,1.782044220E0
3.504225825E1,-8.627608795E0,6.015989685E-1,1.705852661E0
3.505229925E1,-9.653275909E0,1.341210938E-1,1.642384644E0
3.506233925E1,-1.100721039E1,-4.065545654E-1,1.474583588E0
3.507238025E1,-1.239317825E1,-6.444099426E-1,1.065334625E0
3.508242025E1,-1.348111588E1,-6.500981140E-1,9.654922485E-1
3.509246125E1,-1.444600937E1,-5.957611084E-1,1.844165039E0
3.510250125E1,-1.507021133E1,-1.600172424E-1,3.126099243E0
3.511254125E1,-1.551164337E1,5.465135193E-1,4.391867065E0
3.512258225E1,-1.574425964E1,1.154998169E0,4.917424164E0
3.513262225E1,-1.564561478E1,1.751058655E0,4.345463562E0
3.514266325E1,-1.471634720E1,2.452350311E0,2.908601532E0
3.515270325E1,-1.285392014E1,2.975362701E0,6.724017334E-1
3.516274425E1,-1.117800522E1,2.686014404E0,-1.214873657E0
3.517278425E1,-1.116049164E1,1.013242950E0,-1.525028687E0
3.518282525E1,-1.200907700E1,-8.165519714E-1,-1.356179810E0
3.519286525E1,-1.246502884E1,-1.930385742E0,-2.411485291E0
3.520290525E1,-1.275093430E1,-2.573298798E0,-3.636238403E0
3.521294625E1,-1.276395721E1,-2.710713043E0,-4.547243958E0
3.522298625E1,-1.293475204E1,-2.417472839E0,-4.570595398E0
3.523302725E1,-1.361867981E1,-1.577419739E0,-3.549718323E0
3.524306725E1,-1.377929581E1,-2.405497742E-1,-2.841091919E0
3.525310825E1,-1.317395462E1,1.049317932E0,-2.762056274E0
3.526314825E1,-1.200443665E1,1.731898499E0,-2.751578064E0
3.527318925E1,-1.114492401E1,1.970652008E0,-2.184108124E0
3.528322925E1,-1.064137115E1,2.093995514E0,-1.134640503E0
3.529326925E1,-1.016850449E1,1.894909515E0,1.016386414E-1
3.530331025E1,-9.556726685E0,1.334025879E0,1.469643860E0
3.531335025E1,-9.091643829E0,6.741979980E-1,2.511177979E0
3.532339125E1,-8.923693085E0,2.165995789E-1,2.821033630E0
3.533343125E1,-8.837622070E0,-1.028361511E-1,2.469863892E0
3.534347225E1,-8.776399384E0,-2.580633545E-1,1.579066315E0
3.535351225E1,-8.595276031E0,-3.903881836E-1,6.390211487E-1
3.536355325E1,-8.345744934E0,-6.738986206E-1,1.975891113E-2
3.537359325E1,-8.298742676E0,-9.526190186E-1,-4.384382629E-1
3.538363425E1,-8.037086792E0,-1.043779449E0,-5.821394348E-1
3.539367425E1,-7.464976501E0,-8.840615845E-1,-4.085005188E-1
3.540371425E1,-6.679410095E0,-5.974076843E-1,-1.240919495E-1
3.541375525E1,-6.064039764E0,-7.110214233E-2,-1.567240906E-1
3.542379525E1,-5.181325378E0,6.315367126E-1,-1.725910950E-1
3.543383625E1,-4.720733185E0,1.227746887E0,-8.187973022E-2
3.544387625E1,-4.961133270E0,1.619931335E0,4.340972900E-3
3.545391725E1,-5.416336670E0,1.967508545E0,2.305206299E-2
3.546395725E1,-5.353018341E0,2.169738007E0,1.064286804E-1
3.547399825E1,-5.391338654E0,2.027084656E0,3.632945251E-1
3.548403825E1,-5.631289673E0,1.755549316E0,5.439688110E-1
3.549407825E1,-5.980812836E0,1.518592072E0,7.349716187E-1
3.550411925E1,-6.358028412E0,1.326092377E0,9.479786682E-1
3.551415925E1,-6.711144104E0,1.097068634E0,1.150657196E0
3.552420025E1,-7.164102173E0,9.470805359E-1,1.279389496E0
3.553424025E1,-7.456743622E0,9.244775391E-1,1.340612183E0
3.554428125E1,-7.586972809E0,1.008003845E0,1.417402496E0
3.555432125E1,-7.677684174E0,1.092877350E0,1.519639893E0
3.556436225E1,-7.808362427E0,1.098266144E0,1.703457642E0
3.557440225E1,-7.983797607E0,1.079405365E0,2.035167847E0
3.558444225E1,-8.190368042E0,1.073567505E0,2.329605560E0
3.559448325E1,-8.500523071E0,9.934840393E-1,2.312541046E0
3.560452325E1,-9.030271454E0,8.408015442E-1,2.252815247E0
3.561456425E1,-9.753118286E0,7.297325134E-1,1.871857452E0
3.562460425E1,-1.082578766E1,8.178991699E-1,1.162632294E0
3.563464525E1,-1.230875381E1,1.170565796E0,5.906716919E-1
3.564468525E1,-1.366418518E1,1.674268341E0,8.530760193E-1
3.565472625E1,-1.474972778E1,2.012714539E0,2.002685394E0
3.566476625E1,-1.537662415E1,2.223476257E0,3.060086517E0
3.567480725E1,-1.586655533E1,2.609673157E0,3.445534973E0
3.568484725E1,-1.612297211E1,2.722987518E0,3.031046906E0
3.569488725E1,-1.602208191E1,1.600022736E0,2.461631012E0
3.570492825E1,-1.568408478E1,-4.146377563E-1,1.685045929E0
3.571496825E1,-1.531360519E1,-1.720372467E0,2.194436646E-1
3.572500925E1,-1.480122070E1,-1.000220032E0,-1.647174683E0
3.573504925E1,-1.410531784E1,7.135661316E-1,-2.863844604E0
3.574509025E1,-1.333217560E1,1.651515656E0,-3.571273499E0
3.575513025E1,-1.303549255E1,1.895957336E0,-3.997287598E0
3.576517125E1,-1.274749146E1,1.827699280E0,-4.637506256E0
3.577521125E1,-1.244137802E1,1.452429657E0,-4.869972839E0
3.578525125E1,-1.198976715E1,9.981243896E-1,-4.124822388E0
3.579529225E1,-1.111169312E1,6.340814209E-1,-3.142415314E0
3.580533225E1,-1.004785538E1,7.424560547E-2,-2.425406342E0
3.581537325E1,-9.247769165E0,-8.818162537E-1,-2.053280182E0
3.582541325E1,-8.917555847E0,-1.893712006E0,-1.715881805E0
3.583545425E1,-8.783434753E0,-2.573149109E0,-1.196461945E0
3.584549425E1,-8.866811371E0,-2.786305847E0,-7.119195557E-1
3.585553525E1,-8.955127716E0,-2.503992920E0,-2.936892700E-1
3.586557525E1,-8.878337402E0,-1.736389160E0,7.469467163E-2
3.587561525E1,-8.952133942E0,-7.378157043E-1,2.038760376E-1
3.588565638E1,-9.073381805E0,2.585124207E-1,1.233435059E-1
3.589569637E1,-8.996142426E0,1.140478363E0,7.289840698E-2
3.590573737E1,-8.704997864E0,1.784588928E0,3.053649902E-2
3.591577738E1,-8.611143036E0,2.212548981E0,-1.053808594E-1
3.592581838E1,-8.504414978E0,2.516716461E0,-2.781216431E-1
3.593585837E1,-8.213569794E0,2.619702301E0,-4.099974060E-1
3.594589938E1,-7.879614258E0,2.316133575E0,-3.625460815E-1
3.595593937E1,-7.482041016E0,1.774709473E0,-2.583627319E-1
3.596597938E1,-6.944059753E0,1.276395721E0,-9.460327148E-2
3.597602038E1,-6.283932495E0,8.036787415E-1,8.846603394E-2
3.598606037E1,-5.622757416E0,2.526745605E-1,2.936892700E-1
3.599610137E1,-5.625302124E0,-3.736230469E-1,2.935395813E-1
3.600614138E1,-6.217919769E0,-1.034798126E0,2.430944824E-1
3.601618237E1,-6.351891174E0,-1.495090942E0,4.165837097E-1
3.602622238E1,-6.046975250E0,-1.711540833E0,8.183482361E-1
3.603626338E1,-6.160289612E0,-1.867366791E0,1.193767548E0
3.604630337E1,-6.638694763E0,-1.934427338E0,1.491049347E0
3.605634338E1,-7.170838165E0,-1.858086090E0,1.565145264E0
3.606638438E1,-7.543263702E0,-1.596280518E0,1.526525574E0
3.607642438E1,-7.999365234E0,-1.257684631E0,1.496288452E0
3.608646538E1,-8.450077972E0,-9.231303406E-1,1.523232422E0
3.609650537E1,-8.732839966E0,-6.060896301E-1,1.681752777E0
3.610654637E1,-8.644673309E0,-3.676354980E-1,1.822909241E0
3.611658638E1,-8.272098083E0,-2.344125366E-1,1.971400452E0
3.612662738E1,-7.873027954E0,-7.723937988E-2,2.155816956E0
3.613666738E1,-7.535629578E0,1.023870850E-1,2.209555206E0
3.614670737E1,-7.362739105E0,3.438349915E-1,2.023043060E0
3.615674837E1,-7.435787201E0,6.206094360E-1,1.786534882E0
3.616678838E1,-7.663763123E0,7.698490906E-1,1.730551300E0
3.617682938E1,-8.186476135E0,6.108796692E-1,1.719324646E0
3.618686938E1,-9.352102203E0,1.824705505E-1,1.548529816E0
3.619691038E1,-1.069301376E1,-1.240919495E-1,1.088686066E0
3.620695037E1,-1.178798676E1,-2.781216431E-1,6.144721985E-1
3.621699137E1,-1.275063492E1,-5.028044128E-1,9.753717041E-1
3.622703138E1,-1.380279694E1,-4.772076416E-1,2.215243378E0
3.623707137E1,-1.487621475E1,-7.993377686E-2,3.458707581E0
3.624711238E1,-1.576341980E1,5.774990845E-1,4.166585541E0
3.625715238E1,-1.628957565E1,1.121168518E0,3.879183197E0
3.626719337E1,-1.620440277E1,1.500629425E0,3.000061340E0
3.627723338E1,-1.472278381E1,2.018402710E0,1.697170715E0
3.628727438E1,-1.251143234E1,2.336491241E0,1.811233521E-2
3.629731437E1,-1.137230118E1,1.696571960E0,-9.154962158E-1
3.630735538E1,-1.208601700E1,-2.859054565E-2,-7.246430969E-1
3.631739538E1,-1.259570709E1,-1.407972107E0,-1.017434235E0
3.632743538E1,-1.260738281E1,-2.174528046E0,-2.163301392E0
3.633747638E1,-1.269914200E1,-2.577490082E0,-3.335364075E0
3.634751637E1,-1.243539047E1,-2.290536804E0,-4.370311890E0
3.635755737E1,-1.209889023E1,-1.490151215E0,-4.630770264E0
3.636759738E1,-1.235366043E1,-4.296066284E-1,-3.806584167E0
3.637763838E1,-1.250125351E1,6.393205261E-1,-2.963836670E0
3.638767838E1,-1.219888229E1,1.614841919E0,-2.429597626E0
3.639771938E1,-1.117246674E1,2.495909729E0,-2.165097656E0
3.640775937E1,-1.045396088E1,2.903063049E0,-1.854493561E0
3.641779938E1,-1.047506699E1,2.888243866E0,-1.219663696E0
3.642784038E1,-1.025322830E1,2.593806152E0,-4.102967834E-1
3.643788038E1,-9.788295135E0,1.902543640E0,5.351371765E-1
3.644792138E1,-9.436376953E0,9.996212769E-1,1.376687164E0
3.645796137E1,-9.360634460E0,1.365161133E-1,1.697919159E0
3.646800237E1,-9.280550995E0,-4.567002869E-1,1.512305145E0
3.647804238E1,-9.076824646E0,-7.699987793E-1,8.993298340E-1
3.648808237E1,-8.727750549E0,-9.538165283E-1,2.540217590E-1
3.649812338E1,-8.418493652E0,-1.114731903E0,-1.207987976E-1
3.650816337E1,-8.088130646E0,-1.230740662E0,-2.618055725E-1
3.651820437E1,-7.637717285E0,-1.183588715E0,-2.185455322E-1
3.652824438E1,-7.059619446E0,-9.113049316E-1,-1.053808594E-1
3.653828538E1,-6.303092651E0,-4.490661621E-1,-8.622070312E-2
3.654832537E1,-5.475014648E0,1.076261902E-1,-1.005908203E-1
3.655836638E1,-5.056784363E0,7.132667542E-1,1.158590698E-1
3.656840638E1,-4.954546967E0,1.337618408E0,3.484753418E-1
3.657844638E1,-5.109325104E0,1.912872162E0,4.628375244E-1
3.658848738E1,-5.303022308E0,2.301913147E0,4.345463562E-1
3.659852737E1,-5.397026825E0,2.468217316E0,6.128256226E-1
3.660856837E1,-5.607938232E0,2.412832489E0,8.909472656E-1
3.661860838E1,-6.281238098E0,2.149380341E0,1.084195404E0
3.662864938E1,-6.872209167E0,1.962568817E0,1.084644470E0
3.663868938E1,-7.238347778E0,1.681154022E0,1.172212372E0
3.664873038E1,-7.721093903E0,1.378333740E0,1.267713776E0
3.665877037E1,-8.181686096E0,1.202000427E0,1.347348175E0
3.666881038E1,-8.418194275E0,1.144669647E0,1.501826935E0
3.667885138E1,-8.412206726E0,1.074016571E0,1.711391144E0
3.668889138E1,-8.264014893E0,9.616003418E-1,1.959275665E0
3.669893238E1,-8.163873138E0,8.164022827E-1,2.086810455E0
3.670897237E1,-8.160729675E0,6.803352356E-1,2.296674042E0
3.671901337E1,-8.261619873E0,5.935157776E-1,2.372715912E0
3.672905338E1,-8.438252563E0,5.215155029E-1,2.300116882E0
3.673909337E1,-8.866212616E0,3.547622681E-1,2.243384857E0
3.674913438E1,-9.542655945E0,1.863624573E-1,1.797611847E0
3.675917437E1,-1.032133667E1,2.064207458E-1,1.139430542E0
3.676921537E1,-1.155911270E1,3.562591553E-1,8.768765259E-1
3.677925538E1,-1.306378372E1,4.986131287E-1,1.459315338E0
3.678929638E1,-1.414977539E1,6.719526672E-1,2.597847748E0
3.679933637E1,-1.470272552E1,9.096583557E-1,3.720812531E0
3.680937738E1,-1.525133469E1,1.094074860E0,4.390968933E0
3.681941737E1,-1.569950272E1,1.278790741E0,3.900738373E0
3.682945738E1,-1.555265808E1,9.592053223E-1,3.181783447E0
3.683949838E1,-1.490824814E1,-2.478845215E-1,2.460583191E0
3.684953837E1,-1.408750488E1,-1.292113037E0,1.148262177E0
3.685957937E1,-1.369951172E1,-3.674858093E-1,-8.078700256E-1
3.686961938E1,-1.326062439E1,1.823657684E0,-2.773881683E0
3.687966037E1,-1.248284180E1,3.052602081E0,-4.206851807E0
3.688970013E1,-1.170910080E1,3.015329590E0,-5.096152496E0
3.689974113E1,-1.135942795E1,2.267634430E0,-5.629493408E0
3.690978112E1,-1.148950745E1,1.626817017E0,-5.648803253E0
3.691982113E1,-1.132065857E1,1.281485138E0,-4.593946838E0
3.692986213E1,-1.100825821E1,8.619076538E-1,-2.866688690E0
3.693990212E1,-1.069241501E1,3.230282593E-1,-1.590143280E0
3.694994313E1,-1.057895096E1,-3.802093506E-1,-1.176703033E0
3.695998312E1,-1.063972458E1,-1.210233307E0,-7.920030212E-1
3.697002412E1,-1.057969940E1,-1.856439514E0,-3.204835510E-1
3.698006413E1,-1.076127182E1,-2.043550415E0,-6.721023560E-2
3.699010412E1,-1.109732300E1,-1.517544250E0,2.395019531E-2
3.700014512E1,-1.092952194E1,-3.288661194E-1,2.143542480E-1
3.701018513E1,-1.068238586E1,8.913963318E-1,3.173400879E-1
3.702022612E1,-1.046653473E1,1.591939545E0,4.821473694E-1
3.703026613E1,-1.011776001E1,1.882185974E0,6.506968689E-1
3.704030713E1,-9.509425049E0,2.029180298E0,5.840853882E-1
3.705034712E1,-8.583600311E0,2.176773376E0,3.591032410E-1
3.706038812E1,-7.657027130E0,2.184257813E0,1.450483704E-1
3.707042813E1,-7.398215332E0,1.992805939E0,-1.960922241E-2
3.708046813E1,-7.039860535E0,1.611548767E0,-8.547225952E-2
3.709050913E1,-5.788762207E0,1.123264160E0,8.217910767E-2
3.710054912E1,-5.091212769E0,4.267625427E-1,3.905378723E-1
3.711059012E1,-5.429958344E0,-3.688330078E-1,6.137237549E-1
3.712063013E1,-5.551505585E0,-8.726852417E-1,7.068301392E-1
3.713067113E1,-5.390889587E0,-1.040486298E0,7.186555481E-1
3.714071113E1,-5.282065887E0,-9.729766846E-1,7.304809570E-1
3.715075213E1,-5.316943359E0,-9.168434143E-1,9.074130249E-1
3.716079212E1,-5.745801544E0,-9.568103027E-1,1.192120972E0
3.717083213E1,-6.291416931E0,-9.181906128E-1,1.464255066E0
3.718087313E1,-6.780300293E0,-7.529342651E-1,1.768572235E0
3.719091312E1,-7.277117157E0,-4.842430115E-1,1.838776245E0
3.720095413E1,-7.839647369E0,-2.507286072E-1,1.880389709E0
3.721099412E1,-8.197702789E0,-6.795867920E-2,2.042801971E0
3.722103512E1,-8.181985474E0,5.119354248E-2,2.300116882E0
3.723107513E1,-7.997568970E0,3.008743286E-2,2.561922455E0
3.724111613E1,-7.852221222E0,-8.666976929E-2,2.696642303E0
3.725115612E1,-7.747738495E0,1.871109009E-2,2.615361328E0
3.726119613E1,-7.567513275E0,1.911524963E-1,2.368824005E0
3.727123712E1,-7.435637512E0,2.579136658E-1,1.941612396E0
3.728127713E1,-7.455845490E0,2.897973633E-1,1.699116669E0
3.729131813E1,-7.658973083E0,6.691085815E-2,1.683099976E0
3.730135812E1,-8.464897156E0,-4.954696655E-1,1.899400177E0
3.731139912E1,-9.514364777E0,-8.945397949E-1,2.036814423E0
3.732143913E1,-1.056488022E1,-9.431886292E-1,1.660496979E0
3.733148012E1,-1.195459030E1,-1.070573730E0,1.247805176E0
3.734152013E1,-1.338561447E1,-1.211281128E0,2.206860809E0
3.735156012E1,-1.446172668E1,-8.458909607E-1,3.816763000E0
3.736160112E1,-1.541973450E1,-2.185455322E-2,4.973856812E0
3.737164113E1,-1.642863647E1,6.361770630E-1,5.186265106E0
3.738168213E1,-1.693997314E1,1.127305756E0,4.252057800E0
3.739172213E1,-1.649958893E1,1.810934143E0,2.548151093E0
3.740176313E1,-1.488100479E1,2.526296539E0,2.812651062E-1
3.741180312E1,-1.313877777E1,2.570155334E0,-1.337319031E0
3.742184412E1,-1.253837631E1,1.411714325E0,-1.570983124E0
3.743188413E1,-1.283026932E1,-3.213816833E-1,-1.315763855E0
3.744192412E1,-1.284927979E1,-1.603016510E0,-1.818418579E0
3.745196513E1,-1.264675095E1,-2.350262604E0,-2.545456696E0
3.746200512E1,-1.206266556E1,-2.468516693E0,-3.185974731E0
3.747204612E1,-1.145627655E1,-2.001637573E0,-3.497327271E0
3.748208613E1,-1.165880539E1,-1.070573730E0,-2.902613983E0
3.749212713E1,-1.185040695E1,1.817221069E-1,-2.413131866E0
3.750216712E1,-1.174188263E1,1.356628876E0,-2.223326569E0
3.751220813E1,-1.135448822E1,2.377505951E0,-2.058369598E0
3.752224812E1,-1.074884766E1,2.998564453E0,-1.588646393E0
3.753228912E1,-1.078612015E1,3.019520874E0,-7.047344971E-1
3.754232913E1,-1.098221237E1,2.508932648E0,2.751278687E-1
3.755236912E1,-1.075258987E1,1.749112701E0,1.216071167E0
3.756241012E1,-1.034798126E1,9.184899902E-1,1.940714264E0
3.757245013E1,-1.006462051E1,3.251239014E-1,2.071242828E0
3.758249112E1,-9.859097900E0,-2.151026917E-1,1.752854919E0
3.759253113E1,-9.575138397E0,-6.346801758E-1,1.159638519E0
3.760257213E1,-9.051676941E0,-9.792636108E-1,5.182223511E-1
3.761261212E1,-8.362061005E0,-1.408570862E0,1.586700439E-1
3.762265312E1,-7.764803009E0,-1.717229004E0,1.350192261E-1
3.763269313E1,-7.027136993E0,-1.716779938E0,2.393522644E-1
3.764273313E1,-6.121819611E0,-1.408421173E0,3.996688843E-1
3.765277413E1,-5.285059662E0,-7.475454712E-1,3.134481812E-1
3.766281412E1,-4.662653961E0,-1.020877075E-1,3.486250305E-1
3.767285512E1,-4.497098236E0,5.177732849E-1,4.327500916E-1
3.768289513E1,-4.375401306E0,1.154698792E0,3.146456909E-1
3.769293613E1,-4.639901276E0,1.790127411E0,1.592687988E-1
3.770297613E1,-4.808600464E0,2.352657623E0,-4.790039063E-2
3.771301713E1,-4.689148865E0,2.638263702E0,6.346801758E-2
3.772305712E1,-5.065017242E0,2.617157593E0,3.604504395E-1
3.773309713E1,-5.699996796E0,2.524799652E0,6.001020813E-1
3.774313813E1,-6.364914093E0,2.455344086E0,8.556207275E-1
3.775317812E1,-7.096742249E0,2.311044159E0,1.127455444E0
3.776321913E1,-7.940836945E0,2.129022675E0,1.227297821E0
3.777325912E1,-8.650211792E0,1.999841309E0,1.280886383E0
3.778330012E1,-9.045390015E0,1.816921692E0,1.419198761E0
3.779334013E1,-9.000333710E0,1.640139313E0,1.651216278E0
3.780338113E1,-8.513096924E0,1.376836853E0,1.956880646E0
3.781342112E1,-8.199948120E0,1.045126648E0,2.217488708E0
3.782346213E1,-8.090525665E0,7.379653931E-1,2.586920471E0
3.783350212E1,-8.071066132E0,5.390290833E-1,2.930007019E0
3.784354213E1,-8.230334930E0,3.867956543E-1,2.847977600E0
3.785358313E1,-8.687783661E0,2.260299683E-1,2.683320007E0
3.786362312E1,-9.297465820E0,1.155596924E-1,2.227817230E0
3.787366412E1,-1.007240433E1,1.838177490E-1,1.353335724E0
3.788370413E1,-1.121527771E1,5.292993164E-1,6.457571411E-1
3.789374467E1,-1.263447647E1,1.117126923E0,9.888436890E-1
3.790378467E1,-1.374875931E1,1.767225037E0,2.402953033E0
3.791382567E1,-1.420980057E1,2.349214783E0,3.840264130E0
3.792386567E1,-1.475017685E1,2.927162933E0,4.599335632E0
3.793390667E1,-1.548005905E1,3.542982330E0,4.038751373E0
3.794394667E1,-1.572524918E1,3.263663177E0,3.103496246E0
3.795398667E1,-1.545341446E1,1.374890900E0,1.997446289E0
3.796402767E1,-1.522244476E1,-7.506889343E-1,3.894900513E-1
3.797406767E1,-1.523861115E1,-9.306147766E-1,-1.821262665E0
3.798410867E1,-1.499731293E1,5.248086548E-1,-3.546574860E0
3.799414867E1,-1.417911438E1,1.612446899E0,-4.201163635E0
3.800418967E1,-1.300360886E1,1.524878998E0,-4.460125122E0
3.801422967E1,-1.214110245E1,9.759704590E-1,-4.668791199E0
3.802427067E1,-1.149504593E1,3.341052246E-1,-4.382137299E0
3.803431067E1,-1.101723953E1,-2.007325745E-1,-3.396886139E0
3.804435167E1,-1.056068893E1,-7.364685059E-1,-2.208357697E0
3.805439167E1,-1.014545242E1,-1.329684906E0,-1.422641602E0
3.806443167E1,-9.902208252E0,-1.791773987E0,-1.121018829E0
3.807447267E1,-9.840237122E0,-2.142195282E0,-6.571334839E-1
3.808451267E1,-9.885892181E0,-2.236648865E0,-1.531315613E-1
3.809455367E1,-9.837692413E0,-1.976040802E0,7.723937988E-2
3.810459367E1,-9.705367584E0,-1.303040314E0,2.260299683E-1
3.811463467E1,-9.814790039E0,-3.040177917E-1,3.040177917E-1
3.812467467E1,-9.704020386E0,8.282276917E-1,2.826123047E-1
3.813471567E1,-9.498946838E0,1.667382660E0,3.125500488E-1
3.814475567E1,-9.560768280E0,2.132315826E0,2.659968567E-1
3.815479667E1,-9.589658203E0,2.307002563E0,1.748364258E-1
3.816483667E1,-9.375753021E0,2.308050385E0,7.484436035E-2
3.817487667E1,-9.131011963E0,2.142195282E0,-1.856140137E-2
3.818491767E1,-8.700507202E0,1.927990723E0,-1.314266968E-1
3.819495767E1,-8.225694580E0,1.517244873E0,-1.121168518E-1
3.820499867E1,-7.599097595E0,1.033301239E0,2.035766602E-2
3.821503867E1,-6.632856903E0,6.098318481E-1,1.788780212E-1
3.822507967E1,-5.617368622E0,2.421963501E-1,4.022135925E-1
3.823511967E1,-5.237458649E0,-2.574645996E-1,5.034031677E-1
3.824516067E1,-5.370082855E0,-6.951544189E-1,4.080514526E-1
3.825520067E1,-5.632786560E0,-9.701325989E-1,5.143304443E-1
3.826524167E1,-5.865103455E0,-1.127904510E0,5.713618469E-1
3.827528167E1,-6.196963348E0,-1.167272644E0,5.980064392E-1
3.828532167E1,-6.431675262E0,-1.189875641E0,7.557783508E-1
3.829536267E1,-6.976691895E0,-1.170565796E0,9.348060608E-1
3.830540267E1,-7.501201172E0,-1.057999878E0,1.001417542E0
3.831544367E1,-7.852819977E0,-8.253836060E-1,1.036893768E0
3.832548367E1,-8.021968231E0,-5.599855042E-1,1.195563812E0
3.833552467E1,-8.178542633E0,-4.697232056E-1,1.547032928E0
3.834556467E1,-8.218359833E0,-4.120930481E-1,1.781295776E0
3.835560567E1,-8.137078857E0,-3.107537842E-1,1.940265198E0
3.836564567E1,-7.993078308E0,-1.920506287E-1,2.094893646E0
3.837568667E1,-7.828271027E0,-1.496887207E-2,2.148033142E0
3.838572667E1,-7.548053741E0,3.115022278E-1,2.020049286E0
3.839576667E1,-7.286397858E0,6.489006042E-1,1.900447998E0
3.840580767E1,-7.226073303E0,9.318122864E-1,1.858235779E0
3.841584767E1,-7.402705994E0,9.183403015E-1,1.744472351E0
3.842588867E1,-8.109536133E0,5.093907166E-1,1.445843353E0
3.843592867E1,-9.379944305E0,-6.990463257E-2,9.057664490E-1
3.844596967E1,-1.070409073E1,-5.574407959E-1,3.023712158E-1
3.845600967E1,-1.185609512E1,-9.909393311E-1,7.185058594E-1
3.846605067E1,-1.296977921E1,-1.037642212E0,2.226020966E0
3.847609067E1,-1.406984161E1,-5.002597046E-1,3.787873077E0
3.848613167E1,-1.521555908E1,2.417472839E-1,4.727918243E0
3.849617167E1,-1.639570496E1,8.068222046E-1,4.472848663E0
3.850621167E1,-1.700164490E1,1.222358093E0,3.460653534E0
3.851625267E1,-1.628478561E1,1.679357758E0,2.133812714E0
3.852629267E1,-1.441247910E1,1.769470367E0,2.459385681E-1
3.853633367E1,-1.287293060E1,1.209634552E0,-1.258882141E0
3.854637367E1,-1.280736694E1,-6.301895142E-2,-1.506317596E0
3.855641467E1,-1.306812469E1,-1.322200470E0,-1.293310547E0
3.856645467E1,-1.289074356E1,-2.078427887E0,-1.812880096E0
3.857649567E1,-1.260543686E1,-2.482288055E0,-2.574196930E0
3.858653567E1,-1.208422073E1,-2.372416534E0,-3.377127228E0
3.859657667E1,-1.172167465E1,-1.610950012E0,-4.213587799E0
3.860661667E1,-1.172766220E1,-5.457650757E-1,-4.039200439E0
3.861665767E1,-1.202703964E1,5.484594727E-1,-3.083437958E0
3.862669767E1,-1.177990356E1,1.657503204E0,-2.489024048E0
3.863673767E1,-1.092128906E1,2.678829346E0,-2.103126526E0
3.864677867E1,-1.037806870E1,3.319497070E0,-1.482517090E0
3.865681867E1,-1.045066772E1,3.439996490E0,-7.607180786E-1
3.866685967E1,-1.063792831E1,3.037633209E0,-1.037342834E-1
3.867689967E1,-1.049273026E1,2.386786652E0,5.614823914E-1
3.868694067E1,-1.027418472E1,1.553768921E0,1.106499023E0
3.869698067E1,-1.000669098E1,7.313790894E-1,1.186881866E0
3.870702167E1,-9.941426697E0,-5.418731689E-2,8.515791321E-1
3.871706167E1,-9.971214752E0,-8.321195984E-1,3.680845642E-1
3.872710167E1,-9.864935760E0,-1.516496429E0,-1.660047913E-1
3.873714267E1,-9.399703217E0,-2.111658783E0,-3.640429688E-1
3.874718267E1,-8.615783386E0,-2.404300232E0,-2.727328491E-1
3.875722367E1,-7.899971924E0,-2.381397858E0,-6.047424316E-2
3.876726367E1,-7.307953033E0,-1.983824615E0,1.077758789E-1
3.877730467E1,-6.331234131E0,-1.034199371E0,1.770817566E-1
3.878734467E1,-5.409900055E0,-7.544311523E-2,4.480183411E-1
3.879738567E1,-5.063670044E0,6.369255066E-1,6.418652344E-1
3.880742567E1,-4.944817200E0,1.267115021E0,6.012995911E-1
3.881746667E1,-4.740941162E0,1.910776520E0,5.072950745E-1
3.882750667E1,-4.490661621E0,2.477797394E0,4.583468628E-1
3.883754767E1,-4.603975983E0,2.884351959E0,5.171745300E-1
3.884758767E1,-5.146747284E0,3.112327881E0,5.108876038E-1
3.885762767E1,-5.527854767E0,3.192561035E0,5.867797852E-1
3.886766867E1,-5.970035248E0,3.027903442E0,8.229885864E-1
3.887770867E1,-6.700516205E0,2.710713043E0,9.511221313E-1
3.888774975E1,-7.393425293E0,2.284848633E0,1.084794159E0
3.889778975E1,-7.960595856E0,1.841021576E0,1.221010895E0
3.890783075E1,-8.356971588E0,1.458117828E0,1.363514557E0
3.891787075E1,-8.571774902E0,1.227597198E0,1.511107635E0
3.892791175E1,-8.417146454E0,1.098266144E0,1.629212036E0
3.893795175E1,-8.161627808E0,9.383985901E-1,1.856289825E0
3.894799175E1,-8.170309753E0,7.756869507E-1,2.269879761E0
3.895803275E1,-8.332572327E0,7.469467163E-1,2.736010437E0
3.896807275E1,-8.582552490E0,7.276368713E-1,2.826272736E0
3.897811375E1,-8.912915497E0,6.776408386E-1,2.514022064E0
3.898815375E1,-9.490564270E0,5.123844910E-1,2.077230377E0
3.899819475E1,-1.015503250E1,4.366419983E-1,1.423539734E0
3.900823475E1,-1.087638245E1,5.724096680E-1,7.876620483E-1
3.901827575E1,-1.148801056E1,9.228309631E-1,6.788383484E-1
3.902831575E1,-1.202419556E1,1.375938721E0,1.416354675E0
3.903835675E1,-1.227402603E1,1.617835693E0,2.697690125E0
3.904839675E1,-1.243269608E1,1.739682312E0,3.952830048E0
3.905843675E1,-1.273042694E1,2.165696411E0,4.590354309E0
3.906847775E1,-1.298863998E1,2.670596466E0,4.059707794E0
3.907851775E1,-1.311183380E1,2.480491791E0,3.113974457E0
3.908855875E1,-1.316706894E1,1.011746063E0,2.351759491E0
3.909859875E1,-1.346135696E1,-5.432203674E-1,1.086889801E0
3.910863975E1,-1.391027344E1,-4.293072510E-1,-1.142274628E0
3.911867975E1,-1.394979126E1,8.927435303E-1,-3.351829834E0
3.912872075E1,-1.371492966E1,1.470841370E0,-4.742737427E0
3.913876075E1,-1.354458389E1,9.819580078E-1,-5.533243561E0
3.914880175E1,-1.380010254E1,3.025209045E-1,-5.454656982E0
3.915884175E1,-1.370340363E1,-2.787203979E-1,-4.678071899E0
3.916888175E1,-1.323637482E1,-7.053332520E-1,-3.566633148E0
3.917892275E1,-1.247954865E1,-1.037941589E0,-2.464026031E0
3.918896275E1,-1.130404312E1,-1.227447510E0,-1.775158539E0
3.919900375E1,-1.043420197E1,-1.531465302E0,-1.247505798E0
3.920904375E1,-1.018706589E1,-1.813478851E0,-5.813909912E-1
3.921908475E1,-9.983489227E0,-1.711690521E0,-1.645079041E-1
3.922912475E1,-9.635912018E0,-1.225351868E0,2.670446777E-1
3.923916575E1,-9.491312714E0,-4.689747620E-1,7.225474548E-1
3.924920575E1,-9.774972839E0,4.707710266E-1,8.800199890E-1
3.925924675E1,-1.001282822E1,1.332678680E0,9.083111572E-1
3.926928675E1,-1.028166916E1,1.721120911E0,9.331594849E-1
3.927932675E1,-1.043240570E1,1.804048462E0,8.611592102E-1
3.928936775E1,-1.044572800E1,1.759141846E0,5.815406799E-1
3.929940775E1,-1.035187317E1,1.701362000E0,1.193019104E-1
3.930944875E1,-9.777966614E0,1.713486786E0,-2.460882568E-1
3.931948875E1,-9.089398499E0,1.707349548E0,-2.823129272E-1
3.932952975E1,-8.586893463E0,1.497935028E0,-1.140628052E-1
3.933956975E1,-7.987689514E0,1.177900543E0,1.562750244E-1
3.934961075E1,-7.235952759E0,9.527687073E-1,4.135899353E-1
3.935965075E1,-6.429729309E0,7.797285461E-1,6.270460510E-1
3.936969075E1,-5.444927216E0,6.400689697E-1,8.114625549E-1
3.937973175E1,-4.893473969E0,3.107537842E-1,9.533674622E-1
3.938977175E1,-5.058730316E0,-7.289840698E-2,1.029559021E0
3.939981275E1,-5.618266754E0,-3.508703613E-1,1.030008087E0
3.940985275E1,-6.033503265E0,-5.686674500E-1,1.134939880E0
3.941989375E1,-6.364764404E0,-7.655081177E-1,1.421893158E0
3.942993375E1,-6.972201233E0,-8.402027893E-1,1.642234955E0
3.943997475E1,-7.550299072E0,-6.524931335E-1,1.616638184E0
3.945001475E1,-7.816295929E0,-3.026705933E-1,1.520538025E0
3.946005575E1,-8.378227386E0,-1.431024170E-1,1.594484253E0
3.947009575E1,-8.904832306E0,-1.040336609E-1,1.648671570E0
3.948013575E1,-8.766669617E0,-7.334747314E-2,1.824406128E0
3.949017675E1,-8.324040070E0,1.481918335E-2,2.068548431E0
3.950021675E1,-8.124654694E0,2.192939758E-1,2.302362213E0
3.951025775E1,-7.928861847E0,5.587879944E-1,2.531685333E0
3.952029775E1,-7.513176270E0,9.589059448E-1,2.707868958E0
3.953033875E1,-7.140151978E0,1.156345367E0,2.555635529E0
3.954037875E1,-6.989864502E0,1.124461670E0,2.388133850E0
3.955041975E1,-7.094496918E0,8.352630615E-1,2.150278473E0
3.956045975E1,-7.688461761E0,3.841012573E-1,1.867516479E0
3.957049975E1,-8.411607971E0,-1.631607056E-2,1.475481720E0
3.958054075E1,-9.308243408E0,-1.525328064E-1,1.081950073E0
3.959058075E1,-1.064466431E1,-5.328918457E-2,8.232879639E-1
3.960062175E1,-1.206865311E1,1.785786438E-1,1.248703308E0
3.961066175E1,-1.311587540E1,6.300398254E-1,2.439626770E0
3.962070275E1,-1.394485153E1,1.264270935E0,3.732488251E0
3.963074275E1,-1.462862961E1,2.041005707E0,4.709207153E0
3.964078375E1,-1.518472321E1,2.853366394E0,4.931045837E0
3.965082375E1,-1.539279053E1,3.624862061E0,4.343517609E0
3.966086475E1,-1.470961121E1,4.092339935E0,3.181334381E0
3.967090475E1,-1.325703186E1,3.776796112E0,1.786235504E0
3.968094475E1,-1.197150513E1,2.219883728E0,7.256909180E-1
3.969098575E1,-1.171763306E1,-1.791773987E-1,6.923103333E-1
3.970102575E1,-1.179352524E1,-2.341430969E0,6.521937561E-1
3.971106675E1,-1.187031555E1,-4.035907288E0,-7.232958984E-1
3.972110675E1,-1.175909683E1,-5.162464600E0,-2.895728302E0
3.973114775E1,-1.136331985E1,-5.722001038E0,-4.346810760E0
3.974118775E1,-1.084105591E1,-5.525609436E0,-4.331392822E0
3.975122875E1,-1.094883179E1,-4.893174591E0,-3.380270691E0
3.976126875E1,-1.213451614E1,-3.588188324E0,-2.454595642E0
3.977130875E1,-1.303249878E1,-1.532513123E0,-2.268831940E0
3.978134975E1,-1.328277832E1,4.695735168E-1,-2.210153961E0
3.979138975E1,-1.324460770E1,1.979333954E0,-1.533710632E0
3.980143075E1,-1.295331345E1,2.483635254E0,-5.010081482E-1
3.981147075E1,-1.228854584E1,1.910177765E0,3.258723450E-1
3.982151175E1,-1.143861328E1,9.120533752E-1,4.808001709E-1
3.983155175E1,-1.070543793E1,1.269360352E-1,1.859133911E-1
3.984159275E1,-1.010249176E1,-4.107458496E-1,2.567161560E-1
3.985163275E1,-9.624984741E0,-7.676037598E-1,5.379812622E-1
3.986167375E1,-9.282347260E0,-1.101858673E0,6.144721985E-1
3.987171375E1,-8.844956818E0,-1.477577362E0,4.082011414E-1
3.988175375E1,-8.225245514E0,-1.839674377E0,-1.061293030E-1
3.989179463E1,-7.526199188E0,-2.188449097E0,-6.583309937E-1
3.990183463E1,-6.943910065E0,-2.442321167E0,-8.729846191E-1
3.991187562E1,-6.569089508E0,-2.417622528E0,-7.891589355E-1
3.992191563E1,-6.586902466E0,-2.042951660E0,-7.667056274E-1
3.993195663E1,-6.624174957E0,-1.178798676E0,-8.345146179E-1
3.994199662E1,-6.426585846E0,-1.252894592E-1,-9.330097961E-1
3.995203763E1,-6.137686615E0,6.539900208E-1,-1.088985443E0
3.996207763E1,-5.726641388E0,1.093027039E0,-1.282682648E0
3.997211763E1,-5.527405701E0,1.275497589E0,-1.326691132E0
3.998215863E1,-6.239474945E0,1.332229614E0,-1.399739227E0
3.999219862E1,-7.313641205E0,1.424138489E0,-1.576970673E0
4.000223962E1,-7.992329865E0,1.533261566E0,-1.522184601E0
4.001227963E1,-8.508007507E0,1.556912384E0,-1.347647552E0
4.002232063E1,-9.351054382E0,1.459764404E0,-1.163081360E0
4.003236063E1,-1.027882507E1,1.431173859E0,-8.875044250E-1
4.004240163E1,-1.084554657E1,1.442250824E0,-4.471202087E-1
4.005244162E1,-1.128144012E1,1.468596039E0,1.077758789E-2
4.006248163E1,-1.144100830E1,1.507964172E0,2.784210205E-1
4.007252263E1,-1.127051285E1,1.607207794E0,5.929170227E-1
4.008256263E1,-1.080782501E1,1.772613831E0,9.129515076E-1
4.009260363E1,-1.006312363E1,2.027084656E0,1.131796417E0
4.010264362E1,-9.219477997E0,2.376308441E0,1.319057007E0
4.011268462E1,-8.441845093E0,2.780018921E0,1.495839386E0
4.012272463E1,-7.725285187E0,3.136727142E0,1.657203827E0
4.013276563E1,-7.317832489E0,3.404220886E0,1.758842468E0
4.014280563E1,-7.033872986E0,3.601660309E0,1.558409271E0
4.015284562E1,-6.864425354E0,3.706143036E0,1.384620667E0
4.016288662E1,-6.999444580E0,3.534300385E0,1.507215729E0
4.017292663E1,-7.469766541E0,3.130589905E0,1.700613556E0
4.018296763E1,-8.310717773E0,2.640359344E0,1.703457642E0
4.019300762E1,-9.499246216E0,2.099533997E0,1.300046539E0
4.020304863E1,-1.065065186E1,1.437311096E0,8.580157471E-1
4.021308862E1,-1.153695877E1,7.512876892E-1,9.752220154E-1
4.022312962E1,-1.212688202E1,2.424957275E-2,1.781445465E0
4.023316963E1,-1.245499969E1,-5.087919617E-1,2.830613708E0
4.024320962E1,-1.259406052E1,-8.319699097E-1,3.690874786E0
4.025325062E1,-1.274434799E1,-1.170565796E0,4.101920013E0
4.026329063E1,-1.280452286E1,-1.368603973E0,3.716920624E0
4.027333162E1,-1.279359558E1,-1.629661102E0,3.392395477E0
4.028337163E1,-1.286215302E1,-2.162702637E0,3.357368317E0
4.029341263E1,-1.292367508E1,-2.456092529E0,2.677781525E0
4.030345262E1,-1.337393875E1,-1.455872498E0,9.864486694E-1
4.031349362E1,-1.364742004E1,4.766088867E-1,-1.355880432E0
4.032353363E1,-1.334055817E1,1.610950012E0,-3.514391785E0
4.033357363E1,-1.324026672E1,1.592987366E0,-5.087021484E0
4.034361463E1,-1.372885071E1,1.036893768E0,-5.803731079E0
4.035365462E1,-1.410516815E1,7.487429810E-1,-5.627397766E0
4.036369562E1,-1.362721207E1,6.568341064E-1,-4.724475403E0
4.037373563E1,-1.239287888E1,4.733157349E-1,-3.697760468E0
4.038377663E1,-1.076067307E1,4.610412598E-2,-3.306923218E0
4.039381663E1,-9.383985901E0,-7.774832153E-1,-2.779420166E0
4.040385763E1,-8.556057587E0,-1.456022186E0,-1.888921967E0
4.041389762E1,-8.068521423E0,-1.535806274E0,-1.253343658E0
4.042393763E1,-7.885751495E0,-9.687854004E-1,-6.899153137E-1
4.043397863E1,-7.909102936E0,-9.714797974E-2,2.035766602E-2
4.044401862E1,-8.035739594E0,8.234376526E-1,5.248086548E-1
4.045405963E1,-8.360115051E0,1.599723358E0,8.396040344E-1
4.046409962E1,-8.915609894E0,2.138003998E0,1.096320190E0
4.047414062E1,-9.525142365E0,2.416275330E0,1.108594666E0
4.048418063E1,-1.004381378E1,2.411784668E0,7.364685059E-1
4.049422163E1,-1.021176453E1,2.233954468E0,1.460961914E-1
4.050426162E1,-9.791438599E0,1.762884064E0,-4.623884583E-1
4.051430163E1,-9.219028931E0,1.018781433E0,-6.722520447E-1
4.052434262E1,-9.063801727E0,2.737806702E-1,-6.408174133E-1
4.053438263E1,-8.634195099E0,-3.159928894E-1,-6.192622375E-1
4.054442363E1,-7.566914520E0,-7.457492065E-1,-3.538641357E-1
4.055446362E1,-6.779551849E0,-1.139879608E0,4.894821167E-2
4.056450462E1,-6.618636475E0,-1.564845886E0,2.558180237E-1
4.057454463E1,-6.746620331E0,-1.945953369E0,3.447331238E-1
4.058458562E1,-6.761289825E0,-2.067799988E0,3.674858093E-1
4.059462563E1,-6.501130829E0,-1.939217377E0,5.126838684E-1
4.060466562E1,-6.742878113E0,-1.652563477E0,7.295828247E-1
4.061470662E1,-7.302564240E0,-1.325792999E0,9.171427917E-1
4.062474663E1,-7.734266510E0,-9.139993286E-1,1.125808868E0
4.063478763E1,-8.037535858E0,-4.540058899E-1,1.227447510E0
4.064482763E1,-8.345894623E0,-9.011260986E-2,1.284778290E0
4.065486863E1,-8.654852142E0,1.188528442E-1,1.348246307E0
4.066490862E1,-9.025331726E0,2.667453003E-1,1.287772064E0
4.067494863E1,-9.275012512E0,4.014651489E-1,1.144220581E0
4.068498963E1,-9.284891968E0,4.950205994E-1,1.044378204E0
4.069502962E1,-9.025032349E0,5.053491211E-1,1.065933380E0
4.070507063E1,-8.702453156E0,5.077441406E-1,1.186133423E0
4.071511062E1,-8.350984039E0,5.191204834E-1,1.378483429E0
4.072515162E1,-8.180039520E0,4.046086121E-1,1.699116669E0
4.073519163E1,-8.200397186E0,1.866618347E-1,2.047292633E0
4.074523263E1,-8.223000183E0,-8.502319336E-2,2.309996338E0
4.075527262E1,-8.299790497E0,-3.273692322E-1,2.294129333E0
4.076531263E1,-8.472531281E0,-4.797523499E-1,2.212848358E0
4.077535362E1,-8.605903931E0,-5.875282288E-1,2.069147186E0
4.078539363E1,-8.928632812E0,-6.744973755E-1,1.973346405E0
4.079543463E1,-9.492809601E0,-7.093748474E-1,1.818268890E0
4.080547462E1,-1.014545242E1,-5.873785400E-1,1.506616974E0
4.081551562E1,-1.069241501E1,-2.627037048E-1,1.185983734E0
4.082555563E1,-1.099254089E1,1.413061523E-1,1.110241241E0
4.083559662E1,-1.108100693E1,6.762936401E-1,1.253792725E0
4.084563663E1,-1.118803436E1,1.330283661E0,1.739083557E0
4.085567662E1,-1.147678391E1,1.991758118E0,2.507585449E0
4.086571762E1,-1.189351730E1,2.655926971E0,3.430865479E0
4.087575763E1,-1.223600510E1,3.233575745E0,4.237088928E0
4.088579863E1,-1.259211456E1,3.421135712E0,4.442312164E0
4.089583900E1,-1.298010773E1,3.119962006E0,3.810625763E0
4.090588000E1,-1.292651917E1,1.807491302E0,2.755170593E0
4.091592000E1,-1.306198746E1,-4.745132446E-1,1.472937012E0
4.092596000E1,-1.396565826E1,-2.578837280E0,6.595285034E-1
4.093600100E1,-1.514520538E1,-4.106260986E0,1.097517700E0
4.094604100E1,-1.580727859E1,-4.974156189E0,8.481362915E-1
4.095608200E1,-1.564741104E1,-5.193899231E0,-9.503736877E-1
4.096612200E1,-1.483325409E1,-4.775519257E0,-3.337160339E0
4.097616300E1,-1.394125900E1,-4.143234100E0,-4.718637543E0
4.098620300E1,-1.314237030E1,-3.490441589E0,-4.555327148E0
4.099624400E1,-1.209784241E1,-2.626138916E0,-3.717369690E0
4.100628400E1,-1.088925568E1,-1.528770905E0,-2.880909119E0
4.101632400E1,-9.781409454E0,-2.631527710E-1,-2.141446838E0
4.102636500E1,-8.870254211E0,1.057999878E0,-2.120939484E0
4.103640500E1,-8.226592712E0,1.968256989E0,-2.356250153E0
4.104644600E1,-8.356672211E0,2.290237427E0,-2.062111816E0
4.105648600E1,-8.546926575E0,2.431244202E0,-1.488654327E0
4.106652700E1,-8.654403076E0,2.249522095E0,-7.075785828E-1
4.107656700E1,-8.977131958E0,1.681603088E0,-1.490899658E-1
4.108660700E1,-9.323212280E0,8.217910767E-1,1.447489929E-1
4.109664800E1,-9.609716492E0,6.286926270E-3,1.983375549E-1
4.110668800E1,-1.002510269E1,-5.043013000E-1,-1.624122620E-1
4.111672900E1,-1.058553726E1,-7.906558228E-1,-6.783892822E-1
4.112676900E1,-1.088686066E1,-9.892927551E-1,-1.122815094E0
4.113681000E1,-1.070843170E1,-1.055155792E0,-1.295555878E0
4.114685000E1,-1.017643799E1,-9.659413147E-1,-1.260678406E0
4.115689000E1,-9.430688782E0,-9.041198730E-1,-1.025367737E0
4.116693100E1,-8.557105408E0,-7.899073792E-1,-6.342311096E-1
4.117697100E1,-7.582931213E0,-5.361849976E-1,-2.995271301E-1
4.118701200E1,-6.983876953E0,-2.733316040E-1,-7.155120850E-2
4.119705200E1,-6.373745728E0,2.167492676E-1,-3.598516846E-1
4.120709300E1,-5.532644806E0,8.643026733E-1,-5.194198608E-1
4.121713300E1,-5.553152161E0,1.316212921E0,-4.939727783E-1
4.122717400E1,-6.020180969E0,1.736239471E0,-5.710624695E-1
4.123721400E1,-6.287525024E0,1.897154846E0,-6.261479187E-1
4.124725400E1,-6.784341888E0,1.731000366E0,-5.445675659E-1
4.125729500E1,-7.414381714E0,1.560953979E0,-4.111949158E-1
4.126733500E1,-7.796836395E0,1.590442657E0,-3.345542908E-1
4.127737600E1,-7.989785156E0,1.739682312E0,-2.130070496E-1
4.128741600E1,-8.499475250E0,1.863025818E0,-2.839595032E-1
4.129745700E1,-8.953630829E0,1.946103058E0,-4.071533203E-1
4.130749700E1,-9.175768890E0,1.987716522E0,-2.252815247E-1
4.131753700E1,-9.292675781E0,2.058818665E0,4.580474854E-2
4.132757800E1,-9.184600525E0,2.269730072E0,1.603166199E-1
4.133761800E1,-8.920699310E0,2.463277588E0,1.895059204E-1
4.134765900E1,-8.646768951E0,2.466870117E0,3.200344849E-1
4.135769900E1,-8.489895172E0,2.393522644E0,6.595285034E-1
4.136774000E1,-8.452173615E0,2.373015289E0,9.572593689E-1
4.137778000E1,-8.431366882E0,2.377206573E0,1.003662872E0
4.138782000E1,-8.357869720E0,2.380799103E0,8.105644226E-1
4.139786100E1,-8.223299561E0,2.325713654E0,4.611909485E-1
4.140790100E1,-8.024363251E0,2.261347504E0,4.939727783E-3
4.141794200E1,-7.885601807E0,2.408042450E0,-2.378553772E-1
4.142798200E1,-7.544760590E0,2.769690399E0,-4.281097412E-1
4.143802300E1,-7.486381989E0,3.151097260E0,-3.429368591E-1
4.144806300E1,-8.274493103E0,3.507057037E0,-1.231938171E-1
4.145810300E1,-8.846453705E0,3.811224518E0,-3.540138245E-1
4.146814400E1,-9.432185669E0,3.974684601E0,-4.481680298E-1
4.147818400E1,-9.931547241E0,4.062252502E0,-2.586621094E-1
4.148822500E1,-1.038465500E1,3.961961060E0,1.160087585E-1
4.149826500E1,-1.113564331E1,3.667373657E0,3.779640198E-1
4.150830600E1,-1.187525528E1,3.489094391E0,4.543052673E-1
4.151834600E1,-1.234602631E1,3.644770660E0,2.656974792E-1
4.152838700E1,-1.238569382E1,4.088448029E0,-2.933898926E-2
4.153842700E1,-1.187136337E1,4.432582397E0,-2.787203979E-1
4.154846700E1,-1.115285751E1,3.983216858E0,-1.721420288E-2
4.155850800E1,-1.071322174E1,3.241808624E0,3.803590393E-1
4.156854800E1,-1.054137909E1,2.447111206E0,-1.841171265E-2
4.157858900E1,-1.168170776E1,2.413880310E0,-1.549727325E0
4.158862900E1,-1.313743057E1,2.499053192E0,-2.390079803E0
4.159867000E1,-1.358978989E1,1.260229340E0,-2.042352905E0
4.160871000E1,-1.376118347E1,-1.159039764E0,-2.494712219E0
4.161875000E1,-1.481304611E1,-3.858675842E0,-3.413651276E0
4.162879100E1,-1.663820068E1,-4.929998016E0,-3.974983978E0
4.163883100E1,-1.715028580E1,-3.914509735E0,-2.106269989E0
4.164887200E1,-1.630993332E1,-2.722538452E0,1.097068634E0
4.165891200E1,-1.461276260E1,-2.391427002E0,1.464105377E0
4.166895300E1,-1.292023224E1,-2.443668365E0,4.828958130E-1
4.167899300E1,-1.198542618E1,-2.791844330E0,5.505551147E-1
4.168903300E1,-1.116378479E1,-2.714455261E0,1.013242950E0
4.169907400E1,-1.059302170E1,-1.935624847E0,1.660946045E0
4.170911400E1,-1.060484711E1,-8.918453979E-1,2.089504852E0
4.171915500E1,-1.106798401E1,-4.849914551E-2,1.918410645E0
4.172919500E1,-1.091140961E1,4.022135925E-1,1.744472351E0
4.173923600E1,-1.023975632E1,5.300477600E-1,1.541644135E0
4.174927600E1,-9.526938629E0,4.640350342E-1,1.146465912E0
4.175931600E1,-9.043593750E0,4.435276794E-1,5.977070618E-1
4.176935700E1,-8.174351349E0,4.559518433E-1,5.104385376E-2
4.177939700E1,-7.395221558E0,4.837939453E-1,-3.046165466E-1
4.178943800E1,-7.044051819E0,6.518943787E-1,-4.225712585E-1
4.179947800E1,-6.944209442E0,9.436376953E-1,-3.483256531E-1
4.180951900E1,-6.622678070E0,1.305884399E0,-1.308279419E-1
4.181955900E1,-6.086343384E0,1.561702423E0,1.710942078E-1
4.182959900E1,-5.674849091E0,1.436862030E0,4.779560852E-1
4.183964000E1,-5.551206207E0,1.090931396E0,6.020480347E-1
4.184968000E1,-5.613027649E0,7.146139526E-1,5.066963196E-1
4.185972100E1,-5.647156677E0,1.904040527E-1,3.677851868E-1
4.186976100E1,-5.687722321E0,-3.742218018E-1,2.216889954E-1
4.187980200E1,-5.755381622E0,-1.006656647E0,8.158035278E-2
4.188984192E1,-5.988147583E0,-1.675016785E0,1.697470093E-1
4.189988192E1,-6.269562378E0,-2.239792328E0,4.231700134E-1
4.190992292E1,-6.553222504E0,-2.636317749E0,6.629713440E-1
4.191996292E1,-7.013814697E0,-2.683918762E0,7.957452393E-1
4.193000392E1,-7.610773315E0,-2.356399841E0,8.607101440E-1
4.194004392E1,-8.221503296E0,-1.797911224E0,9.455836487E-1
4.195008492E1,-8.829389191E0,-1.092577972E0,1.068627777E0
4.196012492E1,-9.341923370E0,-2.923420715E-1,1.192869415E0
4.197016492E1,-1.000324814E1,4.423301697E-1,1.278641052E0
4.198020592E1,-1.087757996E1,1.233734436E0,1.276695099E0
4.199024592E1,-1.133128647E1,1.827250214E0,1.616039429E0
4.200028692E1,-1.157602753E1,2.185605011E0,2.088606720E0
4.201032692E1,-1.105885300E1,2.585573273E0,2.113305359E0
4.202036792E1,-1.038675064E1,2.596051483E0,2.063459015E0
4.203040792E1,-9.726174316E0,2.348166962E0,1.905986481E0
4.204044792E1,-8.709638214E0,2.075583801E0,1.721120911E0
4.205048892E1,-7.711214447E0,1.654659119E0,1.849553833E0
4.206052892E1,-7.045848083E0,1.160686340E0,2.131118317E0
4.207056992E1,-6.693929901E0,6.173162842E-1,2.305355988E0
4.208060992E1,-6.582711182E0,2.794688416E-1,2.321971436E0
4.209065092E1,-6.389463043E0,3.529660034E-1,2.216291199E0
4.210069092E1,-6.331383820E0,6.252497864E-1,2.174677734E0
4.211073092E1,-6.725514221E0,8.318202209E-1,2.292931824E0
4.212077192E1,-7.576943665E0,9.201365662E-1,2.290836182E0
4.213081192E1,-8.813971252E0,9.255253601E-1,2.233056335E0
4.214085292E1,-1.006267456E1,1.053209839E0,2.121687927E0
4.215089292E1,-1.098251175E1,1.429377594E0,2.080972595E0
4.216093392E1,-1.158216476E1,1.853745117E0,2.092049561E0
4.217097392E1,-1.215771790E1,2.151625671E0,2.090702362E0
4.218101392E1,-1.254855515E1,2.463876343E0,2.099384308E0
4.219105492E1,-1.261411880E1,2.775378571E0,2.315983887E0
4.220109492E1,-1.248957779E1,3.027604065E0,2.894979858E0
4.221113592E1,-1.224438766E1,3.076552277E0,3.572920074E0
4.222117592E1,-1.229632965E1,2.551593933E0,3.530558167E0
4.223121692E1,-1.280856445E1,1.557511139E0,2.911146240E0
4.224125692E1,-1.371193588E1,-7.634124756E-3,1.592687988E0
4.225129692E1,-1.470077957E1,-1.798360291E0,-3.891906738E-3
4.226133792E1,-1.570399338E1,-3.647315369E0,-6.533912659E-1
4.227137792E1,-1.672516983E1,-5.035827942E0,-1.492396545E0
4.228141892E1,-1.699520828E1,-5.520819397E0,-3.751049652E0
4.229145892E1,-1.617057312E1,-5.346881104E0,-6.270909576E0
4.230149992E1,-1.534623734E1,-4.949008484E0,-7.485034790E0
4.231153992E1,-1.479553253E1,-4.290677490E0,-6.960226135E0
4.232157992E1,-1.402014496E1,-3.102598114E0,-5.309758301E0
4.233162092E1,-1.275347900E1,-1.573228455E0,-3.429667969E0
4.234166092E1,-1.067160828E1,-4.953199768E-1,-2.033670959E0
4.235170192E1,-8.578959961E0,2.722837830E-1,-1.395997009E0
4.236174192E1,-7.073839874E0,1.175206146E0,-1.372645569E0
4.237178292E1,-6.803651733E0,1.588646393E0,-1.044527893E0
4.238182292E1,-7.073989563E0,1.806892548E0,-3.766168213E-1
4.239186292E1,-7.213200073E0,1.925745392E0,3.589535522E-1
4.240190392E1,-7.411837006E0,1.949545898E0,9.499246216E-1
4.241194392E1,-7.578440552E0,1.916464691E0,1.407073975E0
4.242198492E1,-7.999963989E0,1.701661377E0,1.521136780E0
4.243202492E1,-8.730744324E0,1.468596039E0,9.280700684E-1
4.244206592E1,-9.342222748E0,1.291663971E0,-7.529342651E-2
4.245210592E1,-9.789342957E0,9.122030640E-1,-8.250842285E-1
4.246214592E1,-1.017089951E1,2.350112915E-1,-1.208137665E0
4.247218692E1,-1.030891251E1,-3.935316467E-1,-1.290167084E0
4.248222692E1,-1.006027954E1,-6.795867920E-1,-1.015488281E0
4.249226792E1,-9.512867889E0,-5.763015747E-1,-6.044430542E-1
4.250230792E1,-8.791068878E0,-2.899470520E-1,-2.390528870E-1
4.251234892E1,-8.064180450E0,5.852828979E-2,1.263372803E-1
4.252238892E1,-7.557334442E0,3.094065857E-1,4.628375244E-1
4.253242992E1,-7.165898438E0,3.932322693E-1,6.991960144E-1
4.254246992E1,-6.721023560E0,3.809577942E-1,9.033714294E-1
4.255250992E1,-6.320905609E0,2.357597351E-1,1.084195404E0
4.256255092E1,-6.193071442E0,1.347198486E-3,1.202150116E0
4.257259092E1,-6.116281128E0,-1.124162292E-1,1.192420349E0
4.258263192E1,-6.258186035E0,-1.164578247E-1,1.100661163E0
4.259267192E1,-6.542295227E0,-4.011657715E-2,1.007405090E0
4.260271192E1,-7.116201782E0,5.852828979E-2,8.440946960E-1
4.261275292E1,-7.601193237E0,1.791773987E-1,7.017407227E-1
4.262279292E1,-7.937094727E0,3.638932800E-1,6.262976074E-1
4.263283392E1,-8.280480652E0,6.542893982E-1,4.757107544E-1
4.264287392E1,-8.594527588E0,1.081800385E0,2.583627319E-1
4.265291492E1,-8.954678650E0,1.645677795E0,6.511459351E-2
4.266295492E1,-9.213939514E0,2.333796844E0,-7.364685059E-2
4.267299492E1,-9.467212830E0,3.002905426E0,-1.936972046E-1
4.268303592E1,-9.739197235E0,3.591780853E0,-3.968247986E-1
4.269307592E1,-9.854906616E0,4.129612427E0,-5.448669434E-1
4.270311692E1,-9.676178284E0,4.616998901E0,-5.807922363E-1
4.271315692E1,-9.282197571E0,5.017565918E0,-5.369334412E-1
4.272319792E1,-8.835975494E0,5.060676270E0,-4.932243347E-1
4.273323792E1,-8.469387817E0,4.846771088E0,-4.831951904E-1
4.274327792E1,-8.029153290E0,4.586911469E0,-5.363346863E-1
4.275331892E1,-7.778873749E0,4.283492432E0,-5.164260864E-1
4.276335892E1,-7.973020020E0,3.942800903E0,-2.842588806E-1
4.277339992E1,-8.487799530E0,3.636687469E0,-7.274871826E-2
4.278343992E1,-8.966653748E0,3.532953186E0,9.131011963E-2
4.279348092E1,-9.071884918E0,3.564088440E0,4.336482239E-1
4.280352092E1,-9.532028046E0,3.569028168E0,7.801776123E-1
4.281356092E1,-1.047716263E1,3.613485718E0,8.155041504E-1
4.282360192E1,-1.140792709E1,3.795207825E0,7.439529419E-1
4.283364192E1,-1.190534271E1,4.176464996E0,7.394622803E-1
4.284368292E1,-1.176822784E1,4.407584381E0,8.134085083E-1
4.285372292E1,-1.160192368E1,4.121229858E0,9.874964905E-1
4.286376392E1,-1.194456116E1,3.694766693E0,1.364861755E0
4.287380392E1,-1.207284439E1,3.612288208E0,9.346563721E-1
4.288384392E1,-1.266112106E1,3.547772369E0,-5.279521179E-1
4.289388538E1,-1.449226318E1,2.970722351E0,-1.949695587E0
4.290392537E1,-1.613180374E1,1.832339630E0,-3.020568695E0
4.291396637E1,-1.674897034E1,8.741821289E-2,-4.028123474E0
4.292400638E1,-1.710582825E1,-1.356778564E0,-4.780758362E0
4.293404637E1,-1.659089905E1,-1.702260132E0,-4.905149689E0
4.294408737E1,-1.482038086E1,-2.012564850E0,-3.526366882E0
4.295412738E1,-1.345671661E1,-2.825973358E0,-1.584455109E0
4.296416837E1,-1.206775497E1,-3.405568085E0,-7.679031372E-1
4.297420838E1,-1.064705933E1,-3.501368866E0,-4.079017639E-1
4.298424938E1,-1.008258316E1,-3.382815399E0,1.454974365E-1
4.299428937E1,-9.913883972E0,-3.081641693E0,8.946894836E-1
4.300432938E1,-9.920320587E0,-2.660267944E0,1.548529816E0
4.301437038E1,-1.014200958E1,-2.415227509E0,1.754501495E0
4.302441038E1,-1.028660889E1,-2.321971436E0,1.642234955E0
4.303445138E1,-1.056188644E1,-2.143392792E0,1.399140472E0
4.304449137E1,-1.050739975E1,-1.753004608E0,1.150507507E0
4.305453237E1,-1.009036697E1,-1.332229614E0,8.857081604E-1
4.306457238E1,-9.684411163E0,-1.030157776E0,4.484674072E-1
4.307461237E1,-9.477391663E0,-5.210664368E-1,1.945953369E-3
4.308465338E1,-9.218579865E0,2.579136658E-1,-3.370989990E-1
4.309469337E1,-8.572523346E0,1.064885559E0,-6.056405640E-1
4.310473437E1,-7.850574646E0,1.778302002E0,-6.415658569E-1
4.311477438E1,-7.260352020E0,2.459834747E0,-5.541476440E-1
4.312481538E1,-6.716383209E0,3.008443909E0,-3.376977539E-1
4.313485537E1,-6.276448059E0,3.158432007E0,-1.733395386E-1
4.314489538E1,-5.892795868E0,2.954855347E0,-4.745132446E-2
4.315493637E1,-5.556894379E0,2.455493774E0,-7.694000244E-2
4.316497638E1,-5.404361572E0,1.727108459E0,-1.960922241E-1
4.317501738E1,-5.218897247E0,9.894424438E-1,-2.609074402E-1
4.318505737E1,-5.101690979E0,4.447251892E-1,-1.889071655E-1
4.319509738E1,-5.353467407E0,-4.165837097E-1,-1.354682922E-1
4.320513838E1,-5.706134033E0,-1.401086426E0,-4.355941772E-2
4.321517838E1,-6.002218323E0,-2.124232635E0,3.135978699E-1
4.322521938E1,-6.457571411E0,-2.562820587E0,7.403604126E-1
4.323525937E1,-7.284601593E0,-2.780467987E0,1.090332642E0
4.324530037E1,-8.129594421E0,-2.748733978E0,1.302591248E0
4.325534038E1,-8.785231018E0,-2.477348328E0,1.510658569E0
4.326538037E1,-9.315578156E0,-2.068548431E0,1.823957062E0
4.327542138E1,-9.752669220E0,-1.594783630E0,2.139201508E0
4.328546137E1,-1.002091141E1,-9.768685913E-1,2.355501709E0
4.329550237E1,-1.005728577E1,-3.206332397E-1,2.454445953E0
4.330554238E1,-9.678423615E0,3.318598938E-1,2.592009888E0
4.331558338E1,-9.077573090E0,9.675878906E-1,2.810106354E0
4.332562337E1,-8.488547974E0,1.501377869E0,2.865341492E0
4.333566338E1,-8.109087067E0,2.031725006E0,2.609074402E0
4.334570437E1,-7.926167450E0,2.279459839E0,2.042203217E0
4.335574438E1,-8.005801849E0,2.110760651E0,1.434766388E0
4.336578538E1,-8.329428864E0,1.676214294E0,8.750802612E-1
4.337582537E1,-8.848100281E0,1.050066376E0,7.161108398E-1
4.338586538E1,-9.499395905E0,3.736230469E-1,8.252339172E-1
4.339590638E1,-1.012614258E1,-3.293151855E-2,1.023571472E0
4.340594638E1,-1.051548294E1,9.580078125E-2,1.104553070E0
4.341598738E1,-1.080049026E1,6.414161682E-1,1.108744354E0
4.342602737E1,-1.100182159E1,1.253193970E0,1.278191986E0
4.343606837E1,-1.112277008E1,1.771116943E0,1.649120636E0
4.344610838E1,-1.112187195E1,2.173180847E0,2.015708313E0
4.345614838E1,-1.111633347E1,2.628833313E0,2.502645721E0
4.346618938E1,-1.115121094E1,3.098855896E0,3.020568695E0
4.347622937E1,-1.122425903E1,3.437900848E0,3.338058472E0
4.348627037E1,-1.138547379E1,3.333268433E0,3.159030762E0
4.349631038E1,-1.174053543E1,2.672243042E0,2.650837555E0
4.350635138E1,-1.215966385E1,8.131091309E-1,1.579665070E0
4.351639138E1,-1.282937119E1,-1.198407898E0,2.173480225E-1
4.352643138E1,-1.425455750E1,-3.519181824E0,-3.005749512E-1
4.353647237E1,-1.613524658E1,-5.595065002E0,-1.180145874E0
4.354651238E1,-1.707469299E1,-6.690786438E0,-3.132535858E0
4.355655338E1,-1.706481354E1,-7.039710846E0,-5.506299591E0
4.356659337E1,-1.669987244E1,-6.696923676E0,-7.561525726E0
4.357663338E1,-1.594738724E1,-5.651198273E0,-7.571554871E0
4.358667438E1,-1.443403427E1,-4.053720245E0,-5.832471313E0
4.359671438E1,-1.309686493E1,-2.446662140E0,-3.552113342E0
4.360675538E1,-1.191312653E1,-7.746391296E-1,-2.037712555E0
4.361679537E1,-1.049093399E1,9.120533752E-1,-1.725312195E0
4.362683637E1,-8.960366821E0,2.259850616E0,-1.546883240E0
4.363687638E1,-7.996970215E0,3.234024811E0,-9.505233765E-1
4.364691638E1,-7.660320282E0,3.846101990E0,-3.619473267E-1
4.365695738E1,-7.422464905E0,4.338428192E0,6.032455444E-2
4.366699737E1,-7.155869293E0,4.656367035E0,4.787045288E-1
4.367703837E1,-7.193141785E0,4.654271393E0,6.553372192E-1
4.368707838E1,-7.607629852E0,4.171375580E0,5.783972168E-1
4.369711938E1,-7.876321106E0,3.455115051E0,1.764830017E-1
4.370715938E1,-8.129145355E0,2.568508759E0,-2.544708252E-1
4.371719937E1,-8.787476349E0,1.196611633E0,-6.224057007E-1
4.372724037E1,-9.618847504E0,-1.924996948E-1,-1.085542603E0
4.373728038E1,-1.019110748E1,-1.336570587E0,-1.257684631E0
4.374732138E1,-1.038705002E1,-2.179467773E0,-9.563612366E-1
4.375736137E1,-9.962083740E0,-2.592309265E0,-4.837939453E-1
4.376740138E1,-9.313332825E0,-2.637664948E0,-1.130149841E-1
4.377744237E1,-8.595425720E0,-2.304757233E0,5.748046875E-2
4.378748238E1,-7.916437683E0,-1.741927643E0,-3.891906738E-3
4.379752338E1,-7.468718719E0,-1.240769806E0,-1.356179810E-1
4.380756337E1,-7.201973419E0,-7.481442261E-1,-2.158511353E-1
4.381760437E1,-7.064409485E0,-1.751358032E-1,-2.417472839E-1
4.382764438E1,-7.062912598E0,4.312532043E-1,-2.631527710E-1
4.383768438E1,-7.198380890E0,1.078656921E0,-3.852987671E-1
4.384772538E1,-7.532186737E0,1.713037720E0,-4.951702881E-1
4.385776537E1,-7.990683289E0,2.291734314E0,-5.129832458E-1
4.386780637E1,-8.494535522E0,2.664908295E0,-4.559518433E-1
4.387784638E1,-8.694369965E0,2.894680481E0,-4.779560852E-1
4.388788637E1,-8.773555298E0,2.944826202E0,-4.781057739E-1
4.389792700E1,-8.850944366E0,2.922073517E0,-4.960684204E-1
4.390796700E1,-8.770262146E0,2.851121063E0,-3.450325012E-1
4.391800800E1,-8.698710938E0,2.680924988E0,-9.759704590E-2
4.392804800E1,-8.521479492E0,2.453847198E0,1.601669312E-1
4.393808900E1,-8.278534698E0,2.138902130E0,3.644920349E-1
4.394812900E1,-8.193062439E0,1.913321228E0,4.809498596E-1
4.395816900E1,-8.131839752E0,1.835333405E0,6.378236389E-1
4.396821000E1,-8.153843994E0,1.835782471E0,8.533753967E-1
4.397825000E1,-8.252189484E0,1.849404144E0,1.067729645E0
4.398829100E1,-8.463999023E0,1.931283875E0,1.106349335E0
4.399833100E1,-8.633296967E0,2.099833374E0,9.250762939E-1
4.400837200E1,-8.672964478E0,2.301913147E0,5.881269836E-1
4.401841200E1,-8.814270630E0,2.594404907E0,2.782713318E-1
4.402845200E1,-9.097332001E0,3.064128113E0,-5.224136353E-2
4.403849300E1,-9.398356018E0,3.589685211E0,-2.721340942E-1
4.404853300E1,-9.689650269E0,3.994293823E0,-1.901046753E-1
4.405857400E1,-9.929451599E0,4.291875000E0,6.047424316E-2
4.406861400E1,-1.013138168E1,4.505331116E0,5.757028198E-1
4.407865400E1,-1.039079224E1,4.572840729E0,1.175056458E0
4.408869500E1,-1.074869797E1,4.483027496E0,1.468296661E0
4.409873500E1,-1.100736008E1,4.191433868E0,1.479673004E0
4.410877600E1,-1.104283630E1,3.770209808E0,1.427731018E0
4.411881600E1,-1.093012070E1,3.458857269E0,1.393601990E0
4.412885600E1,-1.051039352E1,3.375031586E0,1.391506348E0
4.413889700E1,-1.004306534E1,3.216660919E0,1.451381836E0
4.414893700E1,-1.009261230E1,3.077749786E0,1.643731842E0
4.415897800E1,-1.058404037E1,3.021466827E0,1.592987366E0
4.416901800E1,-1.124940674E1,2.916535034E0,1.109941864E0
4.417905900E1,-1.238853790E1,2.776725769E0,-8.382568359E-2
4.418909900E1,-1.374471771E1,2.494263153E0,-1.255439301E0
4.419913900E1,-1.477682144E1,1.845512238E0,-1.748214569E0
4.420918000E1,-1.564666260E1,9.873468018E-1,-2.115251312E0
4.421922000E1,-1.654718994E1,5.788462830E-1,-2.674937439E0
4.422926100E1,-1.629047379E1,8.614585876E-1,-2.435884552E0
4.423930100E1,-1.467802689E1,1.137634277E0,-9.903405762E-1
4.424934100E1,-1.276126282E1,7.191046143E-1,-1.507365417E-1
4.425938200E1,-1.086320984E1,-9.280700684E-3,-4.882846069E-1
4.426942200E1,-9.350904694E0,-6.737489319E-1,-1.032552795E0
4.427946300E1,-8.596623230E0,-1.326691132E0,-1.030008087E0
4.428950300E1,-8.658294983E0,-1.732347565E0,-9.177415466E-1
4.429954400E1,-9.120833130E0,-1.634900208E0,-5.312452698E-1
4.430958400E1,-9.731563110E0,-1.588047638E0,3.764671326E-1
4.431962400E1,-1.037028488E1,-1.966311035E0,9.547146606E-1
4.432966500E1,-1.073417816E1,-2.502046967E0,6.803352356E-1
4.433970500E1,-1.082653610E1,-2.949765930E0,2.803669739E-1
4.434974600E1,-1.067460205E1,-3.111130371E0,1.320254517E-1
4.435978600E1,-1.026520340E1,-2.872077484E0,1.287322998E-1
4.436982600E1,-9.638307037E0,-2.301613770E0,2.040257263E-1
4.437986700E1,-9.215885468E0,-1.467847595E0,3.760180664E-1
4.438990700E1,-8.918753357E0,-3.677851868E-1,5.281018066E-1
4.439994800E1,-8.607849884E0,8.379574585E-1,5.912704468E-1
4.440998800E1,-8.096064148E0,1.866768036E0,5.751040649E-1
4.442002900E1,-7.500153351E0,2.704725494E0,5.691165161E-1
4.443006900E1,-6.906787262E0,3.310366058E0,5.706134033E-1
4.444010900E1,-6.559060364E0,3.605103149E0,6.734495544E-1
4.445015000E1,-6.398743744E0,3.555855560E0,7.737409973E-1
4.446019000E1,-6.214626617E0,3.183130646E0,8.285270691E-1
4.447023100E1,-6.041885834E0,2.449506226E0,8.156538391E-1
4.448027100E1,-6.084547119E0,1.498982849E0,6.246510315E-1
4.449031100E1,-6.552623749E0,5.186714172E-1,4.430786133E-1
4.450035200E1,-6.945257263E0,-3.466790771E-1,2.730322266E-1
4.451039200E1,-7.034771118E0,-1.109043732E0,2.694396973E-1
4.452043300E1,-7.497608643E0,-1.784139862E0,2.406994629E-1
4.453047300E1,-7.937094727E0,-2.333647156E0,4.213737488E-1
4.454051300E1,-8.588540039E0,-2.618654480E0,7.158114624E-1
4.455055400E1,-9.248667297E0,-2.708916779E0,9.315129089E-1
4.456059400E1,-9.427245941E0,-2.601739655E0,1.211131439E0
4.457063500E1,-9.330247650E0,-2.360291748E0,1.590742035E0
4.458067500E1,-9.090596008E0,-1.984872437E0,1.961520996E0
4.459071600E1,-8.778345337E0,-1.500330048E0,2.340383148E0
4.460075600E1,-8.352780304E0,-9.416917419E-1,2.575843506E0
4.461079600E1,-7.756270752E0,-3.623963928E-1,2.591860199E0
4.462083700E1,-7.282805328E0,9.894424438E-2,2.572550354E0
4.463087700E1,-6.978338470E0,4.921765137E-1,2.456242218E0
4.464091800E1,-6.746620331E0,7.674540710E-1,2.274969177E0
4.465095800E1,-6.645879822E0,9.361532593E-1,2.044298859E0
4.466099800E1,-6.691534882E0,1.145118713E0,1.912423096E0
4.467103900E1,-6.877897339E0,1.256936188E0,1.913021851E0
4.468107900E1,-7.396568756E0,1.132395172E0,1.928888855E0
4.469112000E1,-8.227341156E0,8.393046570E-1,1.815873871E0
4.470116000E1,-9.173972626E0,5.019062805E-1,1.633852386E0
4.471120100E1,-1.017194733E1,5.209167480E-2,1.367107086E0
4.472124100E1,-1.097951797E1,-5.186714172E-1,1.178050232E0
4.473128100E1,-1.157258469E1,-1.003962250E0,1.711091766E0
4.474132200E1,-1.220067856E1,-9.734257507E-1,2.787054291E0
4.475136200E1,-1.278700928E1,-2.731819153E-1,3.838318176E0
4.476140300E1,-1.338321945E1,9.166937256E-1,4.752467194E0
4.477144300E1,-1.396550858E1,2.312840424E0,5.251978455E0
4.478148300E1,-1.439990524E1,3.469036102E0,5.151237946E0
4.479152400E1,-1.433808380E1,3.869303741E0,4.245321808E0
4.480156400E1,-1.357886261E1,3.700604553E0,2.780467987E0
4.481160500E1,-1.196761322E1,3.222947845E0,9.822573853E-1
4.482164500E1,-1.132739456E1,1.566791840E0,-5.078938293E-1
4.483168600E1,-1.311587540E1,-1.076860657E0,-5.270539856E-1
4.484172600E1,-1.467787720E1,-2.928809509E0,-8.831634521E-3
4.485176600E1,-1.532857407E1,-4.103416901E0,-5.213658142E-1
4.486180700E1,-1.557451263E1,-5.216801605E0,-1.633103943E0
4.487184700E1,-1.565848801E1,-5.908513184E0,-3.057242432E0
4.488188800E1,-1.545820450E1,-5.639971619E0,-4.283043365E0
4.489192800E1,-1.478086304E1,-4.179458771E0,-4.984035645E0
4.490196779E1,-1.356733658E1,-2.353106689E0,-4.851710815E0
4.491200879E1,-1.167122955E1,-9.211843872E-1,-3.909869385E0
4.492204879E1,-9.234446869E0,4.333488464E-1,-3.247646484E0
4.493208979E1,-7.611970825E0,1.688039703E0,-2.621947632E0
4.494212979E1,-7.266339569E0,2.599194946E0,-1.715133362E0
4.495216979E1,-7.406148834E0,3.320245514E0,-6.179150391E-1
4.496221079E1,-7.493417358E0,3.809278564E0,4.986131287E-1
4.497225079E1,-7.537725220E0,4.176614685E0,1.418600006E0
4.498229179E1,-7.745792542E0,4.273014221E0,1.632205811E0
4.499233179E1,-8.234077148E0,4.014801178E0,1.072519684E0
4.500237179E1,-8.787326660E0,3.518283691E0,2.475851440E-1
4.501241279E1,-9.204958191E0,2.756817169E0,-3.529660034E-1
4.502245279E1,-9.734107819E0,1.611249390E0,-7.086264038E-1
4.503249379E1,-1.026655060E1,4.170327759E-1,-9.446855164E-1
4.504253379E1,-1.041100021E1,-5.566923523E-1,-1.017134857E0
4.505257479E1,-1.013018417E1,-1.251397705E0,-8.593629456E-1
4.506261479E1,-9.642348633E0,-1.560205536E0,-6.253994751E-1
4.507265479E1,-9.009315033E0,-1.478325806E0,-3.574566650E-1
4.508269579E1,-8.085585938E0,-1.114432526E0,7.634124756E-3
4.509273579E1,-7.209607544E0,-7.348219299E-1,3.770658875E-1
4.510277679E1,-6.747368774E0,-5.066963196E-1,4.481680298E-1
4.511281679E1,-6.464756470E0,-1.713935852E-1,1.948947144E-1
4.512285679E1,-6.121071167E0,3.137475586E-1,6.047424316E-2
4.513289779E1,-5.904920654E0,7.295828247E-1,1.248403931E-1
4.514293779E1,-6.140081635E0,1.079405365E0,3.231779480E-1
4.515297879E1,-6.496041412E0,1.557960205E0,4.302053833E-1
4.516301879E1,-6.904841309E0,1.912273407E0,5.348377991E-1
4.517305879E1,-7.550748138E0,2.077230377E0,6.117778015E-1
4.518309979E1,-8.068671112E0,2.215243378E0,5.740562439E-1
4.519313979E1,-8.582851868E0,2.316133575E0,5.975573730E-1
4.520318079E1,-8.951684875E0,2.270628204E0,6.379733276E-1
4.521322079E1,-9.269623718E0,2.114353180E0,6.773414612E-1
4.522326179E1,-9.433682556E0,1.901795197E0,7.560777283E-1
4.523330179E1,-9.382489014E0,1.696871338E0,8.783734131E-1
4.524334179E1,-9.234895935E0,1.458117828E0,1.006207581E0
4.525338279E1,-9.101672974E0,1.197958832E0,1.179098053E0
4.526342279E1,-9.083261261E0,1.016985168E0,1.302591248E0
4.527346379E1,-9.038803711E0,1.058598633E0,1.317859497E0
4.528350379E1,-8.941506042E0,1.380878448E0,1.137035522E0
4.529354379E1,-8.861871643E0,1.851050720E0,6.800358582E-1
4.530358479E1,-8.816366272E0,2.496508484E0,1.270857239E-1
4.531362479E1,-8.915011139E0,3.309617615E0,-2.927911377E-1
4.532366579E1,-9.116043091E0,4.162993011E0,-4.284091187E-1
4.533370579E1,-9.409732361E0,4.861889648E0,-2.095642090E-1
4.534374579E1,-9.576335907E0,5.323080597E0,2.953358459E-1
4.535378679E1,-9.807006226E0,5.528154144E0,9.584568787E-1
4.536382679E1,-1.008842102E1,5.512736206E0,1.509161682E0
4.537386779E1,-1.039872574E1,5.339995422E0,1.731898499E0
4.538390779E1,-1.076815750E1,4.975353699E0,1.721120911E0
4.539394779E1,-1.095556778E1,4.623734894E0,1.691183167E0
4.540398879E1,-1.066262695E1,4.157454529E0,1.615590363E0
4.541402879E1,-1.039797729E1,3.357967072E0,1.541943512E0
4.542406979E1,-1.037687119E1,2.544408875E0,1.462608490E0
4.543410979E1,-1.047566574E1,1.858086090E0,1.066382446E0
4.544415079E1,-1.140837616E1,1.471589813E0,3.143463135E-2
4.545419079E1,-1.338321945E1,1.435963898E0,-1.426383820E0
4.546423079E1,-1.510434036E1,1.204096069E0,-2.413580933E0
4.547427179E1,-1.567974380E1,7.958949280E-1,-3.049757996E0
4.548431179E1,-1.535970932E1,4.070036316E-1,-3.591631165E0
4.549435279E1,-1.510658569E1,-6.242019653E-2,-3.514092407E0
4.550439279E1,-1.482232681E1,-2.475851440E-1,-2.826123047E0
4.551443279E1,-1.388003632E1,-4.616400146E-1,-1.886826324E0
4.552447379E1,-1.302845718E1,-1.402433624E0,-1.233285370E0
4.553451379E1,-1.246877106E1,-2.457290039E0,-1.297202454E0
4.554455479E1,-1.163380737E1,-3.506907349E0,-1.177451477E0
4.555459479E1,-1.113264954E1,-4.533173218E0,-3.282673645E-1
4.556463479E1,-1.115495316E1,-4.966372375E0,5.903723145E-1
4.557467579E1,-1.080528030E1,-4.626878357E0,1.002465363E0
4.558471579E1,-9.964329071E0,-4.071233826E0,1.186283112E0
4.559475679E1,-9.114995270E0,-3.314707031E0,1.382075958E0
4.560479679E1,-8.940757599E0,-2.188748474E0,1.513203278E0
4.561483779E1,-8.950337677E0,-7.599696350E-1,1.432371368E0
4.562487779E1,-8.600066071E0,5.132826233E-1,1.287023621E0
4.563491779E1,-8.331524506E0,1.337618408E0,8.973838806E-1
4.564495879E1,-7.964637451E0,1.896107025E0,4.083508301E-1
4.565499879E1,-8.031697998E0,2.142644348E0,-6.286926270E-2
4.566503979E1,-8.239615631E0,2.387984161E0,-5.400769043E-1
4.567507979E1,-8.047115936E0,2.719245300E0,-7.981402588E-1
4.568511979E1,-7.551945648E0,3.050506439E0,-8.075706482E-1
4.569516079E1,-6.906936951E0,3.225791931E0,-6.135740662E-1
4.570520079E1,-6.609056396E0,2.930605774E0,-2.854563904E-1
4.571524179E1,-6.260131989E0,2.481090546E0,7.304809570E-2
4.572528179E1,-6.085295563E0,1.892813873E0,2.730322266E-1
4.573532179E1,-6.023474121E0,1.155746613E0,3.061134338E-1
4.574536279E1,-6.040688324E0,1.868115234E-1,4.225712585E-1
4.575540279E1,-6.269412689E0,-7.711962891E-1,5.652246094E-1
4.576544379E1,-6.447392578E0,-1.403481445E0,5.565426636E-1
4.577548379E1,-6.580615540E0,-1.774110718E0,4.754113770E-1
4.578552379E1,-6.955436096E0,-2.039209442E0,5.385800171E-1
4.579556479E1,-7.490423584E0,-2.217937775E0,7.351213074E-1
4.580560479E1,-8.069569244E0,-2.138752441E0,8.003855896E-1
4.581564579E1,-8.644373932E0,-1.930834808E0,7.592211914E-1
4.582568579E1,-9.199719086E0,-1.734443207E0,8.411009216E-1
4.583572679E1,-9.603579254E0,-1.393152924E0,1.024020538E0
4.584576679E1,-9.875114594E0,-8.437953186E-1,1.056952057E0
4.585580679E1,-9.970316620E0,-2.504292297E-1,9.720785522E-1
4.586584779E1,-9.819280701E0,2.984793091E-1,9.562115479E-1
4.587588779E1,-9.455836487E0,7.813751221E-1,1.181044006E0
4.588592879E1,-8.996292114E0,1.211879883E0,1.533860321E0
4.589596837E1,-8.524922333E0,1.540296936E0,1.923050995E0
4.590600838E1,-8.078400879E0,1.721270599E0,2.232307892E0
4.591604937E1,-7.710915070E0,1.761387177E0,2.311642914E0
4.592608938E1,-7.580386505E0,1.670376434E0,2.193239136E0
4.593613038E1,-7.685018921E0,1.621877289E0,2.027982788E0
4.594617037E1,-7.948920135E0,1.571731567E0,1.823957062E0
4.595621038E1,-8.406668243E0,1.398242340E0,1.573378143E0
4.596625138E1,-9.063951416E0,1.143023071E0,1.338516541E0
4.597629138E1,-9.858499146E0,9.372010803E-1,1.135388947E0
4.598633238E1,-1.055829391E1,8.644523621E-1,9.424401855E-1
4.599637237E1,-1.111573471E1,8.396040344E-1,9.051676941E-1
4.600641337E1,-1.145732437E1,8.364605713E-1,1.227297821E0
4.601645338E1,-1.159413986E1,1.020577698E0,2.020797729E0
4.602649338E1,-1.160042679E1,1.358425140E0,3.073708191E0
4.603653438E1,-1.162198196E1,1.644330597E0,4.130510559E0
4.604657437E1,-1.177032349E1,1.935026093E0,4.948110352E0
4.605661537E1,-1.229797623E1,1.894011383E0,4.728367310E0
4.606665538E1,-1.308623703E1,1.722468109E0,3.518433380E0
4.607669537E1,-1.314506470E1,1.106499023E0,1.416803741E0
4.608673638E1,-1.396850235E1,-3.544628906E-1,-1.322799225E0
4.609677638E1,-1.615755020E1,-2.289638672E0,-1.824555817E0
4.610681737E1,-1.805575287E1,-3.747606812E0,-1.448837128E0
4.611685738E1,-1.814915863E1,-4.002227325E0,-3.017874298E0
4.612689737E1,-1.720716751E1,-4.134103088E0,-4.804558868E0
4.613693837E1,-1.608315491E1,-4.225263519E0,-6.042933655E0
4.614697838E1,-1.485181549E1,-4.256099396E0,-6.086044006E0
4.615701938E1,-1.308518921E1,-4.162993011E0,-4.927902374E0
4.616705938E1,-1.124850861E1,-3.514840851E0,-3.222798157E0
4.617710038E1,-9.747729492E0,-2.212848358E0,-1.984123993E0
4.618714037E1,-8.372389526E0,-4.213737488E-1,-1.939367065E0
4.619718038E1,-6.970255280E0,1.212478638E0,-2.268382874E0
4.620722138E1,-6.444249115E0,2.254012756E0,-2.061962128E0
4.621726138E1,-6.448889465E0,3.193758545E0,-1.762135620E0
4.622730238E1,-6.422993317E0,3.764671326E0,-1.071771240E0
4.623734237E1,-6.746320953E0,3.832031250E0,-1.326242065E-1
4.624738238E1,-7.258106689E0,3.799698486E0,2.653981018E-1
4.625742338E1,-7.948022003E0,3.682791595E0,-4.191284180E-3
4.626746337E1,-8.859177246E0,3.217259674E0,-5.376818848E-1
4.627750438E1,-1.008662476E1,2.279609528E0,-9.833052063E-1
4.628754437E1,-1.090706863E1,1.448088684E0,-1.414558411E0
4.629758537E1,-1.123339005E1,7.282356262E-1,-1.580263824E0
4.630762538E1,-1.153201904E1,7.185058594E-3,-1.564696198E0
4.631766537E1,-1.169772446E1,-5.951623535E-1,-1.505718842E0
4.632770637E1,-1.121422989E1,-9.134005737E-1,-1.285077667E0
4.633774638E1,-1.016116974E1,-1.037492523E0,-7.988887024E-1
4.634778737E1,-9.149124298E0,-1.086141357E0,-4.170327759E-1
4.635782738E1,-8.244106293E0,-1.026565247E0,-2.225871277E-1
4.636786737E1,-7.545359344E0,-9.135502625E-1,-9.145980835E-2
4.637790837E1,-6.970255280E0,-6.863227844E-1,3.353027344E-2
4.638794838E1,-6.508315887E0,-3.781137085E-1,1.648072815E-1
4.639798938E1,-6.353388062E0,-7.394622803E-2,2.546205139E-1
4.640802938E1,-6.306385803E0,2.365081787E-1,3.376977539E-1
4.641807038E1,-6.491999817E0,5.257067871E-1,5.421725464E-1
4.642811037E1,-6.574478302E0,8.704399109E-1,5.875282288E-1
4.643815038E1,-6.684050446E0,1.221010895E0,4.911286926E-1
4.644819138E1,-7.089108124E0,1.406175842E0,4.370910645E-1
4.645823137E1,-7.750732269E0,1.356179810E0,1.588197327E-1
4.646827238E1,-8.224946136E0,1.408271484E0,-1.350192261E-1
4.647831237E1,-8.543184357E0,1.599573669E0,-2.228865051E-1
4.648835238E1,-8.780141602E0,1.873953094E0,-8.487350464E-2
4.649839338E1,-8.916358337E0,2.184257813E0,1.520837402E-1
4.650843337E1,-9.052126007E0,2.445314941E0,3.116519165E-1
4.651847437E1,-9.202114105E0,2.627785492E0,3.622467041E-1
4.652851438E1,-9.360784149E0,2.709814911E0,3.990701294E-1
4.653855537E1,-9.557624817E0,2.720143433E0,5.114863586E-1
4.654859538E1,-9.732760620E0,2.832859039E0,6.265969849E-1
4.655863537E1,-9.770931244E0,3.050656128E0,5.562432861E-1
4.656867637E1,-9.592502289E0,3.361110535E0,2.588117981E-1
4.657871638E1,-9.196875000E0,3.767814789E0,-1.773811340E-1
4.658875738E1,-8.935368805E0,4.201912079E0,-4.983137512E-1
4.659879738E1,-8.714577942E0,4.536466370E0,-6.855743408E-1
4.660883838E1,-8.636739807E0,4.826413422E0,-5.411247253E-1
4.661887837E1,-8.702752533E0,5.025499420E0,-2.207908630E-1
4.662891838E1,-8.973240051E0,5.075046387E0,1.953437805E-1
4.663895938E1,-9.437424774E0,5.034181366E0,4.962181091E-1
4.664899938E1,-1.002450394E1,4.885241089E0,5.680686951E-1
4.665904038E1,-1.058344162E1,4.647385712E0,3.926335144E-1
4.666908037E1,-1.077100159E1,4.308789825E0,3.842509460E-1
4.667912038E1,-1.057880127E1,3.684138794E0,5.117857361E-1
4.668916138E1,-1.038719971E1,2.650538177E0,8.047265625E-1
4.669920137E1,-1.053030212E1,1.571881256E0,1.342707825E0
4.670924238E1,-1.079540085E1,1.056652679E0,1.120420074E0
4.671928238E1,-1.147858017E1,1.062939606E0,-2.808160400E-1
4.672932337E1,-1.312919769E1,1.077459412E0,-2.144739990E0
4.673936338E1,-1.498324219E1,8.140072632E-1,-3.158282318E0
4.674940337E1,-1.525328064E1,3.626957703E-1,-3.618425446E0
4.675944437E1,-1.496453110E1,-1.130149841E-1,-3.784579926E0
4.676948438E1,-1.506332565E1,-2.797682190E-1,-3.305426331E0
4.677952538E1,-1.414094376E1,-9.759704590E-2,-2.361489258E0
4.678956538E1,-1.281604889E1,-5.390290833E-1,-9.142987061E-1
4.679960638E1,-1.196881073E1,-1.488205261E0,3.966751099E-2
4.680964637E1,-1.139430542E1,-2.455493774E0,4.397854614E-1
4.681968638E1,-1.126153152E1,-3.422183533E0,8.170010376E-1
4.682972738E1,-1.112127319E1,-4.085903320E0,1.380579071E0
4.683976738E1,-1.105391327E1,-4.237088928E0,1.898502045E0
4.684980838E1,-1.072025711E1,-3.992347870E0,1.836231537E0
4.685984837E1,-1.085138443E1,-3.635040894E0,1.487157440E0
4.686988937E1,-1.110405899E1,-2.924917603E0,1.127305756E0
4.687992938E1,-1.060828995E1,-1.847607880E0,1.030906219E0
4.688996937E1,-9.808203735E0,-7.857160950E-1,8.267308044E-1
4.690001125E1,-9.261839905E0,7.903564453E-2,5.875282288E-1
4.691005125E1,-9.066795502E0,7.860154724E-1,3.957769775E-1
4.692009225E1,-8.908574524E0,1.460063782E0,1.739382935E-1
4.693013225E1,-8.562943268E0,2.124082947E0,-2.168989563E-1
4.694017325E1,-8.079598389E0,2.836002502E0,-6.032455444E-1
4.695021325E1,-7.304959259E0,3.507206726E0,-7.438032532E-1
4.696025325E1,-6.492748260E0,3.824397125E0,-4.866380310E-1
4.697029425E1,-6.063291321E0,3.626957703E0,-7.619155884E-2
4.698033425E1,-5.856122131E0,3.004252625E0,2.697390747E-1
4.699037525E1,-5.976172485E0,1.994003448E0,5.023553467E-1
4.700041525E1,-6.019582214E0,1.011746063E0,5.284011841E-1
4.701045625E1,-5.911956024E0,1.651066589E-1,4.802014160E-1
4.702049625E1,-6.020180969E0,-7.057823181E-1,4.346960449E-1
4.703053625E1,-6.036497040E0,-1.413660278E0,4.299060059E-1
4.704057725E1,-6.143823853E0,-1.928888855E0,6.779402161E-1
4.705061725E1,-6.448290710E0,-2.398612061E0,1.009051666E0
4.706065825E1,-6.793622589E0,-2.650238800E0,1.140777740E0
4.707069825E1,-7.318730621E0,-2.776725769E0,1.314716034E0
4.708073925E1,-8.001760254E0,-2.797382812E0,1.599873047E0
4.709077925E1,-8.816665649E0,-2.614762573E0,1.887275391E0
4.710081925E1,-9.577982483E0,-2.027234344E0,1.925595703E0
4.711086025E1,-1.009276199E1,-1.274898834E0,1.872456207E0
4.712090025E1,-1.065379532E1,-7.307803345E-1,1.953138428E0
4.713094125E1,-1.096903976E1,-6.062393188E-2,1.867067413E0
4.714098125E1,-1.071037766E1,7.803273010E-1,1.822011108E0
4.715102225E1,-9.905202026E0,1.498533783E0,2.029779053E0
4.716106225E1,-8.931476898E0,2.026336212E0,2.345771942E0
4.717110225E1,-7.811505890E0,2.432741089E0,2.556833038E0
4.718114325E1,-6.746320953E0,2.601589966E0,2.850073242E0
4.719118325E1,-5.970634003E0,2.625989227E0,3.044668579E0
4.720122425E1,-5.456153870E0,2.592908020E0,3.130440216E0
4.721126425E1,-5.381159821E0,2.521955566E0,3.099155273E0
4.722130525E1,-5.667214966E0,2.397863617E0,2.945874023E0
4.723134525E1,-6.289171600E0,2.252815247E0,2.720442810E0
4.724138625E1,-7.237150269E0,2.073787537E0,2.389031982E0
4.725142625E1,-8.678652649E0,1.745819550E0,2.006427612E0
4.726146625E1,-1.052087173E1,1.459914093E0,1.698667603E0
4.727150725E1,-1.208302322E1,1.388063507E0,1.437610474E0
4.728154725E1,-1.351838837E1,1.324146423E0,1.624571686E0
4.729158825E1,-1.496977020E1,1.247954865E0,2.335742798E0
4.730162825E1,-1.609288467E1,1.617386627E0,3.188369751E0
4.731166925E1,-1.637444916E1,2.390528870E0,4.061504059E0
4.732170925E1,-1.571836349E1,2.726130981E0,4.640949097E0
4.733174925E1,-1.484388199E1,2.557731171E0,4.126918030E0
4.734179025E1,-1.369382355E1,2.873724060E0,2.268831940E0
4.735183025E1,-1.230725693E1,1.977388000E0,-5.069956970E-1
4.736187125E1,-1.246667542E1,-6.474037170E-1,-2.316283264E0
4.737191125E1,-1.457264603E1,-3.598965912E0,-1.833237762E0
4.738195225E1,-1.598361191E1,-5.418432312E0,-2.174228668E0
4.739199225E1,-1.571252563E1,-6.169869690E0,-4.107159119E0
4.740203325E1,-1.503054382E1,-6.671177216E0,-5.540428619E0
4.741207325E1,-1.470003113E1,-6.886279907E0,-5.841901703E0
4.742211325E1,-1.443104050E1,-6.098917236E0,-5.284161530E0
4.743215425E1,-1.313503555E1,-4.191433868E0,-3.855831757E0
4.744219425E1,-1.090467361E1,-1.876348114E0,-1.867217102E0
4.745223525E1,-8.555159454E0,2.921923828E-1,-1.240620117E0
4.746227525E1,-6.819069672E0,2.184108124E0,-1.402583313E0
4.747231625E1,-6.314918060E0,3.534450073E0,-8.312214661E-1
4.748235625E1,-6.743925934E0,4.266727295E0,3.580554199E-1
4.749239725E1,-7.187902679E0,4.544699249E0,1.381776581E0
4.750243725E1,-7.536976776E0,4.719236298E0,1.741029510E0
4.751247725E1,-7.944728851E0,4.678071899E0,1.617686005E0
4.752251825E1,-8.550219727E0,4.268673248E0,1.003962250E0
4.753255825E1,-9.425898743E0,3.498075714E0,2.418969727E-1
4.754259925E1,-1.047117508E1,2.324067078E0,-5.402265930E-1
4.755263925E1,-1.122081619E1,9.734257507E-1,-1.325343933E0
4.756268025E1,-1.152109177E1,-4.712200928E-1,-1.664538574E0
4.757272025E1,-1.160072617E1,-1.756896515E0,-1.574725342E0
4.758276125E1,-1.129221771E1,-2.631228333E0,-1.066232758E0
4.759280125E1,-1.057640625E1,-2.895728302E0,-4.915777588E-1
4.760284125E1,-9.608668671E0,-2.667752380E0,-0.000000000E0
4.761288225E1,-8.561147003E0,-2.242337036E0,3.255729675E-1
4.762292225E1,-7.578590240E0,-1.672621765E0,6.451583862E-1
4.763296325E1,-6.638096008E0,-1.060843964E0,9.657916260E-1
4.764300325E1,-6.042185211E0,-6.381230164E-1,1.184337158E0
4.765304425E1,-5.716312866E0,-2.242337036E-1,1.259031830E0
4.766308425E1,-5.618566132E0,3.037184143E-1,1.045126648E0
4.767312525E1,-5.922284546E0,9.614506531E-1,7.114704895E-1
4.768316525E1,-6.529272308E0,1.579814758E0,4.722679138E-1
4.769320525E1,-7.243586884E0,1.998494110E0,1.848655701E-1
4.770324625E1,-7.890840912E0,2.260299683E0,6.885681152E-2
4.771328625E1,-8.439599762E0,2.322719879E0,1.514849854E-1
4.772332725E1,-8.703051910E0,2.264790344E0,2.182461548E-1
4.773336725E1,-8.556656342E0,2.198478241E0,3.688330078E-1
4.774340825E1,-8.440946960E0,2.047891388E0,5.671705627E-1
4.775344825E1,-8.448281708E0,1.971849518E0,7.324269104E-1
4.776348925E1,-8.404572601E0,1.875599670E0,9.684860229E-1
4.777352925E1,-8.295150146E0,1.741029510E0,1.214723969E0
4.778356925E1,-8.275091858E0,1.646276550E0,1.450184326E0
4.779361025E1,-8.287516022E0,1.610201569E0,1.608105927E0
4.780365025E1,-8.291258240E0,1.612297211E0,1.697769470E0
4.781369125E1,-8.375982056E0,1.587149506E0,1.756746826E0
4.782373125E1,-8.424780579E0,1.593137054E0,1.793420563E0
4.783377225E1,-8.503965912E0,1.716779938E0,1.647474060E0
4.784381225E1,-8.596772919E0,1.971250763E0,1.344504089E0
4.785385325E1,-8.753347321E0,2.251168671E0,9.141490173E-1
4.786389325E1,-8.906179504E0,2.467169495E0,2.149530029E-1
4.787393425E1,-8.899443512E0,2.584076385E0,-4.025129700E-1
4.788397425E1,-8.918004913E0,2.640509033E0,-4.204756165E-1
4.789401425E1,-9.002728729E0,2.556533661E0,3.237767029E-1
4.790405525E1,-9.253008270E0,2.458337860E0,1.456321564E0
4.791409525E1,-9.820029144E0,2.386936340E0,2.636766815E0
4.792413625E1,-1.073402847E1,2.246228943E0,3.660338287E0
4.793417625E1,-1.163949554E1,1.983076172E0,4.180207214E0
4.794421725E1,-1.234602631E1,1.734742584E0,3.590882721E0
4.795425725E1,-1.289957520E1,1.601070557E0,2.992127838E0
4.796429825E1,-1.315404602E1,1.265917511E0,2.419867859E0
4.797433825E1,-1.339938583E1,7.146139526E-1,9.113049316E-1
4.798437925E1,-1.443987213E1,9.774673462E-1,-1.169667664E0
4.799441925E1,-1.549652481E1,1.986369324E0,-2.918331299E0
4.800445925E1,-1.575159439E1,2.621947632E0,-3.615132294E0
4.801450025E1,-1.503129227E1,2.675386505E0,-3.520529022E0
4.802454025E1,-1.414498535E1,2.321672058E0,-3.661236420E0
4.803458125E1,-1.346045883E1,2.045646057E0,-3.981719971E0
4.804462125E1,-1.273342072E1,1.697619781E0,-3.759132843E0
4.805466225E1,-1.198482742E1,1.121916962E0,-2.894979858E0
4.806470225E1,-1.110615463E1,4.796026611E-1,-2.130070496E0
4.807474325E1,-1.024529480E1,-4.221221924E-2,-1.821412354E0
4.808478325E1,-9.661209412E0,-7.334747314E-1,-1.962269440E0
4.809482425E1,-9.165290680E0,-1.494641876E0,-2.207609253E0
4.810486425E1,-9.034911804E0,-2.123933258E0,-2.269131317E0
4.811490425E1,-9.249565430E0,-2.526296539E0,-2.149080963E0
4.812494525E1,-9.458231506E0,-2.561922455E0,-1.836381226E0
4.813498525E1,-9.714049530E0,-2.271975403E0,-1.578916626E0
4.814502625E1,-1.002914429E1,-1.579515381E0,-1.709744568E0
4.815506625E1,-1.015323624E1,-5.857319641E-1,-1.775757294E0
4.816510725E1,-1.017778519E1,3.683839417E-1,-1.564995575E0
4.817514725E1,-1.012120285E1,1.166224823E0,-1.336869965E0
4.818518825E1,-1.015488281E1,1.903292084E0,-1.307530975E0
4.819522825E1,-1.009470795E1,2.440674591E0,-1.256038055E0
4.820526925E1,-9.946665802E0,2.664608917E0,-1.137933655E0
4.821530925E1,-9.486223297E0,2.661764832E0,-8.720864868E-1
4.822534925E1,-8.787476349E0,2.450404358E0,-4.584965515E-1
4.823539025E1,-8.229586487E0,2.108066254E0,-8.158035278E-2
4.824543025E1,-7.843389587E0,1.691632233E0,9.879455566E-3
4.825547125E1,-7.413782959E0,1.227148132E0,-3.382965088E-2
4.826551125E1,-7.033423920E0,7.222480774E-1,-5.987548828E-3
4.827555225E1,-6.966063995E0,1.763333130E-1,6.376739502E-2
4.828559225E1,-7.145540771E0,-3.378474426E-1,2.529739380E-2
4.829563325E1,-7.230264587E0,-6.209088135E-1,-1.413061523E-1
4.830567325E1,-7.265142059E0,-6.276448059E-1,-2.624043274E-1
4.831571425E1,-7.429051208E0,-6.047424316E-1,-3.312611389E-1
4.832575425E1,-7.855065308E0,-6.872209167E-1,-2.987786865E-1
4.833579525E1,-8.322992249E0,-7.360194397E-1,-1.107696533E-1
4.834583525E1,-8.639434204E0,-6.737489319E-1,9.445358276E-2
4.835587525E1,-9.100774841E0,-6.996450806E-1,4.038601685E-1
4.836591625E1,-9.708660736E0,-6.996450806E-1,6.033952332E-1
4.837595625E1,-9.929601288E0,-5.782475281E-1,8.419990540E-1
4.838599725E1,-9.594597931E0,-4.004173279E-1,1.200054474E0
4.839603725E1,-9.325307922E0,-3.974235535E-1,1.591490479E0
4.840607825E1,-9.452243958E0,-4.216731262E-1,1.828447723E0
4.841611825E1,-9.407487030E0,-2.754272461E-1,1.943708038E0
4.842615925E1,-9.228010254E0,-1.270857239E-1,2.101180573E0
4.843619925E1,-9.004824371E0,2.350112915E-2,2.127376099E0
4.844624025E1,-8.668623505E0,6.256988525E-2,2.009271698E0
4.845628025E1,-8.310268707E0,-9.879455566E-3,1.996697845E0
4.846632125E1,-7.948620758E0,-3.068618774E-2,2.136507111E0
4.847636125E1,-7.660320282E0,-4.041595459E-2,2.313439178E0
4.848640125E1,-7.536228333E0,6.885681152E-2,2.501897278E0
4.849644225E1,-7.690407715E0,1.167572021E-1,2.563569031E0
4.850648225E1,-8.167016602E0,8.113128662E-2,2.324665833E0
4.851652325E1,-8.749006348E0,1.001417542E-1,1.845212860E0
4.852656325E1,-9.400601349E0,1.902543640E-1,1.425186310E0
4.853660425E1,-1.014874557E1,3.094065857E-1,1.182690582E0
4.854664425E1,-1.073178314E1,3.975732422E-1,1.100511475E0
4.855668525E1,-1.099014587E1,4.567002869E-1,1.292113037E0
4.856672525E1,-1.108879074E1,4.893324280E-1,1.763333130E0
4.857676625E1,-1.126796814E1,5.159770203E-1,2.315834198E0
4.858680625E1,-1.159952866E1,6.527925110E-1,2.700085144E0
4.859684725E1,-1.207958038E1,9.247769165E-1,2.800526276E0
4.860688725E1,-1.242161911E1,1.262474670E0,2.560724945E0
4.861692825E1,-1.249616409E1,1.448687439E0,2.087558899E0
4.862696825E1,-1.264899628E1,1.255289612E0,1.397344208E0
4.863700825E1,-1.298609528E1,6.930587769E-1,8.321195984E-1
4.864704925E1,-1.303339691E1,1.769320679E-1,7.207511902E-1
4.865708925E1,-1.281155823E1,-2.284249878E-1,6.340814209E-1
4.866713025E1,-1.257909164E1,-5.433700562E-1,2.038760376E-1
4.867717025E1,-1.253179001E1,-8.283773804E-1,-3.875440979E-1
4.868721125E1,-1.255574020E1,-9.687854004E-1,-1.056652679E0
4.869725125E1,-1.245829285E1,-1.071022797E0,-1.531016235E0
4.870729225E1,-1.210592560E1,-1.075812836E0,-1.723216553E0
4.871733225E1,-1.128428421E1,-8.137078857E-1,-1.824406128E0
4.872737325E1,-1.000983444E1,-1.227447510E-1,-1.860331421E0
4.873741325E1,-8.945996704E0,6.864724731E-1,-1.691931610E0
4.874745425E1,-8.624465332E0,1.410067749E0,-1.486109619E0
4.875749425E1,-8.270601196E0,2.368824005E0,-1.220861206E0
4.876753525E1,-8.186925201E0,3.149600372E0,-7.815248108E-1
4.877757525E1,-8.103099518E0,3.640878754E0,-5.538482666E-2
4.878761525E1,-7.943681030E0,3.795058136E0,9.047186279E-1
4.879765625E1,-7.797135773E0,3.582799530E0,1.671573944E0
4.880769625E1,-7.735464020E0,2.986439667E0,2.002984772E0
4.881773725E1,-7.925419006E0,2.109263763E0,1.864672394E0
4.882777725E1,-8.595575409E0,1.185235291E0,1.321901093E0
4.883781825E1,-9.248367920E0,3.412902832E-1,5.577401733E-1
4.884785825E1,-9.448052673E0,-4.674778748E-1,9.580078125E-3
4.885789925E1,-9.622739410E0,-1.157692566E0,-2.085163879E-1
4.886793925E1,-9.790540466E0,-1.580413513E0,-1.299298096E-1
4.887798025E1,-9.904752960E0,-1.680854645E0,5.553451538E-2
4.888802025E1,-9.668244781E0,-1.336121521E0,2.998265076E-1
4.889806138E1,-9.135802002E0,-7.659571838E-1,7.210505676E-1
4.890810137E1,-8.619525604E0,-2.091151428E-1,1.013093262E0
4.891814237E1,-7.986042938E0,3.890409851E-1,1.252744904E0
4.892818238E1,-7.535330200E0,9.280700684E-1,1.402283936E0
4.893822338E1,-7.200775909E0,1.490001526E0,1.446292419E0
4.894826338E1,-7.088958435E0,2.017953644E0,1.454225922E0
4.895830337E1,-7.198680267E0,2.328557739E0,1.341360626E0
4.896834437E1,-7.292535095E0,2.462678833E0,1.298849030E0
4.897838438E1,-7.327113190E0,2.414928131E0,1.395847321E0
4.898842538E1,-7.538922729E0,2.269879761E0,1.504072266E0
4.899846537E1,-7.666906586E0,2.037712555E0,1.541943512E0
4.900850638E1,-7.753576355E0,1.812431030E0,1.561103668E0
4.901854637E1,-7.803572388E0,1.559307404E0,1.597178650E0
4.902858737E1,-7.698939972E0,1.413510590E0,1.666933594E0
4.903862738E1,-7.444020081E0,1.426084442E0,1.817071381E0
4.904866838E1,-7.228019257E0,1.554816742E0,1.977687378E0
4.905870837E1,-7.141798553E0,1.706002350E0,1.933080139E0
4.906874938E1,-7.186555481E0,1.801803131E0,1.923050995E0
4.907878937E1,-7.373217316E0,1.851350098E0,2.138303375E0
4.908883037E1,-7.628137207E0,1.896705780E0,2.353855133E0
4.909887038E1,-7.976462860E0,1.961371307E0,2.547252960E0
4.910891138E1,-8.437953186E0,1.961970062E0,2.742297363E0
4.911895137E1,-9.328152008E0,1.661544800E0,2.903212738E0
4.912899138E1,-1.069241501E1,1.005010071E0,2.835254059E0
4.913903237E1,-1.215202972E1,1.290316772E-1,2.598446503E0
4.914907238E1,-1.330568069E1,-8.009843445E-1,2.332150269E0
4.915911338E1,-1.398227371E1,-1.558409271E0,2.028731232E0
4.916915337E1,-1.443927338E1,-2.228565674E0,1.936822357E0
4.917919437E1,-1.472832230E1,-2.565514984E0,1.956581268E0
4.918923438E1,-1.463940720E1,-2.230212250E0,1.959724731E0
4.919927537E1,-1.409019928E1,-9.413923645E-1,1.792672119E0
4.920931538E1,-1.357227631E1,9.454339600E-1,1.351539459E0
4.921935638E1,-1.354218887E1,2.796484680E0,1.087488556E0
4.922939637E1,-1.340941498E1,4.731061707E0,4.670288086E-1
4.923943737E1,-1.348096619E1,6.681954803E0,-1.280886383E0
4.924947738E1,-1.363873810E1,7.606282654E0,-3.731889496E0
4.925951837E1,-1.351389771E1,6.879543915E0,-5.307512970E0
4.926955838E1,-1.258882141E1,5.314997406E0,-6.098767548E0
4.927959938E1,-1.136751114E1,3.774999847E0,-6.620881805E0
4.928963937E1,-1.063987427E1,2.506537628E0,-6.179150391E0
4.929968037E1,-1.012135254E1,1.192570038E0,-4.980592804E0
4.930972038E1,-9.799970856E0,-1.335223389E-1,-3.630550232E0
4.931976137E1,-9.652826843E0,-1.112187195E0,-2.860850830E0
4.932980138E1,-9.907147980E0,-1.699266357E0,-2.633773041E0
4.933984137E1,-9.990225220E0,-2.035916290E0,-2.020648041E0
4.934988237E1,-1.001193008E1,-2.001038818E0,-9.134005737E-1
4.935992238E1,-1.009650421E1,-1.340013428E0,-1.182540894E-1
4.936996338E1,-1.040426422E1,-1.549278259E-1,-1.916015625E-2
4.938000338E1,-1.076905563E1,1.207688599E0,-4.933740234E-1
4.939004438E1,-1.112815887E1,2.179318085E0,-1.161883850E0
4.940008437E1,-1.139759857E1,2.569556580E0,-1.674118652E0
4.941012537E1,-1.148875900E1,2.481988678E0,-1.877695312E0
4.942016538E1,-1.124671234E1,2.227368164E0,-1.827549591E0
4.943020638E1,-1.079629898E1,2.058519287E0,-1.975741425E0
4.944024638E1,-1.000758911E1,1.979932709E0,-2.132764893E0
4.945028738E1,-9.062753906E0,1.928739166E0,-1.978136444E0
4.946032737E1,-8.208480377E0,1.896107025E0,-1.758243713E0
4.947036837E1,-7.698640594E0,1.830393677E0,-1.701511688E0
4.948040838E1,-7.223678284E0,1.700613556E0,-1.825453949E0
4.949044938E1,-6.752158813E0,1.391057281E0,-1.994302826E0
4.950048938E1,-6.571484528E0,8.307723999E-1,-2.166744232E0
4.951053038E1,-6.720724182E0,2.267784119E-1,-2.340383148E0
4.952057037E1,-7.132966919E0,-3.454815674E-1,-2.330503693E0
4.953061137E1,-7.556885376E0,-8.066725159E-1,-2.199975128E0
4.954065138E1,-7.940687256E0,-1.211131439E0,-2.048789520E0
4.955069238E1,-8.394992523E0,-1.677711182E0,-1.781595154E0
4.956073238E1,-9.022787018E0,-2.177521820E0,-1.435963898E0
4.957077237E1,-9.711504822E0,-2.650388489E0,-1.176553345E0
4.958081337E1,-1.016670822E1,-2.930605774E0,-1.019679565E0
4.959085338E1,-1.028511200E1,-2.884950714E0,-9.162446594E-1
4.960089438E1,-1.013961456E1,-2.826721802E0,-5.854325867E-1
4.961093437E1,-1.000983444E1,-2.882705383E0,-1.103205872E-1
4.962097538E1,-9.981842651E0,-2.965483246E0,2.926414490E-1
4.963101537E1,-1.003872437E1,-2.939587097E0,7.487429810E-1
4.964105637E1,-9.942025452E0,-2.823578339E0,1.407822418E0
4.965109638E1,-9.686656494E0,-2.627037048E0,2.021246796E0
4.966113738E1,-9.328750763E0,-2.380350037E0,2.494263153E0
4.967117737E1,-8.970395966E0,-2.044448547E0,2.727328491E0
4.968121838E1,-8.693022766E0,-1.586850128E0,2.757715302E0
4.969125837E1,-8.363557892E0,-1.135538635E0,2.676883392E0
4.970129937E1,-8.049361267E0,-7.378157043E-1,2.711760864E0
4.971133938E1,-7.791148224E0,-4.905299377E-1,2.824925537E0
4.972138038E1,-7.621401215E0,-3.625460815E-1,2.990630951E0
4.973142037E1,-7.548802185E0,-4.050576782E-1,3.094514923E0
4.974146138E1,-7.594906311E0,-6.610253906E-1,3.157533875E0
4.975150137E1,-7.740852814E0,-9.383985901E-1,3.228636017E0
4.976154237E1,-7.831414490E0,-1.143322449E0,3.356170807E0
4.977158238E1,-8.050259399E0,-1.368454285E0,3.479214935E0
4.978162338E1,-8.351732483E0,-1.527723083E0,3.558250580E0
4.979166337E1,-8.654702454E0,-1.522933044E0,3.601660309E0
4.980170438E1,-8.913065186E0,-1.339564362E0,3.553011475E0
4.981174437E1,-9.181457062E0,-1.197958832E0,3.602708130E0
4.982178438E1,-9.498198395E0,-1.162482605E0,3.798650665E0
4.983182538E1,-9.884395294E0,-1.220262451E0,4.085005188E0
4.984186537E1,-1.042581940E1,-1.375639343E0,4.505031738E0
4.985190637E1,-1.111618378E1,-1.491947479E0,4.765939178E0
4.986194638E1,-1.163455582E1,-1.440753937E0,4.927752686E0
4.987198737E1,-1.193602890E1,-1.254391479E0,5.069956970E0
4.988202738E1,-1.205937241E1,-8.222401428E-1,4.929548950E0
4.989206838E1,-1.191073151E1,-1.408570862E-1,4.611161041E0
4.990210800E1,-1.176194092E1,4.635859680E-1,4.329746246E0
4.991214900E1,-1.161734161E1,1.015488281E0,3.814517670E0
4.992218900E1,-1.154638916E1,1.748963013E0,3.063828735E0
4.993223000E1,-1.157976974E1,2.693349152E0,2.335293732E0
4.994227000E1,-1.141256744E1,3.345842285E0,1.668131104E0
4.995231100E1,-1.158306290E1,2.779719543E0,8.524772644E-1
4.996235100E1,-1.243194763E1,1.154998169E0,-1.986369324E-1
4.997239200E1,-1.326765976E1,-3.820056152E-1,-1.578916626E0
4.998243200E1,-1.341674973E1,-1.371597748E0,-3.120411072E0
4.999247300E1,-1.321751404E1,-1.928140411E0,-4.455035706E0
5.000251300E1,-1.300076477E1,-2.161954193E0,-5.039121094E0
5.001255400E1,-1.283535873E1,-1.877246246E0,-4.904251556E0
5.002259400E1,-1.262848892E1,-1.205592957E0,-4.291126556E0
5.003263500E1,-1.243359421E1,-4.616400146E-1,-3.438499603E0
5.004267500E1,-1.234048782E1,4.888833618E-1,-2.759361877E0
5.005271600E1,-1.199530563E1,1.626218262E0,-2.245630188E0
5.006275600E1,-1.098281113E1,2.909050598E0,-1.532662811E0
5.007279700E1,-9.993817749E0,3.891757050E0,-3.839515686E-1
5.008283700E1,-9.738448792E0,4.252207489E0,7.020401001E-1
5.009287800E1,-9.698930969E0,4.076173553E0,1.287023621E0
5.010291800E1,-9.737251282E0,3.469784546E0,1.538500671E0
5.011295900E1,-9.559720459E0,2.737357635E0,1.437460785E0
5.012299900E1,-9.250613251E0,1.909129944E0,1.062191162E0
5.013303900E1,-8.923543396E0,1.100960541E0,6.985972595E-1
5.014308000E1,-8.545579376E0,3.583547974E-1,3.378474426E-1
5.015312000E1,-8.202043762E0,-3.586541748E-1,1.071771240E-1
5.016316100E1,-7.942782898E0,-9.626481628E-1,2.664459229E-2
5.017320100E1,-7.633975067E0,-1.306932220E0,-6.301895142E-2
5.018324200E1,-7.091652832E0,-1.279090118E0,-7.933502197E-2
5.019328200E1,-6.498885498E0,-9.090596008E-1,7.155120850E-2
5.020332300E1,-6.074667664E0,-2.890489197E-1,2.073188782E-1
5.021336300E1,-6.002667389E0,4.055067444E-1,3.781137085E-1
5.022340400E1,-5.990841980E0,1.178349609E0,6.415658569E-1
5.023344400E1,-5.999972992E0,1.655407562E0,6.869215393E-1
5.024348500E1,-6.345604248E0,1.960772552E0,6.111790466E-1
5.025352500E1,-7.070097656E0,2.275268555E0,6.041436768E-1
5.026356600E1,-7.671097870E0,2.346520386E0,6.776408386E-1
5.027360600E1,-7.943381653E0,2.255509644E0,8.330177307E-1
5.028364700E1,-7.902816010E0,1.975292358E0,9.907896423E-1
5.029368700E1,-7.736511841E0,1.511856079E0,1.204096069E0
5.030372800E1,-7.824977875E0,1.097517700E0,1.251996460E0
5.031376800E1,-7.934400330E0,7.741900635E-1,1.394949188E0
5.032380900E1,-7.845784607E0,4.971162415E-1,1.652713165E0
5.033384900E1,-7.705975342E0,3.809577942E-1,1.765129395E0
5.034389000E1,-7.406897278E0,3.571572876E-1,1.844913483E0
5.035393000E1,-7.154372406E0,3.655398560E-1,1.912273407E0
5.036397100E1,-7.052733765E0,4.830455017E-1,2.072440338E0
5.037401100E1,-7.108118591E0,7.231462097E-1,2.527194672E0
5.038405200E1,-7.205715637E0,1.056502991E0,2.771636353E0
5.039409200E1,-7.269632721E0,1.201850739E0,2.674188995E0
5.040413300E1,-7.527546387E0,1.157542877E0,2.477647705E0
5.041417300E1,-8.030799866E0,1.067280579E0,2.060465240E0
5.042421400E1,-8.949589233E0,1.044976959E0,1.565594330E0
5.043425400E1,-1.034708313E1,1.163530426E0,1.292113037E0
5.044429500E1,-1.196536789E1,1.256187744E0,1.556313629E0
5.045433500E1,-1.324221268E1,1.381626892E0,2.325863342E0
5.046437500E1,-1.417806656E1,1.566193085E0,3.297343140E0
5.047441600E1,-1.524265274E1,1.757644958E0,4.055815887E0
5.048445600E1,-1.641291916E1,1.829345856E0,4.157304840E0
5.049449700E1,-1.711256424E1,1.986968079E0,3.128194885E0
5.050453700E1,-1.698772385E1,1.868564301E0,2.388732605E0
5.051457800E1,-1.606145004E1,9.687854004E-1,2.411634979E0
5.052461800E1,-1.501737122E1,1.134640503E-1,2.047741699E0
5.053465900E1,-1.427012512E1,3.972738647E-1,5.068460083E-1
5.054469900E1,-1.389290955E1,1.562450867E0,-1.393751678E0
5.055474000E1,-1.340731934E1,2.567011871E0,-2.697241058E0
5.056478000E1,-1.296229477E1,2.995720367E0,-3.667822723E0
5.057482100E1,-1.264525406E1,2.775977325E0,-4.558620300E0
5.058486100E1,-1.245679596E1,2.182311859E0,-4.999453583E0
5.059490200E1,-1.203123093E1,1.529968414E0,-4.403243408E0
5.060494200E1,-1.145837219E1,9.936337280E-1,-3.203787689E0
5.061498300E1,-1.088596252E1,4.908293152E-1,-2.209405518E0
5.062502300E1,-1.008737320E1,-2.938389587E-1,-1.724563751E0
5.063506400E1,-9.361831970E0,-1.351389771E0,-1.683399353E0
5.064510400E1,-9.187444611E0,-2.389481049E0,-1.583706665E0
5.065514500E1,-9.262438660E0,-3.074756012E0,-1.231339417E0
5.066518500E1,-9.170380096E0,-3.322490845E0,-7.283853149E-1
5.067522600E1,-8.725954285E0,-3.052751770E0,-1.788780212E-1
5.068526600E1,-8.164771271E0,-2.267933807E0,3.677851868E-1
5.069530700E1,-8.078251190E0,-1.148411865E0,6.560856628E-1
5.070534700E1,-8.025560760E0,-4.670288086E-2,6.445596313E-1
5.071538800E1,-7.593409424E0,9.113049316E-1,6.164181519E-1
5.072542800E1,-7.573800201E0,1.617686005E0,4.367916870E-1
5.073546900E1,-7.889643402E0,2.136806488E0,1.136137390E-1
5.074550900E1,-8.092770996E0,2.470462646E0,-1.017883301E-1
5.075554900E1,-8.037685547E0,2.616109772E0,-2.070195007E-1
5.076559000E1,-7.834557953E0,2.600093079E0,-3.269201660E-1
5.077563000E1,-7.609575806E0,2.386038208E0,-3.468287659E-1
5.078567100E1,-7.200027466E0,2.171085205E0,-2.962339783E-1
5.079571100E1,-6.673572235E0,1.866768036E0,-1.679507446E-1
5.080575200E1,-6.523584137E0,1.240171051E0,-1.047821045E-2
5.081579200E1,-6.436165924E0,5.854325867E-1,1.387614441E-1
5.082583300E1,-6.190975800E0,9.684860229E-2,4.191284180E-1
5.083587300E1,-5.949976959E0,-4.209246826E-1,7.077282715E-1
5.084591400E1,-6.027665405E0,-1.002914429E0,9.946815491E-1
5.085595400E1,-6.657256165E0,-1.548230438E0,1.120869141E0
5.086599500E1,-7.253017273E0,-1.764231262E0,1.170116730E0
5.087603500E1,-7.492519226E0,-1.796114960E0,1.312470703E0
5.088607600E1,-7.782166901E0,-1.798060913E0,1.527872772E0
5.089611554E1,-8.005502472E0,-1.769170990E0,1.737736359E0
5.090615654E1,-8.246800690E0,-1.661395111E0,1.927990723E0
5.091619654E1,-8.490344238E0,-1.521286469E0,2.172282715E0
5.092623754E1,-8.557853851E0,-1.357676697E0,2.485581207E0
5.093627754E1,-8.592881012E0,-1.135089569E0,2.758613434E0
5.094631854E1,-8.477471008E0,-6.873706055E-1,2.744393005E0
5.095635854E1,-8.119415588E0,-2.073188782E-1,2.331551514E0
5.096639954E1,-7.788453827E0,2.553689575E-1,1.985022125E0
5.097643954E1,-7.589068451E0,6.423143005E-1,1.889071655E0
5.098648054E1,-7.705526276E0,8.381071472E-1,1.773362274E0
5.099652054E1,-8.346194000E0,6.144721985E-1,1.441801758E0
5.100656054E1,-9.423354034E0,2.088157654E-1,1.025068359E0
5.101660154E1,-1.070603668E1,-5.942642212E-2,8.044271851E-1
5.102664154E1,-1.198587524E1,-3.601510620E-1,1.461410980E0
5.103668254E1,-1.325358902E1,-2.980302429E-1,2.806962891E0
5.104672254E1,-1.481708771E1,2.505789185E-1,4.089645538E0
5.105676354E1,-1.650437897E1,8.301736450E-1,4.800068207E0
5.106680354E1,-1.751253250E1,1.219963074E0,4.240382080E0
5.107684454E1,-1.757689865E1,1.528621216E0,3.039429474E0
5.108688454E1,-1.601265152E1,2.038311310E0,1.528621216E0
5.109692554E1,-1.341285782E1,2.173480225E0,-7.795788574E-1
5.110696554E1,-1.209559708E1,1.202299805E0,-2.132166138E0
5.111700654E1,-1.280961227E1,-2.966830444E-1,-1.572330322E0
5.112704654E1,-1.260259277E1,-1.141675873E0,-1.436113586E0
5.113708754E1,-1.180550034E1,-1.407523041E0,-1.970652008E0
5.114712754E1,-1.128652954E1,-1.556163940E0,-2.517464905E0
5.115716854E1,-1.086395828E1,-1.520088959E0,-3.301534424E0
5.116720854E1,-1.064002396E1,-1.087787933E0,-3.727099457E0
5.117724954E1,-1.110630432E1,-3.134481812E-1,-3.512146454E0
5.118728954E1,-1.172197403E1,4.686753845E-1,-2.883603516E0
5.119733054E1,-1.218750595E1,1.207389221E0,-2.425256653E0
5.120737054E1,-1.211056595E1,1.845063171E0,-2.277214508E0
5.121741154E1,-1.161300064E1,2.277513885E0,-1.707199860E0
5.122745154E1,-1.118174744E1,2.212548981E0,-9.839039612E-1
5.123749154E1,-1.072040680E1,1.429976349E0,-1.330732727E-1
5.124753254E1,-1.042522064E1,5.119354248E-1,6.384223938E-1
5.125757254E1,-1.006447083E1,-1.550775146E-1,9.380992126E-1
5.126761354E1,-9.566606140E0,-6.039939880E-1,1.138682098E0
5.127765354E1,-9.066496124E0,-7.918533325E-1,1.078357544E0
5.128769454E1,-8.422086182E0,-7.207511902E-1,7.685018921E-1
5.129773454E1,-7.773934021E0,-5.083428955E-1,4.617897034E-1
5.130777554E1,-7.146588593E0,-3.393443298E-1,3.442840576E-1
5.131781554E1,-6.449787598E0,-1.555265808E-1,3.165916443E-1
5.132785654E1,-5.989494781E0,1.002914429E-1,3.147953796E-1
5.133789654E1,-5.868995361E0,5.185217285E-1,3.306623840E-1
5.134793754E1,-5.344486084E0,1.012045441E0,3.209326172E-1
5.135797754E1,-5.015919342E0,1.458417206E0,4.333488464E-1
5.136801854E1,-5.134173431E0,1.886377258E0,4.730163574E-1
5.137805854E1,-5.129832458E0,2.218087463E0,3.909869385E-1
5.138809954E1,-4.955744476E0,2.279160461E0,5.192701721E-1
5.139813954E1,-4.937781830E0,2.200873260E0,8.750802612E-1
5.140818054E1,-5.129832458E0,1.966610413E0,1.185983734E0
5.141822054E1,-5.949078827E0,1.605411530E0,1.323996735E0
5.142826054E1,-6.828649750E0,1.301842804E0,1.385818176E0
5.143830154E1,-7.382947083E0,9.608518982E-1,1.559756470E0
5.144834154E1,-7.948620758E0,6.104306030E-1,1.719923401E0
5.145838254E1,-8.592581635E0,3.929328918E-1,1.830693054E0
5.146842254E1,-8.956025848E0,3.817062378E-1,1.885928192E0
5.147846354E1,-8.927135925E0,4.087998962E-1,1.998194733E0
5.148850354E1,-8.699309692E0,3.965254211E-1,2.082619171E0
5.149854454E1,-8.557554474E0,4.519102478E-1,2.212848358E0
5.150858454E1,-8.536598053E0,6.107299805E-1,2.363884277E0
5.151862554E1,-8.467142487E0,7.699987793E-1,2.286345520E0
5.152866554E1,-8.547974396E0,8.243357849E-1,2.386936340E0
5.153870654E1,-8.778345337E0,8.173004150E-1,2.247127075E0
5.154874654E1,-9.277257843E0,8.505313110E-1,1.687890015E0
5.155878754E1,-1.043899200E1,1.045725403E0,1.222058716E0
5.156882754E1,-1.215652039E1,1.418150940E0,1.566193085E0
5.157886854E1,-1.337019653E1,1.802551575E0,2.642754364E0
5.158890854E1,-1.401295990E1,1.995350647E0,3.489842834E0
5.159894954E1,-1.522977951E1,2.008074188E0,3.687731323E0
5.160898954E1,-1.658655807E1,1.616488495E0,3.327580261E0
5.161902954E1,-1.741912674E1,3.173400879E-1,2.474504242E0
5.162907054E1,-1.807281738E1,-1.279389496E0,7.072792053E-1
5.163911054E1,-1.792941559E1,-1.665436707E0,-2.030228119E0
5.164915154E1,-1.709729599E1,-3.600013733E-1,-4.092040558E0
5.165919154E1,-1.571911194E1,1.382824402E0,-4.866829376E0
5.166923254E1,-1.421713531E1,2.261646881E0,-4.715045013E0
5.167927254E1,-1.291768753E1,2.330503693E0,-4.652475128E0
5.168931354E1,-1.170610703E1,2.228116608E0,-4.741988983E0
5.169935354E1,-1.036998550E1,2.099833374E0,-4.091441803E0
5.170939454E1,-9.244625702E0,1.608405304E0,-2.634521484E0
5.171943454E1,-8.470585327E0,8.988807678E-1,-1.376238098E0
5.172947554E1,-8.121810608E0,1.460961914E-1,-6.620732117E-1
5.173951554E1,-8.259374542E0,-4.631369019E-1,-1.333726501E-1
5.174955654E1,-8.572822723E0,-9.452842712E-1,2.136058044E-1
5.175959654E1,-8.927435303E0,-1.308429108E0,4.569996643E-1
5.176963754E1,-9.343270569E0,-1.438508606E0,7.533833313E-1
5.177967754E1,-9.642947388E0,-1.127006378E0,8.882528687E-1
5.178971854E1,-9.917925568E0,-5.769003296E-1,8.229885864E-1
5.179975854E1,-1.019275406E1,-4.415817261E-2,8.530760193E-1
5.180979854E1,-1.056009018E1,3.586541748E-1,8.237370300E-1
5.181983954E1,-1.063762894E1,8.032296753E-1,5.538482666E-1
5.182987954E1,-1.018541931E1,1.399140472E0,1.270857239E-1
5.183992054E1,-9.598938904E0,1.926942902E0,-2.234852600E-1
5.184996054E1,-9.005872192E0,2.273621979E0,-4.567002869E-1
5.186000154E1,-8.250842285E0,2.351460114E0,-4.890330505E-1
5.187004154E1,-7.427404633E0,2.283351746E0,-3.016227722E-1
5.188008254E1,-6.520889740E0,1.998943176E0,-3.367996216E-2
5.189012254E1,-5.588478699E0,1.478625183E0,3.719764709E-1
5.190016354E1,-4.514462128E0,7.571255493E-1,9.577084351E-1
5.191020367E1,-4.057163086E0,-1.032852173E-1,1.529219971E0
5.192024467E1,-4.212090912E0,-7.818241882E-1,1.648970947E0
5.193028467E1,-4.636458435E0,-1.332229614E0,1.691482544E0
5.194032567E1,-5.381608887E0,-1.647324371E0,1.700463867E0
5.195036567E1,-5.893095245E0,-1.674268341E0,1.680555267E0
5.196040567E1,-6.136040039E0,-1.502575378E0,1.672472076E0
5.197044667E1,-6.536607056E0,-1.356628876E0,1.681004333E0
5.198048667E1,-6.947053528E0,-1.351240082E0,1.800006866E0
5.199052767E1,-7.305558014E0,-1.285676422E0,2.071242828E0
5.200056767E1,-7.591762848E0,-1.097068634E0,2.253713379E0
5.201060867E1,-7.675738220E0,-8.686436462E-1,2.476001129E0
5.202064867E1,-7.673193512E0,-5.649252319E-1,2.674638062E0
5.203068967E1,-7.593559113E0,-1.682501221E-1,2.598895569E0
5.204072967E1,-7.409891052E0,2.748284912E-1,2.285896454E0
5.205077067E1,-7.247927856E0,6.679110718E-1,1.986219635E0
5.206081067E1,-7.244634705E0,8.198451233E-1,1.817370758E0
5.207085167E1,-7.602839813E0,6.466552734E-1,1.767674103E0
5.208089167E1,-8.709937592E0,1.294807434E-1,1.791474609E0
5.209093267E1,-1.026355682E1,-1.660047913E-1,1.485810242E0
5.210097267E1,-1.153037247E1,-3.427871704E-2,1.034648438E0
5.211101267E1,-1.267070114E1,-4.954696655E-2,1.513502655E0
5.212105367E1,-1.401191208E1,-1.624122620E-1,2.829116821E0
5.213109367E1,-1.538515640E1,1.122665405E-1,3.987707520E0
5.214113467E1,-1.628553406E1,7.409591675E-1,4.828509064E0
5.215117467E1,-1.649569702E1,1.097068634E0,4.944368134E0
5.216121567E1,-1.647878220E1,9.168434143E-1,3.977079620E0
5.217125567E1,-1.569620956E1,9.813592529E-1,2.974913635E0
5.218129667E1,-1.365146164E1,1.446292419E0,1.537303162E0
5.219133667E1,-1.180355438E1,1.813778229E0,-5.170248413E-1
5.220137767E1,-1.170835236E1,8.466394043E-1,-1.335971832E0
5.221141767E1,-1.245320343E1,-8.437953186E-1,-7.849676514E-1
5.222145867E1,-1.201641174E1,-1.551972656E0,-1.346749420E0
5.223149867E1,-1.154100037E1,-1.524130554E0,-2.558629303E0
5.224153967E1,-1.131092880E1,-1.323697357E0,-3.862867126E0
5.225157967E1,-1.083027832E1,-1.037791901E0,-4.148323517E0
5.226161967E1,-1.100406693E1,-2.430944824E-1,-3.000809784E0
5.227166067E1,-1.203572159E1,6.605763245E-1,-1.744172974E0
5.228170067E1,-1.283221527E1,1.602866821E0,-9.734257507E-1
5.229174167E1,-1.290616150E1,2.444865875E0,-7.683522034E-1
5.230178167E1,-1.253628067E1,3.117117920E0,-5.469625854E-1
5.231182267E1,-1.157962006E1,3.484603729E0,-2.139051819E-1
5.232186267E1,-1.093176727E1,3.162174225E0,1.529818726E-1
5.233190367E1,-1.050769913E1,2.062261505E0,7.899073792E-1
5.234194367E1,-1.009785141E1,9.015751648E-1,1.509011993E0
5.235198467E1,-9.585167542E0,9.460327148E-2,1.804347839E0
5.236202467E1,-9.328002319E0,-5.189707947E-1,1.856289825E0
5.237206567E1,-8.969497833E0,-8.629554749E-1,1.590891724E0
5.238210567E1,-8.438402252E0,-9.695338440E-1,1.162931671E0
5.239214567E1,-8.044421539E0,-1.094972992E0,8.637039185E-1
5.240218667E1,-7.510332184E0,-1.033151550E0,5.667214966E-1
5.241222667E1,-7.088808746E0,-8.428971863E-1,4.282594299E-1
5.242226767E1,-6.713389435E0,-5.572911072E-1,3.918850708E-1
5.243230767E1,-6.189778290E0,-2.450404358E-1,5.583389282E-1
5.244234867E1,-5.567073212E0,1.251397705E-1,8.222401428E-1
5.245238867E1,-4.898264008E0,5.520520020E-1,9.828561401E-1
5.246242967E1,-4.448150024E0,9.605525208E-1,1.032852173E0
5.247246967E1,-4.223616943E0,1.412612457E0,1.083746338E0
5.248251067E1,-3.993844757E0,1.865720215E0,1.189576263E0
5.249255067E1,-4.027075653E0,2.129471741E0,1.358125763E0
5.250259167E1,-4.610562286E0,2.143542480E0,1.526974640E0
5.251263167E1,-5.630092163E0,2.070195007E0,1.533710632E0
5.252267167E1,-6.367458801E0,1.953288116E0,1.539398804E0
5.253271267E1,-7.031777344E0,1.787133636E0,1.554667053E0
5.254275267E1,-7.671846313E0,1.782642975E0,1.559906158E0
5.255279367E1,-8.195906525E0,1.843117218E0,1.632804565E0
5.256283367E1,-8.569679260E0,1.932780762E0,1.816023560E0
5.257287467E1,-8.567284241E0,2.038760376E0,2.009720764E0
5.258291467E1,-8.365803223E0,2.079176331E0,2.059716797E0
5.259295567E1,-8.224048004E0,2.046843567E0,2.186952209E0
5.260299567E1,-8.092920685E0,1.966610413E0,2.386187897E0
5.261303667E1,-7.995922394E0,1.722917175E0,2.261646881E0
5.262307667E1,-8.260871429E0,1.348845062E0,2.334694977E0
5.263311767E1,-8.827293549E0,9.773176575E-1,2.277364197E0
5.264315767E1,-9.876312103E0,7.822732544E-1,1.707798615E0
5.265319767E1,-1.171254364E1,7.849676514E-1,1.154998169E0
5.266323867E1,-1.385593643E1,7.767347717E-1,1.486259308E0
5.267327867E1,-1.521855286E1,7.360194397E-1,2.892435150E0
5.268331967E1,-1.542916489E1,1.053359528E0,3.968247986E0
5.269335967E1,-1.543380524E1,1.638193359E0,4.072431335E0
5.270340067E1,-1.578033463E1,1.856140137E0,3.774401093E0
5.271344067E1,-1.597702560E1,1.058748322E0,3.327280884E0
5.272348167E1,-1.577883774E1,-4.093986511E-1,2.449805603E0
5.273352167E1,-1.562346085E1,-1.203197937E0,4.532574463E-1
5.274356267E1,-1.580667984E1,-2.130070496E-1,-2.116897888E0
5.275360267E1,-1.538350983E1,1.631157990E0,-3.826642456E0
5.276364367E1,-1.431518143E1,2.599045258E0,-4.401147766E0
5.277368367E1,-1.349219284E1,2.307152252E0,-4.267924805E0
5.278372367E1,-1.291005341E1,1.507066040E0,-3.811523895E0
5.279376467E1,-1.201147202E1,1.091380463E0,-3.259471893E0
5.280380467E1,-1.070783295E1,9.901908875E-1,-2.380499725E0
5.281384567E1,-9.455537109E0,4.471202087E-1,-1.278940430E0
5.282388567E1,-8.688532104E0,-5.207670593E-1,-6.932084656E-1
5.283392667E1,-8.762777710E0,-1.162931671E0,-4.899311829E-1
5.284396667E1,-9.062304840E0,-1.344953156E0,-1.930984497E-1
5.285400767E1,-9.394613800E0,-1.237177277E0,2.082170105E-1
5.286404767E1,-9.681567078E0,-6.267466736E-1,4.930746460E-1
5.287408867E1,-9.604178009E0,4.077520752E-1,7.692503357E-1
5.288412867E1,-9.514664154E0,1.403331757E0,9.684860229E-1
5.289416967E1,-9.437724152E0,2.000290375E0,1.071920929E0
5.290420938E1,-9.354497223E0,2.204166412E0,1.081800385E0
5.291424937E1,-9.100475464E0,2.270777893E0,8.665480042E-1
5.292429037E1,-8.511450348E0,2.353555756E0,5.486091614E-1
5.293433038E1,-7.889643402E0,2.391576691E0,2.248324585E-1
5.294437138E1,-7.337292023E0,2.359094238E0,3.233276367E-2
5.295441138E1,-6.757098541E0,2.094444580E0,-2.963836670E-2
5.296445238E1,-5.919889526E0,1.526974640E0,1.553768921E-1
5.297449237E1,-5.680686951E0,8.270301819E-1,4.676275635E-1
5.298453337E1,-5.376669159E0,-6.182144165E-2,6.062393188E-1
5.299457338E1,-5.501808929E0,-9.725276184E-1,6.674620056E-1
5.300461438E1,-5.821544037E0,-1.497336273E0,6.039939880E-1
5.301465438E1,-5.738167419E0,-1.577868805E0,6.114784241E-1
5.302469538E1,-5.706283722E0,-1.664688263E0,8.674461365E-1
5.303473537E1,-6.274502106E0,-1.785337372E0,1.202748871E0
5.304477538E1,-6.855743408E0,-1.703607330E0,1.370100861E0
5.305481638E1,-7.226672058E0,-1.400038605E0,1.476080475E0
5.306485638E1,-7.466323700E0,-1.081351318E0,1.667682037E0
5.307489738E1,-7.773185577E0,-8.509803772E-1,1.901346130E0
5.308493737E1,-8.282725983E0,-6.716532898E-1,2.126777344E0
5.309497837E1,-8.628357239E0,-4.327500916E-1,2.172731781E0
5.310501838E1,-8.652307434E0,-1.863624573E-1,2.260748749E0
5.311505938E1,-8.516689453E0,9.654922485E-2,2.386487274E0
5.312509937E1,-8.397686920E0,4.959187317E-1,2.520009613E0
5.313514038E1,-8.204887848E0,8.864566040E-1,2.559527435E0
5.314518037E1,-7.962242432E0,1.197210388E0,2.380050659E0
5.315522137E1,-7.844437408E0,1.375789032E0,2.157613220E0
5.316526138E1,-7.933053131E0,1.411864014E0,1.894011383E0
5.317530137E1,-8.533454590E0,1.263821869E0,1.385967865E0
5.318534237E1,-9.492809601E0,1.027313690E0,9.686357117E-1
5.319538238E1,-1.068298462E1,6.722520447E-1,6.985972595E-1
5.320542337E1,-1.222103622E1,1.615141296E-1,9.367520142E-1
5.321546338E1,-1.371897125E1,-3.811074829E-1,2.216889954E0
5.322550438E1,-1.494387405E1,-5.221142578E-1,3.461551666E0
5.323554437E1,-1.597043930E1,-3.537144470E-1,4.137246552E0
5.324558537E1,-1.659359344E1,5.224136353E-2,3.838168488E0
5.325562538E1,-1.622940079E1,8.083190918E-1,2.149679718E0
5.326566637E1,-1.519265671E1,1.708547058E0,-4.989125061E-1
5.327570638E1,-1.451875809E1,1.772763519E0,-2.810405731E0
5.328574637E1,-1.441113190E1,6.248007202E-1,-3.671714630E0
5.329578737E1,-1.395967072E1,-2.583627319E-1,-3.850592651E0
5.330582738E1,-1.289074356E1,-2.691403198E-1,-4.038302307E0
5.331586838E1,-1.210727280E1,-5.017565918E-1,-3.557651825E0
5.332590838E1,-1.171793243E1,-1.028960266E0,-2.600691833E0
5.333594938E1,-1.202180054E1,-1.218017120E0,-1.814526672E0
5.334598937E1,-1.199590439E1,-4.337979126E-1,-1.634600830E0
5.335603037E1,-1.143262573E1,7.503895569E-1,-1.723964996E0
5.336607038E1,-1.103565125E1,1.618883514E0,-1.755249939E0
5.337611138E1,-1.079884369E1,2.080822906E0,-1.523681488E0
5.338615138E1,-1.030606842E1,2.314037933E0,-8.620573425E-1
5.339619238E1,-9.877210236E0,2.128573608E0,3.921844482E-2
5.340623237E1,-9.733808441E0,1.577868805E0,8.711883545E-1
5.341627238E1,-9.551786957E0,1.154998169E0,1.566642151E0
5.342631338E1,-9.278605042E0,9.842033386E-1,1.922751617E0
5.343635338E1,-9.006470947E0,8.843609619E-1,1.851499786E0
5.344639438E1,-8.850195923E0,6.634204102E-1,1.413959656E0
5.345643437E1,-8.603359222E0,2.700384521E-1,7.550299072E-1
5.346647537E1,-8.185278625E0,-2.353106689E-1,3.020718384E-1
5.347651538E1,-7.833659821E0,-7.587721252E-1,1.733395386E-1
5.348655638E1,-7.497159576E0,-1.184786224E0,1.673519897E-1
5.349659638E1,-7.405250702E0,-1.301693115E0,1.326242065E-1
5.350663738E1,-7.154671783E0,-1.117575989E0,2.290237427E-2
5.351667737E1,-6.558461609E0,-6.146218872E-1,-5.433700562E-2
5.352671738E1,-6.008804626E0,-1.025367737E-1,1.255888367E-1
5.353675838E1,-5.642366638E0,4.700225830E-1,2.103126526E-1
5.354679837E1,-5.356910248E0,1.064436493E0,2.737806702E-1
5.355683937E1,-5.520220642E0,1.487606506E0,2.505789185E-1
5.356687938E1,-5.720953217E0,1.700912933E0,2.408491516E-1
5.357692037E1,-5.877078552E0,1.799258423E0,3.803590393E-1
5.358696038E1,-6.000122681E0,1.833537140E0,6.938072205E-1
5.359700138E1,-6.187682648E0,1.825903015E0,9.446855164E-1
5.360704137E1,-6.604565735E0,1.797611847E0,1.094972992E0
5.361708237E1,-7.203619995E0,1.755549316E0,1.101110229E0
5.362712238E1,-7.851173401E0,1.691632233E0,1.131646729E0
5.363716337E1,-8.319399719E0,1.642384644E0,1.177451477E0
5.364720338E1,-8.340954895E0,1.615141296E0,1.333576813E0
5.365724337E1,-8.169112244E0,1.528321838E0,1.708696747E0
5.366728437E1,-8.222401428E0,1.389261017E0,2.098935242E0
5.367732438E1,-8.310119019E0,1.242865448E0,2.358794861E0
5.368736538E1,-8.498876495E0,9.087602234E-1,2.298919373E0
5.369740538E1,-8.894952850E0,5.245092773E-1,2.023342438E0
5.370744638E1,-9.213490448E0,2.210902405E-1,1.589993591E0
5.371748637E1,-9.632918243E0,-1.511856079E-2,7.185058594E-1
5.372752737E1,-1.054063065E1,-4.580474854E-2,-3.188369751E-2
5.373756738E1,-1.193498108E1,2.236349487E-1,2.031275940E-1
5.374760838E1,-1.324625427E1,6.683601379E-1,1.560504913E0
5.375764838E1,-1.387524628E1,1.156345367E0,3.023861847E0
5.376768837E1,-1.429182999E1,1.806742859E0,3.834276581E0
5.377772937E1,-1.476080475E1,2.472857666E0,3.812122650E0
5.378776938E1,-1.495974106E1,2.423909454E0,3.242557068E0
5.379781038E1,-1.476679230E1,1.260229340E0,2.280507660E0
5.380785038E1,-1.416190018E1,-5.388793945E-3,5.703140259E-1
5.381789138E1,-1.364053436E1,8.891510010E-2,-1.753902740E0
5.382793137E1,-1.350177292E1,1.268162842E0,-3.743116150E0
5.383797237E1,-1.347333206E1,2.095791779E0,-4.884193268E0
5.384801238E1,-1.325014618E1,2.103276215E0,-5.501359863E0
5.385805338E1,-1.304357574E1,1.465751953E0,-5.740562439E0
5.386809338E1,-1.295211594E1,7.415579224E-1,-5.419031067E0
5.387813438E1,-1.242685822E1,6.840774536E-2,-4.292324066E0
5.388817437E1,-1.170925049E1,-6.430627441E-1,-2.698588257E0
5.389821438E1,-1.105211700E1,-1.285975800E0,-1.487307129E0
5.390825567E1,-1.039767792E1,-1.821112976E0,-8.216413879E-1
5.391829567E1,-9.826615448E0,-2.178569641E0,-2.139051819E-1
5.392833667E1,-9.282646637E0,-2.445764008E0,1.953437805E-1
5.393837667E1,-9.141490173E0,-2.490221558E0,4.535568237E-1
5.394841767E1,-8.981921997E0,-1.953587494E0,5.276527405E-1
5.395845767E1,-8.652906189E0,-8.753796387E-1,6.071374512E-1
5.396849867E1,-8.661887512E0,3.817062378E-1,6.665638733E-1
5.397853867E1,-9.046886902E0,1.397194519E0,6.240522766E-1
5.398857967E1,-9.251661072E0,1.944007416E0,6.641688538E-1
5.399861967E1,-9.397158508E0,2.108365631E0,5.813909912E-1
5.400865967E1,-9.464668121E0,2.130669250E0,2.570155334E-1
5.401870067E1,-9.508077850E0,2.091301117E0,-2.724334717E-2
5.402874067E1,-9.453441467E0,1.996248779E0,-2.842588806E-1
5.403878167E1,-9.302405548E0,1.911075897E0,-4.863386536E-1
5.404882167E1,-9.167236633E0,1.788929901E0,-4.713697815E-1
5.405886267E1,-8.760682068E0,1.509311371E0,-3.493734741E-1
5.406890267E1,-8.236771545E0,1.116528168E0,-1.073268127E-1
5.407894367E1,-7.756121063E0,6.521937561E-1,7.214996338E-2
5.408898367E1,-7.314239960E0,1.781295776E-1,3.032693481E-1
5.409902467E1,-6.597530365E0,-1.989363098E-1,5.947132874E-1
5.410906467E1,-6.129902802E0,-5.646258545E-1,8.337661743E-1
5.411910467E1,-6.347250824E0,-9.310638428E-1,8.774752808E-1
5.412914567E1,-6.722969513E0,-1.116827545E0,8.355624390E-1
5.413918567E1,-6.987768860E0,-1.065334625E0,9.629475403E-1
5.414922667E1,-7.275620270E0,-9.430389404E-1,1.075962524E0
5.415926667E1,-7.687114563E0,-7.605683899E-1,1.099763031E0
5.416930767E1,-7.983348541E0,-5.424719238E-1,1.186582489E0
5.417934767E1,-8.233478394E0,-3.858975220E-1,1.370250549E0
5.418938867E1,-8.489446106E0,-3.115022278E-1,1.623823242E0
5.419942867E1,-8.583001556E0,-2.721340942E-1,1.832189941E0
5.420946967E1,-8.538094940E0,-2.094145203E-1,1.888173523E0
5.421950967E1,-8.435109100E0,-1.222956848E-1,1.780697021E0
5.422954967E1,-8.372090149E0,1.272354126E-1,1.667682037E0
5.423959067E1,-8.151898041E0,4.123924255E-1,1.752106476E0
5.424963067E1,-8.058043213E0,5.469625854E-1,1.809287567E0
5.425967167E1,-8.295150146E0,5.649252319E-1,1.504820709E0
5.426971167E1,-8.723259888E0,3.788621521E-1,9.565109253E-1
5.427975267E1,-9.302854614E0,1.532812500E-1,4.206253052E-1
5.428979267E1,-9.834698639E0,-1.739382935E-1,4.520599365E-1
5.429983367E1,-1.049362839E1,-4.822970581E-1,1.301543427E0
5.430987367E1,-1.120225479E1,-4.095483398E-1,2.338437195E0
5.431991467E1,-1.178394516E1,1.481918335E-2,3.360511780E0
5.432995467E1,-1.226549377E1,7.470964050E-1,4.288581848E0
5.433999467E1,-1.258702515E1,1.524878998E0,4.406686249E0
5.435003567E1,-1.266965332E1,1.955832825E0,3.527115326E0
5.436007567E1,-1.228480362E1,2.199975128E0,2.459086304E0
5.437011667E1,-1.141945312E1,2.381996613E0,1.413660278E0
5.438015667E1,-1.026161087E1,2.468067627E0,3.640429688E-1
5.439019767E1,-9.690847778E0,2.224673767E0,-4.513114929E-1
5.440023767E1,-1.009186386E1,1.612297211E0,-7.839198303E-1
5.441027867E1,-1.058269318E1,1.228046265E0,-8.818162537E-1
5.442031867E1,-1.079869400E1,1.006956024E0,-1.208736420E0
5.443035867E1,-1.106334366E1,6.773414612E-1,-1.706601105E0
5.444039967E1,-1.115360596E1,3.764671326E-1,-2.437231750E0
5.445043967E1,-1.123473724E1,3.439846802E-1,-3.187471619E0
5.446048067E1,-1.184771255E1,4.567002869E-1,-3.501069489E0
5.447052067E1,-1.264106277E1,6.352789307E-1,-3.314407654E0
5.448056167E1,-1.318937256E1,8.991801453E-1,-2.896476746E0
5.449060167E1,-1.314805847E1,1.224154358E0,-2.226020966E0
5.450064267E1,-1.255888367E1,1.385069733E0,-1.531165924E0
5.451068267E1,-1.196117661E1,1.272803192E0,-1.029259644E0
5.452072367E1,-1.156465118E1,1.069675598E0,-6.818321228E-1
5.453076367E1,-1.131077911E1,7.731422424E-1,-4.537065125E-1
5.454080367E1,-1.124820923E1,3.338058472E-1,-1.790277100E-1
5.455084467E1,-1.130224686E1,-2.754272461E-2,6.975494385E-2
5.456088467E1,-1.133188522E1,-1.592687988E-1,3.556604004E-1
5.457092567E1,-1.118983063E1,-7.679031372E-2,5.152285767E-1
5.458096567E1,-1.086560486E1,1.751358032E-1,3.682342529E-1
5.459100667E1,-1.037582336E1,4.468208313E-1,2.395019531E-2
5.460104667E1,-1.005908203E1,7.125183105E-1,-2.606080627E-1
5.461108767E1,-9.801916809E0,8.830137634E-1,-3.924838257E-1
5.462112767E1,-9.425150299E0,1.004411316E0,-3.414399719E-1
5.463116867E1,-9.015302582E0,1.008602600E0,-1.330732727E-1
5.464120867E1,-8.534951477E0,9.654922485E-1,6.391708374E-2
5.465124867E1,-7.962092743E0,9.705816650E-1,1.787283325E-1
5.466128967E1,-7.663613434E0,9.880952454E-1,1.907034302E-1
5.467132967E1,-7.609575806E0,1.062191162E0,1.407073975E-1
5.468137067E1,-7.459737396E0,1.180594940E0,1.098715210E-1
5.469141067E1,-7.244335327E0,1.248403931E0,1.537303162E-1
5.470145167E1,-7.476951599E0,1.198707275E0,1.616638184E-1
5.471149167E1,-7.902666321E0,1.187630310E0,7.185058594E-3
5.472153267E1,-8.359665985E0,1.223705292E0,-7.155120850E-2
5.473157267E1,-8.862919464E0,1.279239807E0,-5.912704468E-2
5.474161267E1,-9.320218506E0,1.352287903E0,-1.266366577E-1
5.475165367E1,-9.670939178E0,1.462458801E0,-1.736389160E-1
5.476169367E1,-9.833501129E0,1.558558960E0,-1.880090332E-1
5.477173467E1,-9.842931519E0,1.623224487E0,-1.577719116E-1
5.478177467E1,-9.757010193E0,1.704505463E0,-7.619155884E-2
5.479181567E1,-9.552984467E0,1.788480835E0,5.164260864E-2
5.480185567E1,-9.336085510E0,1.738784180E0,3.285667419E-1
5.481189667E1,-9.151519318E0,1.647024994E0,5.875282288E-1
5.482193667E1,-8.916657715E0,1.606609039E0,8.170010376E-1
5.483197767E1,-8.697513428E0,1.417851562E0,1.018182678E0
5.484201767E1,-8.529712372E0,1.169967041E0,1.002016296E0
5.485205767E1,-8.410560150E0,1.103804626E0,6.990463257E-1
5.486209867E1,-8.277337189E0,1.055604858E0,1.267863464E-1
5.487213867E1,-8.423134003E0,9.385482788E-1,-2.622546387E-1
5.488217967E1,-8.702902222E0,9.086105347E-1,-5.065466309E-1
5.489221967E1,-9.140142975E0,9.195378113E-1,-6.209088135E-1
5.490226087E1,-9.767638092E0,8.065228271E-1,-6.854246521E-1
5.491230088E1,-1.046324158E1,4.640350342E-1,-7.051835632E-1
5.492234188E1,-1.105076981E1,1.149609375E-1,-8.170010376E-1
5.493238187E1,-1.138322845E1,-1.712438965E-1,-1.008452911E0
5.494242188E1,-1.149429749E1,-3.088078308E-1,-1.209484863E0
5.495246288E1,-1.131616791E1,-2.526745605E-1,-1.361119537E0
5.496250288E1,-1.088102280E1,-1.616638184E-2,-1.232686615E0
5.497254388E1,-1.033121613E1,4.489164734E-1,-8.792715454E-1
5.498258387E1,-9.798324280E0,1.066532135E0,-4.568499756E-1
5.499262487E1,-9.293424225E0,1.728904724E0,-1.187031555E-1
5.500266488E1,-8.775950317E0,2.306254120E0,4.805007935E-2
5.501270588E1,-8.363857269E0,2.450853424E0,2.218386841E-1
5.502274588E1,-8.206384735E0,2.245929565E0,2.966830444E-1
5.503278688E1,-8.230484619E0,1.945204926E0,1.442999268E-1
5.504282687E1,-8.402476959E0,1.651665344E0,-5.448669434E-2
5.505286688E1,-8.817563782E0,1.250649261E0,-1.606159973E-1
5.506290788E1,-9.392368469E0,7.934999084E-1,-2.459385681E-1
5.507294787E1,-1.001207977E1,2.392025757E-1,-2.104623413E-1
5.508298888E1,-1.060409866E1,-3.354524231E-1,-1.350192261E-1
5.509302887E1,-1.101125198E1,-7.857160950E-1,-6.661148071E-2
5.510306987E1,-1.121647522E1,-1.063538361E0,6.586303711E-3
5.511310988E1,-1.124865829E1,-1.131796417E0,9.505233765E-2
5.512315088E1,-1.104553070E1,-9.939331055E-1,1.892065430E-1
5.513319087E1,-1.067954178E1,-7.303312683E-1,3.267704773E-1
5.514323088E1,-1.022134460E1,-3.544628906E-1,4.198768616E-1
5.515327187E1,-9.679321747E0,1.172062683E-1,4.752616882E-1
5.516331188E1,-9.271719360E0,5.528004456E-1,5.204676819E-1
5.517335288E1,-9.000034332E0,8.815168762E-1,5.287005615E-1
5.518339287E1,-8.815917206E0,1.180894318E0,5.185217285E-1
5.519343387E1,-8.707243195E0,1.386716309E0,5.147795105E-1
5.520347388E1,-8.732390900E0,1.479074249E0,4.824467468E-1
5.521351487E1,-8.900790710E0,1.511706390E0,3.990701294E-1
5.522355488E1,-9.148824921E0,1.500030670E0,2.899470520E-1
5.523359487E1,-9.394763489E0,1.382674713E0,2.110610962E-1
5.524363587E1,-9.648934937E0,1.194216614E0,1.775308228E-1
5.525367588E1,-9.820927277E0,1.070723419E0,1.630110168E-1
5.526371688E1,-9.930798798E0,9.488768005E-1,1.651066589E-1
5.527375688E1,-1.001821701E1,8.430468750E-1,1.549278259E-1
5.528379788E1,-1.010114456E1,7.229965210E-1,1.475930786E-1
5.529383787E1,-1.008737320E1,6.102809143E-1,1.501377869E-1
5.530387887E1,-1.002674927E1,4.866380310E-1,1.933978271E-1
5.531391888E1,-9.918823700E0,3.832031250E-1,2.883004761E-1
5.532395888E1,-9.798324280E0,2.963836670E-1,4.200265503E-1
5.533399988E1,-9.700577545E0,2.463876343E-1,5.520520020E-1
5.534403987E1,-9.658065948E0,2.377056885E-1,6.245013428E-1
5.535408087E1,-9.672735443E0,2.412982178E-1,6.283932495E-1
5.536412088E1,-9.720785522E0,2.489323425E-1,5.915698242E-1
5.537416188E1,-9.796827393E0,2.888992310E-1,5.504054260E-1
5.538420188E1,-9.906848602E0,3.351530457E-1,4.788542175E-1
5.539424288E1,-9.954599304E0,4.004173279E-1,4.605921936E-1
5.540428287E1,-9.952653351E0,4.909790039E-1,4.704716492E-1
5.541432387E1,-9.888885956E0,5.837860107E-1,4.942721558E-1
5.542436388E1,-9.830806732E0,6.315367126E-1,5.339396667E-1
5.543440387E1,-9.795929260E0,6.333329773E-1,5.861810303E-1
5.544444488E1,-9.766290894E0,6.080355835E-1,6.065386963E-1
5.545448488E1,-9.697434082E0,5.816903687E-1,6.325845337E-1
5.546452587E1,-9.629176025E0,5.878276062E-1,6.994953918E-1
5.547456588E1,-9.583970032E0,5.815406799E-1,7.402107239E-1
5.548460688E1,-9.593400421E0,6.066883850E-1,7.250921631E-1
5.549464687E1,-9.640552368E0,6.553372192E-1,6.414161682E-1
5.550468787E1,-9.694290619E0,6.860234070E-1,5.951623535E-1
5.551472788E1,-9.737101593E0,7.183561707E-1,5.507048035E-1
5.552476788E1,-9.737550659E0,7.647596741E-1,5.459147644E-1
5.553480888E1,-9.718989258E0,7.946974182E-1,5.623805237E-1
5.554484887E1,-9.703122253E0,8.081694031E-1,6.011499023E-1
5.555488987E1,-9.714049530E0,8.137078857E-1,6.117778015E-1
5.556492988E1,-9.734556885E0,8.110134888E-1,6.222560120E-1
5.557497088E1,-9.763596497E0,7.923023987E-1,6.432124329E-1
5.558501088E1,-9.780361633E0,7.599696350E-1,6.289920044E-1
5.559505188E1,-9.791588287E0,7.235952759E-1,6.176156616E-1
5.560509187E1,-9.789792023E0,7.098239136E-1,5.939648438E-1
5.561513188E1,-9.767937469E0,7.047344971E-1,5.969586182E-1
5.562517288E1,-9.765243073E0,7.065307617E-1,5.465135193E-1
5.563521288E1,-9.764644318E0,7.291337585E-1,4.926255798E-1
5.564525388E1,-9.756411438E0,7.538323975E-1,4.495152283E-1
5.565529387E1,-9.746382294E0,7.435038757E-1,4.772076416E-1
5.566533487E1,-9.729168091E0,7.322772217E-1,5.156776428E-1
5.567537488E1,-9.734706573E0,7.162605286E-1,5.321434021E-1
5.568541588E1,-9.743388519E0,7.170089722E-1,5.611830139E-1
5.569545588E1,-9.738448792E0,6.948550415E-1,5.860313416E-1
5.570549588E1,-9.711205444E0,6.836283875E-1,5.761518860E-1
5.571553687E1,-9.687255249E0,6.979985046E-1,5.721102905E-1
5.572557688E1,-9.684111786E0,7.053332520E-1,5.475613403E-1
5.573561788E1,-9.693093109E0,7.053332520E-1,5.382806396E-1
5.574565787E1,-9.702373810E0,7.511380005E-1,5.041516113E-1
5.575569888E1,-9.684860229E0,7.858657837E-1,4.586462402E-1
5.576573888E1,-9.671088867E0,8.375083923E-1,4.427792358E-1
5.577577987E1,-9.654323730E0,8.602610779E-1,4.511618042E-1
5.578581988E1,-9.621990967E0,8.816665649E-1,4.549040222E-1
5.579585987E1,-9.625284119E0,8.723858643E-1,4.990621948E-1
5.580590087E1,-9.633516998E0,8.732839966E-1,5.423222351E-1
5.581594088E1,-9.636061707E0,8.446934509E-1,5.421725464E-1
5.582598188E1,-9.633516998E0,8.252339172E-1,5.331912231E-1
5.583602188E1,-9.611363068E0,7.982899475E-1,4.884342957E-1
5.584606288E1,-9.620344391E0,7.782316589E-1,4.417314148E-1
5.585610287E1,-9.636810150E0,8.078700256E-1,4.085005188E-1
5.586614387E1,-9.675878906E0,8.780740356E-1,3.736230469E-1
5.587618388E1,-9.725725250E0,9.395960999E-1,3.185375977E-1
5.588622388E1,-9.774823151E0,9.605525208E-1,2.760260010E-1
5.589626488E1,-9.789342957E0,9.653425598E-1,2.386038208E-1
5.590630500E1,-9.770182800E0,9.562115479E-1,2.077679443E-1
5.591634600E1,-9.748178558E0,9.241781616E-1,2.053729248E-1
5.592638600E1,-9.726623383E0,8.896000671E-1,2.125579834E-1
5.593642700E1,-9.747130737E0,8.753796387E-1,2.514770508E-1
5.594646700E1,-9.766590271E0,8.590635681E-1,2.862048340E-1
5.595650700E1,-9.776020660E0,8.370593262E-1,3.341052246E-1
5.596654800E1,-9.775870972E0,7.920030212E-1,3.921844482E-1
5.597658800E1,-9.747579803E0,7.888595581E-1,4.007167053E-1
5.598662900E1,-9.727222137E0,7.927514648E-1,4.285588074E-1
5.599666900E1,-9.699380035E0,8.015830994E-1,4.508624268E-1
5.600671000E1,-9.679920502E0,8.175997925E-1,4.532574463E-1
5.601675000E1,-9.690398712E0,8.508306885E-1,4.346960449E-1
5.602679100E1,-9.713899841E0,8.638536072E-1,3.775149536E-1
5.603683100E1,-9.729168091E0,8.517288208E-1,3.276686096E-1
5.604687100E1,-9.719438324E0,8.152047729E-1,3.614982605E-1
5.605691200E1,-9.711654510E0,7.899073792E-1,3.876937866E-1
5.606695200E1,-9.713001709E0,7.852670288E-1,3.737727356E-1
5.607699300E1,-9.744735718E0,7.940986633E-1,3.445834351E-1
5.608703300E1,-9.752519531E0,8.078700256E-1,3.278182983E-1
5.609707400E1,-9.768536224E0,8.351133728E-1,3.233276367E-1
5.610711400E1,-9.767787781E0,8.708889771E-1,3.373983765E-1
5.611715500E1,-9.753567352E0,8.855584717E-1,3.582051086E-1
5.612719500E1,-9.728719025E0,8.910969543E-1,3.781137085E-1
5.613723500E1,-9.717642059E0,8.855584717E-1,3.754193115E-1
5.614727600E1,-9.712402954E0,9.045689392E-1,3.950285339E-1
5.615731600E1,-9.720037079E0,9.059161377E-1,3.893403625E-1
5.616735700E1,-9.732760620E0,9.029223633E-1,3.755690002E-1
5.617739700E1,-9.735455017E0,8.660989380E-1,3.547622681E-1
5.618743800E1,-9.737850037E0,8.925938416E-1,3.182382202E-1
5.619747800E1,-9.736053772E0,8.843609619E-1,3.005749512E-1
5.620751900E1,-9.720486145E0,8.901988220E-1,2.722837830E-1
5.621755900E1,-9.712852020E0,8.731343079E-1,2.553689575E-1
5.622759900E1,-9.702822876E0,8.580157471E-1,2.718347168E-1
5.623764000E1,-9.711055756E0,8.373587036E-1,3.013233948E-1
5.624768000E1,-9.722432098E0,8.270301819E-1,2.969824219E-1
5.625772100E1,-9.738748169E0,8.214916992E-1,2.975811768E-1
5.626776100E1,-9.731712799E0,8.256829834E-1,2.785707092E-1
5.627780200E1,-9.708810425E0,8.152047729E-1,2.926414490E-1
5.628784200E1,-9.684111786E0,7.819738770E-1,3.119512939E-1
5.629788300E1,-9.658664703E0,7.611671448E-1,3.466790771E-1
5.630792300E1,-9.648785248E0,7.373666382E-1,3.686833191E-1
5.631796300E1,-9.655072174E0,7.420069885E-1,3.715274048E-1
5.632800400E1,-9.650581512E0,7.593708801E-1,3.836521912E-1
5.633804400E1,-9.651329956E0,7.610174561E-1,4.068539429E-1
5.634808500E1,-9.646839294E0,7.581733704E-1,3.833528137E-1
5.635812500E1,-9.634864197E0,7.478448486E-1,3.858975220E-1
5.636816600E1,-9.627080383E0,7.473957825E-1,3.719764709E-1
5.637820600E1,-9.638307037E0,7.405101013E-1,3.251239014E-1
5.638824600E1,-9.651030579E0,7.716453552E-1,2.477348328E-1
5.639828700E1,-9.684111786E0,7.825726318E-1,1.685494995E-1
5.640832700E1,-9.722132721E0,7.884104919E-1,9.071136475E-2
5.641836800E1,-9.769584045E0,8.092172241E-1,1.227447510E-2
5.642840800E1,-9.783205719E0,8.402027893E-1,-2.993774414E-4
5.643844900E1,-9.804611206E0,8.297245789E-1,3.472778320E-2
5.644848900E1,-9.826016693E0,8.153544617E-1,6.466552734E-2
5.645853000E1,-9.821526031E0,8.140072632E-1,7.858657837E-2
5.646857000E1,-9.825118561E0,7.890092468E-1,1.149609375E-1
5.647861000E1,-9.819280701E0,7.761360168E-1,1.175056458E-1
5.648865100E1,-9.813891907E0,7.631130981E-1,1.139131165E-1
5.649869100E1,-9.815538483E0,7.646099854E-1,1.323248291E-1
5.650873200E1,-9.793384552E0,7.545808411E-1,1.451980591E-1
5.651877200E1,-9.775421906E0,7.545808411E-1,1.850152588E-1
5.652881300E1,-9.738748169E0,7.538323975E-1,1.877096558E-1
5.653885300E1,-9.730814667E0,7.442523193E-1,1.770817566E-1
5.654889400E1,-9.738748169E0,7.556286621E-1,1.570234680E-1
5.655893400E1,-9.738897858E0,7.686515808E-1,1.393601990E-1
5.656897400E1,-9.746981049E0,7.511380005E-1,1.110690308E-1
5.657901500E1,-9.757758636E0,7.342231750E-1,1.254391479E-1
5.658905500E1,-9.747130737E0,7.352709961E-1,1.618135071E-1
5.659909600E1,-9.714199219E0,7.500901794E-1,1.975891113E-1
5.660913600E1,-9.686357117E0,7.355703735E-1,2.157014465E-1
5.661917700E1,-9.718240814E0,7.343728638E-1,1.936972046E-1
5.662921700E1,-9.745783539E0,7.244934082E-1,1.395098877E-1
5.663925800E1,-9.747430115E0,7.258406067E-1,8.786727905E-2
5.664929800E1,-9.744586029E0,7.216493225E-1,7.229965210E-2
5.665933800E1,-9.726922760E0,7.364685059E-1,9.205856323E-2
5.666937900E1,-9.732910309E0,7.376660156E-1,1.167572021E-1
5.667941900E1,-9.759405212E0,7.557783508E-1,1.106199646E-1
5.668946000E1,-9.777667236E0,7.867639160E-1,9.175918579E-2
5.669950000E1,-9.795629883E0,8.411009216E-1,8.891510010E-2
5.670954100E1,-9.803413696E0,8.565188599E-1,9.116043091E-2
5.671958100E1,-9.793384552E0,8.466394043E-1,9.370513916E-2
5.672962200E1,-9.724078674E0,8.307723999E-1,1.062789917E-1
5.673966200E1,-9.678573303E0,8.135581970E-1,1.170565796E-1
5.674970200E1,-9.662257233E0,8.418493652E-1,1.420545959E-1
5.675974300E1,-9.656419373E0,8.581654358E-1,1.499880981E-1
5.676978300E1,-9.668394470E0,8.777746582E-1,1.496887207E-1
5.677982400E1,-9.676178284E0,8.725355530E-1,1.294807434E-1
5.678986400E1,-9.702972565E0,8.593629456E-1,1.240919495E-1
5.679990500E1,-9.726623383E0,8.638536072E-1,1.037342834E-1
5.680994500E1,-9.728419647E0,8.774752808E-1,9.714797974E-2
5.681998600E1,-9.745184784E0,8.957373047E-1,7.619155884E-2
5.683002600E1,-9.764794006E0,9.107061768E-1,7.843688965E-2
5.684006600E1,-9.781858521E0,9.041198730E-1,8.322692871E-2
5.685010700E1,-9.757908325E0,8.993298340E-1,7.005432129E-2
5.686014700E1,-9.741442566E0,8.734336853E-1,6.990463257E-2
5.687018800E1,-9.729317780E0,8.470884705E-1,8.577163696E-2
5.688022800E1,-9.694739685E0,8.175997925E-1,9.819580078E-2
5.689026900E1,-9.656119995E0,8.222401428E-1,1.017883301E-1
5.690030900E1,-9.647737427E0,8.324189758E-1,1.270857239E-1
5.691035000E1,-9.660910034E0,8.541238403E-1,1.293310547E-1
5.692039000E1,-9.684261475E0,8.870553589E-1,1.360670471E-1
5.693043000E1,-9.713301086E0,9.069639587E-1,1.329235840E-1
5.694047100E1,-9.725126495E0,9.078620911E-1,1.411564636E-1
5.695051100E1,-9.736502838E0,8.940907288E-1,1.445993042E-1
5.696055200E1,-9.733808441E0,8.830137634E-1,1.498384094E-1
5.697059200E1,-9.727222137E0,8.732839966E-1,1.194515991E-1
5.698063300E1,-9.708361359E0,8.687933350E-1,1.082249451E-1
5.699067300E1,-9.695488129E0,8.684939575E-1,1.169068909E-1
5.700071400E1,-9.711504822E0,8.879534912E-1,1.163081360E-1
5.701075400E1,-9.702822876E0,8.623567200E-1,1.282832336E-1
5.702079400E1,-9.711504822E0,8.589138794E-1,1.299298096E-1
5.703083500E1,-9.711205444E0,8.767268372E-1,1.218466187E-1
5.704087500E1,-9.711205444E0,9.060658264E-1,1.522334290E-1
5.705091600E1,-9.720935211E0,9.225315857E-1,1.571731567E-1
5.706095600E1,-9.709259491E0,9.078620911E-1,1.763333130E-1
5.707099700E1,-9.724976807E0,9.011260986E-1,1.910028076E-1
5.708103700E1,-9.732610931E0,8.976832581E-1,1.727407837E-1
5.709107800E1,-9.732161865E0,8.792715454E-1,1.835183716E-1
5.710111800E1,-9.733808441E0,8.650511169E-1,1.766326904E-1
5.711115900E1,-9.719288635E0,8.629554749E-1,1.672023010E-1
5.712119900E1,-9.727671204E0,8.461903381E-1,1.797761536E-1
5.713123900E1,-9.704619141E0,8.503816223E-1,1.978884888E-1
5.714128000E1,-9.711804199E0,8.472381592E-1,2.026785278E-1
5.715132000E1,-9.712552643E0,8.572673035E-1,2.296224976E-1
5.716136100E1,-9.718240814E0,8.713380432E-1,2.255809021E-1
5.717140100E1,-9.724378052E0,8.779243469E-1,2.079176331E-1
5.718144200E1,-9.720635834E0,8.839118958E-1,2.026785278E-1
5.719148200E1,-9.714498596E0,8.906478882E-1,2.119592285E-1
5.720152300E1,-9.718689880E0,8.794212341E-1,2.067201233E-1
5.721156300E1,-9.708960114E0,8.846603394E-1,2.152523804E-1
5.722160300E1,-9.680519257E0,8.773255920E-1,2.465373230E-1
5.723164400E1,-9.661508789E0,8.813671875E-1,2.742297363E-1
5.724168400E1,-9.652527466E0,8.818162537E-1,2.859054565E-1
5.725172500E1,-9.682315521E0,8.934919739E-1,2.508782959E-1
5.726176500E1,-9.704918518E0,8.913963318E-1,2.163002014E-1
5.727180600E1,-9.724677429E0,8.735833740E-1,1.869612122E-1
5.728184600E1,-9.715546417E0,8.788224792E-1,2.046244812E-1
5.729188700E1,-9.713151398E0,8.978329468E-1,2.191442871E-1
5.730192700E1,-9.726473694E0,8.827143860E-1,1.922003174E-1
5.731196800E1,-9.714348907E0,8.792715454E-1,1.945953369E-1
5.732200800E1,-9.740245056E0,9.180409241E-1,2.026785278E-1
5.733204800E1,-9.733209686E0,9.345066833E-1,2.288740540E-1
5.734208900E1,-9.738149414E0,9.457333374E-1,2.658471680E-1
5.735212900E1,-9.735155640E0,9.407936096E-1,2.848576355E-1
5.736217000E1,-9.710007935E0,9.523196411E-1,2.793191528E-1
5.737221000E1,-9.715546417E0,9.433383179E-1,2.974314880E-1
5.738225100E1,-9.697284393E0,9.309141541E-1,2.830613708E-1
5.739229100E1,-9.687404938E0,9.250762939E-1,2.538720703E-1
5.740233200E1,-9.681866455E0,9.057664490E-1,2.624043274E-1
5.741237200E1,-9.696236572E0,8.946894836E-1,2.513273621E-1
5.742241200E1,-9.701325989E0,8.934919739E-1,2.418969727E-1
5.743245300E1,-9.715995483E0,8.846603394E-1,2.389031982E-1
5.744249300E1,-9.738897858E0,8.746311951E-1,2.541714478E-1
5.745253400E1,-9.725425873E0,8.975335693E-1,2.514770508E-1
5.746257400E1,-9.748328247E0,8.951385498E-1,2.760260010E-1
5.747261500E1,-9.763596497E0,9.737251282E-1,2.706372070E-1
5.748265500E1,-9.746082916E0,1.037492523E0,2.194436646E-1
5.749269600E1,-9.760602722E0,1.095721436E0,1.904040527E-1
5.750273600E1,-9.708960114E0,1.096769257E0,1.866618347E-1
5.751277700E1,-9.713899841E0,8.864566040E-1,3.188369751E-1
5.752281700E1,-9.727371826E0,6.753955078E-1,5.164260864E-1
5.753285700E1,-9.725276184E0,4.441264343E-1,6.373745728E-1
5.754289800E1,-9.723779297E0,3.957769775E-1,6.008505249E-1
5.755293800E1,-9.641001434E0,5.551954651E-1,4.757107544E-1
5.756297900E1,-9.581874390E0,6.990463257E-1,2.878514099E-1
5.757301900E1,-9.552685089E0,8.216413879E-1,1.347198486E-1
5.758306000E1,-9.509425049E0,7.917036438E-1,4.445755005E-2
5.759310000E1,-9.585466919E0,7.349716187E-1,4.490661621E-3
5.760314100E1,-9.665999451E0,7.098239136E-1,-3.367996216E-2
5.761318100E1,-9.810598755E0,7.300318909E-1,1.646575928E-2
5.762322100E1,-9.930649109E0,8.204438782E-1,5.927673340E-2
5.763326200E1,-1.001118164E1,9.334588623E-1,6.286926270E-2
5.764330200E1,-1.005144791E1,1.034199371E0,4.266128540E-2
5.765334300E1,-1.006656647E1,1.051563263E0,5.628295898E-2
5.766338300E1,-1.007659561E1,1.012644196E0,5.718109131E-2
5.767342400E1,-1.008946884E1,9.422904968E-1,8.307723999E-2
5.768346400E1,-1.010144394E1,8.560697937E-1,1.416055298E-1
5.769350500E1,-1.007180557E1,8.074209595E-1,2.121089172E-1
5.770354500E1,-9.999505920E0,8.015830994E-1,3.005749512E-1
5.771358500E1,-9.884544983E0,8.195457458E-1,3.938310242E-1
5.772362600E1,-9.742789764E0,8.412506104E-1,5.004093933E-1
5.773366600E1,-9.598938904E0,8.951385498E-1,6.258485413E-1
5.774370700E1,-9.484427032E0,1.005010071E0,7.089257812E-1
5.775374700E1,-9.381890259E0,1.114881592E0,7.548802185E-1
5.776378800E1,-9.362131348E0,1.187779999E0,7.870632935E-1
5.777382800E1,-9.391620026E0,1.225501556E0,7.791297913E-1
5.778386900E1,-9.419162750E0,1.217717743E0,7.568261719E-1
5.779390900E1,-9.468709717E0,1.223854980E0,7.246430969E-1
5.780395000E1,-9.532477112E0,1.214274902E0,7.128176880E-1
5.781399000E1,-9.592202911E0,1.215622101E0,6.879693604E-1
5.782403000E1,-9.686057739E0,1.231189728E0,6.737489319E-1
5.783407100E1,-9.755662994E0,1.231788483E0,6.333329773E-1
5.784411100E1,-9.852511597E0,1.215771790E0,6.218069458E-1
5.785415200E1,-9.922116852E0,1.181642761E0,6.063890076E-1
5.786419200E1,-9.989626465E0,1.144370270E0,6.122268677E-1
5.787423300E1,-1.000714005E1,1.104403381E0,6.500981140E-1
5.788427300E1,-9.946965179E0,1.101858673E0,7.033872986E-1
5.789431400E1,-9.859846344E0,1.109492798E0,7.963439941E-1
5.790435438E1,-9.781559143E0,1.086889801E0,8.514294434E-1
5.791439437E1,-9.741442566E0,1.008003845E0,8.928932190E-1
5.792443537E1,-9.698032837E0,9.369017029E-1,9.322613525E-1
5.793447538E1,-9.655670929E0,8.761280823E-1,9.993218994E-1
5.794451638E1,-9.575288086E0,8.701405334E-1,1.028062134E0
5.795455637E1,-9.521400146E0,8.244854736E-1,1.032403107E0
5.796459738E1,-9.518705750E0,7.744894409E-1,1.043629761E0
5.797463737E1,-9.493108978E0,8.470884705E-1,1.105451202E0
5.798467837E1,-9.535021820E0,9.098080444E-1,1.175655212E0
5.799471838E1,-9.581575012E0,9.234297180E-1,1.248254242E0
5.800475837E1,-9.594298553E0,9.623487854E-1,1.308578796E0
5.801479937E1,-9.585915985E0,1.015039215E0,1.332528992E0
5.802483938E1,-9.558972015E0,1.062789917E0,1.321452026E0
5.803488037E1,-9.545649719E0,1.069525909E0,1.302591248E0
5.804492038E1,-9.558972015E0,1.065484314E0,1.287023621E0
5.805496138E1,-9.563762054E0,1.049168243E0,1.264720001E0
5.806500137E1,-9.576635284E0,1.048419800E0,1.264121246E0
5.807504237E1,-9.587412872E0,1.042881317E0,1.264869690E0
5.808508238E1,-9.576485596E0,1.041384430E0,1.237326965E0
5.809512238E1,-9.562714233E0,9.813592529E-1,1.218615875E0
5.810516338E1,-9.724078674E0,3.577560425E-1,9.774673462E-1
5.811520337E1,-9.541757812E0,6.987469482E-1,1.456920319E0
5.812524437E1,-9.456435242E0,1.288071442E0,1.403331757E0
5.813528438E1,-9.674980774E0,1.041983185E0,1.566791840E0
5.814532538E1,-9.508975983E0,1.005908203E0,1.518292694E0
5.815536538E1,-9.614506531E0,1.112187195E0,1.362766113E0
5.816540638E1,-9.716594238E0,1.357227631E0,1.210382996E0
5.817544637E1,-9.324260101E0,1.475182343E0,1.401385803E0
5.818548737E1,-9.399703217E0,1.099912720E0,1.478176117E0
5.819552738E1,-9.398805084E0,8.723858643E-1,1.302591248E0
5.820556738E1,-9.490115204E0,6.828799438E-1,1.267564087E0
5.821560838E1,-9.695937195E0,4.429289246E-1,1.283431091E0
5.822564837E1,-9.651928711E0,4.808001709E-1,1.437909851E0
5.823568937E1,-9.566456451E0,7.188052368E-1,1.407523041E0
5.824572938E1,-9.490414581E0,7.923023987E-1,1.503772888E0
5.825577038E1,-9.309291229E0,9.361532593E-1,1.704355774E0
5.826581038E1,-9.446406097E0,1.152303772E0,1.414259033E0
5.827585138E1,-9.619595947E0,1.209335175E0,1.439406738E0
5.828589137E1,-9.573342133E0,1.093625793E0,1.521585846E0
5.829593138E1,-9.748627625E0,1.153950348E0,1.538500671E0
5.830597238E1,-9.761500854E0,1.158890076E0,1.679956512E0
5.831601237E1,-9.889484711E0,1.051563263E0,1.840871887E0
5.832605337E1,-1.019649628E1,9.036708069E-1,1.924847260E0
5.833609338E1,-9.748028870E0,1.099313965E0,1.367855530E0
5.834613437E1,-9.607471161E0,8.521778870E-1,1.207239532E0
5.835617438E1,-9.505832520E0,8.815168762E-1,1.269060974E0
5.836621538E1,-9.793234863E0,1.077010345E0,1.382974091E0
5.837625537E1,-9.862989807E0,8.993298340E-1,1.419797516E0
5.838629538E1,-9.722432098E0,1.030906219E0,1.413809967E0
5.839633638E1,-9.711953888E0,1.133892059E0,1.553619232E0
5.840637638E1,-9.954000549E0,1.210981750E0,1.620081024E0
5.841641738E1,-9.889035645E0,1.206341400E0,2.008373566E0
5.842645737E1,-9.649084625E0,1.153052216E0,2.268233185E0
5.843649837E1,-9.507030029E0,1.205143890E0,2.305206299E0
5.844653838E1,-9.365873566E0,1.257834320E0,2.400408325E0
5.845657938E1,-9.233548737E0,1.212778015E0,2.527344360E0
5.846661938E1,-9.296417999E0,1.223106537E0,2.688409424E0
5.847665937E1,-9.729168091E0,1.164278870E0,2.851719818E0
5.848670037E1,-1.000684067E1,8.879534912E-1,3.002156982E0
5.849674038E1,-9.613758087E0,5.923182678E-1,3.246748352E0
5.850678138E1,-9.190588074E0,5.783972168E-1,3.600911865E0
5.851682138E1,-8.728798370E0,7.972421265E-1,3.651506653E0
5.852686238E1,-8.481662292E0,9.376501465E-1,3.652554474E0
5.853690237E1,-8.577762451E0,8.988807678E-1,3.902235260E0
5.854694337E1,-8.708141327E0,8.931925964E-1,4.175267487E0
5.855698338E1,-8.802295532E0,9.613009644E-1,4.337979126E0
5.856702337E1,-8.629255371E0,9.668394470E-1,4.536166992E0
5.857706438E1,-8.494236145E0,9.871971130E-1,4.670886841E0
5.858710438E1,-8.359516296E0,1.108444977E0,4.782854004E0
5.859714537E1,-8.302335205E0,1.109792175E0,4.769980774E0
5.860718538E1,-8.177494812E0,1.115480347E0,4.598437500E0
5.861722638E1,-8.015980682E0,1.167871399E0,4.664749603E0
5.862726637E1,-7.822133789E0,1.158141632E0,4.952451324E0
5.863730738E1,-7.821984100E0,1.121767273E0,5.321284332E0
5.864734738E1,-7.842491455E0,1.030008087E0,5.393284607E0
5.865738738E1,-7.735913086E0,1.121767273E0,5.511987762E0
5.866742838E1,-7.613168335E0,1.038989410E0,5.731132050E0
5.867746837E1,-7.628586273E0,8.289761353E-1,5.879623260E0
5.868750937E1,-7.638465729E0,7.107220459E-1,5.952072601E0
5.869754938E1,-7.509434052E0,6.200106812E-1,5.964047699E0
5.870759038E1,-7.532186737E0,4.816983032E-1,5.979166260E0
5.871763038E1,-7.473508759E0,4.522096252E-1,5.948031006E0
5.872767138E1,-7.435936890E0,5.134323120E-1,6.018235016E0
5.873771137E1,-7.410789185E0,4.987628174E-1,5.962999878E0
5.874775138E1,-7.302115173E0,6.417155457E-1,5.863606567E0
5.875779238E1,-7.103627930E0,7.590715027E-1,5.839955750E0
5.876783238E1,-7.032376099E0,7.430548096E-1,6.074218597E0
5.877787338E1,-7.162904663E0,8.463400269E-1,6.296955414E0
5.878791337E1,-7.293582916E0,8.419990540E-1,6.429878998E0
5.879795437E1,-7.235803070E0,8.439450073E-1,6.509513397E0
5.880799438E1,-7.108567657E0,8.716374207E-1,6.479425964E0
5.881803538E1,-7.017856293E0,8.349636841E-1,6.677913208E0
5.882807538E1,-7.084767151E0,7.162605286E-1,6.939868469E0
5.883811537E1,-7.173233185E0,7.442523193E-1,6.968758392E0
5.884815637E1,-7.123087463E0,7.635621643E-1,6.944209442E0
5.885819638E1,-7.041507111E0,8.580157471E-1,6.808441772E0
5.886823738E1,-6.934928741E0,7.812254333E-1,6.838828583E0
5.887827737E1,-6.848857727E0,6.945556641E-1,6.916666718E0
5.888831838E1,-6.801855469E0,7.429051208E-1,6.999594269E0
5.889835837E1,-6.713539124E0,7.376660156E-1,7.028933258E0
5.890839900E1,-6.768025818E0,7.382647705E-1,6.955885162E0
5.891843900E1,-6.810238037E0,7.942483521E-1,6.908882904E0
5.892847900E1,-6.737189941E0,7.903564453E-1,6.973099365E0
5.893852000E1,-6.834786987E0,7.204518127E-1,7.094496918E0
5.894856000E1,-6.822512512E0,6.460565186E-1,7.323370972E0
5.895860100E1,-6.792874146E0,6.580316162E-1,7.502099304E0
5.896864100E1,-6.575675812E0,7.104226685E-1,7.327113190E0
5.897868200E1,-6.380781097E0,6.670129395E-1,7.182962952E0
5.898872200E1,-6.296955414E0,6.851252747E-1,7.175777893E0
5.899876300E1,-6.298901367E0,6.414161682E-1,7.333100739E0
5.900880300E1,-6.296955414E0,6.236032104E-1,7.477400665E0
5.901884300E1,-6.286776581E0,5.896238708E-1,7.450606384E0
5.902888400E1,-6.154601440E0,5.589376831E-1,7.312144318E0
5.903892400E1,-5.985303497E0,5.584886169E-1,7.200476532E0
5.904896500E1,-5.950725403E0,6.045927429E-1,7.300917664E0
5.905900500E1,-5.998625793E0,6.216572571E-1,7.396269379E0
5.906904600E1,-6.182144165E0,5.542973328E-1,7.598199463E0
5.907908600E1,-6.282285919E0,5.260061646E-1,7.764054565E0
5.908912700E1,-6.233786774E0,5.312452698E-1,7.694748688E0
5.909916700E1,-6.043382721E0,5.757028198E-1,7.582332458E0
5.910920700E1,-5.943690033E0,5.215155029E-1,7.548053741E0
5.911924800E1,-5.881269836E0,4.769082642E-1,7.657027130E0
5.912928800E1,-5.892646179E0,4.683760071E-1,7.649393005E0
5.913932900E1,-5.854625244E0,4.020639038E-1,7.617958374E0
5.914936900E1,-5.907165985E0,3.444337463E-1,7.601043549E0
5.915941000E1,-5.917195129E0,3.778143311E-1,7.669750671E0
5.916945000E1,-5.909860382E0,3.863465881E-1,7.750432892E0
5.917949000E1,-5.983357544E0,3.576063538E-1,7.768994293E0
5.918953100E1,-6.046376495E0,3.516188049E-1,7.753276978E0
5.919957100E1,-6.030958557E0,3.594026184E-1,7.669451294E0
5.920961200E1,-5.926326141E0,3.490740967E-1,7.562124481E0
5.921965200E1,-5.810317383E0,3.586541748E-1,7.518565063E0
5.922969300E1,-5.750292206E0,3.888912964E-1,7.555538177E0
5.923973300E1,-5.785169678E0,4.246669006E-1,7.677534485E0
5.924977400E1,-5.832171936E0,5.563929749E-1,7.734865265E0
5.925981400E1,-5.982609100E0,4.743635559E-1,7.689060516E0
5.926985400E1,-5.950875092E0,4.902305603E-1,7.717501373E0
5.927989500E1,-5.953868866E0,5.724096680E-1,7.779921570E0
5.928993500E1,-6.114035797E0,4.619393921E-1,7.550897827E0
5.929997600E1,-6.159241791E0,3.833528137E-1,7.508984985E0
5.931001600E1,-6.218219147E0,4.222718811E-1,7.695646820E0
5.932005700E1,-6.289620667E0,3.691323853E-1,7.597001953E0
5.933009700E1,-6.240822144E0,3.790118408E-1,7.453001404E0
5.934013800E1,-6.246360626E0,3.647914124E-1,7.436835022E0
5.935017800E1,-6.333629150E0,3.676354980E-1,7.432494049E0
5.936021800E1,-6.303841095E0,4.117936707E-1,7.349566498E0
5.937025900E1,-6.281088409E0,3.655398560E-1,7.272626495E0
5.938029900E1,-6.281537476E0,2.613565063E-1,7.424710236E0
5.939034000E1,-6.241271210E0,2.865042114E-1,7.509583740E0
5.940038000E1,-6.260730743E0,2.062710571E-1,7.409441986E0
5.941042100E1,-6.400540009E0,2.622546387E-1,7.525301056E0
5.942046100E1,-6.350394287E0,3.857478333E-1,7.579787750E0
5.943050200E1,-6.362070007E0,3.869453430E-1,7.485932922E0
5.944054200E1,-6.308032379E0,3.857478333E-1,7.408843231E0
5.945058200E1,-6.157894592E0,4.216731262E-1,7.350464630E0
5.946062300E1,-6.027216339E0,4.267625427E-1,7.318431244E0
5.947066300E1,-6.042783966E0,3.508703613E-1,7.533234558E0
5.948070400E1,-6.106102295E0,2.903961182E-1,7.736661530E0
5.949074400E1,-6.196514282E0,2.056723022E-1,7.806715851E0
5.950078500E1,-6.187832336E0,1.989363098E-1,7.810907135E0
5.951082500E1,-6.132746887E0,1.983375549E-1,7.787705383E0
5.952086600E1,-6.249803467E0,2.499801636E-1,7.651788025E0
5.953090600E1,-6.341113586E0,3.513194275E-1,7.496111755E0
5.954094600E1,-6.413712616E0,3.870950317E-1,7.290589142E0
5.955098700E1,-6.447542267E0,4.423301697E-1,7.456593933E0
5.956102700E1,-6.396648102E0,7.117698669E-1,7.495063934E0
5.957106800E1,-6.521338806E0,9.804611206E-2,7.192093964E0
5.958110800E1,-6.417903900E0,3.023712158E-1,7.183861084E0
5.959114900E1,-6.259383545E0,4.830455017E-1,7.518565063E0
5.960118900E1,-6.402336273E0,2.570155334E-1,7.552394714E0
5.961122900E1,-6.312223663E0,3.620970154E-1,7.523953857E0
5.962127000E1,-6.303990784E0,2.719844055E-1,7.516319733E0
5.963131000E1,-6.272556152E0,2.314187622E-1,7.498955841E0
5.964135100E1,-6.236930237E0,2.492317200E-1,7.535928955E0
5.965139100E1,-6.191125488E0,2.249821472E-1,7.455695801E0
5.966143200E1,-6.188580780E0,2.502795410E-1,7.387587433E0
5.967147200E1,-6.223308563E0,3.017724609E-1,7.471562805E0
5.968151300E1,-6.141129456E0,3.332070923E-1,7.562274170E0
5.969155300E1,-6.178551636E0,3.282673645E-1,7.541467438E0
5.970159300E1,-6.143823853E0,3.080593872E-1,7.551795959E0
5.971163400E1,-6.123466187E0,3.402424622E-1,7.596852264E0
5.972167400E1,-6.238576813E0,2.779719543E-1,7.584877167E0
5.973171500E1,-6.275400238E0,2.954855347E-1,7.547005920E0
5.974175500E1,-6.226452026E0,3.336561584E-1,7.639513550E0
5.975179600E1,-6.240073700E0,3.230282593E-1,7.637567596E0
5.976183600E1,-6.217470703E0,3.432362366E-1,7.632328491E0
5.977187700E1,-6.106551361E0,3.335064697E-1,7.642806702E0
5.978191700E1,-6.001918945E0,3.643423462E-1,7.533683624E0
5.979195700E1,-5.992937622E0,3.573069763E-1,7.575746155E0
5.980199800E1,-6.023923187E0,3.552113342E-1,7.684120789E0
5.981203800E1,-6.014492798E0,3.159928894E-1,7.710765381E0
5.982207900E1,-6.011798401E0,3.376977539E-1,7.778574371E0
5.983211900E1,-5.995482330E0,3.255729675E-1,7.760312347E0
5.984216000E1,-5.975873108E0,3.495231628E-1,7.726632385E0
5.985220000E1,-5.906118164E0,2.909948730E-1,7.815098419E0
5.986224000E1,-5.760021973E0,2.625540161E-1,8.062384186E0
5.987228100E1,-5.732479248E0,3.146456909E-1,8.213420105E0
5.988232100E1,-5.668113098E0,2.622546387E-1,8.315956879E0
5.989236200E1,-5.568570099E0,2.002835083E-1,8.235274658E0
5.990240200E1,-5.403014374E0,3.673361206E-1,8.154442749E0
5.991244329E1,-5.344037018E0,2.966830444E-1,8.112529907E0
5.992248329E1,-5.285209351E0,1.437011719E-1,8.187374268E0
5.993252429E1,-5.232369232E0,1.972897339E-1,8.275091858E0
5.994256429E1,-5.078040161E0,2.366578674E-1,8.356522522E0
5.995260429E1,-4.849764862E0,2.324665833E-1,8.399632874E0
5.996264529E1,-4.718936920E0,2.802172852E-1,8.416098633E0
5.997268529E1,-4.553231506E0,2.932402039E-1,8.662186890E0
5.998272629E1,-4.453389130E0,2.930905151E-1,8.776549072E0
5.999276629E1,-4.381538544E0,2.682421875E-1,8.820258179E0
6.000280729E1,-4.287983093E0,1.942959595E-1,8.884025574E0
6.001284729E1,-4.056714020E0,2.186952209E-1,8.921747131E0
6.002288729E1,-3.858226776E0,2.392025757E-1,9.061107330E0
6.003292829E1,-3.657643890E0,2.122586060E-1,9.135951691E0
6.004296829E1,-3.610342255E0,1.547781372E-1,9.080267487E0
6.005300929E1,-3.530258789E0,1.074765015E-1,9.054970093E0
6.006304929E1,-3.354224854E0,4.715194702E-2,9.119485931E0
6.007309029E1,-3.208877106E0,5.912704468E-2,9.144633636E0
6.008313029E1,-3.105142822E0,1.432521057E-1,9.122928772E0
6.009317129E1,-2.962639160E0,1.010398865E-1,9.070388031E0
6.010321129E1,-2.821632385E0,4.191284180E-2,9.138346710E0
6.011325129E1,-2.678829346E0,1.251397705E-1,9.209598541E0
6.012329229E1,-2.653382263E0,1.441502380E-1,9.152267761E0
6.013333229E1,-2.713108063E0,1.945953369E-1,9.038953400E0
6.014337329E1,-2.582429810E0,1.576222229E-1,9.100475464E0
6.015341329E1,-2.497556305E0,1.517843628E-1,9.135802002E0
6.016345429E1,-2.225422211E0,4.680766296E-1,9.055568848E0
6.017349429E1,-1.643282776E0,3.903881836E-1,8.889414368E0
6.018353429E1,-2.335293732E0,-7.858657837E-2,9.558972015E0
6.019357529E1,-2.322869568E0,4.038601685E-1,8.819659424E0
6.020361529E1,-1.923200684E0,1.571731567E-1,8.947343903E0
6.021365629E1,-1.750759277E0,2.498304749E-1,9.094188538E0
6.022369629E1,-1.664388885E0,3.670367432E-1,9.228758698E0
6.023373729E1,-1.704505463E0,4.101470947E-1,9.388326874E0
6.024377729E1,-1.762285309E0,4.945715332E-1,9.349407806E0
6.025381829E1,-1.805695038E0,5.992039490E-1,9.505084076E0
6.026385829E1,-1.826801147E0,5.821394348E-1,9.731563110E0
6.027389829E1,-1.829196167E0,5.423222351E-1,9.744885406E0
6.028393929E1,-1.779050446E0,4.986131287E-1,9.840087433E0
6.029397929E1,-1.735341339E0,5.092410278E-1,9.972412262E0
6.030402029E1,-1.644330597E0,5.619314575E-1,9.974657593E0
6.031406029E1,-1.544488220E0,7.063810730E-1,9.836794281E0
6.032410129E1,-1.466201019E0,7.936495972E-1,9.703421631E0
6.033414129E1,-1.540596313E0,8.761280823E-1,9.958940277E0
6.034418129E1,-1.624122620E0,9.924362183E-1,1.010413834E1
6.035422229E1,-1.719773712E0,1.114582214E0,1.003932312E1
6.036426229E1,-1.807042236E0,1.162781982E0,9.874366150E0
6.037430329E1,-1.919009399E0,1.194066925E0,9.851164398E0
6.038434329E1,-1.837578735E0,1.106049957E0,9.884245605E0
6.039438429E1,-1.891167297E0,1.165027313E0,9.861792297E0
6.040442429E1,-2.062860260E0,1.128802643E0,9.733958130E0
6.041446529E1,-2.126477966E0,1.117575989E0,9.502090302E0
6.042450529E1,-2.143093414E0,1.092577972E0,9.355395355E0
6.043454529E1,-2.167941742E0,1.042881317E0,9.280550995E0
6.044458629E1,-2.190095673E0,9.318122864E-1,9.315428467E0
6.045462629E1,-2.227966919E0,8.170010376E-1,9.247320099E0
6.046466729E1,-2.254461823E0,7.994874573E-1,9.252409515E0
6.047470729E1,-2.246827698E0,8.003855896E-1,9.288035431E0
6.048474829E1,-2.173629913E0,8.008346558E-1,9.195827179E0
6.049478829E1,-2.205214233E0,7.667056274E-1,9.372310181E0
6.050482829E1,-2.322420502E0,7.533833313E-1,9.468859406E0
6.051486929E1,-2.480042725E0,7.566764832E-1,9.457183685E0
6.052490929E1,-2.491718445E0,8.143066406E-1,9.382039948E0
6.053495029E1,-2.425106964E0,8.524772644E-1,9.338630219E0
6.054499029E1,-2.417472839E0,8.744815063E-1,9.137897644E0
6.055503129E1,-2.451302490E0,8.825646973E-1,8.854836273E0
6.056507129E1,-2.447260895E0,8.714877319E-1,8.769663391E0
6.057511129E1,-2.519261169E0,9.358538818E-1,8.984167328E0
6.058515229E1,-2.611619110E0,9.568103027E-1,9.060209198E0
6.059519229E1,-2.750679932E0,9.913883972E-1,8.960815887E0
6.060523329E1,-2.938838654E0,9.859996033E-1,8.956774292E0
6.061527329E1,-3.225492554E0,9.532177734E-1,9.026978302E0
6.062531429E1,-3.554957428E0,9.810598755E-1,9.132508850E0
6.063535429E1,-4.039050751E0,1.083446960E0,9.273216248E0
6.064539529E1,-4.483626251E0,8.714877319E-1,9.370364227E0
6.065543529E1,-4.915478210E0,7.770341492E-1,9.396410065E0
6.066547529E1,-5.285808105E0,7.361691284E-1,9.365125122E0
6.067551629E1,-5.245392151E0,6.735992432E-1,9.291777649E0
6.068555629E1,-5.242697754E0,5.698649597E-1,8.995393982E0
6.069559729E1,-5.023703156E0,4.011657715E-1,8.604556732E0
6.070563729E1,-4.697531433E0,4.255650330E-1,8.659342804E0
6.071567829E1,-4.537364502E0,1.787283325E-1,8.776998138E0
6.072571829E1,-4.278103638E0,-1.442999268E-1,8.654403076E0
6.073575929E1,-3.924987946E0,-2.339634705E-1,8.683592377E0
6.074579929E1,-3.675756226E0,-5.849835205E-1,8.740025024E0
6.075583929E1,-3.506308594E0,-7.171586609E-1,8.857380981E0
6.076588029E1,-3.401227112E0,-8.867559814E-1,8.927884369E0
6.077592029E1,-3.368744659E0,-1.032852173E0,8.750203857E0
6.078596129E1,-3.216211853E0,-1.184187469E0,8.349337463E0
6.079600129E1,-3.007246399E0,-1.086141357E0,8.434510345E0
6.080604229E1,-2.867736511E0,-1.164578247E0,8.325836334E0
6.081608229E1,-2.728975067E0,-1.477128296E0,8.183482361E0
6.082612229E1,-3.351829834E0,-1.396296387E0,8.352480927E0
6.083616329E1,-3.759881287E0,-1.518143005E0,8.493038635E0
6.084620329E1,-3.873495026E0,-1.733096008E0,8.543184357E0
6.085624429E1,-4.501888275E0,-1.689686279E0,9.015901337E0
6.086628429E1,-3.680546265E0,-1.970202942E0,9.226663055E0
6.087632529E1,-4.302951965E0,-1.906435547E0,9.214538269E0
6.088636529E1,-4.741390228E0,-2.000739441E0,9.332193604E0
6.089640629E1,-4.668940887E0,-2.011367340E0,9.138197021E0
6.090644629E1,-4.681065674E0,-1.836830292E0,8.973240051E0
6.091648562E1,-4.347858582E0,-1.815724182E0,8.765621796E0
6.092652663E1,-3.567082214E0,-1.868564301E0,8.422684937E0
6.093656662E1,-4.743785248E0,-1.847158813E0,8.209977264E0
6.094660762E1,-5.155728607E0,-2.168839874E0,8.143814850E0
6.095664763E1,-4.835095367E0,-2.242935791E0,8.284222870E0
6.096668863E1,-4.421655121E0,-2.012864227E0,8.693322144E0
6.097672862E1,-5.357359314E0,-1.953587494E0,8.626710663E0
6.098676863E1,-5.272336121E0,-2.045196991E0,8.534053345E0
6.099680963E1,-5.245392151E0,-1.950893097E0,8.797804871E0
6.100684963E1,-4.802313538E0,-1.902992706E0,8.973090363E0
6.101689063E1,-5.914051666E0,-1.827100525E0,8.963360596E0
6.102693062E1,-6.022426300E0,-1.769170990E0,8.368048553E0
6.103697162E1,-5.170098724E0,-1.681752777E0,7.760162659E0
6.104701163E1,-5.983357544E0,-1.629661102E0,7.416177979E0
6.105705263E1,-5.958958282E0,-1.748513947E0,7.497608643E0
6.106709263E1,-5.755231934E0,-1.704954529E0,7.989336090E0
6.107713262E1,-5.809419250E0,-1.526226196E0,8.186775513E0
6.108717362E1,-5.935756531E0,-1.497635651E0,8.055797882E0
6.109721363E1,-5.425767059E0,-1.414708099E0,7.857610016E0
6.110725463E1,-5.435496826E0,-1.278940430E0,7.933801575E0
6.111729463E1,-5.281018066E0,-1.350940704E0,8.022716675E0
6.112733563E1,-5.542973328E0,-1.394051056E0,8.028105469E0
6.113737562E1,-5.686375122E0,-1.472038879E0,7.877668304E0
6.114741563E1,-5.685626678E0,-1.600621490E0,7.725285187E0
6.115745663E1,-5.595813446E0,-1.614542542E0,7.590715027E0
6.116749662E1,-5.399571533E0,-1.513502655E0,7.492818604E0
6.117753763E1,-5.413342896E0,-1.492246857E0,7.673043823E0
6.118757762E1,-6.002966766E0,-1.549877014E0,8.002209320E0
6.119761862E1,-6.190975800E0,-1.675615540E0,8.059240723E0
6.120765863E1,-6.087091827E0,-1.886377258E0,8.020770721E0
6.121769963E1,-6.032006378E0,-2.013013916E0,7.879165192E0
6.122773962E1,-5.820047150E0,-2.032922516E0,7.837551727E0
6.123777963E1,-5.627996521E0,-2.046544189E0,7.988887024E0
6.124782062E1,-5.482050018E0,-1.987716522E0,8.275241547E0
6.125786063E1,-5.291795654E0,-2.053280182E0,8.183332672E0
6.126790163E1,-5.183421021E0,-2.149380341E0,8.115224304E0
6.127794162E1,-5.230123901E0,-2.158361664E0,8.055348816E0
6.128798262E1,-5.318889313E0,-2.098635864E0,7.795638885E0
6.129802263E1,-5.272785187E0,-2.031575317E0,7.940687256E0
6.130806362E1,-5.264851685E0,-1.904639282E0,7.885003052E0
6.131810363E1,-5.272186432E0,-1.962269440E0,7.914042664E0
6.132814362E1,-5.395080872E0,-2.073787537E0,7.998317413E0
6.133818462E1,-5.161117401E0,-1.977687378E0,8.043673096E0
6.134822463E1,-4.884792023E0,-1.683249664E0,7.878716125E0
6.135826563E1,-5.133125610E0,-1.760489044E0,7.940687256E0
6.136830563E1,-4.986730042E0,-1.916913757E0,8.233179016E0
6.137834663E1,-4.751868439E0,-1.925595703E0,8.363258514E0
6.138838662E1,-4.660408630E0,-1.941762085E0,8.446335754E0
6.139842663E1,-4.598587189E0,-2.063758392E0,8.425529022E0
6.140846763E1,-4.423750763E0,-2.112556915E0,8.317603455E0
6.141850762E1,-4.386478271E0,-2.113754425E0,8.309520264E0
6.142854863E1,-4.512067108E0,-2.232457581E0,8.381969604E0
6.143858862E1,-4.439917145E0,-2.258353729E0,8.313561859E0
6.144862962E1,-4.237837372E0,-2.236648865E0,8.126301270E0
6.145866963E1,-4.299509125E0,-2.256407776E0,8.225544891E0
6.146871063E1,-4.393363953E0,-2.246678009E0,8.352331238E0
6.147875062E1,-4.457730103E0,-2.229912872E0,8.379724274E0
6.148879063E1,-4.597090302E0,-2.344275055E0,8.338110809E0
6.149883162E1,-4.577331390E0,-2.279609528E0,8.234077148E0
6.150887163E1,-4.694687347E0,-2.203867035E0,8.307274933E0
6.151891263E1,-4.718936920E0,-2.190544739E0,8.468040619E0
6.152895262E1,-4.648882599E0,-2.193089447E0,8.600515137E0
6.153899362E1,-4.654570770E0,-2.118843842E0,8.705596619E0
6.154903363E1,-4.680766296E0,-1.964514771E0,8.863667908E0
6.155907462E1,-4.708758087E0,-1.762285309E0,8.926537170E0
6.156911463E1,-4.721182251E0,-1.592987366E0,8.958121490E0
6.157915563E1,-4.753515015E0,-1.397643585E0,8.904083862E0
6.158919562E1,-4.696633301E0,-1.181642761E0,8.636290741E0
6.159923563E1,-4.560566254E0,-1.008452911E0,8.384963379E0
6.160927663E1,-4.465064850E0,-7.364685059E-1,8.317154388E0
6.161931663E1,-4.508923645E0,-6.319857788E-1,8.277486877E0
6.162935763E1,-4.525988159E0,-4.788542175E-1,8.625064087E0
6.163939762E1,-4.494254150E0,-4.450245667E-1,8.878038025E0
6.164943862E1,-4.264332275E0,-4.129911804E-1,8.800948334E0
6.165947863E1,-4.074227600E0,-4.052073669E-1,8.744815063E0
6.166951963E1,-3.985162811E0,-4.287084961E-1,8.678203583E0
6.167955963E1,-3.896996155E0,-5.454656982E-1,8.587641907E0
6.168959962E1,-3.917204132E0,-5.724096680E-1,8.611143036E0
6.169964062E1,-4.082161102E0,-5.125341797E-1,8.770860901E0
6.170968063E1,-4.200564880E0,-4.014651489E-1,8.772058411E0
6.171972163E1,-4.236939240E0,-9.041198730E-2,8.883875885E0
6.172976162E1,-4.259392548E0,6.212081909E-2,9.106612701E0
6.173980263E1,-4.331692200E0,2.146536255E-1,9.431736603E0
6.174984262E1,-4.488116913E0,3.993695068E-1,9.826465759E0
6.175988362E1,-4.577181702E0,5.369334412E-1,1.006327332E1
6.176992363E1,-4.503983917E0,6.432124329E-1,1.007285339E1
6.177996362E1,-4.411027222E0,6.830296326E-1,1.000025436E1
6.179000462E1,-4.507426758E0,6.114784241E-1,9.840386810E0
6.180004463E1,-4.535268860E0,5.897735596E-1,9.665849762E0
6.181008562E1,-4.339476013E0,6.625222778E-1,9.478140106E0
6.182012563E1,-4.045936432E0,6.815327454E-1,9.219477997E0
6.183016663E1,-3.907923431E0,5.535488892E-1,9.068741455E0
6.184020662E1,-3.894900513E0,5.354365540E-1,8.940907288E0
6.185024762E1,-3.807631989E0,5.161267090E-1,8.736282806E0
6.186028763E1,-3.590134277E0,5.173242188E-1,8.441096649E0
6.187032862E1,-3.363206177E0,5.251080322E-1,8.253237305E0
6.188036863E1,-3.253334656E0,5.677693176E-1,8.115074615E0
6.189040862E1,-3.224744110E0,6.355783081E-1,8.055199127E0
6.190044962E1,-3.164120178E0,6.447093201E-1,8.067772980E0
6.191049012E1,-3.177143097E0,6.809339905E-1,8.192463684E0
6.192053112E1,-3.266656952E0,6.882687378E-1,8.197104034E0
6.193057113E1,-3.215613098E0,7.514373779E-1,8.276289368E0
6.194061213E1,-3.275638275E0,6.953041077E-1,8.456813965E0
6.195065213E1,-3.459156647E0,6.643185425E-1,8.453820190E0
6.196069313E1,-3.542682953E0,6.095324707E-1,8.584199066E0
6.197073312E1,-3.593277740E0,6.192622375E-1,8.789571991E0
6.198077313E1,-3.788771210E0,5.360353088E-1,8.903335419E0
6.199081413E1,-3.998036041E0,4.426295471E-1,8.803642731E0
6.200085412E1,-4.074377289E0,4.531077576E-1,8.716823273E0
6.201089513E1,-4.138593750E0,4.107458496E-1,8.599018250E0
6.202093512E1,-4.301155701E0,3.381468201E-1,8.571325836E0
6.203097612E1,-4.363426208E0,3.520678711E-1,8.555309143E0
6.204101613E1,-4.186943207E0,5.364843750E-1,8.537496185E0
6.205105713E1,-4.128414917E0,4.116439819E-1,8.576415253E0
6.206109712E1,-4.226311340E0,3.279679871E-1,8.541837158E0
6.207113813E1,-4.287084961E0,3.176394653E-1,8.693322144E0
6.208117813E1,-4.260140991E0,4.089495850E-1,8.826994171E0
6.209121912E1,-4.267176361E0,3.453318787E-1,8.473728790E0
6.210125913E1,-4.200265503E0,2.962339783E-1,8.135881348E0
6.211129912E1,-4.318519592E0,2.859054565E-1,8.120613098E0
6.212134012E1,-4.445156250E0,2.291734314E-1,8.119116211E0
6.213138013E1,-4.516108704E0,1.270857239E-1,8.014334106E0
6.214142113E1,-4.504432983E0,1.758842468E-1,7.861352234E0
6.215146113E1,-4.262985077E0,2.710862732E-1,7.250622253E0
6.216150213E1,-3.773802338E0,3.610491943E-1,6.044729919E0
6.217154212E1,-3.641477509E0,4.191284180E-1,5.203479309E0
6.218158312E1,-3.865561523E0,2.412982178E-1,6.775510254E0
6.219162313E1,-5.310955811E0,2.450404358E-1,7.906857605E0
6.220166413E1,-6.340814209E0,1.242416382E-1,8.339907074E0
6.221170413E1,-6.962022400E0,1.604663086E-1,8.430169373E0
6.222174513E1,-7.088958435E0,3.585044861E-1,8.178392944E0
6.223178512E1,-7.000791779E0,5.095404053E-1,7.918084259E0
6.224182513E1,-6.928043060E0,4.742138672E-1,7.658224640E0
6.225186613E1,-7.000492401E0,2.460882568E-1,7.201973419E0
6.226190613E1,-6.806795197E0,8.053253174E-2,6.810687103E0
6.227194713E1,-6.453829193E0,-6.002517700E-2,6.835685120E0
6.228198712E1,-6.664590912E0,-1.035845947E-1,6.650071106E0
6.229202812E1,-6.952741699E0,-7.783813477E-2,6.139333191E0
6.230206813E1,-7.595654755E0,-2.905458069E-1,5.850883026E0
6.231210913E1,-8.634943542E0,-1.874102783E-1,5.273234253E0
6.232214913E1,-9.863289185E0,-1.216969299E-1,5.020110626E0
6.233219013E1,-1.089584198E1,-2.658471680E-1,4.638853455E0
6.234223012E1,-1.137589371E1,-3.001258850E-1,4.052522736E0
6.235227112E1,-1.095975906E1,-8.247848511E-2,3.377276917E0
6.236231113E1,-1.018062927E1,2.308200073E-1,3.091371460E0
6.237235112E1,-9.734407196E0,2.683918762E-1,3.275638275E0
6.238239213E1,-9.714947662E0,2.706372070E-1,3.363505554E0
6.239243212E1,-9.755962372E0,2.881507874E-1,2.960992584E0
6.240247312E1,-9.968670044E0,1.612147522E-1,2.907404022E0
6.241251313E1,-1.035097504E1,-5.598358154E-2,3.669319611E0
6.242255413E1,-1.110585526E1,-2.001338196E-1,3.066373444E0
6.243259412E1,-1.236982681E1,-1.622625732E-1,2.036365356E0
6.244263513E1,-1.298759216E1,-1.935475159E-1,1.087039490E0
6.245267512E1,-1.341285782E1,-3.463796997E-1,-1.492396545E-1
6.246271612E1,-1.344968124E1,-5.538482666E-1,-1.108295288E0
6.247275613E1,-1.312650330E1,-7.403604126E-1,-1.669029236E0
6.248279713E1,-1.245529907E1,-7.539820862E-1,-1.673220520E0
6.249283712E1,-1.142978165E1,-1.983375549E-1,-1.658551025E0
6.250287813E1,-1.019604721E1,3.077600098E-1,-1.306333466E0
6.251291813E1,-8.955576782E0,7.746391296E-1,-8.351133728E-1
6.252295912E1,-8.140521698E0,1.201701050E0,-4.981640625E-1
6.253299913E1,-7.984096985E0,5.724096680E-1,-7.357200623E-1
6.254304013E1,-7.774832153E0,5.173242188E-1,8.093669128E-1
6.255308012E1,-6.821015625E0,9.936337280E-1,1.672771454E0
6.256312013E1,-6.396947479E0,1.048270111E0,1.571731567E0
6.257316113E1,-7.860903168E0,8.726852417E-1,1.878743134E0
6.258320113E1,-8.725505219E0,6.548881531E-1,1.858086090E0
6.259324213E1,-8.523575134E0,4.578977966E-1,1.582359467E0
6.260328212E1,-8.592581635E0,1.228944397E-1,1.300046539E0
6.261332312E1,-9.428293762E0,3.442840576E-2,5.300477600E-1
6.262336313E1,-1.030442184E1,4.179309082E-1,2.707868958E-1
6.263340413E1,-1.065783691E1,2.107617188E-1,8.732839966E-1
6.264344413E1,-1.006042923E1,1.610650635E-1,8.842112732E-1
6.265348513E1,-9.961484985E0,6.144721985E-1,9.714797974E-2
6.266352512E1,-1.015967285E1,7.515870667E-1,-1.739382935E-1
6.267356612E1,-9.269923096E0,8.020321655E-1,1.289867706E0
6.268360613E1,-1.030082932E1,1.143771515E0,5.251080322E-1
6.269364713E1,-1.085303101E1,3.956272888E-1,-5.008584595E-1
6.270368713E1,-9.455836487E0,-5.448669434E-2,7.869136047E-1
6.271372813E1,-9.519903259E0,1.743873596E-1,4.303550720E-1
6.272376812E1,-9.578880615E0,-1.663041687E-1,-4.034111023E-1
6.273380912E1,-9.795629883E0,-7.270381165E-1,2.225871277E-1
6.274384913E1,-9.549841003E0,-1.160985718E0,9.196875000E-1
6.275389013E1,-9.186845856E0,-1.376387787E0,1.111738129E0
6.276393013E1,-9.018895111E0,-1.431024170E0,1.228345642E0
6.277397012E1,-8.979526978E0,-1.392554169E0,1.350940704E0
6.278401112E1,-9.139095154E0,-1.258882141E0,1.462009735E0
6.279405113E1,-9.026529236E0,-1.115330658E0,1.635049896E0
6.280409213E1,-9.238039398E0,-1.130000153E0,1.465302887E0
6.281413213E1,-9.496252441E0,-1.107696533E0,1.020128632E0
6.282417313E1,-9.647288361E0,-1.035696259E0,8.960366821E-1
6.283421312E1,-9.715097351E0,-8.617579651E-1,8.131091309E-1
6.284425412E1,-9.524992676E0,-4.736151123E-1,8.138575745E-1
6.285429413E1,-9.326505432E0,-2.140548706E-1,9.304650879E-1
6.286433513E1,-9.500892792E0,-8.637039185E-2,6.557862854E-1
6.287437513E1,-9.535470886E0,8.187973022E-2,3.743714905E-1
6.288441613E1,-9.620943146E0,1.803749084E-1,4.818479919E-1
6.289445612E1,-9.742789764E0,9.819580078E-2,5.683680725E-1
6.290449712E1,-9.874515839E0,-6.092330933E-2,7.906558228E-1
6.291453713E1,-9.920320587E0,-2.968327332E-1,1.254541168E0
6.292457813E1,-9.884245605E0,-5.189707947E-1,1.575773163E0
6.293461813E1,-9.725126495E0,-6.322851562E-1,1.551373901E0
6.294465913E1,-9.655072174E0,-7.691006470E-1,1.063837738E0
6.295469912E1,-9.663903809E0,-8.313711548E-1,5.216651917E-1
6.296474012E1,-1.014530273E1,-9.357041931E-1,2.445913696E-1
6.297478013E1,-1.047491730E1,-1.034049683E0,3.489244080E-1
6.298482113E1,-1.063658112E1,-9.996212769E-1,5.373825073E-1
6.299486113E1,-1.033855087E1,-8.750802612E-1,6.021977234E-1
6.300490213E1,-1.001447479E1,-6.415658569E-1,5.372328186E-1
6.301494212E1,-9.574689331E0,-3.149450684E-1,1.772314453E-1
6.302498312E1,-9.103169861E0,-3.209326172E-1,8.442443848E-2
6.303502313E1,-8.997489624E0,-7.948471069E-1,8.448431396E-1
6.304506413E1,-8.889564056E0,-1.363514557E0,1.633702698E0
6.305510413E1,-9.226064301E0,-1.055904236E0,2.070793762E0
6.306514413E1,-9.088350677E0,-1.865121460E-1,1.667682037E0
6.307518512E1,-8.865164795E0,5.535488892E-1,1.686991882E0
6.308522513E1,-8.531059570E0,1.623523865E0,1.279988251E0
6.309526613E1,-8.671617279E0,2.553839264E0,7.653584290E-1
6.310530612E1,-9.573042755E0,1.888023834E0,1.216071167E0
6.311534712E1,-9.503437500E0,1.529968414E0,1.199455719E0
6.312538713E1,-9.796977081E0,1.632654877E0,9.264234924E-1
6.313542812E1,-9.961484985E0,1.851948853E0,4.813989258E-1
6.314546813E1,-1.010398865E1,1.707199860E0,3.968247986E-1
6.315550913E1,-1.006102798E1,1.091380463E0,1.010548553E0
6.316554912E1,-9.967921600E0,6.773414612E-1,1.509311371E0
6.317559012E1,-9.838590546E0,3.906875610E-1,1.956730957E0
6.318563013E1,-9.788145447E0,2.767744446E-1,2.025438080E0
6.319567112E1,-9.783355408E0,3.788621521E-1,1.917362823E0
6.320571113E1,-9.768835602E0,4.611909485E-1,1.598525848E0
6.321575213E1,-9.660311279E0,7.026388550E-1,1.362167358E0
6.322579212E1,-9.660011902E0,1.090931396E0,1.244362335E0
6.323583312E1,-9.760153656E0,1.540446625E0,9.717791748E-1
6.324587313E1,-9.806856537E0,1.709744568E0,9.840536499E-1
6.325591412E1,-1.019200562E1,2.027533722E0,7.517367554E-1
6.326595413E1,-1.051413574E1,1.946252747E0,5.539979553E-1
6.327599513E1,-1.055380325E1,1.830094299E0,2.216889954E-1
6.328603512E1,-1.044647644E1,1.470541992E0,-5.777984619E-2
6.329607612E1,-1.048015640E1,1.254092102E0,-2.549198914E-1
6.330611613E1,-1.089239914E1,1.022074585E0,-4.240681458E-1
6.331615712E1,-1.140223892E1,9.964778137E-1,-6.759942627E-1
6.332619713E1,-1.166599045E1,1.355431366E0,-1.012644196E0
6.333623813E1,-1.173963730E1,1.703457642E0,-1.428329773E0
6.334627812E1,-1.188902664E1,1.977986755E0,-1.977687378E0
6.335631912E1,-1.173619446E1,2.235151978E0,-2.404150543E0
6.336635913E1,-1.175595337E1,1.950593719E0,-2.383792877E0
6.337640012E1,-1.164159119E1,1.338067474E0,-2.093546448E0
6.338644013E1,-1.128967300E1,1.101858673E0,-2.322570190E0
6.339648113E1,-1.091395432E1,6.259982300E-1,-2.361938324E0
6.340652112E1,-1.031774414E1,-7.604187012E-2,-2.222428436E0
6.341656212E1,-9.751471710E0,-4.263134766E-1,-2.244432678E0
6.342660213E1,-9.266779633E0,-5.965095520E-1,-1.655557251E0
6.343664312E1,-8.771010590E0,-1.562750244E-1,-1.129401398E0
6.344668313E1,-8.805588684E0,-3.288661194E-1,-5.291496277E-1
6.345672413E1,-8.846603394E0,-8.851094055E-1,-2.754272461E-1
6.346676412E1,-8.361911316E0,-1.049018555E0,1.398092651E-1
6.347680512E1,-8.166567535E0,-1.326242065E0,7.065307617E-2
6.348684513E1,-8.252638550E0,-1.461410980E0,-3.802093506E-2
6.349688612E1,-8.518485718E0,-1.286574554E0,2.350112915E-2
6.350692613E1,-8.873247986E0,-9.472302246E-1,3.966751099E-2
6.351696713E1,-9.108408966E0,-3.435356140E-1,8.517288208E-2
6.352700712E1,-9.018745422E0,1.529818726E-1,4.565505981E-2
6.353704713E1,-9.282347260E0,4.014651489E-1,-1.796264648E-1
6.354708813E1,-9.584419098E0,5.275030518E-1,-3.523672485E-1
6.355712813E1,-9.830058289E0,6.578819275E-1,-4.343966675E-1
6.356716913E1,-9.897717590E0,9.437873840E-1,-4.746629333E-1
6.357720912E1,-9.805808716E0,1.298250275E0,-6.887178040E-1
6.358725012E1,-9.979597321E0,1.502425690E0,-9.238787842E-1
6.359729013E1,-1.005728577E1,1.542841644E0,-9.638456726E-1
6.360733113E1,-9.987680511E0,1.681453400E0,-1.088536377E0
6.361737113E1,-9.826615448E0,1.782044220E0,-9.696835327E-1
6.362741213E1,-9.681118011E0,1.731449432E0,-3.345542908E-1
6.363745212E1,-9.658365326E0,1.650916901E0,-4.760101318E-2
6.364749312E1,-9.577234039E0,1.651515656E0,7.334747314E-2
6.365753313E1,-9.401798859E0,1.709145813E0,1.218466187E-1
6.366757413E1,-9.377399597E0,1.565294952E0,7.978408813E-2
6.367761413E1,-9.367819519E0,1.580862579E0,1.466949463E-2
6.368765513E1,-9.455537109E0,1.579515381E0,1.811233521E-1
6.369769512E1,-9.496701508E0,1.501677246E0,4.644841003E-1
6.370773612E1,-9.313781891E0,1.549727325E0,5.292993164E-1
6.371777613E1,-9.039252777E0,1.531764679E0,5.926176453E-1
6.372781713E1,-8.821156311E0,1.384770355E0,8.674461365E-1
6.373785713E1,-8.727002106E0,1.523382111E0,1.036145325E0
6.374789813E1,-8.605754242E0,1.872755585E0,1.142274628E0
6.375793812E1,-8.588090973E0,1.956730957E0,1.258732452E0
6.376797912E1,-8.656049652E0,2.013912048E0,1.226399689E0
6.377801913E1,-8.739875336E0,1.829645233E0,1.170116730E0
6.378806013E1,-8.886869659E0,1.611997833E0,1.092128906E0
6.379810013E1,-9.097332001E0,1.509461060E0,9.075627136E-1
6.380814113E1,-9.480385437E0,1.422342224E0,6.962022400E-1
6.381818112E1,-9.950408020E0,1.349443817E0,6.018983459E-1
6.382822212E1,-1.028256729E1,1.165626068E0,5.737568665E-1
6.383826213E1,-1.052566177E1,9.862989807E-1,5.432203674E-1
6.384830313E1,-1.048225204E1,9.232800293E-1,4.438270569E-1
6.385834313E1,-1.018047958E1,9.142987061E-1,4.367916870E-1
6.386838413E1,-9.979148254E0,8.957373047E-1,5.757028198E-1
6.387842412E1,-9.883497162E0,9.187893677E-1,7.273374939E-1
6.388846512E1,-9.964029694E0,8.875044250E-1,9.662406921E-1
6.389850513E1,-1.013123199E1,8.660989380E-1,1.178199921E0
6.390854617E1,-1.019694534E1,9.008267212E-1,1.241368561E0
6.391858617E1,-1.025966492E1,8.825646973E-1,1.247206421E0
6.392862717E1,-1.027657974E1,8.755293274E-1,1.112935638E0
6.393866717E1,-1.019664597E1,9.740245056E-1,1.006207581E0
6.394870817E1,-9.998607788E0,1.222358093E0,9.645941162E-1
6.395874817E1,-9.790390778E0,1.472338257E0,9.413923645E-1
6.396878917E1,-9.720635834E0,1.627116394E0,1.014889526E0
6.397882917E1,-9.635612640E0,1.691033478E0,1.138532410E0
6.398887017E1,-9.445358276E0,1.758842468E0,1.230141907E0
6.399891017E1,-9.276958466E0,1.857337646E0,1.237626343E0
6.400895117E1,-9.182355194E0,1.859882355E0,1.192120972E0
6.401899117E1,-9.162147217E0,1.696571960E0,1.203347626E0
6.402903217E1,-9.217232666E0,1.476379852E0,1.077908478E0
6.403907217E1,-9.286987610E0,1.298549652E0,9.413923645E-1
6.404911317E1,-9.444310455E0,1.180145874E0,9.616003418E-1
6.405915317E1,-9.632169800E0,1.024319916E0,1.023721161E0
6.406919417E1,-9.708511047E0,8.285270691E-1,1.004411316E0
6.407923417E1,-9.662855988E0,6.727011108E-1,1.111438751E0
6.408927517E1,-9.591753845E0,4.676275635E-1,1.302142181E0
6.409931517E1,-9.549391937E0,4.222718811E-1,1.269060974E0
6.410935617E1,-9.450447693E0,3.731739807E-1,1.394500122E0
6.411939617E1,-9.501940613E0,3.165916443E-1,1.511107635E0
6.412943717E1,-9.729168091E0,3.043171692E-1,1.578617249E0
6.413947717E1,-9.952054596E0,2.342628479E-1,1.554217987E0
6.414951817E1,-1.002165985E1,2.095642090E-1,1.438957672E0
6.415955817E1,-1.002809647E1,1.990859985E-1,1.307830353E0
6.416959917E1,-9.960886230E0,2.742297363E-1,1.378333740E0
6.417963917E1,-9.826166382E0,4.209246826E-1,1.470541992E0
6.418968017E1,-9.512568512E0,4.593946838E-1,1.480271759E0
6.419972017E1,-9.425000610E0,4.549040222E-1,1.542991333E0
6.420976117E1,-9.425299988E0,6.502478027E-1,1.507215729E0
6.421980117E1,-9.806257782E0,8.542735291E-1,1.689835968E0
6.422984217E1,-9.739646301E0,8.801696777E-1,1.918859711E0
6.423988217E1,-9.616751862E0,8.538244629E-1,2.135908356E0
6.424992317E1,-9.534572754E0,7.664062500E-1,2.133663025E0
6.425996317E1,-9.424401855E0,7.530839539E-1,2.165397034E0
6.427000417E1,-9.345815277E0,8.680448914E-1,2.330803070E0
6.428004417E1,-9.231602783E0,8.891510010E-1,2.504741364E0
6.429008517E1,-9.313632202E0,9.231303406E-1,2.752027130E0
6.430012517E1,-9.485325165E0,9.940827942E-1,2.641257477E0
6.431016617E1,-9.476493530E0,9.048683167E-1,2.715802460E0
6.432020617E1,-9.465566254E0,8.954379272E-1,3.281775513E0
6.433024717E1,-9.351353760E0,8.310717773E-1,3.375031586E0
6.434028717E1,-9.088350677E0,5.977070618E-1,3.239862671E0
6.435032817E1,-8.847052460E0,3.567082214E-1,3.146756287E0
6.436036817E1,-8.695567474E0,4.282594299E-1,3.251089325E0
6.437040917E1,-8.867260437E0,3.858975220E-1,3.003803558E0
6.438044917E1,-8.998537445E0,3.787124634E-1,3.257376251E0
6.439049017E1,-9.339528351E0,7.150630188E-1,3.767216034E0
6.440053017E1,-9.727820892E0,8.755293274E-1,3.877985687E0
6.441057117E1,-9.611961823E0,8.587641907E-1,3.880829773E0
6.442061117E1,-9.241781616E0,8.677455139E-1,3.889062653E0
6.443065217E1,-9.044491882E0,6.074368286E-1,3.750899963E0
6.444069217E1,-8.605754242E0,6.242019653E-1,4.255201263E0
6.445073317E1,-8.493338013E0,8.111631775E-1,5.305417328E0
6.446077317E1,-8.803493042E0,8.325686646E-1,5.979615326E0
6.447081417E1,-9.171876984E0,8.414002991E-1,6.558012543E0
6.448085417E1,-9.218729553E0,6.307882690E-1,5.802832947E0
6.449089517E1,-8.982221375E0,3.278182983E-1,4.871619415E0
6.450093517E1,-8.622968445E0,1.407073975E-1,4.483476562E0
6.451097617E1,-8.308472443E0,2.239343262E-1,4.457580414E0
6.452101617E1,-8.278385010E0,5.240602112E-1,4.840633850E0
6.453105717E1,-8.660240936E0,5.674699402E-1,5.151537323E0
6.454109717E1,-8.305478668E0,4.808001709E-1,4.812342682E0
6.455113817E1,-7.613018646E0,5.867797852E-1,5.272485809E0
6.456117817E1,-7.269483032E0,8.024812317E-1,6.469097443E0
6.457121917E1,-7.178921356E0,1.458117828E0,6.681356049E0
6.458125917E1,-7.409441986E0,4.571942596E0,7.280260620E0
6.459130017E1,-8.854387207E0,8.695866852E0,8.046816559E0
6.460134017E1,-4.497846680E0,5.456453247E0,8.610244904E0
6.461138117E1,-2.426603851E0,2.420466614E-1,6.566095734E0
6.462142117E1,-8.918753357E0,-3.586541748E-1,2.915936279E0
6.463146217E1,-8.256380768E0,-2.506687317E0,4.675676880E0
6.464150217E1,-8.415050812E0,-3.444487152E0,7.073839874E0
6.465154317E1,-7.987839203E0,-3.005150757E0,6.396648102E0
6.466158317E1,-7.541766815E0,-2.314487000E0,5.906267853E0
6.467162417E1,-8.144413605E0,-1.021775208E0,5.824986877E0
6.468166417E1,-8.304430847E0,7.939489746E-1,9.981992340E0
6.469170517E1,-8.325686646E0,1.842518463E0,1.226055405E1
6.470174517E1,-3.384911041E0,1.872605896E-1,4.283941498E0
6.471178617E1,1.922003174E-1,2.232158203E0,1.003243744E1
6.472182617E1,-3.037932587E0,2.002984772E0,7.354805603E0
6.473186717E1,-2.870281219E0,1.487756195E0,6.426735535E0
6.474190717E1,-4.567901001E0,1.393901367E0,7.113806763E0
6.475194717E1,-5.419480133E0,2.466421051E0,7.947872314E0
6.476198817E1,-5.681136017E0,2.525548096E0,7.845036163E0
6.477202817E1,-5.560935974E0,1.895508270E0,7.660469971E0
6.478206917E1,-5.459297333E0,1.806892548E0,7.547754364E0
6.479210917E1,-5.242997131E0,1.487007751E0,7.315287781E0
6.480215017E1,-4.625680847E0,1.229094086E0,6.898853760E0
6.481219017E1,-4.313280487E0,9.563612366E-1,6.794520721E0
6.482223117E1,-4.812043304E0,5.721102905E-1,7.052434387E0
6.483227117E1,-5.610782318E0,5.751040649E-1,7.332352295E0
6.484231217E1,-5.911057892E0,2.903961182E-1,7.693401489E0
6.485235217E1,-5.867199097E0,3.164419556E-1,7.950566711E0
6.486239317E1,-5.724994812E0,5.394781494E-1,8.176147614E0
6.487243317E1,-5.310357056E0,3.897894287E-1,8.588989105E0
6.488247417E1,-5.570216675E0,4.897814941E-1,8.661887512E0
6.489251417E1,-5.080884247E0,4.918771362E-1,8.918453979E0
6.490255517E1,-4.669090576E0,4.421804810E-1,8.917256470E0
6.491259517E1,-4.487967224E0,6.111790466E-1,8.198451233E0
6.492263617E1,-4.890180817E0,5.659730530E-1,8.130193176E0
6.493267617E1,-5.223238220E0,6.634204102E-1,8.568781128E0
6.494271717E1,-5.369633789E0,5.703140259E-1,8.961414642E0
6.495275717E1,-5.491031342E0,4.947212219E-1,9.366622009E0
6.496279817E1,-5.556595001E0,5.020559692E-1,9.368418274E0
6.497283817E1,-5.283113708E0,6.474037170E-1,9.241781616E0
6.498287917E1,-5.216951294E0,9.195378113E-1,9.062604218E0
6.499291917E1,-5.308261414E0,1.170116730E0,8.779243469E0
6.500296017E1,-5.216951294E0,1.093326416E0,8.397237854E0
6.501300017E1,-4.763544159E0,9.695338440E-1,8.380023651E0
6.502304117E1,-4.482428741E0,9.888436890E-1,8.840915222E0
6.503308117E1,-4.263883209E0,1.121916962E0,9.005722504E0
6.504312217E1,-4.201013947E0,1.024020538E0,9.081464996E0
6.505316217E1,-4.713398438E0,9.529183960E-1,8.770262146E0
6.506320317E1,-4.460873566E0,7.074288940E-1,8.393645325E0
6.507324317E1,-4.068090363E0,7.285350037E-1,8.247848511E0
6.508328417E1,-3.346590729E0,8.940907288E-1,8.535400543E0
6.509332417E1,-3.495680695E0,9.660910034E-1,8.784781952E0
6.510336517E1,-3.766766968E0,1.134640503E0,8.790170746E0
6.511340517E1,-4.110302582E0,1.423240356E0,8.793463898E0
6.512344617E1,-4.546046448E0,1.256038055E0,8.642727356E0
6.513348617E1,-4.555925903E0,1.026265869E0,8.669371948E0
6.514352617E1,-4.216581573E0,1.094074860E0,9.197623444E0
6.515356717E1,-4.001179504E0,1.334474945E0,9.597292328E0
6.516360717E1,-3.769611053E0,1.382075958E0,9.572294312E0
6.517364817E1,-3.853885803E0,1.085392914E0,9.433832245E0
6.518368817E1,-3.633244629E0,9.611512756E-1,9.125024414E0
6.519372917E1,-3.483555908E0,9.285191345E-1,8.874146118E0
6.520376917E1,-3.146307220E0,1.107846222E0,8.735983429E0
6.521381017E1,-2.947071533E0,1.122515717E0,8.666677551E0
6.522385017E1,-3.027304688E0,9.436376953E-1,8.986712036E0
6.523389117E1,-3.282074890E0,1.098715210E0,9.261241150E0
6.524393117E1,-3.270399170E0,1.102307739E0,9.418264618E0
6.525397217E1,-3.146756287E0,1.140777740E0,9.291777649E0
6.526401217E1,-2.867437134E0,1.360670471E0,8.976533203E0
6.527405317E1,-2.762954407E0,1.245260468E0,8.763825531E0
6.528409317E1,-2.698737946E0,1.206640778E0,8.742569733E0
6.529413417E1,-2.580633545E0,1.131347351E0,8.981023865E0
6.530417417E1,-2.646197205E0,1.019230499E0,9.244925079E0
6.531421517E1,-2.612517242E0,1.054107971E0,9.234297180E0
6.532425517E1,-2.440375214E0,1.163380737E0,9.054970093E0
6.533429617E1,-2.608325958E0,1.184037781E0,9.062304840E0
6.534433617E1,-2.520159302E0,1.304836578E0,9.367071075E0
6.535437717E1,-2.427501984E0,1.504970398E0,9.656868439E0
6.536441717E1,-2.386936340E0,1.448088684E0,9.633067932E0
6.537445817E1,-2.253713379E0,1.313817902E0,9.548344116E0
6.538449817E1,-2.321522369E0,1.151255951E0,9.356892242E0
6.539453917E1,-2.370470581E0,8.869056702E-1,9.296417999E0
6.540457917E1,-2.308050385E0,9.412426758E-1,9.363927612E0
6.541462017E1,-2.293081512E0,1.093925171E0,9.368717651E0
6.542466017E1,-2.217488708E0,1.259929962E0,9.482780457E0
6.543470017E1,-2.141147461E0,1.163231049E0,9.721833344E0
6.544474117E1,-2.140698395E0,1.149309998E0,9.765991516E0
6.545478117E1,-2.168839874E0,1.227896576E0,9.674831085E0
6.546482217E1,-2.054777069E0,1.376238098E0,9.534423065E0
6.547486217E1,-2.018851776E0,1.434766388E0,9.408983917E0
6.548490317E1,-2.199376373E0,1.334924011E0,9.308542786E0
6.549494317E1,-2.160307617E0,1.317859497E0,9.248068542E0
6.550498417E1,-2.056723022E0,1.470392303E0,9.275162201E0
6.551502417E1,-2.044897614E0,1.600022736E0,9.303902435E0
6.552506517E1,-2.024240570E0,1.693278809E0,9.217382355E0
6.553510517E1,-2.059118042E0,1.781295776E0,8.933722229E0
6.554514617E1,-2.121089172E0,1.758393402E0,8.698411560E0
6.555518617E1,-2.296224976E0,1.935325470E0,9.322763214E0
6.556522717E1,-1.963916016E0,1.822160797E0,9.466165009E0
6.557526717E1,-1.734293518E0,1.691332855E0,9.200617218E0
6.558530817E1,-1.946552124E0,1.624721375E0,9.386380920E0
6.559534817E1,-1.916764069E0,1.562450867E0,9.451944580E0
6.560538917E1,-1.904639282E0,1.537452850E0,9.472002869E0
6.561542917E1,-1.928739166E0,1.380279694E0,9.429491272E0
6.562547017E1,-1.938319244E0,1.387614441E0,9.619446259E0
6.563551017E1,-2.064806213E0,1.444795532E0,9.891730042E0
6.564555117E1,-2.047442322E0,1.527124329E0,1.000654129E1
6.565559117E1,-1.935026093E0,1.658101959E0,9.874366150E0
6.566563117E1,-2.015558624E0,1.579964447E0,9.714797974E0
6.567567217E1,-2.022294617E0,1.472188568E0,9.638606415E0
6.568571217E1,-1.904788971E0,1.468146973E0,9.466763763E0
6.569575317E1,-1.822460175E0,1.543889465E0,9.187294922E0
6.570579317E1,-1.991159363E0,1.545386353E0,9.015751648E0
6.571583417E1,-1.643582153E0,1.555265808E0,9.013506317E0
6.572587417E1,-1.791474609E0,1.405577087E0,9.219627686E0
6.573591517E1,-1.681902466E0,1.418450317E0,9.303004303E0
6.574595517E1,-1.984573059E0,1.379231873E0,9.339228973E0
6.575599617E1,-1.878593445E0,1.418600006E0,9.383387146E0
6.576603617E1,-1.636247406E0,1.547032928E0,9.364526367E0
6.577607717E1,-1.726659393E0,1.573527832E0,9.329050140E0
6.578611717E1,-1.759740601E0,1.532363434E0,9.285041656E0
6.579615817E1,-1.781744843E0,1.623074799E0,9.253307648E0
6.580619817E1,-1.748513947E0,1.708397369E0,9.254205780E0
6.581623917E1,-1.726060638E0,1.711690521E0,9.287286987E0
6.582627917E1,-1.684297485E0,1.722468109E0,9.253457336E0
6.583632017E1,-1.711091766E0,1.669627991E0,9.363029480E0
6.584636017E1,-1.725761261E0,1.610800323E0,9.441166992E0
6.585640117E1,-1.832040253E0,1.540147247E0,9.469607849E0
6.586644117E1,-1.952240295E0,1.468895416E0,9.544452209E0
6.587648117E1,-1.975142670E0,1.428778839E0,9.609417114E0
6.588652217E1,-2.022893372E0,1.443448334E0,9.644444275E0
6.589656217E1,-2.032323761E0,1.474433899E0,9.665849762E0
6.590660317E1,-2.008074188E0,1.508263550E0,9.567055206E0
6.591664329E1,-1.912123718E0,1.601819000E0,9.458081818E0
6.592668429E1,-1.821711731E0,1.608405304E0,9.369765472E0
6.593672429E1,-1.963167572E0,1.515149231E0,9.449549561E0
6.594676529E1,-1.900148621E0,1.459914093E0,9.615554352E0
6.595680529E1,-1.866169281E0,1.483714600E0,9.411079559E0
6.596684629E1,-1.854942627E0,1.473236389E0,9.267827454E0
6.597688629E1,-1.775308228E0,1.465452576E0,9.282347260E0
6.598692729E1,-1.794019318E0,1.367855530E0,9.347761230E0
6.599696729E1,-1.761836243E0,1.397194519E0,9.444609833E0
6.600700829E1,-1.868414612E0,1.338666229E0,9.641001434E0
6.601704829E1,-1.935624847E0,1.476828918E0,9.532028046E0
6.602708929E1,-1.883832550E0,1.539548492E0,9.470955048E0
6.603712929E1,-1.876348114E0,1.421593781E0,9.430539093E0
6.604717029E1,-1.854942627E0,1.421444092E0,9.389823761E0
6.605721029E1,-1.866019592E0,1.425785065E0,9.388027496E0
6.606725029E1,-1.871707764E0,1.446142731E0,9.426497498E0
6.607729129E1,-1.819167023E0,1.532213745E0,9.449998627E0
6.608733129E1,-1.800605621E0,1.502725067E0,9.391769714E0
6.609737229E1,-1.836830292E0,1.353635101E0,9.350904694E0
6.610741229E1,-1.908381500E0,1.344953156E0,9.311835938E0
6.611745329E1,-1.947599945E0,1.390757904E0,9.318571930E0
6.612749329E1,-1.951791229E0,1.468296661E0,9.160350952E0
6.613753429E1,-1.853146362E0,1.591041412E0,9.105115814E0
6.614757429E1,-1.821112976E0,1.634600830E0,9.118288422E0
6.615761529E1,-1.812730408E0,1.556163940E0,9.078171844E0
6.616765529E1,-1.823807373E0,1.538500671E0,9.073830872E0
6.617769629E1,-1.822011108E0,1.565594330E0,8.939410400E0
6.618773629E1,-1.761686554E0,1.946103058E0,8.868308258E0
6.619777729E1,-1.549278259E0,1.789229279E0,8.581654358E0
6.620781729E1,-1.748214569E0,1.538650360E0,8.474477234E0
6.621785829E1,-1.887425079E0,1.278491364E0,8.400381317E0
6.622789829E1,-1.925895081E0,1.303040314E0,8.047115936E0
6.623793829E1,-1.875300293E0,1.177900543E0,7.698640594E0
6.624797929E1,-1.824555817E0,1.010847931E0,7.474257202E0
6.625801929E1,-1.897454224E0,1.027613068E0,7.657326508E0
6.626806029E1,-2.585423584E0,1.054107971E0,7.970026245E0
6.627810029E1,-3.386856995E0,6.209088135E-1,8.446635132E0
6.628814129E1,-3.698209534E0,3.601510620E-1,8.966204681E0
6.629818129E1,-4.228406982E0,1.895059204E-1,9.011410675E0
6.630822229E1,-4.516408081E0,1.237925720E-1,8.758586426E0
6.631826229E1,-4.954846344E0,-6.765930176E-2,8.768166504E0
6.632830329E1,-4.996310120E0,-3.757186890E-2,9.103020172E0
6.633834329E1,-4.863087158E0,-1.061293030E-1,9.420809326E0
6.634838429E1,-5.288352814E0,-3.528163147E-1,9.844578094E0
6.635842429E1,-6.322851562E0,-7.625143433E-1,1.017284546E1
6.636846529E1,-6.564149780E0,-7.574249268E-1,1.019140686E1
6.637850529E1,-6.606811066E0,-6.976991272E-1,1.025427612E1
6.638854529E1,-6.309379578E0,-5.445675659E-1,1.022388931E1
6.639858629E1,-6.020031281E0,-2.344125366E-1,1.003348526E1
6.640862629E1,-5.993985443E0,-2.799179077E-2,9.714648285E0
6.641866729E1,-5.873186646E0,2.038760376E-1,9.323960724E0
6.642870729E1,-5.568869476E0,3.567082214E-1,9.060209198E0
6.643874829E1,-5.088967438E0,4.430786133E-1,8.716374207E0
6.644878829E1,-4.971761169E0,3.905378723E-1,8.523874512E0
6.645882929E1,-5.045707397E0,2.300715637E-1,8.220754852E0
6.646886929E1,-5.291645966E0,2.469863892E-1,8.112380219E0
6.647891029E1,-5.091362457E0,-2.963836670E-2,8.136629791E0
6.648895029E1,-4.841232605E0,-3.652404785E-2,8.012687531E0
6.649899129E1,-4.641996918E0,5.927673340E-2,7.978857880E0
6.650903129E1,-4.519850922E0,7.125183105E-2,8.018974457E0
6.651907229E1,-4.369413757E0,8.726852417E-2,8.088879089E0
6.652911229E1,-4.247716827E0,1.240919495E-1,8.095465393E0
6.653915229E1,-4.413122864E0,-6.870712280E-2,8.208031311E0
6.654919329E1,-4.535568237E0,-1.472937012E-1,8.326135712E0
6.655923329E1,-4.707261200E0,-1.986369324E-1,8.378077698E0
6.656927429E1,-4.937931519E0,-2.583627319E-1,8.269553375E0
6.657931429E1,-4.981341248E0,-2.489323425E-1,8.155789948E0
6.658935529E1,-4.966522064E0,-1.619631958E-1,8.252638550E0
6.659939529E1,-4.656067657E0,2.335144043E-2,8.423283691E0
6.660943629E1,-4.554878082E0,1.883084106E-1,8.487500153E0
6.661947629E1,-5.026996307E0,5.972579956E-2,8.403375092E0
6.662951729E1,-5.141208801E0,9.415420532E-2,8.094118195E0
6.663955729E1,-4.972958679E0,9.879455566E-2,8.244106293E0
6.664959829E1,-5.037923584E0,-4.370910645E-2,8.607700195E0
6.665963829E1,-5.265151062E0,-1.453477478E-1,8.737480316E0
6.666967929E1,-5.271288300E0,-2.959346008E-1,8.869954834E0
6.667971929E1,-4.947212219E0,-1.104702759E-1,7.814050598E0
6.668975929E1,-4.925207977E0,2.424957275E-2,7.674540710E0
6.669980029E1,-4.854255524E0,8.622070312E-2,8.028704224E0
6.670984029E1,-5.120102692E0,1.137634277E-1,8.037984924E0
6.671988129E1,-5.440137177E0,-1.107696533E-2,8.327482910E0
6.672992129E1,-5.473817139E0,3.472778320E-2,8.331524506E0
6.673996229E1,-5.551954651E0,3.113525391E-2,8.157286835E0
6.675000229E1,-5.528752899E0,8.966354370E-2,8.053702240E0
6.676004329E1,-5.684129791E0,1.172062683E-1,8.152347107E0
6.677008329E1,-5.750441895E0,6.571334839E-2,8.238268433E0
6.678012429E1,-5.967640228E0,8.053253174E-2,8.309969330E0
6.679016429E1,-6.148913269E0,9.744735718E-2,8.521928558E0
6.680020529E1,-6.068081360E0,1.095721436E-1,8.358019409E0
6.681024529E1,-5.974226532E0,2.386038208E-1,8.081993408E0
6.682028629E1,-6.012097778E0,2.447410583E-1,8.190517731E0
6.683032629E1,-5.866750031E0,1.688488770E-1,8.187523956E0
6.684036629E1,-5.708229675E0,1.583706665E-1,8.005352783E0
6.685040729E1,-5.588927765E0,2.085163879E-1,7.788453827E0
6.686044729E1,-5.410349121E0,1.969903564E-1,7.300318909E0
6.687048829E1,-5.612578583E0,1.847158813E-1,7.209457855E0
6.688052829E1,-5.891598358E0,2.074685669E-1,7.416028290E0
6.689056929E1,-6.114933929E0,4.947212219E-1,7.601492615E0
6.690060929E1,-6.187233582E0,6.465055847E-1,8.417445831E0
6.691065000E1,-5.922434235E0,4.511618042E-1,8.589138794E0
6.692069000E1,-5.515131226E0,3.643423462E-1,8.334967346E0
6.693073100E1,-5.500910797E0,2.401007080E-1,7.771239624E0
6.694077100E1,-5.751938782E0,1.451980591E-1,7.453151093E0
6.695081200E1,-5.712870026E0,1.648072815E-1,7.573949890E0
6.696085200E1,-5.600004730E0,2.538720703E-1,7.899971924E0
6.697089300E1,-5.527405701E0,2.713856506E-1,8.203390961E0
6.698093300E1,-5.427263947E0,2.796185303E-1,8.273894348E0
6.699097300E1,-5.457650757E0,2.902464294E-1,8.104596405E0
6.700101400E1,-5.399571533E0,3.716770935E-1,7.841593323E0
6.701105400E1,-5.647905121E0,1.692979431E-1,8.070167999E0
6.702109500E1,-5.687273254E0,1.682501221E-1,8.296197968E0
6.703113500E1,-5.555547180E0,2.972817993E-1,8.243357849E0
6.704117600E1,-5.640121307E0,3.737727356E-1,8.195607147E0
6.705121600E1,-5.536087646E0,3.966751099E-1,8.159532166E0
6.706125700E1,-5.411995697E0,4.281097412E-1,8.038433990E0
6.707129700E1,-5.432652740E0,4.361929321E-1,7.949668579E0
6.708133800E1,-5.476212158E0,4.924758911E-1,7.869136047E0
6.709137800E1,-5.460045776E0,5.926176453E-1,7.733667755E0
6.710141900E1,-5.657036133E0,6.114784241E-1,7.707322540E0
6.711145900E1,-5.670059052E0,6.454577637E-1,7.851921844E0
6.712150000E1,-5.508395233E0,6.435118103E-1,7.889643402E0
6.713154000E1,-5.496420135E0,5.827381897E-1,7.784711609E0
6.714158000E1,-5.469775543E0,5.104385376E-1,7.872878265E0
6.715162100E1,-5.481451263E0,4.370910645E-1,7.976462860E0
6.716166100E1,-5.526806946E0,4.079017639E-1,7.833510132E0
6.717170200E1,-5.554199982E0,3.974235535E-1,7.770940247E0
6.718174200E1,-5.595214691E0,3.662882996E-1,7.946375427E0
6.719178300E1,-5.583838348E0,4.791535950E-1,8.093070374E0
6.720182300E1,-5.540129242E0,5.887257385E-1,8.252339172E0
6.721186400E1,-5.549260254E0,6.843768311E-1,8.399183807E0
6.722190400E1,-5.494773560E0,7.909552002E-1,8.399782562E0
6.723194500E1,-5.391188965E0,7.472460938E-1,8.250393219E0
6.724198500E1,-5.429808655E0,6.738986206E-1,7.916138306E0
6.725202500E1,-5.558990021E0,7.180567932E-1,7.734715576E0
6.726206600E1,-5.645959167E0,7.358697510E-1,7.773484955E0
6.727210600E1,-5.772446136E0,7.487429810E-1,8.030650177E0
6.728214700E1,-5.723348236E0,7.644602966E-1,8.293204193E0
6.729218700E1,-5.747448120E0,7.252418518E-1,8.297545166E0
6.730222800E1,-5.734574890E0,6.292913818E-1,8.160579987E0
6.731226800E1,-5.726491699E0,5.225633240E-1,8.112380219E0
6.732230900E1,-5.730982361E0,4.156855774E-1,8.053702240E0
6.733234900E1,-5.754932556E0,3.722758484E-1,7.991581421E0
6.734239000E1,-5.273084564E0,4.773573303E-1,8.059091034E0
6.735243000E1,-5.132676544E0,6.403683472E-1,8.109087067E0
6.736247100E1,-5.280868378E0,6.632707214E-1,7.950716400E0
6.737251100E1,-5.324577484E0,6.430627441E-1,8.017926636E0
6.738255100E1,-5.323379974E0,7.228468323E-1,7.990383911E0
6.739259200E1,-5.293891296E0,7.583230591E-1,7.926616516E0
6.740263200E1,-5.218897247E0,7.744894409E-1,7.907905426E0
6.741267300E1,-5.159321136E0,8.578660583E-1,7.895331573E0
6.742271300E1,-5.052443390E0,9.337582397E-1,7.968379669E0
6.743275400E1,-5.164111176E0,8.957373047E-1,7.969277802E0
6.744279400E1,-5.231920166E0,8.967851257E-1,7.824079742E0
6.745283500E1,-5.289700012E0,9.689350891E-1,7.761060791E0
6.746287500E1,-5.294190674E0,1.011596375E0,7.817643127E0
6.747291600E1,-5.341342621E0,1.090332642E0,7.862100677E0
6.748295600E1,-5.385949860E0,1.091679840E0,8.006101227E0
6.749299700E1,-5.375172272E0,9.928852844E-1,8.024063873E0
6.750303700E1,-5.357359314E0,9.075627136E-1,7.948620758E0
6.751307700E1,-5.368735657E0,7.547305298E-1,8.034841461E0
6.752311800E1,-5.358706512E0,6.393205261E-1,8.087082825E0
6.753315800E1,-5.395679626E0,5.981561279E-1,8.241561584E0
6.754319900E1,-5.435496826E0,5.477110291E-1,8.255183258E0
6.755323900E1,-5.442532196E0,5.322930908E-1,8.163274384E0
6.756328000E1,-5.500012665E0,6.339317322E-1,8.166268158E0
6.757332000E1,-5.469625854E0,7.240443420E-1,8.256231079E0
6.758336100E1,-5.366640015E0,7.369175720E-1,8.345744934E0
6.759340100E1,-5.311853943E0,7.321275330E-1,8.375982056E0
6.760344200E1,-5.296286316E0,7.038363647E-1,8.422535248E0
6.761348200E1,-5.245541840E0,7.072792053E-1,8.359366608E0
6.762352300E1,-5.261708221E0,7.003935242E-1,8.239915009E0
6.763356300E1,-5.256169739E0,7.228468323E-1,8.193661194E0
6.764360300E1,-5.199288025E0,7.475454712E-1,8.050409088E0
6.765364400E1,-5.148693237E0,7.803273010E-1,7.912545776E0
6.766368400E1,-5.042414246E0,8.478369141E-1,7.843090210E0
6.767372500E1,-5.068160706E0,8.372090149E-1,7.846682739E0
6.768376500E1,-5.173840942E0,7.396119690E-1,8.226592712E0
6.769380600E1,-5.268144836E0,7.967930603E-1,8.090974731E0
6.770384600E1,-5.209017792E0,8.885522461E-1,8.162376251E0
6.771388700E1,-5.220693512E0,9.446855164E-1,8.159083099E0
6.772392700E1,-5.245092773E0,1.068777466E0,8.170459442E0
6.773396800E1,-5.204527130E0,1.155147858E0,8.276738434E0
6.774400800E1,-5.212310944E0,9.735754395E-1,8.548872528E0
6.775404900E1,-5.174140320E0,9.151968384E-1,8.405919800E0
6.776408900E1,-5.118306427E0,8.964857483E-1,8.102351074E0
6.777412900E1,-5.092110901E0,8.464897156E-1,8.211025085E0
6.778417000E1,-5.231770477E0,6.385720825E-1,8.564889221E0
6.779421000E1,-5.178780670E0,6.927593994E-1,8.539442139E0
6.780425100E1,-5.094954987E0,7.114704895E-1,8.483458557E0
6.781429100E1,-5.221441956E0,8.174501038E-1,8.341853027E0
6.782433200E1,-5.455555115E0,9.153465271E-1,8.532406769E0
6.783437200E1,-5.255720673E0,8.619076538E-1,8.934320984E0
6.784441300E1,-4.917274475E0,8.789721680E-1,8.827143860E0
6.785445300E1,-4.758155365E0,8.167016602E-1,8.500074005E0
6.786449400E1,-4.706363068E0,7.075785828E-1,8.349936218E0
6.787453400E1,-4.706812134E0,6.547384644E-1,8.391399994E0
6.788457400E1,-4.617747345E0,6.586303711E-1,8.489446106E0
6.789461500E1,-4.558470612E0,6.885681152E-1,8.470735016E0
6.790465500E1,-4.572241974E0,7.200027466E-1,8.362360382E0
6.791469600E1,-4.589156799E0,8.716374207E-1,8.372239838E0
6.792473542E1,-4.614304504E0,1.016087036E0,8.344846802E0
6.793477642E1,-4.544549561E0,1.201401672E0,8.310568085E0
6.794481642E1,-4.456682281E0,1.307680664E0,8.351882172E0
6.795485742E1,-4.467160492E0,1.200054474E0,8.408913574E0
6.796489742E1,-4.482279053E0,1.110690308E0,8.368497620E0
6.797493842E1,-4.523742828E0,1.098415833E0,8.389454041E0
6.798497842E1,-4.505929871E0,1.073567505E0,8.491242371E0
6.799501842E1,-4.456981659E0,1.085542603E0,8.601113892E0
6.800505942E1,-4.427343292E0,1.149759064E0,8.665180664E0
6.801509942E1,-4.444707184E0,1.197659454E0,8.713081055E0
6.802514042E1,-4.441264343E0,1.169368286E0,8.695268097E0
6.803518042E1,-4.421655121E0,1.132844238E0,8.606352997E0
6.804522142E1,-4.505929871E0,1.038091278E0,8.569230194E0
6.805526142E1,-4.500840454E0,9.725276184E-1,8.527916107E0
6.806530242E1,-4.487218781E0,8.919950867E-1,8.524024200E0
6.807534242E1,-4.505630493E0,8.318202209E-1,8.588090973E0
6.808538342E1,-4.493655396E0,8.878038025E-1,8.575816498E0
6.809542342E1,-4.415517883E0,1.024319916E0,8.547076263E0
6.810546442E1,-4.367168427E0,1.070274353E0,8.604257355E0
6.811550442E1,-4.357588348E0,1.072669373E0,8.647966461E0
6.812554442E1,-4.391118622E0,1.067280579E0,8.629105682E0
6.813558542E1,-4.507875824E0,1.017434235E0,8.671018524E0
6.814562542E1,-4.468807068E0,1.043929138E0,8.724158020E0
6.815566642E1,-4.474195862E0,1.035995636E0,8.623417511E0
6.816570642E1,-4.475243683E0,1.000070343E0,8.585695953E0
6.817574742E1,-4.483326874E0,1.011596375E0,8.558751984E0
6.818578742E1,-4.563260651E0,1.054257660E0,8.599766693E0
6.819582842E1,-4.509223022E0,1.128652954E0,8.736133118E0
6.820586842E1,-4.454586639E0,1.142274628E0,8.690478058E0
6.821590942E1,-4.510719910E0,1.140927429E0,8.733289032E0
6.822594942E1,-4.425397339E0,1.187031555E0,8.606352997E0
6.823599042E1,-4.469705200E0,1.208736420E0,8.315208435E0
6.824603042E1,-4.405189362E0,1.226848755E0,8.392597504E0
6.825607042E1,-4.297712860E0,1.506167908E0,8.100405121E0
6.826611142E1,-4.357139282E0,1.273252258E0,8.130492554E0
6.827615142E1,-4.501588898E0,1.196162567E0,8.201445007E0
6.828619242E1,-4.382885742E0,1.192719727E0,8.488547974E0
6.829623242E1,-4.396657104E0,1.029708710E0,8.620573425E0
6.830627342E1,-4.553530884E0,1.001267853E0,8.471782837E0
6.831631342E1,-4.558470612E0,8.411009216E-1,8.550668793E0
6.832635442E1,-4.582420807E0,9.150471497E-1,8.687783661E0
6.833639442E1,-4.562362518E0,1.002016296E0,8.904682617E0
6.834643442E1,-4.537364502E0,1.146765289E0,9.058712311E0
6.835647542E1,-4.595593414E0,1.170416107E0,9.161847839E0
6.836651542E1,-4.654870148E0,1.165476379E0,9.189689941E0
6.837655642E1,-4.589905243E0,1.221010895E0,9.196425934E0
6.838659642E1,-4.473746796E0,1.268162842E0,9.215436401E0
6.839663742E1,-4.356839905E0,1.207389221E0,9.065747681E0
6.840667742E1,-4.355193329E0,1.133143616E0,8.889863434E0
6.841671842E1,-4.292623444E0,1.133742371E0,8.787476349E0
6.842675842E1,-4.169429626E0,9.457333374E-1,8.872948608E0
6.843679942E1,-4.159999237E0,8.351133728E-1,8.775800629E0
6.844683942E1,-4.126468964E0,8.596623230E-1,8.547225952E0
6.845688042E1,-4.213138733E0,8.716374207E-1,8.232430573E0
6.846692042E1,-4.251009979E0,8.640032959E-1,7.686216431E0
6.847696042E1,-4.115990753E0,1.012195129E0,7.709867249E0
6.848700142E1,-4.211791534E0,1.177900543E0,8.275989990E0
6.849704142E1,-4.327351227E0,1.244362335E0,8.751101990E0
6.850708242E1,-4.347259827E0,1.399290161E0,8.845555573E0
6.851712242E1,-4.311933289E0,1.469943237E0,8.668174438E0
6.852716342E1,-4.347559204E0,1.433419189E0,8.604556732E0
6.853720342E1,-4.272714844E0,1.459015961E0,8.600664825E0
6.854724442E1,-4.224814453E0,1.460961914E0,8.573870544E0
6.855728442E1,-4.191134491E0,1.484013977E0,8.483757935E0
6.856732542E1,-4.155209198E0,1.457519073E0,8.540190582E0
6.857736542E1,-4.160747681E0,1.416354675E0,8.672216034E0
6.858740542E1,-4.252057800E0,1.312321014E0,8.742420044E0
6.859744642E1,-4.095782776E0,1.276545410E0,8.785231018E0
6.860748642E1,-4.030668182E0,1.285526733E0,8.690328369E0
6.861752742E1,-4.075275421E0,1.232985992E0,8.644673309E0
6.862756742E1,-4.115691376E0,1.243164825E0,8.697962494E0
6.863760842E1,-4.149521027E0,1.275946655E0,8.684640198E0
6.864764842E1,-4.187991028E0,1.254990234E0,8.663983154E0
6.865768942E1,-4.182901611E0,1.274749146E0,8.675060120E0
6.866772942E1,-4.172273712E0,1.325493622E0,8.668473816E0
6.867777042E1,-4.215384064E0,1.348395996E0,8.731642456E0
6.868781042E1,-4.294419708E0,1.356778564E0,8.822054443E0
6.869785042E1,-4.304448853E0,1.394200745E0,8.804540863E0
6.870789142E1,-4.308340759E0,1.422940979E0,8.703351288E0
6.871793142E1,-4.275409241E0,1.399589539E0,8.667875061E0
6.872797242E1,-4.239483948E0,1.359173584E0,8.711434479E0
6.873801242E1,-4.211791534E0,1.340312805E0,8.735833740E0
6.874805342E1,-4.128863983E0,1.310973816E0,8.699908447E0
6.875809342E1,-4.129462738E0,1.288071442E0,8.622968445E0
6.876813442E1,-4.086202698E0,1.298849030E0,8.532257080E0
6.877817442E1,-4.140539703E0,1.363215179E0,8.569679260E0
6.878821542E1,-4.096830597E0,1.389111328E0,8.675658875E0
6.879825542E1,-4.039649506E0,1.413959656E0,8.749006348E0
6.880829542E1,-4.002826080E0,1.390458527E0,8.700507202E0
6.881833642E1,-4.075275421E0,1.308878174E0,8.711584167E0
6.882837642E1,-4.170028381E0,1.245559845E0,8.788823547E0
6.883841742E1,-4.185596008E0,1.282383270E0,8.866661682E0
6.884845742E1,-4.174668732E0,1.268761597E0,8.863967285E0
6.885849842E1,-4.125421143E0,1.336121521E0,8.739426270E0
6.886853842E1,-4.126319275E0,1.417402496E0,8.718469849E0
6.887857942E1,-4.047732697E0,1.546883240E0,8.637338562E0
6.888861942E1,-4.005520477E0,1.535357208E0,8.518336029E0
6.889866042E1,-3.974235535E0,1.614093475E0,8.584348755E0
6.890870042E1,-4.014202423E0,1.474284210E0,8.597820740E0
6.891874062E1,-3.997886353E0,1.378034363E0,8.460705872E0
6.892878162E1,-3.849694519E0,1.412612457E0,8.270900574E0
6.893882163E1,-3.803141327E0,1.395547943E0,8.259075165E0
6.894886262E1,-3.830684052E0,1.305435333E0,8.270750885E0
6.895890263E1,-3.825744324E0,1.299298096E0,8.278235321E0
6.896894363E1,-3.776197357E0,1.292711792E0,8.240513763E0
6.897898362E1,-3.623664551E0,1.278940430E0,8.037086792E0
6.898902462E1,-3.699107666E0,1.237027588E0,7.890541534E0
6.899906463E1,-3.778592377E0,1.210083618E0,7.979606323E0
6.900910562E1,-3.864962769E0,9.840536499E-1,8.034841461E0
6.901914563E1,-4.089346161E0,8.493338013E-1,8.055947571E0
6.902918562E1,-4.113296356E0,8.014334106E-1,7.924670563E0
6.903922662E1,-4.345912628E0,6.099815369E-1,7.993976440E0
6.904926663E1,-4.450694733E0,4.062551880E-1,8.210276642E0
6.905930763E1,-4.616400146E0,2.631527710E-1,8.276738434E0
6.906934763E1,-4.859943695E0,2.881507874E-1,8.297545166E0
6.907938863E1,-5.198539581E0,2.841091919E-1,8.387807465E0
6.908942862E1,-5.629493408E0,5.140310669E-1,8.644523621E0
6.909946962E1,-5.964945831E0,5.126838684E-1,8.865613861E0
6.910950963E1,-5.432053986E0,5.089416504E-1,8.613238678E0
6.911955063E1,-5.350922699E0,7.490423584E-1,8.456215210E0
6.912959063E1,-5.422773285E0,6.161187744E-1,8.378826141E0
6.913963062E1,-5.717510376E0,6.092330933E-1,8.273445282E0
6.914967162E1,-6.057004395E0,3.679348755E-1,7.979007568E0
6.915971163E1,-6.047723694E0,1.728904724E-1,7.782166901E0
6.916975263E1,-5.632936249E0,2.291734314E-1,7.713459778E0
6.917979263E1,-5.451064453E0,-1.032852173E-2,7.836503906E0
6.918983363E1,-5.261558533E0,-1.213975525E-1,7.873776398E0
6.919987362E1,-5.436245270E0,-7.798782349E-2,7.942633209E0
6.920991462E1,-5.621559906E0,-2.404000854E-1,8.356971588E0
6.921995463E1,-5.581593018E0,-1.597178650E-1,8.748557281E0
6.922999563E1,-5.790708160E0,-2.016307068E-1,8.708291016E0
6.924003563E1,-5.669310608E0,-2.067201233E-1,8.625513153E0
6.925007563E1,-5.683381348E0,-2.519261169E-1,8.157436523E0
6.926011662E1,-5.528004456E0,-5.037025452E-1,7.590864716E0
6.927015663E1,-5.829178162E0,-9.994715881E-1,7.385042725E0
6.928019763E1,-5.920039215E0,-1.171763306E0,7.794890442E0
6.929023762E1,-6.413263550E0,-1.350192261E0,8.129594421E0
6.930027862E1,-6.329138489E0,-1.133592682E0,7.996970215E0
6.931031863E1,-6.074667664E0,-4.721182251E-1,8.208929443E0
6.932035962E1,-6.785539398E0,-8.515791321E-1,8.496032410E0
6.933039963E1,-7.044800262E0,-1.323098602E0,8.650062103E0
6.934044063E1,-6.975644073E0,-1.426383820E0,8.600215759E0
6.935048062E1,-6.954687653E0,-1.438658295E0,8.650960236E0
6.936052063E1,-6.567293243E0,-1.463656311E0,8.724457397E0
6.937056163E1,-6.019133148E0,-1.143322449E0,8.969048767E0
6.938060163E1,-5.540428619E0,-1.234033813E0,9.153315582E0
6.939064263E1,-5.762716370E0,-1.575922852E0,8.965156860E0
6.940068262E1,-5.693560181E0,-1.432071991E0,8.443192291E0
6.941072362E1,-5.530549164E0,-1.112785950E0,7.978857880E0
6.942076363E1,-5.114564209E0,-8.439450073E-1,7.586823120E0
6.943080463E1,-4.713398438E0,-5.300477600E-1,7.522157593E0
6.944084463E1,-4.747228088E0,-6.783892822E-1,7.732170868E0
6.945088563E1,-4.764442291E0,-8.396040344E-1,7.811805267E0
6.946092562E1,-4.695286102E0,-7.816744995E-1,7.964038696E0
6.947096563E1,-4.550387421E0,-6.222560120E-1,8.262518005E0
6.948100663E1,-4.339925079E0,-5.956114197E-1,8.724307709E0
6.949104663E1,-4.305197296E0,-6.622229004E-1,8.880732422E0
6.950108763E1,-4.328399048E0,-6.183641052E-1,8.887318726E0
6.951112762E1,-4.492158508E0,-7.400610352E-1,8.940607910E0
6.952116862E1,-4.496349792E0,-7.494914246E-1,8.705596619E0
6.953120863E1,-4.403093719E0,-5.936654663E-1,8.381969604E0
6.954124963E1,-4.414170685E0,-5.632786560E-1,8.335117035E0
6.955128963E1,-4.320016479E0,-5.391787720E-1,8.507408752E0
6.956133063E1,-4.305346985E0,-5.846841431E-1,8.535400543E0
6.957137062E1,-4.283941498E0,-5.710624695E-1,8.369695129E0
6.958141063E1,-4.301155701E0,-5.490582275E-1,8.211324463E0
6.959145163E1,-4.344864807E0,-5.358856201E-1,8.075706482E0
6.960149162E1,-4.421954498E0,-5.176235962E-1,8.023315430E0
6.961153263E1,-4.425696716E0,-5.426216125E-1,8.187374268E0
6.962157263E1,-4.458927612E0,-5.044509888E-1,8.514593811E0
6.963161362E1,-4.510869598E0,-4.005670166E-1,8.623567200E0
6.964165363E1,-4.546645203E0,-3.062631226E-1,8.586294708E0
6.965169463E1,-4.629423065E0,-3.359014893E-1,8.659342804E0
6.966173462E1,-4.709356842E0,-4.736151123E-1,8.765921173E0
6.967177563E1,-4.664001160E0,-5.504054260E-1,8.890761566E0
6.968181563E1,-4.697980499E0,-5.897735596E-1,8.922345886E0
6.969185563E1,-4.736450500E0,-5.692662048E-1,8.861272888E0
6.970189663E1,-4.714745636E0,-3.465293884E-1,8.604257355E0
6.971193662E1,-4.777764587E0,-2.207908630E-1,8.428971863E0
6.972197762E1,-4.775668945E0,-2.375559998E-1,8.543932800E0
6.973201763E1,-4.728966064E0,-2.790197754E-1,8.704249420E0
6.974205863E1,-4.641996918E0,-2.498304749E-1,8.817713470E0
6.975209863E1,-4.653972015E0,-3.100053406E-1,8.855285339E0
6.976213963E1,-4.775369568E0,-3.595523071E-1,8.736731873E0
6.977217962E1,-4.815336456E0,-2.962339783E-1,8.504115601E0
6.978222062E1,-4.818779297E0,-2.287243652E-1,8.514144745E0
6.979226063E1,-4.767885132E0,-1.827699280E-1,8.575966187E0
6.980230163E1,-4.720583496E0,-1.586700439E-1,8.647068329E0
6.981234163E1,-4.696034546E0,-2.965333557E-1,8.712332611E0
6.982238162E1,-4.688699799E0,-3.363505554E-1,8.678053894E0
6.983242262E1,-4.697531433E0,-4.020639038E-1,8.688981171E0
6.984246263E1,-4.688101044E0,-2.745291138E-1,8.500074005E0
6.985250363E1,-4.591252441E0,-2.630030823E-1,8.441994781E0
6.986254363E1,-4.579277344E0,-1.908531189E-1,8.438551941E0
6.987258463E1,-4.455634460E0,-1.372645569E-1,8.438402252E0
6.988262462E1,-4.550088043E0,-2.050735474E-1,8.511300659E0
6.989266562E1,-4.599036255E0,-2.769241333E-1,8.516539764E0
6.990270563E1,-4.580325165E0,-2.236349487E-1,8.516689453E0
6.991274663E1,-4.542453918E0,-2.209405518E-1,8.552465057E0
6.992278650E1,-4.546345825E0,-2.625540161E-1,8.537047119E0
6.993282750E1,-4.590054932E0,-2.868035889E-1,8.461753693E0
6.994286750E1,-4.615202637E0,-2.769241333E-1,8.403375092E0
6.995290750E1,-4.467759247E0,-1.636097717E-1,8.310867462E0
6.996294850E1,-4.361180878E0,-1.023870850E-1,8.416248322E0
6.997298850E1,-4.313280487E0,-8.502319336E-2,8.501121826E0
6.998302950E1,-4.484075317E0,-1.941462708E-1,8.483308868E0
6.999306950E1,-4.613556061E0,-2.251318359E-1,8.432115326E0
7.000311050E1,-4.655019836E0,-1.878593445E-1,8.453071747E0
7.001315050E1,-4.667893066E0,-9.325607300E-2,8.513396301E0
7.002319150E1,-4.646936646E0,-7.933502197E-3,8.625363464E0
7.003323150E1,-4.611460419E0,1.496887207E-2,8.810229034E0
7.004327250E1,-4.712350616E0,-7.439529419E-2,8.812324677E0
7.005331250E1,-4.780908051E0,-1.306782532E-1,8.694968719E0
7.006335350E1,-4.732558594E0,-1.811233521E-1,8.604856110E0
7.007339350E1,-4.731061707E0,-2.634521484E-1,8.537945251E0
7.008343350E1,-4.698130188E0,-2.933898926E-1,8.616382141E0
7.009347450E1,-4.756209412E0,-3.119512939E-1,8.687633972E0
7.010351450E1,-4.747527466E0,-2.706372070E-1,8.686586151E0
7.011355550E1,-4.723577271E0,-1.724414062E-1,8.634195099E0
7.012359550E1,-4.688999176E0,-5.523513794E-2,8.538843384E0
7.013363650E1,-4.618944855E0,5.014572144E-2,8.441994781E0
7.014367650E1,-4.546495514E0,5.254074097E-2,8.487350464E0
7.015371750E1,-4.531676331E0,-2.724334717E-2,8.499624939E0
7.016375750E1,-4.451592865E0,-4.370910645E-2,8.430768127E0
7.017379850E1,-4.451143799E0,-2.993774414E-2,8.416248322E0
7.018383850E1,-4.547393646E0,-9.220825195E-2,8.478668518E0
7.019387950E1,-4.600682831E0,-1.023870850E-1,8.536747742E0
7.020391950E1,-4.618495789E0,-6.646179199E-2,8.641080780E0
7.021396050E1,-4.675078125E0,-6.960525513E-2,8.741222534E0
7.022400050E1,-4.617447968E0,-1.020877075E-1,8.685089264E0
7.023404050E1,-4.483177185E0,-6.017486572E-2,8.534951477E0
7.024408150E1,-4.624633026E0,-1.215472412E-1,8.450976105E0
7.025412150E1,-4.639302521E0,-1.782792664E-1,8.471184082E0
7.026416250E1,-4.625680847E0,-1.675016785E-1,8.593030701E0
7.027420250E1,-4.653373260E0,-1.727407837E-1,8.628057861E0
7.028424350E1,-4.647086334E0,-1.202000427E-1,8.585246887E0
7.029428350E1,-4.694238281E0,-4.116439819E-2,8.645721130E0
7.030432450E1,-4.660258942E0,-4.176315308E-2,8.698261871E0
7.031436450E1,-4.627327423E0,6.137237549E-3,8.685688019E0
7.032440550E1,-4.764741669E0,-4.550537109E-2,8.638835449E0
7.033444550E1,-4.770729218E0,-7.723937988E-2,8.617729340E0
7.034448650E1,-4.709207153E0,-8.307723999E-2,8.699160004E0
7.035452650E1,-4.717290344E0,-2.167492676E-1,8.824150085E0
7.036456750E1,-4.748575287E0,-3.070115662E-1,8.625962219E0
7.037460750E1,-4.619393921E0,-1.302291870E-2,7.937693481E0
7.038464750E1,-4.595294037E0,8.277786255E-2,7.847431183E0
7.039468850E1,-4.654870148E0,1.959425354E-1,8.599467316E0
7.040472850E1,-4.568499756E0,1.414558411E-1,9.016350403E0
7.041476950E1,-4.433181152E0,2.234852600E-1,8.890162811E0
7.042480950E1,-4.449197845E0,2.469863892E-1,8.646469574E0
7.043485050E1,-4.527934113E0,2.493814087E-1,8.480913849E0
7.044489050E1,-4.615352325E0,2.261796570E-1,8.583450623E0
7.045493150E1,-4.675377502E0,2.052232361E-1,8.791368256E0
7.046497150E1,-4.711901550E0,5.269042969E-2,8.904981995E0
7.047501250E1,-4.730912018E0,-2.619552612E-2,8.826844482E0
7.048505250E1,-4.695136414E0,-8.726852417E-2,8.697214050E0
7.049509350E1,-4.693789215E0,-1.652563477E-1,8.644074554E0
7.050513350E1,-4.576882324E0,-2.173480225E-1,8.679850159E0
7.051517450E1,-4.482728119E0,-1.767823792E-1,8.591833191E0
7.052521450E1,-4.504582672E0,-1.405577087E-1,8.428522797E0
7.053525550E1,-4.543501740E0,-5.284011841E-2,8.291258240E0
7.054529550E1,-4.568499756E0,4.580474854E-2,8.326734467E0
7.055533650E1,-4.534221039E0,6.361770630E-2,8.470435638E0
7.056537650E1,-4.564757538E0,1.297801208E-1,8.508456573E0
7.057541750E1,-4.364174652E0,-4.355941772E-2,8.556207275E0
7.058545750E1,-4.462969208E0,1.368154907E-1,8.669671326E0
7.059549750E1,-4.567152557E0,1.308279419E-1,8.497379608E0
7.060553850E1,-4.497996368E0,5.119354248E-2,8.560997314E0
7.061557850E1,-4.519102478E0,1.728904724E-1,8.691376190E0
7.062561950E1,-4.467609558E0,1.960922241E-1,8.619974670E0
7.063565950E1,-4.456831970E0,1.457968140E-1,8.656199341E0
7.064570050E1,-4.509372711E0,7.544311523E-2,8.674760742E0
7.065574050E1,-4.533173218E0,6.900650024E-2,8.706345062E0
7.066578150E1,-4.563260651E0,2.829116821E-2,8.779842224E0
7.067582150E1,-4.542304230E0,2.245330811E-2,8.812324677E0
7.068586250E1,-4.513563995E0,3.502716064E-2,8.798403625E0
7.069590250E1,-4.518204346E0,3.338058472E-2,8.771609344E0
7.070594350E1,-4.498295746E0,-8.232879639E-3,8.744964752E0
7.071598350E1,-4.462819519E0,1.107696533E-2,8.729995880E0
7.072602450E1,-4.456981659E0,3.053649902E-2,8.692124634E0
7.073606450E1,-4.483177185E0,4.460723877E-2,8.636889496E0
7.074610550E1,-4.479135590E0,1.188528442E-1,8.640032959E0
7.075614550E1,-4.424798584E0,1.359173584E-1,8.678502960E0
7.076618650E1,-4.396357727E0,1.812730408E-1,8.588390350E0
7.077622650E1,-4.338128815E0,2.408491516E-1,8.580905914E0
7.078626750E1,-4.450694733E0,2.176473999E-1,8.685238953E0
7.079630750E1,-4.589156799E0,9.400451660E-2,8.752449188E0
7.080634850E1,-4.580325165E0,1.228944397E-1,8.823102264E0
7.081638850E1,-4.485272827E0,1.866618347E-1,8.844058685E0
7.082642950E1,-4.442910919E0,2.092648315E-1,8.860823822E0
7.083646950E1,-4.373305664E0,2.591111755E-1,8.808133392E0
7.084651050E1,-4.309837646E0,2.504292297E-1,8.682544556E0
7.085655050E1,-4.338577881E0,1.880090332E-1,8.626411285E0
7.086659150E1,-4.308939514E0,1.730401611E-1,8.524323578E0
7.087663150E1,-4.266278229E0,1.380130005E-1,8.540489960E0
7.088667150E1,-4.258494415E0,9.071136475E-2,8.549321594E0
7.089671250E1,-4.291425934E0,4.206253052E-2,8.587043152E0
7.090675250E1,-4.311484222E0,3.547622681E-2,8.658294983E0
7.091679462E1,-4.296814728E0,5.688171387E-2,8.653355255E0
7.092683463E1,-4.343966675E0,3.053649902E-2,8.660989380E0
7.093687563E1,-4.332290955E0,6.406677246E-2,8.661139069E0
7.094691562E1,-4.284839630E0,1.082249451E-1,8.628656616E0
7.095695662E1,-4.302203522E0,1.281335449E-1,8.642427979E0
7.096699663E1,-4.290976868E0,1.339714050E-1,8.677155762E0
7.097703762E1,-4.281396790E0,1.589694214E-1,8.739575958E0
7.098707763E1,-4.343068542E0,1.353186035E-1,8.805888062E0
7.099711863E1,-4.346361694E0,1.221459961E-1,8.845555573E0
7.100715862E1,-4.314328308E0,1.393601990E-1,8.837322693E0
7.101719962E1,-4.346361694E0,1.197509766E-1,8.758287048E0
7.102723963E1,-4.357438660E0,1.058299255E-1,8.699908447E0
7.103728062E1,-4.341421967E0,1.405577087E-1,8.632249146E0
7.104732063E1,-4.346810760E0,1.748364258E-1,8.601263580E0
7.105736163E1,-4.298161926E0,2.050735474E-1,8.794212341E0
7.106740162E1,-4.229604492E0,2.477348328E-1,8.749904480E0
7.107744262E1,-4.292024689E0,2.239343262E-1,8.658145294E0
7.108748263E1,-4.364623718E0,1.721420288E-1,8.664432220E0
7.109752362E1,-4.392465820E0,1.631607056E-1,8.683742065E0
7.110756363E1,-4.397555237E0,1.624122620E-1,8.690028992E0
7.111760463E1,-4.383634186E0,1.769320679E-1,8.708440704E0
7.112764462E1,-4.325255585E0,1.911524963E-1,8.728349304E0
7.113768562E1,-4.330195312E0,1.790277100E-1,8.812773743E0
7.114772563E1,-4.325405273E0,1.284329224E-1,8.863368530E0
7.115776663E1,-4.314627686E0,1.255888367E-1,8.837023315E0
7.116780663E1,-4.296215973E0,9.699829102E-2,8.784482574E0
7.117784763E1,-4.289629669E0,8.158035278E-2,8.753646698E0
7.118788762E1,-4.288581848E0,8.143066406E-2,8.758287048E0
7.119792862E1,-4.315525818E0,8.173004150E-2,8.760682068E0
7.120796863E1,-4.343816986E0,7.858657837E-2,8.782686310E0
7.121800963E1,-4.298760681E0,9.834548950E-2,8.821455688E0
7.122804963E1,-4.277654572E0,1.062789917E-1,8.819958801E0
7.123809063E1,-4.291875000E0,1.026864624E-1,8.790470123E0
7.124813062E1,-4.308939514E0,9.924362183E-2,8.744066620E0
7.125817162E1,-4.279899902E0,1.133143616E-1,8.705746307E0
7.126821163E1,-4.283642120E0,1.152603149E-1,8.698411560E0
7.127825263E1,-4.310735779E0,1.067280579E-1,8.712332611E0
7.128829263E1,-4.304748230E0,1.113684082E-1,8.726702728E0
7.129833363E1,-4.311184845E0,9.834548950E-2,8.774453430E0
7.130837362E1,-4.307891693E0,9.011260986E-2,8.758586426E0
7.131841462E1,-4.310586090E0,8.966354370E-2,8.730444946E0
7.132845463E1,-4.323309631E0,1.029858398E-1,8.710835724E0
7.133849563E1,-4.333638153E0,1.514849854E-1,8.637488251E0
7.134853563E1,-4.294868774E0,1.227447510E-1,8.603059845E0
7.135857663E1,-4.226011963E0,1.510359192E-1,8.591833191E0
7.136861662E1,-4.287084961E0,7.259902954E-2,8.759334869E0
7.137865762E1,-4.276007996E0,3.981719971E-2,8.891210632E0
7.138869763E1,-4.305945740E0,2.574645996E-2,8.939111023E0
7.139873863E1,-4.349355469E0,4.041595459E-3,8.892258453E0
7.140877863E1,-4.372108154E0,1.017883301E-2,8.767867126E0
7.141881963E1,-4.276457062E0,5.224136353E-2,8.695866852E0
7.142885962E1,-4.221670990E0,1.112187195E-1,8.730594635E0
7.143890062E1,-4.244573364E0,9.550140381E-2,8.763526154E0
7.144894063E1,-4.290078735E0,7.289840698E-2,8.781638489E0
7.145898063E1,-4.291276245E0,5.134323120E-2,8.845256195E0
7.146902163E1,-4.281845856E0,9.430389404E-2,8.817114716E0
7.147906263E1,-4.308340759E0,6.197113037E-2,8.836574249E0
7.148910262E1,-4.285737762E0,4.251159668E-2,8.871751099E0
7.149914263E1,-4.320764923E0,4.790039063E-2,8.924591217E0
7.150918363E1,-4.371958466E0,-9.131011963E-3,8.971892853E0
7.151922463E1,-4.356091461E0,1.631607056E-2,8.935368805E0
7.152926463E1,-4.305945740E0,2.709365845E-2,8.845555573E0
7.153930563E1,-4.201313324E0,1.239422607E-1,8.794062653E0
7.154934562E1,-4.209246826E0,6.870712280E-2,8.775201874E0
7.155938563E1,-4.227658539E0,1.103205872E-1,8.616980896E0
7.156942663E1,-4.290228424E0,1.160087585E-1,8.621172180E0
7.157946763E1,-4.262835388E0,1.538800049E-1,8.786428528E0
7.158950763E1,-4.143683167E0,2.844085693E-1,8.951535187E0
7.159954762E1,-4.004472656E0,3.583547974E-1,9.033564606E0
7.160958862E1,-4.114793243E0,1.652563477E-1,9.018895111E0
7.161962962E1,-4.225413208E0,5.043013000E-1,8.230334930E0
7.162966963E1,-3.655697937E0,4.990621948E-1,8.271199951E0
7.163971063E1,-3.763922882E0,1.210981750E-1,8.174650726E0
7.164975063E1,-3.985013123E0,2.398013306E-1,8.064030762E0
7.165979163E1,-3.887416077E0,3.867956543E-1,8.566236420E0
7.166983162E1,-3.887266388E0,4.087998962E-1,8.718918915E0
7.167987262E1,-4.068689117E0,5.855822754E-1,8.588390350E0
7.168991263E1,-4.619842987E0,4.207749939E-1,8.660839691E0
7.169995263E1,-4.379891968E0,2.389031982E-1,8.850046234E0
7.170999363E1,-4.484823761E0,-8.786727905E-2,9.066346436E0
7.172003463E1,-4.717889099E0,-3.125500488E-1,9.108109589E0
7.173007462E1,-4.410727844E0,-1.399589539E-1,9.230405273E0
7.174011463E1,-4.985382843E0,-1.851649475E-1,9.794432373E0
7.175015563E1,-5.202581177E0,-2.438429260E-1,9.201964417E0
7.176019663E1,-4.852608948E0,-8.083190918E-2,8.329428864E0
7.177023663E1,-4.874463501E0,8.996292114E-2,9.089398499E0
7.178027763E1,-4.926106110E0,2.815644836E-1,9.007967834E0
7.179031762E1,-4.808899841E0,3.875440979E-1,8.246351624E0
7.180035862E1,-4.836143188E0,6.075865173E-1,8.753197632E0
7.181039863E1,-4.701423340E0,9.894424438E-1,8.972192230E0
7.182043963E1,-4.633464661E0,1.058748322E0,8.568781128E0
7.183047963E1,-4.619094543E0,8.598120117E-1,8.588090973E0
7.184052063E1,-4.352648621E0,8.768765259E-1,8.323291626E0
7.185056062E1,-4.313130798E0,7.869136047E-1,8.344248047E0
7.186060162E1,-4.190835114E0,7.087760925E-1,8.069269867E0
7.187064163E1,-4.262985077E0,5.728587341E-1,8.626261597E0
7.188068263E1,-4.267775116E0,2.811154175E-1,8.950337677E0
7.189072263E1,-4.302951965E0,1.167572021E-1,9.088350677E0
7.190076363E1,-4.360881500E0,-1.466949463E-2,8.789272614E0
7.191080362E1,-4.361031189E0,-6.661148071E-2,8.591384125E0
7.192084413E1,-4.240681458E0,2.356100464E-1,8.340655518E0
7.193088413E1,-4.345613251E0,2.206411743E-1,8.133636017E0
7.194092513E1,-4.321663055E0,1.272354126E-1,8.631201324E0
7.195096512E1,-4.466711426E0,2.296224976E-1,8.584049377E0
7.196100612E1,-4.525539093E0,8.696914673E-2,8.415200500E0
7.197104613E1,-4.477938080E0,2.168989563E-1,8.386609955E0
7.198108713E1,-4.481530609E0,3.147953796E-1,8.471333771E0
7.199112713E1,-4.502187653E0,3.366499329E-1,8.734486542E0
7.200116813E1,-4.470753021E0,4.263134766E-1,8.692424011E0
7.201120812E1,-4.459825745E0,4.819976807E-1,8.566984863E0
7.202124912E1,-4.481979675E0,4.902305603E-1,8.572673035E0
7.203128913E1,-4.418661346E0,5.725593567E-1,8.609047394E0
7.204133013E1,-4.359234924E0,6.444099426E-1,8.699459381E0
7.205137013E1,-4.374503174E0,5.996530151E-1,8.739575958E0
7.206141113E1,-4.387226715E0,5.625302124E-1,8.840466156E0
7.207145112E1,-4.445305939E0,5.096900940E-1,8.819210358E0
7.208149212E1,-4.485572205E0,4.007167053E-1,8.804540863E0
7.209153213E1,-4.444557495E0,3.995191956E-1,8.699609070E0
7.210157313E1,-4.374054108E0,4.616400146E-1,8.537945251E0
7.211161313E1,-4.415368195E0,4.117936707E-1,8.567284241E0
7.212165413E1,-4.368665314E0,5.179229736E-1,8.608748016E0
7.213169412E1,-4.400698700E0,5.023553467E-1,8.630153503E0
7.214173512E1,-4.369413757E0,4.992118835E-1,8.753646698E0
7.215177513E1,-4.392016754E0,5.445675659E-1,8.698710938E0
7.216181613E1,-4.390968933E0,4.192781067E-1,8.634644165E0
7.217185613E1,-4.370760956E0,4.599934387E-1,8.547525330E0
7.218189713E1,-4.437372437E0,4.617897034E-1,8.500373383E0
7.219193712E1,-4.442910919E0,4.363426208E-1,8.543483734E0
7.220197812E1,-4.453538818E0,4.592449951E-1,8.632099457E0
7.221201813E1,-4.497098236E0,4.321513367E-1,8.724756775E0
7.222205913E1,-4.560715942E0,4.117936707E-1,8.704997864E0
7.223209913E1,-4.546345825E0,4.767585754E-1,8.625662842E0
7.224214013E1,-4.483925629E0,4.767585754E-1,8.505762177E0
7.225218012E1,-4.480632477E0,4.900808716E-1,8.533155212E0
7.226222112E1,-4.458478546E0,5.035528564E-1,8.578061829E0
7.227226113E1,-4.493655396E0,4.987628174E-1,8.632847900E0
7.228230213E1,-4.527784424E0,4.977149963E-1,8.746162262E0
7.229234213E1,-4.549040222E0,5.201683044E-1,8.777896271E0
7.230238313E1,-4.540807343E0,4.996609497E-1,8.690028992E0
7.231242312E1,-4.472848663E0,5.050497437E-1,8.589438171E0
7.232246412E1,-4.477489014E0,4.779560852E-1,8.573122101E0
7.233250413E1,-4.478387146E0,4.460723877E-1,8.583300934E0
7.234254513E1,-4.487518158E0,4.610412598E-1,8.629105682E0
7.235258513E1,-4.503534851E0,4.721182251E-1,8.670719147E0
7.236262613E1,-4.573589172E0,4.402345276E-1,8.675958252E0
7.237266612E1,-4.593198395E0,4.516108704E-1,8.655450897E0
7.238270712E1,-4.609813843E0,4.785548401E-1,8.641380157E0
7.239274713E1,-4.600982208E0,4.531077576E-1,8.637937317E0
7.240278813E1,-4.568799133E0,4.547543335E-1,8.615633698E0
7.241282912E1,-4.548142090E0,5.272036743E-1,8.569080505E0
7.242286913E1,-4.631818085E0,4.652325439E-1,8.569080505E0
7.243291013E1,-4.685706024E0,4.008663940E-1,8.602760468E0
7.244295012E1,-4.687502289E0,4.101470947E-1,8.632249146E0
7.245299112E1,-4.702321472E0,3.941304016E-1,8.672814789E0
7.246303113E1,-4.674479370E0,3.700305176E-1,8.662635956E0
7.247307212E1,-4.629423065E0,4.418811035E-1,8.574319611E0
7.248311213E1,-4.688849487E0,4.534071350E-1,8.559650116E0
7.249315313E1,-4.679568787E0,5.056484985E-1,8.525221710E0
7.250319312E1,-4.649032288E0,5.686674500E-1,8.551716614E0
7.251323412E1,-4.655169525E0,5.084925842E-1,8.645421753E0
7.252327413E1,-4.658163300E0,4.821473694E-1,8.642877045E0
7.253331512E1,-4.618346100E0,4.475692749E-1,8.565188599E0
7.254335513E1,-4.521347809E0,4.414320374E-1,8.545130310E0
7.255339613E1,-4.529730377E0,4.264631653E-1,8.531358948E0
7.256343612E1,-4.487667847E0,4.935237122E-1,8.525521088E0
7.257347712E1,-4.536616058E0,4.989125061E-1,8.561745758E0
7.258351713E1,-4.555177460E0,4.894821167E-1,8.698261871E0
7.259355812E1,-4.598587189E0,5.126838684E-1,8.734935608E0
7.260359813E1,-4.575385437E0,5.279521179E-1,8.690927124E0
7.261363913E1,-4.560266876E0,5.001100159E-1,8.708141327E0
7.262367912E1,-4.490960999E0,4.953199768E-1,8.708889771E0
7.263372012E1,-4.484973450E0,4.891827393E-1,8.653954010E0
7.264376013E1,-4.465962982E0,4.664300537E-1,8.628207550E0
7.265380113E1,-4.415817261E0,4.966671753E-1,8.530610504E0
7.266384113E1,-4.408931580E0,5.725593567E-1,8.487649841E0
7.267388213E1,-4.378095703E0,5.839356995E-1,8.614735565E0
7.268392212E1,-4.444407806E0,5.816903687E-1,8.621770935E0
7.269396312E1,-4.497397614E0,5.312452698E-1,8.675658875E0
7.270400313E1,-4.502636719E0,5.523513794E-1,8.653954010E0
7.271404413E1,-4.464765472E0,5.924679565E-1,8.695118408E0
7.272408413E1,-4.420607300E0,6.532415771E-1,8.640631714E0
7.273412513E1,-4.356390839E0,6.839277649E-1,8.635841675E0
7.274416512E1,-4.286336517E0,6.700067139E-1,8.755143585E0
7.275420612E1,-4.307891693E0,6.718029785E-1,8.818162537E0
7.276424613E1,-4.302652588E0,6.035449219E-1,8.819210358E0
7.277428713E1,-4.364024963E0,5.819897461E-1,8.830886078E0
7.278432812E1,-4.327051849E0,6.074368286E-1,8.784332886E0
7.279436813E1,-4.336931305E0,5.607339478E-1,8.820108490E0
7.280440913E1,-4.289779358E0,5.721102905E-1,8.789422302E0
7.281444912E1,-4.179758148E0,6.408174133E-1,8.762478333E0
7.282449013E1,-4.120481415E0,6.950047302E-1,8.757089539E0
7.283453013E1,-4.064348145E0,7.131170654E-1,8.799301758E0
7.284457112E1,-4.019441528E0,7.306306458E-1,8.804840240E0
7.285461113E1,-4.005670166E0,7.285350037E-1,8.829688568E0
7.286465213E1,-4.051923981E0,7.029382324E-1,8.879834290E0
7.287469212E1,-4.034260712E0,6.830296326E-1,8.800948334E0
7.288473312E1,-3.958667908E0,7.223977661E-1,8.704548798E0
7.289477313E1,-3.926185455E0,7.562274170E-1,8.703950043E0
7.290481412E1,-3.933669891E0,7.026388550E-1,8.751850433E0
7.291485413E1,-3.890260162E0,6.080355835E-1,8.880582733E0
7.292489492E1,-3.932173004E0,6.697073364E-1,8.682394867E0
7.293493492E1,-3.979923706E0,6.706054688E-1,8.925639038E0
7.294497592E1,-4.048930206E0,5.998027039E-1,9.124425659E0
7.295501592E1,-3.951632538E0,6.939569092E-1,9.027277679E0
7.296505692E1,-3.910767517E0,7.511380005E-1,8.925189972E0
7.297509692E1,-3.799399109E0,9.327104187E-1,8.677904205E0
7.298513792E1,-3.779789886E0,9.354048157E-1,8.719817047E0
7.299517792E1,-3.760480042E0,8.421487427E-1,8.908424835E0
7.300521892E1,-3.723357239E0,8.578660583E-1,8.896300049E0
7.301525892E1,-3.803141327E0,8.129594421E-1,8.930578766E0
7.302529992E1,-3.862867126E0,7.484436035E-1,8.922495575E0
7.303533992E1,-3.853885803E0,7.852670288E-1,8.969797211E0
7.304538092E1,-3.847299500E0,8.060737610E-1,9.008117523E0
7.305542092E1,-3.824397125E0,8.578660583E-1,9.029073944E0
7.306546192E1,-3.773652649E0,8.825646973E-1,8.986412659E0
7.307550192E1,-3.761078796E0,8.538244629E-1,8.872798920E0
7.308554292E1,-3.723955994E0,8.184979248E-1,8.828940125E0
7.309558292E1,-3.721560974E0,7.746391296E-1,8.857830048E0
7.310562392E1,-3.726500702E0,7.482939148E-1,8.858428802E0
7.311566492E1,-3.759432220E0,7.304809570E-1,8.945248260E0
7.312570492E1,-3.788322144E0,7.167095947E-1,9.032367096E0
7.313574592E1,-3.763324127E0,7.539820862E-1,9.034013672E0
7.314578592E1,-3.754193115E0,7.656578064E-1,9.013805695E0
7.315582692E1,-3.729644165E0,8.120613098E-1,8.975635071E0
7.316586692E1,-3.726650391E0,7.499404907E-1,9.017697601E0
7.317590792E1,-3.748504944E0,7.372169495E-1,9.086105347E0
7.318594792E1,-3.704197083E0,7.427554321E-1,9.038504333E0
7.319598892E1,-3.651356964E0,7.749385071E-1,9.034013672E0
7.320602892E1,-3.602259064E0,8.024812317E-1,9.062304840E0
7.321606992E1,-3.588338013E0,8.071215820E-1,9.069040833E0
7.322610992E1,-3.560795288E0,7.911048889E-1,9.048533478E0
7.323615092E1,-3.576213226E0,7.256909180E-1,8.986262970E0
7.324619092E1,-3.602708130E0,6.505471802E-1,8.956774292E0
7.325623192E1,-3.575464783E0,6.834786987E-1,9.010961609E0
7.326627192E1,-3.561244354E0,6.596781921E-1,9.206604767E0
7.327631292E1,-3.525468750E0,6.243516541E-1,9.328152008E0
7.328635292E1,-3.551065521E0,5.888754272E-1,9.253607025E0
7.329639392E1,-3.482208710E0,5.872288513E-1,8.969198456E0
7.330643392E1,-3.508553925E0,5.766009521E-1,8.858428802E0
7.331647492E1,-3.410208435E0,6.574328613E-1,8.978928223E0
7.332651492E1,-3.367547150E0,7.228468323E-1,9.192534027E0
7.333655592E1,-3.399879913E0,6.966513062E-1,9.377549286E0
7.334659592E1,-3.360212402E0,7.322772217E-1,9.420509949E0
7.335663692E1,-3.297642517E0,8.015830994E-1,9.313781891E0
7.336667692E1,-3.229833527E0,1.072519684E0,9.172625427E0
7.337671792E1,-3.062182159E0,1.212328949E0,9.135652313E0
7.338675792E1,-2.964734802E0,1.016386414E0,9.309440918E0
7.339679892E1,-3.033890991E0,9.586065674E-1,9.369765472E0
7.340683892E1,-2.916085968E0,9.758207703E-1,9.386979675E0
7.341687992E1,-2.667752380E0,8.800199890E-1,9.434281311E0
7.342691992E1,-2.671344910E0,9.186396790E-1,9.250613251E0
7.343696092E1,-2.626587982E0,8.726852417E-1,9.221423950E0
7.344700092E1,-2.610720978E0,8.402027893E-1,9.236841888E0
7.345704192E1,-2.548749847E0,9.891430664E-1,9.218280487E0
7.346708192E1,-2.543361053E0,1.013692017E0,9.288334808E0
7.347712292E1,-2.581381989E0,9.675878906E-1,9.252259827E0
7.348716292E1,-2.540666656E0,8.873547363E-1,9.166937256E0
7.349720392E1,-2.535427551E0,8.520281982E-1,9.155710602E0
7.350724392E1,-2.446063385E0,8.264314270E-1,9.267079010E0
7.351728492E1,-2.367925873E0,7.590715027E-1,9.412726135E0
7.352732492E1,-2.379900970E0,7.180567932E-1,9.369915161E0
7.353736592E1,-2.287992096E0,7.816744995E-1,9.222471771E0
7.354740592E1,-2.279160461E0,8.222401428E-1,9.206006012E0
7.355744692E1,-2.300416260E0,8.376580811E-1,9.217082977E0
7.356748792E1,-2.361040192E0,8.822653198E-1,9.322613525E0
7.357752792E1,-2.418969727E0,8.729846191E-1,9.475296021E0
7.358756892E1,-2.409689026E0,9.403445435E-1,9.448202362E0
7.359760892E1,-2.423310699E0,9.364526367E-1,9.509874115E0
7.360764992E1,-2.434387665E0,8.668473816E-1,9.536967773E0
7.361768992E1,-2.477048950E0,8.247848511E-1,9.451196136E0
7.362773092E1,-2.493065643E0,7.939489746E-1,9.373058624E0
7.363777092E1,-2.500250702E0,7.580236816E-1,9.322164459E0
7.364781192E1,-2.505789185E0,7.414082336E-1,9.317823486E0
7.365785192E1,-2.503094788E0,7.813751221E-1,9.327702942E0
7.366789292E1,-2.472258911E0,7.746391296E-1,9.372459869E0
7.367793292E1,-2.457140350E0,7.825726318E-1,9.426796875E0
7.368797392E1,-2.447410583E0,7.914042664E-1,9.415869598E0
7.369801392E1,-2.445913696E0,7.982899475E-1,9.394913177E0
7.370805492E1,-2.412682800E0,8.080197144E-1,9.351204071E0
7.371809492E1,-2.409838715E0,8.228388977E-1,9.320667572E0
7.372813592E1,-2.421215057E0,7.985893250E-1,9.348958740E0
7.373817592E1,-2.481389923E0,7.470964050E-1,9.421707458E0
7.374821692E1,-2.469714203E0,7.488926697E-1,9.424401855E0
7.375825692E1,-2.449206848E0,7.860154724E-1,9.430090027E0
7.376829792E1,-2.468217316E0,7.180567932E-1,9.439819794E0
7.377833792E1,-2.500101013E0,6.942562866E-1,9.401948547E0
7.378837892E1,-2.529290314E0,7.044351196E-1,9.384884033E0
7.379841892E1,-2.549198914E0,7.074288940E-1,9.352102203E0
7.380845992E1,-2.530936890E0,7.753875732E-1,9.290729828E0
7.381849992E1,-2.519710236E0,7.563771057E-1,9.365574188E0
7.382854092E1,-2.486778717E0,7.189549255E-1,9.435329132E0
7.383858092E1,-2.648442535E0,7.255412292E-1,9.463470612E0
7.384862192E1,-2.548450470E0,7.511380005E-1,9.406588898E0
7.385866192E1,-2.538121948E0,7.360194397E-1,9.386081543E0
7.386870292E1,-2.556383972E0,7.333250427E-1,9.418264618E0
7.387874292E1,-2.519111481E0,7.125183105E-1,9.406439209E0
7.388878392E1,-2.524051208E0,7.132667542E-1,9.353898468E0
7.389882392E1,-2.537972260E0,6.876699829E-1,9.377549286E0
7.390886492E1,-2.555785217E0,6.256988525E-1,9.379644928E0
7.391890517E1,-2.499651947E0,6.089337158E-1,9.436227264E0
7.392894617E1,-2.533182220E0,6.104306030E-1,9.491761780E0
7.393898617E1,-2.621947632E0,4.986131287E-1,9.449549561E0
7.394902717E1,-2.614463196E0,4.998106384E-1,9.455537109E0
7.395906717E1,-2.618654480E0,5.215155029E-1,9.447753296E0
7.396910817E1,-2.586172028E0,5.511538696E-1,9.422755280E0
7.397914817E1,-2.619851990E0,6.189628601E-1,9.370663605E0
7.398918917E1,-2.610571289E0,6.321354675E-1,9.388626251E0
7.399922917E1,-2.590662689E0,6.854246521E-1,9.375154266E0
7.400927017E1,-2.553539886E0,6.767427063E-1,9.390422516E0
7.401931017E1,-2.501148834E0,6.950047302E-1,9.392817535E0
7.402935117E1,-2.525697784E0,7.024891663E-1,9.326206055E0
7.403939117E1,-2.572400665E0,6.030958557E-1,9.315877533E0
7.404943217E1,-2.574196930E0,6.117778015E-1,9.402696991E0
7.405947217E1,-2.595752106E0,6.140231323E-1,9.495503998E0
7.406951317E1,-2.590363312E0,6.014492798E-1,9.446555786E0
7.407955317E1,-2.611170044E0,6.831793213E-1,9.346414032E0
7.408959417E1,-2.663710785E0,6.342311096E-1,9.422006836E0
7.409963417E1,-2.710263977E0,6.553372192E-1,9.441166992E0
7.410967517E1,-2.748284912E0,6.388714600E-1,9.445358276E0
7.411971517E1,-2.667153625E0,6.460565186E-1,9.421408081E0
7.412975617E1,-2.603535919E0,6.948550415E-1,9.359287262E0
7.413979617E1,-2.607427826E0,6.176156616E-1,9.395960999E0
7.414983717E1,-2.604134674E0,6.117778015E-1,9.356293488E0
7.415987717E1,-2.640808411E0,6.045927429E-1,9.361083527E0
7.416991817E1,-2.685116272E0,5.923182678E-1,9.344767456E0
7.417995817E1,-2.741399231E0,5.996530151E-1,9.361532593E0
7.418999917E1,-2.773582306E0,5.888754272E-1,9.369765472E0
7.420003917E1,-2.752625885E0,5.369334412E-1,9.399403839E0
7.421008017E1,-2.746937714E0,5.797444153E-1,9.457033997E0
7.422012017E1,-2.718496857E0,5.608836365E-1,9.438472595E0
7.423016117E1,-2.720143433E0,5.448669434E-1,9.389075317E0
7.424020117E1,-2.726280670E0,5.405259705E-1,9.345366211E0
7.425024217E1,-2.713856506E0,5.530998230E-1,9.307494965E0
7.426028217E1,-2.719844055E0,5.740562439E-1,9.319320374E0
7.427032317E1,-2.695145416E0,6.021977234E-1,9.348210297E0
7.428036317E1,-2.765648804E0,5.760021973E-1,9.413025513E0
7.429040417E1,-2.775977325E0,5.499563599E-1,9.423803101E0
7.430044417E1,-2.759511566E0,5.771997070E-1,9.412127380E0
7.431048517E1,-2.754272461E0,5.553451538E-1,9.406289520E0
7.432052517E1,-2.748284912E0,5.206173706E-1,9.307644653E0
7.433056617E1,-2.764451294E0,5.322930908E-1,9.270072784E0
7.434060617E1,-2.766846313E0,5.346881104E-1,9.305848389E0
7.435064717E1,-2.812501373E0,5.457650757E-1,9.382039948E0
7.436068717E1,-2.815495148E0,5.622308350E-1,9.320817261E0
7.437072817E1,-2.796185303E0,5.933660889E-1,9.267677765E0
7.438076817E1,-2.754721527E0,6.265969849E-1,9.309291229E0
7.439080917E1,-2.718347168E0,6.758445740E-1,9.246272278E0
7.440084917E1,-2.688259735E0,7.105723572E-1,9.278155975E0
7.441089017E1,-2.730172577E0,6.691085815E-1,9.280401306E0
7.442093017E1,-2.732268219E0,6.649172974E-1,9.278455353E0
7.443097117E1,-2.729723511E0,6.593788147E-1,9.292526093E0
7.444101117E1,-2.720891876E0,6.342311096E-1,9.276509399E0
7.445105217E1,-2.722089386E0,6.274951172E-1,9.276210022E0
7.446109217E1,-2.713856506E0,6.298901367E-1,9.336085510E0
7.447113317E1,-2.735261993E0,6.203100586E-1,9.368268585E0
7.448117317E1,-2.705473938E0,6.197113037E-1,9.390422516E0
7.449121417E1,-2.711760864E0,6.087840271E-1,9.393865356E0
7.450125417E1,-2.722987518E0,5.950126648E-1,9.391170959E0
7.451129517E1,-2.733166351E0,5.779481506E-1,9.383985901E0
7.452133517E1,-2.808609467E0,5.505551147E-1,9.388326874E0
7.453137617E1,-2.841840363E0,5.405259705E-1,9.408684540E0
7.454141617E1,-2.829266510E0,5.728587341E-1,9.383087769E0
7.455145717E1,-2.812800751E0,6.065386963E-1,9.332942047E0
7.456149717E1,-2.771486664E0,6.360273743E-1,9.288185120E0
7.457153817E1,-2.791095886E0,6.150709534E-1,9.262588348E0
7.458157817E1,-2.833757172E0,5.966592407E-1,9.280101929E0
7.459161917E1,-2.839894409E0,6.114784241E-1,9.298813019E0
7.460165917E1,-2.861449585E0,5.978567505E-1,9.322763214E0
7.461170017E1,-2.839744720E0,6.089337158E-1,9.310339050E0
7.462174017E1,-2.847528534E0,6.131250000E-1,9.249116364E0
7.463178117E1,-2.861898651E0,6.262976074E-1,9.247469788E0
7.464182117E1,-2.854863281E0,6.035449219E-1,9.309291229E0
7.465186217E1,-2.901416473E0,5.882766724E-1,9.333241425E0
7.466190217E1,-2.903512115E0,5.945635986E-1,9.310039673E0
7.467194317E1,-2.892435150E0,6.063890076E-1,9.300459595E0
7.468198317E1,-2.879861298E0,6.026467896E-1,9.326804810E0
7.469202417E1,-2.882855072E0,6.234535217E-1,9.369765472E0
7.470206417E1,-2.886896667E0,6.185137939E-1,9.303303680E0
7.471210517E1,-2.909948730E0,5.870791626E-1,9.270821228E0
7.472214517E1,-2.868634644E0,6.367758179E-1,9.321865082E0
7.473218617E1,-2.887495422E0,6.450086975E-1,9.325158234E0
7.474222617E1,-2.888243866E0,6.262976074E-1,9.273964691E0
7.475226717E1,-2.923420715E0,6.354286194E-1,9.317673798E0
7.476230717E1,-2.972219238E0,6.248007202E-1,9.387428741E0
7.477234817E1,-2.944227448E0,6.526428223E-1,9.331145782E0
7.478238817E1,-2.930007019E0,7.023394775E-1,9.331594849E0
7.479242917E1,-2.969375153E0,6.506968689E-1,9.303453369E0
7.480246917E1,-2.964734802E0,6.131250000E-1,9.259295197E0
7.481251017E1,-2.963986359E0,5.983058167E-1,9.265731812E0
7.482255017E1,-2.973566437E0,5.771997070E-1,9.298962708E0
7.483259117E1,-2.943029938E0,5.783972168E-1,9.290729828E0
7.484263117E1,-2.938239899E0,6.418652344E-1,9.305848389E0
7.485267217E1,-2.962040405E0,6.164181519E-1,9.330397339E0
7.486271217E1,-2.981799316E0,6.179150391E-1,9.286538544E0
7.487275317E1,-2.951562195E0,6.465055847E-1,9.204958191E0
7.488279317E1,-2.914589081E0,6.541397095E-1,9.170080719E0
7.489283417E1,-2.897823944E0,5.861810303E-1,9.176367645E0
7.490287417E1,-2.903063049E0,5.879772949E-1,9.226363678E0
7.491291417E1,-2.894530792E0,5.984555054E-1,9.296567688E0
7.492295462E1,-2.890189819E0,6.195616150E-1,9.352850647E0
7.493299463E1,-2.896327057E0,6.336323547E-1,9.320068817E0
7.494303563E1,-2.920876007E0,6.134243774E-1,9.300160217E0
7.495307563E1,-2.923121338E0,6.075865173E-1,9.283095703E0
7.496311663E1,-2.912942505E0,6.484515381E-1,9.265133057E0
7.497315662E1,-2.958597565E0,6.628216553E-1,9.233099670E0
7.498319762E1,-2.986888733E0,6.605763245E-1,9.280550995E0
7.499323763E1,-3.041824493E0,5.954617310E-1,9.306447144E0
7.500327863E1,-3.054548035E0,5.688171387E-1,9.250762939E0
7.501331863E1,-3.069367218E0,6.014492798E-1,9.288634186E0
7.502335963E1,-3.040327606E0,5.559439087E-1,9.314380646E0
7.503339962E1,-2.965932312E0,5.974076843E-1,9.312285004E0
7.504344062E1,-2.978955231E0,6.179150391E-1,9.336384888E0
7.505348063E1,-2.967728577E0,5.721102905E-1,9.269923096E0
7.506352163E1,-2.969524841E0,6.032455444E-1,9.218879242E0
7.507356163E1,-2.991080017E0,6.150709534E-1,9.239087219E0
7.508360263E1,-2.985990601E0,6.143225098E-1,9.224118347E0
7.509364262E1,-2.999612274E0,6.307882690E-1,9.192983093E0
7.510368362E1,-2.963537292E0,6.026467896E-1,9.171427917E0
7.511372363E1,-2.937042389E0,6.316864014E-1,9.161398773E0
7.512376463E1,-2.934797058E0,6.420149231E-1,9.234746246E0
7.513380463E1,-2.943479004E0,6.566844177E-1,9.235494690E0
7.514384563E1,-2.966830444E0,6.792874146E-1,9.269024963E0
7.515388562E1,-2.931354218E0,6.854246521E-1,9.286987610E0
7.516392662E1,-2.950514374E0,6.731501770E-1,9.261839905E0
7.517396663E1,-2.975213013E0,6.342311096E-1,9.327553253E0
7.518400763E1,-2.972967682E0,6.403683472E-1,9.334289246E0
7.519404763E1,-2.963836670E0,6.288423157E-1,9.314081268E0
7.520408863E1,-2.931952972E0,6.459068298E-1,9.289532318E0
7.521412862E1,-2.934198303E0,6.671626282E-1,9.235794067E0
7.522416962E1,-2.936443634E0,6.554869080E-1,9.216933289E0
7.523420963E1,-2.921474762E0,6.396199036E-1,9.225166168E0
7.524425063E1,-2.925666046E0,6.334826660E-1,9.222920837E0
7.525429063E1,-2.922522583E0,6.144721985E-1,9.244176636E0
7.526433163E1,-2.941083984E0,6.460565186E-1,9.223220215E0
7.527437162E1,-2.960992584E0,6.436614990E-1,9.247769165E0
7.528441262E1,-2.939587097E0,6.833290100E-1,9.241033173E0
7.529445263E1,-2.968626709E0,6.982978821E-1,9.212592316E0
7.530449363E1,-2.955304413E0,6.985972595E-1,9.295669556E0
7.531453363E1,-2.944526825E0,7.099736023E-1,9.275760956E0
7.532457463E1,-2.924618225E0,6.801855469E-1,9.269773407E0
7.533461462E1,-2.913840637E0,6.803352356E-1,9.276509399E0
7.534465562E1,-2.907404022E0,6.611750793E-1,9.289232941E0
7.535469563E1,-2.886148224E0,6.620732117E-1,9.289232941E0
7.536473663E1,-2.898123322E0,6.580316162E-1,9.309291229E0
7.537477663E1,-2.896027679E0,6.628216553E-1,9.255103912E0
7.538481662E1,-2.892584839E0,6.626719666E-1,9.233548737E0
7.539485762E1,-2.885699158E0,6.557862854E-1,9.320218506E0
7.540489763E1,-2.904110870E0,6.445596313E-1,9.323212280E0
7.541493863E1,-2.930156708E0,6.382727051E-1,9.289083252E0
7.542497863E1,-2.926713867E0,6.765930176E-1,9.302255859E0
7.543501963E1,-2.906206512E0,6.661148071E-1,9.336534576E0
7.544505962E1,-2.885699158E0,6.652166748E-1,9.342073059E0
7.545510062E1,-2.884501648E0,6.721023560E-1,9.297765198E0
7.546514063E1,-2.885998535E0,6.245013428E-1,9.244326324E0
7.547518163E1,-2.867437134E0,6.304888916E-1,9.199569397E0
7.548522163E1,-2.861748962E0,6.405180359E-1,9.205706635E0
7.549526263E1,-2.874622192E0,6.328839111E-1,9.221274261E0
7.550530262E1,-2.903512115E0,6.596781921E-1,9.273665314E0
7.551534362E1,-2.958447876E0,6.861730957E-1,9.337732086E0
7.552538363E1,-2.988086243E0,6.806346130E-1,9.303453369E0
7.553542463E1,-2.945125580E0,6.956034851E-1,9.291178894E0
7.554546463E1,-2.903811493E0,6.628216553E-1,9.358239441E0
7.555550563E1,-2.917882233E0,6.420149231E-1,9.321116638E0
7.556554562E1,-2.918630676E0,6.156697083E-1,9.238488464E0
7.557558662E1,-2.912194061E0,6.150709534E-1,9.238787842E0
7.558562663E1,-2.892884216E0,6.355783081E-1,9.253756714E0
7.559566763E1,-2.853516083E0,6.812333679E-1,9.277557220E0
7.560570762E1,-2.868784332E0,6.764433289E-1,9.273964691E0
7.561574863E1,-2.884501648E0,6.601272583E-1,9.310189362E0
7.562578862E1,-2.895877991E0,6.686595154E-1,9.353599091E0
7.563582962E1,-2.883453827E0,6.508465576E-1,9.347312164E0
7.564586963E1,-2.907703400E0,6.285429382E-1,9.324260101E0
7.565591063E1,-2.903811493E0,6.709048462E-1,9.307644653E0
7.566595062E1,-2.926863556E0,6.256988525E-1,9.324709167E0
7.567599163E1,-2.939287720E0,6.120771790E-1,9.330996094E0
7.568603162E1,-2.927462311E0,6.333329773E-1,9.301208038E0
7.569607262E1,-2.917582855E0,6.324348450E-1,9.314530334E0
7.570611263E1,-2.902464294E0,6.926097107E-1,9.375753021E0
7.571615262E1,-2.904110870E0,6.845265198E-1,9.262139282E0
7.572619362E1,-2.926264801E0,6.658154297E-1,9.328152008E0
7.573623363E1,-2.979254608E0,6.706054688E-1,9.404193878E0
7.574627462E1,-2.990481262E0,6.682104492E-1,9.428293762E0
7.575631463E1,-2.979703674E0,6.806346130E-1,9.294322357E0
7.576635563E1,-2.978955231E0,6.851252747E-1,9.202712860E0
7.577639562E1,-2.946472778E0,6.590794373E-1,9.179960175E0
7.578643662E1,-2.936743011E0,6.903643799E-1,9.184151459E0
7.579647663E1,-2.931503906E0,6.846762085E-1,9.273815002E0
7.580651762E1,-2.914888458E0,6.845265198E-1,9.301357727E0
7.581655763E1,-2.910248108E0,6.637197876E-1,9.239685974E0
7.582659863E1,-2.868634644E0,6.926097107E-1,9.168733521E0
7.583663862E1,-2.864443359E0,7.141648865E-1,9.178163910E0
7.584667962E1,-2.867736511E0,7.191046143E-1,9.216633911E0
7.585671963E1,-2.880310364E0,7.313790894E-1,9.247619476E0
7.586676062E1,-2.889441376E0,7.464976501E-1,9.267228699E0
7.587680063E1,-2.915337524E0,7.399113464E-1,9.322314148E0
7.588684163E1,-2.902913361E0,7.078779602E-1,9.327702942E0
7.589688162E1,-2.863994293E0,6.773414612E-1,9.302555237E0
7.590692262E1,-2.947969666E0,6.119274902E-1,9.363927612E0
7.591696263E1,-2.883304138E0,4.120930481E-1,9.266330566E0
7.592700425E1,-2.777174835E0,7.038363647E-1,9.029822388E0
7.593704425E1,-2.895578613E0,7.373666382E-1,9.200168152E0
7.594708525E1,-2.876119080E0,8.649014282E-1,9.418264618E0
7.595712525E1,-2.820434875E0,9.380992126E-1,9.623936920E0
7.596716625E1,-2.834505615E0,1.066681824E0,9.439370728E0
7.597720625E1,-2.829715576E0,1.080453186E0,9.375004578E0
7.598724725E1,-2.790197754E0,9.979747009E-1,9.401200104E0
7.599728725E1,-2.779869232E0,9.725276184E-1,9.361682281E0
7.600732725E1,-2.807411957E0,8.919950867E-1,9.314081268E0
7.601736825E1,-2.732717285E0,9.235794067E-1,9.258097687E0
7.602740825E1,-2.733016663E0,8.548722839E-1,9.376501465E0
7.603744925E1,-2.802771606E0,8.391549683E-1,9.274264069E0
7.604748925E1,-2.727927246E0,8.975335693E-1,9.249415741E0
7.605753025E1,-2.731220398E0,8.551716614E-1,9.290430450E0
7.606757025E1,-2.797981567E0,8.863069153E-1,9.324260101E0
7.607761125E1,-2.800825653E0,8.598120117E-1,9.361981659E0
7.608765125E1,-2.815195770E0,9.128018188E-1,9.304800568E0
7.609769225E1,-2.726879425E0,9.548643494E-1,9.344168701E0
7.610773225E1,-2.732118530E0,9.165440369E-1,9.342222748E0
7.611777325E1,-2.709814911E0,9.400451660E-1,9.241182861E0
7.612781325E1,-2.776426392E0,9.044192505E-1,9.283245392E0
7.613785425E1,-2.758164368E0,9.413923645E-1,9.236542511E0
7.614789425E1,-2.749931488E0,9.145980835E-1,9.229357452E0
7.615793525E1,-2.729124756E0,9.821076965E-1,9.268875275E0
7.616797525E1,-2.681074677E0,9.954299927E-1,9.285041656E0
7.617801625E1,-2.669848022E0,9.915380859E-1,9.319470062E0
7.618805625E1,-2.687361603E0,1.004710693E0,9.364676056E0
7.619809725E1,-2.713257751E0,9.906399536E-1,9.355545044E0
7.620813725E1,-2.760110321E0,9.889933777E-1,9.288334808E0
7.621817825E1,-2.757266235E0,9.280700684E-1,9.297166443E0
7.622821825E1,-2.716999969E0,8.713380432E-1,9.279054108E0
7.623825925E1,-2.662363586E0,7.933502197E-1,9.264234924E0
7.624829925E1,-2.696193237E0,7.738906860E-1,9.310339050E0
7.625833925E1,-2.665207672E0,7.854167175E-1,9.343420258E0
7.626838025E1,-2.666255493E0,8.129594421E-1,9.305399323E0
7.627842025E1,-2.704875183E0,7.801776123E-1,9.229207764E0
7.628846125E1,-2.789000244E0,8.693920898E-1,8.794212341E0
7.629850125E1,-2.615061951E0,1.167422333E0,8.900940399E0
7.630854225E1,-2.577639771E0,1.253942413E0,9.333840179E0
7.631858225E1,-2.578837280E0,1.225351868E0,9.260343018E0
7.632862325E1,-2.559078369E0,1.154549103E0,9.229507141E0
7.633866325E1,-2.744991760E0,9.985734558E-1,9.337582397E0
7.634870425E1,-2.872227173E0,8.466394043E-1,9.475445709E0
7.635874425E1,-2.858455811E0,8.111631775E-1,9.615554352E0
7.636878525E1,-2.834206238E0,8.062234497E-1,9.685608673E0
7.637882525E1,-2.775228882E0,8.062234497E-1,9.694440308E0
7.638886625E1,-2.720592499E0,8.238867188E-1,9.640402679E0
7.639890625E1,-2.680775299E0,8.017327881E-1,9.558073883E0
7.640894725E1,-2.664159851E0,8.539741516E-1,9.467661896E0
7.641898725E1,-2.601140900E0,8.756790161E-1,9.359137573E0
7.642902825E1,-2.597398682E0,9.264234924E-1,9.234147491E0
7.643906825E1,-2.666554871E0,9.280700684E-1,9.142088928E0
7.644910925E1,-2.720293121E0,9.008267212E-1,9.069639587E0
7.645914925E1,-2.804268494E0,8.993298340E-1,9.077423401E0
7.646919025E1,-2.811154175E0,8.506809998E-1,9.092991028E0
7.647923025E1,-2.579436035E0,8.294252014E-1,9.358389130E0
7.648927125E1,-2.778821411E0,8.741821289E-1,9.355095978E0
7.649931125E1,-2.761158142E0,9.160949707E-1,9.285191345E0
7.650935125E1,-2.660118256E0,9.418414307E-1,9.369615784E0
7.651939225E1,-2.647095337E0,9.557624817E-1,9.445208588E0
7.652943225E1,-2.642754364E0,9.517208862E-1,9.453591156E0
7.653947325E1,-2.632575531E0,9.207353210E-1,9.341025238E0
7.654951325E1,-2.654579773E0,8.714877319E-1,9.238787842E0
7.655955425E1,-2.680026855E0,8.336164856E-1,9.246421967E0
7.656959425E1,-2.715802460E0,8.527766418E-1,9.227860565E0
7.657963525E1,-2.697540436E0,8.860075378E-1,9.281598816E0
7.658967525E1,-2.732866974E0,8.776249695E-1,9.315578156E0
7.659971625E1,-2.730771332E0,8.845106506E-1,9.385632477E0
7.660975625E1,-2.730322266E0,9.060658264E-1,9.364526367E0
7.661979725E1,-2.715652771E0,8.996292114E-1,9.336684265E0
7.662983725E1,-2.713557129E0,9.077124023E-1,9.329050140E0
7.663987825E1,-2.718646545E0,9.150471497E-1,9.321116638E0
7.664991825E1,-2.699785767E0,9.131011963E-1,9.357191620E0
7.665995925E1,-2.710263977E0,9.237290955E-1,9.370364227E0
7.666999925E1,-2.691852264E0,9.392967224E-1,9.360185394E0
7.668004025E1,-2.696043549E0,9.364526367E-1,9.336384888E0
7.669008025E1,-2.696193237E0,9.175918579E-1,9.351353760E0
7.670012025E1,-2.698139191E0,8.979826355E-1,9.329798584E0
7.671016125E1,-2.708767090E0,9.038204956E-1,9.274563446E0
7.672020125E1,-2.738555145E0,8.997789001E-1,9.287286987E0
7.673024225E1,-2.739453278E0,9.141490173E-1,9.248367920E0
7.674028225E1,-2.744542694E0,8.887019348E-1,9.271719360E0
7.675032325E1,-2.741997986E0,8.464897156E-1,9.339977417E0
7.676036325E1,-2.751727753E0,8.348139954E-1,9.313332825E0
7.677040425E1,-2.730022888E0,8.397537231E-1,9.297914886E0
7.678044425E1,-2.719544678E0,8.734336853E-1,9.332942047E0
7.679048525E1,-2.686014404E0,9.027726746E-1,9.322164459E0
7.680052525E1,-2.705623627E0,8.904981995E-1,9.306746521E0
7.681056625E1,-2.739902344E0,8.619076538E-1,9.374405823E0
7.682060625E1,-2.772684174E0,8.834628296E-1,9.396260376E0
7.683064725E1,-2.762804718E0,9.036708069E-1,9.416468353E0
7.684068725E1,-2.771486664E0,8.937913513E-1,9.373507690E0
7.685072825E1,-2.804118805E0,9.229806519E-1,9.315129089E0
7.686076825E1,-2.801274719E0,9.021739197E-1,9.260043640E0
7.687080925E1,-2.795885925E0,8.795709229E-1,9.196575623E0
7.688084925E1,-2.791245575E0,8.842112732E-1,9.247469788E0
7.689089025E1,-2.788102112E0,8.845106506E-1,9.354796600E0
7.690093025E1,-2.875220947E0,8.605604553E-1,9.372759247E0
7.691097125E1,-2.897524567E0,8.683442688E-1,9.356143799E0
7.692101125E1,-2.880909119E0,8.427474976E-1,9.304501190E0
7.693105150E1,-2.863096161E0,8.285270691E-1,9.280101929E0
7.694109250E1,-2.811004486E0,8.819659424E-1,9.231752472E0
7.695113250E1,-2.808609467E0,8.780740356E-1,9.224417725E0
7.696117350E1,-2.777773590E0,9.104067993E-1,9.237290955E0
7.697121350E1,-2.785108337E0,9.482780457E-1,9.201964417E0
7.698125450E1,-2.776127014E0,9.306147766E-1,9.232800293E0
7.699129450E1,-2.737806702E0,9.157955933E-1,9.294022980E0
7.700133550E1,-2.779569855E0,8.723858643E-1,9.389823761E0
7.701137550E1,-2.831811218E0,8.184979248E-1,9.456435242E0
7.702141650E1,-2.869083710E0,8.583151245E-1,9.451794891E0
7.703145650E1,-2.905458069E0,8.628057861E-1,9.448352051E0
7.704149750E1,-2.880759430E0,8.824150085E-1,9.391919403E0
7.705153750E1,-2.866838379E0,9.235794067E-1,9.341773682E0
7.706157850E1,-2.853815460E0,9.382489014E-1,9.316027222E0
7.707161850E1,-2.816243591E0,9.425898743E-1,9.267528076E0
7.708165950E1,-2.820584564E0,9.514215088E-1,9.224866791E0
7.709169950E1,-2.801723785E0,9.111552429E-1,9.235794067E0
7.710174050E1,-2.782114563E0,9.068142700E-1,9.229656830E0
7.711178050E1,-2.761008453E0,9.536668396E-1,9.228159943E0
7.712182050E1,-2.740052032E0,9.530680847E-1,9.261241150E0
7.713186150E1,-2.800975342E0,9.345066833E-1,9.353150024E0
7.714190150E1,-2.832709351E0,9.809101868E-1,9.350305939E0
7.715194250E1,-2.888543243E0,1.018182678E0,9.335037689E0
7.716198250E1,-2.884052582E0,1.018931122E0,9.331894226E0
7.717202350E1,-2.841391296E0,1.010997620E0,9.345665588E0
7.718206350E1,-2.808609467E0,9.702822876E-1,9.292376404E0
7.719210450E1,-2.785407715E0,9.439370728E-1,9.177415466E0
7.720214450E1,-2.769091644E0,8.719367981E-1,9.083261261E0
7.721218550E1,-2.773731995E0,9.078620911E-1,9.023236084E0
7.722222550E1,-2.786305847E0,9.424401855E-1,9.111552429E0
7.723226650E1,-2.796334991E0,9.642947388E-1,9.095685425E0
7.724230650E1,-2.783312073E0,9.862989807E-1,9.143885193E0
7.725234750E1,-2.827320557E0,9.439370728E-1,9.236392822E0
7.726238750E1,-2.889441376E0,8.583151245E-1,9.382189636E0
7.727242850E1,-2.906505890E0,8.063731384E-1,9.417815552E0
7.728246850E1,-2.872077484E0,7.837701416E-1,9.335935822E0
7.729250950E1,-2.850971375E0,7.991880798E-1,9.263935547E0
7.730254950E1,-2.881208496E0,8.511300659E-1,9.248367920E0
7.731258950E1,-2.871029663E0,8.650511169E-1,9.261241150E0
7.732263050E1,-2.831511841E0,9.044192505E-1,9.293573914E0
7.733267050E1,-2.834954681E0,8.657995605E-1,9.267228699E0
7.734271150E1,-2.825973358E0,8.678952026E-1,9.239236908E0
7.735275150E1,-2.869233398E0,9.015751648E-1,9.283095703E0
7.736279250E1,-2.972817993E0,8.500822449E-1,9.283993835E0
7.737283250E1,-2.973566437E0,7.527845764E-1,9.334438934E0
7.738287350E1,-2.937192078E0,7.084767151E-1,9.296867065E0
7.739291350E1,-2.924767914E0,7.420069885E-1,9.251810760E0
7.740295450E1,-2.826871490E0,8.289761353E-1,9.281598816E0
7.741299450E1,-2.881657562E0,7.891589355E-1,9.228010254E0
7.742303550E1,-2.965333557E0,7.321275330E-1,9.290280762E0
7.743307550E1,-3.008443909E0,7.327262878E-1,9.361981659E0
7.744311650E1,-3.079845428E0,6.331832886E-1,9.429341583E0
7.745315650E1,-2.990331573E0,6.523434448E-1,9.160350952E0
7.746319750E1,-2.936892700E0,7.220983887E-1,9.219627686E0
7.747323750E1,-2.980452118E0,7.343728638E-1,9.377698975E0
7.748327850E1,-2.990481262E0,7.650590515E-1,9.338181152E0
7.749331850E1,-3.026256866E0,8.259823608E-1,9.370364227E0
7.750335950E1,-3.092419281E0,7.738906860E-1,9.312734070E0
7.751339950E1,-3.110232239E0,7.581733704E-1,9.351503448E0
7.752343950E1,-3.091072083E0,7.292834473E-1,9.308542786E0
7.753348050E1,-3.038830719E0,7.207511902E-1,9.249266052E0
7.754352050E1,-2.983894958E0,7.830216980E-1,9.163195038E0
7.755356150E1,-3.011587372E0,8.321195984E-1,9.160949707E0
7.756360150E1,-3.019820251E0,8.668473816E-1,9.203311615E0
7.757364250E1,-3.056044922E0,8.161029053E-1,9.189540253E0
7.758368250E1,-3.070564728E0,7.902067566E-1,9.184450836E0
7.759372350E1,-3.074456635E0,7.861651611E-1,9.179660797E0
7.760376350E1,-3.069367218E0,8.181985474E-1,9.226812744E0
7.761380450E1,-3.093766479E0,9.177415466E-1,9.242979126E0
7.762384450E1,-3.178789673E0,8.545729065E-1,9.310488739E0
7.763388550E1,-3.250939636E0,7.454498291E-1,9.308991852E0
7.764392550E1,-3.226390686E0,7.691006470E-1,9.257498932E0
7.765396650E1,-3.175795898E0,7.069798279E-1,9.205407257E0
7.766400650E1,-3.144810333E0,6.477030945E-1,9.129515076E0
7.767404750E1,-3.083887024E0,6.972500610E-1,9.141490173E0
7.768408750E1,-3.046764221E0,7.571255493E-1,9.190139008E0
7.769412850E1,-3.079695740E0,8.030799866E-1,9.213490448E0
7.770416850E1,-3.132984924E0,8.366102600E-1,9.216783600E0
7.771420850E1,-3.140469360E0,8.518785095E-1,9.259444885E0
7.772424950E1,-3.135978699E0,8.355624390E-1,9.297016754E0
7.773428950E1,-3.111130371E0,8.304730225E-1,9.288334808E0
7.774433050E1,-3.101550293E0,7.888595581E-1,9.250164185E0
7.775437050E1,-3.124752045E0,7.545808411E-1,9.171427917E0
7.776441150E1,-3.138373718E0,7.418572998E-1,9.236243134E0
7.777445150E1,-3.116070099E0,7.608677673E-1,9.221723328E0
7.778449250E1,-3.108435974E0,8.116122437E-1,9.106762390E0
7.779453250E1,-3.175047455E0,8.288264465E-1,9.091344452E0
7.780457350E1,-3.180885315E0,8.144563293E-1,9.140292664E0
7.781461350E1,-3.172353058E0,8.198451233E-1,9.147328033E0
7.782465450E1,-3.140768738E0,8.045768738E-1,9.161099396E0
7.783469450E1,-3.160078583E0,7.926017761E-1,9.198820953E0
7.784473550E1,-3.174598389E0,7.527845764E-1,9.219927063E0
7.785477550E1,-3.185525665E0,7.574249268E-1,9.205856323E0
7.786481650E1,-3.201392670E0,7.767347717E-1,9.243278503E0
7.787485650E1,-3.179538116E0,8.111631775E-1,9.252708893E0
7.788489750E1,-3.126997375E0,8.541238403E-1,9.260642395E0
7.789493750E1,-3.096161499E0,8.156538391E-1,9.208850098E0
7.790497750E1,-3.104095001E0,7.467970276E-1,9.224417725E0
7.791501850E1,-3.132535858E0,7.382647705E-1,9.217981110E0
7.792505788E1,-3.135230255E0,7.298822021E-1,9.187743988E0
7.793509888E1,-3.115770721E0,7.861651611E-1,9.206305389E0
7.794513888E1,-3.119512939E0,8.316705322E-1,9.206155701E0
7.795517988E1,-3.111280060E0,8.385562134E-1,9.212143250E0
7.796521987E1,-3.093616791E0,8.897497559E-1,9.194479980E0
7.797526087E1,-3.159330139E0,8.684939575E-1,9.180109863E0
7.798530088E1,-3.148851929E0,8.485853577E-1,9.153465271E0
7.799534188E1,-3.170257416E0,7.951464844E-1,9.158255310E0
7.800538188E1,-3.127147064E0,7.530839539E-1,9.155860291E0
7.801542288E1,-3.145558777E0,7.699987793E-1,9.143286438E0
7.802546287E1,-3.159779205E0,7.493417358E-1,9.152567139E0
7.803550387E1,-3.157084808E0,8.195457458E-1,9.205257568E0
7.804554388E1,-3.158881073E0,8.421487427E-1,9.270372162E0
7.805558488E1,-3.150797882E0,8.310717773E-1,9.273515625E0
7.806562488E1,-3.157384186E0,8.391549683E-1,9.233548737E0
7.807566588E1,-3.166964264E0,8.297245789E-1,9.173373871E0
7.808570587E1,-3.130889282E0,8.467890930E-1,9.165590057E0
7.809574687E1,-3.144660645E0,8.213420105E-1,9.183253326E0
7.810578688E1,-3.130589905E0,8.134085083E-1,9.209299164E0
7.811582688E1,-3.142265625E0,7.806266785E-1,9.204658813E0
7.812586788E1,-3.132236481E0,7.966433716E-1,9.217382355E0
7.813590787E1,-3.131488037E0,7.725434875E-1,9.203910370E0
7.814594887E1,-3.134481812E0,7.679031372E-1,9.185498657E0
7.815598888E1,-3.101699982E0,7.891589355E-1,9.199868774E0
7.816602988E1,-3.112926636E0,8.168513489E-1,9.231602783E0
7.817606988E1,-3.103795624E0,8.202941895E-1,9.194030914E0
7.818611088E1,-3.100053406E0,8.337661743E-1,9.198521576E0
7.819615087E1,-3.111579437E0,8.241860962E-1,9.210197296E0
7.820619187E1,-3.118315430E0,8.132588196E-1,9.176667023E0
7.821623188E1,-3.121458893E0,8.261320496E-1,9.208850098E0
7.822627288E1,-3.065924377E0,9.048683167E-1,9.227561188E0
7.823631288E1,-3.086132355E0,8.663983154E-1,9.162895660E0
7.824635388E1,-3.100652161E0,7.634124756E-1,9.192683716E0
7.825639387E1,-3.094963989E0,7.387138367E-1,9.217232666E0
7.826643487E1,-3.078049164E0,7.432044983E-1,9.196276245E0
7.827647488E1,-3.067870331E0,7.920030212E-1,9.200617218E0
7.828651588E1,-3.037184143E0,8.451425171E-1,9.201814728E0
7.829655588E1,-3.067870331E0,8.325686646E-1,9.226363678E0
7.830659688E1,-3.097957764E0,7.710466003E-1,9.229207764E0
7.831663687E1,-3.086282043E0,7.596702576E-1,9.214987335E0
7.832667787E1,-3.099903717E0,7.171586609E-1,9.204209747E0
7.833671788E1,-3.048410797E0,7.616162109E-1,9.226663055E0
7.834675888E1,-3.002755737E0,8.604107666E-1,9.263336792E0
7.835679888E1,-3.063229980E0,8.424481201E-1,9.267677765E0
7.836683888E1,-3.101699982E0,8.128097534E-1,9.203012238E0
7.837687987E1,-3.094963989E0,8.306227112E-1,9.135203247E0
7.838691988E1,-3.074007568E0,8.084687805E-1,9.129814453E0
7.839696088E1,-3.066972198E0,7.698490906E-1,9.155560913E0
7.840700087E1,-3.040327606E0,8.078700256E-1,9.190737762E0
7.841704188E1,-3.047961731E0,7.976911926E-1,9.238787842E0
7.842708188E1,-3.039130096E0,8.378077698E-1,9.286538544E0
7.843712287E1,-3.050805817E0,8.578660583E-1,9.310339050E0
7.844716288E1,-3.076552277E0,8.077203369E-1,9.278605042E0
7.845720388E1,-3.069516907E0,8.035290527E-1,9.268276520E0
7.846724387E1,-3.058439941E0,7.933502197E-1,9.251212006E0
7.847728487E1,-3.016976166E0,7.891589355E-1,9.228459320E0
7.848732488E1,-3.022963715E0,7.824229431E-1,9.195078735E0
7.849736587E1,-3.011737061E0,8.062234497E-1,9.170679474E0
7.850740588E1,-3.022664337E0,7.988887024E-1,9.169182587E0
7.851744688E1,-3.068618774E0,7.982899475E-1,9.247320099E0
7.852748687E1,-3.061733093E0,8.363108826E-1,9.213191071E0
7.853752787E1,-3.082390137E0,8.449928284E-1,9.172475739E0
7.854756788E1,-3.072810059E0,8.180488586E-1,9.184001770E0
7.855760887E1,-3.054248657E0,8.062234497E-1,9.193432159E0
7.856764888E1,-3.047213287E0,8.313711548E-1,9.203161926E0
7.857768988E1,-3.056943054E0,8.216413879E-1,9.258846130E0
7.858772987E1,-3.072211304E0,8.286767578E-1,9.272617493E0
7.859777087E1,-3.099304962E0,8.437953186E-1,9.236243134E0
7.860781088E1,-3.094514923E0,8.223898315E-1,9.235345001E0
7.861785187E1,-3.085982666E0,8.217910767E-1,9.189989319E0
7.862789188E1,-3.094514923E0,8.189469910E-1,9.199868774E0
7.863793288E1,-3.140469360E0,7.981402588E-1,9.245972900E0
7.864797287E1,-3.111130371E0,8.174501038E-1,9.231303406E0
7.865801387E1,-3.094065857E0,8.104147339E-1,9.255403290E0
7.866805388E1,-3.114872589E0,7.770341492E-1,9.225764923E0
7.867809388E1,-3.105442200E0,7.804769897E-1,9.210346985E0
7.868813488E1,-3.091820526E0,7.746391296E-1,9.184450836E0
7.869817487E1,-3.052302704E0,8.135581970E-1,9.195078735E0
7.870821587E1,-3.032843170E0,8.643026733E-1,9.193881226E0
7.871825588E1,-3.032244415E0,8.530760193E-1,9.177116089E0
7.872829688E1,-3.046165466E0,8.517288208E-1,9.182504883E0
7.873833688E1,-3.069816284E0,8.336164856E-1,9.238338776E0
7.874837788E1,-3.072660370E0,8.424481201E-1,9.222322083E0
7.875841787E1,-3.081791382E0,8.596623230E-1,9.230554962E0
7.876845887E1,-3.083887024E0,8.319699097E-1,9.249864807E0
7.877849888E1,-3.088078308E0,8.080197144E-1,9.217232666E0
7.878853988E1,-3.094365234E0,7.911048889E-1,9.228309631E0
7.879857988E1,-3.076103210E0,8.168513489E-1,9.205257568E0
7.880862088E1,-3.072360992E0,8.289761353E-1,9.171876984E0
7.881866087E1,-3.094215546E0,8.397537231E-1,9.166937256E0
7.882870187E1,-3.105741577E0,8.678952026E-1,9.200467529E0
7.883874188E1,-3.073558502E0,8.942404175E-1,9.192833405E0
7.884878288E1,-3.099754028E0,8.598120117E-1,9.195527802E0
7.885882288E1,-3.119213562E0,8.280780029E-1,9.232949982E0
7.886886388E1,-3.111280060E0,8.123606873E-1,9.238488464E0
7.887890387E1,-3.096011810E0,8.099656677E-1,9.221423950E0
7.888894487E1,-3.087180176E0,7.911048889E-1,9.226064301E0
7.889898488E1,-3.095562744E0,8.301736450E-1,9.219927063E0
7.890902588E1,-3.102897491E0,8.505313110E-1,9.221723328E0
7.891906588E1,-3.085234222E0,8.488847351E-1,9.247320099E0
7.892910729E1,-3.078947296E0,8.487350464E-1,9.242530060E0
7.893914729E1,-3.084785156E0,8.593629456E-1,9.221573639E0
7.894918829E1,-3.085832977E0,8.629554749E-1,9.204658813E0
7.895922829E1,-3.107986908E0,8.436456299E-1,9.215735779E0
7.896926929E1,-3.101999359E0,8.672964478E-1,9.233399048E0
7.897930929E1,-3.101101227E0,8.449928284E-1,9.229507141E0
7.898935029E1,-3.079546051E0,8.378077698E-1,9.216633911E0
7.899939029E1,-3.082390137E0,8.324189758E-1,9.191336517E0
7.900943129E1,-3.105442200E0,8.318202209E-1,9.197773132E0
7.901947129E1,-3.126548309E0,8.283773804E-1,9.208101654E0
7.902951229E1,-3.120710449E0,8.294252014E-1,9.194629669E0
7.903955229E1,-3.131038971E0,8.470884705E-1,9.182355194E0
7.904959329E1,-3.108585663E0,8.313711548E-1,9.215286713E0
7.905963329E1,-3.101699982E0,8.391549683E-1,9.213490448E0
7.906967429E1,-3.124452667E0,8.171507263E-1,9.243128815E0
7.907971429E1,-3.140768738E0,8.399034119E-1,9.334738312E0
7.908975529E1,-3.137325897E0,8.422984314E-1,9.326954498E0
7.909979529E1,-3.128045197E0,8.777746582E-1,9.287885742E0
7.910983629E1,-3.171155548E0,8.466394043E-1,9.507928162E0
7.911987629E1,-3.169209595E0,8.255332947E-1,9.166787567E0
7.912991729E1,-3.099304962E0,8.958869934E-1,8.823551331E0
7.913995729E1,-3.047213287E0,9.063652039E-1,9.166637878E0
7.914999829E1,-3.113675079E0,8.439450073E-1,9.143735504E0
7.916003829E1,-3.123105469E0,8.665480042E-1,9.146429901E0
7.917007929E1,-3.180436249E0,8.913963318E-1,9.154213715E0
7.918011929E1,-3.203787689E0,8.734336853E-1,9.170978851E0
7.919016029E1,-3.160527649E0,8.717871094E-1,9.161099396E0
7.920020029E1,-3.141068115E0,8.746311951E-1,9.175170135E0
7.921024129E1,-3.106190643E0,8.461903381E-1,9.162296906E0
7.922028129E1,-3.089425507E0,8.473878479E-1,9.133107605E0
7.923032229E1,-3.068768463E0,8.738827515E-1,9.153614960E0
7.924036229E1,-3.076402588E0,8.845106506E-1,9.219927063E0
7.925040329E1,-3.098107452E0,9.087602234E-1,9.261390839E0
7.926044329E1,-3.110082550E0,9.035211182E-1,9.266779633E0
7.927048429E1,-3.131937103E0,9.343569946E-1,9.228908386E0
7.928052429E1,-3.116968231E0,9.529183960E-1,9.232800293E0
7.929056529E1,-3.108136597E0,9.473799133E-1,9.223968658E0
7.930060529E1,-3.132984924E0,9.246272278E-1,9.203161926E0
7.931064629E1,-3.132984924E0,8.686436462E-1,9.177565155E0
7.932068629E1,-3.126697998E0,8.521778870E-1,9.168733521E0
7.933072729E1,-3.146905975E0,8.279283142E-1,9.194929047E0
7.934076729E1,-3.126997375E0,8.409512329E-1,9.157656555E0
7.935080829E1,-3.099454651E0,8.852590942E-1,9.089099121E0
7.936084829E1,-3.120411072E0,8.776249695E-1,9.102122040E0
7.937088929E1,-3.131188660E0,9.110055542E-1,9.171427917E0
7.938092929E1,-3.131038971E0,9.244775391E-1,9.247918854E0
7.939097029E1,-3.127745819E0,9.172924805E-1,9.289981384E0
7.940101029E1,-3.110232239E0,9.238787842E-1,9.272318115E0
7.941105129E1,-3.121309204E0,8.686436462E-1,9.255403290E0
7.942109129E1,-3.090772705E0,8.604107666E-1,9.203461304E0
7.943113229E1,-3.086132355E0,8.641529846E-1,9.135802002E0
7.944117229E1,-3.084635468E0,8.758287048E-1,9.167835388E0
7.945121329E1,-3.139720917E0,8.884025574E-1,9.185348969E0
7.946125329E1,-3.115920410E0,8.994795227E-1,9.211544495E0
7.947129429E1,-3.115770721E0,9.533674622E-1,9.213640137E0
7.948133429E1,-3.133733368E0,8.650511169E-1,9.313632202E0
7.949137529E1,-3.105142822E0,8.975335693E-1,9.303603058E0
7.950141529E1,-3.115321655E0,8.741821289E-1,9.260343018E0
7.951145629E1,-3.118465118E0,8.840615845E-1,9.196126556E0
7.952149629E1,-3.106190643E0,8.827143860E-1,9.193581848E0
7.953153729E1,-3.116519165E0,8.660989380E-1,9.156608734E0
7.954157729E1,-3.098556519E0,9.045689392E-1,9.125024414E0
7.955161829E1,-3.091221771E0,9.334588623E-1,9.140442352E0
7.956165829E1,-3.073408813E0,9.610015869E-1,9.145382080E0
7.957169929E1,-3.049608307E0,9.734257507E-1,9.157806244E0
7.958174029E1,-3.067720642E0,1.000519409E0,9.176966400E0
7.959178029E1,-3.124752045E0,9.440867615E-1,9.200317841E0
7.960182129E1,-3.135080566E0,9.629475403E-1,9.244026947E0
7.961186129E1,-3.107088776E0,1.008901978E0,9.275311890E0
7.962190229E1,-3.100352783E0,9.678872681E-1,9.238189087E0
7.963194229E1,-3.108136597E0,9.075627136E-1,9.180558929E0
7.964198329E1,-3.081641693E0,9.135502625E-1,9.110354919E0
7.965202329E1,-3.087030487E0,9.346563721E-1,9.089099121E0
7.966206429E1,-3.048560486E0,9.791139221E-1,9.014254761E0
7.967210429E1,-3.144361267E0,1.012344818E0,8.760981445E0
7.968214529E1,-3.163820801E0,1.186582489E0,8.583899689E0
7.969218529E1,-3.125051422E0,1.253044281E0,9.040001221E0
7.970222629E1,-3.019371185E0,1.080303497E0,9.604028320E0
7.971226629E1,-3.167263641E0,1.004561005E0,9.594448242E0
7.972230729E1,-3.203338623E0,9.195378113E-1,9.355844421E0
7.973234729E1,-3.223546600E0,8.625064087E-1,9.299411774E0
7.974238829E1,-3.133883057E0,8.586145020E-1,9.301357727E0
7.975242829E1,-3.111729126E0,8.957373047E-1,9.336085510E0
7.976246929E1,-3.129093018E0,9.539662170E-1,9.368717651E0
7.977250929E1,-3.067271576E0,9.744735718E-1,9.495354309E0
7.978255029E1,-3.062331848E0,9.598040771E-1,9.457782440E0
7.979259029E1,-3.107837219E0,9.036708069E-1,9.311386871E0
7.980263129E1,-3.095263367E0,8.614585876E-1,9.149273987E0
7.981267129E1,-3.156186676E0,8.014334106E-1,9.078022156E0
7.982271229E1,-3.266357574E0,8.195457458E-1,9.009913788E0
7.983275229E1,-3.037633209E0,8.093669128E-1,9.105564880E0
7.984279329E1,-3.054248657E0,1.000968475E0,9.072333984E0
7.985283329E1,-3.157234497E0,1.065933380E0,9.000184021E0
7.986287429E1,-3.115471344E0,1.030606842E0,9.140592041E0
7.987291429E1,-3.061882782E0,1.027762756E0,9.206006012E0
7.988295529E1,-3.049308929E0,1.047970734E0,9.213640137E0
7.989299629E1,-3.044668579E0,1.065634003E0,9.181307373E0
7.990303629E1,-3.089724884E0,1.045426025E0,9.151818695E0
7.991307729E1,-3.067421265E0,1.037193146E0,9.139993286E0
7.992311725E1,-3.053649902E0,1.047371979E0,9.120533752E0
7.993315825E1,-3.084934845E0,1.033151550E0,9.132359161E0
7.994319825E1,-3.075354767E0,1.049018555E0,9.166787567E0
7.995323925E1,-3.068169708E0,1.052311707E0,9.145082703E0
7.996327925E1,-3.055146790E0,1.027164001E0,9.146429901E0
7.997332025E1,-3.058140564E0,1.017583923E0,9.168733521E0
7.998336025E1,-3.107687531E0,1.026565247E0,9.239536285E0
7.999340125E1,-3.131937103E0,9.889933777E-1,9.284143524E0
8.000344125E1,-3.145708466E0,9.527687073E-1,9.263037415E0
8.001348225E1,-3.153342590E0,9.294172668E-1,9.188342743E0
8.002352225E1,-3.120111694E0,9.084608459E-1,9.152267761E0
8.003356325E1,-3.135529633E0,9.005273438E-1,9.164093170E0
8.004360325E1,-3.130739594E0,9.160949707E-1,9.201215973E0
8.005364425E1,-3.082090759E0,9.467811584E-1,9.237740021E0
8.006368425E1,-3.075654144E0,9.680369568E-1,9.221873016E0
8.007372525E1,-3.078647919E0,9.654922485E-1,9.226962433E0
8.008376525E1,-3.095113678E0,9.786648560E-1,9.256600800E0
8.009380625E1,-3.111729126E0,1.015338593E0,9.254205780E0
8.010384625E1,-3.112926636E0,1.013841705E0,9.254355469E0
8.011388725E1,-3.124003601E0,1.006656647E0,9.291478271E0
8.012392725E1,-3.123704224E0,9.741741943E-1,9.237590332E0
8.013396825E1,-3.101250916E0,9.618997192E-1,9.168284454E0
8.014400925E1,-3.078198853E0,9.779164124E-1,9.160800018E0
8.015404925E1,-3.066822510E0,9.547146606E-1,9.133706360E0
8.016409025E1,-3.063229980E0,9.851014709E-1,9.131161652E0
8.017413025E1,-3.069816284E0,9.891430664E-1,9.193881226E0
8.018417125E1,-3.088976440E0,9.633966064E-1,9.178762665E0
8.019421125E1,-3.089425507E0,9.771679688E-1,9.177714844E0
8.020425225E1,-3.104843445E0,9.737251282E-1,9.238787842E0
8.021429225E1,-3.071612549E0,9.690847778E-1,9.234147491E0
8.022433325E1,-3.069965973E0,9.705816650E-1,9.200467529E0
8.023437325E1,-3.096161499E0,9.648934937E-1,9.198970642E0
8.024441425E1,-3.090623016E0,9.915380859E-1,9.197773132E0
8.026449525E1,-3.069367218E0,1.021625519E0,9.190438385E0
8.027453525E1,-3.091072083E0,1.017583923E0,9.173822937E0
8.028457625E1,-3.104843445E0,9.933343506E-1,9.237740021E0
8.029461625E1,-3.107537842E0,9.737251282E-1,9.214687958E0
8.030465725E1,-3.149300995E0,9.786648560E-1,9.186845856E0