"Time (s)","X (m/s^2)","Y (m/s^2)","Z (m/s^2)"
-2.949708316E-3,-1.019170624E1,-3.745211792E-1,-3.535647583E-1
7.091291714E-3,-1.006506958E1,-5.695655823E-1,-5.179229736E-2
1.713229169E-2,-1.003692810E1,-4.661306763E-1,-1.184037781E-1
2.717329172E-2,-9.908046112E0,-4.176315308E-1,8.382568359E-2
3.721429169E-2,-9.912536774E0,-1.886077881E-1,3.688330078E-1
4.725429171E-2,-9.986932068E0,1.637594604E-1,3.896397400E-1
5.729529168E-2,-9.767488403E0,2.502795410E-1,3.147953796E-1
6.733629172E-2,-9.491761780E0,1.945953369E-2,6.899153137E-1
7.737729169E-2,-9.425150299E0,6.227050781E-2,7.978408813E-1
8.741829172E-2,-9.202114105E0,-3.487747192E-2,6.563850403E-1
9.745929169E-2,-9.149573364E0,-2.275268555E-1,5.348377991E-1
1.074992917E-1,-9.282796326E0,-3.535647583E-1,6.089337158E-1
1.175402917E-1,-9.773326263E0,-3.492237854E-1,4.933740234E-1
1.275812917E-1,-1.006581802E1,-3.206332397E-1,4.343966675E-1
1.376222917E-1,-1.000474503E1,-3.589535522E-1,7.882608032E-1
1.476632917E-1,-9.717791748E0,-1.977388000E-1,8.846603394E-1
1.577042917E-1,-9.601633301E0,-1.356179810E-1,1.012195129E0
1.677442917E-1,-9.873168640E0,-6.361770630E-2,1.170116730E0
1.777852917E-1,-9.844727783E0,-8.382568359E-2,1.210233307E0
1.878262917E-1,-9.795779572E0,-1.146615601E-1,1.228944397E0
1.978672917E-1,-9.645192719E0,-1.770817566E-1,1.363664246E0
2.079082917E-1,-9.412875824E0,-2.883004761E-1,1.411714325E0
2.179492917E-1,-9.439520416E0,-2.634521484E-1,1.515149231E0
2.279892917E-1,-9.508676605E0,-1.466949463E-1,1.580413513E0
2.380302917E-1,-9.422306213E0,-1.597178650E-1,1.776805115E0
2.480712917E-1,-9.266031189E0,-1.079255676E-1,1.907333679E0
2.581122917E-1,-9.194929047E0,-6.047424316E-2,2.036065979E0
2.681532917E-1,-9.298064575E0,-4.146377563E-2,2.149679718E0
2.781932917E-1,-9.650132446E0,2.155517578E-2,2.001637573E0
2.882342917E-1,-9.659263458E0,1.118174744E-1,1.854044495E0
2.982752917E-1,-9.444011078E0,5.927673340E-2,1.967957611E0
3.083162917E-1,-9.317524109E0,1.345701599E-1,2.183659058E0
3.183572917E-1,-9.301058350E0,1.820214844E-1,2.370620270E0
3.283982917E-1,-9.446555786E0,1.257385254E-1,2.435435486E0
3.384382917E-1,-9.470655670E0,6.840774536E-2,2.517913971E0
3.484792917E-1,-9.503287811E0,6.810836792E-2,2.312091980E0
3.585202917E-1,-9.435029755E0,-7.185058594E-3,2.179617462E0
3.685612917E-1,-9.450148315E0,-3.308120728E-2,2.132166138E0
3.786022917E-1,-9.448801117E0,-2.110610962E-2,2.127226410E0
3.886432917E-1,-9.294172668E0,-1.672023010E-1,2.139949951E0
3.986832917E-1,-9.330696716E0,5.179229736E-2,2.161056061E0
4.087242917E-1,-9.240434418E0,1.342707825E-1,2.318827972E0
4.187652917E-1,-9.294022980E0,2.571652222E-1,2.270179138E0
4.288062917E-1,-9.136101379E0,2.089654541E-1,2.323618011E0
4.388472917E-1,-9.066645813E0,1.426533508E-1,2.443668365E0
4.488882917E-1,-9.047485657E0,1.200503540E-1,2.541265411E0
4.589282917E-1,-9.070238342E0,9.684860229E-2,2.547103271E0
4.689692917E-1,-9.205257568E0,-1.272354126E-2,2.465073853E0
4.790102917E-1,-9.358538818E0,-2.160008240E-1,2.329006805E0
4.890519167E-1,-9.379046173E0,-1.209484863E-1,2.237397308E0
4.990929167E-1,-9.308991852E0,-3.345542908E-1,2.076481934E0
5.091329167E-1,-9.258097687E0,-3.088078308E-1,1.894011383E0
5.191739167E-1,-9.179660797E0,-1.658551025E-1,1.905088348E0
5.292149167E-1,-9.026978302E0,-3.894900513E-1,1.932481384E0
5.392559167E-1,-8.883127441E0,-4.987628174E-1,1.973047028E0
5.492969167E-1,-8.873247986E0,-3.513194275E-1,1.915716248E0
5.593379167E-1,-8.806935883E0,-2.158511353E-1,1.550026703E0
5.693779167E-1,-9.123677216E0,-1.971400452E-1,1.257834320E0
5.794189167E-1,-9.925709381E0,-4.412823486E-1,1.027313690E0
5.894599167E-1,-1.029349457E1,-4.082011414E-1,5.415737915E-1
5.995009167E-1,-1.041025177E1,-3.873944092E-1,2.411485291E-1
6.095419167E-1,-1.064211960E1,-5.152285767E-1,1.404080200E-1
6.195829167E-1,-1.069226532E1,-5.520520020E-1,-8.831634521E-3
6.296229167E-1,-1.058658508E1,-5.453160095E-1,-6.077362061E-2
6.396639167E-1,-1.034768188E1,-3.998185730E-1,-9.999206543E-2
6.497049167E-1,-1.032642609E1,-5.215155029E-1,-1.055305481E-1
6.597459167E-1,-1.020981857E1,-4.974156189E-1,-1.130149841E-1
6.697869167E-1,-1.005608826E1,-3.929328918E-1,-2.230361938E-2
6.798279167E-1,-1.020173538E1,-4.079017639E-1,-1.297801208E-1
6.898679167E-1,-1.013108231E1,-4.005670166E-1,-2.604583740E-2
6.999089167E-1,-9.885143738E0,-3.496728516E-1,1.151106262E-1
7.099499167E-1,-9.516011353E0,-2.402503967E-1,3.225791931E-1
7.199909167E-1,-9.332343292E0,-1.597178650E-1,3.535647583E-1
7.300319167E-1,-9.322463837E0,-1.444496155E-1,3.442840576E-1
7.400729167E-1,-9.443861389E0,-1.640588379E-1,2.902464294E-1
7.501129167E-1,-9.612261200E0,-1.797761536E-1,2.185455322E-1
7.601539167E-1,-9.732760620E0,-2.607577515E-1,1.254391479E-1
7.701949167E-1,-9.744136963E0,-3.264710999E-1,2.005828857E-2
7.802359167E-1,-9.717492371E0,-3.695814514E-1,-5.763015747E-2
7.902769167E-1,-9.700128479E0,-3.918850708E-1,-9.714797974E-2
8.003169167E-1,-9.706265717E0,-3.781137085E-1,-1.122665405E-1
8.103579167E-1,-9.728269958E0,-3.252735901E-1,-1.064286804E-1
8.203989167E-1,-9.739197235E0,-2.841091919E-1,-1.052311707E-1
8.304399167E-1,-9.732910309E0,-2.659968567E-1,-6.840774536E-2
8.404809167E-1,-9.744286652E0,-2.878514099E-1,-6.017486572E-2
8.505219167E-1,-9.778864746E0,-3.492237854E-1,-9.026229858E-2
8.605619167E-1,-9.832153931E0,-4.192781067E-1,-1.350192261E-1
8.706029167E-1,-9.861492920E0,-4.686753845E-1,-1.996847534E-1
8.806439167E-1,-9.868228912E0,-5.453160095E-1,-2.378553772E-1
8.906849167E-1,-9.845326538E0,-5.649252319E-1,-2.568658447E-1
9.007259167E-1,-9.777667236E0,-5.429209900E-1,-2.665956116E-1
9.107669167E-1,-9.703721008E0,-4.909790039E-1,-2.519261169E-1
9.208069167E-1,-9.620943146E0,-4.170327759E-1,-2.261796570E-1
9.308479167E-1,-9.538464661E0,-3.225791931E-1,-1.794767761E-1
9.408889167E-1,-9.501192169E0,-2.637515259E-1,-1.242416382E-1
9.509299167E-1,-9.495503998E0,-2.505789185E-1,-9.250762939E-2
9.609709167E-1,-9.507628784E0,-2.826123047E-1,-7.634124756E-2
9.710119167E-1,-9.548793182E0,-3.372486877E-1,-1.025367737E-1
9.810519167E-1,-9.630672913E0,-4.085005188E-1,-1.336720276E-1
9.910929167E-1,-9.769584045E0,-4.894821167E-1,-1.700463867E-1
1.001133917E0,-9.877210236E0,-4.945715332E-1,-1.636097717E-1
1.011174917E0,-9.891730042E0,-4.739144897E-1,-1.863624573E-1
1.021215917E0,-9.853409729E0,-4.956193542E-1,-1.706451416E-1
1.031256917E0,-9.785001984E0,-5.322930908E-1,-1.670526123E-1
1.041296917E0,-9.714797974E0,-6.069877625E-1,-1.748364258E-1
1.051337917E0,-9.705966339E0,-6.692582703E-1,-2.112107849E-1
1.061378917E0,-9.757608948E0,-6.735992432E-1,-2.683918762E-1
1.071419917E0,-9.850266266E0,-6.607260132E-1,-3.730242920E-1
1.081460917E0,-9.918374634E0,-6.373745728E-1,-3.567082214E-1
1.091501917E0,-9.970615997E0,-6.240522766E-1,-3.272195435E-1
1.101541917E0,-9.949360199E0,-6.004014587E-1,-3.341052246E-1
1.111582917E0,-9.911339264E0,-6.218069458E-1,-2.950364685E-1
1.121623917E0,-9.905950470E0,-6.426136780E-1,-3.029699707E-1
1.131664917E0,-9.903256073E0,-6.101312256E-1,-2.746788025E-1
1.141705917E0,-9.883048096E0,-5.956114197E-1,-2.089654541E-1
1.151746917E0,-9.859546967E0,-6.454577637E-1,-1.236428833E-1
1.161786917E0,-9.825417938E0,-6.393205261E-1,-1.498384094E-1
1.171827917E0,-9.821376343E0,-6.182144165E-1,-2.378553772E-1
1.181868917E0,-9.817035370E0,-5.858816528E-1,-3.161425781E-1
1.191909917E0,-9.822573853E0,-5.822891235E-1,-3.251239014E-1
1.201950917E0,-9.833800507E0,-5.251080322E-1,-2.923420715E-1
1.211990917E0,-9.833950195E0,-4.504133606E-1,-2.929408264E-1
1.222031917E0,-9.865085449E0,-4.173321533E-1,-3.288661194E-1
1.232072917E0,-9.889484711E0,-3.421884155E-1,-3.676354980E-1
1.242113917E0,-9.855205994E0,-2.966830444E-1,-3.791615295E-1
1.252154917E0,-9.820328522E0,-3.294648743E-1,-3.550616455E-1
1.262195917E0,-9.752519531E0,-3.766168213E-1,-3.073109436E-1
1.272235917E0,-9.696985016E0,-4.092489624E-1,-2.531236267E-1
1.282276917E0,-9.665999451E0,-4.171824646E-1,-2.586621094E-1
1.292317917E0,-9.652078400E0,-4.704716492E-1,-2.588117981E-1
1.302358917E0,-9.688452759E0,-4.870870972E-1,-2.158511353E-1
1.312399917E0,-9.714947662E0,-4.638853455E-1,-1.971400452E-1
1.322440917E0,-9.775421906E0,-4.899311829E-1,-2.110610962E-1
1.332480917E0,-9.792486420E0,-5.393284607E-1,-2.146536255E-1
1.342521917E0,-9.750723267E0,-5.977070618E-1,-1.984872437E-1
1.352562917E0,-9.694440308E0,-6.012995911E-1,-1.669029236E-1
1.362603917E0,-9.622290344E0,-5.863307190E-1,-1.603166199E-1
1.372644917E0,-9.548194427E0,-5.643264771E-1,-1.420545959E-1
1.382685917E0,-9.547895050E0,-5.740562439E-1,-1.395098877E-1
1.392725917E0,-9.576485596E0,-5.990542603E-1,-1.692979431E-1
1.402766917E0,-9.668843536E0,-6.518943787E-1,-1.522334290E-1
1.412807917E0,-9.751322021E0,-7.131170654E-1,-8.996292114E-2
1.422848917E0,-9.822124786E0,-7.297325134E-1,-4.460723877E-2
1.432889917E0,-9.799222412E0,-6.731501770E-1,-2.993774414E-3
1.442930917E0,-9.723180542E0,-5.806425476E-1,1.017883301E-2
1.452970917E0,-9.687404938E0,-4.475692749E-1,-2.080673218E-2
1.463011917E0,-9.667496338E0,-3.617976379E-1,-5.418731689E-2
1.473052917E0,-9.670789490E0,-3.121009827E-1,-8.966354370E-2
1.483093917E0,-9.702822876E0,-2.953358459E-1,-1.272354126E-1
1.493134833E0,-9.728719025E0,-3.321592712E-1,-1.456471252E-1
1.503175833E0,-9.776619415E0,-3.805087280E-1,-1.642085266E-1
1.513215833E0,-9.805359650E0,-4.174818420E-1,-1.386117554E-1
1.523256833E0,-9.829609222E0,-4.221221924E-1,-6.855743408E-2
1.533297833E0,-9.853260040E0,-4.126918030E-1,-2.245330811E-2
1.543338833E0,-9.820178833E0,-4.291575623E-1,-3.008743286E-2
1.553379833E0,-9.784702606E0,-4.394860840E-1,-3.592529297E-3
1.563420833E0,-9.735455017E0,-4.282594299E-1,2.290237427E-2
1.573460833E0,-9.680070190E0,-3.811074829E-1,3.457809448E-2
1.583501833E0,-9.673483887E0,-3.393443298E-1,3.143463135E-2
1.593542833E0,-9.674980774E0,-2.905458069E-1,2.544708252E-2
1.603583833E0,-9.696685638E0,-3.071612549E-1,4.610412598E-2
1.613624833E0,-9.755213928E0,-3.309617615E-1,2.514770508E-2
1.623664833E0,-9.808652802E0,-3.852987671E-1,-4.730163574E-2
1.633705833E0,-9.856702881E0,-4.022135925E-1,-1.125659180E-1
1.643746833E0,-9.858050079E0,-3.917353821E-1,-1.541793823E-1
1.653787833E0,-9.843979340E0,-3.815565491E-1,-1.538800049E-1
1.663828833E0,-9.817783813E0,-3.046165466E-1,-1.251397705E-1
1.673869833E0,-9.791737976E0,-2.315684509E-1,-8.143066406E-2
1.683909833E0,-9.770781555E0,-2.345622253E-1,-5.269042969E-2
1.693950833E0,-9.742939453E0,-2.899470520E-1,-1.526824951E-2
1.703991833E0,-9.705966339E0,-3.411405945E-1,-3.577560425E-2
1.714032833E0,-9.680519257E0,-3.712280273E-1,-6.391708374E-2
1.724073833E0,-9.666448517E0,-4.170327759E-1,-7.589218140E-2
1.734114833E0,-9.672286377E0,-4.320016479E-1,-5.688171387E-2
1.744154833E0,-9.681567078E0,-4.442761230E-1,-9.879455566E-3
1.754195833E0,-9.695338440E0,-4.336482239E-1,1.586700439E-2
1.764236833E0,-9.730664978E0,-4.197271729E-1,3.158432007E-2
1.774277833E0,-9.752369843E0,-4.242178345E-1,8.681945801E-3
1.784318833E0,-9.749226379E0,-4.257147217E-1,-4.296066284E-2
1.794359833E0,-9.720186768E0,-4.237687683E-1,-8.053253174E-2
1.804399833E0,-9.708660736E0,-4.480183411E-1,-9.744735718E-2
1.814440833E0,-9.713899841E0,-4.583468628E-1,-4.924758911E-2
1.824481833E0,-9.747130737E0,-4.402345276E-1,-1.347198486E-2
1.834522833E0,-9.788145447E0,-3.791615295E-1,-1.287322998E-2
1.844563833E0,-9.808203735E0,-3.558100891E-1,-2.514770508E-2
1.854604833E0,-9.824519806E0,-3.426374817E-1,-4.939727783E-3
1.864644833E0,-9.812694397E0,-3.215313721E-1,9.131011963E-3
1.874685833E0,-9.757010193E0,-3.323089600E-1,7.334747314E-3
1.884726833E0,-9.674082642E0,-3.947291565E-1,2.484832764E-2
1.894767833E0,-9.624835052E0,-4.306544495E-1,5.269042969E-2
1.904808833E0,-9.627679138E0,-4.426295471E-1,8.158035278E-2
1.914848833E0,-9.689350891E0,-4.882846069E-1,1.071771240E-1
1.924889833E0,-9.740993500E0,-5.201683044E-1,9.999206543E-2
1.934930833E0,-9.766889648E0,-5.224136353E-1,9.175918579E-2
1.944971833E0,-9.794582062E0,-5.447172546E-1,6.152206421E-2
1.955012833E0,-9.812395020E0,-5.625302124E-1,3.382965088E-2
1.965053833E0,-9.815388794E0,-5.319937134E-1,-2.709365845E-2
1.975094833E0,-9.783954163E0,-4.608915710E-1,-2.918930054E-2
1.985134833E0,-9.777816925E0,-4.104464722E-1,-2.694396973E-2
1.995175833E0,-9.760153656E0,-3.872447205E-1,-2.724334717E-2
2.005216833E0,-9.753118286E0,-3.752696228E-1,-3.098556519E-2
2.015257833E0,-9.741143188E0,-3.772155762E-1,-1.437011719E-2
2.025298833E0,-9.718989258E0,-4.053570557E-1,7.334747314E-3
2.035338833E0,-9.716444550E0,-4.409829712E-1,1.945953369E-3
2.045379833E0,-9.752968597E0,-4.688250732E-1,-3.622467041E-2
2.055420833E0,-9.787097626E0,-4.718188477E-1,-9.520202637E-2
2.065461833E0,-9.828860779E0,-4.532574463E-1,-9.864486694E-2
2.075502833E0,-9.858948212E0,-4.040098572E-1,-1.362167358E-1
2.085543833E0,-9.830507355E0,-4.019142151E-1,-1.318757629E-1
2.095583833E0,-9.810149689E0,-4.282594299E-1,-1.187031555E-1
2.105624833E0,-9.771529999E0,-4.977149963E-1,-7.664062500E-2
2.115665833E0,-9.759854279E0,-5.574407959E-1,-1.676513672E-2
2.125706833E0,-9.753567352E0,-5.680686951E-1,5.089416504E-3
2.135747833E0,-9.754465485E0,-4.815486145E-1,-1.945953369E-2
2.145788833E0,-9.742340698E0,-3.805087280E-1,-4.086502075E-2
2.155828833E0,-9.701475677E0,-2.517764282E-1,-4.011657715E-2
2.165869833E0,-9.661957855E0,-1.911524963E-1,-4.670288086E-2
2.175910833E0,-9.637109528E0,-2.225871277E-1,-5.044509888E-2
2.185951833E0,-9.637558594E0,-2.621049500E-1,-8.502319336E-2
2.195992833E0,-9.675280151E0,-2.969824219E-1,-1.119671631E-1
2.206033833E0,-9.710606689E0,-3.216810608E-1,-1.492396545E-1
2.216073833E0,-9.731263733E0,-3.098556519E-1,-1.672023010E-1
2.226114833E0,-9.730215912E0,-3.068618774E-1,-1.775308228E-1
2.236155833E0,-9.748777313E0,-3.715274048E-1,-1.660047913E-1
2.246196833E0,-9.793983307E0,-4.546046448E-1,-1.704954529E-1
2.256237833E0,-9.836794281E0,-5.168751526E-1,-1.757345581E-1
2.266278833E0,-9.873168640E0,-4.953199768E-1,-2.143542480E-1
2.276318833E0,-9.872120819E0,-4.903802490E-1,-1.990859985E-1
2.286359833E0,-9.815688171E0,-4.887336731E-1,-1.537303162E-1
2.296400833E0,-9.736353149E0,-4.580474854E-1,-9.445358276E-2
2.306441833E0,-9.652976532E0,-4.462220764E-1,-2.709365845E-2
2.316482833E0,-9.629774780E0,-3.915856934E-1,2.260299683E-2
2.326522833E0,-9.618847504E0,-3.541635132E-1,3.472778320E-2
2.336563833E0,-9.620943146E0,-3.561094666E-1,2.769241333E-2
2.346604833E0,-9.633966064E0,-3.644920349E-1,1.826202393E-2
2.356645833E0,-9.662107544E0,-3.878434753E-1,-2.395019531E-2
2.366686833E0,-9.666149139E0,-4.399351501E-1,-5.643264771E-2
2.376727833E0,-9.711504822E0,-5.049000549E-1,-9.175918579E-2
2.386767833E0,-9.777218170E0,-5.783972168E-1,-8.681945801E-2
2.396808833E0,-9.839039612E0,-6.183641052E-1,-9.071136475E-2
2.406849833E0,-9.875264282E0,-6.137237549E-1,-9.011260986E-2
2.416890833E0,-9.874066772E0,-6.086343384E-1,-7.125183105E-2
2.426931833E0,-9.847122803E0,-6.138734436E-1,-1.124162292E-1
2.436972833E0,-9.790091400E0,-6.182144165E-1,-9.595046997E-2
2.447012833E0,-9.695338440E0,-5.923182678E-1,-6.436614990E-2
2.457053833E0,-9.646988983E0,-5.550457764E-1,-2.544708252E-2
2.467094833E0,-9.668693848E0,-5.069956970E-1,1.646575928E-3
2.477135833E0,-9.704768829E0,-4.782554626E-1,-5.538482666E-3
2.487176833E0,-9.774074707E0,-4.677772522E-1,-6.825805664E-2
2.497218042E0,-9.821076965E0,-4.715194702E-1,-1.206491089E-1
2.507258042E0,-9.842033386E0,-4.197271729E-1,-1.381626892E-1
2.517299042E0,-9.804910583E0,-3.679348755E-1,-1.422042847E-1
2.527340042E0,-9.739346924E0,-3.538641357E-1,-9.280700684E-2
2.537381042E0,-9.695937195E0,-3.421884155E-1,-3.158432007E-2
2.547422042E0,-9.668544159E0,-3.833528137E-1,2.320175171E-2
2.557462042E0,-9.667945404E0,-4.242178345E-1,4.026626587E-2
2.567503042E0,-9.685608673E0,-4.752616882E-1,4.221221924E-2
2.577544042E0,-9.691596222E0,-5.192701721E-1,5.418731689E-2
2.587585042E0,-9.694440308E0,-5.477110291E-1,3.607498169E-2
2.597626042E0,-9.733209686E0,-5.340893555E-1,2.499801636E-2
2.607667042E0,-9.750573578E0,-4.713697815E-1,-1.392105103E-2
2.617707042E0,-9.752968597E0,-4.085005188E-1,-1.751358032E-2
2.627748042E0,-9.755213928E0,-3.778143311E-1,-2.380050659E-2
2.637789042E0,-9.743388519E0,-3.529660034E-1,-2.065704346E-2
2.647830042E0,-9.689949646E0,-3.143463135E-1,-3.053649902E-2
2.657871042E0,-9.686506805E0,-3.300636292E-1,-3.412902832E-2
2.667912042E0,-9.703870697E0,-3.526666260E-1,-6.256988525E-2
2.677952042E0,-9.751022644E0,-3.749702454E-1,-6.286926270E-2
2.687993042E0,-9.811197510E0,-3.734733582E-1,-5.478607178E-2
2.698034042E0,-9.804760895E0,-3.311114502E-1,-6.346801758E-2
2.708075042E0,-9.784403229E0,-3.302133179E-1,-5.733078003E-2
2.718116042E0,-9.741891632E0,-3.207829285E-1,-6.361770630E-2
2.728157042E0,-9.692045288E0,-3.311114502E-1,-9.145980835E-2
2.738197042E0,-9.701325989E0,-3.454815674E-1,-9.490264893E-2
2.748238042E0,-9.724976807E0,-3.905378723E-1,-9.565109253E-2
2.758279042E0,-9.742041321E0,-4.129911804E-1,-9.160949707E-2
2.768320042E0,-9.791139221E0,-3.866459656E-1,-5.418731689E-2
2.778361042E0,-9.817933502E0,-3.597019958E-1,-4.834945679E-2
2.788401042E0,-9.827812958E0,-3.490740967E-1,1.197509766E-3
2.798442042E0,-9.798923035E0,-3.216810608E-1,3.173400879E-2
2.808483042E0,-9.746681671E0,-3.252735901E-1,4.460723877E-2
2.818524042E0,-9.689949646E0,-3.341052246E-1,5.628295898E-2
2.828565042E0,-9.635462952E0,-3.408412170E-1,1.886077881E-2
2.838606042E0,-9.633966064E0,-3.478765869E-1,6.885681152E-3
2.848646042E0,-9.655970306E0,-3.537144470E-1,-2.799179077E-2
2.858687042E0,-9.723180542E0,-3.688330078E-1,-3.382965088E-2
2.868728042E0,-9.757908325E0,-3.555107117E-1,-3.622467041E-2
2.878769042E0,-9.769584045E0,-3.315605164E-1,-3.742218018E-2
2.888810042E0,-9.763596497E0,-3.311114502E-1,-6.691085815E-2
2.898850042E0,-9.750124512E0,-3.538641357E-1,-9.220825195E-2
2.908891042E0,-9.738448792E0,-3.694317627E-1,-1.073268127E-1
2.918932042E0,-9.767189026E0,-3.960763550E-1,-1.122665405E-1
2.928973042E0,-9.804910583E0,-4.090992737E-1,-1.064286804E-1
2.939014042E0,-9.846823425E0,-4.007167053E-1,-6.900650024E-2
2.949055042E0,-9.858798523E0,-3.903881836E-1,-3.502716064E-2
2.959095042E0,-9.812694397E0,-3.941304016E-1,-8.981323242E-4
2.969136042E0,-9.765243073E0,-4.158352661E-1,-8.981323242E-3
2.979177042E0,-9.698631592E0,-4.641847229E-1,-1.032852173E-2
2.989218042E0,-9.641749878E0,-4.665797424E-1,1.257385254E-2
2.999259042E0,-9.665999451E0,-4.526586914E-1,2.080673218E-2
3.009300042E0,-9.713750153E0,-4.357438660E-1,2.604583740E-2
3.019340042E0,-9.751172333E0,-4.258644104E-1,2.409988403E-2
3.029381042E0,-9.739346924E0,-4.194277954E-1,1.886077881E-2
3.039422042E0,-9.722132721E0,-4.156855774E-1,2.888992310E-2
3.049463042E0,-9.704170074E0,-4.279600525E-1,2.050735474E-2
3.059504042E0,-9.703571320E0,-4.475692749E-1,4.790039062E-3
3.069545042E0,-9.721084900E0,-4.340972900E-1,-1.886077881E-2
3.079585042E0,-9.749974823E0,-4.360432434E-1,-5.763015747E-2
3.089626042E0,-9.815688171E0,-4.179309082E-1,-9.460327148E-2
3.099667042E0,-9.818532257E0,-3.737727356E-1,-1.199006653E-1
3.109708042E0,-9.833201752E0,-3.598516846E-1,-1.437011719E-1
3.119749042E0,-9.809700623E0,-3.339555359E-1,-1.070274353E-1
3.129789042E0,-9.785451050E0,-3.348536682E-1,-6.167175293E-2
3.139830042E0,-9.759554901E0,-3.028202820E-1,-6.466552734E-2
3.149871042E0,-9.710307312E0,-3.055146790E-1,-8.202941895E-2
3.159912042E0,-9.650581512E0,-3.532653809E-1,-1.170565796E-1
3.169953042E0,-9.649683380E0,-3.953279114E-1,-8.352630615E-2
3.179994042E0,-9.660161591E0,-4.701722717E-1,-1.010398865E-1
3.190034042E0,-9.705217896E0,-5.017565918E-1,-1.404080200E-1
3.200075042E0,-9.741741943E0,-5.065466309E-1,-1.797761536E-1
3.210116042E0,-9.773475952E0,-4.616400146E-1,-2.151026917E-1
3.220157042E0,-9.810000000E0,-3.899391174E-1,-2.496807861E-1
3.230198042E0,-9.826465759E0,-3.638932800E-1,-2.336640930E-1
3.240239042E0,-9.834698639E0,-3.686833191E-1,-2.423460388E-1
3.250279042E0,-9.837093658E0,-3.858975220E-1,-2.528242493E-1
3.260320042E0,-9.817783813E0,-4.553530884E-1,-2.372566223E-1
3.270361042E0,-9.773026886E0,-5.004093933E-1,-2.417472839E-1
3.280402042E0,-9.740245056E0,-5.300477600E-1,-2.508782959E-1
3.290443042E0,-9.715696106E0,-5.671705627E-1,-2.622546387E-1
3.300483042E0,-9.695787506E0,-5.348377991E-1,-2.472857666E-1
3.310524042E0,-9.681866455E0,-4.893324280E-1,-2.115101624E-1
3.320565042E0,-9.679172058E0,-4.354444885E-1,-1.645079041E-1
3.330606042E0,-9.672136688E0,-4.019142151E-1,-1.454974365E-1
3.340647042E0,-9.667496338E0,-4.025129700E-1,-1.466949463E-1
3.350688042E0,-9.659413147E0,-4.230203247E-1,-1.324745178E-1
3.360728042E0,-9.646689606E0,-4.321513367E-1,-1.375639343E-1
3.370769042E0,-9.647138672E0,-4.643344116E-1,-1.606159973E-1
3.380810042E0,-9.652527466E0,-4.472698975E-1,-1.920506287E-1
3.390851042E0,-9.652677155E0,-4.429289246E-1,-2.079176331E-1
3.400892042E0,-9.686207428E0,-4.372407532E-1,-1.983375549E-1
3.410932042E0,-9.723928986E0,-4.442761230E-1,-2.059716797E-1
3.420973042E0,-9.757908325E0,-4.068539429E-1,-2.279759216E-1
3.431014042E0,-9.795031128E0,-3.619473267E-1,-2.709365845E-1
3.441055042E0,-9.814191284E0,-3.662882996E-1,-2.618055725E-1
3.451096042E0,-9.781708832E0,-3.761677551E-1,-2.387535095E-1
3.461137042E0,-9.776769104E0,-3.748205566E-1,-2.233355713E-1
3.471177042E0,-9.772577820E0,-4.067042542E-1,-2.085163879E-1
3.481218042E0,-9.803563385E0,-4.198768616E-1,-1.954934692E-1
3.491258708E0,-9.799222412E0,-4.170327759E-1,-1.689985657E-1
3.501299708E0,-9.811496887E0,-3.869453430E-1,-1.892065430E-1
3.511340708E0,-9.795180817E0,-3.897894287E-1,-2.634521484E-1
3.521381708E0,-9.729916534E0,-4.095483398E-1,-2.761756897E-1
3.531421708E0,-9.688303070E0,-4.207749939E-1,-2.408491516E-1
3.541462708E0,-9.643995209E0,-4.394860840E-1,-2.013313293E-1
3.551503708E0,-9.659862213E0,-4.218228149E-1,-1.519340515E-1
3.561544708E0,-9.707762604E0,-4.287084961E-1,-1.422042847E-1
3.571585708E0,-9.735305328E0,-4.427792358E-1,-1.124162292E-1
3.581625708E0,-9.744436340E0,-4.607418823E-1,-1.082249451E-1
3.591666708E0,-9.754016418E0,-4.713697815E-1,-9.684860229E-2
3.601707708E0,-9.742939453E0,-5.206173706E-1,-1.014889526E-1
3.611748708E0,-9.734257507E0,-5.786965942E-1,-1.101708984E-1
3.621789708E0,-9.720336456E0,-6.176156616E-1,-1.507365417E-1
3.631830708E0,-9.705517273E0,-5.923182678E-1,-1.881587219E-1
3.641870708E0,-9.711804199E0,-5.216651917E-1,-1.799258423E-1
3.651911708E0,-9.677974548E0,-4.808001709E-1,-1.975891113E-1
3.661952708E0,-9.667196960E0,-4.620890808E-1,-2.067201233E-1
3.671993708E0,-9.657616882E0,-4.697232056E-1,-2.017803955E-1
3.682034708E0,-9.666598206E0,-4.706213379E-1,-1.866618347E-1
3.692075708E0,-9.667196960E0,-4.920268250E-1,-2.091151428E-1
3.702115708E0,-9.657317505E0,-5.025050354E-1,-2.248324585E-1
3.712156708E0,-9.629625092E0,-5.251080322E-1,-2.827619934E-1
3.722197708E0,-9.630672913E0,-5.093907166E-1,-3.056643677E-1
3.732238708E0,-9.653126221E0,-4.842430115E-1,-3.073109436E-1
3.742279708E0,-9.731413422E0,-4.986131287E-1,-3.492237854E-1
3.752319708E0,-9.765243073E0,-4.903802490E-1,-3.614982605E-1
3.762360708E0,-9.802964630E0,-4.153862000E-1,-3.565585327E-1
3.772401708E0,-9.829309845E0,-2.839595032E-1,-3.541635132E-1
3.782442708E0,-9.795180817E0,-2.447410583E-1,-2.965333557E-1
3.792483708E0,-9.752070465E0,-2.504292297E-1,-2.592608643E-1
3.802524708E0,-9.693093109E0,-2.874023438E-1,-2.652484131E-1
3.812564708E0,-9.645941162E0,-3.326083374E-1,-3.144960022E-1
3.822605708E0,-9.644444275E0,-3.743714905E-1,-3.311114502E-1
3.832646708E0,-9.644144897E0,-4.037104797E-1,-3.170407104E-1
3.842687708E0,-9.645342407E0,-4.207749939E-1,-2.917433167E-1
3.852728708E0,-9.663754120E0,-4.225712585E-1,-2.869532776E-1
3.862769708E0,-9.756561127E0,-2.393522644E-1,-3.209326172E-1
3.872809708E0,-9.830657043E0,-2.436932373E-1,-2.616558838E-1
3.882850708E0,-9.881850586E0,-2.357597351E-1,-1.922003174E-1
3.892891708E0,-9.911189575E0,-1.490899658E-1,-2.151026917E-1
3.902932708E0,-9.893975372E0,-1.154100037E-1,-3.005749512E-1
3.912973708E0,-9.893077240E0,-1.384620667E-1,-3.746708679E-1
3.923013708E0,-9.850266266E0,-1.731898499E-1,-4.294569397E-1
3.933054708E0,-9.768685913E0,-1.725910950E-1,-4.180805969E-1
3.943095708E0,-9.700876923E0,-1.299298096E-1,-3.499722290E-1
3.953136708E0,-9.665999451E0,-4.550537109E-2,-2.824626160E-1
3.963177708E0,-9.701325989E0,-2.095642090E-2,-2.797682190E-1
3.973218708E0,-9.709409180E0,-4.550537109E-2,-2.874023438E-1
3.983258708E0,-9.723629608E0,-6.002517700E-2,-2.850073242E-1
3.993299708E0,-9.713899841E0,-1.011895752E-1,-2.975811768E-1
4.003340708E0,-9.716743927E0,-1.032852173E-1,-2.835104370E-1
4.013381708E0,-9.716444550E0,-1.422042847E-1,-2.423460388E-1
4.023422708E0,-9.727820892E0,-2.157014465E-1,-1.972897339E-1
4.033462708E0,-9.743987274E0,-2.436932373E-1,-1.754351807E-1
4.043503708E0,-9.735904083E0,-2.356100464E-1,-1.993853760E-1
4.053544708E0,-9.718540192E0,-2.752775574E-1,-2.667453003E-1
4.063585708E0,-9.676028595E0,-3.321592712E-1,-3.152444458E-1
4.073626708E0,-9.619146881E0,-3.336561584E-1,-3.116519165E-1
4.083667708E0,-9.538764038E0,-3.197351074E-1,-2.649490356E-1
4.093707708E0,-9.523944855E0,-3.493734741E-1,-2.143542480E-1
4.103748708E0,-9.576485596E0,-3.362008667E-1,-1.776805115E-1
4.113789708E0,-9.627529449E0,-2.333647156E-1,-1.920506287E-1
4.123830708E0,-9.693991241E0,-1.219963074E-1,-2.348616028E-1
4.133871708E0,-9.708960114E0,9.879455566E-3,-3.171903992E-1
4.143912708E0,-9.729617157E0,1.526824951E-1,-3.796105957E-1
4.153952708E0,-9.822873230E0,2.734812927E-1,-4.354444885E-1
4.163993708E0,-9.857002258E0,3.677851868E-1,-4.704716492E-1
4.174034708E0,-9.847721558E0,3.327580261E-1,-4.614903259E-1
4.184075708E0,-9.786349182E0,3.065625000E-1,-4.842430115E-1
4.194116708E0,-9.672286377E0,2.788700867E-1,-5.557942200E-1
4.204156708E0,-9.620643768E0,2.579136658E-1,-5.921685791E-1
4.214197708E0,-9.608069916E0,3.083587646E-1,-7.020401001E-1
4.224238708E0,-9.600884857E0,3.628454590E-1,-8.104147339E-1
4.234279708E0,-9.637857971E0,2.065704346E-1,-7.529342651E-1
4.244320708E0,-9.669591980E0,-3.412902832E-2,-6.634204102E-1
4.254361708E0,-9.662107544E0,-2.565664673E-1,-6.065386963E-1
4.264401708E0,-9.538764038E0,-3.873944092E-1,-6.012995911E-1
4.274442708E0,-9.378746796E0,-3.978726196E-1,-7.017407227E-1
4.284483708E0,-9.233548737E0,-4.490661621E-1,-7.903564453E-1
4.294524708E0,-9.086255035E0,-5.530998230E-1,-7.442523193E-1
4.304565708E0,-9.045090637E0,-7.198530579E-1,-6.062393188E-1
4.314606708E0,-9.062304840E0,-8.861572266E-1,-5.096900940E-1
4.324646708E0,-9.062155151E0,-1.024170227E0,-4.067042542E-1
4.334687708E0,-9.179511108E0,-9.830058289E-1,-4.011657715E-1
4.344728708E0,-9.447753296E0,-6.875202942E-1,-5.999523926E-1
4.354769708E0,-9.705816650E0,-3.107537842E-1,-8.454418945E-1
4.364810708E0,-9.918075256E0,-3.359014893E-1,-1.011895752E0
4.374850708E0,-1.019275406E1,-7.167095947E-1,-1.032552795E0
4.384891708E0,-1.034977753E1,-1.237326965E0,-1.069525909E0
4.394932708E0,-1.038450531E1,-1.658700714E0,-1.108594666E0
4.404973708E0,-1.040201889E1,-1.886377258E0,-9.193881226E-1
4.415014708E0,-1.038001465E1,-1.971550140E0,-6.176156616E-1
4.425055708E0,-1.026325745E1,-1.868264923E0,-3.637435913E-1
4.435095708E0,-1.019484970E1,-1.659898224E0,-1.210981750E-1
4.445136708E0,-1.010788055E1,-1.408121796E0,1.842668152E-1
4.455177708E0,-9.997709656E0,-1.268162842E0,2.188449097E-1
4.465218708E0,-9.912985840E0,-1.228944397E0,8.158035278E-2
4.475259708E0,-9.744136963E0,-1.227148132E0,-1.667532349E-1
4.485300708E0,-9.659113770E0,-1.311422882E0,-3.245251465E-1
4.495341292E0,-9.533075867E0,-1.298549652E0,-4.002676392E-1
4.505382292E0,-9.477541351E0,-1.235979767E0,-3.420387268E-1
4.515423292E0,-9.531429291E0,-1.140628052E0,-2.794688416E-1
4.525464292E0,-9.535620575E0,-1.004111938E0,-2.706372070E-1
4.535505292E0,-9.463620300E0,-9.445358276E-1,-2.944377136E-1
4.545545292E0,-9.414672089E0,-9.806108093E-1,-2.701881409E-1
4.555586292E0,-9.310189362E0,-1.123563538E0,-1.459465027E-1
4.565627292E0,-9.106612701E0,-1.317859497E0,1.332229614E-2
4.575668292E0,-8.875643005E0,-1.535656586E0,1.414558411E-1
4.585709292E0,-8.658294983E0,-1.763782196E0,2.408491516E-1
4.595750292E0,-8.487051086E0,-1.958826599E0,3.909869385E-1
4.605790292E0,-8.428522797E0,-2.048190765E0,5.060975647E-1
4.615831292E0,-8.469836884E0,-1.953437805E0,5.706134033E-1
4.625872292E0,-8.596024475E0,-1.760489044E0,6.432124329E-1
4.635913292E0,-8.774752808E0,-1.564696198E0,7.647596741E-1
4.645954292E0,-8.959319000E0,-1.343605957E0,8.904981995E-1
4.655995292E0,-9.098978577E0,-1.149010620E0,1.150058441E0
4.666035292E0,-9.193581848E0,-1.076112213E0,1.265318756E0
4.676076292E0,-9.211694183E0,-1.218316498E0,1.156495056E0
4.686117292E0,-9.240883484E0,-1.500779114E0,8.671467590E-1
4.696158292E0,-9.365723877E0,-1.658251648E0,5.523513794E-1
4.706199292E0,-9.494156799E0,-1.695823517E0,3.796105957E-1
4.716239292E0,-9.564510498E0,-1.623972931E0,2.561174011E-1
4.726280292E0,-9.699679413E0,-1.483415222E0,1.850152588E-1
4.736321292E0,-9.921518097E0,-1.278641052E0,-8.232879639E-2
4.746362292E0,-1.029139893E1,-9.442364502E-1,-5.300477600E-1
4.756403292E0,-1.076800781E1,-6.101312256E-1,-6.741979980E-1
4.766444292E0,-1.130179779E1,-5.514532471E-1,-6.221063232E-1
4.776484292E0,-1.171448959E1,-8.411009216E-1,-5.218148804E-1
4.786525292E0,-1.208257416E1,-1.237626343E0,-3.854484558E-1
4.796566292E0,-1.245964005E1,-1.660347290E0,-1.688488770E-1
4.806607292E0,-1.280527130E1,-2.216740265E0,4.655319214E-2
4.816648292E0,-1.301303925E1,-2.735711060E0,1.290316772E-1
4.826689292E0,-1.300465668E1,-3.062331848E0,2.519261169E-1
4.836729292E0,-1.279569122E1,-3.142115936E0,5.541476440E-1
4.846770292E0,-1.239138199E1,-3.014431458E0,1.025367737E0
4.856811292E0,-1.191866501E1,-2.926863556E0,1.459465027E0
4.866852292E0,-1.158351196E1,-2.798580322E0,1.420396271E0
4.876893292E0,-1.147932861E1,-2.704276428E0,9.234297180E-1
4.886933292E0,-1.149744095E1,-2.608325958E0,2.255809021E-1
4.896974292E0,-1.148711243E1,-2.408641205E0,-3.094065857E-1
4.907015292E0,-1.147962799E1,-2.480940857E0,-8.388555908E-1
4.917056292E0,-1.125808868E1,-2.844085693E0,-1.664987640E0
4.927097292E0,-1.075244019E1,-3.534001007E0,-2.830613708E0
4.937138292E0,-1.003767654E1,-3.974684601E0,-4.099824371E0
4.947178292E0,-9.298663330E0,-3.496429138E0,-4.690496063E0
4.957219292E0,-8.671617279E0,-2.679278412E0,-4.752916260E0
4.967260292E0,-8.444389801E0,-2.118245087E0,-4.515659637E0
4.977301292E0,-8.470285950E0,-1.353186035E0,-4.249513092E0
4.987342292E0,-8.556057587E0,-6.054908752E-1,-3.951033783E0
4.997383292E0,-8.936716003E0,5.179229736E-2,-3.429218903E0
5.007423292E0,-9.484726410E0,7.951464844E-1,-3.105591888E0
5.017464292E0,-9.917925568E0,1.256337433E0,-2.890189819E0
5.027505292E0,-1.006222549E1,1.351090393E0,-2.809507599E0
5.037546292E0,-1.002794678E1,1.202599182E0,-2.646945648E0
5.047587292E0,-9.836494904E0,6.122268677E-1,-2.375709686E0
5.057627292E0,-9.721084900E0,-1.923500061E-1,-2.023342438E0
5.067668292E0,-9.493558044E0,-9.324110413E-1,-1.828597412E0
5.077709292E0,-9.301058350E0,-1.662442932E0,-1.609602814E0
5.087750292E0,-9.246122589E0,-2.074386292E0,-1.578467560E0
5.097791292E0,-9.198671265E0,-2.156864777E0,-1.568139038E0
5.107832292E0,-9.036857758E0,-2.057770844E0,-1.815424805E0
5.117872292E0,-8.726103973E0,-1.920057220E0,-1.951641541E0
5.127913292E0,-8.432115326E0,-1.651216278E0,-1.852996674E0
5.137954292E0,-7.899223480E0,-1.130449219E0,-1.939067688E0
5.147995292E0,-7.329208832E0,-7.586224365E-1,-1.756896515E0
5.158036292E0,-7.068900146E0,-3.275189209E-1,-1.462907867E0
5.168077292E0,-7.049141235E0,3.267704773E-1,-1.102756805E0
5.178117292E0,-7.153623962E0,1.022523651E0,-8.466394043E-1
5.188158292E0,-7.549101563E0,1.541793823E0,-6.547384644E-1
5.198199292E0,-8.038733368E0,1.945803680E0,-5.215155029E-1
5.208240292E0,-8.229586487E0,2.223625946E0,-5.998027039E-1
5.218281292E0,-8.205336914E0,2.339335327E0,-5.631289673E-1
5.228321292E0,-8.020471344E0,2.278711395E0,-4.346960449E-1
5.238362292E0,-7.760012970E0,2.125579834E0,-3.832031250E-1
5.248403292E0,-7.604636078E0,1.806144104E0,-4.802014160E-1
5.258444292E0,-7.608677673E0,1.295855255E0,-4.622387695E-1
5.268485292E0,-7.736960907E0,8.433462524E-1,-2.785707092E-1
5.278526292E0,-7.862400055E0,5.161267090E-1,-2.594105530E-1
5.288566292E0,-7.793692932E0,3.700305176E-1,-2.604583740E-1
5.298607292E0,-7.685467987E0,4.547543335E-1,-6.795867920E-2
5.308648292E0,-7.679480438E0,4.131408691E-1,6.301895142E-2
5.318689292E0,-7.773185577E0,3.730242920E-1,2.896476746E-1
5.328730292E0,-7.870782623E0,5.173242188E-1,7.204518127E-1
5.338771292E0,-8.109835510E0,4.932243347E-1,9.584568787E-1
5.348811292E0,-8.502618713E0,5.748046875E-1,1.015787659E0
5.358852292E0,-8.974736938E0,6.830296326E-1,1.054407349E0
5.368893292E0,-9.545350342E0,5.852828979E-1,7.899073792E-1
5.378934292E0,-1.021730301E1,4.098477173E-1,3.760180664E-1
5.388975292E0,-1.104268661E1,3.327580261E-1,2.874023438E-2
5.399016292E0,-1.186777084E1,2.838098145E-1,-2.528242493E-1
5.409056292E0,-1.266740799E1,7.035369873E-2,-3.126997375E-1
5.419097292E0,-1.356134903E1,-3.174897766E-1,1.496887207E-3
5.429138292E0,-1.446546890E1,-5.113366699E-1,6.941065979E-1
5.439179292E0,-1.507515106E1,-7.912545776E-1,1.394051056E0
5.449220292E0,-1.527453644E1,-1.121318207E0,2.093845825E0
5.459260292E0,-1.495465164E1,-1.452729034E0,2.709365845E0
5.469301292E0,-1.410172531E1,-1.446891174E0,2.275268555E0
5.479342292E0,-1.292891418E1,-1.089883575E0,3.480262756E-1
5.489383292E0,-1.204485260E1,-1.944456482E-1,-1.356628876E0
5.499423167E0,-1.179053146E1,1.901046753E0,-2.178569641E0
5.509464167E0,-1.260738281E1,4.306394806E0,-3.696263580E0
5.519504167E0,-1.311437851E1,6.339467010E0,-5.009931793E0
5.529545167E0,-1.236428833E1,6.691085815E0,-5.818849640E0
5.539586167E0,-1.147588577E1,5.241500244E0,-5.994434509E0
5.549627167E0,-1.065154999E1,3.222199402E0,-5.565576324E0
5.559668167E0,-1.001956421E1,1.837878113E0,-5.235662384E0
5.569709167E0,-9.715097351E0,8.563691711E-1,-5.320835266E0
5.579749167E0,-9.622440033E0,-1.986369324E-1,-5.242997131E0
5.589790167E0,-9.785600739E0,-1.293310547E0,-5.054539032E0
5.599831167E0,-9.911039886E0,-2.011217651E0,-4.693190460E0
5.609872167E0,-1.015503250E1,-2.487826538E0,-4.058360596E0
5.619913167E0,-1.046219376E1,-2.515668640E0,-3.607198792E0
5.629953167E0,-1.040740768E1,-2.201022949E0,-3.404520264E0
5.639994167E0,-1.014111145E1,-1.722019043E0,-3.203787689E0
5.650035167E0,-9.749376068E0,-1.044228516E0,-2.842588806E0
5.660076167E0,-9.189390564E0,-1.767823792E-1,-2.254910889E0
5.670117167E0,-8.624764709E0,7.171586609E-1,-1.794767761E0
5.680158167E0,-8.107590179E0,1.527573395E0,-1.572180634E0
5.690198167E0,-7.799530792E0,2.117646332E0,-1.435365143E0
5.700239167E0,-7.413184204E0,2.506837006E0,-1.522034912E0
5.710280167E0,-6.751110992E0,2.425855408E0,-1.479373627E0
5.720321167E0,-6.471492462E0,1.996398468E0,-1.396296387E0
5.730362167E0,-6.344107361E0,1.350042572E0,-1.790726166E0
5.740403167E0,-6.259233856E0,4.272116089E-1,-1.952988739E0
5.750443167E0,-5.894143066E0,-4.962181091E-1,-1.924098816E0
5.760484167E0,-5.263654175E0,-1.252295837E0,-1.528321838E0
5.770525167E0,-4.645140381E0,-1.968256989E0,-1.101409607E0
5.780566167E0,-5.187163239E0,-2.877017212E0,-5.240602112E-1
5.790607167E0,-5.675447845E0,-3.425476685E0,-6.078858948E-1
5.800648167E0,-6.091732178E0,-3.611539764E0,-2.781216431E-1
5.810688167E0,-6.564149780E0,-3.754791870E0,8.187973022E-2
5.820729167E0,-7.356452179E0,-3.821852417E0,1.675016785E-1
5.830770167E0,-7.783963165E0,-3.635190582E0,1.422042847E-1
5.840811167E0,-7.933053131E0,-3.144810333E0,3.088078308E-1
5.850852167E0,-8.076155548E0,-2.424358521E0,2.902464294E-1
5.860892167E0,-8.063581696E0,-1.767374725E0,2.627037048E-1
5.870933167E0,-8.081544342E0,-1.339863739E0,3.995191956E-1
5.880974167E0,-8.188721466E0,-1.162332916E0,6.279441833E-1
5.891015167E0,-8.350534973E0,-1.375789032E0,7.607180786E-1
5.901056167E0,-8.717721405E0,-1.678609314E0,9.139993286E-1
5.911097167E0,-9.025182037E0,-1.745071106E0,7.364685059E-1
5.921137167E0,-9.286239166E0,-1.640139313E0,4.629872131E-1
5.931178167E0,-9.585766296E0,-1.496887207E0,3.189866638E-1
5.941219167E0,-1.003962250E1,-1.528471527E0,2.475851440E-1
5.951260167E0,-1.059975769E1,-1.447340240E0,4.924758911E-2
5.961301167E0,-1.132604736E1,-8.981323242E-1,-3.463796997E-1
5.971342167E0,-1.207404190E1,-5.075944519E-1,-5.825885010E-1
5.981382167E0,-1.277997391E1,-7.782316589E-1,-4.743635559E-1
5.991423167E0,-1.368738693E1,-1.573078766E0,-3.727249146E-2
6.001464167E0,-1.441592194E1,-2.501897278E0,4.947212219E-1
6.011505167E0,-1.475182343E1,-3.209924927E0,8.226892090E-1
6.021546167E0,-1.469973175E1,-3.537743225E0,8.280780029E-1
6.031587167E0,-1.428584244E1,-3.078947296E0,8.689430237E-1
6.041627167E0,-1.359368179E1,-1.990410919E0,1.279988251E0
6.051668167E0,-1.258343262E1,-7.408094788E-1,1.371747437E0
6.061709167E0,-1.090766739E1,7.932005310E-1,1.990859985E-2
6.071750167E0,-8.968450012E0,1.754651184E0,-2.373314667E0
6.081791167E0,-8.367449799E0,2.683918762E-1,-4.786147156E0
6.091831167E0,-9.355245667E0,-2.688259735E0,-6.541247406E0
6.101872167E0,-1.032837204E1,-3.900738373E0,-7.444020081E0
6.111913167E0,-1.105241638E1,-3.915258179E0,-7.808661804E0
6.121954167E0,-1.242401413E1,-3.424877930E0,-7.242239685E0
6.131995167E0,-1.377600266E1,-2.464175720E0,-7.315437469E0
6.142036167E0,-1.395532974E1,-1.323248291E0,-7.308551788E0
6.152076167E0,-1.369053040E1,1.685494995E-1,-6.931934967E0
6.162117167E0,-1.329699875E1,1.310674438E0,-6.407425690E0
6.172158167E0,-1.259600647E1,2.033221893E0,-5.621110840E0
6.182199167E0,-1.213242050E1,2.241588593E0,-4.753515015E0
6.192240167E0,-1.202314774E1,1.723815308E0,-3.950285339E0
6.202281167E0,-1.168380341E1,5.661227417E-1,-3.085832977E0
6.212321167E0,-1.106229584E1,-7.147636414E-1,-2.394570465E0
6.222362167E0,-1.006132736E1,-1.973496094E0,-1.728006592E0
6.232403167E0,-8.748557281E0,-3.159629517E0,-8.053253174E-1
6.242444167E0,-7.514373779E0,-3.879781952E0,3.547622681E-2
6.252485167E0,-6.856791229E0,-3.763623505E0,8.966354370E-1
6.262526167E0,-5.983058167E0,-4.065695343E0,9.110055542E-1
6.272566167E0,-5.120252380E0,-4.189787292E0,4.445755005E-1
6.282607167E0,-4.841681671E0,-3.761677551E0,-2.640509033E-1
6.292648167E0,-4.099225616E0,-2.641257477E0,-6.084846497E-1
6.302689167E0,-3.701951752E0,-1.567240906E0,-7.875123596E-1
6.312730167E0,-3.964056702E0,-5.397775269E-1,-1.048270111E0
6.322771167E0,-3.931873627E0,6.060896301E-1,-1.259630585E0
6.332811167E0,-3.757037201E0,1.507964172E0,-1.360670471E0
6.342852167E0,-4.087400208E0,2.114353180E0,-1.325792999E0
6.352893167E0,-4.663252716E0,2.577939148E0,-1.469194794E0
6.362934167E0,-5.469775543E0,2.877915344E0,-1.389261017E0
6.372975167E0,-6.777905273E0,3.113076324E0,-1.370250549E0
6.383015167E0,-8.201594696E0,3.131787415E0,-1.419797516E0
6.393056167E0,-9.216783600E0,3.001707916E0,-1.392554169E0
6.403097167E0,-9.691446533E0,2.895728302E0,-1.125060425E0
6.413138167E0,-9.546847229E0,2.833906860E0,-6.161187744E-1
6.423179167E0,-9.060209198E0,2.652633820E0,-2.206411743E-1
6.433220167E0,-8.580756226E0,2.346071320E0,-7.873626709E-2
6.443260167E0,-7.983348541E0,2.099234619E0,-8.846603394E-2
6.453301167E0,-7.566315765E0,1.824106750E0,5.388793945E-3
6.463342167E0,-7.707172852E0,1.507814484E0,1.845661926E-1
6.473383167E0,-8.114775238E0,1.222956848E0,6.111790466E-1
6.483424167E0,-8.711883545E0,9.545649719E-1,1.191971283E0
6.493465708E0,-9.273665314E0,6.110293579E-1,1.570833435E0
6.503505708E0,-9.673184509E0,9.639953613E-2,1.325194244E0
6.513546708E0,-1.000654129E1,-7.315287781E-1,5.141807556E-1
6.523587708E0,-1.056832306E1,-1.523382111E0,-1.056802368E-1
6.533628708E0,-1.156016052E1,-1.940863953E0,-5.718109131E-1
6.543669708E0,-1.358544891E1,-2.084415436E0,-5.287005615E-1
6.553710708E0,-1.599109634E1,-1.750609589E0,-5.269042969E-2
6.563750708E0,-1.731808685E1,-1.224304047E0,8.315208435E-1
6.573791708E0,-1.738604553E1,-5.942642212E-1,1.482367401E0
6.583832708E0,-1.702514603E1,1.431024170E-1,1.483415222E0
6.593873708E0,-1.599109634E1,3.466790771E-1,3.664379883E-1
6.603914708E0,-1.414708099E1,4.323010254E-1,-1.771715698E0
6.613955708E0,-1.219993011E1,9.500743103E-1,-4.424648895E0
6.623996708E0,-1.229617996E1,3.634292450E0,-6.925797729E0
6.634036708E0,-1.345566879E1,5.988147583E0,-8.840915222E0
6.644077708E0,-1.360520782E1,5.248535614E0,-8.619675293E0
6.654118708E0,-1.328337708E1,3.293750610E0,-7.140750732E0
6.664159708E0,-1.253747818E1,1.882784729E0,-6.189778290E0
6.674200708E0,-1.164817749E1,1.146016846E0,-5.477709045E0
6.684241708E0,-9.971514130E0,-2.637515259E-1,-5.183121643E0
6.694281708E0,-8.822653198E0,-2.110760651E0,-4.525239716E0
6.704322708E0,-8.866062927E0,-3.117716675E0,-3.822301483E0
6.714363708E0,-9.565708008E0,-3.772904205E0,-3.321293335E0
6.724404708E0,-1.088566315E1,-3.800895996E0,-3.019071808E0
6.734445708E0,-1.168170776E1,-2.854713593E0,-3.455564117E0
6.744486708E0,-1.144624741E1,-1.684147797E0,-3.882925415E0
6.754526708E0,-1.065678909E1,-6.370751953E-1,-3.658542023E0
6.764567708E0,-9.559570770E0,4.501139832E-1,-2.929707642E0
6.774608708E0,-8.362061005E0,1.364861755E0,-2.067350922E0
6.784649708E0,-7.561076660E0,1.992207184E0,-1.632355499E0
6.794690708E0,-6.655459900E0,2.544708252E0,-1.667831726E0
6.804731708E0,-5.884712677E0,2.978356476E0,-1.463207245E0
6.814771708E0,-5.006938019E0,3.192860413E0,-1.449136505E0
6.824812708E0,-4.195625153E0,2.836750946E0,-1.440155182E0
6.834853708E0,-3.828139343E0,2.051633606E0,-1.240021362E0
6.844894708E0,-3.768712921E0,1.063089294E0,-1.184037781E0
6.854935708E0,-3.732787628E0,1.603166199E-1,-8.524772644E-1
6.864976708E0,-3.951931915E0,-8.711883545E-1,-7.738906860E-1
6.875016708E0,-4.562512207E0,-2.004631348E0,-7.831713867E-1
6.885057708E0,-5.215454407E0,-3.003504181E0,-3.691323853E-1
6.895098708E0,-5.952970734E0,-3.634442139E0,-1.501377869E-1
6.905139708E0,-6.411766663E0,-4.026925964E0,3.382965088E-2
6.915180708E0,-6.850055237E0,-4.178860016E0,2.591111755E-1
6.925221708E0,-7.221432953E0,-3.974983978E0,2.582130432E-1
6.935261708E0,-7.173532562E0,-3.536096649E0,2.097138977E-1
6.945302708E0,-6.968309326E0,-3.073558502E0,4.387376404E-1
6.955343708E0,-7.027436371E0,-2.855911102E0,6.695576477E-1
6.965384708E0,-7.157964935E0,-2.639910278E0,4.894821167E-1
6.975425708E0,-7.539820862E0,-2.304757233E0,1.154100037E-1
6.985466708E0,-8.369695129E0,-2.065404968E0,1.197509766E-2
6.995506708E0,-9.406738586E0,-1.894460449E0,2.121089172E-1
7.005547708E0,-1.032433044E1,-1.666185150E0,5.888754272E-1
7.015588708E0,-1.100391724E1,-1.537602539E0,8.598120117E-1
7.025629708E0,-1.160042679E1,-1.628912659E0,7.988887024E-1
7.035670708E0,-1.221789276E1,-1.592837677E0,4.108955383E-1
7.045711708E0,-1.287233185E1,-1.169218597E0,-1.772314453E-1
7.055752708E0,-1.347902023E1,-3.854484558E-1,-1.046024780E0
7.065792708E0,-1.381986145E1,4.038601685E-1,-1.412462769E0
7.075833708E0,-1.375534561E1,-3.541635132E-1,-7.554789734E-1
7.085874708E0,-1.348620529E1,-1.834135895E0,4.321513367E-1
7.095915708E0,-1.311916855E1,-2.387385406E0,1.225052490E0
7.105956708E0,-1.288026535E1,-2.274520111E0,1.165177002E0
7.115997708E0,-1.269749542E1,-1.478325806E0,-2.085163879E-1
7.126037708E0,-1.240949432E1,-5.385800171E-1,-2.773582306E0
7.136078708E0,-1.172900940E1,-9.000782776E-1,-5.324128418E0
7.146119708E0,-1.169458099E1,-2.510279846E0,-6.947652283E0
7.156160708E0,-1.249781067E1,-3.003653870E0,-7.734715576E0
7.166201708E0,-1.278356644E1,-3.157533875E0,-8.744964752E0
7.176242708E0,-1.329160995E1,-2.628084869E0,-8.282426605E0
7.186283708E0,-1.342348572E1,-2.015708313E0,-7.561076660E0
7.196323708E0,-1.307486069E1,-1.075812836E0,-7.120991821E0
7.206364708E0,-1.283655624E1,3.264710999E-1,-6.883735199E0
7.216405708E0,-1.267983215E1,1.232087860E0,-6.216273193E0
7.226446708E0,-1.259226425E1,1.323547668E0,-4.980592804E0
7.236487708E0,-1.255768616E1,1.006956024E0,-4.228107605E0
7.246528708E0,-1.267324585E1,4.002676392E-1,-3.890110474E0
7.256568708E0,-1.275347900E1,-3.751199341E-1,-3.589834900E0
7.266609708E0,-1.224004669E1,-1.092877350E0,-3.291804657E0
7.276650708E0,-1.111768066E1,-1.772164764E0,-2.776426392E0
7.286691708E0,-9.443711700E0,-2.187550964E0,-2.235301666E0
7.296732708E0,-7.891140289E0,-2.340832214E0,-1.554217987E0
7.306773708E0,-6.830296326E0,-2.349663849E0,-9.113049316E-1
7.316814708E0,-5.989943848E0,-2.229613495E0,-1.857637024E-1
7.326854708E0,-5.083728333E0,-1.990261230E0,2.932402039E-1
7.336895708E0,-4.064048767E0,-1.835183716E0,4.002676392E-1
7.346936708E0,-3.375630341E0,-1.680555267E0,3.450325012E-1
7.356977708E0,-2.853216705E0,-1.314716034E0,1.652563477E-1
7.367018708E0,-2.490520935E0,-6.951544189E-1,-5.029541016E-2
7.377059708E0,-2.336042175E0,-4.610412598E-2,-9.265731812E-2
7.387099708E0,-2.546654205E0,7.463479614E-1,-8.502319336E-2
7.397140708E0,-3.222798157E0,1.537003784E0,-3.644920349E-1
7.407181708E0,-3.885470123E0,1.948797455E0,-1.083596649E0
7.417222708E0,-4.737648010E0,2.100282440E0,-1.285676422E0
7.427263708E0,-5.964796143E0,1.944306793E0,-9.300160217E-1
7.437304708E0,-7.237449646E0,1.522334290E0,-2.457888794E-1
7.447345708E0,-8.334368591E0,1.485660553E0,2.956352234E-1
7.457385708E0,-9.085057526E0,1.550625458E0,5.584886169E-1
7.467426708E0,-9.308991852E0,1.554517365E0,5.836363220E-1
7.477467708E0,-9.261241150E0,1.563648376E0,2.980302429E-1
7.487508708E0,-9.142388306E0,1.703008575E0,8.981323242E-4
7.497549958E0,-8.838819580E0,1.843865662E0,-3.031196594E-1
7.507590958E0,-8.649163971E0,1.683698730E0,-2.736309814E-1
7.517631958E0,-8.609197083E0,1.091081085E0,6.541397095E-2
7.527671958E0,-8.593180389E0,4.101470947E-1,2.808160400E-1
7.537712958E0,-8.609646149E0,-1.751358032E-2,5.514532471E-1
7.547753958E0,-8.938063202E0,-5.613327026E-2,5.987548828E-1
7.557794958E0,-9.561816101E0,1.398092651E-1,4.590953064E-1
7.567835958E0,-1.031325348E1,-1.661544800E-2,3.908372498E-1
7.577876958E0,-1.117351456E1,-3.832031250E-1,-1.601669312E-2
7.587916958E0,-1.250948639E1,-6.656657410E-1,-8.247848511E-2
7.597957958E0,-1.432640808E1,-7.972421265E-1,8.502319336E-2
7.607998958E0,-1.625529694E1,-7.714956665E-1,8.156538391E-1
7.618039958E0,-1.718935455E1,-5.760021973E-1,1.553619232E0
7.628080958E0,-1.681842590E1,-2.636018372E-1,2.008074188E0
7.638121958E0,-1.613330063E1,-9.939331055E-2,2.389181671E0
7.648162958E0,-1.479493378E1,-1.814227295E-1,2.496807861E0
7.658202958E0,-1.238689133E1,3.197351074E-1,4.870870972E-1
7.668243958E0,-9.586065674E0,9.686357117E-1,-2.330204315E0
7.678284958E0,-8.493487701E0,2.331701202E0,-4.572691040E0
7.688325958E0,-1.017134857E1,4.436474304E0,-5.765710144E0
7.698366958E0,-1.181852325E1,5.240302734E0,-7.778424683E0
7.708407958E0,-1.288490570E1,4.427343292E0,-9.066196747E0
7.718448958E0,-1.412253204E1,2.621797943E0,-8.165370026E0
7.728488958E0,-1.451651276E1,1.592538300E0,-7.742050323E0
7.738529958E0,-1.370594833E1,5.986051941E-1,-7.786807251E0
7.748570958E0,-1.262983612E1,-1.378633118E0,-6.723568268E0
7.758611958E0,-1.134071686E1,-2.002386017E0,-6.331683197E0
7.768652958E0,-1.023272095E1,-2.009421387E0,-5.620212708E0
7.778693958E0,-9.937385101E0,-2.259551239E0,-4.335883484E0
7.788734958E0,-9.994566193E0,-2.112257538E0,-3.439846802E0
7.798774958E0,-1.010338989E1,-1.737586670E0,-3.068319397E0
7.808815958E0,-9.761201477E0,-9.967771912E-1,-2.941233673E0
7.818856958E0,-9.170679474E0,-3.832031250E-2,-2.478845215E0
7.828897958E0,-8.674760742E0,9.916877747E-1,-1.733245697E0
7.838938958E0,-8.265661469E0,1.553469543E0,-1.091530151E0
7.848979958E0,-8.144263916E0,1.762884064E0,-8.503816223E-1
7.859020958E0,-7.992329865E0,1.967957611E0,-8.312214661E-1
7.869060958E0,-7.559430084E0,2.275418243E0,-9.565109253E-1
7.879101958E0,-6.906487885E0,2.395618286E0,-1.137634277E0
7.889142958E0,-6.162385254E0,1.893562317E0,-1.297501831E0
7.899183958E0,-5.332211609E0,1.089135132E0,-1.224753113E0
7.909224958E0,-4.521198120E0,3.418890381E-1,-1.253942413E0
7.919265958E0,-3.964206390E0,-4.607418823E-1,-1.210682373E0
7.929306958E0,-3.828588409E0,-1.269360352E0,-1.182690582E0
7.939346958E0,-4.105961609E0,-1.884281616E0,-7.276368713E-1
7.949387958E0,-4.336781616E0,-2.379002838E0,-4.056564331E-1
7.959428958E0,-4.778812408E0,-3.003953247E0,-1.221459961E-1
7.969469958E0,-5.905519409E0,-3.608096924E0,5.731581116E-1
7.979510958E0,-6.857988739E0,-3.870052185E0,6.575825500E-1
7.989551958E0,-7.571554871E0,-3.547922058E0,6.481521606E-1
7.999592958E0,-8.197253723E0,-2.975063324E0,6.225553894E-1
8.009633958E0,-8.358019409E0,-2.407443695E0,6.676116943E-1
8.019673958E0,-7.861801300E0,-2.080373840E0,9.888436890E-1
8.029714958E0,-7.402406616E0,-2.059567108E0,1.404529266E0
8.039755958E0,-7.091802521E0,-2.035766602E0,1.477577362E0
8.049796958E0,-7.125033417E0,-1.794169006E0,1.246158600E0
8.059837958E0,-7.457641754E0,-1.208437042E0,9.093589783E-1
8.069878958E0,-8.050708466E0,-5.745053101E-1,7.791297913E-1
8.079919958E0,-8.850794678E0,-5.792953491E-2,7.544311523E-1
8.089959958E0,-9.907896423E0,7.304809570E-2,6.424639893E-1
8.100000958E0,-1.118474121E1,1.796264648E-3,1.151106262E-1
8.110041958E0,-1.250649261E1,2.463876343E-1,-6.566844177E-1
8.120082958E0,-1.377884674E1,4.297563171E-1,-9.557624817E-1
8.130123958E0,-1.451606369E1,-1.811233521E-2,-5.227130127E-1
8.140164958E0,-1.457144852E1,-1.477128296E0,2.424957275E-1
8.150205958E0,-1.433299438E1,-3.178041229E0,1.198707275E0
8.160245958E0,-1.408106827E1,-4.479884033E0,1.851350098E0
8.170286958E0,-1.369636826E1,-5.213358765E0,1.986968079E0
8.180327958E0,-1.286499710E1,-4.765639801E0,1.186133423E0
8.190368958E0,-1.163260986E1,-2.971321106E0,-1.142424316E0
8.200409958E0,-9.842183075E0,-1.762734375E0,-3.760779419E0
8.210450958E0,-9.224118347E0,-1.838776245E0,-5.812562714E0
8.220491958E0,-1.047386948E1,-3.041974182E0,-7.039860535E0
8.230532958E0,-1.186881866E1,-3.778592377E0,-8.026159515E0
8.240572958E0,-1.267579056E1,-2.486629028E0,-8.153843994E0
8.250613958E0,-1.368469254E1,-2.002236328E0,-7.530689850E0
8.260654958E0,-1.426817917E1,-1.840123444E0,-7.081923065E0
8.270695958E0,-1.398631531E1,-4.126918030E-1,-7.505841522E0
8.280736958E0,-1.377510452E1,1.130748596E0,-8.144263916E0
8.290777958E0,-1.362706238E1,2.389930115E0,-7.770191803E0
8.300818958E0,-1.373169479E1,2.806962891E0,-6.363267517E0
8.310858958E0,-1.432625839E1,2.334545288E0,-5.095703430E0
8.320899958E0,-1.480960327E1,1.028062134E0,-4.274361420E0
8.330940958E0,-1.467024307E1,-5.340893555E-1,-3.808829498E0
8.340981958E0,-1.389545425E1,-1.778751068E0,-3.424428864E0
8.351022958E0,-1.240784775E1,-2.628384247E0,-2.564916229E0
8.361063958E0,-1.081515976E1,-3.357368317E0,-1.438658295E0
8.371104958E0,-9.252559204E0,-3.763324127E0,-7.180567932E-1
8.381144958E0,-7.764353943E0,-3.953728180E0,-5.658233643E-2
8.391185958E0,-6.497538300E0,-4.383484497E0,3.793112183E-1
8.401226958E0,-5.586383057E0,-4.431833954E0,5.105882263E-1
8.411267958E0,-4.278552704E0,-3.645070038E0,-3.787124634E-2
8.421308958E0,-2.927162933E0,-2.507435760E0,-2.353106689E-1
8.431349958E0,-1.976040802E0,-1.485211487E0,-2.112107849E-1
8.441390958E0,-1.346150665E0,-3.638932800E-1,-3.942800903E-1
8.451430958E0,-8.493338013E-1,5.635780334E-1,-6.921606445E-1
8.461471958E0,-2.004331970E-1,1.306782532E0,-6.337820435E-1
8.471512958E0,5.373825073E-2,2.101030884E0,7.768844604E-2
8.481553958E0,-3.829037476E-1,2.699336700E0,4.212240601E-1
8.491594958E0,-1.829645233E0,3.083887024E0,4.598437500E-1
8.501635833E0,-3.508404236E0,3.556154938E0,4.073030090E-1
8.511676833E0,-5.427713013E0,3.717818756E0,1.522334290E-1
8.521717833E0,-7.409142609E0,3.489244080E0,3.278182983E-2
8.531757833E0,-8.803343353E0,3.230282593E0,-8.158035278E-2
8.541798833E0,-9.547895050E0,3.068469086E0,-3.617976379E-1
8.551839833E0,-1.011551468E1,2.754422150E0,-6.776408386E-1
8.561880833E0,-1.024215134E1,2.397264862E0,-7.388635254E-1
8.571921833E0,-9.968220978E0,1.995949402E0,-4.764591980E-1
8.581962833E0,-9.711504822E0,1.488205261E0,-1.083746338E-1
8.592003833E0,-9.796228638E0,9.270222473E-1,1.160087585E-1
8.602043833E0,-1.021670425E1,4.954696655E-1,6.858737183E-1
8.612084833E0,-1.076501404E1,2.829116821E-1,1.195863190E0
8.622125833E0,-1.102921463E1,1.302291870E-1,1.134939880E0
8.632166833E0,-1.106244553E1,-5.056484985E-1,9.062155151E-1
8.642207833E0,-1.113070358E1,-1.286125488E0,6.197113037E-1
8.652248833E0,-1.195488968E1,-1.879491577E0,6.620732117E-1
8.662289833E0,-1.354443420E1,-2.212998047E0,1.028960266E0
8.672329833E0,-1.517065247E1,-2.119442596E0,1.502575378E0
8.682370833E0,-1.575488754E1,-1.538650360E0,1.949695587E0
8.692411833E0,-1.556313629E1,-6.755451965E-1,2.091001740E0
8.702452833E0,-1.558469147E1,4.236190796E-2,1.323547668E0
8.712493833E0,-1.526795013E1,5.285508728E-1,-3.617976379E-1
8.722534833E0,-1.444660812E1,9.086105347E-1,-2.366728363E0
8.732575833E0,-1.341151062E1,1.563049622E0,-5.033582611E0
8.742615833E0,-1.374456802E1,3.634891205E0,-7.687863007E0
8.752656833E0,-1.389186172E1,5.230273590E0,-9.282197571E0
8.762697833E0,-1.309836182E1,4.473746796E0,-9.079818420E0
8.772738833E0,-1.227118195E1,2.812501373E0,-8.285869446E0
8.782779833E0,-1.170191574E1,1.323248291E0,-7.163802795E0
8.792820833E0,-1.066651886E1,4.866380310E-1,-6.463858337E0
8.802861833E0,-9.414223022E0,-7.699987793E-1,-6.275100861E0
8.812901833E0,-9.274713135E0,-2.649340668E0,-5.295837250E0
8.822942833E0,-9.574539642E0,-3.392395477E0,-4.488565979E0
8.832983833E0,-1.063194077E1,-3.517235870E0,-3.861669617E0
8.843024833E0,-1.184412003E1,-3.013683014E0,-3.935316467E0
8.853065833E0,-1.211670319E1,-1.910477142E0,-4.318220215E0
8.863106833E0,-1.163665146E1,-8.080197144E-1,-4.253554688E0
8.873147833E0,-1.079794556E1,3.165916443E-1,-3.665278015E0
8.883187833E0,-9.809850311E0,1.451980591E0,-2.678529968E0
8.893228833E0,-8.930429077E0,2.407593384E0,-1.755549316E0
8.903269833E0,-8.414901123E0,3.124901733E0,-1.319955139E0
8.913310833E0,-7.696694641E0,3.618874512E0,-1.313817902E0
8.923351833E0,-6.885830841E0,3.701802063E0,-1.257984009E0
8.933392833E0,-6.205046539E0,3.242557068E0,-1.132694550E0
8.943433833E0,-5.507796478E0,2.542911987E0,-9.871971130E-1
8.953473833E0,-4.495152283E0,1.616937561E0,-1.016087036E0
8.963514833E0,-3.659440155E0,4.918771362E-1,-9.229806519E-1
8.973555833E0,-3.348985748E0,-6.309379578E-1,-8.553213501E-1
8.983596833E0,-3.142565002E0,-1.585502930E0,-1.010249176E0
8.993637833E0,-3.308569794E0,-2.475402374E0,-7.219487000E-1
9.003678833E0,-3.755091248E0,-3.355721741E0,-3.613485718E-1
9.013719833E0,-4.399650879E0,-4.002975769E0,-4.191284180E-3
9.023759833E0,-5.071154480E0,-4.370012512E0,5.201683044E-1
9.033800833E0,-5.804629211E0,-4.651277618E0,7.342231750E-1
9.043841833E0,-6.478527832E0,-4.654271393E0,1.026265869E0
9.053882833E0,-7.114854584E0,-4.246519318E0,8.810678101E-1
9.063923833E0,-7.531587982E0,-3.674109650E0,5.643264771E-1
9.073964833E0,-7.636370087E0,-3.251688080E0,3.486250305E-1
9.084005833E0,-7.570656738E0,-2.967429199E0,1.679507446E-1
9.094045833E0,-7.421117706E0,-2.733914795E0,2.170486450E-2
9.104086833E0,-7.753576355E0,-2.373614044E0,-1.736389160E-2
9.114127833E0,-8.018675079E0,-1.684447174E0,4.086502075E-2
9.124168833E0,-8.544531555E0,-8.678952026E-1,3.414399719E-1
9.134209833E0,-9.360933838E0,-5.164260864E-2,7.102729797E-1
9.144250833E0,-1.027957352E1,3.478765869E-1,1.028511200E0
9.154291833E0,-1.122096588E1,3.538641357E-1,1.011446686E0
9.164331833E0,-1.211296097E1,5.858816528E-1,4.382885742E-1
9.174372833E0,-1.282188675E1,8.711883545E-1,-5.292993164E-1
9.184413833E0,-1.360206436E1,6.451583862E-1,-1.048719177E0
9.194454833E0,-1.410920975E1,-2.832110596E-1,-8.976832581E-1
9.204495833E0,-1.428958466E1,-2.092798004E0,-4.505630493E-2
9.214536833E0,-1.422357193E1,-3.496578827E0,6.807843018E-1
9.224577833E0,-1.410082718E1,-3.801494751E0,9.247769165E-1
9.234617833E0,-1.398661469E1,-3.293151855E0,8.255332947E-1
9.244658833E0,-1.395488068E1,-1.734293518E0,-3.046165466E-1
9.254699833E0,-1.304776703E1,2.498304749E-1,-2.655178528E0
9.264740833E0,-1.095856155E1,-1.199006653E-1,-4.853956146E0
9.274781833E0,-1.014335678E1,-2.155517578E0,-6.532116394E0
9.284822833E0,-1.083491867E1,-3.925736389E0,-7.837402039E0
9.294862833E0,-1.110420868E1,-3.983216858E0,-8.922794952E0
9.304903833E0,-1.153875504E1,-2.888543243E0,-8.613987122E0
9.314944833E0,-1.271470963E1,-2.784509583E0,-7.413633270E0
9.324985833E0,-1.363439713E1,-2.626587982E0,-6.763385468E0
9.335026833E0,-1.362092514E1,-1.506467285E0,-6.538253632E0
9.345067833E0,-1.340058334E1,-2.315684509E-1,-6.793323212E0
9.355108833E0,-1.331421295E1,9.220825195E-1,-6.807244263E0
9.365148833E0,-1.347677490E1,1.511407013E0,-6.254294128E0
9.375189833E0,-1.379142059E1,1.428778839E0,-5.557493134E0
9.385230833E0,-1.379127090E1,8.449928284E-1,-4.840184784E0
9.395271833E0,-1.340672058E1,-9.220825195E-2,-4.184997253E0
9.405312833E0,-1.263821869E1,-9.538165283E-1,-3.710633698E0
9.415353833E0,-1.123578506E1,-1.525178375E0,-3.038681030E0
9.425394833E0,-9.651479645E0,-2.174228668E0,-2.297871552E0
9.435434833E0,-8.460705872E0,-2.701731720E0,-1.480421448E0
9.445475833E0,-7.493866425E0,-3.042722626E0,-5.086422729E-1
9.455516833E0,-6.376589813E0,-3.027604065E0,-2.113604736E-1
9.465557833E0,-5.381608887E0,-2.925516357E0,-1.820214844E-1
9.475598833E0,-4.423002319E0,-2.696492615E0,-2.335144043E-1
9.485639833E0,-2.893632660E0,-2.196981354E0,-9.086105347E-2
9.495680167E0,-1.758543091E0,-1.533860321E0,-2.529739380E-2
9.505721167E0,-1.228195953E0,-7.957452393E-1,-3.124003601E-1
9.515762167E0,-8.256829834E-1,1.817221069E-1,-2.424957275E-1
9.525803167E0,-5.390290833E-1,9.752220154E-1,-2.381547546E-1
9.535844167E0,-8.352630615E-1,1.514700165E0,-1.339714050E-1
9.545885167E0,-1.785936127E0,2.013163605E0,3.782633972E-1
9.555926167E0,-3.490591278E0,2.592458954E0,5.529501343E-1
9.565966167E0,-4.984185333E0,3.014281769E0,2.409988403E-1
9.576007167E0,-6.488257599E0,3.097808075E0,-8.981323242E-3
9.586048167E0,-7.879763947E0,2.695893860E0,-3.474275208E-1
9.596089167E0,-9.018895111E0,2.230960693E0,-6.328839111E-1
9.606130167E0,-9.468110962E0,1.913021851E0,-9.107061768E-1
9.616171167E0,-9.715546417E0,1.621428223E0,-1.000818787E0
9.626211167E0,-9.662107544E0,1.233135681E0,-9.038204956E-1
9.636252167E0,-9.206155701E0,7.200027466E-1,-6.780899048E-1
9.646293167E0,-9.104367371E0,6.586303711E-2,-4.230203247E-1
9.656334167E0,-9.534572754E0,-5.252577209E-1,8.307723999E-2
9.666375167E0,-1.016670822E1,-9.240284729E-1,6.436614990E-1
9.676416167E0,-1.091575058E1,-1.283880157E0,5.989045715E-1
9.686457167E0,-1.107741440E1,-8.698411560E-1,6.881190491E-1
9.696497167E0,-1.089224945E1,-6.117778015E-1,7.737409973E-1
9.706538167E0,-1.098206268E1,-4.580474854E-1,5.839356995E-1
9.716579167E0,-1.212044540E1,-3.074606323E-1,3.842509460E-1
9.726620167E0,-1.386895935E1,-1.986369324E-1,3.267704773E-1
9.736661167E0,-1.529190033E1,-3.203338623E-2,4.174818420E-1
9.746702167E0,-1.582090027E1,2.320175171E-1,6.505471802E-1
9.756743167E0,-1.583392319E1,5.993536377E-1,9.767189026E-1
9.766783167E0,-1.535057831E1,5.114863586E-1,7.458988953E-1
9.776824167E0,-1.418644913E1,3.580554199E-1,-7.999365234E-1
9.786865167E0,-1.268716690E1,6.191125488E-1,-2.960244141E0
9.796906167E0,-1.138083344E1,1.538201294E0,-4.932243347E0
9.806947167E0,-1.161135406E1,3.550017700E0,-6.527625732E0
9.816988167E0,-1.246712448E1,5.300926666E0,-8.439001007E0
9.827028167E0,-1.242431351E1,4.506828003E0,-8.759334869E0
9.837069167E0,-1.207628723E1,2.667602692E0,-7.646997986E0
9.847110167E0,-1.173379944E1,1.418899384E0,-6.326294403E0
9.857151167E0,-1.111423782E1,5.249583435E-1,-5.437442780E0
9.867192167E0,-9.726473694E0,-8.273295593E-1,-5.278772736E0
9.877233167E0,-8.962911530E0,-2.706072693E0,-4.976251831E0
9.887274167E0,-9.109756165E0,-3.880680084E0,-4.483027496E0
9.897314167E0,-1.021131546E1,-4.618944855E0,-3.936963043E0
9.907355167E0,-1.195279404E1,-4.339925079E0,-3.899091797E0
9.917396167E0,-1.317904404E1,-2.905009003E0,-4.586312714E0
9.927437167E0,-1.336780151E1,-1.443298645E0,-4.957091675E0
9.937478167E0,-1.279209869E1,-2.052232361E-1,-4.564757538E0
9.947519167E0,-1.186283112E1,8.250842285E-1,-3.881278839E0
9.957559167E0,-1.091455307E1,1.609004059E0,-3.236868896E0
9.967600167E0,-1.026655060E1,2.312241669E0,-2.525248718E0
9.977641167E0,-9.512119446E0,2.974314880E0,-2.383343811E0
9.987682167E0,-8.592282257E0,3.432212677E0,-2.155966644E0
9.997723167E0,-7.695347443E0,3.427871704E0,-1.652563477E0
1.000776417E1,-6.860383759E0,2.897225189E0,-1.367855530E0
1.001780417E1,-5.941145325E0,2.134561157E0,-1.246308289E0
1.002784517E1,-4.755011902E0,1.370849304E0,-1.352886658E0
1.003788617E1,-3.722608795E0,4.945715332E-1,-1.296454010E0
1.004792717E1,-3.295546875E0,-2.168989563E-1,-1.359323273E0
1.005796817E1,-3.062930603E0,-7.316784668E-1,-1.422940979E0
1.006800917E1,-2.738106079E0,-1.194066925E0,-1.037193146E0
1.007805017E1,-2.535577240E0,-1.695224762E0,-8.117619324E-1
1.008809017E1,-3.090473328E0,-2.246678009E0,-9.280700684E-2
1.009813117E1,-3.748804321E0,-2.787054291E0,3.251239014E-1
1.010817217E1,-4.782105560E0,-3.194357300E0,6.848258972E-1
1.011821317E1,-6.046825562E0,-3.408561859E0,7.879614258E-1
1.012825417E1,-6.659202118E0,-3.325334930E0,5.780978394E-1
1.013829517E1,-6.838678894E0,-3.240012360E0,5.480104065E-1
1.014833517E1,-6.956483917E0,-3.244503021E0,5.159770203E-1
1.015837617E1,-7.031627655E0,-3.098107452E0,2.059716797E-1
1.016841717E1,-7.150330811E0,-2.806663513E0,-1.327738953E-1
1.017845817E1,-7.361092529E0,-2.509681091E0,-1.549278259E-1
1.018849917E1,-7.829767914E0,-1.905836792E0,1.890568542E-1
1.019854017E1,-8.472680969E0,-1.278491364E0,5.319937134E-1
1.020858017E1,-9.329948273E0,-8.752299500E-1,8.502319336E-1
1.021862117E1,-1.048554520E1,-7.584727478E-1,1.008003845E0
1.022866217E1,-1.191342590E1,-9.858499146E-1,9.544152832E-1
1.023870317E1,-1.351659210E1,-7.747888184E-1,5.093907166E-1
1.024874417E1,-1.511736328E1,-3.963757324E-1,2.395019531E-2
1.025878517E1,-1.610156662E1,-4.082011414E-1,-2.303709412E-1
1.026882517E1,-1.607791580E1,-1.523232422E0,-1.640588379E-1
1.027886617E1,-1.564022598E1,-3.362008667E0,2.908451843E-1
1.028890717E1,-1.484582794E1,-4.222868500E0,6.548881531E-1
1.029894817E1,-1.380459320E1,-4.312681732E0,7.779322815E-1
1.030898917E1,-1.269629791E1,-3.876189423E0,4.715194702E-2
1.031903017E1,-1.141810593E1,-2.232756958E0,-2.099833374E0
1.032907017E1,-9.926757202E0,-7.970924377E-1,-4.513563995E0
1.033911117E1,-9.268575897E0,-1.250349884E0,-6.245163116E0
1.034915217E1,-1.039034317E1,-3.363954620E0,-7.348518677E0
1.035919317E1,-1.161344971E1,-3.410058746E0,-8.260272675E0
1.036923417E1,-1.248658401E1,-2.313888245E0,-8.016429749E0
1.037927517E1,-1.358455078E1,-2.167941742E0,-7.288493500E0
1.038931617E1,-1.418180878E1,-1.562899933E0,-7.313192139E0
1.039935617E1,-1.403840698E1,-5.837860107E-1,-7.544610901E0
1.040939717E1,-1.374875931E1,6.339317322E-1,-7.886350250E0
1.041943817E1,-1.350057541E1,1.378333740E0,-7.244784393E0
1.042947917E1,-1.349039658E1,1.732048187E0,-6.026318207E0
1.043952017E1,-1.400846924E1,1.559457092E0,-4.916975098E0
1.044956117E1,-1.417866531E1,6.527925110E-1,-3.982468414E0
1.045960117E1,-1.391147095E1,-6.030958557E-1,-3.470083923E0
1.046964217E1,-1.289134232E1,-1.601819000E0,-3.168910217E0
1.047968317E1,-1.124162292E1,-2.333796844E0,-2.598895569E0
1.048972417E1,-9.800569611E0,-3.091670837E0,-1.653162231E0
1.049976442E1,-8.511899414E0,-3.619323578E0,-1.131946106E0
1.050980542E1,-7.303911438E0,-3.862867126E0,-6.313870239E-1
1.051984542E1,-6.133794708E0,-3.949387207E0,-3.832031250E-2
1.052988642E1,-5.050647125E0,-4.012705536E0,1.522334290E-1
1.053992742E1,-3.870052185E0,-3.597319336E0,-2.067201233E-1
1.054996842E1,-2.732717285E0,-2.475252686E0,-4.556524658E-1
1.056000942E1,-2.006726990E0,-1.262624359E0,-6.589297485E-1
1.057005042E1,-1.403032379E0,-2.421963501E-1,-9.616003418E-1
1.058009042E1,-1.207688599E0,5.598358154E-1,-1.000669098E0
1.059013142E1,-1.326691132E0,1.395847321E0,-8.044271851E-1
1.060017242E1,-1.429078217E0,2.129022675E0,-8.496331787E-1
1.061021342E1,-2.250719604E0,2.767744446E0,-2.806663513E-1
1.062025442E1,-3.645369415E0,3.248544617E0,-3.652404785E-2
1.063029442E1,-5.412594452E0,3.432362366E0,1.646575928E-3
1.064033542E1,-7.037315826E0,3.325185242E0,-3.622467041E-2
1.065037642E1,-8.472082214E0,2.958747253E0,2.706372070E-1
1.066041742E1,-9.333540802E0,2.637964325E0,4.394860840E-1
1.067045842E1,-9.279353485E0,2.476300507E0,3.152444458E-1
1.068049942E1,-8.654403076E0,2.405946808E0,1.002914429E-1
1.069053942E1,-7.881410522E0,2.213596802E0,-3.131488037E-1
1.070058042E1,-7.306306458E0,1.610950012E0,-4.704716492E-1
1.071062142E1,-7.234006805E0,6.978488159E-1,-1.926493835E-1
1.072066242E1,-7.638465729E0,-1.627116394E-1,4.213737488E-1
1.073070342E1,-8.422684937E0,-5.764512634E-1,9.771679688E-1
1.074074442E1,-9.388326874E0,-5.712121582E-1,1.100960541E0
1.075078442E1,-1.035322037E1,-4.007167053E-1,9.792636108E-1
1.076082542E1,-1.128877487E1,-3.332070923E-1,5.237608337E-1
1.077086642E1,-1.296409103E1,-4.465214539E-1,2.254312134E-1
1.078090742E1,-1.525672348E1,-7.062313843E-1,5.092410278E-1
1.079094842E1,-1.681004333E1,-8.161029053E-1,7.432044983E-1
1.080098942E1,-1.731015335E1,-1.168320465E0,1.037941589E0
1.081102942E1,-1.707244766E1,-1.146615601E0,1.207987976E0
1.082107042E1,-1.640917694E1,-8.425978088E-1,1.347647552E0
1.083111142E1,-1.509341309E1,-7.595205688E-1,1.101858673E0
1.084115242E1,-1.358200607E1,-5.186714172E-1,-6.171665955E-1
1.085119342E1,-1.207987976E1,4.272116089E-1,-2.587519226E0
1.086123442E1,-1.184486847E1,2.323468323E0,-4.203109589E0
1.087127442E1,-1.300824921E1,4.516408081E0,-5.484894104E0
1.088131542E1,-1.389216110E1,5.787864075E0,-6.679110718E0
1.089135642E1,-1.355311615E1,5.654641113E0,-7.611372070E0
1.090139742E1,-1.283670593E1,4.133354645E0,-7.579488373E0
1.091143842E1,-1.202479431E1,2.274520111E0,-6.941215668E0
1.092147842E1,-1.079480209E1,8.581654358E-1,-6.346203003E0
1.093151942E1,-9.444909210E0,-5.150788879E-1,-6.244714050E0
1.094156042E1,-9.106463013E0,-2.152074738E0,-5.745352478E0
1.095160142E1,-9.324559479E0,-3.108585663E0,-4.769531708E0
1.096164242E1,-1.014141083E1,-3.043321381E0,-4.065246277E0
1.097168342E1,-1.140403519E1,-2.569406891E0,-3.933520203E0
1.098172342E1,-1.205892334E1,-1.902393951E0,-4.316274261E0
1.099176442E1,-1.201401672E1,-1.274599457E0,-4.472998352E0
1.100180542E1,-1.129236740E1,-4.349954224E-1,-3.962110748E0
1.101184642E1,-1.029648834E1,3.902384949E-1,-3.068918152E0
1.102188742E1,-9.242230682E0,1.161734161E0,-2.187101898E0
1.103192842E1,-8.301287384E0,1.674567719E0,-1.620380402E0
1.104196842E1,-7.718399506E0,2.059267731E0,-1.339414673E0
1.105200942E1,-7.225773926E0,2.390678558E0,-1.289867706E0
1.106205042E1,-6.674320679E0,2.445015564E0,-1.034498749E0
1.107209142E1,-6.012397156E0,2.057022400E0,-1.015338593E0
1.108213242E1,-5.319039001E0,1.511107635E0,-1.053658905E0
1.109217342E1,-4.541106720E0,1.029708710E0,-1.196461945E0
1.110221342E1,-3.991150360E0,5.614823914E-1,-9.996212769E-1
1.111225442E1,-3.464096375E0,-3.502716064E-2,-1.043629761E0
1.112229542E1,-3.167413330E0,-7.553292847E-1,-9.087602234E-1
1.113233642E1,-3.288810883E0,-1.500180359E0,-5.697152710E-1
1.114237742E1,-3.499123535E0,-2.089055786E0,-8.981323242E-3
1.115241742E1,-3.873045959E0,-2.658022614E0,3.787124634E-1
1.116245842E1,-4.801565094E0,-3.398981781E0,8.743318176E-1
1.117249942E1,-5.906567230E0,-3.992048492E0,1.171912994E0
1.118254042E1,-6.875801697E0,-4.170178070E0,1.224304047E0
1.119258142E1,-7.609725494E0,-4.013753357E0,1.225351868E0
1.120262242E1,-7.927065582E0,-3.723506927E0,1.043629761E0
1.121266242E1,-8.003107452E0,-3.522325287E0,9.208850098E-1
1.122270342E1,-8.105045471E0,-3.419489136E0,9.156459045E-1
1.123274442E1,-7.941735077E0,-3.112028503E0,5.599855042E-1
1.124278542E1,-8.133486328E0,-2.629432068E0,9.744735718E-2
1.125282642E1,-8.462053070E0,-1.865121460E0,-3.079096985E-1
1.126286642E1,-8.801247711E0,-1.077609100E0,-1.528321838E-1
1.127290742E1,-9.308842163E0,-5.568420410E-1,1.788780212E-1
1.128294842E1,-1.001028351E1,-5.134323120E-1,3.353027344E-1
1.129298942E1,-1.140867554E1,-7.779322815E-1,2.203417969E-1
1.130303042E1,-1.303369629E1,-4.839436340E-1,-2.972817993E-1
1.131307142E1,-1.439272018E1,4.665797424E-1,-9.538165283E-1
1.132311142E1,-1.531809586E1,6.848258972E-1,-9.298663330E-1
1.133315242E1,-1.590173218E1,-7.671546936E-1,-1.311273193E-1
1.134319342E1,-1.622401199E1,-2.684517517E0,6.932084656E-1
1.135323442E1,-1.589813965E1,-3.775897980E0,1.071621552E0
1.136327542E1,-1.482816467E1,-3.982169037E0,1.295705566E0
1.137331542E1,-1.343276642E1,-3.428171082E0,1.129700775E0
1.138335642E1,-1.158216476E1,-1.977537689E0,-6.441105652E-1
1.139339742E1,-9.310339050E0,-8.592132568E-1,-3.158731384E0
1.140343842E1,-8.503367157E0,-1.296154633E0,-5.167554016E0
1.141347942E1,-9.656718750E0,-3.164120178E0,-6.494394836E0
1.142352042E1,-1.064032333E1,-3.847748566E0,-7.787406006E0
1.143356042E1,-1.143726608E1,-2.444267120E0,-8.075856171E0
1.144360142E1,-1.269345383E1,-1.612147522E0,-7.576045532E0
1.145364242E1,-1.392509262E1,-1.369352417E0,-7.394173737E0
1.146368342E1,-1.457698700E1,-6.530918884E-1,-7.227270813E0
1.147372442E1,-1.445259567E1,4.839436340E-1,-7.535180511E0
1.148376442E1,-1.405337585E1,1.476529541E0,-7.389982452E0
1.149380542E1,-1.404649017E1,2.100881195E0,-6.608607330E0
1.150384667E1,-1.433568878E1,2.336191864E0,-5.780828705E0
1.151388767E1,-1.435170547E1,1.729503479E0,-4.888833618E0
1.152392867E1,-1.382360367E1,4.273612976E-1,-3.989503784E0
1.153396967E1,-1.284823196E1,-7.978408813E-1,-3.419040070E0
1.154400967E1,-1.120929016E1,-1.676064606E0,-2.927312622E0
1.155405067E1,-9.354796600E0,-2.506837006E0,-2.200573883E0
1.156409167E1,-7.752378845E0,-3.196303253E0,-1.247505798E0
1.157413267E1,-6.377937012E0,-3.634591827E0,-2.112107849E-1
1.158417367E1,-5.214256897E0,-3.612737274E0,7.319778442E-2
1.159421367E1,-4.246968384E0,-3.636537781E0,3.697311401E-2
1.160425467E1,-3.620820465E0,-3.469485168E0,9.595046997E-2
1.161429567E1,-2.166893921E0,-2.919828186E0,1.609153748E-1
1.162433667E1,-1.060245209E0,-1.847458191E0,1.558259583E-1
1.163437767E1,-8.005352783E-1,-7.610174561E-1,-3.076103210E-1
1.164441867E1,-9.231303406E-1,2.103126526E-1,-4.070036316E-1
1.165445867E1,-1.195114746E0,1.062789917E0,-1.916015625E-1
1.166449967E1,-1.784289551E0,1.717229004E0,-2.580633545E-1
1.167454067E1,-2.788700867E0,2.089205475E0,-4.481680298E-1
1.168458167E1,-3.990701294E0,2.522404633E0,-2.960842896E-1
1.169462267E1,-4.968018951E0,2.753524017E0,-3.423381042E-1
1.170466267E1,-6.209387512E0,2.676883392E0,-5.863307190E-1
1.171470367E1,-7.586972809E0,2.442021790E0,-6.240522766E-1
1.172474467E1,-8.883875885E0,2.212249603E0,-6.203100586E-1
1.173478567E1,-9.890532532E0,2.073338470E0,-5.939648438E-1
1.174482667E1,-1.038884628E1,1.992955627E0,-5.457650757E-1
1.175486667E1,-1.033450928E1,1.926793213E0,-3.546125793E-1
1.176490767E1,-9.848470001E0,1.771566010E0,-1.748364258E-1
1.177494867E1,-9.337881775E0,1.358874207E0,-4.909790039E-2
1.178498967E1,-9.101074219E0,8.201445007E-1,2.103126526E-1
1.179503067E1,-9.376052399E0,1.160087585E-1,6.732998657E-1
1.180507167E1,-9.975256348E0,-3.836521912E-1,9.114546204E-1
1.181511167E1,-1.066771637E1,-7.497908020E-1,7.544311523E-1
1.182515267E1,-1.103490280E1,-1.040186920E0,4.525090027E-1
1.183519367E1,-1.136242172E1,-1.266815643E0,-8.232879639E-3
1.184523467E1,-1.243628860E1,-1.499731293E0,2.384541321E-1
1.185527567E1,-1.442235855E1,-1.444047089E0,8.270301819E-1
1.186531567E1,-1.618868546E1,-1.245260468E0,1.503024445E0
1.187535667E1,-1.681917435E1,-1.064885559E0,2.196681976E0
1.188539767E1,-1.693757812E1,-7.053332520E-1,2.741848297E0
1.189543867E1,-1.623029892E1,-7.274871826E-2,1.280137939E0
1.190547967E1,-1.447160614E1,3.026705933E-1,-1.733844452E0
1.191551967E1,-1.224917770E1,6.137237549E-1,-3.911965027E0
1.192556067E1,-1.110211304E1,2.169738007E0,-6.085145874E0
1.193560167E1,-1.291798691E1,4.502187653E0,-8.465645599E0
1.194564267E1,-1.362436798E1,5.008434906E0,-1.008857071E1
1.195568367E1,-1.368768631E1,3.911066895E0,-9.723928986E0
1.196572467E1,-1.367945343E1,2.568508759E0,-8.427325287E0
1.197576467E1,-1.304148010E1,1.788630524E0,-7.527546387E0
1.198580567E1,-1.154893387E1,4.388873291E-1,-7.098987579E0
1.199584667E1,-1.056233551E1,-1.828298035E0,-5.820795593E0
1.200588767E1,-1.018362305E1,-2.832260284E0,-5.090015259E0
1.201592867E1,-1.037372772E1,-2.962639160E0,-4.356390839E0
1.202596867E1,-1.106513992E1,-2.889141998E0,-3.858226776E0
1.203600967E1,-1.167362457E1,-2.450554047E0,-4.013903046E0
1.204605067E1,-1.148097519E1,-1.782642975E0,-3.978726196E0
1.205609167E1,-1.064167053E1,-9.867480469E-1,-3.528761902E0
1.206613267E1,-9.682465210E0,-3.921844482E-2,-2.759062500E0
1.207617267E1,-8.628806305E0,8.930429077E-1,-2.144889679E0
1.208621367E1,-8.001909943E0,1.651815033E0,-1.647024994E0
1.209625467E1,-7.359595642E0,2.336640930E0,-1.348096619E0
1.210629567E1,-6.689588928E0,2.770738220E0,-9.542655945E-1
1.211633667E1,-5.931415558E0,2.954256592E0,-9.554631042E-1
1.212637667E1,-5.043162689E0,2.997366943E0,-9.978250122E-1
1.213641767E1,-4.200415192E0,2.723885651E0,-9.337582397E-1
1.214645867E1,-3.481310577E0,1.992057495E0,-9.237290955E-1
1.215649967E1,-3.005749512E0,9.473799133E-1,-6.267466736E-1
1.216654067E1,-2.820584564E0,-1.477427673E-1,-4.890330505E-1
1.217658067E1,-2.861748962E0,-1.200353851E0,-7.542814636E-1
1.218662167E1,-3.223696289E0,-2.159259796E0,-7.976911926E-1
1.219666267E1,-3.749253387E0,-2.977608032E0,-3.817062378E-1
1.220670367E1,-4.721930695E0,-3.648213501E0,1.258882141E-1
1.221674467E1,-5.856720886E0,-4.414619751E0,5.483097839E-1
1.222678567E1,-6.898105316E0,-4.748874664E0,9.548643494E-1
1.223682567E1,-7.605983276E0,-4.482578430E0,1.007105713E0
1.224686667E1,-7.847281494E0,-3.977079620E0,5.962101746E-1
1.225690767E1,-7.785160675E0,-3.603755951E0,4.465214539E-1
1.226694867E1,-7.722441101E0,-3.447181549E0,4.755610657E-1
1.227698967E1,-8.108338623E0,-3.242557068E0,5.384303284E-1
1.228702967E1,-8.298892365E0,-2.704276428E0,4.370910645E-1
1.229707067E1,-8.494385834E0,-1.957629089E0,4.981640625E-1
1.230711167E1,-8.783883820E0,-1.312171326E0,8.460406494E-1
1.231715267E1,-9.174870758E0,-8.502319336E-1,1.230291595E0
1.232719367E1,-9.721084900E0,-5.530998230E-1,1.357377319E0
1.233723367E1,-1.055694672E1,-3.989204407E-1,1.076261902E0
1.234727467E1,-1.165251846E1,-5.239105225E-3,3.963757324E-1
1.235731567E1,-1.283490967E1,5.128335571E-1,-2.692900085E-1
1.236735667E1,-1.384605698E1,7.964936829E-1,-2.745291138E-1
1.237739767E1,-1.448358124E1,-1.811233521E-2,-1.095721436E-1
1.238743767E1,-1.487920853E1,-1.755848694E0,3.183879089E-1
1.239747867E1,-1.476888794E1,-3.143313446E0,7.095245361E-1
1.240751967E1,-1.429123123E1,-4.014950867E0,7.059320068E-1
1.241756067E1,-1.339938583E1,-3.787573700E0,-4.471202087E-1
1.242760167E1,-1.228929428E1,-2.579735413E0,-2.842588806E0
1.243764167E1,-1.117800522E1,-1.717977448E0,-5.582042084E0
1.244768267E1,-1.100795883E1,-1.414109344E0,-7.450456696E0
1.245772367E1,-1.205637863E1,-2.531385956E0,-7.993377686E0
1.246776467E1,-1.302755905E1,-2.376308441E0,-8.494535522E0
1.247780567E1,-1.366897522E1,-8.702902222E-1,-8.225544891E0
1.248784567E1,-1.418719757E1,-1.645079041E0,-7.834108887E0
1.249788667E1,-1.392614044E1,-9.669891357E-1,-7.840844879E0
1.250792742E1,-1.331945206E1,7.551795959E-1,-8.033344574E0
1.251796842E1,-1.290735901E1,1.924248505E0,-7.273075562E0
1.252800942E1,-1.303713913E1,2.315534821E0,-5.746849365E0
1.253804942E1,-1.361374008E1,2.253863068E0,-4.662653961E0
1.254809042E1,-1.402987473E1,1.657503204E0,-4.134402466E0
1.255813142E1,-1.400083511E1,4.849914551E-1,-3.864513702E0
1.256817242E1,-1.346225510E1,-9.270222473E-1,-3.414848785E0
1.257821342E1,-1.233958969E1,-1.859732666E0,-3.080893250E0
1.258825342E1,-1.091604996E1,-2.478545837E0,-2.553240509E0
1.259829442E1,-9.386530609E0,-3.058290253E0,-1.930385742E0
1.260833542E1,-7.995623016E0,-3.599265289E0,-1.392554169E0
1.261837642E1,-7.084467773E0,-3.879931641E0,-8.611592102E-1
1.262841642E1,-6.012247467E0,-3.895948334E0,-4.405339050E-1
1.263845742E1,-5.049599304E0,-3.707490234E0,-1.513352966E-1
1.264849842E1,-4.032464447E0,-3.379671936E0,-2.516267395E-1
1.265853942E1,-2.615061951E0,-2.841690674E0,-3.508703613E-1
1.266858042E1,-1.243015137E0,-2.087708588E0,-5.798941040E-1
1.267862042E1,-7.134164429E-1,-1.357676697E0,-7.867639160E-1
1.268866142E1,-8.093669128E-1,-4.337979126E-1,-6.963519287E-1
1.269870242E1,-1.241518250E0,6.053411865E-1,-5.077441406E-1
1.270874342E1,-2.126028900E0,1.585802307E0,-4.688250732E-1
1.271878442E1,-3.306474152E0,2.279609528E0,-4.622387695E-1
1.272882442E1,-4.186194763E0,2.501448212E0,-4.751119995E-1
1.273886542E1,-5.201084290E0,2.933150482E0,-4.144880676E-1
1.274890642E1,-5.715414734E0,3.012335815E0,-2.953358459E-1
1.275894742E1,-6.395300903E0,2.355352020E0,9.011260986E-2
1.276898842E1,-7.504494324E0,2.160307617E0,-9.475296021E-2
1.277902842E1,-8.336763611E0,2.427501984E0,-2.270777893E-1
1.278906942E1,-8.916208649E0,2.760858765E0,-1.324745178E-1
1.279911042E1,-9.324110413E0,2.843936005E0,1.362167358E-2
1.280915142E1,-9.295370178E0,2.718496857E0,-9.580078125E-3
1.281919242E1,-9.090745697E0,2.438429260E0,-2.133064270E-1
1.282923242E1,-9.139993286E0,1.867217102E0,-2.716850281E-1
1.283927342E1,-9.473350067E0,1.010548553E0,1.260379028E-1
1.284931442E1,-1.019874161E1,5.807922363E-2,7.937992859E-1
1.285935542E1,-1.095332245E1,-7.390132141E-1,8.840615845E-1
1.286939542E1,-1.129221771E1,-1.269060974E0,5.426216125E-1
1.287943642E1,-1.105825424E1,-1.987117767E0,2.739303589E-2
1.288947742E1,-1.089763824E1,-2.957699432E0,-3.290158081E-1
1.289951842E1,-1.195384186E1,-3.286715240E0,-2.857557678E-1
1.290955942E1,-1.434676575E1,-2.561772766E0,8.643026733E-1
1.291959942E1,-1.562480804E1,-1.412313080E0,2.120191040E0
1.292964042E1,-1.577793961E1,-3.118016052E-1,2.706072693E0
1.293968142E1,-1.539114395E1,3.826043701E-1,1.860331421E0
1.294972242E1,-1.458402237E1,4.953199768E-1,-6.971003723E-1
1.295976342E1,-1.420321426E1,-7.649093628E-2,-2.060165863E0
1.296980342E1,-1.428060333E1,8.445437622E-1,-3.329226837E0
1.297984442E1,-1.532902313E1,3.524570618E0,-5.998625793E0
1.298988542E1,-1.635678589E1,5.222938843E0,-8.068371735E0
1.299992642E1,-1.614497635E1,6.387068024E0,-9.173972626E0
1.300996642E1,-1.440065369E1,5.626349945E0,-9.178313599E0
1.302000742E1,-1.283341278E1,3.136876831E0,-7.928861847E0
1.303004842E1,-1.104777603E1,1.440155182E0,-6.909631348E0
1.304008942E1,-8.951385498E0,2.200424194E-1,-6.543642426E0
1.305013042E1,-8.561446381E0,-1.610051880E0,-5.338199158E0
1.306017042E1,-9.185199280E0,-3.072510681E0,-4.008663940E0
1.307021142E1,-1.001642075E1,-3.617078247E0,-3.589236145E0
1.308025242E1,-1.128293701E1,-3.570075989E0,-3.767066345E0
1.309029342E1,-1.196716415E1,-2.941832428E0,-4.341721344E0
1.310033442E1,-1.179322586E1,-1.965861969E0,-4.526886292E0
1.311037442E1,-1.102262833E1,-1.043929138E0,-4.113745422E0
1.312041542E1,-9.981094208E0,-1.472937012E-1,-3.474125519E0
1.313045642E1,-8.971294098E0,7.476951599E-1,-2.837349701E0
1.314049742E1,-8.087232513E0,1.513802032E0,-2.318079529E0
1.315053742E1,-7.591014404E0,2.109263763E0,-2.037862244E0
1.316057842E1,-7.300917664E0,2.573897552E0,-1.960922241E0
1.317061942E1,-6.795718231E0,2.834954681E0,-1.678609314E0
1.318066042E1,-6.203549652E0,2.690056000E0,-1.416654053E0
1.319070142E1,-5.761967926E0,2.356848907E0,-1.179696808E0
1.320074142E1,-5.175337830E0,1.781744843E0,-1.058149567E0
1.321078242E1,-4.561464386E0,9.621990967E-1,-1.153201904E0
1.322082342E1,-3.851191406E0,7.664062500E-2,-1.314117279E0
1.323086442E1,-3.353177032E0,-8.098159790E-1,-1.171912994E0
1.324090442E1,-3.007845154E0,-1.671124878E0,-1.023421783E0
1.325094542E1,-3.098406830E0,-2.409689026E0,-5.560935974E-1
1.326098642E1,-3.576662292E0,-3.083437958E0,9.460327148E-2
1.327102742E1,-4.311334534E0,-3.852239227E0,4.608915710E-1
1.328106842E1,-5.409151611E0,-4.414619751E0,8.478369141E-1
1.329110842E1,-6.435866547E0,-4.427343292E0,1.088835754E0
1.330114942E1,-7.098089447E0,-3.926335144E0,1.157542877E0
1.331119042E1,-7.610324249E0,-3.250640259E0,1.125808868E0
1.332123142E1,-8.001311188E0,-2.766996002E0,1.164727936E0
1.333127142E1,-8.156388702E0,-2.516716461E0,1.135838013E0
1.334131242E1,-8.232879639E0,-2.496059418E0,1.177601166E0
1.335135342E1,-8.503965912E0,-2.371967468E0,1.094074860E0
1.336139442E1,-8.681347046E0,-1.890867920E0,7.291337585E-1
1.337143542E1,-8.450976105E0,-1.150058441E0,3.671864319E-1
1.338147542E1,-8.422535248E0,-4.543052673E-1,2.531236267E-1
1.339151642E1,-8.736881561E0,-1.586700439E-2,1.395098877E-1
1.340155742E1,-9.619146881E0,7.170089722E-2,-1.258882141E-1
1.341159842E1,-1.117306549E1,1.775308228E-1,-7.608677673E-1
1.342163842E1,-1.298325119E1,1.552272034E-1,-1.410516815E0
1.343167942E1,-1.469958206E1,-2.324665833E-1,-1.152453461E0
1.344172042E1,-1.608120895E1,-1.381477203E0,-1.350192261E-1
1.345176142E1,-1.688563614E1,-2.724933472E0,7.342231750E-1
1.346180142E1,-1.697754501E1,-3.761078796E0,1.074615326E0
1.347184242E1,-1.631607056E1,-4.328399048E0,1.151854706E0
1.348188342E1,-1.491872635E1,-3.936364288E0,9.901908875E-1
1.349192442E1,-1.287772064E1,-2.675236816E0,-1.713935852E-1
1.350196542E1,-9.902507629E0,-1.630708923E0,-2.436034241E0
1.351200542E1,-8.104746094E0,-1.825903015E0,-4.234993286E0
1.352204642E1,-8.824898529E0,-3.059936829E0,-5.799539795E0
1.353208742E1,-1.006671616E1,-4.702171783E0,-6.826254730E0
1.354212842E1,-1.068163742E1,-3.429218903E0,-7.989934845E0
1.355216842E1,-1.175011551E1,-1.486408997E0,-7.592660980E0
1.356220942E1,-1.321197556E1,-8.164022827E-1,-7.343129883E0
1.357225042E1,-1.420516022E1,1.916015625E-1,-7.227869568E0
1.358229142E1,-1.462324081E1,1.551373901E0,-7.241042175E0
1.359233142E1,-1.437939789E1,2.751428375E0,-7.530839539E0
1.360237242E1,-1.424572586E1,3.126398621E0,-6.847809906E0
1.361241342E1,-1.432146835E1,3.106040955E0,-5.904770966E0
1.362245442E1,-1.459614716E1,2.544259186E0,-5.101391602E0
1.363249542E1,-1.464509537E1,1.073866882E0,-4.413422241E0
1.364253542E1,-1.410322220E1,-5.757028198E-1,-4.032913513E0
1.365257642E1,-1.296319290E1,-1.700912933E0,-3.745211792E0
1.366261742E1,-1.113384705E1,-2.391427002E0,-3.229833527E0
1.367265842E1,-9.159153442E0,-3.190315704E0,-2.242337036E0
1.368269842E1,-7.494165802E0,-3.929029541E0,-1.402733002E0
1.369273942E1,-6.253246307E0,-4.290527802E0,-6.619235229E-1
1.370278042E1,-5.347330170E0,-4.176315308E0,-3.233276367E-1
1.371282142E1,-4.407584381E0,-3.950135651E0,-1.663041687E-1
1.372286142E1,-3.664230194E0,-3.784430237E0,2.335144043E-2
1.373290242E1,-2.642754364E0,-3.130739594E0,-1.830693054E-1
1.374294342E1,-1.547332306E0,-2.096540222E0,-4.755610657E-1
1.375298442E1,-1.223555603E0,-1.020577698E0,-5.334906006E-1
1.376302542E1,-1.220412140E0,5.269042969E-2,-5.676196289E-1
1.377306542E1,-1.323996735E0,1.030157776E0,-7.198530579E-1
1.378310642E1,-1.936373291E0,1.866618347E0,-3.968247986E-1
1.379314742E1,-2.921923828E0,2.527793427E0,-2.016307068E-1
1.380318842E1,-4.227808228E0,3.146905975E0,1.992356873E-1
1.381322842E1,-5.405259705E0,3.469036102E0,2.372566223E-1
1.382326942E1,-6.690936127E0,3.432062988E0,6.900650024E-2
1.383331042E1,-7.773784332E0,3.122506714E0,4.580474854E-2
1.384335142E1,-8.543483734E0,2.736010437E0,-2.670446777E-1
1.385339142E1,-9.061107330E0,2.502196655E0,-3.950285339E-1
1.386343242E1,-9.440568237E0,2.487227783E0,-2.691403198E-1
1.387347342E1,-9.634714508E0,2.591261444E0,-2.757266235E-1
1.388351442E1,-9.385632477E0,2.515518951E0,-4.073030090E-1
1.389355442E1,-9.160500641E0,2.047292633E0,-3.224295044E-1
1.390359542E1,-9.099876709E0,1.300944672E0,6.256988525E-2
1.391363642E1,-9.163793793E0,4.879852295E-1,4.201762390E-1
1.392367742E1,-9.474248199E0,-2.323168945E-1,6.213578796E-1
1.393371742E1,-1.005668701E1,-9.222322083E-1,8.042774963E-1
1.394375842E1,-1.073268127E1,-1.741328888E0,1.033151550E0
1.395379942E1,-1.136631363E1,-2.193987579E0,6.905140686E-1
1.396384042E1,-1.255349487E1,-2.146685944E0,1.137634277E-1
1.397388042E1,-1.434751419E1,-1.880240021E0,5.267546082E-1
1.398392142E1,-1.589574463E1,-1.505868530E0,7.155120850E-1
1.399396242E1,-1.654644150E1,-1.280137939E0,1.097517700E0
1.400400342E1,-1.642624146E1,-8.693920898E-1,1.454076233E0
1.401404342E1,-1.547616714E1,-6.279441833E-1,1.416654053E0
1.402408442E1,-1.406939255E1,-5.186714172E-1,3.529660034E-1
1.403412542E1,-1.237132370E1,-1.193019104E-1,-1.354084167E0
1.404416642E1,-1.035516632E1,9.264234924E-1,-3.027454376E0
1.405420642E1,-1.030696655E1,3.226989441E0,-5.150938568E0
1.406424742E1,-1.209230392E1,5.530100098E0,-7.084318085E0
1.407428842E1,-1.298729279E1,5.736371155E0,-8.551417236E0
1.408432942E1,-1.325822937E1,4.094884644E0,-8.329578552E0
1.409436942E1,-1.297950897E1,1.890718231E0,-7.016060028E0
1.410441042E1,-1.217897369E1,6.759942627E-1,-7.004084930E0
1.411445142E1,-1.130000153E1,-7.406597900E-1,-6.699169006E0
1.412449242E1,-1.075827805E1,-2.539319458E0,-5.519172821E0
1.413453342E1,-1.060065582E1,-3.034190369E0,-5.160368958E0
1.414457342E1,-1.130793503E1,-2.624342651E0,-4.889432373E0
1.415461442E1,-1.233435059E1,-2.152972870E0,-4.484524384E0
1.416465542E1,-1.284224442E1,-1.465751953E0,-4.405039673E0
1.417469642E1,-1.252625153E1,-5.216651917E-1,-4.211192780E0
1.418473642E1,-1.153186935E1,2.950364685E-1,-3.596720581E0
1.419477742E1,-1.025831772E1,9.616003418E-1,-2.711012421E0
1.420481842E1,-9.211544495E0,1.612596588E0,-1.870659943E0
1.421485942E1,-8.588090973E0,2.061213684E0,-1.515149231E0
1.422489942E1,-8.074958038E0,2.400558014E0,-1.457968140E0
1.423494042E1,-7.057673492E0,2.786156158E0,-1.342558136E0
1.424498142E1,-6.219716034E0,2.869233398E0,-1.103355560E0
1.425502242E1,-5.145549774E0,2.590363312E0,-1.151405640E0
1.426506242E1,-3.964655457E0,1.969454498E0,-1.063987427E0
1.427510342E1,-3.332819366E0,1.152453461E0,-9.021739197E-1
1.428514442E1,-2.915636902E0,3.185375977E-1,-7.463479614E-1
1.429518542E1,-2.436034241E0,-6.047424316E-1,-5.734574890E-1
1.430522542E1,-2.332150269E0,-1.549727325E0,-1.954934692E-1
1.431526642E1,-2.702779541E0,-2.566562805E0,1.392105103E-1
1.432530742E1,-3.260070648E0,-3.409160614E0,1.948947144E-1
1.433534742E1,-4.319717102E0,-4.197122040E0,4.981640625E-1
1.434538842E1,-5.625751190E0,-4.666396179E0,8.494834900E-1
1.435542942E1,-6.975195007E0,-4.703518982E0,1.039139099E0
1.436547042E1,-8.052355042E0,-4.424648895E0,1.094972992E0
1.437551042E1,-8.759783936E0,-3.815864868E0,8.181985474E-1
1.438555142E1,-8.781039734E0,-3.333717499E0,4.688250732E-1
1.439559242E1,-8.793314209E0,-3.237467651E0,4.593946838E-1
1.440563342E1,-8.669072571E0,-3.149001617E0,4.610412598E-1
1.441567342E1,-8.386909332E0,-2.852468262E0,3.119512939E-1
1.442571442E1,-8.291108551E0,-2.303559723E0,2.007325745E-1
1.443575542E1,-8.450976105E0,-1.627565460E0,4.183799744E-1
1.444579642E1,-8.723858643E0,-1.104553070E0,8.168513489E-1
1.445583642E1,-9.256900177E0,-7.008425903E-1,1.102906494E0
1.446587742E1,-1.013497421E1,-5.831872559E-1,9.675878906E-1
1.447591842E1,-1.136721176E1,-2.897973633E-1,5.724096680E-1
1.448595942E1,-1.291813660E1,5.246589661E-1,1.731898499E-1
1.449599942E1,-1.411310165E1,1.011596375E0,1.571731567E-2
1.450604096E1,-1.461650482E1,-7.035369873E-3,-1.124162292E-1
1.451608196E1,-1.503548355E1,-2.167492676E0,-1.842668152E-1
1.452612296E1,-1.481663864E1,-3.989354095E0,1.957928467E-1
1.453616296E1,-1.425665314E1,-4.912484436E0,8.449928284E-1
1.454620396E1,-1.338411758E1,-4.907395020E0,1.393601990E0
1.455624496E1,-1.223600510E1,-3.907474365E0,1.183738403E0
1.456628596E1,-1.072459808E1,-2.375260620E0,-6.692582703E-1
1.457632596E1,-9.218430176E0,-1.500180359E0,-3.045117645E0
1.458636696E1,-9.022787018E0,-1.899849243E0,-5.487289124E0
1.459640796E1,-1.037941589E1,-4.028722229E0,-7.388036499E0
1.460644896E1,-1.150672165E1,-3.787124634E0,-8.390202484E0
1.461648896E1,-1.225920685E1,-1.864223328E0,-8.427924042E0
1.462652996E1,-1.320449112E1,-1.271455994E0,-7.567513275E0
1.463657096E1,-1.369606888E1,-1.248403931E0,-6.508315887E0
1.464661196E1,-1.364682129E1,-3.896397400E-1,-5.719456329E0
1.465665196E1,-1.325104431E1,1.555864563E0,-6.130651245E0
1.466669296E1,-1.284778290E1,3.252286835E0,-6.122568054E0
1.467673396E1,-1.277054352E1,4.237537994E0,-5.067711639E0
1.468677396E1,-1.337768097E1,4.457580414E0,-3.859274597E0
1.469681496E1,-1.407253601E1,3.498075714E0,-3.032094727E0
1.470685596E1,-1.409723465E1,1.641486511E0,-2.657274170E0
1.471689696E1,-1.348246307E1,-7.933502197E-3,-2.777324524E0
1.472693696E1,-1.253717880E1,-1.086440735E0,-2.889141998E0
1.473697796E1,-1.117007172E1,-1.805994415E0,-2.641257477E0
1.474701896E1,-9.865085449E0,-2.593207397E0,-1.697919159E0
1.475705996E1,-8.852441254E0,-3.421884155E0,-7.602690125E-1
1.476709996E1,-7.991431732E0,-4.052223358E0,-4.022135925E-1
1.477714096E1,-7.054829407E0,-4.278852081E0,-4.324507141E-1
1.478718196E1,-5.915997620E0,-3.953279114E0,-3.438349915E-1
1.479722296E1,-4.606670380E0,-3.384012909E0,-2.594105530E-1
1.480726296E1,-3.133583679E0,-2.554737396E0,-4.046086121E-1
1.481730396E1,-2.170935516E0,-1.707349548E0,-4.462220764E-1
1.482734496E1,-1.468446350E0,-9.595046997E-1,-7.390132141E-1
1.483738496E1,-1.255439301E0,1.377136230E-2,-3.511697388E-1
1.484742596E1,-1.633852386E0,9.848020935E-1,-2.718347168E-1
1.485746696E1,-2.404150543E0,1.707050171E0,-2.965333557E-1
1.486750796E1,-3.506907349E0,2.320923615E0,1.709445190E-1
1.487754796E1,-4.904401245E0,2.633323975E0,4.531077576E-1
1.488758896E1,-6.532415771E0,2.778522034E0,6.560856628E-1
1.489762996E1,-7.710166626E0,2.731519775E0,4.805007935E-1
1.490767096E1,-8.441545715E0,2.311942291E0,2.751278687E-1
1.491771096E1,-8.868457947E0,1.770518188E0,2.728825378E-1
1.492775196E1,-8.684640198E0,1.485810242E0,3.537144470E-1
1.493779296E1,-8.209228821E0,1.480870514E0,5.041516113E-1
1.494783396E1,-7.698490906E0,1.383273468E0,6.387217712E-1
1.495787396E1,-7.331005096E0,8.836125183E-1,4.896318054E-1
1.496791496E1,-7.304659882E0,-1.736389160E-2,7.053332520E-1
1.497795596E1,-7.805668030E0,-1.082249451E0,1.332079926E0
1.498799596E1,-8.745264130E0,-1.884880371E0,1.771865387E0
1.499803696E1,-9.983938293E0,-2.591560822E0,1.892514496E0
1.500807796E1,-1.124087448E1,-2.749332733E0,1.523831177E0
1.501811896E1,-1.300525543E1,-1.670226746E0,6.548881531E-1
1.502815896E1,-1.532019150E1,-2.797682190E-1,7.346722412E-1
1.503819996E1,-1.696961151E1,3.685336304E-1,9.051676941E-1
1.504824096E1,-1.751313126E1,2.881507874E-1,9.422904968E-1
1.505828196E1,-1.678474594E1,1.119671631E-1,1.101409607E0
1.506832196E1,-1.567121155E1,-8.771759033E-2,1.665885773E0
1.507836296E1,-1.412537613E1,-4.505630493E-1,1.712888031E0
1.508840396E1,-1.213436646E1,-2.921923828E-1,-3.921844482E-2
1.509844396E1,-1.060364960E1,6.791377258E-1,-2.012265472E0
1.510848496E1,-1.109881989E1,2.737956390E0,-3.819607086E0
1.511852596E1,-1.324595490E1,5.103786621E0,-4.997657318E0
1.512856696E1,-1.369966141E1,6.023773499E0,-6.861132202E0
1.513860696E1,-1.270453079E1,5.231770477E0,-8.537795563E0
1.514864796E1,-1.199500626E1,3.498973846E0,-7.661068726E0
1.515868896E1,-1.114612152E1,2.170037384E0,-6.677613831E0
1.516872996E1,-1.045620621E1,1.022823029E0,-6.294111328E0
1.517876996E1,-1.048090485E1,-7.548802185E-1,-5.464536438E0
1.518881096E1,-1.069795349E1,-1.836830292E0,-4.967270508E0
1.519885196E1,-1.129326553E1,-2.085463257E0,-4.814737701E0
1.520889196E1,-1.249571503E1,-2.297123108E0,-4.521647186E0
1.521893296E1,-1.330373474E1,-2.424208832E0,-4.268074493E0
1.522897396E1,-1.321975937E1,-2.181862793E0,-3.961062927E0
1.523901496E1,-1.243583954E1,-1.623224487E0,-3.340303802E0
1.524905496E1,-1.113743958E1,-1.018631744E0,-2.746338959E0
1.525909596E1,-9.798623657E0,-5.730084229E-1,-2.082319794E0
1.526913696E1,-8.950786743E0,-2.457888794E-1,-1.400337982E0
1.527917796E1,-8.433761902E0,1.724414062E-1,-1.097966766E0
1.528921796E1,-7.894433441E0,7.813751221E-1,-1.151555328E0
1.529925896E1,-7.305408325E0,1.424138489E0,-1.081800385E0
1.530929996E1,-6.705006866E0,1.812281342E0,-8.286767578E-1
1.531933996E1,-5.782475281E0,1.971849518E0,-6.385720825E-1
1.532938096E1,-4.846471710E0,1.944007416E0,-6.318360901E-1
1.533942196E1,-3.918551331E0,1.709744568E0,-9.376501465E-1
1.534946296E1,-3.447630615E0,1.382824402E0,-1.193767548E0
1.535950296E1,-3.086431732E0,9.141490173E-1,-1.340312805E0
1.536954396E1,-3.038231964E0,1.892065430E-1,-1.030457153E0
1.537958496E1,-3.329376526E0,-4.402345276E-1,-6.984475708E-1
1.538962496E1,-3.509901123E0,-9.915380859E-1,-5.313949585E-1
1.539966596E1,-4.503534851E0,-1.719174957E0,-1.178050232E-1
1.540970696E1,-5.873785400E0,-2.528841248E0,2.119592285E-1
1.541974796E1,-6.888375549E0,-3.056643677E0,3.763174438E-1
1.542978796E1,-7.710915070E0,-3.248993683E0,6.280938721E-1
1.543982896E1,-8.204738159E0,-3.202141113E0,5.101391602E-1
1.544986996E1,-8.383915558E0,-3.217259674E0,6.707551575E-1
1.545990996E1,-8.413703613E0,-3.450774078E0,1.077609100E0
1.546995096E1,-8.224946136E0,-3.644022217E0,1.409468994E0
1.547999196E1,-8.069718933E0,-3.725602570E0,1.690734100E0
1.549003296E1,-8.265960846E0,-3.545676727E0,1.454824677E0
1.550007296E1,-8.692873077E0,-3.084635468E0,1.059347076E0
1.551011354E1,-9.262288971E0,-2.572550354E0,9.599537659E-1
1.552015454E1,-1.009515701E1,-2.123484192E0,9.668394470E-1
1.553019554E1,-1.124835892E1,-1.735191650E0,8.849597168E-1
1.554023554E1,-1.255663834E1,-1.020128632E0,5.686674500E-1
1.555027654E1,-1.373843079E1,8.936416626E-2,2.902464294E-1
1.556031754E1,-1.423779236E1,8.391549683E-1,1.330732727E-1
1.557035754E1,-1.398571655E1,3.043171692E-1,-1.172062683E-1
1.558039854E1,-1.364876724E1,-1.293759613E0,2.716850281E-1
1.559043954E1,-1.324730209E1,-2.544109497E0,1.149459686E0
1.560048054E1,-1.242970230E1,-2.968177643E0,1.738933868E0
1.561052054E1,-1.163260986E1,-2.919828186E0,1.950294342E0
1.562056154E1,-1.091530151E1,-2.347867584E0,5.251080322E-1
1.563060254E1,-1.034573593E1,-1.919757843E0,-1.932182007E0
1.564064254E1,-1.058583664E1,-2.439177704E0,-3.955075378E0
1.565068354E1,-1.157872192E1,-3.780538330E0,-6.013594666E0
1.566072454E1,-1.191237808E1,-4.302053833E0,-8.123906250E0
1.567076554E1,-1.196476913E1,-2.680176544E0,-8.897497559E0
1.568080554E1,-1.223585541E1,-1.773212585E0,-8.534352722E0
1.569084654E1,-1.290750870E1,-1.818568268E0,-7.494315491E0
1.570088754E1,-1.370145767E1,-6.313870239E-1,-7.047794037E0
1.571092754E1,-1.406804535E1,1.462458801E-1,-6.832691345E0
1.572096854E1,-1.422866135E1,7.038363647E-1,-6.211183777E0
1.573100954E1,-1.436263275E1,1.212927704E0,-5.486989746E0
1.574105054E1,-1.453552322E1,1.594633942E0,-4.837939453E0
1.575109054E1,-1.441277847E1,1.260977783E0,-4.289180603E0
1.576113154E1,-1.396266449E1,1.856140137E-1,-3.753294983E0
1.577117254E1,-1.300375854E1,-7.351213074E-1,-3.178490295E0
1.578121254E1,-1.153800659E1,-1.414259033E0,-2.358196106E0
1.579125354E1,-1.020877075E1,-2.146985321E0,-1.530716858E0
1.580129454E1,-9.210646362E0,-2.758763123E0,-9.707313538E-1
1.581133554E1,-8.134384460E0,-2.974464569E0,-6.489006042E-1
1.582137554E1,-7.108717346E0,-2.820734253E0,-3.079096985E-1
1.583141654E1,-6.304439850E0,-2.530787201E0,5.089416504E-2
1.584145754E1,-4.966222687E0,-2.108215942E0,4.939727783E-2
1.585149754E1,-3.501069489E0,-1.686842194E0,3.799099731E-1
1.586153854E1,-2.816393280E0,-1.187181244E0,4.125421143E-1
1.587157954E1,-2.150577850E0,-4.340972900E-1,-1.392105103E-1
1.588161954E1,-1.580263824E0,3.855981445E-1,-3.841012573E-1
1.589166054E1,-1.194815369E0,1.065184937E0,-3.411405945E-1
1.590170154E1,-1.329086151E0,1.575174408E0,-4.544549561E-1
1.591174254E1,-1.898951111E0,1.842368774E0,-5.007087708E-1
1.592178254E1,-2.974614258E0,2.057471466E0,1.392105103E-1
1.593182354E1,-4.584965515E0,2.268532562E0,2.088157654E-1
1.594186454E1,-6.365961914E0,2.235601044E0,-1.212478638E-1
1.595190454E1,-7.890691223E0,1.914069672E0,-2.401007080E-1
1.596194554E1,-9.227561188E0,1.476679230E0,-2.523751831E-1
1.597198654E1,-1.010758118E1,1.264270935E0,-8.921447754E-2
1.598202754E1,-1.023047562E1,1.317859497E0,7.244934082E-2
1.599206754E1,-9.803264008E0,1.325044556E0,3.891906738E-3
1.600210854E1,-9.184001770E0,1.169368286E0,-1.359173584E-1
1.601214954E1,-8.730894012E0,9.199868774E-1,-1.272354126E-1
1.602218954E1,-8.712033234E0,6.435118103E-1,1.606159973E-1
1.603223054E1,-9.174421692E0,5.478607178E-1,5.989045715E-1
1.604227154E1,-1.010503647E1,6.529421997E-1,9.966275024E-1
1.605231254E1,-1.100930603E1,7.075785828E-1,1.013093262E0
1.606235254E1,-1.153546188E1,2.080673218E-1,7.120692444E-1
1.607239354E1,-1.187001617E1,-7.268884277E-1,-1.088237000E-1
1.608243454E1,-1.311407913E1,-1.649719391E0,-3.070115662E-1
1.609247454E1,-1.493788651E1,-1.976190491E0,-2.932402039E-1
1.610251554E1,-1.588556580E1,-1.587598572E0,3.817062378E-1
1.611255654E1,-1.548844162E1,-1.230291595E0,1.443298645E0
1.612259754E1,-1.460647568E1,-9.189390564E-1,2.237546997E0
1.613263754E1,-1.367451370E1,-6.837780762E-1,2.604134674E0
1.614267854E1,-1.260334122E1,-2.957849121E-1,1.624721375E0
1.615271954E1,-1.118234619E1,5.074447632E-2,-2.118095398E-1
1.616275954E1,-9.766141205E0,6.298901367E-1,-1.952539673E0
1.617280054E1,-1.033151550E1,2.449655914E0,-3.600313110E0
1.618284154E1,-1.193408295E1,4.603377228E0,-5.673801270E0
1.619288154E1,-1.257549911E1,4.913382568E0,-7.658224640E0
1.620292254E1,-1.279419434E1,3.775748291E0,-8.378975830E0
1.621296354E1,-1.289253983E1,2.948269043E0,-8.291108551E0
1.622300454E1,-1.253568192E1,2.353106689E0,-8.068222046E0
1.623304454E1,-1.192046127E1,6.078858948E-1,-7.341932373E0
1.624308554E1,-1.174278076E1,-1.351090393E0,-6.039939880E0
1.625312654E1,-1.165670975E1,-2.240690460E0,-5.295088806E0
1.626316654E1,-1.183558777E1,-2.663411407E0,-4.749922485E0
1.627320754E1,-1.211625412E1,-2.943928070E0,-4.519551544E0
1.628324854E1,-1.223720261E1,-2.674338684E0,-4.381239166E0
1.629328954E1,-1.188887695E1,-1.716929626E0,-3.876937866E0
1.630332954E1,-1.105570953E1,-5.370831299E-1,-3.167862396E0
1.631337054E1,-9.978699188E0,5.278024292E-1,-2.498903503E0
1.632341154E1,-9.109157410E0,1.459465027E0,-1.677411804E0
1.633345154E1,-8.298293610E0,2.144889679E0,-1.279988251E0
1.634349254E1,-7.548652496E0,2.626138916E0,-1.142124939E0
1.635353354E1,-6.769073639E0,2.987637177E0,-1.276695099E0
1.636357354E1,-5.862708435E0,3.052751770E0,-1.443747711E0
1.637361454E1,-4.931943970E0,2.710114288E0,-1.336570587E0
1.638365554E1,-4.417463837E0,2.102827148E0,-9.162446594E-1
1.639369654E1,-3.731889496E0,1.371897125E0,-7.078779602E-1
1.640373654E1,-3.238964539E0,5.569917297E-1,-6.777905273E-1
1.641377754E1,-3.191812592E0,-4.890330505E-1,-6.873706055E-1
1.642381854E1,-3.375480652E0,-1.571282501E0,-4.059558105E-1
1.643385854E1,-3.751199341E0,-2.608924713E0,-2.011816406E-1
1.644389954E1,-4.497247925E0,-3.503614197E0,3.966751099E-1
1.645394054E1,-5.319787445E0,-4.033063202E0,7.072792053E-1
1.646398054E1,-6.435716858E0,-4.380191345E0,6.762936401E-1
1.647402154E1,-7.608228607E0,-4.521647186E0,7.324269104E-1
1.648406254E1,-8.464298401E0,-4.174219666E0,6.767427063E-1
1.649410354E1,-9.038654022E0,-3.558699646E0,4.032614136E-1
1.650414354E1,-9.289232941E0,-2.977009277E0,6.376739502E-2
1.651418454E1,-9.385033722E0,-2.536475372E0,5.763015747E-2
1.652422554E1,-9.502090302E0,-2.264940033E0,1.868115234E-1
1.653426554E1,-9.569001160E0,-1.925745392E0,2.423460388E-1
1.654430654E1,-9.545050964E0,-1.573677521E0,3.224295044E-1
1.655434754E1,-9.422904968E0,-1.330433350E0,4.061054993E-1
1.656438854E1,-9.311386871E0,-1.281934204E0,5.532495117E-1
1.657442854E1,-9.447902985E0,-1.407373352E0,6.749464417E-1
1.658446954E1,-1.005563919E1,-1.563049622E0,5.260061646E-1
1.659451054E1,-1.086605392E1,-1.536854095E0,1.681004333E-1
1.660455054E1,-1.153950348E1,-1.310375061E0,-2.404000854E-1
1.661459154E1,-1.216924393E1,-1.212927704E0,-5.484594727E-1
1.662463254E1,-1.269420227E1,-1.600172424E0,-4.810995483E-1
1.663467254E1,-1.339414673E1,-2.281405792E0,1.483415222E-1
1.664471354E1,-1.381821487E1,-2.865790558E0,1.312919769E0
1.665475454E1,-1.366074234E1,-3.028352509E0,1.846410370E0
1.666479554E1,-1.306168808E1,-2.746937714E0,1.543590088E0
1.667483554E1,-1.209335175E1,-1.978435822E0,4.189787292E-1
1.668487654E1,-1.101753891E1,-1.129551086E0,-1.257984009E0
1.669491754E1,-9.937085724E0,-1.095571747E0,-2.696193237E0
1.670495754E1,-9.949659576E0,-1.676663361E0,-3.971541138E0
1.671499854E1,-1.136646332E1,-2.230062561E0,-5.128634949E0
1.672503954E1,-1.191956314E1,-3.039579163E0,-6.741081848E0
1.673507954E1,-1.195414124E1,-2.189646606E0,-7.730075226E0
1.674512054E1,-1.255035141E1,-6.259982300E-1,-7.596702576E0
1.675516154E1,-1.311407913E1,-4.670288086E-2,-6.890770569E0
1.676520254E1,-1.265752853E1,8.936416626E-1,-6.587800598E0
1.677524254E1,-1.221310272E1,1.880689087E0,-6.249653778E0
1.678528354E1,-1.201177139E1,2.573448486E0,-5.828579407E0
1.679532454E1,-1.198602493E1,2.840193787E0,-5.046904907E0
1.680536454E1,-1.263028519E1,2.460283813E0,-4.150568848E0
1.681540554E1,-1.328247894E1,1.680255890E0,-3.631298676E0
1.682544654E1,-1.337902817E1,6.791377258E-1,-3.476819916E0
1.683548754E1,-1.277039383E1,-5.209167480E-1,-3.293900299E0
1.684552754E1,-1.171463928E1,-1.522933044E0,-2.805615692E0
1.685556854E1,-1.035217255E1,-2.182012482E0,-2.144440613E0
1.686560954E1,-9.259295197E0,-2.696642303E0,-1.406325531E0
1.687564954E1,-8.598868561E0,-3.085982666E0,-7.854167175E-1
1.688569054E1,-8.057893524E0,-3.183879089E0,-2.591111755E-1
1.689573154E1,-7.405999146E0,-3.144061890E0,2.874023438E-2
1.690577154E1,-6.636000366E0,-2.949316864E0,5.089416504E-2
1.691581254E1,-5.571563873E0,-2.553988953E0,-4.326004028E-2
1.692585354E1,-4.489314423E0,-2.122286682E0,7.319778442E-2
1.693589454E1,-3.718118134E0,-1.768871613E0,3.517684937E-2
1.694593454E1,-3.207380219E0,-1.209933929E0,6.182144165E-2
1.695597554E1,-3.037782898E0,-3.170407104E-1,-2.275268555E-2
1.696601654E1,-3.163970490E0,6.703060913E-1,-1.916015625E-2
1.697605654E1,-3.672163696E0,1.627715149E0,9.939331055E-2
1.698609754E1,-4.432432709E0,2.301613770E0,1.567240906E-1
1.699613854E1,-5.288352814E0,2.573298798E0,1.698966980E-1
1.700617854E1,-6.318211212E0,2.614463196E0,1.387614441E-1
1.701621954E1,-7.331753540E0,2.471510468E0,-1.158590698E-1
1.702626054E1,-8.066725159E0,2.147584076E0,-4.183799744E-1
1.703630154E1,-8.601413269E0,1.825004883E0,-6.011499023E-1
1.704634154E1,-9.082512817E0,1.644180908E0,-6.465055847E-1
1.705638254E1,-9.355994110E0,1.680854645E0,-5.337899780E-1
1.706642354E1,-9.412576447E0,1.825903015E0,-3.758683777E-1
1.707646354E1,-9.292526093E0,1.816023560E0,-2.134561157E-1
1.708650454E1,-9.130113831E0,1.459315338E0,9.879455566E-3
1.709654554E1,-9.025032349E0,8.223898315E-1,2.541714478E-1
1.710658554E1,-9.027427368E0,7.080276489E-2,6.637197876E-1
1.711662654E1,-9.112749939E0,-6.477030945E-1,1.038989410E0
1.712666754E1,-9.255253601E0,-1.266366577E0,1.060095520E0
1.713670854E1,-9.519603882E0,-2.047292633E0,1.246158600E0
1.714674854E1,-9.621092834E0,-2.612966309E0,5.812413025E-1
1.715678954E1,-9.823921051E0,-2.730621643E0,-3.821553040E-1
1.716683054E1,-1.041264679E1,-1.988614655E0,-9.541159058E-1
1.717687054E1,-1.161614410E1,-8.704399109E-1,-6.813830566E-1
1.718691154E1,-1.327499451E1,1.477427673E-1,3.137475586E-1
1.719695254E1,-1.447070801E1,6.256988525E-1,1.095571747E0
1.720699354E1,-1.500285141E1,6.836283875E-1,1.468446350E0
1.721703354E1,-1.493968277E1,6.899153137E-1,1.496587830E0
1.722707454E1,-1.439316925E1,2.348616028E-1,9.526190186E-1
1.723711554E1,-1.385159546E1,-6.574328613E-1,-3.367996216E-2
1.724715554E1,-1.315404602E1,-1.174757080E0,-1.735640717E0
1.725719654E1,-1.239048386E1,-4.192781067E-1,-3.766317902E0
1.726723754E1,-1.269450165E1,1.705104218E0,-5.390739899E0
1.727727854E1,-1.358065887E1,3.601211243E0,-7.053332520E0
1.728731854E1,-1.354742798E1,4.218677216E0,-7.907606049E0
1.729735954E1,-1.274734177E1,3.848946075E0,-7.476502533E0
1.730740054E1,-1.154025192E1,3.078498230E0,-7.249724121E0
1.731744054E1,-1.056263489E1,1.522034912E0,-6.515051880E0
1.732748154E1,-9.617799683E0,3.233276367E-2,-5.514083405E0
1.733752254E1,-8.842412109E0,-1.500779114E0,-4.997357941E0
1.734756254E1,-9.112151184E0,-3.198847961E0,-4.359085236E0
1.735760354E1,-1.010892838E1,-3.984564056E0,-3.737128601E0
1.736764454E1,-1.134625534E1,-3.910168762E0,-3.351380768E0
1.737768554E1,-1.235710327E1,-3.333567810E0,-3.678600311E0
1.738772554E1,-1.260408966E1,-2.318977661E0,-4.201762390E0
1.739776654E1,-1.208197540E1,-1.263672180E0,-4.274361420E0
1.740780754E1,-1.122620499E1,-2.769241333E-1,-3.766018524E0
1.741784754E1,-1.028032196E1,6.454577637E-1,-2.857857056E0
1.742788854E1,-9.372908936E0,1.336570587E0,-2.214944000E0
1.743792954E1,-8.721463623E0,1.806742859E0,-1.957629089E0
1.744797054E1,-8.098010101E0,2.323767700E0,-1.828747101E0
1.745801054E1,-7.330106964E0,2.609972534E0,-1.630858612E0
1.746805154E1,-6.730154572E0,2.582579498E0,-1.301543427E0
1.747809254E1,-6.114784241E0,2.373015289E0,-9.226812744E-1
1.748813254E1,-5.563031616E0,1.992356873E0,-7.155120850E-1
1.749817354E1,-4.915478210E0,1.370849304E0,-6.453080750E-1
1.750821504E1,-4.514462128E0,5.261558533E-1,-5.613327026E-1
1.751825504E1,-4.425846405E0,-3.956272888E-1,-5.257067871E-1
1.752829604E1,-4.678670654E0,-1.230740662E0,-2.839595032E-1
1.753833704E1,-5.267995148E0,-2.043400726E0,-1.495390320E-1
1.754837804E1,-6.005960541E0,-2.719993744E0,-1.414558411E-1
1.755841804E1,-6.890171814E0,-3.142565002E0,-2.859054565E-2
1.756845904E1,-7.666457520E0,-3.331771545E0,8.128097534E-2
1.757850004E1,-8.328830109E0,-3.272644501E0,1.077758789E-2
1.758854004E1,-8.871002655E0,-3.009791107E0,-3.189866638E-1
1.759858104E1,-9.327104187E0,-2.742596741E0,-5.586383057E-1
1.760862204E1,-9.785451050E0,-2.713557129E0,-6.643185425E-1
1.761866304E1,-1.003153931E1,-2.762954407E0,-6.572831726E-1
1.762870304E1,-9.989327087E0,-2.846630402E0,-4.778063965E-1
1.763874404E1,-9.771380310E0,-2.936743011E0,-2.507286072E-1
1.764878504E1,-9.435179443E0,-2.928510132E0,3.263214111E-2
1.765882504E1,-8.997938690E0,-2.907254333E0,4.617897034E-1
1.766886604E1,-8.583600311E0,-2.896776123E0,8.391549683E-1
1.767890704E1,-8.287066956E0,-2.791844330E0,1.039737854E0
1.768894804E1,-8.341703339E0,-2.423909454E0,1.285975800E0
1.769898804E1,-8.526718597E0,-1.718875580E0,1.367256775E0
1.770902904E1,-8.824599152E0,-1.101409607E0,1.214274902E0
1.771907004E1,-9.124575348E0,-8.063731384E-1,9.265731812E-1
1.772911004E1,-9.668394470E0,-7.454498291E-1,5.659730530E-1
1.773915104E1,-1.041070084E1,-7.517367554E-1,4.424798584E-1
1.774919204E1,-1.125898682E1,-9.078620911E-1,5.379812622E-1
1.775923304E1,-1.219873260E1,-1.128203888E0,5.539979553E-1
1.776927304E1,-1.284568726E1,-1.389560394E0,2.600093079E-1
1.777931404E1,-1.295750473E1,-1.572480011E0,-1.420545959E-1
1.778935504E1,-1.270138733E1,-1.508113861E0,-4.266128540E-1
1.779939504E1,-1.199650314E1,-1.310973816E0,-6.777905273E-1
1.780943604E1,-1.100616257E1,-1.641935577E0,-1.224902802E0
1.781947704E1,-1.017045044E1,-2.413880310E0,-2.511028290E0
1.782951804E1,-9.596843262E0,-2.846031647E0,-4.612957306E0
1.783955804E1,-9.624236298E0,-3.171454926E0,-6.268963623E0
1.784959904E1,-9.569899292E0,-3.102897491E0,-7.124734039E0
1.785964004E1,-9.029822388E0,-3.268902283E0,-6.912026367E0
1.786968004E1,-8.771010590E0,-3.472478943E0,-5.477858734E0
1.787972104E1,-9.631870422E0,-3.573369141E0,-5.262905731E0
1.788976204E1,-1.121303238E1,-3.643722839E0,-5.682034149E0
1.789980304E1,-1.261576538E1,-3.272644501E0,-5.695655823E0
1.790984304E1,-1.383258499E1,-2.494861908E0,-6.154152374E0
1.791988404E1,-1.480975296E1,-1.628762970E0,-6.178102570E0
1.792992504E1,-1.472053848E1,-8.904981995E-1,-5.727240143E0
1.793996504E1,-1.375804001E1,-3.109034729E-1,-5.193749542E0
1.795000604E1,-1.317754715E1,-6.390211487E-1,-4.269272003E0
1.796004704E1,-1.264974472E1,-1.180594940E0,-3.477568359E0
1.797008804E1,-1.170071823E1,-1.672172699E0,-2.778522034E0
1.798012804E1,-1.072025711E1,-2.164199524E0,-2.328108673E0
1.799016904E1,-9.506131897E0,-2.733016663E0,-1.941612396E0
1.800021004E1,-8.372239838E0,-3.279530182E0,-1.573976898E0
1.801025004E1,-7.211852875E0,-3.299588470E0,-1.905836792E0
1.802029104E1,-5.984555054E0,-2.789598999E0,-2.156266022E0
1.803033204E1,-4.986730042E0,-1.933529205E0,-2.143243103E0
1.804037304E1,-4.417463837E0,-8.402027893E-1,-2.163900146E0
1.805041304E1,-4.176015930E0,2.736309814E-1,-2.247276764E0
1.806045404E1,-4.377197571E0,1.190025330E0,-2.132615204E0
1.807049504E1,-4.928800507E0,1.617686005E0,-2.069596252E0
1.808053504E1,-5.723048859E0,1.618584137E0,-2.240391083E0
1.809057604E1,-6.875951385E0,1.484313354E0,-2.340233459E0
1.810061704E1,-8.203989716E0,1.553170166E0,-2.440225525E0
1.811065804E1,-9.307045898E0,1.792073364E0,-2.589764557E0
1.812069804E1,-1.027657974E1,1.973196716E0,-2.921025696E0
1.813073904E1,-1.103654938E1,2.311044159E0,-3.100652161E0
1.814078004E1,-1.146555725E1,2.322270813E0,-3.096311188E0
1.815082004E1,-1.118204681E1,1.928140411E0,-3.118165741E0
1.816086104E1,-1.047177383E1,1.676064606E0,-3.280877380E0
1.817090204E1,-9.780211945E0,1.481918335E0,-3.107238464E0
1.818094304E1,-9.162147217E0,1.623374176E0,-2.600093079E0
1.819098304E1,-8.442144470E0,1.714684296E0,-1.950444031E0
1.820102404E1,-7.726931763E0,1.274449768E0,-1.212927704E0
1.821106504E1,-7.137906647E0,5.674699402E-1,-6.527925110E-1
1.822110504E1,-6.687942352E0,1.101708984E-1,-5.623805237E-1
1.823114604E1,-6.449937286E0,-3.472778320E-2,-7.047344971E-1
1.824118704E1,-6.646179199E0,6.601272583E-2,-7.702981567E-1
1.825122804E1,-7.130272522E0,1.996847534E-1,-5.628295898E-1
1.826126804E1,-7.706424408E0,4.677772522E-1,-4.080514526E-1
1.827130904E1,-8.454119568E0,1.018631744E0,-4.743635559E-1
1.828135004E1,-9.181906128E0,1.635648651E0,-9.946815491E-1
1.829139004E1,-1.003662872E1,1.855990448E0,-1.011596375E0
1.830143104E1,-1.056937088E1,1.644330597E0,-1.029259644E0
1.831147204E1,-1.070768326E1,1.009351044E0,-1.144370270E0
1.832151304E1,-1.095182556E1,6.487509155E-1,-1.468446350E0
1.833155304E1,-1.115106125E1,5.462141418E-1,-1.749112701E0
1.834159404E1,-1.132559830E1,4.915777588E-1,-1.778601379E0
1.835163504E1,-1.146720383E1,5.101391602E-1,-1.496887207E0
1.836167604E1,-1.156120834E1,7.135661316E-1,-1.066981201E0
1.837171604E1,-1.166643951E1,9.717791748E-1,-6.727011108E-1
1.838175704E1,-1.179891403E1,9.696835327E-1,-3.294648743E-1
1.839179804E1,-1.174098450E1,9.190887451E-1,-3.135978699E-1
1.840183804E1,-1.145462997E1,8.164022827E-1,-7.053332520E-1
1.841187904E1,-1.123488693E1,6.292913818E-1,-1.621577911E0
1.842192004E1,-1.091649902E1,8.696914673E-1,-2.709365845E0
1.843196104E1,-1.077728851E1,1.346150665E0,-3.368445282E0
1.844200104E1,-1.080378342E1,1.447489929E0,-3.350033569E0
1.845204204E1,-1.050231033E1,1.191821594E0,-3.338208160E0
1.846208304E1,-1.001207977E1,7.553292847E-1,-3.597169647E0
1.847212304E1,-9.483528900E0,1.496887207E-4,-3.821403351E0
1.848216404E1,-9.189540253E0,-1.011895752E0,-4.107458496E0
1.849220504E1,-9.207502899E0,-2.162702637E0,-4.206402740E0
1.850224604E1,-9.663604431E0,-2.941533051E0,-3.980223083E0
1.851228554E1,-1.023391846E1,-2.926115112E0,-3.645818481E0
1.852232654E1,-1.070019882E1,-2.388882294E0,-3.476520538E0
1.853236754E1,-1.122515717E1,-1.723066864E0,-3.600612488E0
1.854240854E1,-1.166015259E1,-9.418414307E-1,-3.680396576E0
1.855244854E1,-1.177002411E1,-2.324665833E-1,-3.639980621E0
1.856248954E1,-1.137709122E1,8.128097534E-2,-3.401825867E0
1.857253054E1,-1.079764618E1,1.630110168E-1,-2.853665771E0
1.858257054E1,-1.000938538E1,2.888992310E-1,-2.260149994E0
1.859261154E1,-9.206904144E0,5.415737915E-1,-1.802102509E0
1.860265254E1,-8.412805481E0,6.539900208E-1,-1.762285309E0
1.861269354E1,-7.907456360E0,3.641926575E-1,-1.473984833E0
1.862273354E1,-7.881111145E0,-6.047424316E-2,-1.341660004E0
1.863277454E1,-7.714507599E0,-5.014572144E-2,-1.827998657E0
1.864281554E1,-7.420818329E0,1.914518738E-1,-1.884580994E0
1.865285554E1,-7.300917664E0,2.243833923E-1,-1.599723358E0
1.866289654E1,-7.130272522E0,-3.891906738E-3,-1.432071991E0
1.867293754E1,-6.782246246E0,-2.254312134E-1,-1.110540619E0
1.868297854E1,-6.619085541E0,-5.653742981E-1,-7.623646545E-1
1.869301854E1,-6.705156555E0,-9.785151672E-1,-4.475692749E-1
1.870305954E1,-7.063810730E0,-1.369352417E0,-1.999841309E-1
1.871310054E1,-7.744295654E0,-1.732347565E0,-2.198927307E-1
1.872314054E1,-8.629405060E0,-1.861079865E0,-4.578977966E-1
1.873318154E1,-9.375154266E0,-1.852547607E0,-7.834707642E-1
1.874322254E1,-9.756112061E0,-1.780098267E0,-1.109492798E0
1.875326354E1,-9.802066498E0,-1.785936127E0,-1.261875916E0
1.876330354E1,-9.623338165E0,-1.785037994E0,-1.276395721E0
1.877334454E1,-9.244326324E0,-1.844015350E0,-1.118324432E0
1.878338554E1,-8.877289581E0,-1.980531464E0,-8.798703003E-1
1.879342654E1,-8.431366882E0,-2.189945984E0,-7.957452393E-1
1.880346654E1,-8.218509521E0,-2.449206848E0,-6.944059753E-1
1.881350754E1,-8.084089050E0,-2.629881134E0,-7.116201782E-1
1.882354854E1,-7.999215546E0,-2.665806427E0,-4.866380310E-1
1.883358854E1,-8.025710449E0,-2.647694092E0,-3.085084534E-1
1.884362954E1,-8.343649292E0,-2.453996887E0,-2.124082947E-1
1.885367054E1,-8.827443237E0,-2.029329987E0,-1.913021851E-1
1.886371154E1,-9.405990143E0,-1.446741486E0,-2.269281006E-1
1.887375154E1,-9.954449615E0,-8.452922058E-1,-1.594184875E-1
1.888379254E1,-1.038794815E1,-2.993774414E-1,-1.537303162E-1
1.889383354E1,-1.064047302E1,2.589614868E-2,-3.263214111E-1
1.890387354E1,-1.083731369E1,8.173004150E-2,-6.682104492E-1
1.891391454E1,-1.113100296E1,-1.544787598E-1,-9.449848938E-1
1.892395554E1,-1.145238464E1,-8.259823608E-1,-9.446855164E-1
1.893399654E1,-1.187600372E1,-1.866768036E0,-7.104226685E-1
1.894403654E1,-1.255903336E1,-3.026256866E0,-2.478845215E-1
1.895407754E1,-1.328367645E1,-3.688180389E0,2.146536255E-1
1.896411854E1,-1.390129211E1,-3.823199615E0,4.188290405E-1
1.897415854E1,-1.413525558E1,-3.609893188E0,2.475851440E-1
1.898419954E1,-1.380115036E1,-3.040477295E0,-1.850152588E-1
1.899424054E1,-1.313967590E1,-2.228865051E0,-7.282356262E-1
1.900428154E1,-1.216295700E1,-1.569336548E0,-1.462608490E0
1.901432154E1,-1.103924377E1,-2.058968353E0,-2.519560547E0
1.902436254E1,-1.069091812E1,-2.862796783E0,-3.933669891E0
1.903440354E1,-1.068762497E1,-3.113226013E0,-5.026846619E0
1.904444454E1,-1.033211426E1,-3.178939362E0,-5.792504425E0
1.905448454E1,-9.745334473E0,-2.577340393E0,-6.063890076E0
1.906452554E1,-9.440568237E0,-1.450184326E0,-5.704637146E0
1.907456654E1,-9.166488190E0,-9.017248535E-1,-5.389392700E0
1.908460654E1,-8.640931091E0,-4.805007935E-1,-5.016368408E0
1.909464754E1,-8.454269257E0,7.848179626E-1,-4.715793457E0
1.910468854E1,-8.729097748E0,1.806293793E0,-4.445156250E0
1.911472954E1,-9.518556061E0,2.312391357E0,-3.922742615E0
1.912476954E1,-1.041564056E1,2.295326843E0,-3.478616180E0
1.913481054E1,-1.107995911E1,1.654659119E0,-3.249742126E0
1.914485154E1,-1.156270523E1,6.450086975E-1,-3.165317688E0
1.915489154E1,-1.174816956E1,-5.192701721E-1,-3.037932587E0
1.916493254E1,-1.149055527E1,-1.436412964E0,-2.824775848E0
1.917497354E1,-1.088431595E1,-1.993554382E0,-2.559228058E0
1.918501454E1,-1.039932449E1,-2.317031708E0,-2.193388824E0
1.919505454E1,-9.809700623E0,-2.284848633E0,-1.932331696E0
1.920509554E1,-9.089548187E0,-2.116448822E0,-1.682950287E0
1.921513654E1,-8.499774628E0,-1.943558350E0,-1.442101135E0
1.922517654E1,-8.105045471E0,-1.664987640E0,-1.245110779E0
1.923521754E1,-7.298971710E0,-1.141675873E0,-1.173409882E0
1.924525854E1,-6.494394836E0,-8.310717773E-1,-1.062789917E0
1.925529954E1,-6.058201904E0,-4.873864746E-1,-9.702822876E-1
1.926533954E1,-5.739364929E0,3.023712158E-2,-9.526190186E-1
1.927538054E1,-5.578150177E0,4.830455017E-1,-7.520361328E-1
1.928542154E1,-5.518125000E0,7.267387390E-1,-4.683760071E-1
1.929546154E1,-5.701493683E0,8.690927124E-1,-2.754272461E-1
1.930550254E1,-6.187682648E0,9.036708069E-1,-1.939965820E-1
1.931554354E1,-6.824009399E0,9.674382019E-1,-1.160087585E-1
1.932558454E1,-7.414980469E0,1.141226807E0,8.382568359E-3
1.933562454E1,-7.937244415E0,1.205592957E0,-5.553451538E-2
1.934566554E1,-8.349487152E0,1.227297821E0,-1.445993042E-1
1.935570654E1,-8.462202759E0,1.231938171E0,-1.625619507E-1
1.936574654E1,-8.485105133E0,1.274599457E0,-1.429527283E-1
1.937578754E1,-8.348589020E0,1.328188019E0,-1.451980591E-1
1.938582854E1,-8.240663452E0,1.444047089E0,-7.664062500E-2
1.939586954E1,-8.259524231E0,1.416504364E0,2.409988403E-2
1.940590954E1,-8.439749451E0,1.281634827E0,2.977308655E-1
1.941595054E1,-8.626111908E0,1.001417542E0,4.351451111E-1
1.942599154E1,-8.816815338E0,6.586303711E-1,4.203259277E-1
1.943603154E1,-8.982520752E0,2.818638611E-1,2.555186462E-1
1.944607254E1,-9.235345001E0,-8.158035278E-2,-3.412902832E-2
1.945611354E1,-9.599537659E0,-5.947132874E-1,-1.649569702E-1
1.946615454E1,-1.003333557E1,-1.291214905E0,-2.279759216E-1
1.947619454E1,-1.065768723E1,-1.697470093E0,-5.999523926E-1
1.948623554E1,-1.158111694E1,-1.528321838E0,-8.580157471E-1
1.949627654E1,-1.267683838E1,-1.095272369E0,-3.728746033E-1
1.950631679E1,-1.340282867E1,-6.707551575E-1,4.206253052E-2
1.951635779E1,-1.394739624E1,-5.755531311E-1,5.815406799E-1
1.952639879E1,-1.406370438E1,-6.074368286E-1,1.073866882E0
1.953643979E1,-1.395024033E1,-5.984555054E-1,1.539847870E0
1.954647979E1,-1.379366592E1,-6.038442993E-1,1.845961304E0
1.955652079E1,-1.307351349E1,-7.264393616E-1,1.568588104E0
1.956656179E1,-1.192644882E1,-2.321672058E-1,6.170169067E-1
1.957660179E1,-1.111827942E1,9.286688232E-1,-9.419911194E-1
1.958664279E1,-1.087518494E1,1.879192200E0,-2.395468597E0
1.959668379E1,-1.160327087E1,2.823877716E0,-3.549718323E0
1.960672379E1,-1.298205368E1,3.505709839E0,-4.878205719E0
1.961676479E1,-1.344758560E1,3.245999908E0,-6.158493347E0
1.962680579E1,-1.285212387E1,2.377206573E0,-6.640041962E0
1.963684679E1,-1.149489624E1,1.258732452E0,-6.429579620E0
1.964688679E1,-1.022209305E1,5.957611084E-2,-5.866151276E0
1.965692779E1,-9.276210022E0,-1.289568329E0,-4.961732025E0
1.966696879E1,-8.476423187E0,-2.132914581E0,-4.596192169E0
1.967700879E1,-8.208031311E0,-2.962788849E0,-4.486470337E0
1.968704979E1,-8.660989380E0,-3.438798981E0,-4.128714294E0
1.969709079E1,-9.436526642E0,-3.347638550E0,-3.712579651E0
1.970713179E1,-1.049677185E1,-2.805016937E0,-3.296594696E0
1.971717179E1,-1.124731110E1,-2.073039093E0,-3.225193176E0
1.972721279E1,-1.150193161E1,-1.006656647E0,-3.173251190E0
1.973725379E1,-1.134161499E1,-2.152523804E-1,-3.056493988E0
1.974729379E1,-1.098580490E1,5.610333252E-1,-2.466570740E0
1.975733479E1,-1.049572403E1,1.462907867E0,-1.909878387E0
1.976737579E1,-9.784552917E0,1.910626831E0,-1.667981415E0
1.977741679E1,-9.138197021E0,2.053729248E0,-1.573976898E0
1.978745679E1,-8.485703888E0,2.153272247E0,-1.459764404E0
1.979749779E1,-7.698191528E0,1.919608154E0,-1.279090118E0
1.980753879E1,-7.026388550E0,1.366208954E0,-9.771679688E-1
1.981757879E1,-6.532116394E0,7.322772217E-1,-7.897576904E-1
1.982761979E1,-5.972280579E0,1.956431580E-1,-8.689430237E-1
1.983766079E1,-5.517825623E0,1.287322998E-2,-9.270222473E-1
1.984770079E1,-5.409750366E0,-2.034269714E-1,-9.174421692E-1
1.985774179E1,-5.443580017E0,-5.459147644E-1,-9.440867615E-1
1.986778279E1,-5.663023682E0,-8.587641907E-1,-9.497749329E-1
1.987782379E1,-6.016887817E0,-1.134939880E0,-1.025667114E0
1.988786379E1,-6.393804016E0,-1.388362885E0,-9.707313538E-1
1.989790479E1,-7.033723297E0,-1.532962189E0,-9.431886292E-1
1.990794579E1,-7.370373230E0,-1.661095734E0,-1.095422058E0
1.991798579E1,-7.866441650E0,-1.778302002E0,-1.168320465E0
1.992802679E1,-8.214018860E0,-1.925146637E0,-1.463057556E0
1.993806779E1,-8.563841400E0,-2.036215668E0,-1.598226471E0
1.994810779E1,-8.725654907E0,-2.039957886E0,-1.481768646E0
1.995814879E1,-8.780141602E0,-1.960922241E0,-1.224753113E0
1.996818979E1,-8.891360321E0,-1.751507721E0,-1.014141083E0
1.997823079E1,-9.042246552E0,-1.592388611E0,-9.610015869E-1
1.998827079E1,-9.363328857E0,-1.493893433E0,-1.108894043E0
1.999831179E1,-9.846074982E0,-1.399439850E0,-1.253792725E0
2.000835279E1,-1.032927017E1,-9.831555176E-1,-1.301393738E0
2.001839279E1,-1.057835220E1,-6.529421997E-1,-1.276395721E0
2.002843379E1,-1.085797073E1,1.269360352E-1,-9.169931030E-1
2.003847479E1,-1.125479553E1,1.095721436E0,-5.131329346E-1
2.004851479E1,-1.125165207E1,1.813478851E0,-5.816903687E-1
2.005855579E1,-1.077848602E1,1.776805115E0,-9.189390564E-1
2.006859679E1,-1.016910324E1,1.100810852E0,-1.151854706E0
2.007863779E1,-9.712552643E0,1.766326904E-2,-1.056802368E0
2.008867779E1,-9.541009369E0,-1.562301178E0,-8.056246948E-1
2.009871879E1,-9.902956696E0,-3.034040680E0,-6.300398254E-1
2.010875979E1,-1.044108765E1,-3.860322418E0,-5.137316895E-1
2.011879979E1,-1.107367218E1,-4.271068268E0,-3.206332397E-1
2.012884079E1,-1.161838943E1,-4.204905853E0,-1.380130005E-1
2.013888179E1,-1.195668594E1,-3.617976379E0,-9.624984741E-2
2.014892179E1,-1.237386841E1,-2.615810394E0,-3.899391174E-1
2.015896279E1,-1.238075409E1,-1.351689148E0,-1.197958832E0
2.016900379E1,-1.197345108E1,-9.201365662E-1,-2.362387390E0
2.017904479E1,-1.147274231E1,-1.375489655E0,-4.079167328E0
2.018908479E1,-1.112456635E1,-2.468816071E0,-5.791456604E0
2.019912579E1,-1.126751907E1,-3.296744385E0,-6.298452301E0
2.020916679E1,-1.156869278E1,-2.957400055E0,-6.321354675E0
2.021920679E1,-1.165132095E1,-1.617835693E0,-6.063890076E0
2.022924779E1,-1.156450150E1,2.423460388E-1,-5.231321411E0
2.023928879E1,-1.126407623E1,2.060465240E0,-4.649631042E0
2.024932879E1,-1.063523392E1,3.226989441E0,-4.218826904E0
2.025936979E1,-1.046309189E1,3.900888062E0,-3.757935333E0
2.026941079E1,-1.059826080E1,4.491859131E0,-3.345692596E0
2.027945179E1,-1.063104263E1,4.689298553E0,-2.626587982E0
2.028949179E1,-1.065409470E1,4.156257019E0,-2.164498901E0
2.029953279E1,-1.046548691E1,2.913541260E0,-1.841770020E0
2.030957379E1,-1.018616776E1,1.156045990E0,-1.482816467E0
2.031961379E1,-9.764195251E0,-2.977308655E-1,-1.456770630E0
2.032965479E1,-9.225615234E0,-1.165626068E0,-1.568887482E0
2.033969579E1,-8.676107941E0,-1.692680054E0,-1.631906433E0
2.034973579E1,-7.967631226E0,-1.924847260E0,-1.879491577E0
2.035977679E1,-7.382647705E0,-1.867815857E0,-1.826501770E0
2.036981779E1,-7.141349487E0,-1.635498962E0,-1.664089508E0
2.037985779E1,-7.065307617E0,-1.295406189E0,-1.644330597E0
2.038989879E1,-7.179370422E0,-9.641450500E-1,-1.752256165E0
2.039993979E1,-7.193291473E0,-4.673281860E-1,-1.745520172E0
2.040997979E1,-7.328610077E0,-1.764830017E-1,-1.425934753E0
2.042002079E1,-7.852819977E0,-3.764671326E-1,-1.061592407E0
2.043006179E1,-7.874674530E0,-5.074447632E-1,-9.364526367E-1
2.044010279E1,-7.880512390E0,-4.080514526E-1,-1.060993652E0
2.045014279E1,-7.925119629E0,-2.516267395E-1,-1.391656036E0
2.046018379E1,-7.855664063E0,1.121168518E-1,-1.623523865E0
2.047022479E1,-7.931855621E0,6.355783081E-1,-1.451980591E0
2.048026479E1,-8.159681854E0,9.383985901E-1,-9.906399536E-1
2.049030579E1,-8.319848785E0,1.033450928E0,-4.622387695E-1
2.050034679E1,-8.559799805E0,7.792794800E-1,-5.239105225E-3
2.051038658E1,-8.770561523E0,2.674937439E-1,1.502874756E-1
2.052042758E1,-8.856482849E0,-3.058140564E-1,8.427474976E-2
2.053046858E1,-8.918154602E0,-7.777825928E-1,2.409988403E-2
2.054050858E1,-8.972790985E0,-1.204096069E0,6.256988525E-2
2.055054958E1,-8.793463898E0,-1.612596588E0,2.433938599E-1
2.056059058E1,-8.438551941E0,-1.769470367E0,1.112187195E-1
2.057063058E1,-8.137677612E0,-1.777403870E0,-1.134640503E-1
2.058067158E1,-7.932154999E0,-1.650617523E0,-1.288819885E-1
2.059071258E1,-7.719297638E0,-1.242566071E0,3.742218018E-3
2.060075358E1,-7.700885925E0,-7.390132141E-1,5.119354248E-2
2.061079358E1,-7.864346008E0,-3.218307495E-2,-6.167175293E-2
2.062083458E1,-8.113278351E0,2.917433167E-1,-2.691403198E-1
2.063087558E1,-8.413404236E0,6.526428223E-2,-5.107379150E-1
2.064091558E1,-8.933123474E0,-3.763174438E-1,-3.909869385E-1
2.065095658E1,-9.752669220E0,-7.520361328E-1,-1.210981750E-1
2.066099758E1,-1.095272369E1,-9.154962158E-1,1.721420288E-2
2.067103758E1,-1.242131973E1,-1.172362061E0,4.475692749E-2
2.068107858E1,-1.352078339E1,-1.413959656E0,3.487747192E-2
2.069111958E1,-1.420366333E1,-1.440604248E0,1.101708984E-1
2.070115958E1,-1.430590073E1,-1.219214630E0,2.481838989E-1
2.071120058E1,-1.368753662E1,-1.001716919E0,5.113366699E-1
2.072124158E1,-1.293100983E1,-1.077309723E0,8.126600647E-1
2.073128158E1,-1.216909424E1,-1.401685181E0,1.361269226E0
2.074132258E1,-1.141002274E1,-1.827848969E0,1.800755310E0
2.075136358E1,-1.084869003E1,-1.758543091E0,1.144370270E0
2.076140358E1,-1.049572403E1,-7.411088562E-1,-1.615141296E-1
2.077144458E1,-1.029978149E1,1.198557587E0,-1.015787659E0
2.078148558E1,-1.085602478E1,2.600093079E0,-1.796713715E0
2.079152658E1,-1.248583557E1,3.541335754E0,-2.894231415E0
2.080156658E1,-1.410037811E1,4.406536560E0,-4.398153992E0
2.081160758E1,-1.470826401E1,5.131778412E0,-6.426136780E0
2.082164858E1,-1.382031052E1,5.474116516E0,-7.723638611E0
2.083168858E1,-1.198213303E1,4.864134979E0,-7.699688416E0
2.084172958E1,-1.014066238E1,3.479065247E0,-6.868466949E0
2.085177058E1,-8.821605377E0,1.909728699E0,-5.464237061E0
2.086181058E1,-8.176896057E0,6.131250000E-1,-4.135150909E0
2.087185158E1,-7.968229980E0,-1.922003174E-1,-3.087180176E0
2.088189258E1,-8.135132904E0,-9.768685913E-1,-2.410587158E0
2.089193258E1,-8.566535797E0,-1.572180634E0,-2.227966919E0
2.090197358E1,-9.098978577E0,-1.805245972E0,-2.407593384E0
2.091201458E1,-9.492659912E0,-1.713187408E0,-2.688409424E0
2.092205458E1,-1.003602997E1,-1.176403656E0,-2.793041840E0
2.093209558E1,-1.050829788E1,-3.573069763E-1,-2.991229706E0
2.094213658E1,-1.076187057E1,3.062631226E-1,-3.053200836E0
2.095217658E1,-1.091081085E1,8.003855896E-1,-3.219654694E0
2.096221758E1,-1.084120560E1,1.094523926E0,-3.507356415E0
2.097225858E1,-1.046399002E1,1.134041748E0,-3.413052521E0
2.098229858E1,-9.857002258E0,1.275647278E0,-3.196602631E0
2.099233958E1,-9.134903870E0,1.393601990E0,-3.106040955E0
2.100238058E1,-8.268505554E0,1.202449493E0,-2.834355927E0
2.101242058E1,-7.655230865E0,8.366102600E-1,-2.811303864E0
2.102246158E1,-7.333549805E0,5.074447632E-1,-2.889441376E0
2.103250258E1,-6.967710571E0,2.718347168E-1,-2.613714752E0
2.104254258E1,-6.755751343E0,-1.621128845E-1,-2.132465515E0
2.105258358E1,-6.732250214E0,-8.271798706E-1,-1.575024719E0
2.106262458E1,-6.649172974E0,-1.395098877E0,-9.021739197E-1
2.107266458E1,-6.875652008E0,-1.887874146E0,-2.734812927E-1
2.108270558E1,-7.017856293E0,-2.227517853E0,2.119592285E-1
2.109274658E1,-7.184310150E0,-2.534828796E0,5.281018066E-1
2.110278658E1,-7.555538177E0,-2.786156158E0,4.495152283E-1
2.111282758E1,-7.481442261E0,-2.854713593E0,3.947291565E-1
2.112286858E1,-7.106771393E0,-2.882106628E0,2.896476746E-1
2.113290858E1,-6.867119751E0,-3.095413055E0,1.357676697E-1
2.114294958E1,-7.079228668E0,-3.297492828E0,-1.294807434E-1
2.115299058E1,-6.965764618E0,-2.966082001E0,-6.499484253E-1
2.116303158E1,-6.860084381E0,-2.331701202E0,-8.901988220E-1
2.117307158E1,-6.968159637E0,-1.662442932E0,-6.113287354E-1
2.118311258E1,-6.908733215E0,-1.104403381E0,-4.272116089E-1
2.119315358E1,-6.976392517E0,-9.580078125E-1,-1.414558411E-1
2.120319358E1,-7.613018646E0,-8.083190918E-1,3.888912964E-1
2.121323458E1,-8.558452606E0,-5.279521179E-1,9.780661011E-1
2.122327558E1,-9.191186829E0,-5.240602112E-1,6.682104492E-1
2.123331558E1,-9.786049805E0,-9.575587463E-1,-4.680766296E-1
2.124335658E1,-1.067550018E1,-1.326242065E0,-1.740430756E0
2.125339758E1,-1.141945312E1,-1.601968689E0,-2.555635529E0
2.126343758E1,-1.223226288E1,-1.796414337E0,-2.501747589E0
2.127347858E1,-1.358200607E1,-1.959575043E0,-1.746567993E0
2.128351958E1,-1.458746521E1,-2.547103271E0,-1.281335449E0
2.129355958E1,-1.489208176E1,-3.257525940E0,-7.453001404E-1
2.130360058E1,-1.516481461E1,-3.484304352E0,3.124003601E-1
2.131364158E1,-1.501617371E1,-3.074756012E0,9.614506531E-1
2.132368158E1,-1.407567947E1,-2.591411133E0,1.161584473E0
2.133372258E1,-1.282727554E1,-2.826422424E0,1.227597198E0
2.134376358E1,-1.160491745E1,-3.482807465E0,8.912466431E-1
2.135380358E1,-1.003049149E1,-3.728296967E0,1.001417542E-1
2.136384458E1,-8.311765594E0,-3.708388367E0,-1.278491364E0
2.137388558E1,-7.514074402E0,-3.826193390E0,-3.015928345E0
2.138392558E1,-7.985144806E0,-3.783532104E0,-4.221221924E0
2.139396658E1,-9.039701843E0,-2.918181610E0,-5.374124451E0
2.140400758E1,-9.646539917E0,-2.171833649E0,-6.380182343E0
2.141404758E1,-1.011057495E1,-2.142644348E0,-6.714137878E0
2.142408858E1,-1.125135269E1,-1.815424805E0,-6.670428772E0
2.143412958E1,-1.309177551E1,-5.167254639E-1,-6.652316437E0
2.144416958E1,-1.391461441E1,1.790875854E0,-6.466103668E0
2.145421058E1,-1.315299820E1,4.140539703E0,-5.929020538E0
2.146425158E1,-1.223121506E1,5.354215851E0,-5.192552032E0
2.147429158E1,-1.197300201E1,5.439538422E0,-4.341871033E0
2.148433258E1,-1.202973404E1,5.115761719E0,-3.753145294E0
2.149437358E1,-1.185280197E1,4.265080719E0,-3.330424347E0
2.150441358E1,-1.131946106E1,3.012485504E0,-2.747237091E0
2.151445446E1,-1.045261368E1,1.581311646E0,-2.083816681E0
2.152449546E1,-9.364077301E0,8.921447754E-2,-1.914818115E0
2.153453546E1,-8.160280609E0,-1.526974640E0,-1.723216553E0
2.154457646E1,-7.283404083E0,-3.036136322E0,-1.141077118E0
2.155461746E1,-6.716532898E0,-3.850442963E0,-7.649093628E-1
2.156465746E1,-6.434219971E0,-4.202959900E0,-6.972500610E-1
2.157469846E1,-6.560706940E0,-4.165986786E0,-4.406835938E-1
2.158473946E1,-6.691085815E0,-4.091292114E0,-3.104544067E-1
2.159477946E1,-6.695277100E0,-3.142265625E0,-2.219883728E-1
2.160482046E1,-6.928492126E0,-1.568737793E0,-3.264710999E-1
2.161486146E1,-7.266489258E0,-2.085163879E-1,-7.170089722E-1
2.162490146E1,-7.484585724E0,6.560856628E-1,-1.154698792E0
2.163494246E1,-7.247478790E0,1.068178711E0,-1.616638184E0
2.164498346E1,-6.920708313E0,1.325493622E0,-1.572779388E0
2.165502346E1,-6.688391418E0,1.529968414E0,-1.400936737E0
2.166506446E1,-6.803951111E0,1.749711456E0,-1.081201630E0
2.167510546E1,-7.136409760E0,1.747765503E0,-7.732919312E-1
2.168514546E1,-7.544910278E0,1.512454834E0,-5.321434021E-1
2.169518646E1,-7.895930328E0,1.113833771E0,-3.435356140E-1
2.170522746E1,-8.376730499E0,4.405339050E-1,-7.813751221E-2
2.171526746E1,-8.842861176E0,-2.818638611E-1,-2.784210205E-2
2.172530846E1,-8.835526428E0,-5.498066711E-1,-6.361770630E-2
2.173534946E1,-8.549620972E0,-7.884104919E-1,-6.990463257E-2
2.174538946E1,-8.163873138E0,-5.113366699E-1,1.785786438E-1
2.175543046E1,-7.750432892E0,2.050735474E-2,1.993853760E-1
2.176547146E1,-7.708070984E0,2.369572449E-1,1.787283325E-1
2.177551146E1,-7.984995117E0,3.309617615E-1,4.284091187E-1
2.178555246E1,-8.338410187E0,3.832031250E-1,5.179229736E-1
2.179559346E1,-8.472231903E0,2.380050659E-1,4.596940613E-1
2.180563346E1,-8.645870819E0,5.239105225E-3,2.145039368E-1
2.181567446E1,-9.025631104E0,-9.250762939E-2,1.782792664E-1
2.182571546E1,-9.152267761E0,1.878593445E-1,7.349716187E-1
2.183575546E1,-9.250613251E0,5.240602112E-1,1.145268402E0
2.184579646E1,-9.678273926E0,4.944218445E-1,1.247505798E0
2.185583646E1,-1.043974045E1,-5.388793945E-3,1.422192535E0
2.186587746E1,-1.143487106E1,-7.979905701E-1,1.272503815E0
2.187591846E1,-1.241922409E1,-1.848955078E0,8.713380432E-1
2.188595846E1,-1.297935928E1,-2.710563354E0,5.969586182E-1
2.189599946E1,-1.303294785E1,-3.212769012E0,6.258485413E-1
2.190604046E1,-1.282083893E1,-3.223396912E0,1.289119263E0
2.191608046E1,-1.243673767E1,-2.725681915E0,2.254312134E0
2.192612146E1,-1.207359283E1,-2.237846375E0,2.756068726E0
2.193616246E1,-1.119551880E1,-1.632205811E0,2.703378296E0
2.194620246E1,-1.008542725E1,-1.006506958E0,3.222798157E-1
2.195624346E1,-9.196276245E0,-3.245251465E-1,-2.369722137E0
2.196628446E1,-9.715247040E0,1.079405365E0,-3.989503784E0
2.197632446E1,-1.248209335E1,2.864593048E0,-5.308860168E0
2.198636546E1,-1.518622009E1,4.481530609E0,-8.002658386E0
2.199640646E1,-1.696961151E1,5.986800385E0,-9.917925568E0
2.200644646E1,-1.677471680E1,6.939269714E0,-9.704319763E0
2.201648746E1,-1.401879776E1,6.518644409E0,-9.143735504E0
2.202652846E1,-1.089703949E1,5.193300476E0,-8.012537842E0
2.203656846E1,-9.073830872E0,3.699706421E0,-5.570366364E0
2.204660946E1,-8.249345398E0,2.593955841E0,-3.595373383E0
2.205665046E1,-8.172854462E0,1.406325531E0,-2.588716736E0
2.206669046E1,-8.572972412E0,1.444496155E-1,-2.130519562E0
2.207673146E1,-9.234746246E0,-6.611750793E-1,-1.810485077E0
2.208677246E1,-9.961784363E0,-8.806187439E-1,-1.582958221E0
2.209681246E1,-1.045845154E1,-7.842192078E-1,-1.730700989E0
2.210685346E1,-1.054167847E1,-3.902384949E-1,-2.160457306E0
2.211689446E1,-1.026954437E1,1.691482544E-1,-2.465073853E0
2.212693446E1,-9.833351440E0,6.686595154E-1,-2.282752991E0
2.213697546E1,-9.199569397E0,8.761280823E-1,-2.015558624E0
2.214701646E1,-8.537795563E0,9.704319763E-1,-1.981728973E0
2.215705646E1,-7.911797333E0,8.054750061E-1,-1.996697845E0
2.216709746E1,-7.312443695E0,4.285588074E-1,-1.736389160E0
2.217713746E1,-6.834038544E0,1.667532349E-1,-1.260079651E0
2.218717846E1,-6.205944672E0,-1.878593445E-1,-1.086291046E0
2.219721946E1,-5.437442780E0,-7.080276489E-1,-6.459068298E-1
2.220725946E1,-5.708229675E0,-1.081501007E0,-1.642085266E-1
2.221730046E1,-6.268963623E0,-1.330882416E0,-4.076023865E-1
2.222734146E1,-7.013215942E0,-1.514251099E0,1.242416382E-1
2.223738146E1,-7.173831940E0,-1.428629150E0,3.234773254E-1
2.224742246E1,-8.166567535E0,-1.480271759E0,1.363664246E-1
2.225746346E1,-9.098828888E0,-1.351090393E0,-1.495390320E-1
2.226750346E1,-9.110654297E0,-1.178499298E0,2.529739380E-2
2.227754446E1,-9.087153168E0,-1.107696533E0,-2.008822632E-1
2.228758546E1,-9.280101929E0,-1.233884125E0,6.586303711E-3
2.229762546E1,-9.003477173E0,-1.483564911E0,-9.954299927E-2
2.230766646E1,-8.290060730E0,-1.582060089E0,-6.511459351E-2
2.231770746E1,-7.899073792E0,-1.490450592E0,1.678010559E-1
2.232774746E1,-7.404502258E0,-1.271905060E0,1.472937012E-1
2.233778846E1,-6.831344147E0,-1.127156067E0,-4.146377563E-2
2.234782946E1,-6.577771454E0,-1.010548553E0,1.422042847E-2
2.235786946E1,-6.373596039E0,-1.041534119E0,3.058140564E-1
2.236791046E1,-6.333030396E0,-1.409918060E0,5.658233643E-1
2.237795146E1,-6.745422821E0,-2.039359131E0,9.171427917E-1
2.238799146E1,-7.696844330E0,-2.577041016E0,9.391470337E-1
2.239803246E1,-8.905880127E0,-2.680625610E0,4.912783813E-1
2.240807246E1,-9.930948486E0,-2.470762024E0,-1.228944397E-1
2.241811346E1,-1.044423111E1,-1.796863403E0,-9.527687073E-1
2.242815446E1,-1.065963318E1,-1.282982025E0,-1.782792664E0
2.243819446E1,-1.082563797E1,-1.917961578E0,-1.937421112E0
2.244823546E1,-1.162871796E1,-3.306324463E0,-1.332678680E0
2.245827646E1,-1.285496796E1,-4.444557495E0,-5.683680725E-1
2.246831646E1,-1.359068802E1,-5.255121918E0,6.421646118E-2
2.247835746E1,-1.396101791E1,-5.771248627E0,5.191204834E-1
2.248839846E1,-1.439556427E1,-5.270988922E0,3.391946411E-1
2.249843846E1,-1.457638824E1,-3.503165131E0,-2.841091919E-1
2.250847917E1,-1.429527283E1,-1.482517090E0,-9.018745422E-1
2.251852017E1,-1.351898712E1,-6.363267517E-1,-1.790277100E0
2.252856017E1,-1.206910217E1,-1.082548828E0,-3.506607971E0
2.253860117E1,-1.137948624E1,-2.035167847E0,-4.702471161E0
2.254864217E1,-1.136541550E1,-2.785258026E0,-6.383774872E0
2.255868217E1,-1.132305359E1,-3.255579987E0,-7.988288269E0
2.256872317E1,-1.168110901E1,-2.067650299E0,-7.649991760E0
2.257876417E1,-1.271560776E1,-2.688409424E-1,-6.479425964E0
2.258880417E1,-1.352991440E1,1.396146698E0,-5.782475281E0
2.259884517E1,-1.340327774E1,3.194656677E0,-5.446873169E0
2.260888517E1,-1.269539978E1,4.700824585E0,-4.981341248E0
2.261892617E1,-1.166778671E1,5.176385651E0,-4.405937805E0
2.262896717E1,-1.074944641E1,4.419709167E0,-3.954476624E0
2.263900717E1,-1.023885818E1,2.626737671E0,-3.519181824E0
2.264904817E1,-1.003947281E1,1.110839996E0,-2.942730560E0
2.265908917E1,-9.705666962E0,-3.861968994E-2,-2.286944275E0
2.266912917E1,-8.909622345E0,-1.029409332E0,-2.203567657E0
2.267917017E1,-7.985444183E0,-1.712289276E0,-2.652484131E0
2.268921117E1,-7.095544739E0,-2.194286957E0,-2.664908295E0
2.269925117E1,-6.668931885E0,-2.568059692E0,-2.223176880E0
2.270929217E1,-6.525829468E0,-2.790048065E0,-1.530118103E0
2.271933317E1,-6.550228729E0,-2.697091370E0,-7.619155884E-1
2.272937317E1,-6.887327728E0,-2.033371582E0,1.362167358E-2
2.273941417E1,-7.336842957E0,-1.221909027E0,1.372645569E-1
2.274945517E1,-7.794291687E0,-5.496569824E-1,-1.820214844E-1
2.275949517E1,-8.360564117E0,-7.858657837E-2,-6.390211487E-1
2.276953617E1,-8.605305176E0,2.064207458E-1,-1.371448059E0
2.277957617E1,-8.366701355E0,3.095562744E-1,-1.730700989E0
2.278961717E1,-7.923622742E0,2.510279846E-1,-1.636397095E0
2.279965817E1,-7.458839264E0,1.429527283E-1,-1.350940704E0
2.280969817E1,-7.091054077E0,1.646575928E-3,-1.047222290E0
2.281973917E1,-6.967411194E0,-1.167572021E-2,-6.394702148E-1
2.282978017E1,-7.051087189E0,1.384620667E-1,-3.014730835E-1
2.283982017E1,-7.299570465E0,4.046086121E-1,-1.553768921E-1
2.284986117E1,-7.537725220E0,8.605604553E-1,-6.346801758E-2
2.285990217E1,-7.917335815E0,1.231489105E0,3.574566650E-1
2.286994217E1,-8.481213226E0,1.438209229E0,8.698411560E-1
2.287998317E1,-9.196575623E0,1.403331757E0,1.208886108E0
2.289002317E1,-9.683363342E0,1.379082184E0,9.366023254E-1
2.290006417E1,-9.894574127E0,1.163081360E0,4.680766296E-1
2.291010517E1,-9.606423340E0,8.589138794E-1,-8.936416626E-2
2.292014517E1,-8.912765808E0,7.385641479E-1,-1.797761536E-1
2.293018617E1,-8.300538940E0,5.523513794E-1,4.490661621E-3
2.294022717E1,-7.902217255E0,2.896476746E-1,3.942800903E-1
2.295026717E1,-7.575446777E0,-3.113525391E-2,5.818400574E-1
2.296030817E1,-7.551346893E0,-4.201762390E-1,6.783892822E-1
2.297034917E1,-7.954009552E0,-7.306306458E-1,7.640112305E-1
2.298038917E1,-8.624615021E0,-8.348139954E-1,7.223977661E-1
2.299043017E1,-9.364975433E0,-8.129594421E-1,3.270698547E-1
2.300047117E1,-1.014141083E1,-9.642947388E-1,3.119512939E-1
2.301051117E1,-1.065035248E1,-1.255289612E0,7.087760925E-1
2.302055217E1,-1.072759186E1,-1.445394287E0,9.758207703E-1
2.303059217E1,-1.069630692E1,-1.615590363E0,9.990225220E-1
2.304063317E1,-1.100107315E1,-1.988015900E0,6.194119263E-1
2.305067417E1,-1.124371857E1,-2.608325958E0,2.772235107E-1
2.306071417E1,-1.130074997E1,-3.139271851E0,3.974235535E-1
2.307075517E1,-1.105645798E1,-3.435954895E0,4.825964355E-1
2.308079617E1,-1.098550552E1,-3.638783112E0,4.070036316E-1
2.309083617E1,-1.101304825E1,-3.713477783E0,1.794618073E0
2.310087717E1,-1.077743820E1,-3.228037262E0,2.011966095E0
2.311091817E1,-1.092098969E1,-2.470462646E0,-1.466949463E-2
2.312095817E1,-1.093760513E1,-8.660989380E-1,-2.769840088E0
2.313099917E1,-1.189187073E1,1.102457428E0,-4.139791260E0
2.314103917E1,-1.478490463E1,3.163820801E0,-4.628973999E0
2.315108017E1,-1.695389420E1,5.136718140E0,-7.823630676E0
2.316112117E1,-1.793899567E1,6.732549591E0,-1.085377945E1
2.317116117E1,-1.735850281E1,7.200177155E0,-1.080108902E1
2.318120217E1,-1.424467804E1,6.524033203E0,-9.809401245E0
2.319124317E1,-1.046548691E1,5.316643982E0,-7.597301331E0
2.320128317E1,-7.425907745E0,3.966302032E0,-4.638404388E0
2.321132417E1,-5.717959442E0,2.806513824E0,-2.289638672E0
2.322136517E1,-5.278173981E0,1.483415222E0,-1.005608826E0
2.323140517E1,-5.786217499E0,-1.697470093E-1,-4.444258118E-1
2.324144617E1,-7.090155945E0,-1.396446075E0,-3.191363525E-1
2.325148717E1,-8.805738373E0,-1.611848145E0,-6.731501770E-1
2.326152717E1,-1.028062134E1,-1.287772064E0,-1.429976349E0
2.327156817E1,-1.131961075E1,-6.562353516E-1,-2.113305359E0
2.328160817E1,-1.181298477E1,2.821632385E-1,-2.208657074E0
2.329164917E1,-1.160925842E1,1.045725403E0,-2.249522095E0
2.330169017E1,-1.113863708E1,1.467248840E0,-2.654729462E0
2.331173017E1,-1.066876419E1,1.849553833E0,-2.792143707E0
2.332177117E1,-9.936636658E0,2.212249603E0,-2.708168335E0
2.333181217E1,-8.829688568E0,1.947150879E0,-2.320324860E0
2.334185217E1,-7.935448151E0,1.296004944E0,-1.657054138E0
2.335189317E1,-7.313192139E0,3.787124634E-1,-1.066232758E0
2.336193317E1,-6.946754150E0,-3.781137085E-1,-5.092410278E-1
2.337197417E1,-6.685697021E0,-8.419990540E-1,-3.854484558E-1
2.338201517E1,-6.567742310E0,-1.282383270E0,-5.676196289E-1
2.339205517E1,-7.196584625E0,-1.800755310E0,1.782792664E-1
2.340209617E1,-6.946903839E0,-2.131567383E0,3.290158081E-1
2.341213717E1,-6.938072205E0,-2.609972534E0,4.203259277E-1
2.342217717E1,-7.617808685E0,-2.864443359E0,5.948629761E-1
2.343221817E1,-7.826175385E0,-2.650987244E0,3.469784546E-1
2.344225917E1,-7.838449860E0,-2.192939758E0,5.912704468E-2
2.345229917E1,-7.795489197E0,-1.695823517E0,-1.895059204E-1
2.346234017E1,-7.692952423E0,-1.273551636E0,-1.249900818E-1
2.347238017E1,-7.589816895E0,-8.569679260E-1,-6.975494385E-2
2.348242117E1,-7.717950439E0,-7.861651611E-1,1.660047913E-1
2.349246217E1,-7.918683014E0,-9.440867615E-1,3.992198181E-1
2.350250217E1,-8.127049713E0,-1.128353577E0,7.460485840E-1
2.351254417E1,-8.112380219E0,-1.464554443E0,9.822573853E-1
2.352258517E1,-8.032596130E0,-1.898352356E0,1.018032990E0
2.353262517E1,-7.998766479E0,-2.079326019E0,9.319619751E-1
2.354266617E1,-8.113877106E0,-2.344424744E0,7.376660156E-1
2.355270617E1,-8.362061005E0,-2.658471680E0,3.909869385E-1
2.356274717E1,-8.864266663E0,-2.779869232E0,1.390608215E-1
2.357278817E1,-9.500593414E0,-2.700983276E0,-1.800755310E-1
2.358282817E1,-1.005728577E1,-2.350561981E0,-2.649490356E-1
2.359286917E1,-1.049901718E1,-2.288291473E0,-6.222560120E-1
2.360291017E1,-1.072085587E1,-2.847827911E0,-1.241667938E0
2.361295017E1,-1.088760910E1,-3.800446930E0,-1.060993652E0
2.362299117E1,-1.144250519E1,-4.357139282E0,-3.052153015E-1
2.363303217E1,-1.205368423E1,-4.643643494E0,2.359094238E-1
2.364307217E1,-1.247999771E1,-4.556674347E0,6.417155457E-1
2.365311317E1,-1.276096344E1,-4.040098572E0,9.696835327E-1
2.366315317E1,-1.292157944E1,-3.338058472E0,1.243464203E0
2.367319417E1,-1.305091049E1,-2.352208557E0,1.158291321E0
2.368323517E1,-1.314341812E1,-9.969268799E-1,5.709127808E-1
2.369327517E1,-1.226983475E1,1.865121460E-1,-6.933581543E-1
2.370331617E1,-1.039737854E1,-2.302212524E-1,-2.698737946E0
2.371335717E1,-9.516909485E0,-1.943258972E0,-3.636388092E0
2.372339717E1,-1.004680756E1,-3.184328156E0,-3.888164520E0
2.373343817E1,-1.014979340E1,-3.406615906E0,-4.805157623E0
2.374347817E1,-9.945168915E0,-3.327280884E0,-5.252427521E0
2.375351917E1,-9.927805023E0,-2.824027405E0,-5.148543549E0
2.376356017E1,-1.001088226E1,-1.551074524E0,-5.693709869E0
2.377360017E1,-1.060095520E1,7.020401001E-2,-6.130501556E0
2.378364117E1,-1.165102158E1,1.553170166E0,-5.776188354E0
2.379368217E1,-1.250649261E1,2.841091919E0,-5.019062805E0
2.380372217E1,-1.294103897E1,3.645968170E0,-4.377646637E0
2.381376317E1,-1.299343002E1,4.098327484E0,-4.445305939E0
2.382380317E1,-1.276650192E1,3.837719421E0,-4.225413208E0
2.383384417E1,-1.210637466E1,2.571652222E0,-3.603456573E0
2.384388517E1,-1.148651367E1,1.097068634E0,-2.725083160E0
2.385392517E1,-1.073971664E1,-1.637594604E-1,-1.783990173E0
2.386396617E1,-9.665849762E0,-1.423839111E0,-1.357377319E0
2.387400717E1,-8.557255096E0,-2.861748962E0,-9.379495239E-1
2.388404717E1,-7.682025146E0,-4.347110138E0,-3.094065857E-1
2.389408817E1,-7.101532288E0,-5.457501068E0,7.140151978E-2
2.390412817E1,-7.012168121E0,-6.092630310E0,8.352630615E-2
2.391416917E1,-7.285050659E0,-6.076314240E0,-1.492396545E-1
2.392421017E1,-7.611970825E0,-4.813390503E0,-1.652563477E-1
2.393425017E1,-7.999664612E0,-2.896327057E0,-5.626799011E-1
2.394429117E1,-8.155191193E0,-1.365909576E0,-1.190175018E0
2.395433217E1,-8.297844543E0,-5.927673340E-2,-1.889221344E0
2.396437217E1,-8.095615082E0,6.289920044E-1,-2.309996338E0
2.397441317E1,-7.387138367E0,9.854008484E-1,-2.293530579E0
2.398445317E1,-7.055577850E0,1.419947205E0,-1.775906982E0
2.399449417E1,-7.096293182E0,1.841919708E0,-1.276695099E0
2.400453517E1,-7.295379181E0,2.115550690E0,-9.906399536E-1
2.401457517E1,-7.702532501E0,2.311642914E0,-9.388476562E-1
2.402461617E1,-7.942633209E0,2.428849182E0,-8.904981995E-1
2.403465717E1,-8.144413605E0,2.279310150E0,-8.744815063E-1
2.404469717E1,-8.387508087E0,1.719474335E0,-8.863069153E-1
2.405473817E1,-8.360264740E0,9.056167603E-1,-8.434959412E-1
2.406477817E1,-8.520132294E0,5.882766724E-2,-7.634124756E-1
2.407481917E1,-8.847800903E0,-6.929090881E-1,-4.956193542E-1
2.408486017E1,-8.907975769E0,-9.361532593E-1,-2.275268555E-1
2.409490017E1,-8.716972961E0,-5.954617310E-1,6.271957397E-2
2.410494117E1,-8.357420654E0,-2.080673218E-1,1.082249451E-1
2.411498217E1,-7.876021729E0,-5.388793945E-3,8.008346558E-2
2.412502217E1,-7.563920746E0,1.270857239E-1,3.010240173E-1
2.413506317E1,-7.606731720E0,1.454974365E-1,7.655081177E-1
2.414510317E1,-7.971223755E0,4.370910645E-2,1.251846771E0
2.415514417E1,-8.182883606E0,2.589614868E-2,1.372944946E0
2.416518517E1,-8.294102325E0,9.580078125E-2,1.056502991E0
2.417522517E1,-8.622669067E0,1.305285645E-1,6.830296326E-1
2.418526617E1,-9.113797760E0,1.603166199E-1,6.333329773E-1
2.419530617E1,-9.558972015E0,-3.113525391E-2,7.069798279E-1
2.420534717E1,-1.015742752E1,-4.583468628E-1,4.740641785E-1
2.421538817E1,-1.081905167E1,-8.533753967E-1,1.857637024E-1
2.422542817E1,-1.143457169E1,-1.130449219E0,-1.305285645E-1
2.423546917E1,-1.222492813E1,-1.356778564E0,-9.280700684E-2
2.424551017E1,-1.275422745E1,-1.504371643E0,1.990859985E-1
2.425555017E1,-1.288400757E1,-1.710343323E0,5.653742981E-1
2.426559117E1,-1.253672974E1,-1.967358856E0,1.002914429E0
2.427563117E1,-1.173664352E1,-2.349065094E0,1.561403046E0
2.428567217E1,-1.074794952E1,-2.669548645E0,2.193089447E0
2.429571317E1,-9.829908600E0,-2.937341766E0,2.890189819E0
2.430575317E1,-9.135802002E0,-2.932402039E0,3.055895233E0
2.431579417E1,-9.057664490E0,-2.062411194E0,1.307530975E0
2.432583517E1,-9.204658813E0,-3.980223083E-1,-1.280287628E0
2.433587517E1,-1.056607773E1,1.373693390E0,-2.507136383E0
2.434591617E1,-1.389186172E1,2.966680756E0,-3.471281433E0
2.435595617E1,-1.701227280E1,4.733307037E0,-5.304818573E0
2.436599717E1,-1.787507858E1,5.857020264E0,-7.710016937E0
2.437603817E1,-1.642205017E1,5.433999939E0,-9.186097412E0
2.438607817E1,-1.343590988E1,3.806733856E0,-9.560917969E0
2.439611917E1,-1.054661819E1,2.398162994E0,-7.840994568E0
2.440615917E1,-7.580685883E0,1.611997833E0,-4.775968323E0
2.441620017E1,-5.425467682E0,9.592053223E-1,-2.634222107E0
2.442624117E1,-4.684059448E0,1.284329224E-1,-1.606010284E0
2.443628117E1,-5.042563934E0,-4.326004028E-1,-8.161029053E-1
2.444632217E1,-6.157295837E0,-3.715274048E-1,-6.685098267E-1
2.445636317E1,-7.952362976E0,-2.881507874E-1,-7.551795959E-1
2.446640317E1,-9.925859070E0,-1.740879822E-1,-1.236578522E0
2.447644417E1,-1.127186005E1,4.640350342E-2,-1.945504303E0
2.448648417E1,-1.225411743E1,2.911445618E-1,-2.308499451E0
2.449652517E1,-1.289942551E1,6.059399414E-1,-2.470163269E0
2.450656617E1,-1.307845322E1,9.044192505E-1,-2.703977051E0
2.451660608E1,-1.280856445E1,9.380992126E-1,-3.200644226E0
2.452664708E1,-1.235485794E1,8.473878479E-1,-3.433410187E0
2.453668708E1,-1.146959885E1,6.036946106E-1,-3.203188934E0
2.454672808E1,-1.030337402E1,2.618055725E-1,-2.637964325E0
2.455676908E1,-9.309740295E0,1.342707825E-1,-1.979633331E0
2.456680908E1,-8.349636841E0,-1.384620667E-1,-1.702709198E0
2.457685008E1,-7.582781525E0,-4.023632813E-1,-1.394649811E0
2.458689108E1,-6.983128510E0,-4.891827393E-1,-8.851094055E-1
2.459693108E1,-6.636299744E0,-3.869453430E-1,-6.550378418E-1
2.460697208E1,-6.521039429E0,-2.107617188E-1,-1.603166199E-1
2.461701208E1,-6.378685455E0,-2.830613708E-1,5.771997070E-1
2.462705308E1,-5.961053925E0,-6.523434448E-1,5.221142578E-1
2.463709408E1,-6.421496429E0,-7.080276489E-1,9.744735718E-1
2.464713408E1,-6.911876678E0,-6.120771790E-1,5.364843750E-1
2.465717508E1,-7.278314667E0,-9.747729492E-1,2.095642090E-2
2.466721508E1,-7.716603241E0,-1.383722534E0,-1.654060364E-1
2.467725608E1,-7.915539551E0,-1.717079315E0,-5.269042969E-1
2.468729708E1,-8.114326172E0,-1.844913483E0,-6.264472961E-1
2.469733708E1,-8.300838318E0,-1.558558960E0,-5.906716919E-1
2.470737808E1,-8.398135986E0,-1.128203888E0,-5.746549988E-1
2.471741808E1,-8.565338287E0,-7.685018921E-1,-4.887336731E-1
2.472745908E1,-8.789721680E0,-6.114784241E-1,-5.846841431E-1
2.473750008E1,-8.989705811E0,-3.760180664E-1,-5.948629761E-1
2.474754008E1,-9.016350403E0,-3.668870544E-1,-6.170169067E-1
2.475758108E1,-8.920998688E0,-4.592449951E-1,-5.300477600E-1
2.476762108E1,-8.803343353E0,-4.499642944E-1,-2.844085693E-1
2.477766208E1,-8.719367981E0,-4.912783813E-1,-7.035369873E-2
2.478770308E1,-8.742719421E0,-6.183641052E-1,1.339714050E-1
2.479774308E1,-8.956474915E0,-4.490661621E-1,4.767585754E-1
2.480778408E1,-9.042695618E0,-2.517764282E-1,6.932084656E-1
2.481782508E1,-8.922495575E0,-2.746788025E-1,2.073188782E-1
2.482786508E1,-8.804091797E0,-8.663983154E-1,-5.122348022E-1
2.483790608E1,-8.925788727E0,-2.048190765E0,-7.845185852E-1
2.484794608E1,-9.546398163E0,-3.119662628E0,-4.369413757E-1
2.485798708E1,-1.062774948E1,-3.647315369E0,4.023632813E-1
2.486802808E1,-1.205009171E1,-3.941453705E0,1.226549377E0
2.487806808E1,-1.320508987E1,-3.996988220E0,1.470991058E0
2.488810908E1,-1.388497604E1,-3.664080505E0,1.243015137E0
2.489814908E1,-1.420860306E1,-3.134930878E0,7.080276489E-1
2.490819008E1,-1.417432434E1,-2.301015015E0,2.633024597E-1
2.491823108E1,-1.347467926E1,-1.789229279E0,-2.755769348E-1
2.492827108E1,-1.177391602E1,-2.726280670E0,-7.442523193E-1
2.493831208E1,-9.822573853E0,-4.657564545E0,-2.067949677E0
2.494835208E1,-8.864266663E0,-6.411317596E0,-2.830314331E0
2.495839308E1,-8.572972412E0,-6.971602478E0,-3.759881287E0
2.496843408E1,-8.780440979E0,-6.246959381E0,-4.766837311E0
2.497847408E1,-9.215137024E0,-4.301754456E0,-4.834945679E0
2.498851508E1,-1.027882507E1,-2.339784393E0,-4.860243073E0
2.499855508E1,-1.197614548E1,-9.312135315E-1,-5.450765076E0
2.500859608E1,-1.364756973E1,2.942880249E-1,-6.435267792E0
2.501863708E1,-1.442789703E1,2.113604736E0,-6.826105042E0
2.502867708E1,-1.433329376E1,3.657045135E0,-6.738836517E0
2.503871808E1,-1.372810226E1,4.309388580E0,-6.697223053E0
2.504875908E1,-1.291828629E1,4.526586914E0,-6.088888092E0
2.505879908E1,-1.185594543E1,4.341272278E0,-4.829407196E0
2.506884008E1,-1.075618240E1,3.376528473E0,-3.454216919E0
2.507888008E1,-9.969867554E0,2.173031158E0,-2.043101349E0
2.508892108E1,-9.352102203E0,7.301815796E-1,-1.328786774E0
2.509896208E1,-8.732390900E0,-8.220904541E-1,-1.218765564E0
2.510900208E1,-8.191116486E0,-2.436483307E0,-1.183888092E0
2.511904308E1,-7.684420166E0,-3.824397125E0,-1.073118439E0
2.512908308E1,-7.060367889E0,-4.610412598E0,-8.491841125E-1
2.513912408E1,-6.680158539E0,-4.677473145E0,-5.941145325E-1
2.514916508E1,-6.795119476E0,-4.099824371E0,-2.606080627E-1
2.515920508E1,-7.203769684E0,-2.943778381E0,-1.017883301E-2
2.516924608E1,-7.558082886E0,-1.661095734E0,-1.875599670E-1
2.517928608E1,-7.734715576E0,-9.117539978E-1,-5.525010681E-1
2.518932708E1,-8.003556519E0,-7.759863281E-1,-7.464976501E-1
2.519936808E1,-8.193062439E0,-5.975573730E-1,-1.111139374E0
2.520940808E1,-8.001011810E0,-1.047821045E-2,-1.514251099E0
2.521944908E1,-7.519762573E0,4.584965515E-1,-1.422342224E0
2.522948908E1,-7.204218750E0,6.243516541E-1,-1.199156342E0
2.523953008E1,-7.508535919E0,8.015830994E-1,-1.000070343E0
2.524957108E1,-7.956105194E0,1.034648438E0,-8.015830994E-1
2.525961108E1,-8.167166290E0,1.273851013E0,-5.056484985E-1
2.526965208E1,-8.202642517E0,1.513802032E0,-3.610491943E-1
2.527969208E1,-7.999365234E0,1.529669037E0,-3.396437073E-1
2.528973308E1,-7.676336975E0,1.298998718E0,-2.174977112E-1
2.529977408E1,-7.424261169E0,1.024170227E0,5.583389282E-2
2.530981408E1,-7.500602417E0,6.909631348E-1,4.577481079E-1
2.531985508E1,-7.901768188E0,2.475851440E-1,7.039860535E-1
2.532989508E1,-8.399782562E0,-1.324745178E-1,7.885601807E-1
2.533993608E1,-8.756939850E0,-3.293151855E-1,6.978488159E-1
2.534997708E1,-8.893605652E0,-4.393363953E-1,4.833448792E-1
2.536001708E1,-8.685538330E0,-4.267625427E-1,2.177970886E-1
2.537005808E1,-8.322094116E0,-3.938310242E-1,-1.125659180E-1
2.538009808E1,-8.019124146E0,-3.233276367E-1,-1.742376709E-1
2.539013908E1,-7.860154724E0,-3.832031250E-2,-6.706054688E-2
2.540018008E1,-8.162675629E0,3.869453430E-1,-2.694396973E-3
2.541022008E1,-8.806636505E0,7.539820862E-1,2.342628479E-1
2.542026108E1,-9.652377777E0,8.204438782E-1,7.054829407E-1
2.543030108E1,-1.050365753E1,5.363346863E-1,9.280700684E-1
2.544034208E1,-1.103280716E1,1.158590698E-1,8.454418945E-1
2.545038308E1,-1.123668320E1,-2.697390747E-1,4.703219604E-1
2.546042308E1,-1.125748993E1,-7.286846924E-1,1.363664246E-1
2.547046408E1,-1.117411331E1,-1.276844788E0,8.277786255E-2
2.548050408E1,-1.109238327E1,-1.750459900E0,4.099974060E-1
2.549054508E1,-1.103280716E1,-2.082918549E0,9.364526367E-1
2.550058608E1,-1.105091949E1,-2.037113800E0,1.529369659E0
2.551062592E1,-1.125105331E1,-1.844763794E0,2.038910065E0
2.552066692E1,-1.132455048E1,-1.782642975E0,2.464175720E0
2.553070692E1,-1.111229187E1,-1.813927917E0,2.930156708E0
2.554074792E1,-1.075902649E1,-1.708996124E0,2.752476196E0
2.555078892E1,-1.028002258E1,-1.395398254E0,3.387455750E-1
2.556082892E1,-1.006387207E1,-1.249601440E0,-1.723066864E0
2.557086992E1,-1.198273178E1,-5.906716919E-1,-2.383493500E0
2.558090992E1,-1.570848404E1,1.408121796E0,-3.653452606E0
2.559095092E1,-1.807521240E1,3.140619049E0,-6.590644684E0
2.560099192E1,-1.902319107E1,4.350702667E0,-9.661508789E0
2.561103192E1,-1.804527466E1,5.427114258E0,-1.146061752E1
2.562107292E1,-1.514490601E1,5.526058502E0,-1.070843170E1
2.563111292E1,-1.217732712E1,3.898043976E0,-7.955207062E0
2.564115392E1,-8.966204681E0,2.403402100E0,-4.733007660E0
2.565119392E1,-6.261329498E0,1.725910950E0,-2.242636414E0
2.566123492E1,-4.413871307E0,1.329834595E0,-8.051756287E-1
2.567127592E1,-3.560346222E0,1.006806335E0,-5.673202515E-2
2.568131592E1,-4.097579041E0,6.508465576E-1,3.162922668E-1
2.569135692E1,-5.932463379E0,2.890489197E-1,4.047583008E-1
2.570139692E1,-7.844138031E0,1.517843628E-1,-1.362167358E-2
2.571143792E1,-9.364376678E0,4.763095093E-1,-7.461982727E-1
2.572147892E1,-1.043719574E1,9.635462952E-1,-1.541195068E0
2.573151892E1,-1.109492798E1,1.358574829E0,-2.371668091E0
2.574155992E1,-1.132080826E1,1.592089233E0,-3.096760254E0
2.575159992E1,-1.130568970E1,1.534758453E0,-3.408412170E0
2.576164092E1,-1.122036713E1,1.221010895E0,-3.423381042E0
2.577168192E1,-1.084734283E1,8.701405334E-1,-3.219505005E0
2.578172192E1,-1.031280441E1,3.065625000E-1,-2.893932037E0
2.579176292E1,-9.616751862E0,-2.932402039E-1,-2.471809845E0
2.580180292E1,-8.946445770E0,-9.479786682E-1,-2.150727539E0
2.581184392E1,-8.230634308E0,-1.498384094E0,-1.790426788E0
2.582188492E1,-7.736960907E0,-1.832938385E0,-1.387913818E0
2.583192492E1,-7.496560822E0,-2.171983337E0,-1.053808594E0
2.584196592E1,-7.191495209E0,-2.340832214E0,-7.197033691E-1
2.585200592E1,-7.044500885E0,-2.473755798E0,-3.864962769E-1
2.586204692E1,-7.013365631E0,-2.631527710E0,-1.173559570E-1
2.587208792E1,-6.613097992E0,-2.529889069E0,1.288819885E-1
2.588212792E1,-7.029981079E0,-2.421065369E0,5.903723145E-1
2.589216892E1,-7.539970551E0,-2.291285248E0,5.614823914E-1
2.590220892E1,-7.573051758E0,-2.281555481E0,6.641688538E-1
2.591224992E1,-7.600444794E0,-2.089804230E0,4.734654236E-1
2.592228992E1,-7.727380829E0,-1.885479126E0,2.010319519E-1
2.593233092E1,-7.737559662E0,-1.596579895E0,8.801696777E-2
2.594237192E1,-7.961044922E0,-1.265917511E0,-1.541793823E-1
2.595241192E1,-8.115972748E0,-9.765692139E-1,-3.531156921E-1
2.596245292E1,-8.149503021E0,-8.686436462E-1,-2.930905151E-1
2.597249292E1,-8.081993408E0,-8.208929443E-1,-2.234852600E-1
2.598253392E1,-7.977959747E0,-1.044078827E0,-1.172062683E-1
2.599257492E1,-7.996371460E0,-1.346450043E0,9.235794067E-2
2.600261492E1,-8.095914459E0,-1.731000366E0,2.538720703E-1
2.601265592E1,-8.449329529E0,-2.279908905E0,1.685494995E-1
2.602269592E1,-8.870403900E0,-2.711760864E0,3.607498169E-2
2.603273692E1,-9.319769440E0,-2.936293945E0,-2.219883728E-1
2.604277792E1,-9.812694397E0,-2.794389038E0,-4.305047607E-1
2.605281792E1,-1.004171814E1,-2.014211426E0,-3.641926575E-1
2.606285892E1,-1.008887009E1,-7.523355103E-1,-1.462458801E-1
2.607289892E1,-9.963730316E0,2.725831604E-1,1.712438965E-1
2.608293992E1,-9.636510773E0,1.606159973E-1,2.438429260E-1
2.609298092E1,-9.867330780E0,-6.704557800E-1,7.454498291E-2
2.610302092E1,-1.067370392E1,-1.602717133E0,1.161584473E-1
2.611306192E1,-1.138203094E1,-2.249222717E0,3.052153015E-1
2.612310192E1,-1.190668991E1,-2.514920197E0,6.295907593E-1
2.613314292E1,-1.229498245E1,-2.256557465E0,1.160536652E0
2.614318292E1,-1.235725296E1,-1.394500122E0,1.259780273E0
2.615322392E1,-1.235934860E1,-3.143463135E-1,4.568499756E-1
2.616326492E1,-1.211026657E1,5.294490051E-1,-7.397616577E-1
2.617330492E1,-1.150582352E1,6.679110718E-1,-2.083068237E0
2.618334592E1,-1.134176468E1,-7.897576904E-1,-2.860701141E0
2.619338592E1,-1.220307358E1,-2.478994904E0,-3.696712646E0
2.620342692E1,-1.275467651E1,-3.295995941E0,-5.419330444E0
2.621346792E1,-1.311587540E1,-3.416345673E0,-6.706354065E0
2.622350792E1,-1.389156235E1,-2.655926971E0,-7.002887421E0
2.623354892E1,-1.441442505E1,-1.501976624E0,-7.257657623E0
2.624358892E1,-1.392539200E1,-3.640429688E-1,-7.407795410E0
2.625362992E1,-1.279479309E1,4.656816101E-1,-7.085066528E0
2.626367092E1,-1.167497177E1,1.048719177E0,-6.468049622E0
2.627371092E1,-1.089060287E1,1.630110168E0,-5.730383606E0
2.628375192E1,-1.054781570E1,2.178569641E0,-4.866380310E0
2.629379192E1,-1.037926620E1,2.244732056E0,-4.028572540E0
2.630383292E1,-1.012554382E1,1.398691406E0,-3.188369751E0
2.631387292E1,-9.785301361E0,2.504292297E-1,-2.684966583E0
2.632391392E1,-9.200916595E0,-6.277944946E-1,-2.463277588E0
2.633395492E1,-8.249495087E0,-1.433419189E0,-2.139500885E0
2.634399492E1,-7.252717896E0,-2.171833649E0,-1.719025269E0
2.635403592E1,-6.480024719E0,-2.759361877E0,-1.281934204E0
2.636407592E1,-5.961353302E0,-3.098706207E0,-9.524693298E-1
2.637411692E1,-5.917344818E0,-2.943329315E0,-5.975573730E-1
2.638415692E1,-6.192622375E0,-2.421664124E0,-5.780978394E-1
2.639419792E1,-6.539750519E0,-1.894011383E0,-7.744894409E-1
2.640423892E1,-6.738537140E0,-1.446142731E0,-9.813592529E-1
2.641427892E1,-6.784790955E0,-1.267264709E0,-1.394200745E0
2.642431992E1,-6.900200958E0,-9.613009644E-1,-1.366208954E0
2.643435992E1,-7.185357971E0,-5.294490051E-1,-1.348845062E0
2.644440092E1,-7.389084320E0,-8.397537231E-2,-1.180894318E0
2.645444192E1,-7.468419342E0,3.035687256E-1,-1.174607391E0
2.646448192E1,-7.861651611E0,5.563929749E-1,-1.226250000E0
2.647452292E1,-8.460406494E0,9.036708069E-1,-1.260528717E0
2.648456292E1,-9.323062592E0,1.119671631E0,-1.287023621E0
2.649460392E1,-1.014949402E1,1.203197937E0,-1.267564087E0
2.650464392E1,-1.047791107E1,1.202299805E0,-1.324894867E0
2.651468504E1,-1.036908737E1,1.141675873E0,-1.377435608E0
2.652472604E1,-9.918524323E0,9.367520142E-1,-1.363813934E0
2.653476604E1,-9.420659637E0,6.334826660E-1,-1.304088135E0
2.654480704E1,-9.191785583E0,6.060896301E-1,-1.011147308E0
2.655484704E1,-8.973539429E0,9.172924805E-1,-5.831872559E-1
2.656488804E1,-8.806337128E0,1.259480896E0,-1.553768921E-1
2.657492904E1,-8.663683777E0,1.473086700E0,4.170327759E-1
2.658496904E1,-8.322393494E0,1.309626617E0,6.614744568E-1
2.659501004E1,-7.900870056E0,1.022823029E0,5.626799011E-1
2.660505004E1,-7.573351135E0,7.140151978E-1,4.890330505E-1
2.661509104E1,-7.324418793E0,5.093907166E-1,4.647834778E-1
2.662513104E1,-7.021897888E0,2.710862732E-1,5.837860107E-1
2.663517204E1,-6.848109283E0,5.373825073E-2,6.039939880E-1
2.664521304E1,-6.816524963E0,-8.427474976E-2,3.995191956E-1
2.665525304E1,-6.912774811E0,-2.715353394E-1,-4.490661621E-3
2.666529404E1,-7.339986420E0,-4.029620361E-1,-4.878355408E-1
2.667533404E1,-8.042924652E0,-3.309617615E-1,-7.689509583E-1
2.668537504E1,-9.007219391E0,-2.050735474E-1,-8.213420105E-1
2.669541504E1,-1.014021332E1,-2.971321106E-1,-4.969665527E-1
2.670545604E1,-1.118983063E1,-5.450166321E-1,-9.205856323E-2
2.671549704E1,-1.201790863E1,-7.279362488E-1,-1.977388000E-1
2.672553704E1,-1.273327103E1,-8.137078857E-1,-4.537065125E-1
2.673557804E1,-1.324864929E1,-8.586145020E-1,-5.278024292E-1
2.674561804E1,-1.358080856E1,-1.016087036E0,-1.890568542E-1
2.675565904E1,-1.374845993E1,-1.381776581E0,4.161346436E-1
2.676570004E1,-1.358964020E1,-1.663939819E0,9.722282410E-1
2.677574004E1,-1.325224182E1,-1.799707489E0,1.356179810E0
2.678578104E1,-1.257939102E1,-1.646725616E0,1.249152374E0
2.679582104E1,-1.170116730E1,-7.674540710E-1,-1.242416382E-2
2.680586204E1,-1.102337677E1,4.090992737E-1,-1.178050232E0
2.681590204E1,-1.084689377E1,1.148112488E0,-1.789977722E0
2.682594304E1,-1.200922668E1,1.982776794E0,-2.781665497E0
2.683598404E1,-1.390129211E1,3.179388428E0,-4.649930420E0
2.684602404E1,-1.517589157E1,3.450175323E0,-6.023025055E0
2.685606504E1,-1.568677917E1,3.413202209E0,-6.838080139E0
2.686610504E1,-1.529070282E1,3.122057648E0,-7.503596191E0
2.687614604E1,-1.342932358E1,1.744921417E0,-7.511230316E0
2.688618604E1,-1.087668182E1,2.028282166E-1,-6.709048462E0
2.689622704E1,-8.411907349E0,-8.541238403E-1,-5.970783691E0
2.690626804E1,-7.061715088E0,-1.075513458E0,-5.259762268E0
2.691630804E1,-6.681655426E0,-1.163829803E0,-4.584366760E0
2.692634904E1,-6.890920258E0,-1.516646118E0,-3.901037750E0
2.693638904E1,-7.856262817E0,-1.399290161E0,-3.302282867E0
2.694643004E1,-8.857830048E0,-1.053958282E0,-2.956950989E0
2.695647104E1,-9.593101044E0,-8.463400269E-1,-2.911894684E0
2.696651104E1,-1.010368927E1,-7.644602966E-1,-2.968477020E0
2.697655204E1,-1.045201492E1,-5.860313416E-1,-2.989583130E0
2.698659204E1,-1.057191559E1,-2.330653381E-1,-3.049308929E0
2.699663304E1,-1.030517029E1,2.395019531E-2,-3.119512939E0
2.700667304E1,-9.990374908E0,3.186872864E-1,-3.092718658E0
2.701671404E1,-9.740993500E0,6.918612671E-1,-3.145708466E0
2.702675404E1,-9.493108978E0,9.689350891E-1,-3.015030212E0
2.703679504E1,-9.169481964E0,9.999206543E-1,-2.636916504E0
2.704683604E1,-8.697363739E0,9.677375793E-1,-2.354902954E0
2.705687604E1,-7.993377686E0,9.705816650E-1,-2.127226410E0
2.706691704E1,-7.175777893E0,7.896080017E-1,-1.714833984E0
2.707695704E1,-6.465654602E0,2.561174011E-1,-1.385967865E0
2.708699804E1,-6.130351868E0,-2.790197754E-1,-1.065634003E0
2.709703904E1,-6.126909027E0,-7.818241882E-1,-7.905061340E-1
2.710707904E1,-6.417754211E0,-1.212628326E0,-6.484515381E-1
2.711712004E1,-7.098688202E0,-1.582958221E0,-5.643264771E-1
2.712716004E1,-7.842042389E0,-1.896556091E0,-3.147953796E-1
2.713720104E1,-8.546028442E0,-2.193688202E0,-1.920506287E-1
2.714724104E1,-8.948242035E0,-2.498903503E0,-2.215393066E-1
2.715728204E1,-9.106013947E0,-2.681972809E0,-3.736230469E-1
2.716732304E1,-9.126521301E0,-2.809058533E0,-6.300398254E-1
2.717736304E1,-9.076674957E0,-2.805166626E0,-8.785231018E-1
2.718740404E1,-9.093739471E0,-2.728975067E0,-9.871971130E-1
2.719744404E1,-9.103469238E0,-2.424508209E0,-9.824070740E-1
2.720748504E1,-9.266929321E0,-1.927990723E0,-9.268725586E-1
2.721752504E1,-9.018745422E0,-1.368005219E0,-7.839198303E-1
2.722756604E1,-8.878038025E0,-7.265890503E-1,-3.668870544E-1
2.723760704E1,-8.455466766E0,-2.924917603E-1,-3.305126953E-1
2.724764704E1,-8.014932861E0,-5.328918457E-2,-9.999206543E-2
2.725768804E1,-7.559430084E0,-6.092330933E-2,1.139131165E-1
2.726772804E1,-7.204967194E0,-3.014730835E-1,2.149530029E-1
2.727776904E1,-7.183262329E0,-8.256829834E-1,3.998185730E-1
2.728780904E1,-7.419620819E0,-1.393152924E0,3.490740967E-1
2.729785004E1,-7.679630127E0,-1.741179199E0,1.450483704E-1
2.730789004E1,-8.018824768E0,-1.952240295E0,4.939727783E-3
2.731793104E1,-8.590635681E0,-2.185305634E0,-1.904040527E-1
2.732797204E1,-9.137149200E0,-2.322420502E0,-3.097059631E-1
2.733801204E1,-9.704319763E0,-2.303410034E0,-5.279521179E-1
2.734805304E1,-1.028526169E1,-2.032024384E0,-8.762777710E-1
2.735809304E1,-1.095481934E1,-1.307081909E0,-9.636959839E-1
2.736813404E1,-1.152378616E1,-6.403683472E-1,-6.500981140E-1
2.737817404E1,-1.204889420E1,-4.810995483E-1,-4.894821167E-1
2.738821504E1,-1.255738678E1,-5.481600952E-1,-3.339555359E-1
2.739825604E1,-1.290661057E1,-9.273216248E-1,8.158035278E-2
2.740829604E1,-1.285257294E1,-1.535207520E0,5.599855042E-1
2.741833704E1,-1.245350281E1,-1.977238312E0,9.292675781E-1
2.742837704E1,-1.182765427E1,-2.182311859E0,1.057999878E0
2.743841804E1,-1.100122284E1,-2.252964935E0,8.831634521E-1
2.744845804E1,-1.019035904E1,-2.181563416E0,2.113604736E-1
2.745849904E1,-9.809850311E0,-2.473157043E0,-1.066532135E0
2.746854004E1,-1.031624725E1,-3.419040070E0,-2.080373840E0
2.747858004E1,-1.137544464E1,-4.241878967E0,-2.736908569E0
2.748862104E1,-1.214005463E1,-4.861739960E0,-4.014651489E0
2.749866104E1,-1.219603821E1,-5.258115692E0,-5.881419525E0
2.750870204E1,-1.173275162E1,-5.004542999E0,-7.105124817E0
2.751874146E1,-1.068358337E1,-4.240681458E0,-7.669750671E0
2.752878246E1,-9.570198669E0,-3.351530457E0,-6.691684570E0
2.753882346E1,-8.903335419E0,-2.395917664E0,-5.678441620E0
2.754886346E1,-8.511150970E0,-1.828447723E0,-5.208119659E0
2.755890446E1,-8.779842224E0,-1.652413788E0,-4.169878693E0
2.756894446E1,-9.337732086E0,-1.716929626E0,-3.546574860E0
2.757898546E1,-9.493707733E0,-1.391805725E0,-3.391347656E0
2.758902546E1,-9.718839569E0,-9.292675781E-1,-2.858605499E0
2.759906646E1,-9.917775879E0,-1.099463654E0,-2.372566223E0
2.760910646E1,-1.012928604E1,-1.923649750E0,-2.132764893E0
2.761914746E1,-1.011581406E1,-2.869832153E0,-2.448757782E0
2.762918846E1,-9.698332214E0,-3.497476959E0,-2.973566437E0
2.763922846E1,-9.334738312E0,-3.360511780E0,-3.487148438E0
2.764926946E1,-9.167685699E0,-2.361339569E0,-3.899091797E0
2.765930946E1,-9.004824371E0,-1.592837677E0,-4.156406708E0
2.766935046E1,-8.796307983E0,-9.816586304E-1,-4.357588348E0
2.767939046E1,-8.504864044E0,-9.208850098E-1,-3.997886353E0
2.768943146E1,-8.251441040E0,-1.153351593E0,-3.736529846E0
2.769947246E1,-7.820936279E0,-1.511556702E0,-3.735482025E0
2.770951246E1,-7.463180237E0,-1.335672455E0,-3.901337128E0
2.771955346E1,-7.266788635E0,-8.171507263E-1,-3.897445221E0
2.772959346E1,-7.196584625E0,-3.426374817E-1,-3.617377625E0
2.773963446E1,-7.514673157E0,1.631607056E-2,-3.277733917E0
2.774967446E1,-8.396040344E0,3.463796997E-1,-3.103496246E0
2.775971546E1,-9.703870697E0,4.007167053E-1,-3.006797333E0
2.776975646E1,-1.081920135E1,1.646575928E-1,-3.154240723E0
2.777979646E1,-1.133428024E1,-4.999603271E-2,-3.503015442E0
2.778983746E1,-1.127904510E1,-1.074765015E-1,-4.004921722E0
2.779987746E1,-1.077654007E1,-3.412902832E-2,-4.285288696E0
2.780991846E1,-9.906848602E0,1.187031555E-1,-4.328399048E0
2.781995846E1,-8.757837982E0,4.285588074E-1,-3.966751099E0
2.782999946E1,-7.873477020E0,1.059347076E0,-3.377875671E0
2.784003946E1,-7.353159027E0,1.691183167E0,-2.925216980E0
2.785008046E1,-7.177574158E0,2.169887695E0,-2.540067902E0
2.786012146E1,-7.268285522E0,2.565664673E0,-2.150577850E0
2.787016146E1,-7.494165802E0,2.895428925E0,-1.919308777E0
2.788020246E1,-7.824678497E0,3.061882782E0,-1.963466949E0
2.789024246E1,-8.290360107E0,2.985541534E0,-2.169738007E0
2.790028346E1,-8.868607635E0,2.745740204E0,-2.362986145E0
2.791032346E1,-9.370064850E0,2.398761749E0,-2.424059143E0
2.792036446E1,-9.495354309E0,2.032174072E0,-2.239942017E0
2.793040446E1,-9.366921387E0,1.622625732E0,-1.785936127E0
2.794044546E1,-9.090146942E0,1.290316772E0,-1.322499847E0
2.795048646E1,-8.707093506E0,1.091380463E0,-9.352551270E-1
2.796052646E1,-8.375532990E0,1.083446960E0,-6.762936401E-1
2.797056746E1,-8.325387268E0,1.127455444E0,-5.584886169E-1
2.798060746E1,-8.569828949E0,1.161285095E0,-4.583468628E-1
2.799064846E1,-9.090745697E0,1.332379303E0,-6.460565186E-1
2.800068846E1,-9.854756927E0,1.388362885E0,-6.741979980E-1
2.801072946E1,-1.060035645E1,1.415157166E0,-3.417393494E-1
2.802076946E1,-1.107187592E1,1.343605957E0,-1.748364258E-1
2.803081046E1,-1.111513596E1,1.099014587E0,-2.799179077E-1
2.804085146E1,-1.091844498E1,7.592211914E-1,-4.809498596E-1
2.805089146E1,-1.075273956E1,4.201762390E-1,-5.742059326E-1
2.806093246E1,-1.098819992E1,1.496887207E-2,-3.779640198E-1
2.807097246E1,-1.137334900E1,-2.770738220E-1,-1.661544800E-1
2.808101346E1,-1.158755356E1,-2.552192688E-1,8.981323242E-3
2.809105346E1,-1.163710052E1,-1.040336609E-1,2.766247559E-1
2.810109446E1,-1.145313309E1,-1.661544800E-2,5.697152710E-1
2.811113446E1,-1.108190506E1,8.113128662E-2,7.068301392E-1
2.812117546E1,-1.083207458E1,1.251397705E-1,7.891589355E-1
2.813121646E1,-1.072519684E1,1.706451416E-2,3.137475586E-1
2.814125646E1,-1.074735077E1,-2.155517578E-2,-6.240522766E-1
2.815129746E1,-1.090048233E1,3.038681030E-1,-1.676064606E0
2.816133746E1,-1.136616394E1,1.057550812E0,-2.480491791E0
2.817137846E1,-1.185220322E1,1.476529541E0,-3.170856171E0
2.818141846E1,-1.170640640E1,1.215023346E0,-4.240232391E0
2.819145946E1,-1.103280716E1,4.986131287E-1,-5.272635498E0
2.820149946E1,-1.025247986E1,-4.230203247E-1,-5.567222900E0
2.821154046E1,-9.657467194E0,-1.353036346E0,-5.105732574E0
2.822158146E1,-9.049730988E0,-2.081721039E0,-4.418811035E0
2.823162146E1,-8.409212952E0,-2.769690399E0,-3.852987671E0
2.824166246E1,-8.206833801E0,-3.276985474E0,-3.340154114E0
2.825170246E1,-8.485703888E0,-3.363954620E0,-3.034340057E0
2.826174346E1,-8.850345612E0,-3.201841736E0,-3.015179901E0
2.827178346E1,-9.498348083E0,-2.596350861E0,-3.121009827E0
2.828182446E1,-1.024574387E1,-1.567689972E0,-3.154390411E0
2.829186546E1,-1.068133804E1,-3.906875610E-1,-2.911146240E0
2.830190546E1,-1.074690170E1,9.515711975E-1,-2.490670624E0
2.831194646E1,-1.067205734E1,2.190095673E0,-2.102527771E0
2.832198646E1,-1.033420990E1,3.015329590E0,-1.780697021E0
2.833202746E1,-9.783205719E0,3.253783722E0,-1.740281067E0
2.834206746E1,-9.300309906E0,3.077600098E0,-1.776954803E0
2.835210846E1,-8.761430511E0,2.391876068E0,-1.783840485E0
2.836214846E1,-8.273145905E0,1.561552734E0,-1.781744843E0
2.837218946E1,-7.780520325E0,7.581733704E-1,-1.653910675E0
2.838222946E1,-7.284751282E0,-5.388793945E-3,-1.418150940E0
2.839227046E1,-6.826254730E0,-1.004411316E0,-1.060544586E0
2.840231146E1,-6.536457367E0,-1.897603912E0,-9.366023254E-1
2.841235146E1,-6.357429657E0,-2.586471405E0,-4.863386536E-1
2.842239246E1,-6.216422882E0,-3.085982666E0,-1.197509766E-3
2.843243246E1,-6.513854370E0,-3.385809174E0,3.079096985E-1
2.844247346E1,-7.079977112E0,-3.489992523E0,4.578977966E-1
2.845251346E1,-7.845335541E0,-3.283571777E0,3.876937866E-1
2.846255446E1,-8.602610779E0,-2.900668030E0,3.248245239E-2
2.847259446E1,-8.940308533E0,-2.595602417E0,-3.526666260E-1
2.848263546E1,-9.207502899E0,-2.314337311E0,-4.583468628E-1
2.849267646E1,-9.168733521E0,-1.950144653E0,-4.929249573E-1
2.850271646E1,-8.818910980E0,-1.628912659E0,-5.318440247E-1
2.851275771E1,-8.565787354E0,-1.457668762E0,-4.852908325E-1
2.852279771E1,-8.387807465E0,-1.376687164E0,-4.215234375E-1
2.853283871E1,-8.344397736E0,-1.446442108E0,-3.941304016E-1
2.854287871E1,-8.472680969E0,-1.571432190E0,-3.577560425E-1
2.855291971E1,-8.678053894E0,-1.600172424E0,-3.703298950E-1
2.856295971E1,-8.929680634E0,-1.478176117E0,-3.941304016E-1
2.857300071E1,-9.215885468E0,-1.078058167E0,-3.887416077E-1
2.858304171E1,-9.580676880E0,-5.272036743E-1,-2.746788025E-1
2.859308171E1,-9.916578369E0,1.197509766E-2,-5.673202515E-2
2.860312271E1,-1.021386017E1,4.272116089E-1,-4.954696655E-2
2.861316271E1,-1.054033127E1,6.361770630E-1,-1.089733887E-1
2.862320371E1,-1.095137650E1,7.735913086E-1,-9.999206543E-2
2.863324371E1,-1.144280457E1,7.548802185E-1,-2.784210205E-2
2.864328471E1,-1.194501022E1,1.701960754E-1,4.550537109E-2
2.865332471E1,-1.241757751E1,-1.023421783E0,5.388793945E-2
2.866336571E1,-1.277129196E1,-2.499502258E0,1.399589539E-1
2.867340571E1,-1.304148010E1,-3.785028992E0,5.005590820E-1
2.868344671E1,-1.329580124E1,-4.330494690E0,1.050216064E0
2.869348771E1,-1.324685303E1,-4.043990479E0,1.418300629E0
2.870352771E1,-1.286200333E1,-3.422333221E0,1.263223114E0
2.871356871E1,-1.235306168E1,-2.602039032E0,3.757186890E-1
2.872360871E1,-1.162168259E1,-1.895508270E0,-7.304809570E-1
2.873364971E1,-1.093446167E1,-2.146835632E0,-1.668729858E0
2.874368971E1,-1.088057373E1,-3.085533600E0,-2.995121613E0
2.875373071E1,-1.115749786E1,-3.769910431E0,-4.609065399E0
2.876377071E1,-1.105166794E1,-3.702251129E0,-6.226152649E0
2.877381171E1,-1.052985306E1,-3.395988007E0,-7.564070435E0
2.878385171E1,-1.023960663E1,-2.726430359E0,-7.304061127E0
2.879389271E1,-1.041998154E1,-1.633702698E0,-6.502927094E0
2.880393371E1,-1.027792694E1,-1.036893768E0,-6.026018829E0
2.881397371E1,-1.026235931E1,-2.387535095E-1,-5.426066437E0
2.882401471E1,-1.052012329E1,7.738906860E-1,-5.075944519E0
2.883405471E1,-1.080213684E1,1.487157440E0,-5.031936035E0
2.884409571E1,-1.133502869E1,1.751807098E0,-4.801415405E0
2.885413571E1,-1.176119247E1,1.462159424E0,-4.433181152E0
2.886417671E1,-1.192944260E1,7.598199463E-1,-4.025129700E0
2.887421671E1,-1.172556656E1,-1.841171265E-1,-3.565585327E0
2.888425771E1,-1.120659576E1,-1.274150391E0,-2.871478729E0
2.889429771E1,-1.017718643E1,-2.161654816E0,-2.233804779E0
2.890433871E1,-8.987011414E0,-2.817441101E0,-1.686991882E0
2.891437971E1,-8.172106018E0,-3.197800140E0,-1.043779449E0
2.892441971E1,-7.406298523E0,-3.286116486E0,-8.620573425E-1
2.893446071E1,-6.678811340E0,-3.241658936E0,-8.527766418E-1
2.894450071E1,-6.474336548E0,-3.137625275E0,-6.526428223E-1
2.895454171E1,-6.291566620E0,-2.868335266E0,-8.303233337E-1
2.896458171E1,-5.648803253E0,-2.275418243E0,-1.001417542E0
2.897462271E1,-5.268294525E0,-1.825154572E0,-1.013542328E0
2.898466271E1,-5.151537323E0,-1.218466187E0,-1.139280853E0
2.899470371E1,-5.101541290E0,-3.917353821E-1,-1.308279419E0
2.900474371E1,-5.231620789E0,3.953279114E-1,-1.287322998E0
2.901478471E1,-5.522915039E0,1.099912720E0,-1.273401947E0
2.902482571E1,-5.985602875E0,1.647623749E0,-1.267115021E0
2.903486571E1,-6.551575928E0,2.067201233E0,-1.179547119E0
2.904490671E1,-7.323520660E0,2.362537079E0,-9.886940002E-1
2.905494671E1,-8.056246948E0,2.444416809E0,-7.731422424E-1
2.906498771E1,-8.639134827E0,2.314037933E0,-6.750961304E-1
2.907502771E1,-9.045390015E0,2.180365906E0,-6.982978821E-1
2.908506871E1,-9.128616943E0,2.076931000E0,-7.550299072E-1
2.909510871E1,-9.136400757E0,2.021097107E0,-8.411009216E-1
2.910514971E1,-9.180409241E0,1.902693329E0,-7.226971436E-1
2.911518971E1,-9.104067993E0,1.770817566E0,-4.568499756E-1
2.912523071E1,-8.834029541E0,1.601070557E0,-3.233276367E-1
2.913527071E1,-8.519832916E0,1.332379303E0,-2.631527710E-1
2.914531171E1,-8.400680695E0,9.621990967E-1,-3.616479492E-1
2.915535271E1,-8.500223694E0,4.842430115E-1,-4.453239441E-1
2.916539271E1,-8.701854401E0,-4.610412598E-2,-7.065307617E-2
2.917543371E1,-9.065747681E0,-5.331912231E-1,4.468208313E-1
2.918547371E1,-9.599088593E0,-1.061293030E0,7.937992859E-1
2.919551471E1,-1.002450394E1,-1.608405304E0,8.982820129E-1
2.920555471E1,-1.038764877E1,-2.087409210E0,8.518785095E-1
2.921559571E1,-1.102906494E1,-2.378104706E0,8.665480042E-1
2.922563571E1,-1.204934326E1,-2.392923889E0,8.937913513E-1
2.923567671E1,-1.315224976E1,-2.059267731E0,7.960446167E-1
2.924571671E1,-1.405412430E1,-1.556463318E0,9.196875000E-1
2.925575771E1,-1.450214264E1,-9.342073059E-1,1.128802643E0
2.926579871E1,-1.451396805E1,-2.594105530E-1,9.620494080E-1
2.927583871E1,-1.432940186E1,3.397933960E-1,9.909393311E-2
2.928587971E1,-1.433718567E1,8.810678101E-1,-1.224453735E0
2.929591971E1,-1.398601593E1,9.370513916E-1,-2.426903229E0
2.930596071E1,-1.329175964E1,1.315763855E0,-3.758683777E0
2.931600071E1,-1.343590988E1,3.130889282E0,-5.450316010E0
2.932604171E1,-1.314012497E1,4.207450562E0,-6.151457977E0
2.933608171E1,-1.195444061E1,3.702849884E0,-6.089486847E0
2.934612271E1,-1.092143875E1,2.690056000E0,-6.087540894E0
2.935616271E1,-1.004022125E1,1.812880096E0,-6.435267792E0
2.936620371E1,-9.218130798E0,9.536668396E-1,-6.335275726E0
2.937624371E1,-8.646768951E0,3.005749512E-1,-6.190676422E0
2.938628471E1,-8.452922058E0,-1.038690033E0,-5.727689209E0
2.939632471E1,-8.763675842E0,-1.966610413E0,-4.774172058E0
2.940636571E1,-9.422904968E0,-1.952839050E0,-4.021686859E0
2.941640671E1,-1.033450928E1,-1.596280518E0,-3.796105957E0
2.942644671E1,-1.118788467E1,-9.647438049E-1,-3.923790436E0
2.943648771E1,-1.159907959E1,4.715194702E-2,-3.924538879E0
2.944652771E1,-1.157318344E1,1.022224274E0,-3.524869995E0
2.945656871E1,-1.110989685E1,1.577419739E0,-3.011437683E0
2.946660871E1,-1.060005707E1,1.999242554E0,-2.461930389E0
2.947664971E1,-1.010338989E1,2.300116882E0,-2.152673492E0
2.948668971E1,-9.386829987E0,2.378553772E0,-2.125280457E0
2.949673071E1,-8.476423187E0,2.250719604E0,-2.018552399E0
2.950677071E1,-7.523654480E0,2.021695862E0,-1.709744568E0
2.951681217E1,-6.631958771E0,1.486109619E0,-1.525926819E0
2.952685217E1,-5.641767883E0,8.231382751E-1,-1.623374176E0
2.953689317E1,-4.731361084E0,1.532812500E-1,-1.382824402E0
2.954693417E1,-4.029919739E0,-7.929011536E-1,-1.124910736E0
2.955697417E1,-3.517984314E0,-1.726060638E0,-8.731343079E-1
2.956701517E1,-3.410058746E0,-2.515818329E0,-3.441343689E-1
2.957705517E1,-3.516337738E0,-3.190016327E0,9.101074219E-2
2.958709617E1,-3.901337128E0,-3.755091248E0,1.264869690E-1
2.959713617E1,-4.978646851E0,-4.102219391E0,2.281256104E-1
2.960717717E1,-6.002667389E0,-4.136797485E0,-2.424957275E-2
2.961721717E1,-6.877148895E0,-3.996239777E0,-9.355545044E-2
2.962725817E1,-7.916138306E0,-3.699407043E0,-2.112107849E-1
2.963729817E1,-8.690178680E0,-3.156336365E0,-2.442919922E-1
2.964733917E1,-8.985364838E0,-2.634671173E0,-3.362008667E-1
2.965737917E1,-9.125174103E0,-2.301314392E0,-3.478765869E-1
2.966742017E1,-9.120833130E0,-2.005379791E0,-4.050576782E-1
2.967746017E1,-9.031768341E0,-1.849553833E0,-3.417393494E-1
2.968750117E1,-9.071884918E0,-1.800306244E0,-3.722758484E-1
2.969754217E1,-9.112151184E0,-1.629062347E0,-3.363505554E-1
2.970758217E1,-9.222621460E0,-1.375938721E0,2.514770508E-2
2.971762317E1,-9.230704651E0,-1.221609650E0,4.522096252E-1
2.972766317E1,-9.246571655E0,-1.292113037E0,6.457571411E-1
2.973770417E1,-9.615254974E0,-1.442400513E0,4.640350342E-1
2.974774417E1,-1.029544052E1,-1.083147583E0,1.375639343E-1
2.975778517E1,-1.138786880E1,-2.011816406E-1,-1.736389160E-2
2.976782517E1,-1.238255035E1,5.502557373E-1,-3.757186890E-2
2.977786617E1,-1.275557465E1,3.061134338E-1,-1.270857239E-1
2.978790617E1,-1.300525543E1,-8.955876160E-1,1.669029236E-1
2.979794717E1,-1.320508987E1,-2.028431854E0,9.376501465E-1
2.980798717E1,-1.318518127E1,-2.519111481E0,1.623374176E0
2.981802817E1,-1.278356644E1,-2.560275879E0,1.783840485E0
2.982806817E1,-1.203018311E1,-2.159858551E0,8.592132568E-1
2.983810917E1,-1.103610031E1,-1.730251923E0,-8.113128662E-1
2.984815017E1,-1.012704071E1,-1.989213409E0,-2.528541870E0
2.985819017E1,-1.070154602E1,-2.994672546E0,-3.978277130E0
2.986823117E1,-1.195144684E1,-3.541635132E0,-5.823939056E0
2.987827117E1,-1.200428696E1,-4.217779083E0,-8.180787964E0
2.988831217E1,-1.179592026E1,-3.241509247E0,-8.835376740E0
2.989835217E1,-1.211864914E1,-1.482816467E0,-8.240364075E0
2.990839317E1,-1.187271057E1,-1.001267853E0,-7.881859589E0
2.991843317E1,-1.198003738E1,1.013392639E-1,-6.970105591E0
2.992847417E1,-1.250290009E1,1.404080200E0,-6.253845062E0
2.993851417E1,-1.280003220E1,1.814526672E0,-5.533542938E0
2.994855517E1,-1.336914871E1,2.073488159E0,-4.719086609E0
2.995859517E1,-1.395458130E1,1.893562317E0,-4.254153442E0
2.996863617E1,-1.411549667E1,1.113085327E0,-3.843108215E0
2.997867617E1,-1.371567810E1,-2.769241333E-2,-3.433559875E0
2.998871717E1,-1.270752457E1,-1.284179535E0,-2.939736786E0
2.999875817E1,-1.107846222E1,-2.251468048E0,-2.501298523E0
3.000879817E1,-9.437873840E0,-2.951412506E0,-1.844165039E0
3.001883917E1,-8.305328979E0,-3.527265015E0,-1.009500732E0
3.002887917E1,-7.738906860E0,-4.002975769E0,-3.748205566E-1
3.003892017E1,-7.267387390E0,-4.143383789E0,-3.101550293E-1
3.004896017E1,-6.625522156E0,-3.947890320E0,-2.219883728E-1
3.005900117E1,-5.764362946E0,-3.523971863E0,-4.306544495E-1
3.006904117E1,-4.979095917E0,-2.968926086E0,-5.508544922E-1
3.007908217E1,-4.480931854E0,-2.318827972E0,-4.227209473E-1
3.008912217E1,-4.142635345E0,-1.572030945E0,-6.252497864E-1
3.009916317E1,-3.877386932E0,-7.903564453E-1,-7.364685059E-1
3.010920317E1,-3.744014282E0,-1.598675537E-1,-8.976832581E-1
3.011924417E1,-3.769461365E0,5.303471375E-1,-1.000968475E0
3.012928417E1,-4.074077911E0,1.192120972E0,-1.025517426E0
3.013932517E1,-4.377047882E0,1.567540283E0,-1.009650421E0
3.014936517E1,-4.871769104E0,1.705553284E0,-7.352709961E-1
3.015940617E1,-5.800288239E0,1.821112976E0,-3.356021118E-1
3.016944617E1,-6.733148346E0,1.937421112E0,-2.010319519E-1
3.017948717E1,-7.576195221E0,2.022593994E0,-3.302133179E-1
3.018952817E1,-8.278834076E0,2.120939484E0,-4.323010254E-1
3.019956817E1,-8.770860901E0,2.429597626E0,-3.721261597E-1
3.020960917E1,-9.034462738E0,2.804118805E0,-2.438429260E-1
3.021964917E1,-9.128766632E0,3.039579163E0,-1.329235840E-1
3.022969017E1,-9.150022430E0,3.158282318E0,-1.444496155E-1
3.023973017E1,-9.134754181E0,3.045117645E0,-1.478924561E-1
3.024977117E1,-9.191037140E0,2.651436310E0,-7.125183105E-2
3.025981117E1,-9.351054382E0,1.977537689E0,1.487905884E-1
3.026985217E1,-9.655820618E0,1.098116455E0,5.751040649E-1
3.027989217E1,-1.006042923E1,8.876541138E-2,9.324110413E-1
3.028993317E1,-1.042282562E1,-1.030457153E0,9.175918579E-1
3.029997317E1,-1.064152084E1,-2.347568207E0,7.283853149E-1
3.031001417E1,-1.087563400E1,-3.426524506E0,1.841171265E-2
3.032005417E1,-1.159204422E1,-3.196003876E0,-2.047741699E-1
3.033009517E1,-1.295361282E1,-1.583706665E0,5.078938293E-1
3.034013517E1,-1.403855667E1,-2.341131592E-1,1.186732178E0
3.035017617E1,-1.474882965E1,4.201762390E-1,1.992506561E0
3.036021617E1,-1.481035172E1,5.939648438E-1,2.510279846E0
3.037025717E1,-1.440349777E1,1.675016785E-1,2.212099915E0
3.038029817E1,-1.383947067E1,-4.984634399E-1,4.067042542E-1
3.039033817E1,-1.311737228E1,-7.473957825E-1,-1.848655701E0
3.040037917E1,-1.226459564E1,-2.917433167E-1,-3.754193115E0
3.041041917E1,-1.253104156E1,1.380728760E0,-5.683980103E0
3.042046017E1,-1.335732330E1,3.031645660E0,-7.245981903E0
3.043050017E1,-1.342677887E1,3.247347107E0,-7.783663788E0
3.044054117E1,-1.263537460E1,2.488724670E0,-6.819668427E0
3.045058117E1,-1.156510025E1,1.400188293E0,-6.127807159E0
3.046062217E1,-1.045231430E1,7.120692444E-1,-5.735473022E0
3.047066217E1,-9.242230682E0,-9.729766846E-3,-5.203329620E0
3.048070317E1,-8.555758209E0,-1.335223389E0,-4.905149689E0
3.049074317E1,-8.898246002E0,-2.195334778E0,-4.615052948E0
3.050078417E1,-9.972262573E0,-2.140249329E0,-3.995940399E0
3.051082417E1,-1.117351456E1,-1.841320953E0,-3.628304901E0
3.052086471E1,-1.214215027E1,-1.490151215E0,-3.854783936E0
3.053090471E1,-1.237252121E1,-9.518705750E-1,-4.200115814E0
3.054094571E1,-1.179427368E1,-2.694396973E-1,-4.007466431E0
3.055098571E1,-1.091814560E1,5.605842590E-1,-3.394491119E0
3.056102671E1,-1.013392639E1,1.278491364E0,-2.541115723E0
3.057106671E1,-9.583071899E0,1.928439789E0,-2.080523529E0
3.058110771E1,-9.115743713E0,2.440075836E0,-2.003134460E0
3.059114871E1,-8.480315094E0,2.771187286E0,-1.931583252E0
3.060118871E1,-7.715555420E0,2.813998260E0,-1.753902740E0
3.061122971E1,-7.129224701E0,2.421514435E0,-1.420545959E0
3.062126971E1,-6.472689972E0,1.729054413E0,-1.156045990E0
3.063131071E1,-5.590274963E0,9.750723267E-1,-1.205592957E0
3.064135071E1,-4.749174042E0,2.579136658E-1,-1.324146423E0
3.065139171E1,-4.151766357E0,-6.176156616E-1,-1.162632294E0
3.066143171E1,-3.876488800E0,-1.446442108E0,-9.087602234E-1
3.067147271E1,-3.698059845E0,-2.346071320E0,-5.114863586E-1
3.068151271E1,-3.700754242E0,-3.174149323E0,-1.984872437E-1
3.069155371E1,-4.233346710E0,-3.708388367E0,4.580474854E-2
3.070159371E1,-4.888683929E0,-4.015549622E0,1.350192261E-1
3.071163471E1,-5.863905945E0,-4.136198730E0,1.681004333E-1
3.072167471E1,-6.776558075E0,-3.926035767E0,3.742218018E-3
3.073171571E1,-7.276668091E0,-3.601510620E0,-2.715353394E-1
3.074175571E1,-7.884553986E0,-3.201991425E0,-4.346960449E-1
3.075179671E1,-8.314459991E0,-2.837499390E0,-7.057823181E-1
3.076183671E1,-8.589737549E0,-2.563119965E0,-6.249504089E-1
3.077187771E1,-8.721164246E0,-2.472109222E0,-6.429130554E-1
3.078191771E1,-8.973539429E0,-2.311343536E0,-5.791456604E-1
3.079195871E1,-9.043294373E0,-2.037113800E0,-4.677772522E-1
3.080199871E1,-9.187743988E0,-1.672921143E0,-3.103047180E-1
3.081203971E1,-9.319020996E0,-1.256936188E0,-1.898052979E-1
3.082207971E1,-9.560618591E0,-9.473799133E-1,6.840774536E-2
3.083212071E1,-9.868977356E0,-8.587641907E-1,3.841012573E-1
3.084216071E1,-1.017209702E1,-7.915539551E-1,3.963757324E-1
3.085220171E1,-1.055245605E1,-4.308041382E-1,1.345701599E-1
3.086224271E1,-1.117920273E1,3.472778320E-1,9.340576172E-2
3.087228271E1,-1.182915115E1,1.047970734E0,2.267784119E-1
3.088232371E1,-1.223510696E1,6.102809143E-1,4.324507141E-1
3.089236371E1,-1.276395721E1,-8.794212341E-1,7.729925537E-1
3.090240471E1,-1.332633774E1,-2.172432404E0,1.202898560E0
3.091244471E1,-1.360371094E1,-2.757715302E0,1.489552460E0
3.092248571E1,-1.350626358E1,-3.102448425E0,1.496737518E0
3.093252571E1,-1.322814194E1,-2.799328766E0,7.708969116E-1
3.094256671E1,-1.263642242E1,-1.941911774E0,-5.929170227E-1
3.095260671E1,-1.144834305E1,-2.191442871E0,-2.190993805E0
3.096264771E1,-1.109343109E1,-3.746109924E0,-3.955374756E0
3.097268771E1,-1.196117661E1,-4.784949646E0,-5.745352478E0
3.098272871E1,-1.203632034E1,-5.666167145E0,-7.007078705E0
3.099276871E1,-1.199575470E1,-5.016667786E0,-8.075706482E0
3.100280971E1,-1.227642105E1,-2.702330475E0,-8.162376251E0
3.101284971E1,-1.223331070E1,-1.371747437E0,-7.910450134E0
3.102289071E1,-1.175774963E1,-3.617976379E-1,-7.039261780E0
3.103293071E1,-1.122665405E1,1.341510315E0,-6.544690247E0
3.104297171E1,-1.098116455E1,2.352208557E0,-5.940546570E0
3.105301171E1,-1.156614807E1,2.669997711E0,-4.829556885E0
3.106305271E1,-1.262938705E1,2.545905762E0,-4.242328033E0
3.107309271E1,-1.329595093E1,1.949246521E0,-4.270768890E0
3.108313371E1,-1.351150269E1,8.027806091E-1,-4.311783600E0
3.109317371E1,-1.307441162E1,-6.005511475E-1,-4.058959351E0
3.110321471E1,-1.215442474E1,-1.641187134E0,-3.635489960E0
3.111325471E1,-1.088955505E1,-2.330354004E0,-3.094814301E0
3.112329571E1,-9.743089142E0,-2.921624451E0,-2.432591400E0
3.113333571E1,-8.807085571E0,-3.413052521E0,-1.744921417E0
3.114337671E1,-8.164920959E0,-3.644171906E0,-1.166823578E0
3.115341771E1,-7.365283813E0,-3.460054779E0,-1.018482056E0
3.116345771E1,-6.438411255E0,-3.183579712E0,-9.057664490E-1
3.117349871E1,-5.470523987E0,-2.749781799E0,-8.069718933E-1
3.118353871E1,-4.590953064E0,-2.132764893E0,-7.741900635E-1
3.119357971E1,-4.008214874E0,-1.525178375E0,-7.961943054E-1
3.120361971E1,-3.546874237E0,-8.846603394E-1,-6.526428223E-1
3.121366071E1,-3.232078857E0,-9.415420532E-2,-4.472698975E-1
3.122370071E1,-3.207080841E0,7.768844604E-1,-4.128414917E-1
3.123374171E1,-3.391197968E0,1.434616699E0,-4.164340210E-1
3.124378171E1,-3.874093781E0,1.824705505E0,-3.067121887E-1
3.125382271E1,-4.578828278E0,2.201921082E0,-5.688171387E-2
3.126386271E1,-5.455704803E0,2.514022064E0,-5.763015747E-2
3.127390371E1,-6.437363434E0,2.437830505E0,-1.863624573E-1
3.128394371E1,-7.399861908E0,2.088756409E0,-1.830693054E-1
3.129398471E1,-8.188721466E0,1.774559784E0,-1.484912109E-1
3.130402471E1,-8.802894287E0,1.653012543E0,-2.739303589E-1
3.131406571E1,-9.302854614E0,1.715732117E0,-3.549119568E-1
3.132410571E1,-9.504784698E0,1.853296051E0,-3.757186890E-1
3.133414671E1,-9.348509674E0,1.836381226E0,-4.348457336E-1
3.134418671E1,-9.147477722E0,1.507515106E0,-3.561094666E-1
3.135422771E1,-9.112450562E0,1.028660889E0,-7.708969116E-2
3.136426771E1,-9.208550720E0,6.140231323E-1,2.880010986E-1
3.137430871E1,-9.546398163E0,1.907034302E-1,6.081852722E-1
3.138434871E1,-1.003677841E1,-2.454895020E-1,6.524931335E-1
3.139438971E1,-1.046608566E1,-7.478448486E-1,5.929170227E-1
3.140442971E1,-1.065708847E1,-1.325493622E0,4.577481079E-1
3.141447071E1,-1.085901855E1,-1.654359741E0,1.028361511E-1
3.142451071E1,-1.174517578E1,-1.678160248E0,5.322930908E-1
3.143455171E1,-1.298205368E1,-1.391206970E0,1.201102295E0
3.144459171E1,-1.393572052E1,-1.156944122E0,1.927541656E0
3.145463271E1,-1.425111465E1,-1.136885834E0,2.491718445E0
3.146467271E1,-1.426204193E1,-9.330097961E-1,2.810106354E0
3.147471371E1,-1.407358383E1,-6.815327454E-1,2.043700104E0
3.148475371E1,-1.363679214E1,-2.794688416E-1,7.753875732E-2
3.149479471E1,-1.277233978E1,3.752696228E-1,-1.943857727E0
3.150483471E1,-1.214319809E1,1.329684906E0,-3.801943817E0
3.151487571E1,-1.299343002E1,3.229085083E0,-5.592071228E0
3.152491608E1,-1.348785187E1,4.426894226E0,-7.193441162E0
3.153495708E1,-1.299642380E1,3.990850983E0,-8.118517456E0
3.154499708E1,-1.265737885E1,2.521057434E0,-7.619305573E0
3.155503808E1,-1.205712708E1,1.007854156E0,-7.127278748E0
3.156507808E1,-1.122605530E1,-6.256988525E-2,-6.388714600E0
3.157511908E1,-1.013138168E1,-1.176104279E0,-5.841003571E0
3.158515908E1,-9.533674622E0,-2.189496918E0,-5.566324768E0
3.159520008E1,-9.944121094E0,-2.216740265E0,-4.992867279E0
3.160524108E1,-1.081007034E1,-1.786385193E0,-4.261188812E0
3.161528108E1,-1.163799866E1,-1.281934204E0,-3.975283356E0
3.162532208E1,-1.197764236E1,-5.194198608E-1,-3.998485107E0
3.163536208E1,-1.168305496E1,4.905299377E-1,-3.868704987E0
3.164540308E1,-1.091051147E1,1.390159149E0,-3.366199951E0
3.165544308E1,-1.008123596E1,2.086960144E0,-2.578986969E0
3.166548408E1,-9.430539093E0,2.644850006E0,-2.063608704E0
3.167552408E1,-8.800349579E0,3.107537842E0,-1.857487335E0
3.168556508E1,-8.082143097E0,3.199895782E0,-1.905387726E0
3.169560508E1,-7.379354553E0,3.007845154E0,-1.962718506E0
3.170564608E1,-6.523284760E0,2.615810394E0,-1.924697571E0
3.171568608E1,-5.680986328E0,1.784139862E0,-1.636247406E0
3.172572708E1,-5.002746735E0,9.071136475E-1,-1.592089233E0
3.173576708E1,-4.457730103E0,1.535806274E-1,-1.459764404E0
3.174580808E1,-3.990252228E0,-7.295828247E-1,-1.262324982E0
3.175584808E1,-3.712879028E0,-1.572629700E0,-1.087338867E0
3.176588908E1,-3.797902222E0,-2.474055176E0,-7.162605286E-1
3.177592908E1,-4.146826630E0,-3.340902557E0,-4.908293152E-1
3.178597008E1,-4.642146606E0,-4.078718262E0,-2.674937439E-1
3.179601008E1,-5.532944183E0,-4.641398163E0,1.984872437E-1
3.180605108E1,-6.412515106E0,-4.842280426E0,3.532653809E-1
3.181609108E1,-7.324568481E0,-4.849465485E0,5.348377991E-1
3.182613208E1,-8.165819092E0,-4.503235474E0,4.505630493E-1
3.183617208E1,-8.688232727E0,-3.894900513E0,3.385958862E-1
3.184621308E1,-8.897048492E0,-3.456312561E0,3.611988831E-1
3.185625308E1,-8.696914673E0,-3.192710724E0,3.426374817E-1
3.186629408E1,-8.343499603E0,-3.033441925E0,2.936892700E-1
3.187633408E1,-7.927664337E0,-2.680326233E0,1.181044006E-1
3.188637508E1,-7.929011536E0,-2.102527771E0,9.729766846E-3
3.189641508E1,-8.346643066E0,-1.292412415E0,-1.633103943E-1
3.190645608E1,-8.959768066E0,-3.974235535E-1,-2.695893860E-1
3.191649608E1,-9.326355743E0,2.975811768E-1,-2.493814087E-1
3.192653708E1,-9.572294312E0,5.084925842E-1,-1.202000427E-1
3.193657708E1,-1.007854156E1,5.968089294E-1,-2.204914856E-1
3.194661808E1,-1.075348801E1,8.925938416E-1,-4.739144897E-1
3.195665808E1,-1.163575333E1,1.313967590E0,-6.360273743E-1
3.196669908E1,-1.242042160E1,1.547631683E0,-5.433700562E-1
3.197673908E1,-1.281155823E1,6.777905273E-1,-2.980302429E-1
3.198678008E1,-1.328472427E1,-1.266965332E0,2.499801636E-2
3.199682008E1,-1.348321152E1,-2.955753479E0,4.215234375E-1
3.200686108E1,-1.333995941E1,-3.926035767E0,6.957531738E-1
3.201690108E1,-1.288325912E1,-4.309987335E0,9.538165283E-1
3.202694208E1,-1.230261658E1,-4.053570557E0,7.291337585E-1
3.203698208E1,-1.177391602E1,-3.033292236E0,-5.319937134E-1
3.204702308E1,-1.108654541E1,-2.068548431E0,-2.100881195E0
3.205706308E1,-1.050275940E1,-2.104773102E0,-3.566932526E0
3.206710408E1,-1.107052872E1,-2.592009888E0,-4.705764313E0
3.207714408E1,-1.182211578E1,-2.602488098E0,-5.409151611E0
3.208718508E1,-1.171209457E1,-3.237317963E0,-6.757248230E0
3.209722508E1,-1.153441406E1,-2.906805267E0,-7.732470245E0
3.210726608E1,-1.178738800E1,-1.287921753E0,-7.562423859E0
3.211730608E1,-1.205967178E1,-4.924758911E-1,-7.364834747E0
3.212734708E1,-1.148696274E1,-2.245330811E-3,-6.815028076E0
3.213738708E1,-1.084419937E1,1.232686615E0,-6.184090118E0
3.214742808E1,-1.083012863E1,2.055076447E0,-5.632786560E0
3.215746808E1,-1.166838547E1,2.308649139E0,-4.706812134E0
3.216750908E1,-1.266935394E1,2.075583801E0,-4.202959900E0
3.217754908E1,-1.344623840E1,1.368603973E0,-4.042343903E0
3.218759008E1,-1.377300888E1,2.486329651E-1,-3.986060944E0
3.219763008E1,-1.346509918E1,-1.118474121E0,-3.671864319E0
3.220767108E1,-1.243778549E1,-2.147434387E0,-3.343147888E0
3.221771108E1,-1.109043732E1,-3.030448151E0,-2.945574646E0
3.222775208E1,-9.860295410E0,-3.652105408E0,-2.451003113E0
3.223779208E1,-8.984167328E0,-3.942651215E0,-1.904489594E0
3.224783308E1,-8.226892090E0,-3.745361481E0,-1.692979431E0
3.225787308E1,-7.244934082E0,-3.205733643E0,-1.502276001E0
3.226791408E1,-6.168073425E0,-2.612816620E0,-1.184636536E0
3.227795408E1,-5.084776154E0,-1.997146912E0,-1.099613342E0
3.228799508E1,-4.358785858E0,-1.376537476E0,-1.153950348E0
3.229803508E1,-3.794010315E0,-6.911128235E-1,-1.016536102E0
3.230807608E1,-3.244203644E0,4.490661621E-2,-8.629554749E-1
3.231811608E1,-3.040028229E0,8.422984314E-1,-6.608757019E-1
3.232815708E1,-3.180136871E0,1.607507172E0,-5.748046875E-1
3.233819708E1,-3.513044586E0,2.318528595E0,-6.155200195E-1
3.234823808E1,-4.284390564E0,2.743794250E0,-5.228627014E-1
3.235827808E1,-5.156327362E0,2.844834137E0,-5.906716919E-1
3.236831908E1,-5.955066376E0,2.801274719E0,-4.514611816E-1
3.237835908E1,-6.664441223E0,2.516716461E0,-4.141886902E-1
3.238840008E1,-7.367529144E0,2.071392517E0,-4.480183411E-1
3.239844008E1,-8.056097260E0,1.695524139E0,-3.947291565E-1
3.240848108E1,-8.600964203E0,1.512005768E0,-3.267704773E-1
3.241852108E1,-8.975186005E0,1.552721100E0,-1.926493835E-1
3.242856208E1,-9.166787567E0,1.703307953E0,-5.882766724E-2
3.243860208E1,-9.154213715E0,1.758094025E0,-5.493576050E-2
3.244864308E1,-9.084758148E0,1.592388611E0,-1.291813660E-1
3.245868308E1,-9.039252777E0,1.157093811E0,-2.023791504E-1
3.246872408E1,-9.224567413E0,5.266049194E-1,-5.688171387E-2
3.247876408E1,-9.581724701E0,-6.062393188E-2,2.127076721E-1
3.248880508E1,-9.946965179E0,-5.915698242E-1,2.537223816E-1
3.249884508E1,-1.036908737E1,-1.282383270E0,2.782713318E-1
3.250888608E1,-1.079105988E1,-2.131417694E0,3.046165466E-1
3.251892517E1,-1.137289993E1,-2.612666931E0,-2.022294617E-1
3.252896617E1,-1.262564484E1,-2.424358521E0,-2.830613708E-1
3.253900617E1,-1.394290558E1,-1.813628540E0,5.986051941E-1
3.254904717E1,-1.455109085E1,-1.138233032E0,1.150657196E0
3.255908717E1,-1.452384750E1,-7.062313843E-1,1.739682312E0
3.256912817E1,-1.406819504E1,-1.299298096E-1,2.005230103E0
3.257916817E1,-1.363798965E1,3.035687256E-1,1.069525909E0
3.258920917E1,-1.348216370E1,4.336482239E-1,-5.060975647E-1
3.259924917E1,-1.311871948E1,4.993615723E-1,-2.061962128E0
3.260929017E1,-1.273267227E1,9.725276184E-1,-3.586541748E0
3.261933017E1,-1.331376389E1,2.594554596E0,-5.680387573E0
3.262937117E1,-1.405068146E1,3.604504395E0,-6.780449982E0
3.263941117E1,-1.348246307E1,3.303031311E0,-6.925498352E0
3.264945217E1,-1.218556000E1,2.473755798E0,-6.579118652E0
3.265949217E1,-1.124716141E1,1.619332581E0,-6.301446075E0
3.266953317E1,-1.019335281E1,8.096662903E-1,-6.077362061E0
3.267957317E1,-8.834179230E0,-1.963916016E-1,-5.659281464E0
3.268961417E1,-8.410260773E0,-1.587598572E0,-5.209466858E0
3.269965417E1,-9.023685150E0,-2.433639221E0,-4.463418274E0
3.270969517E1,-1.015293686E1,-2.312690735E0,-3.689976654E0
3.271973517E1,-1.122830063E1,-1.747166748E0,-3.748654633E0
3.272977617E1,-1.186777084E1,-1.185834045E0,-4.109703827E0
3.273981617E1,-1.186447769E1,-4.195774841E-1,-4.179458771E0
3.274985717E1,-1.138622223E1,4.453239441E-1,-3.768563232E0
3.275989717E1,-1.069361252E1,1.148860931E0,-2.877915344E0
3.276993817E1,-1.013108231E1,1.710942078E0,-2.148631897E0
3.277997817E1,-9.631870422E0,2.285297699E0,-1.855990448E0
3.279001917E1,-8.885073395E0,2.630479889E0,-1.722917175E0
3.280005917E1,-7.980803833E0,2.727478180E0,-1.695524139E0
3.281010017E1,-7.046147461E0,2.513872375E0,-1.622476044E0
3.282014017E1,-6.071673889E0,2.000739441E0,-1.563648376E0
3.283018117E1,-5.190007324E0,1.350641327E0,-1.572030945E0
3.284022117E1,-4.504732361E0,6.524931335E-1,-1.448837128E0
3.285026217E1,-3.963607635E0,-1.814227295E-1,-1.311123505E0
3.286030217E1,-3.503614197E0,-9.897418213E-1,-1.060394897E0
3.287034317E1,-3.250191193E0,-1.704804840E0,-7.095245361E-1
3.288038317E1,-3.708987122E0,-2.446362762E0,-1.694476318E-1
3.289042417E1,-4.408332825E0,-3.080144806E0,-1.399589539E-1
3.290046417E1,-5.086871796E0,-3.600762177E0,4.161346436E-2
3.291050517E1,-6.015839996E0,-3.873944092E0,4.454736328E-1
3.292054517E1,-6.755451965E0,-3.920946350E0,4.911286926E-1
3.293058617E1,-7.640711060E0,-3.879332886E0,3.998185730E-1
3.294062617E1,-8.598269806E0,-3.566483459E0,4.013154602E-1
3.295066717E1,-9.096433868E0,-3.114872589E0,2.133064270E-1
3.296070717E1,-9.303603058E0,-2.821782074E0,1.510359192E-1
3.297074817E1,-9.306746521E0,-2.718197479E0,1.350192261E-1
3.298078817E1,-9.034462738E0,-2.588267670E0,1.386117554E-1
3.299082917E1,-8.925339661E0,-2.299069061E0,3.772155762E-2
3.300086917E1,-9.048832855E0,-1.836830292E0,-1.381626892E-1
3.301091017E1,-9.199719086E0,-1.260379028E0,-1.856140137E-1
3.302095017E1,-9.389973450E0,-8.596623230E-1,-6.242019653E-2
3.303099117E1,-9.571246490E0,-7.345225525E-1,1.100212097E-1
3.304103117E1,-1.000609222E1,-6.209088135E-1,-2.095642090E-3
3.305107217E1,-1.095691498E1,-2.149530029E-1,-2.043251038E-1
3.306111217E1,-1.212284042E1,4.493655396E-1,-2.875520325E-1
3.307115317E1,-1.272488846E1,9.093589783E-1,-3.424877930E-1
3.308119317E1,-1.266710861E1,-5.927673340E-2,-2.005828857E-1
3.309123417E1,-1.282547928E1,-1.766476593E0,3.068618774E-1
3.310127417E1,-1.290047333E1,-2.930605774E0,9.889933777E-1
3.311131517E1,-1.270363266E1,-3.472628632E0,1.490899658E0
3.312135517E1,-1.234183502E1,-3.346141663E0,1.424737244E0
3.313139617E1,-1.179442337E1,-2.686762848E0,4.370910645E-1
3.314143617E1,-1.116004257E1,-2.066602478E0,-1.221010895E0
3.315147717E1,-1.056143738E1,-2.231858826E0,-2.941083984E0
3.316151717E1,-1.116797607E1,-3.157084808E0,-4.204456787E0
3.317155817E1,-1.241278748E1,-3.622916107E0,-5.402864685E0
3.318159817E1,-1.253927444E1,-3.942501526E0,-7.187154236E0
3.319163917E1,-1.247954865E1,-2.842289429E0,-8.350834351E0
3.320167917E1,-1.270857239E1,-9.144483948E-1,-8.783135376E0
3.321172017E1,-1.271426056E1,3.796105957E-1,-8.255183258E0
3.322176017E1,-1.232042953E1,1.374142456E0,-6.882537689E0
3.323180117E1,-1.206401276E1,2.537373505E0,-5.828429718E0
3.324184117E1,-1.221175552E1,3.012186127E0,-5.163362732E0
3.325188217E1,-1.295046936E1,2.592309265E0,-4.547693024E0
3.326192217E1,-1.371732468E1,1.521136780E0,-4.329895935E0
3.327196317E1,-1.383962036E1,4.445755005E-1,-4.162843323E0
3.328200317E1,-1.339818832E1,-8.553213501E-1,-3.740122375E0
3.329204417E1,-1.256397308E1,-2.198478241E0,-3.096909943E0
3.330208417E1,-1.117890335E1,-3.175795898E0,-2.571352844E0
3.331212517E1,-9.599687347E0,-3.743864594E0,-2.153721313E0
3.332216517E1,-8.276439056E0,-4.000730438E0,-1.659898224E0
3.333220617E1,-7.298223267E0,-4.061803436E0,-1.266965332E0
3.334224617E1,-6.498586121E0,-4.022884369E0,-9.699829102E-1
3.335228717E1,-5.855972443E0,-3.874692535E0,-7.463479614E-1
3.336232717E1,-5.155728607E0,-3.376528473E0,-6.131250000E-1
3.337236717E1,-4.314477997E0,-2.628234558E0,-4.584965515E-1
3.338240817E1,-3.602109375E0,-1.654359741E0,-2.674937439E-1
3.339244817E1,-3.241658936E0,-5.625302124E-1,-1.639091492E-1
3.340248917E1,-3.010539551E0,3.839515686E-1,6.526428223E-2
3.341252917E1,-3.075654144E0,1.358125763E0,-1.959425354E-1
3.342257017E1,-3.290158081E0,2.044747925E0,-4.170327759E-1
3.343261017E1,-3.902834015E0,2.506088562E0,-3.126997375E-1
3.344265117E1,-4.733456726E0,3.016078033E0,-2.450404358E-1
3.345269117E1,-5.734724579E0,3.279230804E0,-1.224453735E-1
3.346273217E1,-6.832242279E0,3.160228271E0,-4.071533203E-2
3.347277217E1,-7.800877991E0,2.614313507E0,-2.421963501E-1
3.348281317E1,-8.655750275E0,1.960772552E0,-5.120851135E-1
3.349285317E1,-9.406289520E0,1.544188843E0,-6.059399414E-1
3.350289417E1,-1.004755600E1,1.278641052E0,-6.478527832E-1
3.351293417E1,-1.048434769E1,1.154848480E0,-6.939569092E-1
3.352297571E1,-1.063628174E1,1.149459686E0,-6.399192810E-1
3.353301571E1,-1.040097107E1,1.263372803E0,-4.328997803E-1
3.354305671E1,-1.011925690E1,1.281934204E0,-2.103126526E-1
3.355309671E1,-9.910291443E0,1.064137115E0,9.116043091E-2
3.356313771E1,-9.606273651E0,6.857240295E-1,5.468128967E-1
3.357317771E1,-9.409283295E0,2.728825378E-1,1.064586182E0
3.358321871E1,-9.344019012E0,-9.909393311E-2,1.258582764E0
3.359325871E1,-9.372609558E0,-7.282356262E-1,1.150058441E0
3.360329971E1,-9.619595947E0,-1.854493561E0,1.123114471E0
3.361333971E1,-1.000609222E1,-2.901416473E0,8.039781189E-1
3.362338071E1,-1.086051544E1,-2.887944489E0,3.547622681E-1
3.363342071E1,-1.221310272E1,-1.986069946E0,1.321152649E0
3.364346171E1,-1.326421692E1,-8.725355530E-1,2.276765442E0
3.365350171E1,-1.350895798E1,-1.682501221E-1,2.677931213E0
3.366354271E1,-1.330403412E1,2.932402039E-1,2.270029449E0
3.367358271E1,-1.343740677E1,5.797444153E-1,8.833131409E-1
3.368362371E1,-1.407208694E1,4.575984192E-1,-4.159849548E-1
3.369366371E1,-1.472652603E1,1.227447510E-1,-1.037342834E0
3.370370471E1,-1.509999939E1,8.346643066E-1,-2.332299957E0
3.371374471E1,-1.500554581E1,2.254611511E0,-4.087100830E0
3.372378571E1,-1.433748505E1,3.497776337E0,-5.689368896E0
3.373382571E1,-1.355551117E1,4.308191071E0,-6.954837341E0
3.374386671E1,-1.252699997E1,3.755240936E0,-6.550677795E0
3.375390671E1,-1.075543396E1,2.293829956E0,-5.943240967E0
3.376394771E1,-9.066346436E0,6.185137939E-1,-5.571414185E0
3.377398771E1,-8.086933136E0,-6.933581543E-1,-5.119204559E0
3.378402771E1,-7.805668030E0,-1.856289825E0,-4.738845520E0
3.379406871E1,-8.302634583E0,-3.068469086E0,-4.319417725E0
3.380410871E1,-9.391919403E0,-3.248694305E0,-3.821553040E0
3.381414971E1,-1.039109161E1,-2.456242218E0,-3.579955444E0
3.382418971E1,-1.113504456E1,-1.444496155E0,-3.884871368E0
3.383423071E1,-1.143666733E1,-8.081694031E-1,-4.162993011E0
3.384427071E1,-1.132305359E1,-5.343887329E-2,-4.070036316E0
3.385431171E1,-1.087473587E1,8.056246948E-1,-3.553310852E0
3.386435171E1,-1.040815613E1,1.650318146E0,-2.819686432E0
3.387439271E1,-9.915680237E0,2.294578400E0,-2.354304199E0
3.388443271E1,-9.438921661E0,2.673739929E0,-2.149380341E0
3.389447371E1,-8.985963593E0,2.877316589E0,-2.242337036E0
3.390451371E1,-8.449329529E0,2.917882233E0,-2.357297974E0
3.391455471E1,-7.698939972E0,2.715802460E0,-2.241738281E0
3.392459471E1,-6.882986755E0,2.064506836E0,-1.856140137E0
3.393463571E1,-6.260730743E0,1.320254517E0,-1.515747986E0
3.394467571E1,-5.446274414E0,6.566844177E-1,-1.334624634E0
3.395471671E1,-4.800666962E0,-1.420545959E-1,-1.144070892E0
3.396475671E1,-4.381987610E0,-1.047671356E0,-1.066831512E0
3.397479771E1,-4.160448303E0,-1.909579010E0,-5.873785400E-1
3.398483771E1,-4.098477173E0,-2.777474213E0,-1.272354126E-1
3.399487871E1,-4.352947998E0,-3.609294434E0,2.953358459E-1
3.400491871E1,-5.150489502E0,-4.162244568E0,6.071374512E-1
3.401495971E1,-5.844446411E0,-4.277504883E0,5.489085388E-1
3.402499971E1,-6.613996124E0,-4.123026123E0,7.550299072E-1
3.403504071E1,-7.502248993E0,-3.832480316E0,7.533833313E-1
3.404508071E1,-8.058941345E0,-3.286565552E0,6.707551575E-1
3.405512171E1,-8.444240112E0,-2.774480438E0,6.357279968E-1
3.406516171E1,-8.657696228E0,-2.480042725E0,4.029620361E-1
3.407520271E1,-8.810079346E0,-2.255809021E0,3.365002441E-1
3.408524271E1,-9.003776550E0,-2.014211426E0,3.201841736E-1
3.409528371E1,-9.163943481E0,-1.778900757E0,2.353106689E-1
3.410532371E1,-9.475745087E0,-1.614991608E0,1.787283325E-1
3.411536371E1,-9.773176575E0,-1.478176117E0,-1.227447510E-2
3.412540471E1,-1.007839188E1,-1.346150665E0,1.052311707E-1
3.413544471E1,-1.026565247E1,-1.181193695E0,3.782633972E-1
3.414548571E1,-1.036025574E1,-1.089434509E0,3.628454590E-1
3.415552571E1,-1.053628967E1,-9.472302246E-1,4.580474854E-2
3.416556671E1,-1.089464447E1,-2.788700867E-1,-5.489085388E-1
3.417560671E1,-1.135778137E1,2.613565063E-1,-7.074288940E-1
3.418564771E1,-1.188513474E1,-2.522254944E-1,-1.628613281E-1
3.419568771E1,-1.240545273E1,-1.653611298E0,5.987548828E-1
3.420572871E1,-1.270273453E1,-3.146905975E0,1.193617859E0
3.421576871E1,-1.299073563E1,-4.070635071E0,1.468745728E0
3.422580971E1,-1.312904800E1,-4.286785583E0,1.385518799E0
3.423584971E1,-1.285122574E1,-3.915108490E0,1.175056458E0
3.424589071E1,-1.228704895E1,-2.916385345E0,5.168751526E-1
3.425593071E1,-1.140957367E1,-1.362616425E0,-8.457412720E-1
3.426597171E1,-1.017494110E1,-7.089257812E-1,-2.562221832E0
3.427601171E1,-9.933343506E0,-1.490001526E0,-4.219425659E0
3.428605271E1,-1.063942520E1,-2.178270264E0,-5.548062744E0
3.429609271E1,-1.065783691E1,-2.622396698E0,-6.968159637E0
3.430613371E1,-1.023257126E1,-2.404749298E0,-8.113877106E0
3.431617371E1,-1.042986099E1,-9.901908875E-1,-7.962392120E0
3.432621471E1,-1.103385498E1,-1.661544800E-2,-8.166268158E0
3.433625471E1,-1.143082947E1,4.311035156E-1,-7.604785767E0
3.434629571E1,-1.195473999E1,1.893861694E0,-6.154002686E0
3.435633571E1,-1.206550964E1,2.474504242E0,-5.225633240E0
3.436637671E1,-1.230620911E1,2.655178528E0,-4.509073334E0
3.437641671E1,-1.302231995E1,2.439626770E0,-4.347110138E0
3.438645671E1,-1.361912888E1,1.612446899E0,-4.439468079E0
3.439649771E1,-1.388722137E1,2.760260010E-1,-4.250560913E0
3.440653771E1,-1.379351624E1,-1.464554443E0,-3.898792419E0
3.441657871E1,-1.281395325E1,-2.849923553E0,-3.434458008E0
3.442661871E1,-1.146286285E1,-3.904031525E0,-2.762804718E0
3.443665971E1,-1.017269577E1,-4.656367035E0,-2.043999481E0
3.444669971E1,-9.137298889E0,-4.970713348E0,-1.372645569E0
3.445674071E1,-8.166567535E0,-4.746329956E0,-1.043480072E0
3.446678071E1,-7.206015015E0,-3.967050476E0,-8.208929443E-1
3.447682171E1,-6.273304596E0,-3.227737885E0,-8.996292114E-1
3.448686171E1,-5.338797913E0,-2.308499451E0,-1.057999878E0
3.449690271E1,-4.433779907E0,-1.315015411E0,-9.909393311E-1
3.450694271E1,-3.949686584E0,-4.912783813E-1,-8.270301819E-1
3.451698371E1,-3.720812531E0,3.692820740E-1,-8.732839966E-1
3.452702408E1,-3.435056763E0,1.231339417E0,-9.337582397E-1
3.453706508E1,-3.186274109E0,1.827549591E0,-9.163943481E-1
3.454710508E1,-3.257675629E0,2.107916565E0,-8.804690552E-1
3.455714608E1,-3.832480316E0,2.230361938E0,-7.973918152E-1
3.456718608E1,-4.669839020E0,2.334395599E0,-5.539979553E-1
3.457722708E1,-5.798042908E0,2.323917389E0,-2.902464294E-1
3.458726708E1,-7.115303650E0,2.127376099E0,-5.010081482E-1
3.459730808E1,-8.161777496E0,1.958527222E0,-6.981481934E-1
3.460734808E1,-8.946595459E0,1.923350372E0,-7.479945374E-1
3.461738808E1,-9.585616608E0,2.024240570E0,-8.164022827E-1
3.462742908E1,-9.780960388E0,2.206561432E0,-8.566685486E-1
3.463746908E1,-9.568851471E0,2.386337585E0,-8.132588196E-1
3.464751008E1,-9.037306824E0,2.349514160E0,-5.977070618E-1
3.465755008E1,-8.612490234E0,1.997895355E0,-3.872447205E-1
3.466759108E1,-8.438851318E0,1.518891449E0,-6.765930176E-2
3.467763108E1,-8.488547974E0,1.018482056E0,3.721261597E-1
3.468767208E1,-8.831185455E0,5.894741821E-1,8.937913513E-1
3.469771208E1,-9.300758972E0,2.294728088E-1,1.051712952E0
3.470775308E1,-9.723479919E0,-3.347039795E-1,8.226892090E-1
3.471779308E1,-9.928703156E0,-1.123862915E0,4.715194702E-1
3.472783408E1,-1.004261627E1,-2.059567108E0,-3.885919189E-1
3.473787408E1,-1.094479019E1,-2.831811218E0,-8.804690552E-1
3.474791508E1,-1.270917114E1,-2.995570679E0,-3.079096985E-1
3.475795508E1,-1.436233337E1,-2.245929565E0,3.897894287E-1
3.476799608E1,-1.503383698E1,-1.612746277E0,1.360071716E0
3.477803608E1,-1.482741623E1,-9.900411987E-1,1.962269440E0
3.478807708E1,-1.441741882E1,-1.348695374E-1,1.322350159E0
3.479811708E1,-1.421608749E1,3.397933960E-1,-1.190025330E-1
3.480815808E1,-1.398960846E1,2.076182556E-1,-1.315464478E0
3.481819808E1,-1.330313599E1,4.189787292E-1,-2.656825104E0
3.482823808E1,-1.312231201E1,1.847458191E0,-4.607119446E0
3.483827908E1,-1.361089600E1,3.269650726E0,-6.245462494E0
3.484831908E1,-1.384051849E1,3.550616455E0,-6.888824615E0
3.485836008E1,-1.295840286E1,2.882256317E0,-6.717880096E0
3.486840008E1,-1.154055130E1,1.663640442E0,-6.443051605E0
3.487844108E1,-1.055904236E1,3.342549133E-1,-5.950575714E0
3.488848108E1,-9.330247650E0,-6.947053528E-1,-5.840853882E0
3.489852208E1,-8.324489136E0,-1.639690247E0,-5.648354187E0
3.490856208E1,-8.418194275E0,-3.021616516E0,-4.892725525E0
3.491860308E1,-9.166488190E0,-3.528911591E0,-4.104165344E0
3.492864308E1,-1.010817993E1,-2.993774414E0,-3.541934509E0
3.493868408E1,-1.103714813E1,-2.178719330E0,-3.822900238E0
3.494872408E1,-1.146765289E1,-1.003662872E0,-4.221371613E0
3.495876508E1,-1.132829269E1,1.830693054E-1,-4.142934723E0
3.496880508E1,-1.088820786E1,1.334474945E0,-3.442541199E0
3.497884608E1,-1.053643936E1,2.343077545E0,-2.443368988E0
3.498888608E1,-1.019604721E1,3.036435699E0,-1.921703796E0
3.499892708E1,-9.797126770E0,3.384461975E0,-1.797911224E0
3.500896708E1,-9.238787842E0,3.559897156E0,-1.795965271E0
3.501900808E1,-8.355474701E0,3.409010925E0,-1.901795197E0
3.502904808E1,-7.375013580E0,2.947370911E0,-1.905836792E0
3.503908808E1,-6.290967865E0,2.154170380E0,-1.786534882E0
3.504912908E1,-5.436245270E0,1.195863190E0,-1.646725616E0
3.505916908E1,-4.801864471E0,2.510279846E-1,-1.506167908E0
3.506921008E1,-4.283941498E0,-5.813909912E-1,-1.093176727E0
3.507925008E1,-3.962859192E0,-1.538051605E0,-8.526269531E-1
3.508929108E1,-4.039649506E0,-2.393073578E0,-7.680528259E-1
3.509933108E1,-4.138593750E0,-3.149750061E0,-3.881428528E-1
3.510937208E1,-4.460574188E0,-3.858675842E0,-5.269042969E-2
3.511941208E1,-5.188809814E0,-4.381987610E0,2.538720703E-1
3.512945308E1,-6.133046265E0,-4.486769714E0,4.140390015E-1
3.513949308E1,-7.116052094E0,-4.298760681E0,1.432521057E-1
3.514953408E1,-7.986342316E0,-3.918251953E0,-3.847000122E-2
3.515957408E1,-8.498876495E0,-3.383114777E0,-1.242416382E-2
3.516961508E1,-8.812025299E0,-2.928360443E0,-1.425036621E-1
3.517965508E1,-9.040001221E0,-2.697241058E0,-2.526745605E-1
3.518969608E1,-9.216633911E0,-2.585722961E0,-2.606080627E-1
3.519973608E1,-9.372310181E0,-2.421364746E0,-3.061134338E-1
3.520977708E1,-9.646988983E0,-2.138902130E0,-2.875520325E-1
3.521981708E1,-9.967622223E0,-1.699116669E0,-1.751358032E-1
3.522985708E1,-1.010189301E1,-1.321452026E0,1.151106262E-1
3.523989808E1,-9.979896698E0,-1.034648438E0,5.324427795E-1
3.524993808E1,-9.763446808E0,-8.190966797E-1,6.081852722E-1
3.525997908E1,-9.772128754E0,-8.032296753E-1,4.417314148E-1
3.527001908E1,-1.028196854E1,-6.153703308E-1,1.927990723E-1
3.528006008E1,-1.093535980E1,-1.402583313E-1,-2.754272461E-2
3.529010008E1,-1.134505783E1,5.718109131E-2,-7.679031372E-2
3.530014108E1,-1.155656799E1,-6.496490479E-1,-1.320254517E-1
3.531018108E1,-1.188752975E1,-1.712289276E0,-2.799179077E-2
3.532022208E1,-1.212538513E1,-2.730471954E0,6.150709534E-1
3.533026208E1,-1.226609253E1,-3.122656403E0,1.023272095E0
3.534030308E1,-1.215188004E1,-2.818339233E0,1.181044006E0
3.535034308E1,-1.175191177E1,-2.179018707E0,1.246607666E0
3.536038408E1,-1.129371460E1,-1.271905060E0,6.068380737E-1
3.537042408E1,-1.067355423E1,-5.041516113E-1,-1.001267853E0
3.538046508E1,-1.013048355E1,-6.286926270E-1,-2.655777283E0
3.539050508E1,-1.063418610E1,-1.664987640E0,-4.242777100E0
3.540054508E1,-1.144549896E1,-2.968177643E0,-5.548212433E0
3.541058608E1,-1.145328278E1,-3.764521637E0,-6.741530914E0
3.542062608E1,-1.119536911E1,-3.105591888E0,-7.704777832E0
3.543066708E1,-1.184322189E1,-1.522633667E0,-8.101602631E0
3.544070708E1,-1.244991028E1,-2.878514099E-1,-8.259075165E0
3.545074808E1,-1.262100449E1,8.460406494E-1,-7.201224976E0
3.546078808E1,-1.261696289E1,1.897005157E0,-6.190975800E0
3.547082908E1,-1.248089584E1,2.094893646E0,-5.512885895E0
3.548086908E1,-1.268357437E1,1.917512512E0,-4.855153656E0
3.549091008E1,-1.341884537E1,1.365011444E0,-4.402045898E0
3.550095008E1,-1.392464355E1,3.137475586E-1,-4.007316742E0
3.551099108E1,-1.384500916E1,-9.842033386E-1,-3.638633423E0
3.552103129E1,-1.321931030E1,-2.297272797E0,-3.303031311E0
3.553107229E1,-1.195174622E1,-3.254831543E0,-2.884950714E0
3.554111229E1,-1.053554123E1,-4.002676392E0,-2.291734314E0
3.555115329E1,-9.392069092E0,-4.557572479E0,-1.472188568E0
3.556119329E1,-8.457412720E0,-4.721631317E0,-8.834628296E-1
3.557123429E1,-7.448810120E0,-4.514312439E0,-6.685098267E-1
3.558127429E1,-6.442452850E0,-4.199067993E0,-5.544470215E-1
3.559131429E1,-5.678291931E0,-3.771407318E0,-3.372486877E-1
3.560135529E1,-4.795577545E0,-2.966980133E0,-6.429130554E-1
3.561139529E1,-4.113446045E0,-1.926344147E0,-7.634124756E-1
3.562143629E1,-3.664529572E0,-8.168513489E-1,-7.713459778E-1
3.563147629E1,-3.156935120E0,4.381388855E-1,-8.193960571E-1
3.564151729E1,-2.823578339E0,1.466350708E0,-5.863307190E-1
3.565155729E1,-2.990331573E0,2.243833923E0,-4.282594299E-1
3.566159829E1,-3.313808899E0,2.920277252E0,-4.905299377E-1
3.567163829E1,-3.825145569E0,3.435655518E0,-5.559439087E-1
3.568167929E1,-4.969216461E0,3.580254822E0,-4.457730103E-1
3.569171929E1,-6.510411530E0,3.432512054E0,-2.981799316E-1
3.570176029E1,-7.970924377E0,3.018023987E0,-4.896318054E-1
3.571180029E1,-9.070837097E0,2.554138641E0,-6.783892822E-1
3.572184129E1,-9.829609222E0,2.231858826E0,-7.414082336E-1
3.573188129E1,-1.030442184E1,1.938468933E0,-5.843847656E-1
3.574192129E1,-1.043360321E1,1.658850403E0,-5.164260864E-1
3.575196229E1,-1.025128235E1,1.403930511E0,-5.462141418E-1
3.576200229E1,-1.009575577E1,1.123862915E0,-6.584806824E-1
3.577204329E1,-9.841284943E0,7.575746155E-1,-6.325845337E-1
3.578208329E1,-9.709708557E0,3.062631226E-1,-3.632945251E-1
3.579212429E1,-9.680070190E0,-9.011260986E-2,1.901046753E-1
3.580216429E1,-9.663754120E0,-3.161425781E-1,7.912545776E-1
3.581220529E1,-9.815089417E0,-4.550537109E-1,1.028810577E0
3.582224529E1,-9.854906616E0,-8.668473816E-1,8.789721680E-1
3.583228629E1,-9.683363342E0,-1.550176392E0,7.072792053E-1
3.584232629E1,-9.621691589E0,-2.187251587E0,7.454498291E-2
3.585236729E1,-1.033989807E1,-2.428250427E0,-1.351689148E-1
3.586240729E1,-1.177870605E1,-2.205663300E0,8.934919739E-1
3.587244829E1,-1.295989975E1,-1.660496979E0,1.609453125E0
3.588248829E1,-1.335882019E1,-1.302291870E0,2.261048126E0
3.589252929E1,-1.313443680E1,-1.079105988E0,2.285447388E0
3.590256929E1,-1.290690994E1,-7.905061340E-1,1.571881256E0
3.591260929E1,-1.301558395E1,-4.918771362E-1,3.126997375E-1
3.592265029E1,-1.353859634E1,-3.483256531E-1,-8.443940735E-1
3.593269029E1,-1.408780426E1,-1.115180969E-1,-2.048340454E0
3.594273129E1,-1.468132004E1,1.184187469E0,-3.706292725E0
3.595277129E1,-1.490255997E1,2.434986420E0,-5.301525421E0
3.596281229E1,-1.422911041E1,2.979853363E0,-6.495442657E0
3.597285229E1,-1.273386978E1,2.963387604E0,-6.517446899E0
3.598289329E1,-1.098685272E1,2.312391357E0,-6.059848480E0
3.599293329E1,-9.574689331E0,1.125958557E0,-5.403463440E0
3.600297429E1,-8.310867462E0,-1.080752563E-1,-5.038073273E0
3.601301429E1,-7.140601044E0,-1.151255951E0,-5.056784363E0
3.602305529E1,-7.266189880E0,-2.302511902E0,-4.441713409E0
3.603309529E1,-8.380772095E0,-2.568658447E0,-3.900438995E0
3.604313629E1,-9.383237457E0,-1.737287292E0,-3.591032410E0
3.605317629E1,-1.033750305E1,-6.973997498E-1,-3.759581909E0
3.606321629E1,-1.105076981E1,6.945556641E-2,-4.041595459E0
3.607325729E1,-1.128263763E1,7.970924377E-1,-4.000880127E0
3.608329729E1,-1.121303238E1,1.696272583E0,-3.575015717E0
3.609333829E1,-1.090317673E1,2.406246185E0,-2.693798218E0
3.610337829E1,-1.063583267E1,2.808010712E0,-2.031275940E0
3.611341929E1,-1.022718246E1,3.009940796E0,-1.774410095E0
3.612345929E1,-9.625583496E0,2.809208221E0,-1.724264374E0
3.613350029E1,-9.112749939E0,2.497256927E0,-1.821861420E0
3.614354029E1,-8.448431396E0,2.139800262E0,-1.775757294E0
3.615358129E1,-7.552245026E0,1.536255341E0,-1.451980591E0
3.616362129E1,-6.651118927E0,8.894503784E-1,-1.348545685E0
3.617366229E1,-5.732329559E0,1.609153748E-1,-1.153501282E0
3.618370229E1,-4.931943970E0,-6.813830566E-1,-8.259823608E-1
3.619374329E1,-4.412224731E0,-1.582359467E0,-4.562512207E-1
3.620378329E1,-4.394860840E0,-2.445314941E0,-1.296304321E-1
3.621382329E1,-4.725074158E0,-3.144960022E0,3.659889221E-1
3.622386429E1,-5.058281250E0,-3.701802063E0,6.128256226E-1
3.623390429E1,-5.724096680E0,-4.091441803E0,5.060975647E-1
3.624394529E1,-6.291267242E0,-4.191733246E0,6.224057007E-1
3.625398529E1,-7.087012482E0,-4.042044525E0,6.316864014E-1
3.626402629E1,-7.842341766E0,-3.653153229E0,4.526586914E-1
3.627406629E1,-8.608298950E0,-3.100951538E0,3.525169373E-1
3.628410729E1,-9.137747955E0,-2.595452728E0,4.221221924E-2
3.629414729E1,-9.428293762E0,-2.248025208E0,-1.437011719E-1
3.630418829E1,-9.408385162E0,-1.944456482E0,-3.162922668E-1
3.631422829E1,-9.605076141E0,-1.635049896E0,-1.932481384E-1
3.632426929E1,-9.703122253E0,-1.429676971E0,-1.675016785E-1
3.633430929E1,-9.673034821E0,-1.376387787E0,-2.231858826E-1
3.634434929E1,-9.507329407E0,-1.423539734E0,-1.185534668E-1
3.635439029E1,-9.475296021E0,-1.442999268E0,1.216969299E-1
3.636443029E1,-9.468260651E0,-1.343605957E0,4.114942932E-1
3.637447129E1,-9.482032013E0,-1.179397430E0,6.979985046E-1
3.638451129E1,-9.537117462E0,-1.054557037E0,6.747967529E-1
3.639455229E1,-9.694889374E0,-9.783654785E-1,4.984634399E-1
3.640459229E1,-1.009575577E1,-6.834786987E-1,2.342628479E-1
3.641463329E1,-1.073836945E1,-3.242257690E-1,-5.553451538E-2
3.642467329E1,-1.121961868E1,-4.806504822E-1,-3.996688843E-1
3.643471429E1,-1.151600235E1,-1.560355225E0,-3.794609070E-1
3.644475429E1,-1.205413330E1,-2.727328491E0,4.635859680E-1
3.645479529E1,-1.230950226E1,-3.284469910E0,1.392703857E0
3.646483529E1,-1.224274109E1,-3.108286285E0,1.891616364E0
3.647487529E1,-1.208721451E1,-2.524051208E0,1.998194733E0
3.648491629E1,-1.178858551E1,-1.691931610E0,1.568737793E0
3.649495629E1,-1.110810059E1,-7.676037598E-1,5.643264771E-1
3.650499729E1,-1.030531998E1,-1.820214844E-1,-7.364685059E-1
3.651503729E1,-9.920919342E0,-3.547622681E-1,-2.191293182E0
3.652507733E1,-1.053778656E1,-2.034120026E0,-3.749552765E0
3.653511733E1,-1.133353180E1,-4.129762115E0,-5.220992889E0
3.654515833E1,-1.136317017E1,-4.102668457E0,-7.224277039E0
3.655519833E1,-1.139086258E1,-2.787353668E0,-7.940986633E0
3.656523933E1,-1.223016724E1,-1.461261292E0,-7.666607208E0
3.657527933E1,-1.281545013E1,4.543052673E-1,-7.077881470E0
3.658532033E1,-1.267653900E1,1.936073914E0,-6.701863403E0
3.659536033E1,-1.260618530E1,3.036136322E0,-6.103856964E0
3.660540133E1,-1.270947052E1,3.928131409E0,-5.608986053E0
3.661544133E1,-1.286305115E1,3.863615570E0,-4.648134155E0
3.662548133E1,-1.327230011E1,2.848426666E0,-3.906875610E0
3.663552233E1,-1.348455872E1,1.270108795E0,-3.437900848E0
3.664556233E1,-1.325987595E1,-1.868115234E-1,-3.185974731E0
3.665560333E1,-1.261636414E1,-1.621128845E0,-3.008892975E0
3.666564333E1,-1.153486313E1,-2.912194061E0,-2.581531677E0
3.667568433E1,-1.001462448E1,-3.802692261E0,-2.179318085E0
3.668572433E1,-8.616681519E0,-4.447401581E0,-1.741029510E0
3.669576533E1,-7.787705383E0,-4.800666962E0,-1.072220306E0
3.670580533E1,-7.096742249E0,-4.516108704E0,-7.453001404E-1
3.671584633E1,-6.377487946E0,-3.827390900E0,-7.164102173E-1
3.672588633E1,-5.687123566E0,-2.945874023E0,-5.819897461E-1
3.673592733E1,-5.122048645E0,-1.817969513E0,-3.417393494E-1
3.674596733E1,-4.957690430E0,-9.253756714E-1,-6.286926270E-2
3.675600733E1,-4.995112610E0,-4.806504822E-1,1.642085266E-1
3.676604833E1,-5.063071289E0,1.140628052E-1,3.053649902E-2
3.677608833E1,-4.822970581E0,1.018781433E0,-3.252735901E-1
3.678612933E1,-4.802612915E0,1.855541382E0,-4.089495850E-1
3.679616933E1,-5.105582886E0,2.477797394E0,-3.751199341E-1
3.680621033E1,-5.632786560E0,2.877466278E0,-1.628613281E-1
3.681625033E1,-6.420598297E0,2.989283752E0,4.355941772E-2
3.682629133E1,-7.408843231E0,2.802023163E0,1.685494995E-1
3.683633133E1,-8.327632599E0,2.382745056E0,1.407073975E-2
3.684637233E1,-9.051227875E0,1.756597137E0,-2.959346008E-1
3.685641233E1,-9.613159332E0,9.723779297E-1,-4.460723877E-1
3.686645333E1,-9.948611755E0,2.311193848E-1,-5.188211060E-1
3.687649333E1,-1.003857468E1,-3.303630066E-1,-3.465293884E-1
3.688653333E1,-9.820627899E0,-5.569917297E-1,-1.332229614E-1
3.689657433E1,-9.455088043E0,-5.801934814E-1,1.097218323E-1
3.690661433E1,-9.183403015E0,-4.803511047E-1,3.926335144E-1
3.691665533E1,-8.933871918E0,-3.638932800E-1,6.655160522E-1
3.692669533E1,-8.813522186E0,-3.234773254E-1,9.626481628E-1
3.693673633E1,-8.824150085E0,-3.282673645E-1,1.438807983E0
3.694677633E1,-8.785530396E0,-4.665797424E-1,1.354233856E0
3.695681733E1,-8.665629730E0,-1.042881317E0,1.280587006E0
3.696685733E1,-8.615034943E0,-1.762135620E0,1.028810577E0
3.697689833E1,-8.574169922E0,-2.288441162E0,-1.901046753E-1
3.698693833E1,-8.914562073E0,-2.171833649E0,-7.560777283E-1
3.699697833E1,-9.765841827E0,-1.256038055E0,-8.181985474E-1
3.700701933E1,-1.073792038E1,-1.920506287E-1,-4.340972900E-2
3.701705933E1,-1.170251450E1,8.316705322E-1,1.084345093E0
3.702710033E1,-1.217148926E1,1.540596313E0,1.892215118E0
3.703714033E1,-1.226953537E1,1.749711456E0,2.090852051E0
3.704718133E1,-1.239542358E1,1.501078491E0,1.641486511E0
3.705722133E1,-1.262654297E1,9.099577332E-1,1.197060699E0
3.706726233E1,-1.293969177E1,2.163002014E-1,5.539979553E-1
3.707730233E1,-1.329535217E1,-1.913021851E-1,-4.773573303E-1
3.708734333E1,-1.343351486E1,3.959266663E-1,-1.799108734E0
3.709738333E1,-1.352287903E1,2.185155945E0,-2.805765381E0
3.710742433E1,-1.394230682E1,3.765719147E0,-3.392994232E0
3.711746433E1,-1.402298904E1,4.069587250E0,-3.838617554E0
3.712750433E1,-1.383318375E1,3.587888947E0,-4.154011688E0
3.713754533E1,-1.352332809E1,2.941083984E0,-4.058061218E0
3.714758533E1,-1.245529907E1,1.883233795E0,-4.031266937E0
3.715762633E1,-1.144983994E1,4.876858521E-1,-4.142635345E0
3.716766633E1,-1.022867935E1,-9.401948547E-1,-4.453688507E0
3.717770733E1,-8.430468750E0,-2.903512115E0,-4.772525482E0
3.718774733E1,-7.734865265E0,-4.051774292E0,-5.046156464E0
3.719778833E1,-8.024512939E0,-4.279151459E0,-5.294490051E0
3.720782833E1,-8.704249420E0,-4.416715393E0,-4.752467194E0
3.721786933E1,-9.680070190E0,-3.861370239E0,-4.265380096E0
3.722790933E1,-1.034618500E1,-2.704276428E0,-4.085753632E0
3.723794933E1,-1.067849396E1,-1.503922577E0,-4.011358337E0
3.724799033E1,-1.096275284E1,-6.800358582E-1,-3.893852692E0
3.725803033E1,-1.099688187E1,7.768844604E-2,-3.494183807E0
3.726807133E1,-1.071965836E1,8.102650452E-1,-2.957998810E0
3.727811133E1,-1.032448013E1,1.293160858E0,-2.437381439E0
3.728815233E1,-1.001178040E1,1.704804840E0,-2.021246796E0
3.729819233E1,-9.465566254E0,1.934577026E0,-1.863774261E0
3.730823333E1,-8.888665924E0,1.860032043E0,-1.821412354E0
3.731827333E1,-8.372090149E0,1.619033203E0,-1.758393402E0
3.732831433E1,-7.994275818E0,1.323547668E0,-1.519490204E0
3.733835433E1,-7.464527435E0,1.139430542E0,-1.370998993E0
3.734839433E1,-6.892716522E0,8.660989380E-1,-1.038390656E0
3.735843533E1,-6.312672729E0,3.164419556E-1,-8.897497559E-1
3.736847533E1,-5.893244934E0,-2.917433167E-1,-6.942562866E-1
3.737851633E1,-5.548661499E0,-8.192463684E-1,-4.818479919E-1
3.738855633E1,-5.444927216E0,-1.453178101E0,-3.046165466E-1
3.739859733E1,-5.603447571E0,-2.131417694E0,9.879455566E-3
3.740863733E1,-5.993237000E0,-2.646047516E0,2.055226135E-1
3.741867833E1,-6.532864838E0,-2.815195770E0,1.028361511E-1
3.742871833E1,-6.891219635E0,-2.741099854E0,-7.544311523E-2
3.743875933E1,-7.394024048E0,-2.549348602E0,-1.896556091E-1
3.744879933E1,-8.012388153E0,-2.281705170E0,-2.851570129E-1
3.745883933E1,-8.613687744E0,-1.901046753E0,-3.552113342E-1
3.746888033E1,-9.119186554E0,-1.556014252E0,-5.513035583E-1
3.747892033E1,-9.732760620E0,-1.381626892E0,-6.140231323E-1
3.748896133E1,-9.939780121E0,-1.224154358E0,-7.120692444E-1
3.749900133E1,-9.731413422E0,-1.193019104E0,-7.637118530E-1
3.750904233E1,-9.588311005E0,-1.283580780E0,-7.174580383E-1
3.751908233E1,-9.439819794E0,-1.422791290E0,-5.104385376E-1
3.752912421E1,-9.420360260E0,-1.506167908E0,-2.658471680E-1
3.753916421E1,-9.318122864E0,-1.407373352E0,-1.471440125E-1
3.754920521E1,-9.258546753E0,-1.259331207E0,1.383123779E-1
3.755924521E1,-9.243278503E0,-9.870474243E-1,3.122506714E-1
3.756928521E1,-9.303153992E0,-6.755451965E-1,4.351451111E-1
3.757932621E1,-9.400152283E0,-4.662803650E-1,5.304968262E-1
3.758936621E1,-9.567504272E0,-3.543132019E-1,4.056564331E-1
3.759940721E1,-9.692494354E0,-5.111869812E-1,1.179547119E-1
3.760944721E1,-9.889784088E0,-1.083446960E0,-1.739382935E-1
3.761948821E1,-1.047102539E1,-1.923649750E0,-3.385958862E-1
3.762952821E1,-1.129595993E1,-2.491868134E0,-2.647993469E-1
3.763956921E1,-1.205922272E1,-2.512375488E0,5.358856201E-2
3.764960921E1,-1.269839355E1,-2.215842133E0,5.872288513E-1
3.765964921E1,-1.301573364E1,-1.819915466E0,8.484356689E-1
3.766969021E1,-1.294044022E1,-1.494641876E0,7.777825928E-1
3.767973021E1,-1.260229340E1,-1.061891785E0,4.855902100E-1
3.768977121E1,-1.208736420E1,-8.252339172E-1,-8.187973022E-2
3.769981121E1,-1.156899216E1,-1.037193146E0,-1.305435333E0
3.770985221E1,-1.118653748E1,-1.483415222E0,-2.912194061E0
3.771989221E1,-1.102756805E1,-2.541415100E0,-4.041894836E0
3.772993321E1,-1.141705811E1,-4.075275421E0,-4.749623108E0
3.773997321E1,-1.158096725E1,-5.103487244E0,-6.330785065E0
3.775001421E1,-1.129146927E1,-5.068011017E0,-7.315138092E0
3.776005421E1,-1.148067581E1,-3.975133667E0,-7.206464081E0
3.777009421E1,-1.151540359E1,-2.684218140E0,-6.859485626E0
3.778013521E1,-1.099598373E1,-1.283431091E0,-6.096971283E0
3.779017521E1,-1.057715469E1,4.465214539E-1,-5.646857300E0
3.780021621E1,-1.056697586E1,1.674567719E0,-5.345533905E0
3.781025621E1,-1.065873505E1,1.937570801E0,-4.796775055E0
3.782029721E1,-1.082279388E1,1.649719391E0,-4.473746796E0
3.783033721E1,-1.122186401E1,1.072819061E0,-4.064647522E0
3.784037821E1,-1.150986511E1,-1.019380188E-1,-3.440595245E0
3.785041821E1,-1.129835495E1,-1.495839386E0,-2.929408264E0
3.786045921E1,-1.075842773E1,-2.638712769E0,-2.440524902E0
3.787049921E1,-9.917626190E0,-3.365750885E0,-2.268083496E0
3.788053921E1,-9.019194489E0,-3.705095215E0,-2.212249603E0
3.789058021E1,-8.384963379E0,-3.693120117E0,-1.982776794E0
3.790062021E1,-7.915988617E0,-3.133883057E0,-1.837728424E0
3.791066121E1,-7.465724945E0,-2.185455322E0,-1.710343323E0
3.792070121E1,-7.013964386E0,-1.163979492E0,-1.672921143E0
3.793074221E1,-6.465355225E0,-8.006849670E-1,-1.561103668E0
3.794078221E1,-5.884712677E0,-7.494914246E-1,-1.596130829E0
3.795082321E1,-5.539829865E0,-7.897576904E-1,-1.878743134E0
3.796086321E1,-5.667664032E0,-8.801696777E-1,-2.027234344E0
3.797090321E1,-5.932313690E0,-8.328680420E-1,-2.091301117E0
3.798094421E1,-6.191275177E0,-6.866221619E-1,-2.251468048E0
3.799098421E1,-6.761888580E0,-3.722758484E-1,-2.080673218E0
3.800102521E1,-7.466174011E0,-6.840774536E-2,-1.851948853E0
3.801106521E1,-8.301586761E0,2.038760376E-1,-1.832339630E0
3.802110621E1,-9.184899902E0,4.221221924E-1,-2.114802246E0
3.803114621E1,-9.863887939E0,4.547543335E-1,-2.511776733E0
3.804118721E1,-1.033615585E1,4.613406372E-1,-2.825524292E0
3.805122721E1,-1.061742096E1,3.579057312E-1,-3.019371185E0
3.806126721E1,-1.054257660E1,7.738906860E-2,-3.040028229E0
3.807130821E1,-1.025397675E1,-3.173400879E-2,-2.764750671E0
3.808134821E1,-9.751172333E0,-2.170486450E-2,-2.498304749E0
3.809138921E1,-9.127569122E0,-8.577163696E-2,-2.230960693E0
3.810142921E1,-8.645870819E0,-3.623963928E-1,-1.868264923E0
3.811147021E1,-8.383167114E0,-5.342390442E-1,-1.545835419E0
3.812151021E1,-8.277636566E0,-4.787045288E-1,-1.416654053E0
3.813155121E1,-8.044571228E0,-4.902305603E-1,-1.297950897E0
3.814159121E1,-7.677085419E0,-5.764512634E-1,-1.240021362E0
3.815163121E1,-7.286996613E0,-5.336402893E-1,-1.418150940E0
3.816167221E1,-7.292834473E0,-2.758763123E-1,-1.516496429E0
3.817171221E1,-7.922425232E0,4.525090027E-1,-1.729952545E0
3.818175321E1,-8.794362030E0,1.125509491E0,-1.821412354E0
3.819179321E1,-9.803563385E0,1.418001251E0,-1.451830902E0
3.820183421E1,-1.042132874E1,1.338815918E0,-1.404678955E0
3.821187421E1,-1.048898804E1,1.067280579E0,-1.767524414E0
3.822191521E1,-1.060589493E1,7.836204529E-1,-2.157463531E0
3.823195521E1,-1.071621552E1,5.545967102E-1,-2.374362488E0
3.824199521E1,-1.080513062E1,4.421804810E-1,-2.453248444E0
3.825203621E1,-1.084090622E1,4.318519592E-1,-2.342628479E0
3.826207621E1,-1.094314362E1,5.864804077E-1,-1.951042786E0
3.827211721E1,-1.089853638E1,7.688012695E-1,-1.324445801E0
3.828215721E1,-1.086261108E1,1.082848206E0,-8.430468750E-1
3.829219821E1,-1.094044922E1,1.387315063E0,-6.039939880E-1
3.830223821E1,-1.087638245E1,1.548080750E0,-5.137316895E-1
3.831227921E1,-1.080887283E1,1.555864563E0,-2.757266235E-1
3.832231921E1,-1.068148773E1,1.221759338E0,1.472937012E-1
3.833236021E1,-1.040306671E1,6.878196716E-1,-3.110531616E-1
3.834240021E1,-1.020772293E1,-1.472937012E-1,-1.582808533E0
3.835244021E1,-1.047985703E1,-1.100361786E0,-2.718347168E0
3.836248121E1,-1.110390930E1,-1.792821808E0,-3.770808563E0
3.837252121E1,-1.181777481E1,-1.887874146E0,-5.048551483E0
3.838256221E1,-1.226339813E1,-1.547631683E0,-5.995781708E0
3.839260221E1,-1.192390411E1,-1.119222565E0,-6.245761871E0
3.840264321E1,-1.100301910E1,-1.180894318E0,-6.028413849E0
3.841268321E1,-9.949809265E0,-1.831740875E0,-5.432353363E0
3.842272421E1,-8.914412384E0,-2.232008514E0,-4.832251282E0
3.843276421E1,-8.135432281E0,-2.450853424E0,-3.913910980E0
3.844280421E1,-7.864645386E0,-2.346670074E0,-2.871179352E0
3.845284521E1,-7.807164917E0,-1.974094849E0,-2.412982178E0
3.846288521E1,-8.107889557E0,-1.659000092E0,-2.470612335E0
3.847292621E1,-8.800648956E0,-1.325792999E0,-2.635718994E0
3.848296621E1,-9.509724426E0,-7.457492065E-1,-2.838098145E0
3.849300721E1,-9.995763702E0,-1.892065430E-1,-2.829116821E0
3.850304721E1,-1.042342438E1,1.972897339E-1,-2.554737396E0
3.851308821E1,-1.057895096E1,5.872288513E-1,-2.325563965E0
3.852312746E1,-1.028660889E1,8.235873413E-1,-2.083367615E0
3.853316746E1,-9.976603546E0,6.788383484E-1,-2.113904114E0
3.854320846E1,-9.414971466E0,3.698808289E-1,-2.306553497E0
3.855324846E1,-8.872349854E0,-2.303709412E-1,-2.260898438E0
3.856328946E1,-8.592132568E0,-9.071136475E-1,-2.004331970E0
3.857332946E1,-8.214617615E0,-1.350192261E0,-1.727258148E0
3.858337046E1,-7.718249817E0,-1.598825226E0,-1.741179199E0
3.859341046E1,-7.335495758E0,-1.664837952E0,-1.550775146E0
3.860345146E1,-6.994055786E0,-1.648671570E0,-1.253343658E0
3.861349146E1,-6.824757843E0,-1.617087250E0,-1.037791901E0
3.862353146E1,-6.857539673E0,-1.583107910E0,-8.912466431E-1
3.863357246E1,-7.316934357E0,-1.549128571E0,-8.934919739E-1
3.864361246E1,-7.865094452E0,-1.477577362E0,-1.155147858E0
3.865365346E1,-8.454119568E0,-1.430126038E0,-1.160386963E0
3.866369346E1,-9.060358887E0,-1.363364868E0,-1.299447784E0
3.867373446E1,-9.433083801E0,-1.348845062E0,-1.437311096E0
3.868377446E1,-9.685009918E0,-1.424737244E0,-1.528621216E0
3.869381446E1,-9.727371826E0,-1.533710632E0,-1.707798615E0
3.870385546E1,-9.707612915E0,-1.695823517E0,-1.726060638E0
3.871389546E1,-9.594897308E0,-1.823208618E0,-1.651815033E0
3.872393646E1,-9.382189636E0,-1.778002625E0,-1.577120361E0
3.873397646E1,-9.167386322E0,-1.669627991E0,-1.305585022E0
3.874401746E1,-9.096433868E0,-1.611399078E0,-1.076710968E0
3.875405746E1,-9.151219940E0,-1.603764954E0,-8.113128662E-1
3.876409846E1,-9.265881500E0,-1.548080750E0,-6.697073364E-1
3.877413846E1,-9.384434967E0,-1.492995300E0,-6.192622375E-1
3.878417846E1,-9.457483063E0,-1.344953156E0,-6.426136780E-1
3.879421946E1,-9.356742554E0,-1.150657196E0,-7.063810730E-1
3.880425946E1,-9.084009705E0,-7.382647705E-1,-6.758445740E-1
3.881430046E1,-8.602311401E0,-2.544708252E-1,-6.165678406E-1
3.882434046E1,-8.055947571E0,1.221459961E-1,-4.303550720E-1
3.883438146E1,-7.768694916E0,3.043171692E-1,-7.873626709E-2
3.884442146E1,-8.024662628E0,7.723937988E-2,3.177891541E-1
3.885446246E1,-8.599916382E0,-5.228627014E-1,9.093589783E-1
3.886450246E1,-9.468709717E0,-1.164428558E0,1.176104279E0
3.887454246E1,-1.057715469E1,-1.594633942E0,9.999206543E-1
3.888458346E1,-1.162587387E1,-1.996847534E0,4.644841003E-1
3.889462346E1,-1.254481293E1,-2.436333618E0,-1.615141296E-1
3.890466446E1,-1.342109070E1,-2.839744720E0,-6.972500610E-1
3.891470446E1,-1.397164581E1,-3.165317688E0,-8.541238403E-1
3.892474546E1,-1.405113052E1,-3.395988007E0,-6.382727051E-1
3.893478546E1,-1.371178619E1,-3.561843109E0,-2.044747925E-1
3.894482646E1,-1.302202057E1,-3.578009491E0,3.302133179E-1
3.895486646E1,-1.219409225E1,-3.499273224E0,5.864804077E-1
3.896490646E1,-1.137260056E1,-3.425925751E0,5.771997070E-1
3.897494746E1,-1.058987823E1,-3.116369476E0,3.668870544E-1
3.898498746E1,-9.921667786E0,-2.579286346E0,-1.839674377E-1
3.899502846E1,-9.582772522E0,-2.361938324E0,-1.369801483E0
3.900506846E1,-9.736203461E0,-2.716251526E0,-2.831811218E0
3.901510946E1,-9.989027710E0,-3.492537231E0,-4.104165344E0
3.902514946E1,-9.868528290E0,-3.712280273E0,-4.997357941E0
3.903518946E1,-9.502689056E0,-3.056793365E0,-5.323379974E0
3.904523046E1,-9.118587799E0,-2.436333618E0,-5.545368347E0
3.905527046E1,-9.104367371E0,-1.776954803E0,-5.760321350E0
3.906531146E1,-9.112450562E0,-8.032296753E-1,-5.969735870E0
3.907535146E1,-9.167536011E0,5.409750366E-1,-5.770949249E0
3.908539246E1,-9.543554077E0,2.036365356E0,-5.360802155E0
3.909543246E1,-1.044213547E1,3.046015778E0,-4.548142090E0
3.910547346E1,-1.132829269E1,3.291205902E0,-3.603905640E0
3.911551346E1,-1.183858154E1,2.768043823E0,-3.058439941E0
3.912555346E1,-1.202374649E1,1.488953705E0,-2.889890442E0
3.913559446E1,-1.197794174E1,-9.714797974E-2,-2.876418457E0
3.914563446E1,-1.163126266E1,-1.611399078E0,-2.822829895E0
3.915567546E1,-1.100736008E1,-2.769091644E0,-2.607278137E0
3.916571546E1,-1.040022263E1,-3.419040070E0,-2.151475983E0
3.917575646E1,-9.748777313E0,-3.707490234E0,-1.686692505E0
3.918579646E1,-9.217082977E0,-3.566184082E0,-1.326840820E0
3.919583646E1,-8.607550507E0,-3.134182434E0,-1.366059265E0
3.920587746E1,-8.121511230E0,-2.668051758E0,-1.456321564E0
3.921591746E1,-7.653584290E0,-2.254012756E0,-1.554816742E0
3.922595846E1,-7.112758942E0,-1.911075897E0,-1.516047363E0
3.923599846E1,-6.801107025E0,-1.529369659E0,-1.368603973E0
3.924603946E1,-6.589147797E0,-1.036444702E0,-1.307680664E0
3.925607946E1,-6.394103394E0,-5.742059326E-1,-1.296454010E0
3.926612046E1,-6.317911835E0,-8.637039185E-2,-1.330283661E0
3.927616046E1,-6.591692505E0,4.290078735E-1,-1.361718292E0
3.928620046E1,-7.047494659E0,8.295748901E-1,-1.458866272E0
3.929624146E1,-7.567213898E0,9.448352051E-1,-1.564247131E0
3.930628146E1,-8.074059906E0,9.662406921E-1,-1.578916626E0
3.931632246E1,-8.534053345E0,9.225315857E-1,-1.431473236E0
3.932636246E1,-8.845854950E0,8.098159790E-1,-1.250349884E0
3.933640346E1,-9.047186279E0,6.671626282E-1,-1.140029297E0
3.934644346E1,-9.223369904E0,5.117857361E-1,-1.152752838E0
3.935648446E1,-9.174721069E0,4.016148376E-1,-1.229243774E0
3.936652446E1,-8.936566315E0,2.844085693E-1,-1.046773224E0
3.937656446E1,-8.703201599E0,1.634600830E-1,-9.017248535E-1
3.938660546E1,-8.550369415E0,1.281335449E-1,-7.517367554E-1
3.939664546E1,-8.405321045E0,2.228865051E-1,-6.393205261E-1
3.940668646E1,-8.252788239E0,3.814068604E-1,-6.343807983E-1
3.941672646E1,-8.120762787E0,1.619631958E-1,-4.632865906E-1
3.942676746E1,-8.141719208E0,-3.356021118E-1,-2.326162720E-1
3.943680746E1,-8.203241272E0,-9.243278503E-1,-9.595046997E-2
3.944684746E1,-8.241860962E0,-1.282682648E0,-1.197509766E-2
3.945688846E1,-8.446335754E0,-1.485061798E0,-2.959346008E-1
3.946692846E1,-9.085955658E0,-1.788181458E0,-4.882846069E-1
3.947696946E1,-9.893226929E0,-1.744622040E0,-5.201683044E-1
3.948700946E1,-1.048434769E1,-1.122066650E0,-1.367406464E0
3.949705046E1,-1.089075256E1,-3.547622681E-1,-2.013163605E0
3.950709046E1,-1.120988892E1,2.490820312E-1,-2.404000854E0
3.951713046E1,-1.185474792E1,6.526428223E-1,-2.602637787E0
3.952717133E1,-1.277518387E1,9.924362183E-1,-2.522404633E0
3.953721133E1,-1.358814331E1,1.646575928E0,-2.199376373E0
3.954725233E1,-1.413271088E1,2.409239960E0,-1.739682312E0
3.955729233E1,-1.418345535E1,3.207380219E0,-1.329235840E0
3.956733333E1,-1.356269623E1,3.875890045E0,-1.209933929E0
3.957737333E1,-1.261441818E1,3.892804871E0,-1.296304321E0
3.958741433E1,-1.186417831E1,3.457809448E0,-1.913171539E0
3.959745433E1,-1.159578644E1,3.000660095E0,-2.867586823E0
3.960749433E1,-1.168335434E1,2.662064209E0,-3.660338287E0
3.961753533E1,-1.206131836E1,2.349514160E0,-4.105811920E0
3.962757533E1,-1.221055801E1,1.634002075E0,-4.177662506E0
3.963761633E1,-1.166404449E1,4.840933228E-1,-3.824097748E0
3.964765633E1,-1.080827408E1,-3.832031250E-1,-3.473975830E0
3.965769733E1,-9.836494904E0,-1.115779724E0,-3.293301544E0
3.966773733E1,-8.669222260E0,-2.129471741E0,-3.402574310E0
3.967777733E1,-7.789651337E0,-3.114273834E0,-3.553460541E0
3.968781833E1,-7.394024048E0,-3.786226501E0,-3.398383026E0
3.969785833E1,-7.419022064E0,-3.786525879E0,-3.148103485E0
3.970789933E1,-7.710915070E0,-3.295397186E0,-2.782563629E0
3.971793933E1,-8.243806915E0,-2.704575806E0,-2.674039307E0
3.972798033E1,-8.970096588E0,-2.018103333E0,-2.603685608E0
3.973802033E1,-9.422006836E0,-1.183439026E0,-2.780917053E0
3.974806033E1,-9.598340149E0,-3.986210632E-1,-2.833757172E0
3.975810133E1,-9.490564270E0,-1.020877075E-1,-2.469414825E0
3.976814133E1,-9.359586639E0,3.326083374E-1,-2.153871002E0
3.977818233E1,-9.069190521E0,7.036866760E-1,-2.076332245E0
3.978822233E1,-8.392447815E0,5.255570984E-1,-1.704056396E0
3.979826333E1,-7.914342041E0,2.103126526E-1,-1.507215729E0
3.980830333E1,-7.941585388E0,-3.847000122E-2,-1.458417206E0
3.981834333E1,-8.348738708E0,-1.859133911E-1,-1.421743469E0
3.982838433E1,-8.839717712E0,-1.794767761E-1,-1.405876465E0
3.983842433E1,-9.028475189E0,-9.774673462E-2,-1.526824951E0
3.984846533E1,-8.946894836E0,9.834548950E-2,-1.699865112E0
3.985850533E1,-8.590186615E0,2.618055725E-1,-1.630708923E0
3.986854633E1,-8.005951538E0,2.441423035E-1,-1.366807709E0
3.987858633E1,-7.552694092E0,2.814147949E-2,-1.149309998E0
3.988862733E1,-7.387886810E0,-3.212319946E-1,-9.095086670E-1
3.989866733E1,-7.187004547E0,-7.035369873E-1,-7.012916565E-1
3.990870733E1,-7.267986145E0,-1.100361786E0,-5.331912231E-1
3.991874833E1,-7.462731171E0,-1.409618683E0,-6.759942627E-1
3.992878833E1,-7.761210480E0,-1.694476318E0,-8.762777710E-1
3.993882933E1,-8.277486877E0,-1.857337646E0,-1.174308014E0
3.994886933E1,-8.683143311E0,-1.764680328E0,-1.406774597E0
3.995891033E1,-9.199719086E0,-1.856888580E0,-1.528321838E0
3.996895033E1,-9.686207428E0,-2.094594269E0,-1.246457977E0
3.997899033E1,-9.765243073E0,-1.977837067E0,-9.247769165E-1
3.998903133E1,-9.670490112E0,-1.789528656E0,-7.312294006E-1
3.999907133E1,-9.496252441E0,-1.496138763E0,-5.992039490E-1
4.000911233E1,-9.357041931E0,-1.248254242E0,-3.953279114E-1
4.001915233E1,-9.297765198E0,-1.063837738E0,-3.611988831E-1
4.002919333E1,-9.109905853E0,-7.623646545E-1,-3.694317627E-1
4.003923333E1,-8.695268097E0,-4.995112610E-1,-3.269201660E-1
4.004927333E1,-8.222102051E0,-4.174818420E-1,-2.074685669E-1
4.005931433E1,-7.787106628E0,-4.873864746E-1,-2.525248718E-1
4.006935433E1,-7.554939423E0,-7.086264038E-1,-4.580474854E-1
4.007939533E1,-7.570656738E0,-8.059240723E-1,-5.439688110E-1
4.008943533E1,-8.092022552E0,-8.792715454E-1,-4.719685364E-1
4.009947633E1,-8.958271179E0,-8.758287048E-1,-4.514611816E-1
4.010951633E1,-1.008333160E1,-6.869215393E-1,-6.399192810E-1
4.011955633E1,-1.145822250E1,-5.643264771E-1,-8.913963318E-1
4.012959733E1,-1.277219009E1,-5.245092773E-1,-1.188678131E0
4.013963733E1,-1.358455078E1,-2.643502808E-1,-1.294208679E0
4.014967833E1,-1.381117950E1,1.393601990E-1,-1.175355835E0
4.015971833E1,-1.342228821E1,2.092648315E-1,-8.165519714E-1
4.016975933E1,-1.273731262E1,4.266128540E-2,-2.704875183E-1
4.017979933E1,-1.186432800E1,-2.607577515E-1,4.724176025E-1
4.018983933E1,-1.099493591E1,-5.447172546E-1,1.125958557E0
4.019988033E1,-1.031130753E1,-8.068222046E-1,1.656006317E0
4.020992033E1,-9.820029144E0,-1.150956573E0,1.837429047E0
4.021996133E1,-9.705517273E0,-1.642983398E0,1.079405365E0
4.023000133E1,-9.904154205E0,-2.382745056E0,-5.149291992E-2
4.024004233E1,-1.085093536E1,-3.538341980E0,-1.344803467E0
4.025008233E1,-1.215352661E1,-4.493206329E0,-2.315085754E0
4.026012233E1,-1.310479843E1,-4.865482178E0,-3.086282043E0
4.027016333E1,-1.338456665E1,-4.562811584E0,-4.528682556E0
4.028020333E1,-1.320134766E1,-4.540957031E0,-5.275629272E0
4.029024433E1,-1.230590973E1,-4.658163300E0,-5.815855865E0
4.030028433E1,-1.075273956E1,-4.183051300E0,-6.117328949E0
4.031032533E1,-8.737779694E0,-2.953957214E0,-5.685476990E0
4.032036533E1,-6.786736908E0,-1.490600281E0,-4.957241364E0
4.033040533E1,-5.708978119E0,-1.766326904E-1,-4.156855774E0
4.034044633E1,-5.478158112E0,1.151555328E0,-3.385659485E0
4.035048633E1,-6.237379303E0,1.906435547E0,-2.644251251E0
4.036052733E1,-7.561525726E0,1.822759552E0,-2.125130768E0
4.037056733E1,-8.879834290E0,1.107247467E0,-2.113904114E0
4.038060833E1,-1.029514114E1,-1.047821045E-3,-2.307002563E0
4.039064833E1,-1.173394913E1,-1.395847321E0,-2.483784943E0
4.040068833E1,-1.308459045E1,-2.816393280E0,-2.669398956E0
4.041072933E1,-1.363873810E1,-3.745211792E0,-2.926713867E0
4.042076933E1,-1.330927322E1,-4.392166443E0,-3.133883057E0
4.043081033E1,-1.238090378E1,-4.649331665E0,-3.241808624E0
4.044085033E1,-1.116617981E1,-4.749772797E0,-3.212319946E0
4.045089133E1,-1.016161880E1,-4.478237457E0,-2.589465179E0
4.046093133E1,-9.156159668E0,-3.836072845E0,-1.995500336E0
4.047097133E1,-7.964936829E0,-2.960393829E0,-1.796713715E0
4.048101233E1,-6.786138153E0,-2.063309326E0,-1.767225037E0
4.049105233E1,-5.923332367E0,-1.283431091E0,-1.577719116E0
4.050109333E1,-5.573360138E0,-5.456153870E-1,-1.186881866E0
4.051113333E1,-5.910908203E0,2.763253784E-1,-5.748046875E-1
4.052117433E1,-6.534511414E0,1.036594391E0,-1.297801208E-1
4.053121517E1,-7.082521820E0,1.502874756E0,5.613327026E-2
4.054125517E1,-7.701484680E0,1.911375275E0,-1.904040527E-1
4.055129617E1,-8.109386444E0,2.242187347E0,-4.662803650E-1
4.056133617E1,-8.272547150E0,2.399360504E0,-5.620811462E-1
4.057137717E1,-8.433013458E0,2.256108398E0,-7.831713867E-1
4.058141717E1,-8.384065247E0,1.877695312E0,-8.008346558E-1
4.059145817E1,-8.118667145E0,1.297052765E0,-6.650669861E-1
4.060149817E1,-8.098159790E0,5.601351929E-1,-5.828878784E-1
4.061153817E1,-8.428672485E0,-8.053253174E-2,-5.538482666E-1
4.062157917E1,-8.754395142E0,-7.321275330E-1,-6.465055847E-1
4.063161917E1,-8.807235260E0,-8.452922058E-1,-7.421566772E-1
4.064166017E1,-8.535400543E0,-7.354206848E-1,-7.426057434E-1
4.065170017E1,-8.207881622E0,-7.382647705E-1,-6.965016174E-1
4.066174117E1,-7.798782349E0,-8.340655518E-1,-4.061054993E-1
4.067178117E1,-7.508086853E0,-6.487509155E-1,-1.453477478E-1
4.068182117E1,-7.648794250E0,-5.343887329E-1,5.592370605E-1
4.069186217E1,-8.078251190E0,-6.135740662E-1,1.301543427E0
4.070190217E1,-8.561745758E0,-7.517367554E-1,1.379231873E0
4.071194317E1,-8.938811646E0,-9.949809265E-1,9.639953613E-1
4.072198317E1,-9.320817261E0,-1.218017120E0,2.513273621E-1
4.073202417E1,-9.905202026E0,-9.346563721E-1,-6.471043396E-1
4.074206417E1,-1.060888870E1,-3.517684937E-2,-1.207389221E0
4.075210417E1,-1.141511215E1,9.084608459E-1,-1.302591248E0
4.076214517E1,-1.213616272E1,1.403032379E0,-1.230141907E0
4.077218517E1,-1.291529251E1,1.651365967E0,-1.000669098E0
4.078222617E1,-1.330283661E1,1.748364258E0,-6.069877625E-1
4.079226617E1,-1.348381027E1,1.778900757E0,-8.232879639E-2
4.080230717E1,-1.385922958E1,1.880689087E0,3.237767029E-1
4.081234717E1,-1.367630997E1,1.678459625E0,6.512956238E-1
4.082238717E1,-1.313922684E1,1.451531525E0,9.134005737E-1
4.083242817E1,-1.235186417E1,1.387015686E0,6.439608765E-1
4.084246817E1,-1.145927032E1,1.530567169E0,-3.023712158E-2
4.085250917E1,-1.091575058E1,1.881287842E0,-1.076112213E0
4.086254917E1,-1.112785950E1,2.620151367E0,-2.121687927E0
4.087259017E1,-1.189815765E1,4.027225342E0,-3.442092133E0
4.088263017E1,-1.274734177E1,5.265300751E0,-5.159321136E0
4.089267017E1,-1.323562637E1,5.203928375E0,-6.315816193E0
4.090271117E1,-1.354398514E1,3.915108490E0,-6.026018829E0
4.091275117E1,-1.309387115E1,1.843715973E0,-5.294939117E0
4.092279217E1,-1.160791122E1,-5.242098999E-1,-5.063520355E0
4.093283217E1,-1.046503784E1,-2.420616302E0,-5.227279816E0
4.094287317E1,-9.577982483E0,-3.343147888E0,-5.294340363E0
4.095291317E1,-8.579409027E0,-3.830833740E0,-4.804259491E0
4.096295317E1,-8.063881073E0,-4.003873901E0,-4.073179779E0
4.097299417E1,-7.842042389E0,-4.087699585E0,-3.570674744E0
4.098303417E1,-7.840844879E0,-4.100572815E0,-3.116519165E0
4.099307517E1,-8.175399170E0,-3.372786255E0,-2.654579773E0
4.100311517E1,-8.171357574E0,-2.214644623E0,-2.257156219E0
4.101315617E1,-8.005352783E0,-1.216220856E0,-1.809437256E0
4.102319617E1,-7.962990875E0,-5.080435181E-1,-1.609153748E0
4.103323617E1,-8.082891541E0,3.312611389E-1,-1.484163666E0
4.104327717E1,-8.274642792E0,1.332528992E0,-1.435215454E0
4.105331717E1,-8.402926025E0,2.180365906E0,-1.658251648E0
4.106335817E1,-8.501271515E0,2.561024323E0,-1.646875305E0
4.107339817E1,-8.873697052E0,2.293979645E0,-1.760039978E0
4.108343817E1,-8.919052734E0,1.870959320E0,-1.914818115E0
4.109347917E1,-9.048383789E0,1.346300354E0,-1.737137604E0
4.110351917E1,-9.125772858E0,8.818162537E-1,-1.835932159E0
4.111356017E1,-8.753946075E0,5.614823914E-1,-2.026336212E0
4.112360017E1,-8.228838043E0,2.903961182E-1,-2.149979095E0
4.113364117E1,-7.711813202E0,1.347198486E-3,-2.098486176E0
4.114368117E1,-7.619305573E0,-3.608995056E-1,-1.674268341E0
4.115372117E1,-7.635771332E0,-8.870553589E-1,-1.415007477E0
4.116376217E1,-7.720046082E0,-1.614692230E0,-1.117276611E0
4.117380217E1,-8.039182434E0,-2.434088287E0,-5.352868652E-1
4.118384317E1,-8.478518829E0,-3.153791656E0,-4.104464722E-1
4.119388317E1,-8.678652649E0,-3.435505829E0,-3.029699707E-1
4.120392417E1,-8.877588959E0,-3.258873138E0,-2.933898926E-2
4.121396417E1,-8.777746582E0,-2.722388763E0,1.501377869E-1
4.122400417E1,-8.611442413E0,-2.040107574E0,2.564167786E-1
4.123404517E1,-8.368796997E0,-1.351389771E0,1.395098877E-1
4.124408517E1,-8.276888123E0,-7.512876892E-1,3.200344849E-1
4.125412617E1,-8.158334656E0,-2.568658447E-1,5.882766724E-1
4.126416617E1,-7.757318573E0,-8.981323242E-3,8.361611938E-1
4.127420617E1,-7.093748474E0,-3.085084534E-1,8.562194824E-1
4.128424717E1,-6.583160248E0,-9.211843872E-1,7.569758606E-1
4.129428717E1,-6.551126862E0,-1.435814209E0,8.933422852E-1
4.130432817E1,-6.973249054E0,-2.048190765E0,1.511107635E0
4.131436817E1,-7.748936005E0,-2.830164642E0,1.947599945E0
4.132440917E1,-8.799900513E0,-3.710334320E0,2.007625122E0
4.133444917E1,-9.970915375E0,-4.271517334E0,1.645977173E0
4.134448917E1,-1.104223755E1,-3.858077087E0,6.357279968E-1
4.135453017E1,-1.192629913E1,-2.625240784E0,-3.438349915E-1
4.136457017E1,-1.255903336E1,-1.252894592E0,-6.780899048E-1
4.137461117E1,-1.304896454E1,-1.639091492E-1,-5.822891235E-1
4.138465117E1,-1.337663315E1,9.488768005E-1,-5.742059326E-1
4.139469217E1,-1.354293732E1,1.910177765E0,-4.381388855E-1
4.140473217E1,-1.357781479E1,2.322121124E0,-3.412902832E-2
4.141477217E1,-1.313264053E1,2.436333618E0,6.391708374E-1
4.142481317E1,-1.255214767E1,2.212698669E0,1.415007477E0
4.143485317E1,-1.167497177E1,1.650916901E0,2.021546173E0
4.144489417E1,-1.042327469E1,7.150630188E-1,2.380350037E0
4.145493417E1,-9.518556061E0,2.649490356E-2,1.495540009E0
4.146497517E1,-9.022038574E0,-7.837701416E-1,-7.309300232E-1
4.147501517E1,-9.734107819E0,-2.692451019E0,-2.502795410E0
4.148505517E1,-1.162407761E1,-4.274062042E0,-3.150348816E0
4.149509617E1,-1.277503418E1,-4.521198120E0,-4.611909485E0
4.150513617E1,-1.291214905E1,-4.383634186E0,-6.183341675E0
4.151517717E1,-1.284778290E1,-4.666545868E0,-6.123615875E0
4.152521717E1,-1.195863190E1,-4.911137238E0,-5.377118225E0
4.153525704E1,-1.029798523E1,-4.577481079E0,-5.043312378E0
4.154529804E1,-8.865763550E0,-3.813170471E0,-4.854704590E0
4.155533804E1,-8.606951752E0,-2.666554871E0,-4.251908112E0
4.156537904E1,-8.938362579E0,-1.460512848E0,-3.590283966E0
4.157541904E1,-9.417965240E0,-6.122268677E-1,-2.895728302E0
4.158546004E1,-9.995614014E0,-8.337661743E-2,-2.053729248E0
4.159550004E1,-1.047312103E1,-5.134323120E-2,-1.260229340E0
4.160554004E1,-1.094763428E1,-5.017565918E-1,-3.734733582E-1
4.161558104E1,-1.119776413E1,-1.092577972E0,-3.682342529E-2
4.162562104E1,-1.117725677E1,-1.962419128E0,-6.132746887E-1
4.163566204E1,-1.128473328E1,-2.734812927E0,-1.012344818E0
4.164570204E1,-1.115824631E1,-2.993175659E0,-1.433419189E0
4.165574304E1,-1.083671494E1,-2.796334991E0,-1.899400177E0
4.166578304E1,-1.028780640E1,-2.317780151E0,-2.297721863E0
4.167582304E1,-9.434281311E0,-1.836231537E0,-2.394570465E0
4.168586404E1,-8.290360107E0,-1.210083618E0,-2.289488983E0
4.169590404E1,-7.143445129E0,-8.454418945E-1,-2.080673218E0
4.170594504E1,-6.140979767E0,-6.219566345E-1,-1.844464417E0
4.171598504E1,-5.141059113E0,-3.818559265E-1,-1.377136230E0
4.172602504E1,-4.534969482E0,5.448669434E-2,-9.848020935E-1
4.173606604E1,-4.547393646E0,5.872288513E-1,-7.827223206E-1
4.174610604E1,-5.130580902E0,9.759704590E-1,-1.865121460E-1
4.175614704E1,-6.198909302E0,1.250798950E0,1.860630798E-1
4.176618704E1,-7.645950165E0,1.358125763E0,-1.511856079E-2
4.177622804E1,-9.053173828E0,1.633702698E0,-4.444258118E-1
4.178626804E1,-9.983638916E0,2.031725006E0,-8.623567200E-1
4.179630804E1,-9.840985565E0,1.989213409E0,-1.372944946E0
4.180634904E1,-9.526339874E0,1.439107361E0,-1.114731903E0
4.181638904E1,-8.938661957E0,9.659413147E-1,-7.629634094E-1
4.182643004E1,-8.491990814E0,7.071295166E-1,-4.201762390E-1
4.183647004E1,-8.461304626E0,4.375401306E-1,-9.400451660E-2
4.184651004E1,-8.552465057E0,2.918930054E-1,-1.272354126E-2
4.185655104E1,-8.497828674E0,8.128097534E-2,9.804611206E-2
4.186659104E1,-8.192463684E0,-7.170089722E-2,4.592449951E-1
4.187663204E1,-7.752229156E0,-1.633103943E-1,8.675958252E-1
4.188667204E1,-7.396419067E0,-3.213816833E-1,1.274749146E0
4.189671304E1,-7.221582642E0,-4.900808716E-1,1.195713501E0
4.190675304E1,-7.408543854E0,-6.707551575E-1,1.083147583E0
4.191679304E1,-7.976612549E0,-7.713459778E-1,9.877958679E-1
4.192683404E1,-8.550519104E0,-6.402186584E-1,8.689430237E-1
4.193687404E1,-9.079519043E0,-3.546125793E-1,5.857319641E-1
4.194691504E1,-9.642348633E0,-1.107696533E-2,-2.065704346E-1
4.195695504E1,-1.016655853E1,2.845582581E-1,-6.635700989E-1
4.196699504E1,-1.068133804E1,6.050418091E-1,-8.657995605E-1
4.197703604E1,-1.136840927E1,1.076411591E0,-8.921447754E-1
4.198707604E1,-1.238150253E1,1.475182343E0,-6.554869080E-1
4.199711704E1,-1.338292007E1,1.878144379E0,-2.731819153E-1
4.200715704E1,-1.382060989E1,2.123633881E0,5.649252319E-1
4.201719804E1,-1.381058075E1,1.987117767E0,1.735790405E0
4.202723804E1,-1.359577744E1,1.564097443E0,2.956651611E0
4.203727804E1,-1.315105225E1,8.509803772E-1,3.633244629E0
4.204731904E1,-1.236428833E1,1.047821045E-1,3.747157745E0
4.205735904E1,-1.096469879E1,-6.265969849E-1,2.772235107E0
4.206740004E1,-9.359886017E0,-1.021026764E0,-3.412902832E-2
4.207744004E1,-8.525820465E0,-2.734812927E-1,-2.785707092E0
4.208748004E1,-9.324260101E0,1.633403320E0,-4.557722168E0
4.209752104E1,-1.102322708E1,3.224893799E0,-6.959777069E0
4.210756104E1,-1.299193314E1,3.957320709E0,-8.610394592E0
4.211760204E1,-1.449031723E1,4.038751373E0,-8.303682404E0
4.212764204E1,-1.506871445E1,3.331771545E0,-7.243437195E0
4.213768304E1,-1.480137039E1,1.878593445E0,-6.312822418E0
4.214772304E1,-1.378648087E1,5.029541016E-2,-5.474715271E0
4.215776304E1,-1.247984802E1,-1.298849030E0,-5.085374908E0
4.216780404E1,-1.089644073E1,-2.203268280E0,-4.580175476E0
4.217784404E1,-9.535470886E0,-2.744393005E0,-4.407135315E0
4.218788504E1,-9.107810211E0,-3.152594147E0,-3.654201050E0
4.219792504E1,-9.221573639E0,-3.003953247E0,-2.580334167E0
4.220796504E1,-9.014703827E0,-2.087858276E0,-1.975741425E0
4.221800604E1,-8.846753082E0,-1.250649261E0,-1.694775696E0
4.222804604E1,-8.449628906E0,-9.473799133E-1,-1.431622925E0
4.223808704E1,-8.092172241E0,-9.833052063E-1,-8.599617004E-1
4.224812704E1,-8.028404846E0,-1.168470154E0,-6.803352356E-1
4.225816804E1,-8.029901733E0,-1.221609650E0,-7.560777283E-1
4.226820804E1,-8.165370026E0,-9.343569946E-1,-6.307882690E-1
4.227824804E1,-8.364306335E0,-5.623805237E-1,-6.183641052E-1
4.228828904E1,-8.521180115E0,-1.158590698E-1,-7.003935242E-1
4.229832904E1,-8.555458832E0,2.177970886E-1,-9.508227539E-1
4.230837004E1,-8.824599152E0,5.034031677E-1,-1.276844788E0
4.231841004E1,-9.022637329E0,6.050418091E-1,-1.582509155E0
4.232845004E1,-8.810678101E0,5.080435181E-1,-1.592687988E0
4.233849104E1,-8.250093842E0,3.040177917E-1,-1.276246033E0
4.234853104E1,-7.448510742E0,-8.786727905E-2,-1.191671906E0
4.235857204E1,-6.982679443E0,-3.496728516E-1,-1.033450928E0
4.236861204E1,-6.583759003E0,-3.826043701E-1,-9.327104187E-1
4.237865304E1,-6.468199310E0,-5.453160095E-1,-6.137237549E-1
4.238869304E1,-6.886579285E0,-1.041234741E0,-6.421646118E-2
4.239873304E1,-7.730823669E0,-1.698068848E0,3.076103210E-1
4.240877404E1,-8.146509247E0,-2.215393066E0,4.954696655E-1
4.241881404E1,-8.401578827E0,-2.562670898E0,9.270222473E-1
4.242885504E1,-8.737929382E0,-2.627336426E0,9.678872681E-1
4.243889504E1,-8.698860626E0,-2.333347778E0,6.089337158E-1
4.244893504E1,-8.392747192E0,-2.081870728E0,4.523593140E-1
4.245897604E1,-8.112230530E0,-1.747615814E0,4.213737488E-1
4.246901604E1,-7.764503632E0,-1.434167633E0,5.020559692E-1
4.247905704E1,-7.689808960E0,-1.154998169E0,4.418811035E-1
4.248909704E1,-7.745044098E0,-8.776249695E-1,2.294728088E-1
4.249913704E1,-7.654931488E0,-8.593629456E-1,2.646496582E-1
4.250917804E1,-7.352859650E0,-1.114731903E0,7.661068726E-1
4.251921804E1,-7.079378357E0,-1.738335114E0,1.336271210E0
4.252925867E1,-7.090904388E0,-2.389181671E0,1.479822693E0
4.253929867E1,-7.585026855E0,-2.985092468E0,1.335223389E0
4.254933967E1,-8.660989380E0,-3.244053955E0,1.015937347E0
4.255937967E1,-1.002510269E1,-2.685565338E0,7.020401001E-1
4.256941967E1,-1.105690704E1,-1.535207520E0,4.206253052E-1
4.257946067E1,-1.167601959E1,-4.963677979E-1,3.200344849E-1
4.258950067E1,-1.201626205E1,6.795867920E-2,3.553610229E-1
4.259954167E1,-1.234153564E1,4.864883423E-2,8.277786255E-2
4.260958167E1,-1.277877640E1,-4.511618042E-1,-1.496887207E-1
4.261962167E1,-1.334684509E1,-1.087039490E0,-4.176315308E-2
4.262966267E1,-1.362796051E1,-1.492097168E0,3.101550293E-1
4.263970267E1,-1.348306183E1,-1.701511688E0,6.532415771E-1
4.264974367E1,-1.315703979E1,-1.660496979E0,1.295406189E0
4.265978367E1,-1.251816833E1,-1.205143890E0,2.129172363E0
4.266982367E1,-1.137424713E1,-9.186396790E-1,2.780617676E0
4.267986467E1,-9.914482727E0,-1.240919495E0,2.681523743E0
4.268990467E1,-8.936117249E0,-1.556762695E0,5.249583435E-1
4.269994567E1,-9.344468079E0,-2.629581757E0,-1.334774323E0
4.270998567E1,-1.077549225E1,-4.098926239E0,-1.829046478E0
4.272002667E1,-1.192510162E1,-4.790039062E0,-3.091221771E0
4.273006667E1,-1.251352798E1,-4.896617432E0,-5.047054596E0
4.274010667E1,-1.292577072E1,-4.683460693E0,-6.442901917E0
4.275014767E1,-1.290646088E1,-4.099974060E0,-6.872358856E0
4.276018767E1,-1.185699326E1,-3.189118195E0,-6.730453949E0
4.277022867E1,-1.049198181E1,-2.256108398E0,-6.275849304E0
4.278026867E1,-9.934241638E0,-1.354233856E0,-5.470823364E0
4.279030867E1,-1.003438339E1,-6.171665955E-1,-4.647535400E0
4.280034967E1,-1.023721161E1,-3.442840576E-2,-3.744912415E0
4.281038967E1,-1.053569092E1,6.239025879E-1,-2.819536743E0
4.282043067E1,-1.067220703E1,9.008267212E-1,-2.035766602E0
4.283047067E1,-1.071636520E1,4.376898193E-1,-1.493893433E0
4.284051167E1,-1.066442322E1,-6.843768311E-1,-1.152303772E0
4.285055167E1,-1.039169037E1,-2.166444855E0,-8.008346558E-1
4.286059167E1,-9.740694122E0,-3.400029602E0,-5.908213806E-1
4.287063267E1,-9.371711426E0,-3.883673859E0,-6.683601379E-1
4.288067267E1,-9.101223907E0,-3.687731323E0,-9.440867615E-1
4.289071367E1,-8.983867950E0,-3.094365234E0,-1.012943573E0
4.290075367E1,-8.867410126E0,-2.713407440E0,-1.172362061E0
4.291079367E1,-8.514893188E0,-2.365530853E0,-1.481020203E0
4.292083467E1,-7.933502197E0,-1.983824615E0,-1.694925385E0
4.293087467E1,-7.156767426E0,-1.749112701E0,-1.706900482E0
4.294091567E1,-6.643933868E0,-1.479523315E0,-1.630409546E0
4.295095567E1,-6.367009735E0,-1.082548828E0,-1.409319305E0
4.296099567E1,-6.428082733E0,-6.228547668E-1,-1.237177277E0
4.297103667E1,-6.959028625E0,2.155517578E-2,-1.163380737E0
4.298107667E1,-7.579638062E0,8.261320496E-1,-1.293759613E0
4.299111767E1,-8.034093018E0,1.325194244E0,-1.224004669E0
4.300115767E1,-8.396788788E0,1.449136505E0,-1.221010895E0
4.301119767E1,-8.443641357E0,1.308279419E0,-1.241218872E0
4.302123867E1,-8.198451233E0,1.061293030E0,-1.046922913E0
4.303127867E1,-7.887547760E0,9.225315857E-1,-7.360194397E-1
4.304131967E1,-7.635921021E0,9.952803040E-1,-5.394781494E-1
4.305135967E1,-7.596253510E0,1.234183502E0,-2.529739380E-1
4.306140067E1,-7.661517792E0,1.475781097E0,-1.245410156E-1
4.307144067E1,-7.807913361E0,1.632205811E0,-2.682421875E-1
4.308148067E1,-8.034542084E0,1.569336548E0,-3.282673645E-1
4.309152167E1,-8.256829834E0,1.195114746E0,-2.149530029E-1
4.310156167E1,-8.302335205E0,6.744973755E-1,-1.196012878E-1
4.311160267E1,-8.132887573E0,1.546284485E-1,1.526824951E-2
4.312164267E1,-8.032895508E0,5.927673340E-2,3.552113342E-1
4.313168267E1,-8.048014069E0,5.852828979E-1,9.627978516E-1
4.314172367E1,-8.269104309E0,1.390308838E0,1.948498077E0
4.315176367E1,-8.935668182E0,1.832489319E0,2.753374329E0
4.316180467E1,-9.744586029E0,1.492995300E0,3.006647644E0
4.317184467E1,-1.028765671E1,5.092410278E-1,2.239343262E0
4.318188467E1,-1.066337540E1,-5.807922363E-1,7.867639160E-1
4.319192567E1,-1.093535980E1,-1.813778229E0,-4.378395081E-1
4.320196567E1,-1.119985977E1,-3.109783173E0,-9.722282410E-1
4.321200667E1,-1.135329071E1,-3.748954010E0,-9.556127930E-1
4.322204667E1,-1.155402328E1,-3.645668793E0,-7.758366394E-1
4.323208667E1,-1.195818283E1,-3.218157806E0,-3.706292725E-1
4.324212767E1,-1.259226425E1,-2.712359619E0,7.783813477E-1
4.325216767E1,-1.319341415E1,-2.051633606E0,1.994003448E0
4.326220867E1,-1.363110397E1,-1.412462769E0,2.211950226E0
4.327224867E1,-1.350072510E1,-7.557783508E-1,1.491049347E0
4.328228967E1,-1.298070648E1,2.604583740E-2,1.712438965E-1
4.329232967E1,-1.267324585E1,7.870632935E-1,-1.565594330E0
4.330236967E1,-1.308803329E1,1.855242004E0,-2.302212524E0
4.331241067E1,-1.388482635E1,3.506009216E0,-2.277513885E0
4.332245067E1,-1.438882828E1,4.951403503E0,-2.204166412E0
4.333249167E1,-1.384231476E1,4.807852020E0,-2.337688751E0
4.334253167E1,-1.254346573E1,3.488196259E0,-2.896476746E0
4.335257167E1,-1.122994720E1,2.599344635E0,-3.525169373E0
4.336261267E1,-1.017943176E1,1.772015076E0,-3.632496185E0
4.337265267E1,-9.303603058E0,7.258406067E-1,-3.800297241E0
4.338269367E1,-8.474776611E0,1.380130005E-1,-4.432881775E0
4.339273367E1,-7.927065582E0,7.753875732E-2,-4.251758423E0
4.340277367E1,-8.244255981E0,2.338137817E-1,-3.774999847E0
4.341281467E1,-8.791967010E0,5.556445312E-1,-3.542084198E0
4.342285467E1,-9.355844421E0,8.081694031E-1,-3.423231354E0
4.343289567E1,-9.711055756E0,9.473799133E-1,-3.466192017E0
4.344293567E1,-9.788744202E0,7.957452393E-1,-3.353027344E0
4.345297667E1,-9.694739685E0,4.682263184E-1,-2.829865265E0
4.346301667E1,-9.398056641E0,1.640588379E-1,-2.303559723E0
4.347305667E1,-9.128616943E0,-9.654922485E-2,-1.915716248E0
4.348309767E1,-8.996741180E0,-2.637515259E-1,-1.371597748E0
4.349313767E1,-8.817114716E0,-2.951861572E-1,-1.214723969E0
4.350317867E1,-8.616232452E0,-2.609074402E-1,-1.243464203E0
4.351321867E1,-8.607400818E0,-3.805087280E-1,-8.692424011E-1
4.352325867E1,-8.729097748E0,-7.203021240E-1,-3.977229309E-1
4.353329917E1,-8.890761566E0,-9.324110413E-1,-3.074606323E-1
4.354333917E1,-8.709638214E0,-9.520202637E-1,-5.191204834E-1
4.355338017E1,-7.998766479E0,-9.271719360E-1,-5.896238708E-1
4.356342017E1,-7.271578674E0,-9.053173828E-1,-3.776646423E-1
4.357346017E1,-6.764732666E0,-1.000669098E0,-3.767665100E-1
4.358350117E1,-6.686295776E0,-1.390159149E0,-2.748284912E-1
4.359354117E1,-6.827751617E0,-1.730251923E0,-2.754272461E-1
4.360358217E1,-7.079528046E0,-1.787433014E0,-2.615061951E-1
4.361362217E1,-7.338190155E0,-1.688488770E0,-1.359173584E-1
4.362366217E1,-7.780520325E0,-1.592837677E0,4.221221924E-2
4.363370317E1,-7.810458069E0,-1.418600006E0,8.906478882E-2
4.364374317E1,-7.932604065E0,-1.165027313E0,3.573069763E-1
4.365378417E1,-8.131390686E0,-1.017434235E0,3.933819580E-1
4.366382417E1,-8.265062714E0,-1.086141357E0,3.324586487E-1
4.367386417E1,-8.446335754E0,-1.150357819E0,2.939886475E-1
4.368390517E1,-8.355624390E0,-1.012344818E0,7.723937988E-2
4.369394517E1,-8.267308044E0,-7.976911926E-1,1.573228455E-1
4.370398617E1,-8.421188049E0,-4.472698975E-1,4.155358887E-1
4.371402617E1,-8.881331177E0,-2.404000854E-1,5.249583435E-1
4.372406617E1,-9.074279938E0,-2.348616028E-1,4.969665527E-1
4.373410717E1,-8.772208099E0,-5.327421570E-1,5.490582275E-1
4.374414717E1,-8.472980347E0,-1.015188904E0,9.092092896E-1
4.375418817E1,-8.437953186E0,-1.791175232E0,1.179098053E0
4.376422817E1,-8.604556732E0,-2.476300507E0,1.265468445E0
4.377426917E1,-9.118737488E0,-2.821482697E0,1.064885559E0
4.378430917E1,-9.704170074E0,-2.565215607E0,7.656578064E-1
4.379434917E1,-1.027044250E1,-1.885628815E0,3.275189209E-1
4.380439017E1,-1.077414505E1,-1.380429382E0,-2.844085693E-2
4.381443017E1,-1.139655075E1,-1.072968750E0,-2.894979858E-1
4.382447117E1,-1.207823318E1,-8.646020508E-1,-2.402503967E-1
4.383451117E1,-1.254855515E1,-5.816903687E-1,2.782713318E-1
4.384455117E1,-1.267429367E1,-3.245251465E-1,7.869136047E-1
4.385459217E1,-1.243119919E1,-1.981878662E-1,1.037193146E0
4.386463217E1,-1.215846634E1,-2.884501648E-1,1.373843079E0
4.387467317E1,-1.204140976E1,-3.538641357E-1,1.648821259E0
4.388471317E1,-1.175236084E1,-4.430786133E-1,1.440155182E0
4.389475317E1,-1.125479553E1,-8.523275757E-1,3.926335144E-1
4.390479417E1,-1.119492004E1,-1.589394836E0,-1.000818787E0
4.391483417E1,-1.231279541E1,-2.748733978E0,-2.048639832E0
4.392487517E1,-1.363948654E1,-3.012335815E0,-3.545227661E0
4.393491517E1,-1.461575638E1,-2.488874359E0,-5.313949585E0
4.394495517E1,-1.532767593E1,-2.137704620E0,-6.456822968E0
4.395499617E1,-1.539159302E1,-2.205812988E0,-6.611002350E0
4.396503617E1,-1.416369644E1,-2.276765442E0,-6.525679779E0
4.397507717E1,-1.175939621E1,-2.046693878E0,-5.965245209E0
4.398511717E1,-9.514813843E0,-1.933379517E0,-4.991520081E0
4.399515717E1,-8.191864929E0,-1.995200958E0,-4.418960724E0
4.400519817E1,-7.702233124E0,-1.773362274E0,-3.932472382E0
4.401523817E1,-7.473658447E0,-1.343306580E0,-3.337459717E0
4.402527917E1,-7.486531677E0,-9.104067993E-1,-2.634970551E0
4.403531917E1,-7.708969116E0,-5.565426636E-1,-2.043251038E0
4.404535917E1,-8.113577728E0,-7.252418518E-1,-1.607656860E0
4.405540017E1,-8.533155212E0,-1.315015411E0,-1.385818176E0
4.406544017E1,-8.874445496E0,-1.929038544E0,-1.153950348E0
4.407548117E1,-9.280550995E0,-2.300715637E0,-1.344504089E0
4.408552117E1,-9.466614075E0,-2.460583191E0,-1.655257874E0
4.409556217E1,-9.517059174E0,-2.395169220E0,-1.855990448E0
4.410560217E1,-9.419312439E0,-2.317331085E0,-1.987267456E0
4.411564217E1,-9.209748230E0,-2.253414001E0,-2.116748199E0
4.412568317E1,-9.020691376E0,-2.100282440E0,-2.018103333E0
4.413572317E1,-8.688232727E0,-1.916015625E0,-1.846709747E0
4.414576417E1,-8.056246948E0,-1.695374451E0,-1.586401062E0
4.415580417E1,-7.317832489E0,-1.514550476E0,-1.365759888E0
4.416584417E1,-6.768474884E0,-1.317111053E0,-1.110540619E0
4.417588517E1,-6.564299469E0,-9.770182800E-1,-9.229806519E-1
4.418592517E1,-6.519392853E0,-5.878276062E-1,-7.517367554E-1
4.419596617E1,-6.773115234E0,-2.598596191E-1,-6.411167908E-1
4.420600617E1,-7.357799377E0,-5.239105225E-3,-5.523513794E-1
4.421604617E1,-7.988288269E0,1.701960754E-1,-4.454736328E-1
4.422608717E1,-8.473130035E0,4.487667847E-1,-5.081932068E-1
4.423612717E1,-8.614585876E0,6.650669861E-1,-5.373825073E-1
4.424616817E1,-8.422834625E0,6.035449219E-1,-5.071453857E-1
4.425620817E1,-8.150850220E0,5.227130127E-1,-4.062551880E-1
4.426624817E1,-8.029452667E0,5.420228577E-1,-2.004331970E-1
4.427628917E1,-8.259075165E0,7.617658997E-1,3.592529297E-3
4.428632917E1,-8.488248596E0,9.262738037E-1,1.604663086E-1
4.429637017E1,-8.635542297E0,8.665480042E-1,1.942959595E-1
4.430641017E1,-8.843010864E0,7.526348877E-1,3.891906738E-2
4.431645017E1,-9.025032349E0,8.195457458E-1,2.574645996E-2
4.432649117E1,-9.016500092E0,9.683363342E-1,-2.709365845E-2
4.433653117E1,-8.935668182E0,1.052910461E0,-2.978805542E-2
4.434657217E1,-8.746311951E0,1.079555054E0,1.329235840E-1
4.435661217E1,-8.389304352E0,1.083446960E0,2.384541321E-1
4.436665217E1,-8.148455200E0,9.098080444E-1,4.703219604E-1
4.437669317E1,-8.139623566E0,6.599775696E-1,6.418652344E-1
4.438673317E1,-8.476722565E0,3.959266663E-1,8.997789001E-1
4.439677417E1,-8.835077362E0,1.474433899E-1,7.716453552E-1
4.440681417E1,-9.203311615E0,3.861968994E-2,5.161267090E-1
4.441685417E1,-9.715097351E0,5.149291992E-2,5.830375671E-1
4.442689517E1,-1.042192749E1,4.730163574E-1,6.321354675E-1
4.443693517E1,-1.130015121E1,9.951306152E-1,4.900808716E-1
4.444697617E1,-1.221400085E1,9.949809265E-1,1.624122620E-1
4.445701617E1,-1.328307770E1,6.424639893E-1,1.032852173E-1
4.446705717E1,-1.429392563E1,8.307723999E-2,4.056564331E-1
4.447709717E1,-1.489447678E1,-6.703060913E-1,8.452922058E-1
4.448713717E1,-1.495046036E1,-1.464554443E0,1.285676422E0
4.449717817E1,-1.437610474E1,-2.165546722E0,1.740430756E0
4.450721817E1,-1.332334396E1,-2.407144318E0,2.200723572E0
4.451725917E1,-1.168844376E1,-1.630409546E0,1.443298645E0
4.452729917E1,-1.026699966E1,-1.806742859E-1,-1.002914429E-1
4.453733954E1,-9.423054657E0,9.243278503E-1,-1.095571747E0
4.454738054E1,-9.875264282E0,1.695224762E0,-1.513802032E0
4.455742054E1,-1.134326157E1,2.329755249E0,-3.182382202E0
4.456746154E1,-1.201072357E1,2.507286072E0,-5.027145996E0
4.457750154E1,-1.225456650E1,2.525099030E0,-5.969586182E0
4.458754154E1,-1.261756165E1,2.243833923E0,-6.188880157E0
4.459758254E1,-1.228195953E1,1.632505188E0,-6.178551636E0
4.460762254E1,-1.129476242E1,9.403445435E-1,-5.911656647E0
4.461766354E1,-1.031834290E1,2.390528870E-1,-5.578299866E0
4.462770354E1,-9.535021820E0,-4.340972900E-3,-5.302423553E0
4.463774354E1,-9.113498383E0,-2.008822632E-1,-4.601880341E0
4.464778454E1,-9.131910095E0,-4.550537109E-1,-4.316423950E0
4.465782454E1,-9.359586639E0,-5.797444153E-1,-4.419709167E0
4.466786554E1,-9.622140656E0,-4.578977966E-1,-4.268074493E0
4.467790554E1,-9.771829376E0,-1.417552185E-1,-3.863914948E0
4.468794554E1,-9.778415680E0,1.898052979E-1,-3.477568359E0
4.469798654E1,-9.696685638E0,2.975811768E-1,-2.828967133E0
4.470802654E1,-9.658964081E0,4.228706360E-1,-2.080224152E0
4.471806754E1,-9.510323181E0,7.554789734E-1,-1.740580444E0
4.472810754E1,-9.154064026E0,1.002165985E0,-1.790726166E0
4.473814754E1,-8.837173004E0,9.087602234E-1,-1.993105316E0
4.474818854E1,-8.702004089E0,6.730004883E-1,-2.066452789E0
4.475822854E1,-8.672365723E0,6.011499023E-1,-1.870809631E0
4.476826954E1,-8.481063538E0,4.947212219E-1,-1.779499512E0
4.477830954E1,-8.230933685E0,3.385958862E-1,-1.763033752E0
4.478835054E1,-7.889643402E0,-1.841171265E-2,-1.629661102E0
4.479839054E1,-7.710166626E0,-5.941145325E-1,-1.336869965E0
4.480843054E1,-7.612120514E0,-1.211730194E0,-1.304088135E0
4.481847154E1,-7.610623627E0,-1.629511414E0,-1.460363159E0
4.482851154E1,-7.537725220E0,-1.757195892E0,-1.402733002E0
4.483855254E1,-7.529941406E0,-1.715283051E0,-1.026565247E0
4.484859254E1,-7.788304138E0,-1.645378418E0,-4.459226990E-1
4.485863254E1,-8.192014618E0,-1.672621765E0,1.149609375E-1
4.486867354E1,-8.311765594E0,-1.826202393E0,2.749781799E-1
4.487871354E1,-8.280330963E0,-2.005828857E0,6.194119263E-1
4.488875454E1,-7.898025970E0,-2.102976837E0,9.375004578E-1
4.489879454E1,-7.366631012E0,-2.356250153E0,1.025517426E0
4.490883454E1,-6.837032318E0,-2.529140625E0,1.020278320E0
4.491887554E1,-6.690337372E0,-2.588567047E0,1.438957672E0
4.492891554E1,-6.901398468E0,-2.560874634E0,1.663490753E0
4.493895654E1,-7.239994354E0,-2.559078369E0,1.516646118E0
4.494899654E1,-7.634274445E0,-2.540367279E0,1.419198761E0
4.495903654E1,-7.833959198E0,-2.581980743E0,1.217867432E0
4.496907754E1,-7.906558228E0,-2.722089386E0,8.987310791E-1
4.497911754E1,-7.946674805E0,-2.866089935E0,4.444258118E-1
4.498915854E1,-7.884254608E0,-2.917133789E0,3.248245239E-2
4.499919854E1,-7.983348541E0,-2.889291687E0,-8.592132568E-2
4.500923854E1,-8.334667969E0,-2.760260010E0,-1.182540894E-1
4.501927954E1,-9.054221649E0,-2.273023224E0,-2.095642090E-3
4.502931954E1,-1.003917343E1,-1.421444092E0,1.685494995E-1
4.503936054E1,-1.100137253E1,-5.263055420E-1,2.007325745E-1
4.504940054E1,-1.190055267E1,3.312611389E-1,2.679428101E-2
4.505944054E1,-1.264001495E1,8.565188599E-1,1.959425354E-1
4.506948154E1,-1.286694305E1,8.890013123E-1,2.242337036E-1
4.507952154E1,-1.276844788E1,4.623884583E-1,2.233355713E-1
4.508956254E1,-1.244197678E1,-2.674937439E-1,2.341131592E-1
4.509960254E1,-1.218062027E1,-8.584648132E-1,3.821553040E-1
4.510964354E1,-1.181807419E1,-1.024319916E0,9.946815491E-1
4.511968354E1,-1.154534134E1,-4.144880676E-1,1.678609314E0
4.512972354E1,-1.104882385E1,3.538641357E-1,2.045346680E0
4.513976454E1,-1.038869659E1,7.430548096E-1,1.621428223E0
4.514980454E1,-9.705367584E0,3.947291565E-1,-2.544708252E-2
4.515984554E1,-9.769883423E0,-9.252259827E-1,-2.329156494E0
4.516988554E1,-1.081216599E1,-2.778821411E0,-3.552861786E0
4.517992554E1,-1.176807816E1,-3.524869995E0,-4.800367584E0
4.518996654E1,-1.256771530E1,-3.879931641E0,-6.461762695E0
4.520000654E1,-1.340687027E1,-4.400998077E0,-7.270680542E0
4.521004754E1,-1.408585831E1,-4.837490387E0,-7.730673981E0
4.522008754E1,-1.373528732E1,-4.750371552E0,-8.210875397E0
4.523012754E1,-1.258552826E1,-3.989054718E0,-7.458839264E0
4.524016854E1,-1.163290924E1,-3.058140564E0,-6.077511749E0
4.525020854E1,-1.051054321E1,-1.890119476E0,-5.237009583E0
4.526024954E1,-9.604178009E0,-4.517605591E-1,-4.202510834E0
4.527028954E1,-9.206904144E0,7.312294006E-1,-3.026406555E0
4.528032954E1,-9.245972900E0,1.240470428E0,-1.860032043E0
4.529037054E1,-9.424850922E0,1.045426025E0,-1.016236725E0
4.530041054E1,-9.353898468E0,2.399510193E-1,-8.264314270E-1
4.531045154E1,-9.230704651E0,-8.303233337E-1,-4.890330505E-1
4.532049154E1,-9.214538269E0,-1.868115234E0,-1.815724182E-1
4.533053154E1,-9.517059174E0,-2.704575806E0,-3.037184143E-1
4.534057254E1,-9.847571869E0,-3.077899475E0,-9.030720520E-1
4.535061254E1,-9.836045837E0,-2.956052856E0,-1.612446899E0
4.536065354E1,-9.676777039E0,-2.654280396E0,-2.243235168E0
4.537069354E1,-9.499844971E0,-2.436183929E0,-2.792143707E0
4.538073454E1,-9.002279663E0,-2.260149994E0,-2.963686981E0
4.539077454E1,-8.577463074E0,-1.902992706E0,-2.913690948E0
4.540081454E1,-8.155490570E0,-1.322649536E0,-2.689307556E0
4.541085554E1,-7.500153351E0,-7.905061340E-1,-2.573747864E0
4.542089554E1,-6.974895630E0,-4.742138672E-1,-2.444865875E0
4.543093654E1,-6.592440948E0,-3.628454590E-1,-2.224823456E0
4.544097654E1,-6.371051331E0,-1.199006653E-1,-1.974394226E0
4.545101654E1,-6.469097443E0,3.908372498E-1,-1.521136780E0
4.546105754E1,-7.352709961E0,7.415579224E-1,-1.247206421E0
4.547109754E1,-8.409512329E0,1.256187744E0,-1.497485962E0
4.548113854E1,-8.991801453E0,1.922152863E0,-1.600322113E0
4.549117854E1,-8.830287323E0,2.541564789E0,-1.620679779E0
4.550121854E1,-8.268954620E0,2.796035614E0,-1.351090393E0
4.551125954E1,-7.774532776E0,2.687810669E0,-1.099164276E0
4.552129954E1,-7.428901520E0,2.502645721E0,-7.156617737E-1
4.553134071E1,-7.345824280E0,2.197879486E0,-3.686833191E-1
4.554138071E1,-7.460186462E0,1.843117218E0,-1.975891113E-2
4.555142071E1,-7.594008179E0,1.571132813E0,2.248324585E-1
4.556146171E1,-7.889194336E0,1.577868805E0,1.013392639E-1
4.557150171E1,-8.319549408E0,1.666933594E0,-1.303788757E-1
4.558154271E1,-8.623118134E0,1.714384918E0,-1.534309387E-1
4.559158271E1,-8.609795837E0,1.510957947E0,-4.370910645E-2
4.560162371E1,-8.581654358E0,1.055006104E0,1.719923401E-1
4.561166371E1,-8.774752808E0,7.225474548E-1,2.805166626E-1
4.562170371E1,-9.128317566E0,1.695973206E-1,4.890330505E-1
4.563174471E1,-9.769284668E0,-3.860472107E-1,7.680528259E-1
4.564178471E1,-1.028196854E1,-6.867718506E-1,9.648934937E-1
4.565182571E1,-1.044018951E1,-1.153650970E0,9.416917419E-1
4.566186571E1,-1.040112076E1,-1.671873322E0,8.237370300E-1
4.567190571E1,-1.046114594E1,-2.299069061E0,7.767347717E-1
4.568194671E1,-1.061397812E1,-2.671644287E0,5.638774109E-1
4.569198671E1,-1.091859467E1,-2.583178253E0,4.035607910E-1
4.570202771E1,-1.123264160E1,-2.166744232E0,6.975494385E-1
4.571206771E1,-1.149774033E1,-1.500629425E0,1.179846497E0
4.572210771E1,-1.184112625E1,-8.577163696E-1,1.331331482E0
4.573214871E1,-1.202045334E1,-4.572990417E-1,1.652862854E0
4.574218871E1,-1.175460617E1,-2.820135498E-1,2.207010498E0
4.575222971E1,-1.140089172E1,-1.645079041E-1,2.489173737E0
4.576226971E1,-1.100810852E1,1.288819885E-1,1.884281616E0
4.577230971E1,-1.070753357E1,6.225553894E-1,8.988807678E-1
4.578235071E1,-1.065050217E1,1.067280579E0,-1.609153748E-1
4.579239071E1,-1.124012604E1,1.529669037E0,-1.196911011E0
4.580243171E1,-1.256262589E1,2.706372070E0,-3.022215271E0
4.581247171E1,-1.349069595E1,3.472179565E0,-5.190456390E0
4.582251271E1,-1.400293076E1,3.395239563E0,-6.042484589E0
4.583255271E1,-1.388332947E1,3.152444458E0,-6.227499847E0
4.584259271E1,-1.270797363E1,2.453996887E0,-6.354286194E0
4.585263371E1,-1.157063873E1,1.131197662E0,-5.650898895E0
4.586267371E1,-1.032433044E1,1.459465027E-1,-4.840783539E0
4.587271471E1,-9.047785034E0,-5.444178772E-1,-4.201013947E0
4.588275471E1,-8.133785706E0,-1.279838562E0,-3.386407928E0
4.589279471E1,-7.959548035E0,-1.874402161E0,-2.611469421E0
4.590283571E1,-8.569379883E0,-2.226919098E0,-2.013462982E0
4.591287571E1,-9.727072449E0,-2.106419678E0,-1.715283051E0
4.592291671E1,-1.075229050E1,-1.443298645E0,-1.979184265E0
4.593295671E1,-1.139879608E1,-3.809577942E-1,-2.438878326E0
4.594299671E1,-1.174502609E1,6.575825500E-1,-2.588417358E0
4.595303771E1,-1.174891800E1,1.396895142E0,-2.455942841E0
4.596307771E1,-1.124955643E1,1.944157104E0,-2.282752991E0
4.597311871E1,-1.045650558E1,2.170935516E0,-2.147135010E0
4.598315871E1,-9.639055481E0,2.095342712E0,-2.062261505E0
4.599319971E1,-8.955576782E0,1.842368774E0,-2.059716797E0
4.600323971E1,-8.264463959E0,1.576671295E0,-1.960024109E0
4.601327971E1,-7.466922455E0,1.449585571E0,-2.013762360E0
4.602332071E1,-6.571783905E0,1.221310272E0,-1.786534882E0
4.603336071E1,-5.628894653E0,7.060816956E-1,-1.454525299E0
4.604340171E1,-5.077441406E0,-2.409988403E-2,-8.803193665E-1
4.605344171E1,-4.887486420E0,-7.982899475E-1,-5.614823914E-1
4.606348171E1,-4.787194977E0,-1.488205261E0,-4.840933228E-1
4.607352271E1,-5.397625580E0,-2.201172638E0,-2.276765442E-1
4.608356271E1,-6.306086426E0,-2.884950714E0,-5.478607178E-2
4.609360371E1,-6.918313293E0,-3.387755127E0,9.744735718E-2
4.610364371E1,-7.783065033E0,-3.780238953E0,3.345542908E-1
4.611368371E1,-8.620872803E0,-3.845203857E0,3.359014893E-1
4.612372471E1,-9.192833405E0,-3.622766418E0,2.489323425E-1
4.613376471E1,-9.419312439E0,-3.228186951E0,1.451980591E-1
4.614380571E1,-9.527088318E0,-2.717898102E0,1.345701599E-1
4.615384571E1,-9.568851471E0,-2.163750458E0,7.738906860E-2
4.616388571E1,-9.495054932E0,-1.713037720E0,1.040336609E-1
4.617392671E1,-9.567354584E0,-1.380728760E0,2.031275940E-1
4.618396671E1,-9.484427032E0,-1.161285095E0,2.112107849E-1
4.619400771E1,-9.225315857E0,-1.043629761E0,1.848655701E-1
4.620404771E1,-8.876241760E0,-9.892927551E-1,7.708969116E-2
4.621408871E1,-8.471932526E0,-1.057850189E0,3.083587646E-2
4.622412871E1,-8.212072906E0,-1.297352142E0,2.234852600E-1
4.623416871E1,-8.175099792E0,-1.506916351E0,5.442681885E-1
4.624420971E1,-8.226892090E0,-1.586700439E0,7.488926697E-1
4.625424971E1,-8.596623230E0,-1.650916901E0,7.499404907E-1
4.626429071E1,-9.079369354E0,-1.536554718E0,5.613327026E-1
4.627433071E1,-9.706714783E0,-1.097667389E0,4.878355408E-1
4.628437071E1,-1.038375687E1,-6.503974915E-1,4.740641785E-1
4.629441171E1,-1.111783035E1,-4.788542175E-1,4.363426208E-1
4.630445171E1,-1.182316360E1,-5.863307190E-1,2.438429260E-1
4.631449271E1,-1.234767288E1,-8.376580811E-1,-2.993774414E-3
4.632453271E1,-1.269839355E1,-1.070124664E0,-4.221221924E-2
4.633457371E1,-1.288685165E1,-1.225800934E0,-1.886077881E-2
4.634461371E1,-1.287981628E1,-1.374441833E0,1.697470093E-1
4.635465371E1,-1.275078461E1,-1.364861755E0,5.261558533E-1
4.636469471E1,-1.238195160E1,-1.077908478E0,1.007704468E0
4.637473471E1,-1.172122559E1,-8.728349304E-1,1.430126038E0
4.638477571E1,-1.086051544E1,-6.439608765E-1,1.247805176E0
4.639481571E1,-9.778415680E0,-4.372407532E-1,7.448510742E-1
4.640485571E1,-9.231004028E0,-6.785389709E-1,-1.353186035E-1
4.641489671E1,-9.570048981E0,-1.845512238E0,-1.118773499E0
4.642493671E1,-1.022852966E1,-3.203338623E0,-2.451452179E0
4.643497771E1,-1.046907944E1,-3.557352448E0,-4.312382355E0
4.644501771E1,-1.028077103E1,-3.028951263E0,-6.259084167E0
4.645505771E1,-1.024604324E1,-2.060914307E0,-7.223977661E0
4.646509871E1,-1.059915894E1,-9.312135315E-1,-7.664062500E0
4.647513871E1,-1.104508163E1,-4.123924255E-1,-7.595355377E0
4.648517971E1,-1.141930344E1,-2.412982178E-1,-6.991960144E0
4.649521971E1,-1.162377823E1,-1.395098877E-1,-6.724466400E0
4.650526071E1,-1.182436111E1,2.746788025E-1,-5.918991394E0
4.651530071E1,-1.210188400E1,8.342152405E-1,-4.949457550E0
4.652534071E1,-1.230351471E1,8.000862122E-1,-4.086801453E0
4.653538117E1,-1.229617996E1,1.919009399E-1,-3.328927460E0
4.654542117E1,-1.206206680E1,-5.065466309E-1,-2.720891876E0
4.655546217E1,-1.147468826E1,-1.327140198E0,-2.270478516E0
4.656550217E1,-1.059481796E1,-2.273172913E0,-1.812281342E0
4.657554217E1,-9.508826294E0,-3.167563019E0,-1.301393738E0
4.658558317E1,-8.651109924E0,-3.786675568E0,-7.903564453E-1
4.659562317E1,-8.270900574E0,-4.212539978E0,-4.637356567E-1
4.660566417E1,-7.958350525E0,-4.496200104E0,-3.600013733E-1
4.661570417E1,-7.716303864E0,-4.369862823E0,-5.186714172E-1
4.662574517E1,-7.408244476E0,-3.749103699E0,-6.785389709E-1
4.663578517E1,-7.029681702E0,-3.081042938E0,-8.422984314E-1
4.664582517E1,-6.527176666E0,-2.338886261E0,-1.040935364E0
4.665586617E1,-5.972430267E0,-1.554068298E0,-1.159339142E0
4.666590617E1,-5.618566132E0,-6.583309937E-1,-1.276994476E0
4.667594717E1,-5.438789978E0,2.447410583E-1,-1.375190277E0
4.668598717E1,-5.575306091E0,1.075812836E0,-1.125659180E0
4.669602717E1,-6.137836304E0,1.808389435E0,-8.170010376E-1
4.670606817E1,-7.157216492E0,2.466421051E0,-5.270539856E-1
4.671610817E1,-8.494685211E0,2.996169434E0,-5.294490051E-1
4.672614917E1,-9.558373260E0,3.343896332E0,-8.348139954E-1
4.673618917E1,-9.984986115E0,3.410058746E0,-1.106499023E0
4.674623017E1,-1.009785141E1,3.142265625E0,-1.309027863E0
4.675627017E1,-9.777966614E0,2.776426392E0,-1.624122620E0
4.676631017E1,-9.333241425E0,2.326611786E0,-1.449136505E0
4.677635117E1,-8.916058960E0,1.927242279E0,-1.175206146E0
4.678639117E1,-8.472381592E0,1.676663361E0,-8.746311951E-1
4.679643217E1,-8.213719482E0,1.463207245E0,-4.305047607E-1
4.680647217E1,-7.996221771E0,1.141825562E0,4.146377563E-2
4.681651217E1,-7.789801025E0,7.676037598E-1,3.076103210E-1
4.682655317E1,-7.546257477E0,3.626957703E-1,4.613406372E-1
4.683659317E1,-7.337591400E0,-1.601669312E-1,6.087840271E-1
4.684663417E1,-7.098388824E0,-6.635700989E-1,7.450007629E-1
4.685667417E1,-6.990313568E0,-1.157842255E0,8.896000671E-1
4.686671517E1,-7.161258087E0,-1.473236389E0,1.135388947E0
4.687675517E1,-7.622748413E0,-1.549877014E0,1.393901367E0
4.688679517E1,-8.395441589E0,-1.358724518E0,1.839225311E0
4.689683617E1,-9.455986176E0,-1.209933929E0,2.036365356E0
4.690687617E1,-1.057086777E1,-1.204694824E0,1.685345306E0
4.691691717E1,-1.157872192E1,-1.427880707E0,9.985734558E-1
4.692695717E1,-1.246936981E1,-1.914369049E0,3.571572876E-1
4.693699817E1,-1.334998856E1,-2.321073303E0,-3.414399719E-1
4.694703817E1,-1.420560928E1,-2.561024323E0,-6.161187744E-1
4.695707817E1,-1.467563187E1,-2.688409424E0,-4.164340210E-1
4.696711917E1,-1.475571533E1,-2.718197479E0,2.121089172E-1
4.697715917E1,-1.423060730E1,-2.632874908E0,9.671388245E-1
4.698720017E1,-1.312350952E1,-2.229014740E0,9.864486694E-1
4.699724017E1,-1.204575073E1,-1.267863464E0,1.348695374E-1
4.700728017E1,-1.105825424E1,-3.028202820E-1,-9.108558655E-1
4.701732117E1,-1.039812698E1,4.436773682E-1,-1.370100861E0
4.702736117E1,-1.084060684E1,1.737137604E0,-1.711989899E0
4.703740217E1,-1.191103088E1,3.117417297E0,-2.856509857E0
4.704744217E1,-1.266291733E1,3.674409027E0,-4.434378662E0
4.705748317E1,-1.312934738E1,4.103716278E0,-5.714666290E0
4.706752317E1,-1.286589523E1,4.025129700E0,-6.837631073E0
4.707756317E1,-1.186178329E1,3.075205078E0,-7.521259460E0
4.708760417E1,-1.084809128E1,1.382525024E0,-6.818470917E0
4.709764417E1,-9.643246765E0,1.666035461E-1,-6.018235016E0
4.710768517E1,-8.394992523E0,-6.024971008E-1,-5.484744415E0
4.711772517E1,-8.184829559E0,-1.398541718E0,-4.547094269E0
4.712776617E1,-8.566984863E0,-1.804647217E0,-3.919449463E0
4.713780617E1,-9.226213989E0,-1.769470367E0,-3.371738434E0
4.714784617E1,-1.017404297E1,-1.324894867E0,-3.159330139E0
4.715788717E1,-1.089853638E1,-5.752537537E-1,-3.183130646E0
4.716792717E1,-1.115959351E1,4.755610657E-1,-3.132984924E0
4.717796817E1,-1.094808334E1,1.345402222E0,-2.840792542E0
4.718800817E1,-1.049886749E1,1.848206635E0,-2.561174011E0
4.719804817E1,-9.934241638E0,2.184108124E0,-2.500699768E0
4.720808917E1,-9.327403564E0,2.433639221E0,-2.579286346E0
4.721812917E1,-8.842262421E0,2.431393890E0,-2.712060242E0
4.722817017E1,-8.411009216E0,2.239043884E0,-2.638413391E0
4.723821017E1,-7.846383362E0,1.734592896E0,-2.505489807E0
4.724825117E1,-7.266339569E0,1.115779724E0,-2.401605835E0
4.725829117E1,-6.638395386E0,5.658233643E-1,-2.268083496E0
4.726833117E1,-6.017187195E0,2.709365845E-2,-2.087858276E0
4.727837217E1,-5.453908539E0,-5.011578369E-1,-1.777852936E0
4.728841217E1,-5.021308136E0,-1.079555054E0,-1.335822144E0
4.729845317E1,-5.043911133E0,-1.763632507E0,-7.348219299E-1
4.730849317E1,-5.611231384E0,-2.446961517E0,-4.785548401E-1
4.731853417E1,-6.493197327E0,-3.005001068E0,-3.040177917E-1
4.732857417E1,-7.481891327E0,-3.289858704E0,-3.288661194E-1
4.733861417E1,-8.309370575E0,-3.324137421E0,-5.348377991E-1
4.734865517E1,-8.977581024E0,-3.228336639E0,-9.237290955E-1
4.735869517E1,-9.374854889E0,-2.893932037E0,-1.249451752E0
4.736873617E1,-9.402247925E0,-2.422711945E0,-1.415157166E0
4.737877617E1,-9.525591431E0,-2.133064270E0,-1.384021912E0
4.738881617E1,-9.607920227E0,-1.772913208E0,-1.294058990E0
4.739885717E1,-9.732311554E0,-1.286873932E0,-1.164877625E0
4.740889717E1,-9.824819183E0,-8.854087830E-1,-1.125808868E0
4.741893817E1,-9.958790588E0,-4.306544495E-1,-9.171427917E-1
4.742897817E1,-1.002390518E1,1.077758789E-2,-8.979826355E-1
4.743901917E1,-9.862091675E0,2.267784119E-1,-8.484356689E-1
4.744905917E1,-9.589508514E0,3.670367432E-1,-6.824308777E-1
4.745909917E1,-9.076824646E0,3.808081055E-1,-5.298980713E-1
4.746914017E1,-8.667276306E0,3.186872864E-1,-3.471281433E-1
4.747918017E1,-8.398585052E0,2.445913696E-1,-3.888912964E-1
4.748922117E1,-8.244705048E0,3.311114502E-1,-5.174739075E-1
4.749926117E1,-8.357121277E0,4.857398987E-1,-6.695576477E-1
4.750930217E1,-8.531059570E0,5.245092773E-1,-8.831634521E-1
4.751934217E1,-8.492888947E0,-8.532257080E-3,-1.072519684E0
4.752938217E1,-8.454568634E0,-8.390052795E-1,-1.430575104E0
4.753942317E1,-8.975335693E0,-1.918859711E0,-1.675166473E0
4.754946317E1,-9.860744476E0,-2.081421661E0,-1.955084381E0
4.755950417E1,-1.044827271E1,-1.550026703E0,-1.924697571E0
4.756954417E1,-1.068418213E1,-1.329535217E0,-1.730251923E0
4.757958517E1,-1.111124405E1,-1.281485138E0,-1.388063507E0
4.758962517E1,-1.179113022E1,-1.239721985E0,-7.711962891E-1
4.759966517E1,-1.238180191E1,-1.169817352E0,-7.933502197E-2
4.760970617E1,-1.258912079E1,-1.043629761E0,2.656974792E-1
4.761974617E1,-1.255529114E1,-1.112336884E0,2.947370911E-1
4.762978717E1,-1.238629257E1,-1.204844513E0,1.468446350E-1
4.763982717E1,-1.196641571E1,-1.242566071E0,-2.724334717E-2
4.764986817E1,-1.124162292E1,-1.495390320E0,-1.308279419E-1
4.765990817E1,-1.039872574E1,-1.682501221E0,-3.224295044E-1
4.766994817E1,-9.648635559E0,-1.532064056E0,-9.446855164E-1
4.767998917E1,-9.371412048E0,-1.012793884E0,-2.073637848E0
4.769002917E1,-1.000399658E1,-4.475692749E-1,-2.818339233E0
4.770007017E1,-1.123503662E1,-1.646575928E-3,-3.613934784E0
4.771011017E1,-1.218376373E1,3.927832031E-1,-4.928351440E0
4.772015117E1,-1.259750336E1,8.310717773E-1,-6.146218872E0
4.773019117E1,-1.215756821E1,1.022823029E0,-7.528444519E0
4.774023117E1,-1.155522079E1,1.300944672E0,-8.313711548E0
4.775027217E1,-1.092652817E1,1.968855743E0,-7.891289978E0
4.776031217E1,-1.056413177E1,2.594404907E0,-6.782695313E0
4.777035317E1,-1.022957748E1,2.637215881E0,-5.631888428E0
4.778039317E1,-9.768386536E0,2.463726654E0,-4.979095917E0
4.779043417E1,-9.769434357E0,2.163002014E0,-4.169130249E0
4.780047417E1,-9.934241638E0,1.370549927E0,-3.290457458E0
4.781051417E1,-1.001133133E1,5.327421570E-1,-2.633174286E0
4.782055517E1,-1.002689896E1,-3.953279114E-1,-1.908830566E0
4.783059517E1,-9.626182251E0,-1.276994476E0,-1.739682312E0
4.784063617E1,-9.068292389E0,-2.044298859E0,-1.607806549E0
4.785067617E1,-8.810528412E0,-2.600691833E0,-1.277892609E0
4.786071717E1,-8.578061829E0,-2.613565063E0,-1.281634827E0
4.787075717E1,-8.332123260E0,-2.090702362E0,-1.374441833E0
4.788079717E1,-8.326584778E0,-1.499731293E0,-1.290765839E0
4.789083817E1,-8.408763885E0,-8.400531006E-1,-1.101708984E0
4.790087817E1,-8.483757935E0,-2.800675964E-1,-9.916877747E-1
4.791091917E1,-8.655600586E0,1.933978271E-1,-1.107846222E0
4.792095917E1,-8.705297241E0,7.134164429E-1,-1.225052490E0
4.793100017E1,-8.463549957E0,1.129251709E0,-1.308878174E0
4.794104017E1,-8.168214111E0,1.336121521E0,-1.431772614E0
4.795108017E1,-7.864645386E0,1.349443817E0,-1.293460236E0
4.796112117E1,-7.632927246E0,1.364263000E0,-1.057999878E0
4.797116117E1,-7.417974243E0,1.328637085E0,-9.716294861E-1
4.798120217E1,-7.293732605E0,1.093027039E0,-8.342152405E-1
4.799124217E1,-7.259304199E0,7.602690125E-1,-7.271878052E-1
4.800128317E1,-7.377408600E0,3.990701294E-1,-5.547463989E-1
4.801132317E1,-7.745044098E0,8.981323242E-2,-4.107458496E-1
4.802136317E1,-8.278085632E0,-1.386117554E-1,-4.587959290E-1
4.803140417E1,-8.782985687E0,-2.914439392E-1,-6.307882690E-1
4.804144417E1,-9.125024414E0,-3.543132019E-1,-7.467970276E-1
4.805148517E1,-9.335187378E0,-3.423381042E-1,-7.521858215E-1
4.806152517E1,-9.378148041E0,-3.339555359E-1,-7.366181946E-1
4.807156617E1,-9.236841888E0,-3.652404785E-1,-6.084846497E-1
4.808160617E1,-9.075028381E0,-5.369334412E-1,-3.174897766E-1
4.809164617E1,-9.012757874E0,-7.185058594E-1,-1.026864624E-1
4.810168717E1,-8.899144135E0,-8.060737610E-1,1.013392639E-1
4.811172717E1,-8.807384949E0,-9.018745422E-1,3.257226562E-1
4.812176817E1,-8.752748566E0,-9.434880066E-1,5.013075256E-1
4.813180817E1,-8.737779694E0,-9.113049316E-1,5.533992004E-1
4.814184917E1,-8.834927673E0,-7.837701416E-1,5.105882263E-1
4.815188917E1,-9.006770325E0,-7.195536804E-1,3.882925415E-1
4.816192917E1,-9.131161652E0,-8.508306885E-1,4.246669006E-1
4.817197017E1,-9.338630219E0,-1.159788208E0,6.551875305E-1
4.818201017E1,-9.608518982E0,-1.478325806E0,7.917036438E-1
4.819205117E1,-9.849068756E0,-1.501826935E0,7.891589355E-1
4.820209117E1,-9.979297943E0,-1.324296112E0,7.590715027E-1
4.821213217E1,-1.028915359E1,-1.158291321E0,8.502319336E-1
4.822217217E1,-1.077504318E1,-8.598120117E-1,7.390132141E-1
4.823221217E1,-1.131586853E1,-4.014651489E-1,4.248165894E-1
4.824225317E1,-1.200129318E1,2.544708252E-2,2.454895020E-1
4.825229317E1,-1.289912613E1,5.137316895E-1,3.188369751E-1
4.826233417E1,-1.390129211E1,9.145980835E-1,5.155279541E-1
4.827237417E1,-1.462413895E1,1.162931671E0,5.134323120E-1
4.828241517E1,-1.508982056E1,1.554217987E0,2.269281006E-1
4.829245517E1,-1.517559219E1,1.832040253E0,-4.565505981E-1
4.830249617E1,-1.487636444E1,1.851649475E0,-1.259480896E0
4.831253617E1,-1.460333221E1,2.448009338E0,-2.540367279E0
4.832257617E1,-1.448777252E1,3.417094116E0,-3.907174988E0
4.833261717E1,-1.376971573E1,4.153712311E0,-5.024152222E0
4.834265717E1,-1.239946518E1,4.551884308E0,-5.885012054E0
4.835269817E1,-1.084689377E1,4.608017578E0,-6.467450867E0
4.836273817E1,-9.036558380E0,4.252806244E0,-6.319708099E0
4.837277917E1,-7.354206848E0,3.656446381E0,-5.698350220E0
4.838281917E1,-6.303392029E0,3.224295044E0,-4.909191284E0
4.839285917E1,-5.482050018E0,2.243684235E0,-4.010310516E0
4.840290017E1,-5.337301025E0,9.765692139E-1,-3.081791382E0
4.841294017E1,-5.731581116E0,-2.859054565E-1,-2.975362701E0
4.842298117E1,-6.399043121E0,-1.301094360E0,-3.156635742E0
4.843302117E1,-7.485633545E0,-1.744172974E0,-3.297642517E0
4.844306217E1,-8.754694519E0,-1.575773163E0,-3.349734192E0
4.845310217E1,-9.967472534E0,-7.330256653E-1,-3.583847351E0
4.846314317E1,-1.068957092E1,3.486250305E-1,-3.931125183E0
4.847318317E1,-1.093146790E1,1.216071167E0,-4.131109314E0
4.848322317E1,-1.111857880E1,1.515448608E0,-4.070485382E0
4.849326417E1,-1.099194214E1,1.472637634E0,-3.886667633E0
4.850330417E1,-1.072369995E1,9.828561401E-1,-3.549868011E0
4.851334517E1,-1.033989807E1,3.134481812E-1,-3.225791931E0
4.852338517E1,-9.947114868E0,-3.534150696E-1,-2.892135773E0
4.853342642E1,-9.357940063E0,-1.085841980E0,-2.661315765E0
4.854346642E1,-8.621770935E0,-1.900897064E0,-2.256258087E0
4.855350642E1,-7.751031647E0,-2.540217590E0,-1.773062897E0
4.856354742E1,-7.081923065E0,-2.915337524E0,-1.276545410E0
4.857358742E1,-6.602320404E0,-2.950963440E0,-7.092251587E-1
4.858362842E1,-6.082601166E0,-2.773582306E0,-1.080752563E-1
4.859366842E1,-6.204747162E0,-2.659818878E0,3.966751099E-1
4.860370942E1,-6.716532898E0,-2.498903503E0,6.587800598E-1
4.861374942E1,-7.174430695E0,-2.321522369E0,8.178991699E-1
4.862379042E1,-7.497608643E0,-2.170935516E0,9.945318604E-1
4.863383042E1,-7.768694916E0,-1.970951385E0,1.032403107E0
4.864387042E1,-7.864196320E0,-1.843865662E0,9.997709656E-1
4.865391142E1,-8.099506989E0,-1.818119202E0,7.403604126E-1
4.866395142E1,-8.150700531E0,-1.841320953E0,4.016148376E-1
4.867399242E1,-8.047415314E0,-1.987566833E0,1.478924561E-1
4.868403242E1,-8.075856171E0,-2.273472290E0,2.080673218E-2
4.869407342E1,-7.996521149E0,-2.578687592E0,-4.745132446E-2
4.870411342E1,-7.977061615E0,-2.744991760E0,-9.235794067E-2
4.871415442E1,-8.037386169E0,-2.799628143E0,-1.419049072E-1
4.872419442E1,-8.251291351E0,-2.795137482E0,-1.884580994E-1
4.873423442E1,-8.618627472E0,-2.616109772E0,-8.083190918E-2
4.874427542E1,-9.063053284E0,-2.204016724E0,1.422042847E-2
4.875431542E1,-9.435628510E0,-1.876647491E0,-1.242416382E-2
4.876435642E1,-9.866732025E0,-1.741328888E0,-3.682342529E-2
4.877439642E1,-1.038031403E1,-1.611548767E0,-2.125579834E-2
4.878443742E1,-1.088102280E1,-1.161135406E0,-5.688171387E-2
4.879447742E1,-1.133338211E1,-5.388793945E-1,-1.691482544E-1
4.880451842E1,-1.164443527E1,-3.406915283E-1,-8.038284302E-2
4.881455842E1,-1.194396240E1,-5.544470215E-1,6.137237549E-3
4.882459842E1,-1.241697876E1,-1.037043457E0,5.792953491E-2
4.883463942E1,-1.297052765E1,-1.707050171E0,3.240760803E-1
4.884467942E1,-1.335687424E1,-2.577490082E0,7.137158203E-1
4.885472042E1,-1.343770615E1,-3.006797333E0,9.382489014E-1
4.886476042E1,-1.313997528E1,-2.887944489E0,8.491841125E-1
4.887480142E1,-1.269569916E1,-2.542462921E0,3.327580261E-1
4.888484142E1,-1.228390549E1,-2.104473724E0,-7.840695190E-1
4.889488242E1,-1.188393723E1,-1.848655701E0,-2.290536804E0
4.890492242E1,-1.179023209E1,-2.192191315E0,-3.873944092E0
4.891496242E1,-1.217837494E1,-2.312391357E0,-5.283413086E0
4.892500342E1,-1.234393066E1,-2.114502869E0,-6.231691132E0
4.893504342E1,-1.218062027E1,-1.181343384E0,-7.405550079E0
4.894508442E1,-1.178379547E1,8.232879639E-2,-8.042924652E0
4.895512442E1,-1.132694550E1,8.159532166E-1,-7.761210480E0
4.896516542E1,-1.061442719E1,1.119821320E0,-7.266189880E0
4.897520542E1,-9.745334473E0,1.580563202E0,-6.309978333E0
4.898524642E1,-9.654772797E0,2.321222992E0,-5.177732849E0
4.899528642E1,-1.018676651E1,2.721191254E0,-4.289779358E0
4.900532642E1,-1.088072342E1,2.381397858E0,-3.578159180E0
4.901536742E1,-1.163231049E1,1.505269775E0,-2.980601807E0
4.902540742E1,-1.191222839E1,2.809657288E-1,-2.833308105E0
4.903544842E1,-1.147708328E1,-1.097218323E0,-2.595303040E0
4.904548842E1,-1.068088898E1,-2.351310425E0,-2.143392792E0
4.905552942E1,-9.713750153E0,-3.151696014E0,-1.825154572E0
4.906556942E1,-8.799750824E0,-3.683090973E0,-1.434616699E0
4.907561042E1,-8.191864929E0,-3.910767517E0,-1.138233032E0
4.908565042E1,-7.834857330E0,-3.736230469E0,-8.418493652E-1
4.909569042E1,-7.385192413E0,-3.243754578E0,-9.184899902E-1
4.910573142E1,-7.029532013E0,-2.711611176E0,-9.015751648E-1
4.911577142E1,-6.804100800E0,-2.277364197E0,-9.470805359E-1
4.912581242E1,-6.347400513E0,-1.674867096E0,-1.039737854E0
4.913585242E1,-6.005810852E0,-9.053173828E-1,-1.081201630E0
4.914589342E1,-5.673651581E0,1.140628052E-1,-1.226549377E0
4.915593342E1,-5.401068420E0,9.478289795E-1,-1.285377045E0
4.916597442E1,-5.171894989E0,1.594484253E0,-1.292412415E0
4.917601442E1,-5.193300476E0,2.094594269E0,-1.090482330E0
4.918605542E1,-5.435945892E0,2.431393890E0,-7.894583130E-1
4.919609542E1,-5.755531311E0,2.407593384E0,-5.996530151E-1
4.920613542E1,-6.365961914E0,2.178120575E0,-2.722837830E-1
4.921617642E1,-7.051536255E0,1.991309052E0,-1.971400452E-1
4.922621642E1,-7.771389313E0,1.955683136E0,-1.779798889E-1
4.923625742E1,-8.293204193E0,2.002835083E0,-1.966909790E-1
4.924629742E1,-8.553213501E0,2.025887146E0,-2.460882568E-1
4.925633842E1,-8.698860626E0,2.074086914E0,-3.481759644E-1
4.926637842E1,-8.778045959E0,2.080822906E0,-3.611988831E-1
4.927641942E1,-8.827592926E0,1.939067688E0,-1.598675537E-1
4.928645942E1,-8.796906738E0,1.650767212E0,1.158590698E-1
4.929649942E1,-8.743168488E0,1.265019379E0,3.225791931E-1
4.930654042E1,-8.743018799E0,4.809498596E-1,3.577560425E-1
4.931658042E1,-8.897796936E0,-5.927673340E-1,4.128414917E-1
4.932662142E1,-9.142388306E0,-1.674268341E0,7.095245361E-1
4.933666142E1,-9.372759247E0,-2.566413116E0,9.855505371E-1
4.934670242E1,-9.488618317E0,-3.284619598E0,1.020577698E0
4.935674242E1,-9.580676880E0,-3.602259064E0,8.111631775E-1
4.936678342E1,-1.003588028E1,-3.108885040E0,7.640112305E-1
4.937682342E1,-1.117111954E1,-2.033970337E0,1.178199921E0
4.938686342E1,-1.243030106E1,-1.156345367E0,1.507964172E0
4.939690442E1,-1.354188950E1,-9.038204956E-1,1.991009674E0
4.940694442E1,-1.426787979E1,-1.000369720E0,2.541415100E0
4.941698542E1,-1.477592331E1,-1.309626617E0,2.768343201E0
4.942702542E1,-1.488908798E1,-1.173559570E0,1.547032928E0
4.943706642E1,-1.454689957E1,-2.694396973E-2,-6.348298645E-1
4.944710642E1,-1.368858444E1,1.496887207E0,-2.886746979E0
4.945714742E1,-1.280063095E1,2.905009003E0,-4.881349182E0
4.946718742E1,-1.344069992E1,4.653972015E0,-7.311844940E0
4.947722842E1,-1.429991318E1,5.160518646E0,-8.818611603E0
4.948726842E1,-1.402658157E1,4.361629944E0,-8.536747742E0
4.949730842E1,-1.303504349E1,3.395538940E0,-7.849826202E0
4.950734942E1,-1.179981216E1,2.481090546E0,-6.725214844E0
4.951738942E1,-1.088386688E1,1.952839050E0,-5.488636322E0
4.952743042E1,-9.593999176E0,1.202748871E0,-4.642296295E0
4.953747054E1,-8.396639099E0,-5.852828979E-2,-4.009113007E0
4.954751154E1,-7.960895233E0,-1.038240967E0,-3.677103424E0
4.955755154E1,-8.217461700E0,-1.736688538E0,-3.172802124E0
4.956759254E1,-9.097032623E0,-2.152523804E0,-2.767145691E0
4.957763254E1,-1.019589752E1,-1.971250763E0,-2.695444794E0
4.958767354E1,-1.087892715E1,-1.118623810E0,-2.976410522E0
4.959771354E1,-1.108729385E1,9.550140381E-2,-3.104843445E0
4.960775354E1,-1.087368805E1,1.045126648E0,-2.925815735E0
4.961779454E1,-1.044048889E1,1.634002075E0,-2.526745605E0
4.962783454E1,-9.880653076E0,2.103126526E0,-2.305355988E0
4.963787554E1,-9.194779358E0,2.354753265E0,-2.323767700E0
4.964791554E1,-8.301137695E0,2.475252686E0,-2.349214783E0
4.965795654E1,-7.393724670E0,2.327060852E0,-2.245181122E0
4.966799654E1,-6.647825775E0,1.765578461E0,-2.002835083E0
4.967803754E1,-5.913602600E0,1.038390656E0,-1.889371033E0
4.968807754E1,-5.294190674E0,3.302133179E-1,-1.797462158E0
4.969811854E1,-4.848417664E0,-4.700225830E-1,-1.467099152E0
4.970815854E1,-4.283043365E0,-1.127006378E0,-9.906399536E-1
4.971819854E1,-4.090094604E0,-1.799857178E0,-2.404000854E-1
4.972823954E1,-4.150269470E0,-2.291584625E0,1.398092651E-1
4.973827954E1,-4.584217072E0,-2.722239075E0,1.017883301E-2
4.974832054E1,-5.307962036E0,-3.005599823E0,-1.017883301E-2
4.975836054E1,-6.211183777E0,-3.206931152E0,-1.678010559E-1
4.976840154E1,-7.192692719E0,-3.411705322E0,-2.019300842E-1
4.977844154E1,-8.108787689E0,-3.333268433E0,-2.266287231E-1
4.978848254E1,-8.524323578E0,-2.957250366E0,-4.514611816E-1
4.979852254E1,-8.636440430E0,-2.484832764E0,-6.164181519E-1
4.980856254E1,-8.583001556E0,-2.089055786E0,-6.906637573E-1
4.981860354E1,-8.616382141E0,-1.870210876E0,-6.747967529E-1
4.982864354E1,-8.647367706E0,-1.762285309E0,-5.596861267E-1
4.983868454E1,-8.920848999E0,-1.650467834E0,-3.332070923E-1
4.984872454E1,-9.147926788E0,-1.453178101E0,-2.269281006E-1
4.985876554E1,-9.291328583E0,-1.114582214E0,-1.434017944E-1
4.986880554E1,-9.496102753E0,-8.153544617E-1,1.221459961E-1
4.987884654E1,-9.657766571E0,-6.017486572E-1,4.029620361E-1
4.988888654E1,-9.856702881E0,-6.755451965E-1,5.363346863E-1
4.989892754E1,-1.017733612E1,-9.151968384E-1,5.318440247E-1
4.990896754E1,-1.074824890E1,-7.876620483E-1,5.370831299E-1
4.991900854E1,-1.157213562E1,-1.721420288E-1,3.245251465E-1
4.992904854E1,-1.229588058E1,2.920426941E-1,1.210981750E-1
4.993908854E1,-1.274479706E1,-1.303788757E-1,2.177970886E-1
4.994912954E1,-1.293460236E1,-1.119971008E0,4.251159668E-1
4.995916954E1,-1.297801208E1,-2.288291473E0,8.614585876E-1
4.996921054E1,-1.292128006E1,-3.259471893E0,1.320104828E0
4.997925054E1,-1.268222717E1,-3.476071472E0,1.263223114E0
4.998929154E1,-1.253972351E1,-2.896925812E0,3.272195435E-1
4.999933154E1,-1.237222183E1,-1.907932434E0,-1.323996735E0
5.000937254E1,-1.192165878E1,-1.511556702E0,-3.034040680E0
5.001941254E1,-1.155971146E1,-2.146835632E0,-4.650080109E0
5.002945354E1,-1.181029037E1,-3.109483795E0,-6.044430542E0
5.003949354E1,-1.211341003E1,-3.849844208E0,-7.860454102E0
5.004953454E1,-1.235066666E1,-2.977158966E0,-8.781339111E0
5.005957454E1,-1.289658142E1,-1.872306519E0,-8.276289368E0
5.006961454E1,-1.269584885E1,-1.660946045E0,-7.829019470E0
5.007965554E1,-1.174308014E1,-4.866380310E-1,-7.396119690E0
5.008969554E1,-1.145133682E1,1.012494507E0,-6.499035187E0
5.009973654E1,-1.150806885E1,2.010319519E0,-5.746250610E0
5.010977654E1,-1.206506058E1,2.424358521E0,-4.872667236E0
5.011981754E1,-1.273416916E1,2.129022675E0,-4.113595734E0
5.012985754E1,-1.314581314E1,1.335373077E0,-3.566034393E0
5.013989854E1,-1.302920563E1,2.356100464E-1,-3.238665161E0
5.014993854E1,-1.215996323E1,-9.711804199E-1,-3.034040680E0
5.015997954E1,-1.091829529E1,-2.088307343E0,-2.684218140E0
5.017001954E1,-9.763596497E0,-3.085683289E0,-2.248623962E0
5.018005954E1,-8.846453705E0,-3.707789612E0,-1.811832275E0
5.019010054E1,-8.038134613E0,-4.075125732E0,-1.275198212E0
5.020014054E1,-7.242988129E0,-4.214635620E0,-1.019529877E0
5.021018154E1,-6.678212585E0,-4.018842773E0,-6.354286194E-1
5.022022154E1,-5.963898010E0,-3.459456024E0,-7.045848083E-1
5.023026254E1,-4.870571594E0,-2.705024872E0,-8.403524780E-1
5.024030254E1,-4.273163910E0,-1.996847534E0,-8.048762512E-1
5.025034354E1,-3.874393158E0,-1.220112762E0,-7.572752380E-1
5.026038354E1,-3.639082489E0,-2.026785278E-1,-8.526269531E-1
5.027042454E1,-3.607797546E0,8.304730225E-1,-4.845423889E-1
5.028046454E1,-3.693269806E0,1.798060913E0,-4.333488464E-1
5.029050554E1,-4.048481140E0,2.629282379E0,-3.182382202E-1
5.030054554E1,-4.748724976E0,3.022664337E0,-2.136058044E-1
5.031058554E1,-5.636229401E0,3.098257141E0,-9.804611206E-2
5.032062654E1,-6.383475494E0,2.934497681E0,1.796264648E-2
5.033066654E1,-7.064259796E0,2.619253235E0,-8.128097534E-2
5.034070754E1,-7.873177643E0,2.347268829E0,-1.760339355E-1
5.035074754E1,-8.655750275E0,2.179467773E0,-3.242257690E-1
5.036078854E1,-9.134305115E0,2.026934967E0,-5.466632080E-1
5.037082854E1,-9.369615784E0,1.904938660E0,-6.899153137E-1
5.038086954E1,-9.455537109E0,1.746268616E0,-7.891589355E-1
5.039090954E1,-9.356143799E0,1.571731567E0,-8.467890930E-1
5.040095054E1,-9.336534576E0,1.209335175E0,-7.619155884E-1
5.041099054E1,-9.546697540E0,7.993377686E-1,-4.617897034E-1
5.042103154E1,-9.818083191E0,3.773652649E-1,1.883084106E-1
5.043107154E1,-9.973310394E0,-2.469863892E-2,9.065148926E-1
5.044111254E1,-9.898615723E0,-4.227209473E-1,1.318009186E0
5.045115254E1,-9.650132446E0,-1.061891785E0,1.371747437E0
5.046119254E1,-9.367819519E0,-1.980980530E0,1.328936462E0
5.047123354E1,-9.448950806E0,-2.755170593E0,8.467890930E-1
5.048127354E1,-1.028690826E1,-2.634072418E0,5.288502502E-1
5.049131454E1,-1.165790726E1,-1.718725891E0,7.924520874E-1
5.050135454E1,-1.302082306E1,-7.262896729E-1,1.152603149E0
5.051139554E1,-1.376776978E1,-9.909393311E-2,1.628912659E0
5.052143554E1,-1.391910507E1,3.215313721E-1,1.774559784E0
5.053147654E1,-1.391311752E1,3.514691162E-1,2.008822632E0
5.054151704E1,-1.384830231E1,-6.033952332E-1,2.908751221E0
5.055155804E1,-1.351629272E1,-1.619482269E0,3.458108826E0
5.056159804E1,-1.282727554E1,-1.535806274E0,2.308948517E0
5.057163904E1,-1.141181900E1,-9.502239990E-1,-2.415975952E-1
5.058167904E1,-1.039513321E1,4.299060059E-1,-3.121758270E0
5.059172004E1,-1.136796021E1,2.912044373E0,-4.654121704E0
5.060176004E1,-1.313533493E1,4.983137512E0,-6.305637360E0
5.061180004E1,-1.331615891E1,5.552403717E0,-8.257578278E0
5.062184104E1,-1.280557068E1,4.368216248E0,-8.850046234E0
5.063188104E1,-1.225905716E1,2.176174622E0,-8.540789337E0
5.064192204E1,-1.185699326E1,8.089178467E-1,-7.264393616E0
5.065196204E1,-1.137319931E1,-4.805007935E-2,-6.038892059E0
5.066200304E1,-1.067115921E1,-1.387015686E0,-5.230123901E0
5.067204304E1,-1.038315811E1,-2.392175446E0,-4.727618866E0
5.068208404E1,-1.035756134E1,-2.564018097E0,-4.294270020E0
5.069212404E1,-1.048374893E1,-2.306403809E0,-3.886368256E0
5.070216504E1,-1.053509216E1,-2.033521271E0,-3.446882172E0
5.071220504E1,-1.048270111E1,-1.624122620E0,-2.787353668E0
5.072224604E1,-1.005025040E1,-6.878196716E-1,-2.297272797E0
5.073228604E1,-9.217382355E0,3.640429688E-1,-1.858834534E0
5.074232704E1,-8.510402527E0,1.391955414E0,-1.420396271E0
5.075236704E1,-8.001460876E0,2.389780426E0,-1.180744629E0
5.076240704E1,-7.603139191E0,3.239563293E0,-1.044976959E0
5.077244804E1,-7.082970886E0,3.660188599E0,-1.331630859E0
5.078248804E1,-6.273753662E0,3.685935059E0,-1.661245422E0
5.079252904E1,-5.444328461E0,3.178789673E0,-1.383123779E0
5.080256904E1,-5.328469391E0,1.985471191E0,-9.487271118E-1
5.081261004E1,-5.343288574E0,8.042774963E-1,-1.059347076E0
5.082265004E1,-5.067861328E0,-1.067280579E-1,-9.488768005E-1
5.083269104E1,-4.396208038E0,-7.445516968E-1,-4.372407532E-1
5.084273104E1,-4.555626526E0,-1.814826050E0,6.421646118E-2
5.085277204E1,-5.263504486E0,-2.968626709E0,2.058219910E-1
5.086281204E1,-5.833968201E0,-3.819906464E0,5.676196289E-1
5.087285304E1,-6.382427673E0,-4.292024689E0,7.541317749E-1
5.088289304E1,-7.149881744E0,-4.406087494E0,7.424560547E-1
5.089293404E1,-8.213420105E0,-4.388573914E0,7.788304138E-1
5.090297404E1,-9.269923096E0,-4.258344727E0,6.132746887E-1
5.091301504E1,-9.978549500E0,-3.705993347E0,4.385879517E-1
5.092305504E1,-9.949809265E0,-3.046614532E0,2.685415649E-1
5.093309504E1,-9.694739685E0,-2.621648254E0,1.164578247E-1
5.094313604E1,-9.376501465E0,-2.110311584E0,-1.389111328E-1
5.095317604E1,-9.040001221E0,-1.652413788E0,-4.372407532E-1
5.096321704E1,-8.938362579E0,-1.469643860E0,-5.054988098E-1
5.097325704E1,-8.836574249E0,-1.523681488E0,-2.186952209E-1
5.098329804E1,-8.977880402E0,-1.633403320E0,1.913021851E-1
5.099333804E1,-9.238638153E0,-1.526525574E0,6.297404480E-1
5.100337904E1,-9.395960999E0,-1.098116455E0,1.022673340E0
5.101341904E1,-9.341025238E0,-5.210664368E-1,1.039887543E0
5.102346004E1,-9.514664154E0,-1.865121460E-1,8.523275757E-1
5.103350004E1,-1.022598495E1,6.271957397E-2,6.071374512E-1
5.104354104E1,-1.116573074E1,1.366658020E-1,4.638853455E-1
5.105358104E1,-1.196312256E1,-5.740562439E-1,2.381547546E-1
5.106362204E1,-1.259825180E1,-2.092049561E0,2.508782959E-1
5.107366204E1,-1.266755768E1,-3.865262146E0,6.623725891E-1
5.108370304E1,-1.239213043E1,-4.787793732E0,1.175804901E0
5.109374304E1,-1.216220856E1,-4.575834503E0,1.296454010E0
5.110378404E1,-1.191537186E1,-3.760030975E0,1.017284546E0
5.111382404E1,-1.178753769E1,-2.770738220E0,-1.276844788E-1
5.112386504E1,-1.188663162E1,-1.535357208E0,-2.069147186E0
5.113390504E1,-1.191207870E1,-3.367996216E-1,-4.057312775E0
5.114394504E1,-1.203647003E1,-1.206491089E-1,-5.484894104E0
5.115398604E1,-1.248763184E1,-1.291214905E0,-6.489155731E0
5.116402604E1,-1.246877106E1,-1.195563812E0,-7.873477020E0
5.117406704E1,-1.223600510E1,2.469863892E-2,-8.467591553E0
5.118410704E1,-1.261486725E1,4.574487305E-1,-7.922874298E0
5.119414804E1,-1.252460495E1,7.939489746E-1,-7.159910889E0
5.120418804E1,-1.188573349E1,1.251397705E0,-6.129753113E0
5.121422904E1,-1.138682098E1,1.718725891E0,-5.195396118E0
5.122426904E1,-1.139176071E1,1.565893707E0,-4.373455353E0
5.123431004E1,-1.195533875E1,1.035396881E0,-3.794609070E0
5.124435004E1,-1.262594421E1,2.624043274E-1,-3.435056763E0
5.125439104E1,-1.319925201E1,-7.036866760E-1,-3.225642242E0
5.126443104E1,-1.307486069E1,-1.655856628E0,-2.963836670E0
5.127447204E1,-1.223510696E1,-2.749632111E0,-2.482737122E0
5.128451204E1,-1.106154739E1,-3.700305176E0,-1.996847534E0
5.129455304E1,-9.868079224E0,-4.417613525E0,-1.353784790E0
5.130459304E1,-8.938661957E0,-4.762496338E0,-7.557783508E-1
5.131463404E1,-7.916138306E0,-4.846022644E0,-4.367916870E-1
5.132467404E1,-6.961723022E0,-4.826263733E0,-2.576142883E-1
5.133471504E1,-6.322552185E0,-4.555626526E0,-2.722837830E-1
5.134475504E1,-5.357958069E0,-3.750001831E0,-5.682183838E-1
5.135479604E1,-4.511767731E0,-2.566263428E0,-5.896238708E-1
5.136483604E1,-3.973936157E0,-1.418150940E0,-7.732919312E-1
5.137487604E1,-3.495680695E0,-2.426454163E-1,-8.445437622E-1
5.138491704E1,-3.254981232E0,8.270301819E-1,-6.586303711E-1
5.139495704E1,-3.130589905E0,1.786534882E0,-5.415737915E-1
5.140499804E1,-3.606450348E0,2.125879211E0,-1.823208618E-1
5.141503804E1,-4.781357117E0,2.410736847E0,5.493576050E-2
5.142507904E1,-5.996081085E0,2.699187012E0,-9.595046997E-2
5.143511904E1,-7.282505951E0,2.854414215E0,-1.990859985E-2
5.144516004E1,-8.851543121E0,2.780318298E0,9.699829102E-2
5.145520004E1,-1.009545639E1,2.582729187E0,-1.315763855E-1
5.146524104E1,-1.076022400E1,2.318079529E0,-3.263214111E-1
5.147528104E1,-1.059586578E1,2.071392517E0,-6.029461670E-1
5.148532204E1,-1.002435425E1,1.893861694E0,-7.782316589E-1
5.149536204E1,-9.400002594E0,1.777403870E0,-8.484356689E-1
5.150540304E1,-8.790769501E0,1.609902191E0,-6.780899048E-1
5.151544304E1,-8.320597229E0,1.343905334E0,-1.748364258E-1
5.152548404E1,-8.134983215E0,9.499246216E-1,2.676434326E-1
5.153552404E1,-8.152496796E0,4.378395081E-1,4.920268250E-1
5.154556471E1,-8.298443298E0,-1.883084106E-1,7.930508423E-1
5.155560471E1,-8.552914124E0,-6.929090881E-1,1.171763306E0
5.156564571E1,-8.788524170E0,-8.770262146E-1,1.198407898E0
5.157568571E1,-8.934171295E0,-8.870553589E-1,8.860075378E-1
5.158572671E1,-9.081614685E0,-6.724017334E-1,1.862127686E-1
5.159576671E1,-9.718091125E0,-5.156776428E-1,-1.953437805E-1
5.160580771E1,-1.124731110E1,-5.141807556E-1,3.293151855E-3
5.161584771E1,-1.328232925E1,-4.210743713E-1,3.854484558E-1
5.162588871E1,-1.487501724E1,-6.752458191E-1,1.002016296E0
5.163592871E1,-1.560235474E1,-1.308279419E0,1.469943237E0
5.164596971E1,-1.558798462E1,-1.721869354E0,1.940115509E0
5.165600971E1,-1.511152542E1,-1.808688812E0,2.203118591E0
5.166604971E1,-1.420066956E1,-1.541644135E0,1.660646667E0
5.167609071E1,-1.317440369E1,-1.393003235E0,4.171824646E-1
5.168613071E1,-1.169128784E1,-1.273252258E0,-1.114133148E0
5.169617171E1,-1.097218323E1,5.433700562E-2,-2.783012695E0
5.170621171E1,-1.186118454E1,2.155367889E0,-3.902534637E0
5.171625271E1,-1.243898300E1,3.127296753E0,-5.909111938E0
5.172629271E1,-1.225621307E1,3.102298737E0,-6.693630524E0
5.173633371E1,-1.179202835E1,2.513572998E0,-6.590494995E0
5.174637371E1,-1.081994980E1,1.807341614E0,-6.465205536E0
5.175641471E1,-1.018931122E1,1.014739838E0,-5.770200806E0
5.176645471E1,-9.745783539E0,1.004411316E-1,-5.146747284E0
5.177649571E1,-9.413474579E0,-1.179547119E0,-4.732408905E0
5.178653571E1,-9.628427582E0,-1.861678619E0,-4.372557220E0
5.179657671E1,-1.016191818E1,-1.694775696E0,-3.733985138E0
5.180661671E1,-1.059870987E1,-1.303190002E0,-3.507655792E0
5.181665771E1,-1.099164276E1,-9.355545044E-1,-3.405418396E0
5.182669771E1,-1.105511078E1,-2.230361938E-1,-3.241509247E0
5.183673871E1,-1.062206131E1,5.442681885E-1,-2.851420441E0
5.184677871E1,-1.017853363E1,1.217118988E0,-2.255509644E0
5.185681971E1,-9.792636108E0,1.794468384E0,-1.852697296E0
5.186685971E1,-9.445807343E0,2.333796844E0,-1.618434448E0
5.187690071E1,-9.205257568E0,2.708168335E0,-1.584155731E0
5.188694071E1,-8.620274048E0,2.863096161E0,-1.956581268E0
5.189698171E1,-7.561376038E0,2.783761139E0,-2.047891388E0
5.190702171E1,-6.847809906E0,2.233505402E0,-1.699565735E0
5.191706271E1,-5.952072601E0,1.426383820E0,-1.522334290E0
5.192710271E1,-5.389991455E0,5.346881104E-1,-1.069974976E0
5.193714371E1,-5.147196350E0,-3.516188049E-1,-8.593629456E-1
5.194718371E1,-4.600084076E0,-1.285377045E0,-6.491999817E-1
5.195722471E1,-4.331841888E0,-2.176174622E0,-1.031355286E-1
5.196726471E1,-4.724176025E0,-2.941083984E0,6.827302551E-1
5.197730471E1,-5.509443054E0,-3.589236145E0,1.127754822E0
5.198734571E1,-6.352489929E0,-4.089795227E0,1.160087585E0
5.199738571E1,-7.253466339E0,-4.375101929E0,9.466314697E-1
5.200742671E1,-8.294701080E0,-4.458029480E0,7.342231750E-1
5.201746671E1,-9.213490448E0,-4.295467529E0,5.298980713E-1
5.202750771E1,-9.725725250E0,-3.789369965E0,2.643502808E-1
5.203754771E1,-9.863887939E0,-3.143762512E0,1.966909790E-1
5.204758871E1,-9.776170349E0,-2.641556854E0,4.221221924E-2
5.205762871E1,-9.789642334E0,-2.177970886E0,-7.155120850E-2
5.206766971E1,-9.618548126E0,-1.708547058E0,-2.591111755E-1
5.207770971E1,-9.416019287E0,-1.375489655E0,-2.119592285E-1
5.208775071E1,-9.195976868E0,-1.029109955E0,-1.332229614E-1
5.209779071E1,-8.941356354E0,-6.938072205E-1,7.738906860E-2
5.210783171E1,-8.740174713E0,-5.647755432E-1,3.984713745E-1
5.211787171E1,-8.616082764E0,-4.860392761E-1,6.948550415E-1
5.212791271E1,-8.772507477E0,-3.839515686E-1,8.550219727E-1
5.213795271E1,-9.169332275E0,-8.532257080E-2,8.693920898E-1
5.214799371E1,-9.642348633E0,1.859133911E-1,6.866221619E-1
5.215803371E1,-1.005968079E1,2.544708252E-2,4.315525818E-1
5.216807471E1,-1.047177383E1,-4.743635559E-1,1.724414062E-1
5.217811471E1,-1.101783829E1,-1.093625793E0,7.559280396E-2
5.218815571E1,-1.141810593E1,-1.734592896E0,3.661386108E-1
5.219819571E1,-1.162168259E1,-2.034718781E0,7.839198303E-1
5.220823671E1,-1.177631104E1,-1.772164764E0,9.705816650E-1
5.221827671E1,-1.181223633E1,-1.423539734E0,1.116228790E0
5.222831771E1,-1.198063614E1,-1.028810577E0,1.131047974E0
5.223835771E1,-1.202374649E1,-6.950047302E-1,9.901908875E-1
5.224839871E1,-1.181328415E1,-3.432362366E-1,2.600093079E-1
5.225843871E1,-1.110854965E1,-4.605921936E-1,-7.111711121E-1
5.226847971E1,-1.072205338E1,-1.392404480E0,-2.117197266E0
5.227851971E1,-1.103789658E1,-2.734812927E0,-3.404669952E0
5.228856071E1,-1.125344833E1,-3.565585327E0,-4.410877533E0
5.229860071E1,-1.111483658E1,-3.753444672E0,-6.099515991E0
5.230864171E1,-1.071666458E1,-3.667074280E0,-7.394922180E0
5.231868171E1,-1.066068100E1,-2.636617126E0,-7.726632385E0
5.232872271E1,-1.082608704E1,-4.683760071E-1,-7.549850006E0
5.233876271E1,-1.069211563E1,1.338366852E0,-6.795568542E0
5.234880371E1,-1.073223221E1,2.240690460E0,-5.901028748E0
5.235884371E1,-1.156450150E1,2.960842896E0,-5.219196625E0
5.236888471E1,-1.233944000E1,3.185226288E0,-4.889432373E0
5.237892471E1,-1.298983749E1,2.441423035E0,-4.514761505E0
5.238896571E1,-1.368124969E1,1.249751129E0,-4.309837646E0
5.239900571E1,-1.381701736E1,3.677851868E-1,-4.069287872E0
5.240904671E1,-1.302321808E1,-5.739065552E-1,-3.464246063E0
5.241908671E1,-1.197928894E1,-1.916913757E0,-2.649640045E0
5.242912771E1,-1.069166656E1,-3.185825043E0,-1.980830841E0
5.243916771E1,-9.484726410E0,-3.970193939E0,-1.257684631E0
5.244920771E1,-8.855734406E0,-4.471651154E0,-6.659651184E-1
5.245924871E1,-8.367599487E0,-4.622687073E0,-4.629872131E-1
5.246928871E1,-7.893235931E0,-4.388274536E0,-3.164419556E-1
5.247932971E1,-7.339836731E0,-3.992347870E0,-1.457968140E-1
5.248936971E1,-6.947352905E0,-3.302133179E0,-2.424957275E-1
5.249941071E1,-6.429878998E0,-2.342029724E0,-4.466711426E-1
5.250945071E1,-6.183940430E0,-1.360820160E0,-5.059478760E-1
5.251949171E1,-6.084696808E0,-2.007325745E-1,-7.661068726E-1
5.252953171E1,-5.904022522E0,8.325686646E-1,-8.463400269E-1
5.253957258E1,-5.931415558E0,1.543141022E0,-8.458909607E-1
5.254961258E1,-6.166576538E0,1.899400177E0,-7.613168335E-1
5.255965358E1,-6.648574219E0,1.965263214E0,-5.649252319E-1
5.256969358E1,-7.372019806E0,1.896705780E0,-4.252656555E-1
5.257973458E1,-8.262667694E0,1.638043671E0,-4.260140991E-1
5.258977458E1,-8.965007172E0,1.344204712E0,-7.294331360E-1
5.259981558E1,-9.456435242E0,1.170416107E0,-1.175056458E0
5.260985558E1,-9.702074432E0,1.015637970E0,-1.403032379E0
5.261989658E1,-9.636660461E0,9.204359436E-1,-1.564396820E0
5.262993658E1,-9.286538544E0,8.184979248E-1,-1.624721375E0
5.263997758E1,-8.810977478E0,7.523355103E-1,-1.372795258E0
5.265001758E1,-8.370443573E0,7.650590515E-1,-1.011895752E0
5.266005858E1,-7.984396362E0,8.376580811E-1,-6.197113037E-1
5.267009858E1,-7.723039856E0,8.958869934E-1,-1.778302002E-1
5.268013958E1,-7.488178253E0,7.978408813E-1,1.543290710E-1
5.269017958E1,-7.233707428E0,4.721182251E-1,2.387535095E-1
5.270022058E1,-7.014413452E0,7.993377686E-2,2.335144043E-2
5.271026058E1,-6.911726990E0,-3.017724609E-1,-2.038760376E-1
5.272030158E1,-7.125931549E0,-6.186634827E-1,-2.164498901E-1
5.273034158E1,-7.712112579E0,-9.213340759E-1,-7.005432129E-2
5.274038258E1,-8.335266724E0,-1.147813110E0,9.879455566E-3
5.275042258E1,-9.061406708E0,-1.357976074E0,4.595443726E-2
5.276046358E1,-9.802365875E0,-1.589245148E0,-7.200027466E-2
5.277050358E1,-1.051817734E1,-1.843865662E0,-3.697311401E-1
5.278054458E1,-1.118234619E1,-2.116897888E0,-6.827302551E-1
5.279058458E1,-1.163260986E1,-2.369572449E0,-9.535171509E-1
5.280062558E1,-1.195039902E1,-2.575095062E0,-1.190773773E0
5.281066558E1,-1.237850876E1,-2.648741913E0,-1.134341125E0
5.282070658E1,-1.288610321E1,-2.442021790E0,-7.788304138E-1
5.283074658E1,-1.323981766E1,-2.152374115E0,-2.496807861E-1
5.284078758E1,-1.326331879E1,-1.963017883E0,1.995350647E-1
5.285082758E1,-1.293879364E1,-1.754351807E0,4.698728943E-1
5.286086858E1,-1.236144424E1,-1.496737518E0,6.936575317E-1
5.287090858E1,-1.173245224E1,-9.949809265E-1,8.150550842E-1
5.288094958E1,-1.110121490E1,-4.140390015E-1,7.649093628E-1
5.289098958E1,-1.059571609E1,2.065704346E-2,4.885839844E-1
5.290103058E1,-1.035756134E1,3.706292725E-1,1.764830017E-1
5.291107058E1,-1.048524582E1,6.929090881E-1,1.091230774E-1
5.292111158E1,-1.104792572E1,1.041234741E0,-5.043013000E-1
5.293115158E1,-1.148411865E1,1.300794983E0,-1.856140137E0
5.294119258E1,-1.143996048E1,1.563348999E0,-3.366649017E0
5.295123258E1,-1.135179382E1,1.921703796E0,-4.500840454E0
5.296127358E1,-1.121378082E1,2.174078979E0,-5.165158997E0
5.297131358E1,-1.052895493E1,1.876048737E0,-5.522765350E0
5.298135458E1,-9.524543610E0,7.441026306E-1,-5.491181030E0
5.299139458E1,-8.912316742E0,-7.074288940E-1,-4.950655060E0
5.300143558E1,-9.007219391E0,-1.774859161E0,-4.192332001E0
5.301147558E1,-9.217981110E0,-2.412533112E0,-3.534899139E0
5.302151658E1,-9.399254150E0,-2.986439667E0,-2.884950714E0
5.303155658E1,-9.763147430E0,-3.045716400E0,-2.786605225E0
5.304159758E1,-1.015817596E1,-2.919079742E0,-3.012485504E0
5.305163758E1,-1.061367874E1,-2.858006744E0,-3.083437958E0
5.306167858E1,-1.095272369E1,-2.572700043E0,-3.343447266E0
5.307171858E1,-1.122081619E1,-2.002835083E0,-3.754043427E0
5.308175958E1,-1.118848343E1,-1.269060974E0,-4.065845032E0
5.309179958E1,-1.082683548E1,-5.948629761E-1,-4.119583282E0
5.310184058E1,-1.032657578E1,1.004411316E-1,-3.808530121E0
5.311188058E1,-9.868228912E0,7.417076111E-1,-3.485501862E0
5.312192158E1,-9.446106720E0,1.171912994E0,-3.171305237E0
5.313196158E1,-9.020391998E0,1.029409332E0,-2.799179077E0
5.314200258E1,-8.580456848E0,5.261558533E-1,-2.525697784E0
5.315204258E1,-8.179740143E0,1.541793823E-2,-2.266586609E0
5.316208358E1,-7.455695801E0,-4.040098572E-1,-2.270328827E0
5.317212358E1,-6.707401886E0,-8.488847351E-1,-2.286495209E0
5.318216458E1,-6.254593506E0,-1.190773773E0,-2.165397034E0
5.319220458E1,-6.123017120E0,-1.477727051E0,-1.895957336E0
5.320224558E1,-6.424939270E0,-1.794019318E0,-1.633553009E0
5.321228558E1,-7.025340729E0,-2.041754150E0,-1.459315338E0
5.322232658E1,-7.755372620E0,-2.263143768E0,-1.324445801E0
5.323236658E1,-8.539292450E0,-2.512974243E0,-1.176253967E0
5.324240758E1,-9.214388580E0,-2.709964600E0,-1.148711243E0
5.325244758E1,-9.625284119E0,-2.808759155E0,-1.311422882E0
5.326248858E1,-9.767338715E0,-2.861449585E0,-1.598525848E0
5.327252858E1,-9.614805908E0,-2.786305847E0,-1.891915741E0
5.328256958E1,-9.302405548E0,-2.624192963E0,-2.019151154E0
5.329260958E1,-9.117989044E0,-2.266287231E0,-2.007924500E0
5.330265058E1,-9.119785309E0,-1.818418579E0,-1.951491852E0
5.331269058E1,-9.346114655E0,-1.472038879E0,-1.814826050E0
5.332273158E1,-9.659862213E0,-1.181642761E0,-1.813927917E0
5.333277158E1,-9.894873505E0,-9.928852844E-1,-1.914818115E0
5.334281258E1,-9.947414246E0,-9.478289795E-1,-2.198178864E0
5.335285258E1,-9.956994324E0,-1.147214355E0,-2.460583191E0
5.336289358E1,-9.947414246E0,-1.385369110E0,-2.627186737E0
5.337293358E1,-9.779164124E0,-1.485361176E0,-2.791245575E0
5.338297458E1,-9.621541901E0,-1.556463318E0,-2.771786041E0
5.339301458E1,-9.677525482E0,-1.501527557E0,-2.496209106E0
5.340305558E1,-9.759854279E0,-1.232836304E0,-2.085762634E0
5.341309558E1,-9.709858246E0,-8.478369141E-1,-1.687440948E0
5.342313658E1,-9.578730927E0,-3.438349915E-1,-1.421444092E0
5.343317658E1,-9.372010803E0,1.654060364E-1,-1.417701874E0
5.344321758E1,-9.202263794E0,4.418811035E-1,-1.464853821E0
5.345325758E1,-9.201964417E0,5.152285767E-1,-1.592388611E0
5.346329858E1,-9.304800568E0,4.176315308E-1,-1.668879547E0
5.347333858E1,-9.428742828E0,1.520837402E-1,-1.801054688E0
5.348337958E1,-9.637857971E0,-1.484912109E-1,-1.953288116E0
5.349341958E1,-9.807455292E0,-4.616400146E-1,-1.990410919E0
5.350346058E1,-9.830357666E0,-8.575666809E-1,-2.105521545E0
5.351350058E1,-9.750723267E0,-1.305734711E0,-2.230062561E0
5.352354158E1,-9.767039337E0,-1.738933868E0,-2.299967194E0
5.353358158E1,-9.777517548E0,-2.016007690E0,-2.310146027E0
5.354362254E1,-9.762398987E0,-2.058219910E0,-2.319277039E0
5.355366254E1,-9.649683380E0,-1.872905273E0,-2.209704895E0
5.356370354E1,-9.520651703E0,-1.683099976E0,-1.976340179E0
5.357374354E1,-9.349108429E0,-1.479972382E0,-1.749112701E0
5.358378454E1,-9.214987335E0,-1.313219147E0,-1.533560944E0
5.359382454E1,-9.126970367E0,-1.259181519E0,-1.345252533E0
5.360386554E1,-9.073830872E0,-1.218615875E0,-1.284179535E0
5.361390554E1,-9.028624878E0,-1.163979492E0,-1.381477203E0
5.362394654E1,-9.112899628E0,-1.080453186E0,-1.557660828E0
5.363398654E1,-9.247469788E0,-9.970765686E-1,-1.749112701E0
5.364402754E1,-9.445208588E0,-8.554710388E-1,-1.928739166E0
5.365406754E1,-9.642797699E0,-7.119195557E-1,-2.036365356E0
5.366410854E1,-9.843081207E0,-6.649172974E-1,-2.025288391E0
5.367414854E1,-9.986033936E0,-6.924600220E-1,-1.842668152E0
5.368418954E1,-1.004441254E1,-6.997947693E-1,-1.688339081E0
5.369422954E1,-9.971663818E0,-7.294331360E-1,-1.538051605E0
5.370427054E1,-9.783505096E0,-6.956034851E-1,-1.325643311E0
5.371431054E1,-9.552086334E0,-6.764433289E-1,-1.217268677E0
5.372435154E1,-9.369316406E0,-7.225474548E-1,-1.174757080E0
5.373439154E1,-9.314530334E0,-7.710466003E-1,-1.192719727E0
5.374443254E1,-9.349407806E0,-7.972421265E-1,-1.217418365E0
5.375447254E1,-9.431287537E0,-8.259823608E-1,-1.231788483E0
5.376451354E1,-9.518556061E0,-8.887019348E-1,-1.307530975E0
5.377455354E1,-9.568402405E0,-9.571096802E-1,-1.395547943E0
5.378459454E1,-9.570797424E0,-9.725276184E-1,-1.512155457E0
5.379463454E1,-9.625284119E0,-9.737251282E-1,-1.629062347E0
5.380467554E1,-9.691745911E0,-9.243278503E-1,-1.701362000E0
5.381471554E1,-9.768685913E0,-8.294252014E-1,-1.675615540E0
5.382475654E1,-9.901160431E0,-8.271798706E-1,-1.580862579E0
5.383479654E1,-1.001088226E1,-8.696914673E-1,-1.497036896E0
5.384483754E1,-1.002959335E1,-8.934919739E-1,-1.466201019E0
5.385487754E1,-9.937385101E0,-8.845106506E-1,-1.422641602E0
5.386491854E1,-9.789043579E0,-8.545729065E-1,-1.379082184E0
5.387495854E1,-9.626631317E0,-8.550219727E-1,-1.378184052E0
5.388499954E1,-9.526339874E0,-8.728349304E-1,-1.281185760E0
5.389503954E1,-9.454788666E0,-8.806187439E-1,-1.176253967E0
5.390508054E1,-9.435927887E0,-9.059161377E-1,-1.104403381E0
5.391512054E1,-9.485175476E0,-9.331594849E-1,-1.078058167E0
5.392516154E1,-9.539662170E0,-1.059047699E0,-1.109492798E0
5.393520154E1,-9.644893341E0,-1.106199646E0,-1.213376770E0
5.394524254E1,-9.670789490E0,-8.735833740E-1,-1.350042572E0
5.395528254E1,-9.632169800E0,-7.168592834E-1,-1.358574829E0
5.396532354E1,-9.627978516E0,-6.158193970E-1,-1.313668213E0
5.397536454E1,-9.578730927E0,-4.616400146E-1,-1.252744904E0
5.398540454E1,-9.498797150E0,-3.826043701E-1,-1.210233307E0
5.399544554E1,-9.461824036E0,-4.248165894E-1,-1.151106262E0
5.400548554E1,-9.570348358E0,-5.147795105E-1,-1.113085327E0
5.401552654E1,-9.652677155E0,-5.839356995E-1,-1.136137390E0
5.402556654E1,-9.800419922E0,-6.623725891E-1,-1.226250000E0
5.403560754E1,-9.878856812E0,-6.933581543E-1,-1.309776306E0
5.404564754E1,-9.866582336E0,-7.345225525E-1,-1.343755646E0
5.405568854E1,-9.761201477E0,-7.572752380E-1,-1.287622375E0
5.406572854E1,-9.652976532E0,-7.759863281E-1,-1.224453735E0
5.407576954E1,-9.562414856E0,-7.818241882E-1,-1.148262177E0
5.408580954E1,-9.546098785E0,-7.559280396E-1,-1.129102020E0
5.409585054E1,-9.576635284E0,-7.041357422E-1,-1.118773499E0
5.410589054E1,-9.645492096E0,-6.732998657E-1,-1.166374512E0
5.411593154E1,-9.701176300E0,-6.580316162E-1,-1.186432800E0
5.412597154E1,-9.727820892E0,-6.361770630E-1,-1.180445251E0
5.413601254E1,-9.720935211E0,-7.101232910E-1,-1.155896301E0
5.414605254E1,-9.722731476E0,-7.634124756E-1,-1.109642487E0
5.415609354E1,-9.727521515E0,-7.857160950E-1,-1.099313965E0
5.416613354E1,-9.737999725E0,-7.695497131E-1,-1.077459412E0
5.417617454E1,-9.710157623E0,-7.470964050E-1,-1.074615326E0
5.418621454E1,-9.620643768E0,-6.978488159E-1,-1.080902252E0
5.419625554E1,-9.533524933E0,-6.460565186E-1,-1.112636261E0
5.420629554E1,-9.506580963E0,-6.158193970E-1,-1.153800659E0
5.421633654E1,-9.538015594E0,-5.902226257E-1,-1.197509766E0
5.422637654E1,-9.713151398E0,-5.357359314E-1,-1.225800934E0
5.423641754E1,-9.933792572E0,-4.836442566E-1,-1.274150391E0
5.424645754E1,-9.995164948E0,-3.971241760E-1,-1.276844788E0
5.425649854E1,-9.963281250E0,-2.848576355E-1,-1.247056732E0
5.426653854E1,-9.835447083E0,-2.457888794E-1,-1.259031830E0
5.427657954E1,-9.692644043E0,-2.306703186E-1,-1.246607666E0
5.428662054E1,-9.577982483E0,-2.483335876E-1,-1.196911011E0
5.429666054E1,-9.501641235E0,-2.911445618E-1,-1.100661163E0
5.430670154E1,-9.488019562E0,-2.758763123E-1,-1.052910461E0
5.431674154E1,-9.504185944E0,-3.121009827E-1,-1.034049683E0
5.432678254E1,-9.568402405E0,-3.794609070E-1,-1.031055908E0
5.433682254E1,-9.652078400E0,-3.960763550E-1,-1.091081085E0
5.434686354E1,-9.710007935E0,-4.273612976E-1,-1.128203888E0
5.435690354E1,-9.760153656E0,-4.361929321E-1,-1.182391205E0
5.436694454E1,-9.775272217E0,-4.001179504E-1,-1.199605408E0
5.437698454E1,-9.734556885E0,-3.372486877E-1,-1.229842529E0
5.438702554E1,-9.687255249E0,-3.061134338E-1,-1.219813385E0
5.439706554E1,-9.649533691E0,-3.390449524E-1,-1.173260193E0
5.440710654E1,-9.627379761E0,-4.355941772E-1,-1.125958557E0
5.441714654E1,-9.632469177E0,-4.993615723E-1,-1.096170502E0
5.442718754E1,-9.658365326E0,-5.661227417E-1,-1.091979218E0
5.443722754E1,-9.705367584E0,-5.824388123E-1,-1.116528168E0
5.444726854E1,-9.729317780E0,-6.399192810E-1,-1.103056183E0
5.445730854E1,-9.721234589E0,-6.833290100E-1,-1.063837738E0
5.446734954E1,-9.752818909E0,-6.741979980E-1,-1.007554779E0
5.447738954E1,-9.784702606E0,-6.611750793E-1,-1.034498749E0
5.448743054E1,-9.771979065E0,-6.935078430E-1,-1.072669373E0
5.449747054E1,-9.705517273E0,-6.596781921E-1,-1.104403381E0
5.450751154E1,-9.596992950E0,-6.149212646E-1,-1.089135132E0
5.451755154E1,-9.536818085E0,-5.837860107E-1,-1.037342834E0
5.452759254E1,-9.560169525E0,-5.604345703E-1,-9.695338440E-1
5.453763354E1,-9.603130188E0,-5.463638306E-1,-9.503736877E-1
5.454767408E1,-9.626182251E0,-5.043013000E-1,-9.584568787E-1
5.455771508E1,-9.617649994E0,-5.116360474E-1,-9.909393311E-1
5.456775508E1,-9.624086609E0,-5.536985779E-1,-1.015188904E0
5.457779608E1,-9.673184509E0,-6.144721985E-1,-1.068178711E0
5.458783608E1,-9.749675446E0,-6.893165588E-1,-1.052611084E0
5.459787708E1,-9.787696381E0,-7.354206848E-1,-1.032403107E0
5.460791708E1,-9.823322296E0,-7.384144592E-1,-1.006506958E0
5.461795808E1,-9.843230896E0,-7.319778442E-1,-9.699829102E-1
5.462799808E1,-9.821526031E0,-6.692582703E-1,-9.379495239E-1
5.463803908E1,-9.718540192E0,-6.372248840E-1,-9.515711975E-1
5.464807908E1,-9.626930695E0,-6.107299805E-1,-9.485774231E-1
5.465812008E1,-9.549092560E0,-6.167175293E-1,-9.318122864E-1
5.466816008E1,-9.549092560E0,-6.158193970E-1,-9.343569946E-1
5.467820108E1,-9.603728943E0,-6.004014587E-1,-9.789642334E-1
5.468824108E1,-9.677974548E0,-5.288502502E-1,-1.048569489E0
5.469828208E1,-9.721084900E0,-4.980143738E-1,-1.114282837E0
5.470832308E1,-9.723479919E0,-5.294490051E-1,-1.138831787E0
5.471836308E1,-9.731413422E0,-5.481600952E-1,-1.077459412E0
5.472840408E1,-9.763895874E0,-6.042933655E-1,-9.801617432E-1
5.473844408E1,-9.801318054E0,-6.471043396E-1,-9.250762939E-1
5.474848508E1,-9.765392761E0,-7.084767151E-1,-9.330097961E-1
5.475852508E1,-9.723928986E0,-7.385641479E-1,-1.004860382E0
5.476856608E1,-9.666598206E0,-7.671546936E-1,-1.001417542E0
5.477860608E1,-9.615704041E0,-7.963439941E-1,-9.698332214E-1
5.478864708E1,-9.637558594E0,-8.268804932E-1,-9.428892517E-1
5.479868708E1,-9.652677155E0,-8.219407654E-1,-9.451345825E-1
5.480872808E1,-9.661658478E0,-8.548722839E-1,-8.898994446E-1
5.481876808E1,-9.666149139E0,-8.306227112E-1,-8.873547363E-1
5.482880908E1,-9.673034821E0,-7.366181946E-1,-8.717871094E-1
5.483884908E1,-9.672286377E0,-6.788383484E-1,-8.732839966E-1
5.484889008E1,-9.676926727E0,-6.701564026E-1,-8.795709229E-1
5.485893008E1,-9.703870697E0,-6.661148071E-1,-9.012757874E-1
5.486897108E1,-9.702972565E0,-6.734495544E-1,-9.101074219E-1
5.487901108E1,-9.690847778E0,-7.065307617E-1,-9.716294861E-1
5.488905208E1,-9.696236572E0,-7.009922791E-1,-1.010698242E0
5.489909308E1,-9.676477661E0,-6.430627441E-1,-1.025667114E0
5.490913308E1,-9.692344666E0,-6.029461670E-1,-1.000220032E0
5.491917408E1,-9.661209412E0,-5.592370605E-1,-1.006207581E0
5.492921408E1,-9.630672913E0,-5.099894714E-1,-9.972262573E-1
5.493925508E1,-9.673483887E0,-5.155279541E-1,-9.741741943E-1
5.494929508E1,-9.715396729E0,-5.333409119E-1,-9.746232605E-1
5.495933608E1,-9.709259491E0,-5.180726624E-1,-1.029409332E0
5.496937608E1,-9.695787506E0,-4.650828552E-1,-1.094972992E0
5.497941708E1,-9.680519257E0,-4.095483398E-1,-1.110390930E0
5.498945708E1,-9.675878906E0,-3.606001282E-1,-1.074465637E0
5.499949808E1,-9.670939178E0,-3.348536682E-1,-1.040635986E0
5.500953808E1,-9.652228088E0,-3.926335144E-1,-1.023122406E0
5.501957908E1,-9.696535950E0,-4.700225830E-1,-1.034498749E0
5.502961908E1,-9.736652527E0,-5.360353088E-1,-1.069825287E0
5.503966008E1,-9.777667236E0,-5.574407959E-1,-1.083596649E0
5.504970108E1,-9.809401245E0,-5.692662048E-1,-1.051114197E0
5.505974108E1,-9.796977081E0,-5.631289673E-1,-1.025816803E0
5.506978208E1,-9.757459259E0,-5.969586182E-1,-9.958790588E-1
5.507982208E1,-9.739795990E0,-6.436614990E-1,-9.877958679E-1
5.508986308E1,-9.738448792E0,-7.008425903E-1,-1.014739838E0
5.509990308E1,-9.727820892E0,-7.054829407E-1,-1.043330383E0
5.510994408E1,-9.729018402E0,-6.700067139E-1,-1.020128632E0
5.511998408E1,-9.747430115E0,-6.056405640E-1,-9.138496399E-1
5.513002508E1,-9.749226379E0,-5.830375671E-1,-8.125103760E-1
5.514006508E1,-9.715995483E0,-5.718109131E-1,-7.788304138E-1
5.515010608E1,-9.653724976E0,-5.221142578E-1,-8.211923218E-1
5.516014608E1,-9.595795441E0,-4.243675232E-1,-9.078620911E-1
5.517018708E1,-9.531878357E0,-3.655398560E-1,-9.274713135E-1
5.518022708E1,-9.524992676E0,-3.258723450E-1,-9.050180054E-1
5.519026808E1,-9.510472870E0,-3.137475586E-1,-8.717871094E-1
5.520030908E1,-9.559121704E0,-3.535647583E-1,-8.928932190E-1
5.521034908E1,-9.609117737E0,-4.276606750E-1,-9.372010803E-1
5.522039008E1,-9.645492096E0,-4.760101318E-1,-1.001417542E0
5.523043008E1,-9.698481903E0,-5.098397827E-1,-1.033899994E0
5.524047108E1,-9.758806458E0,-5.183720398E-1,-1.078507233E0
5.525051108E1,-9.853110352E0,-4.796026611E-1,-1.112336884E0
5.526055208E1,-9.880802765E0,-4.140390015E-1,-1.078656921E0
5.527059208E1,-9.844727783E0,-4.188290405E-1,-1.035396881E0
5.528063308E1,-9.764195251E0,-4.147874451E-1,-9.954299927E-1
5.529067308E1,-9.675280151E0,-4.257147217E-1,-9.862989807E-1
5.530071408E1,-9.631571045E0,-4.442761230E-1,-1.015188904E0
5.531075408E1,-9.652677155E0,-4.683760071E-1,-1.028960266E0
5.532079508E1,-9.690847778E0,-5.427713013E-1,-1.034049683E0
5.533083508E1,-9.702373810E0,-5.923182678E-1,-1.019380188E0
5.534087608E1,-9.739346924E0,-6.695576477E-1,-9.852511597E-1
5.535091708E1,-9.783505096E0,-7.430548096E-1,-1.007405090E0
5.536095708E1,-9.769733734E0,-7.972421265E-1,-1.007704468E0
5.537099808E1,-9.745933228E0,-8.355624390E-1,-9.538165283E-1
5.538103808E1,-9.716294861E0,-8.231382751E-1,-8.846603394E-1
5.539107908E1,-9.685908051E0,-7.318281555E-1,-8.463400269E-1
5.540111908E1,-9.644444275E0,-5.983058167E-1,-8.611592102E-1
5.541116008E1,-9.623637543E0,-5.554948425E-1,-8.479866028E-1
5.542120008E1,-9.632768555E0,-5.210664368E-1,-8.316705322E-1
5.543124108E1,-9.656718750E0,-5.502557373E-1,-8.584648132E-1
5.544128108E1,-9.658664703E0,-5.825885010E-1,-8.586145020E-1
5.545132208E1,-9.639205170E0,-6.116281128E-1,-9.062155151E-1
5.546136208E1,-9.636061707E0,-6.233038330E-1,-9.075627136E-1
5.547140308E1,-9.631121979E0,-5.761518860E-1,-9.181906128E-1
5.548144408E1,-9.641600189E0,-5.309458923E-1,-9.241781616E-1
5.549148408E1,-9.670340424E0,-4.709207153E-1,-9.102571106E-1
5.550152508E1,-9.712402954E0,-4.052073669E-1,-9.131011963E-1
5.551156508E1,-9.757159882E0,-4.358935547E-1,-9.454339600E-1
5.552160608E1,-9.789342957E0,-4.140390015E-1,-9.601034546E-1
5.553164608E1,-9.789642334E0,-4.143383789E-1,-9.571096802E-1
5.554168667E1,-9.774374084E0,-4.275109863E-1,-9.222322083E-1
5.555172667E1,-9.759704590E0,-4.414320374E-1,-9.181906128E-1
5.556176767E1,-9.787397003E0,-4.936734009E-1,-9.859996033E-1
5.557180767E1,-9.769733734E0,-5.409750366E-1,-1.036893768E0
5.558184867E1,-9.709558868E0,-5.378315735E-1,-1.021924896E0
5.559188867E1,-9.697583771E0,-4.990621948E-1,-9.836045837E-1
5.560192967E1,-9.703870697E0,-5.041516113E-1,-9.442364502E-1
5.561196967E1,-9.726473694E0,-5.337899780E-1,-8.985813904E-1
5.562201067E1,-9.774074707E0,-6.007008362E-1,-8.857081604E-1
5.563205167E1,-9.751920776E0,-5.935157776E-1,-8.665480042E-1
5.564209167E1,-9.732760620E0,-6.042933655E-1,-8.758287048E-1
5.565213267E1,-9.709708557E0,-6.059399414E-1,-8.714877319E-1
5.566217267E1,-9.677824860E0,-5.863307190E-1,-8.289761353E-1
5.567221367E1,-9.668693848E0,-5.571414185E-1,-8.105644226E-1
5.568225367E1,-9.642049255E0,-5.519023132E-1,-7.979905701E-1
5.569229467E1,-9.626331940E0,-5.352868652E-1,-7.806266785E-1
5.570233467E1,-9.636510773E0,-5.180726624E-1,-7.707472229E-1
5.571237567E1,-9.663454742E0,-4.980143738E-1,-7.631130981E-1
5.572241567E1,-9.706116028E0,-5.336402893E-1,-7.373666382E-1
5.573245667E1,-9.740245056E0,-5.388793945E-1,-7.367678833E-1
5.574249667E1,-9.761051788E0,-5.560935974E-1,-7.780819702E-1
5.575253767E1,-9.747130737E0,-5.777984619E-1,-8.035290527E-1
5.576257767E1,-9.759704590E0,-5.951623535E-1,-8.363108826E-1
5.577261867E1,-9.760602722E0,-5.852828979E-1,-8.267308044E-1
5.578265867E1,-9.732610931E0,-5.674699402E-1,-8.110134888E-1
5.579269967E1,-9.724677429E0,-5.462141418E-1,-7.960446167E-1
5.580274067E1,-9.716594238E0,-5.167254639E-1,-7.942483521E-1
5.581278067E1,-9.718989258E0,-4.634362793E-1,-7.908055115E-1
5.582282167E1,-9.697583771E0,-4.596940613E-1,-7.749385071E-1
5.583286167E1,-9.690997467E0,-4.326004028E-1,-8.015830994E-1
5.584290267E1,-9.674082642E0,-3.531156921E-1,-8.490344238E-1
5.585294267E1,-9.659113770E0,-3.436853027E-1,-8.804690552E-1
5.586298367E1,-9.673184509E0,-3.617976379E-1,-9.020242310E-1
5.587302367E1,-9.671388245E0,-3.844006348E-1,-9.187893677E-1
5.588306467E1,-9.672286377E0,-3.965254211E-1,-9.222322083E-1
5.589310467E1,-9.685458984E0,-4.445755005E-1,-9.116043091E-1
5.590314567E1,-9.714947662E0,-4.634362793E-1,-9.162446594E-1
5.591318567E1,-9.721983032E0,-5.104385376E-1,-9.427395630E-1
5.592322667E1,-9.682465210E0,-5.529501343E-1,-9.116043091E-1
5.593326667E1,-9.646090851E0,-6.087840271E-1,-8.358618164E-1
5.594330767E1,-9.620344391E0,-6.188131714E-1,-8.183482361E-1
5.595334767E1,-9.620643768E0,-6.147715759E-1,-8.014334106E-1
5.596338867E1,-9.604477386E0,-5.791456604E-1,-8.425978088E-1
5.597342867E1,-9.634864197E0,-5.351371765E-1,-8.550219727E-1
5.598346967E1,-9.693542175E0,-5.086422729E-1,-8.822653198E-1
5.599351067E1,-9.769284668E0,-5.046006775E-1,-9.035211182E-1
5.600355067E1,-9.852062531E0,-5.270539856E-1,-9.271719360E-1
5.601359167E1,-9.866282959E0,-5.560935974E-1,-9.154962158E-1
5.602363167E1,-9.823921051E0,-5.894741821E-1,-9.246272278E-1
5.603367267E1,-9.730066223E0,-6.176156616E-1,-9.172924805E-1
5.604371267E1,-9.636660461E0,-6.242019653E-1,-8.919950867E-1
5.605375367E1,-9.576635284E0,-6.155200195E-1,-8.592132568E-1
5.606379367E1,-9.579479370E0,-5.944139099E-1,-8.093669128E-1
5.607383467E1,-9.641899567E0,-6.015989685E-1,-7.961943054E-1
5.608387467E1,-9.710457001E0,-6.123765564E-1,-7.903564453E-1
5.609391567E1,-9.780810699E0,-5.905220032E-1,-8.198451233E-1
5.610395567E1,-9.780062256E0,-5.767506409E-1,-8.675958252E-1
5.611399667E1,-9.781708832E0,-5.803431702E-1,-9.008267212E-1
5.612403667E1,-9.768386536E0,-5.459147644E-1,-9.141490173E-1
5.613407767E1,-9.752519531E0,-5.276527405E-1,-8.666976929E-1
5.614411767E1,-9.737251282E0,-5.517526245E-1,-7.911048889E-1
5.615415867E1,-9.721234589E0,-5.945635986E-1,-7.390132141E-1
5.616419867E1,-9.695488129E0,-6.352789307E-1,-7.454498291E-1
5.617423967E1,-9.652976532E0,-6.499484253E-1,-7.521858215E-1
5.618427967E1,-9.640252991E0,-6.680607605E-1,-7.707472229E-1
5.619432067E1,-9.661957855E0,-6.258485413E-1,-7.676037598E-1
5.620436167E1,-9.683363342E0,-5.748046875E-1,-7.593708801E-1
5.621440167E1,-9.717642059E0,-5.272036743E-1,-7.765850830E-1
5.622444267E1,-9.751771088E0,-4.755610657E-1,-7.972421265E-1
5.623448267E1,-9.741442566E0,-4.843927002E-1,-8.162525940E-1
5.624452367E1,-9.679471436E0,-4.855902100E-1,-8.235873413E-1
5.625456367E1,-9.626331940E0,-4.707710266E-1,-8.372090149E-1
5.626460467E1,-9.617649994E0,-4.870870972E-1,-8.318202209E-1
5.627464467E1,-9.608219604E0,-5.257067871E-1,-8.387059021E-1
5.628468567E1,-9.664203186E0,-5.468128967E-1,-8.458909607E-1
5.629472567E1,-9.712103577E0,-5.643264771E-1,-8.560697937E-1
5.630476667E1,-9.727371826E0,-6.038442993E-1,-8.659492493E-1
5.631480667E1,-9.739197235E0,-6.295907593E-1,-8.704399109E-1
5.632484767E1,-9.757758636E0,-6.348298645E-1,-8.791218567E-1
5.633488767E1,-9.776619415E0,-6.415658569E-1,-8.957373047E-1
5.634492867E1,-9.784702606E0,-6.346801758E-1,-9.129515076E-1
5.635496867E1,-9.762249298E0,-6.200106812E-1,-8.937913513E-1
5.636500967E1,-9.750124512E0,-6.090834045E-1,-8.827143860E-1
5.637504967E1,-9.724677429E0,-5.848338318E-1,-9.068142700E-1
5.638509067E1,-9.701176300E0,-5.926176453E-1,-9.119036865E-1
5.639513067E1,-9.711504822E0,-6.180647278E-1,-9.145980835E-1
5.640517167E1,-9.739346924E0,-6.104306030E-1,-9.126521301E-1
5.641521267E1,-9.766739960E0,-5.661227417E-1,-8.887019348E-1
5.642525267E1,-9.779164124E0,-5.457650757E-1,-8.460406494E-1
5.643529367E1,-9.778415680E0,-5.171745300E-1,-8.352630615E-1
5.644533367E1,-9.787247314E0,-5.101391602E-1,-8.449928284E-1
5.645537467E1,-9.798324280E0,-5.026547241E-1,-8.331674194E-1
5.646541467E1,-9.807455292E0,-5.053491211E-1,-8.756790161E-1
5.647545567E1,-9.766141205E0,-5.475613403E-1,-8.405021667E-1
5.648549567E1,-9.731114044E0,-5.831872559E-1,-7.753875732E-1
5.649553667E1,-9.724527740E0,-6.102809143E-1,-7.126679993E-1
5.650557667E1,-9.736353149E0,-6.063890076E-1,-6.767427063E-1
5.651561767E1,-9.746382294E0,-6.120771790E-1,-7.177574158E-1
5.652565767E1,-9.777367859E0,-6.818321228E-1,-7.455995178E-1
5.653569867E1,-9.798174591E0,-7.173083496E-1,-7.640112305E-1
5.654573879E1,-9.863289185E0,-7.156617737E-1,-7.839198303E-1
5.655577979E1,-9.923913116E0,-6.387217712E-1,-8.235873413E-1
5.656581979E1,-9.946216736E0,-5.053491211E-1,-8.491841125E-1
5.657586079E1,-9.945019226E0,-3.987707520E-1,-8.687933350E-1
5.658590079E1,-9.964478760E0,-3.695814514E-1,-8.575666809E-1
5.659594179E1,-9.968969421E0,-3.803590393E-1,-8.455915833E-1
5.660598179E1,-9.942025452E0,-3.875440979E-1,-8.367599487E-1
5.661602279E1,-9.908195801E0,-4.320016479E-1,-8.113128662E-1
5.662606279E1,-9.877210236E0,-5.399272156E-1,-7.975415039E-1
5.663610379E1,-9.844129028E0,-6.140231323E-1,-7.993377686E-1
5.664614379E1,-9.796228638E0,-7.203021240E-1,-8.372090149E-1
5.665618479E1,-9.747579803E0,-9.382489014E-1,-9.030720520E-1
5.666622479E1,-9.702673187E0,-9.045689392E-1,-9.147477722E-1
5.667626579E1,-9.723479919E0,-6.698570251E-1,-8.650511169E-1
5.668630579E1,-9.806108093E0,-4.707710266E-1,-8.123606873E-1
5.669634679E1,-9.859696655E0,-3.980223083E-1,-7.370672607E-1
5.670638779E1,-9.841584320E0,-4.608915710E-1,-6.497987366E-1
5.671642779E1,-9.796528015E0,-5.951623535E-1,-5.945635986E-1
5.672646879E1,-9.735005951E0,-6.858737183E-1,-5.635780334E-1
5.673650879E1,-9.733808441E0,-7.249424744E-1,-5.637277222E-1
5.674654979E1,-9.789941711E0,-7.092251587E-1,-5.316943359E-1
5.675658979E1,-9.855355682E0,-6.655160522E-1,-5.545967102E-1
5.676663079E1,-9.917027435E0,-5.545967102E-1,-5.909710693E-1
5.677667079E1,-9.894873505E0,-4.364923096E-1,-5.351371765E-1
5.678671179E1,-9.812245331E0,-3.628454590E-1,-4.360432434E-1
5.679675179E1,-9.658664703E0,-2.826123047E-1,-2.401007080E-1
5.680679279E1,-9.485624542E0,-3.074606323E-1,-3.652404785E-2
5.681683279E1,-9.338630219E0,-3.272195435E-1,1.791773987E-1
5.682687379E1,-9.278155975E0,-3.858975220E-1,3.882925415E-1
5.683691379E1,-9.225016479E0,-4.571493530E-1,4.996609497E-1
5.684695479E1,-9.206754456E0,-4.797523499E-1,4.881349182E-1
5.685699479E1,-9.271419983E0,-5.083428955E-1,4.197271729E-1
5.686703579E1,-9.466464386E0,-5.547463989E-1,3.191363525E-1
5.687707579E1,-9.711205444E0,-6.322851562E-1,1.719923401E-1
5.688711679E1,-9.927805023E0,-5.942642212E-1,1.422042847E-2
5.689715679E1,-9.919871521E0,-5.146298218E-1,-7.080276489E-2
5.690719779E1,-9.885892181E0,-5.427713013E-1,-4.505630493E-2
5.691723779E1,-9.798324280E0,-4.930746460E-1,7.379653931E-2
5.692727879E1,-9.673483887E0,-4.155358887E-1,2.484832764E-1
5.693731879E1,-9.537416840E0,-4.320016479E-1,3.890409851E-1
5.694735979E1,-9.419761505E0,-4.971162415E-1,4.938230896E-1
5.695739979E1,-9.371262360E0,-6.015989685E-1,5.174739075E-1
5.696744079E1,-9.385931854E0,-7.132667542E-1,4.691244507E-1
5.697748079E1,-9.473499756E0,-7.979905701E-1,4.309538269E-1
5.698752179E1,-9.632768555E0,-8.150550842E-1,4.716691589E-1
5.699756179E1,-9.747430115E0,-7.586224365E-1,5.111869812E-1
5.700760279E1,-9.778864746E0,-6.738986206E-1,5.474116516E-1
5.701764279E1,-9.703421631E0,-6.574328613E-1,5.866300964E-1
5.702768379E1,-9.590706024E0,-6.903643799E-1,7.515870667E-1
5.703772379E1,-9.454489288E0,-6.590794373E-1,9.412426758E-1
5.704776479E1,-9.370663605E0,-6.568341064E-1,1.109792175E0
5.705780479E1,-9.374405823E0,-6.262976074E-1,1.085692291E0
5.706784579E1,-9.491911469E0,-5.897735596E-1,8.665480042E-1
5.707788679E1,-9.723629608E0,-6.340814209E-1,5.155279541E-1
5.708792679E1,-1.024409729E1,-8.300239563E-1,-8.098159790E-2
5.709796679E1,-9.943073273E0,-5.023553467E-1,5.432203674E-1
5.710800779E1,-9.950408020E0,-4.626878357E-1,5.472619629E-1
5.711804879E1,-9.755513306E0,-3.752696228E-1,7.599696350E-1
5.712808879E1,-9.806856537E0,-4.001179504E-1,5.195695496E-1
5.713812979E1,-9.845476227E0,-4.183799744E-1,3.290158081E-1
5.714816979E1,-9.862391052E0,-3.984713745E-1,1.627116394E-1
5.715821079E1,-9.835896149E0,-3.568579102E-1,9.639953613E-2
5.716825079E1,-9.786648560E0,-3.890409851E-1,1.266366577E-1
5.717829179E1,-9.707912292E0,-4.240681458E-1,1.868115234E-1
5.718833179E1,-9.702373810E0,-4.779560852E-1,2.561174011E-1
5.719837279E1,-9.722432098E0,-5.254074097E-1,2.701881409E-1
5.720841279E1,-9.683213654E0,-3.812571716E-1,2.516267395E-1
5.721845379E1,-9.703870697E0,-2.878514099E-1,2.703378296E-1
5.722849379E1,-9.656868439E0,-2.866539001E-1,4.147874451E-1
5.723853479E1,-9.593999176E0,-2.703378296E-1,4.698728943E-1
5.724857479E1,-9.511520691E0,-2.640509033E-1,4.969665527E-1
5.725861579E1,-9.497000885E0,-2.448907471E-1,4.873864746E-1
5.726865579E1,-9.595795441E0,-2.968327332E-1,4.779560852E-1
5.727869679E1,-9.805209961E0,-3.963757324E-1,3.631448364E-1
5.728873679E1,-1.006402176E1,-1.306782532E-1,3.162922668E-1
5.729877779E1,-1.006207581E1,-3.149450684E-1,1.423539734E-1
5.730881779E1,-9.665550385E0,-3.589535522E-1,2.697390747E-1
5.731885879E1,-9.538764038E0,-3.225791931E-1,3.608995056E-1
5.732889879E1,-9.552535400E0,-3.499722290E-1,7.399113464E-1
5.733893979E1,-9.620344391E0,-6.679110718E-1,9.186396790E-1
5.734897979E1,-9.664951630E0,-6.785389709E-1,8.897497559E-1
5.735902079E1,-9.615105286E0,-5.011578369E-1,7.812254333E-1
5.736906079E1,-9.657766571E0,-4.884342957E-1,8.551716614E-1
5.737910179E1,-9.885592804E0,-5.370831299E-1,9.095086670E-1
5.738914179E1,-1.008961853E1,-6.128256226E-1,1.037791901E0
5.739918279E1,-1.001701950E1,-7.197033691E-1,1.008752289E0
5.740922279E1,-9.780361633E0,-8.328680420E-1,7.996371460E-1
5.741926379E1,-9.537865906E0,-7.185058594E-1,5.450166321E-1
5.742930379E1,-9.492659912E0,-6.523434448E-1,2.993774414E-1
5.743934479E1,-9.883796539E0,-7.156617737E-1,4.152365112E-1
5.744938479E1,-1.021236328E1,-8.219407654E-1,6.209088135E-1
5.745942579E1,-1.019065842E1,-7.229965210E-1,9.648934937E-1
5.746946579E1,-1.005489075E1,-6.836283875E-1,1.240470428E0
5.747950679E1,-9.947713623E0,-7.207511902E-1,1.356179810E0
5.748954679E1,-9.857601013E0,-6.993457031E-1,1.313668213E0
5.749958779E1,-9.605824585E0,-5.929170227E-1,1.343306580E0
5.750962779E1,-9.506880341E0,-4.852908325E-1,1.589544525E0
5.751966879E1,-9.583221588E0,-4.662803650E-1,1.885778503E0
5.752970879E1,-9.602082367E0,-5.722599792E-1,2.030976563E0
5.753974979E1,-9.744436340E0,-7.506889343E-1,2.151475983E0
5.754978942E1,-9.551936646E0,-5.780978394E-1,2.120490417E0
5.755983042E1,-9.457033997E0,-5.215155029E-1,2.196831665E0
5.756987042E1,-9.646390228E0,-4.721182251E-1,2.751128998E0
5.757991142E1,-9.248667297E0,-2.248324585E-1,2.810555420E0
5.758995142E1,-9.237740021E0,-3.263214111E-2,2.920576630E0
5.759999242E1,-9.145531769E0,-1.010398865E-1,3.077899475E0
5.761003242E1,-9.011710052E0,-2.616558838E-1,3.365451508E0
5.762007342E1,-8.977730713E0,-3.025209045E-1,3.638483734E0
5.763011342E1,-8.999585266E0,-3.415896606E-1,3.709136810E0
5.764015442E1,-8.972491608E0,-4.448748779E-1,3.815864868E0
5.765019442E1,-8.829838257E0,-5.230123901E-1,3.908073120E0
5.766023542E1,-8.703800354E0,-4.863386536E-1,4.114942932E0
5.767027542E1,-8.635542297E0,-5.764512634E-1,4.157903595E0
5.768031642E1,-8.654552765E0,-5.138813782E-1,4.157005463E0
5.769035642E1,-8.652756500E0,-4.228706360E-1,4.234843597E0
5.770039742E1,-8.590485992E0,-3.761677551E-1,4.329446869E0
5.771043742E1,-8.426127777E0,-3.472778320E-1,4.313879242E0
5.772047842E1,-8.419391785E0,-3.230282593E-1,4.401896210E0
5.773051842E1,-8.465196533E0,-3.013233948E-1,4.526886292E0
5.774055942E1,-8.466394043E0,-2.835104370E-1,4.560566254E0
5.775059942E1,-8.501121826E0,-2.453398132E-1,4.541705475E0
5.776064042E1,-8.572373657E0,-2.255809021E-1,4.520449677E0
5.777068042E1,-8.502019958E0,-3.350033569E-1,4.474495239E0
5.778072142E1,-8.484506378E0,-2.538720703E-1,4.483626251E0
5.779076142E1,-8.544980621E0,-1.763333130E-1,4.517006836E0
5.780080242E1,-8.570427704E0,-1.613644409E-1,4.543052673E0
5.781084242E1,-8.577912140E0,-1.387614441E-1,4.621788940E0
5.782088342E1,-8.516390076E0,-4.086502075E-2,4.694537659E0
5.783092342E1,-8.502768402E0,-4.834945679E-2,4.805457001E0
5.784096442E1,-8.589587860E0,-1.402583313E-1,4.852608948E0
5.785100442E1,-8.673862610E0,-1.995350647E-1,4.826114044E0
5.786104542E1,-8.649163971E0,-3.001258850E-1,4.735851746E0
5.787108542E1,-8.481961670E0,-3.005749512E-1,4.549938354E0
5.788112642E1,-8.360264740E0,-2.233355713E-1,4.430636444E0
5.789116642E1,-8.422235870E0,-9.954299927E-2,4.268972626E0
5.790120742E1,-8.561446381E0,1.422042847E-2,4.038901062E0
5.791124742E1,-8.541687469E0,1.646575928E-2,4.017495575E0
5.792128842E1,-8.714727631E0,-8.472381592E-2,4.330345001E0
5.793132842E1,-8.745114441E0,-1.251397705E-1,4.364324341E0
5.794136942E1,-8.671617279E0,-2.883004761E-1,4.125870209E0
5.795140942E1,-8.681347046E0,-4.442761230E-1,3.844605103E0
5.796145042E1,-8.698860626E0,-4.543052673E-1,3.713926849E0
5.797149042E1,-8.931177521E0,-5.049000549E-1,4.254602509E0
5.798153142E1,-9.053922272E0,-2.439926147E-1,5.300776978E0
5.799157142E1,-8.673712921E0,-1.190025330E-1,6.151457977E0
5.800161242E1,-8.307574310E0,-1.534309387E-1,6.030060425E0
5.801165242E1,-8.056845703E0,-2.142045593E-1,5.398673401E0
5.802169342E1,-8.040978699E0,-3.034190369E-1,5.042713623E0
5.803173342E1,-8.019573212E0,-4.387376404E-1,5.016368408E0
5.804177442E1,-8.110434265E0,-4.959187317E-1,5.144352264E0
5.805181442E1,-8.198151855E0,-4.715194702E-1,5.097799072E0
5.806185542E1,-8.213120728E0,-4.041595459E-1,5.025798798E0
5.807189542E1,-8.304580536E0,-3.426374817E-1,4.919819183E0
5.808193642E1,-8.468190308E0,-2.832110596E-1,4.877606964E0
5.809197642E1,-8.485404510E0,-2.365081787E-1,5.046306152E0
5.810201742E1,-8.286019135E0,-8.262817383E-2,5.230123901E0
5.811205742E1,-8.162076874E0,6.765930176E-2,5.328469391E0
5.812209842E1,-8.539891205E0,1.437011719E-2,4.840633850E0
5.813213842E1,-8.728199615E0,-1.685494995E-1,4.054468689E0